aeroporto,mese,voli_ritardo_basso,ritardo_medio_dep_basso,ritardo_medio_arr_basso,voli_ritardo_medio,ritardo_medio_dep_medio,ritardo_medio_arr_medio,voli_ritardo_alto,ritardo_medio_dep_alto,ritardo_medio_arr_alto,top_3_cause_ritardo_canc
ABE,1,1375,-5.51,-14.56,150,34.9,32.5,150,241.3,234.03,DELAY_LATE_AIRCRAFT|DELAY_NAS|DELAY_CARRIER
ABE,2,1480,-6.62,-19.57,95,28.53,10.11,70,227.93,217.93,DELAY_CARRIER|DELAY_NAS|DELAY_LATE_AIRCRAFT
ABE,3,1695,-6.19,-18.37,140,30.68,19.89,115,173.43,163.39,DELAY_NAS|DELAY_LATE_AIRCRAFT|DELAY_CARRIER
ABE,4,1515,-6.45,-17.3,145,33.45,27.66,145,258.66,250.38,DELAY_CARRIER|DELAY_LATE_AIRCRAFT|DELAY_NAS
ABE,5,1600,-6.4,-12.5,130,30.08,29.58,195,183.13,177.13,DELAY_LATE_AIRCRAFT|DELAY_NAS|DELAY_CARRIER
ABE,6,1675,-6.85,-16.46,185,26.65,17.22,185,173.24,172.32,DELAY_CARRIER|DELAY_LATE_AIRCRAFT|DELAY_NAS
ABE,7,1400,-6.36,-10.59,205,34.61,30.15,185,138.08,137.08,DELAY_LATE_AIRCRAFT|DELAY_CARRIER|DELAY_NAS
ABE,8,1445,-6.64,-14.06,210,32.02,27.98,135,146.96,144.3,DELAY_LATE_AIRCRAFT|DELAY_CARRIER|DELAY_NAS
ABE,9,1380,-6.86,-15.9,120,38.08,32.88,80,265.06,261.25,DELAY_LATE_AIRCRAFT|DELAY_CARRIER|DELAY_WEATHER
ABE,10,1510,-6.03,-17.9,155,26.23,11.97,90,193.17,183.83,DELAY_LATE_AIRCRAFT|CANC_WEATHER|DELAY_CARRIER
ABE,11,1395,-6.35,-16.63,120,31.62,21.75,70,165.21,152.43,DELAY_LATE_AIRCRAFT|DELAY_CARRIER|DELAY_NAS
ABE,12,1355,-4.88,-12.96,165,31.79,24.58,170,229.03,222.15,DELAY_LATE_AIRCRAFT|DELAY_CARRIER|DELAY_NAS
ABI,1,625,-6.34,-4.06,55,38.91,36.73,65,113.46,123.85,DELAY_LATE_AIRCRAFT|DELAY_NAS|DELAY_WEATHER
ABI,2,660,-6.43,-5.87,40,33.88,33.75,5,99.0,88.0,DELAY_NAS|DELAY_CARRIER|DELAY_LATE_AIRCRAFT
ABI,3,600,-4.21,-6.95,65,24.08,27.08,60,132.67,134.08,DELAY_LATE_AIRCRAFT|DELAY_NAS|DELAY_WEATHER
ABI,4,575,-4.19,-9.9,75,31.47,29.6,60,129.67,126.17,DELAY_LATE_AIRCRAFT|DELAY_WEATHER|DELAY_NAS
ABI,5,465,-2.91,-7.02,130,27.88,25.04,110,190.68,195.59,DELAY_LATE_AIRCRAFT|DELAY_CARRIER|DELAY_WEATHER
ABI,6,560,-4.65,-10.25,90,28.33,25.72,65,116.54,108.77,DELAY_LATE_AIRCRAFT|DELAY_CARRIER|DELAY_NAS
ABI,7,580,-4.23,-8.73,115,30.13,30.87,50,127.0,122.5,DELAY_LATE_AIRCRAFT|DELAY_CARRIER|DELAY_NAS
ABI,8,660,-6.14,-8.8,60,27.25,22.67,10,91.5,89.5,DELAY_LATE_AIRCRAFT|DELAY_CARRIER|DELAY_NAS
ABI,9,620,-5.33,-8.06,70,28.43,23.43,40,108.88,99.12,DELAY_CARRIER|DELAY_LATE_AIRCRAFT|DELAY_NAS
ABI,10,710,-5.69,-12.23,15,32.0,32.0,20,135.5,125.5,DELAY_CARRIER|DELAY_LATE_AIRCRAFT|DELAY_NAS
ABI,11,635,-4.5,-9.21,40,31.12,25.5,30,106.17,105.0,DELAY_WEATHER|DELAY_CARRIER|DELAY_LATE_AIRCRAFT
ABI,12,650,-4.19,-6.19,35,28.71,21.57,60,111.0,117.08,DELAY_LATE_AIRCRAFT|DELAY_CARRIER|DELAY_NAS
ABQ,1,7290,-3.25,-8.49,1000,30.94,26.28,580,137.95,134.59,DELAY_LATE_AIRCRAFT|DELAY_NAS|DELAY_CARRIER
ABQ,2,7005,-2.88,-8.38,780,31.13,28.93,320,156.59,155.88,DELAY_LATE_AIRCRAFT|DELAY_NAS|DELAY_CARRIER
ABQ,3,7570,-2.42,-8.1,1250,31.2,25.83,585,186.95,185.95,DELAY_LATE_AIRCRAFT|DELAY_NAS|DELAY_CARRIER
ABQ,4,7670,-2.33,-8.72,1315,30.96,24.81,465,143.84,142.43,DELAY_LATE_AIRCRAFT|DELAY_CARRIER|DELAY_NAS
ABQ,5,7985,-1.9,-7.44,1605,31.05,25.33,795,161.65,158.31,DELAY_LATE_AIRCRAFT|DELAY_CARRIER|DELAY_NAS
ABQ,6,8090,-2.15,-7.1,1545,30.57,25.68,630,147.6,143.38,DELAY_LATE_AIRCRAFT|DELAY_CARRIER|DELAY_NAS
ABQ,7,7945,-2.11,-7.26,1655,33.08,29.46,840,152.89,150.16,DELAY_LATE_AIRCRAFT|DELAY_CARRIER|DELAY_NAS
ABQ,8,8515,-3.32,-8.27,1170,30.08,27.2,630,143.02,141.08,DELAY_LATE_AIRCRAFT|DELAY_CARRIER|DELAY_NAS
ABQ,9,8715,-3.87,-10.21,1100,28.97,22.79,330,127.7,122.7,DELAY_LATE_AIRCRAFT|DELAY_CARRIER|DELAY_NAS
ABQ,10,10525,-3.07,-8.12,1055,28.39,23.0,375,141.68,137.13,DELAY_LATE_AIRCRAFT|DELAY_CARRIER|DELAY_NAS
ABQ,11,8590,-3.56,-7.27,925,30.1,28.39,355,134.52,133.99,DELAY_LATE_AIRCRAFT|DELAY_NAS|DELAY_CARRIER
ABQ,12,8440,-3.17,-9.33,1115,30.12,23.94,435,159.17,161.71,DELAY_LATE_AIRCRAFT|DELAY_CARRIER|DELAY_NAS
ABR,1,235,-3.34,-14.87,25,27.2,7.8,25,130.8,121.4,DELAY_CARRIER|CANC_WEATHER|DELAY_WEATHER
ABR,2,265,-4.94,-22.42,15,34.0,13.67,10,321.0,304.5,DELAY_CARRIER|DELAY_WEATHER
ABR,3,255,-4.1,-21.47,15,27.0,11.67,35,192.29,171.43,DELAY_CARRIER|DELAY_WEATHER|CANC_WEATHER
ABR,4,280,-5.18,-16.05,5,18.0,-4.0,15,365.67,344.0,DELAY_CARRIER|DELAY_WEATHER
ABR,5,265,-4.53,-10.7,15,39.33,36.0,30,140.5,130.67,DELAY_CARRIER|DELAY_WEATHER
ABR,6,210,-3.38,1.38,55,37.82,49.55,35,307.57,308.71,DELAY_CARRIER|DELAY_WEATHER|DELAY_NAS
ABR,7,245,-1.86,-10.18,30,35.67,32.67,35,132.29,138.29,DELAY_CARRIER|DELAY_NAS|DELAY_WEATHER
ABR,8,250,-3.28,-8.62,30,24.5,35.33,30,235.17,249.33,DELAY_CARRIER|DELAY_WEATHER|DELAY_NAS
ABR,9,285,-5.35,-16.53,0,,,15,140.33,132.33,DELAY_CARRIER
ABR,10,250,-4.54,-16.44,30,42.5,29.67,30,193.5,182.33,DELAY_CARRIER|DELAY_WEATHER
ABR,11,255,-4.59,-11.45,25,25.8,17.2,15,106.0,90.0,DELAY_CARRIER
ABR,12,205,-4.32,-8.1,40,34.12,25.5,50,356.8,348.1,DELAY_CARRIER|DELAY_NAS|CANC_WEATHER
ABY,1,250,-4.44,-10.1,25,26.6,18.6,35,304.86,294.14,DELAY_CARRIER|DELAY_WEATHER
ABY,2,225,-5.71,-7.69,35,27.71,15.57,30,199.33,194.83,DELAY_CARRIER|DELAY_WEATHER
ABY,3,280,-5.43,-9.23,10,43.0,39.0,20,140.5,131.0,DELAY_CARRIER|DELAY_WEATHER
ABY,4,245,-6.27,-3.1,35,35.43,39.0,20,130.25,137.0,DELAY_CARRIER|DELAY_NAS|DELAY_WEATHER
ABY,5,235,-6.02,-3.6,30,39.0,39.83,40,118.75,115.5,DELAY_CARRIER|DELAY_WEATHER|DELAY_NAS
ABY,6,250,-5.74,-6.76,25,45.6,40.0,20,72.0,66.25,DELAY_CARRIER|CANC_WEATHER
ABY,7,190,-5.92,3.29,35,29.43,27.43,65,186.23,188.0,DELAY_CARRIER|DELAY_WEATHER|DELAY_NAS
ABY,8,220,-4.55,-5.86,40,29.5,21.12,45,266.44,261.44,DELAY_CARRIER|CANC_WEATHER|DELAY_WEATHER
ABY,9,240,-6.85,-6.67,30,40.17,41.5,25,101.6,95.8,DELAY_CARRIER|DELAY_WEATHER|CANC_WEATHER
ABY,10,295,-6.73,-8.37,10,55.5,42.5,5,130.0,117.0,DELAY_CARRIER|DELAY_NAS
ABY,11,350,-7.83,-7.17,20,38.0,34.75,15,190.0,195.0,DELAY_CARRIER|DELAY_WEATHER
ABY,12,285,-7.19,-14.26,30,26.17,22.5,75,195.67,193.87,DELAY_CARRIER|DELAY_LATE_AIRCRAFT|DELAY_WEATHER
ACK,5,480,-10.22,-10.72,50,33.4,33.2,70,161.07,162.64,DELAY_LATE_AIRCRAFT|DELAY_NAS|CANC_CARRIER
ACK,6,1300,-8.7,-13.32,165,36.27,39.27,180,175.81,178.14,DELAY_LATE_AIRCRAFT|DELAY_NAS|DELAY_CARRIER
ACK,7,1685,-7.85,-11.22,320,33.41,32.2,255,137.04,140.27,DELAY_LATE_AIRCRAFT|DELAY_NAS|DELAY_CARRIER
ACK,8,1755,-5.75,-7.06,170,36.24,35.0,235,179.66,181.4,DELAY_LATE_AIRCRAFT|DELAY_NAS|CANC_NAS
ACK,9,775,-9.64,-11.55,55,37.55,40.0,40,116.12,114.5,DELAY_LATE_AIRCRAFT|DELAY_NAS|DELAY_CARRIER
ACK,10,335,-9.9,-13.55,20,34.5,28.5,15,168.0,162.0,DELAY_LATE_AIRCRAFT|DELAY_NAS|DELAY_CARRIER
ACT,1,320,-6.52,-8.73,60,36.42,34.25,50,272.8,268.8,DELAY_CARRIER|CANC_WEATHER|DELAY_LATE_AIRCRAFT
ACT,2,400,-4.51,-5.96,15,31.0,36.0,20,82.5,70.25,DELAY_NAS|DELAY_LATE_AIRCRAFT|DELAY_CARRIER
ACT,3,395,-3.11,-2.57,35,29.57,29.43,20,75.25,69.75,DELAY_NAS|DELAY_LATE_AIRCRAFT|CANC_WEATHER
ACT,4,350,-3.81,-3.81,50,33.8,30.7,30,171.83,179.67,DELAY_LATE_AIRCRAFT|DELAY_CARRIER|DELAY_WEATHER
ACT,5,340,-6.18,-5.13,35,34.29,31.14,55,187.64,186.91,DELAY_CARRIER|CANC_WEATHER|DELAY_WEATHER
ACT,6,285,-4.09,-3.67,75,34.27,29.67,85,149.94,150.88,DELAY_LATE_AIRCRAFT|DELAY_CARRIER|DELAY_NAS
ACT,7,370,-6.15,-4.49,40,45.75,41.5,50,139.0,143.3,DELAY_CARRIER|DELAY_NAS|DELAY_WEATHER
ACT,8,375,-4.36,-1.88,55,36.73,40.73,25,103.8,107.4,DELAY_CARRIER|DELAY_LATE_AIRCRAFT|DELAY_NAS
ACT,9,375,-4.89,-5.84,55,27.09,29.64,20,174.75,166.5,DELAY_CARRIER|DELAY_LATE_AIRCRAFT|DELAY_NAS
ACT,10,310,-6.16,-7.42,60,33.58,32.5,90,119.56,115.0,DELAY_CARRIER|DELAY_LATE_AIRCRAFT|DELAY_NAS
ACT,11,365,-5.04,-6.81,35,39.86,36.71,20,157.5,153.75,DELAY_CARRIER|DELAY_LATE_AIRCRAFT|CANC_WEATHER
ACT,12,290,-4.9,-3.4,65,33.46,34.46,80,135.06,136.62,DELAY_CARRIER|DELAY_WEATHER|CANC_WEATHER
ACV,1,570,-5.46,-10.39,80,32.88,27.31,75,195.13,190.33,DELAY_LATE_AIRCRAFT|DELAY_NAS|DELAY_CARRIER
ACV,2,480,-5.95,-5.69,110,37.95,40.18,75,360.0,357.87,DELAY_LATE_AIRCRAFT|DELAY_NAS|DELAY_CARRIER
ACV,3,515,-4.86,-7.82,145,32.1,31.0,65,205.92,202.46,DELAY_NAS|DELAY_LATE_AIRCRAFT|DELAY_CARRIER
ACV,4,470,-4.16,-7.59,70,37.07,48.36,60,146.5,145.58,DELAY_NAS|DELAY_CARRIER|DELAY_LATE_AIRCRAFT
ACV,5,480,-3.8,-7.79,65,29.15,30.23,60,168.17,174.42,DELAY_NAS|DELAY_LATE_AIRCRAFT|DELAY_CARRIER
ACV,6,470,-4.09,-7.82,50,34.3,39.0,45,191.11,185.78,DELAY_CARRIER|DELAY_NAS|DELAY_LATE_AIRCRAFT
ACV,7,595,-4.97,-6.76,55,35.18,38.91,50,332.9,337.8,DELAY_CARRIER|DELAY_NAS|DELAY_LATE_AIRCRAFT
ACV,8,565,-4.06,-4.07,80,28.94,30.62,45,184.44,191.11,DELAY_NAS|DELAY_LATE_AIRCRAFT|CANC_WEATHER
ACV,9,585,-5.4,-11.02,40,34.88,31.38,95,285.79,283.37,DELAY_LATE_AIRCRAFT|DELAY_WEATHER|CANC_WEATHER
ACV,10,735,-5.35,-7.61,55,32.91,30.55,100,234.05,234.8,DELAY_CARRIER|DELAY_LATE_AIRCRAFT|DELAY_WEATHER
ACV,11,675,-5.25,-6.07,80,32.69,29.88,90,105.06,107.11,DELAY_CARRIER|DELAY_LATE_AIRCRAFT|DELAY_NAS
ACV,12,685,-5.77,-6.78,55,32.18,39.91,35,169.57,164.29,DELAY_CARRIER|DELAY_NAS|DELAY_WEATHER
ACY,1,1115,-5.61,-4.85,120,29.38,30.88,45,138.78,134.56,DELAY_NAS|DELAY_LATE_AIRCRAFT|DELAY_CARRIER
ACY,2,1135,-5.04,-11.72,185,34.32,25.43,80,136.0,134.88,DELAY_NAS|DELAY_LATE_AIRCRAFT|DELAY_CARRIER
ACY,3,1060,-4.62,-9.36,355,33.18,31.79,170,156.47,157.5,DELAY_NAS|DELAY_LATE_AIRCRAFT|DELAY_CARRIER
ACY,4,1285,-6.61,-16.86,125,34.48,28.96,75,132.6,130.53,DELAY_NAS|DELAY_CARRIER|DELAY_LATE_AIRCRAFT
ACY,5,1170,-4.97,-11.55,175,30.91,24.94,65,135.54,134.46,DELAY_LATE_AIRCRAFT|DELAY_NAS|DELAY_CARRIER
ACY,6,905,-4.45,-14.98,140,31.46,23.14,145,135.41,129.86,DELAY_NAS|DELAY_CARRIER|DELAY_LATE_AIRCRAFT
ACY,7,830,-3.42,-13.07,185,35.84,27.49,85,181.18,171.47,DELAY_LATE_AIRCRAFT|DELAY_NAS|DELAY_CARRIER
ACY,8,1025,-3.63,-9.22,190,31.47,27.79,135,137.96,136.0,DELAY_NAS|DELAY_LATE_AIRCRAFT|DELAY_CARRIER
ACY,9,840,-5.68,-13.92,80,28.94,23.38,40,114.0,113.75,DELAY_LATE_AIRCRAFT|DELAY_NAS|DELAY_CARRIER
ACY,10,920,-5.67,-15.45,65,37.62,27.46,30,112.5,97.83,DELAY_LATE_AIRCRAFT|CANC_WEATHER|DELAY_CARRIER
ACY,11,1085,-7.74,-21.13,80,34.38,20.25,30,196.5,179.17,DELAY_LATE_AIRCRAFT|DELAY_NAS|DELAY_CARRIER
ACY,12,735,-6.25,-15.26,125,31.6,23.76,85,98.94,89.29,DELAY_NAS|DELAY_CARRIER|DELAY_LATE_AIRCRAFT
ADK,1,20,-18.25,-10.75,10,29.5,42.0,0,,,CANC_WEATHER|DELAY_SECURITY
ADK,2,35,-42.14,-39.71,0,,,0,,,CANC_WEATHER
ADK,3,40,-42.88,-40.62,0,,,5,103.0,103.0,DELAY_LATE_AIRCRAFT
ADK,4,25,-22.0,-26.4,5,58.0,53.0,5,225.0,217.0,DELAY_LATE_AIRCRAFT|CANC_WEATHER
ADK,5,35,-33.43,-42.57,10,22.0,17.0,0,,,DELAY_LATE_AIRCRAFT|DELAY_SECURITY
ADK,6,40,-22.75,-18.25,0,,,0,,,CANC_WEATHER
ADK,7,35,-7.0,-9.43,10,37.5,36.5,0,,,DELAY_LATE_AIRCRAFT|DELAY_SECURITY
ADK,8,30,1.17,-0.67,10,49.0,33.5,5,170.0,135.0,DELAY_SECURITY|DELAY_LATE_AIRCRAFT
ADK,9,25,-0.8,-7.6,10,31.0,16.5,5,70.0,73.0,DELAY_LATE_AIRCRAFT|DELAY_SECURITY
ADK,10,35,-14.86,-18.14,5,29.0,16.0,0,,,CANC_WEATHER|DELAY_CARRIER
ADK,11,35,-13.43,-5.0,0,,,5,61.0,73.0,CANC_WEATHER|DELAY_LATE_AIRCRAFT
ADK,12,40,-19.38,-15.62,0,,,0,,,DELAY_NAS
ADQ,1,185,-13.78,-16.86,40,30.62,27.75,40,92.38,83.75,DELAY_LATE_AIRCRAFT|DELAY_CARRIER|CANC_WEATHER
ADQ,2,250,-10.08,-13.96,25,33.8,28.6,15,134.33,126.33,DELAY_LATE_AIRCRAFT|DELAY_NAS|DELAY_WEATHER
ADQ,3,235,-11.47,-14.83,35,26.86,22.43,25,164.0,161.8,DELAY_LATE_AIRCRAFT|CANC_CARRIER|DELAY_CARRIER
ADQ,4,230,-11.63,-15.59,40,39.38,33.5,10,168.5,165.0,DELAY_CARRIER|DELAY_LATE_AIRCRAFT|CANC_CARRIER
ADQ,5,330,-9.06,-10.79,20,42.0,40.25,10,62.5,52.5,DELAY_LATE_AIRCRAFT|DELAY_CARRIER
ADQ,6,330,-12.14,-11.8,25,36.2,31.8,10,76.5,74.5,DELAY_LATE_AIRCRAFT|CANC_WEATHER|DELAY_CARRIER
ADQ,7,330,-7.03,-6.95,30,24.67,19.0,30,210.0,212.0,DELAY_CARRIER|DELAY_LATE_AIRCRAFT|DELAY_NAS
ADQ,8,365,-8.38,-8.67,40,27.38,24.25,15,100.0,100.0,DELAY_LATE_AIRCRAFT|DELAY_SECURITY|CANC_CARRIER
ADQ,9,430,-12.55,-11.38,15,43.0,47.67,5,87.0,89.0,DELAY_NAS|DELAY_LATE_AIRCRAFT|DELAY_WEATHER
ADQ,10,255,-5.84,-7.24,35,31.43,32.29,15,130.33,131.67,DELAY_LATE_AIRCRAFT|DELAY_CARRIER|CANC_WEATHER
ADQ,11,205,-4.68,-2.56,65,27.46,28.31,15,358.67,357.33,DELAY_LATE_AIRCRAFT|DELAY_WEATHER|DELAY_CARRIER
ADQ,12,260,-7.15,-9.4,15,30.0,29.67,15,169.67,174.67,DELAY_LATE_AIRCRAFT|DELAY_NAS|CANC_WEATHER
AEX,1,575,-4.9,-4.79,80,38.5,32.44,80,249.38,259.19,DELAY_CARRIER|DELAY_NAS|DELAY_LATE_AIRCRAFT
AEX,2,645,-6.29,-10.56,40,33.62,37.75,30,239.67,234.67,DELAY_CARRIER|DELAY_LATE_AIRCRAFT|DELAY_NAS
AEX,3,685,-4.73,-10.62,35,34.86,41.43,40,165.25,153.88,DELAY_CARRIER|DELAY_WEATHER|DELAY_LATE_AIRCRAFT
AEX,4,595,-5.61,-8.5,50,35.1,33.8,90,266.72,284.56,DELAY_WEATHER|DELAY_CARRIER|DELAY_LATE_AIRCRAFT
AEX,5,585,-4.56,-5.96,45,27.56,33.67,115,169.96,166.96,DELAY_CARRIER|DELAY_WEATHER|CANC_WEATHER
AEX,6,720,-4.78,-10.49,55,26.18,17.18,60,223.17,227.17,DELAY_CARRIER|DELAY_NAS|DELAY_LATE_AIRCRAFT
AEX,7,645,-4.72,-9.82,95,29.95,25.21,115,217.39,214.74,DELAY_CARRIER|DELAY_WEATHER|DELAY_LATE_AIRCRAFT
AEX,8,770,-5.45,-12.08,35,29.14,24.71,75,158.0,148.2,DELAY_CARRIER|DELAY_LATE_AIRCRAFT|DELAY_NAS
AEX,9,700,-4.26,-8.0,80,29.94,29.88,75,165.2,160.87,DELAY_CARRIER|DELAY_LATE_AIRCRAFT|DELAY_NAS
AEX,10,705,-6.7,-15.45,70,34.14,26.5,105,176.19,163.81,DELAY_CARRIER|DELAY_LATE_AIRCRAFT|DELAY_WEATHER
AEX,11,700,-5.64,-11.46,60,28.5,20.17,75,172.73,165.6,DELAY_CARRIER|DELAY_LATE_AIRCRAFT|DELAY_NAS
AEX,12,710,-4.39,-11.08,85,31.18,32.76,30,274.33,262.0,DELAY_NAS|DELAY_CARRIER|DELAY_LATE_AIRCRAFT
AGS,1,825,-2.61,-7.24,160,29.97,29.0,235,178.3,173.43,DELAY_CARRIER|DELAY_LATE_AIRCRAFT|DELAY_NAS
AGS,2,975,-3.47,-13.11,120,30.96,21.92,100,144.1,134.65,DELAY_CARRIER|DELAY_WEATHER|DELAY_LATE_AIRCRAFT
AGS,3,1065,-3.82,-8.38,85,28.0,26.82,95,176.74,170.47,DELAY_CARRIER|DELAY_LATE_AIRCRAFT|DELAY_NAS
AGS,4,1885,-3.01,-5.85,370,30.93,27.65,160,100.84,101.16,DELAY_LATE_AIRCRAFT|DELAY_CARRIER|DELAY_NAS
AGS,5,1230,-3.72,-7.45,140,33.0,30.68,160,177.59,177.41,DELAY_LATE_AIRCRAFT|DELAY_CARRIER|DELAY_NAS
AGS,6,1585,-4.76,-9.42,145,28.45,23.38,105,127.38,124.81,DELAY_NAS|DELAY_LATE_AIRCRAFT|DELAY_CARRIER
AGS,7,1315,-3.56,-5.45,195,33.69,27.31,300,171.17,171.05,DELAY_LATE_AIRCRAFT|DELAY_NAS|DELAY_CARRIER
AGS,8,1470,-4.68,-8.57,160,33.53,26.81,130,183.58,177.15,DELAY_LATE_AIRCRAFT|DELAY_CARRIER|DELAY_NAS
AGS,9,1525,-4.67,-7.42,145,33.21,34.0,195,222.56,220.33,CANC_WEATHER|DELAY_LATE_AIRCRAFT|DELAY_CARRIER
AGS,10,1320,-3.77,-8.66,160,28.94,23.97,225,204.67,204.84,DELAY_WEATHER|DELAY_CARRIER|DELAY_LATE_AIRCRAFT
AGS,11,1410,-2.89,-7.2,135,24.41,21.33,70,134.36,130.64,DELAY_NAS|DELAY_CARRIER|DELAY_LATE_AIRCRAFT
AGS,12,1070,-1.4,-7.24,195,30.92,23.69,185,189.54,182.05,DELAY_CARRIER|DELAY_NAS|DELAY_LATE_AIRCRAFT
AKN,4,35,-28.0,-27.0,0,,,0,,,N/D
AKN,5,95,-16.0,-15.11,10,25.0,13.0,0,,,CANC_CARRIER|DELAY_LATE_AIRCRAFT|DELAY_NAS
AKN,6,170,-11.91,-8.59,10,23.0,24.5,0,,,DELAY_NAS|DELAY_LATE_AIRCRAFT
AKN,7,190,-6.18,-0.29,30,33.33,41.5,10,80.0,81.0,DELAY_LATE_AIRCRAFT|DELAY_SECURITY|DELAY_NAS
AKN,8,155,-11.74,-9.48,30,18.33,20.33,0,,,DELAY_LATE_AIRCRAFT|DELAY_NAS|DELAY_CARRIER
AKN,9,120,-15.67,-12.21,30,31.83,30.0,0,,,DELAY_LATE_AIRCRAFT|DELAY_SECURITY
ALB,1,3325,-3.58,-9.59,550,28.14,28.25,305,139.36,143.87,DELAY_NAS|DELAY_LATE_AIRCRAFT|DELAY_CARRIER
ALB,2,3825,-3.64,-16.75,400,29.84,18.65,175,143.74,134.97,DELAY_LATE_AIRCRAFT|DELAY_NAS|DELAY_CARRIER
ALB,3,4045,-3.01,-11.75,640,30.62,25.06,340,178.04,180.82,DELAY_LATE_AIRCRAFT|DELAY_NAS|DELAY_CARRIER
ALB,4,4135,-3.81,-11.08,560,29.99,23.83,290,246.76,242.57,DELAY_LATE_AIRCRAFT|DELAY_NAS|DELAY_CARRIER
ALB,5,3990,-3.59,-9.99,685,30.73,22.43,360,135.88,131.26,DELAY_LATE_AIRCRAFT|DELAY_NAS|DELAY_CARRIER
ALB,6,3995,-3.58,-9.84,670,31.23,23.08,415,174.82,172.11,DELAY_LATE_AIRCRAFT|DELAY_NAS|DELAY_CARRIER
ALB,7,3560,-2.56,-6.88,800,32.92,30.29,705,159.25,162.76,DELAY_LATE_AIRCRAFT|DELAY_CARRIER|DELAY_NAS
ALB,8,4025,-2.82,-7.68,755,30.22,29.71,505,170.47,172.08,DELAY_LATE_AIRCRAFT|DELAY_NAS|DELAY_CARRIER
ALB,9,4585,-4.96,-10.52,475,29.71,24.32,160,230.19,227.03,DELAY_LATE_AIRCRAFT|DELAY_CARRIER|DELAY_NAS
ALB,10,4640,-4.1,-12.65,590,27.42,16.56,145,177.41,168.86,DELAY_CARRIER|DELAY_LATE_AIRCRAFT|DELAY_NAS
ALB,11,4235,-4.39,-15.36,345,28.45,17.78,165,206.18,193.27,DELAY_LATE_AIRCRAFT|DELAY_CARRIER|DELAY_NAS
ALB,12,3665,-2.86,-8.12,705,31.92,25.6,490,203.65,199.54,DELAY_LATE_AIRCRAFT|DELAY_NAS|DELAY_CARRIER
ALW,1,210,-5.07,6.52,15,39.0,47.0,20,172.25,187.25,CANC_WEATHER|DELAY_CARRIER|DELAY_LATE_AIRCRAFT
ALW,2,260,-6.77,-0.15,5,49.0,75.0,10,96.0,95.0,DELAY_NAS|CANC_WEATHER|DELAY_LATE_AIRCRAFT
ALW,3,300,-7.17,-4.13,5,44.0,44.0,5,63.0,80.0,DELAY_CARRIER|DELAY_LATE_AIRCRAFT|DELAY_WEATHER
ALW,4,295,-6.41,-4.75,0,,,5,78.0,74.0,DELAY_CARRIER|DELAY_LATE_AIRCRAFT
ALW,5,285,-5.23,-6.0,15,20.67,20.67,0,,,DELAY_CARRIER|DELAY_LATE_AIRCRAFT
ALW,6,260,-3.56,-3.94,15,37.33,33.33,20,92.0,95.5,DELAY_LATE_AIRCRAFT|DELAY_CARRIER|DELAY_NAS
ALW,7,250,-3.84,-5.88,50,24.9,25.2,0,,,DELAY_LATE_AIRCRAFT|DELAY_CARRIER|DELAY_NAS
ALW,8,265,-6.13,-5.77,30,28.17,31.83,10,94.0,102.5,DELAY_LATE_AIRCRAFT|DELAY_NAS|CANC_CARRIER
ALW,9,260,-5.92,-1.92,30,37.17,44.0,10,91.0,90.5,DELAY_LATE_AIRCRAFT|DELAY_NAS|DELAY_CARRIER
AMA,1,1540,-4.44,-6.51,200,31.1,30.95,150,173.9,168.53,DELAY_LATE_AIRCRAFT|DELAY_NAS|CANC_WEATHER
AMA,2,1765,-5.73,-10.17,145,32.83,31.48,45,104.44,91.0,DELAY_NAS|DELAY_CARRIER|DELAY_LATE_AIRCRAFT
AMA,3,1825,-5.33,-9.15,165,33.12,32.15,120,139.46,139.29,DELAY_LATE_AIRCRAFT|DELAY_NAS|DELAY_CARRIER
AMA,4,1535,-4.29,-8.45,145,33.1,30.28,130,147.38,155.54,DELAY_LATE_AIRCRAFT|DELAY_NAS|DELAY_CARRIER
AMA,5,1465,-3.78,-7.64,285,34.37,32.4,245,156.02,158.06,DELAY_LATE_AIRCRAFT|DELAY_NAS|DELAY_CARRIER
AMA,6,1705,-3.98,-9.09,300,30.65,27.45,195,179.9,177.28,DELAY_LATE_AIRCRAFT|DELAY_CARRIER|DELAY_NAS
AMA,7,1810,-3.71,-8.17,355,33.72,29.18,150,140.8,137.27,DELAY_LATE_AIRCRAFT|DELAY_CARRIER|DELAY_NAS
AMA,8,1910,-5.19,-9.28,250,34.28,32.46,130,150.12,145.69,DELAY_LATE_AIRCRAFT|DELAY_CARRIER|DELAY_NAS
AMA,9,1875,-4.8,-5.73,145,32.45,33.83,105,125.33,126.38,DELAY_LATE_AIRCRAFT|DELAY_NAS|DELAY_CARRIER
AMA,10,2030,-4.73,-8.86,210,33.93,28.1,65,140.0,129.85,DELAY_LATE_AIRCRAFT|DELAY_NAS|DELAY_CARRIER
AMA,11,1705,-4.02,-8.64,175,31.54,26.89,100,153.35,149.65,DELAY_NAS|DELAY_LATE_AIRCRAFT|DELAY_CARRIER
AMA,12,1750,-4.07,-10.4,165,34.27,25.15,150,160.9,161.47,DELAY_LATE_AIRCRAFT|DELAY_CARRIER|DELAY_NAS
ANC,1,3800,-3.81,-8.69,815,32.78,25.76,500,135.32,135.0,DELAY_LATE_AIRCRAFT|CANC_CARRIER|DELAY_CARRIER
ANC,2,4620,-5.69,-8.22,480,29.7,24.05,205,211.41,207.12,DELAY_NAS|DELAY_CARRIER|DELAY_LATE_AIRCRAFT
ANC,3,5280,-5.26,-9.61,755,30.79,24.66,380,140.8,137.07,DELAY_LATE_AIRCRAFT|DELAY_CARRIER|DELAY_NAS
ANC,4,5460,-6.53,-12.04,740,32.71,25.11,315,114.65,105.98,DELAY_LATE_AIRCRAFT|DELAY_CARRIER|DELAY_NAS
ANC,5,7360,-5.76,-11.57,940,32.59,22.8,270,144.11,133.57,DELAY_LATE_AIRCRAFT|DELAY_CARRIER|DELAY_NAS
ANC,6,8970,-5.17,-7.69,1190,30.0,25.93,350,150.31,147.54,DELAY_CARRIER|DELAY_LATE_AIRCRAFT|DELAY_NAS
ANC,7,8805,-3.23,-6.42,1885,30.96,26.4,545,178.06,176.04,DELAY_CARRIER|DELAY_LATE_AIRCRAFT|DELAY_NAS
ANC,8,8925,-3.42,-8.35,1645,29.22,23.11,425,181.99,175.88,DELAY_LATE_AIRCRAFT|DELAY_CARRIER|DELAY_NAS
ANC,9,7295,-4.67,-9.32,800,28.11,20.38,225,149.91,139.56,DELAY_CARRIER|DELAY_LATE_AIRCRAFT|DELAY_NAS
ANC,10,5765,-5.5,-9.44,530,27.79,28.54,275,159.73,160.49,DELAY_NAS|DELAY_CARRIER|DELAY_LATE_AIRCRAFT
ANC,11,5095,-5.49,-9.73,505,31.77,24.58,130,97.35,89.85,DELAY_CARRIER|DELAY_LATE_AIRCRAFT|DELAY_NAS
ANC,12,4930,-4.24,-9.32,635,28.39,22.78,210,167.6,159.83,DELAY_LATE_AIRCRAFT|DELAY_CARRIER|DELAY_NAS
APN,1,135,-7.81,-12.33,15,45.0,37.0,40,178.25,165.38,CANC_WEATHER|DELAY_CARRIER|DELAY_WEATHER
APN,2,210,-10.4,-22.71,5,40.0,56.0,35,113.57,104.29,DELAY_CARRIER|DELAY_WEATHER
APN,3,250,-8.28,-17.06,5,19.0,1.0,15,345.33,328.0,DELAY_WEATHER|DELAY_CARRIER|DELAY_SECURITY
APN,4,220,-8.73,-15.39,5,38.0,42.0,25,210.0,205.2,DELAY_CARRIER|DELAY_WEATHER|CANC_WEATHER
APN,5,215,-8.35,-12.4,25,30.8,25.8,25,154.4,153.8,DELAY_CARRIER|DELAY_WEATHER|DELAY_NAS
APN,6,195,-7.28,-10.36,10,42.5,34.5,45,245.89,238.89,DELAY_CARRIER|DELAY_WEATHER|CANC_WEATHER
APN,7,200,-5.15,-9.88,20,47.0,40.5,30,145.67,140.0,DELAY_CARRIER|CANC_WEATHER|DELAY_NAS
APN,8,215,-8.05,-14.28,10,48.0,34.5,45,139.11,135.22,DELAY_CARRIER|DELAY_NAS|DELAY_WEATHER
APN,9,225,-8.87,-14.98,20,38.25,33.5,20,143.25,138.25,DELAY_CARRIER|DELAY_WEATHER
APN,10,235,-9.68,-16.68,5,16.0,5.0,20,149.0,144.75,DELAY_CARRIER|DELAY_NAS
APN,11,235,-7.49,-14.32,15,27.0,35.67,15,143.33,131.0,DELAY_CARRIER|DELAY_NAS
APN,12,170,-6.62,-10.0,50,37.8,32.1,40,179.75,178.25,DELAY_CARRIER|CANC_WEATHER|DELAY_WEATHER
ASE,1,2750,-3.68,-11.93,920,32.97,25.74,645,180.81,173.84,CANC_WEATHER|DELAY_LATE_AIRCRAFT|DELAY_NAS
ASE,2,2425,-4.3,-12.41,875,31.81,24.66,825,157.92,151.67,DELAY_CARRIER|DELAY_LATE_AIRCRAFT|CANC_WEATHER
ASE,3,2715,-4.74,-11.6,955,34.31,26.97,915,161.83,159.9,CANC_WEATHER|DELAY_WEATHER|DELAY_LATE_AIRCRAFT
ASE,4,1750,-5.01,-9.13,290,35.14,31.17,190,209.53,209.39,DELAY_CARRIER|CANC_WEATHER|DELAY_LATE_AIRCRAFT
ASE,5,665,-7.01,-11.48,140,31.86,24.61,180,154.14,149.11,DELAY_CARRIER|DELAY_LATE_AIRCRAFT|DELAY_WEATHER
ASE,6,2445,-6.12,-9.51,380,34.04,31.71,360,156.22,153.92,DELAY_CARRIER|DELAY_WEATHER|DELAY_LATE_AIRCRAFT
ASE,7,2730,-5.77,-9.43,430,32.65,31.24,310,190.74,192.42,DELAY_CARRIER|DELAY_NAS|DELAY_LATE_AIRCRAFT
ASE,8,2320,-5.3,-7.67,500,33.6,30.95,385,146.91,146.21,DELAY_CARRIER|DELAY_LATE_AIRCRAFT|DELAY_NAS
ASE,9,2025,-6.58,-12.33,295,34.12,30.34,365,148.52,146.74,DELAY_CARRIER|DELAY_LATE_AIRCRAFT|DELAY_WEATHER
ASE,10,2095,-7.27,-13.09,205,33.2,26.76,165,149.27,143.64,DELAY_CARRIER|DELAY_LATE_AIRCRAFT|DELAY_NAS
ASE,11,1400,-7.6,-13.34,195,34.33,36.21,220,147.5,147.93,CANC_WEATHER|DELAY_CARRIER|DELAY_WEATHER
ASE,12,2150,-5.45,-15.35,585,35.37,29.18,735,202.56,201.14,DELAY_CARRIER|DELAY_LATE_AIRCRAFT|CANC_WEATHER
ATL,1,102910,-1.79,-7.01,18610,31.38,26.49,8295,143.36,140.91,DELAY_CARRIER|DELAY_LATE_AIRCRAFT|DELAY_NAS
ATL,2,108975,-2.56,-7.0,11515,29.5,24.63,3260,134.75,129.71,DELAY_CARRIER|DELAY_NAS|DELAY_LATE_AIRCRAFT
ATL,3,114905,-1.76,-6.54,19765,30.99,26.29,7015,126.27,123.99,DELAY_CARRIER|DELAY_LATE_AIRCRAFT|DELAY_NAS
ATL,4,116470,-1.79,-4.89,18190,30.8,27.22,6835,132.53,131.72,DELAY_CARRIER|DELAY_LATE_AIRCRAFT|DELAY_NAS
ATL,5,110560,-1.06,-3.08,24445,31.52,31.21,12960,131.58,133.45,DELAY_CARRIER|DELAY_LATE_AIRCRAFT|DELAY_NAS
ATL,6,114955,-1.66,-6.76,22060,30.71,25.82,8645,134.92,130.83,DELAY_CARRIER|DELAY_LATE_AIRCRAFT|DELAY_NAS
ATL,7,90195,-1.23,-4.48,27690,33.13,32.58,23090,152.51,152.44,DELAY_CARRIER|DELAY_LATE_AIRCRAFT|DELAY_NAS
ATL,8,115635,-2.48,-7.49,19960,31.68,27.32,9830,137.46,134.02,DELAY_CARRIER|DELAY_LATE_AIRCRAFT|DELAY_NAS
ATL,9,118090,-2.85,-7.49,15650,31.22,27.08,6095,140.17,136.23,DELAY_CARRIER|DELAY_LATE_AIRCRAFT|DELAY_NAS
ATL,10,130340,-2.96,-8.51,13720,29.51,22.84,3665,130.66,124.67,DELAY_CARRIER|DELAY_LATE_AIRCRAFT|DELAY_NAS
ATL,11,121095,-3.01,-7.39,14405,30.0,25.36,4195,125.7,123.7,DELAY_CARRIER|DELAY_NAS|DELAY_LATE_AIRCRAFT
ATL,12,111710,-1.53,-6.34,23600,31.08,26.4,8975,131.54,127.92,DELAY_CARRIER|DELAY_LATE_AIRCRAFT|DELAY_NAS
ATW,1,1645,-3.18,-9.01,220,32.59,27.36,305,201.11,192.0,DELAY_CARRIER|DELAY_NAS|CANC_WEATHER
ATW,2,1840,-6.26,-15.23,130,34.5,26.92,190,264.55,251.55,DELAY_CARRIER|DELAY_NAS|DELAY_WEATHER
ATW,3,2235,-5.57,-13.97,235,29.7,26.34,165,216.61,209.33,DELAY_CARRIER|DELAY_NAS|DELAY_LATE_AIRCRAFT
ATW,4,2190,-6.55,-12.17,170,33.44,23.82,180,339.33,344.94,DELAY_CARRIER|DELAY_LATE_AIRCRAFT|DELAY_NAS
ATW,5,2140,-5.44,-10.91,235,34.11,32.19,250,177.12,173.92,DELAY_CARRIER|DELAY_LATE_AIRCRAFT|DELAY_NAS
ATW,6,1975,-5.56,-8.07,265,32.02,32.6,320,173.81,173.19,DELAY_CARRIER|DELAY_NAS|DELAY_LATE_AIRCRAFT
ATW,7,2095,-4.97,-6.86,280,32.88,33.02,215,128.23,132.91,DELAY_CARRIER|DELAY_NAS|DELAY_LATE_AIRCRAFT
ATW,8,2055,-5.41,-8.22,185,34.27,30.22,260,157.46,154.27,DELAY_CARRIER|DELAY_NAS|DELAY_LATE_AIRCRAFT
ATW,9,2140,-6.32,-12.09,235,35.51,30.51,175,121.2,116.34,DELAY_CARRIER|DELAY_LATE_AIRCRAFT|DELAY_NAS
ATW,10,2475,-5.93,-12.76,145,32.97,23.79,165,145.45,134.36,DELAY_CARRIER|DELAY_LATE_AIRCRAFT|DELAY_NAS
ATW,11,2295,-5.32,-10.78,230,33.22,27.28,220,167.59,162.43,DELAY_CARRIER|DELAY_WEATHER|DELAY_LATE_AIRCRAFT
ATW,12,2120,-3.78,-6.97,310,32.56,32.61,380,187.43,184.59,DELAY_CARRIER|CANC_WEATHER|DELAY_NAS
AUS,1,24135,-2.28,-7.14,5510,30.58,26.0,2635,159.03,157.59,DELAY_LATE_AIRCRAFT|DELAY_CARRIER|DELAY_NAS
AUS,2,25095,-3.23,-6.89,3035,29.4,24.81,1090,152.41,148.46,DELAY_LATE_AIRCRAFT|DELAY_NAS|DELAY_CARRIER
AUS,3,27070,-2.2,-7.67,5705,31.03,25.57,2650,137.26,133.52,DELAY_LATE_AIRCRAFT|DELAY_NAS|DELAY_CARRIER
AUS,4,27825,-1.86,-7.86,5945,30.51,25.33,2495,154.65,151.27,DELAY_LATE_AIRCRAFT|DELAY_CARRIER|DELAY_NAS
AUS,5,25085,-0.47,-4.91,8090,32.16,29.41,5275,171.11,169.85,DELAY_LATE_AIRCRAFT|DELAY_CARRIER|DELAY_NAS
AUS,6,26705,-0.96,-6.28,7260,31.46,25.42,3430,154.81,149.04,DELAY_LATE_AIRCRAFT|DELAY_CARRIER|DELAY_NAS
AUS,7,25125,-1.25,-7.17,8040,31.86,26.35,4705,155.61,150.54,DELAY_LATE_AIRCRAFT|DELAY_CARRIER|DELAY_NAS
AUS,8,28440,-3.26,-10.42,4495,31.38,25.22,2415,170.67,163.47,DELAY_LATE_AIRCRAFT|DELAY_CARRIER|DELAY_NAS
AUS,9,29375,-3.3,-8.57,3455,29.71,24.13,1100,167.03,161.41,DELAY_LATE_AIRCRAFT|DELAY_CARRIER|DELAY_NAS
AUS,10,31625,-2.89,-8.59,3775,29.89,23.99,1305,156.93,151.54,DELAY_LATE_AIRCRAFT|DELAY_CARRIER|DELAY_NAS
AUS,11,28935,-2.67,-8.69,3665,29.92,23.69,1530,149.48,146.03,DELAY_LATE_AIRCRAFT|DELAY_NAS|DELAY_CARRIER
AUS,12,26890,-2.08,-8.9,4995,31.17,24.24,2575,152.53,149.06,DELAY_LATE_AIRCRAFT|DELAY_CARRIER|DELAY_NAS
AVL,1,3310,-4.77,-10.41,560,30.64,28.46,315,154.03,148.29,DELAY_LATE_AIRCRAFT|DELAY_NAS|DELAY_CARRIER
AVL,2,3385,-5.57,-10.6,225,29.8,25.13,125,267.72,265.0,DELAY_NAS|DELAY_LATE_AIRCRAFT|DELAY_CARRIER
AVL,3,3570,-4.3,-9.57,450,32.16,25.66,255,172.96,171.98,DELAY_NAS|DELAY_LATE_AIRCRAFT|DELAY_CARRIER
AVL,4,4060,-4.79,-8.17,625,31.74,26.2,295,158.14,155.42,DELAY_LATE_AIRCRAFT|DELAY_NAS|DELAY_CARRIER
AVL,5,4075,-3.24,-6.63,895,31.22,28.31,585,178.71,181.35,DELAY_LATE_AIRCRAFT|DELAY_NAS|DELAY_CARRIER
AVL,6,3990,-1.93,-6.97,1145,30.49,26.48,665,156.04,155.86,DELAY_LATE_AIRCRAFT|DELAY_CARRIER|DELAY_NAS
AVL,7,3790,-2.18,-5.97,1165,32.65,31.21,955,168.83,169.01,DELAY_LATE_AIRCRAFT|DELAY_CARRIER|DELAY_NAS
AVL,8,4060,-4.0,-8.19,1050,31.91,31.02,635,156.99,158.98,DELAY_LATE_AIRCRAFT|DELAY_NAS|DELAY_CARRIER
AVL,9,3965,-3.21,-8.24,725,28.61,22.76,355,200.25,194.17,CANC_WEATHER|DELAY_LATE_AIRCRAFT|DELAY_NAS
AVL,10,4275,-8.01,-12.92,440,31.89,25.91,315,189.37,179.32,DELAY_LATE_AIRCRAFT|DELAY_NAS|DELAY_CARRIER
AVL,11,3670,-5.49,-10.51,375,32.15,26.97,210,196.0,185.52,DELAY_NAS|DELAY_LATE_AIRCRAFT|DELAY_CARRIER
AVL,12,2835,-3.38,-10.23,570,31.81,23.98,350,154.73,146.97,DELAY_LATE_AIRCRAFT|DELAY_CARRIER|DELAY_NAS
AVP,1,480,-4.25,-14.94,35,37.29,35.86,105,286.9,277.57,DELAY_LATE_AIRCRAFT|DELAY_CARRIER|DELAY_NAS
AVP,2,520,-4.17,-17.78,40,28.38,7.62,45,220.56,201.78,DELAY_LATE_AIRCRAFT|DELAY_CARRIER|DELAY_NAS
AVP,3,495,-5.33,-12.38,55,28.36,20.18,35,204.86,187.14,DELAY_CARRIER|DELAY_LATE_AIRCRAFT|DELAY_NAS
AVP,4,345,-4.25,-14.25,60,39.08,41.92,55,158.18,149.18,DELAY_LATE_AIRCRAFT|DELAY_CARRIER|DELAY_NAS
AVP,5,440,-2.15,-6.99,135,31.7,25.41,130,174.69,181.08,DELAY_LATE_AIRCRAFT|DELAY_CARRIER|DELAY_NAS
AVP,6,560,-4.42,-12.12,105,33.05,22.24,60,111.0,109.42,DELAY_LATE_AIRCRAFT|DELAY_CARRIER|DELAY_NAS
AVP,7,520,-2.99,-8.53,90,27.39,27.72,100,241.2,237.15,DELAY_LATE_AIRCRAFT|DELAY_NAS|DELAY_CARRIER
AVP,8,505,-4.42,-4.94,115,33.78,48.09,85,173.06,172.18,DELAY_LATE_AIRCRAFT|DELAY_NAS|DELAY_CARRIER
AVP,9,530,-5.5,-12.26,30,27.83,40.0,60,262.17,256.67,DELAY_LATE_AIRCRAFT|DELAY_NAS|DELAY_CARRIER
AVP,10,630,-5.03,-11.55,30,33.0,41.5,25,92.2,91.0,DELAY_NAS|DELAY_CARRIER|DELAY_LATE_AIRCRAFT
AVP,11,615,-4.64,-11.41,65,31.69,22.31,30,227.0,230.5,DELAY_LATE_AIRCRAFT|DELAY_NAS|DELAY_CARRIER
AVP,12,590,-4.88,-11.58,70,27.93,22.21,50,131.2,123.9,DELAY_CARRIER|DELAY_LATE_AIRCRAFT|DELAY_NAS
AZA,1,2105,-6.85,-11.57,250,33.22,28.36,130,230.19,226.46,DELAY_CARRIER|DELAY_LATE_AIRCRAFT|DELAY_NAS
AZA,2,2195,-6.99,-16.17,125,31.56,19.4,55,186.73,177.82,DELAY_CARRIER|DELAY_NAS|DELAY_LATE_AIRCRAFT
AZA,3,2715,-6.6,-14.27,225,30.0,22.51,95,247.11,243.37,DELAY_CARRIER|DELAY_LATE_AIRCRAFT|DELAY_NAS
AZA,4,2185,-5.79,-15.19,115,25.57,17.52,15,79.67,74.33,DELAY_CARRIER|DELAY_NAS|DELAY_LATE_AIRCRAFT
AZA,5,2130,-6.12,-12.05,145,29.66,26.28,35,107.57,100.57,DELAY_CARRIER|DELAY_LATE_AIRCRAFT|DELAY_NAS
AZA,6,2075,-5.94,-8.8,270,29.09,28.83,185,175.08,174.65,DELAY_CARRIER|DELAY_LATE_AIRCRAFT|DELAY_NAS
AZA,7,2090,-5.9,-5.85,380,28.36,29.29,230,158.37,162.46,DELAY_CARRIER|DELAY_LATE_AIRCRAFT|DELAY_NAS
AZA,8,1585,-6.35,-9.81,270,33.63,30.61,90,101.11,102.56,DELAY_CARRIER|DELAY_LATE_AIRCRAFT|DELAY_NAS
AZA,9,1405,-6.6,-12.15,150,30.73,26.77,65,106.15,105.08,DELAY_CARRIER|DELAY_LATE_AIRCRAFT|DELAY_NAS
AZA,10,2120,-5.79,-10.85,150,29.33,23.5,40,88.0,82.75,DELAY_LATE_AIRCRAFT|DELAY_CARRIER|DELAY_NAS
AZA,11,2100,-5.69,-14.2,225,25.53,19.78,110,118.41,115.05,DELAY_LATE_AIRCRAFT|DELAY_CARRIER|DELAY_NAS
AZA,12,2435,-5.32,-9.79,445,32.02,28.01,195,145.62,146.62,DELAY_LATE_AIRCRAFT|DELAY_CARRIER|DELAY_NAS
AZO,1,295,-4.25,-9.02,40,37.88,30.0,35,150.14,137.43,DELAY_CARRIER|CANC_WEATHER|DELAY_WEATHER
AZO,2,370,-5.61,-15.05,10,38.0,29.0,10,101.0,96.0,DELAY_CARRIER|DELAY_NAS|DELAY_WEATHER
AZO,3,415,-6.12,-16.36,15,23.0,21.0,10,154.5,151.0,DELAY_CARRIER|DELAY_NAS|DELAY_WEATHER
AZO,4,405,-5.47,-9.09,10,24.0,32.0,15,173.67,162.0,DELAY_CARRIER|DELAY_WEATHER|DELAY_NAS
AZO,5,380,-4.82,-7.66,20,34.25,32.75,35,123.71,114.57,DELAY_CARRIER|DELAY_NAS|CANC_WEATHER
AZO,6,330,-4.38,-6.71,25,35.0,30.0,55,169.27,161.18,DELAY_CARRIER|DELAY_WEATHER|CANC_WEATHER
AZO,7,320,-4.48,-7.47,55,32.73,22.18,50,253.9,249.4,DELAY_CARRIER|DELAY_WEATHER|DELAY_NAS
AZO,8,305,-4.15,-10.13,40,40.38,32.38,60,138.25,131.33,DELAY_CARRIER|CANC_WEATHER|DELAY_WEATHER
AZO,9,355,-5.62,-8.63,15,42.67,36.67,30,143.33,141.67,DELAY_CARRIER|DELAY_WEATHER
AZO,10,390,-6.62,-10.81,25,39.2,30.4,25,115.0,104.6,DELAY_CARRIER|DELAY_WEATHER
AZO,11,330,-6.3,-15.79,40,40.62,30.12,50,148.0,152.5,DELAY_CARRIER|DELAY_WEATHER
AZO,12,320,-4.11,-11.0,20,30.5,26.5,40,148.88,152.62,DELAY_CARRIER|CANC_WEATHER|DELAY_NAS
BDL,1,6005,-2.72,-5.89,1065,30.47,29.75,610,197.19,203.36,DELAY_NAS|DELAY_LATE_AIRCRAFT|DELAY_CARRIER
BDL,2,6700,-3.29,-12.81,775,28.32,18.05,395,169.53,160.58,DELAY_NAS|DELAY_LATE_AIRCRAFT|DELAY_CARRIER
BDL,3,6965,-3.94,-12.74,1035,30.2,23.97,705,164.03,160.84,DELAY_LATE_AIRCRAFT|DELAY_NAS|DELAY_CARRIER
BDL,4,8125,-3.57,-11.22,1100,30.1,21.42,585,175.86,173.26,DELAY_LATE_AIRCRAFT|DELAY_NAS|DELAY_CARRIER
BDL,5,7255,-3.04,-9.79,1375,30.43,25.18,805,180.65,178.53,DELAY_LATE_AIRCRAFT|DELAY_NAS|DELAY_CARRIER
BDL,6,7025,-3.25,-9.69,1390,33.01,30.52,845,168.25,168.47,DELAY_LATE_AIRCRAFT|DELAY_NAS|DELAY_CARRIER
BDL,7,6715,-2.53,-6.09,1555,33.63,29.95,1045,146.93,146.02,DELAY_LATE_AIRCRAFT|DELAY_NAS|DELAY_CARRIER
BDL,8,7460,-2.82,-8.11,1505,30.89,25.99,865,142.35,142.43,DELAY_LATE_AIRCRAFT|DELAY_NAS|DELAY_CARRIER
BDL,9,8025,-4.26,-10.75,835,29.59,21.47,330,164.06,156.14,DELAY_LATE_AIRCRAFT|DELAY_CARRIER|DELAY_NAS
BDL,10,8780,-3.59,-11.72,920,28.82,17.42,295,190.53,177.49,DELAY_LATE_AIRCRAFT|DELAY_CARRIER|DELAY_NAS
BDL,11,7925,-4.0,-12.79,955,29.16,19.9,300,158.5,152.12,DELAY_LATE_AIRCRAFT|DELAY_CARRIER|DELAY_NAS
BDL,12,7545,-2.45,-8.29,1325,30.54,25.1,590,150.96,147.5,DELAY_LATE_AIRCRAFT|DELAY_NAS|DELAY_CARRIER
BET,1,180,-4.97,-3.94,75,30.47,33.4,35,110.43,114.14,DELAY_LATE_AIRCRAFT|DELAY_SECURITY|DELAY_NAS
BET,2,170,-1.62,2.53,80,35.62,42.88,30,81.83,86.83,DELAY_LATE_AIRCRAFT|DELAY_SECURITY|DELAY_NAS
BET,3,180,-2.08,3.0,80,26.56,25.81,50,132.0,131.9,DELAY_LATE_AIRCRAFT|DELAY_SECURITY|DELAY_NAS
BET,4,230,-3.3,-1.78,50,35.6,33.4,15,97.0,97.33,DELAY_LATE_AIRCRAFT|DELAY_NAS|CANC_WEATHER
BET,5,220,-2.89,-1.39,85,27.35,24.35,5,72.0,60.0,DELAY_SECURITY|DELAY_LATE_AIRCRAFT|DELAY_CARRIER
BET,6,245,-9.04,-1.53,45,23.22,29.11,10,143.0,162.5,DELAY_LATE_AIRCRAFT|DELAY_NAS|DELAY_SECURITY
BET,7,225,-6.24,0.51,75,28.87,29.53,5,72.0,72.0,DELAY_LATE_AIRCRAFT|DELAY_NAS|DELAY_CARRIER
BET,8,250,-4.84,-0.96,35,30.86,33.86,25,150.2,156.0,DELAY_LATE_AIRCRAFT|DELAY_NAS|DELAY_CARRIER
BET,9,265,-8.57,-2.87,20,24.5,24.75,15,82.67,88.33,DELAY_LATE_AIRCRAFT|DELAY_CARRIER|DELAY_NAS
BET,10,265,-4.34,-1.6,35,28.0,28.86,10,69.5,79.0,DELAY_LATE_AIRCRAFT|DELAY_NAS|DELAY_CARRIER
BET,11,250,-6.44,-0.4,15,25.33,21.33,15,86.33,88.0,CANC_WEATHER|DELAY_CARRIER|DELAY_NAS
BET,12,215,-5.63,-1.91,70,27.79,29.43,15,82.67,82.33,DELAY_LATE_AIRCRAFT|DELAY_NAS|DELAY_SECURITY
BFF,1,225,-8.11,-10.53,10,25.0,47.0,10,247.5,252.0,CANC_WEATHER|DELAY_LATE_AIRCRAFT|DELAY_NAS
BFF,2,200,-8.57,-10.9,25,42.8,33.4,20,336.75,342.75,DELAY_CARRIER|DELAY_LATE_AIRCRAFT|DELAY_WEATHER
BFF,3,250,-8.6,-15.36,0,,,5,108.0,111.0,CANC_WEATHER|DELAY_NAS|DELAY_WEATHER
BFF,4,205,-7.78,-4.56,30,36.5,39.17,10,529.0,551.5,DELAY_CARRIER|DELAY_LATE_AIRCRAFT|CANC_WEATHER
BFF,5,240,-9.38,-6.92,10,54.5,43.0,10,154.0,142.0,DELAY_NAS|CANC_WEATHER|DELAY_CARRIER
BFF,6,215,-7.72,-7.3,30,34.33,27.67,10,85.5,84.0,DELAY_CARRIER|DELAY_LATE_AIRCRAFT|DELAY_NAS
BFF,7,230,-8.67,-11.54,15,22.0,14.67,15,321.67,322.33,DELAY_CARRIER|DELAY_LATE_AIRCRAFT|DELAY_NAS
BFF,8,220,-7.43,-9.77,10,49.5,41.5,35,340.29,339.14,DELAY_LATE_AIRCRAFT|DELAY_CARRIER|DELAY_NAS
BFF,9,225,-8.93,-8.42,20,34.5,25.25,10,140.5,136.0,DELAY_CARRIER|CANC_WEATHER|DELAY_NAS
BFF,10,225,-8.96,-8.49,5,37.0,28.0,25,284.4,272.4,DELAY_LATE_AIRCRAFT|DELAY_CARRIER|CANC_NAS
BFF,11,205,-7.41,-5.05,20,49.75,54.0,20,117.5,114.75,DELAY_CARRIER|CANC_WEATHER|DELAY_LATE_AIRCRAFT
BFF,12,245,-7.16,-6.45,15,23.0,22.67,5,93.0,82.0,DELAY_CARRIER|DELAY_NAS
BFL,1,785,-5.73,-11.85,55,37.18,34.27,50,191.2,184.6,DELAY_CARRIER|DELAY_NAS|DELAY_LATE_AIRCRAFT
BFL,2,785,-6.34,-15.52,70,30.86,24.86,30,165.0,155.5,DELAY_CARRIER|DELAY_NAS|DELAY_LATE_AIRCRAFT
BFL,3,795,-5.03,-12.56,60,25.67,17.33,70,167.29,155.71,DELAY_NAS|DELAY_CARRIER|DELAY_LATE_AIRCRAFT
BFL,4,700,-4.85,-11.43,95,33.47,29.84,40,163.38,157.12,DELAY_NAS|DELAY_CARRIER|DELAY_LATE_AIRCRAFT
BFL,5,800,-3.46,-9.34,90,30.72,25.61,115,148.17,144.3,DELAY_CARRIER|DELAY_NAS|DELAY_LATE_AIRCRAFT
BFL,6,925,-4.66,-3.9,95,36.47,38.0,70,130.07,129.93,DELAY_CARRIER|DELAY_LATE_AIRCRAFT|DELAY_NAS
BFL,7,1170,-5.59,-8.96,70,33.29,28.43,80,188.94,184.5,DELAY_LATE_AIRCRAFT|DELAY_CARRIER|DELAY_NAS
BFL,8,1185,-5.31,-8.21,65,30.54,32.69,70,139.64,137.79,DELAY_NAS|DELAY_LATE_AIRCRAFT|DELAY_CARRIER
BFL,9,995,-5.78,-14.37,85,31.24,24.41,35,177.57,174.86,DELAY_CARRIER|DELAY_LATE_AIRCRAFT|DELAY_NAS
BFL,10,1185,-5.06,-11.9,75,34.8,24.8,35,266.57,254.57,DELAY_CARRIER|DELAY_LATE_AIRCRAFT|DELAY_NAS
BFL,11,1095,-5.88,-11.82,130,40.54,31.73,60,145.67,138.58,DELAY_CARRIER|DELAY_LATE_AIRCRAFT|DELAY_NAS
BFL,12,1155,-4.65,-12.16,55,36.64,36.09,90,125.17,120.11,DELAY_CARRIER|DELAY_LATE_AIRCRAFT|DELAY_NAS
BGM,1,125,-3.84,-9.64,0,,,10,169.5,176.5,DELAY_NAS|CANC_WEATHER|DELAY_LATE_AIRCRAFT
BGM,2,135,-5.44,-27.93,5,28.0,127.0,5,337.0,317.0,DELAY_LATE_AIRCRAFT|DELAY_NAS
BGM,3,140,-2.93,-10.93,0,,,15,623.67,592.67,DELAY_LATE_AIRCRAFT|DELAY_NAS|DELAY_CARRIER
BGM,4,135,-3.11,-5.07,10,22.0,7.5,5,248.0,239.0,DELAY_NAS|DELAY_CARRIER
BGM,5,135,-5.19,-3.59,5,29.0,14.0,15,202.67,206.0,DELAY_CARRIER|DELAY_NAS|DELAY_LATE_AIRCRAFT
BGM,6,125,-4.24,-2.56,15,30.0,22.0,5,316.0,327.0,DELAY_CARRIER
BGM,7,125,-1.4,0.16,5,45.0,44.0,15,281.67,274.0,DELAY_CARRIER|CANC_CARRIER
BGM,8,125,-3.2,-7.2,10,29.0,18.5,0,,,CANC_CARRIER|CANC_NAS|DELAY_NAS
BGM,9,150,-4.57,-13.23,0,,,0,,,N/D
BGM,10,155,-5.9,-10.58,0,,,0,,,N/D
BGM,11,120,-5.5,-14.21,20,33.5,59.75,10,128.0,117.5,DELAY_NAS|DELAY_CARRIER|DELAY_LATE_AIRCRAFT
BGM,12,110,-4.82,-17.77,30,31.33,48.33,10,121.5,141.5,DELAY_LATE_AIRCRAFT|DELAY_NAS|DELAY_CARRIER
BGR,1,910,-7.45,-18.89,115,30.22,26.04,60,172.67,168.5,CANC_WEATHER|DELAY_LATE_AIRCRAFT|DELAY_NAS
BGR,2,980,-6.96,-22.09,95,25.84,11.95,70,193.71,190.5,DELAY_NAS|DELAY_LATE_AIRCRAFT|DELAY_CARRIER
BGR,3,1005,-6.88,-22.13,130,32.73,26.08,110,198.36,192.68,DELAY_LATE_AIRCRAFT|DELAY_NAS|DELAY_CARRIER
BGR,4,995,-7.49,-16.74,70,31.57,36.71,35,176.71,168.57,DELAY_LATE_AIRCRAFT|DELAY_NAS|DELAY_CARRIER
BGR,5,970,-7.35,-16.57,35,32.14,38.0,65,141.77,138.0,DELAY_NAS|DELAY_LATE_AIRCRAFT|DELAY_CARRIER
BGR,6,1915,-5.48,-9.32,295,35.66,37.31,225,198.31,196.42,DELAY_LATE_AIRCRAFT|DELAY_NAS|DELAY_CARRIER
BGR,7,2075,-3.93,-7.11,410,33.65,34.99,290,175.22,175.28,DELAY_LATE_AIRCRAFT|DELAY_NAS|DELAY_CARRIER
BGR,8,2390,-3.78,-8.68,390,32.83,37.87,210,237.79,236.29,DELAY_NAS|DELAY_LATE_AIRCRAFT|CANC_NAS
BGR,9,2600,-5.79,-12.66,225,29.16,24.87,110,136.09,125.68,DELAY_LATE_AIRCRAFT|DELAY_NAS|DELAY_CARRIER
BGR,10,2325,-5.44,-16.3,220,29.93,19.2,155,199.39,191.29,DELAY_LATE_AIRCRAFT|DELAY_CARRIER|DELAY_NAS
BGR,11,1405,-7.14,-19.44,75,31.4,23.2,60,156.33,151.83,DELAY_NAS|DELAY_LATE_AIRCRAFT|DELAY_CARRIER
BGR,12,1060,-6.51,-14.41,115,29.52,25.35,135,204.52,200.3,DELAY_LATE_AIRCRAFT|DELAY_NAS|DELAY_CARRIER
BHM,1,5050,-4.42,-9.17,645,31.16,26.57,600,157.11,154.18,DELAY_LATE_AIRCRAFT|DELAY_NAS|DELAY_CARRIER
BHM,2,5390,-4.51,-9.28,500,29.08,23.98,225,146.76,141.82,DELAY_LATE_AIRCRAFT|DELAY_CARRIER|DELAY_NAS
BHM,3,5745,-3.96,-8.85,685,29.01,23.5,370,127.05,125.43,DELAY_LATE_AIRCRAFT|DELAY_NAS|DELAY_CARRIER
BHM,4,6000,-3.93,-7.39,720,31.31,29.23,355,147.14,146.39,DELAY_LATE_AIRCRAFT|DELAY_NAS|DELAY_CARRIER
BHM,5,5375,-2.5,-6.33,1075,31.52,29.94,950,166.91,167.45,DELAY_LATE_AIRCRAFT|DELAY_NAS|DELAY_CARRIER
BHM,6,5690,-2.69,-7.85,990,31.96,26.9,535,144.07,140.83,DELAY_LATE_AIRCRAFT|DELAY_CARRIER|DELAY_NAS
BHM,7,4915,-2.28,-6.2,1230,33.25,30.43,850,149.68,148.08,DELAY_LATE_AIRCRAFT|DELAY_CARRIER|DELAY_NAS
BHM,8,5765,-3.42,-7.82,700,30.79,26.85,535,203.04,198.32,DELAY_LATE_AIRCRAFT|DELAY_CARRIER|DELAY_NAS
BHM,9,6030,-3.91,-7.4,745,30.81,28.34,310,136.21,133.58,DELAY_LATE_AIRCRAFT|DELAY_NAS|DELAY_CARRIER
BHM,10,7240,-4.14,-8.83,535,31.44,24.07,290,142.57,135.84,DELAY_LATE_AIRCRAFT|DELAY_CARRIER|DELAY_NAS
BHM,11,6715,-4.21,-9.12,575,31.85,27.13,325,182.85,177.34,DELAY_CARRIER|DELAY_LATE_AIRCRAFT|DELAY_NAS
BHM,12,5755,-2.49,-8.08,880,30.57,23.19,605,169.02,163.07,DELAY_LATE_AIRCRAFT|DELAY_CARRIER|DELAY_NAS
BIH,1,185,-5.46,-26.05,35,31.71,26.71,35,102.0,87.86,DELAY_LATE_AIRCRAFT|DELAY_NAS|DELAY_CARRIER
BIH,2,100,1.9,-6.15,65,35.54,29.15,45,109.56,93.67,DELAY_LATE_AIRCRAFT|DELAY_NAS|CANC_WEATHER
BIH,3,150,-2.9,-4.0,70,31.29,20.93,20,113.0,125.75,DELAY_NAS|CANC_NAS|DELAY_LATE_AIRCRAFT
BIH,4,10,-9.5,-16.0,10,51.0,40.0,5,226.0,217.0,DELAY_LATE_AIRCRAFT|DELAY_NAS
BIH,7,120,-7.75,-27.62,5,46.0,30.0,25,240.6,217.0,DELAY_LATE_AIRCRAFT|CANC_WEATHER|DELAY_WEATHER
BIH,8,155,-9.74,-20.58,0,,,0,,,N/D
BIH,9,40,-4.38,-7.25,0,,,10,75.0,62.0,DELAY_LATE_AIRCRAFT
BIH,10,10,-4.5,-11.5,0,,,0,,,N/D
BIH,12,120,-2.62,-11.08,15,34.0,18.0,30,131.0,126.17,DELAY_LATE_AIRCRAFT|DELAY_NAS|DELAY_WEATHER
BIL,1,1130,-6.14,-4.12,110,31.36,32.36,130,133.88,152.92,DELAY_NAS|DELAY_LATE_AIRCRAFT|DELAY_CARRIER
BIL,2,1140,-6.56,-4.26,80,32.88,42.31,20,95.75,110.5,DELAY_NAS|DELAY_CARRIER|DELAY_LATE_AIRCRAFT
BIL,3,1220,-6.47,-7.81,60,28.75,29.75,85,150.59,153.76,DELAY_NAS|DELAY_CARRIER|DELAY_LATE_AIRCRAFT
BIL,4,1440,-7.87,-12.72,110,39.05,38.41,45,156.0,157.89,DELAY_LATE_AIRCRAFT|DELAY_CARRIER|DELAY_NAS
BIL,5,1410,-5.73,-9.12,120,35.67,32.58,160,239.66,236.69,DELAY_CARRIER|DELAY_LATE_AIRCRAFT|DELAY_WEATHER
BIL,6,1630,-5.29,-8.52,195,31.38,30.15,125,151.04,151.96,DELAY_LATE_AIRCRAFT|DELAY_CARRIER|DELAY_NAS
BIL,7,1650,-5.37,-8.54,225,30.2,27.76,160,103.81,96.69,DELAY_LATE_AIRCRAFT|DELAY_CARRIER|DELAY_NAS
BIL,8,1795,-5.34,-7.94,160,33.81,34.06,90,194.44,194.44,DELAY_CARRIER|DELAY_NAS|DELAY_LATE_AIRCRAFT
BIL,9,1725,-6.79,-9.92,95,34.84,26.84,50,225.2,219.8,DELAY_CARRIER|DELAY_LATE_AIRCRAFT|DELAY_NAS
BIL,10,1635,-6.11,-8.59,125,29.12,29.52,75,212.13,208.6,DELAY_CARRIER|DELAY_LATE_AIRCRAFT|DELAY_NAS
BIL,11,1460,-5.76,-10.0,135,32.0,30.81,85,133.71,137.35,DELAY_CARRIER|DELAY_LATE_AIRCRAFT|DELAY_NAS
BIL,12,1650,-6.55,-14.29,125,32.28,23.36,85,169.06,156.53,DELAY_CARRIER|DELAY_LATE_AIRCRAFT|DELAY_NAS
BIS,1,1035,-3.97,-8.02,165,27.21,31.24,135,325.15,319.89,DELAY_CARRIER|DELAY_NAS|DELAY_LATE_AIRCRAFT
BIS,2,1065,-4.61,-15.26,120,28.42,18.0,105,202.48,200.24,DELAY_CARRIER|DELAY_NAS|DELAY_WEATHER
BIS,3,1250,-4.4,-13.15,135,28.74,23.19,35,103.29,96.57,DELAY_NAS|DELAY_CARRIER|CANC_WEATHER
BIS,4,1235,-5.86,-13.96,85,31.12,21.65,60,132.92,133.08,DELAY_CARRIER|DELAY_LATE_AIRCRAFT|DELAY_WEATHER
BIS,5,1475,-5.19,-11.5,100,31.9,24.15,135,160.07,154.22,DELAY_CARRIER|DELAY_NAS|DELAY_WEATHER
BIS,6,1325,-4.83,-8.91,200,34.15,34.88,165,167.27,167.73,DELAY_CARRIER|DELAY_NAS|DELAY_LATE_AIRCRAFT
BIS,7,1400,-3.73,-6.2,205,30.51,31.22,155,157.0,153.0,DELAY_CARRIER|DELAY_NAS|DELAY_LATE_AIRCRAFT
BIS,8,1495,-4.88,-8.57,170,34.29,36.41,95,140.16,132.79,DELAY_CARRIER|DELAY_NAS|DELAY_LATE_AIRCRAFT
BIS,9,1505,-5.33,-13.16,185,35.16,26.08,55,111.36,92.0,DELAY_CARRIER|DELAY_NAS|DELAY_LATE_AIRCRAFT
BIS,10,1700,-5.22,-16.3,95,30.84,18.47,70,184.64,173.5,DELAY_CARRIER|DELAY_LATE_AIRCRAFT|DELAY_WEATHER
BIS,11,1415,-3.37,-7.37,200,29.05,28.98,130,162.42,160.54,DELAY_CARRIER|DELAY_NAS|DELAY_LATE_AIRCRAFT
BIS,12,1480,-3.74,-11.55,235,31.77,29.72,215,146.49,140.23,DELAY_CARRIER|DELAY_NAS|DELAY_LATE_AIRCRAFT
BJI,1,215,-4.81,-8.05,55,35.91,33.18,35,228.71,240.86,DELAY_CARRIER|DELAY_WEATHER|DELAY_NAS
BJI,2,260,-6.29,-12.98,5,24.0,-2.0,15,292.0,293.67,CANC_WEATHER|DELAY_CARRIER|DELAY_WEATHER
BJI,3,270,-7.5,-16.61,10,38.0,41.0,25,169.6,163.2,DELAY_CARRIER|DELAY_WEATHER|CANC_WEATHER
BJI,4,275,-8.4,-20.2,10,47.0,42.5,15,151.33,140.33,DELAY_CARRIER|DELAY_WEATHER
BJI,5,275,-7.6,-17.44,20,32.25,23.25,15,245.0,239.67,DELAY_CARRIER|DELAY_WEATHER
BJI,6,225,-6.56,-3.73,15,35.67,29.33,55,257.55,259.73,DELAY_CARRIER|DELAY_WEATHER|CANC_WEATHER
BJI,7,250,-3.06,-4.44,30,23.33,26.0,30,171.0,162.67,DELAY_CARRIER|DELAY_WEATHER|DELAY_NAS
BJI,8,265,-5.09,-7.11,30,19.5,28.67,15,175.0,181.0,DELAY_CARRIER|DELAY_NAS|DELAY_WEATHER
BJI,9,260,-8.13,-18.19,15,29.67,16.0,25,104.6,97.6,DELAY_CARRIER|DELAY_NAS|DELAY_WEATHER
BJI,10,265,-7.0,-22.38,15,34.0,18.33,30,268.0,252.17,DELAY_CARRIER
BJI,11,255,-7.39,-13.75,25,23.2,20.2,15,264.0,253.0,DELAY_CARRIER
BJI,12,190,-5.18,-7.58,60,32.83,37.92,45,194.22,187.56,DELAY_CARRIER|DELAY_NAS|CANC_WEATHER
BLI,1,825,-2.65,-6.02,100,29.8,31.1,80,230.25,243.69,DELAY_NAS|DELAY_CARRIER|DELAY_LATE_AIRCRAFT
BLI,2,930,-4.05,-4.82,45,26.56,22.78,15,157.0,162.0,DELAY_NAS|DELAY_CARRIER|DELAY_LATE_AIRCRAFT
BLI,3,1100,-3.54,-2.71,100,27.45,23.55,65,116.92,110.31,DELAY_CARRIER|DELAY_LATE_AIRCRAFT|DELAY_NAS
BLI,4,1040,-3.57,-7.53,120,23.83,18.21,60,123.42,120.0,DELAY_CARRIER|DELAY_LATE_AIRCRAFT|DELAY_NAS
BLI,5,1085,-3.41,-9.18,105,24.71,16.86,30,169.83,167.33,DELAY_LATE_AIRCRAFT|DELAY_CARRIER|DELAY_NAS
BLI,6,1095,-2.27,-5.02,210,26.0,17.95,15,140.0,131.67,DELAY_LATE_AIRCRAFT|DELAY_NAS|DELAY_CARRIER
BLI,7,1150,-1.96,-7.14,175,25.94,18.49,50,116.9,117.1,DELAY_LATE_AIRCRAFT|DELAY_CARRIER|DELAY_NAS
BLI,8,775,-2.5,-3.7,120,33.25,32.96,20,115.5,112.75,DELAY_LATE_AIRCRAFT|DELAY_CARRIER|DELAY_NAS
BLI,9,615,-3.74,-4.2,100,35.9,34.3,45,216.22,223.33,DELAY_LATE_AIRCRAFT|DELAY_NAS|DELAY_CARRIER
BLI,10,710,-4.37,-5.25,110,31.91,31.77,50,137.2,135.4,DELAY_CARRIER|DELAY_LATE_AIRCRAFT|DELAY_NAS
BLI,11,740,-4.39,-7.85,50,32.7,28.8,20,129.75,126.25,DELAY_CARRIER|DELAY_LATE_AIRCRAFT|DELAY_NAS
BLI,12,720,-3.74,-8.03,90,30.94,21.22,50,209.2,206.4,DELAY_CARRIER|DELAY_LATE_AIRCRAFT|CANC_WEATHER
BLV,1,220,-7.52,-15.14,45,33.11,34.44,25,169.0,185.8,DELAY_LATE_AIRCRAFT|CANC_WEATHER|DELAY_NAS
BLV,2,200,-9.28,-16.32,20,33.75,27.0,55,306.36,314.36,DELAY_LATE_AIRCRAFT|DELAY_CARRIER|DELAY_WEATHER
BLV,3,325,-7.06,-16.45,65,28.31,25.23,70,182.71,182.14,DELAY_LATE_AIRCRAFT|DELAY_NAS|CANC_CARRIER
BLV,4,385,-8.36,-21.86,25,26.8,20.2,15,231.33,233.67,DELAY_CARRIER|DELAY_LATE_AIRCRAFT|DELAY_NAS
BLV,5,380,-5.49,-14.68,80,34.38,29.38,25,144.8,166.0,DELAY_LATE_AIRCRAFT|DELAY_CARRIER|DELAY_NAS
BLV,6,535,-6.75,-9.43,100,39.1,34.4,80,158.0,149.44,DELAY_LATE_AIRCRAFT|DELAY_CARRIER|DELAY_NAS
BLV,7,445,-7.72,-7.78,165,32.76,35.82,100,190.7,190.0,DELAY_LATE_AIRCRAFT|DELAY_CARRIER|DELAY_NAS
BLV,8,360,-10.43,-15.43,65,36.38,33.46,80,178.56,169.94,DELAY_LATE_AIRCRAFT|DELAY_CARRIER|CANC_CARRIER
BLV,9,280,-11.98,-19.07,20,40.25,31.0,30,203.0,198.0,DELAY_LATE_AIRCRAFT|DELAY_CARRIER|DELAY_WEATHER
BLV,10,320,-11.56,-17.62,20,33.0,42.75,25,357.2,350.2,DELAY_LATE_AIRCRAFT|CANC_WEATHER|DELAY_NAS
BLV,11,305,-10.85,-22.23,50,35.1,33.3,10,91.0,109.0,DELAY_LATE_AIRCRAFT|DELAY_CARRIER
BLV,12,260,-6.87,-18.42,80,34.38,23.81,65,274.23,267.08,DELAY_LATE_AIRCRAFT|DELAY_CARRIER|DELAY_NAS
BMI,1,510,-3.54,-4.53,65,38.46,53.54,80,185.75,179.94,DELAY_LATE_AIRCRAFT|DELAY_NAS|CANC_WEATHER
BMI,2,575,-5.67,-13.1,55,27.91,26.18,35,165.43,155.29,DELAY_LATE_AIRCRAFT|DELAY_NAS|DELAY_CARRIER
BMI,3,600,-5.48,-7.97,60,31.08,28.58,50,130.9,134.1,DELAY_LATE_AIRCRAFT|DELAY_CARRIER|DELAY_NAS
BMI,4,615,-5.63,-9.94,30,33.17,37.83,40,129.12,135.88,DELAY_LATE_AIRCRAFT|DELAY_NAS|CANC_NAS
BMI,5,595,-4.82,-5.32,95,35.21,36.42,85,117.47,129.24,DELAY_LATE_AIRCRAFT|DELAY_NAS|DELAY_WEATHER
BMI,6,625,-4.58,-12.42,85,34.88,29.82,70,149.57,144.86,DELAY_LATE_AIRCRAFT|DELAY_CARRIER|DELAY_NAS
BMI,7,595,-5.68,-10.22,85,29.0,28.24,100,221.9,218.25,DELAY_LATE_AIRCRAFT|DELAY_CARRIER|DELAY_NAS
BMI,8,665,-6.05,-13.17,40,34.5,33.88,45,210.56,198.89,DELAY_LATE_AIRCRAFT|DELAY_CARRIER|DELAY_NAS
BMI,9,645,-4.99,-11.49,35,34.71,28.43,5,465.0,471.0,DELAY_NAS|DELAY_LATE_AIRCRAFT|CANC_CARRIER
BMI,10,650,-5.78,-18.4,15,29.67,15.67,30,188.33,174.83,DELAY_CARRIER|CANC_WEATHER|DELAY_LATE_AIRCRAFT
BMI,11,580,-5.48,-15.98,60,27.58,18.75,25,220.8,214.6,DELAY_CARRIER|DELAY_NAS|DELAY_LATE_AIRCRAFT
BMI,12,655,-2.98,-9.94,50,31.3,27.3,35,138.14,135.29,DELAY_NAS|DELAY_LATE_AIRCRAFT|DELAY_CARRIER
BNA,1,26690,-2.5,-8.13,5540,31.07,27.18,2870,183.74,190.19,DELAY_LATE_AIRCRAFT|CANC_WEATHER|DELAY_NAS
BNA,2,30590,-3.3,-9.59,3310,28.53,22.03,1015,162.58,156.96,DELAY_LATE_AIRCRAFT|DELAY_NAS|DELAY_CARRIER
BNA,3,33125,-2.95,-9.57,5450,30.17,24.0,2465,139.96,135.55,DELAY_LATE_AIRCRAFT|DELAY_NAS|DELAY_CARRIER
BNA,4,33895,-2.77,-9.0,5195,30.44,23.69,2095,152.71,148.33,DELAY_LATE_AIRCRAFT|DELAY_CARRIER|DELAY_NAS
BNA,5,30585,-1.16,-5.86,7970,31.62,28.22,4965,144.9,144.44,DELAY_LATE_AIRCRAFT|DELAY_NAS|DELAY_CARRIER
BNA,6,32550,-1.39,-7.03,7435,30.88,25.48,3915,139.55,136.36,DELAY_LATE_AIRCRAFT|DELAY_CARRIER|DELAY_NAS
BNA,7,31425,-1.6,-6.65,8875,31.31,25.98,4500,140.41,136.66,DELAY_LATE_AIRCRAFT|DELAY_CARRIER|DELAY_NAS
BNA,8,34525,-2.46,-7.33,5750,31.05,26.0,2645,157.41,153.32,DELAY_LATE_AIRCRAFT|DELAY_NAS|DELAY_CARRIER
BNA,9,34745,-2.66,-7.84,4720,30.57,24.81,1705,139.18,134.45,DELAY_LATE_AIRCRAFT|DELAY_CARRIER|DELAY_NAS
BNA,10,38645,-2.47,-9.36,4635,29.23,21.68,1250,144.37,137.83,DELAY_LATE_AIRCRAFT|DELAY_CARRIER|DELAY_NAS
BNA,11,35140,-3.08,-10.4,3970,30.04,21.88,1300,139.41,133.03,DELAY_LATE_AIRCRAFT|DELAY_CARRIER|DELAY_NAS
BNA,12,31800,-1.85,-9.25,6100,30.0,23.18,2190,144.43,140.75,DELAY_LATE_AIRCRAFT|DELAY_CARRIER|DELAY_NAS
BOI,1,6335,-3.09,-5.16,970,32.03,34.19,540,160.32,163.93,DELAY_NAS|DELAY_LATE_AIRCRAFT|DELAY_CARRIER
BOI,2,6385,-3.76,-9.21,590,30.25,24.64,355,161.11,161.44,DELAY_NAS|DELAY_LATE_AIRCRAFT|DELAY_CARRIER
BOI,3,7565,-4.03,-6.45,690,30.89,27.71,310,123.95,123.05,DELAY_NAS|DELAY_CARRIER|DELAY_LATE_AIRCRAFT
BOI,4,7755,-4.06,-7.08,865,30.05,27.45,310,154.73,150.94,DELAY_CARRIER|DELAY_NAS|DELAY_LATE_AIRCRAFT
BOI,5,8425,-3.65,-6.67,1170,30.29,26.89,405,139.86,138.16,DELAY_LATE_AIRCRAFT|DELAY_NAS|DELAY_CARRIER
BOI,6,8450,-3.62,-6.63,1250,31.41,27.85,545,152.82,149.88,DELAY_LATE_AIRCRAFT|DELAY_CARRIER|DELAY_NAS
BOI,7,8715,-3.06,-6.71,1115,30.09,26.79,670,145.48,141.2,DELAY_LATE_AIRCRAFT|DELAY_CARRIER|DELAY_NAS
BOI,8,8855,-4.09,-6.65,1055,30.82,29.57,515,130.86,130.0,DELAY_CARRIER|DELAY_LATE_AIRCRAFT|DELAY_NAS
BOI,9,8745,-3.91,-8.31,1025,31.58,27.78,400,125.44,121.96,DELAY_LATE_AIRCRAFT|DELAY_CARRIER|DELAY_NAS
BOI,10,8970,-4.42,-8.99,690,30.74,27.77,290,166.95,164.53,DELAY_CARRIER|DELAY_LATE_AIRCRAFT|DELAY_NAS
BOI,11,8670,-4.41,-9.08,745,29.92,25.41,310,173.27,173.58,DELAY_CARRIER|DELAY_LATE_AIRCRAFT|DELAY_NAS
BOI,12,8030,-3.29,-9.97,1140,30.04,22.89,575,148.89,146.88,DELAY_LATE_AIRCRAFT|DELAY_CARRIER|DELAY_NAS
BOS,1,37730,-3.33,-11.29,6525,32.3,27.27,4620,150.17,150.9,DELAY_NAS|DELAY_CARRIER|DELAY_LATE_AIRCRAFT
BOS,2,42495,-3.74,-17.23,5025,30.87,17.66,2425,136.17,126.83,DELAY_CARRIER|DELAY_NAS|DELAY_LATE_AIRCRAFT
BOS,3,46030,-3.93,-15.25,6580,31.47,20.41,3550,136.29,125.97,DELAY_CARRIER|DELAY_NAS|DELAY_LATE_AIRCRAFT
BOS,4,46625,-3.81,-10.63,6375,31.78,23.91,4215,137.03,130.99,DELAY_NAS|DELAY_LATE_AIRCRAFT|DELAY_CARRIER
BOS,5,48745,-3.4,-10.35,8710,32.08,25.75,5205,142.07,137.39,DELAY_LATE_AIRCRAFT|DELAY_NAS|DELAY_CARRIER
BOS,6,47140,-3.27,-9.12,8460,31.75,27.72,6070,141.36,137.77,DELAY_NAS|DELAY_LATE_AIRCRAFT|DELAY_CARRIER
BOS,7,45990,-2.98,-9.18,9295,32.73,28.21,7370,138.74,133.5,DELAY_LATE_AIRCRAFT|DELAY_CARRIER|DELAY_NAS
BOS,8,46470,-2.86,-9.33,9440,32.27,27.53,7530,141.97,138.25,DELAY_LATE_AIRCRAFT|DELAY_CARRIER|DELAY_NAS
BOS,9,51555,-4.26,-12.2,6170,31.85,22.64,3715,132.01,121.42,DELAY_LATE_AIRCRAFT|DELAY_CARRIER|DELAY_NAS
BOS,10,55955,-3.74,-12.2,6150,31.22,21.81,2485,129.18,121.91,DELAY_CARRIER|DELAY_LATE_AIRCRAFT|DELAY_NAS
BOS,11,50490,-4.52,-14.25,5350,31.37,21.03,2815,126.06,115.53,DELAY_CARRIER|DELAY_NAS|DELAY_LATE_AIRCRAFT
BOS,12,44260,-2.79,-9.96,8460,32.19,25.92,5235,139.36,136.74,DELAY_LATE_AIRCRAFT|DELAY_NAS|DELAY_CARRIER
BPT,1,215,-2.47,-8.4,50,32.0,24.1,35,218.29,216.71,DELAY_LATE_AIRCRAFT|DELAY_WEATHER|CANC_WEATHER
BPT,2,280,-5.5,-5.98,5,17.0,16.0,5,168.0,149.0,DELAY_NAS|DELAY_CARRIER|DELAY_LATE_AIRCRAFT
BPT,3,235,-4.79,-9.98,20,29.25,19.75,45,178.89,176.78,DELAY_LATE_AIRCRAFT|DELAY_WEATHER|CANC_WEATHER
BPT,4,215,-7.28,-15.93,25,42.0,37.8,50,144.8,160.5,DELAY_WEATHER|DELAY_CARRIER|DELAY_NAS
BPT,5,255,-6.53,-7.43,5,15.0,6.0,40,207.38,209.88,DELAY_CARRIER|DELAY_WEATHER|CANC_WEATHER
BPT,6,275,-9.15,-16.56,5,20.0,18.0,20,123.75,124.25,DELAY_CARRIER|DELAY_LATE_AIRCRAFT|DELAY_WEATHER
BPT,7,275,-8.15,-8.69,15,30.67,21.0,5,362.0,344.0,DELAY_NAS|CANC_WEATHER|DELAY_CARRIER
BPT,8,290,-7.71,-9.09,10,26.0,15.0,10,76.5,86.0,DELAY_CARRIER|DELAY_LATE_AIRCRAFT
BPT,9,275,-8.07,-20.0,25,33.6,24.0,0,,,DELAY_CARRIER|DELAY_LATE_AIRCRAFT|DELAY_WEATHER
BPT,10,265,-7.43,-22.72,20,43.25,35.75,25,271.0,255.2,DELAY_CARRIER|DELAY_LATE_AIRCRAFT|DELAY_WEATHER
BPT,11,270,-7.5,-14.56,5,18.0,8.0,10,232.0,223.0,CANC_WEATHER|DELAY_CARRIER|DELAY_LATE_AIRCRAFT
BPT,12,275,-6.62,-9.16,10,49.5,43.0,10,223.0,222.0,DELAY_CARRIER|DELAY_NAS|DELAY_WEATHER
BQK,1,205,-5.02,-7.54,30,40.5,35.17,75,106.4,116.2,DELAY_CARRIER|DELAY_WEATHER|DELAY_NAS
BQK,2,260,-4.63,-4.42,10,31.0,35.5,20,224.75,221.5,DELAY_CARRIER|DELAY_NAS|DELAY_WEATHER
BQK,3,280,-5.73,-2.21,10,28.5,52.0,20,103.5,98.75,DELAY_CARRIER|DELAY_LATE_AIRCRAFT|DELAY_NAS
BQK,4,255,-3.51,2.92,20,37.25,32.5,25,187.6,184.4,DELAY_CARRIER|DELAY_WEATHER|DELAY_NAS
BQK,5,190,-5.74,-0.47,45,32.11,30.44,70,193.29,194.71,DELAY_CARRIER|DELAY_NAS|DELAY_WEATHER
BQK,6,240,-4.73,-5.9,25,43.6,33.0,35,146.43,141.29,DELAY_CARRIER|DELAY_WEATHER|DELAY_LATE_AIRCRAFT
BQK,7,255,-5.61,-3.41,5,16.0,39.0,50,149.1,163.0,DELAY_CARRIER|DELAY_WEATHER|DELAY_NAS
BQK,8,245,-5.94,-6.96,25,39.4,33.0,40,182.62,177.62,DELAY_CARRIER|DELAY_NAS|DELAY_WEATHER
BQK,9,275,-5.47,2.71,20,32.25,21.75,0,,,DELAY_CARRIER|DELAY_NAS|CANC_WEATHER
BQK,10,340,-7.32,-10.38,25,32.2,25.6,40,132.12,127.38,DELAY_CARRIER|DELAY_WEATHER
BQK,11,370,-7.35,-5.91,25,36.2,45.2,35,127.86,130.86,DELAY_CARRIER|DELAY_NAS|DELAY_WEATHER
BQK,12,325,-6.28,-2.0,35,33.71,37.57,40,213.38,222.0,DELAY_CARRIER|DELAY_NAS|DELAY_WEATHER
BQN,1,915,-8.09,-10.62,150,28.73,27.1,75,215.4,213.53,DELAY_LATE_AIRCRAFT|DELAY_NAS|DELAY_CARRIER
BQN,2,805,-8.79,-9.61,90,32.33,32.0,75,154.73,159.07,DELAY_LATE_AIRCRAFT|DELAY_NAS|CANC_CARRIER
BQN,3,815,-7.58,-11.17,240,29.9,26.48,150,159.77,155.93,DELAY_LATE_AIRCRAFT|DELAY_CARRIER|DELAY_NAS
BQN,4,975,-7.53,-14.52,120,30.54,24.75,70,161.36,156.5,DELAY_LATE_AIRCRAFT|DELAY_CARRIER|DELAY_NAS
BQN,5,955,-4.55,-13.36,185,30.7,19.3,105,122.1,115.24,DELAY_LATE_AIRCRAFT|DELAY_CARRIER|CANC_NAS
BQN,6,595,-3.75,-12.2,230,33.85,27.76,185,174.32,167.43,DELAY_LATE_AIRCRAFT|DELAY_NAS|DELAY_CARRIER
BQN,7,695,-5.53,-15.17,165,28.42,17.48,115,162.78,156.26,DELAY_LATE_AIRCRAFT|DELAY_CARRIER|DELAY_NAS
BQN,8,605,-4.5,-12.98,200,30.12,22.5,110,175.73,171.18,DELAY_LATE_AIRCRAFT|DELAY_NAS|DELAY_CARRIER
BQN,9,560,-5.41,-14.59,75,27.27,18.4,85,229.47,222.88,DELAY_LATE_AIRCRAFT|DELAY_CARRIER|DELAY_NAS
BQN,10,590,-6.47,-12.19,80,30.44,21.62,35,121.86,114.71,DELAY_LATE_AIRCRAFT|CANC_WEATHER|DELAY_CARRIER
BQN,11,620,-3.84,-10.91,160,33.44,30.25,60,140.0,129.67,DELAY_LATE_AIRCRAFT|DELAY_CARRIER|DELAY_NAS
BQN,12,795,-7.12,-12.82,200,30.25,23.5,125,164.72,158.4,DELAY_LATE_AIRCRAFT|DELAY_NAS|DELAY_CARRIER
BRD,1,195,-8.26,-18.21,5,17.0,3.0,60,107.83,96.0,DELAY_CARRIER|DELAY_WEATHER
BRD,2,235,-9.09,-24.98,5,21.0,11.0,10,157.0,140.0,DELAY_CARRIER|DELAY_WEATHER
BRD,3,220,-7.57,-16.86,25,42.4,43.6,15,104.33,106.33,DELAY_CARRIER|DELAY_WEATHER|CANC_WEATHER
BRD,4,240,-9.71,-20.56,10,30.0,14.0,5,119.0,105.0,DELAY_CARRIER
BRD,5,250,-9.22,-17.58,10,32.5,14.0,5,119.0,119.0,DELAY_CARRIER
BRD,6,205,-8.27,4.9,30,33.33,51.67,25,308.8,316.4,DELAY_CARRIER|DELAY_NAS|DELAY_WEATHER
BRD,7,240,-5.69,-0.58,55,30.0,30.91,15,93.0,91.67,DELAY_CARRIER|DELAY_WEATHER|DELAY_NAS
BRD,8,285,-7.09,-4.75,20,31.5,48.0,5,351.0,358.0,DELAY_CARRIER|DELAY_NAS|DELAY_WEATHER
BRD,9,250,-10.16,-14.7,5,31.0,37.0,20,93.0,95.0,DELAY_CARRIER|DELAY_NAS|DELAY_WEATHER
BRD,10,235,-10.04,-22.64,15,23.67,15.33,10,68.5,69.5,DELAY_CARRIER|DELAY_SECURITY|DELAY_WEATHER
BRD,11,235,-11.23,-21.02,20,29.0,25.0,10,554.5,570.0,DELAY_CARRIER|DELAY_WEATHER
BRD,12,180,-8.61,-16.14,25,27.4,27.0,50,221.4,216.9,DELAY_CARRIER|CANC_WEATHER|DELAY_WEATHER
BRO,1,440,-4.4,-9.36,60,23.0,19.67,40,107.38,111.38,DELAY_LATE_AIRCRAFT|DELAY_CARRIER|DELAY_NAS
BRO,2,520,-6.08,-7.81,20,29.25,24.25,0,,,DELAY_LATE_AIRCRAFT|DELAY_NAS|DELAY_CARRIER
BRO,3,790,-3.78,-7.68,70,29.14,22.5,60,214.75,210.75,DELAY_LATE_AIRCRAFT|DELAY_CARRIER|DELAY_NAS
BRO,4,600,-5.53,-9.1,65,31.38,30.31,80,186.56,197.88,DELAY_LATE_AIRCRAFT|DELAY_WEATHER|DELAY_CARRIER
BRO,5,660,-4.61,-5.59,120,31.54,34.54,105,193.14,200.05,DELAY_CARRIER|DELAY_LATE_AIRCRAFT|DELAY_WEATHER
BRO,6,815,-5.4,-9.52,85,30.88,27.76,100,141.75,142.65,DELAY_LATE_AIRCRAFT|DELAY_CARRIER|DELAY_NAS
BRO,7,755,-4.68,-6.93,135,30.22,33.19,80,161.5,162.25,DELAY_LATE_AIRCRAFT|DELAY_CARRIER|CANC_WEATHER
BRO,8,875,-6.63,-11.03,95,32.79,31.79,10,182.5,175.0,DELAY_LATE_AIRCRAFT|DELAY_NAS|DELAY_CARRIER
BRO,9,700,-6.08,-8.73,55,34.91,29.64,20,126.25,119.25,DELAY_LATE_AIRCRAFT|DELAY_CARRIER|DELAY_NAS
BRO,10,900,-6.22,-10.81,55,32.36,24.73,25,135.8,126.4,DELAY_CARRIER|DELAY_LATE_AIRCRAFT|DELAY_NAS
BRO,11,545,-6.26,-9.4,60,36.17,33.83,30,177.17,182.17,DELAY_CARRIER|DELAY_LATE_AIRCRAFT|DELAY_WEATHER
BRO,12,490,-4.55,-6.49,65,36.23,37.23,80,122.5,129.62,DELAY_CARRIER|DELAY_LATE_AIRCRAFT|CANC_WEATHER
BRW,1,65,-6.08,-7.77,30,44.17,45.5,15,206.0,206.0,DELAY_LATE_AIRCRAFT|CANC_CARRIER|CANC_WEATHER
BRW,2,110,-6.32,-1.91,15,42.67,48.0,15,113.67,117.33,DELAY_LATE_AIRCRAFT|DELAY_NAS|CANC_WEATHER
BRW,3,100,-3.2,-1.9,35,29.43,32.43,5,234.0,240.0,CANC_CARRIER|DELAY_CARRIER|DELAY_LATE_AIRCRAFT
BRW,4,125,-8.36,-5.36,25,41.0,41.2,5,90.0,90.0,DELAY_SECURITY|DELAY_LATE_AIRCRAFT|DELAY_CARRIER
BRW,5,120,-7.29,-3.83,30,28.33,29.17,5,291.0,285.0,DELAY_LATE_AIRCRAFT|DELAY_SECURITY|DELAY_NAS
BRW,6,110,-3.77,-1.68,35,31.14,32.14,0,,,DELAY_LATE_AIRCRAFT|DELAY_SECURITY|CANC_WEATHER
BRW,7,115,-2.57,-1.09,30,22.0,22.83,0,,,DELAY_SECURITY|CANC_WEATHER|DELAY_LATE_AIRCRAFT
BRW,8,110,-4.27,1.36,45,29.89,36.33,0,,,DELAY_LATE_AIRCRAFT|DELAY_SECURITY|DELAY_NAS
BRW,9,110,-5.64,-2.68,30,23.0,27.0,10,85.0,81.5,DELAY_LATE_AIRCRAFT
BRW,10,110,-2.95,-3.64,35,34.0,34.29,5,66.0,70.0,DELAY_LATE_AIRCRAFT|CANC_WEATHER
BRW,11,90,-9.44,-9.78,40,27.5,21.0,5,83.0,77.0,DELAY_LATE_AIRCRAFT|CANC_WEATHER|DELAY_CARRIER
BRW,12,80,0.56,-0.94,55,27.18,29.91,10,90.5,90.0,DELAY_LATE_AIRCRAFT|DELAY_CARRIER|CANC_WEATHER
BTM,1,255,-13.59,-19.22,15,30.67,28.33,10,302.0,290.5,DELAY_CARRIER|DELAY_WEATHER|DELAY_NAS
BTM,2,265,-13.51,-15.92,0,,,5,100.0,105.0,DELAY_NAS|DELAY_WEATHER
BTM,3,265,-12.72,-24.42,20,33.25,29.0,5,202.0,237.0,DELAY_CARRIER|DELAY_WEATHER
BTM,4,260,-14.02,-28.67,10,35.5,22.0,5,67.0,49.0,DELAY_CARRIER|DELAY_SECURITY
BTM,5,280,-11.07,-22.2,10,40.5,30.5,0,,,DELAY_CARRIER
BTM,6,230,-13.28,-19.11,35,37.0,29.29,15,428.67,430.67,DELAY_CARRIER|DELAY_WEATHER
BTM,7,280,-11.54,-20.48,15,38.67,30.33,15,115.0,107.0,DELAY_CARRIER|DELAY_WEATHER
BTM,8,305,-12.62,-20.08,0,,,5,103.0,80.0,DELAY_CARRIER|DELAY_WEATHER
BTM,9,280,-12.32,-15.61,5,35.0,26.0,5,80.0,69.0,DELAY_CARRIER|DELAY_WEATHER
BTM,10,285,-12.88,-24.47,0,,,0,,,N/D
BTM,11,275,-12.89,-25.15,0,,,5,84.0,69.0,DELAY_CARRIER|DELAY_NAS
BTM,12,270,-13.57,-30.02,10,28.5,4.5,10,588.5,576.5,DELAY_CARRIER
BTR,1,1340,-4.91,-7.73,245,33.16,29.39,245,156.1,154.65,DELAY_LATE_AIRCRAFT|DELAY_CARRIER|DELAY_NAS
BTR,2,1685,-4.99,-8.44,135,28.11,25.7,100,211.6,207.6,DELAY_CARRIER|DELAY_LATE_AIRCRAFT|DELAY_NAS
BTR,3,1530,-3.64,-9.11,205,24.63,18.68,110,162.68,170.09,DELAY_CARRIER|DELAY_LATE_AIRCRAFT|DELAY_NAS
BTR,4,1680,-5.0,-8.01,225,28.13,30.38,200,187.53,183.38,DELAY_NAS|DELAY_CARRIER|DELAY_LATE_AIRCRAFT
BTR,5,1645,-3.03,-3.58,245,32.14,33.92,245,146.35,154.61,DELAY_LATE_AIRCRAFT|DELAY_NAS|DELAY_CARRIER
BTR,6,1735,-4.7,-8.96,210,28.31,23.21,175,227.71,224.63,DELAY_LATE_AIRCRAFT|DELAY_CARRIER|DELAY_NAS
BTR,7,1515,-2.91,-8.03,280,34.57,30.38,250,156.0,157.76,DELAY_LATE_AIRCRAFT|DELAY_CARRIER|CANC_CARRIER
BTR,8,1705,-5.32,-10.01,200,32.67,27.88,135,107.0,100.04,DELAY_LATE_AIRCRAFT|DELAY_CARRIER|DELAY_NAS
BTR,9,1625,-4.0,-10.0,200,32.85,25.43,135,126.67,123.78,DELAY_LATE_AIRCRAFT|DELAY_NAS|DELAY_CARRIER
BTR,10,1910,-5.09,-11.32,140,29.29,23.54,90,170.78,167.06,DELAY_CARRIER|DELAY_LATE_AIRCRAFT|DELAY_NAS
BTR,11,1825,-3.92,-10.82,210,26.4,23.14,85,101.29,100.59,DELAY_CARRIER|DELAY_LATE_AIRCRAFT|DELAY_NAS
BTR,12,1420,-2.11,-6.94,245,28.45,22.51,145,189.66,187.62,DELAY_LATE_AIRCRAFT|DELAY_NAS|DELAY_CARRIER
BTV,1,2025,-4.55,-12.06,220,31.95,31.3,255,198.39,195.35,DELAY_LATE_AIRCRAFT|DELAY_NAS|DELAY_CARRIER
BTV,2,2085,-4.81,-18.71,140,33.64,22.54,125,174.84,157.0,DELAY_NAS|DELAY_CARRIER|DELAY_LATE_AIRCRAFT
BTV,3,2125,-5.59,-15.38,145,33.93,28.86,85,203.94,203.94,DELAY_NAS|DELAY_CARRIER|DELAY_LATE_AIRCRAFT
BTV,4,2245,-6.66,-12.68,115,34.39,29.78,130,167.81,166.27,DELAY_NAS|DELAY_LATE_AIRCRAFT|DELAY_CARRIER
BTV,5,2685,-6.07,-12.56,205,32.34,29.22,210,172.52,176.17,DELAY_LATE_AIRCRAFT|DELAY_NAS|DELAY_CARRIER
BTV,6,3000,-5.31,-11.77,365,32.44,28.75,310,159.47,156.02,DELAY_LATE_AIRCRAFT|DELAY_CARRIER|DELAY_NAS
BTV,7,2895,-4.49,-7.42,410,30.85,28.23,430,220.52,223.26,DELAY_LATE_AIRCRAFT|DELAY_NAS|DELAY_CARRIER
BTV,8,3340,-4.12,-6.76,430,30.78,35.37,320,168.67,172.0,DELAY_NAS|DELAY_LATE_AIRCRAFT|DELAY_CARRIER
BTV,9,3925,-5.9,-9.5,245,31.53,27.27,180,151.19,145.67,DELAY_NAS|DELAY_LATE_AIRCRAFT|DELAY_CARRIER
BTV,10,3990,-5.56,-12.53,340,33.53,27.74,180,205.67,193.31,DELAY_LATE_AIRCRAFT|DELAY_NAS|DELAY_CARRIER
BTV,11,2890,-5.65,-15.35,155,38.13,31.87,165,158.39,147.09,DELAY_NAS|DELAY_CARRIER|DELAY_LATE_AIRCRAFT
BTV,12,2680,-3.75,-7.89,415,32.12,29.35,250,183.8,180.96,DELAY_NAS|DELAY_LATE_AIRCRAFT|DELAY_CARRIER
BUF,1,5240,-3.22,-7.33,830,31.45,33.4,690,175.04,181.19,CANC_WEATHER|DELAY_NAS|DELAY_LATE_AIRCRAFT
BUF,2,6695,-4.1,-14.78,760,27.44,18.01,325,201.46,194.02,DELAY_NAS|DELAY_LATE_AIRCRAFT|DELAY_CARRIER
BUF,3,7570,-3.95,-10.67,910,30.3,24.52,640,138.85,137.0,DELAY_LATE_AIRCRAFT|DELAY_NAS|DELAY_CARRIER
BUF,4,7545,-3.95,-10.9,865,31.62,26.69,430,159.26,155.88,DELAY_LATE_AIRCRAFT|DELAY_NAS|DELAY_CARRIER
BUF,5,7470,-3.79,-9.94,1085,32.51,30.11,710,157.04,154.15,DELAY_LATE_AIRCRAFT|DELAY_NAS|DELAY_CARRIER
BUF,6,7340,-3.36,-8.68,1225,31.96,30.0,835,163.46,160.44,DELAY_LATE_AIRCRAFT|DELAY_NAS|DELAY_CARRIER
BUF,7,7240,-2.71,-5.23,1560,32.76,31.44,1000,165.3,168.34,DELAY_LATE_AIRCRAFT|DELAY_NAS|DELAY_CARRIER
BUF,8,7505,-2.42,-6.71,1550,31.09,28.06,830,147.1,148.29,DELAY_LATE_AIRCRAFT|DELAY_NAS|DELAY_CARRIER
BUF,9,8715,-4.49,-9.6,840,29.15,24.5,315,148.25,146.6,DELAY_LATE_AIRCRAFT|DELAY_NAS|DELAY_CARRIER
BUF,10,8885,-4.24,-12.27,865,29.79,20.69,310,131.48,121.85,DELAY_LATE_AIRCRAFT|DELAY_CARRIER|DELAY_NAS
BUF,11,7765,-3.8,-12.84,670,30.96,21.66,345,128.13,118.52,DELAY_LATE_AIRCRAFT|DELAY_NAS|DELAY_CARRIER
BUF,12,6555,-2.54,-7.24,1270,31.13,29.78,775,153.23,155.08,DELAY_LATE_AIRCRAFT|DELAY_NAS|DELAY_CARRIER
BUR,1,9545,-3.49,-8.25,1215,31.84,25.85,625,126.08,121.71,DELAY_LATE_AIRCRAFT|DELAY_NAS|DELAY_CARRIER
BUR,2,8225,-3.14,-9.99,1210,31.78,24.65,615,154.0,148.41,DELAY_LATE_AIRCRAFT|DELAY_NAS|DELAY_CARRIER
BUR,3,8545,-2.56,-7.11,1590,33.16,29.43,870,129.36,127.89,DELAY_NAS|DELAY_LATE_AIRCRAFT|DELAY_CARRIER
BUR,4,9110,-3.18,-8.95,1300,31.62,26.08,695,122.9,124.25,DELAY_NAS|DELAY_LATE_AIRCRAFT|DELAY_CARRIER
BUR,5,9210,-2.76,-8.24,1530,32.56,28.39,785,112.81,108.68,DELAY_LATE_AIRCRAFT|DELAY_NAS|DELAY_CARRIER
BUR,6,10175,-1.78,-7.66,2195,31.14,24.31,860,133.28,127.61,DELAY_LATE_AIRCRAFT|DELAY_CARRIER|DELAY_NAS
BUR,7,11090,-2.77,-8.73,2085,31.28,25.22,945,137.13,131.44,DELAY_LATE_AIRCRAFT|DELAY_NAS|DELAY_CARRIER
BUR,8,11345,-3.71,-8.32,1485,32.27,27.68,690,138.39,134.67,DELAY_LATE_AIRCRAFT|DELAY_NAS|DELAY_CARRIER
BUR,9,10835,-3.81,-8.63,1630,31.57,28.04,900,138.74,134.8,DELAY_LATE_AIRCRAFT|DELAY_NAS|DELAY_CARRIER
BUR,10,11905,-3.37,-8.14,1665,30.97,27.29,760,142.81,139.99,DELAY_LATE_AIRCRAFT|DELAY_NAS|DELAY_CARRIER
BUR,11,11695,-3.6,-9.88,1460,30.73,24.26,530,141.92,140.15,DELAY_LATE_AIRCRAFT|DELAY_NAS|DELAY_CARRIER
BUR,12,10905,-2.82,-9.61,1910,30.08,23.24,880,120.47,114.01,DELAY_LATE_AIRCRAFT|DELAY_NAS|DELAY_CARRIER
BWI,1,24910,0.19,-6.58,8660,30.26,26.05,2735,123.56,128.17,DELAY_CARRIER|DELAY_LATE_AIRCRAFT|DELAY_NAS
BWI,2,28420,-0.93,-11.13,4910,28.25,18.33,1025,125.26,115.11,DELAY_CARRIER|DELAY_LATE_AIRCRAFT|DELAY_NAS
BWI,3,28085,-0.1,-8.87,8825,30.68,24.07,3115,123.34,120.59,DELAY_LATE_AIRCRAFT|DELAY_CARRIER|DELAY_NAS
BWI,4,29870,-0.03,-6.09,8350,29.41,23.44,2590,124.8,120.55,DELAY_CARRIER|DELAY_LATE_AIRCRAFT|DELAY_NAS
BWI,5,27805,0.39,-4.92,11005,30.32,25.57,4045,121.99,118.8,DELAY_LATE_AIRCRAFT|DELAY_CARRIER|DELAY_NAS
BWI,6,28085,0.74,-5.72,11470,30.45,24.13,3795,125.74,120.06,DELAY_CARRIER|DELAY_LATE_AIRCRAFT|DELAY_NAS
BWI,7,24885,1.17,-3.6,13400,31.39,27.76,6170,130.29,126.34,DELAY_LATE_AIRCRAFT|DELAY_CARRIER|DELAY_NAS
BWI,8,27850,0.66,-5.62,11050,30.47,26.84,4550,136.53,135.28,DELAY_LATE_AIRCRAFT|DELAY_CARRIER|DELAY_NAS
BWI,9,32995,-0.52,-7.5,6715,28.4,20.55,1380,127.45,121.07,DELAY_CARRIER|DELAY_LATE_AIRCRAFT|DELAY_NAS
BWI,10,33355,-0.22,-9.93,6915,28.26,16.87,1085,122.26,110.35,DELAY_CARRIER|DELAY_LATE_AIRCRAFT|DELAY_NAS
BWI,11,32515,-1.13,-11.01,5135,28.13,18.16,1245,120.84,109.86,DELAY_CARRIER|DELAY_LATE_AIRCRAFT|DELAY_NAS
BWI,12,28725,0.13,-9.45,8220,29.55,19.65,2365,117.27,108.81,DELAY_CARRIER|DELAY_LATE_AIRCRAFT|DELAY_NAS
BZN,1,3200,-5.24,-9.66,485,32.09,30.93,390,276.94,277.23,DELAY_LATE_AIRCRAFT|DELAY_NAS|DELAY_CARRIER
BZN,2,3370,-5.48,-6.47,275,34.93,38.4,325,182.97,195.23,DELAY_NAS|DELAY_LATE_AIRCRAFT|DELAY_CARRIER
BZN,3,3655,-4.47,-7.79,460,31.78,25.23,245,130.63,128.65,DELAY_NAS|DELAY_LATE_AIRCRAFT|DELAY_CARRIER
BZN,4,2815,-5.45,-8.21,245,33.12,28.02,130,110.23,107.46,DELAY_LATE_AIRCRAFT|DELAY_NAS|DELAY_CARRIER
BZN,5,2955,-4.51,-8.66,355,30.0,26.37,260,186.96,187.12,DELAY_NAS|DELAY_LATE_AIRCRAFT|DELAY_CARRIER
BZN,6,4125,-3.6,-9.33,665,31.57,25.46,360,121.83,114.94,DELAY_LATE_AIRCRAFT|DELAY_NAS|DELAY_CARRIER
BZN,7,4340,-3.63,-7.68,845,32.92,32.47,495,159.47,158.44,DELAY_LATE_AIRCRAFT|DELAY_NAS|DELAY_CARRIER
BZN,8,4310,-3.02,-7.35,755,32.99,29.77,390,166.58,163.13,DELAY_LATE_AIRCRAFT|DELAY_NAS|DELAY_CARRIER
BZN,9,3945,-3.53,-8.69,410,30.07,25.83,145,109.9,104.86,DELAY_LATE_AIRCRAFT|DELAY_NAS|DELAY_CARRIER
BZN,10,3235,-5.09,-11.96,305,28.84,22.11,100,152.2,143.7,DELAY_LATE_AIRCRAFT|DELAY_NAS|DELAY_CARRIER
BZN,11,2500,-5.44,-9.96,260,31.56,26.21,150,178.9,186.73,DELAY_NAS|DELAY_CARRIER|DELAY_LATE_AIRCRAFT
BZN,12,3300,-4.55,-13.25,410,32.39,23.33,230,233.61,226.11,DELAY_LATE_AIRCRAFT|DELAY_CARRIER|DELAY_NAS
CAE,1,1930,-5.12,-10.75,200,33.7,29.43,210,157.93,153.6,DELAY_LATE_AIRCRAFT|DELAY_NAS|CANC_WEATHER
CAE,2,2170,-5.56,-11.51,145,32.17,24.62,80,163.69,157.12,DELAY_LATE_AIRCRAFT|DELAY_CARRIER|DELAY_NAS
CAE,3,2210,-4.9,-10.99,255,31.45,23.84,140,167.36,157.5,DELAY_LATE_AIRCRAFT|DELAY_CARRIER|DELAY_NAS
CAE,4,2380,-4.84,-7.72,220,31.64,34.18,110,127.41,125.73,DELAY_LATE_AIRCRAFT|DELAY_NAS|DELAY_CARRIER
CAE,5,2335,-4.85,-7.7,310,32.89,30.48,250,141.4,145.76,DELAY_LATE_AIRCRAFT|DELAY_NAS|DELAY_CARRIER
CAE,6,2335,-4.51,-10.09,255,34.59,31.02,150,192.6,193.17,DELAY_LATE_AIRCRAFT|DELAY_CARRIER|DELAY_NAS
CAE,7,2085,-4.76,-7.71,265,32.25,31.64,355,210.51,213.62,DELAY_LATE_AIRCRAFT|DELAY_CARRIER|DELAY_NAS
CAE,8,2435,-4.99,-7.77,250,32.98,32.68,175,156.83,157.2,DELAY_LATE_AIRCRAFT|DELAY_NAS|DELAY_CARRIER
CAE,9,2485,-5.22,-6.87,235,35.02,30.6,230,160.61,160.5,DELAY_LATE_AIRCRAFT|DELAY_CARRIER|DELAY_NAS
CAE,10,2915,-5.57,-8.83,275,31.15,24.02,90,131.67,123.39,DELAY_LATE_AIRCRAFT|DELAY_NAS|DELAY_CARRIER
CAE,11,2610,-4.44,-7.18,285,27.91,22.46,135,175.04,172.52,DELAY_NAS|DELAY_LATE_AIRCRAFT|DELAY_CARRIER
CAE,12,2495,-3.5,-6.62,315,35.59,30.38,150,165.57,158.43,DELAY_NAS|DELAY_LATE_AIRCRAFT|DELAY_CARRIER
CAK,1,1020,-6.73,-11.75,105,33.38,28.48,160,148.34,143.62,DELAY_LATE_AIRCRAFT|DELAY_CARRIER|DELAY_NAS
CAK,2,1100,-7.74,-15.65,80,32.06,19.75,65,139.54,126.54,DELAY_CARRIER|DELAY_LATE_AIRCRAFT|DELAY_NAS
CAK,3,1180,-7.77,-11.53,105,38.1,26.95,60,144.08,142.5,DELAY_NAS|DELAY_LATE_AIRCRAFT|DELAY_CARRIER
CAK,4,1210,-6.55,-7.48,100,32.55,32.0,115,185.13,179.35,DELAY_LATE_AIRCRAFT|DELAY_CARRIER|DELAY_NAS
CAK,5,1200,-7.44,-8.2,110,37.77,41.36,190,138.63,142.66,DELAY_LATE_AIRCRAFT|DELAY_CARRIER|DELAY_NAS
CAK,6,1225,-5.07,-8.45,180,32.83,30.03,205,148.61,144.0,DELAY_LATE_AIRCRAFT|DELAY_CARRIER|DELAY_NAS
CAK,7,1135,-6.34,-6.3,200,34.17,32.45,300,154.18,156.08,DELAY_LATE_AIRCRAFT|DELAY_CARRIER|DELAY_NAS
CAK,8,1185,-7.17,-6.03,110,33.05,30.5,200,185.62,180.47,DELAY_LATE_AIRCRAFT|DELAY_NAS|DELAY_CARRIER
CAK,9,1090,-7.12,-10.27,105,30.05,25.33,170,163.74,159.32,DELAY_LATE_AIRCRAFT|DELAY_CARRIER|DELAY_NAS
CAK,10,1210,-7.62,-12.04,75,27.13,19.0,85,123.0,116.88,DELAY_CARRIER|DELAY_LATE_AIRCRAFT|DELAY_NAS
CAK,11,1180,-6.25,-11.19,60,33.42,23.08,115,160.7,154.61,DELAY_CARRIER|DELAY_LATE_AIRCRAFT|DELAY_NAS
CAK,12,1105,-5.09,-12.24,185,32.86,26.62,200,186.32,176.65,DELAY_LATE_AIRCRAFT|DELAY_CARRIER|DELAY_NAS
CDC,1,225,-7.29,-14.29,15,25.67,18.67,20,154.25,151.0,DELAY_WEATHER|DELAY_CARRIER|DELAY_NAS
CDC,2,240,-6.73,-17.94,10,38.5,18.0,0,,,DELAY_CARRIER
CDC,3,220,-7.68,-11.3,5,36.0,33.0,15,83.33,75.0,CANC_WEATHER|DELAY_CARRIER|DELAY_WEATHER
CDC,4,225,-6.53,-10.0,10,48.5,40.5,20,138.5,126.75,DELAY_CARRIER|DELAY_SECURITY
CDC,5,235,-6.17,-9.13,20,42.5,33.75,10,475.5,462.5,DELAY_CARRIER|DELAY_WEATHER
CDC,6,215,-7.07,-13.49,15,28.67,32.33,30,225.17,219.0,DELAY_CARRIER|DELAY_WEATHER
CDC,7,215,-8.33,-14.09,15,26.33,18.33,30,175.67,172.0,DELAY_CARRIER|DELAY_WEATHER
CDC,8,260,-8.88,-14.83,5,30.0,18.0,5,92.0,87.0,DELAY_CARRIER|DELAY_WEATHER
CDC,9,250,-10.62,-12.28,5,59.0,44.0,10,110.5,101.0,DELAY_CARRIER
CDC,10,240,-10.67,-14.27,5,17.0,5.0,15,132.0,136.67,DELAY_CARRIER|DELAY_WEATHER
CDC,11,235,-10.11,-13.47,15,37.0,29.33,15,106.33,109.0,DELAY_CARRIER
CDC,12,240,-10.6,-21.44,15,29.0,19.67,15,124.33,110.67,DELAY_CARRIER|DELAY_WEATHER
CDV,1,210,-13.38,-12.57,45,31.0,40.78,25,85.6,90.4,DELAY_LATE_AIRCRAFT|DELAY_NAS|CANC_WEATHER
CDV,2,235,-16.6,-16.11,30,28.17,25.83,5,213.0,206.0,DELAY_LATE_AIRCRAFT|CANC_CARRIER
CDV,3,255,-14.02,-14.98,35,36.14,34.57,20,95.75,94.0,DELAY_LATE_AIRCRAFT
CDV,4,255,-15.57,-17.88,20,37.75,31.75,10,178.0,173.5,DELAY_LATE_AIRCRAFT|CANC_CARRIER|CANC_WEATHER
CDV,5,270,-12.06,-11.69,20,33.25,36.75,10,100.0,92.0,DELAY_LATE_AIRCRAFT|CANC_CARRIER|DELAY_CARRIER
CDV,6,270,-6.63,-5.56,20,34.75,45.5,10,73.0,62.0,DELAY_LATE_AIRCRAFT|DELAY_NAS|DELAY_SECURITY
CDV,7,245,-6.31,-4.76,55,31.82,33.27,5,228.0,233.0,DELAY_LATE_AIRCRAFT|DELAY_CARRIER|DELAY_SECURITY
CDV,8,210,-4.31,-5.1,80,31.06,31.69,10,133.0,133.5,DELAY_LATE_AIRCRAFT|DELAY_CARRIER|CANC_CARRIER
CDV,9,235,-4.28,-2.89,50,27.9,21.5,15,104.67,101.0,DELAY_LATE_AIRCRAFT|DELAY_NAS|DELAY_CARRIER
CDV,10,265,-11.32,-10.4,35,22.43,21.86,5,118.0,109.0,DELAY_LATE_AIRCRAFT|CANC_WEATHER|DELAY_NAS
CDV,11,260,-13.19,-14.94,15,34.67,41.33,5,73.0,84.0,DELAY_LATE_AIRCRAFT|CANC_CARRIER|CANC_WEATHER
CDV,12,230,-9.89,-10.5,45,31.33,32.33,10,116.0,126.0,DELAY_LATE_AIRCRAFT|DELAY_SECURITY|CANC_CARRIER
CHA,1,1655,-3.28,-6.38,340,32.07,28.32,235,144.02,142.17,DELAY_LATE_AIRCRAFT|DELAY_NAS|CANC_WEATHER
CHA,2,2205,-4.94,-9.79,180,31.47,23.61,90,132.22,123.78,DELAY_CARRIER|DELAY_LATE_AIRCRAFT|DELAY_NAS
CHA,3,2370,-4.43,-11.0,265,31.98,25.66,215,173.88,168.51,DELAY_LATE_AIRCRAFT|DELAY_CARRIER|DELAY_NAS
CHA,4,2345,-3.81,-4.97,360,29.89,26.89,205,166.88,162.05,DELAY_LATE_AIRCRAFT|DELAY_CARRIER|DELAY_NAS
CHA,5,2070,-3.53,-6.94,495,29.85,26.84,305,166.57,167.66,DELAY_LATE_AIRCRAFT|DELAY_CARRIER|DELAY_NAS
CHA,6,2180,-3.18,-9.6,335,30.51,26.06,200,111.42,106.95,DELAY_LATE_AIRCRAFT|DELAY_CARRIER|DELAY_NAS
CHA,7,1825,-2.62,-7.1,410,36.32,35.38,315,208.52,202.59,DELAY_LATE_AIRCRAFT|DELAY_CARRIER|DELAY_NAS
CHA,8,2215,-4.4,-8.57,320,32.5,28.08,165,186.55,185.45,DELAY_LATE_AIRCRAFT|DELAY_CARRIER|DELAY_NAS
CHA,9,2495,-4.9,-10.56,240,32.46,28.52,180,205.25,201.81,DELAY_LATE_AIRCRAFT|DELAY_CARRIER|DELAY_NAS
CHA,10,2770,-3.83,-11.05,265,31.53,25.23,90,179.11,169.5,DELAY_CARRIER|DELAY_LATE_AIRCRAFT|DELAY_NAS
CHA,11,3055,-5.12,-11.02,260,28.63,20.98,160,201.09,201.53,DELAY_NAS|DELAY_LATE_AIRCRAFT|DELAY_CARRIER
CHA,12,2315,-2.97,-9.43,385,30.08,25.66,285,139.11,136.75,DELAY_LATE_AIRCRAFT|DELAY_NAS|DELAY_CARRIER
CHO,1,900,-6.11,-8.79,75,33.27,35.33,115,126.96,125.3,DELAY_NAS|CANC_WEATHER|DELAY_CARRIER
CHO,2,1075,-5.67,-8.92,45,30.56,22.89,40,219.38,217.5,DELAY_NAS|DELAY_CARRIER|DELAY_LATE_AIRCRAFT
CHO,3,1140,-5.57,-14.95,60,33.67,32.42,65,125.0,120.23,DELAY_NAS|DELAY_CARRIER|DELAY_LATE_AIRCRAFT
CHO,4,1160,-5.56,-10.55,115,37.3,33.87,80,222.94,218.12,DELAY_NAS|DELAY_LATE_AIRCRAFT|DELAY_CARRIER
CHO,5,1145,-3.6,-8.89,100,29.0,26.9,135,182.85,179.85,DELAY_NAS|DELAY_LATE_AIRCRAFT|DELAY_CARRIER
CHO,6,1060,-3.99,-10.19,90,37.22,31.56,60,227.17,223.42,DELAY_NAS|DELAY_CARRIER|DELAY_LATE_AIRCRAFT
CHO,7,925,-4.29,-9.22,145,32.86,32.72,155,178.58,174.81,DELAY_NAS|DELAY_LATE_AIRCRAFT|DELAY_CARRIER
CHO,8,965,-4.63,-8.14,125,34.88,41.8,125,145.8,140.32,DELAY_NAS|DELAY_LATE_AIRCRAFT|CANC_NAS
CHO,9,1115,-5.22,-9.61,80,33.62,33.0,60,226.33,219.08,DELAY_CARRIER|DELAY_NAS|DELAY_LATE_AIRCRAFT
CHO,10,1625,-4.49,-7.74,110,32.32,32.32,60,116.92,114.17,DELAY_NAS|DELAY_CARRIER|DELAY_LATE_AIRCRAFT
CHO,11,1330,-4.85,-9.88,50,27.1,24.3,55,183.91,180.73,DELAY_NAS|DELAY_CARRIER|DELAY_LATE_AIRCRAFT
CHO,12,970,-3.49,-8.85,160,28.31,26.12,125,170.28,170.12,DELAY_NAS|DELAY_CARRIER|DELAY_LATE_AIRCRAFT
CHS,1,6845,-4.42,-11.05,900,33.99,29.39,760,176.82,176.18,DELAY_LATE_AIRCRAFT|DELAY_NAS|DELAY_CARRIER
CHS,2,7390,-4.74,-10.21,710,30.93,24.14,385,177.4,171.43,DELAY_LATE_AIRCRAFT|DELAY_NAS|DELAY_CARRIER
CHS,3,8340,-3.9,-9.56,1165,30.43,22.85,670,164.22,160.49,DELAY_LATE_AIRCRAFT|DELAY_NAS|DELAY_CARRIER
CHS,4,9100,-3.85,-8.3,1150,31.09,26.1,695,155.43,152.86,DELAY_LATE_AIRCRAFT|DELAY_NAS|DELAY_CARRIER
CHS,5,9310,-3.35,-7.3,1475,31.09,29.44,1050,162.5,164.23,DELAY_LATE_AIRCRAFT|DELAY_NAS|DELAY_CARRIER
CHS,6,9270,-3.31,-8.03,1565,31.17,28.42,835,175.86,175.5,DELAY_LATE_AIRCRAFT|DELAY_NAS|DELAY_CARRIER
CHS,7,8670,-3.17,-6.96,1745,32.5,32.81,1455,161.56,162.99,DELAY_LATE_AIRCRAFT|DELAY_NAS|DELAY_CARRIER
CHS,8,8465,-4.18,-8.98,1505,30.75,26.88,990,148.97,147.47,DELAY_LATE_AIRCRAFT|DELAY_NAS|DELAY_CARRIER
CHS,9,9425,-4.86,-9.86,1040,30.47,27.41,460,179.95,177.36,DELAY_LATE_AIRCRAFT|DELAY_NAS|DELAY_CARRIER
CHS,10,10105,-4.21,-10.24,840,28.58,19.77,300,171.02,165.0,DELAY_LATE_AIRCRAFT|DELAY_NAS|DELAY_CARRIER
CHS,11,8660,-4.44,-8.53,755,30.06,25.4,355,149.14,146.63,DELAY_LATE_AIRCRAFT|DELAY_NAS|DELAY_CARRIER
CHS,12,7795,-3.26,-7.54,1180,32.31,26.69,680,139.87,135.27,DELAY_LATE_AIRCRAFT|DELAY_NAS|DELAY_CARRIER
CID,1,1745,-3.0,-7.9,390,32.22,25.49,480,245.08,243.91,DELAY_LATE_AIRCRAFT|CANC_WEATHER|DELAY_CARRIER
CID,2,2450,-5.41,-15.98,240,30.62,22.0,105,185.48,170.43,DELAY_LATE_AIRCRAFT|DELAY_CARRIER|DELAY_NAS
CID,3,2750,-5.45,-15.28,245,31.2,24.43,185,180.97,175.89,DELAY_LATE_AIRCRAFT|DELAY_NAS|DELAY_CARRIER
CID,4,2625,-5.0,-9.47,270,31.31,32.04,180,177.56,181.75,DELAY_NAS|DELAY_LATE_AIRCRAFT|DELAY_CARRIER
CID,5,2450,-4.1,-6.41,365,29.75,28.62,460,170.25,173.88,DELAY_NAS|DELAY_LATE_AIRCRAFT|DELAY_CARRIER
CID,6,2665,-3.9,-4.3,385,34.03,31.95,315,231.24,230.25,DELAY_LATE_AIRCRAFT|DELAY_CARRIER|DELAY_NAS
CID,7,2720,-3.72,-4.16,480,32.51,34.44,345,216.22,215.93,DELAY_CARRIER|DELAY_LATE_AIRCRAFT|DELAY_NAS
CID,8,3145,-4.31,-4.63,435,31.83,36.77,285,179.33,178.25,DELAY_CARRIER|DELAY_NAS|DELAY_LATE_AIRCRAFT
CID,9,3255,-5.06,-9.57,275,30.62,24.0,140,177.07,174.0,DELAY_CARRIER|DELAY_NAS|DELAY_LATE_AIRCRAFT
CID,10,3295,-4.89,-9.35,235,29.94,24.77,215,132.7,122.81,DELAY_CARRIER|DELAY_LATE_AIRCRAFT|DELAY_NAS
CID,11,2935,-4.52,-7.43,225,31.47,30.02,170,189.68,186.62,DELAY_CARRIER|DELAY_NAS|DELAY_LATE_AIRCRAFT
CID,12,2360,-2.61,-9.97,510,29.9,20.88,295,219.47,214.32,DELAY_LATE_AIRCRAFT|DELAY_CARRIER|CANC_WEATHER
CIU,1,195,-4.64,-10.08,10,31.5,14.5,65,249.46,250.08,DELAY_CARRIER|CANC_WEATHER|DELAY_WEATHER
CIU,2,215,-4.91,-12.12,25,31.0,20.2,45,299.0,278.78,DELAY_CARRIER|CANC_WEATHER|DELAY_NAS
CIU,3,270,-4.15,-14.74,5,21.0,19.0,35,229.43,214.0,DELAY_CARRIER|DELAY_WEATHER|DELAY_NAS
CIU,4,255,-5.94,-12.76,10,15.5,1.0,35,161.43,145.86,DELAY_CARRIER
CIU,5,270,-5.31,-14.3,15,31.67,22.67,25,202.6,197.6,DELAY_CARRIER|DELAY_WEATHER
CIU,6,230,-5.54,-10.43,35,28.14,27.14,35,256.29,260.86,DELAY_CARRIER|DELAY_WEATHER
CIU,7,255,-3.57,-5.1,20,35.25,30.5,35,167.71,159.57,DELAY_CARRIER|DELAY_WEATHER
CIU,8,280,-4.62,-3.75,25,29.2,29.8,5,113.0,119.0,DELAY_CARRIER|DELAY_NAS|DELAY_WEATHER
CIU,9,260,-4.62,-11.9,0,,,40,113.0,110.25,DELAY_CARRIER|DELAY_WEATHER
CIU,10,255,-4.94,-10.31,20,42.0,33.75,35,204.86,196.57,DELAY_CARRIER|DELAY_WEATHER
CIU,11,265,-6.34,-11.49,20,31.25,32.25,10,125.0,121.0,DELAY_CARRIER|DELAY_NAS|DELAY_WEATHER
CIU,12,140,-2.39,-1.82,60,29.75,25.5,85,181.59,176.76,DELAY_CARRIER|CANC_WEATHER|DELAY_NAS
CKB,1,65,-5.85,-5.77,5,36.0,31.0,5,1220.0,1235.0,DELAY_LATE_AIRCRAFT|DELAY_NAS
CKB,2,45,-3.56,-11.22,15,29.33,25.33,5,202.0,200.0,DELAY_LATE_AIRCRAFT|DELAY_CARRIER
CKB,3,70,-1.43,-9.0,10,20.5,4.5,10,110.5,105.0,DELAY_NAS|DELAY_LATE_AIRCRAFT
CKB,4,65,-2.15,-10.15,5,37.0,23.0,15,103.67,117.33,DELAY_CARRIER|DELAY_LATE_AIRCRAFT|DELAY_NAS
CKB,5,55,3.73,2.18,25,33.0,33.6,15,105.67,113.67,DELAY_LATE_AIRCRAFT|DELAY_NAS|DELAY_CARRIER
CKB,6,105,-5.76,-5.81,40,43.0,45.0,10,120.5,117.0,DELAY_LATE_AIRCRAFT|DELAY_CARRIER|DELAY_NAS
CKB,7,90,-4.72,-9.06,45,31.11,36.0,30,280.67,284.0,DELAY_LATE_AIRCRAFT|DELAY_NAS|CANC_CARRIER
CKB,8,55,-0.64,1.55,30,31.83,31.17,15,549.33,560.33,DELAY_LATE_AIRCRAFT|DELAY_NAS|DELAY_CARRIER
CKB,9,30,-2.67,3.83,15,21.33,24.67,0,,,DELAY_CARRIER|DELAY_NAS|DELAY_WEATHER
CKB,10,20,1.75,-2.25,10,25.0,12.5,10,72.0,76.0,DELAY_LATE_AIRCRAFT|CANC_WEATHER|DELAY_CARRIER
CKB,11,35,5.0,-2.43,5,17.0,12.0,5,78.0,79.0,DELAY_CARRIER|DELAY_NAS
CKB,12,20,0.25,-6.0,15,20.33,16.67,15,113.33,111.33,DELAY_LATE_AIRCRAFT|CANC_NAS|DELAY_CARRIER
CLE,1,11365,-4.01,-10.09,1940,31.58,27.98,1365,174.95,171.82,DELAY_LATE_AIRCRAFT|DELAY_NAS|DELAY_CARRIER
CLE,2,12975,-4.82,-14.74,1245,30.63,19.28,510,131.73,122.57,DELAY_LATE_AIRCRAFT|DELAY_NAS|DELAY_CARRIER
CLE,3,13785,-4.06,-11.51,1880,32.49,24.52,1240,143.85,139.24,DELAY_LATE_AIRCRAFT|DELAY_NAS|DELAY_CARRIER
CLE,4,13890,-4.0,-11.1,1690,32.02,24.29,940,167.72,162.43,DELAY_LATE_AIRCRAFT|DELAY_NAS|DELAY_CARRIER
CLE,5,14560,-3.41,-8.32,2020,32.26,28.66,1435,148.99,147.53,DELAY_LATE_AIRCRAFT|DELAY_NAS|DELAY_CARRIER
CLE,6,14140,-2.82,-8.5,2450,31.42,26.47,1640,156.29,150.52,DELAY_LATE_AIRCRAFT|DELAY_CARRIER|DELAY_NAS
CLE,7,13710,-3.22,-8.02,2575,31.77,27.61,1970,162.09,158.33,DELAY_LATE_AIRCRAFT|DELAY_NAS|DELAY_CARRIER
CLE,8,14040,-3.56,-8.86,2165,31.07,26.89,1170,168.68,168.91,DELAY_LATE_AIRCRAFT|DELAY_NAS|DELAY_CARRIER
CLE,9,15585,-4.52,-10.54,1245,31.36,27.4,500,166.27,162.28,DELAY_LATE_AIRCRAFT|DELAY_NAS|DELAY_CARRIER
CLE,10,15985,-4.86,-12.2,1145,30.48,22.82,585,143.07,134.56,DELAY_LATE_AIRCRAFT|DELAY_NAS|DELAY_CARRIER
CLE,11,14005,-4.82,-12.1,1225,30.79,21.96,695,139.77,133.8,DELAY_NAS|DELAY_LATE_AIRCRAFT|DELAY_CARRIER
CLE,12,12730,-2.76,-8.93,2150,31.07,25.05,1105,124.78,122.18,DELAY_NAS|DELAY_LATE_AIRCRAFT|DELAY_CARRIER
CLL,1,355,-5.66,-8.45,35,27.71,32.57,50,178.8,183.1,DELAY_WEATHER|CANC_WEATHER|DELAY_CARRIER
CLL,2,410,-6.66,-8.21,15,21.0,30.33,10,174.0,163.0,DELAY_NAS|DELAY_CARRIER
CLL,3,425,-6.88,-15.26,15,41.0,34.33,15,147.67,161.67,DELAY_LATE_AIRCRAFT|CANC_WEATHER|DELAY_CARRIER
CLL,4,355,-5.2,-10.76,15,24.67,26.0,55,179.73,189.82,DELAY_LATE_AIRCRAFT|DELAY_NAS|DELAY_WEATHER
CLL,5,325,-5.25,-6.88,35,31.43,31.14,70,262.43,264.07,DELAY_LATE_AIRCRAFT|DELAY_CARRIER|CANC_WEATHER
CLL,6,350,-5.49,-10.77,55,33.27,32.82,35,146.14,148.0,DELAY_LATE_AIRCRAFT|DELAY_NAS|CANC_WEATHER
CLL,7,295,-4.27,-7.68,95,29.21,22.68,55,119.36,116.45,DELAY_LATE_AIRCRAFT|DELAY_NAS|CANC_WEATHER
CLL,8,380,-7.08,-8.97,55,31.64,26.45,30,222.83,218.5,DELAY_LATE_AIRCRAFT|DELAY_NAS|DELAY_CARRIER
CLL,9,380,-6.09,-9.68,50,26.3,20.6,30,135.33,127.5,DELAY_LATE_AIRCRAFT|DELAY_NAS|DELAY_WEATHER
CLL,10,515,-7.04,-12.3,25,36.4,35.6,45,187.89,183.0,DELAY_CARRIER|DELAY_NAS|DELAY_LATE_AIRCRAFT
CLL,11,355,-6.96,-11.85,50,31.1,21.7,35,156.71,148.29,DELAY_LATE_AIRCRAFT|DELAY_CARRIER|DELAY_WEATHER
CLL,12,330,-7.48,-10.95,45,35.78,28.89,65,137.85,134.69,DELAY_CARRIER|DELAY_LATE_AIRCRAFT|DELAY_WEATHER
CLT,1,58835,-1.94,-6.79,13115,32.29,27.94,8235,136.16,132.78,DELAY_LATE_AIRCRAFT|DELAY_CARRIER|DELAY_NAS
CLT,2,65625,-2.45,-7.43,9415,30.87,25.97,3540,125.76,120.13,DELAY_LATE_AIRCRAFT|DELAY_CARRIER|DELAY_NAS
CLT,3,65630,-1.61,-6.4,13900,31.1,26.53,6990,136.55,132.14,DELAY_LATE_AIRCRAFT|DELAY_CARRIER|DELAY_NAS
CLT,4,68565,-1.66,-4.7,14190,31.49,28.8,7405,133.22,130.54,DELAY_LATE_AIRCRAFT|DELAY_CARRIER|DELAY_NAS
CLT,5,60420,-0.9,-1.74,19935,32.68,33.66,14000,143.17,143.49,DELAY_LATE_AIRCRAFT|DELAY_CARRIER|DELAY_NAS
CLT,6,63295,-1.17,-6.58,17145,32.53,27.94,11220,146.04,141.31,DELAY_LATE_AIRCRAFT|DELAY_CARRIER|DELAY_NAS
CLT,7,49760,-0.78,-5.07,20010,33.84,31.08,21640,154.34,151.14,DELAY_LATE_AIRCRAFT|DELAY_CARRIER|DELAY_NAS
CLT,8,62700,-1.44,-6.4,17760,32.12,28.67,11975,149.47,145.1,DELAY_LATE_AIRCRAFT|DELAY_CARRIER|DELAY_NAS
CLT,9,71150,-2.05,-7.42,12750,31.47,26.46,7400,141.35,135.55,DELAY_LATE_AIRCRAFT|DELAY_CARRIER|DELAY_NAS
CLT,10,79635,-1.85,-8.94,13360,29.87,22.79,4790,146.98,138.86,DELAY_LATE_AIRCRAFT|DELAY_CARRIER|DELAY_NAS
CLT,11,75415,-2.59,-7.68,8815,30.6,26.35,3210,122.42,117.55,DELAY_CARRIER|DELAY_LATE_AIRCRAFT|DELAY_NAS
CLT,12,66830,-1.5,-6.19,14495,31.7,26.79,7325,132.65,127.11,DELAY_LATE_AIRCRAFT|DELAY_CARRIER|DELAY_NAS
CMH,1,12765,-3.37,-9.37,1745,31.15,26.3,855,154.78,154.37,DELAY_NAS|DELAY_LATE_AIRCRAFT|DELAY_CARRIER
CMH,2,13045,-3.71,-11.54,1530,30.19,24.08,540,132.0,126.94,DELAY_NAS|DELAY_LATE_AIRCRAFT|DELAY_CARRIER
CMH,3,14215,-3.07,-10.52,1985,31.89,23.78,970,151.41,149.36,DELAY_LATE_AIRCRAFT|DELAY_NAS|DELAY_CARRIER
CMH,4,14310,-3.22,-9.28,1495,30.73,23.73,875,136.75,133.85,DELAY_LATE_AIRCRAFT|DELAY_NAS|DELAY_CARRIER
CMH,5,14100,-2.57,-7.93,2135,32.16,28.79,1410,131.59,133.9,DELAY_LATE_AIRCRAFT|DELAY_NAS|DELAY_CARRIER
CMH,6,14595,-2.59,-9.04,2015,30.67,24.54,1215,145.4,142.66,DELAY_LATE_AIRCRAFT|DELAY_NAS|DELAY_CARRIER
CMH,7,14255,-3.25,-8.27,2415,31.41,27.72,1735,157.0,154.57,DELAY_LATE_AIRCRAFT|DELAY_CARRIER|DELAY_NAS
CMH,8,14750,-3.18,-8.92,2010,31.18,27.44,1330,169.73,168.31,DELAY_LATE_AIRCRAFT|DELAY_NAS|DELAY_CARRIER
CMH,9,15700,-4.16,-9.3,1325,30.42,25.59,670,186.86,183.61,DELAY_NAS|DELAY_LATE_AIRCRAFT|DELAY_CARRIER
CMH,10,17175,-4.28,-11.6,1340,29.53,20.66,490,180.83,173.17,DELAY_LATE_AIRCRAFT|DELAY_NAS|DELAY_CARRIER
CMH,11,15965,-3.93,-11.41,1355,29.89,22.61,665,125.85,124.62,DELAY_NAS|DELAY_LATE_AIRCRAFT|DELAY_CARRIER
CMH,12,14275,-2.05,-10.2,2370,31.13,24.31,905,153.71,147.83,DELAY_LATE_AIRCRAFT|DELAY_CARRIER|DELAY_NAS
CMI,1,390,-4.01,-11.58,85,30.29,28.88,60,179.08,173.58,CANC_WEATHER|DELAY_LATE_AIRCRAFT|DELAY_NAS
CMI,2,515,-4.48,-13.08,55,35.55,34.0,10,141.0,139.5,DELAY_LATE_AIRCRAFT|DELAY_NAS|DELAY_CARRIER
CMI,3,510,-3.81,-12.31,60,30.0,34.25,50,264.8,250.0,DELAY_LATE_AIRCRAFT|DELAY_NAS|DELAY_CARRIER
CMI,4,495,-3.49,-9.94,60,29.58,18.58,40,314.38,316.25,DELAY_CARRIER|DELAY_LATE_AIRCRAFT|DELAY_NAS
CMI,5,405,-3.7,-5.78,95,32.89,28.58,105,171.38,176.24,DELAY_LATE_AIRCRAFT|DELAY_CARRIER|DELAY_NAS
CMI,6,435,-4.01,-14.59,75,31.67,28.6,70,200.07,191.21,DELAY_LATE_AIRCRAFT|DELAY_CARRIER|DELAY_NAS
CMI,7,470,-4.8,-11.74,105,34.81,33.24,25,128.4,124.2,DELAY_LATE_AIRCRAFT|DELAY_CARRIER|DELAY_NAS
CMI,8,520,-4.13,-13.85,65,28.85,17.69,45,123.22,114.89,DELAY_LATE_AIRCRAFT|DELAY_CARRIER|DELAY_NAS
CMI,9,480,-3.99,-9.43,40,32.0,17.38,65,229.15,223.62,DELAY_LATE_AIRCRAFT|DELAY_NAS|DELAY_CARRIER
CMI,10,560,-5.15,-15.99,25,33.2,31.8,5,244.0,254.0,DELAY_CARRIER|DELAY_NAS|DELAY_LATE_AIRCRAFT
CMI,11,395,-5.24,-16.78,30,34.67,28.33,20,194.25,205.5,DELAY_LATE_AIRCRAFT|DELAY_CARRIER|DELAY_NAS
CMI,12,355,-3.59,-9.87,45,41.44,33.0,35,143.29,133.57,DELAY_CARRIER|DELAY_LATE_AIRCRAFT|DELAY_NAS
CMX,1,185,-6.41,-11.84,10,24.5,33.0,45,112.78,97.22,CANC_WEATHER|DELAY_CARRIER|DELAY_LATE_AIRCRAFT
CMX,2,245,-9.02,-13.88,15,42.0,29.67,15,82.0,79.33,DELAY_CARRIER|CANC_WEATHER|DELAY_NAS
CMX,3,255,-8.25,-13.35,25,38.4,28.6,20,254.75,247.0,DELAY_CARRIER|DELAY_NAS|DELAY_LATE_AIRCRAFT
CMX,4,200,-9.0,-11.6,25,40.8,29.6,60,111.08,104.08,DELAY_LATE_AIRCRAFT|DELAY_CARRIER|DELAY_WEATHER
CMX,5,185,-6.59,-8.78,50,30.5,26.4,55,221.64,217.91,DELAY_LATE_AIRCRAFT|DELAY_CARRIER|CANC_WEATHER
CMX,6,240,-7.69,-10.15,25,44.8,33.4,30,121.5,121.5,DELAY_LATE_AIRCRAFT|DELAY_CARRIER|CANC_NAS
CMX,7,270,-8.13,-6.09,10,56.0,45.5,30,177.67,178.17,DELAY_CARRIER|DELAY_LATE_AIRCRAFT|DELAY_WEATHER
CMX,8,190,-7.16,-6.16,65,38.46,35.62,55,98.91,98.09,DELAY_CARRIER|DELAY_LATE_AIRCRAFT|DELAY_NAS
CMX,9,220,-7.3,-3.95,60,30.83,30.08,20,188.0,176.5,DELAY_CARRIER|DELAY_LATE_AIRCRAFT
CMX,10,265,-6.11,-1.45,35,35.29,28.71,10,156.0,141.0,DELAY_CARRIER|DELAY_LATE_AIRCRAFT|DELAY_NAS
CMX,11,225,-8.82,-10.44,30,34.0,37.0,35,353.43,348.14,DELAY_CARRIER|DELAY_WEATHER|CANC_WEATHER
CMX,12,195,-5.82,1.79,45,35.22,38.22,50,217.5,209.5,DELAY_CARRIER|DELAY_NAS|DELAY_WEATHER
CNY,1,130,-10.42,-14.62,5,47.0,35.0,10,161.5,145.5,CANC_WEATHER|DELAY_LATE_AIRCRAFT|DELAY_CARRIER
COD,5,100,-2.5,-6.05,25,30.4,23.2,15,98.0,93.67,DELAY_LATE_AIRCRAFT|DELAY_NAS|DELAY_WEATHER
COD,6,345,-4.65,-8.0,70,32.64,36.14,55,156.73,147.82,DELAY_CARRIER|DELAY_LATE_AIRCRAFT|DELAY_NAS
COD,7,465,-5.25,-14.54,80,31.94,23.31,60,188.42,182.83,DELAY_LATE_AIRCRAFT|DELAY_CARRIER|DELAY_WEATHER
COD,8,390,-5.42,-10.44,85,28.94,22.94,90,162.56,158.22,DELAY_CARRIER|DELAY_NAS|DELAY_LATE_AIRCRAFT
COD,9,310,-4.35,-15.56,80,31.62,23.0,50,171.9,160.1,DELAY_CARRIER|DELAY_LATE_AIRCRAFT|DELAY_NAS
COD,10,270,-4.37,-15.8,35,32.43,30.0,5,83.0,91.0,DELAY_CARRIER|DELAY_WEATHER|DELAY_NAS
COD,11,220,-5.34,-12.23,20,41.5,29.25,40,167.62,168.12,DELAY_CARRIER|DELAY_LATE_AIRCRAFT|CANC_WEATHER
COD,12,285,-6.42,-18.28,20,25.5,11.5,5,96.0,78.0,DELAY_CARRIER|DELAY_NAS|DELAY_LATE_AIRCRAFT
COS,1,3855,-3.42,-6.6,530,31.06,24.68,315,174.92,170.98,DELAY_LATE_AIRCRAFT|DELAY_NAS|DELAY_CARRIER
COS,2,3590,-3.56,-8.86,380,35.88,35.72,235,188.0,191.04,DELAY_NAS|DELAY_LATE_AIRCRAFT|DELAY_CARRIER
COS,3,4025,-3.35,-8.43,480,30.57,30.77,225,125.29,120.82,DELAY_LATE_AIRCRAFT|DELAY_NAS|DELAY_CARRIER
COS,4,4085,-3.74,-9.24,480,32.03,29.56,255,132.73,131.88,DELAY_LATE_AIRCRAFT|DELAY_CARRIER|DELAY_NAS
COS,5,4025,-2.83,-9.38,690,32.23,28.78,515,155.52,154.25,DELAY_LATE_AIRCRAFT|DELAY_NAS|DELAY_CARRIER
COS,6,4655,-3.34,-7.84,725,30.89,26.76,380,146.88,146.5,DELAY_LATE_AIRCRAFT|DELAY_CARRIER|DELAY_NAS
COS,7,4665,-2.98,-8.34,895,30.44,26.5,455,158.02,156.58,DELAY_LATE_AIRCRAFT|DELAY_CARRIER|DELAY_NAS
COS,8,4470,-3.96,-9.77,610,32.31,26.96,530,150.78,142.14,DELAY_LATE_AIRCRAFT|DELAY_CARRIER|DELAY_NAS
COS,9,4575,-4.32,-10.65,560,32.13,23.18,250,186.68,181.32,DELAY_CARRIER|DELAY_LATE_AIRCRAFT|DELAY_NAS
COS,10,4990,-4.13,-10.87,435,31.32,23.13,280,142.59,133.98,DELAY_CARRIER|DELAY_LATE_AIRCRAFT|DELAY_NAS
COS,11,4405,-3.82,-8.27,390,33.55,32.22,265,131.02,131.13,DELAY_CARRIER|DELAY_NAS|DELAY_LATE_AIRCRAFT
COS,12,4370,-4.36,-13.09,590,30.21,22.36,255,157.76,156.76,DELAY_LATE_AIRCRAFT|DELAY_CARRIER|DELAY_NAS
COU,1,410,-3.34,-9.05,60,29.5,31.92,85,151.18,149.94,CANC_WEATHER|DELAY_NAS|DELAY_LATE_AIRCRAFT
COU,2,565,-4.43,-10.61,60,22.42,13.5,20,106.25,102.5,DELAY_NAS|DELAY_LATE_AIRCRAFT|DELAY_CARRIER
COU,3,610,-4.37,-8.39,75,31.07,26.53,45,98.22,106.56,DELAY_CARRIER|DELAY_LATE_AIRCRAFT|DELAY_NAS
COU,4,515,-4.15,-4.31,55,38.36,38.36,30,102.17,115.5,DELAY_WEATHER|DELAY_LATE_AIRCRAFT|DELAY_NAS
COU,5,510,-2.8,0.7,105,30.0,42.81,95,138.84,144.53,DELAY_LATE_AIRCRAFT|DELAY_NAS|DELAY_WEATHER
COU,6,530,-3.7,-9.75,155,29.77,23.39,135,102.41,97.7,DELAY_LATE_AIRCRAFT|DELAY_CARRIER|DELAY_WEATHER
COU,7,640,-3.22,-2.88,150,33.47,29.97,115,120.17,121.04,DELAY_LATE_AIRCRAFT|DELAY_NAS|DELAY_CARRIER
COU,8,745,-5.52,-8.4,115,28.39,21.61,30,250.5,246.0,DELAY_LATE_AIRCRAFT|DELAY_NAS|DELAY_CARRIER
COU,9,545,-3.94,-7.63,85,31.88,22.88,30,156.83,152.67,DELAY_LATE_AIRCRAFT|DELAY_NAS|DELAY_CARRIER
COU,10,725,-4.68,-12.11,80,29.25,20.69,35,397.57,386.14,DELAY_CARRIER|DELAY_NAS|DELAY_LATE_AIRCRAFT
COU,11,505,-2.46,-6.49,115,29.04,36.0,40,218.88,213.38,DELAY_NAS|DELAY_LATE_AIRCRAFT|DELAY_CARRIER
COU,12,450,-1.12,-5.23,130,30.92,34.04,105,229.71,229.0,DELAY_CARRIER|DELAY_LATE_AIRCRAFT|DELAY_NAS
CPR,1,300,-5.05,-10.63,10,23.0,7.0,10,146.5,131.5,DELAY_CARRIER|DELAY_LATE_AIRCRAFT|DELAY_NAS
CPR,2,145,-4.0,-19.59,0,,,0,,,N/D
CPR,3,140,-3.18,-13.96,15,27.0,17.67,0,,,DELAY_CARRIER
CPR,4,150,-2.83,-16.2,0,,,0,,,N/D
CPR,5,450,-5.36,-16.57,30,26.0,11.17,30,224.0,206.5,DELAY_CARRIER|DELAY_WEATHER|DELAY_NAS
CPR,6,770,-3.97,-12.11,190,28.95,18.45,85,159.06,152.47,DELAY_CARRIER|DELAY_LATE_AIRCRAFT|DELAY_NAS
CPR,7,1070,-5.71,-15.1,85,36.47,22.65,65,157.31,145.23,DELAY_CARRIER|DELAY_LATE_AIRCRAFT|DELAY_NAS
CPR,8,930,-4.17,-12.47,125,29.72,17.0,105,142.81,137.33,DELAY_CARRIER|DELAY_LATE_AIRCRAFT|DELAY_NAS
CPR,9,945,-6.17,-15.38,55,28.64,21.09,50,128.7,112.5,DELAY_CARRIER|DELAY_LATE_AIRCRAFT|DELAY_NAS
CPR,10,945,-5.86,-14.86,95,35.95,30.37,35,250.43,253.43,DELAY_CARRIER|DELAY_NAS|DELAY_LATE_AIRCRAFT
CPR,11,880,-5.71,-12.49,65,37.08,35.77,65,134.38,132.85,DELAY_CARRIER|DELAY_LATE_AIRCRAFT|CANC_WEATHER
CPR,12,860,-6.1,-14.45,55,31.0,13.18,25,182.0,180.0,DELAY_CARRIER|DELAY_NAS|DELAY_LATE_AIRCRAFT
CRP,1,1250,-5.24,-8.55,135,29.0,32.41,165,141.3,151.06,DELAY_LATE_AIRCRAFT|DELAY_NAS|DELAY_WEATHER
CRP,2,1430,-6.4,-8.03,115,31.57,28.3,20,128.75,119.25,DELAY_CARRIER|DELAY_LATE_AIRCRAFT|DELAY_NAS
CRP,3,1420,-5.7,-9.98,160,33.0,27.78,70,156.43,160.93,DELAY_LATE_AIRCRAFT|DELAY_CARRIER|DELAY_NAS
CRP,4,1340,-4.51,-8.85,110,33.18,33.05,110,141.14,148.05,DELAY_LATE_AIRCRAFT|DELAY_NAS|CANC_NAS
CRP,5,1085,-3.14,-3.23,240,33.73,33.15,235,152.6,159.55,DELAY_LATE_AIRCRAFT|DELAY_NAS|DELAY_CARRIER
CRP,6,1155,-3.85,-5.91,250,32.88,29.54,135,154.37,158.11,DELAY_LATE_AIRCRAFT|DELAY_NAS|DELAY_CARRIER
CRP,7,1390,-3.49,-4.83,230,31.35,30.17,155,125.65,134.42,DELAY_LATE_AIRCRAFT|DELAY_NAS|DELAY_CARRIER
CRP,8,1465,-4.79,-6.07,75,34.07,30.33,50,157.9,156.2,DELAY_LATE_AIRCRAFT|DELAY_NAS|DELAY_CARRIER
CRP,9,1390,-5.17,-7.05,95,28.05,24.05,35,210.71,210.43,DELAY_NAS|DELAY_LATE_AIRCRAFT|DELAY_CARRIER
CRP,10,1480,-4.98,-9.35,105,30.19,23.62,35,96.29,89.71,DELAY_LATE_AIRCRAFT|DELAY_NAS|DELAY_CARRIER
CRP,11,1445,-4.81,-9.4,130,32.92,28.42,55,170.0,170.82,DELAY_CARRIER|DELAY_LATE_AIRCRAFT|CANC_WEATHER
CRP,12,1170,-3.39,-7.84,140,33.32,29.04,135,185.44,191.74,DELAY_LATE_AIRCRAFT|DELAY_CARRIER|DELAY_NAS
CRW,1,820,-4.19,-5.83,170,30.38,28.88,230,218.91,223.28,DELAY_CARRIER|DELAY_NAS|DELAY_LATE_AIRCRAFT
CRW,2,1050,-5.24,-10.71,100,23.6,18.05,110,223.82,212.27,DELAY_CARRIER|DELAY_LATE_AIRCRAFT|DELAY_NAS
CRW,3,1170,-5.41,-13.0,115,28.17,23.35,80,188.06,180.0,DELAY_LATE_AIRCRAFT|DELAY_NAS|DELAY_CARRIER
CRW,4,1065,-4.49,-7.99,175,32.43,25.09,85,159.53,151.88,DELAY_CARRIER|DELAY_LATE_AIRCRAFT|DELAY_NAS
CRW,5,1115,-4.5,-10.37,215,35.26,32.07,155,209.16,211.13,DELAY_CARRIER|DELAY_LATE_AIRCRAFT|DELAY_NAS
CRW,6,1165,-4.73,-11.38,105,32.9,27.05,175,207.51,199.26,DELAY_CARRIER|DELAY_LATE_AIRCRAFT|DELAY_WEATHER
CRW,7,930,-4.51,-9.74,205,34.27,34.78,280,185.39,180.96,DELAY_CARRIER|DELAY_LATE_AIRCRAFT|DELAY_NAS
CRW,8,1025,-4.64,-7.21,225,31.33,26.8,165,134.67,132.06,DELAY_CARRIER|DELAY_LATE_AIRCRAFT|DELAY_NAS
CRW,9,1190,-6.65,-13.45,125,32.16,28.4,190,182.76,181.05,DELAY_CARRIER|DELAY_LATE_AIRCRAFT|DELAY_WEATHER
CRW,10,1420,-6.44,-9.08,130,30.5,23.31,90,145.89,133.0,DELAY_NAS|DELAY_CARRIER|DELAY_LATE_AIRCRAFT
CRW,11,1235,-5.87,-11.4,200,31.35,23.52,70,187.0,180.79,DELAY_CARRIER|DELAY_LATE_AIRCRAFT|DELAY_NAS
CRW,12,1005,-4.43,-12.88,155,28.97,21.58,185,131.46,124.3,DELAY_CARRIER|DELAY_LATE_AIRCRAFT|DELAY_NAS
CSG,1,295,-2.36,-3.27,35,37.43,36.43,70,211.5,211.29,DELAY_CARRIER|DELAY_NAS|DELAY_WEATHER
CSG,2,335,-3.24,-6.45,20,31.75,26.25,35,184.57,177.0,DELAY_CARRIER|DELAY_WEATHER|DELAY_NAS
CSG,3,395,-3.56,-9.35,30,25.33,21.0,15,103.33,99.33,DELAY_CARRIER|DELAY_NAS|DELAY_LATE_AIRCRAFT
CSG,4,380,-3.96,-12.49,20,34.75,30.75,30,157.17,156.33,DELAY_CARRIER
CSG,5,325,-3.09,-11.28,50,38.4,31.4,60,136.92,135.83,DELAY_CARRIER|DELAY_WEATHER|DELAY_LATE_AIRCRAFT
CSG,6,345,-4.07,-8.33,45,30.56,24.89,30,113.83,111.33,DELAY_CARRIER|DELAY_LATE_AIRCRAFT|DELAY_NAS
CSG,7,295,-3.75,-7.15,35,32.43,32.0,65,138.77,135.69,DELAY_LATE_AIRCRAFT|CANC_CARRIER|DELAY_NAS
CSG,8,335,-5.63,-12.0,40,35.0,29.62,25,130.8,133.6,DELAY_LATE_AIRCRAFT|CANC_CARRIER|DELAY_CARRIER
CSG,9,345,-4.61,-11.72,20,25.0,23.0,20,135.25,126.75,DELAY_LATE_AIRCRAFT|CANC_WEATHER|DELAY_CARRIER
CSG,10,385,-4.84,-12.55,20,26.25,14.5,15,141.0,131.0,DELAY_CARRIER|DELAY_LATE_AIRCRAFT
CSG,11,355,-5.46,-10.07,25,42.0,41.4,20,489.0,498.75,DELAY_LATE_AIRCRAFT|CANC_WEATHER|DELAY_CARRIER
CSG,12,340,-3.76,-11.44,20,32.0,26.75,20,106.0,109.0,DELAY_LATE_AIRCRAFT|CANC_CARRIER|CANC_NAS
CVG,1,12510,-3.98,-9.69,1520,32.34,27.69,1115,160.04,165.29,DELAY_NAS|DELAY_LATE_AIRCRAFT|DELAY_CARRIER
CVG,2,13280,-4.47,-12.52,1125,28.9,21.65,520,132.47,128.47,DELAY_NAS|DELAY_LATE_AIRCRAFT|DELAY_CARRIER
CVG,3,15030,-4.12,-10.92,1625,32.07,27.18,980,145.05,142.53,DELAY_LATE_AIRCRAFT|DELAY_NAS|DELAY_CARRIER
CVG,4,15060,-3.86,-10.31,1760,32.09,25.66,980,159.9,157.03,DELAY_LATE_AIRCRAFT|DELAY_NAS|DELAY_CARRIER
CVG,5,14445,-3.03,-7.81,2310,31.47,27.81,1490,152.84,152.48,DELAY_LATE_AIRCRAFT|DELAY_NAS|DELAY_CARRIER
CVG,6,14220,-3.04,-7.81,2195,32.75,28.59,1420,165.73,163.79,DELAY_LATE_AIRCRAFT|DELAY_NAS|DELAY_CARRIER
CVG,7,13290,-3.28,-7.07,2510,32.69,30.56,2180,170.1,168.34,DELAY_LATE_AIRCRAFT|DELAY_CARRIER|DELAY_NAS
CVG,8,13805,-4.04,-8.6,2025,32.58,31.74,1530,143.12,142.88,DELAY_LATE_AIRCRAFT|DELAY_CARRIER|DELAY_NAS
CVG,9,14370,-4.11,-8.3,1400,32.43,28.41,755,151.97,150.74,DELAY_NAS|DELAY_LATE_AIRCRAFT|DELAY_CARRIER
CVG,10,15885,-4.36,-10.33,1160,30.18,25.2,625,143.53,138.36,DELAY_CARRIER|DELAY_LATE_AIRCRAFT|DELAY_NAS
CVG,11,14135,-4.65,-10.68,1155,30.65,26.87,730,140.38,140.35,DELAY_NAS|DELAY_CARRIER|DELAY_LATE_AIRCRAFT
CVG,12,12710,-2.72,-8.64,2060,31.3,25.51,1065,174.08,169.45,DELAY_NAS|DELAY_LATE_AIRCRAFT|DELAY_CARRIER
CWA,1,270,-5.52,-15.63,0,,,30,175.67,160.83,DELAY_LATE_AIRCRAFT|CANC_WEATHER|DELAY_CARRIER
CWA,2,270,-6.85,-21.02,15,44.0,41.33,5,157.0,181.0,DELAY_CARRIER|DELAY_LATE_AIRCRAFT|DELAY_WEATHER
CWA,3,290,-5.53,-17.6,0,,,15,211.33,203.0,DELAY_CARRIER|CANC_WEATHER|DELAY_LATE_AIRCRAFT
CWA,4,290,-7.02,-17.12,10,36.0,17.5,0,,,DELAY_CARRIER|DELAY_NAS
CWA,5,295,-5.44,-11.17,10,37.0,41.0,5,91.0,109.0,DELAY_NAS|DELAY_WEATHER|DELAY_LATE_AIRCRAFT
CWA,6,240,-4.85,2.35,25,26.0,35.0,35,118.14,123.29,DELAY_LATE_AIRCRAFT|DELAY_NAS|DELAY_WEATHER
CWA,7,275,-4.27,-0.98,15,40.33,39.0,15,127.0,116.67,DELAY_CARRIER|DELAY_NAS|DELAY_LATE_AIRCRAFT
CWA,8,255,-5.55,-1.73,35,27.29,20.0,15,162.67,153.0,DELAY_NAS|DELAY_LATE_AIRCRAFT|DELAY_CARRIER
CWA,9,290,-5.19,-11.17,5,17.0,12.0,5,201.0,186.0,DELAY_NAS|DELAY_LATE_AIRCRAFT
CWA,10,275,-7.09,-18.67,30,28.17,17.17,5,91.0,70.0,DELAY_CARRIER|DELAY_LATE_AIRCRAFT|DELAY_NAS
CWA,11,280,-6.93,-16.32,10,33.5,19.5,5,155.0,126.0,DELAY_CARRIER|DELAY_NAS
CWA,12,235,-6.23,-18.04,35,28.29,30.29,35,166.86,150.86,DELAY_LATE_AIRCRAFT|DELAY_CARRIER|DELAY_NAS
CYS,1,230,-6.78,-28.28,25,30.2,5.0,10,170.0,149.5,CANC_WEATHER|DELAY_CARRIER|DELAY_LATE_AIRCRAFT
CYS,2,225,-6.18,-24.89,10,32.5,31.5,25,158.2,165.2,CANC_WEATHER|DELAY_LATE_AIRCRAFT|DELAY_WEATHER
CYS,3,260,-6.92,-16.6,0,,,10,292.5,287.0,CANC_WEATHER|DELAY_CARRIER|DELAY_NAS
CYS,4,240,-6.1,-8.21,20,30.25,32.5,15,341.0,359.67,DELAY_WEATHER|DELAY_LATE_AIRCRAFT|CANC_WEATHER
CYS,5,255,-6.37,-11.41,15,32.33,27.0,20,180.75,172.75,DELAY_CARRIER|DELAY_NAS|DELAY_WEATHER
CYS,6,240,-5.52,-21.33,15,25.67,23.0,15,512.0,501.0,DELAY_CARRIER|CANC_WEATHER|DELAY_LATE_AIRCRAFT
CYS,7,260,-6.58,-19.38,5,27.0,9.0,25,168.2,155.8,DELAY_CARRIER|DELAY_LATE_AIRCRAFT|DELAY_WEATHER
CYS,8,250,-6.42,-16.92,5,30.0,15.0,25,187.0,186.6,DELAY_LATE_AIRCRAFT|CANC_WEATHER|DELAY_CARRIER
CYS,9,245,-6.9,-14.27,10,27.0,31.5,25,166.2,159.4,DELAY_LATE_AIRCRAFT|DELAY_CARRIER
CYS,10,265,-7.36,-15.92,5,37.0,48.0,20,135.25,128.25,DELAY_CARRIER|DELAY_LATE_AIRCRAFT|DELAY_WEATHER
CYS,11,245,-6.18,-11.18,15,38.33,36.67,5,140.0,130.0,DELAY_CARRIER|CANC_WEATHER|DELAY_LATE_AIRCRAFT
CYS,12,280,-7.34,-13.64,5,26.0,7.0,5,284.0,281.0,DELAY_LATE_AIRCRAFT|DELAY_NAS
DAB,1,850,-3.38,-11.92,65,32.15,23.69,75,213.6,204.4,DELAY_LATE_AIRCRAFT|DELAY_CARRIER|DELAY_NAS
DAB,2,995,-5.03,-11.36,105,31.05,21.9,45,167.0,157.56,DELAY_CARRIER|DELAY_LATE_AIRCRAFT|DELAY_NAS
DAB,3,1090,-4.25,-7.98,125,36.48,27.08,70,131.5,134.71,DELAY_LATE_AIRCRAFT|DELAY_CARRIER|DELAY_NAS
DAB,4,1090,-5.33,-9.79,65,31.0,26.15,65,296.23,287.23,DELAY_LATE_AIRCRAFT|DELAY_CARRIER|DELAY_NAS
DAB,5,1005,-3.8,-7.69,190,29.63,28.71,155,126.39,124.97,DELAY_LATE_AIRCRAFT|DELAY_CARRIER|DELAY_NAS
DAB,6,1075,-5.1,-13.2,90,34.22,29.0,60,135.33,126.75,DELAY_LATE_AIRCRAFT|DELAY_CARRIER|DELAY_WEATHER
DAB,7,845,-5.53,-9.65,165,36.06,36.82,145,193.97,198.28,DELAY_LATE_AIRCRAFT|DELAY_NAS|CANC_CARRIER
DAB,8,990,-5.36,-12.53,85,37.88,29.47,85,147.18,144.88,DELAY_LATE_AIRCRAFT|CANC_WEATHER|DELAY_WEATHER
DAB,9,945,-6.27,-13.47,105,31.9,25.76,70,145.07,133.5,DELAY_LATE_AIRCRAFT|DELAY_CARRIER|DELAY_WEATHER
DAB,10,1040,-7.85,-14.33,30,31.0,18.83,30,128.0,111.83,CANC_WEATHER|DELAY_LATE_AIRCRAFT|DELAY_NAS
DAB,11,1020,-7.06,-13.99,55,30.09,22.18,20,134.0,131.5,DELAY_LATE_AIRCRAFT|DELAY_NAS|DELAY_CARRIER
DAB,12,1025,-5.58,-12.48,130,33.96,26.88,75,161.27,154.47,DELAY_LATE_AIRCRAFT|DELAY_CARRIER|DELAY_NAS
DAL,1,21225,0.09,-7.39,6155,30.71,24.41,1680,113.16,110.42,DELAY_LATE_AIRCRAFT|DELAY_CARRIER|DELAY_NAS
DAL,2,22920,-0.64,-6.89,3875,28.87,22.57,750,103.15,96.84,DELAY_LATE_AIRCRAFT|DELAY_CARRIER|DELAY_NAS
DAL,3,22925,-0.16,-7.63,6095,30.2,24.96,2065,110.72,106.4,DELAY_LATE_AIRCRAFT|DELAY_CARRIER|DELAY_NAS
DAL,4,22085,0.18,-7.07,5510,30.3,25.01,2475,136.74,133.63,DELAY_LATE_AIRCRAFT|DELAY_CARRIER|DELAY_NAS
DAL,5,18540,1.22,-3.63,7330,31.73,28.46,4045,137.2,135.59,DELAY_LATE_AIRCRAFT|DELAY_CARRIER|DELAY_NAS
DAL,6,21270,0.86,-4.11,7110,30.57,25.37,2825,119.33,115.36,DELAY_LATE_AIRCRAFT|DELAY_CARRIER|DELAY_NAS
DAL,7,21120,0.73,-5.42,7855,30.31,24.92,2870,111.86,107.93,DELAY_LATE_AIRCRAFT|DELAY_CARRIER|DELAY_NAS
DAL,8,22945,-0.78,-7.08,4815,30.73,24.68,1455,109.11,105.22,DELAY_LATE_AIRCRAFT|DELAY_CARRIER|DELAY_NAS
DAL,9,23025,-0.86,-5.44,3975,29.66,24.58,895,96.06,89.79,DELAY_LATE_AIRCRAFT|DELAY_CARRIER|DELAY_NAS
DAL,10,25510,-0.77,-6.13,4175,27.94,23.12,790,99.42,93.21,DELAY_LATE_AIRCRAFT|DELAY_CARRIER|DELAY_NAS
DAL,11,23920,-0.89,-7.26,4515,29.28,24.87,1105,134.86,130.73,DELAY_LATE_AIRCRAFT|DELAY_CARRIER|DELAY_NAS
DAL,12,22045,0.06,-6.65,5590,30.52,25.38,3215,150.68,148.13,DELAY_LATE_AIRCRAFT|DELAY_CARRIER|DELAY_NAS
DAY,1,2320,-5.91,-9.63,190,35.95,35.37,305,143.18,142.21,DELAY_LATE_AIRCRAFT|DELAY_NAS|DELAY_CARRIER
DAY,2,2420,-6.2,-12.81,175,28.71,27.4,160,158.91,155.12,DELAY_CARRIER|DELAY_LATE_AIRCRAFT|DELAY_NAS
DAY,3,2965,-6.68,-13.47,135,29.89,30.33,165,148.24,146.76,DELAY_LATE_AIRCRAFT|DELAY_NAS|DELAY_CARRIER
DAY,4,2995,-6.28,-9.86,200,34.12,30.77,215,162.65,158.21,DELAY_LATE_AIRCRAFT|DELAY_NAS|DELAY_CARRIER
DAY,5,2840,-5.47,-10.13,270,33.89,36.48,365,160.82,160.07,DELAY_LATE_AIRCRAFT|DELAY_NAS|DELAY_CARRIER
DAY,6,2555,-5.98,-13.9,330,31.3,26.08,200,204.18,199.28,DELAY_LATE_AIRCRAFT|DELAY_CARRIER|DELAY_NAS
DAY,7,2425,-5.79,-11.55,295,32.59,30.46,350,165.86,163.33,DELAY_LATE_AIRCRAFT|DELAY_NAS|DELAY_CARRIER
DAY,8,2620,-6.25,-12.8,250,32.9,27.28,270,154.74,149.56,DELAY_LATE_AIRCRAFT|DELAY_CARRIER|DELAY_NAS
DAY,9,2920,-7.41,-12.69,235,30.0,27.19,160,164.81,160.47,DELAY_LATE_AIRCRAFT|DELAY_CARRIER|DELAY_NAS
DAY,10,3130,-7.24,-15.73,125,33.44,23.4,120,179.29,169.17,DELAY_CARRIER|DELAY_LATE_AIRCRAFT|DELAY_NAS
DAY,11,2775,-6.29,-12.83,165,28.48,21.55,110,172.95,164.59,DELAY_LATE_AIRCRAFT|DELAY_CARRIER|DELAY_NAS
DAY,12,2295,-4.67,-11.8,330,33.27,24.48,265,150.83,143.57,DELAY_LATE_AIRCRAFT|DELAY_CARRIER|DELAY_NAS
DCA,1,41920,-4.01,-11.53,6635,32.15,28.07,5500,146.21,153.24,DELAY_LATE_AIRCRAFT|DELAY_NAS|DELAY_CARRIER
DCA,2,48695,-4.51,-14.93,5140,30.71,20.04,2355,143.59,133.96,DELAY_LATE_AIRCRAFT|DELAY_CARRIER|DELAY_NAS
DCA,3,48950,-3.72,-12.62,6880,30.58,22.47,3660,151.59,143.61,DELAY_LATE_AIRCRAFT|DELAY_NAS|DELAY_CARRIER
DCA,4,46605,-3.94,-10.0,6535,31.81,26.32,4075,147.38,143.71,DELAY_LATE_AIRCRAFT|DELAY_NAS|DELAY_CARRIER
DCA,5,44735,-3.21,-6.56,8735,32.08,30.69,5650,148.01,148.48,DELAY_LATE_AIRCRAFT|DELAY_NAS|DELAY_CARRIER
DCA,6,44080,-3.03,-9.74,7255,31.06,25.64,4825,153.32,147.84,DELAY_LATE_AIRCRAFT|DELAY_NAS|DELAY_CARRIER
DCA,7,41140,-2.77,-7.08,8795,32.3,29.49,7620,155.19,154.03,DELAY_LATE_AIRCRAFT|DELAY_NAS|DELAY_CARRIER
DCA,8,42960,-3.47,-8.01,7950,33.03,30.29,6050,157.83,154.72,DELAY_LATE_AIRCRAFT|DELAY_NAS|DELAY_CARRIER
DCA,9,49440,-4.55,-10.33,5145,30.62,26.0,2610,148.25,143.27,DELAY_LATE_AIRCRAFT|DELAY_NAS|DELAY_CARRIER
DCA,10,52230,-4.37,-12.97,5130,31.02,20.63,2330,137.05,128.88,DELAY_LATE_AIRCRAFT|DELAY_CARRIER|DELAY_NAS
DCA,11,49890,-4.5,-12.94,5215,31.37,22.76,2490,142.35,133.8,DELAY_LATE_AIRCRAFT|DELAY_CARRIER|DELAY_NAS
DCA,12,42500,-2.78,-10.66,8420,32.19,25.48,5190,136.22,130.9,DELAY_LATE_AIRCRAFT|DELAY_CARRIER|DELAY_NAS
DDC,1,190,-6.61,-7.0,5,27.0,39.0,20,331.25,333.25,CANC_WEATHER|DELAY_NAS|DELAY_LATE_AIRCRAFT
DDC,2,225,-8.6,-9.91,5,31.0,24.0,15,244.0,243.33,DELAY_CARRIER|DELAY_LATE_AIRCRAFT|CANC_WEATHER
DDC,3,225,-4.84,-6.44,15,22.33,18.33,10,165.0,153.0,DELAY_NAS|DELAY_LATE_AIRCRAFT|CANC_WEATHER
DDC,4,245,-6.29,-10.65,0,,,10,457.5,456.0,DELAY_CARRIER|DELAY_NAS
DDC,5,215,-6.37,-5.95,20,31.75,24.25,35,379.86,379.43,DELAY_LATE_AIRCRAFT|DELAY_NAS|DELAY_CARRIER
DDC,6,195,-5.49,-5.46,45,39.78,52.67,10,616.0,605.5,DELAY_LATE_AIRCRAFT|DELAY_NAS|DELAY_CARRIER
DDC,7,215,-6.72,-7.58,15,22.0,23.33,15,96.0,83.0,DELAY_CARRIER|DELAY_LATE_AIRCRAFT|CANC_NAS
DDC,8,180,-6.36,-10.14,45,35.22,40.22,35,159.43,163.71,DELAY_LATE_AIRCRAFT|DELAY_CARRIER|DELAY_NAS
DDC,9,220,-9.14,-12.61,20,41.0,36.25,15,602.0,594.33,DELAY_CARRIER|DELAY_LATE_AIRCRAFT|CANC_WEATHER
DDC,10,205,-8.44,-13.07,20,31.0,19.75,40,314.75,309.5,DELAY_CARRIER|DELAY_LATE_AIRCRAFT|DELAY_NAS
DDC,11,210,-8.5,-10.5,15,31.67,30.0,25,366.2,359.2,DELAY_CARRIER|DELAY_LATE_AIRCRAFT|CANC_WEATHER
DDC,12,210,-8.9,-9.24,15,24.0,31.33,35,149.57,134.43,DELAY_LATE_AIRCRAFT|DELAY_CARRIER|DELAY_NAS
DEC,1,275,-9.35,-22.71,30,34.33,25.5,45,405.56,405.33,CANC_WEATHER|DELAY_LATE_AIRCRAFT|DELAY_CARRIER
DEC,2,345,-10.03,-21.51,15,27.0,8.67,35,284.57,283.43,DELAY_CARRIER|DELAY_LATE_AIRCRAFT|DELAY_WEATHER
DEC,3,360,-9.72,-18.78,20,27.0,18.75,40,331.62,327.12,DELAY_LATE_AIRCRAFT|DELAY_CARRIER|DELAY_WEATHER
DEC,4,335,-8.96,-12.91,35,40.71,37.86,35,119.29,123.14,DELAY_LATE_AIRCRAFT|DELAY_CARRIER
DEC,5,275,-8.44,-13.35,25,37.4,36.0,100,332.0,330.05,DELAY_LATE_AIRCRAFT|DELAY_CARRIER|CANC_WEATHER
DEC,6,195,-10.26,-10.21,10,39.0,37.0,50,184.0,182.0,DELAY_LATE_AIRCRAFT|DELAY_CARRIER|DELAY_WEATHER
DEC,7,200,-8.65,-9.8,25,40.0,44.8,40,233.75,232.62,DELAY_LATE_AIRCRAFT|DELAY_CARRIER|DELAY_NAS
DEC,8,190,-7.13,-5.39,30,36.67,47.67,40,196.0,205.25,DELAY_LATE_AIRCRAFT|DELAY_NAS|DELAY_CARRIER
DEC,9,215,-9.05,-9.37,20,29.75,31.5,25,212.6,213.2,DELAY_LATE_AIRCRAFT|DELAY_CARRIER
DEC,10,255,-9.14,-10.67,10,19.0,42.0,0,,,DELAY_NAS|DELAY_CARRIER|DELAY_LATE_AIRCRAFT
DEC,11,215,-7.0,-13.19,25,35.6,34.2,20,172.75,180.75,DELAY_LATE_AIRCRAFT|DELAY_CARRIER|DELAY_NAS
DEC,12,200,-7.12,-11.0,45,33.56,34.33,20,134.75,137.25,DELAY_LATE_AIRCRAFT|DELAY_CARRIER
DEN,1,80235,-1.07,-7.92,21970,31.08,25.01,9340,131.68,126.18,DELAY_CARRIER|DELAY_LATE_AIRCRAFT|DELAY_NAS
DEN,2,82610,-1.3,-6.37,17080,30.12,29.0,7800,135.6,141.09,DELAY_CARRIER|DELAY_NAS|DELAY_LATE_AIRCRAFT
DEN,3,94960,-1.31,-6.87,19610,30.91,25.42,7465,126.58,122.12,DELAY_LATE_AIRCRAFT|DELAY_CARRIER|DELAY_NAS
DEN,4,95175,-1.33,-7.03,19755,30.83,26.35,7580,127.19,123.14,DELAY_LATE_AIRCRAFT|DELAY_CARRIER|DELAY_NAS
DEN,5,92340,-1.07,-6.42,24265,31.78,26.12,13780,128.39,123.64,DELAY_LATE_AIRCRAFT|DELAY_CARRIER|DELAY_NAS
DEN,6,95765,-0.87,-4.98,26770,31.46,27.09,13880,126.08,120.86,DELAY_LATE_AIRCRAFT|DELAY_CARRIER|DELAY_NAS
DEN,7,98860,-1.07,-6.31,25730,32.12,26.56,14540,129.36,123.55,DELAY_LATE_AIRCRAFT|DELAY_CARRIER|DELAY_NAS
DEN,8,99630,-1.42,-5.47,22915,32.2,28.08,12660,131.91,127.31,DELAY_LATE_AIRCRAFT|DELAY_CARRIER|DELAY_NAS
DEN,9,108750,-2.5,-8.34,15370,30.24,23.12,6160,122.0,114.36,DELAY_LATE_AIRCRAFT|DELAY_CARRIER|DELAY_NAS
DEN,10,114815,-2.53,-8.82,13870,30.19,22.7,5205,123.54,115.65,DELAY_CARRIER|DELAY_LATE_AIRCRAFT|DELAY_NAS
DEN,11,101210,-2.07,-7.16,16075,30.85,32.04,6805,129.85,131.5,DELAY_NAS|DELAY_CARRIER|DELAY_LATE_AIRCRAFT
DEN,12,105205,-1.83,-9.85,16870,30.03,21.05,6565,132.73,125.15,DELAY_LATE_AIRCRAFT|DELAY_CARRIER|DELAY_NAS
DFW,1,80095,-1.85,-6.19,20450,32.12,29.45,13495,136.9,137.19,DELAY_LATE_AIRCRAFT|DELAY_CARRIER|DELAY_NAS
DFW,2,93715,-2.7,-7.82,14335,30.82,25.71,4980,125.95,120.44,DELAY_CARRIER|DELAY_LATE_AIRCRAFT|DELAY_NAS
DFW,3,89085,-2.02,-7.07,22485,32.67,28.16,13705,142.54,139.03,DELAY_LATE_AIRCRAFT|DELAY_CARRIER|DELAY_NAS
DFW,4,88855,-2.19,-6.18,19990,32.41,29.47,12665,141.68,139.65,DELAY_LATE_AIRCRAFT|DELAY_CARRIER|DELAY_NAS
DFW,5,76285,-0.94,-2.76,26900,33.19,31.97,23225,156.04,155.42,DELAY_LATE_AIRCRAFT|DELAY_CARRIER|DELAY_NAS
DFW,6,86520,-1.0,-6.58,29780,32.88,28.44,19175,138.53,135.2,DELAY_LATE_AIRCRAFT|DELAY_CARRIER|DELAY_NAS
DFW,7,89255,-1.02,-5.63,31115,32.97,29.25,21950,141.95,137.85,DELAY_LATE_AIRCRAFT|DELAY_CARRIER|DELAY_NAS
DFW,8,99810,-1.99,-8.44,24110,32.61,26.05,13695,144.94,137.57,DELAY_LATE_AIRCRAFT|DELAY_CARRIER|DELAY_NAS
DFW,9,104925,-2.52,-8.29,18300,31.42,25.65,7205,120.68,114.27,DELAY_LATE_AIRCRAFT|DELAY_CARRIER|DELAY_NAS
DFW,10,114005,-2.81,-9.83,17465,31.29,23.11,7170,130.9,123.08,DELAY_CARRIER|DELAY_LATE_AIRCRAFT|DELAY_NAS
DFW,11,97940,-2.75,-8.7,17120,31.7,27.32,8500,141.14,138.23,DELAY_LATE_AIRCRAFT|DELAY_CARRIER|DELAY_NAS
DFW,12,92575,-1.65,-7.61,21250,31.81,25.57,12230,164.96,161.78,DELAY_LATE_AIRCRAFT|DELAY_CARRIER|DELAY_NAS
DHN,1,260,-2.69,-5.1,25,34.4,26.4,25,344.0,335.6,DELAY_NAS|DELAY_LATE_AIRCRAFT|DELAY_CARRIER
DHN,2,265,-4.4,-13.75,15,34.67,21.0,10,139.0,118.0,DELAY_LATE_AIRCRAFT|DELAY_NAS
DHN,3,280,-3.45,-7.98,25,38.4,31.2,5,115.0,123.0,DELAY_NAS|DELAY_LATE_AIRCRAFT|DELAY_CARRIER
DHN,4,275,-4.78,-3.65,10,42.0,57.0,15,216.67,210.33,DELAY_CARRIER|DELAY_NAS|DELAY_WEATHER
DHN,5,240,-5.33,-3.5,45,32.44,28.56,25,110.0,113.0,DELAY_LATE_AIRCRAFT|DELAY_NAS|DELAY_CARRIER
DHN,6,265,-3.91,-4.89,5,18.0,4.0,30,169.5,156.83,DELAY_CARRIER|DELAY_WEATHER|DELAY_LATE_AIRCRAFT
DHN,7,240,-5.58,-8.58,30,37.0,30.0,30,326.33,324.17,DELAY_CARRIER|DELAY_NAS|CANC_NAS
DHN,8,280,-6.5,-16.05,15,37.33,25.33,5,198.0,190.0,DELAY_CARRIER|CANC_WEATHER
DHN,9,235,-6.34,-10.7,40,28.25,29.25,10,211.0,221.5,DELAY_LATE_AIRCRAFT|CANC_WEATHER|DELAY_CARRIER
DHN,10,265,-6.45,-11.6,25,44.2,38.0,20,195.25,184.5,DELAY_LATE_AIRCRAFT|DELAY_CARRIER|DELAY_NAS
DHN,11,350,-7.39,-10.49,20,27.25,25.25,20,177.75,173.5,DELAY_LATE_AIRCRAFT|DELAY_NAS|DELAY_WEATHER
DHN,12,340,-6.38,-11.66,25,28.0,16.0,20,210.75,190.0,DELAY_LATE_AIRCRAFT|DELAY_NAS|DELAY_CARRIER
DIK,1,205,-8.27,-25.8,20,28.25,16.75,20,304.5,284.0,CANC_WEATHER|DELAY_CARRIER|DELAY_LATE_AIRCRAFT
DIK,2,210,-9.71,-26.33,20,36.75,20.5,10,131.5,108.0,CANC_WEATHER|DELAY_CARRIER|DELAY_LATE_AIRCRAFT
DIK,3,245,-7.82,-25.67,0,,,15,352.67,342.67,CANC_WEATHER|DELAY_NAS|DELAY_WEATHER
DIK,4,255,-9.41,-22.73,10,28.0,13.0,15,322.33,303.33,DELAY_CARRIER|DELAY_LATE_AIRCRAFT
DIK,5,250,-9.26,-15.58,10,28.0,36.0,25,229.4,225.2,DELAY_NAS|DELAY_CARRIER|DELAY_WEATHER
DIK,6,245,-9.37,-19.57,20,43.0,45.0,10,642.5,639.5,DELAY_CARRIER|DELAY_LATE_AIRCRAFT|DELAY_NAS
DIK,7,270,-9.5,-19.28,5,41.0,27.0,15,285.0,271.0,DELAY_CARRIER|DELAY_LATE_AIRCRAFT
DIK,8,270,-10.28,-18.89,0,,,15,135.67,123.33,DELAY_NAS|DELAY_CARRIER|DELAY_LATE_AIRCRAFT
DIK,9,260,-9.46,-14.62,5,32.0,16.0,10,287.5,294.5,DELAY_CARRIER|DELAY_LATE_AIRCRAFT|DELAY_WEATHER
DIK,10,275,-8.24,-7.78,10,40.0,25.0,5,177.0,158.0,DELAY_CARRIER|DELAY_LATE_AIRCRAFT|DELAY_WEATHER
DIK,11,210,-6.93,-1.76,15,46.0,31.0,35,390.86,377.0,DELAY_CARRIER|CANC_WEATHER|DELAY_LATE_AIRCRAFT
DIK,12,240,-7.6,-12.38,10,36.0,23.0,35,214.86,204.14,DELAY_LATE_AIRCRAFT|DELAY_CARRIER|CANC_CARRIER
DLG,6,75,-8.47,-8.53,10,28.5,56.5,0,,,CANC_WEATHER|DELAY_LATE_AIRCRAFT|DELAY_NAS
DLG,7,130,-13.31,-9.12,5,31.0,25.0,20,168.75,175.75,DELAY_LATE_AIRCRAFT|DELAY_NAS|DELAY_SECURITY
DLG,8,145,-13.62,-14.24,0,,,5,228.0,218.0,CANC_WEATHER|DELAY_LATE_AIRCRAFT|DELAY_NAS
DLG,9,120,-13.29,-14.62,15,22.67,26.33,10,180.5,184.0,DELAY_LATE_AIRCRAFT|CANC_WEATHER
DLH,1,500,-3.47,-10.09,85,34.82,22.29,140,200.68,189.54,DELAY_CARRIER|DELAY_WEATHER|DELAY_LATE_AIRCRAFT
DLH,2,610,-5.2,-15.86,45,26.78,23.22,25,143.2,131.0,DELAY_CARRIER|DELAY_LATE_AIRCRAFT|DELAY_WEATHER
DLH,3,670,-5.04,-13.55,25,34.8,24.6,40,214.75,232.88,DELAY_CARRIER|DELAY_NAS|CANC_WEATHER
DLH,4,795,-7.0,-14.46,45,29.89,20.0,20,150.25,148.5,DELAY_CARRIER|DELAY_WEATHER|DELAY_NAS
DLH,5,705,-6.0,-12.16,55,26.09,20.0,105,150.48,151.76,DELAY_WEATHER|DELAY_CARRIER|DELAY_NAS
DLH,6,700,-3.72,-5.71,95,28.84,34.26,105,245.9,247.1,DELAY_CARRIER|DELAY_NAS|DELAY_LATE_AIRCRAFT
DLH,7,865,-4.08,-7.69,65,40.46,37.38,100,133.35,129.2,DELAY_LATE_AIRCRAFT|DELAY_CARRIER|DELAY_NAS
DLH,8,950,-3.34,-2.66,140,26.96,29.14,85,119.82,121.82,DELAY_LATE_AIRCRAFT|DELAY_NAS|DELAY_CARRIER
DLH,9,1040,-5.52,-13.08,75,30.13,22.13,30,152.33,149.0,DELAY_LATE_AIRCRAFT|DELAY_CARRIER|DELAY_WEATHER
DLH,10,1070,-5.87,-15.29,55,31.18,18.73,20,134.75,115.0,DELAY_CARRIER|DELAY_NAS|DELAY_LATE_AIRCRAFT
DLH,11,870,-5.08,-15.78,50,31.3,18.9,45,219.89,208.0,DELAY_CARRIER|DELAY_WEATHER|DELAY_LATE_AIRCRAFT
DLH,12,590,-4.28,-10.92,110,32.91,24.14,120,154.75,156.75,DELAY_CARRIER|DELAY_WEATHER|CANC_WEATHER
DRO,1,1080,-6.28,-7.04,105,35.33,41.76,165,189.12,188.88,DELAY_CARRIER|DELAY_LATE_AIRCRAFT|DELAY_NAS
DRO,2,1110,-5.36,-8.49,95,31.05,31.32,55,200.27,194.18,DELAY_CARRIER|DELAY_NAS|DELAY_WEATHER
DRO,3,1215,-4.4,-7.65,125,30.08,29.32,35,147.43,153.43,DELAY_CARRIER|DELAY_NAS|DELAY_LATE_AIRCRAFT
DRO,4,1030,-6.28,-6.79,80,32.19,31.62,90,204.56,197.28,DELAY_CARRIER|DELAY_NAS|DELAY_LATE_AIRCRAFT
DRO,5,1135,-5.22,-7.67,130,29.65,23.81,115,162.57,161.91,DELAY_CARRIER|DELAY_NAS|DELAY_LATE_AIRCRAFT
DRO,6,1425,-5.35,-10.13,190,31.92,24.82,155,175.77,164.32,DELAY_CARRIER|DELAY_LATE_AIRCRAFT|DELAY_WEATHER
DRO,7,1500,-4.86,-10.8,225,30.6,28.36,130,174.54,169.19,DELAY_CARRIER|DELAY_LATE_AIRCRAFT|DELAY_NAS
DRO,8,1490,-5.48,-10.27,155,34.84,28.84,150,204.97,198.83,DELAY_CARRIER|DELAY_NAS|DELAY_LATE_AIRCRAFT
DRO,9,1535,-6.3,-13.16,120,34.79,23.83,95,104.16,92.89,DELAY_CARRIER|DELAY_LATE_AIRCRAFT|DELAY_NAS
DRO,10,1525,-5.2,-12.96,130,28.58,19.31,125,205.76,198.12,DELAY_CARRIER|DELAY_LATE_AIRCRAFT|DELAY_NAS
DRO,11,1290,-5.23,-13.13,145,37.31,31.55,210,178.1,178.48,DELAY_CARRIER|DELAY_LATE_AIRCRAFT|DELAY_WEATHER
DRO,12,1495,-5.17,-14.15,135,35.7,22.63,120,123.75,123.54,DELAY_CARRIER|DELAY_LATE_AIRCRAFT|DELAY_WEATHER
DSM,1,4120,-3.41,-8.0,805,32.83,35.67,830,206.99,211.25,DELAY_CARRIER|DELAY_NAS|DELAY_LATE_AIRCRAFT
DSM,2,4990,-4.44,-13.23,465,31.05,24.78,390,224.67,220.51,DELAY_CARRIER|DELAY_LATE_AIRCRAFT|DELAY_NAS
DSM,3,5645,-5.03,-11.81,620,31.98,23.75,355,244.49,238.66,DELAY_LATE_AIRCRAFT|DELAY_NAS|DELAY_CARRIER
DSM,4,5480,-4.39,-9.92,530,28.99,25.17,270,190.46,186.48,DELAY_CARRIER|DELAY_LATE_AIRCRAFT|DELAY_NAS
DSM,5,4770,-3.17,-7.21,860,33.12,29.97,515,169.28,169.39,DELAY_LATE_AIRCRAFT|DELAY_CARRIER|DELAY_NAS
DSM,6,4870,-3.49,-7.32,905,33.54,28.39,565,173.69,167.31,DELAY_LATE_AIRCRAFT|DELAY_NAS|DELAY_CARRIER
DSM,7,4830,-3.76,-6.24,920,31.54,30.3,720,171.59,167.88,DELAY_LATE_AIRCRAFT|DELAY_CARRIER|DELAY_NAS
DSM,8,5245,-4.38,-7.24,695,31.37,26.88,520,165.54,159.74,DELAY_LATE_AIRCRAFT|DELAY_NAS|DELAY_CARRIER
DSM,9,5480,-5.15,-10.65,400,30.24,25.23,175,170.2,163.77,DELAY_NAS|DELAY_CARRIER|DELAY_LATE_AIRCRAFT
DSM,10,5900,-5.49,-10.99,460,34.08,25.88,270,203.43,196.44,DELAY_CARRIER|DELAY_LATE_AIRCRAFT|DELAY_NAS
DSM,11,5675,-5.38,-11.15,360,29.0,23.28,240,170.38,162.58,DELAY_NAS|DELAY_CARRIER|DELAY_LATE_AIRCRAFT
DSM,12,5065,-3.68,-11.18,710,30.96,22.58,540,194.12,197.6,DELAY_CARRIER|DELAY_NAS|DELAY_LATE_AIRCRAFT
DTW,1,33790,-2.05,-7.15,6400,31.44,28.82,5440,171.06,171.77,DELAY_CARRIER|DELAY_NAS|DELAY_LATE_AIRCRAFT
DTW,2,40230,-3.18,-14.47,3550,29.99,17.96,1560,138.43,125.98,DELAY_CARRIER|DELAY_NAS|DELAY_LATE_AIRCRAFT
DTW,3,44760,-2.93,-10.53,5700,30.77,23.06,3105,135.02,128.79,DELAY_CARRIER|DELAY_NAS|DELAY_LATE_AIRCRAFT
DTW,4,45370,-3.26,-8.7,5280,31.61,26.56,2850,143.57,140.4,DELAY_CARRIER|DELAY_NAS|DELAY_LATE_AIRCRAFT
DTW,5,45185,-2.82,-6.06,6630,31.59,29.66,4165,143.14,140.87,DELAY_CARRIER|DELAY_NAS|DELAY_LATE_AIRCRAFT
DTW,6,43720,-2.71,-6.61,7690,32.06,29.49,5085,150.9,148.52,DELAY_CARRIER|DELAY_LATE_AIRCRAFT|DELAY_NAS
DTW,7,41345,-2.42,-6.06,8025,31.85,27.69,6815,148.75,145.66,DELAY_CARRIER|DELAY_LATE_AIRCRAFT|DELAY_NAS
DTW,8,44790,-2.78,-7.43,7900,32.05,28.04,5405,140.48,137.16,DELAY_CARRIER|DELAY_NAS|DELAY_LATE_AIRCRAFT
DTW,9,48960,-4.15,-10.25,4605,31.67,25.42,2030,131.5,125.93,DELAY_CARRIER|DELAY_NAS|DELAY_LATE_AIRCRAFT
DTW,10,51075,-4.0,-10.59,5030,30.87,23.45,2225,126.07,119.32,DELAY_CARRIER|DELAY_NAS|DELAY_LATE_AIRCRAFT
DTW,11,47865,-4.43,-10.69,4525,31.17,27.23,2425,128.1,125.44,DELAY_CARRIER|DELAY_NAS|DELAY_LATE_AIRCRAFT
DTW,12,42725,-2.38,-8.75,7920,31.63,25.86,4440,141.28,136.0,DELAY_CARRIER|DELAY_NAS|DELAY_LATE_AIRCRAFT
DVL,1,210,-9.52,-22.26,5,33.0,13.0,15,97.0,80.67,CANC_WEATHER|DELAY_CARRIER|DELAY_LATE_AIRCRAFT
DVL,2,195,-9.21,-20.18,15,32.0,25.67,30,605.0,639.5,CANC_WEATHER|DELAY_LATE_AIRCRAFT|DELAY_CARRIER
DVL,3,250,-8.68,-14.34,10,29.5,23.0,20,304.25,295.0,CANC_WEATHER|DELAY_CARRIER|DELAY_NAS
DVL,4,270,-7.63,-13.11,0,,,5,78.0,86.0,DELAY_LATE_AIRCRAFT|DELAY_CARRIER|DELAY_NAS
DVL,5,265,-7.96,-7.28,0,,,25,135.0,123.2,DELAY_LATE_AIRCRAFT|DELAY_NAS|DELAY_WEATHER
DVL,6,200,-6.25,-6.45,20,45.75,42.0,40,246.62,242.38,DELAY_LATE_AIRCRAFT|DELAY_CARRIER|DELAY_NAS
DVL,7,220,-6.05,-10.66,50,26.0,17.9,15,93.33,86.67,DELAY_CARRIER|DELAY_LATE_AIRCRAFT|DELAY_NAS
DVL,8,255,-8.55,-7.63,10,27.5,21.0,10,466.5,446.0,DELAY_NAS|CANC_NAS|DELAY_LATE_AIRCRAFT
DVL,9,250,-8.26,-13.52,15,29.67,32.33,15,93.33,91.67,DELAY_CARRIER|DELAY_LATE_AIRCRAFT|DELAY_NAS
DVL,10,250,-9.2,-15.58,25,25.2,25.0,10,570.0,565.0,DELAY_CARRIER|DELAY_LATE_AIRCRAFT|DELAY_NAS
DVL,11,190,-4.16,-4.82,15,32.33,17.0,45,256.78,248.22,DELAY_LATE_AIRCRAFT|CANC_WEATHER|DELAY_CARRIER
DVL,12,225,-6.91,-10.69,10,29.5,22.0,35,438.0,433.57,DELAY_LATE_AIRCRAFT|DELAY_WEATHER|CANC_WEATHER
EAR,11,230,-5.52,-10.22,10,35.5,35.5,10,539.0,540.0,DELAY_CARRIER|CANC_WEATHER|DELAY_LATE_AIRCRAFT
EAR,12,210,-5.21,-13.0,20,22.75,11.25,30,269.17,267.67,DELAY_CARRIER|DELAY_LATE_AIRCRAFT|CANC_WEATHER
EAU,12,110,-5.64,-9.77,20,39.5,27.25,15,237.0,230.33,DELAY_LATE_AIRCRAFT|DELAY_CARRIER|CANC_WEATHER
ECP,1,1680,-4.51,-10.34,210,29.29,29.81,170,143.26,143.15,DELAY_LATE_AIRCRAFT|DELAY_CARRIER|DELAY_NAS
ECP,2,2000,-5.39,-9.03,105,29.52,24.14,85,137.41,132.47,DELAY_LATE_AIRCRAFT|DELAY_NAS|DELAY_CARRIER
ECP,3,2840,-3.77,-8.54,465,30.73,27.54,235,166.49,161.28,DELAY_LATE_AIRCRAFT|DELAY_CARRIER|DELAY_NAS
ECP,4,3050,-3.76,-6.06,385,30.13,29.0,215,198.74,196.77,DELAY_LATE_AIRCRAFT|DELAY_NAS|DELAY_CARRIER
ECP,5,2855,-2.27,-3.44,770,32.5,34.14,415,139.16,144.3,DELAY_LATE_AIRCRAFT|DELAY_NAS|DELAY_CARRIER
ECP,6,3550,-2.26,-8.03,1035,32.15,26.15,455,122.25,118.66,DELAY_LATE_AIRCRAFT|DELAY_CARRIER|DELAY_NAS
ECP,7,3415,-2.17,-6.33,1005,31.05,27.28,580,179.92,181.11,DELAY_LATE_AIRCRAFT|DELAY_CARRIER|DELAY_NAS
ECP,8,3475,-3.54,-9.45,550,30.09,24.52,250,175.76,173.3,DELAY_LATE_AIRCRAFT|DELAY_CARRIER|DELAY_NAS
ECP,9,2970,-4.07,-9.85,350,28.84,27.33,160,135.91,129.59,DELAY_LATE_AIRCRAFT|DELAY_CARRIER|CANC_WEATHER
ECP,10,2845,-3.57,-9.76,340,30.21,20.65,70,210.36,208.86,DELAY_LATE_AIRCRAFT|DELAY_CARRIER|DELAY_NAS
ECP,11,2190,-3.89,-8.75,180,31.58,31.97,80,139.62,132.44,DELAY_CARRIER|DELAY_LATE_AIRCRAFT|DELAY_NAS
ECP,12,1945,-2.99,-6.3,290,32.86,28.28,150,160.07,161.53,DELAY_LATE_AIRCRAFT|DELAY_NAS|DELAY_CARRIER
EGE,1,2145,-3.87,-7.2,605,35.1,34.77,360,244.11,242.83,DELAY_LATE_AIRCRAFT|DELAY_CARRIER|DELAY_NAS
EGE,2,2415,-5.16,-10.57,370,28.93,23.39,180,269.83,270.75,DELAY_LATE_AIRCRAFT|DELAY_CARRIER|DELAY_NAS
EGE,3,2435,-4.88,-9.02,390,32.03,31.67,335,231.46,233.63,DELAY_LATE_AIRCRAFT|DELAY_NAS|DELAY_CARRIER
EGE,4,885,-5.71,-9.71,60,33.33,28.75,65,117.46,124.23,DELAY_NAS|DELAY_CARRIER|DELAY_LATE_AIRCRAFT
EGE,5,610,-5.54,-11.25,55,37.64,27.64,70,145.79,138.86,DELAY_NAS|DELAY_CARRIER|DELAY_LATE_AIRCRAFT
EGE,6,865,-5.76,-11.23,95,32.47,20.89,115,138.65,139.48,DELAY_CARRIER|DELAY_LATE_AIRCRAFT|DELAY_NAS
EGE,7,860,-5.19,-10.79,215,30.23,24.63,115,184.39,181.04,DELAY_LATE_AIRCRAFT|DELAY_CARRIER|DELAY_NAS
EGE,8,935,-5.72,-11.99,120,35.21,26.5,135,208.48,198.74,DELAY_LATE_AIRCRAFT|DELAY_CARRIER|DELAY_NAS
EGE,9,845,-6.21,-12.76,75,34.4,25.6,15,76.33,67.0,DELAY_LATE_AIRCRAFT|DELAY_CARRIER|DELAY_NAS
EGE,10,555,-5.17,-16.28,55,31.18,16.27,20,147.25,135.0,DELAY_CARRIER|DELAY_LATE_AIRCRAFT|DELAY_NAS
EGE,11,450,-3.24,-8.9,45,34.22,32.0,50,160.6,151.9,DELAY_LATE_AIRCRAFT|DELAY_CARRIER|DELAY_NAS
EGE,12,1450,-3.85,-9.79,320,32.02,25.47,370,228.39,232.45,DELAY_LATE_AIRCRAFT|DELAY_CARRIER|DELAY_NAS
EKO,1,135,-6.52,-14.52,5,60.0,144.0,10,148.0,149.5,CANC_WEATHER|DELAY_CARRIER|DELAY_NAS
EKO,2,140,-8.0,-15.39,0,,,5,125.0,110.0,DELAY_WEATHER
EKO,3,150,-6.8,-4.47,5,60.0,49.0,0,,,DELAY_CARRIER|DELAY_NAS
EKO,4,135,-9.0,-12.89,15,41.33,24.0,0,,,DELAY_CARRIER
EKO,5,155,-9.32,-15.65,0,,,0,,,N/D
EKO,6,125,-6.4,-17.88,10,40.0,28.0,15,262.0,249.67,DELAY_CARRIER
EKO,7,140,-7.82,-15.57,0,,,10,566.0,557.0,DELAY_CARRIER|CANC_NAS
EKO,8,150,-8.97,-15.27,5,39.0,26.0,0,,,DELAY_CARRIER|DELAY_WEATHER
EKO,9,145,-7.62,-17.59,0,,,5,95.0,88.0,DELAY_CARRIER
EKO,10,155,-9.06,-21.87,0,,,0,,,N/D
EKO,11,150,-8.53,-11.97,0,,,0,,,N/D
EKO,12,155,-8.94,-19.1,0,,,0,,,DELAY_CARRIER
ELM,1,220,-5.77,-16.7,55,29.45,18.82,100,296.35,291.25,DELAY_CARRIER|DELAY_WEATHER|DELAY_LATE_AIRCRAFT
ELM,2,375,-6.68,-20.52,35,28.71,6.86,30,85.33,67.17,DELAY_CARRIER|DELAY_LATE_AIRCRAFT|DELAY_NAS
ELM,3,350,-5.4,-13.9,30,26.33,15.33,65,229.85,234.23,DELAY_CARRIER|DELAY_NAS|DELAY_LATE_AIRCRAFT
ELM,4,375,-8.23,-16.0,10,32.5,22.0,40,187.38,194.38,DELAY_CARRIER|DELAY_WEATHER|DELAY_LATE_AIRCRAFT
ELM,5,330,-4.3,-8.67,35,32.14,25.71,35,251.0,245.86,DELAY_CARRIER|DELAY_LATE_AIRCRAFT|DELAY_WEATHER
ELM,6,280,-5.11,-6.91,30,40.0,36.83,80,177.38,177.75,DELAY_CARRIER|DELAY_WEATHER|DELAY_LATE_AIRCRAFT
ELM,7,320,-4.62,-4.89,40,31.62,27.0,75,116.67,112.33,DELAY_CARRIER|DELAY_LATE_AIRCRAFT|DELAY_WEATHER
ELM,8,355,-5.7,-10.49,40,28.75,24.0,30,127.0,116.33,DELAY_CARRIER|DELAY_NAS|DELAY_LATE_AIRCRAFT
ELM,9,325,-7.35,-11.42,45,34.11,23.78,15,190.0,183.0,DELAY_CARRIER|DELAY_LATE_AIRCRAFT|DELAY_WEATHER
ELM,10,345,-7.45,-12.07,30,31.83,27.17,45,180.67,173.33,DELAY_CARRIER|DELAY_LATE_AIRCRAFT|DELAY_WEATHER
ELM,11,345,-7.03,-16.9,40,42.5,33.0,45,132.78,131.44,DELAY_CARRIER|DELAY_LATE_AIRCRAFT|DELAY_SECURITY
ELM,12,320,-5.45,-12.17,65,31.54,26.38,40,208.38,202.0,DELAY_CARRIER|DELAY_LATE_AIRCRAFT|DELAY_NAS
ELP,1,5240,-3.08,-7.15,750,31.19,26.38,320,164.67,164.89,DELAY_LATE_AIRCRAFT|DELAY_CARRIER|DELAY_NAS
ELP,2,5015,-2.88,-7.65,550,30.24,25.83,195,175.51,175.1,DELAY_LATE_AIRCRAFT|DELAY_NAS|DELAY_CARRIER
ELP,3,5300,-1.97,-6.58,835,30.88,25.08,405,155.47,151.85,DELAY_LATE_AIRCRAFT|DELAY_CARRIER|DELAY_NAS
ELP,4,5800,-2.8,-7.57,870,30.21,24.44,415,150.99,149.92,DELAY_LATE_AIRCRAFT|DELAY_CARRIER|DELAY_NAS
ELP,5,5200,-1.89,-6.19,1175,31.22,26.61,765,150.98,149.41,DELAY_LATE_AIRCRAFT|DELAY_CARRIER|DELAY_NAS
ELP,6,5880,-2.41,-6.4,1045,30.8,28.4,560,149.4,146.05,DELAY_LATE_AIRCRAFT|DELAY_CARRIER|DELAY_NAS
ELP,7,5705,-2.62,-6.97,1170,31.59,25.41,720,141.81,137.66,DELAY_LATE_AIRCRAFT|DELAY_CARRIER|DELAY_NAS
ELP,8,6735,-4.41,-8.2,740,33.35,29.15,420,153.02,149.58,DELAY_LATE_AIRCRAFT|DELAY_CARRIER|DELAY_NAS
ELP,9,6510,-4.64,-10.49,665,32.3,26.31,285,130.81,127.16,DELAY_LATE_AIRCRAFT|DELAY_CARRIER|DELAY_NAS
ELP,10,7215,-4.33,-9.21,570,31.29,26.72,255,156.45,153.29,DELAY_LATE_AIRCRAFT|DELAY_CARRIER|DELAY_NAS
ELP,11,6515,-4.25,-9.06,705,31.88,29.69,310,160.82,158.92,DELAY_LATE_AIRCRAFT|DELAY_CARRIER|DELAY_NAS
ELP,12,6335,-3.47,-8.31,790,32.29,26.85,525,156.46,155.9,DELAY_LATE_AIRCRAFT|DELAY_CARRIER|DELAY_NAS
ESC,1,205,-6.63,-19.73,10,24.0,18.0,30,128.33,114.5,DELAY_CARRIER|CANC_WEATHER|DELAY_NAS
ESC,2,235,-9.53,-28.3,5,20.0,-4.0,10,86.5,64.5,DELAY_CARRIER
ESC,3,215,-9.33,-23.16,15,40.33,18.0,35,200.71,188.0,DELAY_CARRIER|DELAY_WEATHER
ESC,4,225,-7.49,-16.84,5,57.0,60.0,20,137.75,129.5,DELAY_CARRIER|CANC_CARRIER|DELAY_WEATHER
ESC,5,250,-8.3,-14.64,0,,,15,101.67,95.0,DELAY_CARRIER|DELAY_NAS|DELAY_WEATHER
ESC,6,195,-6.46,-4.1,30,31.0,34.83,35,159.57,162.14,DELAY_CARRIER|DELAY_NAS|DELAY_WEATHER
ESC,7,210,-6.67,-3.38,25,30.4,29.2,25,388.6,411.2,DELAY_CARRIER|DELAY_WEATHER|DELAY_NAS
ESC,8,235,-8.13,-3.83,20,34.75,39.0,15,254.33,252.33,DELAY_CARRIER|DELAY_WEATHER
ESC,9,255,-11.37,-12.84,25,30.0,26.6,10,331.5,323.5,DELAY_CARRIER|DELAY_WEATHER
ESC,10,275,-8.67,-13.87,10,43.5,38.0,25,107.4,96.4,DELAY_CARRIER
ESC,11,240,-10.15,-13.17,40,34.25,21.62,15,190.33,179.67,DELAY_CARRIER|DELAY_WEATHER
ESC,12,210,-5.38,-8.62,25,36.0,42.8,30,160.5,156.33,DELAY_CARRIER|CANC_WEATHER
EUG,1,1855,-3.21,-9.79,355,32.01,21.03,280,207.89,199.23,CANC_WEATHER|DELAY_CARRIER|DELAY_LATE_AIRCRAFT
EUG,2,2315,-4.38,-10.92,175,35.83,28.71,185,182.35,180.49,DELAY_NAS|DELAY_LATE_AIRCRAFT|DELAY_CARRIER
EUG,3,2640,-3.66,-6.0,305,33.18,36.41,190,125.0,121.39,DELAY_NAS|DELAY_CARRIER|DELAY_LATE_AIRCRAFT
EUG,4,2550,-3.84,-7.69,280,30.89,26.34,140,128.82,123.86,DELAY_CARRIER|DELAY_LATE_AIRCRAFT|DELAY_NAS
EUG,5,2380,-4.02,-9.66,320,32.08,26.98,205,114.0,109.59,DELAY_CARRIER|DELAY_LATE_AIRCRAFT|DELAY_NAS
EUG,6,2465,-1.95,-7.73,385,30.35,24.58,160,108.25,105.56,DELAY_CARRIER|DELAY_LATE_AIRCRAFT|DELAY_NAS
EUG,7,2560,-2.34,-8.45,390,32.85,25.53,220,220.09,213.55,DELAY_LATE_AIRCRAFT|DELAY_CARRIER|DELAY_NAS
EUG,8,2355,-3.44,-7.41,280,27.77,27.41,155,178.35,177.42,DELAY_CARRIER|DELAY_LATE_AIRCRAFT|DELAY_NAS
EUG,9,2240,-3.89,-7.9,210,36.4,28.95,170,159.53,150.59,DELAY_CARRIER|DELAY_LATE_AIRCRAFT|DELAY_NAS
EUG,10,2825,-3.76,-8.91,260,28.87,22.69,160,187.28,183.12,DELAY_CARRIER|DELAY_LATE_AIRCRAFT|DELAY_NAS
EUG,11,2625,-3.6,-9.31,305,30.66,22.33,160,209.28,205.88,DELAY_LATE_AIRCRAFT|DELAY_CARRIER|DELAY_NAS
EUG,12,2515,-2.25,-8.5,480,29.92,23.12,240,193.5,188.23,DELAY_CARRIER|DELAY_LATE_AIRCRAFT|DELAY_NAS
EVV,1,560,-4.52,-10.06,75,30.27,24.87,100,149.5,149.5,DELAY_LATE_AIRCRAFT|DELAY_CARRIER|DELAY_NAS
EVV,2,650,-5.72,-12.24,65,35.08,30.54,10,95.5,84.0,DELAY_NAS|DELAY_LATE_AIRCRAFT|DELAY_CARRIER
EVV,3,640,-5.59,-9.77,60,30.67,27.5,85,175.94,173.88,DELAY_CARRIER|DELAY_NAS|DELAY_LATE_AIRCRAFT
EVV,4,635,-5.8,-5.31,65,32.77,31.92,60,180.25,182.08,DELAY_CARRIER|DELAY_LATE_AIRCRAFT|DELAY_NAS
EVV,5,625,-4.33,-4.22,65,26.31,24.23,105,202.05,203.62,DELAY_NAS|DELAY_CARRIER|DELAY_WEATHER
EVV,6,800,-5.64,-12.24,100,32.95,30.15,65,118.38,107.69,DELAY_LATE_AIRCRAFT|DELAY_CARRIER|DELAY_NAS
EVV,7,750,-5.87,-9.89,175,31.34,33.54,70,193.21,200.0,DELAY_LATE_AIRCRAFT|DELAY_NAS|DELAY_CARRIER
EVV,8,750,-5.99,-16.21,65,40.54,33.15,50,122.2,116.1,DELAY_LATE_AIRCRAFT|DELAY_NAS|DELAY_WEATHER
EVV,9,800,-6.6,-8.51,65,34.15,33.92,60,134.08,133.0,DELAY_NAS|DELAY_CARRIER|DELAY_LATE_AIRCRAFT
EVV,10,990,-7.28,-17.05,60,30.42,18.67,40,293.25,278.12,DELAY_CARRIER|DELAY_LATE_AIRCRAFT|CANC_WEATHER
EVV,11,820,-6.2,-12.6,35,27.43,26.14,65,189.85,182.92,DELAY_NAS|DELAY_CARRIER|DELAY_LATE_AIRCRAFT
EVV,12,620,-3.68,-12.74,95,35.21,24.53,95,165.74,151.63,DELAY_NAS|DELAY_CARRIER|DELAY_LATE_AIRCRAFT
EWN,7,40,-5.5,-21.12,30,35.0,19.0,25,302.4,288.0,DELAY_LATE_AIRCRAFT|CANC_WEATHER|CANC_CARRIER
EWN,8,90,-2.89,-8.56,15,47.0,43.33,20,325.25,314.25,DELAY_LATE_AIRCRAFT|DELAY_CARRIER|CANC_WEATHER
EWN,9,10,-8.0,-14.0,0,,,5,163.0,159.0,DELAY_LATE_AIRCRAFT
EWR,1,37540,-3.46,-13.23,5950,32.06,22.77,3720,139.12,134.98,DELAY_LATE_AIRCRAFT|DELAY_NAS|CANC_CARRIER
EWR,2,42040,-4.4,-18.07,4650,31.35,19.47,2060,129.78,118.31,DELAY_NAS|DELAY_LATE_AIRCRAFT|DELAY_CARRIER
EWR,3,42465,-3.89,-16.4,6585,31.93,19.68,4005,134.33,123.46,DELAY_LATE_AIRCRAFT|DELAY_NAS|DELAY_CARRIER
EWR,4,41955,-3.91,-10.67,6675,32.3,25.67,4155,142.25,136.54,DELAY_LATE_AIRCRAFT|DELAY_NAS|DELAY_CARRIER
EWR,5,42665,-3.5,-10.44,7885,33.32,28.83,5315,129.12,127.04,DELAY_LATE_AIRCRAFT|DELAY_NAS|DELAY_CARRIER
EWR,6,38165,-2.92,-10.78,7335,32.31,28.8,6240,156.96,157.57,DELAY_LATE_AIRCRAFT|DELAY_CARRIER|DELAY_NAS
EWR,7,35665,-2.48,-6.78,8430,33.28,34.55,8505,161.95,161.74,DELAY_LATE_AIRCRAFT|DELAY_NAS|DELAY_CARRIER
EWR,8,37075,-2.97,-8.74,7095,31.55,27.93,5965,171.06,168.93,DELAY_LATE_AIRCRAFT|DELAY_NAS|DELAY_CARRIER
EWR,9,44845,-4.57,-11.4,5065,31.59,26.59,2445,146.29,146.09,DELAY_NAS|DELAY_LATE_AIRCRAFT|DELAY_CARRIER
EWR,10,47155,-4.34,-12.78,5225,31.79,23.17,3225,125.96,115.15,DELAY_LATE_AIRCRAFT|DELAY_NAS|DELAY_CARRIER
EWR,11,41860,-3.8,-11.02,6645,33.01,26.93,4740,118.44,111.05,DELAY_LATE_AIRCRAFT|DELAY_NAS|DELAY_CARRIER
EWR,12,40150,-2.27,-8.97,8910,31.79,25.51,4735,127.91,120.76,DELAY_LATE_AIRCRAFT|DELAY_NAS|DELAY_CARRIER
EYW,1,2920,-4.39,-9.5,745,30.39,24.9,485,178.48,175.09,DELAY_LATE_AIRCRAFT|DELAY_CARRIER|DELAY_NAS
EYW,2,3070,-3.78,-2.83,545,30.42,28.16,315,201.05,198.33,DELAY_LATE_AIRCRAFT|DELAY_NAS|DELAY_CARRIER
EYW,3,2765,-3.33,-4.2,830,32.09,29.52,545,208.41,205.81,DELAY_LATE_AIRCRAFT|DELAY_CARRIER|DELAY_NAS
EYW,4,2715,-3.98,-5.02,670,29.45,25.94,370,185.04,182.86,DELAY_LATE_AIRCRAFT|DELAY_CARRIER|DELAY_NAS
EYW,5,2105,-4.17,-5.14,465,32.78,38.65,505,185.1,190.15,DELAY_LATE_AIRCRAFT|DELAY_NAS|DELAY_CARRIER
EYW,6,1760,-4.19,-6.93,380,32.18,32.64,290,175.0,172.36,DELAY_LATE_AIRCRAFT|DELAY_NAS|DELAY_CARRIER
EYW,7,1665,-3.93,-6.85,395,33.9,33.22,385,177.45,175.21,DELAY_LATE_AIRCRAFT|DELAY_NAS|DELAY_CARRIER
EYW,8,1735,-7.03,-9.59,265,32.42,33.09,260,169.88,164.38,DELAY_LATE_AIRCRAFT|CANC_WEATHER|DELAY_NAS
EYW,9,1970,-6.86,-8.6,220,31.34,27.27,80,195.62,196.69,DELAY_LATE_AIRCRAFT|CANC_WEATHER|DELAY_NAS
EYW,10,2380,-7.34,-11.09,210,30.48,24.74,70,209.71,204.71,DELAY_LATE_AIRCRAFT|CANC_WEATHER|DELAY_CARRIER
EYW,11,2885,-5.42,-7.59,380,27.87,26.46,170,177.32,172.59,DELAY_LATE_AIRCRAFT|DELAY_CARRIER|DELAY_NAS
EYW,12,2740,-5.15,-8.56,570,32.55,28.06,435,207.64,207.71,DELAY_LATE_AIRCRAFT|DELAY_CARRIER|DELAY_NAS
FAI,1,695,-5.72,-9.12,115,33.17,22.87,100,105.75,101.5,DELAY_LATE_AIRCRAFT|DELAY_NAS|CANC_CARRIER
FAI,2,845,-5.63,-8.17,50,29.1,22.8,35,85.0,90.0,DELAY_NAS|DELAY_CARRIER|DELAY_LATE_AIRCRAFT
FAI,3,1305,-6.51,-7.56,150,28.2,22.3,65,104.31,102.23,DELAY_LATE_AIRCRAFT|DELAY_NAS|DELAY_CARRIER
FAI,4,1105,-7.92,-13.54,160,35.94,24.31,30,217.67,217.67,DELAY_LATE_AIRCRAFT|DELAY_CARRIER|DELAY_NAS
FAI,5,1265,-7.11,-14.04,210,28.62,18.33,55,134.82,120.09,DELAY_LATE_AIRCRAFT|DELAY_CARRIER|DELAY_NAS
FAI,6,1540,-4.74,-8.03,215,29.16,22.7,95,182.05,178.68,DELAY_LATE_AIRCRAFT|DELAY_CARRIER|DELAY_NAS
FAI,7,1405,-3.73,-7.96,345,28.59,20.88,135,216.93,217.41,DELAY_LATE_AIRCRAFT|DELAY_NAS|DELAY_CARRIER
FAI,8,1545,-4.26,-10.1,330,30.55,20.36,75,125.27,116.6,DELAY_LATE_AIRCRAFT|DELAY_CARRIER|DELAY_NAS
FAI,9,1430,-5.84,-12.87,245,26.41,7.14,50,149.5,134.7,DELAY_LATE_AIRCRAFT|DELAY_CARRIER|DELAY_NAS
FAI,10,1155,-6.1,-6.68,130,31.88,27.54,30,252.5,246.5,DELAY_NAS|DELAY_LATE_AIRCRAFT|DELAY_CARRIER
FAI,11,915,-3.98,-9.77,80,25.0,11.88,45,186.11,178.33,DELAY_NAS|DELAY_CARRIER|DELAY_LATE_AIRCRAFT
FAI,12,920,-4.21,-7.24,105,28.43,25.05,70,149.93,147.29,DELAY_NAS|DELAY_CARRIER|DELAY_LATE_AIRCRAFT
FAR,1,2040,-4.02,-12.43,260,34.54,30.08,270,184.85,180.43,DELAY_LATE_AIRCRAFT|DELAY_CARRIER|DELAY_NAS
FAR,2,2220,-6.01,-18.75,130,22.27,15.38,175,309.8,296.51,DELAY_CARRIER|DELAY_NAS|DELAY_LATE_AIRCRAFT
FAR,3,2420,-5.68,-14.9,185,31.22,16.7,135,148.41,142.96,DELAY_NAS|DELAY_LATE_AIRCRAFT|DELAY_CARRIER
FAR,4,2385,-6.46,-12.93,160,27.03,20.19,95,141.47,133.68,DELAY_CARRIER|DELAY_LATE_AIRCRAFT|DELAY_NAS
FAR,5,2210,-4.97,-9.49,250,33.92,34.2,210,146.71,140.64,DELAY_LATE_AIRCRAFT|DELAY_CARRIER|DELAY_NAS
FAR,6,2125,-3.6,-5.3,340,34.81,35.59,330,175.56,175.68,DELAY_CARRIER|DELAY_NAS|DELAY_LATE_AIRCRAFT
FAR,7,2245,-3.92,-6.41,360,30.24,28.07,285,159.84,156.54,DELAY_CARRIER|DELAY_LATE_AIRCRAFT|DELAY_NAS
FAR,8,2345,-4.88,-6.35,285,30.95,33.04,235,178.66,175.26,DELAY_CARRIER|DELAY_NAS|DELAY_LATE_AIRCRAFT
FAR,9,2465,-6.15,-12.8,215,30.21,25.6,105,148.9,137.24,DELAY_CARRIER|DELAY_LATE_AIRCRAFT|DELAY_NAS
FAR,10,2565,-6.38,-15.44,205,31.61,21.17,140,112.39,104.96,DELAY_CARRIER|DELAY_LATE_AIRCRAFT|DELAY_NAS
FAR,11,2325,-4.09,-8.28,295,31.51,29.19,200,185.4,186.93,DELAY_CARRIER|DELAY_NAS|DELAY_LATE_AIRCRAFT
FAR,12,2195,-4.33,-7.52,420,28.77,23.95,355,254.52,251.89,DELAY_CARRIER|DELAY_LATE_AIRCRAFT|DELAY_NAS
FAT,1,3505,-3.7,-8.03,520,32.71,26.66,285,121.07,115.07,DELAY_LATE_AIRCRAFT|DELAY_CARRIER|DELAY_NAS
FAT,2,3470,-3.68,-9.19,465,31.44,25.46,215,148.91,144.6,DELAY_CARRIER|DELAY_NAS|DELAY_LATE_AIRCRAFT
FAT,3,3890,-4.11,-8.67,540,30.59,26.02,295,153.51,151.76,DELAY_LATE_AIRCRAFT|DELAY_NAS|DELAY_CARRIER
FAT,4,3755,-3.27,-7.19,475,31.67,28.39,305,178.64,179.18,DELAY_LATE_AIRCRAFT|DELAY_CARRIER|DELAY_NAS
FAT,5,3865,-2.78,-6.62,695,31.11,26.61,365,227.85,227.14,DELAY_LATE_AIRCRAFT|DELAY_CARRIER|DELAY_NAS
FAT,6,3870,-2.52,-5.92,700,30.89,27.78,295,159.05,155.51,DELAY_CARRIER|DELAY_LATE_AIRCRAFT|DELAY_NAS
FAT,7,3905,-2.92,-7.18,695,32.31,29.42,435,165.95,164.93,DELAY_CARRIER|DELAY_LATE_AIRCRAFT|DELAY_NAS
FAT,8,4170,-3.66,-7.12,505,30.95,26.22,325,127.85,128.12,DELAY_CARRIER|DELAY_LATE_AIRCRAFT|DELAY_NAS
FAT,9,4330,-4.18,-9.0,475,31.76,25.52,235,134.17,131.51,DELAY_CARRIER|DELAY_LATE_AIRCRAFT|DELAY_NAS
FAT,10,4820,-3.74,-8.8,450,30.63,26.14,190,162.74,163.45,DELAY_CARRIER|DELAY_LATE_AIRCRAFT|DELAY_NAS
FAT,11,4365,-3.69,-8.41,540,29.81,25.94,270,195.15,194.19,DELAY_CARRIER|DELAY_LATE_AIRCRAFT|DELAY_NAS
FAT,12,3740,-2.25,-6.95,895,32.27,28.18,520,176.91,178.03,DELAY_CARRIER|DELAY_LATE_AIRCRAFT|DELAY_WEATHER
FAY,1,510,-4.42,-11.95,35,25.71,19.29,50,154.0,160.4,DELAY_CARRIER|DELAY_NAS|DELAY_WEATHER
FAY,2,455,-4.6,-17.49,40,25.5,16.25,10,194.0,158.0,DELAY_CARRIER|DELAY_LATE_AIRCRAFT|DELAY_NAS
FAY,3,385,-4.79,-12.47,55,30.09,31.73,25,141.8,130.6,DELAY_LATE_AIRCRAFT|DELAY_CARRIER|DELAY_NAS
FAY,4,375,-3.51,-8.63,45,23.56,13.33,10,456.5,466.0,DELAY_LATE_AIRCRAFT|DELAY_NAS|DELAY_CARRIER
FAY,5,375,-2.75,-7.17,20,28.0,25.0,60,166.42,165.25,DELAY_CARRIER|DELAY_LATE_AIRCRAFT|DELAY_WEATHER
FAY,6,645,-6.95,-14.22,40,29.25,21.75,30,299.17,296.33,DELAY_CARRIER|DELAY_WEATHER|CANC_WEATHER
FAY,7,360,-4.94,-12.01,45,26.89,41.11,70,181.21,182.71,DELAY_CARRIER|DELAY_WEATHER|DELAY_NAS
FAY,8,505,-4.87,-4.75,30,26.17,28.0,45,177.11,176.89,DELAY_CARRIER|DELAY_NAS|DELAY_LATE_AIRCRAFT
FAY,9,785,-6.31,-4.41,75,33.13,32.47,75,214.73,221.27,DELAY_LATE_AIRCRAFT|DELAY_NAS|DELAY_CARRIER
FAY,10,865,-5.43,-3.76,80,29.06,21.06,65,232.46,221.69,DELAY_NAS|DELAY_CARRIER|DELAY_LATE_AIRCRAFT
FAY,11,580,-5.51,-11.27,35,24.86,15.0,30,246.17,235.33,DELAY_LATE_AIRCRAFT|DELAY_NAS|DELAY_CARRIER
FAY,12,550,-3.2,-11.72,75,34.93,25.6,45,166.78,154.67,DELAY_LATE_AIRCRAFT|DELAY_CARRIER|DELAY_NAS
FCA,1,885,-2.36,-4.16,140,33.04,34.11,140,192.79,185.57,DELAY_CARRIER|DELAY_NAS|DELAY_LATE_AIRCRAFT
FCA,2,980,-3.41,-4.1,70,37.93,45.79,45,226.56,231.22,DELAY_NAS|DELAY_LATE_AIRCRAFT|DELAY_CARRIER
FCA,3,1110,-3.13,-8.06,65,30.77,17.46,40,191.0,184.5,DELAY_NAS|DELAY_CARRIER|DELAY_LATE_AIRCRAFT
FCA,4,865,-4.54,-9.07,75,33.67,25.13,30,202.17,202.83,DELAY_CARRIER|DELAY_NAS|DELAY_LATE_AIRCRAFT
FCA,5,1045,-4.13,-9.15,130,33.0,23.73,95,147.89,136.21,DELAY_LATE_AIRCRAFT|DELAY_NAS|DELAY_CARRIER
FCA,6,1890,-3.66,-10.05,295,31.98,24.44,150,242.63,234.93,DELAY_LATE_AIRCRAFT|DELAY_NAS|DELAY_CARRIER
FCA,7,2190,-2.82,-7.05,365,29.49,23.52,245,178.18,175.8,DELAY_LATE_AIRCRAFT|DELAY_CARRIER|DELAY_NAS
FCA,8,2195,-2.87,-5.73,370,30.16,29.61,180,248.22,241.64,DELAY_LATE_AIRCRAFT|DELAY_CARRIER|DELAY_NAS
FCA,9,1595,-3.2,-8.76,140,30.68,20.57,60,146.83,143.83,DELAY_LATE_AIRCRAFT|DELAY_NAS|DELAY_CARRIER
FCA,10,1220,-5.05,-11.68,80,30.5,18.75,35,188.29,177.14,DELAY_CARRIER|DELAY_LATE_AIRCRAFT|DELAY_NAS
FCA,11,905,-5.65,-7.59,65,37.69,46.08,30,132.83,152.17,DELAY_NAS|DELAY_CARRIER|DELAY_LATE_AIRCRAFT
FCA,12,1105,-5.07,-13.47,105,33.48,25.71,85,177.53,167.24,DELAY_CARRIER|DELAY_LATE_AIRCRAFT|DELAY_NAS
FLG,1,465,-6.4,-6.04,35,36.0,43.57,50,205.9,208.6,DELAY_CARRIER|DELAY_WEATHER|DELAY_NAS
FLG,2,510,-7.0,-12.68,45,35.0,31.67,65,260.38,263.15,DELAY_CARRIER|DELAY_WEATHER|DELAY_LATE_AIRCRAFT
FLG,3,535,-6.53,-8.9,45,45.67,50.89,80,292.38,296.06,DELAY_CARRIER|DELAY_WEATHER|DELAY_NAS
FLG,4,640,-7.05,-9.39,25,30.4,31.4,45,118.33,114.89,DELAY_NAS|DELAY_CARRIER|DELAY_LATE_AIRCRAFT
FLG,5,710,-7.03,-9.32,10,18.0,9.5,40,138.5,145.75,DELAY_CARRIER|CANC_WEATHER|DELAY_LATE_AIRCRAFT
FLG,6,595,-6.65,-7.7,60,30.92,32.75,70,183.79,178.29,DELAY_CARRIER|DELAY_LATE_AIRCRAFT|DELAY_NAS
FLG,7,700,-6.97,-7.26,30,38.83,32.83,20,181.5,183.0,DELAY_NAS|DELAY_CARRIER|DELAY_WEATHER
FLG,8,665,-8.3,-7.98,40,32.5,27.88,25,189.4,190.4,DELAY_CARRIER|DELAY_LATE_AIRCRAFT
FLG,9,635,-7.72,-9.35,25,36.6,40.8,20,248.5,243.25,DELAY_CARRIER|DELAY_NAS|DELAY_LATE_AIRCRAFT
FLG,10,815,-6.9,-10.8,95,36.74,30.42,115,152.3,154.26,DELAY_CARRIER|DELAY_LATE_AIRCRAFT|DELAY_WEATHER
FLG,11,780,-7.18,-9.92,130,34.04,32.62,110,165.18,151.91,DELAY_CARRIER|DELAY_LATE_AIRCRAFT|DELAY_NAS
FLG,12,835,-7.28,-11.71,60,38.83,33.33,65,239.77,233.0,DELAY_CARRIER|DELAY_LATE_AIRCRAFT|CANC_WEATHER
FLL,1,27350,-1.36,-8.14,9220,31.38,25.45,4210,132.74,127.95,DELAY_LATE_AIRCRAFT|DELAY_CARRIER|DELAY_NAS
FLL,2,29925,-2.18,-5.11,7000,30.75,26.01,3320,139.16,132.61,DELAY_LATE_AIRCRAFT|DELAY_CARRIER|DELAY_NAS
FLL,3,29740,-1.72,-5.29,9350,32.74,29.7,6275,144.41,143.21,DELAY_LATE_AIRCRAFT|DELAY_NAS|DELAY_CARRIER
FLL,4,31295,-2.61,-7.66,6130,31.27,25.52,3565,141.51,136.65,DELAY_LATE_AIRCRAFT|DELAY_CARRIER|DELAY_NAS
FLL,5,27930,-2.08,-5.32,6870,31.68,30.29,4105,140.32,140.53,DELAY_NAS|DELAY_LATE_AIRCRAFT|DELAY_CARRIER
FLL,6,24215,-1.53,-6.84,6765,32.95,28.77,3865,135.36,133.98,DELAY_LATE_AIRCRAFT|DELAY_NAS|DELAY_CARRIER
FLL,7,23530,-1.48,-7.11,7435,32.54,28.91,4820,139.94,136.51,DELAY_LATE_AIRCRAFT|DELAY_CARRIER|DELAY_NAS
FLL,8,21840,-1.68,-6.81,6870,32.01,29.94,4400,141.18,139.07,DELAY_LATE_AIRCRAFT|DELAY_NAS|DELAY_CARRIER
FLL,9,23840,-3.08,-6.88,4350,30.47,29.72,1770,129.02,128.44,DELAY_NAS|DELAY_CARRIER|DELAY_LATE_AIRCRAFT
FLL,10,28070,-3.27,-9.5,3840,30.01,23.42,1515,128.88,122.25,DELAY_CARRIER|DELAY_LATE_AIRCRAFT|DELAY_NAS
FLL,11,30915,-3.55,-11.07,3990,30.35,22.31,1515,137.73,132.77,DELAY_CARRIER|DELAY_NAS|DELAY_LATE_AIRCRAFT
FLL,12,29650,-1.97,-8.81,7250,31.58,25.33,3875,129.05,125.49,DELAY_LATE_AIRCRAFT|DELAY_CARRIER|DELAY_NAS
FNT,1,590,-5.54,-6.09,105,32.71,47.38,65,220.31,221.23,DELAY_NAS|DELAY_LATE_AIRCRAFT|DELAY_WEATHER
FNT,2,830,-5.4,-13.46,95,31.16,21.0,45,135.67,131.11,DELAY_NAS|DELAY_CARRIER|DELAY_LATE_AIRCRAFT
FNT,3,1030,-6.24,-15.72,110,31.32,32.41,100,127.75,127.7,DELAY_NAS|DELAY_LATE_AIRCRAFT|DELAY_CARRIER
FNT,4,830,-8.02,-20.64,75,32.4,23.0,55,225.91,217.91,DELAY_CARRIER|DELAY_LATE_AIRCRAFT|DELAY_NAS
FNT,5,625,-6.4,-9.31,95,31.16,27.26,100,184.8,182.05,DELAY_NAS|DELAY_CARRIER|DELAY_LATE_AIRCRAFT
FNT,6,645,-4.94,-9.02,70,27.43,18.36,75,170.27,161.53,DELAY_CARRIER|DELAY_LATE_AIRCRAFT|DELAY_WEATHER
FNT,7,650,-4.03,-6.7,60,34.33,37.08,105,221.76,218.57,DELAY_CARRIER|DELAY_LATE_AIRCRAFT|DELAY_NAS
FNT,8,630,-5.44,-7.6,95,35.16,32.47,105,161.67,168.62,DELAY_LATE_AIRCRAFT|DELAY_NAS|DELAY_CARRIER
FNT,9,640,-4.41,-7.99,85,31.47,29.59,65,117.0,109.0,DELAY_CARRIER|DELAY_LATE_AIRCRAFT|DELAY_WEATHER
FNT,10,715,-3.66,-7.22,85,30.47,27.76,55,168.73,164.45,DELAY_CARRIER|DELAY_LATE_AIRCRAFT|CANC_WEATHER
FNT,11,795,-4.67,-7.48,65,28.15,27.69,90,145.83,150.83,DELAY_CARRIER|DELAY_LATE_AIRCRAFT|DELAY_NAS
FNT,12,850,-3.39,-7.92,175,34.23,27.77,85,165.06,152.82,DELAY_NAS|DELAY_CARRIER|DELAY_LATE_AIRCRAFT
FOD,1,160,-6.22,-14.06,30,28.83,19.17,30,160.33,145.17,CANC_WEATHER|DELAY_LATE_AIRCRAFT|DELAY_CARRIER
FOD,2,230,-10.48,-19.52,5,27.0,17.0,15,82.33,68.0,DELAY_LATE_AIRCRAFT|DELAY_WEATHER
FOD,3,195,-8.15,-10.95,30,40.83,45.17,40,269.12,267.75,DELAY_LATE_AIRCRAFT|DELAY_CARRIER|DELAY_NAS
FOD,4,225,-7.51,-10.58,10,21.5,19.5,15,142.0,140.67,DELAY_LATE_AIRCRAFT
FOD,5,200,-7.2,-10.38,30,24.17,27.67,25,181.6,186.6,DELAY_LATE_AIRCRAFT|CANC_WEATHER|DELAY_CARRIER
FOD,6,185,-9.78,-15.59,45,37.33,31.22,25,334.2,331.8,DELAY_LATE_AIRCRAFT|DELAY_CARRIER|DELAY_NAS
FOD,7,175,-10.49,-17.17,50,34.5,31.4,35,361.71,359.43,DELAY_LATE_AIRCRAFT|DELAY_NAS|CANC_WEATHER
FOD,8,160,-8.78,-10.47,50,40.0,36.3,50,158.9,158.3,DELAY_LATE_AIRCRAFT|DELAY_NAS|CANC_WEATHER
FOD,9,180,-10.42,-10.14,55,30.91,36.64,20,350.5,344.5,DELAY_LATE_AIRCRAFT|DELAY_CARRIER|DELAY_NAS
FOD,10,225,-8.96,-11.84,25,55.2,51.4,15,463.67,460.67,DELAY_CARRIER|DELAY_LATE_AIRCRAFT|DELAY_NAS
FOD,11,225,-8.24,-11.24,10,25.0,13.0,20,132.0,134.0,DELAY_CARRIER|DELAY_LATE_AIRCRAFT|CANC_WEATHER
FOD,12,220,-10.16,-6.25,25,33.6,23.6,15,154.0,166.67,DELAY_LATE_AIRCRAFT|DELAY_CARRIER|CANC_WEATHER
FSD,1,2015,-3.52,-6.06,420,30.45,30.92,305,158.95,162.9,DELAY_NAS|DELAY_CARRIER|DELAY_LATE_AIRCRAFT
FSD,2,2405,-4.58,-14.13,290,33.43,21.38,170,173.94,169.59,DELAY_CARRIER|DELAY_LATE_AIRCRAFT|DELAY_NAS
FSD,3,2655,-5.35,-15.16,245,32.73,24.43,105,182.86,183.57,DELAY_LATE_AIRCRAFT|DELAY_NAS|DELAY_CARRIER
FSD,4,2670,-5.48,-13.32,220,33.39,28.27,85,179.53,182.59,DELAY_CARRIER|DELAY_LATE_AIRCRAFT|DELAY_NAS
FSD,5,2400,-4.01,-9.62,225,35.67,28.49,205,185.93,187.68,DELAY_NAS|DELAY_LATE_AIRCRAFT|DELAY_CARRIER
FSD,6,2130,-3.51,-6.85,400,30.49,29.46,320,172.02,173.72,DELAY_NAS|DELAY_CARRIER|DELAY_LATE_AIRCRAFT
FSD,7,1985,-4.41,-7.53,425,31.31,28.49,280,173.2,170.14,DELAY_CARRIER|DELAY_LATE_AIRCRAFT|DELAY_NAS
FSD,8,2120,-4.7,-7.09,400,31.21,31.34,160,182.16,179.91,DELAY_CARRIER|DELAY_LATE_AIRCRAFT|DELAY_NAS
FSD,9,2395,-5.38,-10.69,265,29.96,23.92,80,124.75,114.81,DELAY_CARRIER|DELAY_LATE_AIRCRAFT|DELAY_NAS
FSD,10,2710,-5.12,-10.89,275,28.36,18.87,90,116.83,106.83,DELAY_CARRIER|DELAY_LATE_AIRCRAFT|DELAY_NAS
FSD,11,2530,-4.0,-8.25,300,29.28,24.27,205,178.34,174.54,DELAY_NAS|DELAY_CARRIER|DELAY_LATE_AIRCRAFT
FSD,12,2475,-3.4,-8.47,390,31.99,26.24,330,202.0,198.92,DELAY_CARRIER|DELAY_LATE_AIRCRAFT|DELAY_NAS
FSM,1,295,-5.46,-1.2,60,27.92,31.0,55,319.09,324.45,CANC_WEATHER|DELAY_NAS|DELAY_LATE_AIRCRAFT
FSM,2,405,-4.38,-1.02,25,36.4,39.8,5,126.0,124.0,DELAY_NAS|DELAY_LATE_AIRCRAFT|DELAY_WEATHER
FSM,3,375,-4.6,-8.2,55,28.73,21.82,25,144.4,138.2,DELAY_NAS|DELAY_CARRIER|DELAY_LATE_AIRCRAFT
FSM,4,355,-5.76,-12.15,55,26.45,21.73,25,139.6,148.6,DELAY_WEATHER|DELAY_LATE_AIRCRAFT|CANC_WEATHER
FSM,5,280,-1.34,-1.32,100,27.35,28.95,65,132.08,134.38,DELAY_LATE_AIRCRAFT|DELAY_NAS|DELAY_WEATHER
FSM,6,340,-3.28,-9.09,110,32.68,24.5,95,131.53,122.74,DELAY_LATE_AIRCRAFT|DELAY_NAS|DELAY_CARRIER
FSM,7,405,-5.12,-8.57,75,32.47,25.0,65,135.0,132.38,DELAY_LATE_AIRCRAFT|DELAY_CARRIER|DELAY_NAS
FSM,8,510,-5.57,-12.5,50,37.2,35.7,25,145.6,135.4,DELAY_LATE_AIRCRAFT|DELAY_CARRIER|DELAY_NAS
FSM,9,435,-5.68,-13.11,40,31.88,22.75,20,135.5,114.75,DELAY_LATE_AIRCRAFT|DELAY_NAS|DELAY_CARRIER
FSM,10,520,-6.69,-14.09,35,31.57,17.71,10,102.5,103.5,DELAY_NAS|DELAY_LATE_AIRCRAFT|DELAY_CARRIER
FSM,11,370,-3.95,-20.08,25,25.0,16.8,20,114.0,90.0,DELAY_LATE_AIRCRAFT|CANC_WEATHER|DELAY_CARRIER
FSM,12,390,-4.82,-14.01,35,42.0,29.71,25,295.8,301.4,DELAY_LATE_AIRCRAFT|DELAY_CARRIER|DELAY_NAS
FWA,1,1000,-3.77,-9.6,235,31.64,39.02,215,162.12,158.28,DELAY_CARRIER|DELAY_NAS|DELAY_LATE_AIRCRAFT
FWA,2,1280,-4.08,-14.46,185,29.32,20.84,90,182.72,171.72,DELAY_CARRIER|DELAY_NAS|DELAY_LATE_AIRCRAFT
FWA,3,1445,-4.21,-13.92,220,30.43,21.86,150,150.7,149.2,DELAY_CARRIER|DELAY_NAS|DELAY_LATE_AIRCRAFT
FWA,4,1360,-4.71,-12.4,200,33.25,26.3,170,148.41,148.29,DELAY_CARRIER|DELAY_LATE_AIRCRAFT|DELAY_NAS
FWA,5,1170,-4.71,-9.61,220,33.05,25.91,250,198.84,197.94,DELAY_CARRIER|DELAY_LATE_AIRCRAFT|DELAY_NAS
FWA,6,1435,-3.9,-9.35,265,33.68,30.26,255,162.2,154.63,DELAY_CARRIER|DELAY_LATE_AIRCRAFT|DELAY_NAS
FWA,7,1445,-4.04,-5.48,315,31.57,32.9,290,136.91,139.4,DELAY_CARRIER|DELAY_LATE_AIRCRAFT|DELAY_NAS
FWA,8,1330,-4.27,-8.64,260,32.85,29.0,225,163.82,164.93,DELAY_CARRIER|DELAY_LATE_AIRCRAFT|DELAY_NAS
FWA,9,1710,-5.57,-9.63,195,31.9,30.49,160,164.59,163.06,DELAY_CARRIER|DELAY_LATE_AIRCRAFT|DELAY_NAS
FWA,10,2080,-6.09,-13.79,210,29.79,22.19,215,137.02,127.0,DELAY_CARRIER|DELAY_LATE_AIRCRAFT|CANC_WEATHER
FWA,11,1975,-5.12,-11.74,225,29.98,21.36,120,192.71,182.21,DELAY_CARRIER|DELAY_NAS|DELAY_LATE_AIRCRAFT
FWA,12,1760,-4.31,-10.36,300,32.62,26.35,295,176.92,174.75,DELAY_CARRIER|DELAY_LATE_AIRCRAFT|DELAY_NAS
GCC,1,245,-6.45,-15.2,15,32.33,34.33,30,183.0,185.5,CANC_WEATHER|DELAY_CARRIER|DELAY_LATE_AIRCRAFT
GCC,2,255,-5.59,-17.24,15,21.33,10.0,10,124.5,131.0,DELAY_CARRIER|DELAY_NAS|CANC_WEATHER
GCC,3,280,-7.52,-21.34,5,15.0,1.0,15,176.0,203.0,CANC_WEATHER|DELAY_NAS|DELAY_CARRIER
GCC,4,270,-5.76,-13.31,0,,,20,297.75,296.5,DELAY_CARRIER|DELAY_LATE_AIRCRAFT|DELAY_NAS
GCC,5,285,-7.33,-11.58,10,36.5,26.0,15,244.67,242.0,DELAY_NAS|DELAY_WEATHER|DELAY_CARRIER
GCC,6,255,-6.18,-9.16,20,34.25,29.75,20,165.25,170.75,DELAY_CARRIER|DELAY_NAS|DELAY_LATE_AIRCRAFT
GCC,7,280,-7.16,-9.52,10,34.0,37.0,20,203.75,206.25,DELAY_CARRIER|DELAY_LATE_AIRCRAFT|DELAY_NAS
GCC,8,275,-4.91,-9.05,15,17.33,43.33,25,288.6,301.6,DELAY_CARRIER|DELAY_NAS|DELAY_LATE_AIRCRAFT
GCC,9,275,-8.07,-11.38,10,30.5,32.5,10,93.0,82.0,DELAY_LATE_AIRCRAFT|DELAY_CARRIER
GCC,10,265,-5.79,-12.55,15,26.67,18.67,25,266.8,263.6,DELAY_WEATHER|DELAY_CARRIER|CANC_WEATHER
GCC,11,235,-6.94,-11.53,25,24.8,14.4,30,91.17,100.0,DELAY_CARRIER|DELAY_NAS|DELAY_LATE_AIRCRAFT
GCC,12,265,-6.58,-14.96,20,37.75,28.75,20,437.0,430.25,DELAY_CARRIER|DELAY_LATE_AIRCRAFT
GCK,1,215,-5.72,-5.37,25,28.4,42.4,30,295.83,299.67,CANC_WEATHER|DELAY_CARRIER|DELAY_WEATHER
GCK,2,255,-5.45,-10.98,30,27.67,33.5,5,207.0,210.0,DELAY_CARRIER|DELAY_NAS|DELAY_LATE_AIRCRAFT
GCK,3,205,-1.59,-5.46,70,32.43,30.93,25,118.0,118.2,DELAY_CARRIER|DELAY_LATE_AIRCRAFT|DELAY_NAS
GCK,4,230,-3.11,-7.59,30,28.83,37.17,35,230.71,226.86,DELAY_CARRIER|DELAY_LATE_AIRCRAFT|DELAY_NAS
GCK,5,230,-3.98,-6.09,40,25.25,32.62,30,187.0,189.5,DELAY_LATE_AIRCRAFT|DELAY_NAS|DELAY_CARRIER
GCK,6,250,-3.6,0.08,5,59.0,61.0,35,107.0,107.57,DELAY_LATE_AIRCRAFT|DELAY_NAS|DELAY_WEATHER
GCK,7,260,-1.94,1.85,35,30.43,38.43,15,93.33,96.33,DELAY_NAS|DELAY_CARRIER|DELAY_LATE_AIRCRAFT
GCK,8,245,-2.18,-1.12,40,22.5,25.0,25,199.8,203.8,DELAY_LATE_AIRCRAFT|DELAY_NAS|DELAY_CARRIER
GCK,9,275,-4.22,-7.36,15,32.0,24.0,5,117.0,129.0,DELAY_CARRIER|DELAY_LATE_AIRCRAFT|DELAY_WEATHER
GCK,10,265,-5.81,-12.57,10,32.0,22.0,35,157.29,155.29,DELAY_CARRIER|DELAY_LATE_AIRCRAFT|DELAY_NAS
GCK,11,230,-2.2,-4.87,30,29.33,20.67,20,185.5,177.0,DELAY_CARRIER|DELAY_NAS|CANC_WEATHER
GCK,12,235,-2.45,-10.94,30,31.0,33.83,35,173.71,179.71,DELAY_CARRIER|DELAY_LATE_AIRCRAFT|CANC_NAS
GEG,1,5045,-2.87,-8.36,765,32.23,28.73,400,211.25,208.95,DELAY_LATE_AIRCRAFT|DELAY_CARRIER|DELAY_NAS
GEG,2,5240,-4.2,-9.84,430,31.85,28.91,215,167.91,164.28,DELAY_NAS|DELAY_LATE_AIRCRAFT|DELAY_CARRIER
GEG,3,6220,-4.18,-8.94,585,33.88,27.91,240,201.79,190.85,DELAY_LATE_AIRCRAFT|DELAY_NAS|DELAY_CARRIER
GEG,4,6635,-4.78,-8.47,525,29.86,24.56,180,113.19,113.25,DELAY_LATE_AIRCRAFT|DELAY_CARRIER|DELAY_NAS
GEG,5,6300,-3.81,-8.97,750,31.63,23.89,285,162.39,158.72,DELAY_LATE_AIRCRAFT|DELAY_CARRIER|DELAY_NAS
GEG,6,6195,-3.14,-8.75,890,29.06,21.04,415,121.51,114.72,DELAY_LATE_AIRCRAFT|DELAY_CARRIER|DELAY_NAS
GEG,7,6345,-2.52,-7.04,955,30.62,24.2,540,171.05,167.58,DELAY_LATE_AIRCRAFT|DELAY_CARRIER|DELAY_NAS
GEG,8,6945,-3.45,-5.66,890,31.02,27.89,330,143.82,143.21,DELAY_LATE_AIRCRAFT|DELAY_CARRIER|DELAY_NAS
GEG,9,6670,-3.99,-7.78,650,30.4,24.78,225,151.91,148.4,DELAY_LATE_AIRCRAFT|DELAY_NAS|DELAY_CARRIER
GEG,10,6725,-4.23,-7.77,400,29.14,23.96,230,177.26,173.22,DELAY_CARRIER|DELAY_LATE_AIRCRAFT|DELAY_NAS
GEG,11,6500,-4.18,-8.55,620,28.43,22.14,225,143.69,139.69,DELAY_NAS|DELAY_LATE_AIRCRAFT|DELAY_CARRIER
GEG,12,6020,-2.8,-8.04,900,29.91,24.46,390,145.56,141.58,DELAY_CARRIER|DELAY_LATE_AIRCRAFT|DELAY_NAS
GFK,1,480,-5.44,-10.41,45,31.78,26.67,70,150.86,144.21,DELAY_CARRIER|DELAY_LATE_AIRCRAFT|DELAY_NAS
GFK,2,480,-7.33,-18.28,20,39.5,49.5,35,241.43,233.29,DELAY_CARRIER|CANC_WEATHER|DELAY_WEATHER
GFK,3,525,-5.59,-13.72,30,34.83,40.67,20,78.25,71.0,DELAY_CARRIER|DELAY_WEATHER|CANC_WEATHER
GFK,4,500,-8.45,-18.54,15,39.0,29.33,25,98.8,87.8,DELAY_CARRIER|DELAY_LATE_AIRCRAFT|DELAY_WEATHER
GFK,5,455,-6.89,-13.18,40,32.62,24.75,15,160.0,153.33,DELAY_CARRIER|DELAY_LATE_AIRCRAFT|DELAY_WEATHER
GFK,6,370,-5.09,-1.54,70,36.86,50.0,50,156.3,162.5,DELAY_NAS|DELAY_CARRIER|DELAY_WEATHER
GFK,7,395,-6.28,-6.15,55,33.0,31.73,55,152.36,148.55,DELAY_CARRIER|DELAY_WEATHER|DELAY_NAS
GFK,8,405,-6.72,-6.85,60,35.25,45.5,45,152.22,160.0,DELAY_CARRIER|DELAY_NAS|DELAY_WEATHER
GFK,9,435,-7.95,-10.08,55,28.55,22.18,5,642.0,623.0,DELAY_CARRIER|DELAY_NAS|DELAY_WEATHER
GFK,10,525,-7.17,-17.47,5,52.0,33.0,25,102.2,96.0,DELAY_CARRIER|DELAY_NAS|DELAY_WEATHER
GFK,11,490,-6.97,-12.02,25,28.4,17.2,15,105.0,103.33,DELAY_CARRIER|DELAY_NAS|DELAY_WEATHER
GFK,12,415,-5.0,-13.9,55,37.45,38.55,70,181.93,174.29,DELAY_CARRIER|DELAY_LATE_AIRCRAFT|DELAY_NAS
GGG,1,240,-6.4,-7.08,20,34.0,40.5,30,133.67,142.0,DELAY_CARRIER|DELAY_WEATHER|CANC_WEATHER
GGG,2,245,-8.92,-15.94,10,22.5,21.0,35,169.57,169.43,DELAY_CARRIER|DELAY_LATE_AIRCRAFT
GGG,3,270,-8.17,-12.2,20,37.0,35.25,20,227.5,232.5,DELAY_WEATHER|DELAY_CARRIER|DELAY_LATE_AIRCRAFT
GGG,4,250,-6.32,-8.46,0,,,50,150.2,149.0,DELAY_WEATHER|DELAY_NAS|DELAY_CARRIER
GGG,5,220,-4.73,-3.25,20,28.5,22.25,55,175.45,175.64,DELAY_CARRIER|DELAY_LATE_AIRCRAFT|DELAY_WEATHER
GGG,6,255,-7.04,-14.02,15,37.0,35.0,30,142.67,122.5,DELAY_LATE_AIRCRAFT|DELAY_CARRIER|DELAY_WEATHER
GGG,7,235,-4.34,-11.83,40,35.25,31.38,25,98.4,86.4,DELAY_LATE_AIRCRAFT|CANC_WEATHER|DELAY_CARRIER
GGG,8,250,-3.18,-3.28,35,36.14,31.0,25,113.2,104.2,DELAY_LATE_AIRCRAFT|DELAY_CARRIER|DELAY_NAS
GGG,9,255,-4.04,-8.39,20,38.25,33.5,25,145.2,135.0,DELAY_CARRIER|DELAY_LATE_AIRCRAFT|DELAY_NAS
GGG,10,250,-6.38,-9.88,45,34.22,31.0,15,164.67,153.0,DELAY_CARRIER|DELAY_NAS
GGG,11,195,-4.79,-5.77,50,34.3,23.4,35,108.57,111.57,DELAY_CARRIER|DELAY_LATE_AIRCRAFT|CANC_WEATHER
GGG,12,220,-4.36,-6.86,25,35.0,23.8,40,147.5,141.88,DELAY_CARRIER|CANC_WEATHER|DELAY_LATE_AIRCRAFT
GJT,1,1135,-5.94,-12.45,140,31.71,23.61,95,228.58,223.32,DELAY_CARRIER|DELAY_LATE_AIRCRAFT|DELAY_NAS
GJT,2,1240,-6.34,-10.92,115,31.48,27.17,85,166.12,161.88,DELAY_CARRIER|DELAY_NAS|DELAY_LATE_AIRCRAFT
GJT,3,1280,-6.39,-6.96,145,30.9,35.83,35,383.0,381.57,DELAY_NAS|DELAY_LATE_AIRCRAFT|DELAY_CARRIER
GJT,4,1085,-5.85,-6.59,70,37.57,36.14,50,232.3,236.5,DELAY_NAS|DELAY_CARRIER|DELAY_LATE_AIRCRAFT
GJT,5,1180,-5.61,-7.45,125,34.4,28.44,155,158.19,159.58,DELAY_CARRIER|DELAY_LATE_AIRCRAFT|DELAY_NAS
GJT,6,1415,-6.02,-7.89,165,34.09,25.97,140,247.32,246.11,DELAY_CARRIER|DELAY_LATE_AIRCRAFT|DELAY_NAS
GJT,7,1425,-6.39,-11.84,215,29.6,25.23,120,249.04,246.46,DELAY_LATE_AIRCRAFT|DELAY_CARRIER|DELAY_NAS
GJT,8,1435,-6.02,-9.71,170,31.88,31.03,85,217.94,215.29,DELAY_CARRIER|DELAY_LATE_AIRCRAFT|DELAY_NAS
GJT,9,1570,-6.33,-10.76,130,28.92,25.85,80,238.81,230.94,DELAY_CARRIER|DELAY_NAS|DELAY_LATE_AIRCRAFT
GJT,10,1790,-6.72,-14.54,100,30.05,19.4,125,197.92,185.84,DELAY_CARRIER|DELAY_LATE_AIRCRAFT|DELAY_NAS
GJT,11,1405,-5.26,-11.05,155,34.13,29.32,165,155.52,157.12,DELAY_LATE_AIRCRAFT|DELAY_CARRIER|DELAY_NAS
GJT,12,1780,-4.92,-10.49,140,35.64,28.71,65,173.15,162.77,DELAY_CARRIER|DELAY_NAS|DELAY_LATE_AIRCRAFT
GNV,1,835,-4.66,-11.71,120,30.96,22.17,45,99.78,102.33,DELAY_LATE_AIRCRAFT|DELAY_CARRIER|CANC_WEATHER
GNV,2,855,-5.67,-13.18,55,42.73,37.09,10,275.5,244.5,DELAY_LATE_AIRCRAFT|DELAY_CARRIER|DELAY_NAS
GNV,3,890,-5.15,-10.35,115,29.43,23.57,50,153.7,145.2,DELAY_LATE_AIRCRAFT|DELAY_CARRIER|DELAY_NAS
GNV,4,1100,-5.91,-10.07,70,38.86,31.36,95,172.21,170.89,DELAY_LATE_AIRCRAFT|DELAY_CARRIER|DELAY_NAS
GNV,5,1015,-5.41,-9.11,75,29.8,27.13,115,255.91,257.13,DELAY_LATE_AIRCRAFT|DELAY_CARRIER|DELAY_NAS
GNV,6,1165,-5.84,-13.64,150,29.77,21.0,95,111.11,108.26,DELAY_LATE_AIRCRAFT|DELAY_CARRIER|DELAY_WEATHER
GNV,7,980,-6.04,-10.97,210,33.76,29.76,210,144.57,143.76,DELAY_LATE_AIRCRAFT|DELAY_NAS|DELAY_CARRIER
GNV,8,1175,-6.69,-10.7,135,30.78,25.3,100,182.7,174.9,DELAY_LATE_AIRCRAFT|CANC_WEATHER|DELAY_NAS
GNV,9,1175,-7.83,-15.24,90,32.72,25.78,75,122.73,117.4,DELAY_LATE_AIRCRAFT|CANC_WEATHER|DELAY_CARRIER
GNV,10,1290,-8.04,-14.24,50,32.5,23.6,35,147.86,140.29,CANC_WEATHER|DELAY_LATE_AIRCRAFT|DELAY_NAS
GNV,11,1025,-7.36,-14.15,115,34.17,24.87,45,263.56,260.78,DELAY_CARRIER|DELAY_LATE_AIRCRAFT|DELAY_NAS
GNV,12,1000,-5.14,-11.21,110,24.91,19.36,85,152.29,146.65,DELAY_LATE_AIRCRAFT|DELAY_NAS|DELAY_CARRIER
GPT,1,915,-5.95,-10.32,125,31.92,25.16,105,204.19,208.0,DELAY_LATE_AIRCRAFT|DELAY_WEATHER|DELAY_NAS
GPT,2,1075,-7.3,-11.26,80,29.38,25.38,35,287.14,276.43,DELAY_CARRIER|DELAY_LATE_AIRCRAFT|DELAY_NAS
GPT,3,1255,-6.51,-9.69,75,28.93,26.0,55,200.45,200.36,DELAY_LATE_AIRCRAFT|DELAY_NAS|DELAY_CARRIER
GPT,4,1160,-6.51,-9.47,90,31.5,30.61,80,234.12,238.5,DELAY_LATE_AIRCRAFT|DELAY_NAS|DELAY_CARRIER
GPT,5,1090,-4.02,-6.89,135,32.48,32.96,140,171.82,172.71,DELAY_LATE_AIRCRAFT|DELAY_NAS|DELAY_CARRIER
GPT,6,1180,-6.76,-12.98,210,30.52,25.4,100,207.65,197.95,DELAY_LATE_AIRCRAFT|DELAY_CARRIER|DELAY_NAS
GPT,7,1115,-7.26,-10.63,195,36.59,33.69,165,222.48,218.36,DELAY_LATE_AIRCRAFT|DELAY_CARRIER|DELAY_NAS
GPT,8,1295,-8.47,-13.75,100,30.15,26.25,85,198.29,189.53,DELAY_LATE_AIRCRAFT|DELAY_CARRIER|DELAY_NAS
GPT,9,1165,-7.72,-8.91,130,32.08,27.46,115,200.96,193.74,DELAY_LATE_AIRCRAFT|DELAY_CARRIER|DELAY_NAS
GPT,10,1360,-7.39,-11.38,110,32.95,27.18,25,117.6,111.6,DELAY_LATE_AIRCRAFT|DELAY_CARRIER|DELAY_NAS
GPT,11,1235,-7.23,-9.19,90,32.22,27.28,35,232.71,250.71,DELAY_CARRIER|DELAY_NAS|DELAY_LATE_AIRCRAFT
GPT,12,1210,-6.1,-8.41,145,33.21,32.21,120,173.0,180.79,DELAY_LATE_AIRCRAFT|DELAY_CARRIER|DELAY_NAS
GRB,1,1165,-3.8,-10.88,135,35.93,26.11,260,191.58,182.44,DELAY_CARRIER|DELAY_NAS|CANC_WEATHER
GRB,2,1560,-6.09,-17.03,60,30.25,26.92,120,232.96,218.0,DELAY_WEATHER|DELAY_CARRIER|DELAY_NAS
GRB,3,1700,-5.76,-13.56,145,36.9,30.76,110,146.14,135.86,DELAY_CARRIER|DELAY_WEATHER|DELAY_LATE_AIRCRAFT
GRB,4,1690,-5.15,-7.51,100,30.95,30.2,145,198.93,195.66,DELAY_CARRIER|DELAY_LATE_AIRCRAFT|DELAY_NAS
GRB,5,1385,-5.19,-10.1,155,35.48,29.55,200,177.28,177.47,DELAY_CARRIER|DELAY_LATE_AIRCRAFT|DELAY_WEATHER
GRB,6,1430,-5.45,-6.18,220,31.27,38.16,180,187.0,189.06,DELAY_CARRIER|DELAY_NAS|DELAY_LATE_AIRCRAFT
GRB,7,1120,-5.61,-6.72,130,33.73,34.77,150,142.97,143.93,DELAY_CARRIER|DELAY_NAS|DELAY_LATE_AIRCRAFT
GRB,8,1535,-5.03,-5.71,235,33.53,31.74,125,122.0,121.96,DELAY_CARRIER|DELAY_NAS|DELAY_LATE_AIRCRAFT
GRB,9,1715,-5.54,-10.54,215,28.23,23.28,85,117.18,116.18,DELAY_CARRIER|DELAY_LATE_AIRCRAFT|DELAY_NAS
GRB,10,1690,-5.45,-12.05,100,35.0,30.2,60,102.67,90.67,DELAY_CARRIER|DELAY_LATE_AIRCRAFT|DELAY_NAS
GRB,11,1205,-5.08,-12.49,160,31.94,24.78,100,153.7,147.7,DELAY_CARRIER|DELAY_WEATHER|DELAY_NAS
GRB,12,995,-4.37,-10.11,135,30.33,23.41,180,211.08,201.64,DELAY_CARRIER|DELAY_WEATHER|DELAY_LATE_AIRCRAFT
GRI,1,275,-5.8,-6.38,40,26.0,33.75,65,191.23,197.31,DELAY_CARRIER|DELAY_NAS|CANC_WEATHER
GRI,2,345,-7.04,-15.38,30,35.0,25.67,5,410.0,408.0,DELAY_CARRIER|DELAY_LATE_AIRCRAFT|DELAY_NAS
GRI,3,350,-5.83,-16.83,30,36.5,27.33,20,133.25,155.0,DELAY_NAS|DELAY_LATE_AIRCRAFT|DELAY_CARRIER
GRI,4,305,-5.54,-11.61,20,28.75,23.25,40,216.88,223.88,DELAY_CARRIER|DELAY_LATE_AIRCRAFT|CANC_WEATHER
GRI,5,300,-3.22,-9.3,50,30.2,22.5,35,297.86,293.71,DELAY_CARRIER|DELAY_WEATHER|CANC_WEATHER
GRI,6,280,-5.66,-10.11,25,26.0,17.2,75,132.87,131.73,DELAY_CARRIER|DELAY_LATE_AIRCRAFT|DELAY_WEATHER
GRI,7,330,-7.62,-4.61,35,29.43,26.71,15,221.67,214.0,DELAY_CARRIER|DELAY_NAS|CANC_CARRIER
GRI,8,305,-5.82,-8.05,70,28.57,29.29,25,238.0,236.4,DELAY_CARRIER|DELAY_NAS|DELAY_LATE_AIRCRAFT
GRI,9,300,-5.2,-1.15,55,30.73,33.09,35,192.43,186.86,DELAY_CARRIER|DELAY_WEATHER|DELAY_LATE_AIRCRAFT
GRI,10,315,-3.56,-9.1,60,36.42,30.0,25,159.2,161.2,DELAY_CARRIER|DELAY_LATE_AIRCRAFT
GRI,11,280,-4.84,-7.09,20,33.5,43.0,80,274.69,273.81,DELAY_CARRIER|DELAY_NAS|CANC_WEATHER
GRI,12,260,-4.6,-15.04,95,31.05,28.42,70,187.07,183.71,DELAY_CARRIER|DELAY_NAS|CANC_WEATHER
GRK,1,450,-5.31,-6.8,75,33.07,40.0,75,122.93,118.47,DELAY_CARRIER|DELAY_LATE_AIRCRAFT|CANC_WEATHER
GRK,2,540,-5.31,-7.68,30,21.33,22.83,10,89.0,86.5,DELAY_CARRIER|DELAY_LATE_AIRCRAFT|DELAY_WEATHER
GRK,3,490,-4.41,-7.65,65,26.31,28.77,45,84.44,78.11,DELAY_LATE_AIRCRAFT|DELAY_CARRIER|DELAY_NAS
GRK,4,575,-5.54,-9.11,45,37.33,41.0,80,215.31,222.62,DELAY_WEATHER|DELAY_LATE_AIRCRAFT|DELAY_NAS
GRK,5,500,-4.08,-6.13,130,33.0,31.27,110,163.05,168.05,DELAY_LATE_AIRCRAFT|DELAY_WEATHER|DELAY_CARRIER
GRK,6,470,-2.36,-4.45,140,32.89,32.82,110,151.68,146.5,DELAY_LATE_AIRCRAFT|DELAY_CARRIER|DELAY_NAS
GRK,7,610,-4.43,-8.46,150,35.4,31.07,115,133.74,131.61,DELAY_LATE_AIRCRAFT|DELAY_CARRIER|DELAY_NAS
GRK,8,610,-4.64,-8.16,105,31.71,28.81,35,244.57,237.71,DELAY_LATE_AIRCRAFT|DELAY_CARRIER
GRK,9,605,-3.8,-5.28,95,32.63,32.53,45,124.0,119.22,DELAY_LATE_AIRCRAFT|DELAY_CARRIER|DELAY_NAS
GRK,10,770,-5.31,-8.9,70,27.0,19.43,35,122.0,116.29,DELAY_LATE_AIRCRAFT|DELAY_CARRIER|DELAY_NAS
GRK,11,680,-5.43,-10.9,100,28.85,28.85,65,109.46,104.15,DELAY_LATE_AIRCRAFT|DELAY_CARRIER|CANC_WEATHER
GRK,12,650,-4.62,-6.03,85,31.06,28.94,25,137.4,136.8,DELAY_LATE_AIRCRAFT|DELAY_NAS|CANC_WEATHER
GRR,1,5485,-4.22,-8.52,960,31.62,32.23,890,199.56,207.4,DELAY_NAS|DELAY_LATE_AIRCRAFT|DELAY_CARRIER
GRR,2,6555,-5.95,-18.6,550,30.66,20.89,350,179.66,175.71,DELAY_LATE_AIRCRAFT|DELAY_NAS|DELAY_CARRIER
GRR,3,7040,-6.07,-12.52,835,31.38,27.68,500,197.54,199.44,DELAY_NAS|DELAY_LATE_AIRCRAFT|DELAY_CARRIER
GRR,4,6640,-6.49,-14.03,615,32.45,26.02,330,154.59,148.21,DELAY_LATE_AIRCRAFT|DELAY_CARRIER|DELAY_NAS
GRR,5,5835,-4.81,-10.35,695,31.82,29.18,555,148.14,151.13,DELAY_LATE_AIRCRAFT|DELAY_NAS|DELAY_CARRIER
GRR,6,5830,-4.3,-8.77,1030,31.69,27.83,640,149.98,150.09,DELAY_LATE_AIRCRAFT|DELAY_NAS|DELAY_CARRIER
GRR,7,5670,-3.82,-6.73,1000,33.74,32.89,750,160.11,158.63,DELAY_LATE_AIRCRAFT|DELAY_CARRIER|DELAY_NAS
GRR,8,5695,-3.82,-7.86,1005,31.21,31.02,475,160.03,162.33,DELAY_LATE_AIRCRAFT|DELAY_CARRIER|DELAY_NAS
GRR,9,6335,-4.57,-9.46,605,29.62,25.53,225,160.84,156.93,DELAY_NAS|DELAY_CARRIER|DELAY_LATE_AIRCRAFT
GRR,10,6610,-4.85,-10.97,525,31.02,25.3,235,173.91,168.57,DELAY_LATE_AIRCRAFT|DELAY_CARRIER|DELAY_NAS
GRR,11,6140,-5.67,-9.88,630,30.9,29.9,370,159.04,160.0,DELAY_NAS|DELAY_LATE_AIRCRAFT|DELAY_CARRIER
GRR,12,6435,-4.48,-8.62,960,31.68,31.07,615,188.11,186.33,DELAY_NAS|DELAY_CARRIER|DELAY_LATE_AIRCRAFT
GSO,1,3795,-5.68,-12.45,315,34.25,31.84,350,176.79,170.46,DELAY_LATE_AIRCRAFT|DELAY_NAS|DELAY_CARRIER
GSO,2,4075,-6.16,-13.98,235,29.89,22.38,155,191.58,184.87,DELAY_NAS|DELAY_LATE_AIRCRAFT|DELAY_CARRIER
GSO,3,4400,-5.66,-12.05,245,30.94,25.16,180,163.61,161.97,DELAY_LATE_AIRCRAFT|DELAY_NAS|DELAY_CARRIER
GSO,4,4265,-5.07,-7.6,270,27.48,27.15,205,178.63,177.73,DELAY_NAS|DELAY_LATE_AIRCRAFT|DELAY_CARRIER
GSO,5,4060,-4.77,-7.98,455,34.98,31.64,440,161.66,162.44,DELAY_LATE_AIRCRAFT|DELAY_CARRIER|DELAY_NAS
GSO,6,4225,-4.89,-10.85,455,32.87,29.05,330,166.36,165.44,DELAY_LATE_AIRCRAFT|DELAY_NAS|DELAY_CARRIER
GSO,7,3645,-4.2,-7.09,700,34.68,34.05,655,160.6,163.81,DELAY_LATE_AIRCRAFT|DELAY_CARRIER|DELAY_NAS
GSO,8,4320,-5.25,-8.76,450,32.68,31.84,520,186.13,184.35,DELAY_LATE_AIRCRAFT|DELAY_NAS|DELAY_CARRIER
GSO,9,4580,-5.12,-10.09,435,31.68,26.06,245,160.31,161.31,DELAY_LATE_AIRCRAFT|DELAY_NAS|DELAY_CARRIER
GSO,10,4935,-5.2,-10.41,340,28.75,21.1,150,149.3,141.8,DELAY_NAS|DELAY_LATE_AIRCRAFT|DELAY_CARRIER
GSO,11,4290,-4.37,-7.38,270,31.41,30.44,140,208.61,210.86,DELAY_NAS|DELAY_CARRIER|DELAY_LATE_AIRCRAFT
GSO,12,3760,-2.82,-7.24,515,31.66,26.76,300,133.83,128.73,DELAY_NAS|DELAY_LATE_AIRCRAFT|DELAY_CARRIER
GSP,1,4775,-4.3,-10.72,595,33.2,27.59,465,153.78,146.68,DELAY_LATE_AIRCRAFT|DELAY_CARRIER|DELAY_NAS
GSP,2,5260,-5.18,-11.19,315,29.59,20.56,185,161.65,154.62,DELAY_CARRIER|DELAY_NAS|DELAY_LATE_AIRCRAFT
GSP,3,5600,-4.78,-10.4,495,30.0,23.71,225,164.93,159.18,DELAY_LATE_AIRCRAFT|DELAY_NAS|DELAY_CARRIER
GSP,4,5750,-4.49,-8.7,570,30.12,28.05,270,139.13,137.07,DELAY_LATE_AIRCRAFT|DELAY_NAS|DELAY_CARRIER
GSP,5,5525,-3.4,-8.08,865,32.5,28.56,740,149.66,148.78,DELAY_LATE_AIRCRAFT|DELAY_NAS|DELAY_CARRIER
GSP,6,5845,-3.98,-8.8,635,31.54,25.97,445,191.57,189.2,DELAY_LATE_AIRCRAFT|DELAY_NAS|DELAY_CARRIER
GSP,7,5390,-3.81,-7.86,885,35.65,36.06,915,157.04,154.13,DELAY_LATE_AIRCRAFT|DELAY_NAS|DELAY_CARRIER
GSP,8,5985,-4.55,-9.19,725,32.54,29.92,505,153.91,152.9,DELAY_LATE_AIRCRAFT|DELAY_NAS|DELAY_CARRIER
GSP,9,5735,-4.57,-9.94,555,32.22,26.37,380,168.32,164.04,DELAY_LATE_AIRCRAFT|DELAY_CARRIER|DELAY_NAS
GSP,10,6545,-5.27,-10.15,495,30.07,23.48,270,157.56,153.17,DELAY_NAS|DELAY_LATE_AIRCRAFT|DELAY_CARRIER
GSP,11,6060,-4.43,-9.19,490,29.35,23.43,145,127.9,123.1,DELAY_NAS|DELAY_LATE_AIRCRAFT|DELAY_CARRIER
GSP,12,5365,-3.37,-9.05,830,31.09,23.2,440,147.7,141.6,DELAY_LATE_AIRCRAFT|DELAY_CARRIER|DELAY_NAS
GST,6,150,-13.3,-15.0,0,,,0,,,N/D
GST,7,110,0.23,-2.05,20,33.0,24.75,15,123.33,120.0,DELAY_LATE_AIRCRAFT|DELAY_SECURITY|CANC_WEATHER
GST,8,105,-9.71,-12.43,15,24.67,15.67,5,224.0,220.0,CANC_WEATHER|CANC_CARRIER|DELAY_CARRIER
GTF,1,855,-5.75,-10.92,90,31.56,23.61,120,225.67,229.42,DELAY_CARRIER|DELAY_LATE_AIRCRAFT|DELAY_WEATHER
GTF,2,900,-4.91,-7.61,55,33.18,32.27,85,291.94,296.12,DELAY_CARRIER|DELAY_NAS|DELAY_WEATHER
GTF,3,1030,-5.57,-9.67,55,35.27,28.55,55,218.18,221.36,DELAY_CARRIER|DELAY_LATE_AIRCRAFT|DELAY_NAS
GTF,4,1020,-5.16,-10.12,50,38.8,29.7,45,263.78,259.44,DELAY_CARRIER|DELAY_LATE_AIRCRAFT|DELAY_NAS
GTF,5,950,-5.84,-11.81,60,36.17,29.08,40,132.5,125.38,DELAY_CARRIER|DELAY_NAS|DELAY_LATE_AIRCRAFT
GTF,6,855,-4.56,-10.72,60,32.42,25.0,30,185.83,174.33,DELAY_CARRIER|DELAY_LATE_AIRCRAFT|DELAY_NAS
GTF,7,875,-4.38,-11.63,50,30.7,17.5,25,327.2,317.6,DELAY_CARRIER|DELAY_LATE_AIRCRAFT|DELAY_NAS
GTF,8,900,-5.42,-10.02,40,36.75,35.12,20,120.25,127.5,DELAY_NAS|DELAY_CARRIER|DELAY_LATE_AIRCRAFT
GTF,9,840,-5.49,-13.38,45,29.22,16.89,15,123.67,109.67,DELAY_CARRIER|DELAY_LATE_AIRCRAFT|DELAY_NAS
GTF,10,885,-4.89,-12.73,50,30.5,18.2,35,153.14,137.14,DELAY_CARRIER|DELAY_LATE_AIRCRAFT|DELAY_NAS
GTF,11,855,-5.2,-5.95,60,33.25,35.5,25,84.8,86.0,DELAY_CARRIER|DELAY_NAS|CANC_WEATHER
GTF,12,915,-5.83,-14.91,55,33.82,24.64,40,236.25,232.0,DELAY_CARRIER|DELAY_LATE_AIRCRAFT|DELAY_NAS
GTR,1,230,-5.0,-19.46,10,32.0,32.0,40,156.12,160.12,DELAY_LATE_AIRCRAFT|CANC_NAS|CANC_WEATHER
GTR,2,275,-5.84,-18.56,15,25.0,9.67,0,,,DELAY_CARRIER
GTR,3,290,-4.76,-11.48,15,21.67,3.33,5,384.0,381.0,DELAY_CARRIER|DELAY_LATE_AIRCRAFT|DELAY_NAS
GTR,4,270,-5.74,-11.26,15,37.67,28.33,15,118.33,112.0,DELAY_CARRIER|DELAY_LATE_AIRCRAFT|DELAY_NAS
GTR,5,285,-3.79,-7.68,15,40.0,43.33,10,163.5,163.0,DELAY_LATE_AIRCRAFT|DELAY_CARRIER|DELAY_NAS
GTR,6,280,-6.02,-10.8,15,42.0,42.33,5,126.0,127.0,DELAY_LATE_AIRCRAFT|DELAY_NAS|DELAY_CARRIER
GTR,7,235,-4.96,-5.83,25,28.6,23.2,35,175.43,170.71,DELAY_LATE_AIRCRAFT|DELAY_NAS|DELAY_WEATHER
GTR,8,295,-6.9,-16.95,5,23.0,21.0,5,99.0,95.0,DELAY_LATE_AIRCRAFT
GTR,9,280,-5.64,-11.2,10,22.0,10.0,10,65.0,99.0,DELAY_NAS|DELAY_CARRIER
GTR,10,310,-7.31,-13.11,0,,,0,,,DELAY_NAS
GTR,11,285,-6.16,-9.56,10,29.5,29.5,5,292.0,285.0,DELAY_NAS|DELAY_CARRIER|DELAY_LATE_AIRCRAFT
GTR,12,270,-5.54,-12.7,20,33.0,46.25,15,101.33,99.0,DELAY_NAS|DELAY_LATE_AIRCRAFT|DELAY_CARRIER
GUC,1,355,-6.23,-7.34,50,34.3,27.4,85,181.06,186.12,DELAY_LATE_AIRCRAFT|DELAY_CARRIER|DELAY_WEATHER
GUC,2,375,-5.65,-11.55,25,33.2,27.6,40,101.75,93.88,DELAY_CARRIER|DELAY_LATE_AIRCRAFT|DELAY_NAS
GUC,3,395,-7.09,-11.87,35,35.57,37.14,55,171.55,169.82,DELAY_CARRIER|DELAY_LATE_AIRCRAFT|DELAY_NAS
GUC,4,200,-7.45,-11.7,10,24.0,6.5,0,,,DELAY_NAS
GUC,5,170,-7.62,-12.24,5,20.0,16.0,25,112.4,109.0,DELAY_CARRIER|DELAY_NAS|DELAY_WEATHER
GUC,6,260,-7.27,-7.19,50,36.1,31.3,15,127.0,121.0,DELAY_CARRIER|DELAY_LATE_AIRCRAFT|DELAY_NAS
GUC,7,295,-6.47,-11.49,20,28.75,20.75,15,115.67,104.0,DELAY_CARRIER|DELAY_NAS|DELAY_LATE_AIRCRAFT
GUC,8,270,-6.52,-18.59,35,40.57,27.43,30,142.67,136.33,DELAY_CARRIER|DELAY_LATE_AIRCRAFT
GUC,9,310,-7.56,-24.34,0,,,5,63.0,57.0,DELAY_CARRIER|DELAY_NAS
GUC,10,295,-8.46,-22.22,5,22.0,20.0,10,94.5,90.5,DELAY_CARRIER|DELAY_LATE_AIRCRAFT|DELAY_WEATHER
GUC,11,235,-6.43,-20.51,25,43.2,28.0,15,194.33,194.0,DELAY_CARRIER|CANC_WEATHER|CANC_NAS
GUC,12,405,-6.63,-19.32,30,35.83,21.67,45,402.22,402.33,DELAY_LATE_AIRCRAFT|DELAY_CARRIER|CANC_WEATHER
GUM,1,295,-6.15,-18.73,10,17.0,-8.5,5,374.0,344.0,DELAY_LATE_AIRCRAFT
GUM,2,280,-5.46,-21.16,10,28.5,12.5,0,,,DELAY_CARRIER
GUM,3,305,-4.26,-19.49,5,32.0,-6.0,0,,,N/D
GUM,4,265,-7.87,-20.55,35,21.57,-9.14,0,,,N/D
GUM,5,275,-3.35,-16.07,25,30.6,2.4,5,829.0,795.0,CANC_CARRIER|DELAY_LATE_AIRCRAFT
GUM,6,240,0.15,-6.35,45,27.78,19.78,15,93.67,77.67,DELAY_CARRIER
GUM,7,275,-1.67,-11.56,35,29.29,11.14,0,,,DELAY_CARRIER
GUM,8,270,-1.65,-8.43,25,33.8,29.0,15,91.67,80.67,DELAY_CARRIER
GUM,9,255,-6.06,-16.43,15,43.0,14.67,10,130.0,109.5,DELAY_CARRIER|CANC_WEATHER|CANC_CARRIER
GUM,10,295,-6.44,-16.86,15,23.67,16.67,0,,,DELAY_CARRIER
GUM,11,280,-3.89,-7.86,10,32.5,16.5,5,112.0,111.0,DELAY_CARRIER|CANC_NAS
GUM,12,295,-3.66,-9.73,10,31.0,15.0,5,95.0,82.0,DELAY_NAS|DELAY_CARRIER
HDN,1,1580,-4.02,-9.24,300,33.18,29.43,205,193.46,191.27,DELAY_LATE_AIRCRAFT|DELAY_NAS|DELAY_CARRIER
HDN,2,1520,-4.0,-10.74,415,31.14,30.83,165,155.18,160.67,DELAY_LATE_AIRCRAFT|DELAY_NAS|DELAY_CARRIER
HDN,3,1700,-5.68,-10.32,260,30.81,28.48,170,329.15,336.38,DELAY_NAS|DELAY_LATE_AIRCRAFT|DELAY_CARRIER
HDN,4,540,-4.82,-9.48,50,31.7,22.3,10,99.5,93.0,DELAY_LATE_AIRCRAFT|DELAY_CARRIER|DELAY_NAS
HDN,5,425,-7.06,-12.71,50,31.3,15.9,35,114.29,125.71,DELAY_LATE_AIRCRAFT|DELAY_NAS|DELAY_CARRIER
HDN,6,490,-4.3,-8.53,80,28.19,17.19,35,99.71,94.57,DELAY_CARRIER|DELAY_LATE_AIRCRAFT|DELAY_NAS
HDN,7,470,-3.1,-12.69,125,37.12,24.04,60,140.17,132.58,DELAY_CARRIER|DELAY_LATE_AIRCRAFT|DELAY_NAS
HDN,8,505,-2.01,-10.73,100,34.4,28.35,55,188.73,176.55,DELAY_CARRIER|DELAY_NAS|DELAY_LATE_AIRCRAFT
HDN,9,550,-5.76,-13.88,30,21.33,8.5,25,145.4,135.8,DELAY_CARRIER|DELAY_LATE_AIRCRAFT|DELAY_NAS
HDN,10,540,-5.64,-14.0,20,41.25,26.0,10,103.5,84.0,DELAY_CARRIER|DELAY_LATE_AIRCRAFT|DELAY_NAS
HDN,11,445,-4.3,-14.26,65,35.77,21.08,55,140.45,148.73,DELAY_LATE_AIRCRAFT|DELAY_CARRIER|CANC_WEATHER
HDN,12,960,-4.56,-14.26,240,32.08,25.88,135,175.33,176.85,DELAY_LATE_AIRCRAFT|DELAY_NAS|DELAY_CARRIER
HGR,1,60,-7.83,-16.08,20,28.75,37.25,5,112.0,107.0,DELAY_CARRIER|DELAY_NAS
HGR,2,60,-3.33,-5.33,10,36.5,37.5,15,298.33,303.0,DELAY_CARRIER|DELAY_LATE_AIRCRAFT|DELAY_NAS
HGR,3,60,2.0,-1.08,20,40.0,45.5,10,78.0,98.0,DELAY_LATE_AIRCRAFT|DELAY_NAS
HGR,4,35,-10.43,-21.86,40,35.75,27.5,5,129.0,131.0,DELAY_LATE_AIRCRAFT|DELAY_CARRIER|CANC_CARRIER
HGR,5,65,-8.38,-13.15,25,25.0,22.4,15,120.67,133.33,DELAY_LATE_AIRCRAFT|DELAY_NAS
HGR,6,80,-8.75,-12.12,75,38.13,31.93,20,97.75,91.5,DELAY_LATE_AIRCRAFT|DELAY_CARRIER|CANC_NAS
HGR,7,95,-9.11,-11.0,70,32.21,26.86,50,283.7,283.6,DELAY_LATE_AIRCRAFT|DELAY_CARRIER|CANC_CARRIER
HGR,8,120,-3.79,-1.29,30,27.17,23.17,10,113.5,137.5,DELAY_LATE_AIRCRAFT|DELAY_NAS|CANC_WEATHER
HGR,9,90,-6.44,-5.56,5,52.0,76.0,0,,,DELAY_LATE_AIRCRAFT
HGR,10,95,-7.68,-7.05,15,22.0,18.33,15,172.33,169.0,DELAY_LATE_AIRCRAFT|CANC_WEATHER|DELAY_CARRIER
HGR,11,85,-8.18,-18.18,10,39.0,35.5,15,390.67,388.0,DELAY_LATE_AIRCRAFT|DELAY_CARRIER
HGR,12,45,2.11,-5.67,15,37.33,26.33,45,234.78,226.0,DELAY_LATE_AIRCRAFT|DELAY_CARRIER|CANC_WEATHER
HHH,1,245,-5.59,-12.55,25,38.0,35.4,15,101.0,100.33,CANC_WEATHER|DELAY_LATE_AIRCRAFT|DELAY_NAS
HHH,2,310,-6.29,-10.61,35,31.71,28.29,15,100.0,98.67,DELAY_LATE_AIRCRAFT|DELAY_NAS|CANC_WEATHER
HHH,3,385,-4.97,-6.71,70,38.29,31.5,15,112.67,103.0,DELAY_LATE_AIRCRAFT|DELAY_NAS
HHH,4,680,-3.63,-5.79,130,26.12,18.23,60,135.75,126.42,DELAY_LATE_AIRCRAFT|DELAY_NAS|DELAY_CARRIER
HHH,5,720,-3.74,-7.32,195,30.41,28.79,230,144.91,142.0,DELAY_LATE_AIRCRAFT|DELAY_CARRIER|DELAY_NAS
HHH,6,920,-4.87,-10.02,140,29.14,22.61,80,119.81,111.88,DELAY_LATE_AIRCRAFT|DELAY_NAS|DELAY_CARRIER
HHH,7,860,-4.9,-9.14,170,30.26,29.29,110,187.91,196.05,DELAY_LATE_AIRCRAFT|DELAY_NAS|DELAY_CARRIER
HHH,8,890,-4.84,-10.79,135,33.96,26.74,60,294.67,301.17,DELAY_LATE_AIRCRAFT|DELAY_NAS|CANC_WEATHER
HHH,9,740,-5.42,-8.33,80,32.94,33.62,105,121.33,120.9,DELAY_LATE_AIRCRAFT|DELAY_NAS|DELAY_CARRIER
HHH,10,755,-6.54,-6.09,75,31.53,32.4,35,97.29,91.0,DELAY_NAS|DELAY_LATE_AIRCRAFT|DELAY_CARRIER
HHH,11,365,-3.75,-2.1,60,31.08,21.67,5,166.0,146.0,DELAY_NAS|DELAY_LATE_AIRCRAFT|DELAY_CARRIER
HHH,12,290,-3.64,-2.6,70,32.93,30.86,20,135.25,142.75,DELAY_LATE_AIRCRAFT|DELAY_NAS|CANC_WEATHER
HIB,1,210,-7.02,-12.36,20,33.25,34.0,25,111.6,101.0,DELAY_CARRIER|DELAY_WEATHER|DELAY_NAS
HIB,2,210,-9.31,-12.45,20,33.0,20.25,15,224.33,232.33,DELAY_CARRIER|DELAY_WEATHER|CANC_WEATHER
HIB,3,235,-9.83,-23.15,5,15.0,-6.0,25,78.8,72.8,DELAY_CARRIER|DELAY_NAS|CANC_WEATHER
HIB,4,230,-9.52,-24.33,20,38.75,23.0,5,92.0,75.0,DELAY_CARRIER|DELAY_WEATHER
HIB,5,240,-8.52,-20.58,15,34.67,22.67,10,196.5,182.0,DELAY_CARRIER|DELAY_WEATHER
HIB,6,205,-6.83,-3.22,15,29.67,46.67,40,366.38,373.38,DELAY_CARRIER|DELAY_NAS|DELAY_WEATHER
HIB,7,230,-7.22,-3.54,25,30.8,34.0,5,68.0,71.0,DELAY_CARRIER|DELAY_NAS|DELAY_WEATHER
HIB,8,230,-7.89,-5.67,20,45.5,68.5,20,346.0,350.5,DELAY_CARRIER|DELAY_NAS
HIB,9,250,-8.3,-16.76,0,,,15,137.33,145.33,DELAY_CARRIER|DELAY_NAS
HIB,10,230,-9.52,-19.24,10,45.5,32.5,20,166.75,151.5,DELAY_CARRIER|DELAY_WEATHER
HIB,11,255,-10.73,-24.43,10,37.0,17.5,0,,,DELAY_CARRIER|DELAY_WEATHER
HIB,12,170,-6.18,-10.65,40,32.88,12.38,35,129.14,118.0,DELAY_CARRIER|CANC_WEATHER|DELAY_NAS
HLN,1,595,-4.24,-6.19,80,29.25,37.19,105,266.24,273.57,DELAY_CARRIER|DELAY_LATE_AIRCRAFT|DELAY_NAS
HLN,2,650,-5.54,-3.81,35,32.0,37.0,35,171.71,169.43,DELAY_CARRIER|DELAY_NAS|DELAY_WEATHER
HLN,3,635,-5.64,-6.97,20,17.25,22.5,20,172.25,175.0,DELAY_CARRIER|DELAY_NAS|CANC_WEATHER
HLN,4,545,-6.19,-15.75,25,25.0,9.2,30,243.67,242.83,DELAY_CARRIER|DELAY_LATE_AIRCRAFT|DELAY_WEATHER
HLN,5,545,-5.75,-12.99,20,22.0,11.75,55,179.36,174.82,DELAY_CARRIER|DELAY_NAS|DELAY_LATE_AIRCRAFT
HLN,6,525,-5.91,-10.34,30,28.67,33.83,35,298.0,295.14,DELAY_CARRIER|DELAY_NAS|DELAY_LATE_AIRCRAFT
HLN,7,545,-5.41,-9.94,15,29.0,24.0,55,205.27,207.55,DELAY_CARRIER|DELAY_LATE_AIRCRAFT|DELAY_NAS
HLN,8,555,-5.69,-8.65,35,29.43,33.14,30,464.17,466.33,DELAY_CARRIER|DELAY_NAS|DELAY_LATE_AIRCRAFT
HLN,9,540,-6.43,-13.56,25,41.8,40.2,35,147.86,150.71,DELAY_CARRIER|DELAY_WEATHER|DELAY_LATE_AIRCRAFT
HLN,10,675,-6.42,-10.44,15,23.0,16.0,25,322.4,318.6,DELAY_CARRIER|DELAY_LATE_AIRCRAFT|DELAY_WEATHER
HLN,11,515,-4.69,-10.59,40,31.25,28.12,25,279.2,283.8,DELAY_CARRIER|DELAY_NAS|DELAY_LATE_AIRCRAFT
HLN,12,535,-6.31,-19.07,35,28.71,21.43,35,199.14,193.43,DELAY_CARRIER|DELAY_WEATHER|DELAY_LATE_AIRCRAFT
HNL,1,19180,-0.55,-8.36,4545,29.69,20.71,1380,121.53,107.6,DELAY_LATE_AIRCRAFT|DELAY_CARRIER|CANC_CARRIER
HNL,2,19620,-1.12,-8.53,2985,29.12,15.85,1070,150.69,132.32,DELAY_CARRIER|DELAY_LATE_AIRCRAFT|DELAY_NAS
HNL,3,23170,-1.39,-6.14,2520,27.51,21.46,450,124.2,113.36,DELAY_CARRIER|DELAY_LATE_AIRCRAFT|DELAY_NAS
HNL,4,21975,-1.47,-5.67,2410,28.74,23.53,860,136.08,128.02,DELAY_CARRIER|DELAY_LATE_AIRCRAFT|DELAY_NAS
HNL,5,21655,-1.14,-3.4,2990,30.09,28.76,1045,126.62,125.39,DELAY_CARRIER|DELAY_LATE_AIRCRAFT|CANC_CARRIER
HNL,6,22335,-1.45,-3.94,2870,28.26,25.34,730,119.01,113.27,DELAY_CARRIER|DELAY_LATE_AIRCRAFT|DELAY_NAS
HNL,7,22980,-1.22,-3.43,3240,28.51,25.91,955,123.03,119.44,DELAY_CARRIER|DELAY_LATE_AIRCRAFT|DELAY_NAS
HNL,8,22990,-1.65,-7.43,2325,29.49,20.58,705,149.31,136.53,DELAY_CARRIER|DELAY_LATE_AIRCRAFT|CANC_CARRIER
HNL,9,22135,-2.53,-6.22,1635,27.99,21.77,335,147.94,143.24,DELAY_CARRIER|DELAY_LATE_AIRCRAFT|DELAY_NAS
HNL,10,21675,-1.72,-5.81,2305,28.67,22.13,645,125.28,115.53,DELAY_CARRIER|DELAY_LATE_AIRCRAFT|DELAY_NAS
HNL,11,22300,-2.65,-6.23,1645,28.97,21.81,560,117.91,107.98,DELAY_CARRIER|DELAY_LATE_AIRCRAFT|DELAY_NAS
HNL,12,22655,-1.96,-5.55,2790,29.06,22.93,760,138.97,129.61,DELAY_CARRIER|DELAY_LATE_AIRCRAFT|DELAY_NAS
HOB,5,35,-1.71,-11.29,20,20.5,26.75,20,200.25,189.5,DELAY_CARRIER|DELAY_LATE_AIRCRAFT|DELAY_NAS
HOB,6,210,-6.26,-8.12,30,39.33,32.17,50,209.8,210.6,DELAY_CARRIER|CANC_WEATHER|DELAY_WEATHER
HOB,7,245,-4.49,-6.02,15,37.33,33.33,35,157.86,156.86,DELAY_CARRIER|CANC_WEATHER|DELAY_LATE_AIRCRAFT
HOB,8,200,-6.85,-12.03,75,34.27,29.8,35,218.86,202.29,DELAY_CARRIER|DELAY_LATE_AIRCRAFT|DELAY_NAS
HOB,9,275,-5.2,-13.42,15,29.33,20.67,10,467.5,450.0,DELAY_CARRIER|DELAY_LATE_AIRCRAFT
HOB,10,285,-4.75,-14.14,15,33.0,20.33,10,473.5,458.0,DELAY_CARRIER|DELAY_LATE_AIRCRAFT
HOB,11,205,-5.2,-17.56,55,27.45,10.0,35,200.0,191.0,DELAY_CARRIER|CANC_WEATHER|DELAY_LATE_AIRCRAFT
HOB,12,235,-3.09,-10.47,45,33.0,15.89,30,278.0,263.67,DELAY_CARRIER|DELAY_NAS
HOU,1,16725,-0.36,-6.35,4215,29.42,26.66,1575,127.12,134.05,DELAY_LATE_AIRCRAFT|DELAY_CARRIER|DELAY_NAS
HOU,2,18150,-1.55,-6.33,2385,27.98,22.08,405,105.68,100.26,DELAY_CARRIER|DELAY_LATE_AIRCRAFT|DELAY_NAS
HOU,3,19005,-0.95,-8.82,4070,29.71,22.97,1320,119.23,113.05,DELAY_LATE_AIRCRAFT|DELAY_CARRIER|DELAY_NAS
HOU,4,18625,-0.82,-10.48,4195,30.06,22.26,1315,134.25,128.51,DELAY_LATE_AIRCRAFT|DELAY_CARRIER|DELAY_NAS
HOU,5,15200,0.49,-7.33,5805,31.43,26.36,3355,150.96,145.67,DELAY_LATE_AIRCRAFT|DELAY_CARRIER|DELAY_NAS
HOU,6,16935,0.63,-7.42,5955,30.65,22.85,2270,128.26,121.83,DELAY_LATE_AIRCRAFT|DELAY_CARRIER|DELAY_NAS
HOU,7,14750,0.75,-7.53,6780,31.59,23.85,3400,130.04,124.14,DELAY_LATE_AIRCRAFT|DELAY_CARRIER|CANC_WEATHER
HOU,8,18860,-1.37,-12.18,3370,30.05,19.0,1060,129.64,119.98,DELAY_LATE_AIRCRAFT|DELAY_CARRIER|DELAY_NAS
HOU,9,18790,-1.54,-11.86,2725,28.9,18.27,395,97.47,87.18,DELAY_LATE_AIRCRAFT|DELAY_CARRIER|DELAY_NAS
HOU,10,20315,-1.34,-12.44,3020,29.55,19.05,855,123.4,117.2,DELAY_LATE_AIRCRAFT|DELAY_CARRIER|DELAY_NAS
HOU,11,19325,-1.75,-8.74,2525,29.62,22.63,655,108.95,107.08,DELAY_LATE_AIRCRAFT|DELAY_CARRIER|DELAY_NAS
HOU,12,17510,-0.73,-7.24,3720,30.35,25.18,1760,137.74,139.06,DELAY_LATE_AIRCRAFT|DELAY_CARRIER|DELAY_NAS
HPN,1,3825,-4.36,-7.16,755,33.7,34.12,590,186.94,185.48,DELAY_LATE_AIRCRAFT|DELAY_NAS|DELAY_CARRIER
HPN,2,4195,-4.84,-16.81,555,31.13,24.19,255,160.29,152.86,DELAY_CARRIER|DELAY_LATE_AIRCRAFT|DELAY_NAS
HPN,3,4485,-4.52,-12.71,605,31.12,24.93,315,166.56,162.49,DELAY_LATE_AIRCRAFT|DELAY_NAS|DELAY_CARRIER
HPN,4,4245,-5.21,-13.34,475,33.44,31.88,425,192.34,193.59,DELAY_LATE_AIRCRAFT|DELAY_CARRIER|DELAY_NAS
HPN,5,4060,-5.45,-11.97,580,32.8,29.4,375,150.41,152.11,DELAY_LATE_AIRCRAFT|DELAY_NAS|DELAY_CARRIER
HPN,6,4035,-5.74,-13.31,445,33.28,30.76,365,203.07,200.25,DELAY_LATE_AIRCRAFT|DELAY_CARRIER|DELAY_NAS
HPN,7,3770,-4.65,-7.6,540,33.58,35.38,670,184.93,187.13,DELAY_LATE_AIRCRAFT|DELAY_CARRIER|DELAY_NAS
HPN,8,3690,-5.26,-10.42,690,31.5,32.48,585,167.66,172.38,DELAY_LATE_AIRCRAFT|DELAY_CARRIER|DELAY_NAS
HPN,9,4335,-7.9,-12.48,290,34.24,32.52,285,168.81,165.44,DELAY_CARRIER|DELAY_LATE_AIRCRAFT|DELAY_NAS
HPN,10,4505,-6.44,-15.11,335,33.61,25.97,210,157.67,149.6,DELAY_CARRIER|DELAY_LATE_AIRCRAFT|CANC_WEATHER
HPN,11,4185,-6.59,-17.19,430,32.4,24.02,235,133.36,123.62,DELAY_CARRIER|DELAY_LATE_AIRCRAFT|DELAY_NAS
HPN,12,3605,-3.81,-8.77,735,31.58,30.07,670,152.73,152.67,DELAY_LATE_AIRCRAFT|DELAY_NAS|DELAY_CARRIER
HRL,1,1365,-3.38,-8.26,185,33.22,27.27,115,136.57,139.43,DELAY_LATE_AIRCRAFT|DELAY_NAS|DELAY_CARRIER
HRL,2,1480,-4.41,-8.2,105,28.86,21.33,20,90.5,87.25,DELAY_LATE_AIRCRAFT|DELAY_NAS|DELAY_CARRIER
HRL,3,1450,-4.02,-9.56,175,30.91,22.34,110,131.18,126.64,DELAY_LATE_AIRCRAFT|DELAY_NAS|DELAY_CARRIER
HRL,4,1585,-4.34,-8.82,185,31.24,30.86,110,138.86,141.5,DELAY_LATE_AIRCRAFT|DELAY_NAS|DELAY_WEATHER
HRL,5,1230,-2.66,-3.93,335,31.43,33.1,150,174.1,180.2,DELAY_LATE_AIRCRAFT|DELAY_NAS|DELAY_CARRIER
HRL,6,1215,-1.44,-1.61,245,28.08,28.02,120,145.04,142.12,DELAY_LATE_AIRCRAFT|DELAY_NAS|DELAY_CARRIER
HRL,7,1195,-1.9,-1.02,350,31.49,33.14,145,133.62,138.48,DELAY_LATE_AIRCRAFT|DELAY_NAS|DELAY_CARRIER
HRL,8,1550,-4.82,-7.5,125,28.24,24.76,60,100.42,98.92,DELAY_LATE_AIRCRAFT|DELAY_NAS|DELAY_CARRIER
HRL,9,1480,-3.65,-7.35,165,27.39,25.88,55,140.18,138.27,DELAY_LATE_AIRCRAFT|DELAY_NAS|DELAY_CARRIER
HRL,10,1795,-4.96,-9.21,160,28.78,24.22,50,135.8,128.8,DELAY_LATE_AIRCRAFT|DELAY_NAS|DELAY_CARRIER
HRL,11,1810,-4.49,-9.88,115,30.7,27.0,50,142.9,144.3,DELAY_CARRIER|DELAY_LATE_AIRCRAFT|DELAY_NAS
HRL,12,1655,-2.91,-7.91,195,34.56,33.92,140,144.18,144.29,DELAY_LATE_AIRCRAFT|DELAY_CARRIER|DELAY_NAS
HSV,1,2410,-4.09,-7.37,370,31.7,30.82,350,153.07,150.1,DELAY_LATE_AIRCRAFT|DELAY_CARRIER|CANC_WEATHER
HSV,2,2905,-5.34,-10.61,285,28.33,23.21,140,111.25,100.5,DELAY_LATE_AIRCRAFT|DELAY_CARRIER|DELAY_NAS
HSV,3,3190,-4.54,-10.27,420,30.12,23.13,220,178.91,177.2,DELAY_LATE_AIRCRAFT|DELAY_CARRIER|DELAY_NAS
HSV,4,3305,-4.53,-7.35,380,32.8,29.45,285,155.91,147.93,DELAY_LATE_AIRCRAFT|DELAY_CARRIER|DELAY_NAS
HSV,5,2970,-3.06,-4.11,565,30.44,29.49,400,140.65,143.76,DELAY_LATE_AIRCRAFT|DELAY_NAS|DELAY_CARRIER
HSV,6,2850,-3.7,-8.58,535,31.09,25.89,280,147.04,143.73,DELAY_CARRIER|DELAY_LATE_AIRCRAFT|DELAY_NAS
HSV,7,2585,-2.13,-5.28,560,31.33,27.46,485,168.18,162.69,DELAY_CARRIER|DELAY_LATE_AIRCRAFT|DELAY_NAS
HSV,8,2980,-3.73,-7.7,440,32.43,27.51,275,147.76,141.55,DELAY_CARRIER|DELAY_LATE_AIRCRAFT|DELAY_NAS
HSV,9,3170,-4.13,-7.71,430,31.64,28.41,255,170.9,166.0,DELAY_CARRIER|DELAY_LATE_AIRCRAFT|DELAY_NAS
HSV,10,3235,-4.18,-9.58,500,29.17,19.12,205,126.12,115.17,DELAY_CARRIER|DELAY_LATE_AIRCRAFT|DELAY_NAS
HSV,11,2850,-3.58,-9.3,345,28.39,21.46,220,195.98,189.36,DELAY_CARRIER|DELAY_LATE_AIRCRAFT|DELAY_NAS
HSV,12,2405,-2.09,-7.61,610,30.93,24.66,275,143.15,146.11,DELAY_CARRIER|DELAY_LATE_AIRCRAFT|DELAY_NAS
HTS,1,75,-4.47,-0.13,25,33.6,28.0,0,,,DELAY_CARRIER|DELAY_LATE_AIRCRAFT|DELAY_NAS
HTS,2,40,2.38,-3.12,30,21.17,24.83,15,65.0,56.33,DELAY_LATE_AIRCRAFT|DELAY_CARRIER|DELAY_NAS
HTS,3,40,1.75,3.5,25,37.8,36.2,20,446.0,446.75,DELAY_CARRIER|DELAY_LATE_AIRCRAFT|CANC_CARRIER
HTS,4,50,3.7,-4.3,20,22.25,14.25,15,109.67,114.0,DELAY_CARRIER|DELAY_LATE_AIRCRAFT|DELAY_NAS
HTS,5,60,-3.25,-12.25,35,28.43,28.14,60,173.75,173.0,DELAY_LATE_AIRCRAFT|DELAY_CARRIER|DELAY_NAS
HTS,6,235,-2.6,-2.89,110,33.18,31.45,95,175.16,174.53,DELAY_LATE_AIRCRAFT|DELAY_CARRIER|DELAY_NAS
HTS,7,285,-4.96,-1.47,90,34.17,32.83,45,226.78,225.78,DELAY_LATE_AIRCRAFT|CANC_CARRIER|DELAY_CARRIER
HTS,8,160,-6.72,-7.19,55,37.55,37.0,55,254.64,263.18,DELAY_LATE_AIRCRAFT|DELAY_CARRIER|DELAY_NAS
HTS,9,75,-6.33,-11.13,15,32.33,23.33,25,167.4,160.6,DELAY_CARRIER|DELAY_LATE_AIRCRAFT
HTS,10,45,-2.11,-2.78,25,33.6,29.8,5,63.0,63.0,CANC_WEATHER|DELAY_CARRIER|DELAY_LATE_AIRCRAFT
HTS,11,50,1.7,-4.1,25,33.4,32.8,25,162.4,159.2,DELAY_CARRIER|DELAY_LATE_AIRCRAFT|DELAY_NAS
HTS,12,55,4.64,1.82,40,30.25,26.75,35,121.71,115.71,DELAY_LATE_AIRCRAFT|DELAY_NAS|CANC_WEATHER
HYA,5,30,-11.33,-15.17,0,,,15,216.33,216.0,DELAY_LATE_AIRCRAFT
HYA,6,235,-6.23,0.3,40,37.62,41.38,40,177.0,182.62,DELAY_NAS|DELAY_LATE_AIRCRAFT|CANC_CARRIER
HYA,7,335,-4.09,1.64,55,34.45,37.09,55,163.73,167.27,DELAY_LATE_AIRCRAFT|DELAY_NAS|DELAY_CARRIER
HYA,8,345,-4.3,2.72,30,34.83,37.83,65,225.23,234.77,DELAY_NAS|DELAY_LATE_AIRCRAFT|DELAY_CARRIER
HYA,9,40,-4.0,8.0,0,,,5,64.0,61.0,DELAY_NAS|DELAY_LATE_AIRCRAFT
HYS,1,195,-8.51,-11.23,45,29.0,26.33,30,147.5,145.67,DELAY_LATE_AIRCRAFT|CANC_WEATHER|DELAY_CARRIER
HYS,2,265,-9.09,-13.85,15,38.0,46.0,10,122.5,128.0,DELAY_LATE_AIRCRAFT|DELAY_CARRIER|DELAY_NAS
HYS,3,270,-9.07,-17.07,10,50.0,38.0,20,108.5,106.75,DELAY_CARRIER|CANC_WEATHER|DELAY_LATE_AIRCRAFT
HYS,4,270,-6.54,-9.59,5,30.0,20.0,20,95.5,95.5,DELAY_LATE_AIRCRAFT|DELAY_NAS|CANC_WEATHER
HYS,5,220,-4.0,-11.3,30,34.83,31.17,60,323.58,318.33,DELAY_LATE_AIRCRAFT|DELAY_WEATHER|DELAY_CARRIER
HYS,6,240,-5.6,-15.1,5,44.0,49.0,10,229.5,212.0,DELAY_LATE_AIRCRAFT|DELAY_CARRIER|DELAY_NAS
HYS,7,235,-6.57,-18.09,0,,,30,234.33,228.0,DELAY_CARRIER|DELAY_LATE_AIRCRAFT|DELAY_NAS
HYS,8,235,-6.91,-18.94,10,21.5,7.0,20,182.5,169.0,DELAY_CARRIER|DELAY_LATE_AIRCRAFT|DELAY_NAS
HYS,9,240,-7.6,-21.19,0,,,20,221.0,209.0,DELAY_CARRIER
HYS,10,250,-8.18,-16.18,5,50.0,40.0,10,201.0,186.5,DELAY_LATE_AIRCRAFT|DELAY_CARRIER
HYS,11,225,-7.56,-8.33,10,50.5,37.5,15,125.67,121.33,DELAY_CARRIER|CANC_WEATHER|DELAY_LATE_AIRCRAFT
HYS,12,245,-6.49,-9.94,5,27.0,18.0,10,168.0,159.5,DELAY_CARRIER|CANC_WEATHER|DELAY_LATE_AIRCRAFT
IAD,1,15100,-2.56,-8.04,2135,29.9,30.7,1270,152.22,153.59,DELAY_NAS|CANC_CARRIER|DELAY_CARRIER
IAD,2,17030,-3.89,-12.28,1135,31.22,20.58,555,137.16,125.15,DELAY_NAS|DELAY_CARRIER|DELAY_LATE_AIRCRAFT
IAD,3,18010,-3.42,-13.0,2115,31.39,21.01,1170,134.53,125.74,DELAY_NAS|DELAY_CARRIER|DELAY_LATE_AIRCRAFT
IAD,4,18200,-3.34,-8.82,1995,29.48,23.62,1180,143.46,133.89,DELAY_NAS|DELAY_CARRIER|DELAY_LATE_AIRCRAFT
IAD,5,18955,-2.8,-6.4,2365,30.75,26.74,1715,152.07,147.07,DELAY_NAS|DELAY_LATE_AIRCRAFT|DELAY_CARRIER
IAD,6,18285,-2.44,-7.52,2460,31.23,25.29,1565,162.81,155.98,DELAY_CARRIER|DELAY_NAS|DELAY_LATE_AIRCRAFT
IAD,7,17410,-1.78,-6.77,3350,30.61,26.04,2120,162.39,155.19,DELAY_CARRIER|DELAY_NAS|DELAY_LATE_AIRCRAFT
IAD,8,17295,-2.33,-8.82,2530,31.39,26.95,2390,187.63,180.0,DELAY_CARRIER|DELAY_NAS|DELAY_LATE_AIRCRAFT
IAD,9,19015,-3.53,-10.25,1610,29.24,20.89,800,153.0,142.81,DELAY_NAS|DELAY_CARRIER|DELAY_LATE_AIRCRAFT
IAD,10,20975,-3.62,-12.32,1525,29.72,17.3,635,130.32,116.71,DELAY_CARRIER|DELAY_NAS|DELAY_LATE_AIRCRAFT
IAD,11,20595,-3.87,-11.1,1725,29.84,21.02,885,166.2,152.81,DELAY_NAS|DELAY_CARRIER|DELAY_LATE_AIRCRAFT
IAD,12,17935,-1.86,-8.73,2805,30.03,22.38,1515,150.56,140.27,DELAY_CARRIER|DELAY_LATE_AIRCRAFT|DELAY_NAS
IAG,1,130,-6.15,-9.08,25,32.6,46.6,20,179.75,167.5,DELAY_NAS|DELAY_CARRIER|CANC_WEATHER
IAG,2,115,-2.3,-14.3,40,20.0,0.12,50,121.5,101.3,DELAY_LATE_AIRCRAFT|DELAY_CARRIER|DELAY_WEATHER
IAG,3,200,-5.97,-11.97,45,33.56,31.11,25,103.8,115.4,DELAY_NAS|DELAY_LATE_AIRCRAFT|DELAY_CARRIER
IAG,4,155,-2.32,-16.0,30,25.5,9.83,25,244.6,267.6,DELAY_LATE_AIRCRAFT|DELAY_CARRIER|DELAY_NAS
IAG,5,95,-3.47,-9.0,30,32.33,19.5,10,98.5,98.0,DELAY_CARRIER|DELAY_NAS|DELAY_LATE_AIRCRAFT
IAG,6,85,-4.71,-7.24,40,24.38,23.12,15,200.0,196.33,DELAY_LATE_AIRCRAFT|DELAY_CARRIER|DELAY_NAS
IAG,7,75,-2.07,3.2,70,34.57,33.36,20,142.5,148.5,DELAY_LATE_AIRCRAFT|DELAY_CARRIER|CANC_CARRIER
IAG,8,65,-2.69,-4.31,40,25.12,34.25,10,118.0,105.5,DELAY_NAS|DELAY_LATE_AIRCRAFT|CANC_NAS
IAG,9,65,-3.31,-12.23,15,21.33,14.33,5,371.0,352.0,DELAY_CARRIER|CANC_WEATHER|DELAY_NAS
IAG,10,70,-5.36,-10.93,20,29.25,29.5,10,778.5,777.0,DELAY_CARRIER|DELAY_NAS|CANC_WEATHER
IAG,11,95,-5.58,-15.11,15,30.0,16.0,5,142.0,145.0,DELAY_CARRIER|DELAY_LATE_AIRCRAFT|DELAY_NAS
IAG,12,115,-8.78,-13.91,20,26.0,27.0,20,106.25,97.75,DELAY_LATE_AIRCRAFT|DELAY_NAS|DELAY_WEATHER
IAH,1,31080,-1.7,-7.86,6215,31.2,25.61,4400,162.55,160.89,DELAY_LATE_AIRCRAFT|DELAY_CARRIER|DELAY_NAS
IAH,2,36200,-3.15,-7.89,4020,31.06,25.27,1920,127.45,121.26,DELAY_CARRIER|DELAY_NAS|DELAY_LATE_AIRCRAFT
IAH,3,36330,-2.24,-8.29,6955,31.45,24.33,4060,151.91,145.45,DELAY_LATE_AIRCRAFT|DELAY_CARRIER|DELAY_NAS
IAH,4,36165,-2.17,-7.14,6415,31.49,26.45,3510,130.89,124.98,DELAY_LATE_AIRCRAFT|DELAY_CARRIER|DELAY_NAS
IAH,5,30425,-1.0,-3.79,8455,32.6,30.3,9850,161.51,161.58,DELAY_LATE_AIRCRAFT|DELAY_CARRIER|DELAY_NAS
IAH,6,33890,-0.65,-4.37,8775,32.24,28.54,6570,145.26,141.56,DELAY_LATE_AIRCRAFT|DELAY_CARRIER|DELAY_NAS
IAH,7,27680,-0.47,-4.2,10300,33.45,29.79,9740,146.03,141.21,DELAY_LATE_AIRCRAFT|DELAY_CARRIER|DELAY_NAS
IAH,8,37950,-2.02,-7.45,7725,31.47,24.87,4775,143.31,137.72,DELAY_LATE_AIRCRAFT|DELAY_CARRIER|DELAY_NAS
IAH,9,39290,-3.55,-9.68,5175,31.69,24.09,2685,119.6,110.57,DELAY_LATE_AIRCRAFT|DELAY_CARRIER|DELAY_NAS
IAH,10,43525,-3.1,-10.5,4865,30.62,22.9,2430,138.18,128.46,DELAY_CARRIER|DELAY_LATE_AIRCRAFT|DELAY_NAS
IAH,11,40290,-2.83,-8.53,4935,30.92,24.16,2495,133.01,127.15,DELAY_CARRIER|DELAY_NAS|DELAY_LATE_AIRCRAFT
IAH,12,35730,-1.37,-7.92,7140,31.4,24.95,4275,153.98,153.23,DELAY_CARRIER|DELAY_LATE_AIRCRAFT|DELAY_NAS
ICT,1,2940,-4.3,-6.56,360,30.42,32.9,325,178.54,181.52,DELAY_LATE_AIRCRAFT|DELAY_NAS|DELAY_CARRIER
ICT,2,3125,-5.73,-10.92,240,34.62,28.17,120,129.75,125.38,DELAY_CARRIER|DELAY_LATE_AIRCRAFT|DELAY_NAS
ICT,3,3275,-4.63,-9.72,305,32.18,25.9,225,159.4,155.47,DELAY_LATE_AIRCRAFT|DELAY_CARRIER|DELAY_NAS
ICT,4,3520,-4.73,-10.16,395,33.71,32.04,240,192.08,190.19,DELAY_LATE_AIRCRAFT|DELAY_CARRIER|DELAY_NAS
ICT,5,3270,-2.85,-6.07,560,31.13,29.95,405,184.78,188.65,DELAY_LATE_AIRCRAFT|DELAY_CARRIER|DELAY_NAS
ICT,6,3605,-4.19,-9.07,545,32.01,28.11,450,174.34,169.41,DELAY_LATE_AIRCRAFT|DELAY_CARRIER|DELAY_NAS
ICT,7,3705,-3.79,-6.63,570,32.86,31.11,345,135.78,131.62,DELAY_LATE_AIRCRAFT|DELAY_CARRIER|DELAY_NAS
ICT,8,3780,-5.25,-9.41,445,33.31,29.25,355,161.03,148.8,DELAY_LATE_AIRCRAFT|DELAY_CARRIER|DELAY_NAS
ICT,9,3700,-5.42,-8.41,240,34.15,31.81,155,203.81,200.9,DELAY_LATE_AIRCRAFT|DELAY_NAS|DELAY_CARRIER
ICT,10,3890,-5.46,-11.23,345,32.32,26.99,175,152.34,145.26,DELAY_CARRIER|DELAY_LATE_AIRCRAFT|DELAY_NAS
ICT,11,3925,-4.9,-9.67,510,33.82,29.58,330,147.24,145.38,DELAY_CARRIER|DELAY_LATE_AIRCRAFT|DELAY_NAS
ICT,12,3645,-4.06,-9.5,455,30.55,23.7,220,196.09,190.98,DELAY_CARRIER|DELAY_LATE_AIRCRAFT|DELAY_NAS
IDA,1,940,-6.14,-13.85,120,30.38,25.29,65,370.54,363.77,DELAY_CARRIER|DELAY_LATE_AIRCRAFT|DELAY_NAS
IDA,2,800,-7.07,-16.38,45,31.89,20.11,80,311.94,307.06,DELAY_CARRIER|DELAY_NAS|DELAY_LATE_AIRCRAFT
IDA,3,900,-6.09,-13.06,85,30.12,34.65,80,218.06,217.81,DELAY_CARRIER|DELAY_LATE_AIRCRAFT|DELAY_NAS
IDA,4,1195,-7.09,-12.49,70,25.29,20.71,65,161.54,151.23,DELAY_CARRIER|DELAY_NAS|DELAY_WEATHER
IDA,5,1425,-6.24,-12.68,125,31.56,23.2,110,143.0,137.45,DELAY_CARRIER|DELAY_LATE_AIRCRAFT|DELAY_NAS
IDA,6,1400,-6.21,-12.68,105,30.76,24.05,120,203.5,198.25,DELAY_CARRIER|DELAY_LATE_AIRCRAFT|DELAY_NAS
IDA,7,1320,-5.71,-10.75,135,34.59,28.96,145,117.03,112.45,DELAY_CARRIER|DELAY_LATE_AIRCRAFT|DELAY_NAS
IDA,8,1335,-5.87,-9.39,175,34.6,33.37,50,102.6,98.8,DELAY_CARRIER|DELAY_LATE_AIRCRAFT|DELAY_NAS
IDA,9,1365,-6.43,-10.65,100,37.15,33.0,40,154.5,145.25,DELAY_CARRIER|DELAY_LATE_AIRCRAFT|DELAY_NAS
IDA,10,1290,-5.78,-12.27,135,35.07,29.81,105,187.76,181.38,DELAY_CARRIER|DELAY_NAS|DELAY_LATE_AIRCRAFT
IDA,11,1305,-6.25,-8.74,130,30.0,32.0,65,192.92,187.69,DELAY_CARRIER|DELAY_NAS|DELAY_LATE_AIRCRAFT
IDA,12,1360,-5.51,-10.68,120,29.38,16.33,145,399.93,402.03,DELAY_CARRIER|DELAY_LATE_AIRCRAFT|DELAY_NAS
ILM,1,2000,-5.37,-9.76,250,33.94,28.74,170,164.91,169.24,DELAY_LATE_AIRCRAFT|DELAY_CARRIER|DELAY_NAS
ILM,2,2120,-5.76,-11.85,155,35.32,25.13,60,171.83,172.92,DELAY_LATE_AIRCRAFT|DELAY_CARRIER|DELAY_NAS
ILM,3,2195,-5.26,-11.9,160,33.22,26.5,140,159.82,153.57,DELAY_LATE_AIRCRAFT|DELAY_CARRIER|DELAY_NAS
ILM,4,2435,-4.68,-5.91,330,30.0,29.32,180,127.22,129.56,DELAY_LATE_AIRCRAFT|DELAY_NAS|DELAY_CARRIER
ILM,5,2780,-5.19,-7.26,330,31.86,32.41,265,160.98,163.49,DELAY_LATE_AIRCRAFT|DELAY_NAS|DELAY_WEATHER
ILM,6,2900,-4.65,-9.84,400,31.82,28.26,295,187.34,183.53,DELAY_LATE_AIRCRAFT|DELAY_NAS|DELAY_CARRIER
ILM,7,2960,-3.84,-6.77,565,33.19,33.58,545,174.41,179.69,DELAY_LATE_AIRCRAFT|DELAY_NAS|DELAY_CARRIER
ILM,8,3195,-4.01,-7.95,565,33.07,34.94,360,152.81,148.38,DELAY_LATE_AIRCRAFT|DELAY_NAS|DELAY_CARRIER
ILM,9,3030,-5.03,-10.72,285,30.89,26.67,205,120.46,118.41,DELAY_LATE_AIRCRAFT|DELAY_NAS|DELAY_CARRIER
ILM,10,3535,-5.4,-9.92,230,32.33,24.67,120,185.71,183.0,DELAY_NAS|DELAY_LATE_AIRCRAFT|DELAY_CARRIER
ILM,11,2950,-5.39,-9.16,230,32.57,27.96,105,115.19,124.29,DELAY_NAS|DELAY_LATE_AIRCRAFT|DELAY_CARRIER
ILM,12,2775,-4.17,-7.93,460,30.37,25.16,290,146.26,144.6,DELAY_LATE_AIRCRAFT|DELAY_NAS|DELAY_CARRIER
IMT,1,195,-7.15,-9.46,25,25.8,29.4,80,206.88,203.81,DELAY_CARRIER|DELAY_WEATHER|DELAY_NAS
IMT,2,275,-8.31,-20.09,10,28.0,21.5,5,409.0,409.0,DELAY_CARRIER|DELAY_WEATHER
IMT,3,275,-7.91,-16.0,25,37.6,34.8,10,282.5,255.5,DELAY_CARRIER|DELAY_WEATHER|DELAY_NAS
IMT,4,270,-8.41,-14.7,20,37.75,30.25,10,222.5,231.5,DELAY_CARRIER|DELAY_WEATHER
IMT,5,275,-9.25,-14.62,20,36.25,31.0,15,183.67,173.0,DELAY_CARRIER|DELAY_WEATHER
IMT,6,230,-7.0,5.04,25,31.2,28.6,40,164.12,170.88,DELAY_CARRIER|DELAY_WEATHER|CANC_WEATHER
IMT,7,255,-6.25,-1.98,25,29.8,23.2,30,208.17,200.0,DELAY_CARRIER|DELAY_WEATHER
IMT,8,245,-6.98,-9.84,5,20.0,27.0,40,136.5,132.75,DELAY_CARRIER|CANC_WEATHER|DELAY_NAS
IMT,9,280,-7.36,-9.93,15,30.67,39.67,5,85.0,63.0,DELAY_CARRIER|DELAY_NAS|DELAY_WEATHER
IMT,10,275,-8.73,-17.75,5,38.0,26.0,30,151.0,143.83,DELAY_CARRIER
IMT,11,260,-7.58,-13.35,10,27.5,7.5,25,209.0,196.4,DELAY_CARRIER|DELAY_NAS|DELAY_WEATHER
IMT,12,180,-6.97,-11.72,55,30.0,35.0,50,157.3,154.6,DELAY_CARRIER|CANC_WEATHER|DELAY_WEATHER
IND,1,13990,-3.03,-9.0,2115,31.91,29.6,1165,140.09,139.36,DELAY_NAS|DELAY_LATE_AIRCRAFT|DELAY_CARRIER
IND,2,14950,-3.45,-11.35,1450,30.32,26.19,635,170.55,171.17,DELAY_NAS|DELAY_LATE_AIRCRAFT|DELAY_CARRIER
IND,3,17350,-3.2,-10.42,2295,29.99,24.36,1400,133.45,129.79,DELAY_LATE_AIRCRAFT|DELAY_NAS|DELAY_CARRIER
IND,4,16850,-3.4,-9.72,1735,29.71,23.54,985,149.91,146.82,DELAY_LATE_AIRCRAFT|DELAY_NAS|DELAY_CARRIER
IND,5,16150,-2.16,-6.8,2585,30.29,25.86,1610,149.83,149.12,DELAY_LATE_AIRCRAFT|DELAY_NAS|DELAY_CARRIER
IND,6,16385,-2.15,-6.94,2505,30.99,26.12,1530,140.62,137.39,DELAY_LATE_AIRCRAFT|DELAY_NAS|DELAY_CARRIER
IND,7,15270,-2.37,-6.45,3120,31.56,28.68,2025,158.56,157.61,DELAY_LATE_AIRCRAFT|DELAY_NAS|DELAY_CARRIER
IND,8,15585,-3.07,-7.57,2090,31.75,28.55,1245,153.18,151.86,DELAY_LATE_AIRCRAFT|DELAY_NAS|DELAY_CARRIER
IND,9,16735,-3.88,-9.4,1590,31.13,25.3,665,135.19,130.59,DELAY_LATE_AIRCRAFT|DELAY_NAS|DELAY_CARRIER
IND,10,19715,-3.7,-10.25,1640,29.57,20.62,590,163.17,155.12,DELAY_LATE_AIRCRAFT|DELAY_CARRIER|DELAY_NAS
IND,11,17600,-3.71,-9.76,1370,30.0,27.5,650,143.25,146.39,DELAY_NAS|DELAY_LATE_AIRCRAFT|DELAY_CARRIER
IND,12,16180,-2.68,-9.72,2125,30.78,26.0,1195,145.67,141.61,DELAY_NAS|DELAY_LATE_AIRCRAFT|DELAY_CARRIER
INL,1,225,-9.16,-20.29,15,32.33,25.0,10,120.5,106.0,DELAY_CARRIER|CANC_WEATHER|DELAY_WEATHER
INL,2,210,-8.19,-25.45,15,22.67,17.0,15,104.0,84.67,DELAY_WEATHER|CANC_WEATHER|DELAY_CARRIER
INL,3,240,-8.29,-15.62,20,30.25,24.0,10,116.5,130.5,DELAY_CARRIER|DELAY_WEATHER
INL,4,240,-9.79,-22.6,5,54.0,37.0,10,501.5,493.5,DELAY_CARRIER|DELAY_WEATHER
INL,5,240,-8.19,-18.08,10,31.0,30.0,15,170.0,161.33,DELAY_CARRIER|DELAY_WEATHER
INL,6,190,-4.76,-2.84,50,33.7,37.9,30,176.17,186.83,DELAY_CARRIER|DELAY_WEATHER|DELAY_NAS
INL,7,235,-4.62,1.15,45,28.78,26.11,30,283.33,284.0,DELAY_CARRIER|DELAY_WEATHER|DELAY_NAS
INL,8,260,-7.27,-2.5,25,35.8,44.4,25,254.4,252.8,DELAY_CARRIER|DELAY_WEATHER|DELAY_NAS
INL,9,230,-9.67,-16.54,25,35.2,36.8,20,249.5,235.5,DELAY_CARRIER|DELAY_NAS|DELAY_WEATHER
INL,10,220,-11.25,-26.98,10,22.0,5.5,30,226.0,217.17,DELAY_CARRIER
INL,11,235,-9.53,-22.38,5,23.0,15.0,25,94.6,78.6,DELAY_CARRIER|DELAY_WEATHER
INL,12,175,-8.49,-15.54,30,26.33,10.5,50,269.0,267.9,DELAY_CARRIER|DELAY_WEATHER|CANC_WEATHER
ISP,1,1825,-4.24,-8.87,360,30.65,30.97,160,173.69,173.25,DELAY_LATE_AIRCRAFT|DELAY_NAS|DELAY_CARRIER
ISP,2,1925,-4.97,-18.84,225,33.11,27.49,100,226.75,211.35,DELAY_NAS|DELAY_LATE_AIRCRAFT|DELAY_CARRIER
ISP,3,1650,-2.74,-14.18,350,35.16,26.93,290,115.31,109.98,DELAY_LATE_AIRCRAFT|DELAY_NAS|DELAY_CARRIER
ISP,4,1645,-2.11,-14.59,280,32.75,23.59,190,163.71,161.37,DELAY_LATE_AIRCRAFT|DELAY_CARRIER|DELAY_NAS
ISP,5,1540,-2.97,-15.78,310,29.76,19.85,190,125.08,117.71,DELAY_LATE_AIRCRAFT|DELAY_NAS|DELAY_CARRIER
ISP,6,1490,-2.94,-15.48,285,29.96,18.54,170,140.85,129.03,DELAY_LATE_AIRCRAFT|DELAY_CARRIER|DELAY_NAS
ISP,7,1325,-0.6,-12.11,425,29.92,20.02,195,140.92,129.72,DELAY_LATE_AIRCRAFT|DELAY_CARRIER|DELAY_NAS
ISP,8,1265,-0.79,-6.73,285,28.32,25.25,275,138.02,132.22,DELAY_LATE_AIRCRAFT|DELAY_NAS|DELAY_CARRIER
ISP,9,1240,-2.31,-9.52,155,29.26,19.29,50,163.7,152.6,DELAY_LATE_AIRCRAFT|DELAY_CARRIER|DELAY_NAS
ISP,10,1075,-0.86,-11.92,175,24.26,12.74,45,119.33,103.67,DELAY_CARRIER|DELAY_LATE_AIRCRAFT|CANC_WEATHER
ISP,11,1515,-2.6,-16.65,170,27.97,11.74,60,177.5,160.0,DELAY_LATE_AIRCRAFT|DELAY_CARRIER|DELAY_NAS
ISP,12,1465,-2.22,-8.74,430,31.48,24.81,245,163.9,154.76,DELAY_LATE_AIRCRAFT|DELAY_NAS|DELAY_CARRIER
ITH,1,250,-6.44,-23.6,10,40.0,24.5,25,212.0,192.0,CANC_WEATHER|DELAY_LATE_AIRCRAFT|DELAY_NAS
ITH,2,265,-6.85,-31.42,15,52.67,36.0,5,216.0,225.0,DELAY_LATE_AIRCRAFT|CANC_WEATHER|DELAY_CARRIER
ITH,3,260,-6.21,-26.96,15,26.33,3.0,35,139.29,121.43,DELAY_LATE_AIRCRAFT|DELAY_CARRIER|DELAY_NAS
ITH,4,275,-6.8,-19.58,0,,,25,87.4,68.6,DELAY_NAS|DELAY_LATE_AIRCRAFT|DELAY_WEATHER
ITH,5,535,-5.18,-19.07,30,30.0,15.33,30,157.67,136.67,DELAY_LATE_AIRCRAFT|DELAY_NAS|DELAY_CARRIER
ITH,6,225,-6.07,-11.31,30,36.67,38.83,20,112.25,101.0,CANC_NAS|DELAY_LATE_AIRCRAFT|DELAY_NAS
ITH,7,225,-6.07,-9.78,30,34.67,40.17,50,168.1,176.7,DELAY_LATE_AIRCRAFT|DELAY_NAS|DELAY_CARRIER
ITH,8,315,-6.17,-16.37,20,24.5,18.0,45,128.22,140.56,CANC_NAS|DELAY_LATE_AIRCRAFT|DELAY_WEATHER
ITH,9,290,-8.34,-19.71,5,17.0,10.0,5,461.0,453.0,DELAY_WEATHER
ITH,10,295,-7.24,-16.05,5,55.0,48.0,10,148.0,140.5,DELAY_LATE_AIRCRAFT|DELAY_CARRIER
ITH,11,285,-7.37,-18.05,0,,,5,73.0,126.0,DELAY_LATE_AIRCRAFT|DELAY_WEATHER
ITH,12,260,-5.6,-17.37,10,35.5,31.5,25,350.8,339.4,DELAY_LATE_AIRCRAFT|DELAY_NAS|DELAY_CARRIER
ITO,1,2470,-2.68,0.62,385,28.83,33.09,100,95.5,99.05,DELAY_LATE_AIRCRAFT|DELAY_NAS|DELAY_CARRIER
ITO,2,2560,-2.61,-1.63,140,27.04,29.5,35,92.29,94.14,DELAY_LATE_AIRCRAFT|DELAY_CARRIER|DELAY_NAS
ITO,3,2570,-1.43,-2.48,265,23.26,20.6,30,135.17,134.67,DELAY_LATE_AIRCRAFT|DELAY_CARRIER|DELAY_NAS
ITO,4,2550,-1.77,-3.39,250,27.24,25.76,55,102.09,100.82,DELAY_LATE_AIRCRAFT|DELAY_CARRIER|DELAY_NAS
ITO,5,2360,-2.11,-1.06,350,31.87,32.19,135,98.89,103.44,DELAY_LATE_AIRCRAFT|DELAY_CARRIER|DELAY_NAS
ITO,6,2390,-2.18,-2.11,315,25.56,26.83,30,82.33,84.67,DELAY_LATE_AIRCRAFT|DELAY_CARRIER|DELAY_NAS
ITO,7,2540,-2.16,-3.41,220,26.18,24.57,70,109.0,107.0,DELAY_LATE_AIRCRAFT|DELAY_CARRIER|DELAY_NAS
ITO,8,2515,-2.92,-5.97,175,23.77,21.09,65,107.15,104.31,DELAY_LATE_AIRCRAFT|CANC_WEATHER|DELAY_CARRIER
ITO,9,2550,-3.38,-4.9,135,25.63,23.85,10,84.0,82.0,DELAY_LATE_AIRCRAFT|DELAY_CARRIER|CANC_CARRIER
ITO,10,2460,-1.76,-3.17,240,27.12,26.21,30,88.33,85.67,DELAY_LATE_AIRCRAFT|DELAY_CARRIER|CANC_CARRIER
ITO,11,2510,-1.95,-4.03,185,29.16,26.35,10,81.5,83.0,DELAY_LATE_AIRCRAFT|DELAY_CARRIER|DELAY_NAS
ITO,12,2545,-1.59,-3.64,200,23.9,22.68,35,94.14,95.43,DELAY_LATE_AIRCRAFT|DELAY_CARRIER|DELAY_WEATHER
JAC,1,2030,-4.66,-13.3,430,32.88,26.14,265,192.85,182.28,DELAY_LATE_AIRCRAFT|DELAY_NAS|DELAY_CARRIER
JAC,2,1805,-4.02,-11.41,445,32.25,30.99,280,241.82,245.82,DELAY_NAS|DELAY_LATE_AIRCRAFT|DELAY_CARRIER
JAC,3,1880,-3.86,-9.45,335,27.75,21.42,345,270.78,266.64,DELAY_NAS|DELAY_LATE_AIRCRAFT|DELAY_CARRIER
JAC,4,1070,-7.03,-12.49,95,24.42,19.58,60,348.08,348.08,DELAY_NAS|DELAY_CARRIER|DELAY_LATE_AIRCRAFT
JAC,5,1350,-5.4,-7.51,100,37.7,32.4,140,164.86,165.14,DELAY_NAS|DELAY_LATE_AIRCRAFT|DELAY_CARRIER
JAC,6,2300,-3.61,-11.04,330,31.61,23.73,205,189.68,183.15,DELAY_LATE_AIRCRAFT|DELAY_NAS|DELAY_CARRIER
JAC,7,2470,-4.02,-9.42,375,32.03,26.51,360,175.76,173.71,DELAY_LATE_AIRCRAFT|DELAY_CARRIER|DELAY_NAS
JAC,8,2535,-3.63,-7.33,375,32.73,27.67,305,179.89,173.77,DELAY_LATE_AIRCRAFT|DELAY_CARRIER|DELAY_NAS
JAC,9,2145,-4.0,-9.33,290,31.64,28.19,165,227.94,220.61,DELAY_LATE_AIRCRAFT|DELAY_CARRIER|DELAY_NAS
JAC,10,1750,-6.84,-14.53,80,30.25,22.25,55,312.73,305.82,DELAY_CARRIER|DELAY_LATE_AIRCRAFT|DELAY_NAS
JAC,11,915,-7.08,-18.53,95,35.95,31.74,110,349.05,352.18,DELAY_CARRIER|DELAY_LATE_AIRCRAFT|DELAY_NAS
JAC,12,1515,-6.08,-14.44,200,31.15,29.88,295,322.88,318.92,DELAY_LATE_AIRCRAFT|DELAY_CARRIER|DELAY_NAS
JAN,1,2130,-4.21,-9.81,255,35.41,35.1,175,174.89,175.6,DELAY_LATE_AIRCRAFT|DELAY_NAS|DELAY_CARRIER
JAN,2,2235,-5.06,-11.66,190,31.79,26.76,50,114.5,104.0,DELAY_LATE_AIRCRAFT|DELAY_CARRIER|DELAY_NAS
JAN,3,2245,-4.7,-10.76,285,28.79,26.23,215,159.53,152.21,DELAY_LATE_AIRCRAFT|DELAY_NAS|DELAY_CARRIER
JAN,4,2480,-5.49,-10.26,300,30.5,25.52,220,193.18,192.86,DELAY_LATE_AIRCRAFT|DELAY_CARRIER|DELAY_NAS
JAN,5,2390,-3.34,-6.17,500,31.89,29.18,355,175.7,179.17,DELAY_LATE_AIRCRAFT|DELAY_NAS|DELAY_CARRIER
JAN,6,2270,-3.43,-9.13,420,32.06,27.73,195,152.15,149.18,DELAY_LATE_AIRCRAFT|DELAY_CARRIER|DELAY_NAS
JAN,7,1965,-3.3,-6.63,565,33.61,33.66,385,159.56,158.18,DELAY_LATE_AIRCRAFT|DELAY_CARRIER|DELAY_NAS
JAN,8,2205,-4.49,-9.8,290,32.24,24.6,150,173.73,167.5,DELAY_LATE_AIRCRAFT|DELAY_CARRIER|DELAY_NAS
JAN,9,2305,-4.49,-7.57,215,32.33,27.79,80,162.56,154.69,DELAY_NAS|DELAY_LATE_AIRCRAFT|DELAY_CARRIER
JAN,10,2785,-4.44,-8.62,190,26.0,19.18,95,184.11,178.89,DELAY_CARRIER|DELAY_LATE_AIRCRAFT|DELAY_NAS
JAN,11,2575,-3.56,-8.88,230,28.98,23.76,85,245.65,246.35,DELAY_LATE_AIRCRAFT|DELAY_CARRIER|DELAY_NAS
JAN,12,2295,-3.53,-8.85,285,29.68,25.51,225,184.22,185.62,DELAY_LATE_AIRCRAFT|DELAY_NAS|DELAY_CARRIER
JAX,1,9065,-3.9,-9.53,1410,32.71,27.51,835,153.1,148.63,DELAY_LATE_AIRCRAFT|DELAY_NAS|DELAY_CARRIER
JAX,2,9400,-4.49,-9.41,940,31.3,26.28,490,165.39,159.47,DELAY_LATE_AIRCRAFT|DELAY_NAS|DELAY_CARRIER
JAX,3,10695,-3.97,-8.19,1575,31.42,27.14,785,172.67,171.05,DELAY_LATE_AIRCRAFT|DELAY_NAS|DELAY_CARRIER
JAX,4,10760,-3.78,-6.95,1405,31.8,29.66,680,163.47,160.77,DELAY_LATE_AIRCRAFT|DELAY_NAS|DELAY_CARRIER
JAX,5,10195,-2.71,-5.53,1935,32.4,30.44,1300,161.05,162.55,DELAY_LATE_AIRCRAFT|DELAY_NAS|DELAY_CARRIER
JAX,6,9750,-3.31,-8.73,1625,33.01,27.35,1255,168.41,164.96,DELAY_LATE_AIRCRAFT|DELAY_NAS|DELAY_CARRIER
JAX,7,8620,-2.94,-8.45,1975,34.46,32.11,1920,184.18,184.5,DELAY_LATE_AIRCRAFT|DELAY_CARRIER|DELAY_NAS
JAX,8,9200,-3.39,-8.52,1655,31.63,30.36,1055,183.58,180.42,DELAY_LATE_AIRCRAFT|DELAY_NAS|DELAY_CARRIER
JAX,9,10070,-3.94,-8.45,1035,31.11,27.12,455,159.43,155.32,DELAY_LATE_AIRCRAFT|DELAY_NAS|DELAY_CARRIER
JAX,10,11420,-4.6,-9.57,1030,30.02,23.43,380,171.18,165.5,DELAY_LATE_AIRCRAFT|DELAY_NAS|DELAY_CARRIER
JAX,11,11020,-4.31,-8.76,1030,30.6,25.04,500,148.1,145.1,DELAY_LATE_AIRCRAFT|DELAY_NAS|DELAY_CARRIER
JAX,12,10280,-2.57,-6.22,1895,30.51,25.49,750,159.66,157.15,DELAY_LATE_AIRCRAFT|DELAY_NAS|DELAY_CARRIER
JFK,1,36085,-2.82,-14.05,5900,31.77,25.85,3900,141.55,141.31,DELAY_CARRIER|DELAY_NAS|DELAY_LATE_AIRCRAFT
JFK,2,38075,-3.49,-16.97,4595,31.36,21.85,2805,130.61,125.5,DELAY_CARRIER|DELAY_NAS|DELAY_LATE_AIRCRAFT
JFK,3,39760,-3.14,-15.8,6110,32.97,22.16,4435,138.52,130.05,DELAY_CARRIER|DELAY_NAS|DELAY_LATE_AIRCRAFT
JFK,4,40245,-3.31,-12.54,6405,31.47,23.68,3535,137.65,131.83,DELAY_CARRIER|DELAY_NAS|DELAY_LATE_AIRCRAFT
JFK,5,41180,-3.08,-9.96,7145,32.2,26.18,4200,146.71,142.74,DELAY_NAS|DELAY_CARRIER|DELAY_LATE_AIRCRAFT
JFK,6,38020,-2.83,-11.06,7215,32.98,27.95,5050,154.17,149.97,DELAY_CARRIER|DELAY_NAS|DELAY_LATE_AIRCRAFT
JFK,7,36840,-2.17,-8.65,8305,32.5,27.19,6905,163.09,157.87,DELAY_CARRIER|DELAY_NAS|DELAY_LATE_AIRCRAFT
JFK,8,36875,-2.65,-7.58,7800,33.03,30.76,5965,152.58,152.33,DELAY_NAS|DELAY_CARRIER|DELAY_LATE_AIRCRAFT
JFK,9,44620,-4.12,-13.13,4665,30.63,22.5,2400,139.11,131.55,DELAY_NAS|DELAY_CARRIER|DELAY_LATE_AIRCRAFT
JFK,10,47240,-3.8,-14.92,4370,29.54,15.83,1645,140.56,128.52,DELAY_CARRIER|DELAY_NAS|DELAY_LATE_AIRCRAFT
JFK,11,44590,-4.28,-14.09,4185,30.3,19.47,1835,120.62,109.82,DELAY_CARRIER|DELAY_NAS|DELAY_LATE_AIRCRAFT
JFK,12,38535,-2.18,-11.42,7760,31.79,24.19,4655,132.53,126.35,DELAY_LATE_AIRCRAFT|DELAY_CARRIER|DELAY_NAS
JLN,1,180,-7.94,-24.25,20,21.75,22.75,25,337.6,328.6,DELAY_CARRIER|CANC_WEATHER|DELAY_NAS
JLN,2,225,-8.58,-14.64,5,53.0,35.0,10,128.5,97.0,DELAY_CARRIER|CANC_WEATHER|DELAY_WEATHER
JLN,3,225,-7.24,-13.8,15,37.0,32.67,25,228.2,220.2,DELAY_CARRIER|DELAY_LATE_AIRCRAFT|CANC_WEATHER
JLN,4,215,-6.6,-11.77,20,33.5,37.0,20,103.75,95.75,DELAY_CARRIER|DELAY_NAS
JLN,5,210,-7.26,-9.24,10,29.0,33.5,45,185.78,180.89,DELAY_CARRIER|DELAY_LATE_AIRCRAFT|DELAY_NAS
JLN,6,190,-5.47,-18.11,10,52.0,44.0,45,207.78,206.78,DELAY_LATE_AIRCRAFT|DELAY_NAS|DELAY_WEATHER
JLN,7,215,-5.6,-16.44,25,38.2,29.0,5,72.0,79.0,CANC_WEATHER|DELAY_CARRIER|DELAY_LATE_AIRCRAFT
JLN,8,230,-5.8,-13.59,10,21.5,-2.0,20,370.25,371.25,DELAY_CARRIER|CANC_WEATHER|DELAY_LATE_AIRCRAFT
JLN,9,200,-5.72,-15.65,25,25.4,13.2,35,168.86,163.57,DELAY_CARRIER|DELAY_LATE_AIRCRAFT|DELAY_WEATHER
JLN,10,215,-7.02,-12.67,35,37.29,23.14,10,67.5,53.5,DELAY_CARRIER|DELAY_LATE_AIRCRAFT|DELAY_NAS
JLN,11,215,-6.09,-8.63,15,28.67,13.67,30,355.33,348.0,DELAY_CARRIER|DELAY_LATE_AIRCRAFT|CANC_WEATHER
JLN,12,230,-6.3,-10.54,10,30.0,24.5,25,241.2,227.0,DELAY_CARRIER|DELAY_LATE_AIRCRAFT|DELAY_WEATHER
JMS,1,220,-7.68,-14.39,10,45.0,34.0,5,99.0,71.0,CANC_WEATHER|DELAY_LATE_AIRCRAFT|DELAY_NAS
JMS,2,185,-8.27,-17.14,25,32.8,28.8,20,651.75,649.0,CANC_WEATHER|DELAY_WEATHER|CANC_NAS
JMS,3,245,-7.18,-13.24,10,43.0,35.0,25,290.8,291.0,DELAY_CARRIER|DELAY_LATE_AIRCRAFT|CANC_WEATHER
JMS,4,265,-7.34,-12.06,5,15.0,14.0,5,111.0,101.0,DELAY_CARRIER|DELAY_LATE_AIRCRAFT
JMS,5,50,-10.2,-12.0,0,,,10,95.5,111.0,DELAY_LATE_AIRCRAFT|DELAY_NAS|DELAY_WEATHER
JMS,6,130,-5.31,-5.58,10,17.5,38.0,20,127.0,138.75,CANC_NAS|DELAY_CARRIER|DELAY_LATE_AIRCRAFT
JMS,7,240,-6.73,-10.04,35,31.57,25.29,10,167.0,169.0,DELAY_CARRIER|DELAY_LATE_AIRCRAFT|DELAY_NAS
JMS,8,250,-8.44,-11.0,20,30.25,25.25,5,151.0,151.0,DELAY_CARRIER|DELAY_LATE_AIRCRAFT|CANC_NAS
JMS,9,245,-10.24,-13.59,25,30.8,24.8,10,113.5,127.0,DELAY_CARRIER|DELAY_LATE_AIRCRAFT
JMS,10,260,-8.65,-12.1,15,43.33,37.33,10,590.5,587.0,DELAY_CARRIER|DELAY_LATE_AIRCRAFT
JMS,11,180,-6.72,-9.19,20,22.75,22.25,40,249.25,246.12,CANC_WEATHER|DELAY_LATE_AIRCRAFT|DELAY_CARRIER
JMS,12,220,-6.48,-10.7,20,33.0,42.5,30,501.17,500.17,DELAY_LATE_AIRCRAFT|DELAY_WEATHER|DELAY_CARRIER
JNU,1,1140,-8.44,-7.68,275,31.38,39.25,160,149.72,162.78,DELAY_LATE_AIRCRAFT|DELAY_NAS|DELAY_CARRIER
JNU,2,1400,-10.24,-10.69,95,35.63,31.84,60,143.5,146.0,DELAY_LATE_AIRCRAFT|DELAY_CARRIER|DELAY_NAS
JNU,3,1495,-10.09,-11.08,125,35.32,35.92,55,138.36,134.0,DELAY_LATE_AIRCRAFT|DELAY_NAS|DELAY_CARRIER
JNU,4,1505,-11.18,-12.7,130,28.85,25.5,55,104.0,100.55,DELAY_LATE_AIRCRAFT|DELAY_CARRIER|CANC_CARRIER
JNU,5,1730,-8.56,-10.67,160,26.59,26.47,60,140.17,140.25,DELAY_LATE_AIRCRAFT|DELAY_CARRIER|CANC_CARRIER
JNU,6,2100,-8.02,-9.93,225,29.47,27.87,85,159.12,156.41,DELAY_LATE_AIRCRAFT|DELAY_CARRIER|DELAY_NAS
JNU,7,2070,-6.29,-6.42,440,28.42,27.41,95,115.79,118.21,DELAY_LATE_AIRCRAFT|DELAY_CARRIER|DELAY_NAS
JNU,8,2090,-7.14,-8.46,320,30.5,30.09,130,171.73,171.58,DELAY_LATE_AIRCRAFT|DELAY_CARRIER|DELAY_NAS
JNU,9,1940,-9.27,-11.26,130,28.73,23.65,85,160.76,157.06,DELAY_LATE_AIRCRAFT|DELAY_CARRIER|DELAY_NAS
JNU,10,1630,-10.49,-12.18,95,35.21,34.79,80,156.06,154.75,DELAY_CARRIER|DELAY_LATE_AIRCRAFT|DELAY_NAS
JNU,11,1465,-11.12,-11.74,105,27.57,32.62,35,117.29,120.14,DELAY_NAS|DELAY_LATE_AIRCRAFT|DELAY_CARRIER
JNU,12,1380,-8.42,-10.68,145,33.28,39.34,100,146.85,168.3,DELAY_LATE_AIRCRAFT|DELAY_NAS|DELAY_CARRIER
JST,1,185,-6.7,-22.84,30,30.83,25.33,50,150.6,144.0,DELAY_LATE_AIRCRAFT|CANC_WEATHER|DELAY_CARRIER
JST,2,240,-8.62,-28.17,30,30.0,7.83,5,66.0,52.0,CANC_WEATHER|DELAY_CARRIER|DELAY_LATE_AIRCRAFT
JST,3,275,-9.25,-21.45,10,34.0,35.5,15,106.67,96.0,DELAY_CARRIER|CANC_WEATHER|DELAY_LATE_AIRCRAFT
JST,4,215,-8.72,-11.7,35,37.43,50.71,50,178.4,172.1,DELAY_CARRIER|DELAY_LATE_AIRCRAFT|DELAY_NAS
JST,5,225,-9.16,-11.93,20,34.0,27.75,60,175.92,174.33,DELAY_LATE_AIRCRAFT|DELAY_CARRIER|DELAY_NAS
JST,6,250,-7.54,-16.0,35,45.29,39.43,15,237.33,235.67,DELAY_CARRIER|DELAY_LATE_AIRCRAFT
JST,7,260,-8.4,-14.48,35,31.43,27.0,15,233.33,230.33,DELAY_CARRIER|DELAY_LATE_AIRCRAFT
JST,8,270,-7.17,-9.33,20,36.5,37.75,20,97.25,92.5,DELAY_CARRIER|DELAY_NAS|DELAY_LATE_AIRCRAFT
JST,9,255,-7.49,-11.12,15,33.67,31.0,30,284.0,282.17,DELAY_CARRIER|DELAY_LATE_AIRCRAFT
JST,10,260,-9.29,-18.5,20,36.5,43.5,30,135.33,134.33,DELAY_LATE_AIRCRAFT|DELAY_CARRIER|DELAY_NAS
JST,11,235,-8.77,-17.34,25,23.6,14.2,25,154.4,151.8,DELAY_CARRIER|DELAY_LATE_AIRCRAFT|CANC_WEATHER
JST,12,235,-5.89,-11.32,15,23.0,20.33,60,486.33,484.75,DELAY_LATE_AIRCRAFT|DELAY_CARRIER|DELAY_WEATHER
KOA,1,5460,-2.29,-6.85,880,29.26,26.62,300,218.18,201.92,DELAY_LATE_AIRCRAFT|CANC_CARRIER|DELAY_CARRIER
KOA,2,5375,-2.95,-9.47,655,26.97,17.85,290,181.43,173.4,DELAY_LATE_AIRCRAFT|DELAY_CARRIER|DELAY_NAS
KOA,3,6355,-3.17,-8.69,395,28.75,25.08,140,192.75,184.68,DELAY_LATE_AIRCRAFT|DELAY_CARRIER|DELAY_NAS
KOA,4,5670,-3.52,-7.84,480,29.51,23.4,230,161.59,157.87,DELAY_LATE_AIRCRAFT|DELAY_CARRIER|DELAY_NAS
KOA,5,5615,-3.45,-5.05,700,29.09,27.59,210,146.81,143.86,DELAY_LATE_AIRCRAFT|DELAY_CARRIER|DELAY_NAS
KOA,6,6270,-3.61,-5.75,550,28.55,25.9,140,229.43,226.29,DELAY_LATE_AIRCRAFT|DELAY_CARRIER|DELAY_NAS
KOA,7,6365,-2.99,-5.8,645,27.06,24.03,205,244.51,240.98,DELAY_LATE_AIRCRAFT|DELAY_CARRIER|DELAY_NAS
KOA,8,6220,-3.28,-9.06,545,28.04,20.18,225,157.76,148.78,DELAY_LATE_AIRCRAFT|DELAY_CARRIER|CANC_CARRIER
KOA,9,6140,-4.9,-8.41,360,29.85,24.19,130,116.96,109.12,DELAY_LATE_AIRCRAFT|DELAY_CARRIER|DELAY_NAS
KOA,10,6105,-4.3,-8.24,480,30.6,29.49,185,140.81,135.32,DELAY_LATE_AIRCRAFT|DELAY_CARRIER|DELAY_NAS
KOA,11,5880,-4.37,-7.62,390,28.9,23.4,115,199.3,193.17,DELAY_LATE_AIRCRAFT|DELAY_CARRIER|DELAY_NAS
KOA,12,6120,-3.7,-8.08,640,27.22,19.29,140,144.57,135.0,DELAY_LATE_AIRCRAFT|DELAY_CARRIER|DELAY_NAS
KTN,1,650,-12.21,-17.34,120,33.25,30.54,60,130.5,127.25,DELAY_LATE_AIRCRAFT|CANC_CARRIER|DELAY_CARRIER
KTN,2,785,-13.39,-16.54,60,36.25,50.5,10,175.0,168.5,DELAY_LATE_AIRCRAFT|DELAY_NAS|CANC_CARRIER
KTN,3,800,-12.16,-14.25,65,34.69,32.31,40,86.25,88.38,DELAY_LATE_AIRCRAFT|CANC_CARRIER|DELAY_CARRIER
KTN,4,855,-11.78,-16.64,65,24.92,21.85,40,78.25,74.38,DELAY_LATE_AIRCRAFT|DELAY_CARRIER|CANC_CARRIER
KTN,5,880,-9.57,-14.82,135,30.3,26.41,45,166.89,161.44,DELAY_LATE_AIRCRAFT|DELAY_CARRIER|CANC_CARRIER
KTN,6,1035,-7.93,-8.98,155,27.0,24.26,50,124.9,125.0,DELAY_LATE_AIRCRAFT|DELAY_CARRIER|DELAY_NAS
KTN,7,1105,-5.69,-7.46,200,32.05,32.7,75,131.8,128.53,DELAY_LATE_AIRCRAFT|DELAY_CARRIER|DELAY_NAS
KTN,8,1010,-2.84,-4.32,240,26.42,25.79,95,165.68,158.16,DELAY_LATE_AIRCRAFT|DELAY_CARRIER|DELAY_NAS
KTN,9,945,-7.97,-9.69,75,32.87,33.13,30,118.5,111.33,DELAY_LATE_AIRCRAFT|DELAY_CARRIER|DELAY_NAS
KTN,10,805,-9.71,-12.75,60,33.0,32.25,30,112.83,114.67,DELAY_LATE_AIRCRAFT|CANC_WEATHER|DELAY_CARRIER
KTN,11,760,-10.65,-14.47,95,30.0,28.47,20,78.25,85.25,DELAY_LATE_AIRCRAFT|DELAY_CARRIER|DELAY_NAS
KTN,12,740,-9.28,-13.76,110,26.45,22.86,55,143.91,134.64,DELAY_LATE_AIRCRAFT|DELAY_CARRIER|DELAY_NAS
LAN,1,340,-3.93,-4.51,40,26.12,21.0,95,179.89,193.89,DELAY_CARRIER|DELAY_LATE_AIRCRAFT|CANC_WEATHER
LAN,2,460,-5.9,-13.43,35,34.71,29.14,20,86.5,79.5,DELAY_LATE_AIRCRAFT|DELAY_NAS|DELAY_CARRIER
LAN,3,450,-5.0,-10.81,65,35.85,31.0,55,269.09,270.82,DELAY_CARRIER|DELAY_LATE_AIRCRAFT|DELAY_WEATHER
LAN,4,420,-5.54,-7.87,45,22.89,20.11,90,140.39,139.61,DELAY_CARRIER|DELAY_LATE_AIRCRAFT|DELAY_WEATHER
LAN,5,455,-6.4,-11.05,55,41.18,47.55,60,137.25,134.75,DELAY_CARRIER|DELAY_LATE_AIRCRAFT|DELAY_WEATHER
LAN,6,350,-6.46,-8.93,90,34.44,33.5,105,142.48,139.24,DELAY_CARRIER|DELAY_WEATHER|DELAY_LATE_AIRCRAFT
LAN,7,400,-5.25,-7.96,70,29.36,32.07,70,131.71,134.21,DELAY_LATE_AIRCRAFT|DELAY_CARRIER|DELAY_NAS
LAN,8,390,-5.51,-8.68,70,35.57,37.57,70,213.21,217.86,DELAY_CARRIER|DELAY_LATE_AIRCRAFT|DELAY_WEATHER
LAN,9,450,-7.34,-16.1,55,39.82,32.0,25,116.6,129.4,DELAY_CARRIER|DELAY_WEATHER|DELAY_LATE_AIRCRAFT
LAN,10,470,-5.63,-10.74,75,36.8,32.33,25,102.6,105.8,DELAY_CARRIER|DELAY_LATE_AIRCRAFT|DELAY_WEATHER
LAN,11,435,-6.23,-10.1,60,26.0,22.42,40,146.5,155.38,DELAY_CARRIER|DELAY_NAS|CANC_WEATHER
LAN,12,380,-6.61,-5.45,55,42.45,41.55,30,146.0,148.67,DELAY_CARRIER|DELAY_WEATHER|DELAY_LATE_AIRCRAFT
LAR,1,210,-8.48,-7.26,15,42.0,58.0,5,118.0,112.0,CANC_WEATHER|DELAY_LATE_AIRCRAFT|CANC_NAS
LAR,2,215,-7.21,-6.28,10,24.0,36.0,15,108.67,97.67,DELAY_CARRIER|CANC_WEATHER|DELAY_LATE_AIRCRAFT
LAR,3,210,-8.07,-9.57,20,31.5,40.25,20,328.75,318.5,CANC_WEATHER|DELAY_CARRIER|DELAY_WEATHER
LAR,4,230,-9.02,-8.24,5,15.0,18.0,5,65.0,69.0,DELAY_CARRIER|CANC_WEATHER|CANC_NAS
LAR,5,245,-7.9,-8.63,10,44.5,40.5,15,102.0,95.33,DELAY_NAS|DELAY_WEATHER|DELAY_CARRIER
LAR,6,200,-7.17,-6.4,10,26.5,21.0,35,290.29,285.29,DELAY_CARRIER|DELAY_LATE_AIRCRAFT|DELAY_NAS
LAR,7,220,-6.73,-10.55,5,18.0,5.0,20,124.0,119.25,CANC_NAS|DELAY_WEATHER|DELAY_LATE_AIRCRAFT
LAR,8,195,-7.92,-9.77,45,36.22,32.44,25,275.8,269.4,DELAY_LATE_AIRCRAFT|DELAY_NAS|DELAY_CARRIER
LAR,9,220,-7.95,-10.98,20,40.75,34.25,20,93.5,77.0,DELAY_LATE_AIRCRAFT|DELAY_CARRIER|DELAY_NAS
LAR,10,225,-9.22,-12.4,20,35.25,18.75,20,375.5,371.75,DELAY_CARRIER|DELAY_LATE_AIRCRAFT|DELAY_WEATHER
LAR,11,195,-6.87,-9.18,20,33.75,21.75,30,125.0,108.83,DELAY_CARRIER|DELAY_LATE_AIRCRAFT|CANC_WEATHER
LAR,12,240,-7.56,-12.17,10,28.0,13.5,15,104.67,82.0,DELAY_CARRIER|DELAY_LATE_AIRCRAFT|DELAY_NAS
LAS,1,56625,-2.09,-7.12,11595,31.22,25.4,4475,127.98,122.3,DELAY_LATE_AIRCRAFT|DELAY_CARRIER|DELAY_NAS
LAS,2,54880,-2.25,-9.62,10380,30.94,23.94,4340,123.39,118.1,DELAY_LATE_AIRCRAFT|DELAY_CARRIER|DELAY_NAS
LAS,3,57910,-1.97,-7.13,13680,31.71,26.91,7815,132.81,129.07,DELAY_LATE_AIRCRAFT|DELAY_CARRIER|DELAY_NAS
LAS,4,60085,-2.08,-9.22,12690,31.0,23.78,4750,127.53,120.6,DELAY_LATE_AIRCRAFT|DELAY_CARRIER|DELAY_NAS
LAS,5,59320,-1.44,-8.86,15370,31.55,23.8,6175,135.72,129.63,DELAY_LATE_AIRCRAFT|DELAY_CARRIER|DELAY_NAS
LAS,6,55035,-1.0,-6.42,15950,30.92,24.94,6365,137.84,132.53,DELAY_LATE_AIRCRAFT|DELAY_CARRIER|DELAY_NAS
LAS,7,50560,-0.88,-6.34,18165,32.17,27.46,9655,139.58,136.69,DELAY_LATE_AIRCRAFT|DELAY_CARRIER|DELAY_NAS
LAS,8,59730,-2.31,-8.11,12820,31.21,25.82,6705,128.23,122.85,DELAY_LATE_AIRCRAFT|DELAY_CARRIER|DELAY_NAS
LAS,9,62145,-2.65,-9.54,10880,30.73,23.42,4895,118.44,111.37,DELAY_LATE_AIRCRAFT|DELAY_CARRIER|DELAY_NAS
LAS,10,70705,-2.38,-9.68,11305,29.77,23.79,3550,127.41,123.67,DELAY_LATE_AIRCRAFT|DELAY_NAS|DELAY_CARRIER
LAS,11,65635,-2.74,-12.51,9635,29.6,19.16,3090,124.73,117.59,DELAY_LATE_AIRCRAFT|DELAY_CARRIER|DELAY_NAS
LAS,12,62090,-2.3,-10.51,11000,30.21,21.62,4260,133.51,127.18,DELAY_LATE_AIRCRAFT|DELAY_CARRIER|DELAY_NAS
LAW,1,345,-7.49,-9.74,25,41.0,33.6,60,218.5,219.17,DELAY_CARRIER|DELAY_WEATHER|CANC_WEATHER
LAW,2,400,-7.79,-16.19,10,34.5,38.0,15,220.33,220.33,DELAY_CARRIER|DELAY_WEATHER|CANC_WEATHER
LAW,3,380,-4.83,-11.34,20,31.25,25.0,50,276.6,268.3,DELAY_CARRIER|CANC_WEATHER|DELAY_LATE_AIRCRAFT
LAW,4,330,-6.32,-9.45,55,38.82,42.73,35,212.43,208.86,DELAY_CARRIER|CANC_WEATHER|DELAY_WEATHER
LAW,5,320,-7.81,-12.69,55,37.64,37.0,40,144.38,139.5,DELAY_CARRIER|CANC_WEATHER|DELAY_WEATHER
LAW,6,380,-9.09,-11.93,15,44.33,48.0,55,110.55,109.55,DELAY_CARRIER|DELAY_WEATHER|DELAY_LATE_AIRCRAFT
LAW,7,355,-5.21,-6.51,35,25.57,30.29,60,263.33,270.58,DELAY_CARRIER|DELAY_NAS|DELAY_WEATHER
LAW,8,420,-8.37,-12.75,25,27.2,24.8,15,108.67,108.67,DELAY_CARRIER|DELAY_LATE_AIRCRAFT|DELAY_NAS
LAW,9,410,-7.72,-5.35,20,44.0,51.0,20,178.0,179.5,DELAY_CARRIER|DELAY_NAS|DELAY_WEATHER
LAW,10,395,-6.22,-14.24,40,36.5,34.0,25,291.2,282.8,DELAY_CARRIER|DELAY_LATE_AIRCRAFT|DELAY_NAS
LAW,11,340,-5.5,-7.29,40,43.25,54.25,25,126.8,124.2,DELAY_CARRIER|DELAY_WEATHER|CANC_WEATHER
LAW,12,330,-5.27,-8.14,70,29.93,28.64,30,195.17,220.33,DELAY_CARRIER|CANC_WEATHER|DELAY_WEATHER
LAX,1,61345,-2.88,-6.99,8130,31.58,25.9,4080,153.83,147.8,DELAY_CARRIER|DELAY_LATE_AIRCRAFT|DELAY_NAS
LAX,2,57720,-2.7,-10.01,8645,30.87,23.58,3915,146.04,141.31,DELAY_CARRIER|DELAY_LATE_AIRCRAFT|DELAY_NAS
LAX,3,62855,-2.29,-5.8,10760,31.53,27.32,5340,141.92,139.24,DELAY_CARRIER|DELAY_LATE_AIRCRAFT|DELAY_NAS
LAX,4,64430,-2.86,-8.25,8935,31.64,26.95,4750,149.85,146.52,DELAY_NAS|DELAY_LATE_AIRCRAFT|DELAY_CARRIER
LAX,5,63720,-2.29,-7.45,11895,31.84,26.75,6450,144.63,140.03,DELAY_LATE_AIRCRAFT|DELAY_CARRIER|DELAY_NAS
LAX,6,64060,-2.11,-5.98,12275,31.09,26.5,6200,135.49,131.35,DELAY_LATE_AIRCRAFT|DELAY_CARRIER|DELAY_NAS
LAX,7,65040,-2.39,-7.06,12780,31.32,26.39,7345,150.9,145.47,DELAY_LATE_AIRCRAFT|DELAY_CARRIER|DELAY_NAS
LAX,8,70090,-2.95,-8.24,9695,31.37,26.35,5145,147.81,144.56,DELAY_LATE_AIRCRAFT|DELAY_CARRIER|DELAY_NAS
LAX,9,69210,-3.7,-11.14,6930,30.78,23.09,3395,153.18,146.11,DELAY_LATE_AIRCRAFT|DELAY_CARRIER|DELAY_NAS
LAX,10,73320,-3.79,-9.64,7365,29.9,24.23,3265,140.99,136.26,DELAY_CARRIER|DELAY_LATE_AIRCRAFT|DELAY_NAS
LAX,11,67670,-3.43,-13.53,7275,30.95,19.87,3510,137.99,130.51,DELAY_CARRIER|DELAY_LATE_AIRCRAFT|DELAY_NAS
LAX,12,67265,-2.95,-10.66,9710,31.38,23.06,5000,140.38,134.56,DELAY_CARRIER|DELAY_LATE_AIRCRAFT|DELAY_NAS
LBB,1,1795,-5.39,-11.32,255,31.75,23.98,240,166.96,162.94,DELAY_LATE_AIRCRAFT|CANC_WEATHER|DELAY_NAS
LBB,2,1945,-5.28,-10.36,165,30.97,26.36,90,115.61,115.67,DELAY_NAS|DELAY_CARRIER|DELAY_LATE_AIRCRAFT
LBB,3,2265,-5.52,-8.76,265,32.15,29.94,140,266.29,264.29,DELAY_LATE_AIRCRAFT|DELAY_NAS|DELAY_CARRIER
LBB,4,1950,-4.49,-7.6,310,33.32,28.81,125,166.6,165.84,DELAY_LATE_AIRCRAFT|DELAY_NAS|DELAY_CARRIER
LBB,5,2000,-3.42,-8.68,335,36.85,34.43,280,200.62,197.86,DELAY_LATE_AIRCRAFT|DELAY_CARRIER|DELAY_NAS
LBB,6,2035,-4.18,-7.15,270,31.54,27.65,185,186.62,183.76,DELAY_LATE_AIRCRAFT|DELAY_CARRIER|DELAY_NAS
LBB,7,2145,-4.27,-7.79,295,31.34,27.76,155,151.61,150.61,DELAY_LATE_AIRCRAFT|DELAY_CARRIER|DELAY_NAS
LBB,8,2425,-5.13,-8.95,180,34.28,27.78,105,178.52,178.95,DELAY_LATE_AIRCRAFT|DELAY_CARRIER|DELAY_NAS
LBB,9,2280,-5.01,-8.38,235,33.26,32.98,60,97.75,92.08,DELAY_LATE_AIRCRAFT|DELAY_NAS|DELAY_CARRIER
LBB,10,2325,-4.58,-9.06,180,33.25,25.92,100,191.8,189.45,DELAY_LATE_AIRCRAFT|DELAY_NAS|DELAY_CARRIER
LBB,11,2005,-3.23,-8.77,285,32.21,29.14,185,149.95,150.43,DELAY_LATE_AIRCRAFT|DELAY_CARRIER|DELAY_NAS
LBB,12,2255,-3.45,-11.06,310,32.85,25.06,245,148.02,148.9,DELAY_LATE_AIRCRAFT|DELAY_CARRIER|DELAY_NAS
LBE,1,125,-5.88,-11.56,10,28.5,36.0,15,133.0,129.67,DELAY_LATE_AIRCRAFT|DELAY_NAS|CANC_WEATHER
LBE,2,95,-2.74,-17.21,40,31.38,24.38,10,77.0,61.0,DELAY_LATE_AIRCRAFT|DELAY_CARRIER|DELAY_NAS
LBE,3,105,-3.86,-13.05,40,27.5,40.75,5,86.0,93.0,DELAY_NAS|CANC_WEATHER|DELAY_LATE_AIRCRAFT
LBE,4,215,-9.47,-20.14,30,32.5,25.17,10,429.0,416.0,DELAY_NAS|DELAY_CARRIER|DELAY_LATE_AIRCRAFT
LBE,5,245,-6.33,-14.84,40,33.25,21.12,20,123.75,113.75,DELAY_NAS|DELAY_LATE_AIRCRAFT|DELAY_CARRIER
LBE,6,260,-6.83,-16.87,30,25.5,17.33,10,125.0,116.0,DELAY_LATE_AIRCRAFT|DELAY_CARRIER|DELAY_NAS
LBE,7,215,-6.65,-13.44,50,35.0,27.0,35,92.29,80.57,DELAY_CARRIER|DELAY_LATE_AIRCRAFT|DELAY_NAS
LBE,8,185,-9.05,-15.92,15,31.0,17.33,15,102.33,98.0,CANC_WEATHER|DELAY_CARRIER|DELAY_LATE_AIRCRAFT
LBE,9,270,-10.39,-18.19,5,25.0,13.0,25,128.2,120.8,DELAY_LATE_AIRCRAFT|CANC_CARRIER
LBE,10,340,-10.56,-19.28,10,36.5,31.5,0,,,CANC_WEATHER|CANC_NAS|DELAY_CARRIER
LBE,11,165,-7.0,-23.61,5,34.0,54.0,15,152.67,136.33,DELAY_NAS|DELAY_LATE_AIRCRAFT|CANC_CARRIER
LBE,12,125,-3.88,-21.64,10,33.0,11.5,15,102.0,98.0,DELAY_NAS|CANC_NAS|DELAY_WEATHER
LBF,1,205,-5.98,-10.85,20,29.0,23.0,25,346.0,352.2,DELAY_LATE_AIRCRAFT|DELAY_CARRIER|DELAY_NAS
LBF,2,225,-7.49,-14.56,10,47.5,37.0,5,62.0,116.0,DELAY_CARRIER|CANC_WEATHER|DELAY_LATE_AIRCRAFT
LBF,3,220,-7.75,-14.39,20,24.5,18.5,10,693.5,688.5,CANC_WEATHER|DELAY_WEATHER|DELAY_NAS
LBF,4,225,-8.78,-3.67,25,20.4,23.6,10,68.0,67.0,DELAY_CARRIER|DELAY_NAS
LBF,5,250,-9.54,-6.82,5,43.0,41.0,5,815.0,821.0,DELAY_NAS|CANC_WEATHER|DELAY_CARRIER
LBF,6,205,-9.63,-2.37,25,29.2,27.8,20,142.75,143.0,DELAY_LATE_AIRCRAFT|DELAY_CARRIER|CANC_WEATHER
LBF,7,235,-8.87,-4.09,10,27.5,24.5,15,92.0,109.33,DELAY_CARRIER|DELAY_LATE_AIRCRAFT|DELAY_WEATHER
LBF,8,235,-7.4,-1.6,15,39.0,46.67,20,87.0,81.75,DELAY_LATE_AIRCRAFT|DELAY_NAS|DELAY_CARRIER
LBF,9,215,-7.77,-5.16,25,35.8,34.6,20,320.0,318.25,DELAY_LATE_AIRCRAFT|DELAY_CARRIER|DELAY_NAS
LBF,10,245,-7.76,-8.14,15,31.67,29.0,0,,,DELAY_CARRIER|DELAY_LATE_AIRCRAFT
LBF,11,220,-7.7,-12.02,15,32.67,28.33,20,172.75,165.0,DELAY_CARRIER|DELAY_LATE_AIRCRAFT|CANC_WEATHER
LBF,12,235,-9.23,-17.6,15,24.0,14.67,15,183.0,166.67,DELAY_CARRIER|DELAY_LATE_AIRCRAFT
LBL,1,40,-5.25,-15.12,5,26.0,34.0,0,,,CANC_WEATHER|DELAY_CARRIER
LBL,2,125,-8.84,-13.72,15,40.0,38.67,10,317.0,309.5,DELAY_LATE_AIRCRAFT|DELAY_CARRIER
LBL,3,220,-7.86,-11.5,25,21.4,24.8,5,195.0,212.0,DELAY_LATE_AIRCRAFT|CANC_WEATHER|DELAY_NAS
LBL,4,230,-7.35,-10.41,15,22.67,20.0,10,281.5,279.0,DELAY_CARRIER|DELAY_WEATHER|DELAY_LATE_AIRCRAFT
LBL,5,205,-8.07,-11.54,15,32.0,26.33,45,212.89,211.89,DELAY_LATE_AIRCRAFT|DELAY_CARRIER|DELAY_NAS
LBL,6,215,-5.44,-8.84,20,27.0,22.25,15,458.67,487.0,DELAY_CARRIER|DELAY_LATE_AIRCRAFT|CANC_WEATHER
LBL,7,185,-8.38,-12.84,30,26.33,20.17,10,106.0,107.0,CANC_NAS|DELAY_CARRIER|DELAY_LATE_AIRCRAFT
LBL,8,170,-6.24,-11.12,50,36.6,31.9,40,169.0,167.38,DELAY_CARRIER|DELAY_LATE_AIRCRAFT|CANC_NAS
LBL,9,205,-8.12,-13.1,35,27.57,21.71,15,137.0,128.0,DELAY_LATE_AIRCRAFT|DELAY_CARRIER|CANC_NAS
LBL,10,225,-9.49,-15.2,30,37.17,36.5,10,113.5,101.5,DELAY_LATE_AIRCRAFT|DELAY_WEATHER|DELAY_CARRIER
LBL,11,200,-8.35,-12.0,25,39.4,47.2,15,80.67,79.0,DELAY_LATE_AIRCRAFT|CANC_WEATHER|DELAY_CARRIER
LBL,12,245,-8.73,-11.16,5,50.0,45.0,15,133.33,122.67,DELAY_CARRIER|DELAY_LATE_AIRCRAFT|DELAY_WEATHER
LCH,1,365,-7.7,-2.38,20,28.75,25.25,55,326.27,327.27,DELAY_CARRIER|CANC_WEATHER|DELAY_LATE_AIRCRAFT
LCH,2,370,-7.55,-3.82,30,33.0,30.67,35,231.71,224.29,DELAY_CARRIER|DELAY_LATE_AIRCRAFT|DELAY_WEATHER
LCH,3,390,-6.94,-9.28,15,34.67,26.0,30,274.83,273.17,DELAY_CARRIER|DELAY_WEATHER|CANC_WEATHER
LCH,4,360,-7.53,-16.0,15,29.33,25.0,50,186.3,187.7,DELAY_CARRIER|CANC_WEATHER|DELAY_NAS
LCH,5,310,-5.98,-12.76,40,31.0,27.75,85,304.88,310.24,DELAY_WEATHER|DELAY_LATE_AIRCRAFT|DELAY_CARRIER
LCH,6,370,-8.16,-14.57,25,39.8,29.6,55,166.73,171.73,DELAY_CARRIER|DELAY_WEATHER|DELAY_LATE_AIRCRAFT
LCH,7,360,-5.14,-9.06,50,33.5,27.3,45,156.67,159.0,DELAY_LATE_AIRCRAFT|DELAY_CARRIER|DELAY_NAS
LCH,8,395,-7.78,-13.77,30,45.67,35.83,35,199.43,192.86,DELAY_CARRIER|DELAY_LATE_AIRCRAFT|DELAY_WEATHER
LCH,9,355,-5.7,-6.06,50,26.8,22.7,45,233.22,225.89,DELAY_CARRIER|DELAY_LATE_AIRCRAFT|DELAY_NAS
LCH,10,365,-6.99,-12.12,50,34.8,25.8,45,203.11,192.11,DELAY_CARRIER|DELAY_LATE_AIRCRAFT|DELAY_WEATHER
LCH,11,325,-7.08,-11.25,30,37.17,27.67,55,178.82,169.64,DELAY_CARRIER|CANC_WEATHER|DELAY_WEATHER
LCH,12,355,-7.79,-10.62,45,34.56,33.56,40,160.5,162.75,DELAY_CARRIER|DELAY_LATE_AIRCRAFT|DELAY_WEATHER
LCK,1,235,-6.23,-15.36,35,36.0,30.14,15,84.0,93.33,DELAY_LATE_AIRCRAFT|DELAY_CARRIER|DELAY_NAS
LCK,2,225,-6.36,-12.67,30,23.67,13.5,20,84.0,76.25,DELAY_LATE_AIRCRAFT|DELAY_CARRIER|DELAY_NAS
LCK,3,280,-7.82,-14.86,75,27.6,20.87,55,113.45,116.91,DELAY_LATE_AIRCRAFT|DELAY_NAS|CANC_NAS
LCK,4,285,-8.23,-17.16,35,29.71,19.29,30,164.83,168.0,DELAY_LATE_AIRCRAFT|DELAY_CARRIER|CANC_NAS
LCK,5,335,-7.24,-12.49,45,28.11,23.78,45,304.67,300.22,DELAY_LATE_AIRCRAFT|DELAY_CARRIER|DELAY_WEATHER
LCK,6,515,-6.53,-8.79,110,35.82,38.45,45,126.67,126.33,DELAY_LATE_AIRCRAFT|DELAY_NAS|DELAY_CARRIER
LCK,7,465,-7.29,-2.51,85,33.18,35.94,80,175.75,178.88,DELAY_LATE_AIRCRAFT|DELAY_CARRIER|DELAY_NAS
LCK,8,290,-7.57,-7.57,70,34.43,33.71,70,115.36,117.0,DELAY_LATE_AIRCRAFT|CANC_NAS|DELAY_NAS
LCK,9,220,-9.52,-13.77,50,31.6,33.7,40,138.88,135.62,DELAY_LATE_AIRCRAFT|DELAY_CARRIER|CANC_WEATHER
LCK,10,260,-7.08,-10.02,20,35.0,33.0,10,107.5,107.5,DELAY_LATE_AIRCRAFT|CANC_WEATHER|CANC_CARRIER
LCK,11,205,-3.73,-9.27,35,41.43,27.71,15,86.67,77.33,DELAY_LATE_AIRCRAFT|DELAY_NAS
LCK,12,190,-6.29,-12.08,55,31.55,32.09,85,204.76,204.29,DELAY_LATE_AIRCRAFT|DELAY_CARRIER|DELAY_NAS
LEX,1,2430,-5.19,-10.28,335,32.72,32.6,320,185.41,182.45,DELAY_LATE_AIRCRAFT|DELAY_NAS|DELAY_CARRIER
LEX,2,2720,-5.05,-13.63,295,32.22,22.69,110,194.32,183.09,DELAY_CARRIER|DELAY_LATE_AIRCRAFT|DELAY_NAS
LEX,3,3290,-5.29,-11.13,350,31.8,23.59,210,183.21,175.86,DELAY_LATE_AIRCRAFT|DELAY_NAS|DELAY_CARRIER
LEX,4,3390,-5.02,-9.5,280,28.25,26.14,200,155.82,149.25,DELAY_LATE_AIRCRAFT|DELAY_NAS|DELAY_CARRIER
LEX,5,2925,-3.99,-9.68,445,34.03,29.09,410,152.13,157.73,DELAY_LATE_AIRCRAFT|DELAY_NAS|DELAY_CARRIER
LEX,6,3190,-3.83,-11.18,500,30.2,23.98,330,223.85,220.76,DELAY_LATE_AIRCRAFT|DELAY_CARRIER|DELAY_NAS
LEX,7,2965,-4.76,-10.1,550,31.21,29.21,585,171.95,169.73,DELAY_LATE_AIRCRAFT|DELAY_CARRIER|DELAY_NAS
LEX,8,3125,-5.31,-10.16,425,32.76,31.45,305,167.05,160.74,DELAY_LATE_AIRCRAFT|DELAY_NAS|DELAY_CARRIER
LEX,9,3275,-5.15,-10.23,455,31.16,25.04,175,149.43,150.11,DELAY_LATE_AIRCRAFT|DELAY_CARRIER|DELAY_NAS
LEX,10,3550,-5.23,-10.77,345,30.2,21.41,145,150.86,142.21,DELAY_NAS|DELAY_LATE_AIRCRAFT|DELAY_CARRIER
LEX,11,3410,-6.11,-12.72,240,32.25,24.65,140,153.68,160.32,DELAY_CARRIER|DELAY_NAS|DELAY_LATE_AIRCRAFT
LEX,12,2860,-4.17,-12.04,420,32.19,27.77,265,211.49,203.85,DELAY_LATE_AIRCRAFT|DELAY_NAS|DELAY_CARRIER
LFT,1,740,-4.11,-7.64,120,32.33,28.08,140,185.43,191.5,DELAY_LATE_AIRCRAFT|DELAY_WEATHER|CANC_WEATHER
LFT,2,895,-5.19,-7.09,120,30.62,23.25,45,133.0,129.89,DELAY_LATE_AIRCRAFT|DELAY_WEATHER|DELAY_CARRIER
LFT,3,1375,-5.44,-10.49,135,32.63,26.93,110,174.68,172.27,DELAY_CARRIER|DELAY_LATE_AIRCRAFT|DELAY_NAS
LFT,4,1120,-4.92,-6.6,70,34.86,39.36,115,166.13,176.48,DELAY_LATE_AIRCRAFT|DELAY_NAS|DELAY_WEATHER
LFT,5,875,-4.24,-6.55,130,28.35,28.12,145,191.97,190.62,DELAY_LATE_AIRCRAFT|DELAY_NAS|DELAY_CARRIER
LFT,6,1050,-4.23,-9.5,140,30.25,27.0,150,208.6,204.57,DELAY_CARRIER|DELAY_LATE_AIRCRAFT|DELAY_NAS
LFT,7,1075,-3.79,-7.66,215,32.05,27.95,225,196.44,195.78,DELAY_CARRIER|DELAY_LATE_AIRCRAFT|DELAY_WEATHER
LFT,8,1260,-5.92,-13.08,140,33.89,28.0,100,194.35,188.1,DELAY_CARRIER|DELAY_LATE_AIRCRAFT|DELAY_WEATHER
LFT,9,960,-5.28,-8.89,125,28.56,26.36,70,269.86,266.43,DELAY_LATE_AIRCRAFT|DELAY_CARRIER|CANC_WEATHER
LFT,10,1230,-5.25,-13.05,90,28.56,18.39,95,151.84,142.74,DELAY_CARRIER|DELAY_LATE_AIRCRAFT|DELAY_NAS
LFT,11,1180,-5.55,-11.55,105,33.71,25.62,110,192.36,191.77,DELAY_LATE_AIRCRAFT|DELAY_CARRIER|DELAY_WEATHER
LFT,12,1215,-4.5,-8.54,95,29.47,23.11,115,181.35,188.09,DELAY_NAS|DELAY_LATE_AIRCRAFT|DELAY_CARRIER
LGA,1,47635,-4.24,-15.19,7230,32.68,27.39,5565,144.43,147.52,DELAY_LATE_AIRCRAFT|DELAY_NAS|DELAY_CARRIER
LGA,2,53025,-4.64,-18.79,5470,31.09,17.24,3340,149.09,135.97,DELAY_LATE_AIRCRAFT|DELAY_NAS|DELAY_CARRIER
LGA,3,55220,-4.44,-17.32,7085,32.5,20.82,4170,133.32,123.7,DELAY_LATE_AIRCRAFT|DELAY_CARRIER|DELAY_NAS
LGA,4,56035,-4.53,-14.78,6335,31.71,23.07,4105,153.11,146.16,DELAY_LATE_AIRCRAFT|DELAY_CARRIER|DELAY_NAS
LGA,5,54885,-4.2,-12.03,7800,31.76,27.07,6305,143.63,142.46,DELAY_LATE_AIRCRAFT|DELAY_NAS|DELAY_CARRIER
LGA,6,51150,-4.0,-13.57,7880,32.87,27.99,6165,157.49,153.26,DELAY_LATE_AIRCRAFT|DELAY_NAS|DELAY_CARRIER
LGA,7,49445,-3.5,-10.0,9395,32.91,31.12,8690,155.06,152.15,DELAY_LATE_AIRCRAFT|DELAY_NAS|DELAY_CARRIER
LGA,8,49740,-3.57,-10.35,8090,32.11,30.67,7115,160.34,157.87,DELAY_NAS|DELAY_LATE_AIRCRAFT|DELAY_CARRIER
LGA,9,60080,-5.24,-13.64,4920,30.94,23.01,2330,134.37,126.11,DELAY_CARRIER|DELAY_LATE_AIRCRAFT|DELAY_NAS
LGA,10,62430,-4.99,-15.42,5315,30.54,21.05,2485,148.12,139.88,DELAY_CARRIER|DELAY_LATE_AIRCRAFT|DELAY_NAS
LGA,11,58895,-4.91,-14.97,5270,31.06,19.78,2505,120.75,109.29,DELAY_LATE_AIRCRAFT|DELAY_CARRIER|DELAY_NAS
LGA,12,50440,-3.3,-11.52,9225,32.24,25.26,4990,131.44,125.92,DELAY_LATE_AIRCRAFT|DELAY_CARRIER|DELAY_NAS
LGB,1,6055,-2.1,-6.47,895,29.32,24.98,345,104.33,102.42,DELAY_LATE_AIRCRAFT|DELAY_CARRIER|DELAY_NAS
LGB,2,5745,-1.3,-8.77,870,28.7,20.91,290,103.34,94.62,DELAY_LATE_AIRCRAFT|DELAY_NAS|DELAY_CARRIER
LGB,3,6130,-1.08,-6.77,985,29.8,25.05,330,110.95,104.68,DELAY_LATE_AIRCRAFT|DELAY_CARRIER|DELAY_NAS
LGB,4,6160,-1.4,-8.51,900,29.52,21.46,275,113.27,103.85,DELAY_LATE_AIRCRAFT|DELAY_NAS|DELAY_CARRIER
LGB,5,6030,-0.83,-9.34,1160,30.7,22.64,375,122.91,117.51,DELAY_LATE_AIRCRAFT|DELAY_CARRIER|DELAY_NAS
LGB,6,6115,-0.41,-8.11,1000,30.75,23.3,285,121.42,113.72,DELAY_LATE_AIRCRAFT|DELAY_CARRIER|DELAY_NAS
LGB,7,5895,-1.05,-8.03,1355,30.15,23.65,395,112.84,105.51,DELAY_LATE_AIRCRAFT|DELAY_CARRIER|DELAY_NAS
LGB,8,6395,-2.47,-7.57,610,30.77,26.93,200,109.7,104.17,DELAY_LATE_AIRCRAFT|DELAY_NAS|DELAY_CARRIER
LGB,9,6030,-2.48,-9.32,630,28.54,21.95,230,131.87,125.83,DELAY_LATE_AIRCRAFT|DELAY_CARRIER|DELAY_NAS
LGB,10,6200,-2.62,-9.53,750,31.28,23.89,370,115.49,107.42,DELAY_LATE_AIRCRAFT|DELAY_CARRIER|DELAY_NAS
LGB,11,6500,-3.34,-12.02,580,30.97,21.66,185,112.08,102.3,DELAY_LATE_AIRCRAFT|DELAY_CARRIER|DELAY_NAS
LGB,12,5775,-2.33,-9.81,1010,31.3,25.13,595,132.24,124.8,DELAY_LATE_AIRCRAFT|DELAY_CARRIER|DELAY_NAS
LIH,1,5155,-2.4,-5.85,1075,29.8,27.67,330,171.8,158.83,DELAY_LATE_AIRCRAFT|DELAY_NAS|DELAY_CARRIER
LIH,2,5230,-2.13,-7.53,650,29.58,18.66,130,197.04,181.77,DELAY_LATE_AIRCRAFT|DELAY_CARRIER|DELAY_NAS
LIH,3,6035,-3.06,-7.72,550,25.85,21.15,75,164.87,154.67,DELAY_LATE_AIRCRAFT|DELAY_CARRIER|DELAY_NAS
LIH,4,5605,-3.44,-8.12,570,29.98,25.12,165,166.15,163.33,DELAY_LATE_AIRCRAFT|DELAY_CARRIER|DELAY_NAS
LIH,5,5635,-3.02,-5.58,700,29.18,27.98,235,128.26,124.66,DELAY_LATE_AIRCRAFT|DELAY_CARRIER|CANC_CARRIER
LIH,6,6115,-2.99,-5.7,570,27.46,26.11,195,112.97,109.64,DELAY_LATE_AIRCRAFT|DELAY_CARRIER|DELAY_NAS
LIH,7,6330,-2.86,-5.36,700,31.72,29.55,165,154.0,151.55,DELAY_LATE_AIRCRAFT|DELAY_CARRIER|DELAY_NAS
LIH,8,6335,-3.43,-10.39,440,31.26,22.83,115,190.87,185.61,DELAY_LATE_AIRCRAFT|DELAY_CARRIER|CANC_CARRIER
LIH,9,5770,-3.87,-7.92,405,28.77,23.8,80,243.12,238.31,DELAY_LATE_AIRCRAFT|DELAY_CARRIER|DELAY_NAS
LIH,10,5945,-3.43,-8.02,445,26.1,22.37,85,110.12,104.65,DELAY_LATE_AIRCRAFT|DELAY_CARRIER|DELAY_NAS
LIH,11,5885,-4.3,-8.86,350,32.67,24.19,105,103.62,96.33,DELAY_LATE_AIRCRAFT|DELAY_CARRIER|DELAY_NAS
LIH,12,6060,-3.5,-8.24,555,29.41,23.76,170,156.47,147.47,DELAY_LATE_AIRCRAFT|DELAY_CARRIER|DELAY_NAS
LIT,1,3340,-3.71,-6.06,600,33.12,28.27,430,149.17,154.14,DELAY_LATE_AIRCRAFT|DELAY_NAS|DELAY_CARRIER
LIT,2,3840,-4.86,-8.6,310,31.23,26.03,130,185.5,176.77,DELAY_LATE_AIRCRAFT|DELAY_NAS|DELAY_CARRIER
LIT,3,4095,-4.42,-9.69,445,31.79,26.46,330,131.92,129.0,DELAY_LATE_AIRCRAFT|DELAY_NAS|DELAY_CARRIER
LIT,4,4400,-3.59,-8.97,580,28.03,23.41,375,185.69,186.89,DELAY_LATE_AIRCRAFT|DELAY_CARRIER|DELAY_NAS
LIT,5,3760,-1.94,-6.63,955,31.31,28.34,690,149.51,157.36,DELAY_LATE_AIRCRAFT|DELAY_CARRIER|DELAY_NAS
LIT,6,4280,-2.38,-5.99,830,31.14,27.43,535,161.35,161.43,DELAY_LATE_AIRCRAFT|DELAY_CARRIER|DELAY_NAS
LIT,7,4095,-1.63,-4.43,1090,32.03,31.93,640,158.96,158.51,DELAY_LATE_AIRCRAFT|DELAY_NAS|DELAY_CARRIER
LIT,8,4570,-3.68,-8.9,600,30.98,27.06,315,160.3,156.44,DELAY_LATE_AIRCRAFT|DELAY_NAS|DELAY_CARRIER
LIT,9,4440,-3.99,-8.88,555,30.75,24.66,280,160.64,156.38,DELAY_LATE_AIRCRAFT|DELAY_CARRIER|DELAY_NAS
LIT,10,5195,-3.52,-9.07,455,30.53,24.21,230,201.76,195.65,DELAY_CARRIER|DELAY_LATE_AIRCRAFT|DELAY_NAS
LIT,11,4515,-4.14,-9.23,450,32.88,30.22,180,165.61,168.08,DELAY_LATE_AIRCRAFT|DELAY_CARRIER|DELAY_NAS
LIT,12,3955,-2.88,-8.59,665,30.59,26.02,350,137.11,138.17,DELAY_LATE_AIRCRAFT|DELAY_CARRIER|DELAY_NAS
LNK,1,135,-1.3,-4.04,45,23.89,26.44,45,160.44,172.67,DELAY_LATE_AIRCRAFT|DELAY_NAS|CANC_WEATHER
LNK,2,235,-7.77,-15.45,30,20.33,9.5,10,71.5,62.0,DELAY_CARRIER
LNK,3,190,-6.11,-13.68,15,36.67,22.33,10,282.5,265.5,DELAY_CARRIER|DELAY_LATE_AIRCRAFT|DELAY_NAS
LNK,4,360,-4.82,-9.04,40,42.5,36.88,50,350.4,342.9,DELAY_CARRIER|DELAY_LATE_AIRCRAFT|DELAY_WEATHER
LNK,5,425,-5.04,-9.15,105,33.71,34.95,100,197.1,192.95,DELAY_CARRIER|DELAY_LATE_AIRCRAFT|DELAY_NAS
LNK,6,875,-5.82,-10.11,95,34.05,26.16,75,162.07,158.07,DELAY_CARRIER|DELAY_LATE_AIRCRAFT|DELAY_NAS
LNK,7,860,-6.47,-9.86,100,32.7,27.65,115,153.61,147.48,DELAY_CARRIER|DELAY_LATE_AIRCRAFT|DELAY_NAS
LNK,8,815,-5.61,-9.52,165,36.21,28.67,90,205.78,204.44,DELAY_CARRIER|DELAY_LATE_AIRCRAFT|DELAY_NAS
LNK,9,925,-6.2,-14.53,70,36.14,21.43,75,217.4,203.0,DELAY_CARRIER|DELAY_LATE_AIRCRAFT|DELAY_NAS
LNK,10,1100,-6.6,-12.99,50,37.6,27.7,50,133.2,113.1,DELAY_CARRIER|DELAY_WEATHER|DELAY_LATE_AIRCRAFT
LNK,11,970,-5.83,-12.81,80,31.62,20.88,55,126.55,115.09,DELAY_CARRIER|DELAY_LATE_AIRCRAFT|CANC_WEATHER
LNK,12,705,-5.82,-11.3,75,33.13,22.87,75,155.73,137.27,DELAY_CARRIER|DELAY_LATE_AIRCRAFT|DELAY_NAS
LRD,1,480,-4.75,-6.82,75,22.87,24.13,80,152.88,145.5,DELAY_LATE_AIRCRAFT|DELAY_NAS|DELAY_CARRIER
LRD,2,535,-6.05,-5.29,60,32.42,34.17,10,150.0,150.5,DELAY_LATE_AIRCRAFT|DELAY_NAS|DELAY_CARRIER
LRD,3,510,-4.2,-3.52,60,30.08,30.5,55,129.64,128.09,DELAY_LATE_AIRCRAFT|DELAY_NAS|CANC_WEATHER
LRD,4,610,-5.62,-8.02,45,37.11,30.67,90,142.5,143.5,DELAY_LATE_AIRCRAFT|DELAY_NAS|DELAY_CARRIER
LRD,5,530,-3.36,-3.93,95,35.42,33.0,125,224.28,231.2,DELAY_LATE_AIRCRAFT|DELAY_NAS|CANC_WEATHER
LRD,6,590,-3.07,-4.29,155,30.87,29.68,55,109.91,105.09,DELAY_LATE_AIRCRAFT|DELAY_CARRIER|DELAY_NAS
LRD,7,630,-3.32,-2.17,120,33.33,32.67,100,209.1,207.0,DELAY_LATE_AIRCRAFT|DELAY_NAS|DELAY_CARRIER
LRD,8,710,-6.8,-9.07,75,32.07,30.93,25,156.8,153.6,DELAY_LATE_AIRCRAFT|DELAY_NAS|DELAY_CARRIER
LRD,9,630,-4.54,-7.4,50,35.4,30.3,25,388.2,383.0,DELAY_LATE_AIRCRAFT|DELAY_NAS|DELAY_CARRIER
LRD,10,675,-5.96,-11.3,40,28.38,24.12,40,136.25,132.88,DELAY_LATE_AIRCRAFT|DELAY_CARRIER|DELAY_NAS
LRD,11,630,-6.05,-8.84,45,25.22,17.56,60,128.58,126.67,DELAY_LATE_AIRCRAFT|DELAY_NAS|DELAY_CARRIER
LRD,12,650,-4.37,-5.25,75,24.8,19.33,60,197.33,201.17,DELAY_LATE_AIRCRAFT|DELAY_NAS|CANC_WEATHER
LSE,1,10,-2.0,-15.5,10,28.5,5.5,5,113.0,99.0,CANC_WEATHER|DELAY_CARRIER
LSE,2,20,-6.0,-20.0,0,,,0,,,N/D
LSE,5,190,-2.79,-5.24,20,37.5,35.25,30,145.33,149.17,DELAY_LATE_AIRCRAFT|DELAY_NAS|DELAY_CARRIER
LSE,6,60,-3.75,-11.42,5,15.0,16.0,0,,,DELAY_LATE_AIRCRAFT
LSE,7,195,-3.72,-4.03,35,25.0,21.43,20,158.0,150.75,DELAY_LATE_AIRCRAFT|DELAY_CARRIER|DELAY_NAS
LSE,8,150,-2.63,-5.2,10,30.5,23.5,10,227.5,221.0,DELAY_CARRIER|DELAY_NAS|CANC_WEATHER
LSE,9,310,-4.82,-4.05,30,36.83,47.5,15,81.33,86.33,DELAY_NAS|DELAY_LATE_AIRCRAFT|DELAY_CARRIER
LSE,10,185,-6.14,-6.92,5,17.0,17.0,10,95.5,88.0,DELAY_CARRIER|DELAY_NAS|DELAY_LATE_AIRCRAFT
LSE,11,235,-4.57,-14.17,10,24.0,19.5,10,581.5,584.5,DELAY_LATE_AIRCRAFT|DELAY_NAS|CANC_CARRIER
LSE,12,40,-3.62,-9.12,5,15.0,26.0,0,,,DELAY_LATE_AIRCRAFT
LWS,1,325,-3.42,-2.48,55,33.82,21.36,70,233.43,231.0,DELAY_CARRIER|DELAY_LATE_AIRCRAFT|CANC_WEATHER
LWS,2,370,-3.78,-10.2,20,27.0,26.0,40,231.88,225.62,DELAY_CARRIER|DELAY_LATE_AIRCRAFT|DELAY_WEATHER
LWS,3,425,-4.22,-4.05,15,39.33,31.0,15,220.67,221.33,DELAY_CARRIER|DELAY_LATE_AIRCRAFT|CANC_WEATHER
LWS,4,415,-4.75,-6.82,15,24.67,14.67,20,120.25,108.5,DELAY_CARRIER|DELAY_WEATHER
LWS,5,425,-3.76,-7.64,30,27.5,26.0,10,376.5,365.0,DELAY_CARRIER|DELAY_WEATHER
LWS,6,405,-3.26,-11.96,20,18.75,1.75,25,243.2,224.2,DELAY_CARRIER
LWS,7,415,-2.64,-9.43,35,34.14,23.29,15,447.0,437.67,DELAY_CARRIER|DELAY_WEATHER
LWS,8,420,-4.31,-9.82,30,25.17,19.17,15,104.33,100.33,DELAY_CARRIER|DELAY_NAS|DELAY_WEATHER
LWS,9,405,-4.21,-7.28,25,35.6,33.2,20,351.0,342.5,DELAY_CARRIER|DELAY_LATE_AIRCRAFT|DELAY_NAS
LWS,10,415,-4.14,-6.06,40,26.12,20.5,10,269.0,258.0,DELAY_CARRIER|DELAY_NAS|DELAY_SECURITY
LWS,11,420,-4.3,-6.18,30,27.33,16.5,0,,,DELAY_CARRIER|DELAY_WEATHER
LWS,12,415,-3.49,-7.35,5,57.0,89.0,40,290.75,283.12,DELAY_CARRIER|DELAY_WEATHER|CANC_WEATHER
MAF,1,2790,-4.41,-8.12,330,34.17,30.76,230,139.85,140.59,DELAY_LATE_AIRCRAFT|DELAY_CARRIER|DELAY_NAS
MAF,2,2900,-4.76,-8.28,195,31.03,26.28,80,169.25,162.81,DELAY_CARRIER|DELAY_LATE_AIRCRAFT|DELAY_NAS
MAF,3,3065,-3.91,-8.18,290,31.69,28.26,185,148.19,142.46,DELAY_LATE_AIRCRAFT|DELAY_NAS|DELAY_CARRIER
MAF,4,3460,-4.95,-9.57,345,35.1,31.42,275,150.93,148.27,DELAY_LATE_AIRCRAFT|DELAY_NAS|DELAY_CARRIER
MAF,5,2845,-2.19,-5.85,670,32.96,31.9,550,174.82,176.1,DELAY_LATE_AIRCRAFT|DELAY_CARRIER|DELAY_NAS
MAF,6,3015,-3.18,-5.92,675,31.36,30.92,415,136.13,134.45,DELAY_CARRIER|DELAY_LATE_AIRCRAFT|DELAY_NAS
MAF,7,2985,-2.93,-5.32,645,31.16,28.43,370,140.26,136.64,DELAY_LATE_AIRCRAFT|DELAY_CARRIER|DELAY_NAS
MAF,8,3580,-4.65,-7.46,370,29.86,27.11,220,155.05,149.93,DELAY_LATE_AIRCRAFT|DELAY_CARRIER|DELAY_NAS
MAF,9,3380,-4.82,-9.22,370,32.54,26.92,125,157.16,149.6,DELAY_CARRIER|DELAY_LATE_AIRCRAFT|DELAY_NAS
MAF,10,3720,-5.09,-9.26,270,31.35,24.94,135,161.48,154.48,DELAY_CARRIER|DELAY_LATE_AIRCRAFT|DELAY_NAS
MAF,11,3575,-4.88,-10.57,295,32.2,28.73,180,136.42,128.33,DELAY_LATE_AIRCRAFT|DELAY_CARRIER|DELAY_NAS
MAF,12,3460,-4.39,-9.51,370,29.74,24.95,270,161.76,158.59,DELAY_CARRIER|DELAY_LATE_AIRCRAFT|DELAY_NAS
MBS,1,410,-4.44,-9.32,110,36.95,43.45,190,146.61,145.11,DELAY_CARRIER|CANC_WEATHER|DELAY_WEATHER
MBS,2,720,-6.61,-16.33,30,34.33,39.17,45,231.11,223.0,DELAY_CARRIER|DELAY_LATE_AIRCRAFT|DELAY_WEATHER
MBS,3,780,-5.99,-10.85,35,26.86,33.43,45,210.78,199.67,DELAY_CARRIER|DELAY_LATE_AIRCRAFT|DELAY_NAS
MBS,4,735,-7.16,-12.05,45,37.0,34.78,55,134.45,134.64,DELAY_CARRIER|DELAY_LATE_AIRCRAFT|DELAY_NAS
MBS,5,680,-6.24,-9.54,85,36.53,33.12,110,127.68,127.09,DELAY_CARRIER|DELAY_LATE_AIRCRAFT|DELAY_NAS
MBS,6,760,-5.16,-8.12,65,31.85,32.23,110,176.23,173.45,DELAY_CARRIER|DELAY_WEATHER|CANC_WEATHER
MBS,7,760,-5.65,-9.89,115,34.26,28.91,105,121.14,121.52,DELAY_CARRIER|DELAY_LATE_AIRCRAFT|DELAY_WEATHER
MBS,8,805,-4.52,-7.53,85,33.94,30.18,100,176.35,174.9,DELAY_CARRIER|DELAY_LATE_AIRCRAFT|DELAY_NAS
MBS,9,855,-6.87,-10.7,65,36.69,29.15,40,124.62,122.38,DELAY_CARRIER|DELAY_LATE_AIRCRAFT|DELAY_NAS
MBS,10,855,-5.78,-9.51,90,28.39,25.22,80,183.06,177.38,DELAY_CARRIER|DELAY_LATE_AIRCRAFT|DELAY_WEATHER
MBS,11,795,-5.47,-10.18,70,32.21,24.14,90,145.28,141.78,DELAY_CARRIER|DELAY_WEATHER|DELAY_NAS
MBS,12,675,-3.27,-5.45,155,31.74,31.23,125,148.92,149.0,DELAY_CARRIER|DELAY_LATE_AIRCRAFT|DELAY_WEATHER
MCI,1,13705,-2.37,-4.38,2775,30.84,31.85,1450,158.1,167.8,DELAY_NAS|DELAY_LATE_AIRCRAFT|DELAY_CARRIER
MCI,2,15300,-3.27,-9.12,1465,28.75,23.25,615,180.54,176.45,DELAY_NAS|DELAY_LATE_AIRCRAFT|DELAY_CARRIER
MCI,3,17465,-2.84,-9.42,2330,30.32,24.11,870,139.73,137.95,DELAY_LATE_AIRCRAFT|DELAY_NAS|DELAY_CARRIER
MCI,4,16825,-2.73,-8.89,2515,30.53,24.09,1055,156.27,152.84,DELAY_LATE_AIRCRAFT|DELAY_CARRIER|DELAY_NAS
MCI,5,16560,-1.73,-6.01,2985,31.31,27.69,1795,150.04,149.38,DELAY_LATE_AIRCRAFT|DELAY_NAS|DELAY_CARRIER
MCI,6,17425,-1.99,-6.69,3135,30.94,27.21,1435,162.13,158.83,DELAY_LATE_AIRCRAFT|DELAY_NAS|DELAY_CARRIER
MCI,7,16810,-2.1,-5.75,3465,31.39,28.47,2015,155.29,152.95,DELAY_LATE_AIRCRAFT|DELAY_NAS|DELAY_CARRIER
MCI,8,17850,-3.34,-7.84,2385,30.42,26.5,1225,142.39,138.44,DELAY_LATE_AIRCRAFT|DELAY_NAS|DELAY_CARRIER
MCI,9,18420,-3.74,-8.55,1615,29.95,23.83,600,142.37,136.03,DELAY_LATE_AIRCRAFT|DELAY_NAS|DELAY_CARRIER
MCI,10,19715,-3.79,-9.57,1615,29.19,22.39,585,170.11,163.66,DELAY_LATE_AIRCRAFT|DELAY_CARRIER|DELAY_NAS
MCI,11,17675,-3.62,-9.96,1690,29.83,22.18,765,143.04,139.62,DELAY_LATE_AIRCRAFT|DELAY_NAS|DELAY_CARRIER
MCI,12,16150,-2.53,-11.33,2595,29.02,19.28,955,153.73,144.82,DELAY_LATE_AIRCRAFT|DELAY_CARRIER|DELAY_NAS
MCO,1,50380,-1.49,-7.15,12715,30.75,26.32,6125,146.99,145.12,DELAY_LATE_AIRCRAFT|DELAY_CARRIER|DELAY_NAS
MCO,2,54725,-2.52,-5.83,8870,30.52,26.17,3995,126.51,120.16,DELAY_LATE_AIRCRAFT|DELAY_NAS|DELAY_CARRIER
MCO,3,53865,-1.68,-5.08,13910,31.97,29.83,9140,141.12,140.64,DELAY_LATE_AIRCRAFT|DELAY_NAS|DELAY_CARRIER
MCO,4,55315,-2.18,-7.71,9480,30.94,24.42,5125,143.15,137.71,DELAY_LATE_AIRCRAFT|DELAY_CARRIER|DELAY_NAS
MCO,5,48860,-1.48,-5.06,11945,31.94,30.3,7485,138.39,138.28,DELAY_LATE_AIRCRAFT|DELAY_NAS|DELAY_CARRIER
MCO,6,45140,-1.72,-8.27,11360,32.44,26.75,8370,147.33,142.79,DELAY_LATE_AIRCRAFT|DELAY_CARRIER|DELAY_NAS
MCO,7,41800,-1.3,-6.44,12975,32.59,28.32,9910,150.36,146.44,DELAY_LATE_AIRCRAFT|DELAY_CARRIER|DELAY_NAS
MCO,8,40320,-1.75,-7.19,10910,32.51,29.16,7565,136.55,132.48,DELAY_LATE_AIRCRAFT|DELAY_NAS|DELAY_CARRIER
MCO,9,45050,-2.87,-8.06,6150,29.97,25.93,2290,127.1,122.04,DELAY_NAS|DELAY_LATE_AIRCRAFT|DELAY_CARRIER
MCO,10,48580,-3.07,-10.9,6025,29.25,20.6,2130,125.54,117.21,CANC_WEATHER|DELAY_CARRIER|DELAY_LATE_AIRCRAFT
MCO,11,53745,-3.17,-10.5,6755,30.05,22.93,2560,122.4,117.23,DELAY_CARRIER|DELAY_LATE_AIRCRAFT|DELAY_NAS
MCO,12,51950,-2.06,-9.32,10140,30.87,22.97,5630,132.02,126.37,DELAY_LATE_AIRCRAFT|DELAY_CARRIER|DELAY_NAS
MCW,1,145,-6.34,-15.07,30,31.5,22.33,35,178.86,171.57,DELAY_LATE_AIRCRAFT|CANC_WEATHER|DELAY_NAS
MCW,2,225,-8.91,-21.58,0,,,15,127.0,122.0,CANC_WEATHER|DELAY_CARRIER|DELAY_LATE_AIRCRAFT
MCW,3,205,-8.83,-13.88,25,39.2,44.6,35,312.71,300.57,DELAY_LATE_AIRCRAFT|DELAY_CARRIER|DELAY_NAS
MCW,4,215,-9.09,-9.77,15,39.33,32.67,20,303.75,295.5,DELAY_LATE_AIRCRAFT|DELAY_CARRIER|CANC_CARRIER
MCW,5,210,-7.6,-2.57,20,32.0,33.0,25,172.4,169.2,DELAY_LATE_AIRCRAFT|DELAY_NAS|CANC_WEATHER
MCW,6,190,-8.13,-11.34,30,21.0,19.0,35,251.29,250.71,DELAY_LATE_AIRCRAFT|DELAY_NAS
MCW,7,195,-7.54,-5.1,30,45.83,50.83,35,358.71,361.29,DELAY_LATE_AIRCRAFT|DELAY_NAS|DELAY_CARRIER
MCW,8,170,-6.41,-8.68,50,34.6,39.9,40,169.62,171.75,DELAY_LATE_AIRCRAFT|DELAY_NAS|DELAY_CARRIER
MCW,9,225,-8.98,-16.49,10,41.5,28.5,25,279.0,264.2,DELAY_LATE_AIRCRAFT|DELAY_CARRIER|DELAY_WEATHER
MCW,10,240,-9.83,-16.81,15,41.67,26.0,10,68.5,45.5,DELAY_CARRIER|DELAY_LATE_AIRCRAFT
MCW,11,190,-9.11,-9.95,20,46.75,43.75,45,397.89,394.56,DELAY_LATE_AIRCRAFT|DELAY_CARRIER|DELAY_WEATHER
MCW,12,200,-10.3,-11.43,15,22.33,24.67,20,130.5,136.75,CANC_WEATHER|DELAY_LATE_AIRCRAFT|DELAY_CARRIER
MDT,1,1445,-5.75,-11.34,155,31.77,34.81,155,187.77,186.74,DELAY_NAS|DELAY_LATE_AIRCRAFT|DELAY_CARRIER
MDT,2,1555,-5.41,-18.76,135,30.89,21.74,85,204.06,198.76,DELAY_LATE_AIRCRAFT|DELAY_CARRIER|DELAY_NAS
MDT,3,1690,-5.14,-14.82,190,32.11,27.97,85,176.65,176.47,DELAY_LATE_AIRCRAFT|DELAY_NAS|DELAY_CARRIER
MDT,4,2220,-5.08,-13.23,210,33.67,26.6,75,144.67,144.27,DELAY_LATE_AIRCRAFT|DELAY_CARRIER|DELAY_NAS
MDT,5,1865,-3.78,-9.04,290,32.98,30.12,220,137.66,137.2,DELAY_LATE_AIRCRAFT|DELAY_CARRIER|DELAY_NAS
MDT,6,1945,-4.3,-10.08,335,30.28,25.76,205,195.39,192.29,DELAY_CARRIER|DELAY_LATE_AIRCRAFT|DELAY_NAS
MDT,7,1750,-4.48,-7.96,370,33.93,32.32,320,161.62,163.5,DELAY_CARRIER|DELAY_LATE_AIRCRAFT|DELAY_NAS
MDT,8,1755,-3.34,-6.44,310,31.11,33.9,240,248.52,245.98,DELAY_CARRIER|DELAY_LATE_AIRCRAFT|DELAY_NAS
MDT,9,1730,-4.86,-10.02,240,30.48,25.4,150,189.53,183.5,DELAY_CARRIER|DELAY_LATE_AIRCRAFT|DELAY_NAS
MDT,10,2120,-4.37,-12.36,180,29.0,18.5,100,234.95,227.85,DELAY_CARRIER|DELAY_LATE_AIRCRAFT|DELAY_NAS
MDT,11,1940,-4.63,-13.84,210,31.69,22.95,140,143.93,129.93,DELAY_CARRIER|DELAY_LATE_AIRCRAFT|DELAY_NAS
MDT,12,1550,-2.84,-10.31,275,28.49,22.15,230,146.91,140.93,DELAY_CARRIER|DELAY_LATE_AIRCRAFT|DELAY_NAS
MDW,1,19785,-0.44,-5.97,5110,30.55,26.31,2030,137.5,135.26,DELAY_LATE_AIRCRAFT|DELAY_CARRIER|CANC_WEATHER
MDW,2,22585,-1.4,-10.87,2795,28.77,20.77,720,121.78,112.68,DELAY_CARRIER|DELAY_LATE_AIRCRAFT|DELAY_NAS
MDW,3,25130,-0.71,-8.82,5970,30.49,22.86,2035,118.59,112.51,DELAY_LATE_AIRCRAFT|DELAY_CARRIER|DELAY_NAS
MDW,4,26355,-0.66,-7.36,5680,30.33,24.13,1765,128.07,122.25,DELAY_LATE_AIRCRAFT|DELAY_CARRIER|DELAY_NAS
MDW,5,22520,0.12,-4.6,8085,31.39,28.83,3830,118.45,117.16,DELAY_LATE_AIRCRAFT|DELAY_CARRIER|DELAY_NAS
MDW,6,24780,0.66,-4.72,9060,30.55,26.69,3520,129.23,128.17,DELAY_LATE_AIRCRAFT|DELAY_CARRIER|DELAY_NAS
MDW,7,25105,0.87,-3.8,9585,30.84,26.6,4015,120.3,116.08,DELAY_LATE_AIRCRAFT|DELAY_CARRIER|DELAY_NAS
MDW,8,26405,-0.23,-6.8,6765,30.29,26.8,2445,113.05,109.76,DELAY_LATE_AIRCRAFT|DELAY_CARRIER|DELAY_NAS
MDW,9,28360,-0.78,-7.84,4810,28.37,21.45,885,113.21,107.04,DELAY_CARRIER|DELAY_LATE_AIRCRAFT|DELAY_NAS
MDW,10,28345,-1.24,-10.13,4140,28.62,18.72,910,111.94,101.31,DELAY_CARRIER|DELAY_LATE_AIRCRAFT|DELAY_NAS
MDW,11,25025,-1.7,-10.21,3200,29.38,20.9,1165,140.8,133.24,DELAY_LATE_AIRCRAFT|DELAY_CARRIER|DELAY_NAS
MDW,12,22245,-0.32,-9.79,5570,29.88,21.89,1670,116.49,108.94,DELAY_LATE_AIRCRAFT|DELAY_CARRIER|DELAY_NAS
MEI,1,195,-7.82,-33.28,15,22.67,-0.67,20,93.25,59.75,CANC_WEATHER|DELAY_CARRIER|DELAY_LATE_AIRCRAFT
MEI,2,210,-8.5,-25.24,15,40.33,17.0,25,160.8,140.0,DELAY_LATE_AIRCRAFT|DELAY_CARRIER|DELAY_WEATHER
MEI,3,230,-7.22,-10.96,10,30.5,38.5,20,338.25,330.5,DELAY_NAS|DELAY_WEATHER|CANC_WEATHER
MEI,4,220,-8.25,-9.11,15,30.0,25.0,20,358.75,358.25,DELAY_CARRIER|DELAY_LATE_AIRCRAFT
MEI,5,185,-5.7,0.35,25,30.0,36.4,50,217.9,245.3,DELAY_NAS|DELAY_LATE_AIRCRAFT|DELAY_WEATHER
MEI,6,220,-5.84,0.7,5,21.0,31.0,20,465.0,466.0,DELAY_CARRIER|DELAY_LATE_AIRCRAFT|DELAY_NAS
MEI,7,165,-5.52,-1.21,20,42.5,58.5,45,126.78,124.22,DELAY_CARRIER|CANC_WEATHER|DELAY_LATE_AIRCRAFT
MEI,8,230,-6.7,-8.54,35,25.57,21.29,0,,,DELAY_LATE_AIRCRAFT|DELAY_CARRIER|DELAY_NAS
MEI,9,230,-7.87,-7.67,10,20.5,18.0,15,237.0,237.0,DELAY_CARRIER|DELAY_LATE_AIRCRAFT|CANC_WEATHER
MEI,10,240,-6.1,-6.0,15,33.0,24.33,10,87.0,88.5,DELAY_CARRIER
MEI,11,235,-7.4,-8.4,20,30.0,29.75,5,61.0,73.0,DELAY_CARRIER|DELAY_NAS
MEI,12,220,-5.55,-6.77,35,29.86,32.57,5,164.0,193.0,DELAY_CARRIER|DELAY_LATE_AIRCRAFT|CANC_WEATHER
MEM,1,6395,-4.01,-7.53,1065,32.24,29.53,575,189.2,197.37,DELAY_NAS|DELAY_LATE_AIRCRAFT|DELAY_CARRIER
MEM,2,7060,-4.67,-10.6,550,30.66,25.5,230,164.93,157.7,DELAY_CARRIER|DELAY_NAS|DELAY_LATE_AIRCRAFT
MEM,3,7610,-3.96,-10.35,960,31.16,23.35,450,148.88,144.63,DELAY_LATE_AIRCRAFT|DELAY_NAS|DELAY_CARRIER
MEM,4,7920,-3.9,-10.21,760,30.75,24.28,495,226.08,222.24,DELAY_LATE_AIRCRAFT|DELAY_CARRIER|DELAY_NAS
MEM,5,7390,-2.42,-7.94,1510,31.13,26.3,905,173.55,175.54,DELAY_LATE_AIRCRAFT|DELAY_CARRIER|DELAY_NAS
MEM,6,8180,-2.93,-9.19,1330,31.18,25.91,795,171.02,168.22,DELAY_LATE_AIRCRAFT|DELAY_CARRIER|DELAY_NAS
MEM,7,7560,-2.63,-7.81,1465,31.57,26.8,1210,162.57,160.38,DELAY_LATE_AIRCRAFT|DELAY_CARRIER|DELAY_NAS
MEM,8,8490,-4.16,-9.88,945,32.84,28.9,530,183.16,182.29,DELAY_LATE_AIRCRAFT|DELAY_NAS|DELAY_CARRIER
MEM,9,8105,-3.79,-9.91,845,30.56,26.34,355,156.46,151.7,DELAY_LATE_AIRCRAFT|DELAY_NAS|DELAY_CARRIER
MEM,10,8820,-3.88,-10.78,755,29.11,19.17,355,169.27,160.76,DELAY_LATE_AIRCRAFT|DELAY_CARRIER|DELAY_NAS
MEM,11,7845,-3.74,-10.58,690,32.14,26.27,380,119.17,116.72,DELAY_NAS|DELAY_LATE_AIRCRAFT|DELAY_CARRIER
MEM,12,7195,-2.75,-8.84,1120,31.31,23.12,490,172.74,170.0,DELAY_LATE_AIRCRAFT|DELAY_NAS|DELAY_CARRIER
MFE,1,1110,-4.47,-8.88,160,32.5,29.5,110,288.73,286.36,DELAY_LATE_AIRCRAFT|DELAY_NAS|DELAY_CARRIER
MFE,2,1260,-5.2,-7.08,110,33.73,29.68,60,134.75,141.42,DELAY_LATE_AIRCRAFT|DELAY_CARRIER|DELAY_NAS
MFE,3,1165,-4.16,-6.5,130,33.08,31.58,130,133.96,136.96,DELAY_LATE_AIRCRAFT|DELAY_NAS|DELAY_CARRIER
MFE,4,1195,-3.87,-8.26,145,31.38,30.66,150,155.07,157.17,DELAY_LATE_AIRCRAFT|DELAY_CARRIER|DELAY_NAS
MFE,5,1275,-3.67,-5.38,195,33.59,29.74,370,176.15,178.72,DELAY_CARRIER|DELAY_LATE_AIRCRAFT|DELAY_NAS
MFE,6,1440,-3.19,-3.55,265,32.36,27.85,285,183.61,184.93,DELAY_LATE_AIRCRAFT|DELAY_CARRIER|DELAY_NAS
MFE,7,1640,-3.99,-3.92,320,32.05,34.28,330,158.33,158.58,DELAY_LATE_AIRCRAFT|DELAY_CARRIER|DELAY_NAS
MFE,8,1830,-5.11,-7.9,190,31.58,29.84,230,156.91,155.5,DELAY_LATE_AIRCRAFT|DELAY_CARRIER|DELAY_NAS
MFE,9,1900,-5.47,-8.66,165,31.42,27.48,115,126.83,117.65,DELAY_LATE_AIRCRAFT|DELAY_CARRIER|DELAY_NAS
MFE,10,2180,-6.3,-9.98,170,33.91,30.21,65,248.0,244.69,DELAY_LATE_AIRCRAFT|DELAY_CARRIER|DELAY_NAS
MFE,11,1670,-5.79,-10.51,200,33.42,28.35,155,146.81,150.74,DELAY_LATE_AIRCRAFT|DELAY_CARRIER|DELAY_NAS
MFE,12,1875,-5.38,-10.23,190,32.11,25.95,180,143.44,156.33,DELAY_CARRIER|DELAY_LATE_AIRCRAFT|DELAY_NAS
MFR,1,1530,-5.3,-14.88,125,30.2,19.44,145,207.07,198.69,DELAY_CARRIER|DELAY_LATE_AIRCRAFT|DELAY_WEATHER
MFR,2,1435,-5.17,-12.85,130,32.12,23.04,140,131.25,131.64,DELAY_NAS|DELAY_CARRIER|DELAY_LATE_AIRCRAFT
MFR,3,1500,-4.4,-8.38,180,33.06,25.36,110,152.59,154.05,DELAY_NAS|DELAY_CARRIER|DELAY_LATE_AIRCRAFT
MFR,4,1505,-4.87,-6.9,115,32.0,29.39,95,204.95,202.37,DELAY_CARRIER|DELAY_NAS|DELAY_LATE_AIRCRAFT
MFR,5,1520,-5.03,-9.42,180,32.25,28.64,105,209.33,203.29,DELAY_CARRIER|DELAY_LATE_AIRCRAFT|DELAY_NAS
MFR,6,1500,-2.72,-6.73,230,30.33,25.65,120,106.67,101.21,DELAY_CARRIER|DELAY_NAS|DELAY_LATE_AIRCRAFT
MFR,7,1495,-3.26,-8.06,210,31.52,26.05,180,147.39,143.61,DELAY_CARRIER|DELAY_LATE_AIRCRAFT|CANC_CARRIER
MFR,8,1560,-4.06,-7.79,155,30.1,23.39,115,237.57,235.91,DELAY_CARRIER|DELAY_LATE_AIRCRAFT|DELAY_NAS
MFR,9,1510,-4.52,-8.82,160,27.62,20.25,90,159.11,153.33,DELAY_CARRIER|DELAY_LATE_AIRCRAFT|DELAY_NAS
MFR,10,1700,-5.47,-10.16,150,26.3,23.67,55,124.18,119.82,DELAY_CARRIER|DELAY_NAS|DELAY_LATE_AIRCRAFT
MFR,11,1535,-5.4,-10.31,135,32.85,28.93,105,316.43,312.57,DELAY_CARRIER|DELAY_NAS|DELAY_WEATHER
MFR,12,1480,-3.92,-10.57,170,34.68,26.18,130,204.92,195.23,DELAY_CARRIER|DELAY_LATE_AIRCRAFT|CANC_WEATHER
MGM,1,655,-2.4,-8.56,155,32.16,28.29,105,202.38,194.67,DELAY_LATE_AIRCRAFT|DELAY_CARRIER|DELAY_NAS
MGM,2,790,-4.67,-10.25,115,32.87,27.65,40,153.88,152.25,DELAY_CARRIER|DELAY_LATE_AIRCRAFT|DELAY_NAS
MGM,3,860,-4.13,-7.67,120,31.29,25.79,55,209.82,200.91,DELAY_LATE_AIRCRAFT|DELAY_CARRIER|DELAY_NAS
MGM,4,855,-4.56,-8.16,75,26.33,27.53,60,136.17,130.42,DELAY_NAS|DELAY_LATE_AIRCRAFT|DELAY_CARRIER
MGM,5,805,-4.02,-5.01,90,31.0,29.06,130,236.31,233.12,DELAY_CARRIER|DELAY_NAS|DELAY_WEATHER
MGM,6,870,-5.22,-9.78,155,30.61,21.32,80,185.38,178.94,DELAY_LATE_AIRCRAFT|DELAY_CARRIER|DELAY_NAS
MGM,7,790,-2.69,-3.94,135,30.15,33.33,190,155.16,155.32,DELAY_LATE_AIRCRAFT|DELAY_CARRIER|DELAY_NAS
MGM,8,990,-4.54,-8.48,125,29.72,23.48,40,282.5,281.12,DELAY_LATE_AIRCRAFT|DELAY_CARRIER|DELAY_NAS
MGM,9,950,-4.21,-9.18,90,30.94,29.11,75,115.07,112.33,DELAY_LATE_AIRCRAFT|DELAY_NAS|DELAY_CARRIER
MGM,10,1035,-5.42,-16.02,85,32.29,26.88,40,136.88,132.38,DELAY_LATE_AIRCRAFT|DELAY_CARRIER|DELAY_NAS
MGM,11,960,-4.43,-12.0,150,31.47,27.4,45,165.44,153.67,DELAY_CARRIER|DELAY_NAS|DELAY_LATE_AIRCRAFT
MGM,12,835,-3.77,-8.69,220,35.16,32.36,130,201.81,199.23,DELAY_CARRIER|DELAY_LATE_AIRCRAFT|DELAY_NAS
MGW,12,110,-5.23,-5.5,20,27.75,34.5,55,244.64,230.73,DELAY_CARRIER|DELAY_LATE_AIRCRAFT|DELAY_NAS
MHK,1,360,-3.54,-9.61,55,31.45,25.64,40,167.38,168.88,DELAY_LATE_AIRCRAFT|DELAY_NAS|CANC_WEATHER
MHK,2,345,-5.74,-13.54,5,15.0,-11.0,10,126.5,108.0,DELAY_NAS|DELAY_CARRIER
MHK,3,270,-4.09,-15.8,20,24.75,12.75,10,401.0,393.5,DELAY_LATE_AIRCRAFT|CANC_WEATHER|DELAY_NAS
MHK,4,245,-4.29,-16.2,25,30.8,20.2,15,100.33,82.33,DELAY_CARRIER|DELAY_NAS|CANC_NAS
MHK,5,215,-3.16,-6.58,35,27.14,20.14,45,120.56,129.67,DELAY_LATE_AIRCRAFT|DELAY_NAS|DELAY_CARRIER
MHK,6,340,-4.59,-12.99,50,31.9,38.5,25,277.6,275.4,DELAY_LATE_AIRCRAFT|DELAY_NAS|DELAY_WEATHER
MHK,7,395,-3.86,-13.13,45,27.33,16.0,25,128.4,118.6,DELAY_LATE_AIRCRAFT|DELAY_NAS|DELAY_CARRIER
MHK,8,405,-6.35,-14.58,45,35.11,23.78,15,125.0,113.0,DELAY_LATE_AIRCRAFT|DELAY_NAS|DELAY_CARRIER
MHK,9,415,-5.75,-20.07,25,29.0,12.8,10,78.0,63.0,DELAY_NAS|DELAY_CARRIER|DELAY_LATE_AIRCRAFT
MHK,10,415,-3.93,-21.1,25,23.6,4.4,20,91.5,75.5,DELAY_LATE_AIRCRAFT|DELAY_NAS
MHK,11,385,-3.16,-18.81,20,23.25,19.5,20,157.75,175.25,DELAY_LATE_AIRCRAFT|CANC_WEATHER|DELAY_NAS
MHK,12,375,-2.15,-16.37,40,20.5,7.0,20,193.25,177.75,CANC_WEATHER|DELAY_NAS|DELAY_CARRIER
MHT,1,1370,-4.2,-9.96,205,29.29,26.61,165,138.58,150.76,DELAY_LATE_AIRCRAFT|DELAY_NAS|CANC_WEATHER
MHT,2,1440,-4.62,-16.28,140,29.29,18.14,60,123.92,121.67,DELAY_LATE_AIRCRAFT|DELAY_NAS|DELAY_CARRIER
MHT,3,1635,-3.89,-13.14,260,32.63,28.06,150,162.3,161.87,DELAY_LATE_AIRCRAFT|DELAY_NAS|DELAY_CARRIER
MHT,4,1905,-3.87,-9.39,260,34.58,29.04,115,167.78,177.35,DELAY_LATE_AIRCRAFT|DELAY_NAS|DELAY_CARRIER
MHT,5,1850,-3.58,-6.8,330,32.27,29.73,185,177.3,180.3,DELAY_LATE_AIRCRAFT|DELAY_NAS|DELAY_CARRIER
MHT,6,2105,-3.84,-9.44,255,30.94,28.96,120,191.17,186.25,DELAY_LATE_AIRCRAFT|DELAY_NAS|DELAY_CARRIER
MHT,7,1770,-3.64,-9.08,465,30.34,26.0,265,151.36,152.26,DELAY_LATE_AIRCRAFT|DELAY_CARRIER|DELAY_NAS
MHT,8,2270,-3.54,-8.81,315,32.73,30.43,225,206.49,208.27,DELAY_LATE_AIRCRAFT|DELAY_NAS|DELAY_CARRIER
MHT,9,2540,-5.03,-13.82,180,31.0,23.92,95,175.63,164.89,DELAY_LATE_AIRCRAFT|DELAY_NAS|DELAY_CARRIER
MHT,10,2475,-4.01,-13.73,315,28.06,17.83,125,124.32,112.28,DELAY_LATE_AIRCRAFT|DELAY_CARRIER|DELAY_NAS
MHT,11,1985,-4.87,-15.57,110,28.45,13.77,65,145.38,134.31,DELAY_LATE_AIRCRAFT|DELAY_NAS|DELAY_CARRIER
MHT,12,1735,-4.92,-12.53,255,31.31,23.63,115,164.04,166.52,DELAY_LATE_AIRCRAFT|DELAY_NAS|DELAY_CARRIER
MIA,1,34335,-0.97,-5.28,10370,31.87,29.66,4850,145.5,143.71,DELAY_LATE_AIRCRAFT|DELAY_CARRIER|DELAY_NAS
MIA,2,37145,-1.92,-3.41,7015,30.85,29.0,3385,145.75,142.61,DELAY_NAS|DELAY_LATE_AIRCRAFT|DELAY_CARRIER
MIA,3,35165,-1.36,-4.6,9475,32.65,31.4,6775,163.12,163.89,DELAY_LATE_AIRCRAFT|DELAY_NAS|DELAY_CARRIER
MIA,4,36830,-1.95,-6.87,6825,31.67,26.5,3765,153.08,148.0,DELAY_LATE_AIRCRAFT|DELAY_CARRIER|DELAY_NAS
MIA,5,31560,-1.04,-4.2,9140,32.76,30.64,6120,145.17,144.63,DELAY_LATE_AIRCRAFT|DELAY_CARRIER|DELAY_NAS
MIA,6,25490,-1.11,-7.75,8515,33.16,29.1,6595,162.25,157.05,DELAY_LATE_AIRCRAFT|DELAY_CARRIER|DELAY_NAS
MIA,7,27320,-1.18,-7.6,8625,32.83,27.78,6605,158.59,152.78,DELAY_LATE_AIRCRAFT|DELAY_CARRIER|DELAY_NAS
MIA,8,25390,-1.19,-6.97,8095,33.26,28.83,6920,144.33,139.25,DELAY_LATE_AIRCRAFT|DELAY_CARRIER|DELAY_NAS
MIA,9,31010,-2.96,-9.39,4505,31.38,27.47,2130,136.49,133.61,DELAY_NAS|DELAY_CARRIER|DELAY_LATE_AIRCRAFT
MIA,10,34595,-3.25,-11.8,4100,31.45,22.35,1960,133.62,124.64,DELAY_LATE_AIRCRAFT|DELAY_CARRIER|DELAY_NAS
MIA,11,37535,-2.78,-11.63,4850,30.93,21.22,2330,128.77,120.39,DELAY_CARRIER|DELAY_LATE_AIRCRAFT|DELAY_NAS
MIA,12,36470,-1.67,-9.56,8525,32.19,26.22,4290,131.35,125.91,DELAY_LATE_AIRCRAFT|DELAY_CARRIER|DELAY_NAS
MKE,1,7770,-2.7,-7.24,1320,33.76,31.67,975,199.5,200.34,DELAY_NAS|DELAY_LATE_AIRCRAFT|DELAY_CARRIER
MKE,2,9285,-4.42,-13.63,930,31.76,19.88,320,186.75,178.09,DELAY_LATE_AIRCRAFT|DELAY_NAS|DELAY_CARRIER
MKE,3,10450,-3.73,-10.46,1505,32.43,28.49,935,137.33,133.58,DELAY_LATE_AIRCRAFT|DELAY_NAS|DELAY_CARRIER
MKE,4,10090,-4.03,-9.56,990,30.63,24.17,695,171.37,169.81,DELAY_LATE_AIRCRAFT|DELAY_CARRIER|DELAY_NAS
MKE,5,9415,-3.42,-7.9,1365,32.28,27.97,1095,170.96,171.86,DELAY_LATE_AIRCRAFT|DELAY_NAS|DELAY_CARRIER
MKE,6,9735,-3.49,-8.45,1460,31.01,27.57,830,151.86,148.29,DELAY_LATE_AIRCRAFT|DELAY_NAS|DELAY_CARRIER
MKE,7,9650,-3.18,-8.17,1790,32.55,30.94,1255,159.0,158.81,DELAY_LATE_AIRCRAFT|DELAY_CARRIER|DELAY_NAS
MKE,8,10580,-3.49,-8.59,1275,32.24,28.39,840,129.69,128.49,DELAY_LATE_AIRCRAFT|DELAY_NAS|DELAY_CARRIER
MKE,9,10485,-4.14,-10.48,1010,29.91,24.42,455,167.82,164.38,DELAY_CARRIER|DELAY_NAS|DELAY_LATE_AIRCRAFT
MKE,10,11265,-4.01,-12.26,990,29.96,22.04,470,189.31,179.5,DELAY_CARRIER|DELAY_LATE_AIRCRAFT|DELAY_NAS
MKE,11,9620,-4.31,-11.68,960,31.47,24.03,440,160.18,152.8,DELAY_CARRIER|DELAY_LATE_AIRCRAFT|DELAY_NAS
MKE,12,8775,-2.97,-10.0,1385,30.5,25.11,795,162.18,161.19,DELAY_LATE_AIRCRAFT|DELAY_CARRIER|DELAY_NAS
MLB,1,905,-8.1,-15.71,110,33.32,23.27,95,159.32,156.95,DELAY_LATE_AIRCRAFT|DELAY_CARRIER|DELAY_NAS
MLB,2,995,-8.12,-12.73,105,34.19,31.43,15,130.0,123.33,DELAY_LATE_AIRCRAFT|DELAY_CARRIER|DELAY_NAS
MLB,3,1010,-6.93,-11.68,185,28.89,25.38,50,131.1,122.1,DELAY_LATE_AIRCRAFT|DELAY_CARRIER|DELAY_NAS
MLB,4,1040,-6.82,-11.77,95,29.0,21.63,70,183.14,179.5,DELAY_LATE_AIRCRAFT|DELAY_CARRIER|DELAY_NAS
MLB,5,990,-6.87,-11.17,110,36.77,36.95,105,201.1,201.29,DELAY_LATE_AIRCRAFT|DELAY_NAS|DELAY_CARRIER
MLB,6,970,-6.41,-13.23,80,32.38,21.56,65,133.0,125.77,DELAY_LATE_AIRCRAFT|DELAY_CARRIER|DELAY_NAS
MLB,7,855,-4.59,-6.88,120,36.25,33.12,135,122.07,133.67,DELAY_LATE_AIRCRAFT|DELAY_NAS|DELAY_CARRIER
MLB,8,870,-6.24,-10.9,115,36.83,28.52,100,117.8,129.35,DELAY_LATE_AIRCRAFT|CANC_WEATHER|DELAY_CARRIER
MLB,9,1000,-6.35,-10.94,60,25.5,32.92,40,118.62,126.75,DELAY_NAS|DELAY_LATE_AIRCRAFT|DELAY_CARRIER
MLB,10,990,-7.35,-10.63,35,26.29,20.86,35,120.29,110.29,CANC_WEATHER|DELAY_NAS|DELAY_LATE_AIRCRAFT
MLB,11,1075,-7.13,-10.61,85,29.76,23.24,25,131.2,135.8,DELAY_LATE_AIRCRAFT|DELAY_CARRIER|DELAY_NAS
MLB,12,1045,-5.68,-9.31,165,31.55,25.52,70,197.64,201.57,DELAY_LATE_AIRCRAFT|DELAY_NAS|DELAY_CARRIER
MLI,1,1070,-3.88,-8.09,205,30.32,37.0,220,212.16,217.05,CANC_WEATHER|DELAY_LATE_AIRCRAFT|DELAY_NAS
MLI,2,1420,-5.54,-14.77,105,29.71,21.33,80,209.25,196.62,DELAY_CARRIER|DELAY_NAS|DELAY_LATE_AIRCRAFT
MLI,3,1545,-5.51,-12.47,160,32.0,25.25,110,137.18,135.05,DELAY_NAS|DELAY_LATE_AIRCRAFT|DELAY_CARRIER
MLI,4,1255,-4.92,-8.9,180,33.64,30.69,70,287.0,282.93,DELAY_LATE_AIRCRAFT|DELAY_CARRIER|DELAY_NAS
MLI,5,1350,-4.29,-8.73,210,32.9,31.1,260,203.56,206.79,DELAY_LATE_AIRCRAFT|DELAY_NAS|DELAY_CARRIER
MLI,6,1450,-5.22,-9.61,180,36.08,32.42,155,167.26,165.87,DELAY_LATE_AIRCRAFT|DELAY_CARRIER|DELAY_NAS
MLI,7,1340,-4.71,-6.2,280,30.82,30.66,230,132.83,130.17,DELAY_LATE_AIRCRAFT|DELAY_CARRIER|DELAY_NAS
MLI,8,1430,-5.05,-7.41,175,31.86,35.23,145,126.31,122.59,DELAY_LATE_AIRCRAFT|DELAY_CARRIER|DELAY_NAS
MLI,9,1465,-5.66,-9.61,150,35.83,28.8,80,153.69,155.5,DELAY_CARRIER|DELAY_LATE_AIRCRAFT|DELAY_NAS
MLI,10,1875,-5.95,-12.43,110,35.23,30.36,45,145.67,138.0,DELAY_CARRIER|DELAY_LATE_AIRCRAFT|DELAY_NAS
MLI,11,1575,-5.55,-9.26,155,31.61,26.55,100,139.2,140.55,DELAY_CARRIER|DELAY_LATE_AIRCRAFT|DELAY_NAS
MLI,12,1425,-3.56,-13.38,150,35.07,22.5,165,258.36,256.24,DELAY_CARRIER|DELAY_LATE_AIRCRAFT|DELAY_NAS
MLU,1,535,-5.72,-5.48,105,28.62,27.95,100,177.15,183.65,DELAY_LATE_AIRCRAFT|DELAY_NAS|DELAY_CARRIER
MLU,2,660,-5.34,-3.8,40,33.5,30.12,25,124.2,119.0,DELAY_LATE_AIRCRAFT|DELAY_NAS|DELAY_CARRIER
MLU,3,640,-4.45,-5.83,105,33.38,27.14,25,160.6,157.8,DELAY_LATE_AIRCRAFT|DELAY_CARRIER|DELAY_NAS
MLU,4,595,-4.03,-3.99,85,32.06,26.41,50,126.5,123.9,DELAY_LATE_AIRCRAFT|DELAY_NAS|DELAY_WEATHER
MLU,5,585,-2.67,-5.89,50,27.1,21.6,120,175.0,172.92,DELAY_LATE_AIRCRAFT|DELAY_NAS|DELAY_CARRIER
MLU,6,690,-4.78,-10.1,80,30.12,17.88,75,117.33,115.0,DELAY_LATE_AIRCRAFT|DELAY_CARRIER|DELAY_NAS
MLU,7,770,-3.97,-8.89,95,35.32,38.68,130,144.96,141.35,DELAY_LATE_AIRCRAFT|DELAY_NAS|DELAY_CARRIER
MLU,8,800,-5.88,-8.89,40,26.62,23.5,55,214.09,202.18,DELAY_CARRIER|DELAY_LATE_AIRCRAFT|DELAY_NAS
MLU,9,795,-6.16,-9.53,120,31.83,31.46,70,153.57,150.86,DELAY_LATE_AIRCRAFT|DELAY_CARRIER|DELAY_NAS
MLU,10,860,-6.0,-12.19,35,40.0,30.71,15,203.0,191.67,DELAY_LATE_AIRCRAFT|DELAY_CARRIER|DELAY_NAS
MLU,11,665,-3.43,-9.23,55,32.91,23.82,90,181.17,175.72,DELAY_LATE_AIRCRAFT|DELAY_CARRIER|DELAY_NAS
MLU,12,700,-5.25,-10.6,60,35.67,31.17,65,124.0,114.77,DELAY_CARRIER|DELAY_NAS|DELAY_LATE_AIRCRAFT
MOB,1,760,-4.24,-9.95,100,32.45,30.85,80,187.5,185.88,DELAY_LATE_AIRCRAFT|DELAY_CARRIER|DELAY_NAS
MOB,2,1015,-4.76,-10.77,85,30.0,25.12,45,291.78,291.56,DELAY_CARRIER|DELAY_LATE_AIRCRAFT|DELAY_NAS
MOB,3,865,-4.68,-7.79,100,32.15,26.45,65,122.38,117.77,DELAY_LATE_AIRCRAFT|DELAY_NAS|DELAY_CARRIER
MOB,4,900,-4.62,-8.38,100,25.0,30.9,15,150.33,200.33,DELAY_NAS|DELAY_LATE_AIRCRAFT|CANC_NAS
MOB,5,820,-3.53,-4.8,120,37.46,38.29,80,219.25,240.44,DELAY_NAS|DELAY_LATE_AIRCRAFT|DELAY_WEATHER
MOB,6,855,-5.07,-10.8,140,34.25,27.79,75,123.4,117.67,DELAY_LATE_AIRCRAFT|DELAY_CARRIER|DELAY_NAS
MOB,7,810,-4.04,-7.4,120,36.08,32.71,135,117.63,114.78,DELAY_LATE_AIRCRAFT|DELAY_NAS|CANC_CARRIER
MOB,8,1055,-4.27,-9.6,55,24.64,18.73,35,137.57,127.0,DELAY_LATE_AIRCRAFT|DELAY_NAS|DELAY_CARRIER
MOB,9,980,-5.12,-9.94,80,29.25,24.69,50,228.9,226.2,DELAY_NAS|DELAY_LATE_AIRCRAFT|DELAY_CARRIER
MOB,10,1060,-5.04,-11.76,45,27.67,29.11,15,72.67,67.33,DELAY_CARRIER|DELAY_NAS|DELAY_LATE_AIRCRAFT
MOB,11,885,-4.43,-8.41,90,30.11,26.39,40,124.12,130.5,DELAY_LATE_AIRCRAFT|DELAY_NAS|DELAY_CARRIER
MOB,12,905,-3.8,-8.66,120,31.08,30.88,100,248.0,251.6,DELAY_LATE_AIRCRAFT|DELAY_NAS|DELAY_CARRIER
MOT,1,625,-3.69,-11.14,65,39.23,38.85,145,256.1,257.41,DELAY_CARRIER|CANC_WEATHER|DELAY_WEATHER
MOT,2,720,-5.33,-15.0,60,31.75,23.92,55,227.73,227.64,DELAY_CARRIER|CANC_WEATHER|DELAY_WEATHER
MOT,3,840,-5.04,-13.4,45,27.78,27.44,35,201.29,205.0,DELAY_CARRIER|DELAY_NAS|CANC_WEATHER
MOT,4,815,-6.07,-12.98,45,28.89,17.11,45,164.22,153.11,DELAY_CARRIER|DELAY_NAS|DELAY_LATE_AIRCRAFT
MOT,5,810,-4.48,-12.04,85,30.94,18.65,35,127.14,123.29,DELAY_CARRIER|DELAY_NAS|DELAY_LATE_AIRCRAFT
MOT,6,725,-3.72,-3.84,150,33.67,34.47,105,239.52,243.52,DELAY_CARRIER|DELAY_NAS|DELAY_WEATHER
MOT,7,955,-3.77,-6.64,115,37.87,38.26,85,173.47,169.53,DELAY_CARRIER|DELAY_WEATHER|DELAY_NAS
MOT,8,835,-5.12,-5.87,145,31.93,30.97,65,199.92,199.77,DELAY_CARRIER|DELAY_NAS|DELAY_WEATHER
MOT,9,820,-5.09,-8.52,95,34.89,30.63,20,321.25,320.75,DELAY_CARRIER|DELAY_NAS|DELAY_LATE_AIRCRAFT
MOT,10,920,-5.4,-14.45,85,26.06,23.59,20,204.0,202.0,DELAY_CARRIER|DELAY_NAS|DELAY_LATE_AIRCRAFT
MOT,11,820,-3.63,-8.49,65,36.85,46.38,85,181.47,184.82,DELAY_CARRIER|DELAY_NAS|DELAY_WEATHER
MOT,12,830,-3.93,-6.69,140,35.46,29.93,135,205.74,201.7,DELAY_CARRIER|DELAY_WEATHER|DELAY_NAS
MQT,1,125,-5.16,-18.0,5,31.0,14.0,5,65.0,44.0,CANC_WEATHER|DELAY_LATE_AIRCRAFT
MQT,2,235,-5.91,-23.32,20,33.0,10.75,30,155.0,123.67,DELAY_LATE_AIRCRAFT|DELAY_CARRIER|DELAY_WEATHER
MQT,3,290,-6.62,-12.91,10,21.0,4.5,10,101.5,73.0,DELAY_NAS|DELAY_LATE_AIRCRAFT
MQT,4,215,-8.02,-10.51,25,36.0,29.6,50,209.0,205.5,DELAY_CARRIER|DELAY_WEATHER|CANC_WEATHER
MQT,5,350,-7.03,-6.59,50,41.4,46.5,25,133.0,135.2,DELAY_NAS|DELAY_WEATHER|DELAY_CARRIER
MQT,6,355,-4.08,-8.34,50,37.0,48.4,30,152.5,161.67,DELAY_LATE_AIRCRAFT|DELAY_CARRIER|DELAY_NAS
MQT,7,340,-3.84,-6.56,75,30.27,27.6,45,143.22,142.11,DELAY_CARRIER|DELAY_LATE_AIRCRAFT|DELAY_WEATHER
MQT,8,330,-4.3,-7.94,90,28.0,28.61,30,181.33,189.33,DELAY_LATE_AIRCRAFT|DELAY_CARRIER|DELAY_NAS
MQT,9,405,-6.15,-9.94,30,24.83,23.0,15,115.67,111.0,DELAY_CARRIER|DELAY_NAS|DELAY_LATE_AIRCRAFT
MQT,10,310,-6.79,-13.74,10,42.5,37.5,20,133.5,124.0,DELAY_CARRIER|DELAY_LATE_AIRCRAFT|DELAY_NAS
MQT,11,255,-5.55,-16.76,35,41.71,36.14,5,97.0,79.0,DELAY_CARRIER|DELAY_NAS|DELAY_WEATHER
MQT,12,180,-4.14,-17.17,65,27.23,14.08,50,190.9,183.4,DELAY_CARRIER|DELAY_WEATHER|CANC_WEATHER
MRY,1,1315,-5.48,-12.53,125,26.8,22.64,100,134.8,129.5,DELAY_LATE_AIRCRAFT|DELAY_CARRIER|DELAY_NAS
MRY,2,1255,-5.19,-10.23,100,30.85,30.4,100,270.3,263.95,DELAY_CARRIER|DELAY_LATE_AIRCRAFT|DELAY_NAS
MRY,3,1265,-5.5,-6.36,165,32.88,32.09,50,464.8,465.6,DELAY_NAS|DELAY_CARRIER|DELAY_LATE_AIRCRAFT
MRY,4,1520,-5.56,-6.26,125,31.92,30.04,95,181.16,179.68,DELAY_CARRIER|DELAY_LATE_AIRCRAFT|DELAY_NAS
MRY,5,1780,-6.5,-9.17,215,36.33,33.84,130,142.38,156.5,DELAY_LATE_AIRCRAFT|DELAY_CARRIER|DELAY_NAS
MRY,6,1715,-4.83,-5.63,230,30.04,31.13,170,147.24,144.5,DELAY_LATE_AIRCRAFT|DELAY_CARRIER|DELAY_NAS
MRY,7,1685,-4.37,-5.53,290,31.48,30.88,185,242.81,247.97,DELAY_LATE_AIRCRAFT|DELAY_CARRIER|DELAY_NAS
MRY,8,1860,-5.18,-7.05,175,33.14,31.51,160,130.56,128.12,DELAY_LATE_AIRCRAFT|DELAY_CARRIER|DELAY_NAS
MRY,9,1670,-5.08,-7.33,175,37.26,36.03,105,186.38,184.33,DELAY_CARRIER|DELAY_LATE_AIRCRAFT|DELAY_NAS
MRY,10,2005,-5.89,-7.15,165,33.55,31.79,130,144.38,144.42,DELAY_CARRIER|DELAY_LATE_AIRCRAFT|DELAY_NAS
MRY,11,1765,-5.41,-8.66,225,32.76,28.91,120,175.83,175.5,DELAY_LATE_AIRCRAFT|DELAY_CARRIER|DELAY_NAS
MRY,12,1595,-4.62,-7.36,220,36.52,33.07,190,214.47,210.08,DELAY_CARRIER|DELAY_LATE_AIRCRAFT|DELAY_WEATHER
MSN,1,3010,-3.9,-8.23,415,34.6,33.92,545,177.97,178.59,DELAY_CARRIER|DELAY_NAS|DELAY_LATE_AIRCRAFT
MSN,2,3770,-5.55,-14.82,245,34.16,27.71,190,165.37,150.0,DELAY_CARRIER|DELAY_NAS|DELAY_LATE_AIRCRAFT
MSN,3,4035,-5.2,-12.39,425,34.06,26.2,270,230.89,222.46,DELAY_LATE_AIRCRAFT|DELAY_CARRIER|DELAY_NAS
MSN,4,4245,-6.09,-10.12,395,29.81,25.09,380,207.84,209.93,DELAY_CARRIER|DELAY_LATE_AIRCRAFT|DELAY_NAS
MSN,5,3910,-4.63,-8.26,545,33.8,35.07,585,207.51,205.23,DELAY_LATE_AIRCRAFT|DELAY_CARRIER|DELAY_NAS
MSN,6,4075,-4.73,-7.16,565,33.26,31.31,520,184.82,185.5,DELAY_LATE_AIRCRAFT|DELAY_CARRIER|DELAY_NAS
MSN,7,3850,-4.85,-6.39,550,35.44,35.05,470,157.71,156.99,DELAY_LATE_AIRCRAFT|DELAY_CARRIER|DELAY_NAS
MSN,8,4580,-5.63,-6.86,525,32.07,30.61,465,160.45,159.29,DELAY_LATE_AIRCRAFT|DELAY_CARRIER|DELAY_NAS
MSN,9,4275,-6.25,-9.36,380,30.42,27.24,245,173.82,167.12,DELAY_CARRIER|DELAY_NAS|DELAY_LATE_AIRCRAFT
MSN,10,4680,-6.11,-11.73,290,30.45,22.07,155,143.61,136.52,DELAY_CARRIER|DELAY_NAS|DELAY_LATE_AIRCRAFT
MSN,11,4250,-6.1,-10.92,330,32.35,26.82,195,137.44,138.87,DELAY_NAS|DELAY_CARRIER|DELAY_LATE_AIRCRAFT
MSN,12,3655,-4.18,-8.42,595,31.55,24.73,410,171.6,169.43,DELAY_CARRIER|DELAY_LATE_AIRCRAFT|DELAY_NAS
MSO,1,830,-2.36,-5.92,140,29.75,26.64,150,231.07,236.37,DELAY_NAS|DELAY_LATE_AIRCRAFT|DELAY_WEATHER
MSO,2,935,-4.9,-10.33,80,29.19,22.94,50,126.9,127.7,DELAY_CARRIER|DELAY_NAS|DELAY_LATE_AIRCRAFT
MSO,3,1100,-4.91,-7.75,80,26.62,25.06,55,139.36,136.91,DELAY_LATE_AIRCRAFT|DELAY_NAS|DELAY_CARRIER
MSO,4,1040,-5.18,-8.43,105,33.57,25.29,55,215.91,210.36,DELAY_CARRIER|DELAY_LATE_AIRCRAFT|DELAY_NAS
MSO,5,1515,-3.1,-7.25,175,33.97,30.4,105,122.9,122.43,DELAY_NAS|DELAY_LATE_AIRCRAFT|DELAY_CARRIER
MSO,6,1980,-3.68,-9.86,320,31.83,23.47,210,177.71,174.02,DELAY_CARRIER|DELAY_LATE_AIRCRAFT|DELAY_NAS
MSO,7,2070,-2.29,-7.07,405,32.36,28.69,265,192.28,187.34,DELAY_LATE_AIRCRAFT|DELAY_CARRIER|DELAY_NAS
MSO,8,1960,-2.84,-6.58,365,31.64,26.08,155,130.9,126.19,DELAY_CARRIER|DELAY_LATE_AIRCRAFT|DELAY_NAS
MSO,9,1615,-3.4,-7.99,175,29.83,21.0,90,122.28,117.78,DELAY_LATE_AIRCRAFT|DELAY_CARRIER|DELAY_NAS
MSO,10,1400,-4.38,-7.62,135,32.37,32.0,60,198.08,194.25,DELAY_LATE_AIRCRAFT|DELAY_CARRIER|DELAY_NAS
MSO,11,1300,-4.87,-8.92,65,34.23,30.23,75,162.67,159.0,DELAY_CARRIER|DELAY_NAS|DELAY_LATE_AIRCRAFT
MSO,12,1260,-4.38,-9.19,140,24.57,18.43,100,225.05,224.6,DELAY_CARRIER|DELAY_LATE_AIRCRAFT|DELAY_NAS
MSP,1,37655,-2.58,-12.57,5135,31.61,23.54,3370,170.96,164.12,DELAY_CARRIER|DELAY_NAS|DELAY_LATE_AIRCRAFT
MSP,2,38775,-3.34,-15.14,3395,30.88,18.79,1595,145.21,134.76,DELAY_CARRIER|DELAY_NAS|DELAY_LATE_AIRCRAFT
MSP,3,42930,-3.05,-10.39,5005,31.08,27.4,2695,145.37,145.13,DELAY_CARRIER|DELAY_NAS|DELAY_LATE_AIRCRAFT
MSP,4,44580,-3.37,-9.49,4470,31.19,24.6,2075,136.66,132.23,DELAY_CARRIER|DELAY_NAS|DELAY_LATE_AIRCRAFT
MSP,5,44465,-2.72,-5.92,5935,31.2,29.05,3495,135.43,134.35,DELAY_CARRIER|DELAY_NAS|DELAY_LATE_AIRCRAFT
MSP,6,39595,-1.4,-3.39,10640,32.7,31.82,5670,135.02,134.53,DELAY_CARRIER|DELAY_LATE_AIRCRAFT|DELAY_NAS
MSP,7,39420,-1.5,-5.74,9970,32.73,27.75,6915,148.23,143.67,DELAY_CARRIER|DELAY_LATE_AIRCRAFT|DELAY_NAS
MSP,8,45160,-1.92,-6.75,8905,32.41,29.22,4070,134.86,132.19,DELAY_CARRIER|DELAY_NAS|DELAY_LATE_AIRCRAFT
MSP,9,47560,-3.65,-11.15,4250,30.81,22.39,1460,121.16,113.55,DELAY_CARRIER|DELAY_NAS|DELAY_LATE_AIRCRAFT
MSP,10,49975,-4.07,-11.21,3550,31.64,23.97,1435,132.18,122.93,DELAY_CARRIER|DELAY_NAS|DELAY_LATE_AIRCRAFT
MSP,11,45520,-3.83,-9.41,3600,30.95,25.33,1655,133.62,131.74,DELAY_CARRIER|DELAY_NAS|DELAY_LATE_AIRCRAFT
MSP,12,41565,-2.07,-8.13,6500,31.87,26.7,3835,150.82,147.73,DELAY_CARRIER|DELAY_NAS|DELAY_LATE_AIRCRAFT
MSY,1,14730,-2.27,-7.49,3255,31.6,25.5,1730,158.71,156.62,DELAY_LATE_AIRCRAFT|DELAY_NAS|DELAY_CARRIER
MSY,2,17195,-2.78,-7.56,2195,30.26,24.36,765,129.36,123.71,DELAY_LATE_AIRCRAFT|DELAY_NAS|DELAY_CARRIER
MSY,3,17020,-2.17,-7.82,3585,31.32,26.09,1660,157.86,154.52,DELAY_LATE_AIRCRAFT|DELAY_NAS|DELAY_CARRIER
MSY,4,17215,-2.56,-8.41,2685,30.6,25.97,1505,180.5,178.97,DELAY_LATE_AIRCRAFT|DELAY_NAS|DELAY_CARRIER
MSY,5,15545,-1.12,-4.46,3980,30.95,28.86,2650,156.51,157.8,DELAY_LATE_AIRCRAFT|DELAY_NAS|DELAY_CARRIER
MSY,6,15470,-2.01,-6.63,3570,30.9,27.31,1645,167.33,166.11,DELAY_LATE_AIRCRAFT|DELAY_NAS|DELAY_CARRIER
MSY,7,13150,-1.29,-6.55,4165,32.65,29.58,2905,149.74,146.66,DELAY_LATE_AIRCRAFT|DELAY_CARRIER|DELAY_NAS
MSY,8,14265,-2.68,-8.71,2700,31.46,26.19,1465,154.57,148.84,DELAY_LATE_AIRCRAFT|DELAY_NAS|DELAY_CARRIER
MSY,9,14810,-3.05,-8.44,2140,30.81,25.15,675,140.69,133.72,DELAY_LATE_AIRCRAFT|DELAY_NAS|DELAY_CARRIER
MSY,10,19045,-2.34,-8.79,2230,28.56,21.59,840,139.32,131.54,DELAY_LATE_AIRCRAFT|DELAY_CARRIER|DELAY_NAS
MSY,11,17825,-2.66,-8.51,2315,30.19,24.38,905,143.64,140.41,DELAY_LATE_AIRCRAFT|DELAY_NAS|DELAY_CARRIER
MSY,12,16370,-2.72,-8.44,3050,30.8,24.82,1460,147.21,146.15,DELAY_LATE_AIRCRAFT|DELAY_NAS|DELAY_CARRIER
MTJ,1,1430,-4.37,-9.62,260,30.98,25.46,170,159.29,160.59,DELAY_LATE_AIRCRAFT|DELAY_CARRIER|DELAY_NAS
MTJ,2,1330,-3.54,-11.66,290,30.79,23.09,140,128.5,134.71,DELAY_LATE_AIRCRAFT|DELAY_NAS|DELAY_CARRIER
MTJ,3,1555,-4.78,-9.75,260,32.33,28.81,95,168.42,162.32,DELAY_LATE_AIRCRAFT|DELAY_NAS|DELAY_CARRIER
MTJ,4,670,-5.35,-10.72,65,32.69,23.92,25,164.0,161.0,DELAY_LATE_AIRCRAFT|DELAY_NAS|DELAY_CARRIER
MTJ,5,560,-5.57,-11.94,95,28.74,25.26,85,117.29,127.76,DELAY_LATE_AIRCRAFT|DELAY_NAS|DELAY_CARRIER
MTJ,6,910,-4.89,-9.25,160,36.03,27.72,105,289.95,280.9,DELAY_LATE_AIRCRAFT|DELAY_NAS|DELAY_CARRIER
MTJ,7,915,-4.55,-10.13,150,28.37,23.63,150,132.3,128.63,DELAY_LATE_AIRCRAFT|DELAY_CARRIER|DELAY_NAS
MTJ,8,1085,-4.79,-11.12,90,35.28,34.22,65,143.85,140.92,DELAY_LATE_AIRCRAFT|DELAY_NAS|DELAY_CARRIER
MTJ,9,865,-4.88,-14.14,65,29.77,14.62,45,253.11,242.33,DELAY_LATE_AIRCRAFT|DELAY_NAS|DELAY_CARRIER
MTJ,10,605,-4.98,-17.2,40,26.25,10.75,5,119.0,115.0,DELAY_LATE_AIRCRAFT|DELAY_NAS|DELAY_CARRIER
MTJ,11,455,-4.12,-13.27,70,30.86,18.64,55,130.0,133.45,DELAY_LATE_AIRCRAFT|DELAY_CARRIER|DELAY_NAS
MTJ,12,920,-4.65,-12.66,190,29.89,29.76,125,145.8,152.12,DELAY_LATE_AIRCRAFT|DELAY_NAS|DELAY_CARRIER
MVY,5,160,-8.66,-10.84,5,52.0,47.0,20,216.0,223.5,DELAY_LATE_AIRCRAFT|CANC_CARRIER|DELAY_NAS
MVY,6,885,-7.79,-10.46,105,33.48,44.57,125,225.68,228.56,DELAY_NAS|DELAY_LATE_AIRCRAFT|DELAY_CARRIER
MVY,7,1305,-6.42,-8.0,195,31.69,31.36,195,203.69,201.97,DELAY_LATE_AIRCRAFT|DELAY_NAS|DELAY_CARRIER
MVY,8,1170,-4.41,-5.34,255,31.29,32.98,180,191.86,196.33,DELAY_LATE_AIRCRAFT|DELAY_NAS|CANC_NAS
MVY,9,305,-9.03,-9.18,15,27.33,31.0,20,136.75,158.0,DELAY_NAS|DELAY_LATE_AIRCRAFT|DELAY_CARRIER
MVY,10,145,-13.31,-10.66,15,40.0,40.33,5,290.0,274.0,DELAY_LATE_AIRCRAFT
MYR,1,3245,-7.45,-14.89,330,31.8,20.39,270,146.24,143.8,DELAY_LATE_AIRCRAFT|DELAY_NAS|DELAY_CARRIER
MYR,2,3720,-7.39,-13.82,240,30.67,20.25,195,222.28,216.79,DELAY_LATE_AIRCRAFT|DELAY_NAS|DELAY_CARRIER
MYR,3,4470,-5.56,-11.43,545,32.16,26.48,275,143.71,138.67,DELAY_LATE_AIRCRAFT|DELAY_NAS|DELAY_CARRIER
MYR,4,5800,-6.96,-11.14,615,30.86,26.76,390,135.99,130.21,DELAY_LATE_AIRCRAFT|DELAY_NAS|DELAY_CARRIER
MYR,5,6340,-5.29,-9.01,1055,31.08,28.59,560,143.33,142.17,DELAY_LATE_AIRCRAFT|DELAY_NAS|DELAY_CARRIER
MYR,6,7425,-5.58,-10.54,1205,32.08,29.11,925,173.4,169.47,DELAY_LATE_AIRCRAFT|DELAY_NAS|DELAY_CARRIER
MYR,7,6350,-5.07,-9.61,1610,31.66,27.6,1160,168.14,163.98,DELAY_LATE_AIRCRAFT|DELAY_NAS|DELAY_CARRIER
MYR,8,6275,-4.89,-9.55,1135,31.67,30.05,795,136.66,137.03,DELAY_LATE_AIRCRAFT|DELAY_NAS|CANC_WEATHER
MYR,9,6160,-5.86,-12.39,550,29.65,24.48,335,132.12,127.21,DELAY_LATE_AIRCRAFT|DELAY_NAS|DELAY_CARRIER
MYR,10,6165,-6.31,-11.35,440,30.5,24.33,285,142.61,135.77,DELAY_LATE_AIRCRAFT|DELAY_NAS|DELAY_CARRIER
MYR,11,4410,-6.95,-12.4,450,29.88,27.02,195,132.23,127.74,DELAY_NAS|DELAY_LATE_AIRCRAFT|DELAY_CARRIER
MYR,12,3525,-5.4,-11.81,485,32.48,27.84,330,139.36,134.42,DELAY_LATE_AIRCRAFT|DELAY_NAS|DELAY_CARRIER
OAJ,1,305,-4.44,-8.72,10,23.5,28.5,30,317.0,305.83,DELAY_LATE_AIRCRAFT|DELAY_NAS|CANC_WEATHER
OAJ,2,350,-5.23,-13.21,15,33.0,18.0,10,208.0,196.5,DELAY_CARRIER|DELAY_LATE_AIRCRAFT
OAJ,3,415,-3.52,-12.24,30,20.17,14.0,20,140.25,141.0,DELAY_CARRIER|DELAY_LATE_AIRCRAFT|DELAY_NAS
OAJ,4,670,-5.68,-11.17,45,29.33,15.78,15,83.0,73.67,DELAY_LATE_AIRCRAFT|DELAY_NAS|DELAY_CARRIER
OAJ,5,400,-4.72,-8.97,55,31.0,27.82,60,136.92,136.42,DELAY_LATE_AIRCRAFT|DELAY_NAS|DELAY_CARRIER
OAJ,6,705,-4.82,-10.15,5,19.0,7.0,20,95.75,83.5,DELAY_NAS|DELAY_LATE_AIRCRAFT|DELAY_WEATHER
OAJ,7,700,-3.83,-7.31,110,34.91,32.95,165,152.94,156.0,DELAY_LATE_AIRCRAFT|DELAY_NAS|DELAY_CARRIER
OAJ,8,840,-4.53,-7.04,90,31.5,21.61,80,236.5,235.62,DELAY_LATE_AIRCRAFT|DELAY_CARRIER|DELAY_NAS
OAJ,9,970,-4.28,-9.39,85,31.29,32.18,80,195.44,188.62,DELAY_LATE_AIRCRAFT|DELAY_NAS|DELAY_CARRIER
OAJ,10,930,-4.35,-6.04,75,24.87,21.13,55,98.64,94.0,DELAY_NAS|DELAY_LATE_AIRCRAFT|DELAY_WEATHER
OAJ,11,730,-6.4,-11.25,40,26.12,10.25,40,203.25,190.75,DELAY_NAS|DELAY_LATE_AIRCRAFT|DELAY_CARRIER
OAJ,12,590,-4.59,-11.8,70,30.07,26.14,65,184.46,177.46,DELAY_LATE_AIRCRAFT|DELAY_NAS|DELAY_CARRIER
OAK,1,13955,-1.41,-7.44,2670,29.54,22.78,730,110.18,103.81,DELAY_LATE_AIRCRAFT|DELAY_CARRIER|DELAY_NAS
OAK,2,12770,-1.06,-8.17,2275,29.24,22.18,705,113.96,109.14,DELAY_LATE_AIRCRAFT|DELAY_CARRIER|DELAY_NAS
OAK,3,13970,-1.28,-7.49,2600,30.47,25.62,865,113.36,110.01,DELAY_LATE_AIRCRAFT|DELAY_CARRIER|DELAY_NAS
OAK,4,14635,-1.36,-7.73,2195,28.84,22.38,635,101.26,94.97,DELAY_LATE_AIRCRAFT|DELAY_CARRIER|DELAY_NAS
OAK,5,14280,-0.68,-7.26,2760,29.43,22.31,925,113.45,106.25,DELAY_LATE_AIRCRAFT|DELAY_CARRIER|DELAY_NAS
OAK,6,13505,-0.65,-7.04,3520,30.55,23.62,985,105.37,98.87,DELAY_LATE_AIRCRAFT|DELAY_CARRIER|DELAY_NAS
OAK,7,13970,-0.82,-5.92,3205,30.1,25.16,1225,110.08,107.09,DELAY_LATE_AIRCRAFT|DELAY_CARRIER|DELAY_NAS
OAK,8,14320,-1.69,-8.21,2455,30.79,24.33,875,110.7,104.93,DELAY_LATE_AIRCRAFT|DELAY_CARRIER|DELAY_NAS
OAK,9,13975,-1.83,-8.66,2110,29.06,22.08,805,112.39,107.32,DELAY_LATE_AIRCRAFT|DELAY_CARRIER|DELAY_NAS
OAK,10,14115,-1.98,-9.06,2010,29.87,24.05,685,120.49,116.72,DELAY_LATE_AIRCRAFT|DELAY_CARRIER|DELAY_NAS
OAK,11,13600,-2.13,-10.61,1710,29.29,20.5,390,96.26,90.44,DELAY_LATE_AIRCRAFT|DELAY_CARRIER|DELAY_NAS
OAK,12,12275,-1.36,-9.46,2550,30.02,21.61,895,117.44,112.41,DELAY_LATE_AIRCRAFT|DELAY_CARRIER|DELAY_NAS
OGG,1,8640,-1.82,-7.49,1630,29.6,25.97,470,132.44,122.91,DELAY_LATE_AIRCRAFT|DELAY_CARRIER|CANC_CARRIER
OGG,2,8745,-2.74,-10.25,1175,29.17,17.98,330,139.3,125.42,DELAY_LATE_AIRCRAFT|DELAY_CARRIER|DELAY_NAS
OGG,3,10120,-2.96,-8.23,1055,28.64,22.12,250,150.16,143.32,DELAY_LATE_AIRCRAFT|DELAY_CARRIER|DELAY_NAS
OGG,4,9505,-2.9,-8.0,875,31.23,27.86,295,156.0,149.8,DELAY_LATE_AIRCRAFT|DELAY_CARRIER|DELAY_NAS
OGG,5,9090,-2.25,-4.07,1265,29.83,29.13,320,122.22,122.41,DELAY_LATE_AIRCRAFT|DELAY_CARRIER|DELAY_NAS
OGG,6,10250,-2.62,-4.43,795,28.4,25.33,235,164.79,157.26,DELAY_LATE_AIRCRAFT|DELAY_CARRIER|DELAY_NAS
OGG,7,10440,-2.6,-5.54,1175,29.72,25.56,335,184.63,179.12,DELAY_LATE_AIRCRAFT|DELAY_CARRIER|CANC_CARRIER
OGG,8,10065,-2.88,-9.26,945,28.69,20.95,275,166.2,156.25,DELAY_LATE_AIRCRAFT|DELAY_CARRIER|CANC_CARRIER
OGG,9,9600,-4.02,-7.98,610,27.45,23.17,165,136.55,125.85,DELAY_LATE_AIRCRAFT|DELAY_CARRIER|DELAY_NAS
OGG,10,9490,-3.03,-7.19,870,28.33,23.9,190,118.42,109.97,DELAY_LATE_AIRCRAFT|DELAY_CARRIER|DELAY_NAS
OGG,11,9765,-3.99,-8.0,575,28.48,22.63,195,137.23,129.15,DELAY_LATE_AIRCRAFT|DELAY_CARRIER|DELAY_NAS
OGG,12,10130,-3.57,-8.88,975,28.75,21.97,290,151.97,143.16,DELAY_LATE_AIRCRAFT|DELAY_CARRIER|DELAY_NAS
OKC,1,6960,-4.21,-6.6,825,32.4,30.67,560,187.91,187.48,DELAY_LATE_AIRCRAFT|DELAY_NAS|DELAY_CARRIER
OKC,2,7150,-4.71,-7.6,495,31.9,28.98,310,148.9,145.79,DELAY_NAS|DELAY_CARRIER|DELAY_LATE_AIRCRAFT
OKC,3,7530,-4.24,-9.78,885,30.7,25.03,370,133.15,127.12,DELAY_LATE_AIRCRAFT|DELAY_NAS|DELAY_CARRIER
OKC,4,7990,-3.58,-8.67,880,30.46,26.07,395,160.33,152.62,DELAY_LATE_AIRCRAFT|DELAY_CARRIER|DELAY_NAS
OKC,5,7420,-2.18,-5.33,1370,31.27,28.08,810,151.3,150.93,DELAY_LATE_AIRCRAFT|DELAY_NAS|DELAY_CARRIER
OKC,6,8095,-3.28,-7.81,1365,29.67,25.11,630,175.73,173.62,DELAY_LATE_AIRCRAFT|DELAY_CARRIER|DELAY_NAS
OKC,7,7845,-3.15,-6.89,1405,30.99,27.92,900,139.1,136.17,DELAY_LATE_AIRCRAFT|DELAY_CARRIER|DELAY_NAS
OKC,8,8090,-3.92,-8.39,1010,31.8,28.25,685,171.33,168.24,DELAY_LATE_AIRCRAFT|DELAY_CARRIER|DELAY_NAS
OKC,9,8290,-4.3,-8.03,885,29.61,24.26,375,207.85,201.95,DELAY_CARRIER|DELAY_LATE_AIRCRAFT|DELAY_NAS
OKC,10,9140,-4.4,-9.2,720,31.78,26.48,430,146.97,142.34,DELAY_CARRIER|DELAY_LATE_AIRCRAFT|DELAY_NAS
OKC,11,8110,-4.19,-9.65,875,30.95,26.22,405,140.56,137.35,DELAY_LATE_AIRCRAFT|DELAY_CARRIER|DELAY_NAS
OKC,12,7975,-3.71,-9.56,905,31.56,25.92,500,156.6,155.64,DELAY_LATE_AIRCRAFT|DELAY_CARRIER|DELAY_NAS
OMA,1,6810,-2.89,-6.34,1155,32.8,34.63,995,175.18,185.1,DELAY_LATE_AIRCRAFT|DELAY_CARRIER|DELAY_NAS
OMA,2,7900,-4.55,-12.24,690,32.02,23.64,345,155.17,148.64,DELAY_LATE_AIRCRAFT|DELAY_NAS|DELAY_CARRIER
OMA,3,8200,-3.42,-9.81,1170,30.88,23.93,585,143.02,137.91,DELAY_LATE_AIRCRAFT|DELAY_CARRIER|DELAY_NAS
OMA,4,8150,-3.45,-8.17,905,29.49,22.66,520,163.16,160.12,DELAY_LATE_AIRCRAFT|DELAY_CARRIER|DELAY_NAS
OMA,5,7335,-2.11,-5.36,1765,31.91,28.78,1125,176.81,175.35,DELAY_LATE_AIRCRAFT|DELAY_NAS|DELAY_CARRIER
OMA,6,7635,-2.18,-5.76,1660,31.25,27.34,870,161.95,159.29,DELAY_LATE_AIRCRAFT|DELAY_CARRIER|DELAY_NAS
OMA,7,7680,-2.16,-5.76,1560,31.07,28.72,945,156.42,156.92,DELAY_LATE_AIRCRAFT|DELAY_CARRIER|DELAY_NAS
OMA,8,8125,-3.35,-7.47,1130,30.94,28.07,590,128.9,128.1,DELAY_LATE_AIRCRAFT|DELAY_NAS|DELAY_CARRIER
OMA,9,8550,-3.99,-9.11,670,31.13,24.72,275,144.75,142.11,DELAY_LATE_AIRCRAFT|DELAY_CARRIER|DELAY_NAS
OMA,10,9180,-3.91,-9.52,795,28.96,22.22,310,163.79,157.32,DELAY_CARRIER|DELAY_LATE_AIRCRAFT|DELAY_NAS
OMA,11,8545,-3.62,-10.06,775,29.52,22.3,305,195.43,189.69,DELAY_LATE_AIRCRAFT|DELAY_CARRIER|DELAY_NAS
OMA,12,8115,-2.81,-11.43,1230,29.7,19.9,550,161.13,155.65,DELAY_CARRIER|DELAY_LATE_AIRCRAFT|DELAY_NAS
OME,1,100,-10.25,-14.25,20,27.75,26.25,10,79.5,81.5,DELAY_LATE_AIRCRAFT|CANC_WEATHER
OME,2,105,-10.19,-9.57,25,40.2,38.8,0,,,DELAY_LATE_AIRCRAFT|CANC_CARRIER|CANC_WEATHER
OME,3,110,-9.86,-6.14,35,26.43,30.43,5,172.0,171.0,DELAY_LATE_AIRCRAFT|CANC_WEATHER|DELAY_SECURITY
OME,4,115,-13.39,-8.52,15,48.67,51.33,10,144.5,157.0,DELAY_LATE_AIRCRAFT|CANC_WEATHER|DELAY_NAS
OME,5,150,-12.37,-7.47,5,31.0,30.0,0,,,DELAY_CARRIER|DELAY_LATE_AIRCRAFT
OME,6,125,-10.64,0.0,20,30.5,36.75,5,132.0,139.0,DELAY_LATE_AIRCRAFT|DELAY_NAS|DELAY_CARRIER
OME,7,125,-6.6,-0.36,30,28.33,36.83,0,,,DELAY_LATE_AIRCRAFT|DELAY_NAS
OME,8,100,-2.6,5.05,40,31.25,36.0,10,94.5,112.5,DELAY_LATE_AIRCRAFT|DELAY_CARRIER|DELAY_NAS
OME,9,145,-11.69,-5.66,10,20.0,25.0,0,,,DELAY_LATE_AIRCRAFT|DELAY_NAS
OME,10,120,-13.62,-9.92,20,31.25,34.0,10,83.5,91.5,DELAY_LATE_AIRCRAFT|CANC_WEATHER|DELAY_NAS
OME,11,130,-15.0,-11.69,0,,,10,69.5,68.0,DELAY_LATE_AIRCRAFT|DELAY_NAS
OME,12,125,-11.56,-7.52,25,28.6,31.2,0,,,DELAY_LATE_AIRCRAFT|DELAY_CARRIER
ONT,1,7735,-3.37,-10.8,945,32.28,25.14,545,173.16,167.44,DELAY_LATE_AIRCRAFT|DELAY_CARRIER|DELAY_NAS
ONT,2,7210,-3.18,-12.22,945,30.96,24.46,435,173.21,166.77,DELAY_LATE_AIRCRAFT|DELAY_NAS|DELAY_CARRIER
ONT,3,8170,-2.63,-8.64,1295,32.59,28.38,595,166.71,166.41,DELAY_LATE_AIRCRAFT|DELAY_NAS|DELAY_CARRIER
ONT,4,8590,-2.74,-8.62,1360,30.38,26.71,480,158.59,153.91,DELAY_LATE_AIRCRAFT|DELAY_NAS|DELAY_CARRIER
ONT,5,8775,-2.29,-7.72,1625,30.84,26.92,740,159.39,155.19,DELAY_LATE_AIRCRAFT|DELAY_NAS|DELAY_CARRIER
ONT,6,9200,-2.3,-7.21,1505,30.48,25.03,645,167.96,163.74,DELAY_LATE_AIRCRAFT|DELAY_CARRIER|DELAY_NAS
ONT,7,9505,-2.49,-7.25,1580,32.27,27.56,680,145.43,138.74,DELAY_LATE_AIRCRAFT|DELAY_CARRIER|DELAY_NAS
ONT,8,10315,-3.77,-8.58,1105,31.33,27.53,600,130.45,127.64,DELAY_LATE_AIRCRAFT|DELAY_CARRIER|DELAY_NAS
ONT,9,9895,-3.66,-10.28,1105,30.11,22.62,535,144.26,139.54,DELAY_LATE_AIRCRAFT|DELAY_CARRIER|DELAY_NAS
ONT,10,10515,-3.36,-10.02,965,29.76,23.82,415,148.23,136.95,DELAY_LATE_AIRCRAFT|DELAY_CARRIER|DELAY_NAS
ONT,11,9585,-3.27,-10.31,1010,31.18,23.88,385,155.1,149.82,DELAY_LATE_AIRCRAFT|DELAY_CARRIER|DELAY_NAS
ONT,12,8885,-2.7,-9.54,1100,30.18,23.94,515,149.17,144.93,DELAY_LATE_AIRCRAFT|DELAY_CARRIER|DELAY_NAS
ORD,1,67280,-1.92,-6.9,14565,32.16,30.5,12235,151.9,150.67,DELAY_LATE_AIRCRAFT|DELAY_NAS|DELAY_CARRIER
ORD,2,84840,-3.31,-11.58,8250,30.93,23.01,4215,138.99,132.19,DELAY_CARRIER|DELAY_LATE_AIRCRAFT|DELAY_NAS
ORD,3,91310,-2.79,-9.4,12550,31.66,25.23,6795,128.03,121.93,DELAY_LATE_AIRCRAFT|DELAY_NAS|DELAY_CARRIER
ORD,4,95945,-2.38,-8.06,14210,31.38,27.07,7390,141.88,138.02,DELAY_LATE_AIRCRAFT|DELAY_CARRIER|DELAY_NAS
ORD,5,84495,-1.53,-4.55,19425,33.01,33.37,17765,159.41,160.35,DELAY_LATE_AIRCRAFT|DELAY_NAS|DELAY_CARRIER
ORD,6,84270,-1.31,-5.65,19810,32.64,29.45,14845,143.54,140.89,DELAY_LATE_AIRCRAFT|DELAY_CARRIER|DELAY_NAS
ORD,7,81305,-1.08,-5.69,21270,32.6,30.16,16340,147.8,143.77,DELAY_LATE_AIRCRAFT|DELAY_CARRIER|DELAY_NAS
ORD,8,89050,-1.45,-5.89,21405,32.75,30.7,14795,137.27,133.87,DELAY_LATE_AIRCRAFT|DELAY_CARRIER|DELAY_NAS
ORD,9,103910,-2.76,-8.92,13670,31.41,24.53,6145,131.98,123.21,DELAY_CARRIER|DELAY_LATE_AIRCRAFT|DELAY_NAS
ORD,10,107775,-2.66,-10.11,12585,30.7,21.57,5055,127.42,118.14,DELAY_CARRIER|DELAY_LATE_AIRCRAFT|DELAY_NAS
ORD,11,95110,-2.9,-8.09,10870,31.7,29.01,5740,135.49,134.71,DELAY_CARRIER|DELAY_NAS|DELAY_LATE_AIRCRAFT
ORD,12,87770,-1.35,-8.2,15590,31.46,25.12,8945,141.8,135.32,DELAY_LATE_AIRCRAFT|DELAY_CARRIER|DELAY_NAS
ORF,1,6040,-4.41,-9.41,715,33.8,29.91,475,166.29,162.28,DELAY_LATE_AIRCRAFT|DELAY_NAS|DELAY_CARRIER
ORF,2,6335,-4.57,-10.22,490,30.14,22.28,235,150.6,145.47,DELAY_NAS|DELAY_LATE_AIRCRAFT|DELAY_CARRIER
ORF,3,6710,-3.79,-11.49,785,32.21,24.7,535,169.82,164.87,DELAY_LATE_AIRCRAFT|DELAY_NAS|DELAY_CARRIER
ORF,4,6960,-3.68,-8.25,920,31.78,25.99,515,157.79,152.24,DELAY_LATE_AIRCRAFT|DELAY_NAS|DELAY_CARRIER
ORF,5,6590,-2.7,-7.75,1240,30.03,26.22,840,158.7,155.3,DELAY_LATE_AIRCRAFT|DELAY_NAS|DELAY_CARRIER
ORF,6,6760,-2.35,-7.95,1485,31.2,24.6,785,187.15,183.61,DELAY_LATE_AIRCRAFT|DELAY_CARRIER|DELAY_NAS
ORF,7,6100,-1.84,-6.29,1720,32.75,30.39,1320,174.45,174.08,DELAY_LATE_AIRCRAFT|DELAY_CARRIER|DELAY_NAS
ORF,8,7245,-2.77,-6.98,1325,32.04,28.69,880,173.97,171.62,DELAY_LATE_AIRCRAFT|DELAY_NAS|DELAY_CARRIER
ORF,9,8170,-4.03,-8.44,775,30.79,28.02,455,127.46,129.14,DELAY_LATE_AIRCRAFT|DELAY_NAS|DELAY_CARRIER
ORF,10,8415,-4.3,-9.16,915,30.04,22.16,290,193.22,191.12,DELAY_LATE_AIRCRAFT|DELAY_NAS|DELAY_CARRIER
ORF,11,7830,-4.33,-11.11,750,29.15,21.37,345,139.87,133.72,DELAY_NAS|DELAY_CARRIER|DELAY_LATE_AIRCRAFT
ORF,12,6825,-2.44,-9.39,1145,30.55,23.46,600,163.97,156.33,DELAY_LATE_AIRCRAFT|DELAY_CARRIER|DELAY_NAS
ORH,1,350,-5.37,-11.17,75,29.67,29.0,35,219.71,222.14,DELAY_NAS|DELAY_LATE_AIRCRAFT|CANC_WEATHER
ORH,2,410,-4.48,-18.18,130,32.46,14.42,60,112.58,119.83,DELAY_LATE_AIRCRAFT|DELAY_CARRIER|DELAY_NAS
ORH,3,455,-5.1,-12.15,160,33.59,30.12,110,120.14,118.64,DELAY_LATE_AIRCRAFT|DELAY_NAS|CANC_CARRIER
ORH,4,505,-7.19,-15.42,45,32.89,30.22,35,111.57,123.29,DELAY_LATE_AIRCRAFT|DELAY_NAS|CANC_WEATHER
ORH,5,445,-4.82,-19.52,70,28.14,29.21,70,254.0,250.43,DELAY_LATE_AIRCRAFT|DELAY_NAS|DELAY_CARRIER
ORH,6,430,-5.17,-20.86,60,34.25,22.33,50,252.5,243.4,DELAY_NAS|DELAY_LATE_AIRCRAFT|CANC_NAS
ORH,7,400,-6.35,-14.19,80,34.81,24.12,100,169.65,172.35,DELAY_LATE_AIRCRAFT|DELAY_NAS|DELAY_CARRIER
ORH,8,385,-7.51,-15.62,65,34.31,30.38,90,139.83,140.72,DELAY_LATE_AIRCRAFT|DELAY_NAS|CANC_NAS
ORH,9,455,-7.74,-12.6,20,25.75,29.0,10,195.0,172.5,DELAY_NAS|DELAY_CARRIER|DELAY_LATE_AIRCRAFT
ORH,10,440,-7.98,-18.02,40,34.75,29.0,15,115.33,106.0,DELAY_LATE_AIRCRAFT|DELAY_NAS|CANC_WEATHER
ORH,11,510,-6.04,-14.8,35,34.29,12.29,30,181.33,174.33,DELAY_CARRIER|DELAY_LATE_AIRCRAFT|DELAY_NAS
ORH,12,455,-6.65,-8.14,75,34.4,26.87,55,207.36,203.36,DELAY_LATE_AIRCRAFT|DELAY_NAS|CANC_WEATHER
OTH,1,65,-2.08,-7.54,5,19.0,19.0,10,132.0,127.5,CANC_WEATHER|DELAY_CARRIER|DELAY_LATE_AIRCRAFT
OTH,2,35,-0.14,2.0,20,42.75,41.75,15,149.0,153.0,DELAY_NAS|CANC_WEATHER|DELAY_LATE_AIRCRAFT
OTH,3,45,-2.33,-0.67,25,31.4,33.6,10,120.0,132.5,DELAY_NAS|DELAY_LATE_AIRCRAFT|CANC_WEATHER
OTH,4,70,-1.29,0.14,65,36.08,42.15,15,89.0,93.0,DELAY_NAS|DELAY_CARRIER|DELAY_LATE_AIRCRAFT
OTH,5,115,-1.78,-6.3,35,39.71,41.86,20,572.0,558.25,DELAY_NAS|DELAY_CARRIER|DELAY_WEATHER
OTH,6,170,-3.03,-15.41,10,25.0,10.0,15,89.33,86.33,DELAY_NAS|DELAY_LATE_AIRCRAFT
OTH,7,145,-2.86,-13.31,20,43.5,30.75,35,280.14,271.57,DELAY_LATE_AIRCRAFT|DELAY_CARRIER|DELAY_WEATHER
OTH,8,110,-3.14,-10.73,45,27.56,21.11,35,118.14,106.57,DELAY_LATE_AIRCRAFT|DELAY_CARRIER|DELAY_NAS
OTH,9,95,-1.11,-5.11,80,27.5,18.38,15,435.33,424.67,DELAY_LATE_AIRCRAFT|DELAY_CARRIER|DELAY_NAS
OTH,10,140,-4.04,-7.68,15,39.33,32.33,25,403.2,397.4,DELAY_CARRIER|DELAY_LATE_AIRCRAFT|DELAY_WEATHER
OTH,11,60,-3.67,-6.25,25,33.2,32.4,0,,,DELAY_NAS|DELAY_CARRIER|DELAY_LATE_AIRCRAFT
OTH,12,75,-2.6,-16.33,20,33.5,25.5,10,140.5,135.0,DELAY_LATE_AIRCRAFT|DELAY_CARRIER|DELAY_NAS
OTZ,1,115,-14.26,-18.3,10,43.0,43.0,5,82.0,98.0,CANC_WEATHER|DELAY_LATE_AIRCRAFT|DELAY_NAS
OTZ,2,110,-14.5,-11.09,20,28.25,29.25,0,,,DELAY_LATE_AIRCRAFT|CANC_CARRIER
OTZ,3,125,-7.04,-8.04,0,,,10,235.5,231.5,CANC_WEATHER|DELAY_LATE_AIRCRAFT
OTZ,4,105,-9.0,-5.86,15,30.67,26.0,10,142.5,144.0,CANC_WEATHER|DELAY_LATE_AIRCRAFT|DELAY_NAS
OTZ,5,150,-10.9,-8.67,5,34.0,31.0,0,,,DELAY_LATE_AIRCRAFT
OTZ,6,130,-10.65,-6.19,10,23.5,24.5,10,157.0,164.0,DELAY_LATE_AIRCRAFT
OTZ,7,135,-11.41,-8.07,15,37.0,40.0,5,421.0,412.0,DELAY_LATE_AIRCRAFT|DELAY_NAS
OTZ,8,155,-7.87,-4.55,0,,,0,,,DELAY_NAS
OTZ,9,140,-12.43,-13.46,10,39.5,49.0,0,,,DELAY_CARRIER|DELAY_LATE_AIRCRAFT
OTZ,10,130,-11.23,-10.96,15,34.67,34.0,0,,,CANC_WEATHER|DELAY_LATE_AIRCRAFT|DELAY_SECURITY
OTZ,11,125,-11.48,-13.64,10,38.0,39.0,0,,,CANC_WEATHER|DELAY_LATE_AIRCRAFT
OTZ,12,120,-10.38,-10.42,20,35.5,37.5,5,105.0,105.0,DELAY_LATE_AIRCRAFT|CANC_WEATHER
PAE,1,315,-4.51,-5.67,55,30.55,35.36,10,83.0,72.0,CANC_CARRIER|DELAY_NAS|DELAY_LATE_AIRCRAFT
PAE,2,510,-5.5,-1.55,55,28.27,41.64,5,231.0,266.0,DELAY_NAS|DELAY_CARRIER|CANC_CARRIER
PAE,3,625,-5.53,-6.28,55,35.45,37.0,25,194.8,209.2,DELAY_NAS|DELAY_CARRIER|DELAY_LATE_AIRCRAFT
PAE,4,590,-5.36,-6.74,40,39.25,39.0,20,134.25,131.0,DELAY_NAS|DELAY_CARRIER|DELAY_LATE_AIRCRAFT
PAE,5,420,-6.11,-10.18,30,33.0,29.83,10,135.0,115.5,DELAY_LATE_AIRCRAFT|DELAY_NAS|DELAY_CARRIER
PAE,6,255,-3.49,-12.92,10,40.0,35.0,20,87.5,68.0,DELAY_LATE_AIRCRAFT|DELAY_CARRIER
PAE,7,230,-3.61,-16.2,60,34.42,24.67,0,,,DELAY_LATE_AIRCRAFT|DELAY_NAS
PAE,8,250,-5.46,-9.96,35,28.86,16.14,10,69.5,52.5,DELAY_NAS|DELAY_LATE_AIRCRAFT|DELAY_CARRIER
PAE,9,260,-8.48,-15.6,10,38.0,25.0,20,73.75,62.75,DELAY_LATE_AIRCRAFT|DELAY_CARRIER
PAE,10,295,-3.24,-6.25,20,25.0,23.25,5,71.0,68.0,DELAY_NAS|DELAY_LATE_AIRCRAFT|DELAY_CARRIER
PAE,11,340,-4.25,-8.38,35,33.0,31.29,15,106.67,116.0,DELAY_LATE_AIRCRAFT|DELAY_CARRIER|DELAY_NAS
PAE,12,415,-3.45,-13.98,65,27.46,14.77,25,93.2,90.4,DELAY_LATE_AIRCRAFT|DELAY_NAS|DELAY_CARRIER
PBG,1,130,-7.69,-13.38,40,37.12,23.88,30,178.33,185.5,DELAY_LATE_AIRCRAFT|DELAY_NAS|DELAY_WEATHER
PBG,2,160,-4.38,-11.09,55,37.0,24.09,30,111.0,125.5,DELAY_LATE_AIRCRAFT|DELAY_NAS|DELAY_CARRIER
PBG,3,115,1.7,4.26,60,27.33,17.25,30,139.33,132.5,DELAY_LATE_AIRCRAFT|DELAY_NAS|CANC_CARRIER
PBG,4,195,-6.64,-23.72,45,26.78,13.33,15,146.0,151.67,DELAY_NAS|DELAY_CARRIER|DELAY_WEATHER
PBG,5,80,-10.38,-12.19,30,35.67,35.33,15,507.67,515.67,DELAY_CARRIER|DELAY_LATE_AIRCRAFT|CANC_CARRIER
PBG,6,105,-5.33,-11.38,25,39.6,39.8,25,324.4,330.4,DELAY_LATE_AIRCRAFT|DELAY_CARRIER|DELAY_NAS
PBG,7,165,-4.82,-10.42,45,30.89,26.89,20,138.5,144.0,DELAY_LATE_AIRCRAFT|DELAY_NAS|DELAY_CARRIER
PBG,8,95,-3.37,2.37,35,37.0,31.14,35,181.0,186.43,DELAY_LATE_AIRCRAFT|DELAY_NAS|DELAY_CARRIER
PBG,9,75,-10.8,-16.0,15,33.67,32.33,0,,,CANC_WEATHER|DELAY_CARRIER|DELAY_LATE_AIRCRAFT
PBG,10,165,-10.7,-22.33,10,23.0,23.0,10,103.5,78.5,CANC_WEATHER|DELAY_CARRIER|DELAY_LATE_AIRCRAFT
PBG,11,205,-11.05,-22.78,10,16.5,15.0,10,118.5,91.5,DELAY_CARRIER|DELAY_NAS|DELAY_WEATHER
PBG,12,185,-6.59,-14.16,80,31.5,38.62,50,417.2,421.1,DELAY_NAS|DELAY_LATE_AIRCRAFT|CANC_NAS
PBI,1,10315,-3.48,-12.21,2245,31.56,25.24,1390,171.42,166.09,DELAY_LATE_AIRCRAFT|DELAY_CARRIER|DELAY_NAS
PBI,2,11465,-4.4,-8.45,1605,30.84,22.89,915,167.31,159.27,DELAY_LATE_AIRCRAFT|DELAY_CARRIER|DELAY_NAS
PBI,3,11255,-2.92,-7.98,2510,32.31,25.72,1795,151.76,146.97,DELAY_LATE_AIRCRAFT|DELAY_NAS|DELAY_CARRIER
PBI,4,10760,-3.59,-8.13,1645,31.95,26.04,1235,163.12,155.09,DELAY_LATE_AIRCRAFT|DELAY_CARRIER|DELAY_NAS
PBI,5,8925,-2.64,-6.63,1625,32.35,30.02,1400,164.14,164.06,DELAY_LATE_AIRCRAFT|DELAY_NAS|DELAY_CARRIER
PBI,6,7285,-3.29,-8.09,1295,32.16,27.51,1155,164.3,160.28,DELAY_LATE_AIRCRAFT|DELAY_NAS|DELAY_CARRIER
PBI,7,6905,-3.1,-6.78,1535,31.06,30.81,1405,163.41,164.47,DELAY_LATE_AIRCRAFT|DELAY_NAS|DELAY_CARRIER
PBI,8,6510,-2.81,-6.44,1535,34.04,33.49,1230,155.8,154.68,DELAY_LATE_AIRCRAFT|DELAY_NAS|DELAY_CARRIER
PBI,9,7460,-4.33,-9.9,1045,31.59,25.66,415,175.51,169.78,DELAY_LATE_AIRCRAFT|DELAY_CARRIER|DELAY_NAS
PBI,10,8760,-4.68,-10.75,965,29.74,20.83,465,149.73,141.02,DELAY_LATE_AIRCRAFT|CANC_WEATHER|DELAY_CARRIER
PBI,11,10735,-4.55,-10.13,1290,30.99,24.69,605,130.48,126.35,DELAY_LATE_AIRCRAFT|DELAY_NAS|DELAY_CARRIER
PBI,12,10305,-3.35,-7.86,2610,32.81,28.64,1780,145.8,141.83,DELAY_LATE_AIRCRAFT|DELAY_NAS|DELAY_CARRIER
PDX,1,15115,-2.38,-5.93,2595,31.65,28.26,1650,157.21,155.04,DELAY_LATE_AIRCRAFT|DELAY_CARRIER|CANC_CARRIER
PDX,2,17310,-3.78,-6.99,1775,32.05,29.69,880,136.88,136.68,DELAY_NAS|DELAY_CARRIER|DELAY_LATE_AIRCRAFT
PDX,3,19760,-3.4,-6.95,2415,31.81,29.81,1015,140.28,138.99,DELAY_NAS|DELAY_LATE_AIRCRAFT|DELAY_CARRIER
PDX,4,20120,-4.0,-7.7,2450,32.48,28.51,1135,153.07,150.3,DELAY_LATE_AIRCRAFT|DELAY_NAS|DELAY_CARRIER
PDX,5,20665,-3.42,-7.98,3095,31.09,24.91,1520,146.29,142.76,DELAY_LATE_AIRCRAFT|DELAY_NAS|DELAY_CARRIER
PDX,6,20395,-2.11,-8.37,4025,30.6,22.83,1700,137.69,131.02,DELAY_LATE_AIRCRAFT|DELAY_NAS|DELAY_CARRIER
PDX,7,21235,-2.49,-6.72,3770,31.17,26.23,1780,147.4,143.12,DELAY_LATE_AIRCRAFT|DELAY_CARRIER|DELAY_NAS
PDX,8,22875,-2.84,-5.97,3100,30.82,27.17,1465,147.25,144.48,DELAY_LATE_AIRCRAFT|DELAY_NAS|DELAY_CARRIER
PDX,9,22915,-3.64,-6.85,2235,30.06,26.32,965,137.56,134.42,DELAY_LATE_AIRCRAFT|DELAY_NAS|DELAY_CARRIER
PDX,10,23440,-3.58,-7.36,2025,30.66,26.71,715,140.76,135.92,DELAY_LATE_AIRCRAFT|DELAY_CARRIER|DELAY_NAS
PDX,11,21455,-3.65,-8.02,2050,29.3,24.95,715,144.45,145.68,DELAY_NAS|DELAY_LATE_AIRCRAFT|DELAY_CARRIER
PDX,12,20765,-2.12,-7.46,3125,29.56,22.32,1300,143.14,135.67,DELAY_LATE_AIRCRAFT|DELAY_NAS|DELAY_CARRIER
PGD,1,2010,-6.04,-12.71,415,33.65,25.94,215,133.16,133.65,DELAY_LATE_AIRCRAFT|DELAY_CARRIER|DELAY_NAS
PGD,2,2455,-6.76,-6.51,340,32.57,31.22,125,195.52,204.04,DELAY_NAS|DELAY_CARRIER|DELAY_LATE_AIRCRAFT
PGD,3,2900,-6.67,-9.63,545,34.01,33.02,340,155.53,153.81,DELAY_LATE_AIRCRAFT|DELAY_CARRIER|DELAY_NAS
PGD,4,2330,-7.03,-10.05,165,35.39,31.94,190,163.76,160.05,DELAY_CARRIER|DELAY_LATE_AIRCRAFT|DELAY_NAS
PGD,5,1630,-5.54,-8.8,280,28.84,29.5,180,170.89,178.42,DELAY_LATE_AIRCRAFT|DELAY_CARRIER|DELAY_NAS
PGD,6,1890,-5.46,-9.66,290,29.52,27.22,245,141.35,146.0,DELAY_LATE_AIRCRAFT|DELAY_CARRIER|DELAY_NAS
PGD,7,1850,-5.28,-8.48,370,32.31,36.05,245,145.35,146.69,DELAY_LATE_AIRCRAFT|DELAY_CARRIER|DELAY_WEATHER
PGD,8,1265,-7.56,-11.01,250,32.64,28.96,235,165.83,166.06,DELAY_LATE_AIRCRAFT|DELAY_CARRIER|DELAY_WEATHER
PGD,9,1145,-7.28,-13.83,160,31.0,27.22,100,133.05,131.15,DELAY_CARRIER|DELAY_LATE_AIRCRAFT|DELAY_WEATHER
PGD,10,1870,-6.96,-13.2,295,28.92,22.86,150,161.53,154.63,CANC_WEATHER|DELAY_CARRIER|DELAY_LATE_AIRCRAFT
PGD,11,2355,-6.68,-10.42,270,26.52,23.81,70,126.64,123.86,DELAY_CARRIER|DELAY_LATE_AIRCRAFT|DELAY_NAS
PGD,12,2855,-6.74,-11.57,540,32.52,28.74,440,162.65,159.77,DELAY_LATE_AIRCRAFT|DELAY_CARRIER|DELAY_NAS
PHL,1,26090,-3.64,-8.32,4400,32.46,35.15,3185,159.89,172.31,DELAY_NAS|DELAY_LATE_AIRCRAFT|DELAY_CARRIER
PHL,2,28130,-3.96,-13.53,2905,30.49,21.63,1630,138.91,130.96,DELAY_LATE_AIRCRAFT|DELAY_NAS|DELAY_CARRIER
PHL,3,29365,-3.44,-13.21,4805,30.82,21.04,2860,146.01,138.04,DELAY_LATE_AIRCRAFT|DELAY_NAS|DELAY_CARRIER
PHL,4,32265,-3.48,-10.68,4155,30.29,22.17,2745,155.09,149.19,DELAY_LATE_AIRCRAFT|DELAY_NAS|DELAY_CARRIER
PHL,5,32995,-2.84,-7.81,5925,32.22,27.83,4190,147.71,143.05,DELAY_LATE_AIRCRAFT|DELAY_NAS|DELAY_CARRIER
PHL,6,33330,-2.44,-10.18,7125,32.45,25.8,5000,160.87,153.92,DELAY_LATE_AIRCRAFT|DELAY_CARRIER|DELAY_NAS
PHL,7,31645,-2.31,-7.98,8790,32.82,28.52,7405,153.71,148.21,DELAY_LATE_AIRCRAFT|DELAY_CARRIER|DELAY_NAS
PHL,8,33285,-2.26,-6.77,8725,32.41,33.26,6530,164.02,165.84,DELAY_LATE_AIRCRAFT|DELAY_CARRIER|DELAY_NAS
PHL,9,37680,-4.29,-9.74,4655,31.35,27.11,2505,135.01,125.79,DELAY_LATE_AIRCRAFT|DELAY_NAS|DELAY_CARRIER
PHL,10,40165,-4.04,-11.83,4120,30.03,21.72,2035,163.59,154.12,DELAY_LATE_AIRCRAFT|DELAY_CARRIER|DELAY_NAS
PHL,11,32905,-4.46,-13.27,3205,32.09,21.99,1775,146.16,135.44,DELAY_LATE_AIRCRAFT|DELAY_CARRIER|DELAY_NAS
PHL,12,28695,-2.44,-9.09,5210,31.04,24.78,3120,152.92,146.2,DELAY_LATE_AIRCRAFT|DELAY_CARRIER|DELAY_NAS
PHX,1,59755,-2.17,-6.11,10860,31.19,25.7,4530,147.9,142.83,DELAY_LATE_AIRCRAFT|DELAY_CARRIER|DELAY_NAS
PHX,2,62205,-2.2,-8.16,8890,29.97,23.03,2725,127.83,122.77,DELAY_LATE_AIRCRAFT|DELAY_CARRIER|DELAY_NAS
PHX,3,67880,-1.61,-6.37,12910,31.47,25.69,5500,137.72,133.1,DELAY_LATE_AIRCRAFT|DELAY_CARRIER|DELAY_NAS
PHX,4,66080,-1.52,-7.91,11670,30.63,23.31,4480,130.49,123.96,DELAY_LATE_AIRCRAFT|DELAY_CARRIER|DELAY_NAS
PHX,5,61990,-1.25,-6.7,13885,31.82,25.23,6935,131.05,124.59,DELAY_LATE_AIRCRAFT|DELAY_CARRIER|DELAY_NAS
PHX,6,57100,-1.38,-5.11,13125,31.11,26.7,5845,127.49,122.95,DELAY_LATE_AIRCRAFT|DELAY_CARRIER|DELAY_NAS
PHX,7,55870,-1.67,-5.67,13490,31.83,27.04,7710,149.47,145.35,DELAY_LATE_AIRCRAFT|DELAY_CARRIER|DELAY_NAS
PHX,8,60630,-2.37,-6.72,10225,31.57,28.2,5365,136.43,135.3,DELAY_LATE_AIRCRAFT|DELAY_CARRIER|DELAY_NAS
PHX,9,63990,-2.83,-8.92,8160,30.72,23.09,3000,130.31,123.61,DELAY_LATE_AIRCRAFT|DELAY_CARRIER|DELAY_NAS
PHX,10,71065,-2.53,-7.86,9660,30.64,24.73,3845,127.53,122.83,DELAY_CARRIER|DELAY_LATE_AIRCRAFT|DELAY_NAS
PHX,11,70695,-2.55,-10.58,9640,30.23,21.28,3430,124.19,117.08,DELAY_LATE_AIRCRAFT|DELAY_CARRIER|DELAY_NAS
PHX,12,69810,-2.11,-8.49,11440,30.83,23.84,4950,128.92,123.98,DELAY_LATE_AIRCRAFT|DELAY_CARRIER|DELAY_NAS
PIA,1,870,-4.39,-11.08,200,30.05,29.38,180,178.44,174.56,CANC_WEATHER|DELAY_LATE_AIRCRAFT|DELAY_NAS
PIA,2,1250,-5.84,-13.51,60,29.92,27.92,85,157.0,144.76,DELAY_NAS|DELAY_CARRIER|DELAY_LATE_AIRCRAFT
PIA,3,1280,-5.13,-13.75,155,30.23,27.13,150,157.33,155.67,DELAY_LATE_AIRCRAFT|DELAY_NAS|DELAY_CARRIER
PIA,4,1175,-6.17,-9.73,150,31.23,29.4,95,187.95,184.58,DELAY_LATE_AIRCRAFT|DELAY_NAS|DELAY_CARRIER
PIA,5,1080,-5.48,-7.19,185,35.27,35.92,200,152.5,157.18,DELAY_LATE_AIRCRAFT|DELAY_NAS|DELAY_CARRIER
PIA,6,1145,-4.95,-7.96,265,28.47,24.94,170,185.0,180.65,DELAY_LATE_AIRCRAFT|DELAY_CARRIER|DELAY_NAS
PIA,7,1225,-5.66,-6.42,250,33.56,35.9,110,222.68,224.77,DELAY_LATE_AIRCRAFT|DELAY_NAS|DELAY_CARRIER
PIA,8,1185,-6.01,-7.27,185,31.0,27.22,125,196.12,195.2,DELAY_LATE_AIRCRAFT|DELAY_CARRIER|DELAY_NAS
PIA,9,1335,-6.71,-8.84,130,29.15,28.23,130,192.65,193.19,DELAY_LATE_AIRCRAFT|DELAY_NAS|DELAY_CARRIER
PIA,10,1360,-6.55,-12.26,155,33.06,26.9,65,169.23,153.23,DELAY_CARRIER|DELAY_LATE_AIRCRAFT|DELAY_NAS
PIA,11,1275,-7.03,-14.35,155,30.87,27.71,125,158.32,153.48,DELAY_LATE_AIRCRAFT|DELAY_CARRIER|DELAY_NAS
PIA,12,1430,-5.05,-12.24,260,30.44,32.38,180,166.78,163.08,DELAY_LATE_AIRCRAFT|DELAY_NAS|DELAY_CARRIER
PIB,1,205,-6.78,-28.83,20,40.0,18.5,15,180.0,164.67,CANC_WEATHER|DELAY_LATE_AIRCRAFT|DELAY_CARRIER
PIB,2,210,-10.0,-24.67,20,44.5,34.25,20,141.25,130.5,DELAY_LATE_AIRCRAFT|DELAY_CARRIER
PIB,3,200,-7.12,-7.12,35,32.71,33.0,25,317.2,313.4,DELAY_LATE_AIRCRAFT|DELAY_CARRIER|DELAY_NAS
PIB,4,215,-8.42,-7.44,30,29.67,26.5,10,160.5,188.5,DELAY_LATE_AIRCRAFT|DELAY_CARRIER
PIB,5,170,-6.65,-2.94,35,32.57,32.14,30,278.5,281.83,DELAY_LATE_AIRCRAFT|CANC_WEATHER|DELAY_CARRIER
PIB,6,220,-5.73,-6.68,15,29.67,28.0,10,183.5,187.0,DELAY_CARRIER|DELAY_LATE_AIRCRAFT|CANC_WEATHER
PIB,7,190,-7.5,1.0,20,25.75,27.0,35,139.57,140.71,DELAY_LATE_AIRCRAFT|DELAY_CARRIER|CANC_WEATHER
PIB,8,210,-7.71,-13.5,35,38.14,33.29,15,424.33,417.67,DELAY_LATE_AIRCRAFT|DELAY_CARRIER|DELAY_NAS
PIB,9,225,-10.13,-12.91,20,24.25,16.25,15,214.67,210.0,DELAY_LATE_AIRCRAFT|DELAY_CARRIER
PIB,10,225,-7.13,-10.24,20,33.0,26.25,20,142.0,131.5,DELAY_LATE_AIRCRAFT|DELAY_CARRIER
PIB,11,235,-8.11,-9.09,15,38.33,43.33,10,95.5,90.5,DELAY_CARRIER|DELAY_LATE_AIRCRAFT|DELAY_WEATHER
PIB,12,230,-5.83,-5.24,10,25.5,23.0,15,76.33,71.33,DELAY_CARRIER|DELAY_LATE_AIRCRAFT|CANC_WEATHER
PIE,1,2335,-7.65,-15.23,330,34.02,29.48,205,181.29,175.51,DELAY_LATE_AIRCRAFT|DELAY_CARRIER|DELAY_NAS
PIE,2,2475,-7.99,-9.65,310,30.53,29.92,165,139.61,143.12,DELAY_LATE_AIRCRAFT|DELAY_NAS|DELAY_CARRIER
PIE,3,3180,-7.72,-9.56,500,32.08,32.47,200,141.3,137.2,DELAY_LATE_AIRCRAFT|DELAY_NAS|DELAY_CARRIER
PIE,4,2805,-7.63,-10.64,255,33.37,30.35,120,152.0,149.62,DELAY_LATE_AIRCRAFT|DELAY_CARRIER|DELAY_NAS
PIE,5,2595,-5.85,-9.16,465,30.33,27.67,265,190.49,189.09,DELAY_LATE_AIRCRAFT|DELAY_CARRIER|DELAY_NAS
PIE,6,3200,-5.49,-8.83,660,33.11,32.76,425,149.8,153.15,DELAY_LATE_AIRCRAFT|DELAY_CARRIER|DELAY_WEATHER
PIE,7,3185,-4.26,-6.47,880,34.2,34.05,575,132.51,133.47,DELAY_WEATHER|DELAY_LATE_AIRCRAFT|DELAY_CARRIER
PIE,8,2475,-6.21,-10.85,415,32.43,31.28,350,164.7,164.7,DELAY_LATE_AIRCRAFT|DELAY_CARRIER|DELAY_WEATHER
PIE,9,1760,-7.33,-11.61,300,28.8,25.45,145,183.76,183.34,CANC_WEATHER|DELAY_LATE_AIRCRAFT|DELAY_CARRIER
PIE,10,2320,-8.19,-12.44,235,31.53,26.23,110,143.41,138.55,CANC_WEATHER|DELAY_CARRIER|DELAY_NAS
PIE,11,2700,-8.84,-11.18,290,27.83,28.57,140,123.96,125.21,DELAY_CARRIER|DELAY_LATE_AIRCRAFT|DELAY_NAS
PIE,12,3015,-7.61,-10.35,540,30.36,30.15,385,135.81,139.57,DELAY_LATE_AIRCRAFT|DELAY_CARRIER|DELAY_NAS
PIH,1,290,-7.21,-8.05,10,32.5,31.5,10,101.5,105.0,DELAY_CARRIER|DELAY_WEATHER|DELAY_NAS
PIH,2,285,-9.65,-13.51,0,,,5,240.0,230.0,DELAY_CARRIER
PIH,3,295,-6.86,-11.2,0,,,15,133.0,130.33,DELAY_CARRIER|DELAY_NAS|DELAY_WEATHER
PIH,4,280,-8.7,-16.59,0,,,20,136.0,122.5,DELAY_CARRIER|DELAY_WEATHER
PIH,5,285,-7.33,-13.89,5,43.0,29.0,20,103.25,96.0,DELAY_CARRIER|DELAY_WEATHER
PIH,6,270,-6.39,-12.0,10,24.5,21.5,20,137.0,133.0,DELAY_CARRIER
PIH,7,295,-7.08,-14.73,5,53.0,50.0,10,97.0,89.5,DELAY_CARRIER
PIH,8,300,-9.15,-16.35,0,,,10,71.0,62.0,DELAY_CARRIER|DELAY_WEATHER
PIH,9,275,-8.82,-17.15,0,,,5,255.0,247.0,DELAY_CARRIER
PIH,10,260,-8.96,-16.46,5,18.0,5.0,0,,,DELAY_CARRIER
PIH,11,230,-9.07,-12.52,0,,,0,,,DELAY_CARRIER
PIH,12,270,-8.35,-17.81,15,29.33,25.0,0,,,DELAY_CARRIER|DELAY_WEATHER
PIT,1,13390,-4.01,-9.89,1545,31.28,27.95,920,175.35,174.7,DELAY_NAS|DELAY_LATE_AIRCRAFT|DELAY_CARRIER
PIT,2,13735,-4.6,-15.41,1250,30.65,20.28,530,147.59,143.78,DELAY_NAS|DELAY_LATE_AIRCRAFT|DELAY_CARRIER
PIT,3,15050,-4.02,-12.11,1815,30.22,24.06,1060,151.18,147.78,DELAY_NAS|DELAY_LATE_AIRCRAFT|DELAY_CARRIER
PIT,4,15040,-4.06,-8.77,1705,31.01,25.01,805,176.54,174.89,DELAY_NAS|DELAY_LATE_AIRCRAFT|DELAY_CARRIER
PIT,5,14865,-3.35,-6.36,2360,31.71,29.08,1465,145.42,147.09,DELAY_LATE_AIRCRAFT|DELAY_NAS|DELAY_CARRIER
PIT,6,15175,-3.23,-7.31,2600,32.42,28.85,1525,140.01,136.95,DELAY_LATE_AIRCRAFT|DELAY_NAS|DELAY_CARRIER
PIT,7,14890,-3.31,-6.61,2830,31.75,29.41,1990,150.26,150.28,DELAY_LATE_AIRCRAFT|DELAY_NAS|DELAY_CARRIER
PIT,8,15285,-3.57,-7.81,2365,33.29,31.5,1660,163.32,163.0,DELAY_LATE_AIRCRAFT|DELAY_NAS|DELAY_CARRIER
PIT,9,16740,-4.56,-10.77,1370,30.57,26.77,645,174.02,167.79,DELAY_NAS|DELAY_LATE_AIRCRAFT|DELAY_CARRIER
PIT,10,17430,-4.01,-11.62,1375,28.29,18.73,570,158.17,151.5,DELAY_NAS|DELAY_LATE_AIRCRAFT|DELAY_CARRIER
PIT,11,15130,-4.2,-10.77,1190,29.82,23.37,560,110.13,107.56,DELAY_NAS|DELAY_CARRIER|DELAY_LATE_AIRCRAFT
PIT,12,13700,-2.37,-8.05,2085,30.86,25.97,1045,141.46,139.32,DELAY_NAS|DELAY_LATE_AIRCRAFT|DELAY_CARRIER
PLN,1,135,-12.59,-24.89,25,34.0,26.0,40,277.38,271.38,CANC_WEATHER|DELAY_CARRIER|DELAY_WEATHER
PLN,2,220,-16.0,-37.39,5,28.0,1.0,25,149.6,135.0,DELAY_CARRIER|DELAY_WEATHER
PLN,3,235,-11.6,-23.57,20,32.5,26.0,15,157.67,144.33,DELAY_CARRIER|DELAY_WEATHER
PLN,4,190,-10.84,-15.26,15,22.33,27.67,50,133.6,136.1,DELAY_CARRIER|DELAY_WEATHER|DELAY_NAS
PLN,5,270,-9.33,-14.52,35,39.57,31.14,40,174.25,171.25,DELAY_CARRIER|DELAY_WEATHER
PLN,6,455,-9.38,-13.71,50,38.2,33.6,50,134.2,130.9,DELAY_CARRIER|DELAY_WEATHER|DELAY_NAS
PLN,7,430,-8.64,-13.95,65,31.38,25.38,70,103.93,98.36,DELAY_CARRIER|DELAY_WEATHER|CANC_CARRIER
PLN,8,490,-7.56,-12.39,35,36.71,33.0,55,116.91,108.27,DELAY_CARRIER|DELAY_WEATHER|DELAY_NAS
PLN,9,300,-8.72,-15.7,20,38.5,32.5,25,246.2,242.6,DELAY_CARRIER|DELAY_WEATHER|DELAY_NAS
PLN,10,225,-7.42,-13.4,20,38.75,28.25,15,228.0,225.0,DELAY_CARRIER|DELAY_NAS|DELAY_WEATHER
PLN,11,215,-8.7,-11.28,15,27.67,23.0,35,167.86,166.86,DELAY_CARRIER|DELAY_NAS|DELAY_SECURITY
PLN,12,200,-9.47,-19.7,35,36.71,32.0,25,218.6,213.0,DELAY_CARRIER|CANC_WEATHER
PNS,1,3320,-4.25,-10.0,495,30.59,27.11,375,170.0,166.8,DELAY_LATE_AIRCRAFT|DELAY_CARRIER|DELAY_NAS
PNS,2,3865,-5.18,-10.19,370,29.59,23.03,205,247.05,247.0,DELAY_LATE_AIRCRAFT|DELAY_CARRIER|DELAY_NAS
PNS,3,4385,-4.42,-9.64,815,32.9,26.33,435,158.99,158.82,DELAY_LATE_AIRCRAFT|DELAY_NAS|DELAY_CARRIER
PNS,4,4640,-3.87,-7.17,600,32.27,26.38,350,206.4,204.5,DELAY_LATE_AIRCRAFT|DELAY_NAS|DELAY_CARRIER
PNS,5,4155,-2.82,-4.91,990,32.45,30.62,790,197.85,198.8,DELAY_LATE_AIRCRAFT|DELAY_NAS|DELAY_CARRIER
PNS,6,5175,-3.67,-7.95,1015,31.93,27.04,570,175.96,172.53,DELAY_LATE_AIRCRAFT|DELAY_NAS|DELAY_CARRIER
PNS,7,4725,-3.89,-7.59,1210,31.99,26.67,925,174.82,175.14,DELAY_LATE_AIRCRAFT|DELAY_CARRIER|DELAY_NAS
PNS,8,4750,-4.13,-8.88,655,32.94,30.19,370,182.77,182.03,DELAY_LATE_AIRCRAFT|DELAY_NAS|DELAY_CARRIER
PNS,9,4810,-4.8,-9.7,460,29.92,26.37,185,147.35,141.14,DELAY_LATE_AIRCRAFT|DELAY_NAS|DELAY_CARRIER
PNS,10,4740,-3.9,-10.02,460,28.39,22.93,155,175.97,172.29,DELAY_LATE_AIRCRAFT|DELAY_CARRIER|DELAY_NAS
PNS,11,4355,-4.61,-8.93,335,28.97,22.7,135,167.15,174.22,DELAY_LATE_AIRCRAFT|DELAY_CARRIER|DELAY_NAS
PNS,12,3935,-3.36,-8.0,675,33.74,30.55,370,183.66,182.18,DELAY_LATE_AIRCRAFT|DELAY_NAS|DELAY_CARRIER
PPG,1,40,-3.25,-1.62,10,32.5,32.5,0,,,DELAY_LATE_AIRCRAFT
PPG,2,25,-1.6,-12.8,20,26.0,28.25,0,,,DELAY_CARRIER|DELAY_LATE_AIRCRAFT
PPG,3,40,-0.38,-3.12,0,,,0,,,DELAY_CARRIER
PPG,4,35,-0.29,1.14,10,42.0,37.5,0,,,DELAY_CARRIER|DELAY_LATE_AIRCRAFT
PPG,5,50,4.3,3.5,5,50.0,42.0,0,,,DELAY_CARRIER|DELAY_LATE_AIRCRAFT
PPG,6,45,-4.33,-1.11,10,31.0,32.0,5,70.0,66.0,DELAY_CARRIER
PPG,7,50,4.0,-0.2,15,23.0,16.0,5,1087.0,1088.0,DELAY_CARRIER
PPG,8,50,-1.5,-12.1,0,,,15,248.67,236.67,DELAY_LATE_AIRCRAFT|DELAY_CARRIER
PPG,9,40,-1.0,-10.12,5,21.0,9.0,5,123.0,127.0,DELAY_CARRIER
PPG,10,45,4.56,-5.67,0,,,0,,,N/D
PPG,11,25,5.6,-6.8,15,15.67,8.33,0,,,N/D
PPG,12,60,-6.67,-10.83,0,,,0,,,N/D
PQI,9,105,-2.81,-13.33,15,28.0,15.33,5,575.0,564.0,DELAY_CARRIER
PQI,10,135,-2.93,-9.96,20,18.0,12.25,0,,,DELAY_CARRIER|DELAY_NAS
PQI,11,130,-4.92,-8.23,20,23.0,9.5,0,,,DELAY_NAS|DELAY_CARRIER
PQI,12,135,-2.96,-1.19,5,16.0,20.0,10,138.5,130.5,DELAY_NAS|CANC_NAS|DELAY_CARRIER
PRC,1,255,-5.88,-9.1,25,29.4,18.8,25,187.6,184.2,DELAY_CARRIER|DELAY_LATE_AIRCRAFT|DELAY_NAS
PRC,2,220,-7.05,-6.32,30,28.83,23.5,30,432.17,422.83,DELAY_CARRIER|DELAY_LATE_AIRCRAFT|DELAY_WEATHER
PRC,3,260,-5.54,-7.88,15,32.67,28.33,30,145.5,134.0,DELAY_CARRIER|DELAY_LATE_AIRCRAFT|DELAY_NAS
PRC,4,235,-5.85,-5.57,30,31.67,34.67,35,362.57,356.43,DELAY_CARRIER|DELAY_NAS|DELAY_LATE_AIRCRAFT
PRC,5,225,-7.02,-8.44,50,29.8,31.8,35,244.0,241.14,DELAY_WEATHER|DELAY_CARRIER|DELAY_LATE_AIRCRAFT
PRC,6,225,-5.4,-9.24,30,35.17,31.33,45,104.22,110.89,DELAY_CARRIER|DELAY_LATE_AIRCRAFT|DELAY_WEATHER
PRC,7,240,-4.08,-10.69,35,35.14,28.14,35,127.29,125.71,DELAY_CARRIER|DELAY_LATE_AIRCRAFT
PRC,8,180,-7.17,-12.33,45,28.67,29.44,85,276.65,271.71,DELAY_CARRIER|DELAY_LATE_AIRCRAFT|DELAY_NAS
PRC,9,270,-7.28,-10.54,20,27.25,19.5,5,179.0,177.0,DELAY_CARRIER|DELAY_LATE_AIRCRAFT|DELAY_WEATHER
PRC,10,275,-7.13,-10.73,15,37.0,33.0,20,442.25,444.75,DELAY_CARRIER|DELAY_LATE_AIRCRAFT
PRC,11,240,-7.17,-10.62,30,46.67,45.0,20,118.75,107.5,DELAY_CARRIER|DELAY_LATE_AIRCRAFT|CANC_WEATHER
PRC,12,255,-7.27,-11.43,20,44.75,32.5,35,136.43,132.71,DELAY_CARRIER|DELAY_LATE_AIRCRAFT
PSC,1,1350,-3.85,-7.9,200,29.18,32.08,255,177.12,174.27,DELAY_WEATHER|DELAY_CARRIER|DELAY_NAS
PSC,2,1540,-5.36,-10.84,135,32.67,30.33,70,169.93,159.57,DELAY_CARRIER|DELAY_NAS|DELAY_LATE_AIRCRAFT
PSC,3,1790,-5.43,-11.11,105,35.05,30.38,50,110.9,113.7,DELAY_CARRIER|DELAY_NAS|DELAY_LATE_AIRCRAFT
PSC,4,1785,-5.95,-10.42,170,28.44,25.53,45,107.56,103.78,DELAY_CARRIER|DELAY_NAS|DELAY_LATE_AIRCRAFT
PSC,5,1900,-4.63,-9.79,150,28.9,24.4,75,117.6,115.07,DELAY_CARRIER|DELAY_NAS|DELAY_LATE_AIRCRAFT
PSC,6,1760,-3.85,-8.03,195,29.21,27.85,90,154.89,147.44,DELAY_CARRIER|DELAY_LATE_AIRCRAFT|DELAY_NAS
PSC,7,1955,-3.63,-8.27,245,30.33,27.76,90,300.67,300.61,DELAY_CARRIER|DELAY_NAS|DELAY_LATE_AIRCRAFT
PSC,8,1840,-3.85,-6.65,195,30.74,32.85,80,121.81,122.5,DELAY_CARRIER|DELAY_NAS|DELAY_LATE_AIRCRAFT
PSC,9,1870,-4.84,-9.15,140,33.11,27.07,100,160.05,157.3,DELAY_CARRIER|DELAY_WEATHER|DELAY_LATE_AIRCRAFT
PSC,10,2265,-4.62,-11.16,125,30.84,23.8,110,95.18,85.05,DELAY_CARRIER|DELAY_LATE_AIRCRAFT|DELAY_NAS
PSC,11,2195,-3.82,-10.89,220,30.16,22.43,75,137.6,132.93,DELAY_CARRIER|DELAY_NAS|DELAY_LATE_AIRCRAFT
PSC,12,2395,-3.82,-10.13,235,30.89,24.28,190,184.45,174.32,DELAY_CARRIER|DELAY_NAS|DELAY_WEATHER
PSE,1,375,-7.89,-11.17,35,31.29,29.86,45,189.78,194.67,DELAY_LATE_AIRCRAFT|DELAY_CARRIER|DELAY_NAS
PSE,2,360,-10.68,-11.76,60,40.67,38.42,0,,,DELAY_LATE_AIRCRAFT|DELAY_CARRIER|DELAY_NAS
PSE,3,450,-9.4,-12.58,65,26.92,23.38,45,133.89,133.11,DELAY_LATE_AIRCRAFT|DELAY_CARRIER|DELAY_NAS
PSE,4,490,-11.04,-19.13,35,39.57,28.86,35,96.29,91.71,DELAY_LATE_AIRCRAFT|DELAY_NAS|DELAY_CARRIER
PSE,5,360,-8.44,-20.56,70,33.21,26.36,30,98.83,87.0,DELAY_LATE_AIRCRAFT|CANC_WEATHER|DELAY_NAS
PSE,6,285,-7.44,-13.11,60,38.75,31.67,50,158.0,144.9,DELAY_LATE_AIRCRAFT|DELAY_NAS|DELAY_CARRIER
PSE,7,330,-6.36,-10.21,55,33.55,25.82,60,107.92,97.0,DELAY_LATE_AIRCRAFT|DELAY_CARRIER|CANC_CARRIER
PSE,8,240,-4.69,-10.04,45,32.67,28.22,75,117.47,111.47,DELAY_LATE_AIRCRAFT|CANC_WEATHER|CANC_CARRIER
PSE,9,230,-7.96,-8.59,10,30.0,16.5,5,75.0,69.0,DELAY_LATE_AIRCRAFT|DELAY_NAS
PSE,10,155,-7.48,-5.39,10,18.5,21.5,5,79.0,58.0,CANC_WEATHER|DELAY_LATE_AIRCRAFT|DELAY_NAS
PSE,11,150,-7.53,-17.03,5,36.0,27.0,5,71.0,69.0,DELAY_CARRIER|DELAY_LATE_AIRCRAFT
PSE,12,300,-6.45,-12.05,55,28.0,23.45,30,203.5,198.17,DELAY_LATE_AIRCRAFT|DELAY_NAS|CANC_WEATHER
PSG,1,220,-11.73,-11.16,50,37.0,47.2,10,88.0,86.0,DELAY_LATE_AIRCRAFT|CANC_WEATHER|DELAY_CARRIER
PSG,2,245,-15.78,-17.1,20,32.25,29.5,5,211.0,211.0,DELAY_LATE_AIRCRAFT|CANC_WEATHER|CANC_CARRIER
PSG,3,285,-12.07,-11.56,15,36.0,39.0,10,120.0,116.5,DELAY_LATE_AIRCRAFT|DELAY_NAS
PSG,4,260,-9.29,-10.98,30,33.67,39.83,5,80.0,75.0,DELAY_LATE_AIRCRAFT
PSG,5,240,-8.19,-8.71,55,27.91,29.18,15,186.67,183.0,DELAY_LATE_AIRCRAFT|DELAY_CARRIER
PSG,6,255,-5.14,-7.63,35,30.29,27.71,10,94.5,97.0,DELAY_LATE_AIRCRAFT|DELAY_CARRIER|DELAY_NAS
PSG,7,275,-5.75,-6.78,30,34.17,32.0,0,,,DELAY_LATE_AIRCRAFT|CANC_WEATHER|DELAY_CARRIER
PSG,8,240,-7.23,-9.29,50,30.0,28.4,15,137.67,147.0,DELAY_LATE_AIRCRAFT|CANC_WEATHER|DELAY_CARRIER
PSG,9,265,-8.13,-10.02,25,22.4,18.0,5,209.0,207.0,DELAY_LATE_AIRCRAFT|DELAY_NAS|CANC_CARRIER
PSG,10,280,-11.54,-13.18,15,42.33,48.67,10,117.5,117.0,DELAY_LATE_AIRCRAFT|CANC_WEATHER
PSG,11,270,-13.31,-15.09,10,39.5,49.5,5,234.0,231.0,DELAY_CARRIER|DELAY_LATE_AIRCRAFT
PSG,12,255,-13.02,-14.27,5,36.0,30.0,25,107.0,111.0,DELAY_LATE_AIRCRAFT|CANC_WEATHER|DELAY_NAS
PSM,1,75,-9.2,-14.2,20,28.75,15.5,20,296.5,312.25,DELAY_CARRIER|DELAY_LATE_AIRCRAFT|DELAY_NAS
PSM,2,145,-4.62,-21.62,20,24.5,1.0,5,1075.0,1048.0,DELAY_CARRIER|DELAY_NAS
PSM,3,115,-8.57,-22.09,10,38.0,45.0,20,170.0,164.0,DELAY_NAS|DELAY_LATE_AIRCRAFT
PSM,4,220,-13.02,-36.86,25,24.0,16.8,15,122.67,154.33,DELAY_NAS|CANC_NAS|DELAY_CARRIER
PSM,5,110,-3.18,-12.09,10,43.0,39.5,15,164.0,172.67,DELAY_CARRIER|DELAY_NAS|CANC_WEATHER
PSM,6,100,-9.55,-14.9,15,45.0,56.0,15,134.0,127.33,DELAY_LATE_AIRCRAFT|DELAY_NAS|CANC_WEATHER
PSM,7,115,-6.26,2.65,20,47.25,43.75,20,155.0,144.5,DELAY_LATE_AIRCRAFT|DELAY_NAS|DELAY_CARRIER
PSM,8,95,-7.84,-15.05,5,35.0,18.0,25,375.0,371.2,DELAY_LATE_AIRCRAFT|DELAY_WEATHER|DELAY_CARRIER
PSM,9,85,-6.82,-20.12,15,28.33,7.67,10,138.0,126.5,DELAY_LATE_AIRCRAFT|DELAY_NAS|DELAY_WEATHER
PSM,10,105,-4.14,1.48,5,46.0,35.0,5,110.0,105.0,DELAY_NAS|CANC_WEATHER|DELAY_CARRIER
PSM,11,135,-10.59,-14.22,10,28.5,11.0,0,,,DELAY_LATE_AIRCRAFT
PSM,12,180,-11.81,-19.81,20,41.25,21.0,15,114.67,105.33,DELAY_LATE_AIRCRAFT|DELAY_CARRIER|DELAY_NAS
PSP,1,5650,-4.66,-8.29,720,32.62,30.03,490,130.89,126.18,DELAY_LATE_AIRCRAFT|DELAY_NAS|DELAY_CARRIER
PSP,2,5600,-3.74,-9.09,940,31.28,24.68,500,156.35,155.49,DELAY_NAS|DELAY_CARRIER|DELAY_LATE_AIRCRAFT
PSP,3,6590,-3.08,-6.76,1335,31.75,28.78,600,153.82,152.1,DELAY_NAS|DELAY_LATE_AIRCRAFT|DELAY_CARRIER
PSP,4,6525,-4.08,-7.99,985,31.06,30.37,495,152.03,149.05,DELAY_NAS|DELAY_LATE_AIRCRAFT|DELAY_CARRIER
PSP,5,4565,-4.24,-8.04,735,33.33,30.02,370,147.82,148.77,DELAY_LATE_AIRCRAFT|DELAY_NAS|DELAY_CARRIER
PSP,6,2740,-4.28,-5.86,345,33.75,29.78,185,120.78,121.49,DELAY_LATE_AIRCRAFT|DELAY_CARRIER|DELAY_NAS
PSP,7,2445,-4.01,-6.61,340,33.31,32.41,195,139.97,138.46,DELAY_CARRIER|DELAY_NAS|DELAY_LATE_AIRCRAFT
PSP,8,2610,-4.96,-6.93,365,33.78,32.05,160,138.34,140.22,DELAY_CARRIER|DELAY_NAS|DELAY_LATE_AIRCRAFT
PSP,9,3100,-5.68,-9.55,345,32.91,32.2,145,103.83,98.93,DELAY_CARRIER|DELAY_NAS|DELAY_LATE_AIRCRAFT
PSP,10,5115,-5.35,-8.78,380,33.84,29.87,210,167.64,166.4,DELAY_CARRIER|DELAY_LATE_AIRCRAFT|DELAY_NAS
PSP,11,5645,-4.6,-8.26,570,30.75,27.46,225,145.76,149.62,DELAY_CARRIER|DELAY_LATE_AIRCRAFT|DELAY_NAS
PSP,12,5855,-4.48,-9.23,745,30.59,26.89,340,176.29,171.97,DELAY_LATE_AIRCRAFT|DELAY_CARRIER|DELAY_NAS
PVD,1,3560,-3.48,-10.01,600,30.49,27.32,455,161.62,166.22,DELAY_LATE_AIRCRAFT|DELAY_NAS|DELAY_CARRIER
PVD,2,4065,-3.86,-14.67,370,26.66,19.41,130,164.58,156.15,DELAY_LATE_AIRCRAFT|DELAY_NAS|DELAY_CARRIER
PVD,3,4540,-4.36,-12.55,525,31.76,27.13,315,159.73,157.33,DELAY_LATE_AIRCRAFT|DELAY_NAS|DELAY_CARRIER
PVD,4,5170,-3.96,-11.15,505,30.93,24.88,310,168.55,167.39,DELAY_LATE_AIRCRAFT|DELAY_NAS|DELAY_CARRIER
PVD,5,4770,-3.46,-10.69,810,32.15,25.49,580,169.3,167.01,DELAY_LATE_AIRCRAFT|DELAY_NAS|DELAY_CARRIER
PVD,6,5020,-3.88,-10.39,780,30.26,24.7,525,203.89,200.71,DELAY_LATE_AIRCRAFT|DELAY_NAS|DELAY_CARRIER
PVD,7,4630,-2.66,-7.27,940,31.97,29.85,830,188.19,185.64,DELAY_LATE_AIRCRAFT|DELAY_NAS|DELAY_CARRIER
PVD,8,5240,-3.14,-7.81,870,31.93,32.37,595,176.92,179.06,DELAY_LATE_AIRCRAFT|DELAY_NAS|DELAY_CARRIER
PVD,9,5995,-4.67,-9.75,480,26.79,22.99,250,170.0,164.68,DELAY_NAS|DELAY_LATE_AIRCRAFT|DELAY_CARRIER
PVD,10,6365,-4.05,-12.1,565,29.65,22.43,210,186.07,176.24,DELAY_LATE_AIRCRAFT|DELAY_CARRIER|DELAY_NAS
PVD,11,6090,-4.62,-14.84,440,30.73,17.82,190,136.58,122.21,DELAY_LATE_AIRCRAFT|DELAY_NAS|DELAY_CARRIER
PVD,12,5365,-2.97,-9.74,765,32.39,27.95,365,174.78,169.04,DELAY_LATE_AIRCRAFT|DELAY_NAS|DELAY_CARRIER
PVU,1,685,-5.87,-15.55,85,33.53,21.24,50,173.8,173.1,DELAY_CARRIER|DELAY_NAS|DELAY_WEATHER
PVU,2,720,-6.68,-14.39,40,33.12,21.25,15,178.67,163.33,DELAY_NAS|DELAY_CARRIER|DELAY_LATE_AIRCRAFT
PVU,3,735,-5.99,-7.48,70,37.79,35.36,65,283.46,286.38,DELAY_CARRIER|DELAY_NAS|DELAY_LATE_AIRCRAFT
PVU,4,700,-8.49,-11.69,40,34.5,33.75,40,188.88,186.5,DELAY_NAS|DELAY_CARRIER|DELAY_LATE_AIRCRAFT
PVU,5,710,-5.58,-6.37,70,28.07,20.86,30,134.83,134.0,DELAY_CARRIER|DELAY_NAS|DELAY_LATE_AIRCRAFT
PVU,6,680,-6.12,-6.29,70,32.0,32.21,45,196.11,196.44,DELAY_CARRIER|DELAY_LATE_AIRCRAFT|DELAY_NAS
PVU,7,595,-6.02,-6.22,90,35.0,32.33,100,248.1,246.4,DELAY_CARRIER|DELAY_LATE_AIRCRAFT|DELAY_NAS
PVU,8,665,-7.26,-7.93,45,33.89,33.89,15,115.67,126.33,DELAY_CARRIER|DELAY_NAS|DELAY_LATE_AIRCRAFT
PVU,9,605,-6.74,-10.76,50,32.4,30.6,55,113.36,115.55,DELAY_CARRIER|DELAY_LATE_AIRCRAFT|DELAY_NAS
PVU,10,870,-6.1,-7.19,100,31.85,27.15,115,170.78,176.52,DELAY_CARRIER|DELAY_LATE_AIRCRAFT|DELAY_NAS
PVU,11,1010,-4.89,-10.02,175,35.2,28.46,140,195.64,193.54,DELAY_CARRIER|DELAY_NAS|DELAY_LATE_AIRCRAFT
PVU,12,1110,-5.06,-10.42,135,33.96,23.89,110,263.91,250.68,DELAY_CARRIER|DELAY_NAS|DELAY_LATE_AIRCRAFT
PWM,1,2230,-3.66,-13.44,305,31.52,28.54,245,251.76,256.61,DELAY_LATE_AIRCRAFT|CANC_WEATHER|DELAY_NAS
PWM,2,2530,-3.92,-18.49,230,26.46,9.07,85,238.24,226.06,DELAY_LATE_AIRCRAFT|DELAY_CARRIER|DELAY_NAS
PWM,3,2535,-3.93,-15.14,220,29.27,20.39,195,176.26,166.26,DELAY_LATE_AIRCRAFT|DELAY_NAS|DELAY_CARRIER
PWM,4,2605,-4.19,-10.21,250,33.5,27.08,150,230.67,234.23,DELAY_LATE_AIRCRAFT|DELAY_NAS|DELAY_CARRIER
PWM,5,3505,-4.62,-11.63,420,33.44,28.48,270,197.41,190.59,DELAY_LATE_AIRCRAFT|DELAY_CARRIER|DELAY_NAS
PWM,6,4845,-3.95,-8.95,750,33.99,33.16,585,172.9,171.32,DELAY_LATE_AIRCRAFT|DELAY_NAS|DELAY_CARRIER
PWM,7,4970,-3.13,-6.42,940,32.06,33.97,640,167.23,167.04,DELAY_LATE_AIRCRAFT|DELAY_NAS|DELAY_CARRIER
PWM,8,5395,-2.97,-6.36,1005,29.9,31.54,570,168.36,170.38,DELAY_NAS|DELAY_LATE_AIRCRAFT|DELAY_CARRIER
PWM,9,6140,-4.15,-9.36,535,31.56,24.98,275,232.49,226.15,DELAY_LATE_AIRCRAFT|DELAY_NAS|DELAY_CARRIER
PWM,10,5485,-3.27,-11.17,675,31.69,22.7,350,202.63,192.74,DELAY_CARRIER|DELAY_LATE_AIRCRAFT|DELAY_NAS
PWM,11,3555,-4.99,-14.73,385,29.58,18.17,185,146.16,134.32,DELAY_LATE_AIRCRAFT|DELAY_NAS|DELAY_CARRIER
PWM,12,3235,-4.03,-11.3,410,28.94,18.8,255,247.45,242.76,DELAY_NAS|DELAY_LATE_AIRCRAFT|DELAY_CARRIER
RAP,1,1185,-4.92,-13.12,130,37.31,34.62,125,181.84,169.64,DELAY_CARRIER|DELAY_WEATHER|DELAY_LATE_AIRCRAFT
RAP,2,1190,-4.49,-11.9,70,33.36,31.07,120,396.67,388.25,DELAY_NAS|CANC_WEATHER|DELAY_LATE_AIRCRAFT
RAP,3,1370,-5.46,-13.59,110,31.14,25.95,95,167.32,162.32,DELAY_NAS|DELAY_LATE_AIRCRAFT|DELAY_WEATHER
RAP,4,1340,-4.96,-8.68,135,30.59,24.78,80,155.38,153.0,DELAY_NAS|DELAY_CARRIER|DELAY_WEATHER
RAP,5,1550,-4.35,-10.09,140,32.11,26.57,185,150.22,145.7,DELAY_LATE_AIRCRAFT|DELAY_NAS|DELAY_CARRIER
RAP,6,1970,-3.63,-9.69,400,31.38,26.82,250,173.78,171.72,DELAY_LATE_AIRCRAFT|DELAY_CARRIER|DELAY_NAS
RAP,7,1995,-2.72,-4.86,500,33.28,32.09,255,170.92,166.37,DELAY_LATE_AIRCRAFT|DELAY_NAS|DELAY_CARRIER
RAP,8,2390,-3.54,-6.64,350,31.67,29.31,155,178.52,178.16,DELAY_LATE_AIRCRAFT|DELAY_CARRIER|DELAY_NAS
RAP,9,2385,-4.85,-10.03,265,28.26,25.0,80,276.25,270.94,DELAY_CARRIER|DELAY_LATE_AIRCRAFT|DELAY_NAS
RAP,10,2260,-4.45,-11.77,140,28.75,18.36,85,136.18,130.18,DELAY_CARRIER|DELAY_NAS|DELAY_LATE_AIRCRAFT
RAP,11,1885,-4.53,-8.03,150,30.37,20.9,160,134.47,131.28,DELAY_NAS|DELAY_CARRIER|DELAY_LATE_AIRCRAFT
RAP,12,1975,-3.8,-8.64,130,29.08,20.38,165,174.09,165.06,DELAY_CARRIER|DELAY_NAS|DELAY_LATE_AIRCRAFT
RDD,1,420,-6.54,-17.27,20,19.75,4.0,25,207.8,204.4,DELAY_LATE_AIRCRAFT|DELAY_CARRIER|DELAY_NAS
RDD,2,380,-5.43,-11.2,35,38.0,31.71,15,143.33,140.0,DELAY_CARRIER|DELAY_LATE_AIRCRAFT|DELAY_NAS
RDD,3,515,-5.74,-8.69,15,32.33,25.33,10,246.0,238.5,DELAY_CARRIER|DELAY_NAS|CANC_WEATHER
RDD,4,525,-5.3,-7.4,30,35.5,33.0,10,109.0,105.0,DELAY_CARRIER|DELAY_NAS|DELAY_LATE_AIRCRAFT
RDD,5,500,-5.36,-8.24,60,28.25,35.42,25,245.6,243.8,DELAY_NAS|DELAY_LATE_AIRCRAFT|DELAY_CARRIER
RDD,6,460,-4.07,-10.33,80,30.12,24.38,35,206.86,203.29,DELAY_LATE_AIRCRAFT|DELAY_CARRIER|DELAY_NAS
RDD,7,510,-5.24,-9.43,60,38.08,30.67,40,143.25,135.88,DELAY_LATE_AIRCRAFT|DELAY_CARRIER|DELAY_NAS
RDD,8,580,-6.2,-11.16,60,33.33,38.5,45,146.56,137.44,DELAY_LATE_AIRCRAFT|DELAY_CARRIER|DELAY_NAS
RDD,9,640,-6.95,-13.63,75,28.4,33.07,35,216.0,210.14,DELAY_LATE_AIRCRAFT|DELAY_NAS|DELAY_CARRIER
RDD,10,635,-6.65,-10.09,65,34.62,31.77,55,300.45,290.36,DELAY_CARRIER|DELAY_LATE_AIRCRAFT|DELAY_NAS
RDD,11,610,-5.25,-6.57,50,32.6,35.0,45,276.11,276.33,DELAY_CARRIER|DELAY_LATE_AIRCRAFT|DELAY_NAS
RDD,12,600,-5.88,-9.19,65,25.62,26.69,55,157.36,151.55,DELAY_CARRIER|DELAY_LATE_AIRCRAFT|DELAY_NAS
RDM,1,1620,-3.5,-7.02,260,30.33,39.81,330,298.48,303.08,CANC_WEATHER|DELAY_CARRIER|DELAY_WEATHER
RDM,2,1820,-4.61,-5.34,280,31.0,40.07,240,258.4,260.81,DELAY_NAS|DELAY_CARRIER|DELAY_WEATHER
RDM,3,2070,-4.27,-5.2,325,32.75,28.82,195,177.87,175.03,DELAY_NAS|DELAY_CARRIER|DELAY_LATE_AIRCRAFT
RDM,4,1900,-5.07,-7.68,175,35.46,36.94,160,212.66,212.91,DELAY_CARRIER|DELAY_NAS|DELAY_LATE_AIRCRAFT
RDM,5,1900,-5.56,-10.2,260,33.58,28.92,110,239.41,233.68,DELAY_NAS|DELAY_CARRIER|DELAY_LATE_AIRCRAFT
RDM,6,1910,-3.3,-7.0,280,28.68,24.89,155,131.52,129.52,DELAY_CARRIER|DELAY_LATE_AIRCRAFT|DELAY_NAS
RDM,7,1875,-2.9,-6.32,415,31.1,27.17,220,169.91,165.57,DELAY_CARRIER|DELAY_LATE_AIRCRAFT|DELAY_NAS
RDM,8,2260,-3.62,-4.63,255,32.37,32.02,160,250.78,249.75,DELAY_CARRIER|DELAY_NAS|DELAY_LATE_AIRCRAFT
RDM,9,2280,-3.65,-3.93,215,30.42,31.51,150,156.13,158.2,DELAY_CARRIER|DELAY_NAS|DELAY_LATE_AIRCRAFT
RDM,10,2175,-4.75,-7.84,180,35.72,32.03,145,129.9,130.72,DELAY_CARRIER|DELAY_LATE_AIRCRAFT|DELAY_NAS
RDM,11,2150,-4.93,-10.26,140,33.36,33.96,70,126.79,126.43,DELAY_CARRIER|DELAY_NAS|DELAY_LATE_AIRCRAFT
RDM,12,1845,-3.31,-8.79,255,32.49,24.59,195,206.0,201.49,DELAY_CARRIER|CANC_WEATHER|DELAY_LATE_AIRCRAFT
RDU,1,17525,-3.6,-9.12,2635,32.44,27.56,1665,163.01,160.31,DELAY_LATE_AIRCRAFT|DELAY_NAS|DELAY_CARRIER
RDU,2,18505,-3.81,-10.31,1810,29.38,22.59,780,155.93,148.59,DELAY_LATE_AIRCRAFT|DELAY_NAS|DELAY_CARRIER
RDU,3,19445,-2.82,-9.83,3015,30.51,23.14,1520,178.95,175.69,DELAY_LATE_AIRCRAFT|DELAY_NAS|DELAY_CARRIER
RDU,4,20495,-3.16,-7.69,2710,31.0,28.21,1650,161.16,158.95,DELAY_LATE_AIRCRAFT|DELAY_NAS|DELAY_CARRIER
RDU,5,20670,-2.61,-5.95,3695,32.25,29.74,2695,150.78,150.86,DELAY_LATE_AIRCRAFT|DELAY_NAS|DELAY_CARRIER
RDU,6,20520,-2.36,-8.0,4000,32.42,28.13,2320,158.72,154.06,DELAY_LATE_AIRCRAFT|DELAY_NAS|DELAY_CARRIER
RDU,7,18820,-2.92,-7.72,4655,32.71,30.51,3575,153.94,152.03,DELAY_LATE_AIRCRAFT|DELAY_CARRIER|DELAY_NAS
RDU,8,19920,-2.99,-8.84,3845,32.22,28.1,2915,183.63,180.04,DELAY_LATE_AIRCRAFT|DELAY_NAS|DELAY_CARRIER
RDU,9,21435,-4.04,-9.14,2355,30.64,24.52,1405,170.32,164.77,DELAY_LATE_AIRCRAFT|DELAY_NAS|DELAY_CARRIER
RDU,10,23205,-3.5,-9.82,2370,29.97,22.42,965,172.5,165.81,DELAY_NAS|DELAY_LATE_AIRCRAFT|DELAY_CARRIER
RDU,11,22110,-4.36,-10.58,2130,31.05,23.33,1055,142.91,136.59,DELAY_NAS|DELAY_LATE_AIRCRAFT|DELAY_CARRIER
RDU,12,20160,-2.59,-9.37,3250,30.86,22.46,1510,129.86,124.63,DELAY_LATE_AIRCRAFT|DELAY_NAS|DELAY_CARRIER
RFD,1,275,-5.55,-9.91,40,32.0,24.62,10,664.0,654.5,DELAY_NAS|DELAY_LATE_AIRCRAFT|DELAY_CARRIER
RFD,2,250,-4.8,-15.46,45,31.56,19.0,20,73.75,73.5,DELAY_NAS|DELAY_CARRIER|DELAY_LATE_AIRCRAFT
RFD,3,325,-8.0,-18.0,75,38.6,41.07,35,289.0,294.29,DELAY_LATE_AIRCRAFT|DELAY_NAS|DELAY_CARRIER
RFD,4,280,-8.8,-22.88,15,39.33,30.0,35,300.71,294.57,DELAY_LATE_AIRCRAFT|DELAY_NAS|DELAY_CARRIER
RFD,5,240,-7.98,-14.81,60,31.92,30.5,25,110.2,114.8,DELAY_LATE_AIRCRAFT|DELAY_NAS|DELAY_CARRIER
RFD,6,275,-6.65,-13.53,55,28.09,26.82,25,209.4,206.6,DELAY_LATE_AIRCRAFT|DELAY_NAS|CANC_CARRIER
RFD,7,260,-1.79,-4.5,60,32.75,27.83,65,134.92,137.85,DELAY_LATE_AIRCRAFT|DELAY_CARRIER|DELAY_NAS
RFD,8,230,-6.93,-11.24,40,35.0,28.75,50,116.9,117.1,DELAY_LATE_AIRCRAFT|DELAY_CARRIER|DELAY_NAS
RFD,9,280,-6.62,-13.43,15,27.0,15.33,30,565.0,565.67,DELAY_NAS|DELAY_CARRIER|DELAY_LATE_AIRCRAFT
RFD,10,235,-4.23,-11.83,60,32.75,34.08,30,132.33,129.67,DELAY_LATE_AIRCRAFT|CANC_WEATHER|DELAY_CARRIER
RFD,11,220,-6.27,-8.98,50,26.9,26.0,10,213.0,208.0,DELAY_LATE_AIRCRAFT|DELAY_NAS|DELAY_CARRIER
RFD,12,320,-3.56,-11.97,45,30.67,21.56,40,285.75,281.88,DELAY_LATE_AIRCRAFT|DELAY_CARRIER|DELAY_NAS
RHI,1,255,-5.12,-18.84,25,28.4,12.0,20,133.0,115.75,DELAY_CARRIER|CANC_WEATHER|DELAY_NAS
RHI,2,265,-8.77,-21.23,10,25.0,28.0,15,172.0,149.0,DELAY_CARRIER|DELAY_NAS|DELAY_WEATHER
RHI,3,275,-6.45,-31.4,10,26.0,-2.5,15,83.67,61.67,CANC_WEATHER|DELAY_CARRIER|DELAY_NAS
RHI,4,275,-9.4,-28.38,20,30.5,12.5,5,234.0,224.0,DELAY_WEATHER|DELAY_CARRIER
RHI,5,325,-8.2,-22.54,10,45.0,32.5,15,117.67,105.33,DELAY_CARRIER|DELAY_WEATHER
RHI,6,290,-6.55,-1.17,60,34.83,49.25,60,152.25,153.17,DELAY_CARRIER|DELAY_NAS|DELAY_WEATHER
RHI,7,295,-3.08,-6.78,100,36.5,43.95,55,119.73,116.82,DELAY_CARRIER|DELAY_WEATHER|DELAY_NAS
RHI,8,350,-5.09,-7.94,95,33.95,34.89,15,145.33,144.67,DELAY_CARRIER|DELAY_WEATHER|DELAY_NAS
RHI,9,315,-7.86,-18.6,20,20.75,21.75,10,266.0,259.0,DELAY_WEATHER|DELAY_NAS|DELAY_CARRIER
RHI,10,275,-7.8,-28.91,15,31.33,18.67,20,118.0,95.0,DELAY_CARRIER
RHI,11,260,-8.6,-28.38,20,36.5,23.75,15,83.33,69.0,DELAY_CARRIER|DELAY_WEATHER
RHI,12,210,-6.76,-23.93,30,30.83,20.5,50,233.1,231.4,DELAY_CARRIER|CANC_WEATHER|CANC_CARRIER
RIC,1,5285,-4.42,-7.97,800,32.24,30.02,465,209.28,208.05,DELAY_NAS|DELAY_LATE_AIRCRAFT|DELAY_CARRIER
RIC,2,5435,-3.81,-9.19,630,29.63,22.37,290,178.81,170.64,DELAY_NAS|DELAY_LATE_AIRCRAFT|DELAY_CARRIER
RIC,3,5770,-3.4,-9.16,900,33.17,27.98,515,159.61,157.36,DELAY_LATE_AIRCRAFT|DELAY_NAS|DELAY_CARRIER
RIC,4,6330,-3.84,-8.52,950,31.81,25.17,500,155.27,152.71,DELAY_LATE_AIRCRAFT|DELAY_NAS|DELAY_CARRIER
RIC,5,6740,-3.1,-8.71,1215,32.86,27.29,795,177.13,177.58,DELAY_LATE_AIRCRAFT|DELAY_NAS|DELAY_CARRIER
RIC,6,6165,-2.66,-9.64,1075,31.37,23.57,730,178.06,173.18,DELAY_LATE_AIRCRAFT|DELAY_CARRIER|DELAY_NAS
RIC,7,5395,-2.27,-8.44,1360,33.39,29.52,980,170.47,167.74,DELAY_LATE_AIRCRAFT|DELAY_CARRIER|DELAY_NAS
RIC,8,5755,-2.97,-8.02,1070,31.41,26.49,600,162.35,157.87,DELAY_LATE_AIRCRAFT|DELAY_CARRIER|DELAY_NAS
RIC,9,6450,-3.94,-9.08,600,31.07,26.17,265,141.19,140.91,DELAY_NAS|DELAY_LATE_AIRCRAFT|DELAY_CARRIER
RIC,10,7175,-3.92,-10.58,625,31.02,23.32,180,187.28,178.78,DELAY_NAS|DELAY_LATE_AIRCRAFT|DELAY_CARRIER
RIC,11,6450,-4.0,-11.1,645,29.67,19.91,255,128.14,120.12,DELAY_NAS|DELAY_CARRIER|DELAY_LATE_AIRCRAFT
RIC,12,5845,-2.23,-9.34,1225,30.62,23.47,485,129.68,123.63,DELAY_LATE_AIRCRAFT|DELAY_CARRIER|DELAY_NAS
RIW,1,170,-6.44,-6.35,0,,,15,199.0,184.0,CANC_WEATHER|DELAY_LATE_AIRCRAFT|DELAY_NAS
RIW,2,140,-7.46,-9.04,25,29.6,19.4,5,321.0,317.0,DELAY_CARRIER|CANC_WEATHER
RIW,3,180,-6.31,-15.47,5,21.0,-3.0,5,529.0,514.0,CANC_WEATHER|DELAY_CARRIER
RIW,4,170,-7.65,-13.21,5,54.0,46.0,20,244.5,247.75,DELAY_CARRIER|DELAY_LATE_AIRCRAFT|DELAY_WEATHER
RIW,5,180,-5.33,-12.86,5,28.0,6.0,10,584.0,584.0,DELAY_NAS|DELAY_LATE_AIRCRAFT
RIW,6,260,-7.02,-12.17,15,31.33,36.0,10,214.0,217.5,DELAY_CARRIER|DELAY_LATE_AIRCRAFT|CANC_NAS
RIW,7,280,-7.07,-9.39,10,44.0,45.5,20,148.5,150.5,DELAY_CARRIER|DELAY_LATE_AIRCRAFT|DELAY_NAS
RIW,8,255,-5.1,-5.31,20,42.75,53.0,35,319.14,324.71,DELAY_LATE_AIRCRAFT|DELAY_NAS|DELAY_CARRIER
RIW,9,265,-5.32,-10.11,10,25.0,20.5,25,162.8,169.8,DELAY_LATE_AIRCRAFT|DELAY_CARRIER|DELAY_NAS
RIW,10,275,-7.25,-4.85,20,22.75,28.0,15,325.67,326.33,DELAY_CARRIER|DELAY_LATE_AIRCRAFT|DELAY_WEATHER
RIW,11,245,-4.59,-7.84,20,22.5,10.75,20,317.25,314.25,DELAY_LATE_AIRCRAFT|DELAY_NAS|CANC_WEATHER
RIW,12,290,-6.31,-16.17,15,21.0,7.33,5,124.0,111.0,DELAY_CARRIER|DELAY_LATE_AIRCRAFT
RKS,1,175,-3.94,-7.29,5,26.0,11.0,10,176.0,176.0,DELAY_NAS|DELAY_LATE_AIRCRAFT|CANC_WEATHER
RKS,2,170,-3.53,-12.5,5,16.0,7.0,10,136.0,128.5,DELAY_CARRIER|DELAY_LATE_AIRCRAFT|DELAY_NAS
RKS,3,170,-3.85,-13.0,0,,,15,321.0,303.0,CANC_WEATHER|CANC_NAS|DELAY_CARRIER
RKS,4,170,-4.74,-12.38,15,23.67,22.0,10,188.0,188.0,DELAY_NAS|DELAY_LATE_AIRCRAFT
RKS,5,170,-4.56,-12.32,5,57.0,55.0,25,369.2,364.2,DELAY_CARRIER|DELAY_NAS|DELAY_LATE_AIRCRAFT
RKS,6,295,-7.12,-9.58,0,,,5,149.0,154.0,DELAY_CARRIER
RKS,7,270,-5.41,-8.85,5,37.0,30.0,30,217.5,218.83,DELAY_CARRIER|DELAY_LATE_AIRCRAFT|CANC_WEATHER
RKS,8,275,-5.47,-8.84,5,37.0,39.0,30,314.0,334.83,DELAY_CARRIER
RKS,9,270,-3.83,-8.96,15,26.67,24.67,15,128.33,135.33,DELAY_CARRIER|DELAY_LATE_AIRCRAFT
RKS,10,265,-4.32,-8.68,10,33.5,20.0,35,454.0,462.0,DELAY_CARRIER|DELAY_LATE_AIRCRAFT|DELAY_NAS
RKS,11,245,-4.53,-15.33,15,38.67,44.0,25,121.2,132.2,DELAY_CARRIER|CANC_WEATHER|DELAY_LATE_AIRCRAFT
RKS,12,265,-4.68,-22.6,30,21.83,11.17,15,378.0,369.33,DELAY_LATE_AIRCRAFT|DELAY_CARRIER|DELAY_WEATHER
RNO,1,6180,-3.4,-10.46,895,29.82,24.17,535,159.72,157.55,DELAY_LATE_AIRCRAFT|DELAY_NAS|DELAY_CARRIER
RNO,2,5785,-2.9,-9.22,750,31.51,28.91,555,169.86,174.49,DELAY_LATE_AIRCRAFT|DELAY_NAS|DELAY_CARRIER
RNO,3,6630,-3.28,-6.52,1060,32.26,33.16,610,170.34,172.78,DELAY_NAS|DELAY_LATE_AIRCRAFT|DELAY_CARRIER
RNO,4,6795,-4.41,-8.34,930,31.38,28.62,430,191.33,193.41,DELAY_NAS|DELAY_LATE_AIRCRAFT|DELAY_CARRIER
RNO,5,7025,-3.77,-9.38,865,32.15,27.55,535,165.74,165.12,DELAY_LATE_AIRCRAFT|DELAY_NAS|DELAY_CARRIER
RNO,6,7210,-3.18,-9.0,1220,31.52,24.29,510,183.24,177.27,DELAY_LATE_AIRCRAFT|DELAY_CARRIER|DELAY_NAS
RNO,7,7290,-3.06,-7.64,1285,31.32,26.8,850,168.22,165.24,DELAY_LATE_AIRCRAFT|DELAY_CARRIER|DELAY_NAS
RNO,8,7775,-3.15,-7.82,1220,30.29,24.78,640,138.5,134.29,DELAY_LATE_AIRCRAFT|DELAY_NAS|DELAY_CARRIER
RNO,9,7940,-3.08,-6.77,940,31.44,27.5,440,135.23,130.82,DELAY_LATE_AIRCRAFT|DELAY_NAS|DELAY_CARRIER
RNO,10,8060,-3.61,-7.29,895,31.97,29.32,320,125.06,124.39,DELAY_NAS|DELAY_LATE_AIRCRAFT|DELAY_CARRIER
RNO,11,7525,-4.27,-8.66,670,31.16,29.03,370,176.0,172.19,DELAY_NAS|DELAY_LATE_AIRCRAFT|DELAY_CARRIER
RNO,12,7230,-3.4,-8.22,1020,29.81,23.28,510,134.41,128.6,DELAY_LATE_AIRCRAFT|DELAY_CARRIER|DELAY_NAS
ROA,1,905,-4.21,-8.66,145,36.24,38.24,155,202.42,203.29,DELAY_LATE_AIRCRAFT|DELAY_CARRIER|DELAY_NAS
ROA,2,1020,-3.56,-6.77,105,28.52,21.95,20,281.0,275.75,DELAY_LATE_AIRCRAFT|DELAY_NAS|DELAY_CARRIER
ROA,3,970,-2.74,-7.35,115,28.35,27.09,35,193.43,184.14,DELAY_LATE_AIRCRAFT|DELAY_NAS|DELAY_CARRIER
ROA,4,940,-4.63,-9.86,130,29.92,28.54,50,302.1,292.6,DELAY_LATE_AIRCRAFT|DELAY_CARRIER|DELAY_NAS
ROA,5,970,-2.3,-7.32,155,30.61,29.03,90,189.11,195.83,DELAY_CARRIER|DELAY_LATE_AIRCRAFT|DELAY_NAS
ROA,6,840,-3.07,-8.03,165,31.94,27.18,135,250.19,246.67,DELAY_CARRIER|DELAY_LATE_AIRCRAFT|DELAY_NAS
ROA,7,780,-2.76,-8.26,160,36.81,40.47,145,154.41,145.79,DELAY_CARRIER|DELAY_LATE_AIRCRAFT|DELAY_NAS
ROA,8,985,-4.69,-9.5,110,27.91,27.5,100,190.25,182.8,DELAY_CARRIER|DELAY_NAS|DELAY_LATE_AIRCRAFT
ROA,9,955,-4.14,-9.43,75,30.2,26.87,50,206.0,199.4,DELAY_CARRIER|DELAY_LATE_AIRCRAFT|DELAY_NAS
ROA,10,1170,-5.0,-9.59,170,29.82,27.74,45,254.78,251.44,DELAY_CARRIER|DELAY_LATE_AIRCRAFT|DELAY_NAS
ROA,11,1250,-4.25,-8.39,125,28.32,22.28,95,124.74,119.63,DELAY_LATE_AIRCRAFT|DELAY_CARRIER|DELAY_NAS
ROA,12,795,-1.72,-9.94,260,30.38,28.37,150,185.77,175.73,DELAY_LATE_AIRCRAFT|DELAY_CARRIER|CANC_WEATHER
ROC,1,3500,-2.47,-9.47,635,31.13,30.08,410,164.89,169.48,DELAY_LATE_AIRCRAFT|DELAY_NAS|DELAY_CARRIER
ROC,2,3775,-3.14,-15.55,380,29.5,21.37,225,202.2,196.36,DELAY_LATE_AIRCRAFT|DELAY_NAS|DELAY_CARRIER
ROC,3,4070,-3.75,-12.89,375,29.23,22.83,220,150.41,149.61,DELAY_NAS|DELAY_LATE_AIRCRAFT|DELAY_CARRIER
ROC,4,3970,-3.58,-10.84,465,29.03,21.08,245,176.27,172.39,DELAY_LATE_AIRCRAFT|DELAY_CARRIER|DELAY_NAS
ROC,5,4070,-3.33,-9.66,635,31.53,26.41,365,155.4,153.04,DELAY_LATE_AIRCRAFT|DELAY_NAS|DELAY_CARRIER
ROC,6,3935,-3.49,-10.51,625,30.5,23.5,375,144.36,138.55,DELAY_LATE_AIRCRAFT|DELAY_CARRIER|DELAY_NAS
ROC,7,3940,-2.14,-7.86,775,30.57,24.72,645,168.71,166.23,DELAY_LATE_AIRCRAFT|DELAY_CARRIER|DELAY_NAS
ROC,8,3695,-2.01,-6.29,805,28.41,23.61,550,155.49,154.85,DELAY_LATE_AIRCRAFT|DELAY_NAS|DELAY_CARRIER
ROC,9,4585,-4.16,-9.34,415,29.04,23.73,185,176.08,171.7,DELAY_CARRIER|DELAY_NAS|DELAY_LATE_AIRCRAFT
ROC,10,4625,-3.87,-10.84,500,27.21,22.23,125,152.32,150.88,DELAY_CARRIER|DELAY_LATE_AIRCRAFT|DELAY_NAS
ROC,11,4010,-3.9,-12.06,440,30.31,22.43,160,113.88,106.09,DELAY_LATE_AIRCRAFT|DELAY_CARRIER|DELAY_NAS
ROC,12,3565,-1.51,-6.07,835,30.16,24.76,410,153.98,151.56,DELAY_NAS|DELAY_CARRIER|DELAY_LATE_AIRCRAFT
ROW,1,230,-7.11,-10.54,20,34.25,27.5,45,201.89,198.33,DELAY_CARRIER|CANC_WEATHER|DELAY_NAS
ROW,2,260,-2.38,-9.17,0,,,30,229.67,227.17,DELAY_CARRIER|DELAY_WEATHER|DELAY_NAS
ROW,3,245,-2.73,-11.35,40,24.25,16.0,25,152.2,147.0,DELAY_NAS|DELAY_CARRIER|DELAY_LATE_AIRCRAFT
ROW,4,235,-3.55,-8.04,45,28.44,24.78,15,274.67,276.0,DELAY_LATE_AIRCRAFT|DELAY_CARRIER|DELAY_NAS
ROW,5,310,-4.53,-7.73,35,39.71,33.71,55,181.45,174.55,DELAY_CARRIER|CANC_WEATHER|DELAY_WEATHER
ROW,6,325,-4.22,-7.77,55,38.73,38.55,65,267.23,267.85,DELAY_CARRIER|DELAY_WEATHER|DELAY_NAS
ROW,7,335,-4.33,-6.46,40,28.12,20.38,75,205.13,201.0,DELAY_CARRIER|DELAY_LATE_AIRCRAFT|DELAY_WEATHER
ROW,8,375,-5.93,-11.27,30,33.17,27.33,50,304.2,300.9,DELAY_CARRIER|DELAY_NAS|DELAY_WEATHER
ROW,9,370,-4.58,-3.89,45,30.11,31.67,35,167.43,167.0,DELAY_CARRIER|DELAY_WEATHER|DELAY_LATE_AIRCRAFT
ROW,10,335,-4.45,-8.4,65,34.92,32.85,40,222.12,215.75,DELAY_CARRIER|CANC_WEATHER|DELAY_WEATHER
ROW,11,300,-4.27,-6.78,80,29.44,31.88,40,125.12,126.38,DELAY_CARRIER|DELAY_WEATHER|CANC_WEATHER
ROW,12,340,-5.06,-7.62,45,33.89,28.22,40,106.0,102.88,DELAY_CARRIER|CANC_WEATHER|DELAY_LATE_AIRCRAFT
RST,1,365,-4.67,-17.01,10,36.0,23.0,45,133.44,121.11,CANC_WEATHER|DELAY_LATE_AIRCRAFT|DELAY_CARRIER
RST,2,475,-5.56,-19.28,25,27.0,7.4,15,80.33,66.33,DELAY_CARRIER|DELAY_LATE_AIRCRAFT|DELAY_WEATHER
RST,3,655,-5.26,-15.62,65,27.77,23.69,50,160.9,156.9,DELAY_CARRIER|DELAY_LATE_AIRCRAFT|DELAY_NAS
RST,4,500,-3.97,-6.8,75,27.6,21.87,45,187.0,190.56,DELAY_CARRIER|DELAY_LATE_AIRCRAFT|DELAY_NAS
RST,5,545,-4.43,-6.58,80,34.44,32.06,90,134.5,136.17,DELAY_CARRIER|DELAY_WEATHER|DELAY_NAS
RST,6,320,-4.59,-8.25,75,32.0,35.93,75,159.67,159.0,DELAY_CARRIER|DELAY_NAS|DELAY_LATE_AIRCRAFT
RST,7,475,-5.24,-6.33,60,27.25,31.58,75,205.2,211.73,DELAY_LATE_AIRCRAFT|DELAY_CARRIER|DELAY_NAS
RST,8,490,-4.12,-3.43,70,30.5,33.71,20,76.75,88.5,DELAY_LATE_AIRCRAFT|DELAY_NAS|DELAY_CARRIER
RST,9,600,-6.07,-9.69,65,34.15,35.69,25,265.4,258.8,DELAY_CARRIER|DELAY_LATE_AIRCRAFT|DELAY_NAS
RST,10,615,-6.08,-14.24,50,27.6,26.0,10,116.0,105.0,DELAY_CARRIER|DELAY_LATE_AIRCRAFT|DELAY_WEATHER
RST,11,400,-5.16,-10.96,30,33.67,34.17,20,155.25,154.25,DELAY_CARRIER|DELAY_WEATHER|DELAY_SECURITY
RST,12,365,-5.1,-10.84,55,31.82,22.45,75,182.2,174.0,DELAY_CARRIER|DELAY_WEATHER|CANC_WEATHER
RSW,1,14040,-4.19,-10.52,2660,32.32,25.33,1660,143.68,138.53,DELAY_LATE_AIRCRAFT|DELAY_NAS|DELAY_CARRIER
RSW,2,15900,-4.64,-6.3,2000,31.44,28.58,925,157.69,151.81,DELAY_LATE_AIRCRAFT|DELAY_NAS|DELAY_CARRIER
RSW,3,16200,-3.42,-6.88,3590,31.65,29.81,2375,153.57,151.42,DELAY_LATE_AIRCRAFT|DELAY_NAS|DELAY_CARRIER
RSW,4,14320,-4.12,-8.47,1725,30.75,26.14,1255,165.97,160.12,DELAY_LATE_AIRCRAFT|DELAY_NAS|DELAY_CARRIER
RSW,5,9785,-3.17,-5.83,1760,33.25,33.14,1320,134.2,135.73,DELAY_LATE_AIRCRAFT|DELAY_NAS|DELAY_CARRIER
RSW,6,7975,-3.45,-8.82,1205,32.35,29.85,980,200.31,195.0,DELAY_LATE_AIRCRAFT|DELAY_NAS|DELAY_CARRIER
RSW,7,6700,-3.23,-7.32,1755,33.15,30.43,1355,159.79,158.55,DELAY_LATE_AIRCRAFT|DELAY_NAS|DELAY_CARRIER
RSW,8,6895,-4.18,-7.74,1310,32.28,30.51,950,191.75,188.96,DELAY_LATE_AIRCRAFT|DELAY_NAS|DELAY_CARRIER
RSW,9,7595,-5.66,-10.25,745,28.77,25.17,325,154.58,148.4,DELAY_LATE_AIRCRAFT|DELAY_NAS|CANC_WEATHER
RSW,10,9750,-6.63,-13.12,745,29.56,21.9,370,169.12,162.32,CANC_WEATHER|DELAY_LATE_AIRCRAFT|DELAY_CARRIER
RSW,11,12695,-5.56,-11.38,1010,31.9,26.16,505,139.6,136.43,DELAY_LATE_AIRCRAFT|DELAY_NAS|DELAY_CARRIER
RSW,12,13370,-4.95,-9.68,2350,32.37,30.04,1760,169.24,166.54,DELAY_LATE_AIRCRAFT|DELAY_NAS|DELAY_CARRIER
SAF,1,535,-7.26,-2.85,40,28.88,44.62,35,137.0,143.71,DELAY_CARRIER|DELAY_NAS|DELAY_WEATHER
SAF,2,525,-8.15,-10.64,20,24.0,21.25,35,188.0,183.0,DELAY_CARRIER|DELAY_LATE_AIRCRAFT|DELAY_WEATHER
SAF,3,525,-6.15,-6.28,55,37.64,37.36,30,160.33,159.0,DELAY_CARRIER|DELAY_LATE_AIRCRAFT|DELAY_WEATHER
SAF,4,675,-6.5,-4.39,80,38.56,35.12,70,319.0,314.21,DELAY_CARRIER|DELAY_NAS|DELAY_LATE_AIRCRAFT
SAF,5,820,-6.24,-9.31,75,35.93,29.6,160,172.88,168.09,DELAY_CARRIER|DELAY_WEATHER|DELAY_LATE_AIRCRAFT
SAF,6,1120,-6.38,-10.99,135,34.52,28.33,230,143.35,138.87,DELAY_CARRIER|DELAY_NAS|DELAY_LATE_AIRCRAFT
SAF,7,1190,-7.64,-12.03,190,35.24,32.79,140,152.04,145.64,DELAY_CARRIER|DELAY_LATE_AIRCRAFT|DELAY_NAS
SAF,8,1265,-7.04,-12.74,125,29.56,26.36,145,142.1,136.66,DELAY_CARRIER|DELAY_LATE_AIRCRAFT|DELAY_WEATHER
SAF,9,1400,-7.12,-10.67,135,34.07,31.7,100,118.3,114.85,DELAY_CARRIER|DELAY_LATE_AIRCRAFT|DELAY_NAS
SAF,10,1365,-7.55,-15.98,230,33.83,25.3,105,117.52,105.81,DELAY_CARRIER|DELAY_LATE_AIRCRAFT|DELAY_WEATHER
SAF,11,1030,-6.45,-13.14,130,31.54,30.5,175,226.49,230.23,DELAY_CARRIER|CANC_WEATHER|DELAY_NAS
SAF,12,1140,-5.27,-19.27,140,30.0,15.46,120,205.88,199.0,DELAY_CARRIER|DELAY_LATE_AIRCRAFT|DELAY_WEATHER
SAN,1,27625,-2.78,-7.46,4095,30.0,25.36,1810,143.32,137.91,DELAY_LATE_AIRCRAFT|DELAY_NAS|CANC_CARRIER
SAN,2,26480,-2.75,-10.01,4305,30.84,24.46,1750,140.21,134.77,DELAY_LATE_AIRCRAFT|DELAY_NAS|DELAY_CARRIER
SAN,3,29565,-2.24,-7.39,5560,32.1,27.33,2395,137.38,133.86,DELAY_LATE_AIRCRAFT|DELAY_NAS|DELAY_CARRIER
SAN,4,30050,-2.35,-8.12,5335,31.12,25.73,2295,148.37,146.59,DELAY_LATE_AIRCRAFT|DELAY_NAS|DELAY_CARRIER
SAN,5,30165,-2.24,-7.56,6325,31.92,26.33,2680,151.21,146.27,DELAY_LATE_AIRCRAFT|DELAY_NAS|DELAY_CARRIER
SAN,6,30090,-1.42,-4.97,7635,31.61,29.38,3330,136.33,135.66,DELAY_LATE_AIRCRAFT|DELAY_NAS|DELAY_CARRIER
SAN,7,30600,-1.83,-4.2,8005,31.74,30.07,4010,140.7,139.98,DELAY_LATE_AIRCRAFT|DELAY_NAS|DELAY_CARRIER
SAN,8,34190,-2.7,-4.31,5910,30.53,29.75,2265,131.98,131.2,DELAY_LATE_AIRCRAFT|DELAY_NAS|DELAY_CARRIER
SAN,9,32555,-3.08,-6.22,5015,31.63,30.04,1955,119.47,118.24,DELAY_LATE_AIRCRAFT|DELAY_NAS|DELAY_CARRIER
SAN,10,31945,-2.57,-3.48,6195,31.9,34.3,3140,144.33,147.86,DELAY_LATE_AIRCRAFT|DELAY_NAS|DELAY_CARRIER
SAN,11,32085,-2.89,-7.81,5085,30.54,27.64,2135,133.64,132.71,DELAY_LATE_AIRCRAFT|DELAY_NAS|DELAY_CARRIER
SAN,12,28675,-2.19,-5.1,6190,31.97,32.01,4430,173.29,176.39,DELAY_LATE_AIRCRAFT|DELAY_NAS|DELAY_CARRIER
SAT,1,12965,-3.3,-8.93,1925,32.04,25.62,975,163.34,159.55,DELAY_LATE_AIRCRAFT|DELAY_NAS|DELAY_CARRIER
SAT,2,13200,-4.24,-7.97,1365,28.77,24.83,510,163.09,159.12,DELAY_LATE_AIRCRAFT|DELAY_NAS|DELAY_CARRIER
SAT,3,13540,-2.89,-8.88,2345,32.14,25.19,1090,156.4,153.84,DELAY_LATE_AIRCRAFT|DELAY_NAS|DELAY_CARRIER
SAT,4,13680,-2.99,-9.01,2115,30.23,23.9,1100,172.84,174.31,DELAY_LATE_AIRCRAFT|DELAY_NAS|DELAY_CARRIER
SAT,5,13050,-1.97,-6.72,2545,31.11,27.31,1640,158.21,157.18,DELAY_LATE_AIRCRAFT|DELAY_NAS|DELAY_CARRIER
SAT,6,13445,-2.07,-7.09,2695,30.82,25.99,1440,156.76,151.87,DELAY_LATE_AIRCRAFT|DELAY_CARRIER|DELAY_NAS
SAT,7,12850,-2.22,-6.36,3000,31.5,28.54,2275,162.39,159.86,DELAY_LATE_AIRCRAFT|DELAY_CARRIER|DELAY_NAS
SAT,8,14870,-4.0,-9.38,1960,30.6,26.53,1095,154.19,149.74,DELAY_LATE_AIRCRAFT|DELAY_NAS|DELAY_CARRIER
SAT,9,14860,-4.09,-10.14,1585,30.76,23.98,730,172.64,164.33,DELAY_LATE_AIRCRAFT|DELAY_CARRIER|DELAY_NAS
SAT,10,16235,-3.45,-9.31,1615,29.84,21.51,655,162.5,153.08,DELAY_LATE_AIRCRAFT|DELAY_CARRIER|DELAY_NAS
SAT,11,14650,-3.64,-9.48,1465,30.31,23.12,650,162.28,157.2,DELAY_LATE_AIRCRAFT|DELAY_CARRIER|DELAY_NAS
SAT,12,13990,-2.86,-8.61,2080,30.15,24.98,1050,174.6,172.53,DELAY_LATE_AIRCRAFT|DELAY_CARRIER|DELAY_NAS
SAV,1,5325,-4.16,-11.71,755,32.37,24.77,445,225.03,219.6,DELAY_LATE_AIRCRAFT|DELAY_CARRIER|DELAY_NAS
SAV,2,5815,-4.93,-12.2,475,30.97,23.48,195,155.36,148.59,DELAY_LATE_AIRCRAFT|DELAY_CARRIER|DELAY_NAS
SAV,3,6590,-3.55,-10.05,875,29.63,23.19,400,158.0,153.35,DELAY_LATE_AIRCRAFT|DELAY_NAS|DELAY_CARRIER
SAV,4,6800,-3.3,-7.53,1055,29.62,25.19,385,169.0,163.66,DELAY_LATE_AIRCRAFT|DELAY_NAS|DELAY_CARRIER
SAV,5,6645,-2.7,-6.52,1370,32.24,27.12,840,158.14,157.45,DELAY_LATE_AIRCRAFT|DELAY_NAS|DELAY_CARRIER
SAV,6,6745,-2.94,-9.41,1090,29.6,24.05,500,166.98,162.52,DELAY_LATE_AIRCRAFT|DELAY_CARRIER|DELAY_NAS
SAV,7,5585,-3.07,-8.63,1505,32.0,28.45,1140,178.59,176.98,DELAY_LATE_AIRCRAFT|DELAY_CARRIER|DELAY_NAS
SAV,8,6140,-3.85,-9.27,925,31.78,27.31,625,166.5,165.28,DELAY_LATE_AIRCRAFT|DELAY_NAS|DELAY_CARRIER
SAV,9,6305,-3.54,-9.48,685,29.97,23.48,405,162.91,159.25,DELAY_LATE_AIRCRAFT|DELAY_CARRIER|DELAY_NAS
SAV,10,7405,-3.59,-9.96,835,29.77,21.96,230,165.54,157.41,DELAY_LATE_AIRCRAFT|DELAY_CARRIER|DELAY_NAS
SAV,11,6835,-3.47,-9.13,815,29.89,25.37,365,159.75,158.34,DELAY_LATE_AIRCRAFT|DELAY_NAS|DELAY_CARRIER
SAV,12,6105,-2.31,-7.0,1220,32.03,27.74,590,175.4,172.38,DELAY_LATE_AIRCRAFT|DELAY_NAS|DELAY_CARRIER
SBA,1,2240,-5.19,-7.87,260,31.79,27.83,185,150.32,143.78,DELAY_LATE_AIRCRAFT|DELAY_NAS|DELAY_CARRIER
SBA,2,1835,-4.59,-9.5,330,30.95,30.06,195,173.13,172.23,DELAY_NAS|DELAY_LATE_AIRCRAFT|DELAY_CARRIER
SBA,3,2165,-4.82,-8.85,335,32.57,29.84,255,169.14,172.69,DELAY_NAS|DELAY_LATE_AIRCRAFT|DELAY_CARRIER
SBA,4,2065,-4.33,-6.99,310,34.66,33.66,340,252.56,250.56,DELAY_LATE_AIRCRAFT|DELAY_NAS|DELAY_CARRIER
SBA,5,2695,-4.84,-9.39,330,33.27,28.67,210,127.21,122.55,DELAY_LATE_AIRCRAFT|DELAY_NAS|DELAY_CARRIER
SBA,6,2730,-3.41,-8.66,320,28.95,23.78,200,152.15,146.9,DELAY_LATE_AIRCRAFT|DELAY_CARRIER|DELAY_NAS
SBA,7,3095,-4.15,-9.51,310,33.73,30.05,275,166.78,162.64,DELAY_LATE_AIRCRAFT|DELAY_CARRIER|DELAY_NAS
SBA,8,3025,-5.2,-9.62,290,27.34,22.24,115,180.96,176.96,DELAY_LATE_AIRCRAFT|DELAY_NAS|DELAY_CARRIER
SBA,9,2745,-5.84,-11.56,290,29.53,25.66,145,230.17,223.34,DELAY_LATE_AIRCRAFT|DELAY_CARRIER|DELAY_NAS
SBA,10,2755,-5.05,-10.43,300,31.57,26.7,180,206.06,207.08,DELAY_LATE_AIRCRAFT|DELAY_CARRIER|DELAY_NAS
SBA,11,2740,-5.25,-12.08,250,30.78,23.3,215,202.0,198.07,DELAY_LATE_AIRCRAFT|DELAY_NAS|DELAY_CARRIER
SBA,12,2615,-3.99,-10.25,285,30.16,23.54,210,160.36,153.19,DELAY_LATE_AIRCRAFT|DELAY_CARRIER|DELAY_NAS
SBN,1,1540,-4.29,-11.08,365,33.33,35.82,390,187.33,190.0,DELAY_CARRIER|CANC_WEATHER|DELAY_NAS
SBN,2,2050,-4.5,-15.92,245,28.45,14.84,125,143.92,133.32,DELAY_CARRIER|DELAY_NAS|DELAY_LATE_AIRCRAFT
SBN,3,2295,-4.77,-12.83,260,31.6,21.08,145,165.86,164.07,DELAY_CARRIER|DELAY_NAS|DELAY_LATE_AIRCRAFT
SBN,4,2280,-5.23,-11.71,235,28.47,23.15,170,160.59,161.38,DELAY_CARRIER|DELAY_LATE_AIRCRAFT|DELAY_NAS
SBN,5,1760,-3.6,-7.89,430,33.51,25.65,425,168.56,165.73,DELAY_CARRIER|DELAY_LATE_AIRCRAFT|DELAY_NAS
SBN,6,1925,-5.19,-9.15,305,32.8,22.49,240,163.35,157.42,DELAY_CARRIER|DELAY_LATE_AIRCRAFT|DELAY_NAS
SBN,7,1915,-4.51,-5.61,400,31.66,27.36,350,139.66,139.89,DELAY_CARRIER|DELAY_NAS|DELAY_LATE_AIRCRAFT
SBN,8,2150,-4.02,-8.58,370,29.5,26.14,325,143.02,138.83,DELAY_CARRIER|DELAY_LATE_AIRCRAFT|DELAY_NAS
SBN,9,2415,-5.28,-9.43,305,33.46,25.89,165,167.73,165.24,DELAY_CARRIER|DELAY_LATE_AIRCRAFT|DELAY_NAS
SBN,10,2640,-4.94,-13.21,320,29.45,17.69,150,151.63,144.6,DELAY_CARRIER|DELAY_LATE_AIRCRAFT|DELAY_NAS
SBN,11,2595,-5.25,-12.47,215,28.74,21.26,210,182.67,176.52,DELAY_CARRIER|DELAY_LATE_AIRCRAFT|DELAY_NAS
SBN,12,2400,-4.27,-11.16,415,31.33,28.3,305,171.72,168.9,DELAY_CARRIER|DELAY_LATE_AIRCRAFT|DELAY_NAS
SBP,1,1465,-5.97,-9.91,170,35.38,35.88,115,172.04,170.48,DELAY_CARRIER|DELAY_LATE_AIRCRAFT|DELAY_NAS
SBP,2,1290,-5.17,-10.82,160,34.94,37.44,130,226.73,225.31,DELAY_NAS|DELAY_CARRIER|DELAY_LATE_AIRCRAFT
SBP,3,1600,-4.55,-7.26,160,28.5,26.62,120,149.62,152.0,DELAY_NAS|DELAY_CARRIER|DELAY_LATE_AIRCRAFT
SBP,4,1710,-4.06,-6.6,220,32.5,26.43,85,124.24,122.29,DELAY_CARRIER|DELAY_LATE_AIRCRAFT|DELAY_NAS
SBP,5,1725,-4.72,-8.27,120,35.88,30.46,145,177.07,179.48,DELAY_LATE_AIRCRAFT|DELAY_CARRIER|DELAY_NAS
SBP,6,1720,-4.92,-7.59,225,30.4,28.27,110,152.91,153.73,DELAY_CARRIER|DELAY_LATE_AIRCRAFT|DELAY_NAS
SBP,7,1970,-5.24,-7.15,170,34.41,29.29,170,181.32,176.47,DELAY_CARRIER|DELAY_LATE_AIRCRAFT|DELAY_NAS
SBP,8,2060,-5.06,-5.92,125,32.48,32.0,170,165.0,166.26,DELAY_CARRIER|DELAY_LATE_AIRCRAFT|DELAY_NAS
SBP,9,2070,-4.93,-6.21,195,30.26,28.03,135,266.93,262.33,DELAY_CARRIER|DELAY_LATE_AIRCRAFT|DELAY_NAS
SBP,10,2170,-5.77,-7.17,225,31.44,29.29,185,222.57,221.62,DELAY_CARRIER|DELAY_LATE_AIRCRAFT|DELAY_NAS
SBP,11,2170,-5.41,-7.71,265,32.62,24.49,125,123.68,119.52,DELAY_CARRIER|DELAY_LATE_AIRCRAFT|DELAY_NAS
SBP,12,1920,-5.05,-9.25,215,31.16,24.19,290,172.78,170.74,DELAY_LATE_AIRCRAFT|DELAY_CARRIER|CANC_WEATHER
SCC,1,170,-15.0,-17.71,10,26.5,20.0,20,112.5,119.5,CANC_WEATHER|DELAY_LATE_AIRCRAFT
SCC,2,205,-15.98,-15.17,5,22.0,24.0,15,114.67,119.0,DELAY_LATE_AIRCRAFT|CANC_WEATHER
SCC,3,215,-11.84,-12.72,5,19.0,20.0,10,116.5,117.0,DELAY_LATE_AIRCRAFT|CANC_WEATHER|DELAY_CARRIER
SCC,4,190,-14.92,-15.34,25,39.6,42.4,15,152.33,158.67,DELAY_LATE_AIRCRAFT|CANC_CARRIER|CANC_WEATHER
SCC,5,210,-19.86,-21.81,30,37.33,34.83,5,63.0,59.0,DELAY_LATE_AIRCRAFT|CANC_CARRIER|DELAY_WEATHER
SCC,6,200,-17.55,-19.62,15,37.33,33.67,5,66.0,61.0,DELAY_LATE_AIRCRAFT|CANC_WEATHER|DELAY_CARRIER
SCC,7,230,-16.28,-16.83,10,35.5,26.0,5,185.0,189.0,DELAY_LATE_AIRCRAFT|CANC_WEATHER
SCC,8,210,-13.93,-12.67,25,23.8,23.2,10,157.5,150.0,DELAY_LATE_AIRCRAFT|DELAY_NAS|DELAY_CARRIER
SCC,9,225,-15.04,-18.47,5,35.0,29.0,0,,,DELAY_LATE_AIRCRAFT
SCC,10,210,-17.83,-21.14,20,38.25,42.25,10,251.5,247.5,DELAY_LATE_AIRCRAFT|CANC_WEATHER|DELAY_CARRIER
SCC,11,225,-14.02,-17.2,10,47.0,46.0,0,,,DELAY_CARRIER|DELAY_LATE_AIRCRAFT
SCC,12,200,-14.8,-14.38,10,18.0,16.5,5,126.0,125.0,CANC_WEATHER|DELAY_LATE_AIRCRAFT|DELAY_NAS
SCE,1,85,-6.29,-17.71,15,35.67,31.0,0,,,CANC_WEATHER|DELAY_CARRIER
SCE,2,125,-7.48,-15.4,15,23.33,27.0,5,166.0,167.0,DELAY_CARRIER|CANC_WEATHER|DELAY_WEATHER
SCE,3,295,-6.95,-10.93,10,22.0,10.5,10,116.5,111.5,DELAY_NAS|DELAY_CARRIER|DELAY_LATE_AIRCRAFT
SCE,4,235,-6.66,-6.96,35,37.14,32.0,25,143.2,129.2,DELAY_CARRIER|DELAY_LATE_AIRCRAFT
SCE,5,310,-5.37,-10.37,55,34.27,30.73,50,144.8,142.0,DELAY_LATE_AIRCRAFT|DELAY_NAS|DELAY_CARRIER
SCE,6,300,-6.35,-11.4,45,29.0,27.33,55,151.45,139.36,DELAY_CARRIER|DELAY_LATE_AIRCRAFT|DELAY_WEATHER
SCE,7,150,-8.27,-11.93,10,46.5,70.5,10,91.0,82.5,DELAY_NAS|DELAY_CARRIER|DELAY_WEATHER
SCE,8,180,-6.0,-9.97,25,31.6,33.0,15,73.67,72.33,DELAY_LATE_AIRCRAFT|DELAY_NAS|DELAY_WEATHER
SCE,9,140,-7.96,-10.14,0,,,10,169.5,160.5,DELAY_CARRIER|DELAY_LATE_AIRCRAFT
SCE,10,250,-5.4,-7.12,25,32.6,34.2,20,213.0,211.5,DELAY_LATE_AIRCRAFT|DELAY_CARRIER|DELAY_NAS
SCE,11,145,-6.62,-9.14,25,33.6,36.8,35,172.71,164.43,DELAY_CARRIER|DELAY_LATE_AIRCRAFT
SCE,12,55,-7.45,-11.64,25,29.6,38.6,15,71.67,76.67,DELAY_LATE_AIRCRAFT|DELAY_CARRIER|DELAY_NAS
SCK,1,130,-4.58,-2.85,40,27.25,26.62,25,128.0,129.6,DELAY_LATE_AIRCRAFT|DELAY_NAS|DELAY_CARRIER
SCK,2,165,-5.76,-7.18,5,27.0,15.0,25,202.6,205.4,DELAY_LATE_AIRCRAFT|DELAY_NAS|DELAY_CARRIER
SCK,3,175,-5.69,-1.74,45,37.22,46.56,25,121.6,127.0,DELAY_NAS|DELAY_LATE_AIRCRAFT|DELAY_CARRIER
SCK,4,140,-4.18,-3.21,30,25.5,37.0,10,93.5,94.0,DELAY_LATE_AIRCRAFT|DELAY_CARRIER|DELAY_NAS
SCK,5,170,-5.44,0.82,25,41.0,40.2,10,85.5,81.5,DELAY_NAS|DELAY_LATE_AIRCRAFT
SCK,6,125,-4.64,-2.92,85,32.12,29.82,10,98.0,97.0,DELAY_CARRIER|DELAY_LATE_AIRCRAFT|DELAY_NAS
SCK,7,150,2.1,1.83,60,32.08,32.25,30,456.33,461.5,DELAY_CARRIER|DELAY_LATE_AIRCRAFT|DELAY_NAS
SCK,8,130,-1.42,-2.15,40,37.62,40.88,30,195.0,192.83,DELAY_LATE_AIRCRAFT|DELAY_NAS|DELAY_CARRIER
SCK,9,115,-0.39,-4.61,50,37.2,38.4,30,187.0,186.5,DELAY_CARRIER|DELAY_LATE_AIRCRAFT|DELAY_NAS
SCK,10,145,0.03,-0.38,55,26.82,27.82,25,90.6,83.0,DELAY_CARRIER|DELAY_LATE_AIRCRAFT|DELAY_NAS
SCK,11,115,0.65,-6.26,85,33.12,33.35,0,,,DELAY_LATE_AIRCRAFT|DELAY_CARRIER|DELAY_NAS
SCK,12,120,0.38,-3.21,85,33.59,24.35,60,102.67,101.42,DELAY_LATE_AIRCRAFT|DELAY_CARRIER|DELAY_WEATHER
SDF,1,6895,-4.6,-9.34,960,31.42,29.54,715,183.03,185.2,DELAY_LATE_AIRCRAFT|DELAY_NAS|DELAY_CARRIER
SDF,2,7490,-4.81,-10.86,635,31.44,23.5,255,141.73,142.51,DELAY_NAS|DELAY_LATE_AIRCRAFT|DELAY_CARRIER
SDF,3,8500,-4.64,-10.22,1060,32.25,26.18,520,156.78,153.62,DELAY_LATE_AIRCRAFT|DELAY_NAS|DELAY_CARRIER
SDF,4,8700,-4.34,-9.07,980,30.28,25.33,485,136.57,133.96,DELAY_LATE_AIRCRAFT|DELAY_NAS|DELAY_CARRIER
SDF,5,8695,-2.91,-6.45,1605,30.94,27.98,975,159.71,161.01,DELAY_LATE_AIRCRAFT|DELAY_NAS|DELAY_CARRIER
SDF,6,8735,-3.95,-9.38,1180,30.04,27.23,710,186.38,183.2,DELAY_LATE_AIRCRAFT|DELAY_NAS|DELAY_CARRIER
SDF,7,7955,-3.66,-7.03,1500,32.6,31.83,1125,174.37,175.04,DELAY_LATE_AIRCRAFT|DELAY_CARRIER|DELAY_NAS
SDF,8,8290,-4.57,-8.48,1035,31.05,29.05,685,183.68,180.15,DELAY_LATE_AIRCRAFT|DELAY_NAS|DELAY_CARRIER
SDF,9,8760,-4.51,-8.33,850,31.88,29.55,460,157.8,156.59,DELAY_LATE_AIRCRAFT|DELAY_NAS|DELAY_CARRIER
SDF,10,9790,-4.79,-10.5,695,32.76,23.85,325,182.75,179.37,DELAY_LATE_AIRCRAFT|DELAY_NAS|DELAY_CARRIER
SDF,11,8470,-5.29,-11.34,675,33.42,29.83,345,163.3,161.54,DELAY_NAS|DELAY_CARRIER|DELAY_LATE_AIRCRAFT
SDF,12,7500,-3.88,-10.55,975,30.46,24.99,515,168.84,164.39,DELAY_LATE_AIRCRAFT|DELAY_NAS|DELAY_CARRIER
SEA,1,39640,-1.82,-7.65,9025,31.58,24.66,4780,137.17,130.62,DELAY_LATE_AIRCRAFT|DELAY_CARRIER|CANC_CARRIER
SEA,2,47750,-3.47,-7.14,5570,30.35,25.03,1925,135.88,132.69,DELAY_NAS|DELAY_CARRIER|DELAY_LATE_AIRCRAFT
SEA,3,50685,-2.58,-6.66,9045,30.75,26.01,3055,139.15,135.92,DELAY_CARRIER|DELAY_NAS|DELAY_LATE_AIRCRAFT
SEA,4,52315,-2.58,-6.67,9110,30.59,25.62,3010,120.54,116.19,DELAY_CARRIER|DELAY_NAS|DELAY_LATE_AIRCRAFT
SEA,5,54795,-1.66,-6.09,12540,30.6,25.46,3855,121.54,116.86,DELAY_LATE_AIRCRAFT|DELAY_CARRIER|DELAY_NAS
SEA,6,55175,-0.8,-6.18,15805,30.01,24.0,4420,130.26,122.35,DELAY_LATE_AIRCRAFT|DELAY_CARRIER|DELAY_NAS
SEA,7,59650,-1.19,-4.33,15095,30.21,26.58,4705,135.73,131.5,DELAY_LATE_AIRCRAFT|DELAY_CARRIER|DELAY_NAS
SEA,8,59770,-1.4,-3.5,14385,30.35,28.19,4905,122.8,120.55,DELAY_LATE_AIRCRAFT|DELAY_CARRIER|DELAY_NAS
SEA,9,59965,-2.23,-4.91,10795,30.08,26.46,2925,117.43,112.82,DELAY_CARRIER|DELAY_NAS|DELAY_LATE_AIRCRAFT
SEA,10,58740,-2.94,-6.97,7610,29.51,24.78,2085,123.89,118.34,DELAY_CARRIER|DELAY_NAS|DELAY_LATE_AIRCRAFT
SEA,11,53660,-3.3,-9.31,6510,29.19,22.38,1820,135.82,130.39,DELAY_CARRIER|DELAY_NAS|DELAY_LATE_AIRCRAFT
SEA,12,49770,-1.99,-9.34,9415,30.27,23.11,3295,124.4,118.08,DELAY_CARRIER|DELAY_LATE_AIRCRAFT|DELAY_NAS
SFB,1,2970,-7.22,-14.24,450,30.27,25.13,235,149.34,143.85,DELAY_LATE_AIRCRAFT|DELAY_CARRIER|DELAY_NAS
SFB,2,3125,-6.04,-5.97,510,32.34,32.03,150,147.1,145.9,DELAY_LATE_AIRCRAFT|DELAY_CARRIER|DELAY_NAS
SFB,3,3455,-5.73,-7.65,730,32.27,30.86,360,136.5,138.76,DELAY_LATE_AIRCRAFT|DELAY_CARRIER|DELAY_NAS
SFB,4,3165,-6.34,-8.76,340,29.07,29.57,210,205.12,203.14,DELAY_LATE_AIRCRAFT|DELAY_CARRIER|DELAY_NAS
SFB,5,3035,-5.17,-7.22,520,29.87,30.35,300,126.5,124.87,DELAY_LATE_AIRCRAFT|DELAY_NAS|DELAY_CARRIER
SFB,6,3415,-3.99,-7.6,845,31.17,30.54,520,140.1,138.58,DELAY_LATE_AIRCRAFT|DELAY_CARRIER|DELAY_NAS
SFB,7,3560,-3.91,-6.81,840,31.64,31.52,550,131.69,133.75,DELAY_LATE_AIRCRAFT|DELAY_CARRIER|DELAY_NAS
SFB,8,2495,-5.36,-9.18,500,33.72,32.07,385,154.65,152.75,DELAY_LATE_AIRCRAFT|DELAY_CARRIER|DELAY_WEATHER
SFB,9,1995,-5.57,-10.64,305,32.54,27.49,180,124.5,122.81,DELAY_CARRIER|DELAY_LATE_AIRCRAFT|DELAY_WEATHER
SFB,10,2800,-5.0,-9.96,390,27.32,24.13,245,160.0,158.53,CANC_WEATHER|DELAY_CARRIER|DELAY_LATE_AIRCRAFT
SFB,11,2795,-6.28,-9.46,525,29.71,32.29,150,98.4,100.47,DELAY_CARRIER|DELAY_LATE_AIRCRAFT|DELAY_NAS
SFB,12,2980,-4.02,-7.31,1015,32.13,28.86,560,143.14,140.71,DELAY_CARRIER|DELAY_LATE_AIRCRAFT|DELAY_NAS
SFO,1,37300,-2.4,-8.6,6755,31.1,23.29,3615,148.0,138.13,DELAY_LATE_AIRCRAFT|DELAY_CARRIER|CANC_CARRIER
SFO,2,34215,-1.97,-10.29,8130,31.44,22.27,4820,158.73,150.3,DELAY_LATE_AIRCRAFT|DELAY_CARRIER|DELAY_NAS
SFO,3,38090,-1.85,-7.38,10480,32.84,26.58,5315,136.45,129.77,DELAY_LATE_AIRCRAFT|DELAY_NAS|DELAY_CARRIER
SFO,4,37300,-1.92,-11.34,9765,32.37,24.11,5520,130.06,121.17,DELAY_LATE_AIRCRAFT|DELAY_NAS|DELAY_CARRIER
SFO,5,38935,-1.76,-11.37,10405,32.54,22.01,4910,133.82,123.3,DELAY_LATE_AIRCRAFT|DELAY_CARRIER|DELAY_NAS
SFO,6,37780,-1.89,-12.01,8350,31.49,22.71,4625,142.67,132.62,DELAY_LATE_AIRCRAFT|DELAY_CARRIER|DELAY_NAS
SFO,7,43985,-2.24,-7.77,8570,31.26,24.72,4995,148.73,142.09,DELAY_LATE_AIRCRAFT|DELAY_CARRIER|DELAY_NAS
SFO,8,46835,-2.17,-8.25,8515,31.82,24.88,4080,138.95,131.58,DELAY_LATE_AIRCRAFT|DELAY_CARRIER|DELAY_NAS
SFO,9,48830,-3.11,-7.8,6935,31.47,26.95,2745,151.52,146.26,DELAY_LATE_AIRCRAFT|DELAY_CARRIER|DELAY_NAS
SFO,10,52420,-3.01,-9.32,6990,30.62,24.45,3095,138.53,131.85,DELAY_LATE_AIRCRAFT|DELAY_CARRIER|DELAY_NAS
SFO,11,47195,-2.88,-10.17,7895,31.36,22.99,4960,138.86,131.85,DELAY_LATE_AIRCRAFT|DELAY_CARRIER|DELAY_NAS
SFO,12,46425,-2.19,-8.82,8650,32.2,24.39,4800,137.49,129.98,DELAY_LATE_AIRCRAFT|DELAY_CARRIER|DELAY_NAS
SGF,1,2060,-2.7,-6.43,420,30.77,36.93,390,241.6,258.49,DELAY_NAS|DELAY_LATE_AIRCRAFT|DELAY_CARRIER
SGF,2,2370,-3.83,-9.78,260,27.81,17.75,105,93.57,84.71,DELAY_CARRIER|DELAY_NAS|DELAY_LATE_AIRCRAFT
SGF,3,2565,-3.67,-9.37,300,30.38,21.63,235,155.11,151.66,DELAY_LATE_AIRCRAFT|DELAY_NAS|DELAY_CARRIER
SGF,4,2650,-3.25,-8.47,370,29.16,27.55,255,193.29,197.78,DELAY_LATE_AIRCRAFT|DELAY_NAS|DELAY_CARRIER
SGF,5,2505,-1.77,-5.41,575,31.24,31.58,470,164.29,166.93,DELAY_LATE_AIRCRAFT|DELAY_CARRIER|DELAY_NAS
SGF,6,3230,-3.17,-7.7,735,30.72,25.4,435,164.2,162.44,DELAY_LATE_AIRCRAFT|DELAY_CARRIER|DELAY_NAS
SGF,7,3140,-2.18,-5.37,690,29.5,26.43,520,159.43,158.5,DELAY_LATE_AIRCRAFT|DELAY_CARRIER|DELAY_NAS
SGF,8,3535,-3.21,-7.7,620,31.99,27.81,385,181.82,176.1,DELAY_LATE_AIRCRAFT|DELAY_CARRIER|DELAY_NAS
SGF,9,3705,-4.12,-8.99,500,29.46,26.77,275,157.13,153.98,DELAY_LATE_AIRCRAFT|DELAY_CARRIER|DELAY_NAS
SGF,10,3835,-3.94,-8.66,440,28.92,21.75,200,216.25,207.0,DELAY_CARRIER|DELAY_LATE_AIRCRAFT|DELAY_NAS
SGF,11,3270,-3.62,-8.12,380,30.71,26.95,240,160.62,160.02,DELAY_CARRIER|DELAY_LATE_AIRCRAFT|DELAY_NAS
SGF,12,3040,-2.0,-6.21,690,32.4,28.11,375,186.08,182.72,DELAY_LATE_AIRCRAFT|DELAY_CARRIER|DELAY_NAS
SGU,1,915,-6.11,-7.56,90,30.61,28.17,30,175.5,167.83,DELAY_CARRIER|DELAY_NAS|DELAY_LATE_AIRCRAFT
SGU,2,850,-5.81,-7.52,80,28.81,25.94,40,202.0,199.25,DELAY_CARRIER|DELAY_NAS|DELAY_LATE_AIRCRAFT
SGU,3,1050,-6.56,-11.2,35,28.14,18.29,25,160.2,165.2,DELAY_CARRIER|DELAY_WEATHER|CANC_WEATHER
SGU,4,1155,-5.73,-9.8,70,31.29,32.43,45,325.89,324.89,DELAY_CARRIER|DELAY_NAS|DELAY_WEATHER
SGU,5,1040,-4.87,-10.13,55,31.36,24.64,50,177.5,175.7,DELAY_CARRIER|DELAY_WEATHER|DELAY_NAS
SGU,6,890,-5.8,-10.47,65,39.38,32.15,65,166.0,158.62,DELAY_CARRIER|DELAY_WEATHER|DELAY_LATE_AIRCRAFT
SGU,7,990,-6.63,-12.82,110,37.5,31.86,70,147.36,137.57,DELAY_CARRIER|DELAY_WEATHER|DELAY_LATE_AIRCRAFT
SGU,8,1005,-6.54,-13.95,85,36.41,31.47,85,364.94,362.0,DELAY_CARRIER|DELAY_WEATHER|DELAY_LATE_AIRCRAFT
SGU,9,1270,-7.13,-11.98,30,23.0,25.33,25,151.4,141.4,DELAY_CARRIER|DELAY_NAS|DELAY_LATE_AIRCRAFT
SGU,10,1545,-7.61,-14.48,130,29.54,26.31,65,145.15,140.46,DELAY_CARRIER|DELAY_NAS|DELAY_LATE_AIRCRAFT
SGU,11,1330,-6.84,-16.21,80,33.31,28.06,120,156.92,150.25,DELAY_CARRIER|DELAY_LATE_AIRCRAFT|DELAY_WEATHER
SGU,12,1400,-6.46,-15.35,75,36.4,26.67,80,212.31,207.88,DELAY_CARRIER|DELAY_LATE_AIRCRAFT|DELAY_NAS
SHR,1,235,-6.74,-17.74,15,20.0,5.0,30,178.67,168.0,CANC_WEATHER|DELAY_CARRIER|DELAY_LATE_AIRCRAFT
SHR,2,250,-8.06,-17.74,10,35.5,67.0,10,108.5,118.0,CANC_WEATHER|DELAY_CARRIER|DELAY_NAS
SHR,3,290,-7.84,-17.31,5,23.0,3.0,5,112.0,138.0,CANC_WEATHER|DELAY_NAS|DELAY_LATE_AIRCRAFT
SHR,4,295,-8.27,-2.73,0,,,5,403.0,412.0,DELAY_CARRIER
SHR,5,275,-8.44,-7.71,20,32.5,25.25,10,220.0,220.5,DELAY_CARRIER|DELAY_LATE_AIRCRAFT|CANC_WEATHER
SHR,6,270,-7.07,-6.0,15,41.0,38.33,15,214.67,211.33,DELAY_CARRIER|DELAY_LATE_AIRCRAFT
SHR,7,265,-8.34,-6.43,20,45.0,44.5,25,138.4,137.6,DELAY_CARRIER|DELAY_LATE_AIRCRAFT
SHR,8,280,-7.3,-4.91,10,39.5,39.0,15,247.0,261.0,DELAY_NAS|DELAY_CARRIER|DELAY_LATE_AIRCRAFT
SHR,9,275,-6.58,-4.55,10,28.0,25.0,15,259.0,258.0,DELAY_CARRIER
SHR,10,285,-8.16,-5.0,10,34.0,35.5,15,260.67,254.0,DELAY_CARRIER|DELAY_LATE_AIRCRAFT|DELAY_NAS
SHR,11,265,-8.02,-8.17,10,47.0,53.0,10,140.5,134.0,DELAY_CARRIER|CANC_WEATHER
SHR,12,295,-9.08,-12.93,10,18.0,5.5,5,261.0,271.0,DELAY_CARRIER|DELAY_LATE_AIRCRAFT
SHV,1,1140,-4.13,-4.93,130,33.81,30.88,130,276.15,280.19,DELAY_LATE_AIRCRAFT|CANC_WEATHER|DELAY_NAS
SHV,2,1270,-5.05,-6.51,105,30.38,28.19,50,124.5,118.1,DELAY_LATE_AIRCRAFT|DELAY_NAS|DELAY_CARRIER
SHV,3,1370,-4.7,-9.93,160,29.09,23.59,90,139.17,141.61,DELAY_LATE_AIRCRAFT|DELAY_NAS|DELAY_CARRIER
SHV,4,1335,-3.28,-8.93,145,27.76,21.55,125,258.32,261.6,DELAY_LATE_AIRCRAFT|DELAY_NAS|CANC_WEATHER
SHV,5,1200,-2.26,-6.71,245,31.16,29.92,220,170.09,170.32,DELAY_LATE_AIRCRAFT|DELAY_CARRIER|DELAY_NAS
SHV,6,1540,-4.14,-9.5,260,36.42,34.17,175,149.03,145.83,DELAY_LATE_AIRCRAFT|DELAY_CARRIER|DELAY_WEATHER
SHV,7,1335,-3.19,-8.6,355,33.7,33.37,260,198.25,191.06,DELAY_LATE_AIRCRAFT|DELAY_CARRIER|DELAY_NAS
SHV,8,1725,-4.73,-10.17,170,35.0,29.38,125,154.72,152.8,DELAY_LATE_AIRCRAFT|DELAY_CARRIER|DELAY_NAS
SHV,9,1660,-5.04,-10.27,155,32.48,29.87,120,151.92,146.08,DELAY_LATE_AIRCRAFT|DELAY_CARRIER|DELAY_NAS
SHV,10,1855,-4.79,-11.11,195,31.69,21.82,40,125.88,120.38,DELAY_LATE_AIRCRAFT|DELAY_CARRIER|DELAY_NAS
SHV,11,1885,-5.1,-10.99,125,27.16,21.48,60,189.42,191.33,DELAY_CARRIER|DELAY_NAS|DELAY_LATE_AIRCRAFT
SHV,12,1760,-2.8,-8.21,275,31.36,27.09,195,190.72,188.41,DELAY_CARRIER|DELAY_LATE_AIRCRAFT|DELAY_NAS
SIT,1,335,-12.72,-14.42,75,27.67,31.8,20,189.0,197.0,DELAY_LATE_AIRCRAFT|DELAY_CARRIER|CANC_CARRIER
SIT,2,385,-14.14,-14.03,30,34.33,31.5,15,132.33,137.67,DELAY_LATE_AIRCRAFT|DELAY_CARRIER|DELAY_NAS
SIT,3,400,-11.1,-11.41,40,33.12,35.38,5,71.0,77.0,DELAY_LATE_AIRCRAFT|CANC_CARRIER|DELAY_NAS
SIT,4,405,-10.96,-11.78,30,33.83,40.83,10,106.5,108.5,DELAY_CARRIER|DELAY_LATE_AIRCRAFT|DELAY_NAS
SIT,5,545,-9.46,-10.31,60,26.25,21.42,10,173.0,177.0,DELAY_LATE_AIRCRAFT|DELAY_CARRIER|DELAY_NAS
SIT,6,730,-10.29,-8.42,65,34.15,36.23,55,207.27,201.64,DELAY_CARRIER|DELAY_LATE_AIRCRAFT|DELAY_NAS
SIT,7,795,-8.35,-8.53,90,36.11,32.78,40,272.5,272.88,DELAY_LATE_AIRCRAFT|DELAY_CARRIER|DELAY_NAS
SIT,8,660,-7.55,-7.7,100,32.7,29.65,70,192.86,186.14,DELAY_LATE_AIRCRAFT|DELAY_CARRIER|DELAY_WEATHER
SIT,9,555,-9.82,-9.67,60,30.25,32.08,15,119.33,113.33,DELAY_LATE_AIRCRAFT|DELAY_CARRIER|DELAY_NAS
SIT,10,400,-12.07,-13.51,40,40.25,40.12,15,111.33,108.67,DELAY_LATE_AIRCRAFT|DELAY_WEATHER|CANC_CARRIER
SIT,11,395,-11.48,-11.87,40,31.62,35.25,5,113.0,109.0,DELAY_LATE_AIRCRAFT|DELAY_CARRIER|DELAY_NAS
SIT,12,400,-10.75,-10.06,20,38.0,49.5,20,126.0,117.75,DELAY_NAS|DELAY_LATE_AIRCRAFT|DELAY_WEATHER
SJC,1,15775,-3.01,-8.8,2220,30.76,24.26,775,121.86,114.31,DELAY_LATE_AIRCRAFT|DELAY_CARRIER|DELAY_NAS
SJC,2,15190,-2.87,-9.71,1780,30.92,23.42,620,127.04,120.41,DELAY_LATE_AIRCRAFT|DELAY_CARRIER|DELAY_NAS
SJC,3,16745,-2.58,-7.24,2015,30.69,23.99,840,119.48,115.96,DELAY_LATE_AIRCRAFT|DELAY_CARRIER|DELAY_NAS
SJC,4,16990,-2.83,-7.66,1945,30.05,23.88,680,132.04,126.18,DELAY_LATE_AIRCRAFT|DELAY_CARRIER|DELAY_NAS
SJC,5,17335,-2.67,-7.84,2500,30.93,25.51,945,125.04,118.1,DELAY_LATE_AIRCRAFT|DELAY_CARRIER|DELAY_NAS
SJC,6,17415,-1.9,-6.52,3140,29.72,25.11,1255,116.69,111.63,DELAY_LATE_AIRCRAFT|DELAY_CARRIER|DELAY_NAS
SJC,7,18135,-2.3,-6.18,2665,30.62,26.32,1455,126.53,122.51,DELAY_LATE_AIRCRAFT|DELAY_CARRIER|DELAY_NAS
SJC,8,19610,-3.27,-7.9,2445,29.79,24.81,845,133.1,127.32,DELAY_LATE_AIRCRAFT|DELAY_NAS|DELAY_CARRIER
SJC,9,19150,-3.77,-7.69,2265,31.12,27.43,760,111.7,106.51,DELAY_LATE_AIRCRAFT|DELAY_NAS|DELAY_CARRIER
SJC,10,19280,-3.61,-9.26,2430,30.84,24.16,1090,127.95,124.6,DELAY_LATE_AIRCRAFT|DELAY_NAS|DELAY_CARRIER
SJC,11,18380,-3.47,-10.44,1990,28.79,19.7,715,108.72,101.69,DELAY_LATE_AIRCRAFT|DELAY_CARRIER|DELAY_NAS
SJC,12,16860,-2.66,-9.37,2495,30.61,24.08,1155,130.26,125.23,DELAY_LATE_AIRCRAFT|DELAY_CARRIER|DELAY_NAS
SJT,1,330,-7.06,-9.45,90,30.11,29.94,35,401.57,396.71,DELAY_LATE_AIRCRAFT|DELAY_WEATHER|DELAY_CARRIER
SJT,2,395,-6.08,-10.37,15,29.0,24.0,25,121.0,119.6,DELAY_LATE_AIRCRAFT|DELAY_NAS|DELAY_CARRIER
SJT,3,405,-6.23,-10.74,35,27.0,23.86,20,89.0,83.0,DELAY_LATE_AIRCRAFT|DELAY_NAS|CANC_WEATHER
SJT,4,355,-5.1,-9.61,40,33.75,27.5,45,127.33,127.22,DELAY_LATE_AIRCRAFT|DELAY_CARRIER|CANC_NAS
SJT,5,320,-5.19,-8.2,40,36.75,41.62,70,219.29,218.14,DELAY_CARRIER|DELAY_LATE_AIRCRAFT|CANC_WEATHER
SJT,6,340,-5.63,-6.1,65,29.23,34.0,30,149.33,152.83,DELAY_CARRIER|DELAY_LATE_AIRCRAFT|DELAY_NAS
SJT,7,365,-4.66,-2.75,40,35.62,31.62,55,136.18,133.36,DELAY_CARRIER|DELAY_NAS|DELAY_LATE_AIRCRAFT
SJT,8,405,-6.01,-6.37,20,28.5,31.0,30,136.67,134.0,DELAY_LATE_AIRCRAFT|DELAY_CARRIER|DELAY_NAS
SJT,9,375,-5.63,-2.19,45,29.67,31.33,25,219.4,213.2,DELAY_CARRIER|DELAY_LATE_AIRCRAFT|DELAY_NAS
SJT,10,410,-5.23,-6.45,40,31.88,26.88,10,98.5,91.5,DELAY_NAS|DELAY_CARRIER|DELAY_LATE_AIRCRAFT
SJT,11,355,-5.46,-4.31,35,29.71,39.71,40,147.62,142.62,DELAY_CARRIER|DELAY_LATE_AIRCRAFT|DELAY_WEATHER
SJT,12,355,-4.52,-11.32,45,30.22,33.89,30,97.5,81.0,DELAY_CARRIER|CANC_WEATHER|DELAY_WEATHER
SJU,1,10840,-2.93,-6.51,2565,31.78,28.85,1535,166.63,163.11,DELAY_LATE_AIRCRAFT|DELAY_CARRIER|DELAY_NAS
SJU,2,9995,-3.43,-3.66,1805,31.99,28.45,1065,179.61,175.98,DELAY_LATE_AIRCRAFT|DELAY_NAS|DELAY_CARRIER
SJU,3,10665,-2.57,-2.68,2560,31.89,31.13,1640,189.08,188.7,DELAY_LATE_AIRCRAFT|DELAY_NAS|DELAY_CARRIER
SJU,4,11725,-3.68,-7.12,1680,30.85,26.07,990,171.72,166.29,DELAY_LATE_AIRCRAFT|DELAY_NAS|DELAY_CARRIER
SJU,5,11560,-3.1,-7.0,2265,31.46,28.75,1380,200.36,193.91,DELAY_LATE_AIRCRAFT|DELAY_NAS|DELAY_CARRIER
SJU,6,11975,-2.66,-6.58,2910,31.58,28.23,1715,176.13,172.23,DELAY_LATE_AIRCRAFT|DELAY_NAS|DELAY_CARRIER
SJU,7,12300,-2.15,-7.02,3090,33.37,27.75,2035,165.95,159.9,DELAY_LATE_AIRCRAFT|DELAY_CARRIER|DELAY_NAS
SJU,8,9970,-2.58,-7.75,2640,33.08,25.98,2040,160.78,156.93,DELAY_LATE_AIRCRAFT|DELAY_CARRIER|DELAY_NAS
SJU,9,8660,-3.58,-10.2,950,29.92,21.11,635,154.03,144.07,DELAY_LATE_AIRCRAFT|DELAY_CARRIER|DELAY_NAS
SJU,10,9455,-4.22,-10.26,1300,30.39,22.23,550,175.85,167.25,DELAY_LATE_AIRCRAFT|DELAY_CARRIER|DELAY_NAS
SJU,11,11505,-3.64,-11.59,1745,31.56,23.71,805,159.2,151.81,DELAY_LATE_AIRCRAFT|DELAY_CARRIER|DELAY_NAS
SJU,12,13090,-4.01,-7.48,2955,31.31,26.88,1425,157.91,153.81,DELAY_LATE_AIRCRAFT|DELAY_CARRIER|DELAY_NAS
SLC,1,37105,-2.32,-7.35,6220,31.32,26.33,3300,165.74,161.5,DELAY_CARRIER|DELAY_NAS|DELAY_LATE_AIRCRAFT
SLC,2,37420,-2.99,-9.98,4285,28.89,22.01,1725,134.52,129.14,DELAY_CARRIER|DELAY_NAS|DELAY_LATE_AIRCRAFT
SLC,3,40425,-2.66,-8.06,5320,30.81,27.56,2560,148.66,146.2,DELAY_CARRIER|DELAY_NAS|DELAY_LATE_AIRCRAFT
SLC,4,39560,-3.46,-8.99,4615,31.55,26.04,2340,134.07,129.67,DELAY_CARRIER|DELAY_LATE_AIRCRAFT|DELAY_NAS
SLC,5,39330,-2.77,-7.88,5695,31.47,25.77,2770,133.07,129.66,DELAY_CARRIER|DELAY_LATE_AIRCRAFT|DELAY_NAS
SLC,6,37960,-2.62,-7.57,6540,31.76,25.44,3215,155.96,148.98,DELAY_CARRIER|DELAY_LATE_AIRCRAFT|DELAY_NAS
SLC,7,36720,-2.58,-6.94,6710,31.24,26.26,4485,154.23,148.3,DELAY_CARRIER|DELAY_LATE_AIRCRAFT|DELAY_NAS
SLC,8,39130,-2.95,-6.66,6125,31.59,27.28,3315,151.69,146.68,DELAY_CARRIER|DELAY_LATE_AIRCRAFT|DELAY_NAS
SLC,9,40320,-3.81,-8.24,4095,30.69,24.86,1845,140.27,134.93,DELAY_CARRIER|DELAY_LATE_AIRCRAFT|DELAY_NAS
SLC,10,42015,-4.14,-9.19,3610,31.16,25.02,1440,147.94,143.01,DELAY_CARRIER|DELAY_NAS|DELAY_LATE_AIRCRAFT
SLC,11,38930,-4.16,-9.67,3280,30.41,25.0,1635,149.24,144.55,DELAY_CARRIER|DELAY_NAS|DELAY_LATE_AIRCRAFT
SLC,12,39105,-3.14,-10.62,5460,31.47,22.78,2645,149.63,142.42,DELAY_CARRIER|DELAY_LATE_AIRCRAFT|DELAY_NAS
SLN,1,210,-8.24,-14.79,30,31.5,26.17,30,145.33,144.33,DELAY_LATE_AIRCRAFT|CANC_WEATHER|DELAY_NAS
SLN,2,260,-10.67,-14.62,20,27.75,25.5,10,64.5,56.0,DELAY_CARRIER|DELAY_LATE_AIRCRAFT|DELAY_WEATHER
SLN,3,260,-9.4,-10.1,15,32.0,34.67,25,139.8,136.8,DELAY_LATE_AIRCRAFT|DELAY_CARRIER|DELAY_NAS
SLN,4,240,-8.62,-14.29,20,48.5,36.25,35,181.29,176.86,DELAY_CARRIER|DELAY_LATE_AIRCRAFT|CANC_WEATHER
SLN,5,185,-6.46,-7.81,25,26.6,21.6,80,243.62,240.69,DELAY_CARRIER|DELAY_LATE_AIRCRAFT|DELAY_NAS
SLN,6,215,-7.79,-14.49,20,41.0,38.5,20,121.5,132.5,DELAY_WEATHER|DELAY_CARRIER|DELAY_LATE_AIRCRAFT
SLN,7,215,-6.05,-14.35,20,29.25,65.75,30,152.67,146.83,DELAY_CARRIER|DELAY_LATE_AIRCRAFT|DELAY_NAS
SLN,8,235,-8.55,-12.3,30,38.67,43.33,30,172.0,164.83,DELAY_LATE_AIRCRAFT|DELAY_CARRIER|CANC_WEATHER
SLN,9,245,-8.57,-13.8,15,31.67,25.0,35,254.86,244.29,DELAY_CARRIER|DELAY_LATE_AIRCRAFT|DELAY_WEATHER
SLN,10,295,-9.03,-11.63,5,16.0,11.0,10,100.5,92.0,DELAY_CARRIER
SLN,11,240,-7.08,-4.88,30,24.67,23.0,20,192.0,197.5,DELAY_CARRIER|CANC_WEATHER|DELAY_LATE_AIRCRAFT
SLN,12,275,-6.62,-5.4,20,42.0,40.0,15,113.0,116.0,DELAY_CARRIER|DELAY_LATE_AIRCRAFT
SMF,1,17005,-2.67,-8.35,2370,30.42,23.14,1015,128.66,122.23,DELAY_LATE_AIRCRAFT|DELAY_CARRIER|DELAY_NAS
SMF,2,15895,-2.97,-9.17,1845,29.4,23.94,715,146.22,142.87,DELAY_LATE_AIRCRAFT|DELAY_CARRIER|DELAY_NAS
SMF,3,17680,-2.29,-6.75,2365,30.27,26.2,1010,148.84,145.96,DELAY_LATE_AIRCRAFT|DELAY_CARRIER|DELAY_NAS
SMF,4,18080,-2.33,-7.47,2685,31.56,25.59,1075,118.54,113.87,DELAY_LATE_AIRCRAFT|DELAY_CARRIER|DELAY_NAS
SMF,5,18385,-1.82,-7.05,3250,30.65,24.41,1365,140.76,136.18,DELAY_LATE_AIRCRAFT|DELAY_CARRIER|DELAY_NAS
SMF,6,18330,-1.3,-6.8,3815,30.46,24.2,1435,136.44,131.37,DELAY_LATE_AIRCRAFT|DELAY_CARRIER|DELAY_NAS
SMF,7,19195,-1.96,-5.98,3730,31.68,28.18,1760,162.78,161.8,DELAY_LATE_AIRCRAFT|DELAY_CARRIER|DELAY_NAS
SMF,8,20780,-2.9,-7.78,2895,30.85,25.5,1370,131.07,125.25,DELAY_LATE_AIRCRAFT|DELAY_CARRIER|DELAY_NAS
SMF,9,20775,-3.1,-8.13,2480,29.32,24.33,950,136.93,133.11,DELAY_LATE_AIRCRAFT|DELAY_NAS|DELAY_CARRIER
SMF,10,21315,-3.19,-9.61,2605,31.07,25.48,990,134.85,133.12,DELAY_LATE_AIRCRAFT|DELAY_CARRIER|DELAY_NAS
SMF,11,19805,-2.95,-10.03,2555,30.36,22.23,815,139.73,137.33,DELAY_LATE_AIRCRAFT|DELAY_CARRIER|DELAY_NAS
SMF,12,17460,-2.17,-9.08,3400,30.48,23.16,1520,156.2,150.61,DELAY_LATE_AIRCRAFT|DELAY_CARRIER|DELAY_NAS
SMX,1,30,-9.5,-6.67,0,,,15,209.0,200.0,DELAY_LATE_AIRCRAFT|DELAY_CARRIER
SMX,2,35,-7.71,-4.86,0,,,10,185.0,184.0,DELAY_LATE_AIRCRAFT|DELAY_NAS
SMX,3,35,5.14,11.29,5,31.0,45.0,5,159.0,184.0,DELAY_LATE_AIRCRAFT|DELAY_NAS
SMX,4,40,-1.12,-0.75,0,,,0,,,N/D
SMX,5,40,-3.5,-3.88,0,,,5,69.0,85.0,DELAY_LATE_AIRCRAFT
SMX,6,30,-0.67,-4.67,10,28.5,23.5,5,67.0,65.0,DELAY_LATE_AIRCRAFT
SMX,7,25,-1.4,-1.8,5,57.0,68.0,10,150.5,150.0,DELAY_LATE_AIRCRAFT|DELAY_CARRIER
SMX,8,30,-7.17,-10.67,5,22.0,33.0,10,93.5,88.0,DELAY_LATE_AIRCRAFT|DELAY_SECURITY
SMX,9,15,-3.33,-16.0,10,44.5,40.5,20,112.75,112.0,DELAY_LATE_AIRCRAFT|DELAY_WEATHER|DELAY_CARRIER
SMX,10,25,0.6,-8.6,5,31.0,39.0,15,513.67,507.33,DELAY_LATE_AIRCRAFT|DELAY_CARRIER|DELAY_NAS
SMX,11,25,-11.8,-18.4,5,16.0,28.0,15,134.33,126.67,DELAY_NAS|DELAY_CARRIER|DELAY_LATE_AIRCRAFT
SMX,12,35,-3.57,-8.0,10,36.5,34.5,0,,,DELAY_LATE_AIRCRAFT
SNA,1,14810,-3.7,-8.52,2210,32.36,26.49,960,163.71,158.5,DELAY_LATE_AIRCRAFT|DELAY_NAS|DELAY_CARRIER
SNA,2,13720,-3.29,-11.37,2180,30.46,21.86,960,147.77,142.9,DELAY_LATE_AIRCRAFT|DELAY_NAS|DELAY_CARRIER
SNA,3,14795,-3.0,-8.35,2765,31.24,27.84,1205,142.58,139.8,DELAY_NAS|DELAY_LATE_AIRCRAFT|DELAY_CARRIER
SNA,4,14320,-3.46,-10.37,2455,31.64,25.66,1075,151.59,146.94,DELAY_LATE_AIRCRAFT|DELAY_NAS|DELAY_CARRIER
SNA,5,14405,-3.2,-10.24,2490,31.63,24.81,1300,177.45,169.39,DELAY_LATE_AIRCRAFT|DELAY_NAS|DELAY_CARRIER
SNA,6,13795,-3.05,-9.25,2445,31.91,24.57,1195,139.94,132.2,DELAY_LATE_AIRCRAFT|DELAY_NAS|DELAY_CARRIER
SNA,7,14255,-3.45,-9.09,2315,32.1,25.65,1380,180.58,175.61,DELAY_LATE_AIRCRAFT|DELAY_NAS|DELAY_CARRIER
SNA,8,15355,-3.86,-8.42,1965,32.21,27.03,1010,142.25,139.01,DELAY_LATE_AIRCRAFT|DELAY_NAS|DELAY_CARRIER
SNA,9,15000,-3.82,-9.49,1690,30.24,23.76,765,158.19,152.15,DELAY_LATE_AIRCRAFT|DELAY_NAS|DELAY_CARRIER
SNA,10,15680,-4.08,-9.7,1870,31.32,24.02,750,151.49,146.23,DELAY_LATE_AIRCRAFT|DELAY_CARRIER|DELAY_NAS
SNA,11,15270,-4.1,-11.37,1765,29.33,21.97,725,192.17,187.2,DELAY_LATE_AIRCRAFT|DELAY_NAS|DELAY_CARRIER
SNA,12,14505,-3.67,-9.64,2115,30.94,23.63,1425,177.94,173.66,DELAY_LATE_AIRCRAFT|DELAY_NAS|DELAY_CARRIER
SPI,1,25,1.2,0.4,25,36.4,36.8,10,97.0,106.5,DELAY_NAS|DELAY_CARRIER|DELAY_LATE_AIRCRAFT
SPI,2,25,4.0,-5.0,15,23.33,19.67,5,71.0,56.0,DELAY_CARRIER|DELAY_LATE_AIRCRAFT|DELAY_NAS
SPI,3,35,0.29,2.57,30,33.5,35.83,5,321.0,314.0,DELAY_NAS|DELAY_CARRIER|DELAY_LATE_AIRCRAFT
SPI,4,35,-2.57,-11.57,5,26.0,7.0,10,208.5,200.0,DELAY_CARRIER|DELAY_LATE_AIRCRAFT
SPI,5,30,-4.67,-13.17,10,22.5,8.5,5,145.0,121.0,DELAY_NAS
SPI,6,25,-3.8,-4.8,5,56.0,38.0,10,153.5,162.0,DELAY_LATE_AIRCRAFT|DELAY_CARRIER
SPI,7,40,3.12,-3.62,0,,,0,,,CANC_CARRIER
SPI,8,15,-9.0,-26.67,5,35.0,142.0,0,,,DELAY_NAS
SPI,10,25,-1.8,-5.4,10,42.0,35.5,5,109.0,215.0,DELAY_NAS|CANC_WEATHER|DELAY_CARRIER
SPI,11,30,-2.33,-2.33,10,40.5,29.5,0,,,DELAY_CARRIER|DELAY_WEATHER
SPI,12,45,-1.44,-8.56,20,27.5,8.25,10,70.5,75.5,DELAY_LATE_AIRCRAFT|DELAY_NAS
SPN,1,150,-14.8,-20.53,5,29.0,28.0,0,,,DELAY_CARRIER
SPN,2,145,-10.69,-15.38,0,,,0,,,N/D
SPN,3,145,-10.9,-15.79,5,29.0,21.0,5,125.0,118.0,DELAY_CARRIER
SPN,4,150,-12.4,-16.97,0,,,0,,,N/D
SPN,5,155,-8.03,-13.71,0,,,0,,,N/D
SPN,6,120,-0.25,-1.54,30,30.83,33.5,0,,,DELAY_CARRIER|DELAY_NAS|DELAY_LATE_AIRCRAFT
SPN,7,135,0.15,-1.78,20,33.25,30.75,0,,,DELAY_CARRIER|DELAY_LATE_AIRCRAFT|DELAY_WEATHER
SPN,8,130,-3.77,-5.0,15,37.67,35.33,10,89.5,97.0,DELAY_LATE_AIRCRAFT
SPN,9,140,-8.21,-8.89,0,,,5,980.0,984.0,CANC_NAS|DELAY_WEATHER
SPN,10,145,-8.97,-11.03,5,23.0,16.0,5,262.0,277.0,DELAY_CARRIER|DELAY_NAS
SPN,11,135,-7.44,-12.07,5,33.0,25.0,5,99.0,94.0,CANC_NAS|DELAY_CARRIER|DELAY_LATE_AIRCRAFT
SPN,12,150,-5.5,-9.13,5,15.0,14.0,0,,,N/D
SPS,1,200,-8.7,-10.45,30,32.67,31.17,55,155.82,152.36,DELAY_CARRIER|DELAY_WEATHER|CANC_WEATHER
SPS,2,265,-7.66,-13.72,15,25.67,32.33,10,166.5,160.5,DELAY_CARRIER|DELAY_NAS|DELAY_WEATHER
SPS,3,270,-6.74,-15.83,25,33.8,31.8,15,224.67,208.33,DELAY_CARRIER|DELAY_WEATHER|DELAY_NAS
SPS,4,230,-7.22,-11.65,20,29.5,23.0,25,205.4,204.8,DELAY_CARRIER|DELAY_WEATHER|CANC_WEATHER
SPS,5,245,-5.1,-6.63,15,44.33,34.67,30,194.17,188.83,DELAY_CARRIER|CANC_WEATHER|DELAY_WEATHER
SPS,6,260,-7.83,-13.65,15,32.33,25.33,20,190.75,187.25,DELAY_WEATHER|DELAY_LATE_AIRCRAFT|CANC_WEATHER
SPS,7,255,-7.98,-8.82,15,38.67,41.67,40,162.88,162.0,DELAY_WEATHER|DELAY_CARRIER|DELAY_NAS
SPS,8,295,-7.69,-11.92,10,29.5,28.5,5,431.0,418.0,DELAY_CARRIER|DELAY_WEATHER
SPS,9,275,-7.65,-9.0,15,33.67,33.33,10,181.5,178.5,DELAY_CARRIER|DELAY_LATE_AIRCRAFT|DELAY_WEATHER
SPS,10,250,-6.9,-13.72,10,31.5,24.5,45,206.0,200.22,DELAY_CARRIER|DELAY_LATE_AIRCRAFT
SPS,11,240,-1.54,-9.98,25,36.6,26.8,20,167.25,157.75,DELAY_CARRIER|DELAY_WEATHER|CANC_WEATHER
SPS,12,255,-2.98,-10.8,35,31.0,34.0,15,122.67,121.67,DELAY_CARRIER|DELAY_LATE_AIRCRAFT|DELAY_NAS
SRQ,1,5880,-4.97,-12.5,1040,30.6,22.17,800,173.24,166.03,DELAY_LATE_AIRCRAFT|DELAY_CARRIER|DELAY_NAS
SRQ,2,6620,-5.49,-7.87,685,32.09,24.76,355,172.41,170.0,DELAY_LATE_AIRCRAFT|DELAY_NAS|DELAY_CARRIER
SRQ,3,7455,-4.7,-8.81,1195,31.63,24.79,780,173.1,170.49,DELAY_LATE_AIRCRAFT|DELAY_NAS|DELAY_CARRIER
SRQ,4,6675,-4.45,-8.24,725,30.15,26.76,550,167.21,160.83,DELAY_LATE_AIRCRAFT|DELAY_NAS|DELAY_CARRIER
SRQ,5,5105,-3.64,-6.41,875,29.63,31.04,660,166.84,166.72,DELAY_LATE_AIRCRAFT|DELAY_NAS|DELAY_CARRIER
SRQ,6,4575,-4.3,-8.56,670,30.19,24.66,460,203.84,199.96,DELAY_LATE_AIRCRAFT|DELAY_CARRIER|DELAY_NAS
SRQ,7,4080,-4.73,-7.71,885,33.51,30.95,610,182.97,185.75,DELAY_LATE_AIRCRAFT|DELAY_NAS|DELAY_CARRIER
SRQ,8,3690,-4.87,-8.41,595,33.5,31.13,365,155.9,153.08,DELAY_LATE_AIRCRAFT|DELAY_NAS|DELAY_CARRIER
SRQ,9,3600,-6.36,-9.6,295,33.64,26.17,175,154.23,144.83,DELAY_LATE_AIRCRAFT|CANC_WEATHER|DELAY_NAS
SRQ,10,3865,-7.59,-11.19,275,31.84,29.33,190,185.42,179.39,CANC_WEATHER|CANC_NAS|DELAY_LATE_AIRCRAFT
SRQ,11,5725,-6.89,-10.44,505,33.14,30.69,275,151.89,150.69,DELAY_LATE_AIRCRAFT|DELAY_CARRIER|DELAY_NAS
SRQ,12,5965,-5.56,-9.59,1045,30.72,27.74,685,215.33,213.16,DELAY_LATE_AIRCRAFT|DELAY_NAS|DELAY_CARRIER
STC,1,65,-3.38,-8.85,15,34.0,39.33,10,576.0,541.0,DELAY_NAS|DELAY_LATE_AIRCRAFT|DELAY_WEATHER
STC,2,80,-9.31,-21.88,10,18.0,-0.5,15,96.67,81.33,DELAY_LATE_AIRCRAFT|DELAY_SECURITY
STC,3,120,-11.88,-24.83,10,16.5,16.0,5,183.0,174.0,DELAY_NAS|DELAY_WEATHER
STC,4,75,-11.73,-25.87,0,,,0,,,N/D
STC,5,45,-6.56,-6.11,0,,,0,,,DELAY_NAS
STC,6,40,-6.38,-12.5,0,,,0,,,N/D
STC,7,40,-2.88,-20.62,0,,,0,,,CANC_CARRIER
STC,8,15,-5.67,-22.33,5,33.0,13.0,0,,,N/D
STC,10,35,1.14,-13.14,10,36.5,21.5,0,,,DELAY_CARRIER
STC,11,50,-0.7,-11.5,10,23.0,15.0,0,,,DELAY_CARRIER|DELAY_NAS
STC,12,45,3.89,-22.78,25,24.0,6.4,10,189.0,190.0,CANC_WEATHER|DELAY_CARRIER|DELAY_LATE_AIRCRAFT
STL,1,17610,-1.99,-6.67,4165,30.5,28.42,1730,149.34,152.32,DELAY_LATE_AIRCRAFT|DELAY_CARRIER|DELAY_NAS
STL,2,19455,-2.95,-8.67,2530,29.16,25.65,905,147.06,143.13,DELAY_LATE_AIRCRAFT|DELAY_NAS|DELAY_CARRIER
STL,3,20970,-2.24,-8.6,4395,30.47,24.79,1630,147.59,145.55,DELAY_LATE_AIRCRAFT|DELAY_CARRIER|DELAY_NAS
STL,4,21615,-2.19,-7.97,3665,29.95,24.71,1715,138.1,134.59,DELAY_LATE_AIRCRAFT|DELAY_CARRIER|DELAY_NAS
STL,5,19790,-1.01,-5.48,5355,30.69,27.63,2795,147.94,147.04,DELAY_LATE_AIRCRAFT|DELAY_CARRIER|DELAY_NAS
STL,6,21430,-1.08,-6.54,5320,30.16,25.42,2100,132.25,128.78,DELAY_LATE_AIRCRAFT|DELAY_CARRIER|DELAY_NAS
STL,7,19650,-0.78,-5.9,6670,30.5,27.09,3195,149.57,146.12,DELAY_LATE_AIRCRAFT|DELAY_CARRIER|DELAY_NAS
STL,8,22540,-2.39,-8.46,3925,29.88,24.51,1750,145.48,141.6,DELAY_LATE_AIRCRAFT|DELAY_CARRIER|DELAY_NAS
STL,9,23705,-2.95,-8.86,2850,29.24,22.99,785,137.45,131.06,DELAY_LATE_AIRCRAFT|DELAY_CARRIER|DELAY_NAS
STL,10,24785,-3.08,-10.66,2880,29.57,22.05,880,136.2,127.71,DELAY_LATE_AIRCRAFT|DELAY_CARRIER|DELAY_NAS
STL,11,22615,-3.09,-10.4,2760,29.86,24.79,890,149.73,145.99,DELAY_LATE_AIRCRAFT|DELAY_NAS|DELAY_CARRIER
STL,12,20770,-1.5,-9.41,4415,30.04,20.85,1595,140.44,135.69,DELAY_LATE_AIRCRAFT|DELAY_CARRIER|DELAY_NAS
STS,1,980,-4.58,-5.62,150,27.8,21.47,100,127.35,119.65,DELAY_LATE_AIRCRAFT|DELAY_NAS|DELAY_WEATHER
STS,2,965,-3.96,-4.11,80,29.19,28.44,110,119.14,120.14,DELAY_LATE_AIRCRAFT|DELAY_NAS|DELAY_CARRIER
STS,3,1200,-4.52,-1.46,150,31.3,36.5,45,90.44,95.11,DELAY_CARRIER|DELAY_LATE_AIRCRAFT|DELAY_NAS
STS,4,1135,-4.0,-2.04,135,30.07,33.85,55,121.0,124.18,DELAY_LATE_AIRCRAFT|DELAY_NAS|DELAY_CARRIER
STS,5,1000,-3.23,0.21,130,25.62,24.69,70,252.43,264.07,DELAY_LATE_AIRCRAFT|DELAY_CARRIER|DELAY_NAS
STS,6,1090,-2.0,-0.02,225,29.16,29.24,110,211.77,211.45,DELAY_LATE_AIRCRAFT|DELAY_NAS|DELAY_CARRIER
STS,7,1320,-3.04,-1.8,150,28.53,32.27,120,135.29,135.62,DELAY_LATE_AIRCRAFT|DELAY_CARRIER|DELAY_NAS
STS,8,1405,-3.21,-2.63,215,31.95,33.14,65,89.69,94.77,DELAY_LATE_AIRCRAFT|DELAY_CARRIER|DELAY_NAS
STS,9,1435,-3.83,-3.91,180,28.42,32.61,105,98.95,98.57,DELAY_LATE_AIRCRAFT|DELAY_NAS|DELAY_CARRIER
STS,10,1400,-3.62,-3.2,220,32.98,34.66,110,167.73,171.09,DELAY_LATE_AIRCRAFT|DELAY_CARRIER|DELAY_NAS
STS,11,1445,-2.6,-1.46,350,31.71,28.89,165,128.58,128.67,DELAY_LATE_AIRCRAFT|DELAY_CARRIER|DELAY_NAS
STS,12,1435,-3.4,-2.76,295,32.58,30.98,175,133.03,133.74,DELAY_LATE_AIRCRAFT|DELAY_CARRIER|DELAY_NAS
STT,1,2215,-7.01,-6.04,305,33.74,37.49,185,186.86,187.51,DELAY_LATE_AIRCRAFT|DELAY_NAS|DELAY_CARRIER
STT,2,1925,-7.65,-4.03,325,29.92,29.88,235,222.6,220.68,DELAY_LATE_AIRCRAFT|DELAY_NAS|DELAY_CARRIER
STT,3,2350,-6.07,-4.0,345,31.58,32.14,260,391.29,395.6,DELAY_LATE_AIRCRAFT|DELAY_NAS|DELAY_CARRIER
STT,4,2070,-5.85,-6.67,370,31.74,29.38,200,157.43,152.7,DELAY_LATE_AIRCRAFT|DELAY_NAS|DELAY_CARRIER
STT,5,1970,-4.52,-5.59,410,31.8,29.27,245,248.96,246.98,DELAY_LATE_AIRCRAFT|DELAY_NAS|DELAY_CARRIER
STT,6,1760,-5.2,-10.26,470,31.48,26.91,240,134.02,133.06,DELAY_LATE_AIRCRAFT|DELAY_NAS|DELAY_CARRIER
STT,7,1705,-4.66,-7.63,405,31.41,27.79,250,230.2,231.5,DELAY_LATE_AIRCRAFT|DELAY_NAS|DELAY_CARRIER
STT,8,1415,-7.15,-11.53,310,30.85,33.16,255,192.1,184.75,DELAY_LATE_AIRCRAFT|DELAY_NAS|DELAY_CARRIER
STT,9,975,-9.14,-17.5,95,30.47,25.79,70,220.0,219.64,DELAY_LATE_AIRCRAFT|DELAY_CARRIER|DELAY_NAS
STT,10,1135,-9.04,-16.98,145,29.93,19.52,90,225.89,217.56,DELAY_LATE_AIRCRAFT|DELAY_CARRIER|DELAY_NAS
STT,11,1570,-7.62,-17.55,140,31.71,24.21,110,170.68,163.59,DELAY_LATE_AIRCRAFT|DELAY_CARRIER|DELAY_NAS
STT,12,1935,-7.71,-17.24,350,33.29,24.24,110,225.27,216.64,DELAY_LATE_AIRCRAFT|DELAY_NAS|DELAY_CARRIER
STX,1,540,-7.96,-5.55,130,29.69,33.35,55,388.27,388.82,DELAY_LATE_AIRCRAFT|DELAY_NAS|DELAY_SECURITY
STX,2,570,-8.89,-4.5,60,31.42,40.25,50,99.3,103.6,DELAY_NAS|DELAY_LATE_AIRCRAFT|DELAY_CARRIER
STX,3,595,-5.96,-1.37,80,35.25,32.31,75,510.53,516.73,DELAY_NAS|DELAY_LATE_AIRCRAFT|DELAY_CARRIER
STX,4,410,-7.95,-3.82,75,32.0,33.13,45,129.67,129.67,DELAY_NAS|DELAY_LATE_AIRCRAFT|CANC_NAS
STX,5,395,-6.35,-7.82,65,29.46,26.62,50,127.8,122.9,DELAY_LATE_AIRCRAFT|DELAY_NAS|DELAY_CARRIER
STX,6,295,-3.58,-3.15,135,35.93,33.59,90,293.39,293.94,DELAY_LATE_AIRCRAFT|DELAY_NAS|DELAY_CARRIER
STX,7,270,-4.2,-6.15,110,33.64,30.55,45,114.22,107.56,DELAY_LATE_AIRCRAFT|DELAY_CARRIER|DELAY_NAS
STX,8,155,-3.0,-4.55,105,35.33,32.76,25,97.2,95.8,DELAY_LATE_AIRCRAFT|DELAY_NAS|DELAY_CARRIER
STX,9,180,-7.72,-12.25,50,27.9,19.4,5,62.0,68.0,DELAY_LATE_AIRCRAFT|DELAY_CARRIER|DELAY_NAS
STX,10,175,-8.37,-14.54,30,28.0,20.0,25,597.6,585.6,DELAY_LATE_AIRCRAFT|DELAY_CARRIER|DELAY_NAS
STX,11,280,-5.75,-13.04,75,27.47,18.67,20,93.0,98.25,DELAY_LATE_AIRCRAFT|DELAY_CARRIER|DELAY_NAS
STX,12,475,-5.24,-8.66,85,29.0,24.12,70,281.79,272.43,DELAY_LATE_AIRCRAFT|DELAY_CARRIER|DELAY_NAS
SUN,1,1055,-6.68,-10.22,80,30.0,32.44,160,266.03,265.94,DELAY_LATE_AIRCRAFT|DELAY_WEATHER|DELAY_CARRIER
SUN,2,910,-6.96,-8.45,90,34.39,34.0,85,293.65,297.53,DELAY_CARRIER|DELAY_LATE_AIRCRAFT|DELAY_NAS
SUN,3,920,-5.9,-9.42,135,34.3,33.59,60,218.75,216.0,DELAY_NAS|DELAY_LATE_AIRCRAFT|CANC_WEATHER
SUN,4,460,-8.42,-12.49,10,38.0,24.0,25,174.4,183.8,DELAY_CARRIER|DELAY_WEATHER|DELAY_LATE_AIRCRAFT
SUN,5,515,-9.34,-12.01,10,49.5,48.5,15,104.0,101.0,DELAY_CARRIER|DELAY_NAS
SUN,6,700,-8.67,-12.57,25,28.4,35.2,30,151.5,140.0,DELAY_CARRIER|DELAY_LATE_AIRCRAFT|DELAY_NAS
SUN,7,850,-6.21,-14.02,55,38.91,37.18,60,189.92,182.5,DELAY_CARRIER|DELAY_NAS|DELAY_LATE_AIRCRAFT
SUN,8,810,-7.6,-11.07,80,37.19,34.5,80,257.81,253.0,DELAY_CARRIER|DELAY_NAS|DELAY_WEATHER
SUN,9,645,-8.79,-13.02,15,49.67,42.0,25,262.6,270.6,DELAY_CARRIER|DELAY_NAS
SUN,10,520,-8.21,-15.09,15,34.0,25.0,10,102.0,107.0,DELAY_CARRIER|DELAY_LATE_AIRCRAFT|DELAY_NAS
SUN,11,435,-8.39,-12.52,0,,,5,102.0,95.0,DELAY_CARRIER|CANC_WEATHER
SUN,12,865,-7.24,-12.09,70,33.5,41.07,60,151.25,156.0,DELAY_CARRIER|DELAY_NAS|DELAY_WEATHER
SUX,1,200,-3.8,-23.38,30,29.0,24.17,40,181.0,166.5,CANC_WEATHER|DELAY_LATE_AIRCRAFT|DELAY_CARRIER
SUX,2,250,-5.62,-20.56,20,32.75,25.25,15,244.0,234.67,DELAY_CARRIER|DELAY_LATE_AIRCRAFT
SUX,3,260,-5.33,-16.17,20,41.25,27.25,25,163.2,152.6,DELAY_CARRIER|DELAY_LATE_AIRCRAFT|CANC_WEATHER
SUX,4,280,-7.14,-14.5,5,15.0,-6.0,15,75.0,66.67,DELAY_CARRIER|DELAY_LATE_AIRCRAFT|DELAY_NAS
SUX,5,205,-5.24,-8.46,45,27.89,31.78,55,270.36,263.09,DELAY_CARRIER|DELAY_LATE_AIRCRAFT|DELAY_NAS
SUX,6,245,-3.78,-7.08,30,34.33,31.83,25,173.6,188.6,DELAY_CARRIER|DELAY_WEATHER|DELAY_NAS
SUX,7,225,-4.87,-8.02,35,38.14,37.57,50,274.8,264.6,DELAY_CARRIER|DELAY_LATE_AIRCRAFT|DELAY_NAS
SUX,8,240,-6.81,-5.77,40,28.75,28.88,30,151.83,150.5,DELAY_CARRIER|DELAY_NAS|DELAY_LATE_AIRCRAFT
SUX,9,255,-5.47,-2.31,15,23.33,20.0,30,235.33,234.17,DELAY_CARRIER|DELAY_LATE_AIRCRAFT|DELAY_NAS
SUX,10,250,-6.72,-3.34,40,26.38,28.5,20,317.5,307.0,DELAY_CARRIER|DELAY_LATE_AIRCRAFT|DELAY_NAS
SUX,11,250,-7.18,-1.46,10,29.0,57.5,25,172.8,174.4,DELAY_CARRIER|DELAY_NAS|CANC_WEATHER
SUX,12,265,-6.62,-0.6,15,35.33,23.67,15,265.33,254.0,DELAY_CARRIER|CANC_WEATHER|DELAY_WEATHER
SWF,1,120,-9.58,-10.25,15,43.33,35.67,15,465.0,493.0,DELAY_NAS|DELAY_LATE_AIRCRAFT|DELAY_CARRIER
SWF,2,125,-6.04,-23.92,10,43.0,37.5,15,398.33,386.33,DELAY_LATE_AIRCRAFT|DELAY_CARRIER
SWF,3,135,-5.67,-19.85,35,36.14,29.86,10,78.5,81.0,DELAY_NAS|DELAY_LATE_AIRCRAFT|DELAY_CARRIER
SWF,4,140,-5.46,-20.5,25,21.4,4.2,5,210.0,218.0,DELAY_NAS|DELAY_LATE_AIRCRAFT
SWF,5,105,-8.71,-15.33,30,27.67,25.67,10,107.0,110.5,DELAY_LATE_AIRCRAFT|DELAY_CARRIER|DELAY_NAS
SWF,6,110,-5.14,-14.5,30,24.83,26.33,25,131.8,131.0,DELAY_LATE_AIRCRAFT|DELAY_CARRIER|DELAY_WEATHER
SWF,7,150,-5.03,-1.83,35,23.0,20.43,50,163.2,161.4,DELAY_LATE_AIRCRAFT|DELAY_NAS|DELAY_CARRIER
SWF,8,120,-5.79,-11.46,30,21.33,11.17,35,285.29,287.71,DELAY_LATE_AIRCRAFT|DELAY_NAS|DELAY_WEATHER
SWF,9,70,-8.64,-13.0,5,27.0,-5.0,15,286.33,277.33,DELAY_CARRIER|CANC_WEATHER|DELAY_LATE_AIRCRAFT
SWF,10,125,-9.04,-18.52,25,27.0,22.6,10,131.5,127.0,DELAY_LATE_AIRCRAFT|CANC_WEATHER|DELAY_CARRIER
SWF,11,150,-11.0,-24.43,25,25.2,21.8,5,103.0,88.0,DELAY_CARRIER|DELAY_LATE_AIRCRAFT|DELAY_NAS
SWF,12,230,-7.91,-21.28,10,41.0,38.5,35,113.71,102.14,DELAY_LATE_AIRCRAFT|DELAY_CARRIER|DELAY_NAS
SWO,1,245,-7.63,-17.39,10,26.5,26.5,30,273.5,279.33,CANC_WEATHER|DELAY_WEATHER|DELAY_CARRIER
SWO,2,270,-6.72,-16.72,10,41.5,49.0,10,141.5,124.0,DELAY_CARRIER|DELAY_LATE_AIRCRAFT
SWO,3,285,-5.44,-10.63,10,27.5,19.0,10,124.5,126.5,DELAY_CARRIER|DELAY_LATE_AIRCRAFT|DELAY_WEATHER
SWO,4,240,-3.9,-6.75,25,49.4,57.2,30,155.33,165.33,DELAY_LATE_AIRCRAFT|DELAY_NAS|DELAY_CARRIER
SWO,5,235,-7.17,-12.38,10,48.5,37.0,40,282.5,282.62,CANC_WEATHER|DELAY_CARRIER|DELAY_WEATHER
SWO,6,255,-8.18,-13.88,15,27.67,32.67,30,152.83,159.17,DELAY_CARRIER|DELAY_NAS|DELAY_WEATHER
SWO,7,270,-8.52,-10.43,15,34.33,30.67,20,219.75,215.75,DELAY_CARRIER|DELAY_NAS|DELAY_WEATHER
SWO,8,280,-8.36,-8.3,20,27.25,21.5,10,212.0,211.0,DELAY_CARRIER|DELAY_NAS|DELAY_WEATHER
SWO,9,270,-7.81,-6.8,15,19.67,20.33,15,97.0,103.0,DELAY_CARRIER|DELAY_NAS|DELAY_WEATHER
SWO,10,255,-9.65,-13.35,30,30.17,24.5,25,143.6,139.8,DELAY_CARRIER
SWO,11,235,-7.62,-11.77,40,25.62,24.5,15,217.67,223.67,DELAY_CARRIER|DELAY_NAS|DELAY_WEATHER
SWO,12,260,-6.67,-13.67,15,46.33,44.0,15,268.0,260.67,DELAY_CARRIER|CANC_WEATHER
SYR,1,4335,-5.38,-14.71,530,33.4,26.16,335,168.58,169.01,DELAY_LATE_AIRCRAFT|DELAY_NAS|DELAY_CARRIER
SYR,2,4680,-5.49,-20.46,485,30.45,20.62,285,170.26,166.05,DELAY_LATE_AIRCRAFT|DELAY_NAS|DELAY_CARRIER
SYR,3,4885,-4.84,-15.72,590,31.72,24.42,425,156.88,157.44,DELAY_LATE_AIRCRAFT|DELAY_NAS|DELAY_CARRIER
SYR,4,4775,-5.1,-11.9,450,28.63,19.26,250,145.08,143.9,DELAY_LATE_AIRCRAFT|DELAY_CARRIER|DELAY_NAS
SYR,5,4665,-4.28,-10.29,625,31.46,28.66,410,203.71,203.56,DELAY_LATE_AIRCRAFT|DELAY_CARRIER|DELAY_NAS
SYR,6,4905,-4.95,-11.2,610,31.56,26.89,340,141.35,137.31,DELAY_LATE_AIRCRAFT|DELAY_CARRIER|DELAY_NAS
SYR,7,4485,-3.45,-8.48,770,30.21,28.54,780,155.56,155.09,DELAY_LATE_AIRCRAFT|DELAY_CARRIER|DELAY_NAS
SYR,8,4290,-3.59,-7.55,715,32.02,30.77,410,165.3,168.23,DELAY_LATE_AIRCRAFT|DELAY_NAS|DELAY_CARRIER
SYR,9,4590,-5.34,-9.79,370,31.32,25.38,205,160.05,155.76,DELAY_NAS|DELAY_LATE_AIRCRAFT|DELAY_CARRIER
SYR,10,4790,-4.93,-12.14,385,32.42,21.61,175,167.31,162.4,DELAY_CARRIER|DELAY_LATE_AIRCRAFT|DELAY_NAS
SYR,11,4320,-4.3,-12.46,475,29.47,20.93,190,185.29,176.84,DELAY_CARRIER|DELAY_NAS|DELAY_LATE_AIRCRAFT
SYR,12,4030,-2.97,-6.6,735,29.41,27.46,435,142.05,140.09,DELAY_NAS|DELAY_CARRIER|DELAY_LATE_AIRCRAFT
TLH,1,1945,-3.96,-6.27,295,31.2,28.54,120,125.62,124.54,DELAY_LATE_AIRCRAFT|DELAY_NAS|DELAY_CARRIER
TLH,2,2045,-4.58,-8.06,180,29.25,26.86,140,144.0,138.29,DELAY_LATE_AIRCRAFT|DELAY_CARRIER|DELAY_NAS
TLH,3,2105,-4.49,-8.81,335,31.75,28.9,175,124.09,125.23,DELAY_LATE_AIRCRAFT|DELAY_CARRIER|DELAY_NAS
TLH,4,2185,-4.99,-9.09,215,31.72,34.74,100,131.7,126.05,DELAY_LATE_AIRCRAFT|DELAY_NAS|DELAY_CARRIER
TLH,5,2055,-3.58,-5.91,330,31.27,30.77,305,137.82,143.13,DELAY_LATE_AIRCRAFT|DELAY_CARRIER|DELAY_NAS
TLH,6,2105,-3.89,-8.45,330,31.45,27.91,175,186.34,185.09,DELAY_LATE_AIRCRAFT|DELAY_CARRIER|DELAY_NAS
TLH,7,1760,-2.6,-5.3,355,36.14,36.41,210,213.52,215.07,DELAY_LATE_AIRCRAFT|DELAY_CARRIER|DELAY_NAS
TLH,8,2180,-5.22,-8.26,260,33.29,31.9,210,117.21,115.6,DELAY_LATE_AIRCRAFT|DELAY_CARRIER|DELAY_NAS
TLH,9,2250,-5.09,-8.35,170,31.53,27.38,115,161.26,155.61,DELAY_LATE_AIRCRAFT|CANC_WEATHER|DELAY_NAS
TLH,10,2530,-6.05,-11.16,150,32.1,28.17,135,105.19,98.89,DELAY_CARRIER|DELAY_LATE_AIRCRAFT|DELAY_NAS
TLH,11,2090,-4.75,-8.63,155,30.71,25.45,35,178.43,174.86,DELAY_NAS|DELAY_LATE_AIRCRAFT|DELAY_CARRIER
TLH,12,1765,-3.74,-5.95,230,29.91,31.61,190,231.63,231.63,DELAY_CARRIER|DELAY_NAS|DELAY_LATE_AIRCRAFT
TOL,1,145,-6.97,-14.17,40,29.88,32.38,5,120.0,121.0,DELAY_LATE_AIRCRAFT|DELAY_CARRIER|DELAY_NAS
TOL,2,135,-1.78,-16.59,50,30.4,21.9,20,128.75,122.5,DELAY_LATE_AIRCRAFT|DELAY_NAS|DELAY_CARRIER
TOL,3,220,-8.45,-15.43,25,34.0,21.2,45,245.56,241.0,DELAY_LATE_AIRCRAFT|DELAY_NAS|DELAY_CARRIER
TOL,4,145,-11.31,-22.07,35,41.86,28.0,20,232.25,247.0,DELAY_LATE_AIRCRAFT|DELAY_CARRIER|DELAY_NAS
TOL,5,95,-5.84,-10.0,35,29.71,29.86,15,163.33,162.67,DELAY_LATE_AIRCRAFT|DELAY_NAS|DELAY_CARRIER
TOL,6,115,-8.52,-7.83,5,24.0,11.0,10,117.0,116.0,DELAY_NAS|DELAY_LATE_AIRCRAFT|DELAY_WEATHER
TOL,7,100,-7.2,-8.7,20,25.75,32.0,10,158.5,185.0,DELAY_CARRIER|DELAY_NAS|DELAY_LATE_AIRCRAFT
TOL,8,65,-6.77,-7.08,10,36.5,36.5,5,170.0,159.0,DELAY_LATE_AIRCRAFT|DELAY_WEATHER
TOL,9,25,2.2,-7.8,5,57.0,42.0,10,111.0,104.0,DELAY_CARRIER|CANC_WEATHER|DELAY_WEATHER
TOL,10,100,-5.9,-4.95,5,15.0,6.0,10,139.0,135.5,CANC_WEATHER|DELAY_LATE_AIRCRAFT|CANC_CARRIER
TOL,11,105,-5.19,-8.86,25,29.4,23.0,10,72.0,65.0,DELAY_CARRIER|DELAY_LATE_AIRCRAFT
TOL,12,125,-8.16,-17.8,30,33.0,42.17,30,91.83,90.83,DELAY_LATE_AIRCRAFT|DELAY_NAS|DELAY_CARRIER
TPA,1,25880,-2.5,-9.58,4690,31.12,23.85,2390,146.54,140.0,DELAY_LATE_AIRCRAFT|DELAY_CARRIER|DELAY_NAS
TPA,2,28235,-3.24,-6.74,3270,29.86,23.46,1145,149.48,145.66,DELAY_LATE_AIRCRAFT|DELAY_NAS|DELAY_CARRIER
TPA,3,28755,-2.3,-5.13,6090,31.67,30.14,4630,150.75,151.8,DELAY_LATE_AIRCRAFT|DELAY_NAS|DELAY_CARRIER
TPA,4,28810,-2.47,-6.38,3885,30.68,26.27,2395,161.38,156.23,DELAY_LATE_AIRCRAFT|DELAY_NAS|DELAY_CARRIER
TPA,5,24780,-1.62,-3.8,4975,30.94,30.24,3925,157.95,163.23,DELAY_LATE_AIRCRAFT|DELAY_NAS|DELAY_CARRIER
TPA,6,22730,-1.52,-6.52,5025,31.55,27.74,3070,144.61,140.5,DELAY_LATE_AIRCRAFT|DELAY_NAS|DELAY_CARRIER
TPA,7,20705,-1.81,-5.26,5715,32.76,31.51,4255,154.12,152.28,DELAY_LATE_AIRCRAFT|DELAY_NAS|DELAY_CARRIER
TPA,8,20935,-2.21,-8.07,4315,30.98,28.2,2920,150.94,149.43,DELAY_LATE_AIRCRAFT|DELAY_NAS|DELAY_CARRIER
TPA,9,21780,-3.29,-7.94,2450,30.03,25.84,1435,131.19,126.54,DELAY_LATE_AIRCRAFT|DELAY_NAS|CANC_WEATHER
TPA,10,23395,-3.98,-10.94,2470,28.91,22.15,1190,134.62,128.89,CANC_WEATHER|DELAY_LATE_AIRCRAFT|DELAY_CARRIER
TPA,11,27585,-3.59,-9.62,2855,30.93,25.44,1180,151.02,146.43,DELAY_LATE_AIRCRAFT|DELAY_NAS|DELAY_CARRIER
TPA,12,26015,-2.61,-9.3,5150,31.22,25.33,2665,132.89,130.92,DELAY_LATE_AIRCRAFT|DELAY_CARRIER|DELAY_NAS
TRI,1,750,-5.19,-11.43,105,34.33,30.71,80,153.19,153.0,DELAY_LATE_AIRCRAFT|DELAY_CARRIER|DELAY_NAS
TRI,2,735,-5.8,-15.85,45,30.22,15.89,25,236.8,228.4,DELAY_CARRIER|DELAY_LATE_AIRCRAFT|DELAY_NAS
TRI,3,720,-5.8,-17.26,80,33.75,22.19,30,104.67,102.17,DELAY_LATE_AIRCRAFT|CANC_WEATHER|DELAY_CARRIER
TRI,4,750,-5.29,-12.89,30,27.0,15.17,30,92.67,95.67,DELAY_LATE_AIRCRAFT|DELAY_CARRIER|DELAY_NAS
TRI,5,655,-4.31,-12.11,90,33.39,31.0,80,123.69,121.25,DELAY_LATE_AIRCRAFT|DELAY_CARRIER|DELAY_WEATHER
TRI,6,790,-5.65,-13.94,55,44.91,38.27,80,167.88,158.5,DELAY_LATE_AIRCRAFT|DELAY_CARRIER|DELAY_NAS
TRI,7,760,-4.22,-9.32,80,35.31,30.81,105,136.24,139.71,DELAY_LATE_AIRCRAFT|DELAY_CARRIER|CANC_CARRIER
TRI,8,860,-5.94,-15.32,55,35.18,29.0,30,244.17,232.33,DELAY_LATE_AIRCRAFT|DELAY_NAS|DELAY_CARRIER
TRI,9,785,-6.17,-12.59,80,30.0,26.31,35,126.14,122.14,DELAY_CARRIER|DELAY_LATE_AIRCRAFT|DELAY_NAS
TRI,10,1140,-5.4,-12.78,95,29.37,16.58,40,172.38,165.75,DELAY_LATE_AIRCRAFT|DELAY_NAS|DELAY_CARRIER
TRI,11,905,-6.25,-16.9,85,32.29,30.71,30,614.83,611.17,DELAY_LATE_AIRCRAFT|DELAY_NAS|DELAY_CARRIER
TRI,12,685,-3.06,-12.01,120,31.21,23.58,95,196.68,193.11,DELAY_LATE_AIRCRAFT|DELAY_CARRIER|DELAY_NAS
TTN,1,895,-7.86,-10.63,165,37.03,37.97,70,149.14,146.64,DELAY_LATE_AIRCRAFT|DELAY_NAS|CANC_WEATHER
TTN,2,935,-6.63,-15.45,165,34.52,23.36,75,122.87,120.4,DELAY_LATE_AIRCRAFT|DELAY_NAS|DELAY_CARRIER
TTN,3,620,-5.52,-17.0,235,32.91,16.26,230,154.04,150.26,DELAY_LATE_AIRCRAFT|DELAY_NAS|DELAY_CARRIER
TTN,4,720,-7.13,-18.04,145,32.1,19.45,125,150.68,148.32,DELAY_LATE_AIRCRAFT|DELAY_NAS|DELAY_CARRIER
TTN,5,560,-8.84,-16.42,130,32.04,19.92,150,120.7,114.37,DELAY_LATE_AIRCRAFT|DELAY_NAS|DELAY_CARRIER
TTN,6,480,-9.38,-17.98,75,33.6,25.0,75,120.67,118.27,DELAY_LATE_AIRCRAFT|CANC_CARRIER|DELAY_NAS
TTN,7,500,-7.96,-13.29,110,37.41,41.14,80,114.19,104.69,DELAY_LATE_AIRCRAFT|DELAY_NAS|DELAY_CARRIER
TTN,8,445,-8.63,-17.76,75,35.4,22.6,100,160.4,149.05,DELAY_LATE_AIRCRAFT|DELAY_CARRIER|DELAY_NAS
TTN,9,290,-11.55,-19.1,25,34.0,33.0,5,88.0,84.0,DELAY_LATE_AIRCRAFT|CANC_WEATHER|CANC_CARRIER
TTN,10,220,-9.23,-17.45,25,33.4,26.8,20,183.25,166.75,CANC_WEATHER|DELAY_LATE_AIRCRAFT|DELAY_CARRIER
TTN,11,355,-9.89,-22.32,10,22.5,-7.0,20,142.5,123.25,DELAY_LATE_AIRCRAFT
TTN,12,420,-7.75,-14.05,50,35.7,27.4,65,97.31,96.85,CANC_WEATHER|DELAY_CARRIER|DELAY_LATE_AIRCRAFT
TUL,1,4895,-3.77,-5.88,595,31.22,33.03,430,177.7,178.9,DELAY_LATE_AIRCRAFT|DELAY_NAS|DELAY_CARRIER
TUL,2,5170,-5.41,-9.72,360,31.58,25.85,190,125.26,118.89,DELAY_LATE_AIRCRAFT|DELAY_NAS|DELAY_CARRIER
TUL,3,5500,-4.65,-10.21,595,31.56,26.04,355,186.39,183.25,DELAY_LATE_AIRCRAFT|DELAY_NAS|DELAY_CARRIER
TUL,4,5880,-4.15,-8.0,645,29.47,25.57,360,162.6,163.35,DELAY_LATE_AIRCRAFT|DELAY_NAS|DELAY_CARRIER
TUL,5,5855,-2.41,-6.26,920,32.07,28.9,615,195.29,201.76,DELAY_LATE_AIRCRAFT|DELAY_NAS|DELAY_CARRIER
TUL,6,6160,-3.46,-9.1,935,30.84,25.62,610,151.25,147.08,DELAY_LATE_AIRCRAFT|DELAY_CARRIER|DELAY_NAS
TUL,7,6025,-3.9,-9.22,915,32.73,29.18,665,148.74,143.99,DELAY_LATE_AIRCRAFT|DELAY_CARRIER|DELAY_NAS
TUL,8,6515,-5.17,-10.58,630,33.14,29.43,425,153.72,147.39,DELAY_LATE_AIRCRAFT|DELAY_NAS|DELAY_CARRIER
TUL,9,6550,-5.44,-10.72,520,33.4,28.87,260,204.37,197.42,DELAY_LATE_AIRCRAFT|DELAY_CARRIER|DELAY_NAS
TUL,10,7395,-5.43,-10.62,380,33.18,23.97,200,119.22,109.9,DELAY_CARRIER|DELAY_LATE_AIRCRAFT|DELAY_NAS
TUL,11,6210,-5.13,-10.44,530,30.7,24.75,240,121.02,116.6,DELAY_LATE_AIRCRAFT|DELAY_CARRIER|DELAY_NAS
TUL,12,6005,-4.16,-9.9,725,30.79,26.25,510,210.55,207.73,DELAY_LATE_AIRCRAFT|DELAY_CARRIER|DELAY_NAS
TUS,1,6545,-3.93,-7.91,810,31.65,26.31,480,168.19,161.84,DELAY_LATE_AIRCRAFT|DELAY_CARRIER|DELAY_NAS
TUS,2,6185,-3.32,-7.75,770,30.75,27.18,370,166.5,162.41,DELAY_LATE_AIRCRAFT|DELAY_CARRIER|DELAY_NAS
TUS,3,7165,-3.49,-7.7,1010,32.87,29.18,390,147.08,144.01,DELAY_LATE_AIRCRAFT|DELAY_NAS|DELAY_CARRIER
TUS,4,6895,-3.33,-7.55,950,30.54,25.28,425,155.58,155.85,DELAY_LATE_AIRCRAFT|DELAY_NAS|DELAY_CARRIER
TUS,5,6235,-2.94,-5.59,1125,32.31,28.66,680,152.05,152.44,DELAY_LATE_AIRCRAFT|DELAY_NAS|DELAY_CARRIER
TUS,6,5445,-3.45,-6.84,830,31.62,27.75,470,150.57,149.0,DELAY_LATE_AIRCRAFT|DELAY_CARRIER|DELAY_NAS
TUS,7,5530,-4.24,-5.83,825,33.41,33.65,485,175.48,173.98,DELAY_LATE_AIRCRAFT|DELAY_CARRIER|DELAY_NAS
TUS,8,6060,-4.43,-7.04,670,31.21,30.05,385,174.78,173.49,DELAY_LATE_AIRCRAFT|DELAY_CARRIER|DELAY_NAS
TUS,9,6840,-5.26,-10.65,530,30.18,24.91,300,143.97,138.68,DELAY_LATE_AIRCRAFT|DELAY_CARRIER|DELAY_NAS
TUS,10,7645,-4.68,-8.08,605,30.53,25.12,320,182.56,181.03,DELAY_CARRIER|DELAY_LATE_AIRCRAFT|DELAY_NAS
TUS,11,7575,-4.48,-9.25,645,30.89,25.85,350,131.19,128.03,DELAY_CARRIER|DELAY_LATE_AIRCRAFT|DELAY_NAS
TUS,12,7860,-4.47,-9.49,835,31.86,26.68,600,183.14,182.29,DELAY_CARRIER|DELAY_LATE_AIRCRAFT|DELAY_NAS
TVC,1,625,-2.61,-9.34,170,32.47,27.5,165,242.36,243.52,DELAY_CARRIER|DELAY_LATE_AIRCRAFT|DELAY_NAS
TVC,2,940,-2.76,-17.33,90,32.5,26.22,80,177.25,168.88,DELAY_LATE_AIRCRAFT|DELAY_NAS|DELAY_WEATHER
TVC,3,950,-3.13,-13.28,75,31.67,22.8,105,166.48,155.81,DELAY_CARRIER|DELAY_NAS|DELAY_LATE_AIRCRAFT
TVC,4,940,-4.17,-8.6,120,29.88,21.58,55,136.91,128.45,DELAY_LATE_AIRCRAFT|DELAY_NAS|DELAY_CARRIER
TVC,5,1105,-4.35,-8.62,155,32.35,33.42,90,143.33,141.72,DELAY_CARRIER|DELAY_LATE_AIRCRAFT|DELAY_NAS
TVC,6,1975,-4.16,-7.21,320,31.22,28.59,245,196.37,196.67,DELAY_CARRIER|DELAY_LATE_AIRCRAFT|DELAY_NAS
TVC,7,2260,-2.31,-2.16,430,33.87,34.35,275,129.95,127.85,DELAY_CARRIER|DELAY_LATE_AIRCRAFT|DELAY_NAS
TVC,8,2240,-2.51,-3.78,415,30.45,31.05,345,139.8,138.28,DELAY_LATE_AIRCRAFT|DELAY_CARRIER|DELAY_NAS
TVC,9,1770,-3.33,-5.95,170,32.21,26.0,80,115.81,109.19,DELAY_NAS|DELAY_CARRIER|DELAY_LATE_AIRCRAFT
TVC,10,1270,-4.55,-11.36,125,28.4,19.0,50,304.2,300.5,DELAY_CARRIER|DELAY_LATE_AIRCRAFT|DELAY_NAS
TVC,11,905,-6.08,-13.9,80,31.0,25.25,45,124.67,115.78,DELAY_CARRIER|DELAY_NAS|DELAY_LATE_AIRCRAFT
TVC,12,1095,-3.0,-3.28,255,32.75,42.98,160,223.59,230.31,DELAY_NAS|DELAY_CARRIER|DELAY_LATE_AIRCRAFT
TWF,1,280,-6.91,-8.71,10,25.5,16.5,10,135.5,153.5,CANC_WEATHER|DELAY_NAS|DELAY_WEATHER
TWF,2,270,-6.76,-8.48,5,25.0,26.0,15,139.0,141.0,DELAY_CARRIER|DELAY_NAS
TWF,3,300,-7.12,-6.33,5,58.0,38.0,5,75.0,64.0,DELAY_CARRIER|DELAY_WEATHER
TWF,4,275,-6.0,-14.27,10,27.5,19.5,15,126.33,116.0,DELAY_CARRIER
TWF,5,285,-5.49,-14.4,0,,,25,120.0,110.2,DELAY_CARRIER|DELAY_WEATHER
TWF,6,280,-6.41,-13.57,5,58.0,45.0,15,85.0,75.33,DELAY_CARRIER
TWF,7,275,-6.84,-13.71,10,32.5,29.0,25,134.0,129.2,DELAY_CARRIER|DELAY_WEATHER
TWF,8,295,-7.56,-12.9,10,22.5,21.0,5,88.0,87.0,DELAY_CARRIER|DELAY_NAS|DELAY_WEATHER
TWF,9,265,-6.79,-13.58,15,31.67,29.33,0,,,DELAY_CARRIER
TWF,10,265,-6.64,-9.09,0,,,0,,,DELAY_CARRIER
TWF,11,225,-5.42,-7.89,5,55.0,48.0,0,,,DELAY_CARRIER
TWF,12,265,-5.21,-15.36,15,29.33,12.0,5,65.0,50.0,DELAY_CARRIER|DELAY_WEATHER
TXK,1,270,-6.22,-1.39,5,23.0,18.0,40,166.38,174.38,DELAY_CARRIER|CANC_WEATHER|DELAY_WEATHER
TXK,2,255,-4.27,-2.9,30,28.33,24.5,5,442.0,427.0,DELAY_CARRIER|DELAY_NAS|DELAY_LATE_AIRCRAFT
TXK,3,265,-3.58,-4.64,15,34.0,37.0,20,125.75,147.25,DELAY_NAS|DELAY_LATE_AIRCRAFT|DELAY_WEATHER
TXK,4,220,-2.93,-0.45,40,32.12,42.25,30,124.83,127.33,DELAY_LATE_AIRCRAFT|DELAY_NAS|DELAY_CARRIER
TXK,5,230,-4.8,-3.96,25,24.4,47.2,35,174.43,180.57,DELAY_CARRIER|CANC_WEATHER|DELAY_NAS
TXK,6,205,-3.39,-5.44,50,35.3,27.9,40,212.25,207.5,DELAY_LATE_AIRCRAFT|DELAY_CARRIER|DELAY_WEATHER
TXK,7,230,-3.39,-4.0,35,30.71,26.0,35,204.29,199.57,DELAY_LATE_AIRCRAFT|DELAY_CARRIER|DELAY_NAS
TXK,8,245,-5.51,-7.2,35,30.0,30.29,30,308.83,303.5,DELAY_CARRIER|DELAY_LATE_AIRCRAFT|DELAY_NAS
TXK,9,255,-6.22,-11.71,25,19.6,15.6,20,179.25,169.25,DELAY_LATE_AIRCRAFT|DELAY_NAS
TXK,10,265,-6.23,-11.62,30,37.5,27.83,15,142.33,143.33,DELAY_CARRIER|DELAY_LATE_AIRCRAFT|DELAY_WEATHER
TXK,11,215,-6.53,-14.65,40,32.12,26.25,20,204.5,195.75,DELAY_CARRIER|CANC_WEATHER|DELAY_LATE_AIRCRAFT
TXK,12,240,-5.46,-11.52,15,42.0,32.33,40,202.62,195.88,DELAY_CARRIER|DELAY_WEATHER|CANC_WEATHER
TYR,1,335,-4.51,-4.06,30,31.0,30.83,60,224.5,235.33,DELAY_CARRIER|CANC_WEATHER|DELAY_LATE_AIRCRAFT
TYR,2,360,-6.35,-12.58,20,44.75,30.25,50,255.2,249.8,DELAY_CARRIER|DELAY_LATE_AIRCRAFT|DELAY_NAS
TYR,3,400,-6.5,-16.15,20,33.25,27.0,40,172.12,162.5,DELAY_WEATHER|DELAY_NAS|DELAY_CARRIER
TYR,4,390,-4.46,-3.79,25,34.8,41.2,20,112.75,113.25,DELAY_NAS|DELAY_WEATHER|CANC_WEATHER
TYR,5,330,-5.59,-11.18,35,40.29,41.14,85,179.47,186.12,DELAY_CARRIER|DELAY_NAS|CANC_WEATHER
TYR,6,360,-6.08,-13.74,35,31.57,19.43,45,176.56,168.56,DELAY_CARRIER|DELAY_WEATHER|DELAY_LATE_AIRCRAFT
TYR,7,330,-2.41,-6.32,90,31.11,23.5,25,127.6,122.4,DELAY_LATE_AIRCRAFT|DELAY_CARRIER|DELAY_NAS
TYR,8,410,-7.3,-12.6,25,35.0,31.2,25,304.0,294.4,DELAY_CARRIER|DELAY_LATE_AIRCRAFT|DELAY_NAS
TYR,9,400,-1.86,-7.04,35,24.14,16.71,15,93.67,109.33,DELAY_NAS|DELAY_LATE_AIRCRAFT|DELAY_CARRIER
TYR,10,375,-6.31,-12.61,60,33.42,23.75,25,183.8,171.4,DELAY_CARRIER|DELAY_LATE_AIRCRAFT|DELAY_NAS
TYR,11,320,-5.22,-11.2,65,34.85,26.92,25,156.4,145.4,DELAY_CARRIER|CANC_WEATHER|DELAY_LATE_AIRCRAFT
TYR,12,270,-4.74,-7.04,75,32.6,33.67,80,152.81,143.31,DELAY_CARRIER|DELAY_NAS|DELAY_WEATHER
TYS,1,4095,-5.57,-10.32,575,32.96,30.93,560,193.26,192.86,DELAY_LATE_AIRCRAFT|DELAY_NAS|DELAY_CARRIER
TYS,2,4695,-6.88,-13.08,360,32.43,24.93,125,121.48,113.32,DELAY_NAS|DELAY_LATE_AIRCRAFT|DELAY_CARRIER
TYS,3,4950,-6.0,-12.63,565,32.81,27.95,365,191.04,187.6,DELAY_LATE_AIRCRAFT|DELAY_NAS|DELAY_CARRIER
TYS,4,5125,-5.69,-10.83,555,32.53,31.56,300,193.98,188.32,DELAY_LATE_AIRCRAFT|DELAY_NAS|DELAY_CARRIER
TYS,5,5075,-4.84,-8.94,810,33.13,30.91,705,168.38,172.28,DELAY_LATE_AIRCRAFT|DELAY_NAS|DELAY_CARRIER
TYS,6,5935,-5.11,-10.52,815,31.13,25.12,475,190.06,184.43,DELAY_LATE_AIRCRAFT|DELAY_CARRIER|DELAY_NAS
TYS,7,5720,-5.66,-10.64,900,32.0,28.75,790,162.85,161.16,DELAY_LATE_AIRCRAFT|DELAY_CARRIER|DELAY_NAS
TYS,8,5985,-6.07,-9.99,650,31.62,32.85,555,182.72,181.46,DELAY_LATE_AIRCRAFT|DELAY_NAS|DELAY_CARRIER
TYS,9,5950,-5.97,-11.72,720,31.06,27.04,305,191.61,186.69,DELAY_LATE_AIRCRAFT|DELAY_CARRIER|DELAY_NAS
TYS,10,7335,-5.92,-12.06,800,29.18,22.02,230,177.35,172.76,DELAY_LATE_AIRCRAFT|DELAY_CARRIER|DELAY_NAS
TYS,11,6220,-6.27,-13.5,475,28.18,22.41,315,152.51,148.73,DELAY_LATE_AIRCRAFT|DELAY_CARRIER|DELAY_NAS
TYS,12,5530,-4.74,-11.65,925,31.59,24.32,420,184.35,180.19,DELAY_LATE_AIRCRAFT|DELAY_NAS|DELAY_CARRIER
USA,1,270,-8.37,-13.15,60,37.17,31.92,10,77.5,103.5,DELAY_LATE_AIRCRAFT|DELAY_CARRIER|DELAY_NAS
USA,2,210,-5.24,-10.6,40,42.88,31.38,35,163.0,172.57,DELAY_LATE_AIRCRAFT|DELAY_CARRIER|CANC_CARRIER
USA,3,190,-5.63,-9.95,55,34.18,30.09,65,212.08,207.08,DELAY_LATE_AIRCRAFT|DELAY_NAS|DELAY_CARRIER
USA,4,195,-7.28,-16.33,65,25.15,16.62,30,256.67,254.5,DELAY_LATE_AIRCRAFT|DELAY_CARRIER|CANC_NAS
USA,5,230,-4.46,-7.67,25,30.2,27.2,50,157.5,152.8,DELAY_LATE_AIRCRAFT|DELAY_NAS|DELAY_CARRIER
USA,6,185,-5.35,-6.86,65,33.77,36.23,45,113.33,109.89,DELAY_LATE_AIRCRAFT|DELAY_CARRIER|CANC_NAS
USA,7,190,0.32,2.11,50,40.4,40.2,55,322.91,333.64,DELAY_LATE_AIRCRAFT|DELAY_NAS|DELAY_CARRIER
USA,8,135,-8.3,-13.33,65,31.62,31.85,40,122.25,119.75,DELAY_LATE_AIRCRAFT|DELAY_CARRIER|CANC_WEATHER
USA,9,190,-8.68,-10.76,20,30.0,27.5,15,169.67,174.67,DELAY_LATE_AIRCRAFT|DELAY_CARRIER|DELAY_WEATHER
USA,10,170,-6.59,-9.94,30,26.67,22.5,15,131.0,124.0,DELAY_LATE_AIRCRAFT|CANC_WEATHER|DELAY_CARRIER
USA,11,205,-4.98,-8.98,65,26.46,21.85,5,76.0,63.0,DELAY_LATE_AIRCRAFT|DELAY_CARRIER|DELAY_WEATHER
USA,12,160,-3.19,-8.84,105,29.71,21.71,85,136.59,137.06,DELAY_LATE_AIRCRAFT|DELAY_NAS|DELAY_CARRIER
VCT,1,215,-7.63,-17.4,15,50.0,47.33,20,386.75,385.25,DELAY_LATE_AIRCRAFT|CANC_WEATHER|DELAY_CARRIER
VCT,2,225,-9.22,-17.78,10,33.0,19.5,15,364.33,363.67,DELAY_CARRIER|DELAY_NAS
VCT,3,235,-6.11,-13.72,10,37.0,38.0,15,209.67,212.0,DELAY_LATE_AIRCRAFT|CANC_WEATHER|DELAY_CARRIER
VCT,4,240,-5.77,-13.08,5,17.0,8.0,10,80.5,83.0,DELAY_LATE_AIRCRAFT
VCT,5,205,-5.51,-11.83,0,,,30,231.17,234.0,CANC_WEATHER|DELAY_LATE_AIRCRAFT|DELAY_CARRIER
VCT,6,225,-4.22,-10.29,10,49.5,44.0,15,234.67,237.0,DELAY_LATE_AIRCRAFT
VCT,7,180,-5.81,-11.64,15,31.67,38.33,50,156.6,159.8,DELAY_LATE_AIRCRAFT|CANC_WEATHER|DELAY_CARRIER
VCT,8,235,-9.62,-17.89,10,34.0,33.0,20,186.0,183.25,DELAY_LATE_AIRCRAFT|DELAY_NAS
VCT,9,240,-9.15,-13.67,10,20.0,12.5,30,198.83,201.83,DELAY_CARRIER|DELAY_LATE_AIRCRAFT|DELAY_WEATHER
VCT,10,195,-6.56,-11.69,20,43.25,34.5,50,159.3,156.9,DELAY_CARRIER|DELAY_LATE_AIRCRAFT|DELAY_WEATHER
VCT,11,205,-6.41,-15.83,0,,,55,160.45,157.55,DELAY_CARRIER|DELAY_LATE_AIRCRAFT|DELAY_NAS
VCT,12,240,-4.27,-9.65,10,25.0,20.0,25,189.0,202.4,DELAY_CARRIER|DELAY_LATE_AIRCRAFT|CANC_WEATHER
VEL,1,235,-7.57,-13.17,10,25.0,8.5,15,473.33,491.33,DELAY_NAS|DELAY_LATE_AIRCRAFT|DELAY_CARRIER
VLD,1,270,-5.35,-13.11,15,37.0,21.0,20,146.25,139.25,DELAY_LATE_AIRCRAFT|DELAY_CARRIER
VLD,2,260,-4.87,-13.27,15,46.0,44.0,15,140.33,131.33,DELAY_LATE_AIRCRAFT|DELAY_WEATHER
VLD,3,260,-3.15,-7.31,30,23.17,22.5,20,155.5,161.75,DELAY_CARRIER|DELAY_WEATHER|DELAY_NAS
VLD,4,270,-3.89,-5.43,15,30.67,31.33,15,75.33,77.67,DELAY_LATE_AIRCRAFT|DELAY_CARRIER|DELAY_WEATHER
VLD,5,240,-3.9,-7.38,45,36.67,36.44,20,246.5,253.75,DELAY_LATE_AIRCRAFT|DELAY_CARRIER|DELAY_NAS
VLD,6,280,-3.66,-10.98,15,37.0,36.33,5,66.0,58.0,DELAY_CARRIER|DELAY_LATE_AIRCRAFT|DELAY_NAS
VLD,7,235,-5.26,-8.91,15,26.67,32.33,40,138.25,143.12,DELAY_LATE_AIRCRAFT|DELAY_NAS|CANC_CARRIER
VLD,8,255,-5.12,-12.02,25,30.8,20.4,15,150.67,142.67,DELAY_LATE_AIRCRAFT|CANC_CARRIER|CANC_NAS
VLD,9,230,-4.37,-3.11,15,23.33,25.0,10,133.0,129.0,CANC_WEATHER|CANC_CARRIER|DELAY_NAS
VLD,10,330,-4.24,-5.65,25,35.4,36.0,35,193.71,195.57,DELAY_LATE_AIRCRAFT|DELAY_NAS|DELAY_CARRIER
VLD,11,365,-5.52,-11.55,15,31.33,20.33,5,161.0,148.0,DELAY_NAS|DELAY_CARRIER|DELAY_LATE_AIRCRAFT
VLD,12,290,-2.74,-9.33,60,35.67,29.08,40,133.75,128.25,DELAY_LATE_AIRCRAFT|DELAY_CARRIER|DELAY_WEATHER
VPS,1,2260,-5.67,-11.67,255,31.02,25.73,205,255.9,251.9,DELAY_LATE_AIRCRAFT|DELAY_CARRIER|DELAY_NAS
VPS,2,2665,-5.95,-10.57,155,30.13,23.32,100,226.95,220.25,DELAY_NAS|DELAY_LATE_AIRCRAFT|DELAY_CARRIER
VPS,3,3315,-5.13,-11.52,405,30.12,23.79,310,208.47,206.37,DELAY_LATE_AIRCRAFT|DELAY_CARRIER|DELAY_NAS
VPS,4,3365,-4.48,-9.56,530,30.31,25.58,275,165.27,165.8,DELAY_LATE_AIRCRAFT|DELAY_CARRIER|DELAY_NAS
VPS,5,3190,-3.14,-7.41,740,31.72,27.4,540,155.62,156.92,DELAY_LATE_AIRCRAFT|DELAY_CARRIER|DELAY_NAS
VPS,6,4500,-4.88,-11.67,680,32.57,28.73,455,149.34,146.22,DELAY_LATE_AIRCRAFT|DELAY_CARRIER|DELAY_NAS
VPS,7,3950,-3.49,-7.85,860,31.7,28.94,720,189.39,189.46,DELAY_LATE_AIRCRAFT|DELAY_CARRIER|DELAY_NAS
VPS,8,3815,-4.76,-9.91,695,32.9,33.07,350,172.07,167.0,DELAY_LATE_AIRCRAFT|DELAY_CARRIER|DELAY_NAS
VPS,9,3265,-4.48,-9.48,420,32.08,30.3,160,197.5,190.31,DELAY_LATE_AIRCRAFT|DELAY_CARRIER|DELAY_NAS
VPS,10,3855,-4.94,-8.94,340,28.9,24.84,85,223.76,220.59,DELAY_LATE_AIRCRAFT|DELAY_NAS|DELAY_CARRIER
VPS,11,2870,-5.47,-10.2,275,29.53,24.22,95,146.16,144.47,DELAY_LATE_AIRCRAFT|DELAY_NAS|DELAY_CARRIER
VPS,12,2410,-3.88,-7.56,370,30.73,31.26,320,250.08,247.34,DELAY_LATE_AIRCRAFT|DELAY_CARRIER|DELAY_NAS
WRG,1,220,-10.25,-11.25,35,26.86,36.29,30,75.67,71.67,DELAY_LATE_AIRCRAFT|DELAY_NAS|CANC_WEATHER
WRG,2,255,-13.53,-16.43,15,23.67,22.33,5,232.0,224.0,DELAY_LATE_AIRCRAFT|CANC_CARRIER|CANC_WEATHER
WRG,3,275,-12.31,-15.45,25,33.6,32.6,10,119.5,109.0,DELAY_LATE_AIRCRAFT
WRG,4,255,-10.75,-15.63,30,31.33,29.83,10,76.0,74.5,DELAY_LATE_AIRCRAFT|CANC_CARRIER|DELAY_CARRIER
WRG,5,245,-9.0,-12.98,60,31.83,28.75,5,246.0,238.0,DELAY_LATE_AIRCRAFT|DELAY_NAS
WRG,6,275,-6.84,-9.36,20,33.25,31.5,5,85.0,81.0,DELAY_LATE_AIRCRAFT|DELAY_NAS
WRG,7,275,-5.0,-7.38,20,27.25,37.75,10,72.0,64.5,DELAY_LATE_AIRCRAFT|DELAY_NAS
WRG,8,230,-7.37,-10.04,55,28.55,29.82,15,149.33,148.33,DELAY_LATE_AIRCRAFT|DELAY_NAS|CANC_WEATHER
WRG,9,280,-7.43,-8.77,10,25.5,30.5,5,189.0,191.0,DELAY_LATE_AIRCRAFT|DELAY_NAS|CANC_CARRIER
WRG,10,260,-10.52,-12.04,30,27.0,20.17,10,107.0,103.0,DELAY_LATE_AIRCRAFT|DELAY_NAS|DELAY_CARRIER
WRG,11,270,-10.56,-12.7,15,30.67,37.67,0,,,DELAY_LATE_AIRCRAFT|CANC_CARRIER
WRG,12,255,-10.8,-11.2,25,46.0,60.6,10,149.5,151.0,DELAY_LATE_AIRCRAFT|CANC_WEATHER|DELAY_NAS
WYS,5,135,-5.85,-12.0,20,35.75,23.5,15,202.67,192.67,DELAY_WEATHER|DELAY_CARRIER|DELAY_NAS
WYS,6,245,-7.35,-11.29,5,16.0,-2.0,45,311.89,306.78,DELAY_CARRIER|CANC_WEATHER|DELAY_WEATHER
WYS,7,275,-6.25,-8.42,40,29.5,27.25,35,137.0,127.43,DELAY_CARRIER|DELAY_NAS|DELAY_WEATHER
WYS,8,335,-9.58,-11.51,15,25.33,25.33,10,262.5,252.5,DELAY_CARRIER|DELAY_WEATHER
WYS,9,275,-9.07,-14.2,0,,,20,141.75,134.5,DELAY_CARRIER|CANC_WEATHER|DELAY_LATE_AIRCRAFT
WYS,10,75,-10.13,-15.67,0,,,0,,,N/D
XNA,1,3595,-4.16,-4.71,620,31.56,41.27,505,183.45,196.84,DELAY_NAS|DELAY_LATE_AIRCRAFT|DELAY_CARRIER
XNA,2,4080,-4.83,-7.42,380,29.7,24.53,130,250.15,242.92,DELAY_NAS|DELAY_LATE_AIRCRAFT|DELAY_CARRIER
XNA,3,4320,-4.81,-9.76,450,27.78,23.84,355,147.13,145.52,DELAY_LATE_AIRCRAFT|DELAY_NAS|DELAY_CARRIER
XNA,4,4520,-3.61,-8.18,495,29.53,24.23,335,155.94,151.54,DELAY_LATE_AIRCRAFT|DELAY_CARRIER|DELAY_NAS
XNA,5,4325,-3.42,-7.23,735,31.38,33.84,595,160.92,166.83,DELAY_LATE_AIRCRAFT|DELAY_NAS|DELAY_CARRIER
XNA,6,4520,-3.92,-8.84,770,32.7,30.28,495,136.28,134.37,DELAY_LATE_AIRCRAFT|DELAY_CARRIER|DELAY_NAS
XNA,7,4260,-2.88,-5.68,1005,31.66,28.22,690,139.37,136.8,DELAY_LATE_AIRCRAFT|DELAY_CARRIER|DELAY_NAS
XNA,8,5125,-4.79,-9.15,635,29.26,24.98,355,177.37,175.97,DELAY_LATE_AIRCRAFT|DELAY_NAS|DELAY_CARRIER
XNA,9,5425,-4.85,-9.69,445,30.79,25.53,270,200.15,193.43,DELAY_LATE_AIRCRAFT|DELAY_CARRIER|DELAY_NAS
XNA,10,5960,-5.02,-9.27,355,31.75,22.97,175,173.66,164.51,DELAY_LATE_AIRCRAFT|DELAY_CARRIER|DELAY_NAS
XNA,11,5440,-4.48,-9.76,530,29.54,22.89,305,218.21,221.66,DELAY_LATE_AIRCRAFT|DELAY_CARRIER|DELAY_NAS
XNA,12,5250,-3.39,-9.27,735,30.67,26.97,425,168.15,168.22,DELAY_LATE_AIRCRAFT|DELAY_NAS|DELAY_CARRIER
XWA,1,525,-4.65,-14.49,80,31.31,22.25,100,194.0,191.75,DELAY_CARRIER|CANC_WEATHER|DELAY_LATE_AIRCRAFT
XWA,2,535,-4.54,-19.71,50,39.0,37.7,80,226.62,220.94,DELAY_CARRIER|DELAY_WEATHER|CANC_WEATHER
XWA,3,620,-3.67,-14.5,40,34.75,32.25,65,310.08,299.15,DELAY_CARRIER|DELAY_NAS|CANC_WEATHER
XWA,4,665,-6.32,-17.35,35,32.14,25.0,30,153.83,152.5,DELAY_CARRIER|DELAY_LATE_AIRCRAFT|DELAY_NAS
XWA,5,800,-5.81,-13.09,30,35.83,26.67,55,189.18,183.27,DELAY_CARRIER|DELAY_NAS|DELAY_LATE_AIRCRAFT
XWA,6,660,-4.92,-6.66,120,30.75,37.29,65,188.69,193.46,DELAY_CARRIER|DELAY_NAS|DELAY_LATE_AIRCRAFT
XWA,7,630,-5.02,-6.52,80,30.5,32.31,115,106.96,106.04,DELAY_CARRIER|DELAY_LATE_AIRCRAFT|DELAY_WEATHER
XWA,8,700,-6.16,-8.53,55,33.64,40.64,85,146.18,142.18,DELAY_CARRIER|DELAY_NAS|DELAY_LATE_AIRCRAFT
XWA,9,760,-6.96,-14.39,70,34.07,29.57,30,197.67,198.0,DELAY_CARRIER|DELAY_NAS|DELAY_SECURITY
XWA,10,835,-7.04,-18.09,40,34.88,26.75,40,330.88,318.5,DELAY_CARRIER|DELAY_LATE_AIRCRAFT|CANC_WEATHER
XWA,11,630,-5.11,-5.96,55,29.45,42.0,120,255.42,254.12,DELAY_CARRIER|DELAY_WEATHER|DELAY_LATE_AIRCRAFT
XWA,12,665,-2.29,-5.24,95,31.79,27.84,125,299.8,288.04,DELAY_CARRIER|DELAY_NAS|DELAY_LATE_AIRCRAFT
YAK,1,205,-14.39,-13.85,45,42.89,44.56,20,80.75,83.5,DELAY_LATE_AIRCRAFT|CANC_WEATHER|DELAY_NAS
YAK,2,240,-17.15,-15.0,25,28.4,27.2,5,237.0,242.0,DELAY_LATE_AIRCRAFT|CANC_CARRIER|CANC_WEATHER
YAK,3,250,-15.66,-15.52,35,30.29,23.29,25,89.4,86.8,DELAY_LATE_AIRCRAFT|DELAY_WEATHER|DELAY_NAS
YAK,4,250,-15.44,-17.52,15,26.67,21.67,15,138.33,140.67,DELAY_LATE_AIRCRAFT|CANC_CARRIER|DELAY_NAS
YAK,5,275,-12.15,-12.82,15,29.67,27.0,10,81.5,121.5,DELAY_LATE_AIRCRAFT|CANC_CARRIER|CANC_WEATHER
YAK,6,250,-10.98,-11.8,45,24.11,19.44,5,61.0,50.0,DELAY_LATE_AIRCRAFT|DELAY_NAS|DELAY_SECURITY
YAK,7,250,-4.56,-7.12,50,29.6,29.9,5,171.0,205.0,DELAY_LATE_AIRCRAFT|DELAY_NAS|CANC_CARRIER
YAK,8,205,-7.76,-9.9,85,26.0,24.59,10,111.0,110.0,DELAY_LATE_AIRCRAFT|DELAY_CARRIER|DELAY_SECURITY
YAK,9,240,-7.56,-8.71,40,31.25,26.25,15,110.33,106.67,DELAY_LATE_AIRCRAFT|DELAY_SECURITY
YAK,10,285,-17.3,-18.19,15,31.33,32.67,5,88.0,78.0,DELAY_LATE_AIRCRAFT|DELAY_NAS
YAK,11,270,-19.28,-19.02,10,40.0,38.5,5,80.0,77.0,DELAY_LATE_AIRCRAFT|DELAY_NAS
YAK,12,235,-16.43,-18.7,35,38.0,37.29,5,156.0,167.0,DELAY_LATE_AIRCRAFT|CANC_WEATHER|DELAY_WEATHER
YUM,1,470,-6.62,-7.41,45,27.89,26.0,40,181.25,185.88,DELAY_CARRIER|DELAY_NAS|DELAY_LATE_AIRCRAFT
YUM,2,565,-6.17,-10.19,40,26.12,27.88,20,142.0,153.0,DELAY_CARRIER|DELAY_LATE_AIRCRAFT|DELAY_NAS
YUM,3,610,-5.2,-9.06,15,33.33,29.0,45,185.33,184.56,DELAY_CARRIER|DELAY_NAS|DELAY_WEATHER
YUM,4,595,-5.59,-7.13,30,44.17,38.33,30,403.67,399.83,DELAY_CARRIER|DELAY_NAS|DELAY_LATE_AIRCRAFT
YUM,5,575,-4.23,-5.61,60,38.67,35.0,55,199.45,195.0,DELAY_CARRIER|DELAY_LATE_AIRCRAFT|CANC_WEATHER
YUM,6,505,-4.53,-4.75,40,30.5,26.88,40,141.0,135.38,DELAY_CARRIER|DELAY_LATE_AIRCRAFT|DELAY_NAS
YUM,7,485,-4.43,-6.78,55,29.09,21.91,40,271.25,267.25,DELAY_CARRIER|DELAY_LATE_AIRCRAFT|DELAY_NAS
YUM,8,770,-6.75,-8.19,30,28.17,23.5,35,104.71,107.86,DELAY_LATE_AIRCRAFT|DELAY_CARRIER|DELAY_NAS
YUM,9,770,-6.06,-12.51,25,28.0,18.4,35,316.57,317.43,DELAY_CARRIER|DELAY_LATE_AIRCRAFT|DELAY_NAS
YUM,10,800,-4.72,-7.17,70,30.64,27.86,30,189.17,185.0,DELAY_CARRIER|DELAY_LATE_AIRCRAFT|DELAY_NAS
YUM,11,765,-5.95,-11.43,35,37.0,37.29,45,309.78,307.89,DELAY_CARRIER|DELAY_LATE_AIRCRAFT|DELAY_NAS
YUM,12,650,-6.33,-8.64,70,35.57,32.36,65,134.31,130.23,DELAY_CARRIER|DELAY_LATE_AIRCRAFT|DELAY_NAS
