compagnia,aeroporto_partenza,numero_voli,ritardo_min_arrivo,ritardo_max_arrivo,ritardo_medio_arrivo,tasso_cancellazione,mesi_operativi
9E,LGA,15903,-62.0,1100.0,-2.97,0.0346,1|2|3|4|5|6|7|8|9|10|11|12
9E,ATL,13408,-43.0,991.0,2.34,0.0115,1|2|3|4|5|6|7|8|9|10|11|12
9E,JFK,8455,-60.0,994.0,0.36,0.0364,1|2|3|4|5|6|7|8|9|10|11|12
9E,DTW,6368,-46.0,933.0,0.49,0.0102,1|2|3|4|5|6|7|8|9|10|11|12
9E,MSP,3817,-50.0,849.0,3.2,0.0073,1|2|3|4|5|6|7|8|9|10|11|12
9E,CVG,3372,-56.0,732.0,1.93,0.0169,1|2|3|4|5|6|7|8|9|10|11|12
9E,RDU,3226,-46.0,1018.0,8.03,0.031,1|2|3|4|5|6|7|8|9|10|11|12
9E,CLT,1542,-42.0,1027.0,8.3,0.0389,1|2|3|4|5|6|7|8|9|10|11|12
9E,TYS,1476,-49.0,475.0,-4.75,0.0129,1|2|3|4|5|6|7|8|9|10|11|12
9E,ROC,1374,-49.0,499.0,0.6,0.0328,1|2|3|4|5|6|7|8|9|10|11|12
9E,DSM,1305,-42.0,1272.0,1.86,0.0169,1|2|3|4|5|6|7|8|9|10|11|12
9E,CLE,1233,-48.0,1132.0,8.03,0.026,1|2|3|4|5|6|7|8|9|10|11|12
9E,IND,1215,-48.0,1086.0,-1.09,0.023,1|2|3|4|5|6|7|8|9|10|11|12
9E,ORF,1098,-43.0,919.0,7.22,0.0237,1|2|3|4|5|6|7|8|9|10|11|12
9E,RIC,1059,-43.0,1101.0,7.47,0.0302,1|2|3|4|5|6|7|8|9|10|11|12
9E,CHS,1010,-45.0,849.0,6.28,0.0436,1|2|3|4|5|6|7|8|9|10|11|12
9E,XNA,997,-44.0,483.0,-0.35,0.005,1|2|3|4|5|6|7|8|9|10|11|12
9E,DCA,988,-41.0,1036.0,6.39,0.0202,1|2|3|4|5|6|7|8|9|10|11|12
9E,SYR,983,-47.0,326.0,-3.8,0.0224,1|2|3|4|5|6|7|8|9|10|11|12
9E,SAV,954,-46.0,904.0,4.81,0.0273,1|2|3|4|5|6|7|8|9|10|11|12
9E,BUF,944,-40.0,854.0,0.47,0.0307,1|2|3|4|5|6|7|8|9|10|11|12
9E,PIT,897,-47.0,857.0,5.45,0.0268,1|2|3|4|5|6|7|8|9|10|11|12
9E,BTV,887,-46.0,916.0,1.91,0.0225,1|2|3|4|5|6|7|8|9|10|11|12
9E,CHO,872,-43.0,756.0,0.3,0.0264,1|2|3|4|5|6|7|8|9|10|11|12
9E,EWR,804,-50.0,1110.0,17.83,0.0398,1|2|3|4|5|6|7|8|9|10|11|12
9E,AGS,782,-35.0,366.0,3.55,0.0205,1|2|3|4|5|6|7|8|9|10|11|12
9E,GSO,771,-40.0,879.0,-0.39,0.0246,1|2|3|4|5|6|7|8|9|10|11|12
9E,CHA,749,-38.0,1088.0,4.01,0.0053,1|2|3|4|5|6|7|8|9|10|11|12
9E,STL,723,-38.0,801.0,-4.73,0.036,1|2|3|4|5|6|7|8|9|10|11|12
9E,GSP,694,-43.0,829.0,2.79,0.013,1|2|3|4|5|6|7|8|9|10|11|12
9E,ILM,643,-39.0,829.0,1.57,0.0249,1|2|3|4|5|6|7|8|9|10|11|12
9E,BGR,635,-47.0,395.0,-6.56,0.0331,1|2|3|4|5|6|7|8|9|10|11|12
9E,CAE,622,-35.0,542.0,2.57,0.0129,1|2|3|4|5|6|7|8|9|10|11|12
9E,BNA,610,-33.0,1132.0,17.4,0.041,1|2|3|4|5|6|7|8|9|10|11|12
9E,MCI,582,-42.0,1047.0,7.9,0.0533,1|2|3|4|5|6|7|8|9|10|11|12
9E,SHV,581,-37.0,271.0,-4.31,0.0172,1|2|3|4|5|6|7|8|9|10|11|12
9E,TRI,571,-41.0,391.0,-3.67,0.007,1|2|3|4|5|6|7|8|9|10|11|12
9E,BHM,556,-50.0,730.0,-0.19,0.0306,1|2|3|4|5|6|7|8|9|10|11|12
9E,ALB,539,-43.0,374.0,-4.34,0.0148,1|2|3|4|5|6|7|8|9|10|11|12
9E,MEM,538,-34.0,991.0,-1.9,0.0372,1|2|3|4|5|6|7|8|9|10|11|12
9E,ABE,505,-47.0,438.0,1.01,0.0119,1|2|3|4|5|6|7|8|9|10|11|12
9E,ROA,482,-41.0,777.0,6.01,0.0187,1|2|3|4|5|6|7|8|9|10|11|12
9E,HPN,481,-45.0,899.0,0.32,0.0166,1|2|3|4|5|6|7|8|9|10|11|12
9E,JAX,479,-52.0,1147.0,0.35,0.0271,1|2|3|4|5|6|7|8|9|10|11|12
9E,MKE,462,-42.0,1114.0,10.56,0.0195,1|2|3|4|5|6|7|8|9|10|11|12
9E,AEX,457,-33.0,979.0,11.59,0.0088,1|2|3|4|5|6|7|8|9|10|11|12
9E,GRR,453,-38.0,331.0,-3.52,0.0331,1|2|3|4|5|6|7|8|9|10|11|12
9E,MGM,437,-31.0,1132.0,5.07,0.0046,1|2|3|4|5|6|7|8|9|10|11|12
9E,PWM,434,-41.0,1151.0,17.81,0.0484,1|2|3|4|5|6|7|8|9|10|11|12
9E,LFT,420,-42.0,1171.0,0.76,0.0143,1|2|3|4|5|6|7|8|9|10|11|12
9E,MOB,420,-32.0,1136.0,0.29,0.0119,1|2|3|4|5|6|7|8|9|10|11|12
9E,MLU,415,-37.0,386.0,3.85,0.0048,1|2|3|4|5|6|7|8|9|10|11|12
9E,BMI,387,-38.0,567.0,2.6,0.0129,1|2|3|4|5|6|7|8|9|10|11|12
9E,PVD,384,-38.0,1135.0,1.85,0.0234,1|2|3|4|5|6|7|8|9|10|11|12
9E,MSN,381,-36.0,266.0,-2.46,0.0315,1|2|3|4|5|6|7|8|9|10|11|12
9E,VLD,376,-34.0,405.0,3.32,0.0239,1|2|3|4|5|6|7|8|9|10|11|12
9E,ITH,370,-52.0,453.0,-5.3,0.0351,1|2|3|4|5|6|7|8|9|10|11|12
9E,MLI,355,-36.0,350.0,1.32,0.0197,1|2|3|4|5|6|7|8|9|10|11|12
9E,AVL,347,-43.0,835.0,4.94,0.0202,1|2|3|4|5|6|7|8|9|10|11|12
9E,EVV,342,-40.0,282.0,-6.61,0.0117,1|2|3|6|7|8|9|10|11|12
9E,GTR,339,-36.0,381.0,-6.32,0.0059,1|2|3|4|5|6|7|8|9|10|11|12
9E,CWA,332,-39.0,263.0,-7.02,0.009,1|2|3|4|5|6|7|8|9|10|11|12
9E,CSG,310,-37.0,317.0,0.99,0.0226,2|3|4|5|6|7|8|9|10|11|12
9E,SGF,308,-36.0,339.0,-0.51,0.0,1|2|3|4|5|7|8|9|10|11|12
9E,TLH,296,-31.0,1143.0,13.07,0.0338,1|2|3|4|5|6|7|8|9|10|11|12
9E,DHN,284,-41.0,937.0,4.73,0.0035,1|2|3|4|5|6|9|10|11|12
9E,HSV,274,-32.0,989.0,5.6,0.0182,1|2|3|4|5|6|7|8|10|11|12
9E,OAJ,269,-35.0,951.0,0.54,0.0,1|2|3|4|5|6|7|8|9|10|11|12
9E,MYR,266,-42.0,1011.0,-3.78,0.0188,1|2|3|4|5|6|7|8|9|10|11|12
9E,OMA,251,-36.0,752.0,-2.67,0.0199,1|2|3|4|5|6|7|8|9|10|11|12
9E,DAY,245,-38.0,558.0,-2.25,0.0245,1|2|3|4|5|6|7|8|9|10|11|12
9E,BWI,244,-45.0,345.0,8.09,0.041,1|2|3|4|5|6|7|8|9|10
9E,BTR,242,-33.0,1015.0,13.03,0.0083,1|2|3|5|6|7|8|9|10|11|12
9E,AUS,200,-35.0,1225.0,18.52,0.0,1|2|3|4|5|6|7|11
9E,BGM,193,-50.0,1051.0,9.63,0.0207,1|2|3|4|5|6|7|8|9|10|11|12
9E,IAD,188,-55.0,202.0,-6.66,0.0053,1|2|3|4|9|10|11|12
9E,BDL,187,-30.0,303.0,2.14,0.0267,1|2|3|4|5|6|7|8|9|10|12
9E,FSD,173,-48.0,412.0,7.14,0.0173,1|2|3|4|5|6|7|8|9|10|11|12
9E,FAY,166,-29.0,949.0,8.99,0.0,1|2|3|4|5|6|9|10|11|12
9E,ORH,149,-39.0,909.0,6.56,0.047,1|2|3|4|5|6|7|8|9|10|11|12
9E,MDT,146,-49.0,391.0,-2.08,0.0,1|2|3|4|5|11|12
9E,PNS,134,-42.0,961.0,12.59,0.0,1|2|3|4|5|6|7|8|9|11|12
9E,LIT,133,-31.0,250.0,8.32,0.015,1|2|3|4|6|7|8|9|10|11|12
9E,CMH,131,-40.0,344.0,4.38,0.0,1|3|4|5|6|8|9|10|11|12
9E,JAN,129,-30.0,261.0,0.49,0.0,1|2|9|10|11|12
9E,TUL,120,-43.0,156.0,-0.02,0.0,1|2|3|4|5|6|9|10|11|12
9E,TVC,116,-29.0,1144.0,13.19,0.0,1|4|5|6|7|8|9|10|11
9E,FWA,115,-54.0,351.0,3.09,0.0522,1|2|3
9E,FAR,111,-36.0,267.0,-0.56,0.009,1|2|3|4|5|6|7|8|9|10|11
9E,LEX,108,-35.0,181.0,0.76,0.0,1|2|3|4|5|12
9E,RAP,104,-35.0,951.0,18.5,0.0,6|7|8|11|12
9E,ATW,101,-34.0,328.0,12.18,0.0,1|4|5|6|7|8|9|10
9E,RST,98,-32.0,222.0,8.8,0.0306,1|2|3|4|6|7|8|9|10|12
9E,SDF,96,-28.0,397.0,4.7,0.0417,1|2|4|5|6|7|8|9|10|12
9E,DLH,91,-26.0,151.0,4.82,0.0,4|5|6|7|8|9
9E,CRW,87,-34.0,149.0,-6.54,0.0,1|3|4|9|10|11|12
9E,CID,85,-30.0,70.0,-1.85,0.0,1|4|5|9|10|11
9E,EYW,85,-25.0,246.0,12.93,0.0118,1|2|3|4|5|12
9E,ICT,78,-31.0,79.0,-0.45,0.0,1|2|3|11|12
9E,LAN,77,-28.0,136.0,-1.91,0.026,1|2|3|7|8|9|10
9E,BQK,69,-31.0,508.0,11.45,0.0,3|4|6|7|11|12
9E,GNV,64,-30.0,166.0,4.33,0.0156,1|3|4|6|7|8|11|12
9E,PHL,64,-37.0,144.0,-4.31,0.0,1|2|3|11|12
9E,MQT,58,-45.0,87.0,-15.56,0.0172,1|2|3|5|6
9E,MBS,44,-25.0,103.0,-0.2,0.0,4|5|6|7|8
9E,GFK,42,-40.0,231.0,-0.55,0.0,1|2|12
9E,ORD,38,-26.0,266.0,15.78,0.0263,1|3|4|7|11
9E,GRB,34,-40.0,331.0,-7.68,0.0,1|4|5
9E,GPT,28,-34.0,221.0,1.14,0.0,1|4|11|12
9E,ABY,22,-29.0,321.0,14.18,0.0,1|2|3|11|12
9E,ECP,12,-11.0,262.0,76.33,0.0,1
9E,FLL,11,-10.0,61.0,14.82,0.0,1|12
9E,RSW,8,-28.0,78.0,15.0,0.0,1|12
9E,MIA,8,-7.0,82.0,34.75,0.0,1|12
9E,VPS,7,-3.0,86.0,29.67,0.1429,1|9|10
9E,BIS,6,-7.0,102.0,28.33,0.0,7|8
9E,AZO,5,-16.0,18.0,-4.4,0.0,1
9E,SBN,5,-31.0,-9.0,-16.4,0.0,9|11|12
9E,BOS,4,-38.0,23.0,-12.0,0.0,1
9E,TPA,3,-1.0,30.0,10.0,0.0,12
9E,DFW,2,127.0,133.0,130.0,0.0,12
9E,OKC,2,-11.0,171.0,80.0,0.0,10
AA,DFW,82793,-53.0,1490.0,19.33,0.0197,1|2|3|4|5|6|7|8|9|10|11|12
AA,CLT,62986,-65.0,1637.0,17.05,0.0134,1|2|3|4|5|6|7|8|9|10|11|12
AA,MIA,30048,-54.0,1750.0,17.56,0.0177,1|2|3|4|5|6|7|8|9|10|11|12
AA,PHX,27630,-76.0,1479.0,8.27,0.0058,1|2|3|4|5|6|7|8|9|10|11|12
AA,ORD,25763,-66.0,1799.0,16.82,0.0108,1|2|3|4|5|6|7|8|9|10|11|12
AA,PHL,22804,-66.0,2189.0,11.41,0.0178,1|2|3|4|5|6|7|8|9|10|11|12
AA,LAX,15195,-63.0,2627.0,10.16,0.0066,1|2|3|4|5|6|7|8|9|10|11|12
AA,DCA,13680,-82.0,1964.0,9.37,0.0156,1|2|3|4|5|6|7|8|9|10|11|12
AA,MCO,9056,-48.0,1385.0,15.67,0.0192,1|2|3|4|5|6|7|8|9|10|11|12
AA,BOS,8649,-77.0,2251.0,4.98,0.0145,1|2|3|4|5|6|7|8|9|10|11|12
AA,LGA,8232,-64.0,1887.0,8.2,0.0233,1|2|3|4|5|6|7|8|9|10|11|12
AA,JFK,7208,-89.0,1707.0,0.7,0.0121,1|2|3|4|5|6|7|8|9|10|11|12
AA,LAS,6964,-55.0,3023.0,9.92,0.0098,1|2|3|4|5|6|7|8|9|10|11|12
AA,AUS,6959,-46.0,3803.0,19.04,0.0141,1|2|3|4|5|6|7|8|9|10|11|12
AA,TPA,6245,-47.0,1682.0,15.66,0.0264,1|2|3|4|5|6|7|8|9|10|11|12
AA,RDU,5605,-60.0,2071.0,14.73,0.0152,1|2|3|4|5|6|7|8|9|10|11|12
AA,SFO,5326,-67.0,2972.0,15.54,0.0118,1|2|3|4|5|6|7|8|9|10|11|12
AA,SAN,4588,-50.0,3354.0,14.97,0.0111,1|2|3|4|5|6|7|8|9|10|11|12
AA,DEN,4287,-62.0,1706.0,12.58,0.0156,1|2|3|4|5|6|7|8|9|10|11|12
AA,BNA,4237,-44.0,2181.0,22.11,0.0231,1|2|3|4|5|6|7|8|9|10|11|12
AA,SAT,3930,-44.0,1344.0,13.47,0.0178,1|2|3|4|5|6|7|8|9|10|11|12
AA,ATL,3843,-53.0,2390.0,18.26,0.0151,1|2|3|4|5|6|7|8|9|10|11|12
AA,JAX,3585,-55.0,1644.0,15.31,0.019,1|2|3|4|5|6|7|8|9|10|11|12
AA,IAH,3568,-56.0,1527.0,18.47,0.0255,1|2|3|4|5|6|7|8|9|10|11|12
AA,STL,3504,-47.0,2334.0,15.31,0.0128,1|2|3|4|5|6|7|8|9|10|11|12
AA,IND,3402,-57.0,2554.0,12.12,0.0126,1|2|3|4|5|6|7|8|9|10|11|12
AA,EWR,3328,-66.0,1598.0,12.7,0.0273,1|2|3|4|5|6|7|8|9|10|11|12
AA,MSY,3316,-41.0,1462.0,18.29,0.0151,1|2|3|4|5|6|7|8|9|10|11|12
AA,FLL,3289,-44.0,1606.0,18.0,0.0201,1|2|3|4|5|6|7|8|9|10|11|12
AA,SNA,3231,-63.0,1378.0,8.63,0.0115,1|2|3|4|5|6|7|8|9|10|11|12
AA,PIT,3119,-48.0,2779.0,13.58,0.0122,1|2|3|4|5|6|7|8|9|10|11|12
AA,PBI,2986,-48.0,1401.0,18.32,0.0174,1|2|3|4|5|6|7|8|9|10|11|12
AA,DTW,2941,-63.0,2236.0,10.21,0.0177,1|2|3|4|5|6|7|8|9|10|11|12
AA,MCI,2927,-56.0,1741.0,13.58,0.014,1|2|3|4|5|6|7|8|9|10|11|12
AA,SEA,2822,-51.0,1765.0,9.93,0.0142,1|2|3|4|5|6|7|8|9|10|11|12
AA,RSW,2657,-39.0,1742.0,17.27,0.0241,1|2|3|4|5|6|7|8|9|10|11|12
AA,CHS,2455,-42.0,1991.0,15.75,0.0175,1|2|3|4|5|6|7|8|9|10|11|12
AA,MSP,2438,-59.0,1797.0,10.92,0.0127,1|2|3|4|5|6|7|8|9|10|11|12
AA,CLE,2376,-62.0,1168.0,11.26,0.0231,1|2|3|4|5|6|7|8|9|10|11|12
AA,MEM,2227,-43.0,2223.0,17.89,0.0175,1|2|3|4|5|6|7|8|9|10|11|12
AA,SJU,2006,-47.0,1548.0,21.1,0.0035,1|2|3|4|5|6|7|8|9|10|11|12
AA,BDL,1993,-57.0,1334.0,9.51,0.0201,1|2|3|4|5|6|7|8|9|10|11|12
AA,SLC,1962,-51.0,1216.0,12.0,0.0138,1|2|3|4|5|6|7|8|9|10|11|12
AA,BWI,1889,-61.0,1866.0,11.92,0.0164,1|2|3|4|5|6|7|8|9|10|11|12
AA,RIC,1868,-48.0,1203.0,12.26,0.0177,1|2|3|4|5|6|7|8|9|10|11|12
AA,PDX,1818,-49.0,1274.0,7.77,0.0132,1|2|3|4|5|6|7|8|9|10|11|12
AA,CMH,1794,-59.0,1747.0,16.32,0.0178,1|2|3|4|5|6|7|8|9|10|11|12
AA,CVG,1728,-55.0,1760.0,13.39,0.0197,1|2|3|4|5|6|7|8|9|10|11|12
AA,SMF,1718,-60.0,2117.0,11.35,0.0163,1|2|3|4|5|6|7|8|9|10|11|12
AA,ONT,1680,-46.0,1482.0,8.06,0.0083,1|2|3|4|5|6|7|8|9|10|11|12
AA,OMA,1632,-53.0,1083.0,9.99,0.0135,1|2|3|4|5|6|7|8|9|10|11|12
AA,TUS,1627,-41.0,1123.0,10.57,0.0172,1|2|3|4|5|6|7|8|9|10|11|12
AA,ABQ,1561,-44.0,1864.0,19.09,0.0186,1|2|3|4|5|6|7|8|9|10|11|12
AA,ORF,1442,-46.0,2427.0,15.16,0.0236,1|2|3|4|5|6|7|8|9|10|11|12
AA,ELP,1374,-30.0,1771.0,15.04,0.0146,1|2|3|4|5|6|7|8|9|10|11|12
AA,OKC,1358,-34.0,1368.0,15.88,0.0191,1|2|3|4|5|6|7|8|9|10|11|12
AA,MKE,1357,-42.0,1456.0,19.27,0.0199,1|2|3|4|5|6|7|8|9|10|11|12
AA,SRQ,1321,-41.0,1535.0,17.62,0.0295,1|2|3|4|5|6|7|8|9|10|11|12
AA,SDF,1297,-43.0,2141.0,21.91,0.0216,1|2|3|4|5|6|7|8|9|10|11|12
AA,GRR,1269,-62.0,1602.0,16.51,0.0102,1|2|3|4|5|6|7|8|9|10|11|12
AA,TUL,1244,-37.0,2009.0,20.79,0.0185,1|2|3|4|5|6|7|8|9|10|11|12
AA,RNO,1215,-54.0,1331.0,14.77,0.0123,1|2|3|4|5|6|7|8|9|10|11|12
AA,DSM,1189,-69.0,2478.0,24.37,0.0193,1|2|3|4|5|6|7|8|9|10|11|12
AA,PVD,1142,-37.0,1302.0,9.56,0.0079,1|2|3|4|5|6|7|8|9|10|11|12
AA,HNL,1122,-78.0,1517.0,-7.25,0.0009,1|2|3|4|5|6|7|8|9|10|11|12
AA,BUF,1065,-53.0,1235.0,12.79,0.0216,1|2|3|4|5|6|7|8|9|10|11|12
AA,MSN,1064,-62.0,2709.0,26.72,0.0094,1|2|3|4|5|6|7|8|9|10|11|12
AA,FAT,985,-39.0,1888.0,17.11,0.0112,1|2|3|4|5|6|7|8|9|10|11|12
AA,STT,983,-53.0,2346.0,25.53,0.0092,1|2|3|4|5|6|7|8|9|10|11|12
AA,VPS,965,-43.0,1244.0,23.25,0.0197,1|2|3|4|5|6|7|8|9|10|11|12
AA,SAV,934,-41.0,1884.0,22.27,0.0246,1|2|3|4|5|6|7|8|9|10|11|12
AA,MFE,919,-27.0,760.0,16.55,0.0207,1|2|3|4|5|6|7|8|9|10|11|12
AA,EYW,901,-40.0,2685.0,48.38,0.0344,1|2|3|4|5|6|7|8|9|10|11|12
AA,PNS,885,-30.0,1290.0,35.03,0.0249,1|2|3|4|5|6|7|8|9|10|11|12
AA,PSP,881,-40.0,1308.0,12.16,0.0148,1|2|3|4|5|6|7|8|9|10|11|12
AA,PWM,871,-48.0,2901.0,18.31,0.0241,1|2|3|4|5|6|7|8|9|10|11|12
AA,SYR,812,-51.0,913.0,12.29,0.016,1|2|3|4|5|6|7|8|9|10|11|12
AA,TYS,751,-58.0,2884.0,20.48,0.024,1|2|3|4|5|6|7|8|9|10|11|12
AA,ALB,748,-80.0,1487.0,13.07,0.0094,1|2|3|4|5|6|7|8|9|10|11|12
AA,SJC,738,-45.0,1645.0,7.29,0.0136,1|2|3|4|5|6|7|8|9|10|11|12
AA,GEG,731,-54.0,1596.0,11.29,0.0109,1|2|3|4|5|6|7|8|9|10|11|12
AA,ILM,709,-39.0,1612.0,11.86,0.0197,1|2|3|4|5|6|7|8|9|10|11|12
AA,GSP,687,-48.0,1578.0,23.47,0.0247,1|2|3|4|5|6|7|8|9|10|11|12
AA,EGE,666,-42.0,1521.0,35.76,0.012,1|2|3|4|5|6|7|8|9|10|11|12
AA,GSO,663,-60.0,1241.0,21.25,0.0241,1|2|3|4|5|6|7|8|9|10|11|12
AA,XNA,643,-29.0,2307.0,22.96,0.0078,1|2|3|4|5|6|7|8|9|10|11|12
AA,OGG,636,-68.0,1549.0,0.77,0.0047,1|2|3|4|5|6|7|8|9|10|11|12
AA,BUR,623,-42.0,2200.0,16.29,0.0144,1|2|3|4|5|6|7|8|9|10|11|12
AA,CID,621,-47.0,2070.0,30.7,0.037,1|2|3|4|5|6|7|8|9|10|11|12
AA,MYR,602,-38.0,893.0,12.31,0.015,1|2|3|4|5|6|7|8|9|10|11|12
AA,LEX,524,-40.0,1679.0,23.16,0.0172,1|2|3|4|5|6|7|8|9|10|11|12
AA,MDT,523,-52.0,961.0,12.38,0.0153,1|2|3|4|5|6|7|8|9|10|11|12
AA,COS,523,-43.0,1217.0,17.16,0.0153,1|2|3|4|5|6|7|8|9|10|11|12
AA,JAC,520,-46.0,1774.0,50.94,0.0077,1|2|3|4|5|6|7|8|9|10|11|12
AA,SBA,510,-37.0,880.0,19.88,0.0137,1|2|3|4|5|6|7|8|9|10|11|12
AA,BZN,468,-39.0,1767.0,34.53,0.0043,1|2|3|4|5|6|7|8|9|10|11|12
AA,BFL,465,-35.0,569.0,6.27,0.0172,1|2|3|4|5|6|7|8|9|10|11|12
AA,BOI,457,-40.0,727.0,12.1,0.0219,1|2|3|4|5|6|7|8|9|10|11|12
AA,AVP,423,-38.0,746.0,13.53,0.0189,1|2|3|4|5|6|7|8|9|10|11|12
AA,SBP,409,-41.0,1206.0,22.98,0.0049,1|2|3|4|5|6|7|8|9|10|11|12
AA,ROC,405,-38.0,868.0,19.08,0.0148,1|2|3|4|5|6|7|8|9|10|11|12
AA,KOA,389,-67.0,1535.0,12.9,0.0,1|2|3|4|5|6|7|8|9|10|11|12
AA,LIT,380,-29.0,1188.0,23.57,0.0237,1|2|3|4|5|6|7|8|9|10|11|12
AA,ECP,373,-30.0,2218.0,36.2,0.0241,1|2|3|4|5|6|7|8|9|10|11|12
AA,STX,372,-39.0,1676.0,28.71,0.0054,1|2|3|4|5|6|7|8|9|10|11|12
AA,LIH,372,-72.0,1189.0,-3.72,0.0,1|2|3|4|5|6|7|8|9|10|11|12
AA,EUG,367,-38.0,1713.0,20.97,0.0245,1|2|3|4|5|6|7|8|9|10|11|12
AA,BTV,366,-39.0,411.0,7.48,0.0137,1|2|3|4|5|6|7|8|9|10|11|12
AA,CAE,363,-38.0,1892.0,32.23,0.022,1|2|3|4|5|6|7|8|9|10|11|12
AA,IAD,346,-49.0,2147.0,14.6,0.0087,1|2|3|4|5|6|7|8|9|10|11|12
AA,FSD,333,-46.0,522.0,11.88,0.012,1|2|3|4|5|6|7|8|9|10|11|12
AA,MRY,322,-40.0,1530.0,37.83,0.0248,1|2|3|4|5|6|7|8|9|10|11|12
AA,BGR,291,-37.0,1304.0,24.76,0.0172,6|7|8|9|10|11
AA,ICT,277,-32.0,1230.0,29.35,0.0217,1|2|3|4|5|6|7|8|9|10|11|12
AA,MTJ,245,-29.0,1396.0,14.79,0.0041,1|2|3|4|6|7|8|9|10|11|12
AA,AVL,243,-39.0,1417.0,45.67,0.0576,1|2|4|5|6|7|8|9|10|11|12
AA,ANC,232,-49.0,741.0,10.6,0.0,1|3|4|5|6|7|8|9|10|11|12
AA,BHM,203,-29.0,2354.0,38.73,0.0148,1|2|5|6|9|10|11|12
AA,LBB,194,-37.0,1787.0,31.68,0.0155,1|2|3|4|5|6|7|10|11|12
AA,FCA,183,-41.0,1672.0,34.22,0.0109,6|7|8|9|10|11
AA,DAB,171,-26.0,319.0,5.56,0.0117,1|2|3|4|5|6
AA,MSO,112,-38.0,926.0,16.09,0.0089,1|6|7|8|9|10|11|12
AA,AMA,99,-26.0,267.0,12.11,0.0303,1|2|10|12
AA,STS,96,-30.0,1354.0,47.38,0.0104,5|6|7|8|9|10|11
AA,HDN,78,-33.0,1561.0,63.71,0.0,1|2|3|4|12
AA,RDM,69,-31.0,1380.0,78.46,0.0145,5|6|7|8|9|10
AA,RAP,66,-31.0,1072.0,29.11,0.0303,6|7|8|9|10
AA,GUC,58,-36.0,350.0,24.66,0.0345,1|2|3|4|12
AA,TVC,51,-24.0,1139.0,70.22,0.0,6|7|8|9
AA,MHT,50,-28.0,1331.0,34.86,0.0,4|5|6
AA,AGS,11,-20.0,70.0,10.09,0.0,4
AA,HSV,6,-29.0,28.0,-5.0,0.0,11|12
AA,DRO,3,4.0,40.0,19.33,0.0,6|7
AS,SEA,38924,-70.0,540.0,5.98,0.0154,1|2|3|4|5|6|7|8|9|10|11|12
AS,PDX,8457,-59.0,423.0,3.84,0.0215,1|2|3|4|5|6|7|8|9|10|11|12
AS,ANC,7108,-65.0,499.0,0.9,0.0163,1|2|3|4|5|6|7|8|9|10|11|12
AS,SFO,5722,-65.0,850.0,6.85,0.0269,1|2|3|4|5|6|7|8|9|10|11|12
AS,SAN,5071,-54.0,899.0,7.14,0.0268,1|2|3|4|5|6|7|8|9|10|11|12
AS,LAX,4589,-56.0,558.0,1.34,0.019,1|2|3|4|5|6|7|8|9|10|11|12
AS,LAS,2680,-43.0,603.0,8.85,0.022,1|2|3|4|5|6|7|8|9|10|11|12
AS,PHX,2530,-56.0,513.0,4.39,0.0194,1|2|3|4|5|6|7|8|9|10|11|12
AS,JNU,2280,-46.0,780.0,1.17,0.018,1|2|3|4|5|6|7|8|9|10|11|12
AS,HNL,2240,-59.0,678.0,4.73,0.025,1|2|3|4|5|6|7|8|9|10|11|12
AS,SNA,2082,-43.0,682.0,1.24,0.0106,1|2|3|4|5|6|7|8|9|10|11|12
AS,JFK,1905,-69.0,796.0,1.0,0.0278,1|2|3|4|5|6|7|8|9|10|11|12
AS,ORD,1601,-54.0,917.0,8.0,0.0119,1|2|3|4|5|6|7|8|9|10|11|12
AS,EWR,1592,-69.0,511.0,7.0,0.0339,1|2|3|4|5|6|7|8|9|10|11|12
AS,AUS,1438,-50.0,581.0,8.61,0.0229,1|2|3|4|5|6|7|8|9|10|11|12
AS,SJC,1421,-54.0,414.0,-0.94,0.0246,1|2|3|4|5|6|7|8|9|10|11|12
AS,MCO,1339,-58.0,432.0,13.87,0.0373,1|2|3|4|5|6|7|8|9|10|11|12
AS,BOS,1296,-67.0,735.0,5.08,0.0216,1|2|3|4|5|6|7|8|9|10|11|12
AS,FAI,1294,-53.0,324.0,-1.77,0.0085,1|2|3|4|5|6|7|8|9|10|11|12
AS,DFW,1261,-52.0,540.0,14.78,0.0214,1|2|3|4|5|6|7|8|9|10|11|12
AS,KTN,1204,-54.0,332.0,-1.77,0.015,1|2|3|4|5|6|7|8|9|10|11|12
AS,BUR,1117,-36.0,264.0,3.86,0.0251,1|2|3|4|5|6|7|8|9|10|11|12
AS,GEG,1116,-37.0,292.0,1.27,0.0152,1|2|3|4|5|6|7|8|9|10|11|12
AS,DEN,1115,-39.0,306.0,5.77,0.0117,1|2|3|4|5|6|7|8|9|10|11|12
AS,KOA,1067,-62.0,550.0,1.0,0.0337,1|2|3|4|5|6|7|8|9|10|11|12
AS,OGG,1050,-69.0,383.0,1.61,0.0352,1|2|3|4|5|6|7|8|9|10|11|12
AS,IAD,1044,-67.0,323.0,6.97,0.0211,1|2|3|4|5|6|7|8|9|10|11|12
AS,DCA,893,-60.0,309.0,-1.81,0.0067,1|2|3|4|5|6|7|8|9|10|11|12
AS,PSP,769,-47.0,175.0,-0.31,0.0338,1|2|3|4|5|6|7|8|9|10|11|12
AS,ATL,754,-62.0,316.0,4.94,0.0199,1|2|3|4|5|6|7|8|9|10|11|12
AS,ONT,698,-38.0,480.0,0.39,0.0186,1|2|3|4|5|6|7|8|9|10|11|12
AS,SIT,671,-39.0,498.0,-2.15,0.0179,1|2|3|4|5|6|7|8|9|10|11|12
AS,SLC,635,-45.0,638.0,4.75,0.0126,1|2|3|4|5|6|7|8|9|10|11|12
AS,BNA,632,-57.0,359.0,-2.21,0.0127,1|2|3|4|5|6|7|8|9|10|11|12
AS,SMF,550,-36.0,348.0,2.7,0.0182,1|2|3|4|5|6|7|8|9|10|11|12
AS,MSP,542,-51.0,485.0,3.5,0.0185,1|2|3|4|5|6|7|8|9|10|11|12
AS,LIH,540,-81.0,318.0,3.34,0.0167,1|2|3|4|5|6|7|8|9|10|11|12
AS,TPA,536,-54.0,852.0,18.27,0.0466,1|2|3|4|5|6|7|8|9|10|11|12
AS,PAE,532,-44.0,266.0,-1.92,0.0282,1|2|3|4|5|6|7|8|9|10|11|12
AS,FLL,500,-55.0,344.0,11.37,0.066,1|2|3|4|5|6|7|8|9|10|11|12
AS,IAH,439,-52.0,318.0,5.6,0.0251,1|2|3|4|5|6|7|8|9|10|11|12
AS,ADQ,384,-38.0,402.0,-1.76,0.013,1|2|3|4|5|6|7|8|9|10|11|12
AS,STL,380,-51.0,473.0,-2.26,0.0158,1|2|3|4|5|6|7|8|9|10|11|12
AS,MCI,380,-41.0,247.0,-0.86,0.0132,1|2|3|4|5|6|7|8|9|10|11|12
AS,YAK,378,-44.0,231.0,-5.06,0.0159,1|2|3|4|5|6|7|8|9|10|11|12
AS,BET,368,-27.0,212.0,11.65,0.0163,1|2|3|4|5|6|7|8|9|10|11|12
AS,OAK,368,-42.0,247.0,-1.32,0.0272,1|2|3|4|5|6|7|8|9|10|11|12
AS,WRG,363,-39.0,228.0,-3.34,0.022,1|2|3|4|5|6|7|8|9|10|11|12
AS,MSY,359,-48.0,232.0,1.96,0.0084,1|2|3|4|5|6|7|8|9|10|11|12
AS,CDV,357,-37.0,168.0,-3.0,0.0252,1|2|3|4|5|6|7|8|9|10|11|12
AS,PSG,347,-47.0,252.0,-3.34,0.0144,1|2|3|4|5|6|7|8|9|10|11|12
AS,SAT,343,-41.0,303.0,5.46,0.0087,1|2|3|4|5|6|7|8|9|10|11|12
AS,PHL,324,-55.0,228.0,8.37,0.0123,1|2|3|4|5|6|7|8|9|10|11|12
AS,BOI,324,-41.0,263.0,4.28,0.0062,1|2|3|4|5|6|7|8|9|10|11|12
AS,BZN,320,-41.0,263.0,6.75,0.0094,1|2|3|4|5|6|7|8|9|10|11|12
AS,SCC,299,-43.0,422.0,-5.45,0.0368,1|2|3|4|5|6|7|8|9|10|11|12
AS,BWI,297,-44.0,223.0,9.13,0.0202,1|2|3|4|5|6|7|8|9|10|11|12
AS,RNO,290,-32.0,215.0,5.36,0.0069,1|2|3|4|5|6|7|8|9|10|11|12
AS,RDU,284,-50.0,862.0,12.22,0.0106,1|2|3|4|5|6|7|8|9|10|11|12
AS,CLE,258,-46.0,364.0,2.75,0.0194,1|2|3|4|5|6|7|8|9|10|11|12
AS,DTW,254,-51.0,286.0,3.98,0.0276,1|2|3|4|5|6|7|8|9|10|11|12
AS,TUS,251,-52.0,173.0,7.77,0.004,1|2|3|4|5|6|7|8|9|10|11|12
AS,MIA,249,-73.0,305.0,10.92,0.0683,1|2|3|4|5|6|7|8|9|10|11|12
AS,IND,244,-42.0,520.0,5.78,0.0205,1|2|3|4|5|6|7|8|9|10|11|12
AS,PIT,237,-54.0,176.0,-5.82,0.0338,1|2|3|4|5|6|7|8|9|10|11|12
AS,MKE,237,-40.0,123.0,-3.28,0.0084,1|2|3|4|5|6|7|8|9|10|11|12
AS,CMH,237,-59.0,175.0,-0.11,0.0211,1|2|3|4|5|6|7|8|9|10|11|12
AS,OMA,233,-40.0,202.0,0.98,0.0086,1|2|3|4|5|6|7|8|9|10|11|12
AS,RDM,223,-24.0,204.0,8.88,0.0269,1|2|3|4|5|6|7|8|9|10|11|12
AS,ABQ,200,-45.0,266.0,1.88,0.005,1|2|3|4|5|6|7|8|9|10|11|12
AS,PSC,195,-33.0,385.0,11.54,0.0256,1|2|3|4|5|6|7|8|9|10|11|12
AS,BRW,186,-29.0,273.0,9.36,0.0699,1|2|3|4|5|6|7|8|9|10|11|12
AS,FAT,186,-35.0,267.0,1.64,0.0215,1|2|3|4|5|6|7|8|9|10|11|12
AS,OME,182,-28.0,196.0,2.6,0.0275,1|2|3|4|5|6|7|8|9|10|11|12
AS,DAL,180,-39.0,201.0,-2.54,0.0056,1|2|3|4|5|6|7|8|9|10|11|12
AS,OTZ,177,-30.0,311.0,-2.1,0.0678,1|2|3|4|5|6|7|8|9|10|11|12
AS,OKC,177,-36.0,201.0,3.2,0.0056,1|2|3|4|5|6|7|8|9|10|11|12
AS,CVG,175,-46.0,239.0,3.95,0.0343,1|2|3|4|5|6|7|8|9|10|11|12
AS,CHS,169,-58.0,152.0,-2.06,0.0473,1|2|3|4|5|6|7|8|9|10|11|12
AS,SBA,160,-44.0,129.0,-2.93,0.0125,1|2|3|4|5|6|7|8|9|10|11|12
AS,EUG,158,-28.0,164.0,7.37,0.0316,1|2|3|5|6|7|8|9|10|11|12
AS,STS,154,-39.0,163.0,11.52,0.0065,1|3|4|5|6|7|8|9|10|11|12
AS,MSO,131,-31.0,176.0,6.42,0.0,4|5|6|7|8|9|10|11|12
AS,AKN,98,-35.0,88.0,-3.76,0.0102,4|5|6|7|8|9
AS,RSW,70,-63.0,204.0,2.35,0.0286,1|2|3|4|5|6|7|8|9|11|12
AS,DLG,51,-36.0,164.0,0.06,0.0392,6|7|8|9
AS,ADK,50,-70.0,217.0,-6.54,0.04,1|2|3|4|5|6|7|8|9|10|11|12
AS,GST,40,-34.0,137.0,-4.84,0.075,6|7|8
AS,JAC,40,-39.0,141.0,2.34,0.05,1|2|3|6|7|8
AS,SBP,25,-24.0,253.0,6.36,0.0,10|11|12
B6,BOS,20529,-72.0,981.0,7.61,0.0143,1|2|3|4|5|6|7|8|9|10|11|12
B6,JFK,18117,-88.0,885.0,11.08,0.0178,1|2|3|4|5|6|7|8|9|10|11|12
B6,FLL,9314,-95.0,816.0,11.39,0.0117,1|2|3|4|5|6|7|8|9|10|11|12
B6,MCO,8688,-64.0,837.0,14.68,0.0162,1|2|3|4|5|6|7|8|9|10|11|12
B6,SJU,5109,-62.0,1018.0,14.34,0.0114,1|2|3|4|5|6|7|8|9|10|11|12
B6,LGA,4831,-62.0,931.0,10.95,0.0224,1|2|3|4|5|6|7|8|9|10|11|12
B6,LAX,4591,-63.0,841.0,2.24,0.0039,1|2|3|4|5|6|7|8|9|10|11|12
B6,DCA,4177,-51.0,1247.0,6.6,0.0148,1|2|3|4|5|6|7|8|9|10|11|12
B6,PBI,4146,-52.0,1150.0,10.49,0.0171,1|2|3|4|5|6|7|8|9|10|11|12
B6,EWR,2777,-76.0,751.0,10.62,0.0205,1|2|3|4|5|6|7|8|9|10|11|12
B6,HPN,2646,-56.0,972.0,4.64,0.0174,1|2|3|4|5|6|7|8|9|10|11|12
B6,TPA,2606,-47.0,785.0,14.4,0.0322,1|2|3|4|5|6|7|8|9|10|11|12
B6,SFO,2130,-60.0,1203.0,6.66,0.0047,1|2|3|4|5|6|7|8|9|10|11|12
B6,RSW,1892,-53.0,1156.0,15.13,0.0254,1|2|3|4|5|6|7|8|9|10|11|12
B6,BUF,1733,-57.0,1140.0,5.25,0.0219,1|2|3|4|5|6|7|8|9|10|11|12
B6,BDL,1680,-68.0,634.0,6.63,0.0173,1|2|3|4|5|6|7|8|9|10|11|12
B6,RDU,1640,-40.0,1108.0,11.7,0.0165,1|2|3|4|5|6|7|8|9|10|11|12
B6,ATL,1512,-44.0,1263.0,17.73,0.0146,1|2|3|4|5|6|7|8|9|10|11|12
B6,LAS,1470,-68.0,1380.0,8.79,0.0082,1|2|3|4|5|6|7|8|9|10|11|12
B6,MIA,967,-50.0,960.0,20.25,0.0269,1|2|3|4|5|6|7|8|9|10|11|12
B6,JAX,934,-45.0,630.0,12.61,0.0236,1|2|3|4|5|6|7|8|9|10|11|12
B6,RIC,921,-46.0,1311.0,7.59,0.0109,1|2|3|4|5|6|7|8|9|10|11|12
B6,CHS,905,-42.0,1119.0,11.65,0.0188,1|2|3|4|5|6|7|8|9|10|11|12
B6,SAN,864,-50.0,1232.0,13.19,0.0046,1|2|3|4|5|6|7|8|9|10|11|12
B6,PVD,818,-53.0,525.0,1.61,0.0098,1|2|3|4|5|6|7|8|9|10|11|12
B6,SLC,798,-53.0,1581.0,18.2,0.005,1|2|3|4|5|6|7|8|9|10|11|12
B6,BQN,743,-43.0,804.0,12.25,0.0188,1|2|3|4|5|6|7|8|9|10|11|12
B6,BNA,681,-48.0,1031.0,8.96,0.022,1|2|3|4|5|6|7|8|9|10|11|12
B6,MSY,667,-48.0,1282.0,19.33,0.021,1|2|3|4|5|6|7|8|9|10|11|12
B6,SYR,659,-44.0,1401.0,9.88,0.0167,1|2|3|4|5|6|7|8|9|10|11|12
B6,DEN,644,-47.0,1368.0,26.28,0.0093,1|2|3|4|5|6|7|8|9|10|11|12
B6,ORD,632,-47.0,1833.0,20.92,0.019,1|2|3|4|5|6|7|8|9|10|11|12
B6,PIT,606,-50.0,350.0,6.11,0.0149,1|2|3|4|5|6|7|8|9|10|11|12
B6,PHL,568,-46.0,306.0,2.56,0.0141,1|2|3|4|5|6|7|8|9|10|11|12
B6,DTW,511,-38.0,439.0,6.17,0.0098,1|2|3|4|5|6|7|8|9|10|11|12
B6,ACK,492,-41.0,394.0,6.27,0.0285,5|6|7|8|9|10
B6,PHX,476,-49.0,2108.0,30.82,0.0168,1|2|3|4|5|6|7|8|9|10|11|12
B6,SAV,472,-48.0,395.0,11.16,0.0148,1|2|3|4|5|6|7|8|9|10|11|12
B6,CLE,422,-36.0,1050.0,8.78,0.0166,1|2|3|4|5|6|7|8|9|10|11|12
B6,ALB,397,-46.0,427.0,10.31,0.0101,1|2|3|4|5|6|7|8|9|10|11|12
B6,AUS,390,-44.0,1434.0,26.24,0.0051,1|2|3|4|5|6|7|8|9|10|11|12
B6,ROC,389,-35.0,421.0,12.52,0.0257,1|2|3|4|5|6|7|8|9|10|11|12
B6,SRQ,387,-47.0,1203.0,18.33,0.0465,1|2|3|4|5|6|7|8|9|10|11|12
B6,ORH,366,-49.0,1335.0,16.7,0.0137,1|2|3|4|5|6|7|8|9|10|11|12
B6,SEA,356,-46.0,261.0,13.32,0.0056,1|2|3|4|5|6|7|8|9|10|11|12
B6,IAH,350,-48.0,1062.0,20.97,0.02,1|2|3|4|5|6|7|8|9|10|11|12
B6,PSE,345,-44.0,838.0,3.1,0.0319,1|2|3|4|5|6|7|8|9|10|11|12
B6,STT,329,-51.0,1368.0,15.77,0.0182,1|2|3|4|5|6|7|8|9|10|11|12
B6,SAT,309,-47.0,1319.0,22.18,0.0129,1|2|3|4|5|6|7|8|9|10
B6,MKE,262,-46.0,297.0,3.01,0.0,1|2|3|4|5|6|7|8|9|10
B6,CLT,254,-42.0,993.0,8.47,0.0118,1|2|3|4|5|6|7|8|9|10
B6,MVY,249,-43.0,380.0,17.4,0.0562,5|6|7|8|9|10
B6,SMF,201,-42.0,1350.0,38.05,0.005,1|2|3|4|5|6|7|8|9|10
B6,PWM,178,-44.0,990.0,15.77,0.0449,5|6|7|8|9|10|11|12
B6,DFW,172,-38.0,1080.0,28.55,0.0116,1|2|3|4|5|6|7|8|9|10|11|12
B6,ONT,159,-49.0,156.0,1.76,0.0189,1|2|3|4|5|6|7|8|9|10
B6,MSP,156,-41.0,987.0,41.13,0.0192,1|2|3|4|5|6|7|8|9|10
B6,TLH,140,-44.0,496.0,2.1,0.0143,1|2|3|4|5|6|7|8|9|10
B6,RNO,136,-44.0,1596.0,43.75,0.0147,1|2|3|4|5|6|7|8|12
B6,BUR,131,-34.0,342.0,28.98,0.0153,1|2|3|4|5|6|7|8|9|10
B6,ABQ,125,-35.0,1398.0,49.38,0.032,2|3|4|5|6|7|8|9|10
B6,PDX,108,-47.0,1267.0,64.64,0.0093,3|4|5|6|7|8|9|10
B6,BWI,99,-38.0,316.0,10.39,0.0202,1|2|3|4
B6,EYW,87,-53.0,1452.0,30.73,0.023,1|2|3|4|10|11|12
B6,MCI,83,-38.0,259.0,21.23,0.0,1|2|3|4|5|6
B6,SJC,78,-43.0,1184.0,31.75,0.0385,3|4|5|6|7|8|9
B6,ISP,76,-40.0,323.0,5.12,0.0,10|11|12
B6,BZN,75,-48.0,312.0,23.47,0.0267,1|2|3|6|7|8|9|12
B6,PQI,64,-35.0,564.0,4.66,0.0,9|10|11|12
B6,HYA,51,-20.0,1097.0,80.1,0.0588,5|6|7|8|9
B6,AVL,47,-33.0,383.0,35.57,0.0213,6|7|8|9
B6,PSP,47,-42.0,233.0,14.11,0.0,1|2|3|4
B6,HDN,28,-44.0,1279.0,110.68,0.0,2|3
B6,STX,9,-26.0,20.0,-2.22,0.0,12
B6,BTV,1,-5.0,-5.0,-5.0,0.0,1
DL,ATL,113395,-61.0,902.0,5.38,0.0083,1|2|3|4|5|6|7|8|9|10|11|12
DL,MSP,34754,-77.0,1076.0,2.11,0.0087,1|2|3|4|5|6|7|8|9|10|11|12
DL,DTW,29591,-75.0,1148.0,5.08,0.0084,1|2|3|4|5|6|7|8|9|10|11|12
DL,SLC,26980,-64.0,1135.0,4.08,0.006,1|2|3|4|5|6|7|8|9|10|11|12
DL,LAX,18167,-61.0,1070.0,3.29,0.0067,1|2|3|4|5|6|7|8|9|10|11|12
DL,SEA,15977,-78.0,913.0,1.3,0.0054,1|2|3|4|5|6|7|8|9|10|11|12
DL,JFK,15296,-90.0,1112.0,1.8,0.0089,1|2|3|4|5|6|7|8|9|10|11|12
DL,LGA,13635,-73.0,958.0,3.42,0.0136,1|2|3|4|5|6|7|8|9|10|11|12
DL,BOS,12672,-77.0,1117.0,2.8,0.0095,1|2|3|4|5|6|7|8|9|10|11|12
DL,MCO,10896,-66.0,1157.0,10.58,0.0144,1|2|3|4|5|6|7|8|9|10|11|12
DL,LAS,8102,-57.0,1100.0,0.9,0.0068,1|2|3|4|5|6|7|8|9|10|11|12
DL,SFO,6453,-56.0,1101.0,4.68,0.0065,1|2|3|4|5|6|7|8|9|10|11|12
DL,TPA,6347,-56.0,992.0,8.78,0.0211,1|2|3|4|5|6|7|8|9|10|11|12
DL,DEN,6190,-63.0,993.0,2.33,0.0078,1|2|3|4|5|6|7|8|9|10|11|12
DL,FLL,6080,-73.0,1188.0,10.02,0.01,1|2|3|4|5|6|7|8|9|10|11|12
DL,DFW,6068,-58.0,1218.0,6.09,0.0074,1|2|3|4|5|6|7|8|9|10|11|12
DL,MIA,5777,-69.0,1254.0,13.6,0.0107,1|2|3|4|5|6|7|8|9|10|11|12
DL,RDU,5633,-63.0,1093.0,1.0,0.0092,1|2|3|4|5|6|7|8|9|10|11|12
DL,AUS,5610,-48.0,1144.0,6.39,0.0082,1|2|3|4|5|6|7|8|9|10|11|12
DL,ORD,5498,-57.0,1118.0,8.8,0.0115,1|2|3|4|5|6|7|8|9|10|11|12
DL,PHX,5236,-53.0,1075.0,1.52,0.0074,1|2|3|4|5|6|7|8|9|10|11|12
DL,SAN,4685,-56.0,1210.0,4.61,0.0058,1|2|3|4|5|6|7|8|9|10|11|12
DL,DCA,4547,-64.0,1013.0,3.34,0.0117,1|2|3|4|5|6|7|8|9|10|11|12
DL,BNA,4219,-65.0,1170.0,-1.21,0.0078,1|2|3|4|5|6|7|8|9|10|11|12
DL,IAH,3992,-50.0,1119.0,5.98,0.0103,1|2|3|4|5|6|7|8|9|10|11|12
DL,RSW,3622,-47.0,1171.0,6.34,0.0179,1|2|3|4|5|6|7|8|9|10|11|12
DL,MSY,3620,-64.0,982.0,3.41,0.0099,1|2|3|4|5|6|7|8|9|10|11|12
DL,MCI,3557,-57.0,919.0,-1.48,0.0067,1|2|3|4|5|6|7|8|9|10|11|12
DL,PBI,3553,-51.0,963.0,7.81,0.0121,1|2|3|4|5|6|7|8|9|10|11|12
DL,CVG,3531,-61.0,830.0,0.55,0.0127,1|2|3|4|5|6|7|8|9|10|11|12
DL,PDX,3526,-50.0,666.0,-2.64,0.0094,1|2|3|4|5|6|7|8|9|10|11|12
DL,EWR,3332,-54.0,1155.0,16.25,0.0102,1|2|3|4|5|6|7|8|9|10|11|12
DL,SAT,3170,-51.0,1087.0,4.25,0.0073,1|2|3|4|5|6|7|8|9|10|11|12
DL,CLT,3062,-52.0,935.0,2.55,0.0062,1|2|3|4|5|6|7|8|9|10|11|12
DL,PHL,2972,-55.0,1097.0,1.55,0.0098,1|2|3|4|5|6|7|8|9|10|11|12
DL,JAX,2883,-55.0,1205.0,5.25,0.0111,1|2|3|4|5|6|7|8|9|10|11|12
DL,STL,2749,-49.0,1052.0,-1.34,0.0065,1|2|3|4|5|6|7|8|9|10|11|12
DL,BWI,2633,-56.0,918.0,2.05,0.0072,1|2|3|4|5|6|7|8|9|10|11|12
DL,SNA,2293,-55.0,1073.0,2.4,0.0052,1|2|3|4|5|6|7|8|9|10|11|12
DL,MEM,2220,-43.0,953.0,-0.96,0.0081,1|2|3|4|5|6|7|8|9|10|11|12
DL,IND,2219,-51.0,961.0,0.04,0.0068,1|2|3|4|5|6|7|8|9|10|11|12
DL,MKE,2196,-54.0,1159.0,2.57,0.0077,1|2|3|4|5|6|7|8|9|10|11|12
DL,BDL,1988,-60.0,592.0,0.25,0.0075,1|2|3|4|5|6|7|8|9|10|11|12
DL,CHS,1919,-52.0,1146.0,2.8,0.0089,1|2|3|4|5|6|7|8|9|10|11|12
DL,HNL,1827,-78.0,913.0,-3.18,0.0049,1|2|3|4|5|6|7|8|9|10|11|12
DL,SJU,1775,-46.0,711.0,3.33,0.0039,1|2|3|4|5|6|7|8|9|10|11|12
DL,SAV,1679,-40.0,602.0,1.64,0.0066,1|2|3|4|5|6|7|8|9|10|11|12
DL,CLE,1645,-42.0,1068.0,0.28,0.0103,1|2|3|4|5|6|7|8|9|10|11|12
DL,IAD,1636,-57.0,1087.0,1.88,0.0061,1|2|3|4|5|6|7|8|9|10|11|12
DL,CMH,1628,-50.0,927.0,-2.73,0.0111,1|2|3|4|5|6|7|8|9|10|11|12
DL,PIT,1625,-51.0,493.0,-1.83,0.0074,1|2|3|4|5|6|7|8|9|10|11|12
DL,SMF,1611,-44.0,927.0,-1.19,0.0062,1|2|3|4|5|6|7|8|9|10|11|12
DL,GEG,1497,-49.0,1157.0,3.86,0.0087,1|2|3|4|5|6|7|8|9|10|11|12
DL,BHM,1480,-35.0,575.0,0.59,0.0074,1|2|3|4|5|6|7|8|9|10|11|12
DL,SRQ,1480,-44.0,1057.0,7.46,0.0365,1|2|3|4|5|6|7|8|9|10|11|12
DL,GRR,1457,-55.0,983.0,-4.33,0.0062,1|2|3|4|5|6|7|8|9|10|11|12
DL,BOI,1362,-45.0,637.0,3.0,0.0081,1|2|3|4|5|6|7|8|9|10|11|12
DL,GSP,1360,-40.0,904.0,-4.3,0.0074,1|2|3|4|5|6|7|8|9|10|11|12
DL,RIC,1343,-37.0,571.0,0.96,0.0074,1|2|3|4|5|6|7|8|9|10|11|12
DL,SDF,1275,-43.0,1007.0,-2.47,0.0094,1|2|3|4|5|6|7|8|9|10|11|12
DL,PNS,1244,-39.0,888.0,-1.6,0.0048,1|2|3|4|5|6|7|8|9|10|11|12
DL,VPS,1231,-44.0,717.0,2.19,0.0065,1|2|3|4|5|6|7|8|9|10|11|12
DL,ANC,1230,-64.0,1038.0,1.11,0.0106,1|2|3|4|5|6|7|8|9|10|11|12
DL,ORF,1183,-41.0,969.0,6.45,0.0127,1|2|3|4|5|6|7|8|9|10|11|12
DL,ECP,1170,-38.0,547.0,0.56,0.0068,1|2|3|4|5|6|7|8|9|10|11|12
DL,GSO,1168,-43.0,1069.0,-2.78,0.0068,1|2|3|4|5|6|7|8|9|10|11|12
DL,AVL,1097,-50.0,959.0,5.46,0.021,1|2|3|4|5|6|7|8|9|10|11|12
DL,SJC,1092,-57.0,1054.0,-3.04,0.0101,1|2|3|4|5|6|7|8|9|10|11|12
DL,DAL,1059,-37.0,998.0,8.42,0.0085,1|2|3|4|5|6|7|8|9|10|11|12
DL,BUF,1056,-44.0,872.0,3.67,0.017,1|2|3|4|5|6|7|8|9|10|11|12
DL,MYR,1027,-37.0,1056.0,-3.99,0.0107,1|2|3|4|5|6|7|8|9|10|11|12
DL,OMA,985,-43.0,1206.0,-2.49,0.0091,1|2|3|4|5|6|7|8|9|10|11|12
DL,JAN,973,-35.0,691.0,-2.34,0.0041,1|2|3|4|5|6|7|8|9|10|11|12
DL,LIT,972,-45.0,376.0,-4.24,0.0072,1|2|3|4|5|6|7|8|9|10|11|12
DL,MSN,970,-43.0,545.0,-4.64,0.0103,1|2|3|4|5|6|7|8|9|10|11|12
DL,HSV,918,-42.0,654.0,-3.0,0.0087,1|2|3|4|5|6|7|8|9|10|11|12
DL,ONT,914,-46.0,322.0,-9.02,0.0098,1|2|3|4|5|6|7|8|9|10|11|12
DL,BZN,895,-38.0,828.0,1.23,0.0045,1|2|3|4|5|6|7|8|9|10|11|12
DL,LEX,866,-45.0,1177.0,-6.94,0.0127,1|2|3|4|5|6|7|8|9|10|11|12
DL,OKC,850,-42.0,1032.0,-4.45,0.0094,1|2|3|4|5|6|7|8|9|10|11|12
DL,HOU,822,-34.0,1084.0,10.69,0.0134,1|2|3|4|5|6|7|8|9|10|11|12
DL,ABQ,793,-43.0,714.0,-4.16,0.0088,1|2|3|4|5|6|7|8|9|10|11|12
DL,MDW,790,-41.0,1050.0,2.97,0.0089,1|2|3|4|5|6|7|8|9|10|11|12
DL,CAE,781,-39.0,844.0,-4.99,0.0077,1|2|3|4|5|6|7|8|9|10|11|12
DL,GNV,768,-39.0,1023.0,-1.06,0.0117,1|2|3|4|5|6|7|8|9|10|11|12
DL,DAB,767,-33.0,1071.0,2.67,0.0143,1|2|3|4|5|6|7|8|9|10|11|12
DL,TYS,750,-44.0,488.0,-7.05,0.0107,1|2|3|4|5|6|7|8|9|10|11|12
DL,TUL,719,-38.0,566.0,-3.67,0.0097,1|2|3|4|5|6|7|8|9|10|11|12
DL,ALB,705,-58.0,1128.0,2.66,0.0113,1|2|3|4|5|6|7|8|9|10|11|12
DL,MLB,693,-38.0,402.0,-3.17,0.0144,1|2|3|4|5|6|7|8|9|10|11|12
DL,TLH,686,-36.0,1200.0,-4.15,0.0131,1|2|3|4|5|6|7|8|9|10|11|12
DL,PVD,675,-46.0,915.0,0.97,0.0133,1|2|3|4|5|6|7|8|9|10|11|12
DL,EYW,668,-40.0,1112.0,9.86,0.021,1|2|3|4|5|6|7|8|9|10|11|12
DL,JAC,640,-52.0,962.0,8.91,0.0063,1|2|3|4|5|6|7|8|9|10|11|12
DL,SYR,631,-56.0,647.0,-5.97,0.0095,1|2|3|4|5|6|7|8|9|10|11|12
DL,CHA,612,-36.0,1049.0,1.44,0.0065,1|2|3|4|5|6|7|8|9|10|11|12
DL,GPT,594,-42.0,989.0,4.66,0.0152,1|2|3|4|5|6|7|8|9|10|11|12
DL,DSM,592,-43.0,987.0,2.81,0.0118,1|2|3|4|5|6|7|8|9|10|11|12
DL,DAY,586,-44.0,1025.0,-9.38,0.0137,1|2|3|4|5|6|7|8|9|10|11|12
DL,TUS,583,-55.0,929.0,-3.76,0.0103,1|2|3|4|5|6|7|8|9|10|11|12
DL,ROC,539,-46.0,766.0,1.55,0.0074,1|2|3|4|5|6|7|8|9|10|11|12
DL,RNO,517,-43.0,672.0,-0.65,0.0116,1|2|3|4|5|6|7|8|9|10|11|12
DL,OGG,511,-74.0,1155.0,-1.32,0.0137,1|2|3|4|5|6|7|8|9|10|11|12
DL,HPN,489,-46.0,1023.0,-1.18,0.0123,1|2|3|4|5|6|7|8|9|10|11|12
DL,BTR,452,-44.0,432.0,-2.32,0.0199,1|3|4|5|6|7|8|9|10|11|12
DL,ICT,451,-42.0,1088.0,0.55,0.0067,1|2|3|4|5|6|7|8|9|10|11|12
DL,STT,413,-60.0,1181.0,7.88,0.0048,1|2|3|4|5|6|7|8|9|10|11|12
DL,MDT,411,-39.0,414.0,-3.06,0.0122,1|3|4|5|6|7|8|9|10|11|12
DL,FCA,393,-47.0,467.0,-0.33,0.0051,1|2|3|4|5|6|7|8|9|10|11|12
DL,BIL,383,-37.0,861.0,3.38,0.0052,1|2|3|4|5|6|7|8|9|10|11|12
DL,KOA,373,-68.0,930.0,-3.21,0.0241,1|2|3|4|5|6|7|8|9|10|11|12
DL,MSO,370,-36.0,521.0,7.34,0.0162,1|2|3|4|5|6|7|8|9|10|11|12
DL,ELP,363,-35.0,1139.0,2.83,0.0,1|2|3|4|5|6|7|8|9|10|11|12
DL,PWM,357,-59.0,696.0,1.9,0.0168,1|2|3|4|5|6|7|8|9|10|11|12
DL,LIH,352,-65.0,650.0,-12.88,0.0085,1|2|3|4|5|6|7|8|9|10|11|12
DL,FAR,351,-41.0,328.0,-2.77,0.0057,1|2|3|4|5|6|7|8|9|10|11|12
DL,ILM,350,-33.0,624.0,6.31,0.0086,1|2|3|4|5|6|7|8|9|10|11|12
DL,BIS,325,-50.0,373.0,-2.62,0.0031,1|2|3|4|5|6|7|8|9|10|11|12
DL,FAI,321,-58.0,1082.0,11.48,0.0125,1|2|3|4|5|6|7|8|9|10|11|12
DL,FSD,319,-31.0,762.0,18.79,0.0125,1|2|3|4|5|6|7|8|9|10|11|12
DL,SBA,310,-40.0,519.0,4.67,0.0032,6|7|8|9|10|11|12
DL,PSP,308,-64.0,284.0,-2.41,0.0,1|2|3|4|5|9|10|11|12
DL,MOB,304,-37.0,515.0,-1.4,0.0132,1|2|3|4|5|6|7|8|9|10|11|12
DL,XNA,289,-41.0,270.0,-7.64,0.0035,1|2|3|4|5|6|7|8|9|10|11
DL,OAK,286,-42.0,970.0,-0.07,0.0105,1|2|3|4|5|6|7|8|9|10|11|12
DL,COS,276,-35.0,1155.0,13.33,0.0,1|2|3|4|5|6|7|8|9|10|11|12
DL,BTV,236,-56.0,569.0,2.88,0.0169,1|2|3|4|5|6|7|8|9|10|11|12
DL,BUR,223,-37.0,1124.0,16.69,0.0045,5|6|7|8|9|10|11|12
DL,ROA,219,-36.0,151.0,-5.61,0.0091,1|2|3|4|5|6|7|8|9|10|11|12
DL,LGB,217,-35.0,428.0,3.49,0.0046,1|2|3|4|5|6|7|8|9|10|11|12
DL,TVC,215,-43.0,397.0,0.25,0.014,1|2|3|4|5|6|7|8|9|10|11|12
DL,SGF,198,-35.0,520.0,5.24,0.0051,3|4|5|6|7|8|9|10|11|12
DL,CID,197,-44.0,882.0,7.01,0.0152,1|2|3|4|5|6|7|8|9|10|11|12
DL,PSC,196,-35.0,796.0,0.01,0.0051,1|5|6|7|8|9|10|11|12
DL,GRB,188,-45.0,503.0,6.06,0.0,1|2|3|4|5|6|7|8|9|10|11|12
DL,FAY,169,-40.0,582.0,-2.6,0.0178,1|2|3|4|5|6|7|8|9|11|12
DL,OAJ,166,-34.0,321.0,-0.4,0.006,1|2|3|4|5|6|7|8|9
DL,ATW,154,-43.0,420.0,-2.51,0.0,1|3|4|5|6|7|8|9|10|11|12
DL,CHO,133,-35.0,461.0,-0.83,0.0,1|3|4|5|6|7|8|9|10|11
DL,HRL,115,-47.0,175.0,-6.47,0.0,1|2|3|4|5|10|11|12
DL,FAT,100,-30.0,310.0,9.67,0.03,6|7|8|9|10|11|12
DL,EGE,88,-38.0,226.0,2.79,0.0114,1|2|3|4|12
DL,JNU,76,-39.0,215.0,-8.74,0.0,6|7|8|9|10|11
DL,AGS,74,-24.0,935.0,19.91,0.0,4|11|12
DL,TRI,74,-30.0,941.0,9.68,0.0,1|5|6|10|11|12
DL,STX,62,-33.0,147.0,8.89,0.0,1|2|3|4|5|6|7|8|11|12
DL,HDN,60,-46.0,147.0,12.17,0.0,1|2|3|4|12
DL,MTJ,55,-30.0,242.0,4.76,0.0,1|2|3|4|12
DL,DLH,47,-23.0,142.0,1.11,0.0213,6|7|8|9
DL,RAP,43,-28.0,50.0,1.95,0.0233,6|7|8|9
DL,IDA,41,-23.0,39.0,0.8,0.0,10|11|12
DL,EVV,11,-38.0,13.0,-17.1,0.0909,5|6
F9,DEN,12473,-57.0,1176.0,10.24,0.0153,1|2|3|4|5|6|7|8|9|10|11|12
F9,MCO,8959,-55.0,1130.0,9.73,0.0212,1|2|3|4|5|6|7|8|9|10|11|12
F9,LAS,6556,-55.0,1273.0,10.73,0.0149,1|2|3|4|5|6|7|8|9|10|11|12
F9,ATL,5882,-52.0,1161.0,19.81,0.0247,1|2|3|4|5|6|7|8|9|10|11|12
F9,PHL,5860,-68.0,1009.0,14.47,0.0244,1|2|3|4|5|6|7|8|9|10|11|12
F9,DFW,5074,-54.0,1092.0,19.39,0.0276,1|2|3|4|5|6|7|8|9|10|11|12
F9,PHX,4775,-51.0,1016.0,9.04,0.0111,1|2|3|4|5|6|7|8|9|10|11|12
F9,TPA,3309,-49.0,1156.0,11.8,0.0293,1|2|3|4|5|6|7|8|9|10|11|12
F9,CLE,3300,-69.0,934.0,14.54,0.0309,1|2|3|4|5|6|7|8|9|10|11|12
F9,SJU,2955,-48.0,1206.0,19.99,0.0227,1|2|3|4|5|6|7|8|9|10|11|12
F9,RDU,2366,-47.0,1087.0,14.23,0.0245,1|2|3|4|5|6|7|8|9|10|11|12
F9,CVG,2327,-73.0,1280.0,12.5,0.0211,1|2|3|4|5|6|7|8|9|10|11|12
F9,SFO,2272,-47.0,1195.0,29.77,0.0202,1|2|3|4|5|6|7|8|9|10|11|12
F9,MDW,1932,-57.0,964.0,13.17,0.0259,1|2|3|4|5|6|7|8|9|10|11|12
F9,MIA,1917,-50.0,1053.0,15.59,0.023,1|2|3|4|5|6|7|8|9|10|11|12
F9,ONT,1705,-46.0,1074.0,13.97,0.0229,1|2|3|4|5|6|7|8|9|10|11|12
F9,IAH,1704,-47.0,1113.0,26.16,0.0293,1|2|3|4|5|6|7|8|9|10|11|12
F9,CLT,1683,-59.0,1279.0,32.06,0.0333,1|2|3|4|5|6|7|8|9|10|11|12
F9,SAN,1682,-51.0,1123.0,21.85,0.0196,1|2|3|4|5|6|7|8|9|10|11|12
F9,SLC,1563,-50.0,1267.0,15.96,0.0198,1|2|3|4|5|6|7|8|9|10|11|12
F9,BWI,1447,-55.0,1213.0,25.73,0.0318,1|2|3|4|5|6|7|8|9|10|11|12
F9,ORD,1333,-51.0,1069.0,28.32,0.0285,1|2|3|4|5|6|7|8|9|10|11|12
F9,LGA,1264,-53.0,1180.0,23.26,0.0348,1|2|3|4|5|6|7|8|9|10|11|12
F9,RSW,1209,-52.0,897.0,13.14,0.038,1|2|3|4|5|6|7|8|9|10|11|12
F9,DTW,1181,-61.0,1051.0,16.18,0.0279,1|2|3|4|5|6|7|8|9|10|11|12
F9,LAX,1162,-33.0,1072.0,27.55,0.0189,4|5|6|7|8|9|10|11|12
F9,ISP,894,-61.0,851.0,9.45,0.0347,1|2|3|4|5|6|7|8|9|10|11|12
F9,TTN,864,-55.0,575.0,8.19,0.0324,1|2|3|4|5|6|7|8|9|10|11|12
F9,PDX,863,-38.0,838.0,14.39,0.0232,1|2|3|4|5|6|7|8|9|10|11|12
F9,MSP,841,-57.0,975.0,15.33,0.0155,1|2|3|4|5|6|7|8|9|10|11|12
F9,FLL,834,-42.0,943.0,23.13,0.0456,1|2|3|4|5|6|7|8|9|10|11|12
F9,SEA,753,-46.0,1039.0,14.21,0.0292,1|2|3|4|5|6|7|8|9|10|11|12
F9,BOS,712,-53.0,1345.0,13.99,0.0169,1|2|3|4|5|6|7|8|9|10|11|12
F9,STL,588,-54.0,1115.0,17.07,0.0187,1|2|3|4|5|6|7|8|9|10|11|12
F9,BUF,568,-57.0,1139.0,15.25,0.0352,1|2|3|4|5|6|7|8|9|10|11|12
F9,SNA,566,-38.0,1285.0,9.03,0.023,1|2|3|4|5|6|7|8|9|10|11|12
F9,DCA,556,-57.0,977.0,3.2,0.0126,1|2|3|4|5|6|7|8|9|10|11|12
F9,BDL,543,-69.0,1404.0,26.38,0.0203,1|2|3|4|5|6|7|8|9|10|11|12
F9,JAX,476,-42.0,1340.0,14.68,0.0252,1|2|3|4|5|6|7|8|9|10|11|12
F9,PBI,431,-44.0,1026.0,25.3,0.0302,1|2|3|4|5|6|7|8|9|10|11|12
F9,SMF,415,-37.0,290.0,4.13,0.0193,1|2|3|4|5|6|7|8|9|10|11|12
F9,MSY,411,-44.0,1158.0,16.54,0.0535,1|2|3|4|5|6|7|8|9|10|11|12
F9,IND,405,-48.0,1381.0,15.71,0.0198,1|2|3|4|5|6|7|8|9|10|11|12
F9,BNA,404,-54.0,886.0,14.76,0.0149,1|2|3|4|5|6|7|8|9|10|11|12
F9,JFK,395,-57.0,1281.0,11.12,0.0051,6|7|8|9|10|11|12
F9,AUS,370,-44.0,1243.0,29.98,0.0162,1|2|3|4|5|6|7|8|9|10|11|12
F9,GRR,367,-65.0,1316.0,15.27,0.0409,1|2|3|4|5|6|7|8|9|10|11|12
F9,SAT,348,-47.0,872.0,12.96,0.0201,1|2|3|4|5|6|7|8|9|10|11|12
F9,ELP,326,-38.0,962.0,15.42,0.0245,1|2|3|4|5|6|7|8|9|10|11|12
F9,SJC,295,-36.0,452.0,7.9,0.0,7|8|9|10|11|12
F9,SRQ,294,-48.0,1257.0,33.59,0.0544,1|2|3|4|5|6|7|8|9|10|11|12
F9,PIT,281,-48.0,450.0,22.8,0.0391,1|2|3|4|5|6|7|8|9|10|11|12
F9,MKE,269,-54.0,947.0,3.28,0.0112,1|2|3|4|5|6|7|8|9|10|11|12
F9,BQN,253,-54.0,1149.0,10.43,0.0119,1|2|3|4|5|6|7|8|9|10|11|12
F9,SYR,244,-59.0,298.0,5.94,0.0287,1|2|3|4|5|6|7|8|9|10|11|12
F9,OKC,223,-43.0,1095.0,4.58,0.0179,1|2|3|4|5|6|7|8|9|10|11|12
F9,OMA,221,-42.0,1229.0,21.98,0.0271,1|2|3|4|5|6|7|8|9|10|11|12
F9,PNS,219,-48.0,196.0,8.41,0.0183,1|2|3|4|5|6|7|8|9|10|11|12
F9,PWM,210,-64.0,409.0,3.77,0.0524,1|2|3|4|5|6|7|8|9|10|11|12
F9,MYR,202,-39.0,1102.0,19.18,0.0693,3|4|5|6|7|8|9|10|11
F9,MCI,198,-44.0,307.0,10.89,0.0051,1|2|3|4|5|6|7|8|9|10|11|12
F9,EWR,197,-52.0,1242.0,28.68,0.0254,6|7|8|9|10|11|12
F9,FAR,184,-56.0,513.0,8.27,0.0163,1|2|3|4|5|6|7|8|9|10|11|12
F9,HOU,179,-56.0,912.0,22.07,0.0447,1|2|3|4|5|6|7|8|9|10|11|12
F9,PSE,155,-47.0,278.0,7.55,0.0194,1|2|3|4|5|6|7|8|9|10|11|12
F9,CID,153,-41.0,524.0,6.6,0.0196,1|2|3|4|5|6|7|8|9|10|11|12
F9,DSM,145,-49.0,932.0,16.26,0.0345,1|2|3|4|5|6|7|8|9|10|11|12
F9,MSN,139,-47.0,250.0,5.96,0.0144,1|2|3|4|5|6|7|8|9|10|11|12
F9,TYS,138,-50.0,227.0,12.43,0.0072,1|2|3|4|5|6|7|8|9|10|11|12
F9,ORF,134,-50.0,779.0,31.68,0.0299,1|2|3|4|5|6|7|8|9|10|11|12
F9,CMH,126,-43.0,518.0,11.16,0.0317,1|2|3|4|5|6|7|8|9|10|11|12
F9,FSD,124,-42.0,537.0,11.39,0.0081,1|2|3|4|5|6|7|8|9|10|11|12
F9,XNA,110,-41.0,153.0,4.68,0.0091,1|3|4|5|6|7|8|9|10|11|12
F9,MEM,94,-28.0,495.0,18.41,0.0106,1|2|3|4|5|6|7|8|9|10|11|12
F9,CHS,85,-32.0,250.0,16.77,0.0471,3|4|5|6|7|8|9|10|11
F9,SAV,75,-30.0,131.0,6.29,0.04,3|4|5|6|7|8|9|10|11
F9,LIT,63,-35.0,127.0,0.48,0.0159,1|2|3|4|5|6|7|8|9|10|11|12
F9,MSO,56,-40.0,159.0,16.28,0.0357,5|6|7|8|9|10|11
F9,GRB,54,-44.0,898.0,24.85,0.0,1|2|3|4|5|6|7|8
F9,IAD,46,-32.0,154.0,12.39,0.0,11|12
F9,MDT,44,-54.0,195.0,6.93,0.0455,1|2|3|4|5|12
F9,STT,39,-17.0,225.0,26.46,0.0,1|2|3|4|5|6
F9,BUR,34,-25.0,155.0,13.59,0.0,11|12
F9,BMI,25,-33.0,131.0,14.38,0.04,4|5|6|7|8
F9,PSP,10,-13.0,81.0,14.3,0.0,12
F9,STX,10,-9.0,53.0,11.2,0.0,6
F9,BTV,7,-45.0,5.0,-16.57,0.0,12
F9,EGE,4,-1.0,156.0,49.5,0.0,12
G4,SFB,4731,-64.0,1110.0,9.01,0.0165,1|2|3|4|5|6|7|8|9|10|11|12
G4,PIE,4066,-60.0,1202.0,6.0,0.029,1|2|3|4|5|6|7|8|9|10|11|12
G4,LAS,3780,-53.0,1120.0,3.47,0.0061,1|2|3|4|5|6|7|8|9|10|11|12
G4,PGD,3145,-64.0,1281.0,8.12,0.0175,1|2|3|4|5|6|7|8|9|10|11|12
G4,AZA,2948,-53.0,1069.0,-0.9,0.0058,1|2|3|4|5|6|7|8|9|10|11|12
G4,AVL,1654,-47.0,1101.0,13.17,0.0284,1|2|3|4|5|6|7|8|9|10|11|12
G4,FLL,1629,-42.0,1147.0,15.6,0.0209,1|2|3|4|5|6|7|8|9|10|11|12
G4,CVG,1602,-46.0,1082.0,9.68,0.0125,1|2|3|4|5|6|7|8|9|10|11|12
G4,BNA,1507,-57.0,1178.0,7.71,0.0146,1|2|3|4|5|6|7|8|9|10|11|12
G4,TYS,1415,-60.0,1221.0,4.94,0.0219,1|2|3|4|5|6|7|8|9|10|11|12
G4,SRQ,1316,-47.0,1194.0,2.93,0.0471,1|2|3|4|5|6|7|8|9|10|11|12
G4,VPS,1135,-48.0,1046.0,3.65,0.0141,1|2|3|4|5|6|7|8|9|10|11|12
G4,GRR,1047,-64.0,700.0,2.99,0.0115,1|2|3|4|5|6|7|8|9|10|11|12
G4,PVU,943,-55.0,1026.0,7.62,0.0032,1|2|3|4|5|6|7|8|9|10|11|12
G4,ABE,878,-59.0,904.0,-1.76,0.0171,1|2|3|4|5|6|7|8|9|10|11|12
G4,DSM,852,-47.0,991.0,13.97,0.0235,1|2|3|4|5|6|7|8|9|10|11|12
G4,IND,744,-49.0,1098.0,14.54,0.0215,1|2|3|4|5|6|7|8|9|10|11|12
G4,PIT,717,-50.0,524.0,8.47,0.0209,1|2|3|4|5|6|7|8|9|10|11|12
G4,FNT,700,-60.0,425.0,0.2,0.0071,1|2|3|4|5|6|7|8|9|10|11|12
G4,ATW,655,-63.0,963.0,3.33,0.0183,1|2|3|4|5|6|7|8|9|10|11|12
G4,AUS,586,-38.0,1281.0,19.31,0.0171,1|2|3|4|5|6|7|8|9|10|11|12
G4,MYR,566,-45.0,1045.0,12.09,0.0283,1|2|3|4|5|6|7|8|9|10|11|12
G4,BLV,565,-52.0,598.0,11.03,0.0248,1|2|3|4|5|6|7|8|9|10|11|12
G4,PIA,539,-75.0,843.0,7.03,0.0148,1|2|3|4|5|6|7|8|9|10|11|12
G4,SNA,536,-42.0,1354.0,22.04,0.0149,1|2|3|4|5|6|7|8|9|10|11|12
G4,LAX,517,-41.0,1232.0,8.5,0.0077,1|2|3|4|5|6|7|8|9|10|11|12
G4,CID,487,-46.0,1215.0,5.73,0.0267,1|2|3|4|5|6|7|8|9|10|11|12
G4,BLI,481,-39.0,791.0,-4.59,0.0062,1|2|3|4|5|6|7|8|9|10|11|12
G4,FSD,479,-54.0,1053.0,12.62,0.0084,1|2|3|4|5|6|7|8|9|10|11|12
G4,LCK,466,-48.0,954.0,9.98,0.03,1|2|3|4|5|6|7|8|9|10|11|12
G4,MDT,451,-60.0,1258.0,13.93,0.0222,1|2|3|4|5|6|7|8|9|10|11|12
G4,SGF,436,-48.0,1007.0,11.43,0.0161,1|2|3|4|5|6|7|8|9|10|11|12
G4,LEX,434,-56.0,965.0,17.46,0.0253,1|2|3|4|5|6|7|8|9|10|11|12
G4,FWA,424,-50.0,1118.0,12.5,0.0283,1|2|3|4|5|6|7|8|9|10|11|12
G4,SBN,419,-58.0,1232.0,9.12,0.0191,1|2|3|4|5|6|7|8|9|10|11|12
G4,SAV,414,-31.0,1105.0,11.32,0.0121,1|2|3|4|5|6|7|8|9|10|11|12
G4,XNA,410,-39.0,1178.0,13.67,0.0073,1|2|3|4|5|6|7|8|9|10|11|12
G4,RFD,410,-59.0,1219.0,15.38,0.022,1|2|3|4|5|6|7|8|9|10|11|12
G4,CAK,396,-65.0,1032.0,10.37,0.0227,1|2|3|4|5|6|7|8|9|10|11|12
G4,JAX,377,-38.0,550.0,9.15,0.0159,1|2|3|4|5|6|7|8|9|10|11|12
G4,FAR,345,-53.0,1123.0,1.43,0.0087,1|2|3|4|5|6|7|8|9|10|11|12
G4,SYR,341,-58.0,1082.0,12.16,0.0205,1|2|3|4|5|6|7|8|9|10|11|12
G4,SDF,339,-41.0,1038.0,17.58,0.0177,1|2|3|4|5|6|7|8|9|10|11|12
G4,EWR,333,-74.0,1197.0,2.76,0.0,1|2|3|4|5|6|7|8|9|10|11|12
G4,USA,328,-41.0,1059.0,25.91,0.0274,1|2|3|4|5|6|7|8|9|10|11|12
G4,EYW,315,-42.0,1283.0,27.58,0.0635,1|2|3|4|5|6|7|8|9|10|11|12
G4,FAT,311,-38.0,1118.0,11.51,0.0032,1|2|3|4|5|6|7|8|9|10|11|12
G4,OMA,303,-48.0,300.0,6.31,0.0231,1|2|3|4|5|6|7|8|9|10|11|12
G4,ALB,301,-48.0,995.0,10.41,0.0166,1|2|3|4|5|6|7|8|9|10|11|12
G4,BIS,268,-71.0,198.0,-7.56,0.0037,1|2|3|4|5|6|7|8|9|10|11|12
G4,BGR,266,-91.0,1206.0,2.79,0.0338,1|2|3|4|5|6|7|8|9|10|11|12
G4,BOS,262,-59.0,523.0,-3.66,0.0229,1|2|3|4|5|6|7|8|9|10|11|12
G4,SCK,260,-32.0,1143.0,28.31,0.0038,1|2|3|4|5|6|7|8|9|10|11|12
G4,MEM,254,-48.0,943.0,20.34,0.0079,1|2|3|4|5|6|7|8|9|10|11|12
G4,MFE,248,-54.0,291.0,4.72,0.0081,1|2|3|4|5|6|7|8|9|10|11|12
G4,MLI,244,-53.0,1037.0,9.44,0.0082,1|2|3|4|5|6|7|8|9|10|11|12
G4,IDA,241,-48.0,1057.0,25.17,0.0041,1|2|3|4|5|6|7|8|9|10|11|12
G4,PBG,241,-59.0,1161.0,25.0,0.0456,1|2|3|4|5|6|7|8|9|10|11|12
G4,DEN,234,-56.0,513.0,12.92,0.0214,1|2|3|4|5|6|7|8|9|10|11|12
G4,MDW,225,-49.0,1395.0,26.63,0.0267,1|2|3|4|5|6|7|8|9|10|11|12
G4,RAP,224,-62.0,1101.0,10.0,0.0089,1|2|3|4|5|6|7|8|9|10|11|12
G4,PHX,220,-40.0,1134.0,18.17,0.0045,1|2|3|4|5|6|7|8|9|10|11|12
G4,TUL,215,-49.0,264.0,0.98,0.0093,1|2|3|4|5|6|7|8|9|10|11|12
G4,HTS,214,-29.0,1026.0,50.42,0.028,1|2|3|4|5|6|7|8|9|10|11|12
G4,SWF,211,-47.0,1053.0,9.87,0.0142,1|2|3|4|5|6|7|8|9|10|11|12
G4,PBI,192,-45.0,312.0,14.02,0.0208,1|2|3|4|5|6|7|8|9|10|11|12
G4,PSM,191,-81.0,213.0,-4.3,0.0262,1|2|3|4|5|6|7|8|9|10|11|12
G4,IAG,188,-46.0,1199.0,20.1,0.0266,1|2|3|4|5|6|7|8|9|10|11|12
G4,BZN,186,-46.0,1301.0,11.22,0.0323,1|2|3|4|5|6|7|8|9|10|11|12
G4,IAD,180,-53.0,1357.0,34.8,0.0111,1|2|3|4|5|6|7|8|9|10|11|12
G4,BIL,177,-45.0,411.0,13.93,0.0169,1|2|3|4|5|6|7|8|9|10|11|12
G4,GSP,175,-36.0,501.0,21.38,0.0171,1|2|3|4|5|6|7|8|9|10|11|12
G4,TVC,174,-56.0,1046.0,8.34,0.0057,1|2|3|4|5|6|7|8|9|10|11|12
G4,EUG,172,-34.0,967.0,18.42,0.0523,1|2|3|4|5|6|7|8|9|10|11|12
G4,ICT,170,-41.0,252.0,1.39,0.0118,1|2|3|4|5|6|7|8|9|10|11|12
G4,TOL,170,-55.0,819.0,14.3,0.0176,1|2|3|4|5|6|7|8|9|10|11|12
G4,PDX,168,-41.0,1059.0,1.91,0.0,1|2|3|4|5|6|7|8|9|10|11|12
G4,BOI,166,-38.0,1345.0,38.72,0.0,1|2|3|4|5|6|7|8|9|10|11|12
G4,MOT,162,-47.0,1150.0,12.36,0.0123,1|2|3|4|5|6|7|8|9|10|11|12
G4,RIC,162,-55.0,839.0,18.5,0.0062,1|2|3|4|5|6|7|8|9|10|11|12
G4,HOU,159,-34.0,1535.0,45.62,0.0,1|2|3|4|5|6|7|8|9|10|11|12
G4,MFR,159,-30.0,833.0,23.66,0.0252,1|2|3|4|5|6|7|8|9|10|11|12
G4,PSC,158,-36.0,189.0,7.26,0.0063,1|2|3|4|5|6|7|8|9|10|11|12
G4,ELM,156,-47.0,368.0,9.89,0.0256,1|2|3|4|5|6|7|8|9|10|11|12
G4,MSO,154,-36.0,971.0,17.89,0.026,1|2|3|4|5|6|7|8|9|10|11|12
G4,MLB,141,-44.0,228.0,2.08,0.0284,1|2|3|4|5|6|7|8|9|10|11|12
G4,HGR,139,-39.0,990.0,40.18,0.0432,1|2|3|4|5|6|7|8|9|10|11|12
G4,MSP,138,-65.0,960.0,2.5,0.0072,1|2|3|4|5|6|7|8|10|11|12
G4,CHA,135,-54.0,886.0,27.09,0.0444,1|2|3|4|5|6|7|8|9|10|11|12
G4,FCA,131,-53.0,1080.0,23.28,0.0229,1|2|3|4|5|6|7|8|9|10|11|12
G4,GEG,131,-33.0,302.0,12.48,0.0076,1|2|3|4|5|6|7|8|9|10|11|12
G4,DAY,129,-37.0,900.0,27.77,0.0465,1|2|3|4|5|6|7|8|9|10|11|12
G4,ROA,119,-38.0,170.0,17.0,0.042,1|2|3|4|5|6|7|8|9|10|11|12
G4,ORF,118,-36.0,1189.0,22.75,0.0339,1|2|3|4|5|6|7|8
G4,BMI,117,-30.0,1008.0,23.43,0.0,1|2|3|4|5|6|7|8|9|10|11|12
G4,MCO,115,-43.0,1212.0,38.18,0.0087,5|6|7|8|9|10|11|12
G4,MCI,114,-46.0,352.0,7.86,0.0263,1|2|3|4|5|6|7|8|10|11|12
G4,CKB,113,-30.0,1190.0,37.46,0.0354,1|2|3|4|5|6|7|8|9|10|11|12
G4,PVD,112,-60.0,250.0,3.96,0.0089,1|2|3|4|5|6|7|8|9|10|11|12
G4,GRI,110,-38.0,489.0,10.97,0.0273,1|2|3|4|5|6|7|8|9|10|11|12
G4,EVV,106,-49.0,865.0,21.65,0.0566,1|2|3|4|5|6|7|8|9|10|11|12
G4,CHS,101,-35.0,844.0,15.5,0.0297,1|2|3|4|5|6|7|8|9|10|11|12
G4,GFK,97,-72.0,975.0,1.94,0.0,1|2|3|4|5|6|7|8|9|10|11|12
G4,OAK,96,-30.0,133.0,4.4,0.0208,1|5|6|7|8|9|10|11|12
G4,SAN,87,-26.0,360.0,17.84,0.0115,1|2|3|4|5|6|7|8|9|10|11|12
G4,GTF,81,-61.0,443.0,10.51,0.0,1|2|3|4|5|6|7|8|9|10|11|12
G4,TRI,80,-30.0,279.0,31.09,0.0375,1|2|3|4|5|6|7|8|9|10|11|12
G4,OKC,79,-39.0,190.0,9.54,0.0127,1|2|3|4|5|6|7|8
G4,SHV,74,-40.0,381.0,14.99,0.027,1|2|3|4|5|6|7|8|9|10|11|12
G4,LRD,73,-37.0,1254.0,28.44,0.0137,1|2|3|4|5|6|7|8|9|10|11|12
G4,STC,70,-52.0,1014.0,7.53,0.0286,1|2|3|4|5|6|7|8|10|11|12
G4,BWI,68,-33.0,1167.0,33.14,0.0294,1|2|3|4|5|6|7|8|9|10|11|12
G4,GJT,62,-36.0,1251.0,40.21,0.0,1|2|3|4|5|6|7|8|9|10|11|12
G4,LIT,60,-31.0,384.0,33.46,0.0167,1|5|6|7|8|10|11|12
G4,GSO,59,-39.0,260.0,23.09,0.0339,1|2|3|4|5|6|7|8|9|10|11|12
G4,SMX,58,-30.0,1169.0,36.43,0.0,1|2|3|4|5|6|7|8|9|10|11|12
G4,PSP,57,-31.0,210.0,6.96,0.0,1|2|3|4|5|10|11|12
G4,MRY,54,-22.0,1118.0,63.91,0.0,1|2|3|4|5|6|7|8|9|10|11|12
G4,SPI,53,-30.0,215.0,19.31,0.0189,1|2|3|4|5|6|7|8|10|11|12
G4,MSY,45,-39.0,182.0,1.16,0.0222,1|2|3|4|5|6|7|10|11|12
G4,ROC,38,-36.0,287.0,11.51,0.0263,1|2|3|4|10|11|12
G4,ELP,37,-35.0,151.0,18.58,0.027,1|3|4|5|6|7|8|9|10|11|12
G4,GPT,14,-23.0,221.0,59.79,0.0,5|6|7|8
G4,SAT,13,-22.0,1047.0,104.15,0.0,5|6|7|8
G4,BTV,1,,,,1.0,12
HA,HNL,15753,-78.0,737.0,4.36,0.01,1|2|3|4|5|6|7|8|9|10|11|12
HA,OGG,6782,-70.0,1193.0,2.76,0.0083,1|2|3|4|5|6|7|8|9|10|11|12
HA,LIH,4286,-56.0,427.0,1.73,0.0135,1|2|3|4|5|6|7|8|9|10|11|12
HA,KOA,3913,-55.0,392.0,2.72,0.0087,1|2|3|4|5|6|7|8|9|10|11|12
HA,ITO,2434,-25.0,416.0,4.14,0.0123,1|2|3|4|5|6|7|8|9|10|11|12
HA,LAX,1176,-45.0,1076.0,11.3,0.0128,1|2|3|4|5|6|7|8|9|10|11|12
HA,LAS,688,-43.0,1175.0,17.72,0.0015,1|2|3|4|5|6|7|8|9|10|11|12
HA,OAK,508,-46.0,418.0,-2.31,0.0157,1|2|3|4|5|6|7|8|9|10|11|12
HA,SMF,463,-43.0,769.0,4.98,0.0108,1|2|3|4|5|6|7|8|9|10|11|12
HA,PDX,380,-43.0,1072.0,9.46,0.0105,1|2|3|4|5|6|7|8|9|10|11|12
HA,SFO,380,-40.0,1056.0,5.95,0.0263,1|2|3|4|5|6|7|8|9|10|11|12
HA,SEA,376,-46.0,1084.0,19.15,0.0319,1|2|3|4|5|6|7|8|9|10|11|12
HA,SAN,358,-41.0,394.0,13.39,0.0056,1|2|3|4|5|6|7|8|9|10|11|12
HA,LGB,336,-49.0,717.0,-4.59,0.0,1|2|3|4|5|6|7|8|9|10|11|12
HA,SJC,324,-46.0,148.0,-7.41,0.0062,1|2|3|4|5|6|7|8|9|10|11|12
HA,ONT,194,-57.0,919.0,8.84,0.0052,1|2|3|4|5|6|7|8|9|10|11|12
HA,JFK,186,-45.0,978.0,12.11,0.0108,1|2|3|4|5|6|7|8|9|10|11|12
HA,PHX,184,-46.0,997.0,11.67,0.0,1|2|3|4|5|6|7|8|9|10|11|12
HA,BOS,115,-39.0,243.0,12.2,0.0087,1|2|3|4|5|6|7|8|9|10|11|12
HA,SLC,103,-44.0,243.0,0.21,0.0,5|6|7|8|9|10|11|12
HA,AUS,79,-29.0,1025.0,27.86,0.0,1|2|3|4|5|6|7|8|9|10|11|12
HA,PPG,59,-25.0,319.0,5.46,0.0,1|2|3|4|5|6|7|8|9|10|11|12
MQ,DFW,35027,-55.0,753.0,4.66,0.016,1|2|3|4|5|6|7|8|9|10|11|12
MQ,ORD,16909,-56.0,854.0,7.05,0.0122,1|2|3|4|5|6|7|8|9|10|11|12
MQ,MIA,7053,-44.0,689.0,5.16,0.014,1|2|3|4|5|6|7|8|9|10|11|12
MQ,PHX,4185,-41.0,661.0,1.03,0.0017,1|2|3|4|5|6|7|8|9|10|11|12
MQ,CLT,3022,-41.0,1500.0,12.56,0.0169,1|2|3|4|5|6|7|8|9|10|11|12
MQ,XNA,2637,-40.0,887.0,7.11,0.0091,1|2|3|4|5|6|7|8|9|10|11|12
MQ,DCA,2111,-51.0,1339.0,9.03,0.0104,1|2|3|4|5|6|7|8|9|10|11|12
MQ,SGF,1979,-38.0,884.0,10.7,0.0141,1|2|3|4|5|6|7|8|9|10|11|12
MQ,LIT,1780,-47.0,732.0,12.2,0.0124,1|2|3|4|5|6|7|8|9|10|11|12
MQ,CMH,1551,-58.0,759.0,4.67,0.0071,1|2|3|4|5|6|7|8|9|10|11|12
MQ,TLH,1402,-39.0,284.0,8.47,0.0171,1|2|3|4|5|6|7|8|9|10|11|12
MQ,CVG,1315,-38.0,775.0,9.19,0.0076,1|2|3|4|5|6|7|8|9|10|11|12
MQ,MAF,1284,-30.0,1011.0,9.5,0.0218,1|2|3|4|5|6|7|8|9|10|11|12
MQ,BNA,1250,-38.0,457.0,8.78,0.0192,1|2|3|4|5|6|7|8|9|10|11|12
MQ,CRP,1249,-30.0,909.0,7.48,0.0216,1|2|3|4|5|6|7|8|9|10|11|12
MQ,ICT,1221,-38.0,846.0,7.5,0.0205,1|2|3|4|5|6|7|8|9|10|11|12
MQ,BHM,1217,-37.0,908.0,7.21,0.0131,1|2|3|4|5|6|7|8|9|10|11|12
MQ,AUS,1131,-41.0,655.0,10.52,0.0141,1|2|3|4|5|6|7|8|9|10|11|12
MQ,OKC,1076,-32.0,868.0,5.71,0.0186,1|2|3|4|5|6|7|8|9|10|11|12
MQ,EYW,1025,-39.0,1001.0,10.91,0.0283,1|2|3|4|5|6|7|8|9|10|11|12
MQ,AMA,1025,-32.0,489.0,7.02,0.0176,1|2|3|4|5|6|7|8|9|10|11|12
MQ,LBB,987,-29.0,1008.0,8.72,0.0213,1|2|3|4|5|6|7|8|9|10|11|12
MQ,BOS,919,-52.0,1281.0,6.58,0.0174,1|2|3|4|5|6|7|8|9|10|11|12
MQ,HSV,889,-37.0,393.0,11.79,0.018,1|2|3|4|5|6|7|8|9|10|11|12
MQ,ABI,888,-29.0,512.0,4.21,0.0045,1|2|3|4|5|6|7|8|9|10|11|12
MQ,FAR,883,-53.0,1564.0,4.83,0.0091,1|2|3|4|5|6|7|8|9|10|11|12
MQ,HOU,874,-37.0,1554.0,9.45,0.0446,1|2|3|4|5|6|7|8|9|10|11|12
MQ,STL,863,-35.0,295.0,5.46,0.0243,1|2|3|4|5|6|7|8|9|10|11|12
MQ,COU,863,-40.0,437.0,9.75,0.022,1|2|3|4|5|6|7|8|9|10|11|12
MQ,ELP,856,-37.0,971.0,6.8,0.0105,1|2|3|4|5|6|7|8|9|10|11|12
MQ,TUL,855,-39.0,675.0,3.17,0.0129,1|2|3|4|5|6|7|8|9|10|11|12
MQ,GSP,854,-42.0,630.0,9.0,0.0094,1|2|3|4|5|6|7|8|9|10|11|12
MQ,SDF,819,-53.0,308.0,6.85,0.0098,1|2|3|4|5|6|7|8|9|10|11|12
MQ,LRD,803,-28.0,590.0,10.79,0.0125,1|2|3|4|5|6|7|8|9|10|11|12
MQ,HRL,777,-31.0,465.0,5.16,0.0142,1|2|3|4|5|6|7|8|9|10|11|12
MQ,PNS,773,-31.0,929.0,9.21,0.0155,1|2|3|4|5|6|7|8|9|10|11|12
MQ,MEM,764,-35.0,338.0,2.38,0.0079,1|2|3|4|5|6|7|8|9|10|11|12
MQ,GSO,712,-47.0,884.0,4.64,0.007,1|2|3|4|5|6|7|8|9|10|11|12
MQ,IAH,708,-45.0,992.0,4.02,0.0466,1|2|3|4|5|6|7|8|9|10|11|12
MQ,CMI,685,-41.0,946.0,6.83,0.019,1|2|3|4|5|6|7|8|9|10|11|12
MQ,BRO,641,-27.0,300.0,2.16,0.014,1|2|3|4|5|6|7|8|9|10|11|12
MQ,HPN,636,-46.0,1035.0,3.24,0.0252,1|2|3|4|5|6|7|8|9|10|11|12
MQ,GRK,631,-30.0,382.0,11.08,0.0174,1|2|3|4|5|6|7|8|9|10|11|12
MQ,RDU,628,-43.0,483.0,2.06,0.008,1|2|3|4|5|6|7|8|9|10|11|12
MQ,CHA,623,-44.0,1013.0,11.01,0.0161,1|2|3|4|5|6|7|8|9|10|11|12
MQ,MCI,604,-34.0,373.0,5.22,0.0099,1|2|3|4|5|6|7|8|9|10|11|12
MQ,CID,599,-48.0,311.0,6.16,0.0167,1|2|3|4|5|6|7|8|9|10|11|12
MQ,TPA,591,-33.0,1529.0,18.28,0.0372,1|2|3|4|5|6|7|8|9|10|11|12
MQ,JAX,589,-34.0,362.0,6.65,0.0153,1|2|3|4|5|6|7|8|9|10|11|12
MQ,RAP,576,-56.0,1467.0,8.23,0.0087,1|2|3|4|5|6|7|8|9|10|11|12
MQ,JAN,565,-34.0,353.0,9.79,0.0212,1|2|3|4|5|6|7|8|9|10|11|12
MQ,AVL,564,-41.0,439.0,18.36,0.0248,1|2|3|4|5|6|7|8|9|10|11|12
MQ,ILM,552,-40.0,314.0,4.49,0.0072,1|2|3|4|5|6|7|8|9|10|11|12
MQ,HHH,546,-36.0,309.0,8.58,0.0183,1|2|3|4|5|6|7|8|9|10|11|12
MQ,IND,527,-36.0,360.0,4.36,0.0152,1|2|3|4|5|6|7|8|9|10|11|12
MQ,LEX,525,-54.0,382.0,0.84,0.0133,1|2|3|4|5|6|7|8|9|10|11|12
MQ,MSY,520,-35.0,209.0,6.04,0.0173,1|2|3|4|5|6|7|8|9|10|11|12
MQ,MOB,519,-38.0,500.0,8.35,0.0135,1|2|3|4|5|6|7|8|9|10|11|12
MQ,SAV,507,-39.0,941.0,7.71,0.0118,1|2|3|4|5|6|8|9|10|11|12
MQ,BTR,501,-38.0,418.0,11.11,0.022,1|2|3|4|5|6|7|8|9|10|11|12
MQ,FSM,494,-44.0,1015.0,10.2,0.0223,1|2|3|4|5|6|7|8|9|10|11|12
MQ,TYS,492,-35.0,488.0,8.62,0.0102,1|2|3|4|5|6|7|8|9|10|11|12
MQ,MHK,482,-53.0,400.0,-5.52,0.0124,1|2|3|4|5|6|7|8|9|10|11|12
MQ,MLU,481,-35.0,461.0,8.12,0.0166,1|2|3|4|5|6|7|8|9|10|11|12
MQ,CHS,480,-49.0,426.0,4.24,0.0167,2|3|4|5|6|7|8|9|10|11|12
MQ,FWA,461,-53.0,203.0,2.76,0.0043,1|2|3|4|5|6|7|8|9|10|11|12
MQ,DSM,450,-61.0,876.0,4.35,0.0267,1|2|3|4|5|6|7|8|9|10|11|12
MQ,ABQ,438,-38.0,488.0,4.7,0.0023,1|2|3|4|5|6|7|8|9|10|11|12
MQ,MSP,437,-38.0,228.0,7.31,0.0092,1|2|3|4|5|6|7|8|9|10|11|12
MQ,CLL,426,-36.0,861.0,9.61,0.0211,1|2|3|4|5|6|7|8|9|10|11|12
MQ,BIL,422,-50.0,903.0,11.4,0.0024,1|2|3|4|5|6|7|8|9|10|11|12
MQ,SHV,417,-34.0,367.0,5.51,0.0096,1|2|3|4|5|6|7|8|9|10|11|12
MQ,SYR,417,-53.0,481.0,-0.56,0.0096,1|2|3|4|5|6|7|8|9|10|11|12
MQ,EWR,411,-53.0,259.0,7.13,0.0414,1|2|3|4|5|6|7|8|11|12
MQ,DTW,409,-34.0,399.0,4.63,0.0367,1|2|3|4|5|6|7|8|9|10|11|12
MQ,ROC,408,-37.0,306.0,1.31,0.0049,1|2|3|4|5|6|7|8|9|10|11|12
MQ,MLI,399,-53.0,613.0,2.14,0.0226,1|2|3|4|5|6|7|8|9|10|11|12
MQ,TUS,395,-30.0,183.0,-0.47,0.0025,1|2|3|4|5|6|7|8|9|10|11|12
MQ,FSD,390,-46.0,422.0,1.63,0.0385,1|2|3|4|5|6|7|8|9|10|11|12
MQ,GRR,385,-61.0,299.0,11.07,0.0156,1|2|3|4|5|6|7|8|9|10|11|12
MQ,MFE,383,-31.0,1366.0,10.78,0.0131,1|2|3|4|5|6|7|8|9|10|11|12
MQ,ECP,368,-43.0,371.0,10.89,0.0136,1|2|3|4|5|6|7|8|9|10|11|12
MQ,ATW,362,-40.0,477.0,8.3,0.0055,1|2|3|4|5|6|7|8|9|10|11|12
MQ,EVV,347,-43.0,320.0,2.46,0.0058,1|2|3|4|5|6|7|8|9|10|11|12
MQ,SJT,345,-29.0,868.0,9.72,0.029,1|2|3|4|5|6|7|8|9|10|11
MQ,BMI,345,-45.0,385.0,3.28,0.0232,1|2|3|4|5|6|7|8|9|10|11|12
MQ,PIT,332,-49.0,261.0,2.49,0.006,1|2|3|4|5|6|8|9|10|11|12
MQ,MSN,330,-30.0,454.0,13.78,0.0152,1|2|3|4|5|6|7|8|9|10|11|12
MQ,ATL,330,-34.0,1547.0,20.99,0.0273,1|2|3|4|5|6|7|8|9|10|11|12
MQ,TVC,326,-43.0,908.0,5.58,0.0061,1|2|3|4|5|6|7|8|9|10|11|12
MQ,CLE,317,-45.0,503.0,0.68,0.0095,1|2|3|4|5|6|7|8|9|10|11|12
MQ,PIA,309,-47.0,566.0,13.08,0.0162,1|2|3|4|5|6|7|8|9|10|11|12
MQ,BIS,307,-54.0,318.0,7.16,0.0065,1|2|3|4|5|6|7|8|9|10|11|12
MQ,GNV,302,-37.0,935.0,6.1,0.0232,1|2|3|4|5|6|7|8|9|10|11|12
MQ,MGM,288,-49.0,734.0,1.3,0.0069,1|2|3|4|6|7|8|9|10|11
MQ,YUM,288,-28.0,464.0,2.57,0.0035,3|4|5|6|7|8|9|10|11|12
MQ,BDL,275,-44.0,260.0,3.28,0.0073,1|2|3|4|5|6|7|8|9|10|11|12
MQ,OMA,271,-37.0,266.0,2.62,0.0148,1|2|3|4|5|6|7|8|9|10|11|12
MQ,GCK,264,-33.0,931.0,18.58,0.0152,2|3|4|5|6|7|8|9|11|12
MQ,BWI,260,-40.0,326.0,-2.12,0.0077,1|2|3|4|5|6|7|8|9|10|11|12
MQ,BUF,257,-40.0,260.0,3.17,0.0039,1|2|3|4|5|6|7|8|9|10|11|12
MQ,GPT,256,-41.0,979.0,13.62,0.0156,1|2|3|4|5|6|7|8|9|10|11|12
MQ,GJT,253,-36.0,1017.0,15.24,0.004,1|2|3|4|5|6|7|8|9|10|11|12
MQ,SEA,248,-44.0,1662.0,14.27,0.0,1|2|3|4|5|6|7|8|9|10|11
MQ,MRY,244,-28.0,369.0,-0.09,0.0041,1|2|4|5|6|7|8|9|10|11|12
MQ,AVP,240,-36.0,917.0,14.84,0.0167,1|2|3|4|5|6|7|8|9|10|11|12
MQ,MQT,232,-50.0,481.0,14.01,0.0043,2|3|4|5|6|7|8|9|10|11|12
MQ,PVD,223,-44.0,350.0,5.82,0.0045,1|2|3|4|5|6|7|8|9|10|11|12
MQ,TXK,216,-34.0,775.0,18.04,0.0046,2|3|4|5|6|7|8|9|10
MQ,RDM,206,-49.0,1006.0,2.05,0.0049,6|7|8|9|10|11|12
MQ,ORF,206,-36.0,478.0,3.31,0.0049,1|2|3|4|5|6|7|8|9|10|11|12
MQ,TRI,204,-39.0,176.0,-1.96,0.0098,1|2|4|5|6|7|8|9|10|11|12
MQ,VPS,198,-38.0,919.0,12.97,0.0303,1|2|4|5|6|7|8|9|10|11|12
MQ,LFT,196,-28.0,300.0,9.11,0.0153,1|4|5|6|7|8|9|10|11|12
MQ,GRB,184,-43.0,678.0,7.23,0.0217,1|2|3|4|5|6|7|8|9|10|11
MQ,MYR,183,-50.0,208.0,4.26,0.0219,2|3|4|5|6|7|8|9|10|11|12
MQ,LSE,173,-38.0,361.0,4.51,0.0173,1|2|5|6|7|8|9|10|11|12
MQ,MSO,171,-39.0,242.0,10.31,0.0117,1|2|3|4|5|6|7|8|9|10|11|12
MQ,COS,170,-32.0,1327.0,22.49,0.0,1|2|3|4|5|6|7|8|9|10|11
MQ,BTV,168,-39.0,265.0,11.73,0.0238,6|7|8|9|10|11|12
MQ,SJC,165,-32.0,126.0,-3.45,0.0061,1|2|3|4|5|6|7|8|9|11|12
MQ,RST,161,-48.0,724.0,5.93,0.0,1|2|3|4|5|7|8|9|10|11
MQ,ACT,152,-29.0,1031.0,22.05,0.0197,1|2|3|4|5|6|7|8|9
MQ,BFL,151,-26.0,190.0,-2.52,0.0,2|3|4|5|6|7|8|9|10|11|12
MQ,PWM,150,-42.0,275.0,4.55,0.0,6|7|8|9|10|11
MQ,SBA,149,-29.0,164.0,-0.48,0.0201,5|6|7|8|11|12
MQ,MHT,149,-39.0,139.0,-1.56,0.0,6|7|8|9|10|11
MQ,RNO,147,-24.0,348.0,7.62,0.0068,1|5|6|7|8|9|10|11
MQ,SAT,144,-33.0,243.0,8.73,0.0139,1|2|3|4|5|6|7|8|9|10|11|12
MQ,BGR,130,-36.0,174.0,12.41,0.0154,6|7|8|9|10|11
MQ,BOI,122,-31.0,304.0,5.1,0.0082,1|2|3|4|5|6|11|12
MQ,STS,117,-32.0,286.0,6.36,0.0,4|5|6|7|8|9|10|11|12
MQ,SMF,116,-26.0,168.0,-2.26,0.0,1|2|3|4|5|6|7|9|10|12
MQ,TYR,109,-27.0,725.0,8.58,0.0092,7|8|9|10
MQ,RIC,108,-38.0,206.0,1.02,0.0093,1|2|4|5|6|10|11|12
MQ,GGG,104,-25.0,420.0,16.15,0.0288,5|6|7|8|9|10
MQ,ALB,98,-41.0,193.0,1.91,0.0,2|3|4|5|6|9|10
MQ,DAY,95,-35.0,273.0,9.11,0.0211,1|3|4|5|6|7|8|11|12
MQ,SBP,93,-26.0,154.0,-4.26,0.0,1|2|6|7|9|10|11|12
MQ,BPT,91,-30.0,216.0,4.74,0.022,1|2|3|4
MQ,DEN,89,-28.0,141.0,3.17,0.0,6|7|8|9|10|11|12
MQ,SWO,82,-30.0,337.0,-1.6,0.0122,2|3|4|5
MQ,AGS,80,-34.0,139.0,-0.91,0.0375,4|5|6|9|10|11|12
MQ,LAW,79,-30.0,1656.0,16.64,0.0127,1|2|3|4
MQ,ROW,75,-24.0,231.0,6.69,0.0,2|3|4|5|6
MQ,PSP,73,-21.0,91.0,-0.12,0.0,1|2|3|4|5|9|10|11
MQ,SLC,65,-47.0,266.0,-10.6,0.0,1|4|5|7|11|12
MQ,SPS,62,-34.0,200.0,-5.11,0.0161,11|12
MQ,SAF,51,-23.0,204.0,17.22,0.0196,1|2|3|4|5|6
MQ,RSW,42,-38.0,165.0,16.67,0.0,1|3|4|5
MQ,MTJ,39,-21.0,200.0,16.54,0.0,4|5|6
MQ,BZN,34,-30.0,156.0,6.79,0.0,1|9|10|11|12
MQ,LAX,34,-25.0,228.0,14.26,0.0,11|12
MQ,LCH,33,-21.0,822.0,53.38,0.0303,3|4|5|6|7|8
MQ,ONT,31,-28.0,22.0,-11.68,0.0,1|11|12
MQ,CAE,30,-34.0,48.0,-2.7,0.0,6|7|8|12
MQ,PDX,28,-36.0,25.0,-10.32,0.0,2|3|4|12
MQ,MKE,24,-29.0,66.0,2.77,0.0833,2|3|12
MQ,BUR,22,-25.0,1773.0,80.73,0.0,10|11|12
MQ,FCA,22,-39.0,152.0,28.32,0.0,5|6|7
MQ,SFO,21,-19.0,88.0,20.38,0.0,1|2|4|5
MQ,EUG,16,-32.0,114.0,-4.44,0.0,12
MQ,AEX,15,-21.0,538.0,66.93,0.0,9|10
MQ,DRO,14,-44.0,19.0,-21.29,0.0,12
MQ,HDN,13,-34.0,60.0,0.77,0.0,1|2|3|12
MQ,IAD,13,-18.0,145.0,16.42,0.0769,1
MQ,LAS,12,-27.0,506.0,74.92,0.0,6|7|8
MQ,ACK,9,-17.0,67.0,8.56,0.0,6|7|8
MQ,SJU,9,-16.0,118.0,10.33,0.0,8|9
MQ,SRQ,8,-35.0,133.0,11.38,0.0,4|12
MQ,FAT,7,-16.0,3.0,-6.43,0.0,2|3
MQ,MVY,6,-15.0,47.0,12.33,0.0,6|7|8
MQ,DAB,3,-1.0,39.0,16.0,0.0,3
NK,LAS,13284,-71.0,936.0,4.52,0.0114,1|2|3|4|5|6|7|8|9|10|11|12
NK,FLL,12915,-47.0,582.0,14.13,0.017,1|2|3|4|5|6|7|8|9|10|11|12
NK,MCO,11301,-42.0,1242.0,9.65,0.0173,1|2|3|4|5|6|7|8|9|10|11|12
NK,LAX,5743,-47.0,896.0,2.81,0.0127,1|2|3|4|5|6|7|8|9|10|11|12
NK,EWR,5343,-59.0,739.0,6.2,0.0316,1|2|3|4|5|6|7|8|9|10|11|12
NK,DTW,5269,-58.0,1280.0,1.42,0.014,1|2|3|4|5|6|7|8|9|10|11|12
NK,DFW,5156,-44.0,505.0,11.16,0.0142,1|2|3|4|5|6|7|8|9|10|11|12
NK,ATL,5010,-50.0,677.0,12.97,0.0146,1|2|3|4|5|6|7|8|9|10|11|12
NK,IAH,4864,-45.0,1048.0,10.05,0.0216,1|2|3|4|5|6|7|8|9|10|11|12
NK,ORD,4195,-64.0,796.0,13.41,0.0157,1|2|3|4|5|6|7|8|9|10|11|12
NK,LGA,4117,-57.0,835.0,2.91,0.0255,1|2|3|4|5|6|7|8|9|10|11|12
NK,BOS,3440,-63.0,1052.0,11.91,0.032,1|2|3|4|5|6|7|8|9|10|11|12
NK,BWI,3353,-71.0,741.0,7.36,0.0167,1|2|3|4|5|6|7|8|9|10|11|12
NK,TPA,2922,-46.0,431.0,4.98,0.0311,1|2|3|4|5|6|7|8|9|10|11|12
NK,MIA,2696,-45.0,870.0,8.25,0.0159,1|2|3|4|5|6|7|8|9|10|11|12
NK,MSY,2616,-47.0,536.0,7.01,0.0218,1|2|3|4|5|6|7|8|9|10|11|12
NK,CLT,2451,-45.0,822.0,16.43,0.0277,1|2|3|4|5|6|7|8|9|10|11|12
NK,PHL,2441,-62.0,492.0,5.3,0.0152,1|2|3|4|5|6|7|8|9|10|11|12
NK,MYR,2350,-43.0,760.0,5.84,0.0268,1|2|3|4|5|6|7|8|9|10|11|12
NK,SJU,2308,-56.0,1388.0,9.26,0.0169,1|2|3|4|5|6|7|8|9|10|11|12
NK,BNA,1904,-48.0,993.0,11.08,0.0284,1|2|3|4|5|6|7|8|9|10|11|12
NK,PIT,1769,-50.0,1048.0,12.81,0.0305,1|2|3|4|5|6|7|8|9|10|11|12
NK,ACY,1532,-53.0,521.0,0.18,0.0196,1|2|3|4|5|6|7|8|9|10|11|12
NK,SAN,1420,-36.0,326.0,9.4,0.019,1|2|3|4|5|6|7|8|9|10|11|12
NK,OAK,1397,-41.0,806.0,6.45,0.0193,1|2|3|4|5|6|7|8|9|10|11|12
NK,CMH,1280,-53.0,822.0,4.15,0.0156,1|2|3|4|5|6|7|8|9|10|11|12
NK,SJC,1279,-43.0,954.0,9.9,0.0156,1|2|3|4|5|6|7|8|9|10|11|12
NK,RSW,1262,-55.0,753.0,7.93,0.0214,1|2|3|4|5|6|7|8|9|10|11|12
NK,IND,1176,-49.0,889.0,7.54,0.0264,1|2|3|4|5|6|7|8|9|10|11|12
NK,SAT,1060,-41.0,1003.0,7.95,0.0217,1|2|3|4|5|6|7|8|9|10|11|12
NK,BUR,975,-34.0,491.0,10.59,0.0174,1|2|3|4|5|6|7|8|9|10|11|12
NK,SMF,908,-38.0,516.0,9.4,0.0143,1|2|3|4|5|6|7|8|9|10|11|12
NK,MCI,905,-50.0,840.0,8.0,0.032,1|2|3|4|5|6|7|8|9|10|11|12
NK,PDX,853,-57.0,1027.0,8.59,0.0199,1|2|3|4|5|6|7|8|9|10|11|12
NK,CHS,666,-43.0,380.0,15.5,0.0345,1|2|3|4|5|6|7|8|9|10|11|12
NK,SLC,627,-43.0,920.0,8.87,0.0112,1|2|3|4|5|6|7|8|9|10|11|12
NK,SNA,621,-32.0,291.0,4.52,0.0129,1|2|3|4|5|6|7|8|9|10|11|12
NK,MSP,592,-47.0,1139.0,10.09,0.0101,1|2|3|4|5|6|7|8|9|10|11|12
NK,PHX,574,-51.0,406.0,12.11,0.0174,1|2|3|4|5|6|7|8|9|10|11|12
NK,RNO,568,-35.0,362.0,2.34,0.0194,1|2|3|4|5|6|7|8|9|10|11|12
NK,RIC,554,-51.0,341.0,10.78,0.0199,1|2|3|4|5|6|7|8|9|10|11|12
NK,AUS,549,-47.0,602.0,10.52,0.031,1|2|3|4|5|6|7|8|9|10|11|12
NK,STT,523,-44.0,1180.0,8.94,0.0153,1|2|3|4|5|6|7|8|9|10|11|12
NK,ORF,493,-55.0,1057.0,10.41,0.0325,1|2|3|4|5|6|7|8|9|10|11|12
NK,CLE,482,-45.0,900.0,7.06,0.0353,1|2|3|4|5|6|7|8|9|10|11|12
NK,SEA,480,-46.0,794.0,10.24,0.0125,1|2|3|4|5|6|7|8|9|10|11|12
NK,PNS,475,-41.0,343.0,6.75,0.0295,1|2|3|4|5|6|7|8|9|10|11|12
NK,MEM,472,-56.0,1127.0,0.69,0.0191,1|2|3|4|5|6|7|8|9|10|11|12
NK,SDF,401,-45.0,525.0,10.52,0.01,1|2|3|4|5|6|7|8|9|10|11|12
NK,MKE,382,-48.0,891.0,4.17,0.0209,1|2|3|4|5|6|7|8|9|10|11|12
NK,BDL,284,-126.0,267.0,2.78,0.0317,1|2|3|4|5|6|7|8|9|10|11|12
NK,LBE,280,-47.0,244.0,-4.06,0.0179,1|2|3|4|5|6|7|8|9|10|11|12
NK,BOI,274,-36.0,242.0,3.42,0.0219,1|2|3|4|5|6|7|8|9|10|11|12
NK,ABQ,270,-41.0,330.0,4.23,0.0037,1|2|3|4|5|6|7|8|9|10|11|12
NK,ROC,241,-42.0,188.0,0.56,0.0124,1|2|3|4|5|6|7|8|9|10|11|12
NK,PBI,240,-33.0,503.0,2.22,0.0083,1|2|3|4|5|6|7|8|9|10|11|12
NK,RDU,221,-36.0,335.0,15.56,0.0226,1|2|3|4|5|6|7|8|9|10|11|12
NK,STL,216,-42.0,926.0,19.11,0.0324,1|2|3|4|5|6|7|8|9|10|11|12
NK,STX,143,-39.0,337.0,19.34,0.035,1|2|3|4|5|6|7|8|9|10|11|12
NK,MHT,62,-45.0,306.0,5.28,0.0161,1|2|3|4|5
NK,BHM,35,-21.0,107.0,7.34,0.0,10|11|12
NK,DEN,16,-36.0,100.0,13.69,0.0,1
NK,LFT,1,59.0,59.0,59.0,0.0,1
OH,CLT,28433,-48.0,1460.0,8.25,0.0118,1|2|3|4|5|6|7|8|9|10|11|12
OH,DCA,18430,-64.0,1719.0,8.81,0.0206,1|2|3|4|5|6|7|8|9|10|11|12
OH,PHL,6093,-51.0,1457.0,8.39,0.014,1|2|3|4|5|6|7|8|9|10|11|12
OH,DFW,4570,-54.0,1521.0,14.46,0.0258,1|2|3|4|5|6|7|8|9|10|11|12
OH,BHM,2011,-41.0,1466.0,11.06,0.0154,1|2|3|4|5|6|7|8|9|10|11|12
OH,GSP,1940,-48.0,1007.0,5.88,0.0108,1|2|3|4|5|6|7|8|9|10|11|12
OH,TYS,1885,-44.0,1089.0,9.04,0.0117,1|2|3|4|5|6|7|8|9|10|11|12
OH,DAY,1828,-52.0,872.0,6.14,0.0126,1|2|3|4|5|6|7|8|9|10|11|12
OH,SAV,1721,-39.0,1415.0,4.49,0.0122,1|2|3|4|5|6|7|8|9|10|11|12
OH,ORF,1541,-41.0,1113.0,8.53,0.0104,1|2|3|4|5|6|7|8|9|10|11|12
OH,HPN,1375,-49.0,1069.0,15.58,0.0247,1|2|3|4|5|6|7|8|9|10|11|12
OH,PNS,1288,-42.0,1238.0,17.91,0.0109,1|2|3|4|5|6|7|8|9|10|11|12
OH,HSV,1280,-40.0,1561.0,15.72,0.0195,1|2|3|4|5|6|7|8|9|10|11|12
OH,GSO,1241,-47.0,813.0,7.7,0.0105,1|2|3|4|5|6|7|8|9|10|11|12
OH,CVG,1229,-38.0,1549.0,14.96,0.009,1|2|3|4|5|6|7|8|9|10|11|12
OH,ATL,1219,-42.0,1704.0,15.5,0.0197,1|2|3|4|5|6|7|8|9|10|11|12
OH,BNA,1176,-46.0,1067.0,10.57,0.0204,1|2|3|4|5|6|7|8|9|10|11|12
OH,MHT,1130,-45.0,1152.0,8.16,0.0142,1|2|3|4|5|6|7|8|9|10|11|12
OH,MYR,1105,-47.0,1412.0,7.08,0.0127,1|2|3|4|5|6|7|8|9|10|11|12
OH,CAE,1099,-42.0,1190.0,10.35,0.0146,1|2|3|4|5|6|7|8|9|10|11|12
OH,AVL,1015,-48.0,1453.0,12.38,0.0325,1|2|3|4|5|6|7|8|9|10|11|12
OH,ILM,997,-39.0,1006.0,8.38,0.012,1|2|3|4|5|6|7|8|9|10|11|12
OH,BTR,923,-45.0,1308.0,11.61,0.0184,1|2|3|4|5|6|7|8|9|10|11|12
OH,BTV,897,-58.0,1373.0,10.12,0.0201,1|2|3|4|5|6|7|8|9|10|11|12
OH,SDF,874,-46.0,2319.0,14.31,0.016,1|2|3|4|5|6|7|8|9|10|11|12
OH,SHV,847,-31.0,1466.0,16.44,0.0378,1|2|3|4|5|6|7|8|9|10|11|12
OH,CAK,833,-44.0,1539.0,10.13,0.006,1|2|3|4|5|6|7|8|9|10|11|12
OH,CHS,828,-38.0,884.0,5.57,0.0097,1|2|3|4|5|6|7|8|9|10|11|12
OH,IAD,809,-53.0,1127.0,6.18,0.0136,1|2|3|4|5|6|7|8|9|10|11|12
OH,PVD,806,-38.0,1253.0,10.57,0.0211,1|2|3|4|5|6|7|8|9|10|11|12
OH,AGS,800,-44.0,1839.0,22.37,0.025,1|2|3|4|5|6|7|8|9|10|11|12
OH,LEX,765,-45.0,1547.0,8.37,0.0118,1|2|3|4|5|6|7|8|9|10|11|12
OH,CLE,749,-45.0,1197.0,6.87,0.012,1|2|3|4|5|6|7|8|9|10|11|12
OH,BDL,729,-41.0,1081.0,9.79,0.0219,1|2|3|4|5|6|7|8|9|10|11|12
OH,CHA,728,-56.0,587.0,7.88,0.0096,1|2|3|4|5|6|7|8|9|10|11|12
OH,JAN,678,-44.0,905.0,17.29,0.0251,1|2|3|4|5|6|7|8|9|10|11|12
OH,CRW,674,-54.0,969.0,9.39,0.0059,1|2|3|4|5|6|7|8|9|10|11|12
OH,CMH,663,-41.0,1459.0,8.76,0.0121,1|2|3|4|5|6|7|8|9|10|11|12
OH,SBN,613,-41.0,344.0,9.81,0.0049,1|2|3|4|5|6|7|8|9|10|11|12
OH,DTW,607,-45.0,1446.0,6.57,0.0198,1|2|3|4|5|6|7|8|9|10|11|12
OH,ALB,595,-57.0,1371.0,13.65,0.0286,1|2|3|4|5|6|7|8|9|10|11|12
OH,GPT,592,-34.0,1065.0,6.78,0.0101,1|2|3|4|5|6|7|8|9|10|11|12
OH,MLB,584,-33.0,1569.0,8.66,0.0257,1|2|3|4|5|6|7|8|9|10|11|12
OH,ABE,577,-50.0,1064.0,0.76,0.0104,1|2|3|4|5|6|7|8|9|10|11|12
OH,MSN,550,-40.0,668.0,8.55,0.0073,1|2|3|4|5|6|7|8|9|10|11|12
OH,DAB,533,-39.0,416.0,-1.89,0.0188,1|2|3|4|5|6|7|8|9|10|11|12
OH,LFT,528,-32.0,2108.0,27.57,0.0417,1|2|3|4|5|6|7|8|9|10|11|12
OH,ECP,506,-41.0,685.0,11.58,0.002,1|2|3|4|5|6|7|8|9|10|11|12
OH,JAX,506,-36.0,1043.0,6.26,0.0237,1|2|3|4|5|6|7|8|9|10|11|12
OH,MKE,501,-47.0,712.0,9.6,0.016,1|2|3|4|5|6|7|8|9|10|11|12
OH,OAJ,474,-32.0,503.0,8.16,0.0232,1|2|3|4|5|6|7|8|9|10|11|12
OH,BUF,471,-39.0,527.0,13.72,0.0276,1|2|6|7|8|9|10|11|12
OH,SGF,463,-30.0,1300.0,23.66,0.0108,1|2|3|4|5|6|7|8|9|10|11|12
OH,PIA,448,-45.0,1499.0,16.81,0.0134,1|2|3|4|5|6|7|8|9|10|11|12
OH,TLH,447,-44.0,1750.0,17.74,0.0179,1|2|3|4|5|6|7|8|9|10|11|12
OH,RDU,415,-35.0,1755.0,21.57,0.012,1|2|3|4|5|6|7|8|9|10|11|12
OH,BGR,414,-54.0,1251.0,2.22,0.0266,1|2|3|4|5|6|7|8|9|10|11|12
OH,TUL,405,-42.0,959.0,10.12,0.0148,1|2|3|4|5|6|7|8|9|10|11|12
OH,PWM,395,-51.0,1249.0,8.96,0.0101,1|2|3|4|5|6|7|8|9|10|11|12
OH,GNV,395,-39.0,482.0,11.32,0.043,1|4|5|6|7|8|9|10|11|12
OH,LIT,381,-50.0,1043.0,12.9,0.0236,1|2|3|4|5|6|7|8|9|10|11|12
OH,MEM,379,-37.0,481.0,7.81,0.0079,1|2|3|4|5|6|7|8|9|10|11|12
OH,ROC,368,-35.0,1120.0,8.88,0.0109,1|2|3|4|5|6|7|8|9|10|11|12
OH,GRR,366,-38.0,949.0,17.5,0.0246,1|2|3|4|5|6|7|8|9|10|11|12
OH,MLI,356,-46.0,1238.0,7.75,0.014,1|2|3|4|5|6|7|8|9|10|11|12
OH,PIT,351,-39.0,1130.0,10.2,0.0228,1|2|3|4|5|6|7|8|9|10|11|12
OH,VPS,342,-37.0,320.0,11.97,0.0146,1|2|3|4|5|6|7|8|9|10|11|12
OH,MSY,341,-38.0,276.0,4.91,0.0205,1|2|3|4|5|6|7|8|9|10|11|12
OH,CID,330,-46.0,591.0,2.74,0.0364,1|2|3|4|5|6|7|8|9|10|11|12
OH,MSP,324,-39.0,1579.0,20.76,0.0185,1|2|3|4|5|6|7|8|9|10|11|12
OH,FAY,321,-52.0,521.0,6.75,0.0156,1|2|3|4|5|6|7|8|9|10|11|12
OH,MDT,315,-40.0,626.0,7.14,0.0127,1|2|3|4|5|6|7|8|9|10|11|12
OH,MGM,266,-41.0,1186.0,23.84,0.0451,1|2|3|4|5|6|7|8|9|10|11|12
OH,MCI,254,-45.0,871.0,20.67,0.0276,1|2|3|4|5|6|10|11|12
OH,RIC,242,-31.0,386.0,7.25,0.0041,4|5|6|7|8|10|11|12
OH,DSM,236,-46.0,477.0,10.92,0.0127,1|2|3|4|5|6|8|9|10|11|12
OH,SYR,232,-38.0,348.0,15.31,0.0129,1|2|3|4|6|7|8|9|10|11|12
OH,STL,199,-39.0,1113.0,21.45,0.0201,1|2|3|4|5|6|7|8|9|10|11|12
OH,SRQ,191,-40.0,1135.0,6.19,0.0366,1|3|4|5|6|7|8|9|10|11|12
OH,ICT,148,-26.0,204.0,10.82,0.0068,8|9|10|11|12
OH,IND,146,-36.0,217.0,3.91,0.0137,1|2|3|4|5|6|7|8|11|12
OH,OKC,146,-43.0,857.0,14.91,0.0068,1|2|3|4|5|6|7|8|9|10|11|12
OH,LAN,131,-41.0,871.0,21.83,0.0305,1|2|3|4|5|6|7|8|9|10|11|12
OH,ROA,122,-30.0,245.0,15.02,0.0164,1|2|4|5|6|8|9|10|11|12
OH,XNA,114,-42.0,1209.0,22.14,0.0351,1|2|3|4|5|8|10|11|12
OH,AVP,113,-47.0,1255.0,9.33,0.0088,1|2|3|4|5|6|7|8|12
OH,TRI,108,-50.0,779.0,6.73,0.0185,1|2|3|4|10|11|12
OH,FWA,83,-39.0,223.0,9.84,0.0,10|11|12
OH,HOU,79,-30.0,1060.0,21.29,0.0886,6|7|8
OH,TVC,67,-26.0,101.0,6.27,0.0,6|7|8|9|10|11
OH,OMA,41,-33.0,1139.0,35.88,0.0244,9|10|11|12
OH,EWN,32,-31.0,1016.0,50.69,0.0938,7|8|9
OH,CHO,30,-25.0,27.0,-1.63,0.0,3|4|10|11
OH,IAH,23,-42.0,176.0,2.96,0.0,11|12
OH,RSW,15,-43.0,127.0,7.29,0.0667,1|12
OH,BWI,14,-26.0,101.0,1.57,0.0,2|3|4|8|12
OH,EVV,13,-31.0,317.0,12.38,0.0,10
OH,MOB,11,-29.0,1305.0,239.9,0.0909,12
OH,AUS,10,-32.0,165.0,10.0,0.0,3|4
OH,SCE,7,-17.0,6.0,-7.0,0.1429,1|8
OO,DEN,30055,-48.0,1425.0,5.98,0.0131,1|2|3|4|5|6|7|8|9|10|11|12
OO,ORD,26992,-62.0,1357.0,12.59,0.0174,1|2|3|4|5|6|7|8|9|10|11|12
OO,LAX,19182,-52.0,1261.0,3.91,0.0027,1|2|3|4|5|6|7|8|9|10|11|12
OO,SFO,15867,-57.0,1313.0,8.3,0.0126,1|2|3|4|5|6|7|8|9|10|11|12
OO,SLC,15787,-58.0,1466.0,-0.1,0.0029,1|2|3|4|5|6|7|8|9|10|11|12
OO,SEA,13150,-49.0,956.0,3.9,0.0044,1|2|3|4|5|6|7|8|9|10|11|12
OO,DTW,13109,-60.0,1158.0,11.01,0.0073,1|2|3|4|5|6|7|8|9|10|11|12
OO,PHX,12808,-42.0,1479.0,2.1,0.0022,1|2|3|4|5|6|7|8|9|10|11|12
OO,MSP,12495,-59.0,1275.0,8.12,0.0079,1|2|3|4|5|6|7|8|9|10|11|12
OO,DFW,12199,-61.0,991.0,5.99,0.0186,1|2|3|4|5|6|7|8|9|10|11|12
OO,IAH,6471,-62.0,1164.0,13.06,0.0258,1|2|3|4|5|6|7|8|9|10|11|12
OO,SAN,6174,-34.0,1035.0,11.94,0.0089,1|2|3|4|5|6|7|8|9|10|11|12
OO,BOI,5605,-48.0,1008.0,3.11,0.0029,1|2|3|4|5|6|7|8|9|10|11|12
OO,PDX,5248,-43.0,608.0,4.4,0.0055,1|2|3|4|5|6|7|8|9|10|11|12
OO,SMF,4322,-43.0,1399.0,2.21,0.0037,1|2|3|4|5|6|7|8|9|10|11|12
OO,SJC,4211,-47.0,1099.0,-0.08,0.0021,1|2|3|4|5|6|7|8|9|10|11|12
OO,ATL,4116,-40.0,1234.0,16.94,0.0085,1|2|3|4|5|6|7|8|9|10|11|12
OO,TUS,3960,-47.0,1383.0,5.4,0.0033,1|2|3|4|5|6|7|8|9|10|11|12
OO,ASE,3891,-57.0,1388.0,19.15,0.0648,1|2|3|4|5|6|7|8|9|10|11|12
OO,OKC,3307,-47.0,833.0,4.39,0.0054,1|2|3|4|5|6|7|8|9|10|11|12
OO,FAT,3306,-48.0,820.0,4.32,0.0048,1|2|3|4|5|6|7|8|9|10|11|12
OO,GEG,2957,-57.0,1069.0,0.79,0.0017,1|2|3|4|5|6|7|8|9|10|11|12
OO,PSP,2760,-45.0,1018.0,6.37,0.0098,1|2|3|4|5|6|7|8|9|10|11|12
OO,MKE,2600,-54.0,1232.0,8.68,0.0135,1|2|3|4|5|6|7|8|9|10|11|12
OO,COS,2486,-52.0,1100.0,2.11,0.0133,1|2|3|4|5|6|7|8|9|10|11|12
OO,SBN,2288,-57.0,512.0,9.08,0.017,1|2|3|4|5|6|7|8|9|10|11|12
OO,RNO,2164,-46.0,1216.0,6.41,0.0065,1|2|3|4|5|6|7|8|9|10|11|12
OO,OMA,2157,-46.0,1053.0,6.7,0.0102,1|2|3|4|5|6|7|8|9|10|11|12
OO,LGA,2069,-65.0,1264.0,14.91,0.0261,1|2|3|4|5|6|7|8|9|10|11|12
OO,BNA,2052,-45.0,920.0,10.9,0.0185,1|2|3|4|5|6|7|8|9|10|11|12
OO,BUR,2033,-40.0,1192.0,9.69,0.0103,1|2|3|4|5|6|7|8|9|10|11|12
OO,PSC,2029,-49.0,678.0,0.24,0.003,1|2|3|4|5|6|7|8|9|10|11|12
OO,SNA,1993,-45.0,1049.0,14.32,0.013,1|2|3|4|5|6|7|8|9|10|11|12
OO,ABQ,1954,-47.0,898.0,-0.62,0.0046,1|2|3|4|5|6|7|8|9|10|11|12
OO,SBP,1928,-40.0,1022.0,6.56,0.0104,1|2|3|4|5|6|7|8|9|10|11|12
OO,AUS,1852,-54.0,1352.0,19.18,0.0038,1|2|3|4|5|6|7|8|9|10|11|12
OO,RDM,1845,-43.0,905.0,9.57,0.0228,1|2|3|4|5|6|7|8|9|10|11|12
OO,TUL,1836,-50.0,1195.0,1.46,0.0076,1|2|3|4|5|6|7|8|9|10|11|12
OO,ATW,1814,-54.0,1125.0,14.37,0.0204,1|2|3|4|5|6|7|8|9|10|11|12
OO,MRY,1760,-42.0,1254.0,4.74,0.0068,1|2|3|4|5|6|7|8|9|10|11|12
OO,ICT,1611,-44.0,1060.0,9.65,0.0124,1|2|3|4|5|6|7|8|9|10|11|12
OO,MAF,1584,-41.0,919.0,5.74,0.0139,1|2|3|4|5|6|7|8|9|10|11|12
OO,DRO,1574,-63.0,1361.0,11.36,0.0095,1|2|3|4|5|6|7|8|9|10|11|12
OO,GRB,1572,-42.0,1331.0,9.71,0.014,1|2|3|4|5|6|7|8|9|10|11|12
OO,SGU,1477,-43.0,1305.0,-0.28,0.0034,1|2|3|4|5|6|7|8|9|10|11|12
OO,STS,1459,-34.0,402.0,9.35,0.0048,1|2|3|4|5|6|7|8|9|10|11|12
OO,JFK,1444,-57.0,1213.0,14.03,0.0242,1|2|3|4|5|6|7|8|9|10|11|12
OO,FAR,1438,-46.0,1653.0,13.44,0.0167,1|2|3|4|5|6|7|8|9|10|11|12
OO,MFR,1417,-45.0,1248.0,4.73,0.0106,1|2|3|4|5|6|7|8|9|10|11|12
OO,IDA,1406,-77.0,1237.0,0.21,0.0057,1|2|3|4|5|6|7|8|9|10|11|12
OO,SAF,1359,-52.0,1411.0,9.62,0.0169,1|2|3|4|5|6|7|8|9|10|11|12
OO,ONT,1354,-46.0,508.0,1.24,0.003,1|2|3|4|5|6|7|8|9|10|11|12
OO,FWA,1333,-41.0,993.0,13.32,0.0143,1|2|3|4|5|6|7|8|9|10|11|12
OO,IAD,1303,-51.0,1362.0,16.15,0.0153,1|2|3|4|5|6|7|8|9|10|11|12
OO,GJT,1272,-40.0,1257.0,9.46,0.0071,1|2|3|4|5|6|7|8|9|10|11|12
OO,EUG,1261,-46.0,480.0,1.45,0.0111,1|2|3|4|5|6|7|8|9|10|11|12
OO,FSD,1248,-51.0,1493.0,4.08,0.0072,1|2|3|4|5|6|7|8|9|10|11|12
OO,SGF,1198,-49.0,1139.0,13.32,0.0134,1|2|3|4|5|6|7|8|9|10|11|12
OO,XNA,1169,-52.0,1211.0,4.51,0.006,1|2|3|4|5|6|7|8|9|10|11|12
OO,ELP,1145,-35.0,898.0,2.98,0.0052,1|2|3|4|5|6|7|8|9|10|11|12
OO,MSN,1121,-41.0,1107.0,8.82,0.0134,1|2|3|4|5|6|7|8|9|10|11|12
OO,LAS,1103,-32.0,449.0,18.88,0.0172,1|2|3|4|5|6|7|8|9|10|11|12
OO,RAP,1082,-57.0,1016.0,6.97,0.012,1|2|3|4|5|6|7|8|9|10|11|12
OO,BIS,1076,-47.0,1278.0,8.6,0.0102,1|2|3|4|5|6|7|8|9|10|11|12
OO,GRR,1064,-51.0,1259.0,12.35,0.0179,1|2|3|4|5|6|7|8|9|10|11|12
OO,MBS,1064,-42.0,844.0,9.89,0.0179,1|2|3|4|5|6|7|8|9|10|11|12
OO,SUN,1019,-47.0,1117.0,5.7,0.0059,1|2|3|4|5|6|7|8|9|10|11|12
OO,BZN,992,-45.0,1103.0,2.83,0.003,1|2|3|4|5|6|7|8|9|10|11|12
OO,XWA,977,-50.0,1386.0,11.22,0.0194,1|2|3|4|5|6|7|8|9|10|11|12
OO,GTF,974,-43.0,972.0,-0.67,0.0041,1|2|3|4|5|6|7|8|9|10|11|12
OO,LEX,973,-47.0,935.0,6.39,0.0134,1|2|3|4|5|6|7|8|9|10|11|12
OO,MDW,972,-38.0,751.0,8.44,0.0041,1|2|3|4|5|6|7|8|9|10|11|12
OO,MOT,972,-53.0,641.0,8.48,0.0185,1|2|3|4|5|6|7|8|9|10|11|12
OO,LIT,946,-47.0,1127.0,10.54,0.0137,1|2|3|4|5|6|7|8|9|10|11|12
OO,CID,936,-41.0,1400.0,15.33,0.0224,1|2|3|4|5|6|7|8|9|10|11|12
OO,CRW,934,-40.0,1014.0,19.29,0.0128,1|2|3|4|5|6|7|8|9|10|11|12
OO,FLG,925,-41.0,1482.0,9.43,0.0043,1|2|3|4|5|6|7|8|9|10|11|12
OO,SDF,916,-44.0,1029.0,7.84,0.0076,1|2|3|4|5|6|7|8|9|10|11|12
OO,EGE,894,-50.0,1731.0,5.33,0.0134,1|2|3|4|5|6|7|8|9|10|11|12
OO,ACV,889,-43.0,1192.0,15.11,0.0169,1|2|3|4|5|6|7|8|9|10|11|12
OO,CPR,882,-49.0,459.0,-1.51,0.0045,1|2|3|4|5|6|7|8|9|10|11|12
OO,SBA,879,-39.0,1082.0,4.67,0.0102,1|2|3|4|5|6|7|8|9|10|11|12
OO,LNK,858,-47.0,1068.0,8.52,0.0058,1|2|3|4|5|6|7|8|9|10|11|12
OO,CLE,839,-36.0,1078.0,6.57,0.0083,1|2|3|4|5|6|7|8|9|10|11|12
OO,HSV,828,-46.0,745.0,11.26,0.0072,1|2|3|4|5|6|7|8|9|10|11|12
OO,BHM,807,-49.0,645.0,6.0,0.0037,1|2|3|4|5|6|7|8|9|10|11|12
OO,DAY,798,-50.0,469.0,3.16,0.0075,1|2|3|4|5|6|7|8|9|10|11|12
OO,TYS,797,-58.0,1295.0,0.9,0.0176,1|2|3|4|5|6|7|8|9|10|11|12
OO,MLI,794,-37.0,750.0,15.21,0.0189,1|2|3|4|5|6|7|8|9|10|11|12
OO,HLN,766,-42.0,1041.0,5.81,0.0052,1|2|3|4|5|6|7|8|9|10|11|12
OO,RDD,756,-40.0,1076.0,6.39,0.0066,1|2|3|4|5|6|7|8|9|10|11|12
OO,FCA,739,-42.0,996.0,1.11,0.0054,1|2|3|4|5|6|7|8|9|10|11|12
OO,DLH,723,-49.0,403.0,8.18,0.0152,1|2|3|4|5|6|7|8|9|10|11|12
OO,BFL,691,-51.0,433.0,-1.3,0.0058,1|2|3|4|5|6|7|8|9|10|11|12
OO,BIL,682,-42.0,254.0,-3.25,0.0029,1|2|3|4|5|6|7|8|9|10|11|12
OO,OAK,677,-33.0,358.0,-0.84,0.0044,1|2|3|4|5|6|7|8|9|10|11|12
OO,CMH,648,-34.0,1268.0,7.15,0.0015,1|2|3|4|5|6|7|8|9|10|11|12
OO,LBB,621,-39.0,1023.0,7.81,0.0242,1|2|3|4|5|6|7|8|9|10|11|12
OO,IND,578,-36.0,1484.0,8.51,0.0173,1|2|3|4|5|6|7|8|9|10|11|12
OO,TVC,577,-43.0,1107.0,17.67,0.0243,1|2|3|4|5|6|7|8|9|10|11|12
OO,YUM,575,-37.0,1123.0,9.94,0.0017,1|2|3|4|5|6|7|8|9|10|11|12
OO,SYR,571,-59.0,654.0,5.51,0.0053,3|4|5|6|7|8|9|10|11|12
OO,JAC,570,-57.0,1464.0,3.8,0.0158,1|2|3|4|5|6|7|8|9|10|11|12
OO,MCI,562,-63.0,1253.0,5.41,0.0196,1|2|3|4|5|6|7|8|9|10|11|12
OO,LWS,558,-36.0,603.0,5.57,0.0036,1|2|3|4|5|6|7|8|9|10|11|12
OO,CAK,551,-37.0,1002.0,15.8,0.0163,1|2|3|4|5|6|7|8|9|10|11|12
OO,PIA,548,-45.0,877.0,14.02,0.0128,1|2|3|4|5|6|7|8|9|10|11|12
OO,MSO,546,-35.0,398.0,3.05,0.0055,1|2|3|4|5|6|7|8|9|10|11|12
OO,AEX,536,-40.0,1350.0,16.2,0.028,1|2|3|4|5|6|7|8|9|10|11|12
OO,SAT,533,-54.0,963.0,6.06,0.0094,1|2|3|4|5|6|7|8|9|10|11|12
OO,RDU,524,-49.0,1137.0,14.69,0.0,4|5|6|7|8|9|10|11|12
OO,HPN,516,-39.0,1186.0,21.15,0.0213,1|2|3|4|5|6|7|8|9|10|11|12
OO,GFK,511,-42.0,623.0,1.21,0.0078,1|2|3|4|5|6|7|8|9|10|11|12
OO,GSO,510,-42.0,244.0,1.28,0.0078,1|2|3|4|5|6|7|8|9|10|11|12
OO,LCH,502,-34.0,1064.0,17.08,0.0239,1|2|3|4|5|6|7|8|9|10|11|12
OO,AZO,500,-48.0,920.0,6.92,0.02,1|2|3|4|5|6|7|8|9|10|11|12
OO,MFE,497,-35.0,611.0,13.7,0.0121,1|2|4|5|6|7|8|9|10|11|12
OO,MDT,485,-37.0,561.0,5.9,0.0124,1|2|3|4|5|6|7|8|9|10|11|12
OO,CHA,484,-42.0,1740.0,22.53,0.0186,1|2|3|4|5|6|7|8|9|10|11|12
OO,GSP,479,-36.0,321.0,1.83,0.0188,1|2|3|4|5|6|7|8|9|10|11|12
OO,BLI,474,-20.0,921.0,15.03,0.0063,1|2|3|4|5|6|7|8|9|10|11|12
OO,LAW,469,-30.0,1024.0,8.72,0.0469,1|2|3|4|5|6|7|8|9|10|11|12
OO,CVG,463,-51.0,289.0,3.43,0.0,1|2|3|4|5|6|7|8|9|10|11|12
OO,TYR,461,-39.0,1170.0,13.04,0.0282,1|2|3|4|5|6|7|8|9|10|11|12
OO,LFT,460,-39.0,1128.0,12.13,0.0174,1|2|3|4|6|7|8|9|10|11|12
OO,PIT,449,-45.0,944.0,4.25,0.0022,1|2|3|4|5|6|7|8|9|10|11|12
OO,AMA,440,-41.0,987.0,13.87,0.0159,1|2|3|4|5|6|7|8|9|10|11|12
OO,HDN,436,-47.0,1146.0,2.38,0.0092,1|2|3|4|5|6|7|8|9|10|11|12
OO,DSM,435,-40.0,1164.0,5.72,0.0069,1|2|3|4|5|6|7|8|9|10|11|12
OO,RST,420,-49.0,519.0,8.81,0.0143,1|2|3|4|5|6|7|8|9|10|11|12
OO,ROW,415,-40.0,648.0,18.29,0.0169,1|2|5|6|7|8|9|10|11|12
OO,MEM,415,-37.0,1008.0,10.24,0.0193,1|2|3|4|5|6|7|8|9|10|11|12
OO,FNT,412,-53.0,684.0,19.98,0.0146,1|2|3|4|5|6|7|8|9|10|11|12
OO,BUF,410,-36.0,364.0,6.1,0.0317,1|2|3|4|5|6|7|8|9|10|11|12
OO,RHI,409,-52.0,414.0,-3.58,0.0073,1|2|3|4|5|6|7|8|9|10|11|12
OO,PLN,408,-67.0,334.0,2.83,0.0245,1|2|3|4|5|6|7|8|9|10|11|12
OO,LAN,397,-37.0,544.0,11.12,0.0076,1|2|3|4|5|6|7|8|9|10|11|12
OO,ALB,395,-64.0,840.0,1.23,0.0025,1|2|3|4|5|6|7|8|9|10|11|12
OO,DEC,388,-46.0,1007.0,15.21,0.0335,1|2|3|4|5|6|7|8|9|10|11|12
OO,JST,379,-52.0,755.0,10.84,0.0132,1|2|3|4|5|6|7|8|9|10|11|12
OO,ROA,378,-31.0,844.0,16.03,0.0159,1|2|3|4|5|6|7|8|9|10|11|12
OO,PIH,377,-40.0,230.0,-9.52,0.0,1|2|3|4|5|6|7|8|9|10|11|12
OO,SHR,375,-43.0,472.0,-2.48,0.0133,1|2|3|4|5|6|7|8|9|10|11|12
OO,GUC,373,-54.0,1224.0,0.88,0.0134,1|2|3|4|5|6|7|8|9|10|11|12
OO,IMT,372,-40.0,413.0,7.57,0.0134,1|2|3|4|5|6|7|8|9|10|11|12
OO,RIC,369,-35.0,1172.0,12.13,0.0,1|2|3|4|5|6|7|8|9|10|11|12
OO,GCC,368,-44.0,951.0,1.95,0.0136,1|2|3|4|5|6|7|8|9|10|11|12
OO,BRO,367,-35.0,1078.0,15.45,0.0191,1|3|4|5|6|7|8|9|10|11|12
OO,AVL,367,-55.0,759.0,10.87,0.0436,1|2|3|4|5|6|7|8|9|10|11|12
OO,ABR,367,-50.0,1126.0,18.3,0.0054,1|2|3|4|5|6|7|8|9|10|11|12
OO,PRC,365,-42.0,1012.0,16.39,0.0055,1|2|3|4|5|6|7|8|9|10|11|12
OO,GRI,364,-49.0,946.0,19.13,0.0275,1|2|3|4|5|6|7|8|9|10|11|12
OO,SUX,363,-49.0,984.0,18.53,0.0193,1|2|3|4|5|6|7|8|9|10|11|12
OO,CIU,363,-46.0,539.0,18.58,0.011,1|2|3|4|5|6|7|8|9|10|11|12
OO,MTJ,362,-51.0,290.0,3.8,0.011,1|2|3|4|5|6|7|8|9|12
OO,ACT,362,-28.0,417.0,11.77,0.0387,1|2|3|4|5|6|7|8|9|10|11|12
OO,SLN,358,-33.0,443.0,6.35,0.0196,1|2|3|4|5|6|7|8|9|10|11|12
OO,CAE,354,-34.0,525.0,3.52,0.0028,1|2|3|4|5|6|7|8|9|10|11|12
OO,BTM,354,-56.0,1067.0,-13.31,0.0,1|2|3|4|5|6|7|8|9|10|11|12
OO,DVL,353,-52.0,1445.0,16.74,0.051,1|2|3|4|5|6|7|8|9|10|11|12
OO,CMX,351,-41.0,878.0,16.12,0.037,1|2|3|4|5|6|7|8|9|10|11|12
OO,TWF,349,-32.0,238.0,-5.96,0.0029,1|2|3|4|5|6|7|8|9|10|11|12
OO,ABY,347,-33.0,838.0,12.6,0.0058,1|2|3|4|5|6|7|8|9|10|11|12
OO,ELM,343,-33.0,871.0,18.35,0.0058,1|2|3|4|5|6|7|8|9|10|11|12
OO,HYS,341,-38.0,459.0,2.43,0.0205,1|2|3|4|5|6|7|8|9|10|11|12
OO,CHO,338,-36.0,413.0,15.66,0.0178,1|2|3|4|5|6|7|8|9|10|11|12
OO,ESC,337,-54.0,486.0,5.08,0.0119,1|2|3|4|5|6|7|8|9|10|11|12
OO,BJI,336,-42.0,609.0,7.37,0.006,1|2|3|4|5|6|7|8|9|10|11|12
OO,BRD,336,-42.0,1189.0,1.53,0.006,1|2|3|4|5|6|7|8|9|10|11|12
OO,CYS,329,-50.0,509.0,-3.84,0.0213,1|2|3|4|5|6|7|8|9|10|11|12
OO,DDC,328,-41.0,1074.0,28.37,0.0305,1|2|3|4|5|6|7|8|9|10|11|12
OO,CDC,327,-41.0,326.0,-2.74,0.0153,1|2|3|4|5|6|7|8|9|10|11|12
OO,BFF,326,-41.0,1019.0,4.49,0.0276,1|2|3|4|5|6|7|8|9|10|11|12
OO,BQK,323,-31.0,507.0,15.96,0.0,1|2|3|4|5|6|7|8|9|10|11|12
OO,VCT,320,-33.0,495.0,7.23,0.0281,1|2|3|4|5|6|7|8|9|10|11|12
OO,COD,320,-45.0,952.0,13.74,0.0094,5|6|7|8|9|10|11|12
OO,DIK,318,-51.0,954.0,4.09,0.0252,1|2|3|4|5|6|7|8|9|10|11|12
OO,INL,318,-48.0,1284.0,6.89,0.0189,1|2|3|4|5|6|7|8|9|10|11|12
OO,MGM,317,-36.0,973.0,22.29,0.0063,1|2|3|4|5|6|7|8|9|10|11|12
OO,HIB,315,-47.0,796.0,-2.78,0.0127,1|2|3|4|5|6|7|8|9|10|11|12
OO,RIW,315,-33.0,1010.0,11.99,0.0254,1|2|3|4|5|6|7|8|9|10|11|12
OO,MCW,315,-59.0,997.0,15.12,0.0286,1|2|3|4|5|6|7|8|9|10|11|12
OO,PVD,314,-34.0,411.0,4.23,0.0064,3|4|5|6|7|8|9|10|11|12
OO,APN,313,-39.0,640.0,8.6,0.0192,1|2|3|4|5|6|7|8|9|10|11|12
OO,LBF,312,-46.0,1050.0,7.3,0.0096,1|2|3|4|5|6|7|8|9|10|11|12
OO,BTR,307,-36.0,417.0,6.04,0.0261,1|2|3|4|5|6|7|8|9|10|11|12
OO,MEI,304,-64.0,1389.0,9.45,0.0395,1|2|3|4|5|6|7|8|9|10|11|12
OO,LAR,302,-38.0,1289.0,8.39,0.0497,1|2|3|4|5|6|7|8|9|10|11|12
OO,RKS,302,-38.0,895.0,13.58,0.0033,1|2|3|4|5|6|7|8|9|10|11|12
OO,SPS,300,-35.0,653.0,7.03,0.01,1|2|3|4|5|6|7|8|9|10|11
OO,JMS,300,-42.0,1418.0,13.31,0.04,1|2|3|4|5|6|7|8|9|10|11|12
OO,SHV,300,-30.0,326.0,-0.59,0.0133,1|2|3|5|6|7|8|9|10|11|12
OO,FOD,298,-51.0,1121.0,19.17,0.0235,1|2|3|4|5|6|7|8|9|10|11|12
OO,LBL,295,-32.0,971.0,7.62,0.0542,1|2|3|4|5|6|7|8|9|10|11|12
OO,STL,295,-42.0,1146.0,17.18,0.0102,1|2|3|4|5|6|7|8|9|10|11|12
OO,LGB,295,-30.0,265.0,-2.59,0.0,1|2|3|4|5|6|7|8|9|10|11|12
OO,JLN,290,-65.0,1026.0,8.96,0.0207,1|2|3|4|5|6|7|8|9|10|11|12
OO,PIB,288,-56.0,259.0,1.89,0.0417,1|2|3|4|5|6|7|8|9|10|11|12
OO,ROC,270,-34.0,284.0,2.51,0.0,1|2|3|4|5|6|7|8|9|10|11|12
OO,SWO,266,-38.0,1183.0,12.39,0.0301,1|2|5|6|7|8|9|10|11|12
OO,GGG,264,-31.0,391.0,8.53,0.0303,1|2|3|4|5|6|7|9|10|11|12
OO,GRK,261,-30.0,902.0,13.79,0.0383,1|2|3|4|5|6|7|8|9|10|11|12
OO,ALW,261,-21.0,120.0,2.85,0.0268,1|2|3|4|5|6|7|8|9
OO,BPT,260,-40.0,555.0,0.21,0.0231,1|4|5|6|7|8|9|10|11|12
OO,SCE,247,-41.0,461.0,9.84,0.0121,1|2|3|4|5|6|7|8|9|10|11|12
OO,JAN,236,-37.0,1696.0,19.09,0.0042,1|2|3|4|5|6|7|8|9|10|11
OO,PWM,219,-52.0,1041.0,10.34,0.0046,1|2|3|4|9|10|11|12
OO,HOB,215,-43.0,840.0,17.88,0.0186,5|6|7|8|9|10|11|12
OO,CSG,213,-27.0,403.0,14.47,0.0141,1|2|3|4|5|6|7|9
OO,AGS,211,-32.0,352.0,18.78,0.0095,1|2|3|4|5|6|9|10|11|12
OO,SAV,202,-40.0,265.0,-0.64,0.0149,1|2|3|5|6|7|8|9|10|11|12
OO,EVV,197,-41.0,610.0,23.25,0.0051,1|3|4|5|6|9|10|11|12
OO,CHS,193,-35.0,371.0,14.44,0.0155,1|2|5|6|7|8|9|10|11|12
OO,HOU,184,-33.0,360.0,17.25,0.0109,1|2|8|9|10|11|12
OO,ORF,181,-37.0,991.0,25.32,0.0055,5|6|7|8|9|10|11|12
OO,SJT,179,-35.0,1058.0,17.81,0.0112,1|2|5|6|7|8|9|10|11|12
OO,EKO,177,-43.0,696.0,-3.31,0.0056,1|2|3|4|5|6|7|8|9|10|11|12
OO,MSY,172,-35.0,459.0,10.93,0.0291,1|2|5|6|7|8|9|12
OO,ABE,165,-42.0,851.0,28.82,0.0303,1|2|3|4|5|6|12
OO,OTH,164,-31.0,1137.0,25.93,0.0061,1|2|3|4|5|6|7|8|9|10|11|12
OO,TXK,163,-32.0,403.0,13.15,0.0368,1|2|5|6|10|11|12
OO,GPT,160,-30.0,567.0,18.75,0.0187,1|2|3|4|5|8|9|10|11|12
OO,WYS,154,-37.0,396.0,4.69,0.013,5|6|7|8|9|10
OO,PVU,150,-43.0,351.0,16.9,0.0067,10|11|12
OO,BIH,144,-51.0,261.0,12.09,0.0486,1|2|3|4|7|8|9|10|12
OO,ECP,143,-41.0,283.0,1.62,0.0,2|3|4|5|6|7|8|9|10|12
OO,CLL,134,-27.0,345.0,12.62,0.0448,1|2|5|6|9|10|11|12
OO,BTV,127,-41.0,344.0,2.25,0.0,4|5|6|9|10|11|12
OO,MQT,127,-41.0,346.0,0.32,0.0079,4|5|6|7|8|9|10|11|12
OO,CRP,125,-31.0,608.0,6.3,0.024,1|2|3|4|6|7|8|9|10|11|12
OO,HRL,123,-37.0,275.0,-3.11,0.0244,1|2|3|4|5|10|11|12
OO,GCK,117,-40.0,519.0,17.41,0.0171,1|2|9|10|11
OO,DHN,112,-35.0,621.0,14.06,0.0089,4|5|6|7|8
OO,MLU,111,-29.0,456.0,17.51,0.018,1|2|8|9|10|12
OO,PHL,110,-32.0,1328.0,24.87,0.0091,1|2|3|4|5|6|11|12
OO,MOB,104,-35.0,231.0,3.88,0.0,1|2|3|5|6|7
OO,FAY,103,-27.0,1080.0,35.74,0.0097,1|5|6|7|8|9|10
OO,DCA,92,-46.0,881.0,8.16,0.0109,1|2|3|4|5|6|7|8|10|11|12
OO,FSM,86,-31.0,956.0,11.53,0.0349,1|2|3|4|5|10|11
OO,BGR,85,-38.0,918.0,16.39,0.0,5|6|7|8|9|10
OO,PNS,85,-38.0,1287.0,28.66,0.0,1|2|3|4|5|6|10|11|12
OO,JAX,76,-33.0,177.0,-2.29,0.0132,2|3|4|5|6|7|8
OO,TRI,75,-29.0,307.0,10.23,0.0,1|2|3|5
OO,EAR,57,-33.0,560.0,12.25,0.0,11|12
OO,KTN,53,-19.0,384.0,32.31,0.0189,6|7|8|9
OO,COU,49,-26.0,919.0,49.85,0.0204,7|8|9|10|11|12
OO,SIT,47,-35.0,911.0,54.56,0.0851,6|7|8|9
OO,VLD,32,-22.0,68.0,3.16,0.0,3|4
OO,BDL,32,-26.0,1327.0,45.06,0.0,2|6|7|8|9|10|11|12
OO,CLT,31,-40.0,97.0,-8.23,0.0,2|3|4|5|6
OO,VEL,27,-33.0,1053.0,24.41,0.0,1
OO,LRD,26,-28.0,195.0,4.35,0.0,4|5|6|10
OO,SRQ,22,-21.0,1231.0,117.5,0.0,1|3|6|9|10|11|12
OO,AVP,22,-38.0,410.0,17.05,0.0455,1|2|10
OO,MGW,18,-32.0,450.0,63.11,0.0,12
OO,CNY,17,-30.0,84.0,-2.33,0.1176,1
OO,ACK,17,-40.0,87.0,-1.94,0.0588,5|6|7|8
OO,EAU,15,-31.0,299.0,20.0,0.1333,12
OO,ILM,13,-31.0,128.0,4.15,0.0,1|2|3|5|6|7|8
OO,MYR,12,-29.0,28.0,-10.25,0.0,5|8|9|10
OO,BWI,4,-18.0,-7.0,-12.75,0.0,10|11
OO,MHK,2,-17.0,-10.0,-13.5,0.0,11
UA,DEN,50849,-56.0,1202.0,7.21,0.0115,1|2|3|4|5|6|7|8|9|10|11|12
UA,ORD,45054,-72.0,1330.0,6.87,0.0134,1|2|3|4|5|6|7|8|9|10|11|12
UA,EWR,34590,-71.0,1131.0,7.66,0.0238,1|2|3|4|5|6|7|8|9|10|11|12
UA,IAH,34143,-64.0,1138.0,12.1,0.0185,1|2|3|4|5|6|7|8|9|10|11|12
UA,SFO,25550,-61.0,1012.0,2.64,0.0141,1|2|3|4|5|6|7|8|9|10|11|12
UA,IAD,16132,-63.0,1150.0,2.96,0.0147,1|2|3|4|5|6|7|8|9|10|11|12
UA,LAX,13591,-74.0,985.0,0.39,0.0171,1|2|3|4|5|6|7|8|9|10|11|12
UA,LAS,7200,-54.0,1161.0,3.11,0.0214,1|2|3|4|5|6|7|8|9|10|11|12
UA,MCO,6930,-50.0,842.0,7.17,0.028,1|2|3|4|5|6|7|8|9|10|11|12
UA,BOS,6235,-70.0,1025.0,1.49,0.0184,1|2|3|4|5|6|7|8|9|10|11|12
UA,SAN,5118,-51.0,1106.0,4.74,0.0211,1|2|3|4|5|6|7|8|9|10|11|12
UA,PHX,5091,-49.0,1011.0,1.01,0.0167,1|2|3|4|5|6|7|8|9|10|11|12
UA,AUS,4744,-55.0,1524.0,6.11,0.0145,1|2|3|4|5|6|7|8|9|10|11|12
UA,SEA,4482,-61.0,794.0,4.19,0.0161,1|2|3|4|5|6|7|8|9|10|11|12
UA,CLE,4277,-57.0,503.0,-2.19,0.0147,1|2|3|4|5|6|7|8|9|10|11|12
UA,TPA,4230,-55.0,1417.0,7.74,0.0298,1|2|3|4|5|6|7|8|9|10|11|12
UA,DFW,4166,-57.0,1365.0,10.53,0.0149,1|2|3|4|5|6|7|8|9|10|11|12
UA,FLL,4135,-49.0,1019.0,5.53,0.0259,1|2|3|4|5|6|7|8|9|10|11|12
UA,LGA,4127,-72.0,1296.0,1.18,0.0206,1|2|3|4|5|6|7|8|9|10|11|12
UA,ATL,3643,-53.0,1160.0,7.95,0.0162,1|2|3|4|5|6|7|8|9|10|11|12
UA,PDX,3354,-56.0,1447.0,3.61,0.0155,1|2|3|4|5|6|7|8|9|10|11|12
UA,MSY,3258,-46.0,975.0,5.76,0.0193,1|2|3|4|5|6|7|8|9|10|11|12
UA,MIA,3172,-56.0,1335.0,14.85,0.0262,1|2|3|4|5|6|7|8|9|10|11|12
UA,BNA,3105,-45.0,1816.0,6.82,0.0132,1|2|3|4|5|6|7|8|9|10|11|12
UA,SNA,3062,-51.0,883.0,-0.63,0.0075,1|2|3|4|5|6|7|8|9|10|11|12
UA,DCA,3044,-64.0,1016.0,6.08,0.0158,1|2|3|4|5|6|7|8|9|10|11|12
UA,SAT,2886,-50.0,773.0,2.07,0.018,1|2|3|4|5|6|7|8|9|10|11|12
UA,RSW,2795,-50.0,583.0,0.72,0.0347,1|2|3|4|5|6|7|8|9|10|11|12
UA,RDU,2765,-48.0,1200.0,5.57,0.013,1|2|3|4|5|6|7|8|9|10|11|12
UA,MSP,2718,-48.0,718.0,4.68,0.0121,1|2|3|4|5|6|7|8|9|10|11|12
UA,HNL,2498,-85.0,1186.0,-1.45,0.012,1|2|3|4|5|6|7|8|9|10|11|12
UA,PHL,2029,-63.0,1018.0,1.85,0.0103,1|2|3|4|5|6|7|8|9|10|11|12
UA,CLT,2029,-44.0,986.0,8.08,0.0158,1|2|3|4|5|6|7|8|9|10|11|12
UA,SLC,2027,-48.0,938.0,7.04,0.0173,1|2|3|4|5|6|7|8|9|10|11|12
UA,SMF,1922,-49.0,944.0,-0.3,0.0156,1|2|3|4|5|6|7|8|9|10|11|12
UA,JAX,1891,-42.0,921.0,5.15,0.0153,1|2|3|4|5|6|7|8|9|10|11|12
UA,MCI,1775,-39.0,543.0,1.57,0.0118,1|2|3|4|5|6|7|8|9|10|11|12
UA,PBI,1773,-51.0,1183.0,9.27,0.0327,1|2|3|4|5|6|7|8|9|10|11|12
UA,BWI,1724,-62.0,1221.0,0.18,0.011,1|2|3|4|5|6|7|8|9|10|11|12
UA,PIT,1550,-60.0,1179.0,3.55,0.0116,1|2|3|4|5|6|7|8|9|10|11|12
UA,STL,1549,-48.0,581.0,10.8,0.0123,1|2|3|4|5|6|7|8|9|10|11|12
UA,SJU,1533,-56.0,1465.0,10.44,0.0117,1|2|3|4|5|6|7|8|9|10|11|12
UA,OMA,1452,-45.0,1145.0,8.25,0.0165,1|2|3|4|5|6|7|8|9|10|11|12
UA,CMH,1308,-42.0,530.0,10.32,0.013,1|2|3|4|5|6|7|8|9|10|11|12
UA,IND,1213,-52.0,335.0,4.67,0.0247,1|2|3|4|5|6|7|8|9|10|11|12
UA,ORF,1165,-60.0,653.0,3.67,0.0223,1|2|3|4|5|6|7|8|9|10|11|12
UA,DTW,1152,-51.0,504.0,1.32,0.0061,1|2|3|4|5|6|7|8|9|10|11|12
UA,BDL,1150,-71.0,729.0,0.66,0.0139,1|2|3|4|5|6|7|8|9|10|11|12
UA,RNO,1123,-43.0,1113.0,8.47,0.0134,1|2|3|4|5|6|7|8|9|10|11|12
UA,CHS,1095,-43.0,1011.0,5.28,0.0146,1|2|3|4|5|6|7|8|9|10|11|12
UA,CVG,1070,-43.0,810.0,2.51,0.0121,1|2|3|4|5|6|7|8|9|10|11|12
UA,BZN,1061,-40.0,1091.0,5.95,0.0123,1|2|3|4|5|6|7|8|9|10|11|12
UA,SJC,1055,-45.0,1202.0,-4.11,0.0095,1|2|3|4|5|6|7|8|9|10|11|12
UA,JAC,1033,-51.0,423.0,9.73,0.0223,1|2|3|4|5|6|7|8|9|10|11|12
UA,DSM,988,-41.0,505.0,5.09,0.0132,1|2|3|4|5|6|7|8|9|10|11|12
UA,ABQ,934,-38.0,364.0,-2.02,0.0128,1|2|3|4|5|6|7|8|9|10|11|12
UA,OGG,920,-76.0,770.0,-10.15,0.0098,1|2|3|4|5|6|7|8|9|10|11|12
UA,SRQ,845,-60.0,1200.0,9.98,0.0331,1|2|3|4|5|6|7|8|9|10|11|12
UA,BUR,807,-40.0,512.0,11.35,0.0087,1|2|3|4|5|6|7|8|9|10|11|12
UA,KOA,798,-77.0,1513.0,0.34,0.0113,1|2|3|4|5|6|7|8|9|10|11|12
UA,MEM,791,-37.0,462.0,2.08,0.0202,1|2|3|4|5|6|7|8|9|10|11|12
UA,MSN,765,-50.0,1724.0,5.1,0.0157,1|2|3|4|5|6|7|8|9|10|11|12
UA,SBA,752,-36.0,463.0,10.05,0.0199,1|2|3|4|5|6|7|8|9|10|11|12
UA,EUG,739,-36.0,607.0,5.99,0.0162,1|2|3|4|5|6|7|8|9|10|11|12
UA,PSP,735,-53.0,1047.0,3.8,0.0041,1|2|3|4|5|6|8|9|10|11|12
UA,ONT,720,-39.0,486.0,-1.12,0.0083,1|2|3|4|5|6|7|8|9|10|11|12
UA,GRR,699,-50.0,422.0,2.36,0.0114,1|2|3|4|5|6|7|8|9|10|11|12
UA,BOI,668,-40.0,696.0,1.8,0.024,1|2|3|4|5|6|7|8|9|10|11|12
UA,SAV,655,-42.0,1141.0,2.61,0.0168,1|2|3|4|5|6|7|8|9|10|11|12
UA,ANC,644,-63.0,1005.0,0.12,0.0155,1|2|3|4|5|6|7|8|9|10|11|12
UA,MFR,617,-39.0,713.0,5.16,0.0113,1|2|3|4|5|6|7|8|9|10|11|12
UA,LIH,611,-64.0,1390.0,-3.41,0.0049,1|2|3|4|5|6|7|8|9|10|11|12
UA,CID,570,-37.0,1307.0,7.92,0.0158,1|2|3|4|5|6|7|8|9|10|11|12
UA,TUS,561,-43.0,599.0,3.51,0.0089,1|2|3|4|5|8|9|10|11|12
UA,BTV,557,-43.0,965.0,9.41,0.0162,1|2|3|4|5|6|7|8|9|10|11|12
UA,ROC,517,-41.0,960.0,6.97,0.0155,1|2|3|4|5|6|7|8|9|10|11|12
UA,RDM,516,-36.0,1054.0,20.22,0.0116,1|2|3|4|5|6|7|8|9|10|11|12
UA,MSO,510,-44.0,432.0,4.34,0.0157,1|2|3|4|5|6|7|8|9|10|11|12
UA,SYR,509,-70.0,929.0,-0.44,0.0118,1|2|3|4|5|6|7|8|9|10|11|12
UA,RAP,508,-42.0,239.0,2.47,0.0138,1|2|3|4|5|6|7|8|9|10|11|12
UA,BUF,469,-41.0,419.0,6.69,0.0171,1|2|3|4|5|6|7|8|9|10|11|12
UA,MTJ,450,-51.0,431.0,1.35,0.0111,1|2|3|4|5|6|7|8|9|10|11|12
UA,RIC,448,-46.0,321.0,-3.22,0.0089,1|2|3|4|5|6|7|8|9|10|11|12
UA,FCA,443,-53.0,521.0,3.86,0.0113,1|2|3|4|5|6|7|8|9|10|11|12
UA,SDF,440,-56.0,1294.0,6.75,0.0045,1|2|3|4|5|6|7|8|9|10|11|12
UA,GEG,436,-42.0,311.0,-5.86,0.0161,1|2|3|4|5|6|7|8|9|10|11|12
UA,STT,416,-61.0,1237.0,1.94,0.0096,1|2|3|4|5|6|7|8|9|10|11|12
UA,PWM,404,-36.0,250.0,1.99,0.0248,1|2|3|4|5|6|7|8|9|10|11|12
UA,ALB,385,-48.0,383.0,2.48,0.0182,1|2|3|4|5|6|7|8|9|10|11|12
UA,BIL,380,-36.0,201.0,-1.61,0.0079,1|2|3|4|5|6|7|8|9|10|11|12
UA,EYW,377,-44.0,320.0,12.13,0.0265,1|2|3|4|5|6|7|8|9|10|11|12
UA,COS,373,-36.0,366.0,4.47,0.0161,1|2|3|4|5|6|7|8|9|10|11|12
UA,GUM,366,-58.0,111.0,-12.26,0.0027,1|2|3|4|5|6|7|8|9|10|11|12
UA,GJT,366,-44.0,566.0,-5.7,0.0055,1|2|3|4|5|6|7|8|9|10|11|12
UA,FSD,363,-51.0,498.0,-0.87,0.0083,1|2|3|4|5|6|7|8|9|10|11|12
UA,DRO,348,-47.0,670.0,-4.49,0.0057,1|2|3|4|5|6|7|8|9|10|11|12
UA,MKE,334,-48.0,397.0,5.04,0.015,1|2|3|4|5|6|7|8|9|10|11|12
UA,PNS,332,-41.0,250.0,-4.25,0.0241,1|2|3|4|5|6|7|8|9|10|11|12
UA,ICT,302,-32.0,812.0,10.08,0.0099,1|2|3|4|5|6|7|8|9|10|11|12
UA,HDN,302,-49.0,635.0,1.73,0.0066,1|2|3|12
UA,TVC,298,-39.0,407.0,7.94,0.0067,1|2|3|4|5|6|7|8|9|10|11|12
UA,MFE,291,-37.0,343.0,-2.96,0.0584,1|2|3|4|5|6|7|8|9|10|11|12
UA,EGE,254,-45.0,481.0,11.62,0.0118,1|2|3|4|5|6|7|8|12
UA,TUL,236,-28.0,318.0,3.81,0.0085,1|2|3|4|5|6|7|8|9|10|11|12
UA,GSP,214,-41.0,479.0,6.93,0.0093,1|2|3|4|5|6|7|8|9|10|11|12
UA,MDT,200,-34.0,371.0,4.64,0.01,1|2|3|4|5|6|7|8|9|10|11|12
UA,FAT,194,-35.0,539.0,11.99,0.0412,1|5|6|7|8|9|10|11|12
UA,SBP,184,-33.0,334.0,1.19,0.0109,1|2|3|4|5|6|7|8|9|10|11|12
UA,BQN,184,-51.0,1108.0,19.46,0.0217,1|2|3|4|5|6|7|8|9|10|11|12
UA,SPN,172,-32.0,277.0,-5.39,0.0116,1|2|3|4|5|6|7|8|9|10|11|12
UA,ELP,169,-27.0,152.0,-4.53,0.0059,1|2|3|4|5|8|9|10|11|12
UA,TYS,156,-49.0,118.0,-7.56,0.0,5|6|7|8|9|10|11|12
UA,MYR,138,-49.0,152.0,-1.64,0.0072,4|5|6|7|8|9|10|11|12
UA,GTF,134,-37.0,196.0,-7.42,0.0299,5|6|7|8|9|12
UA,FAI,115,-43.0,979.0,-0.94,0.0174,5|6|7|8|9
UA,XNA,113,-44.0,743.0,8.54,0.0,5|6|7|8|9|10|11|12
UA,AVL,96,-34.0,166.0,11.65,0.0104,5|6|7|8|9|10
UA,PVD,72,-35.0,41.0,-4.85,0.0,6|7|8|9|10|12
UA,FAR,63,-35.0,748.0,16.87,0.0317,8|9|10|11|12
UA,MAF,31,-28.0,37.0,-3.0,0.0323,1|2|4|12
UA,SBN,17,-24.0,51.0,6.06,0.0,9|10|11|12
UA,OKC,9,-18.0,453.0,46.0,0.0,5|6
UA,BTR,1,57.0,57.0,57.0,0.0,1
UA,BHM,1,-7.0,-7.0,-7.0,0.0,3
WN,DEN,48457,-48.0,420.0,8.93,0.0079,1|2|3|4|5|6|7|8|9|10|11|12
WN,LAS,42741,-59.0,490.0,5.72,0.005,1|2|3|4|5|6|7|8|9|10|11|12
WN,BWI,36537,-66.0,633.0,8.36,0.0093,1|2|3|4|5|6|7|8|9|10|11|12
WN,MDW,35913,-59.0,523.0,5.48,0.0119,1|2|3|4|5|6|7|8|9|10|11|12
WN,DAL,35126,-49.0,528.0,8.33,0.0106,1|2|3|4|5|6|7|8|9|10|11|12
WN,PHX,33149,-47.0,570.0,5.26,0.0047,1|2|3|4|5|6|7|8|9|10|11|12
WN,HOU,26150,-49.0,601.0,4.78,0.0114,1|2|3|4|5|6|7|8|9|10|11|12
WN,BNA,25485,-66.0,476.0,4.0,0.0085,1|2|3|4|5|6|7|8|9|10|11|12
WN,MCO,22324,-48.0,591.0,9.26,0.0155,1|2|3|4|5|6|7|8|9|10|11|12
WN,STL,20479,-62.0,452.0,5.13,0.0076,1|2|3|4|5|6|7|8|9|10|11|12
WN,AUS,18722,-49.0,517.0,5.84,0.0059,1|2|3|4|5|6|7|8|9|10|11|12
WN,OAK,17247,-60.0,481.0,2.39,0.005,1|2|3|4|5|6|7|8|9|10|11|12
WN,SAN,17149,-67.0,536.0,8.97,0.0094,1|2|3|4|5|6|7|8|9|10|11|12
WN,ATL,16633,-41.0,534.0,6.72,0.0066,1|2|3|4|5|6|7|8|9|10|11|12
WN,SMF,15067,-56.0,415.0,3.08,0.0053,1|2|3|4|5|6|7|8|9|10|11|12
WN,SJC,14214,-48.0,385.0,1.39,0.0058,1|2|3|4|5|6|7|8|9|10|11|12
WN,LAX,12899,-57.0,422.0,4.37,0.0047,1|2|3|4|5|6|7|8|9|10|11|12
WN,MCI,12101,-50.0,534.0,3.79,0.0086,1|2|3|4|5|6|7|8|9|10|11|12
WN,TPA,12054,-44.0,523.0,7.38,0.0215,1|2|3|4|5|6|7|8|9|10|11|12
WN,MSY,9391,-39.0,486.0,8.32,0.0104,1|2|3|4|5|6|7|8|9|10|11|12
WN,BUR,9308,-44.0,385.0,0.61,0.01,1|2|3|4|5|6|7|8|9|10|11|12
WN,SAT,8178,-43.0,461.0,2.97,0.0082,1|2|3|4|5|6|7|8|9|10|11|12
WN,DCA,7924,-61.0,423.0,3.52,0.0121,1|2|3|4|5|6|7|8|9|10|11|12
WN,LGB,7899,-50.0,391.0,0.77,0.0053,1|2|3|4|5|6|7|8|9|10|11|12
WN,HNL,7285,-84.0,327.0,-4.2,0.0026,1|2|3|4|5|6|7|8|9|10|11|12
WN,SNA,7176,-39.0,410.0,0.63,0.0059,1|2|3|4|5|6|7|8|9|10|11|12
WN,FLL,7135,-52.0,465.0,11.55,0.0142,1|2|3|4|5|6|7|8|9|10|11|12
WN,SLC,6003,-49.0,457.0,4.36,0.0027,1|2|3|4|5|6|7|8|9|10|11|12
WN,CMH,5962,-64.0,499.0,2.45,0.0096,1|2|3|4|5|6|7|8|9|10|11|12
WN,LGA,5745,-67.0,419.0,2.71,0.0188,1|2|3|4|5|6|7|8|9|10|11|12
WN,ABQ,5708,-41.0,450.0,4.01,0.0068,1|2|3|4|5|6|7|8|9|10|11|12
WN,IND,5663,-50.0,465.0,3.54,0.0102,1|2|3|4|5|6|7|8|9|10|11|12
WN,ONT,5509,-34.0,370.0,0.07,0.0042,1|2|3|4|5|6|7|8|9|10|11|12
WN,PIT,5122,-60.0,457.0,3.44,0.0088,1|2|3|4|5|6|7|8|9|10|11|12
WN,MKE,4909,-52.0,374.0,1.0,0.01,1|2|3|4|5|6|7|8|9|10|11|12
WN,PDX,4856,-36.0,311.0,2.85,0.0051,1|2|3|4|5|6|7|8|9|10|11|12
WN,RDU,4465,-40.0,442.0,3.37,0.0045,1|2|3|4|5|6|7|8|9|10|11|12
WN,ELP,4421,-38.0,504.0,2.97,0.0057,1|2|3|4|5|6|7|8|9|10|11|12
WN,RNO,4353,-38.0,679.0,2.94,0.0067,1|2|3|4|5|6|7|8|9|10|11|12
WN,SEA,4072,-48.0,535.0,6.74,0.0017,1|2|3|4|5|6|7|8|9|10|11|12
WN,OMA,3853,-45.0,398.0,3.83,0.0104,1|2|3|4|5|6|7|8|9|10|11|12
WN,SFO,3773,-37.0,498.0,14.26,0.004,1|2|3|4|5|6|7|8|9|10|11|12
WN,MSP,3599,-57.0,451.0,1.98,0.0089,1|2|3|4|5|6|7|8|9|10|11|12
WN,RSW,3587,-39.0,501.0,7.8,0.0209,1|2|3|4|5|6|7|8|9|10|11|12
WN,OKC,3538,-42.0,409.0,2.81,0.0051,1|2|3|4|5|6|7|8|9|10|11|12
WN,OGG,3336,-70.0,209.0,-5.72,0.0048,1|2|3|4|5|6|7|8|9|10|11|12
WN,ORD,3316,-58.0,762.0,4.14,0.0166,1|2|3|4|5|6|7|8|9|10|11|12
WN,BOS,3308,-65.0,447.0,3.04,0.0097,1|2|3|4|5|6|7|8|9|10|11|12
WN,MIA,2889,-45.0,573.0,12.57,0.0156,1|2|3|4|5|6|7|8|9|10|11|12
WN,TUL,2693,-39.0,387.0,0.58,0.0063,1|2|3|4|5|6|7|8|9|10|11|12
WN,BUF,2657,-61.0,401.0,2.19,0.0132,1|2|3|4|5|6|7|8|9|10|11|12
WN,SDF,2576,-47.0,488.0,1.83,0.007,1|2|3|4|5|6|7|8|9|10|11|12
WN,CLE,2544,-59.0,394.0,-0.13,0.0075,1|2|3|4|5|6|7|8|9|10|11|12
WN,PHL,2498,-48.0,812.0,6.02,0.0044,1|2|3|4|5|6|7|8|9|10|11|12
WN,PVD,2429,-46.0,470.0,2.34,0.0115,1|2|3|4|5|6|7|8|9|10|11|12
WN,COS,2424,-40.0,399.0,3.82,0.0066,1|2|3|4|5|6|7|8|9|10|11|12
WN,BOI,2418,-38.0,394.0,0.54,0.0029,1|2|3|4|5|6|7|8|9|10|11|12
WN,JAX,2358,-45.0,593.0,2.62,0.0089,1|2|3|4|5|6|7|8|9|10|11|12
WN,BHM,2134,-40.0,520.0,7.29,0.0089,1|2|3|4|5|6|7|8|9|10|11|12
WN,SRQ,2131,-37.0,275.0,3.78,0.0375,1|2|3|4|5|6|7|8|9|10|11|12
WN,TUS,2126,-34.0,345.0,2.95,0.0042,1|2|3|4|5|6|7|8|9|10|11|12
WN,BDL,2113,-53.0,446.0,3.14,0.0085,1|2|3|4|5|6|7|8|9|10|11|12
WN,DTW,2014,-50.0,380.0,2.33,0.0074,1|2|3|4|5|6|7|8|9|10|11|12
WN,SJU,2002,-38.0,377.0,7.41,0.008,1|2|3|4|5|6|7|8|9|10|11|12
WN,GEG,1832,-44.0,278.0,-0.28,0.0011,1|2|3|4|5|6|7|8|9|10|11|12
WN,MAF,1790,-35.0,555.0,2.74,0.0095,1|2|3|4|5|6|7|8|9|10|11|12
WN,MEM,1776,-40.0,510.0,5.67,0.0084,1|2|3|4|5|6|7|8|9|10|11|12
WN,CHS,1776,-37.0,444.0,3.7,0.0068,1|2|3|4|5|6|7|8|9|10|11|12
WN,ALB,1751,-43.0,646.0,4.36,0.0097,1|2|3|4|5|6|7|8|9|10|11|12
WN,CLT,1701,-36.0,446.0,10.53,0.0035,1|2|3|4|5|6|7|8|9|10|11|12
WN,KOA,1696,-69.0,222.0,-7.08,0.0053,1|2|3|4|5|6|7|8|9|10|11|12
WN,LIH,1631,-68.0,259.0,-6.95,0.0,1|2|3|4|5|6|7|8|9|10|11|12
WN,ECP,1606,-38.0,624.0,4.76,0.0075,1|2|3|4|5|6|7|8|9|10|11|12
WN,ORF,1566,-33.0,432.0,5.31,0.0038,1|2|3|4|5|6|7|8|9|10|11|12
WN,IAH,1405,-45.0,768.0,7.16,0.0149,1|2|3|4|5|6|7|8
WN,ISP,1400,-46.0,505.0,3.59,0.0093,1|2|3|4|5|6|7|8|9|10|11|12
WN,MHT,1354,-58.0,354.0,-0.39,0.0052,1|2|3|4|5|6|7|8|9|10|11|12
WN,SAV,1348,-40.0,466.0,5.35,0.0067,1|2|3|4|5|6|7|8|9|10|11|12
WN,LBB,1347,-40.0,352.0,-0.32,0.0052,1|2|3|4|5|6|7|8|9|10|11|12
WN,LIT,1321,-35.0,321.0,-0.25,0.0038,1|2|3|4|5|6|7|8|9|10|11|12
WN,PSP,1295,-37.0,255.0,2.11,0.0031,1|2|3|4|5|6|7|8|9|10|11|12
WN,PBI,1246,-35.0,333.0,4.92,0.008,1|2|3|4|5|6|7|8|9|10|11|12
WN,MYR,1167,-36.0,329.0,2.43,0.0069,1|2|3|4|5|6|7|8|9|10|11|12
WN,HRL,1151,-33.0,301.0,5.34,0.0026,1|2|3|4|5|6|7|8|9|10|11|12
WN,PNS,1077,-59.0,490.0,0.96,0.0046,1|2|3|4|5|6|7|8|9|10|11|12
WN,CVG,1076,-37.0,426.0,3.24,0.0056,1|2|3|4|5|6|7|8|9|10|11|12
WN,SBA,1028,-32.0,365.0,0.04,0.0165,1|2|3|4|5|6|7|8|9|10|11|12
WN,BZN,1016,-37.0,323.0,2.18,0.003,1|2|3|4|5|6|7|8|9|10|11|12
WN,GRR,976,-34.0,510.0,5.16,0.0061,1|2|3|4|5|6|7|8|9|10|11|12
WN,RIC,972,-47.0,395.0,3.56,0.0,1|2|3|4|5|6|7|8|9|10|11|12
WN,VPS,956,-34.0,507.0,2.19,0.0031,1|2|3|4|5|6|7|8|9|10|11|12
WN,AMA,951,-41.0,471.0,0.64,0.0032,1|2|3|4|5|6|7|8|9|10|11|12
WN,ROC,938,-51.0,411.0,6.54,0.0043,1|2|3|4|5|6|7|8|9|10|11|12
WN,JAN,921,-33.0,411.0,5.4,0.0065,1|2|3|4|5|6|7|8|9|10|11|12
WN,ITO,918,-28.0,115.0,-5.58,0.0044,1|2|3|4|5|6|7|8|9|10|11|12
WN,ICT,893,-42.0,204.0,-5.73,0.0034,1|2|3|4|5|6|7|8|9|10|11|12
WN,DSM,886,-46.0,380.0,2.41,0.009,1|2|3|4|5|6|7|8|9|10|11|12
WN,EUG,850,-39.0,433.0,0.38,0.0176,1|2|3|4|5|6|7|8|9|10|11|12
WN,GSP,792,-41.0,472.0,0.61,0.0038,1|2|3|4|5|6|7|8|9|10|11|12
WN,PWM,776,-35.0,430.0,5.69,0.0077,1|2|3|4|5|6|7|8|9|10|11|12
WN,FAT,735,-28.0,269.0,4.96,0.0014,1|2|3|4|5|6|7|8|9|10|11|12
WN,CRP,585,-39.0,434.0,5.61,0.0137,1|2|3|4|5|6|7|8|9|10|11|12
WN,IAD,553,-47.0,415.0,2.19,0.0054,1|2|3|4|5|6|7|8|9|10|11|12
WN,SYR,410,-47.0,260.0,2.68,0.0049,1|2|3|4|5|6|7|8
WN,MTJ,337,-37.0,333.0,4.23,0.0,1|2|3|4|5|6|7|8|9|10|11|12
WN,HDN,327,-38.0,234.0,5.21,0.0153,1|2|3|4|5|6|7|8|9|10|11|12
WN,BLI,283,-26.0,277.0,5.8,0.0071,1|2|3|4|5|6|7|8
YX,LGA,21052,-70.0,955.0,-4.77,0.0238,1|2|3|4|5|6|7|8|9|10|11|12
YX,DCA,13712,-70.0,1121.0,-2.21,0.0138,1|2|3|4|5|6|7|8|9|10|11|12
YX,BOS,13257,-69.0,973.0,-1.54,0.0161,1|2|3|4|5|6|7|8|9|10|11|12
YX,EWR,11600,-60.0,1211.0,-3.88,0.0332,1|2|3|4|5|6|7|8|9|10|11|12
YX,ORD,8640,-52.0,842.0,-2.26,0.009,1|2|3|4|5|6|7|8|9|10|11|12
YX,JFK,8531,-73.0,1313.0,-2.5,0.0229,1|2|3|4|5|6|7|8|9|10|11|12
YX,IND,6396,-49.0,848.0,-2.25,0.0131,1|2|3|4|5|6|7|8|9|10|11|12
YX,CMH,5684,-51.0,717.0,-4.74,0.0127,1|2|3|4|5|6|7|8|9|10|11|12
YX,PIT,4868,-49.0,1095.0,-5.41,0.0111,1|2|3|4|5|6|7|8|9|10|11|12
YX,PHL,4404,-48.0,1127.0,-1.7,0.0198,1|2|3|4|5|6|7|8|9|10|11|12
YX,IAD,4088,-42.0,927.0,-1.48,0.0147,1|2|3|4|5|6|7|8|9|10|11|12
YX,SDF,3179,-56.0,440.0,-2.32,0.0101,1|2|3|4|5|6|7|8|9|10|11|12
YX,BNA,2853,-47.0,881.0,0.75,0.0116,1|2|3|4|5|6|7|8|9|10|11|12
YX,RDU,2846,-51.0,1050.0,2.66,0.0141,1|2|3|4|5|6|7|8|9|10|11|12
YX,CVG,2711,-54.0,894.0,-0.87,0.0166,1|2|3|4|5|6|7|8|9|10|11|12
YX,DTW,2414,-49.0,649.0,-1.95,0.0153,1|2|3|4|5|6|7|8|9|10|11|12
YX,CLE,2231,-46.0,331.0,-2.38,0.022,1|2|3|4|5|6|7|8|9|10|11|12
YX,PWM,1765,-53.0,885.0,-0.32,0.0227,1|2|3|4|5|6|7|8|9|10|11|12
YX,MEM,1523,-52.0,505.0,-1.01,0.0158,1|2|3|4|5|6|7|8|9|10|11|12
YX,ORF,1420,-49.0,1209.0,2.18,0.0218,1|2|3|4|5|6|7|8|9|10|11|12
YX,BUF,1384,-43.0,1199.0,1.72,0.0347,1|2|3|4|5|6|7|8|9|10|11|12
YX,CLT,1321,-53.0,558.0,2.19,0.0121,1|2|3|4|5|6|7|8|9|10|11|12
YX,RIC,1186,-46.0,1028.0,3.56,0.0228,1|2|3|4|5|6|7|8|9|10|11|12
YX,CHS,1109,-41.0,1056.0,-0.34,0.0144,1|2|3|4|5|6|7|8|9|10|11|12
YX,GSP,1092,-55.0,408.0,0.05,0.0211,1|2|3|4|5|6|7|8|9|10|11|12
YX,GRR,1020,-46.0,251.0,-2.67,0.0216,1|2|3|4|5|6|7|8|9|10|11|12
YX,STL,985,-40.0,1347.0,1.96,0.0142,1|2|3|4|5|6|7|8|9|10|11|12
YX,MKE,984,-49.0,978.0,1.13,0.0244,1|2|3|4|5|6|7|8|9|10|11|12
YX,MCI,877,-44.0,869.0,0.16,0.0182,1|2|3|4|5|6|7|8|9|10|11|12
YX,JAX,870,-46.0,938.0,0.43,0.0138,1|2|3|4|5|6|7|8|9|10|11|12
YX,BTV,868,-57.0,585.0,-6.52,0.0253,1|2|3|4|5|6|7|8|9|10|11|12
YX,GSO,817,-44.0,1059.0,1.5,0.0282,1|2|3|4|5|6|7|8|9|10|11|12
YX,SYR,805,-68.0,475.0,-6.23,0.0112,1|2|3|4|5|6|7|8|9|10|11|12
YX,ILM,679,-34.0,1328.0,5.2,0.0191,1|2|3|4|5|6|7|8|9|10|11|12
YX,ATL,609,-38.0,1243.0,4.12,0.023,1|2|3|4|5|6|7|8|9|10|11|12
YX,MSN,606,-48.0,235.0,-2.8,0.0099,1|2|3|4|5|6|7|8|9|10|11|12
YX,MSP,590,-48.0,1079.0,3.54,0.0186,1|2|3|4|5|6|7|8|9|10|11|12
YX,SAV,582,-44.0,1034.0,0.96,0.0086,1|2|3|4|5|6|7|8|9|10|11|12
YX,AVL,547,-47.0,1168.0,4.95,0.0567,1|2|3|4|5|6|7|8|9|10|11|12
YX,EYW,538,-53.0,1168.0,6.24,0.0242,1|2|3|4|5|6|7|8|9|10|11|12
YX,BGR,522,-48.0,309.0,-1.14,0.0556,1|2|3|4|5|6|7|8|9|10|11|12
YX,OMA,512,-44.0,1230.0,3.6,0.0117,1|2|3|4|5|6|7|8|9|10|11|12
YX,PVD,493,-48.0,549.0,-3.43,0.0081,1|2|3|4|5|6|7|8|9|10|11|12
YX,OKC,479,-46.0,229.0,-2.06,0.0146,1|2|3|4|5|6|7|8|9|10|11|12
YX,ROC,476,-38.0,337.0,-2.22,0.0168,1|2|3|4|5|6|7|8|9|10|11|12
YX,DSM,468,-37.0,474.0,1.7,0.0171,1|2|3|4|5|6|7|8|9|10|11|12
YX,BWI,466,-48.0,971.0,5.18,0.0236,1|2|3|4|5|6|7|8|9|10|11|12
YX,XNA,399,-40.0,851.0,0.89,0.01,1|2|3|4|5|6|7|8|9|10|11|12
YX,LEX,372,-37.0,345.0,0.72,0.0054,1|2|3|4|5|6|7|8|9|10|11|12
YX,HHH,366,-41.0,1211.0,15.03,0.0301,2|3|4|5|6|7|8|9|10
YX,TYS,362,-40.0,996.0,0.8,0.0193,1|2|3|4|5|6|7|8|9|10|11|12
YX,TUL,343,-40.0,429.0,3.63,0.0204,1|2|3|4|5|6|7|8|9|10|11|12
YX,MSY,314,-45.0,1117.0,6.62,0.0096,1|2|3|4|5|6|7|8|9|10|11|12
YX,MIA,305,-48.0,716.0,6.77,0.0066,1|2|3|4|5|6|7|8|9|10|11|12
YX,MYR,292,-42.0,1133.0,3.05,0.0342,1|2|3|4|5|6|7|8|9|10|11|12
YX,ACK,282,-43.0,541.0,14.53,0.1028,5|6|7|8|9
YX,MVY,277,-30.0,1174.0,16.16,0.0505,5|6|7|8|9
YX,DLH,267,-39.0,410.0,-3.13,0.0,3|4|5|6|7|8|9|10|11|12
YX,BDL,256,-50.0,286.0,-8.33,0.0,1|2|3|4|5|6|8|9|10|11|12
YX,CHO,245,-34.0,316.0,7.61,0.0367,1|2|3|4|5|6|7|8|9|10|11|12
YX,LIT,217,-42.0,191.0,2.69,0.0092,1|2|3|4|5|6|7|8|9|10|11|12
YX,TVC,207,-38.0,280.0,7.05,0.0048,1|2|3|6|7|8|9|11|12
YX,BHM,178,-35.0,92.0,-6.38,0.0169,1|2|3|4|5|6|7|8|9|10|11|12
YX,ORH,174,-40.0,226.0,-4.51,0.0345,1|2|3|4|5|6|7|8|9|10|11|12
YX,CAE,173,-30.0,227.0,4.51,0.0462,1|2|3|4|5|6|7|8|9|10|11|12
YX,DAY,158,-28.0,107.0,-4.25,0.0127,1|2|3|4|5|6|9|10|11|12
YX,ROA,157,-30.0,892.0,14.58,0.0701,1|2|3|4|5|6|7|8|9|10|11|12
YX,ALB,154,-42.0,365.0,-1.95,0.013,1|2|3|4|5|6|9|10|11|12
YX,MDT,142,-45.0,126.0,-13.31,0.0141,1|2|3|4|5|9|10
YX,HSV,108,-27.0,194.0,3.08,0.0185,1|2|3|4|5|8|9|10|11|12
YX,SRQ,106,-39.0,173.0,12.4,0.0472,1|2|3|4|6|7|8|10|11|12
YX,GRB,87,-31.0,92.0,-4.12,0.0115,1|2|3|5|6|7|8|9
YX,CHA,78,-38.0,286.0,0.59,0.0,10|11|12
YX,CID,76,-33.0,159.0,-6.74,0.0395,1|2|3|4|5|6|8|11|12
YX,HYA,70,-17.0,252.0,14.33,0.0,6|7|8|9
YX,AUS,65,-34.0,75.0,-4.63,0.0,1|2|3|4|5|9|10|11|12
YX,RSW,49,-31.0,338.0,2.69,0.0,1|2|11|12
YX,ITH,48,-33.0,113.0,-5.7,0.0417,5|8
YX,PNS,44,-37.0,246.0,10.19,0.0227,6|7|8|9|10|11
YX,VPS,37,-31.0,111.0,-10.35,0.0,3|5|6|7|11|12
YX,SBN,34,-22.0,288.0,6.82,0.0294,9|10|11|12
YX,FSD,32,-35.0,333.0,6.31,0.0,2|3|12
YX,HPN,29,-31.0,53.0,-7.0,0.0,1|3|4|5
YX,MHT,26,-41.0,77.0,-8.56,0.0385,1|2|5|11|12
YX,TLH,25,-22.0,148.0,4.57,0.08,2|3|8|9|10
YX,DFW,21,-42.0,1033.0,37.2,0.0476,1|2|3|4|5|6|7|8|10|12
YX,IAH,21,-36.0,1145.0,59.24,0.0,1|4|9|12
YX,AGS,18,-36.0,30.0,-6.89,0.0,4
YX,ELP,16,-36.0,62.0,-11.07,0.125,12
YX,LNK,14,-18.0,8.0,-8.14,0.0,8
YX,ECP,11,-19.0,78.0,10.64,0.0,3|6|7|8
YX,RST,8,-24.0,14.0,-7.88,0.0,12
YX,PBI,7,-11.0,9.0,-1.57,0.0,1|2|12
YX,SAT,7,-37.0,46.0,-8.57,0.0,12
YX,TPA,7,-33.0,13.0,-9.86,0.0,1|2|11|12
YX,SCE,2,-21.0,65.0,22.0,0.0,11|12
