aeroporto,mese,voli_ritardo_basso,ritardo_medio_dep_basso,ritardo_medio_arr_basso,voli_ritardo_medio,ritardo_medio_dep_medio,ritardo_medio_arr_medio,voli_ritardo_alto,ritardo_medio_dep_alto,ritardo_medio_arr_alto,top_3_cause_ritardo_canc
ABE,1,0,,,1,54.0,100.0,1,142.0,131.0,DELAY_LATE_AIRCRAFT|DELAY_NAS
ABE,2,8,-3.75,-23.5,0,,,0,,,N/D
ABE,3,1,-17.0,-29.0,0,,,0,,,N/D
ABE,4,3,-6.67,-14.0,0,,,0,,,N/D
ABE,5,4,-9.75,-22.5,0,,,1,264.0,240.0,DELAY_LATE_AIRCRAFT
ABE,6,5,-7.0,-19.8,0,,,1,97.0,76.0,CANC_CARRIER|DELAY_CARRIER
ABE,7,1,-8.0,25.0,0,,,0,,,DELAY_NAS
ABE,8,5,-12.2,-21.4,1,60.0,112.0,0,,,DELAY_LATE_AIRCRAFT
ABE,10,3,-10.33,-23.0,0,,,0,,,N/D
ABE,11,3,-12.0,-21.33,0,,,0,,,N/D
ABE,12,3,-7.0,-14.33,0,,,0,,,DELAY_NAS
ABI,1,1,-11.0,-27.0,1,48.0,73.0,0,,,DELAY_WEATHER
ABI,3,1,-4.0,-15.0,0,,,1,94.0,75.0,DELAY_LATE_AIRCRAFT
ABI,5,2,-4.5,-11.0,0,,,0,,,N/D
ABI,7,1,-4.0,1.0,0,,,0,,,N/D
ABI,8,2,-13.0,-4.5,0,,,0,,,N/D
ABI,9,2,-10.5,-9.0,0,,,0,,,N/D
ABI,11,3,-3.33,-11.33,0,,,0,,,N/D
ABI,12,1,10.0,4.0,0,,,0,,,N/D
ABQ,1,23,-3.52,-9.83,4,24.0,18.25,1,91.0,83.0,DELAY_LATE_AIRCRAFT|DELAY_CARRIER
ABQ,2,15,-4.4,-11.07,3,34.67,25.67,2,162.5,162.0,DELAY_LATE_AIRCRAFT|DELAY_CARRIER|DELAY_WEATHER
ABQ,3,12,-0.5,-5.83,2,21.5,18.5,0,,,DELAY_CARRIER
ABQ,4,14,1.0,-8.71,2,16.0,6.5,0,,,N/D
ABQ,5,9,1.33,-4.11,4,30.25,17.75,0,,,DELAY_CARRIER|DELAY_LATE_AIRCRAFT
ABQ,6,19,-2.26,-10.32,3,22.67,16.33,3,161.0,154.0,DELAY_LATE_AIRCRAFT|DELAY_NAS
ABQ,7,17,0.59,-6.41,4,36.75,31.5,0,,,DELAY_CARRIER|DELAY_LATE_AIRCRAFT|DELAY_NAS
ABQ,8,15,-5.13,-10.93,2,33.5,24.5,4,76.75,75.0,DELAY_LATE_AIRCRAFT|DELAY_NAS
ABQ,9,16,-5.56,-9.19,4,25.0,14.75,0,,,DELAY_LATE_AIRCRAFT
ABQ,10,27,-5.15,-8.04,2,34.5,27.0,0,,,DELAY_LATE_AIRCRAFT
ABQ,11,16,-2.75,-8.88,2,30.5,40.0,1,84.0,73.0,DELAY_LATE_AIRCRAFT|DELAY_CARRIER
ABQ,12,21,-1.9,-10.1,2,37.5,29.5,3,226.33,224.0,DELAY_CARRIER|DELAY_LATE_AIRCRAFT|DELAY_NAS
ABR,3,0,,,1,28.0,12.0,0,,,N/D
ABR,10,1,-4.0,-4.0,0,,,0,,,N/D
ABR,11,1,-4.0,-13.0,0,,,0,,,N/D
ABR,12,2,5.0,-13.5,0,,,0,,,N/D
ABY,1,0,,,1,34.0,43.0,0,,,DELAY_CARRIER
ABY,3,2,-6.0,-6.5,0,,,0,,,N/D
ABY,8,1,12.0,-1.0,1,15.0,9.0,0,,,N/D
ABY,9,1,-12.0,-14.0,0,,,0,,,N/D
ABY,10,2,-6.5,-8.0,0,,,0,,,N/D
ACK,5,1,-21.0,-25.0,0,,,0,,,N/D
ACK,6,2,-6.5,-2.5,1,29.0,55.0,0,,,DELAY_NAS
ACK,7,2,-10.5,1.5,3,44.33,47.0,0,,,DELAY_LATE_AIRCRAFT|DELAY_NAS
ACK,8,6,-2.0,2.83,0,,,1,86.0,89.0,DELAY_NAS|CANC_NAS|DELAY_LATE_AIRCRAFT
ACK,9,1,-10.0,-5.0,0,,,0,,,N/D
ACT,3,2,-5.0,-16.5,0,,,1,66.0,59.0,DELAY_LATE_AIRCRAFT
ACT,4,2,-8.0,-9.0,1,18.0,18.0,1,199.0,216.0,DELAY_LATE_AIRCRAFT|DELAY_WEATHER
ACT,7,2,-8.0,-6.5,0,,,0,,,N/D
ACT,9,0,,,1,27.0,33.0,0,,,DELAY_WEATHER
ACT,10,1,-11.0,-8.0,0,,,0,,,N/D
ACV,1,2,-9.5,-17.5,0,,,0,,,N/D
ACV,2,2,3.0,23.5,1,32.0,61.0,0,,,DELAY_CARRIER|DELAY_NAS
ACV,3,1,-10.0,-17.0,1,21.0,19.0,0,,,DELAY_NAS
ACV,4,1,-5.0,-24.0,0,,,0,,,N/D
ACV,5,1,-5.0,-10.0,0,,,0,,,N/D
ACV,6,1,-3.0,-11.0,0,,,0,,,N/D
ACV,8,2,-7.0,-12.0,0,,,1,75.0,88.0,DELAY_LATE_AIRCRAFT
ACV,9,2,2.5,2.0,0,,,0,,,N/D
ACV,10,2,-10.0,-14.0,0,,,0,,,N/D
ACV,12,1,3.0,10.0,0,,,0,,,N/D
ACY,1,3,3.67,12.0,2,16.5,15.0,0,,,DELAY_NAS
ACY,2,5,-5.8,-17.8,1,49.0,45.0,0,,,DELAY_LATE_AIRCRAFT
ACY,3,2,-8.0,-18.0,1,60.0,59.0,0,,,DELAY_NAS
ACY,4,1,8.0,-9.0,1,40.0,27.0,0,,,DELAY_NAS
ACY,5,2,4.0,-10.5,0,,,0,,,N/D
ACY,6,1,-1.0,-12.0,0,,,0,,,N/D
ACY,7,1,2.0,2.0,0,,,0,,,N/D
ACY,8,2,-9.5,-12.5,0,,,0,,,N/D
ACY,9,3,-1.0,-18.0,0,,,0,,,N/D
ACY,10,3,-8.67,-22.67,0,,,0,,,N/D
ACY,11,1,-5.0,-3.0,1,18.0,2.0,0,,,N/D
ADK,5,1,-47.0,-70.0,0,,,0,,,N/D
ADK,7,1,-12.0,-28.0,0,,,0,,,N/D
ADQ,1,1,-18.0,-18.0,0,,,0,,,N/D
ADQ,3,1,-20.0,-13.0,0,,,0,,,N/D
ADQ,6,1,-22.0,-21.0,0,,,0,,,N/D
ADQ,7,2,1.0,-3.5,0,,,0,,,N/D
AEX,1,5,-3.0,-5.4,0,,,0,,,N/D
AEX,3,1,1.0,-7.0,0,,,0,,,N/D
AEX,4,2,-10.0,-20.0,0,,,0,,,N/D
AEX,5,3,-7.0,-12.33,0,,,1,148.0,186.0,DELAY_CARRIER
AEX,6,2,-3.0,-11.0,0,,,0,,,N/D
AEX,7,2,-7.5,-13.0,0,,,0,,,N/D
AEX,9,2,-5.5,-12.0,1,38.0,34.0,0,,,DELAY_LATE_AIRCRAFT
AEX,10,1,-3.0,-4.0,0,,,0,,,N/D
AEX,11,3,-4.33,-4.0,0,,,0,,,DELAY_NAS
AEX,12,4,-2.75,-2.5,0,,,0,,,DELAY_NAS
AGS,1,0,,,0,,,1,338.0,333.0,DELAY_CARRIER
AGS,2,5,-2.6,-8.4,0,,,1,67.0,54.0,DELAY_CARRIER
AGS,4,3,-4.67,-2.33,1,30.0,11.0,0,,,N/D
AGS,5,2,-4.0,-16.5,0,,,1,61.0,48.0,DELAY_WEATHER
AGS,6,6,-5.17,-14.5,3,34.33,22.0,0,,,DELAY_LATE_AIRCRAFT
AGS,7,4,-6.25,-4.5,0,,,1,65.0,77.0,DELAY_LATE_AIRCRAFT
AGS,8,5,-4.4,-10.2,1,40.0,29.0,0,,,DELAY_LATE_AIRCRAFT
AGS,9,5,-2.6,-7.0,0,,,0,,,DELAY_NAS
AGS,10,3,-2.33,-4.33,1,60.0,49.0,0,,,DELAY_CARRIER
AGS,11,1,10.0,9.0,0,,,0,,,N/D
AGS,12,3,-2.67,-10.0,0,,,1,955.0,935.0,DELAY_CARRIER
AKN,6,1,7.0,14.0,0,,,0,,,N/D
AKN,7,1,-16.0,-12.0,1,26.0,32.0,0,,,DELAY_SECURITY
AKN,9,1,-26.0,-20.0,0,,,0,,,N/D
ALB,1,3,0.67,1.33,2,42.5,55.5,2,228.5,251.5,DELAY_LATE_AIRCRAFT|DELAY_NAS
ALB,2,13,-5.38,-24.69,0,,,0,,,N/D
ALB,3,12,-1.75,-10.25,1,40.0,18.0,1,630.0,646.0,DELAY_CARRIER|DELAY_LATE_AIRCRAFT
ALB,4,9,-2.78,-8.67,1,26.0,17.0,0,,,DELAY_LATE_AIRCRAFT
ALB,5,12,-1.08,-11.67,1,36.0,20.0,1,88.0,110.0,DELAY_LATE_AIRCRAFT|DELAY_NAS
ALB,6,4,-8.0,-12.75,1,58.0,51.0,0,,,DELAY_CARRIER
ALB,7,4,-3.25,-11.25,0,,,1,64.0,73.0,CANC_WEATHER|DELAY_CARRIER
ALB,8,11,0.91,-7.18,1,27.0,60.0,2,88.5,96.5,DELAY_LATE_AIRCRAFT|DELAY_NAS
ALB,9,12,-5.67,-9.5,2,28.5,16.0,1,108.0,93.0,DELAY_LATE_AIRCRAFT|DELAY_NAS
ALB,10,6,-2.5,-16.5,3,29.0,9.67,1,228.0,211.0,DELAY_LATE_AIRCRAFT
ALB,11,17,-3.0,-15.06,3,20.67,10.33,1,70.0,67.0,DELAY_LATE_AIRCRAFT|DELAY_CARRIER
ALB,12,8,-4.12,-8.62,1,19.0,32.0,2,83.0,72.0,DELAY_LATE_AIRCRAFT
ALW,1,2,-5.0,2.0,0,,,0,,,N/D
ALW,2,0,,,0,,,1,74.0,82.0,DELAY_LATE_AIRCRAFT
ALW,3,1,-7.0,-6.0,0,,,0,,,N/D
ALW,5,2,-8.0,-3.5,0,,,0,,,N/D
ALW,8,3,-9.33,-19.33,0,,,0,,,N/D
AMA,1,1,-8.0,-17.0,0,,,0,,,N/D
AMA,2,3,-7.67,-13.33,0,,,0,,,N/D
AMA,3,3,-9.33,-23.33,2,32.5,32.0,1,273.0,262.0,DELAY_CARRIER
AMA,4,1,-2.0,-14.0,1,42.0,33.0,0,,,DELAY_LATE_AIRCRAFT
AMA,5,2,-2.0,-4.5,0,,,0,,,N/D
AMA,6,6,-5.0,-7.33,2,44.5,42.0,0,,,DELAY_CARRIER|DELAY_LATE_AIRCRAFT|DELAY_NAS
AMA,7,3,-3.33,-10.0,0,,,0,,,N/D
AMA,8,2,-7.5,-8.5,0,,,1,169.0,156.0,DELAY_CARRIER
AMA,9,1,-10.0,8.0,0,,,0,,,N/D
AMA,10,1,-9.0,-16.0,1,18.0,11.0,0,,,N/D
AMA,11,8,-6.25,-6.0,0,,,0,,,DELAY_NAS
AMA,12,5,-3.0,-13.8,0,,,0,,,N/D
ANC,1,13,-5.38,-11.85,1,29.0,-19.0,2,448.5,448.5,DELAY_CARRIER|DELAY_NAS
ANC,2,8,-7.88,-15.25,2,24.5,19.0,0,,,DELAY_LATE_AIRCRAFT
ANC,3,13,-5.92,-10.46,3,33.67,18.33,0,,,DELAY_LATE_AIRCRAFT|DELAY_NAS
ANC,4,12,-4.0,-10.08,1,57.0,38.0,1,69.0,65.0,DELAY_CARRIER|DELAY_LATE_AIRCRAFT|DELAY_NAS
ANC,5,17,-6.29,-15.35,0,,,0,,,N/D
ANC,6,20,-6.3,-6.3,0,,,0,,,DELAY_NAS
ANC,7,15,-2.67,0.47,3,29.33,19.33,2,152.5,138.0,DELAY_CARRIER|DELAY_LATE_AIRCRAFT|CANC_CARRIER
ANC,8,25,-0.4,-8.28,4,32.5,20.75,0,,,DELAY_NAS|DELAY_CARRIER|DELAY_LATE_AIRCRAFT
ANC,9,14,-6.07,-5.57,1,28.0,5.0,0,,,N/D
ANC,10,8,-7.5,-6.25,1,21.0,15.0,0,,,DELAY_CARRIER
ANC,11,9,-9.0,-15.56,1,29.0,34.0,0,,,CANC_WEATHER|DELAY_CARRIER
ANC,12,6,-5.83,-17.67,3,22.0,14.0,0,,,DELAY_LATE_AIRCRAFT
APN,3,2,-8.5,-18.5,0,,,0,,,N/D
APN,5,2,-6.5,-22.0,0,,,0,,,N/D
APN,6,1,2.0,-4.0,0,,,0,,,N/D
APN,8,0,,,1,55.0,46.0,0,,,DELAY_CARRIER
APN,10,1,-9.0,-17.0,0,,,0,,,N/D
APN,12,1,-17.0,-17.0,0,,,0,,,N/D
ASE,1,6,-4.5,-14.17,0,,,0,,,CANC_WEATHER|DELAY_NAS
ASE,2,5,-7.2,-20.2,2,48.0,22.5,1,376.0,354.0,DELAY_WEATHER|CANC_WEATHER|DELAY_LATE_AIRCRAFT
ASE,3,3,6.67,1.0,2,45.0,44.5,0,,,CANC_WEATHER|DELAY_LATE_AIRCRAFT|DELAY_WEATHER
ASE,4,5,-6.6,-3.4,0,,,0,,,CANC_WEATHER|DELAY_CARRIER
ASE,5,2,-9.0,-12.0,1,60.0,57.0,1,134.0,114.0,DELAY_CARRIER|DELAY_WEATHER
ASE,6,5,-4.0,-6.2,0,,,0,,,N/D
ASE,7,5,-6.8,-13.8,1,18.0,0.0,0,,,N/D
ASE,8,3,-7.67,-12.67,3,30.67,37.33,1,190.0,183.0,DELAY_CARRIER|DELAY_WEATHER
ASE,9,3,-8.0,-20.0,1,46.0,41.0,3,85.33,82.67,DELAY_CARRIER
ASE,10,2,-10.0,-21.5,1,20.0,11.0,0,,,N/D
ASE,11,1,-9.0,-3.0,2,33.0,25.5,0,,,DELAY_CARRIER
ASE,12,2,-6.0,-21.5,1,38.0,68.0,2,85.0,90.0,CANC_WEATHER|DELAY_LATE_AIRCRAFT|DELAY_NAS
ATL,1,212,-1.65,-4.8,31,30.97,23.16,12,122.17,120.08,DELAY_CARRIER|DELAY_NAS|DELAY_LATE_AIRCRAFT
ATL,2,217,-2.46,-6.93,14,34.36,28.29,5,80.2,75.0,DELAY_NAS|DELAY_CARRIER|DELAY_LATE_AIRCRAFT
ATL,3,257,-1.91,-6.5,38,30.39,25.18,13,102.46,99.0,DELAY_CARRIER|DELAY_LATE_AIRCRAFT|DELAY_NAS
ATL,4,224,-1.53,-4.13,41,28.17,28.1,8,98.5,100.0,DELAY_CARRIER|DELAY_LATE_AIRCRAFT|DELAY_NAS
ATL,5,234,-1.32,-3.44,50,29.14,31.6,35,142.11,143.17,DELAY_LATE_AIRCRAFT|DELAY_CARRIER|DELAY_NAS
ATL,6,245,-1.08,-6.53,54,33.17,28.56,14,145.57,137.86,DELAY_CARRIER|DELAY_LATE_AIRCRAFT|DELAY_NAS
ATL,7,173,-1.02,-3.22,53,31.68,32.87,53,154.11,152.21,DELAY_CARRIER|DELAY_LATE_AIRCRAFT|DELAY_NAS
ATL,8,236,-2.37,-8.0,46,31.02,25.72,20,117.9,112.0,DELAY_CARRIER|DELAY_LATE_AIRCRAFT|DELAY_NAS
ATL,9,210,-2.8,-7.74,29,32.24,25.66,14,192.64,187.86,DELAY_CARRIER|DELAY_LATE_AIRCRAFT|DELAY_NAS
ATL,10,269,-3.23,-9.11,22,32.68,25.55,12,113.75,107.0,DELAY_CARRIER|DELAY_LATE_AIRCRAFT|DELAY_NAS
ATL,11,251,-3.17,-6.81,25,30.68,23.84,8,146.0,146.88,DELAY_CARRIER|DELAY_LATE_AIRCRAFT|DELAY_NAS
ATL,12,212,-1.48,-6.92,51,30.94,30.73,11,223.55,225.36,DELAY_CARRIER|DELAY_LATE_AIRCRAFT|DELAY_NAS
ATW,1,3,0.0,-12.33,0,,,0,,,N/D
ATW,2,7,-6.57,-5.43,1,42.0,27.0,0,,,DELAY_CARRIER|DELAY_LATE_AIRCRAFT
ATW,3,3,1.67,-10.67,1,26.0,20.0,0,,,DELAY_NAS
ATW,4,8,-9.12,-14.12,1,19.0,18.0,0,,,DELAY_LATE_AIRCRAFT
ATW,5,3,-5.67,-3.67,1,36.0,37.0,0,,,DELAY_LATE_AIRCRAFT|DELAY_NAS
ATW,6,1,-8.0,-9.0,0,,,1,107.0,79.0,DELAY_LATE_AIRCRAFT
ATW,7,6,-4.67,-4.17,1,52.0,58.0,0,,,DELAY_LATE_AIRCRAFT
ATW,8,4,-6.5,-9.0,0,,,0,,,N/D
ATW,9,3,-4.33,-22.33,0,,,0,,,N/D
ATW,10,3,-4.0,-10.33,1,27.0,13.0,0,,,N/D
ATW,11,5,0.6,-11.6,1,27.0,20.0,0,,,DELAY_CARRIER
ATW,12,2,-4.5,-2.5,1,27.0,37.0,2,349.5,348.0,DELAY_CARRIER|DELAY_LATE_AIRCRAFT|DELAY_WEATHER
AUS,1,40,-2.05,-5.22,11,34.0,24.82,2,117.5,130.0,DELAY_LATE_AIRCRAFT|DELAY_NAS|CANC_CARRIER
AUS,2,45,-2.84,-5.6,7,24.0,16.86,3,95.67,90.0,DELAY_NAS|DELAY_CARRIER|DELAY_LATE_AIRCRAFT
AUS,3,55,-2.96,-8.6,15,35.93,36.6,4,178.75,173.0,DELAY_LATE_AIRCRAFT|DELAY_NAS|DELAY_CARRIER
AUS,4,46,-2.43,-8.2,14,28.43,20.14,5,138.4,126.2,DELAY_LATE_AIRCRAFT|DELAY_NAS|DELAY_CARRIER
AUS,5,41,-0.78,-2.46,14,27.86,20.79,12,121.25,116.0,DELAY_LATE_AIRCRAFT|DELAY_NAS|DELAY_CARRIER
AUS,6,55,-1.67,-8.71,14,29.21,22.5,7,212.29,210.43,DELAY_LATE_AIRCRAFT|DELAY_CARRIER|DELAY_NAS
AUS,7,50,-1.12,-6.38,11,30.36,35.09,6,187.67,167.33,DELAY_NAS|DELAY_LATE_AIRCRAFT|DELAY_CARRIER
AUS,8,51,-1.51,-6.41,8,20.5,24.75,2,164.5,154.5,DELAY_NAS|DELAY_CARRIER|DELAY_LATE_AIRCRAFT
AUS,9,52,-2.58,-6.25,7,22.57,21.43,4,112.25,99.0,DELAY_LATE_AIRCRAFT|DELAY_NAS|DELAY_WEATHER
AUS,10,68,-2.88,-9.1,3,28.33,20.67,1,138.0,132.0,DELAY_CARRIER|DELAY_LATE_AIRCRAFT|DELAY_NAS
AUS,11,46,-3.04,-10.2,12,36.75,39.17,0,,,DELAY_CARRIER|DELAY_LATE_AIRCRAFT|DELAY_NAS
AUS,12,50,-1.18,-8.24,10,31.8,24.1,5,132.4,143.2,DELAY_LATE_AIRCRAFT|DELAY_CARRIER|DELAY_NAS
AVL,1,8,-3.75,-10.5,3,21.33,12.33,0,,,DELAY_LATE_AIRCRAFT
AVL,2,7,-7.29,-9.14,0,,,0,,,N/D
AVL,3,5,-6.6,-11.6,3,29.0,16.67,1,73.0,91.0,DELAY_CARRIER|DELAY_LATE_AIRCRAFT|DELAY_NAS
AVL,4,10,-2.8,-8.8,0,,,0,,,DELAY_NAS
AVL,5,6,-1.17,5.0,2,17.5,10.5,2,148.5,138.5,DELAY_LATE_AIRCRAFT|DELAY_NAS
AVL,6,4,0.0,-6.0,4,27.0,19.75,2,68.0,60.5,DELAY_CARRIER|DELAY_LATE_AIRCRAFT|DELAY_WEATHER
AVL,7,8,-1.12,7.12,5,26.8,32.8,3,162.33,155.33,DELAY_LATE_AIRCRAFT|DELAY_NAS|DELAY_CARRIER
AVL,8,7,-4.86,-11.43,4,28.25,15.25,0,,,DELAY_CARRIER|CANC_WEATHER
AVL,9,8,-2.25,-12.88,1,20.0,7.0,0,,,CANC_WEATHER
AVL,10,13,-8.85,-13.77,0,,,2,66.0,67.5,DELAY_LATE_AIRCRAFT|CANC_NAS|DELAY_NAS
AVL,11,6,-5.5,-7.67,0,,,0,,,N/D
AVL,12,4,-7.5,-10.75,0,,,1,71.0,60.0,DELAY_LATE_AIRCRAFT
AVP,1,2,-7.5,-37.5,0,,,1,103.0,81.0,DELAY_CARRIER
AVP,5,1,-9.0,-12.0,2,22.5,16.0,1,97.0,110.0,DELAY_LATE_AIRCRAFT
AVP,6,0,,,0,,,0,,,CANC_NAS
AVP,7,2,2.0,-3.5,0,,,1,76.0,86.0,DELAY_LATE_AIRCRAFT
AVP,8,4,-9.5,-4.75,1,20.0,24.0,0,,,DELAY_CARRIER
AVP,9,0,,,1,56.0,58.0,0,,,CANC_WEATHER|DELAY_CARRIER
AVP,10,3,-3.33,-17.0,0,,,0,,,N/D
AVP,11,1,7.0,5.0,0,,,0,,,N/D
AVP,12,2,-7.5,-22.0,0,,,0,,,N/D
AZA,1,4,-2.75,6.25,2,20.0,31.5,0,,,DELAY_NAS|DELAY_CARRIER|DELAY_LATE_AIRCRAFT
AZA,2,4,2.25,-8.25,0,,,0,,,N/D
AZA,3,5,-9.6,-8.6,0,,,1,176.0,226.0,DELAY_LATE_AIRCRAFT
AZA,4,5,-10.8,-18.2,0,,,0,,,N/D
AZA,5,5,-2.4,-4.2,1,58.0,60.0,0,,,DELAY_LATE_AIRCRAFT
AZA,6,6,-9.83,-7.33,1,22.0,18.0,0,,,DELAY_LATE_AIRCRAFT
AZA,7,4,-9.25,-4.25,0,,,0,,,N/D
AZA,8,3,-12.0,-19.0,3,18.0,13.67,0,,,DELAY_LATE_AIRCRAFT|DELAY_WEATHER
AZA,9,8,-9.62,-19.88,0,,,0,,,N/D
AZA,10,5,-7.0,-11.0,0,,,0,,,N/D
AZA,11,2,-6.5,-18.0,0,,,1,187.0,170.0,DELAY_LATE_AIRCRAFT
AZA,12,8,-4.38,-5.5,2,36.0,18.5,1,187.0,182.0,DELAY_LATE_AIRCRAFT
AZO,1,2,-3.5,-18.0,0,,,0,,,N/D
AZO,3,1,-3.0,-9.0,0,,,0,,,N/D
AZO,5,2,-6.0,-5.0,0,,,0,,,N/D
AZO,6,0,,,1,53.0,48.0,0,,,DELAY_CARRIER
AZO,7,0,,,0,,,1,246.0,241.0,DELAY_CARRIER
AZO,9,1,-6.0,-9.0,0,,,0,,,N/D
AZO,12,1,-13.0,-24.0,0,,,0,,,N/D
BDL,1,7,-2.29,13.29,0,,,0,,,DELAY_NAS
BDL,2,13,-3.15,-11.31,1,19.0,-2.0,1,181.0,202.0,DELAY_NAS|DELAY_LATE_AIRCRAFT
BDL,3,20,-4.7,-12.2,1,18.0,27.0,2,107.5,114.0,DELAY_LATE_AIRCRAFT|DELAY_CARRIER
BDL,4,15,-1.2,-8.8,5,32.4,19.2,0,,,DELAY_CARRIER|DELAY_LATE_AIRCRAFT|DELAY_NAS
BDL,5,16,-0.62,-5.75,3,26.67,20.0,4,107.5,104.75,DELAY_LATE_AIRCRAFT|DELAY_CARRIER|DELAY_NAS
BDL,6,11,-1.64,-4.82,1,54.0,41.0,3,135.0,113.67,DELAY_LATE_AIRCRAFT|DELAY_NAS|DELAY_CARRIER
BDL,7,14,1.93,-2.57,2,22.5,32.0,6,102.17,101.0,DELAY_LATE_AIRCRAFT|DELAY_CARRIER|DELAY_NAS
BDL,8,19,-4.68,-3.89,2,20.5,34.0,0,,,DELAY_NAS|CANC_CARRIER|CANC_WEATHER
BDL,9,13,-2.08,-11.38,1,28.0,19.0,0,,,DELAY_CARRIER
BDL,10,14,-5.21,-18.71,2,22.0,23.0,0,,,DELAY_CARRIER|DELAY_LATE_AIRCRAFT
BDL,11,23,-5.78,-11.3,1,30.0,15.0,0,,,DELAY_NAS|DELAY_LATE_AIRCRAFT
BDL,12,13,-1.54,-5.92,0,,,2,91.0,110.0,DELAY_NAS
BET,2,1,-13.0,-14.0,0,,,0,,,N/D
BET,3,1,5.0,6.0,0,,,0,,,N/D
BET,4,3,-8.67,-9.0,0,,,0,,,N/D
BET,7,1,-16.0,-17.0,0,,,0,,,N/D
BET,9,1,-12.0,-11.0,0,,,0,,,N/D
BET,11,1,1.0,-3.0,0,,,0,,,N/D
BET,12,1,10.0,23.0,0,,,0,,,DELAY_NAS
BFF,1,1,-6.0,-20.0,0,,,0,,,N/D
BFF,4,0,,,1,49.0,34.0,0,,,DELAY_LATE_AIRCRAFT
BFF,6,1,-9.0,-19.0,0,,,0,,,N/D
BFF,8,0,,,0,,,1,747.0,791.0,DELAY_CARRIER
BFF,11,2,-4.0,0.0,0,,,0,,,N/D
BFL,1,4,-7.25,-13.0,0,,,0,,,N/D
BFL,2,3,-7.33,-27.0,0,,,1,146.0,129.0,DELAY_NAS
BFL,3,1,-5.0,-13.0,1,20.0,16.0,0,,,DELAY_CARRIER
BFL,4,2,-5.5,-18.0,0,,,0,,,N/D
BFL,5,0,,,0,,,1,104.0,92.0,DELAY_CARRIER
BFL,7,3,-7.67,-18.0,0,,,0,,,CANC_WEATHER
BFL,8,3,-7.67,-11.0,0,,,1,63.0,53.0,DELAY_CARRIER
BFL,9,3,-9.0,-13.33,1,29.0,2.0,0,,,N/D
BFL,10,2,-5.0,-19.5,1,55.0,46.0,1,586.0,569.0,DELAY_CARRIER|DELAY_LATE_AIRCRAFT
BFL,11,2,-6.0,-19.5,0,,,0,,,N/D
BFL,12,2,-7.5,-18.0,0,,,0,,,N/D
BGM,1,0,,,0,,,0,,,CANC_WEATHER
BGM,5,1,-10.0,-14.0,0,,,0,,,N/D
BGM,8,1,-5.0,-7.0,0,,,0,,,N/D
BGR,1,3,-10.67,-18.0,0,,,0,,,N/D
BGR,2,3,-13.0,-7.67,0,,,0,,,DELAY_NAS
BGR,3,4,-7.5,-30.5,0,,,0,,,N/D
BGR,4,3,-12.33,-7.67,0,,,0,,,N/D
BGR,5,1,-5.0,-21.0,0,,,0,,,N/D
BGR,6,2,-4.5,-10.5,1,21.0,3.0,0,,,N/D
BGR,7,5,-8.0,-19.0,1,53.0,44.0,0,,,DELAY_LATE_AIRCRAFT|DELAY_NAS
BGR,8,4,-1.25,4.25,0,,,0,,,CANC_WEATHER|DELAY_NAS
BGR,9,14,-5.07,-12.71,1,18.0,5.0,0,,,N/D
BGR,10,7,-4.57,-12.0,0,,,1,362.0,349.0,DELAY_WEATHER
BGR,11,3,-7.0,-17.0,1,37.0,19.0,0,,,DELAY_NAS
BGR,12,2,-11.5,-10.5,0,,,1,243.0,286.0,DELAY_LATE_AIRCRAFT
BHM,1,6,-3.83,-2.17,0,,,3,76.0,68.67,DELAY_LATE_AIRCRAFT|DELAY_NAS|DELAY_WEATHER
BHM,2,13,-2.31,-8.0,2,47.0,40.0,0,,,DELAY_CARRIER|DELAY_LATE_AIRCRAFT
BHM,3,11,-4.55,-10.55,1,26.0,21.0,0,,,DELAY_LATE_AIRCRAFT
BHM,4,11,-1.73,-4.45,2,44.5,38.0,1,106.0,90.0,DELAY_CARRIER|DELAY_LATE_AIRCRAFT
BHM,5,11,-3.18,-4.55,3,43.0,33.0,2,154.5,168.5,DELAY_LATE_AIRCRAFT|DELAY_NAS
BHM,6,11,-1.64,-10.45,2,37.5,46.0,1,75.0,75.0,DELAY_CARRIER|DELAY_LATE_AIRCRAFT
BHM,7,9,-4.33,-10.78,2,51.0,38.5,4,116.75,109.75,DELAY_LATE_AIRCRAFT|DELAY_NAS|DELAY_CARRIER
BHM,8,14,-3.93,-11.57,0,,,1,116.0,106.0,DELAY_CARRIER|DELAY_NAS
BHM,9,8,-3.0,-4.38,2,34.5,40.5,2,94.0,92.5,DELAY_LATE_AIRCRAFT|DELAY_NAS|DELAY_CARRIER
BHM,10,11,-4.36,-12.45,3,46.0,56.0,0,,,DELAY_LATE_AIRCRAFT
BHM,11,11,-4.36,-8.73,2,31.0,23.5,1,89.0,84.0,DELAY_LATE_AIRCRAFT|DELAY_CARRIER
BHM,12,12,-3.25,-10.17,2,27.5,22.0,2,614.0,616.5,DELAY_LATE_AIRCRAFT|DELAY_CARRIER|DELAY_NAS
BIH,12,1,-5.0,-29.0,0,,,0,,,N/D
BIL,1,1,-2.0,-14.0,1,15.0,24.0,0,,,DELAY_CARRIER
BIL,2,4,-7.5,-12.5,1,56.0,58.0,0,,,DELAY_CARRIER
BIL,3,2,-4.5,-11.5,0,,,0,,,N/D
BIL,4,3,-10.67,-19.0,0,,,0,,,N/D
BIL,5,3,-2.67,-3.33,2,56.0,75.5,1,259.0,257.0,DELAY_LATE_AIRCRAFT|DELAY_WEATHER
BIL,6,2,2.0,-10.0,0,,,0,,,N/D
BIL,7,5,-4.8,-9.2,0,,,0,,,N/D
BIL,8,7,-4.29,0.29,0,,,0,,,N/D
BIL,9,1,8.0,-2.0,0,,,0,,,N/D
BIL,10,1,-1.0,-20.0,0,,,0,,,N/D
BIL,11,2,-6.5,-7.5,0,,,0,,,N/D
BIL,12,1,-6.0,4.0,0,,,0,,,N/D
BIS,2,4,-3.75,-31.25,0,,,0,,,N/D
BIS,3,2,-7.0,-1.5,1,29.0,51.0,0,,,DELAY_WEATHER
BIS,4,2,1.5,-17.5,0,,,0,,,N/D
BIS,5,1,3.0,-13.0,0,,,0,,,N/D
BIS,6,3,2.67,1.0,1,19.0,-7.0,0,,,DELAY_NAS
BIS,7,5,1.4,-2.4,0,,,0,,,DELAY_NAS
BIS,8,3,-1.0,-14.0,0,,,0,,,N/D
BIS,9,3,-5.67,-14.0,0,,,0,,,N/D
BIS,10,2,-0.5,-12.0,0,,,0,,,N/D
BIS,11,2,-7.5,-16.5,0,,,0,,,N/D
BIS,12,3,-4.0,-22.67,0,,,0,,,N/D
BJI,2,1,-8.0,-20.0,0,,,0,,,N/D
BJI,4,1,-8.0,-23.0,0,,,0,,,N/D
BJI,7,1,-3.0,27.0,0,,,0,,,DELAY_CARRIER
BJI,10,2,-9.0,-16.5,0,,,0,,,N/D
BLI,1,1,3.0,9.0,0,,,0,,,N/D
BLI,2,3,-2.67,-3.33,0,,,0,,,N/D
BLI,4,2,6.0,2.0,0,,,0,,,N/D
BLI,5,1,-4.0,-19.0,0,,,0,,,N/D
BLI,6,4,3.5,5.75,1,20.0,-4.0,0,,,DELAY_CARRIER
BLI,7,3,5.33,5.33,0,,,0,,,DELAY_LATE_AIRCRAFT
BLI,8,0,,,0,,,1,67.0,65.0,DELAY_LATE_AIRCRAFT
BLI,9,2,-2.0,3.0,0,,,0,,,DELAY_NAS
BLI,10,3,-10.67,-20.0,0,,,0,,,N/D
BLI,12,1,-7.0,-9.0,0,,,0,,,N/D
BLV,2,1,10.0,-3.0,0,,,0,,,N/D
BLV,4,3,-6.33,-23.0,0,,,0,,,N/D
BLV,5,1,3.0,-8.0,0,,,0,,,N/D
BLV,10,1,-9.0,-12.0,0,,,0,,,N/D
BLV,11,1,14.0,-2.0,0,,,0,,,N/D
BLV,12,2,-9.5,-22.5,0,,,0,,,N/D
BMI,1,1,-4.0,-11.0,0,,,0,,,N/D
BMI,4,1,-8.0,56.0,0,,,0,,,DELAY_NAS
BMI,6,2,-7.0,-15.0,0,,,1,77.0,69.0,DELAY_NAS
BMI,7,2,1.0,-13.0,0,,,1,122.0,126.0,DELAY_LATE_AIRCRAFT
BMI,8,1,-5.0,-20.0,0,,,0,,,N/D
BMI,10,2,-6.0,-8.0,0,,,0,,,N/D
BMI,11,1,-7.0,-11.0,0,,,0,,,N/D
BMI,12,2,-6.5,-13.0,0,,,0,,,N/D
BNA,1,55,-2.09,-9.53,10,31.7,19.6,5,100.4,102.8,DELAY_CARRIER|CANC_WEATHER|DELAY_LATE_AIRCRAFT
BNA,2,60,-4.38,-8.22,5,29.0,23.8,3,111.0,113.33,DELAY_NAS|DELAY_LATE_AIRCRAFT|DELAY_CARRIER
BNA,3,69,-3.58,-11.84,15,29.2,23.07,6,106.5,105.0,DELAY_LATE_AIRCRAFT|DELAY_NAS|DELAY_CARRIER
BNA,4,80,-3.35,-8.36,10,31.9,24.5,10,131.2,123.8,DELAY_CARRIER|DELAY_LATE_AIRCRAFT|DELAY_NAS
BNA,5,62,-1.98,-4.84,16,29.88,32.88,9,239.0,231.11,DELAY_CARRIER|DELAY_LATE_AIRCRAFT|DELAY_NAS
BNA,6,77,-1.64,-8.13,22,31.55,24.5,8,107.12,101.75,DELAY_LATE_AIRCRAFT|DELAY_CARRIER|DELAY_NAS
BNA,7,65,-1.52,-6.14,16,34.62,36.44,9,106.22,96.89,DELAY_LATE_AIRCRAFT|DELAY_CARRIER|DELAY_NAS
BNA,8,61,-2.07,-7.69,15,34.87,27.47,5,221.0,224.6,DELAY_LATE_AIRCRAFT|DELAY_NAS|DELAY_CARRIER
BNA,9,79,-2.62,-8.43,9,34.56,26.67,5,84.8,76.8,DELAY_CARRIER|DELAY_NAS|DELAY_LATE_AIRCRAFT
BNA,10,58,-2.86,-8.26,16,31.81,20.62,2,389.0,382.0,DELAY_LATE_AIRCRAFT|DELAY_CARRIER|CANC_WEATHER
BNA,11,72,-2.42,-9.1,6,35.33,36.0,2,85.5,74.5,DELAY_CARRIER|DELAY_LATE_AIRCRAFT|DELAY_NAS
BNA,12,72,-1.49,-7.86,10,28.8,37.7,6,138.0,127.67,DELAY_NAS|DELAY_CARRIER|DELAY_LATE_AIRCRAFT
BOI,1,8,-4.62,-0.62,2,31.5,25.5,0,,,DELAY_CARRIER|DELAY_WEATHER
BOI,2,17,-3.29,-12.88,1,53.0,57.0,0,,,DELAY_NAS
BOI,3,14,-3.64,-3.14,2,27.0,21.0,0,,,DELAY_NAS|DELAY_LATE_AIRCRAFT
BOI,4,15,-4.93,-5.27,0,,,0,,,N/D
BOI,5,17,-3.94,-9.12,3,23.33,17.67,0,,,DELAY_NAS
BOI,6,24,-4.12,-8.75,2,36.5,39.0,2,77.5,63.5,DELAY_CARRIER|DELAY_LATE_AIRCRAFT|DELAY_NAS
BOI,7,18,-1.61,-6.22,1,17.0,8.0,3,136.0,134.0,DELAY_LATE_AIRCRAFT|DELAY_CARRIER
BOI,8,18,-3.22,-5.44,0,,,0,,,DELAY_CARRIER|DELAY_NAS
BOI,9,21,-4.38,-9.67,3,34.67,25.33,1,101.0,100.0,DELAY_LATE_AIRCRAFT|DELAY_NAS|DELAY_CARRIER
BOI,10,16,-6.25,-11.38,6,28.17,23.83,0,,,DELAY_LATE_AIRCRAFT|DELAY_CARRIER
BOI,11,11,-4.09,-8.36,2,30.0,29.5,1,1019.0,1019.0,DELAY_LATE_AIRCRAFT
BOI,12,19,-3.89,-6.05,4,39.75,33.5,2,325.0,325.0,DELAY_LATE_AIRCRAFT|DELAY_NAS|DELAY_CARRIER
BOS,1,86,-3.35,-11.87,11,34.45,32.91,12,133.58,128.17,DELAY_NAS|DELAY_CARRIER|DELAY_LATE_AIRCRAFT
BOS,2,74,-3.77,-18.45,9,27.89,21.56,4,113.0,104.25,DELAY_NAS|DELAY_CARRIER|DELAY_LATE_AIRCRAFT
BOS,3,113,-3.37,-14.42,13,28.08,17.0,7,116.57,111.29,DELAY_LATE_AIRCRAFT|DELAY_CARRIER|DELAY_NAS
BOS,4,89,-3.67,-7.78,14,37.79,31.93,8,188.12,178.5,DELAY_NAS|DELAY_LATE_AIRCRAFT|DELAY_CARRIER
BOS,5,102,-3.59,-9.94,18,34.72,24.39,8,181.0,179.75,DELAY_LATE_AIRCRAFT|DELAY_NAS|DELAY_CARRIER
BOS,6,86,-4.3,-7.76,27,33.37,26.59,13,186.46,175.31,DELAY_CARRIER|DELAY_LATE_AIRCRAFT|DELAY_NAS
BOS,7,82,-3.89,-9.38,13,34.31,29.38,16,130.25,118.25,DELAY_NAS|DELAY_CARRIER|DELAY_LATE_AIRCRAFT
BOS,8,81,-3.94,-12.07,20,29.95,15.55,11,133.27,124.73,DELAY_CARRIER|DELAY_LATE_AIRCRAFT|DELAY_NAS
BOS,9,100,-3.67,-13.75,11,30.36,32.73,10,120.3,105.6,DELAY_LATE_AIRCRAFT|DELAY_CARRIER|DELAY_NAS
BOS,10,108,-3.05,-11.58,18,31.28,16.78,6,102.0,92.17,DELAY_CARRIER|DELAY_LATE_AIRCRAFT|DELAY_NAS
BOS,11,99,-4.38,-15.54,11,40.82,28.09,6,102.5,91.5,DELAY_LATE_AIRCRAFT|DELAY_CARRIER|DELAY_NAS
BOS,12,81,-3.02,-10.06,21,34.52,26.43,7,114.57,104.0,DELAY_CARRIER|DELAY_NAS|DELAY_LATE_AIRCRAFT
BPT,3,1,-12.0,-26.0,0,,,0,,,N/D
BPT,5,1,-9.0,-16.0,0,,,0,,,N/D
BPT,6,1,-10.0,-24.0,0,,,0,,,N/D
BPT,8,1,-6.0,16.0,0,,,0,,,DELAY_CARRIER
BPT,9,2,-10.0,-27.0,0,,,0,,,N/D
BQK,1,1,-7.0,-16.0,0,,,1,62.0,56.0,DELAY_NAS
BQK,3,1,-7.0,-15.0,1,37.0,82.0,0,,,DELAY_NAS
BQK,4,1,-7.0,-14.0,0,,,0,,,N/D
BQK,7,1,-10.0,-6.0,0,,,0,,,N/D
BQK,12,1,2.0,-14.0,0,,,0,,,N/D
BQN,1,5,-3.2,-6.2,0,,,0,,,DELAY_NAS
BQN,2,2,-12.0,-20.0,0,,,0,,,N/D
BQN,3,1,-11.0,-19.0,0,,,0,,,N/D
BQN,4,3,-7.67,-9.67,0,,,0,,,DELAY_LATE_AIRCRAFT
BQN,5,2,-3.5,-23.0,0,,,1,224.0,215.0,DELAY_LATE_AIRCRAFT
BQN,6,2,-8.0,-18.5,0,,,0,,,N/D
BQN,7,1,-14.0,8.0,0,,,0,,,N/D
BQN,8,2,-12.5,-24.0,0,,,1,64.0,73.0,DELAY_LATE_AIRCRAFT
BQN,10,0,,,1,46.0,27.0,1,65.0,63.0,DELAY_LATE_AIRCRAFT
BQN,12,2,-11.5,-26.5,0,,,1,108.0,98.0,DELAY_LATE_AIRCRAFT
BRD,2,2,-7.5,-27.0,0,,,0,,,N/D
BRD,4,2,-8.0,-18.0,0,,,0,,,N/D
BRD,5,1,-3.0,-7.0,0,,,0,,,N/D
BRD,7,1,-2.0,-13.0,0,,,0,,,N/D
BRD,8,1,-5.0,-6.0,0,,,0,,,N/D
BRD,9,1,-5.0,-17.0,0,,,1,105.0,114.0,DELAY_CARRIER
BRD,12,1,-12.0,-8.0,0,,,0,,,N/D
BRO,2,1,-4.0,-13.0,0,,,0,,,N/D
BRO,3,2,-5.5,-12.5,0,,,0,,,N/D
BRO,4,1,-8.0,-8.0,0,,,1,152.0,205.0,DELAY_LATE_AIRCRAFT
BRO,6,3,-7.67,-9.33,0,,,0,,,N/D
BRO,7,4,-5.5,-7.5,1,51.0,42.0,0,,,DELAY_LATE_AIRCRAFT|DELAY_NAS
BRO,9,1,-3.0,-12.0,0,,,0,,,N/D
BRO,10,2,-10.5,-15.0,0,,,0,,,N/D
BRO,11,2,-12.5,-18.5,0,,,0,,,N/D
BRO,12,2,0.0,-1.5,0,,,0,,,N/D
BRW,4,1,-10.0,-13.0,0,,,0,,,N/D
BRW,5,1,-14.0,-11.0,0,,,0,,,N/D
BRW,8,0,,,1,43.0,61.0,0,,,DELAY_LATE_AIRCRAFT
BTM,6,0,,,0,,,1,123.0,128.0,DELAY_CARRIER
BTM,7,1,-8.0,-6.0,0,,,0,,,N/D
BTM,8,1,-14.0,-15.0,0,,,0,,,N/D
BTM,11,1,-13.0,-28.0,0,,,0,,,N/D
BTR,1,1,-3.0,-19.0,1,35.0,15.0,0,,,CANC_WEATHER|DELAY_CARRIER
BTR,2,2,-6.5,-12.0,0,,,0,,,N/D
BTR,3,6,-5.17,-5.5,1,21.0,9.0,0,,,DELAY_NAS
BTR,5,1,10.0,2.0,0,,,2,229.5,226.5,DELAY_CARRIER|DELAY_WEATHER
BTR,6,2,-2.5,-8.0,1,31.0,16.0,0,,,DELAY_LATE_AIRCRAFT
BTR,7,4,-0.5,1.25,1,41.0,52.0,0,,,CANC_CARRIER|DELAY_LATE_AIRCRAFT
BTR,8,4,-4.25,-5.75,1,24.0,22.0,0,,,DELAY_LATE_AIRCRAFT
BTR,9,5,-10.6,-22.4,0,,,0,,,N/D
BTR,10,5,-6.2,-8.8,0,,,0,,,N/D
BTR,11,2,-7.0,-11.5,1,17.0,21.0,0,,,CANC_WEATHER|DELAY_WEATHER
BTR,12,3,-2.0,-2.0,1,20.0,6.0,0,,,N/D
BTV,1,3,-2.33,-21.67,1,23.0,11.0,2,102.0,83.5,DELAY_CARRIER|DELAY_LATE_AIRCRAFT
BTV,2,2,-9.5,-17.0,0,,,1,385.0,350.0,DELAY_LATE_AIRCRAFT
BTV,3,5,-7.8,-14.4,0,,,0,,,N/D
BTV,4,5,-3.6,-15.0,0,,,0,,,N/D
BTV,5,6,-5.83,-19.83,1,30.0,16.0,0,,,DELAY_LATE_AIRCRAFT
BTV,6,6,-2.0,-18.0,1,16.0,15.0,1,139.0,150.0,CANC_NAS|DELAY_CARRIER|DELAY_LATE_AIRCRAFT
BTV,7,5,-5.6,-16.4,0,,,2,203.5,190.5,CANC_NAS|DELAY_LATE_AIRCRAFT|DELAY_WEATHER
BTV,8,9,-4.44,-7.11,1,15.0,8.0,0,,,CANC_NAS|CANC_WEATHER|DELAY_NAS
BTV,9,8,-2.88,-4.5,0,,,0,,,DELAY_CARRIER|DELAY_NAS
BTV,10,12,-5.08,-6.42,0,,,0,,,DELAY_NAS
BTV,11,5,-5.0,-13.0,1,54.0,52.0,0,,,DELAY_CARRIER
BTV,12,6,-3.33,-7.5,3,28.0,25.0,0,,,DELAY_CARRIER|DELAY_LATE_AIRCRAFT|DELAY_NAS
BUF,1,17,-3.59,-14.18,0,,,2,80.0,78.0,CANC_WEATHER|DELAY_LATE_AIRCRAFT|DELAY_CARRIER
BUF,2,15,-2.93,-15.0,2,32.5,24.5,1,74.0,60.0,DELAY_CARRIER|DELAY_LATE_AIRCRAFT|DELAY_NAS
BUF,3,16,-3.0,-8.81,3,36.33,22.33,1,493.0,466.0,DELAY_CARRIER|DELAY_LATE_AIRCRAFT|DELAY_NAS
BUF,4,19,-3.89,-10.11,2,27.0,7.5,0,,,DELAY_CARRIER|DELAY_NAS
BUF,5,16,-3.69,-10.38,2,30.5,30.5,1,106.0,102.0,DELAY_LATE_AIRCRAFT|DELAY_NAS
BUF,6,23,-3.04,-6.3,2,26.0,28.0,2,102.5,95.0,DELAY_CARRIER|DELAY_NAS
BUF,7,11,-2.0,-9.55,2,36.5,24.0,3,146.0,145.67,DELAY_CARRIER|DELAY_NAS
BUF,8,23,-3.78,-6.65,3,27.67,26.67,1,79.0,73.0,DELAY_CARRIER|DELAY_NAS|DELAY_LATE_AIRCRAFT
BUF,9,16,-4.75,-9.56,3,25.33,19.33,0,,,DELAY_CARRIER|DELAY_LATE_AIRCRAFT
BUF,10,15,-2.6,-12.27,3,32.0,23.33,0,,,DELAY_LATE_AIRCRAFT|CANC_WEATHER
BUF,11,13,-5.08,-10.38,2,22.0,14.0,2,327.0,315.5,DELAY_CARRIER|DELAY_NAS
BUF,12,11,0.45,-3.18,1,33.0,38.0,1,97.0,92.0,DELAY_LATE_AIRCRAFT|DELAY_CARRIER|DELAY_NAS
BUR,1,28,-3.11,-11.04,0,,,1,62.0,55.0,DELAY_LATE_AIRCRAFT
BUR,2,20,-0.2,-7.05,2,31.5,18.5,4,91.5,79.25,DELAY_LATE_AIRCRAFT|DELAY_NAS
BUR,3,15,-1.8,-6.2,0,,,2,132.5,134.0,DELAY_LATE_AIRCRAFT|DELAY_NAS
BUR,4,18,-2.72,-10.06,5,33.0,34.0,1,142.0,170.0,DELAY_NAS|DELAY_CARRIER|DELAY_LATE_AIRCRAFT
BUR,5,15,-3.2,-8.0,5,27.0,34.4,1,98.0,93.0,DELAY_LATE_AIRCRAFT|DELAY_NAS|DELAY_CARRIER
BUR,6,24,-1.33,-3.25,4,28.0,18.75,0,,,DELAY_NAS|DELAY_CARRIER|DELAY_LATE_AIRCRAFT
BUR,7,20,-2.65,-9.3,5,39.8,36.2,1,83.0,68.0,DELAY_LATE_AIRCRAFT|CANC_CARRIER|DELAY_CARRIER
BUR,8,23,-3.3,-10.52,1,45.0,28.0,1,121.0,125.0,DELAY_CARRIER|DELAY_LATE_AIRCRAFT|DELAY_NAS
BUR,9,23,-2.35,-6.48,1,37.0,37.0,0,,,DELAY_NAS|DELAY_CARRIER
BUR,10,19,-4.42,-7.74,8,30.0,24.75,1,71.0,84.0,DELAY_LATE_AIRCRAFT|DELAY_CARRIER|DELAY_NAS
BUR,11,23,-3.17,-8.57,0,,,1,100.0,92.0,DELAY_NAS
BUR,12,16,-0.75,-5.12,4,31.5,30.25,4,102.25,90.75,DELAY_LATE_AIRCRAFT|DELAY_CARRIER|DELAY_NAS
BWI,1,47,0.94,-2.3,15,30.4,24.8,6,111.5,118.33,DELAY_LATE_AIRCRAFT|DELAY_NAS|DELAY_CARRIER
BWI,2,50,0.44,-9.04,12,24.0,13.75,3,98.67,80.67,DELAY_LATE_AIRCRAFT|DELAY_CARRIER|DELAY_NAS
BWI,3,48,-0.94,-8.17,17,31.82,24.24,2,94.5,92.0,DELAY_CARRIER|DELAY_LATE_AIRCRAFT|DELAY_NAS
BWI,4,54,-0.69,-5.39,20,28.7,21.6,8,99.5,90.62,DELAY_CARRIER|DELAY_LATE_AIRCRAFT|DELAY_NAS
BWI,5,55,0.93,-6.13,20,31.05,22.2,19,105.84,104.89,DELAY_CARRIER|DELAY_LATE_AIRCRAFT|DELAY_NAS
BWI,6,53,0.92,-4.13,26,28.54,20.85,1,232.0,215.0,DELAY_LATE_AIRCRAFT|DELAY_CARRIER|CANC_WEATHER
BWI,7,52,1.5,-2.52,32,29.91,19.47,17,114.35,111.29,DELAY_CARRIER|DELAY_LATE_AIRCRAFT|DELAY_NAS
BWI,8,47,1.28,-6.26,22,29.23,20.05,11,187.55,179.0,DELAY_CARRIER|DELAY_LATE_AIRCRAFT|DELAY_NAS
BWI,9,63,0.29,-7.95,10,27.2,18.1,1,70.0,63.0,DELAY_CARRIER|DELAY_LATE_AIRCRAFT|DELAY_NAS
BWI,10,69,0.41,-10.96,14,25.0,14.14,3,89.0,84.0,DELAY_LATE_AIRCRAFT|DELAY_CARRIER|DELAY_NAS
BWI,11,76,-0.64,-10.88,6,23.5,7.67,2,183.0,167.0,DELAY_CARRIER|DELAY_LATE_AIRCRAFT|DELAY_NAS
BWI,12,49,-0.14,-11.24,17,29.71,23.12,3,147.0,148.0,DELAY_LATE_AIRCRAFT|DELAY_CARRIER|DELAY_NAS
BZN,1,8,-2.5,-5.88,0,,,1,377.0,371.0,DELAY_CARRIER|CANC_WEATHER
BZN,2,6,-4.5,-2.83,0,,,0,,,DELAY_NAS
BZN,3,14,-4.14,-9.21,1,25.0,32.0,2,72.5,82.0,DELAY_CARRIER|DELAY_NAS
BZN,4,8,-5.62,-3.88,0,,,1,83.0,80.0,DELAY_LATE_AIRCRAFT|DELAY_NAS
BZN,5,4,-6.0,-9.0,0,,,1,70.0,59.0,DELAY_LATE_AIRCRAFT
BZN,6,6,-4.17,-6.33,0,,,1,143.0,156.0,DELAY_LATE_AIRCRAFT
BZN,7,8,-7.62,-9.12,3,30.67,17.33,2,86.0,100.0,DELAY_CARRIER|DELAY_LATE_AIRCRAFT
BZN,8,7,-0.14,-5.29,0,,,1,134.0,115.0,DELAY_LATE_AIRCRAFT|DELAY_NAS
BZN,9,7,0.14,-3.29,1,48.0,74.0,1,118.0,112.0,DELAY_CARRIER|DELAY_WEATHER
BZN,10,6,-8.83,-2.17,0,,,1,62.0,48.0,DELAY_CARRIER|DELAY_NAS
BZN,11,2,-2.5,1.5,0,,,1,75.0,64.0,DELAY_CARRIER|DELAY_NAS
BZN,12,8,-5.75,-16.25,1,51.0,38.0,0,,,DELAY_LATE_AIRCRAFT
CAE,1,3,-3.33,-13.0,0,,,1,83.0,93.0,DELAY_CARRIER
CAE,2,4,-6.25,-18.75,0,,,0,,,N/D
CAE,3,9,-6.11,-13.33,0,,,0,,,N/D
CAE,4,3,-6.0,-2.0,0,,,0,,,CANC_WEATHER
CAE,5,1,-6.0,-5.0,1,59.0,57.0,0,,,DELAY_LATE_AIRCRAFT
CAE,6,5,-6.2,-15.2,1,52.0,55.0,0,,,DELAY_LATE_AIRCRAFT
CAE,7,5,-7.8,-17.6,0,,,0,,,N/D
CAE,8,4,-3.0,0.0,0,,,0,,,N/D
CAE,9,6,-7.67,-3.67,0,,,0,,,DELAY_NAS
CAE,10,9,-5.89,-12.67,0,,,0,,,N/D
CAE,11,4,-6.5,-13.25,0,,,2,119.0,117.0,DELAY_CARRIER|DELAY_LATE_AIRCRAFT
CAE,12,1,-9.0,-12.0,1,40.0,37.0,0,,,DELAY_NAS
CAK,1,1,-12.0,-16.0,0,,,1,74.0,80.0,DELAY_LATE_AIRCRAFT
CAK,2,3,-9.0,-27.0,0,,,0,,,N/D
CAK,3,5,-7.8,-12.2,0,,,0,,,N/D
CAK,4,0,,,0,,,1,100.0,103.0,DELAY_LATE_AIRCRAFT
CAK,5,1,-11.0,-24.0,0,,,2,99.5,99.0,DELAY_CARRIER|DELAY_LATE_AIRCRAFT
CAK,6,6,-7.67,-11.5,0,,,0,,,N/D
CAK,7,2,-14.0,-22.0,1,38.0,53.0,1,116.0,114.0,DELAY_LATE_AIRCRAFT
CAK,9,4,-0.25,1.25,0,,,0,,,DELAY_NAS
CAK,10,4,-7.25,-13.5,0,,,0,,,N/D
CAK,11,1,-10.0,-15.0,0,,,0,,,N/D
CAK,12,4,-6.75,-9.5,0,,,5,124.0,117.6,DELAY_LATE_AIRCRAFT|DELAY_CARRIER
CDC,2,1,-9.0,-16.0,0,,,0,,,N/D
CDC,4,2,-3.5,-5.5,0,,,0,,,N/D
CDC,5,2,-7.5,-16.5,0,,,0,,,N/D
CDC,6,0,,,0,,,1,126.0,118.0,DELAY_CARRIER
CDC,7,2,-7.0,-18.5,0,,,0,,,N/D
CDC,9,1,-10.0,-21.0,0,,,0,,,N/D
CDC,11,1,-12.0,-3.0,0,,,0,,,N/D
CDV,1,1,-33.0,-19.0,0,,,0,,,N/D
CDV,2,1,-10.0,-19.0,0,,,0,,,N/D
CDV,3,2,-18.0,-22.5,0,,,0,,,N/D
CDV,4,1,-18.0,-20.0,0,,,0,,,N/D
CDV,7,1,-13.0,-18.0,0,,,0,,,N/D
CDV,8,0,,,1,32.0,36.0,0,,,DELAY_LATE_AIRCRAFT
CDV,10,1,-18.0,-29.0,0,,,0,,,N/D
CHA,1,4,-5.25,-11.25,1,15.0,5.0,0,,,N/D
CHA,2,6,-5.5,-1.5,1,23.0,3.0,0,,,DELAY_CARRIER
CHA,3,7,-6.71,-18.0,1,59.0,41.0,1,127.0,140.0,DELAY_CARRIER
CHA,4,3,-5.67,-11.33,1,30.0,23.0,0,,,CANC_NAS|DELAY_LATE_AIRCRAFT
CHA,5,4,-1.5,-3.25,1,32.0,22.0,1,85.0,82.0,DELAY_CARRIER|DELAY_WEATHER
CHA,6,6,-4.0,-13.83,0,,,1,64.0,47.0,DELAY_LATE_AIRCRAFT
CHA,7,3,-4.0,-9.67,0,,,0,,,CANC_CARRIER
CHA,8,6,-2.5,-4.0,2,29.5,24.0,0,,,DELAY_CARRIER
CHA,9,5,-6.2,-13.4,0,,,0,,,N/D
CHA,10,10,-2.3,-8.9,1,24.0,35.0,0,,,DELAY_LATE_AIRCRAFT
CHA,11,2,-6.5,-12.5,0,,,1,384.0,382.0,DELAY_CARRIER
CHA,12,5,1.0,-13.8,0,,,0,,,N/D
CHO,2,3,-4.67,-17.67,0,,,0,,,N/D
CHO,3,2,-7.5,-28.5,0,,,0,,,N/D
CHO,4,4,-5.75,-17.0,0,,,0,,,N/D
CHO,5,2,1.0,3.0,1,35.0,22.0,1,76.0,68.0,DELAY_CARRIER|DELAY_LATE_AIRCRAFT
CHO,6,2,-0.5,-6.5,0,,,0,,,N/D
CHO,7,0,,,0,,,1,110.0,106.0,DELAY_LATE_AIRCRAFT
CHO,8,3,-10.67,-17.67,0,,,0,,,N/D
CHO,10,4,-2.75,-14.25,0,,,0,,,N/D
CHO,11,8,-5.5,-14.0,0,,,0,,,N/D
CHO,12,1,-5.0,-2.0,0,,,1,64.0,37.0,DELAY_NAS
CHS,1,8,-0.25,-9.5,5,36.2,25.6,2,85.5,83.5,DELAY_CARRIER|CANC_CARRIER|CANC_WEATHER
CHS,2,15,-5.8,-13.67,0,,,0,,,DELAY_NAS
CHS,3,13,-1.77,-5.0,1,34.0,33.0,0,,,DELAY_LATE_AIRCRAFT|CANC_WEATHER
CHS,4,12,-6.25,-7.92,1,48.0,47.0,0,,,DELAY_LATE_AIRCRAFT
CHS,5,23,-1.83,-9.87,3,38.33,41.33,3,82.67,70.67,DELAY_LATE_AIRCRAFT|DELAY_CARRIER|DELAY_NAS
CHS,6,20,-2.45,-10.7,6,28.5,28.17,0,,,DELAY_LATE_AIRCRAFT
CHS,7,14,-3.71,-3.0,1,21.0,6.0,5,102.0,100.4,DELAY_LATE_AIRCRAFT|DELAY_CARRIER|CANC_WEATHER
CHS,8,16,-4.88,-10.81,2,33.5,20.5,5,257.0,251.6,DELAY_LATE_AIRCRAFT|CANC_NAS|CANC_WEATHER
CHS,9,16,-3.38,-9.06,2,36.0,35.5,0,,,DELAY_CARRIER
CHS,10,19,-3.47,-8.89,2,24.5,10.0,3,69.0,60.67,DELAY_CARRIER|DELAY_NAS
CHS,11,11,-3.55,-4.91,1,42.0,34.0,1,126.0,134.0,DELAY_NAS
CHS,12,19,-4.05,-11.95,3,40.67,33.33,2,202.0,199.5,DELAY_LATE_AIRCRAFT|DELAY_CARRIER
CID,1,3,-5.0,7.33,0,,,1,118.0,106.0,CANC_CARRIER|CANC_WEATHER|DELAY_CARRIER
CID,2,5,-3.0,-10.2,1,28.0,44.0,1,108.0,106.0,DELAY_CARRIER|DELAY_LATE_AIRCRAFT
CID,3,3,-5.0,-15.0,0,,,1,102.0,91.0,DELAY_LATE_AIRCRAFT
CID,4,8,-4.25,-2.38,0,,,0,,,DELAY_NAS
CID,5,10,-2.3,-16.3,1,33.0,49.0,1,89.0,86.0,DELAY_CARRIER|DELAY_LATE_AIRCRAFT
CID,6,10,-4.2,0.4,1,29.0,37.0,0,,,DELAY_CARRIER|DELAY_WEATHER
CID,7,8,-2.12,2.75,1,45.0,39.0,1,114.0,107.0,DELAY_CARRIER|CANC_CARRIER|DELAY_NAS
CID,8,6,-4.33,2.5,2,23.5,15.0,0,,,DELAY_NAS|DELAY_CARRIER
CID,9,9,-8.78,-25.44,1,15.0,10.0,0,,,N/D
CID,10,8,-6.5,-9.5,0,,,0,,,N/D
CID,11,6,-7.5,-10.33,1,57.0,95.0,1,63.0,33.0,DELAY_LATE_AIRCRAFT|DELAY_CARRIER
CID,12,4,-2.0,-17.75,0,,,0,,,N/D
CIU,1,0,,,1,28.0,19.0,0,,,DELAY_WEATHER
CIU,3,1,-7.0,-28.0,0,,,0,,,N/D
CIU,6,1,-14.0,-27.0,0,,,0,,,N/D
CIU,8,3,-3.0,-4.0,0,,,0,,,N/D
CKB,2,0,,,1,24.0,26.0,0,,,DELAY_LATE_AIRCRAFT
CKB,7,0,,,0,,,1,874.0,879.0,DELAY_CARRIER
CLE,1,25,-2.32,-7.4,3,36.33,24.67,5,297.8,294.0,DELAY_CARRIER|DELAY_LATE_AIRCRAFT|CANC_CARRIER
CLE,2,30,-4.87,-10.97,3,17.67,10.33,2,93.0,77.5,DELAY_CARRIER|DELAY_NAS|DELAY_LATE_AIRCRAFT
CLE,3,26,-2.42,-8.0,2,44.0,42.0,4,200.75,189.0,DELAY_CARRIER|DELAY_NAS|DELAY_LATE_AIRCRAFT
CLE,4,24,-5.0,-12.67,5,31.2,36.8,3,148.67,131.0,DELAY_LATE_AIRCRAFT|DELAY_CARRIER|DELAY_NAS
CLE,5,38,-4.0,-9.37,5,31.2,27.2,1,72.0,75.0,DELAY_LATE_AIRCRAFT|CANC_WEATHER|DELAY_NAS
CLE,6,41,-4.59,-9.54,8,30.62,32.38,4,153.5,148.75,DELAY_LATE_AIRCRAFT|DELAY_NAS|DELAY_CARRIER
CLE,7,24,-1.62,-8.75,5,27.2,17.2,4,264.75,259.0,DELAY_CARRIER|DELAY_LATE_AIRCRAFT|CANC_CARRIER
CLE,8,20,-6.2,-11.0,1,35.0,19.0,3,99.67,147.33,DELAY_LATE_AIRCRAFT|DELAY_CARRIER|DELAY_NAS
CLE,9,33,-6.3,-11.52,1,26.0,39.0,4,83.25,79.75,DELAY_CARRIER|DELAY_LATE_AIRCRAFT|DELAY_NAS
CLE,10,35,-5.26,-12.77,6,32.5,24.5,0,,,DELAY_CARRIER|DELAY_LATE_AIRCRAFT|DELAY_NAS
CLE,11,20,-3.8,-8.35,6,32.0,20.83,0,,,DELAY_CARRIER|DELAY_NAS|DELAY_LATE_AIRCRAFT
CLE,12,20,-1.05,-5.6,6,30.17,30.17,2,71.5,52.5,DELAY_LATE_AIRCRAFT|DELAY_NAS|DELAY_CARRIER
CLL,2,1,-10.0,-30.0,0,,,0,,,N/D
CLL,3,1,-1.0,-21.0,0,,,0,,,CANC_WEATHER
CLL,4,2,-2.0,-1.5,0,,,0,,,N/D
CLL,6,1,-7.0,-22.0,0,,,0,,,N/D
CLL,10,1,-5.0,-4.0,0,,,0,,,N/D
CLT,1,114,-1.46,-7.52,29,30.14,21.28,19,122.74,116.42,DELAY_LATE_AIRCRAFT|DELAY_CARRIER|DELAY_NAS
CLT,2,129,-2.16,-8.14,16,31.12,31.44,5,111.4,104.2,DELAY_LATE_AIRCRAFT|DELAY_CARRIER|DELAY_NAS
CLT,3,146,-1.1,-7.75,28,23.54,25.79,12,240.33,239.67,DELAY_LATE_AIRCRAFT|DELAY_CARRIER|DELAY_NAS
CLT,4,148,-2.34,-5.11,38,34.13,34.87,15,145.67,143.0,DELAY_LATE_AIRCRAFT|DELAY_NAS|DELAY_CARRIER
CLT,5,129,-0.66,1.06,45,30.16,31.42,35,163.94,163.54,DELAY_LATE_AIRCRAFT|DELAY_CARRIER|DELAY_NAS
CLT,6,124,-0.49,-6.18,41,34.22,25.71,20,174.0,173.4,DELAY_LATE_AIRCRAFT|DELAY_CARRIER|DELAY_NAS
CLT,7,83,-1.49,-5.88,33,31.24,24.64,34,113.32,109.82,DELAY_LATE_AIRCRAFT|DELAY_CARRIER|DELAY_NAS
CLT,8,111,-1.95,-7.41,42,30.88,25.14,20,155.5,151.85,DELAY_LATE_AIRCRAFT|DELAY_CARRIER|DELAY_NAS
CLT,9,167,-1.58,-7.91,27,31.74,27.44,12,144.5,128.42,DELAY_LATE_AIRCRAFT|DELAY_CARRIER|CANC_WEATHER
CLT,10,159,-1.75,-8.75,18,33.17,24.33,11,225.36,218.91,DELAY_LATE_AIRCRAFT|DELAY_CARRIER|DELAY_NAS
CLT,11,147,-2.16,-8.66,16,38.19,33.5,4,114.75,103.5,DELAY_LATE_AIRCRAFT|DELAY_CARRIER|DELAY_NAS
CLT,12,143,-1.41,-6.29,29,31.31,29.31,15,108.6,110.27,DELAY_LATE_AIRCRAFT|DELAY_CARRIER|DELAY_NAS
CMH,1,26,-3.46,-11.96,3,29.0,33.33,2,90.0,74.5,DELAY_NAS|DELAY_CARRIER|DELAY_LATE_AIRCRAFT
CMH,2,28,-1.11,-11.5,4,27.0,14.5,2,219.0,206.0,DELAY_LATE_AIRCRAFT|DELAY_CARRIER
CMH,3,32,-3.31,-8.78,8,37.12,42.88,3,106.33,99.67,DELAY_NAS|DELAY_LATE_AIRCRAFT|DELAY_CARRIER
CMH,4,26,-4.31,-10.77,3,33.33,27.0,2,91.0,93.0,DELAY_LATE_AIRCRAFT|DELAY_NAS
CMH,5,24,-1.42,-10.75,7,34.0,32.14,2,81.5,75.5,DELAY_LATE_AIRCRAFT|DELAY_CARRIER|DELAY_NAS
CMH,6,28,-3.5,-12.21,5,33.0,31.6,1,88.0,85.0,DELAY_NAS|DELAY_LATE_AIRCRAFT
CMH,7,26,-4.31,-10.46,5,39.4,32.8,6,133.67,119.33,DELAY_CARRIER|DELAY_LATE_AIRCRAFT|DELAY_NAS
CMH,8,22,-3.64,-10.32,6,37.0,66.0,1,394.0,380.0,DELAY_NAS|DELAY_CARRIER|DELAY_LATE_AIRCRAFT
CMH,9,24,-4.5,-12.21,3,34.33,23.0,2,151.5,147.5,DELAY_CARRIER|DELAY_LATE_AIRCRAFT
CMH,10,31,-4.74,-11.77,4,26.75,13.5,1,140.0,124.0,DELAY_CARRIER|CANC_WEATHER|DELAY_LATE_AIRCRAFT
CMH,11,33,-4.73,-10.06,2,19.5,22.5,1,71.0,73.0,DELAY_NAS|DELAY_CARRIER|DELAY_LATE_AIRCRAFT
CMH,12,28,-2.36,-12.82,5,34.4,31.8,0,,,DELAY_CARRIER|DELAY_LATE_AIRCRAFT|DELAY_NAS
CMI,2,1,-1.0,-11.0,0,,,0,,,N/D
CMI,5,3,-4.67,6.0,0,,,0,,,DELAY_NAS
CMI,6,2,2.5,-4.5,0,,,0,,,N/D
CMI,7,0,,,1,37.0,18.0,1,191.0,184.0,DELAY_CARRIER|DELAY_NAS
CMI,8,1,4.0,-8.0,0,,,0,,,N/D
CMI,9,3,-7.0,-13.33,0,,,0,,,N/D
CMI,10,2,1.5,-12.5,0,,,0,,,N/D
CMI,11,1,-10.0,-31.0,0,,,0,,,N/D
CMX,2,3,-11.67,-29.67,0,,,0,,,N/D
CMX,3,1,-10.0,-16.0,0,,,0,,,N/D
CMX,6,2,-11.0,-15.5,0,,,0,,,N/D
CMX,8,2,-4.5,-4.5,0,,,0,,,N/D
CMX,12,0,,,1,17.0,29.0,0,,,DELAY_NAS
COD,5,1,13.0,28.0,0,,,0,,,DELAY_NAS
COD,6,0,,,1,21.0,52.0,0,,,DELAY_NAS
COD,7,0,,,1,26.0,15.0,0,,,DELAY_CARRIER
COD,8,3,0.67,-1.33,1,15.0,4.0,1,176.0,184.0,DELAY_CARRIER
COD,9,1,-2.0,-13.0,0,,,0,,,N/D
COD,10,0,,,1,35.0,18.0,0,,,DELAY_CARRIER
COD,11,1,-5.0,-15.0,0,,,1,228.0,264.0,DELAY_WEATHER
COS,1,5,-5.2,-11.2,0,,,0,,,N/D
COS,2,8,-4.62,-12.5,0,,,0,,,N/D
COS,3,7,-2.0,-9.29,2,32.5,27.5,0,,,DELAY_CARRIER|DELAY_LATE_AIRCRAFT|DELAY_NAS
COS,4,9,-5.44,-6.0,1,18.0,7.0,0,,,DELAY_NAS
COS,5,12,-1.67,-10.5,0,,,2,107.5,98.0,DELAY_CARRIER
COS,6,10,-3.7,-5.3,0,,,0,,,N/D
COS,7,12,-2.33,-9.75,3,30.67,18.67,5,191.0,196.2,DELAY_LATE_AIRCRAFT|DELAY_CARRIER|DELAY_NAS
COS,8,9,-2.22,-6.33,2,38.0,30.0,0,,,DELAY_CARRIER|DELAY_LATE_AIRCRAFT
COS,9,13,-3.62,-8.77,3,42.67,31.67,0,,,DELAY_LATE_AIRCRAFT|DELAY_NAS
COS,10,8,-2.25,-10.88,1,58.0,51.0,0,,,DELAY_NAS
COS,11,17,-3.94,-3.88,1,56.0,46.0,0,,,DELAY_NAS|DELAY_LATE_AIRCRAFT
COS,12,12,-5.67,-14.08,3,46.33,42.33,0,,,DELAY_CARRIER|DELAY_LATE_AIRCRAFT
COU,1,0,,,0,,,0,,,CANC_NAS
COU,2,1,-9.0,-7.0,0,,,0,,,N/D
COU,3,3,-7.67,-8.0,0,,,0,,,N/D
COU,4,3,4.67,7.33,0,,,1,94.0,82.0,DELAY_LATE_AIRCRAFT
COU,5,1,0.0,8.0,0,,,0,,,N/D
COU,6,0,,,0,,,1,178.0,182.0,DELAY_WEATHER
COU,7,0,,,0,,,1,62.0,57.0,DELAY_CARRIER
COU,8,0,,,0,,,1,92.0,75.0,DELAY_LATE_AIRCRAFT
COU,9,1,-11.0,-25.0,0,,,0,,,N/D
COU,12,2,-8.5,-2.5,0,,,0,,,N/D
CPR,5,2,-8.0,-32.0,0,,,0,,,N/D
CPR,6,3,-6.0,-17.67,0,,,0,,,N/D
CPR,7,3,-8.67,-17.67,0,,,0,,,N/D
CPR,8,2,-8.0,-14.5,0,,,1,81.0,64.0,DELAY_CARRIER
CPR,9,2,-7.0,-15.0,0,,,0,,,N/D
CPR,10,2,-7.0,-11.5,0,,,0,,,N/D
CPR,11,2,-6.0,-8.0,1,34.0,37.0,1,61.0,62.0,DELAY_LATE_AIRCRAFT|DELAY_NAS
CPR,12,2,-5.0,-21.0,0,,,0,,,N/D
CRP,1,2,-9.0,-17.5,0,,,0,,,N/D
CRP,2,2,-9.0,-13.0,0,,,0,,,N/D
CRP,3,3,-6.0,-12.33,0,,,0,,,N/D
CRP,4,1,7.0,17.0,0,,,0,,,DELAY_NAS
CRP,5,2,-6.0,-12.0,2,42.0,47.5,0,,,DELAY_LATE_AIRCRAFT
CRP,6,4,-3.0,-5.5,1,40.0,31.0,1,98.0,88.0,DELAY_LATE_AIRCRAFT
CRP,7,3,-7.0,-13.33,0,,,0,,,N/D
CRP,8,1,-13.0,-25.0,0,,,0,,,N/D
CRP,9,3,-6.33,-18.0,0,,,0,,,N/D
CRP,10,3,-6.67,-8.0,0,,,0,,,DELAY_NAS
CRP,11,1,-6.0,-20.0,0,,,0,,,N/D
CRP,12,2,-4.5,-14.5,1,19.0,10.0,2,210.5,203.0,DELAY_CARRIER
CRW,1,5,-2.4,14.8,0,,,0,,,DELAY_NAS
CRW,2,2,-5.0,-12.0,1,16.0,-3.0,0,,,N/D
CRW,3,3,-2.33,-18.33,0,,,0,,,N/D
CRW,4,2,-10.5,-34.5,0,,,0,,,N/D
CRW,5,2,-7.0,-32.5,2,36.5,25.5,0,,,DELAY_CARRIER
CRW,6,1,-7.0,-20.0,0,,,0,,,N/D
CRW,7,1,10.0,5.0,0,,,2,176.5,175.0,DELAY_CARRIER|DELAY_LATE_AIRCRAFT
CRW,8,3,-7.0,-12.33,0,,,0,,,N/D
CRW,9,1,-9.0,-24.0,0,,,0,,,N/D
CRW,10,2,-6.0,-17.0,0,,,1,193.0,178.0,DELAY_CARRIER
CRW,11,1,-6.0,-31.0,0,,,0,,,N/D
CRW,12,4,-4.25,-22.5,0,,,0,,,N/D
CSG,1,1,8.0,0.0,0,,,0,,,N/D
CSG,2,2,2.0,7.0,0,,,0,,,N/D
CSG,3,0,,,1,41.0,35.0,0,,,DELAY_CARRIER
CSG,4,2,-3.0,-1.5,0,,,0,,,N/D
CSG,5,2,-4.0,-10.5,0,,,0,,,N/D
CSG,7,0,,,0,,,1,67.0,53.0,DELAY_LATE_AIRCRAFT
CSG,9,2,-5.5,-11.5,0,,,0,,,N/D
CSG,10,1,-8.0,-16.0,0,,,0,,,N/D
CVG,1,26,-4.77,-8.46,2,30.0,33.5,2,118.5,164.0,DELAY_NAS|DELAY_CARRIER|DELAY_LATE_AIRCRAFT
CVG,2,23,-2.22,-15.48,1,17.0,-4.0,0,,,N/D
CVG,3,38,-3.82,-12.66,4,35.75,30.5,0,,,DELAY_NAS|CANC_WEATHER|DELAY_LATE_AIRCRAFT
CVG,4,36,-4.44,-8.75,3,34.0,15.33,0,,,DELAY_CARRIER|DELAY_LATE_AIRCRAFT|DELAY_NAS
CVG,5,27,-3.19,-7.67,1,36.0,28.0,3,141.0,148.67,DELAY_LATE_AIRCRAFT|DELAY_NAS|DELAY_WEATHER
CVG,6,36,-2.28,-9.56,1,20.0,16.0,6,101.33,99.83,DELAY_LATE_AIRCRAFT|DELAY_CARRIER|CANC_NAS
CVG,7,23,-2.22,-6.57,3,42.33,33.0,5,333.0,322.8,DELAY_LATE_AIRCRAFT|CANC_CARRIER|DELAY_CARRIER
CVG,8,26,-2.69,-9.58,6,30.83,36.17,3,131.33,152.33,CANC_CARRIER|CANC_NAS|DELAY_CARRIER
CVG,9,32,-3.94,-5.41,0,,,0,,,DELAY_NAS|DELAY_CARRIER
CVG,10,34,-2.91,-8.26,1,32.0,18.0,3,224.33,209.33,DELAY_CARRIER|DELAY_LATE_AIRCRAFT|DELAY_NAS
CVG,11,27,-5.59,-11.33,1,22.0,16.0,0,,,DELAY_CARRIER|DELAY_NAS
CVG,12,28,-3.46,-7.29,4,32.5,48.0,2,102.0,91.5,DELAY_NAS|DELAY_CARRIER|CANC_CARRIER
CWA,1,1,-3.0,-4.0,0,,,0,,,N/D
CWA,2,1,-2.0,-16.0,0,,,0,,,N/D
CWA,3,1,-6.0,-30.0,0,,,0,,,N/D
CWA,4,1,10.0,-4.0,0,,,0,,,N/D
CWA,5,1,-4.0,4.0,0,,,0,,,N/D
CWA,6,1,-10.0,8.0,0,,,0,,,N/D
CWA,7,1,-11.0,3.0,0,,,0,,,N/D
CWA,9,1,-6.0,-7.0,0,,,0,,,N/D
CWA,10,1,-3.0,-22.0,0,,,0,,,N/D
CYS,1,1,-10.0,-39.0,0,,,0,,,N/D
CYS,3,1,-7.0,-23.0,0,,,0,,,N/D
CYS,5,1,-10.0,-8.0,0,,,0,,,N/D
CYS,7,1,-8.0,-30.0,0,,,0,,,N/D
DAB,1,2,-4.5,-10.5,0,,,1,165.0,153.0,DELAY_WEATHER
DAB,2,1,-5.0,0.0,0,,,0,,,N/D
DAB,3,1,-6.0,-9.0,1,30.0,19.0,2,192.0,195.5,DELAY_LATE_AIRCRAFT|DELAY_CARRIER
DAB,4,3,-4.33,5.0,0,,,0,,,DELAY_NAS
DAB,5,3,-8.0,-21.33,1,23.0,10.0,0,,,N/D
DAB,6,3,-7.0,-18.67,0,,,0,,,N/D
DAB,7,1,-1.0,-11.0,0,,,1,89.0,70.0,DELAY_LATE_AIRCRAFT
DAB,8,5,-5.0,-13.0,0,,,0,,,N/D
DAB,9,1,-6.0,-15.0,1,21.0,9.0,0,,,N/D
DAB,11,2,-4.0,-11.5,0,,,0,,,N/D
DAB,12,1,-3.0,-6.0,0,,,0,,,N/D
DAL,1,51,0.0,-7.59,18,28.61,20.67,3,140.0,133.0,DELAY_LATE_AIRCRAFT|DELAY_CARRIER|DELAY_NAS
DAL,2,43,-1.28,-10.19,14,27.93,20.0,2,86.5,80.0,DELAY_LATE_AIRCRAFT|DELAY_CARRIER|DELAY_NAS
DAL,3,43,0.37,-7.05,12,29.58,21.33,3,124.67,114.33,DELAY_LATE_AIRCRAFT|DELAY_CARRIER|DELAY_NAS
DAL,4,41,1.9,-4.59,9,26.44,29.11,10,87.8,86.2,DELAY_LATE_AIRCRAFT|DELAY_CARRIER|DELAY_NAS
DAL,5,34,0.38,-4.65,11,36.64,30.27,4,147.25,156.5,DELAY_LATE_AIRCRAFT|DELAY_CARRIER|CANC_WEATHER
DAL,6,44,1.36,-3.84,15,25.67,18.33,6,87.67,83.33,DELAY_CARRIER|DELAY_LATE_AIRCRAFT|DELAY_NAS
DAL,7,36,2.06,-5.72,13,31.0,29.54,7,112.29,118.57,DELAY_LATE_AIRCRAFT|DELAY_CARRIER|DELAY_NAS
DAL,8,43,1.0,-5.4,6,29.0,18.33,5,90.0,90.8,DELAY_LATE_AIRCRAFT|DELAY_NAS|DELAY_CARRIER
DAL,9,39,-0.38,-7.69,15,34.07,28.33,2,99.5,84.0,DELAY_LATE_AIRCRAFT|DELAY_NAS|DELAY_CARRIER
DAL,10,47,-0.28,-4.94,11,25.45,20.73,2,101.0,88.0,DELAY_CARRIER|DELAY_LATE_AIRCRAFT|CANC_WEATHER
DAL,11,46,-1.24,-9.54,13,24.92,11.62,2,141.0,130.0,DELAY_LATE_AIRCRAFT|DELAY_CARRIER|DELAY_NAS
DAL,12,36,0.44,-5.67,9,22.89,25.67,5,148.4,143.0,DELAY_LATE_AIRCRAFT|DELAY_NAS|DELAY_CARRIER
DAY,1,1,-10.0,-28.0,0,,,0,,,N/D
DAY,2,2,-6.5,-9.5,0,,,0,,,N/D
DAY,3,4,-5.0,-13.5,0,,,0,,,N/D
DAY,4,8,-8.0,-10.88,0,,,0,,,N/D
DAY,5,4,-9.0,-15.25,0,,,0,,,N/D
DAY,6,8,-5.12,-14.75,0,,,2,473.5,467.5,DELAY_CARRIER|DELAY_LATE_AIRCRAFT
DAY,7,4,-4.75,-10.0,0,,,1,189.0,165.0,DELAY_LATE_AIRCRAFT|DELAY_NAS
DAY,8,7,-5.43,-13.43,1,16.0,8.0,2,274.5,264.5,DELAY_LATE_AIRCRAFT
DAY,9,3,-8.67,-13.0,0,,,0,,,N/D
DAY,10,5,-7.8,-22.2,0,,,0,,,N/D
DAY,11,4,-9.75,-11.75,0,,,0,,,CANC_WEATHER
DAY,12,5,-3.6,-5.4,1,41.0,49.0,1,70.0,30.0,DELAY_LATE_AIRCRAFT
DCA,1,92,-4.07,-10.21,14,28.79,24.57,10,116.7,117.4,DELAY_LATE_AIRCRAFT|DELAY_CARRIER|DELAY_NAS
DCA,2,97,-5.0,-14.55,14,28.5,5.71,3,210.67,195.33,DELAY_CARRIER|DELAY_NAS|DELAY_LATE_AIRCRAFT
DCA,3,106,-3.42,-12.19,11,24.55,22.09,10,221.8,210.4,DELAY_CARRIER|DELAY_LATE_AIRCRAFT|DELAY_NAS
DCA,4,95,-4.09,-11.12,5,42.2,29.4,14,115.21,110.21,DELAY_LATE_AIRCRAFT|DELAY_NAS|DELAY_CARRIER
DCA,5,93,-3.39,-7.77,18,35.67,31.83,12,109.33,107.5,DELAY_LATE_AIRCRAFT|DELAY_NAS|DELAY_CARRIER
DCA,6,94,-3.71,-10.18,12,27.08,23.42,9,181.78,176.11,DELAY_NAS|DELAY_LATE_AIRCRAFT|DELAY_CARRIER
DCA,7,78,-2.92,-3.38,17,28.18,26.47,18,118.89,127.44,DELAY_NAS|DELAY_LATE_AIRCRAFT|DELAY_CARRIER
DCA,8,81,-3.36,-5.85,16,33.0,35.88,12,129.0,133.58,DELAY_LATE_AIRCRAFT|DELAY_NAS|DELAY_CARRIER
DCA,9,103,-4.19,-11.55,10,36.0,31.1,1,80.0,48.0,DELAY_CARRIER|DELAY_LATE_AIRCRAFT|CANC_WEATHER
DCA,10,88,-4.58,-13.58,13,32.15,18.62,5,80.0,76.8,DELAY_LATE_AIRCRAFT|DELAY_CARRIER|DELAY_NAS
DCA,11,93,-4.43,-13.13,9,33.44,22.56,5,482.2,483.4,DELAY_LATE_AIRCRAFT|DELAY_CARRIER|DELAY_NAS
DCA,12,89,-2.08,-9.31,21,28.95,21.38,9,105.89,102.0,DELAY_LATE_AIRCRAFT|DELAY_CARRIER|DELAY_NAS
DDC,1,2,-10.5,-16.5,0,,,0,,,N/D
DDC,3,1,-2.0,-10.0,0,,,0,,,N/D
DDC,4,1,-10.0,-20.0,0,,,1,710.0,701.0,DELAY_CARRIER
DDC,5,1,-18.0,-27.0,0,,,0,,,N/D
DDC,9,1,-26.0,-37.0,0,,,0,,,N/D
DEC,2,1,-9.0,-36.0,0,,,0,,,N/D
DEC,4,1,-16.0,66.0,0,,,0,,,DELAY_CARRIER
DEC,8,1,-6.0,-5.0,0,,,0,,,N/D
DEN,1,142,-1.88,-9.39,44,29.75,26.11,21,106.86,98.29,DELAY_CARRIER|DELAY_LATE_AIRCRAFT|DELAY_NAS
DEN,2,164,-0.45,-3.5,30,30.63,28.9,23,122.87,123.78,DELAY_CARRIER|DELAY_NAS|DELAY_LATE_AIRCRAFT
DEN,3,185,-1.17,-7.17,41,32.34,24.76,16,113.5,112.75,DELAY_LATE_AIRCRAFT|DELAY_CARRIER|DELAY_NAS
DEN,4,176,-1.57,-6.56,28,31.25,22.04,14,161.71,151.93,DELAY_CARRIER|DELAY_LATE_AIRCRAFT|DELAY_NAS
DEN,5,189,-0.9,-6.24,45,31.96,27.89,36,148.22,144.39,DELAY_LATE_AIRCRAFT|DELAY_CARRIER|DELAY_NAS
DEN,6,174,-0.95,-5.07,50,32.76,29.14,27,157.74,157.26,DELAY_LATE_AIRCRAFT|DELAY_CARRIER|DELAY_NAS
DEN,7,163,-0.15,-5.36,55,33.33,28.16,26,146.96,142.92,DELAY_CARRIER|DELAY_LATE_AIRCRAFT|DELAY_NAS
DEN,8,204,-1.14,-4.84,50,35.08,32.88,24,115.0,109.88,DELAY_LATE_AIRCRAFT|DELAY_CARRIER|DELAY_NAS
DEN,9,212,-2.6,-8.58,31,26.29,20.29,11,124.73,113.45,DELAY_LATE_AIRCRAFT|DELAY_CARRIER|DELAY_NAS
DEN,10,254,-2.3,-8.88,25,25.36,16.92,9,110.0,97.11,DELAY_CARRIER|DELAY_LATE_AIRCRAFT|DELAY_NAS
DEN,11,215,-2.52,-9.57,40,28.88,28.18,12,95.75,93.75,DELAY_CARRIER|DELAY_NAS|DELAY_LATE_AIRCRAFT
DEN,12,243,-1.69,-9.47,36,34.33,26.69,10,177.8,167.5,DELAY_CARRIER|DELAY_LATE_AIRCRAFT|DELAY_NAS
DFW,1,161,-2.19,-8.83,40,30.3,35.7,29,107.31,103.14,DELAY_LATE_AIRCRAFT|DELAY_CARRIER|DELAY_NAS
DFW,2,181,-2.66,-8.35,42,30.31,25.21,12,108.5,103.5,DELAY_CARRIER|DELAY_LATE_AIRCRAFT|DELAY_NAS
DFW,3,178,-2.89,-8.09,60,32.57,26.65,31,166.42,164.74,DELAY_LATE_AIRCRAFT|DELAY_CARRIER|DELAY_NAS
DFW,4,185,-1.99,-6.63,41,30.66,33.24,21,147.48,141.33,DELAY_LATE_AIRCRAFT|DELAY_NAS|DELAY_CARRIER
DFW,5,153,-0.92,-0.67,62,32.87,36.63,46,131.54,130.61,DELAY_LATE_AIRCRAFT|DELAY_NAS|DELAY_CARRIER
DFW,6,163,-1.56,-7.15,81,31.91,26.72,49,157.53,156.33,DELAY_LATE_AIRCRAFT|DELAY_CARRIER|DELAY_NAS
DFW,7,176,-1.6,-6.02,66,29.89,25.67,48,139.85,133.98,DELAY_LATE_AIRCRAFT|DELAY_CARRIER|DELAY_NAS
DFW,8,198,-2.01,-9.13,40,30.12,30.35,21,123.1,112.52,DELAY_LATE_AIRCRAFT|DELAY_CARRIER|DELAY_NAS
DFW,9,207,-2.76,-9.82,40,33.17,24.73,12,80.92,66.08,DELAY_LATE_AIRCRAFT|DELAY_CARRIER|DELAY_NAS
DFW,10,236,-2.53,-9.33,29,33.41,23.97,12,146.75,136.67,DELAY_CARRIER|DELAY_LATE_AIRCRAFT|DELAY_NAS
DFW,11,169,-2.36,-9.08,31,33.0,28.74,21,113.19,110.95,DELAY_LATE_AIRCRAFT|DELAY_CARRIER|DELAY_NAS
DFW,12,185,-1.36,-9.52,35,32.77,29.83,27,173.37,166.37,DELAY_LATE_AIRCRAFT|DELAY_CARRIER|CANC_WEATHER
DHN,3,1,1.0,-18.0,0,,,0,,,N/D
DHN,4,1,-6.0,1.0,0,,,0,,,N/D
DHN,5,1,-4.0,-5.0,0,,,0,,,N/D
DHN,10,1,-2.0,-21.0,0,,,0,,,N/D
DHN,12,1,-18.0,-39.0,0,,,0,,,N/D
DIK,3,1,-4.0,-32.0,0,,,0,,,N/D
DIK,5,2,-8.5,-10.0,0,,,0,,,N/D
DIK,8,1,-13.0,-19.0,0,,,0,,,N/D
DIK,10,1,-11.0,-20.0,0,,,0,,,N/D
DIK,11,1,-4.0,-17.0,0,,,1,162.0,162.0,DELAY_CARRIER
DIK,12,0,,,0,,,2,412.0,422.0,DELAY_LATE_AIRCRAFT|DELAY_WEATHER
DLH,1,1,8.0,7.0,0,,,2,103.0,97.0,DELAY_NAS|DELAY_WEATHER
DLH,3,1,-9.0,-14.0,0,,,0,,,N/D
DLH,5,3,-7.67,-10.67,0,,,0,,,N/D
DLH,6,2,-1.5,-6.0,1,43.0,27.0,1,159.0,145.0,DELAY_LATE_AIRCRAFT|DELAY_NAS
DLH,8,3,-4.33,-3.33,0,,,0,,,N/D
DLH,10,1,-7.0,-14.0,0,,,0,,,N/D
DLH,11,3,-0.67,-14.33,0,,,0,,,N/D
DLH,12,2,3.5,-2.5,0,,,1,169.0,191.0,DELAY_WEATHER
DRO,1,3,-5.33,-7.0,0,,,0,,,N/D
DRO,2,4,-1.75,-14.75,0,,,0,,,N/D
DRO,3,3,-8.67,-28.67,0,,,1,97.0,96.0,DELAY_WEATHER
DRO,4,2,-8.5,-3.5,0,,,0,,,N/D
DRO,5,2,-12.0,-17.0,0,,,0,,,N/D
DRO,6,2,-3.0,-10.5,0,,,0,,,CANC_WEATHER
DRO,7,3,-6.33,-13.33,0,,,0,,,N/D
DRO,8,3,-5.33,-11.33,2,30.5,21.5,0,,,DELAY_LATE_AIRCRAFT
DRO,9,2,2.0,-11.0,0,,,0,,,N/D
DRO,10,4,-4.0,-13.75,0,,,0,,,N/D
DRO,11,1,-16.0,0.0,1,21.0,22.0,2,162.5,151.5,DELAY_CARRIER|DELAY_LATE_AIRCRAFT|DELAY_WEATHER
DRO,12,4,-10.25,-25.0,1,16.0,-2.0,0,,,N/D
DSM,1,6,-5.33,-16.67,1,44.0,74.0,1,129.0,133.0,DELAY_CARRIER|DELAY_LATE_AIRCRAFT
DSM,2,10,-3.3,-16.1,4,20.25,5.75,1,344.0,338.0,DELAY_CARRIER|DELAY_LATE_AIRCRAFT
DSM,3,11,-2.82,-4.36,3,29.67,27.0,1,131.0,170.0,DELAY_LATE_AIRCRAFT|DELAY_NAS
DSM,4,8,-6.38,-14.5,0,,,1,61.0,57.0,DELAY_CARRIER
DSM,5,7,-0.71,-6.57,1,22.0,18.0,1,93.0,83.0,DELAY_CARRIER|DELAY_LATE_AIRCRAFT|DELAY_WEATHER
DSM,6,9,-6.0,-16.0,2,39.5,26.0,1,112.0,102.0,DELAY_LATE_AIRCRAFT
DSM,7,14,-2.86,-5.36,0,,,1,92.0,80.0,CANC_CARRIER|DELAY_CARRIER|DELAY_WEATHER
DSM,8,11,-5.55,-5.27,2,27.0,16.0,5,93.0,86.2,DELAY_LATE_AIRCRAFT|DELAY_CARRIER
DSM,9,8,-4.75,-12.88,2,26.5,18.5,1,67.0,88.0,DELAY_NAS|DELAY_WEATHER
DSM,10,7,-6.29,-15.0,2,47.5,42.0,0,,,DELAY_CARRIER|DELAY_LATE_AIRCRAFT
DSM,11,13,-3.31,-7.08,1,16.0,10.0,2,70.5,70.5,DELAY_CARRIER|DELAY_NAS
DSM,12,9,-5.44,-9.33,0,,,0,,,N/D
DTW,1,81,-1.89,-5.99,14,25.86,15.57,12,116.25,111.83,DELAY_CARRIER|DELAY_NAS|CANC_WEATHER
DTW,2,78,-3.32,-14.05,7,32.43,9.71,1,156.0,149.0,DELAY_LATE_AIRCRAFT|DELAY_CARRIER|DELAY_WEATHER
DTW,3,83,-3.53,-11.89,11,30.91,18.73,6,260.17,264.5,DELAY_CARRIER|DELAY_LATE_AIRCRAFT|DELAY_NAS
DTW,4,90,-3.11,-9.21,18,31.11,29.89,6,223.17,218.33,DELAY_CARRIER|DELAY_NAS|DELAY_LATE_AIRCRAFT
DTW,5,116,-2.53,-5.72,15,32.07,27.0,8,127.5,128.5,DELAY_NAS|DELAY_CARRIER|DELAY_LATE_AIRCRAFT
DTW,6,89,-2.31,-6.4,19,37.53,36.05,10,118.0,112.3,DELAY_CARRIER|DELAY_LATE_AIRCRAFT|DELAY_NAS
DTW,7,65,-3.37,-4.34,18,28.72,20.72,20,148.6,142.55,DELAY_CARRIER|DELAY_LATE_AIRCRAFT|DELAY_NAS
DTW,8,80,-2.91,-7.47,10,33.6,24.4,11,126.27,117.55,DELAY_CARRIER|DELAY_NAS|DELAY_LATE_AIRCRAFT
DTW,9,98,-3.78,-8.36,12,30.67,24.0,2,117.5,113.0,DELAY_CARRIER|DELAY_NAS|DELAY_LATE_AIRCRAFT
DTW,10,100,-3.95,-10.46,7,26.14,18.71,7,122.29,117.71,DELAY_CARRIER|DELAY_NAS|DELAY_LATE_AIRCRAFT
DTW,11,69,-3.28,-9.45,10,31.4,28.3,4,85.5,73.5,DELAY_NAS|DELAY_CARRIER|DELAY_LATE_AIRCRAFT
DTW,12,80,-2.86,-8.07,19,27.84,22.16,6,117.5,116.67,DELAY_CARRIER|DELAY_NAS|DELAY_LATE_AIRCRAFT
DVL,6,1,-1.0,-17.0,1,43.0,59.0,0,,,DELAY_NAS
DVL,7,2,-9.5,-20.5,0,,,0,,,N/D
DVL,10,0,,,1,24.0,15.0,0,,,DELAY_LATE_AIRCRAFT
DVL,11,2,-0.5,1.5,0,,,0,,,N/D
DVL,12,0,,,0,,,1,194.0,180.0,DELAY_LATE_AIRCRAFT
ECP,1,0,,,1,19.0,28.0,1,111.0,119.0,DELAY_CARRIER|DELAY_LATE_AIRCRAFT
ECP,2,2,-4.5,9.5,0,,,0,,,DELAY_NAS
ECP,3,9,-4.33,-10.44,3,40.67,34.0,0,,,DELAY_LATE_AIRCRAFT|DELAY_NAS
ECP,4,5,-7.2,-6.6,0,,,1,166.0,147.0,DELAY_LATE_AIRCRAFT
ECP,5,6,-3.0,-0.83,0,,,1,66.0,62.0,DELAY_CARRIER|DELAY_LATE_AIRCRAFT
ECP,6,5,3.6,-2.6,1,34.0,27.0,2,175.0,168.0,DELAY_LATE_AIRCRAFT
ECP,7,7,-2.14,-10.86,5,22.4,20.0,0,,,DELAY_LATE_AIRCRAFT
ECP,8,4,-3.5,-11.75,1,26.0,8.0,0,,,N/D
ECP,9,6,-3.5,-9.83,5,30.0,18.4,0,,,DELAY_CARRIER
ECP,10,7,0.0,-5.0,1,24.0,-2.0,0,,,N/D
ECP,11,4,-0.25,-3.5,0,,,0,,,DELAY_NAS
ECP,12,2,-3.0,-21.0,0,,,0,,,N/D
EGE,1,3,-5.33,-9.33,2,19.0,24.0,1,159.0,164.0,DELAY_LATE_AIRCRAFT|DELAY_NAS
EGE,2,11,-6.36,-7.91,1,34.0,35.0,0,,,DELAY_CARRIER|DELAY_NAS
EGE,3,3,-6.33,-15.33,2,41.0,56.0,0,,,DELAY_CARRIER
EGE,5,2,-7.0,-10.0,0,,,0,,,CANC_WEATHER
EGE,6,2,-5.5,1.5,0,,,0,,,N/D
EGE,7,2,-9.0,-14.0,1,39.0,26.0,0,,,DELAY_LATE_AIRCRAFT
EGE,8,3,-6.67,-13.67,1,16.0,30.0,0,,,DELAY_LATE_AIRCRAFT
EGE,9,2,-4.0,-5.5,0,,,0,,,N/D
EGE,10,1,-3.0,-9.0,0,,,0,,,N/D
EGE,11,1,1.0,-7.0,1,21.0,0.0,0,,,N/D
EGE,12,5,-4.4,1.4,1,33.0,8.0,1,238.0,241.0,DELAY_CARRIER|DELAY_NAS
EKO,2,1,-8.0,-20.0,0,,,0,,,N/D
EKO,4,1,-2.0,-8.0,0,,,0,,,N/D
EKO,5,1,-10.0,-29.0,0,,,0,,,N/D
EKO,11,1,-13.0,-11.0,0,,,0,,,N/D
ELM,1,1,-7.0,-28.0,1,59.0,47.0,0,,,DELAY_CARRIER
ELM,2,1,-22.0,-47.0,0,,,0,,,N/D
ELM,3,1,-6.0,-4.0,0,,,0,,,N/D
ELM,4,2,-3.5,-8.0,0,,,0,,,N/D
ELM,5,4,1.0,-8.0,0,,,0,,,N/D
ELM,6,2,-3.5,-12.5,0,,,0,,,N/D
ELM,10,1,-20.0,-39.0,0,,,0,,,N/D
ELM,11,0,,,1,35.0,15.0,0,,,DELAY_CARRIER
ELP,1,8,-2.62,-9.38,1,30.0,36.0,2,265.0,260.0,DELAY_CARRIER|DELAY_LATE_AIRCRAFT
ELP,2,12,-4.25,-10.92,3,34.0,39.67,0,,,DELAY_CARRIER|DELAY_LATE_AIRCRAFT|DELAY_NAS
ELP,3,12,-2.75,-9.17,0,,,1,176.0,172.0,DELAY_NAS
ELP,4,8,-1.25,-4.88,5,24.4,17.4,1,201.0,194.0,DELAY_LATE_AIRCRAFT|DELAY_CARRIER|DELAY_WEATHER
ELP,5,9,-3.78,-10.56,2,17.0,10.0,1,372.0,357.0,DELAY_LATE_AIRCRAFT
ELP,6,19,-2.74,-10.11,2,31.5,20.0,2,189.0,181.0,DELAY_CARRIER|DELAY_LATE_AIRCRAFT
ELP,7,10,-2.5,-11.6,3,30.67,30.0,1,206.0,193.0,DELAY_CARRIER|DELAY_LATE_AIRCRAFT|DELAY_NAS
ELP,8,16,-4.44,-10.38,3,29.67,18.0,2,382.0,369.0,DELAY_CARRIER|DELAY_LATE_AIRCRAFT
ELP,9,13,-3.62,-8.85,1,38.0,25.0,1,320.0,308.0,DELAY_LATE_AIRCRAFT
ELP,10,16,-4.12,-11.5,2,37.5,39.5,2,84.5,78.5,DELAY_LATE_AIRCRAFT|DELAY_CARRIER
ELP,11,13,-6.38,-12.15,0,,,1,197.0,208.0,CANC_WEATHER|DELAY_LATE_AIRCRAFT
ELP,12,9,1.0,1.0,1,23.0,7.0,0,,,CANC_WEATHER|DELAY_CARRIER|DELAY_NAS
ESC,1,1,-13.0,-45.0,0,,,0,,,N/D
ESC,2,1,-10.0,-13.0,0,,,0,,,N/D
ESC,3,1,-7.0,10.0,0,,,0,,,N/D
ESC,4,1,-10.0,-12.0,0,,,0,,,CANC_CARRIER
ESC,5,1,-10.0,-20.0,0,,,0,,,N/D
ESC,8,1,-14.0,4.0,0,,,0,,,N/D
ESC,9,1,-6.0,-4.0,0,,,0,,,N/D
ESC,11,2,-10.0,-15.5,0,,,0,,,N/D
ESC,12,1,0.0,-18.0,0,,,0,,,N/D
EUG,1,4,-8.25,-11.5,0,,,1,264.0,251.0,CANC_WEATHER|DELAY_CARRIER
EUG,2,5,0.0,-5.4,0,,,0,,,CANC_WEATHER
EUG,3,3,-4.0,-13.67,0,,,0,,,N/D
EUG,4,2,-4.0,-12.5,0,,,0,,,N/D
EUG,5,4,-5.0,-7.5,0,,,1,186.0,187.0,DELAY_LATE_AIRCRAFT
EUG,6,8,-1.62,-3.12,1,19.0,39.0,0,,,DELAY_NAS
EUG,7,7,-4.71,-14.43,0,,,0,,,N/D
EUG,8,6,-1.17,-8.17,0,,,1,62.0,50.0,DELAY_LATE_AIRCRAFT
EUG,9,4,-4.75,-9.5,1,25.0,9.0,0,,,N/D
EUG,10,7,-4.71,-12.14,1,17.0,5.0,1,79.0,80.0,DELAY_LATE_AIRCRAFT
EUG,11,5,-4.8,-12.4,0,,,0,,,N/D
EUG,12,5,-3.4,-8.8,0,,,0,,,N/D
EVV,2,2,-4.5,-11.5,0,,,0,,,N/D
EVV,3,1,-4.0,-18.0,0,,,0,,,N/D
EVV,4,1,-3.0,-5.0,0,,,0,,,N/D
EVV,5,1,-10.0,-26.0,0,,,0,,,N/D
EVV,6,1,-4.0,-12.0,3,28.0,20.0,0,,,DELAY_LATE_AIRCRAFT
EVV,7,4,-9.75,-21.5,1,19.0,7.0,0,,,N/D
EVV,9,1,-2.0,12.0,0,,,0,,,N/D
EVV,10,5,-7.4,-21.8,0,,,0,,,N/D
EVV,11,2,-11.5,-19.0,0,,,0,,,N/D
EVV,12,1,-8.0,-12.0,0,,,0,,,N/D
EWN,7,0,,,0,,,1,105.0,91.0,DELAY_NAS
EWR,1,74,-3.72,-15.19,12,29.67,14.5,6,170.5,185.17,CANC_CARRIER|DELAY_LATE_AIRCRAFT|DELAY_CARRIER
EWR,2,82,-3.84,-19.6,9,32.0,12.89,6,250.83,232.5,DELAY_CARRIER|DELAY_LATE_AIRCRAFT|DELAY_NAS
EWR,3,84,-3.73,-16.2,12,26.58,6.67,5,102.0,79.6,DELAY_LATE_AIRCRAFT|DELAY_NAS|DELAY_CARRIER
EWR,4,90,-2.59,-10.39,13,24.85,16.85,7,95.0,82.14,DELAY_NAS|DELAY_LATE_AIRCRAFT|DELAY_CARRIER
EWR,5,84,-2.75,-10.95,13,27.31,25.38,9,149.78,149.89,DELAY_NAS|DELAY_LATE_AIRCRAFT|DELAY_CARRIER
EWR,6,79,-3.65,-9.43,13,32.54,24.38,23,199.35,202.04,DELAY_LATE_AIRCRAFT|DELAY_NAS|DELAY_CARRIER
EWR,7,68,-2.85,-7.75,17,33.88,36.06,16,162.19,163.94,DELAY_LATE_AIRCRAFT|DELAY_NAS|DELAY_CARRIER
EWR,8,63,-3.44,-10.44,12,28.42,23.33,20,127.05,119.6,DELAY_LATE_AIRCRAFT|DELAY_CARRIER|DELAY_NAS
EWR,9,104,-5.1,-11.73,10,31.8,23.9,5,115.8,106.2,DELAY_NAS|DELAY_LATE_AIRCRAFT|DELAY_CARRIER
EWR,10,74,-3.36,-12.28,14,35.5,21.5,7,110.57,101.86,DELAY_LATE_AIRCRAFT|DELAY_CARRIER|DELAY_NAS
EWR,11,79,-3.22,-8.41,10,35.9,27.3,7,125.71,134.71,DELAY_LATE_AIRCRAFT|DELAY_NAS|DELAY_CARRIER
EWR,12,83,-0.8,-6.48,14,34.5,31.29,6,203.5,207.0,DELAY_LATE_AIRCRAFT|DELAY_CARRIER|DELAY_NAS
EYW,1,10,-5.3,-14.3,0,,,1,78.0,74.0,CANC_NAS|DELAY_LATE_AIRCRAFT
EYW,2,4,2.0,4.0,2,27.0,22.0,1,118.0,125.0,DELAY_LATE_AIRCRAFT|DELAY_CARRIER
EYW,3,7,-5.14,-6.14,1,28.0,40.0,2,130.0,127.5,DELAY_CARRIER|DELAY_NAS|DELAY_WEATHER
EYW,4,4,-2.5,-5.75,2,33.0,30.0,0,,,DELAY_CARRIER|DELAY_LATE_AIRCRAFT
EYW,5,2,1.0,-5.0,3,34.0,35.0,0,,,DELAY_LATE_AIRCRAFT|DELAY_CARRIER
EYW,6,4,-6.25,-4.75,1,44.0,34.0,1,1403.0,1399.0,DELAY_CARRIER|DELAY_WEATHER
EYW,7,3,0.0,1.0,0,,,0,,,DELAY_NAS
EYW,8,2,-11.5,-25.5,2,24.5,16.0,0,,,CANC_WEATHER|DELAY_CARRIER
EYW,9,5,-9.0,-17.8,0,,,0,,,N/D
EYW,10,3,-11.0,-15.0,2,33.0,27.0,1,130.0,140.0,DELAY_LATE_AIRCRAFT|CANC_NAS|CANC_WEATHER
EYW,11,7,-6.29,-6.43,2,21.5,21.5,0,,,DELAY_NAS|DELAY_WEATHER
EYW,12,7,-4.29,-2.43,1,31.0,27.0,1,103.0,87.0,DELAY_LATE_AIRCRAFT|DELAY_NAS
FAI,2,3,2.33,1.33,0,,,0,,,DELAY_NAS
FAI,3,3,2.67,-1.67,0,,,0,,,N/D
FAI,4,2,-7.5,-21.5,0,,,0,,,N/D
FAI,5,1,1.0,2.0,0,,,0,,,N/D
FAI,6,1,-10.0,6.0,1,17.0,-5.0,0,,,N/D
FAI,7,5,-4.6,-16.4,1,49.0,39.0,0,,,DELAY_LATE_AIRCRAFT
FAI,8,2,-7.5,-19.0,1,21.0,24.0,0,,,DELAY_LATE_AIRCRAFT
FAI,9,3,-1.33,-9.67,1,21.0,-11.0,0,,,N/D
FAI,10,5,-6.4,-8.6,0,,,0,,,N/D
FAI,11,3,-3.67,-16.33,0,,,0,,,N/D
FAI,12,3,-5.0,-17.67,0,,,0,,,N/D
FAR,1,0,,,0,,,0,,,CANC_WEATHER
FAR,2,4,-6.5,-19.75,0,,,0,,,N/D
FAR,3,6,-6.0,-19.33,1,17.0,4.0,0,,,N/D
FAR,4,4,-9.25,-22.0,0,,,0,,,CANC_WEATHER
FAR,5,6,-4.67,26.67,0,,,0,,,DELAY_NAS
FAR,6,4,-5.75,-4.25,0,,,1,121.0,114.0,DELAY_CARRIER|DELAY_LATE_AIRCRAFT
FAR,7,5,-4.0,-9.0,1,19.0,10.0,0,,,N/D
FAR,8,4,-8.25,-8.0,1,47.0,60.0,1,73.0,100.0,DELAY_CARRIER|DELAY_WEATHER
FAR,9,3,-6.67,-20.67,0,,,0,,,N/D
FAR,10,3,-5.67,-20.33,0,,,0,,,N/D
FAR,11,3,-5.33,-24.67,0,,,1,297.0,297.0,DELAY_WEATHER
FAR,12,4,1.0,-4.75,2,28.0,33.5,1,133.0,136.0,DELAY_CARRIER|DELAY_NAS
FAT,1,6,-6.33,-13.17,0,,,1,62.0,69.0,DELAY_LATE_AIRCRAFT
FAT,2,3,-5.67,-18.33,1,23.0,24.0,0,,,DELAY_LATE_AIRCRAFT
FAT,3,11,-4.09,-10.91,2,36.5,56.5,1,63.0,59.0,DELAY_NAS|DELAY_CARRIER
FAT,4,4,-6.0,-18.5,0,,,1,71.0,70.0,DELAY_CARRIER
FAT,5,8,-2.0,-10.5,1,20.0,11.0,1,152.0,148.0,DELAY_LATE_AIRCRAFT
FAT,6,8,-5.75,-11.5,1,51.0,37.0,0,,,DELAY_WEATHER
FAT,7,6,-0.33,0.67,0,,,1,130.0,120.0,DELAY_CARRIER|DELAY_NAS
FAT,8,6,-3.67,-6.0,1,17.0,16.0,0,,,DELAY_LATE_AIRCRAFT
FAT,9,9,-5.11,-10.67,0,,,0,,,N/D
FAT,10,8,-1.12,-6.0,0,,,1,61.0,55.0,DELAY_LATE_AIRCRAFT
FAT,11,8,-6.25,-13.38,0,,,0,,,N/D
FAT,12,11,-0.91,-10.64,1,56.0,40.0,1,126.0,124.0,CANC_WEATHER|DELAY_CARRIER|DELAY_WEATHER
FAY,1,0,,,0,,,1,113.0,147.0,DELAY_WEATHER
FAY,3,1,-6.0,-9.0,0,,,0,,,N/D
FAY,5,4,-5.5,-14.25,0,,,1,76.0,63.0,DELAY_WEATHER
FAY,6,2,-11.0,-8.5,0,,,0,,,N/D
FAY,7,1,6.0,12.0,0,,,0,,,CANC_CARRIER
FAY,8,2,-6.0,-2.0,0,,,0,,,N/D
FAY,9,2,-10.5,-9.0,0,,,2,94.5,108.0,DELAY_CARRIER
FAY,10,6,-4.0,-5.83,0,,,0,,,N/D
FAY,11,3,-7.33,-16.67,0,,,0,,,N/D
FCA,1,2,-1.0,-9.5,1,17.0,-5.0,0,,,N/D
FCA,2,2,-5.0,-16.0,0,,,0,,,N/D
FCA,3,2,9.5,-3.0,0,,,0,,,N/D
FCA,4,1,-7.0,-6.0,0,,,0,,,N/D
FCA,5,1,-7.0,-23.0,0,,,0,,,N/D
FCA,6,2,-5.5,-3.5,0,,,0,,,N/D
FCA,7,10,-2.9,-3.5,0,,,0,,,DELAY_NAS
FCA,8,5,-6.8,-10.0,3,24.67,26.33,1,202.0,199.0,DELAY_CARRIER|DELAY_LATE_AIRCRAFT
FCA,9,3,-4.67,-20.0,0,,,0,,,N/D
FCA,10,1,-5.0,-20.0,0,,,0,,,N/D
FCA,11,3,-7.67,-14.33,0,,,0,,,N/D
FCA,12,2,-8.0,-16.5,1,21.0,-10.0,0,,,N/D
FLG,2,2,-9.5,-16.0,0,,,0,,,N/D
FLG,3,3,-8.0,-14.0,0,,,0,,,N/D
FLG,4,1,-9.0,-23.0,0,,,0,,,N/D
FLG,5,3,-5.67,-5.33,0,,,0,,,N/D
FLG,6,2,-9.0,-8.5,0,,,0,,,N/D
FLG,8,2,-9.5,-15.0,0,,,0,,,N/D
FLG,11,3,-9.0,-11.33,1,23.0,19.0,0,,,DELAY_LATE_AIRCRAFT
FLG,12,4,-4.25,-15.75,0,,,0,,,N/D
FLL,1,58,-0.84,-9.48,24,34.5,24.62,8,104.62,102.25,DELAY_CARRIER|DELAY_LATE_AIRCRAFT|DELAY_NAS
FLL,2,64,-1.84,-3.23,13,28.38,22.46,5,197.4,187.2,DELAY_CARRIER|DELAY_NAS|DELAY_LATE_AIRCRAFT
FLL,3,51,-3.59,-5.9,26,31.58,26.31,15,128.6,132.2,DELAY_LATE_AIRCRAFT|DELAY_NAS|DELAY_CARRIER
FLL,4,62,-3.11,-8.97,14,28.21,23.93,5,130.6,122.2,DELAY_NAS|DELAY_LATE_AIRCRAFT|DELAY_CARRIER
FLL,5,43,-1.42,-6.23,19,30.37,21.63,5,128.4,143.0,DELAY_CARRIER|DELAY_LATE_AIRCRAFT|DELAY_NAS
FLL,6,45,-2.22,-11.02,11,34.45,29.91,11,135.0,129.91,DELAY_LATE_AIRCRAFT|CANC_NAS|DELAY_CARRIER
FLL,7,49,-1.45,-9.31,13,36.0,28.15,12,178.33,178.42,DELAY_LATE_AIRCRAFT|DELAY_CARRIER|CANC_CARRIER
FLL,8,48,-1.65,-7.25,19,31.79,29.42,8,116.75,128.25,DELAY_LATE_AIRCRAFT|DELAY_NAS|DELAY_CARRIER
FLL,9,34,-3.24,-8.74,8,37.0,33.25,3,136.33,139.33,DELAY_CARRIER|DELAY_NAS|DELAY_LATE_AIRCRAFT
FLL,10,58,-2.22,-10.21,10,23.1,12.0,4,119.75,108.5,DELAY_LATE_AIRCRAFT|DELAY_CARRIER|DELAY_NAS
FLL,11,50,-2.54,-8.66,11,26.36,24.91,2,72.5,72.0,DELAY_CARRIER|DELAY_NAS|DELAY_LATE_AIRCRAFT
FLL,12,54,-0.72,-8.83,13,37.62,31.92,10,170.8,181.9,DELAY_LATE_AIRCRAFT|DELAY_CARRIER|DELAY_NAS
FNT,1,5,-8.4,-21.0,0,,,0,,,N/D
FNT,2,3,-3.67,-1.33,0,,,0,,,N/D
FNT,3,1,-12.0,-17.0,0,,,0,,,N/D
FNT,4,1,-9.0,-40.0,0,,,0,,,N/D
FNT,5,2,1.5,-9.0,0,,,0,,,N/D
FNT,6,1,-4.0,-17.0,0,,,0,,,N/D
FNT,7,2,-8.5,-17.5,0,,,0,,,N/D
FNT,8,1,10.0,4.0,0,,,0,,,N/D
FNT,9,3,-7.0,-26.33,0,,,0,,,N/D
FNT,10,4,-6.25,-12.25,0,,,0,,,N/D
FNT,12,1,-8.0,-1.0,1,58.0,38.0,0,,,DELAY_CARRIER
FOD,2,3,-6.67,-8.67,0,,,0,,,N/D
FOD,4,2,-15.0,-19.0,0,,,0,,,N/D
FOD,5,1,-6.0,-17.0,0,,,0,,,N/D
FOD,6,1,-13.0,17.0,0,,,0,,,DELAY_CARRIER
FOD,9,1,-11.0,7.0,0,,,0,,,N/D
FOD,10,0,,,1,55.0,52.0,0,,,DELAY_CARRIER
FSD,1,1,10.0,63.0,3,33.0,57.67,1,61.0,175.0,DELAY_NAS|DELAY_CARRIER|DELAY_WEATHER
FSD,2,6,-3.5,-3.67,0,,,0,,,DELAY_NAS
FSD,3,5,-7.8,-21.0,0,,,1,1010.0,1004.0,DELAY_LATE_AIRCRAFT
FSD,4,3,-11.33,-21.33,0,,,0,,,N/D
FSD,5,1,-11.0,-31.0,1,57.0,49.0,0,,,DELAY_WEATHER
FSD,6,5,-6.0,-13.2,0,,,0,,,N/D
FSD,7,4,-12.25,-14.0,1,59.0,56.0,1,88.0,70.0,DELAY_LATE_AIRCRAFT|DELAY_WEATHER
FSD,8,5,-0.2,-1.6,0,,,0,,,DELAY_LATE_AIRCRAFT|DELAY_NAS
FSD,9,5,-7.0,-11.6,0,,,0,,,N/D
FSD,10,11,-6.18,-13.82,0,,,0,,,N/D
FSD,11,4,-4.25,-7.25,0,,,2,94.0,79.5,DELAY_CARRIER|DELAY_NAS
FSD,12,3,-0.67,9.33,0,,,0,,,DELAY_NAS
FSM,2,1,5.0,5.0,0,,,0,,,N/D
FSM,3,1,3.0,13.0,0,,,0,,,N/D
FSM,4,1,-3.0,-9.0,0,,,0,,,N/D
FSM,7,2,-6.0,-3.0,0,,,0,,,N/D
FSM,8,1,-12.0,-27.0,0,,,0,,,N/D
FSM,9,0,,,0,,,1,95.0,73.0,DELAY_LATE_AIRCRAFT
FSM,10,1,-10.0,-21.0,1,17.0,20.0,0,,,DELAY_LATE_AIRCRAFT
FSM,12,1,-6.0,-8.0,0,,,0,,,N/D
FWA,1,2,7.0,-1.5,0,,,0,,,CANC_WEATHER|DELAY_WEATHER
FWA,2,4,1.0,-1.75,0,,,0,,,N/D
FWA,3,3,-6.33,-19.67,1,40.0,33.0,2,79.0,79.0,CANC_WEATHER|DELAY_CARRIER|DELAY_LATE_AIRCRAFT
FWA,4,3,-9.0,-22.33,1,53.0,33.0,1,111.0,97.0,DELAY_CARRIER
FWA,5,3,-7.67,-12.0,0,,,0,,,N/D
FWA,6,4,1.5,-10.25,0,,,0,,,N/D
FWA,7,5,-6.6,-17.0,2,27.5,20.0,0,,,DELAY_LATE_AIRCRAFT
FWA,8,3,-1.33,-7.0,0,,,0,,,N/D
FWA,9,3,-5.0,1.33,0,,,0,,,N/D
FWA,10,4,-5.0,-16.75,0,,,0,,,N/D
FWA,11,3,-9.67,-10.33,0,,,1,410.0,404.0,DELAY_CARRIER
FWA,12,3,-4.33,-22.33,0,,,0,,,N/D
GCC,3,1,-1.0,2.0,0,,,0,,,N/D
GCC,4,1,-4.0,-21.0,0,,,0,,,N/D
GCC,12,1,-12.0,3.0,0,,,0,,,N/D
GCK,2,2,-7.0,-4.0,0,,,0,,,N/D
GCK,4,1,-5.0,-22.0,0,,,0,,,N/D
GCK,5,2,0.5,-3.0,0,,,0,,,N/D
GCK,6,0,,,0,,,1,96.0,105.0,DELAY_LATE_AIRCRAFT
GCK,7,1,-7.0,4.0,0,,,0,,,N/D
GCK,8,2,5.0,3.5,0,,,1,149.0,141.0,DELAY_CARRIER
GCK,9,1,6.0,4.0,0,,,0,,,N/D
GCK,12,1,9.0,7.0,0,,,0,,,N/D
GEG,1,10,-5.4,-4.0,0,,,1,142.0,161.0,DELAY_NAS|DELAY_CARRIER
GEG,2,9,-6.56,-13.33,0,,,0,,,N/D
GEG,3,7,-4.57,-2.0,1,27.0,24.0,0,,,DELAY_NAS
GEG,4,10,-7.7,-14.7,2,30.5,19.0,0,,,DELAY_LATE_AIRCRAFT
GEG,5,19,-2.05,-9.47,2,32.0,11.5,0,,,DELAY_NAS
GEG,6,9,-1.56,-9.78,3,34.0,19.33,2,94.5,89.0,DELAY_LATE_AIRCRAFT
GEG,7,16,-1.5,-4.19,3,33.67,21.0,2,140.0,120.5,DELAY_CARRIER|DELAY_LATE_AIRCRAFT
GEG,8,15,-5.27,-6.6,3,30.33,29.67,2,344.5,341.5,DELAY_CARRIER|DELAY_LATE_AIRCRAFT|DELAY_WEATHER
GEG,9,19,-3.58,-7.05,0,,,0,,,N/D
GEG,10,10,-6.2,-1.7,0,,,1,75.0,68.0,DELAY_CARRIER|DELAY_LATE_AIRCRAFT
GEG,11,16,-5.31,-9.06,3,32.67,37.0,1,73.0,54.0,DELAY_CARRIER|DELAY_LATE_AIRCRAFT|DELAY_NAS
GEG,12,15,-2.67,-7.6,1,15.0,26.0,0,,,DELAY_LATE_AIRCRAFT|DELAY_NAS
GFK,1,1,-9.0,-24.0,1,16.0,11.0,0,,,N/D
GFK,2,2,-5.0,-18.0,0,,,0,,,N/D
GFK,3,2,-3.5,-9.5,0,,,0,,,N/D
GFK,4,1,-25.0,-37.0,0,,,0,,,N/D
GFK,5,3,-5.33,-14.0,0,,,0,,,N/D
GFK,6,1,-1.0,22.0,0,,,0,,,DELAY_NAS
GFK,7,1,-10.0,-8.0,0,,,0,,,N/D
GFK,8,3,3.0,10.67,0,,,0,,,DELAY_NAS
GFK,9,1,-10.0,-16.0,0,,,0,,,N/D
GFK,10,1,-3.0,-21.0,0,,,0,,,N/D
GFK,11,1,-5.0,-16.0,0,,,0,,,N/D
GGG,1,0,,,0,,,0,,,CANC_WEATHER
GGG,4,1,-4.0,-17.0,0,,,0,,,N/D
GGG,9,0,,,0,,,1,61.0,45.0,DELAY_CARRIER
GGG,10,2,-9.5,-11.0,1,35.0,37.0,0,,,DELAY_CARRIER
GGG,11,1,-3.0,13.0,0,,,0,,,N/D
GJT,1,1,0.0,64.0,0,,,0,,,DELAY_CARRIER
GJT,2,2,-7.0,-9.0,0,,,0,,,N/D
GJT,3,4,-2.25,-7.0,0,,,0,,,N/D
GJT,4,6,-7.5,-14.5,0,,,0,,,N/D
GJT,5,1,-9.0,-13.0,0,,,0,,,N/D
GJT,6,7,-7.0,-2.43,0,,,1,76.0,80.0,DELAY_LATE_AIRCRAFT
GJT,7,5,0.4,-5.6,1,51.0,40.0,0,,,DELAY_CARRIER|DELAY_NAS
GJT,8,1,0.0,-14.0,1,28.0,13.0,1,303.0,295.0,DELAY_WEATHER
GJT,9,3,-4.67,-17.0,1,18.0,15.0,0,,,DELAY_CARRIER
GJT,10,2,7.0,-13.0,0,,,0,,,N/D
GJT,11,4,-5.25,-17.0,0,,,0,,,N/D
GJT,12,3,-8.33,-22.67,0,,,0,,,N/D
GNV,1,3,4.33,-5.0,0,,,0,,,N/D
GNV,3,2,-1.5,-6.0,1,37.0,13.0,1,107.0,107.0,DELAY_CARRIER
GNV,4,1,-4.0,-10.0,1,47.0,49.0,0,,,DELAY_LATE_AIRCRAFT
GNV,5,1,-9.0,-17.0,1,26.0,18.0,0,,,DELAY_LATE_AIRCRAFT
GNV,6,1,-10.0,-19.0,1,37.0,29.0,0,,,DELAY_LATE_AIRCRAFT
GNV,7,3,-6.33,-19.0,0,,,0,,,CANC_WEATHER
GNV,8,3,-10.67,-20.67,0,,,1,83.0,73.0,DELAY_LATE_AIRCRAFT
GNV,9,3,-14.33,-27.67,0,,,0,,,N/D
GNV,10,5,-12.2,-13.0,0,,,0,,,N/D
GNV,11,1,-6.0,-16.0,0,,,0,,,N/D
GNV,12,1,11.0,-1.0,0,,,0,,,N/D
GPT,1,0,,,1,15.0,14.0,0,,,N/D
GPT,2,2,-6.0,-3.5,0,,,0,,,N/D
GPT,3,4,-10.0,-14.25,0,,,0,,,N/D
GPT,4,4,3.25,-1.0,1,58.0,53.0,0,,,DELAY_CARRIER
GPT,5,3,-10.33,-17.0,0,,,1,76.0,73.0,CANC_WEATHER|DELAY_LATE_AIRCRAFT
GPT,6,2,-8.5,-24.5,1,29.0,36.0,0,,,DELAY_CARRIER
GPT,7,1,-8.0,-20.0,0,,,0,,,N/D
GPT,8,4,-8.25,-18.5,0,,,0,,,N/D
GPT,9,1,-6.0,-12.0,0,,,1,487.0,467.0,DELAY_CARRIER
GPT,10,2,-6.0,-14.5,0,,,1,278.0,275.0,DELAY_CARRIER
GPT,11,1,-12.0,-2.0,0,,,0,,,N/D
GPT,12,4,-3.5,-2.25,0,,,0,,,DELAY_CARRIER
GRB,1,1,13.0,15.0,0,,,0,,,CANC_WEATHER|DELAY_NAS
GRB,2,3,-5.0,-4.33,0,,,0,,,N/D
GRB,3,1,-9.0,-23.0,0,,,0,,,N/D
GRB,4,7,-1.14,2.43,0,,,0,,,DELAY_NAS
GRB,5,4,-5.75,-11.0,1,35.0,19.0,1,67.0,49.0,DELAY_CARRIER
GRB,6,3,-6.0,-6.0,0,,,0,,,N/D
GRB,7,4,-4.75,-12.5,0,,,0,,,N/D
GRB,8,3,-7.67,-11.0,0,,,1,89.0,95.0,DELAY_CARRIER
GRB,9,3,-7.33,-12.67,0,,,0,,,N/D
GRB,10,6,-4.33,-17.5,0,,,0,,,N/D
GRB,11,3,-4.67,-11.33,0,,,0,,,N/D
GRB,12,4,-1.75,-2.75,0,,,1,64.0,52.0,DELAY_CARRIER
GRI,1,1,-8.0,-38.0,1,38.0,18.0,0,,,DELAY_NAS
GRI,3,0,,,0,,,1,71.0,95.0,DELAY_WEATHER
GRI,4,1,-11.0,-12.0,0,,,0,,,N/D
GRI,7,1,-10.0,-23.0,0,,,0,,,N/D
GRI,9,1,2.0,1.0,0,,,0,,,N/D
GRI,10,1,-10.0,-12.0,0,,,0,,,N/D
GRI,11,3,1.33,2.67,0,,,0,,,N/D
GRI,12,0,,,0,,,1,161.0,162.0,DELAY_WEATHER
GRK,1,1,-10.0,-16.0,0,,,0,,,N/D
GRK,2,2,-9.0,-15.0,0,,,0,,,N/D
GRK,3,1,7.0,-2.0,0,,,0,,,N/D
GRK,4,1,11.0,3.0,1,42.0,39.0,0,,,DELAY_LATE_AIRCRAFT
GRK,5,2,-4.5,-10.0,0,,,0,,,N/D
GRK,6,1,4.0,1.0,0,,,1,99.0,85.0,DELAY_LATE_AIRCRAFT
GRK,8,1,11.0,4.0,0,,,0,,,N/D
GRK,9,2,-9.5,-9.5,0,,,0,,,N/D
GRK,10,2,-3.5,-3.0,0,,,0,,,N/D
GRK,11,2,-4.0,-16.0,0,,,0,,,N/D
GRR,1,6,-7.33,-18.67,1,36.0,23.0,2,236.0,264.5,DELAY_LATE_AIRCRAFT|CANC_WEATHER
GRR,2,10,-6.6,-21.9,0,,,1,117.0,87.0,DELAY_LATE_AIRCRAFT
GRR,3,13,-4.38,-5.77,2,38.0,52.5,1,639.0,609.0,DELAY_NAS|DELAY_CARRIER|DELAY_LATE_AIRCRAFT
GRR,4,13,-6.62,-13.77,1,17.0,5.0,1,68.0,65.0,DELAY_CARRIER
GRR,5,10,-1.2,-7.1,2,44.5,38.5,2,127.0,122.5,DELAY_LATE_AIRCRAFT|CANC_WEATHER|DELAY_NAS
GRR,6,16,-3.62,-5.94,2,36.5,30.5,0,,,DELAY_CARRIER|CANC_NAS
GRR,7,12,-3.92,-8.67,1,39.0,53.0,1,85.0,105.0,CANC_CARRIER|DELAY_CARRIER|DELAY_LATE_AIRCRAFT
GRR,8,10,-2.1,-7.2,5,24.4,23.6,0,,,DELAY_LATE_AIRCRAFT
GRR,9,12,-0.33,-2.67,0,,,1,126.0,157.0,DELAY_NAS|DELAY_CARRIER
GRR,10,13,-5.46,-12.69,0,,,0,,,N/D
GRR,11,11,-4.73,-5.45,1,25.0,10.0,0,,,DELAY_LATE_AIRCRAFT|DELAY_NAS
GRR,12,16,-2.31,-9.38,1,53.0,50.0,0,,,DELAY_LATE_AIRCRAFT|DELAY_NAS
GSO,1,9,-6.44,-11.11,1,18.0,18.0,1,145.0,125.0,DELAY_CARRIER|DELAY_LATE_AIRCRAFT|DELAY_NAS
GSO,2,8,-8.38,-23.25,1,33.0,29.0,0,,,DELAY_LATE_AIRCRAFT
GSO,3,11,-7.36,-15.18,0,,,0,,,N/D
GSO,4,3,-6.33,4.0,0,,,0,,,DELAY_NAS
GSO,5,9,-5.11,-8.67,0,,,0,,,CANC_WEATHER
GSO,6,10,-2.1,-9.5,1,18.0,-2.0,0,,,N/D
GSO,7,7,-6.57,-10.43,0,,,1,172.0,182.0,DELAY_LATE_AIRCRAFT
GSO,8,9,-5.22,-11.78,1,20.0,23.0,0,,,DELAY_WEATHER
GSO,9,9,-9.78,-18.78,0,,,0,,,N/D
GSO,10,10,-6.9,-13.0,1,30.0,23.0,0,,,DELAY_LATE_AIRCRAFT
GSO,11,8,-0.25,-2.38,0,,,0,,,DELAY_NAS
GSO,12,4,-3.5,-4.75,1,28.0,26.0,1,99.0,92.0,DELAY_CARRIER|DELAY_LATE_AIRCRAFT|DELAY_NAS
GSP,1,10,-4.0,-11.1,2,38.5,28.5,2,120.0,98.5,CANC_WEATHER|DELAY_CARRIER|DELAY_LATE_AIRCRAFT
GSP,2,11,-2.55,-12.09,0,,,0,,,N/D
GSP,3,12,-6.5,-11.5,0,,,0,,,N/D
GSP,4,16,-2.12,-6.94,3,38.67,43.33,0,,,DELAY_NAS|DELAY_LATE_AIRCRAFT|DELAY_WEATHER
GSP,5,10,-5.3,-14.9,4,32.25,22.0,1,1156.0,1143.0,DELAY_LATE_AIRCRAFT|DELAY_WEATHER
GSP,6,10,-3.5,-8.1,0,,,0,,,N/D
GSP,7,16,-4.81,-10.94,4,33.75,26.25,2,100.0,101.5,DELAY_LATE_AIRCRAFT|DELAY_CARRIER|DELAY_WEATHER
GSP,8,14,-3.79,-3.79,2,34.0,22.5,0,,,DELAY_CARRIER|DELAY_NAS
GSP,9,11,-4.82,-12.91,1,44.0,36.0,1,115.0,95.0,DELAY_CARRIER
GSP,10,8,-5.75,-3.62,1,29.0,36.0,0,,,DELAY_LATE_AIRCRAFT|DELAY_NAS
GSP,11,7,-5.57,-5.43,0,,,0,,,DELAY_NAS
GSP,12,6,-3.17,-5.83,1,30.0,10.0,1,100.0,88.0,DELAY_LATE_AIRCRAFT
GTF,1,1,-3.0,-15.0,0,,,0,,,N/D
GTF,2,1,-23.0,-34.0,0,,,0,,,N/D
GTF,3,1,-7.0,-29.0,0,,,0,,,N/D
GTF,4,6,-3.67,-5.0,0,,,0,,,DELAY_CARRIER
GTF,5,3,-6.67,-22.33,0,,,0,,,N/D
GTF,6,4,-4.25,-19.0,1,48.0,32.0,0,,,DELAY_WEATHER
GTF,7,3,-3.33,9.0,0,,,0,,,DELAY_NAS
GTF,8,2,-7.5,-8.5,0,,,0,,,N/D
GTF,9,4,-2.25,-16.5,0,,,0,,,N/D
GTF,10,2,-3.0,-5.5,1,38.0,21.0,0,,,DELAY_CARRIER
GTF,12,2,-4.0,-28.5,0,,,0,,,N/D
GTR,1,0,,,1,38.0,26.0,0,,,DELAY_LATE_AIRCRAFT
GTR,3,1,-4.0,-23.0,0,,,0,,,N/D
GTR,10,1,-8.0,-20.0,0,,,0,,,N/D
GUC,1,0,,,1,42.0,44.0,0,,,DELAY_LATE_AIRCRAFT
GUC,2,1,-10.0,-10.0,0,,,0,,,N/D
GUC,5,1,-2.0,-21.0,0,,,0,,,N/D
GUC,6,1,-13.0,-32.0,0,,,0,,,N/D
GUC,11,1,-10.0,-44.0,0,,,0,,,N/D
GUM,1,1,-2.0,-27.0,0,,,0,,,N/D
GUM,2,1,-9.0,-49.0,0,,,0,,,N/D
GUM,3,2,-6.0,-10.5,0,,,0,,,N/D
GUM,4,1,-13.0,-17.0,0,,,0,,,N/D
GUM,6,1,-8.0,-14.0,0,,,0,,,N/D
GUM,9,1,-2.0,-11.0,0,,,0,,,N/D
HDN,1,7,-5.57,-4.14,0,,,0,,,DELAY_NAS
HDN,2,0,,,1,38.0,32.0,2,116.0,101.5,DELAY_LATE_AIRCRAFT
HDN,3,3,-6.67,-17.67,0,,,2,131.0,131.5,DELAY_WEATHER|CANC_WEATHER
HDN,4,1,-7.0,-16.0,1,49.0,43.0,0,,,DELAY_LATE_AIRCRAFT
HDN,5,1,-10.0,-27.0,0,,,0,,,N/D
HDN,6,1,0.0,-23.0,0,,,0,,,N/D
HDN,8,0,,,2,26.5,16.0,0,,,DELAY_CARRIER
HDN,9,1,-10.0,-30.0,0,,,0,,,N/D
HDN,10,3,-1.67,-8.67,0,,,0,,,N/D
HDN,12,1,-12.0,-49.0,0,,,0,,,N/D
HGR,6,2,-11.0,-19.0,0,,,0,,,N/D
HHH,3,1,-10.0,-6.0,0,,,0,,,N/D
HHH,4,1,-10.0,-14.0,0,,,1,107.0,85.0,DELAY_CARRIER
HHH,5,1,3.0,5.0,0,,,1,77.0,64.0,DELAY_LATE_AIRCRAFT
HHH,6,0,,,1,35.0,31.0,0,,,DELAY_LATE_AIRCRAFT
HHH,7,1,-9.0,-4.0,1,19.0,1.0,0,,,N/D
HHH,8,1,-11.0,-30.0,1,25.0,2.0,0,,,N/D
HHH,9,3,6.33,18.67,0,,,0,,,CANC_NAS|CANC_WEATHER|DELAY_NAS
HHH,10,3,-7.33,-11.33,0,,,0,,,N/D
HHH,12,1,-6.0,-11.0,0,,,0,,,N/D
HIB,4,2,-9.5,-23.5,0,,,0,,,N/D
HIB,9,1,-7.0,-29.0,0,,,0,,,N/D
HIB,10,1,-15.0,-38.0,0,,,0,,,N/D
HIB,11,1,-14.0,-22.0,0,,,0,,,N/D
HLN,1,0,,,1,18.0,14.0,0,,,N/D
HLN,2,1,-2.0,-7.0,0,,,0,,,N/D
HLN,4,1,-10.0,-29.0,0,,,0,,,N/D
HLN,5,1,-10.0,-16.0,1,25.0,12.0,0,,,N/D
HLN,7,1,-10.0,-12.0,0,,,0,,,N/D
HLN,8,1,-4.0,-19.0,0,,,0,,,N/D
HLN,9,1,-6.0,-18.0,0,,,0,,,N/D
HLN,10,3,-5.33,-8.67,0,,,0,,,N/D
HNL,1,39,-1.03,-9.13,7,33.0,23.71,2,110.5,85.5,DELAY_CARRIER|DELAY_LATE_AIRCRAFT
HNL,2,52,-1.25,-6.1,5,23.0,17.6,3,83.33,71.67,DELAY_CARRIER|DELAY_LATE_AIRCRAFT|CANC_CARRIER
HNL,3,57,-1.56,-6.21,5,24.0,27.0,2,83.0,70.0,DELAY_CARRIER|DELAY_LATE_AIRCRAFT
HNL,4,44,-2.66,-7.7,8,25.75,24.5,1,122.0,108.0,DELAY_CARRIER|DELAY_LATE_AIRCRAFT|DELAY_NAS
HNL,5,44,-1.25,-4.75,6,26.83,22.83,1,62.0,94.0,DELAY_LATE_AIRCRAFT|DELAY_CARRIER
HNL,6,47,-1.15,-5.19,7,21.71,16.14,3,154.0,137.67,DELAY_CARRIER
HNL,7,59,-0.19,-1.31,3,30.67,24.33,0,,,DELAY_CARRIER|DELAY_LATE_AIRCRAFT
HNL,8,45,-2.69,-10.56,3,33.0,29.0,1,160.0,152.0,DELAY_CARRIER|DELAY_LATE_AIRCRAFT|DELAY_NAS
HNL,9,59,-1.22,-5.08,3,26.67,22.0,0,,,DELAY_CARRIER|CANC_CARRIER
HNL,10,43,-1.42,-7.84,3,23.0,9.67,1,294.0,290.0,DELAY_CARRIER|CANC_CARRIER|DELAY_LATE_AIRCRAFT
HNL,11,42,-3.62,-8.1,2,34.0,13.5,0,,,DELAY_LATE_AIRCRAFT|DELAY_NAS
HNL,12,45,-2.07,-6.67,11,29.55,29.64,1,101.0,95.0,DELAY_CARRIER|DELAY_LATE_AIRCRAFT|DELAY_NAS
HOB,6,1,-10.0,-13.0,0,,,0,,,N/D
HOB,8,3,-7.67,-22.67,0,,,0,,,N/D
HOB,10,1,-1.0,-13.0,0,,,0,,,N/D
HOU,1,30,0.3,-5.73,12,33.42,25.33,3,163.33,162.33,DELAY_LATE_AIRCRAFT|DELAY_CARRIER|CANC_NAS
HOU,2,50,-1.86,-8.22,8,30.12,25.62,0,,,DELAY_LATE_AIRCRAFT|DELAY_CARRIER
HOU,3,54,-1.87,-10.26,9,25.22,15.89,1,136.0,133.0,DELAY_CARRIER|DELAY_LATE_AIRCRAFT|DELAY_NAS
HOU,4,30,-1.87,-14.53,5,31.8,25.6,2,83.5,83.0,DELAY_LATE_AIRCRAFT|DELAY_CARRIER
HOU,5,26,-0.12,-7.5,7,36.14,35.86,10,136.1,143.7,DELAY_LATE_AIRCRAFT|DELAY_CARRIER|DELAY_NAS
HOU,6,42,0.07,-9.38,11,33.18,20.27,4,165.25,152.25,DELAY_CARRIER|DELAY_LATE_AIRCRAFT|CANC_CARRIER
HOU,7,26,2.19,-8.73,10,36.5,29.1,11,108.36,111.0,DELAY_LATE_AIRCRAFT|DELAY_CARRIER|CANC_WEATHER
HOU,8,41,-3.07,-17.29,4,39.25,37.5,0,,,DELAY_LATE_AIRCRAFT|CANC_CARRIER|DELAY_WEATHER
HOU,9,34,-1.74,-12.88,3,25.0,13.0,1,103.0,93.0,CANC_WEATHER|DELAY_CARRIER|DELAY_LATE_AIRCRAFT
HOU,10,28,-1.39,-13.07,6,22.67,13.33,2,110.0,113.0,DELAY_LATE_AIRCRAFT|DELAY_CARRIER|CANC_WEATHER
HOU,11,36,-1.64,-10.58,5,18.0,11.2,2,80.5,67.0,DELAY_CARRIER|DELAY_LATE_AIRCRAFT
HOU,12,34,-1.56,-8.97,10,35.6,31.8,0,,,DELAY_LATE_AIRCRAFT|DELAY_CARRIER|CANC_WEATHER
HPN,1,6,-7.0,-4.5,2,25.0,31.0,0,,,DELAY_NAS
HPN,2,7,-6.86,-17.57,0,,,0,,,N/D
HPN,3,11,-6.09,-13.09,0,,,0,,,DELAY_NAS
HPN,4,9,-4.56,-16.33,0,,,0,,,N/D
HPN,5,7,-4.29,-7.43,3,32.67,27.67,0,,,DELAY_LATE_AIRCRAFT|DELAY_NAS
HPN,6,15,-4.67,-7.33,0,,,1,205.0,190.0,CANC_CARRIER|DELAY_CARRIER|DELAY_NAS
HPN,7,4,-9.5,-13.75,1,26.0,10.0,1,352.0,349.0,DELAY_WEATHER
HPN,8,7,-4.0,-4.86,0,,,0,,,N/D
HPN,9,10,-3.4,-8.1,1,28.0,20.0,3,104.33,117.33,DELAY_LATE_AIRCRAFT|DELAY_CARRIER
HPN,10,9,-5.56,-14.44,1,23.0,24.0,1,64.0,62.0,DELAY_CARRIER
HPN,11,11,-5.09,-12.18,1,19.0,8.0,0,,,DELAY_NAS
HPN,12,7,-2.29,-2.43,0,,,0,,,N/D
HRL,1,1,-9.0,-20.0,0,,,0,,,N/D
HRL,2,3,-0.33,-4.33,0,,,0,,,N/D
HRL,3,4,-0.75,-8.0,0,,,0,,,N/D
HRL,4,4,-3.0,-10.25,1,17.0,20.0,0,,,DELAY_LATE_AIRCRAFT
HRL,5,1,-3.0,-15.0,0,,,0,,,N/D
HRL,6,5,-2.4,-5.6,1,35.0,28.0,0,,,DELAY_LATE_AIRCRAFT
HRL,7,2,1.0,-10.0,1,28.0,29.0,0,,,DELAY_LATE_AIRCRAFT
HRL,8,7,-3.29,-2.57,1,18.0,22.0,0,,,DELAY_LATE_AIRCRAFT|DELAY_NAS
HRL,9,2,-6.0,-3.0,0,,,0,,,N/D
HRL,10,4,-4.25,-5.5,0,,,0,,,N/D
HRL,11,6,-5.5,-11.83,0,,,0,,,N/D
HRL,12,3,-4.33,-11.33,1,44.0,89.0,0,,,DELAY_NAS
HSV,1,5,0.2,7.0,0,,,1,256.0,242.0,DELAY_LATE_AIRCRAFT|DELAY_NAS
HSV,2,5,-8.2,-21.2,2,31.0,25.5,0,,,DELAY_LATE_AIRCRAFT|DELAY_SECURITY
HSV,3,7,-5.86,-9.86,2,39.5,41.0,0,,,DELAY_LATE_AIRCRAFT
HSV,4,4,-10.75,-18.75,0,,,0,,,N/D
HSV,5,4,-4.5,-6.75,1,39.0,28.0,1,273.0,292.0,DELAY_LATE_AIRCRAFT
HSV,6,9,-2.11,-8.33,1,35.0,63.0,0,,,DELAY_CARRIER
HSV,7,0,,,0,,,3,136.33,129.0,DELAY_LATE_AIRCRAFT|DELAY_CARRIER
HSV,8,6,-1.0,-5.0,1,48.0,71.0,0,,,CANC_WEATHER|DELAY_CARRIER
HSV,9,8,-7.25,-13.0,0,,,1,78.0,108.0,DELAY_CARRIER
HSV,10,7,-2.0,-11.71,2,38.0,24.5,0,,,DELAY_CARRIER|DELAY_LATE_AIRCRAFT
HSV,11,7,-2.43,-7.71,1,31.0,25.0,1,82.0,96.0,DELAY_CARRIER
HSV,12,2,0.5,7.0,1,19.0,1.0,1,97.0,87.0,DELAY_WEATHER
HTS,3,1,8.0,11.0,0,,,0,,,N/D
HTS,5,0,,,0,,,1,102.0,94.0,DELAY_LATE_AIRCRAFT
HTS,7,3,-0.33,-2.67,1,44.0,36.0,0,,,DELAY_LATE_AIRCRAFT
HTS,12,0,,,0,,,1,91.0,85.0,DELAY_LATE_AIRCRAFT
HYA,6,1,-2.0,13.0,0,,,0,,,N/D
HYA,7,2,5.0,15.0,0,,,0,,,DELAY_CARRIER
HYA,8,1,6.0,6.0,0,,,0,,,N/D
HYS,4,1,-14.0,-15.0,0,,,0,,,N/D
HYS,5,0,,,1,26.0,24.0,0,,,DELAY_LATE_AIRCRAFT
HYS,9,1,-11.0,-22.0,0,,,0,,,N/D
HYS,10,4,-9.75,-15.75,0,,,0,,,N/D
IAD,1,31,-0.94,0.13,4,32.0,42.25,6,207.5,199.83,DELAY_CARRIER|DELAY_NAS|DELAY_LATE_AIRCRAFT
IAD,2,44,-3.86,-16.89,1,34.0,8.0,0,,,N/D
IAD,3,29,-3.41,-11.83,4,36.0,22.25,2,72.5,45.0,DELAY_LATE_AIRCRAFT|DELAY_NAS|DELAY_CARRIER
IAD,4,34,-2.59,-9.59,3,36.67,20.0,3,126.0,102.0,DELAY_NAS|DELAY_CARRIER|DELAY_LATE_AIRCRAFT
IAD,5,43,-3.7,-4.91,10,23.2,30.1,1,109.0,106.0,DELAY_NAS|DELAY_LATE_AIRCRAFT
IAD,6,40,-2.0,-7.8,5,33.8,25.4,4,444.25,431.75,DELAY_CARRIER|DELAY_LATE_AIRCRAFT|CANC_CARRIER
IAD,7,43,-1.21,-8.02,4,28.75,20.5,3,167.33,164.67,DELAY_CARRIER|DELAY_LATE_AIRCRAFT|DELAY_NAS
IAD,8,40,-1.9,-10.62,3,36.33,28.0,2,132.5,111.5,DELAY_CARRIER|CANC_CARRIER|DELAY_NAS
IAD,9,42,-3.88,-8.9,8,29.88,17.38,0,,,DELAY_CARRIER|DELAY_LATE_AIRCRAFT|DELAY_NAS
IAD,10,40,-2.2,-13.07,2,30.0,36.5,3,126.0,105.67,DELAY_LATE_AIRCRAFT|DELAY_CARRIER|CANC_NAS
IAD,11,48,-2.96,-8.15,3,20.67,11.33,2,131.0,106.0,DELAY_LATE_AIRCRAFT|DELAY_NAS
IAD,12,42,-1.88,-9.57,5,32.4,17.4,3,128.67,116.67,DELAY_CARRIER|DELAY_LATE_AIRCRAFT|DELAY_NAS
IAG,1,0,,,1,35.0,13.0,0,,,N/D
IAG,3,1,-5.0,-27.0,0,,,0,,,N/D
IAG,4,1,2.0,-7.0,0,,,0,,,N/D
IAG,12,1,-10.0,-16.0,0,,,0,,,N/D
IAH,1,72,-2.17,-8.22,10,27.0,24.7,9,218.56,213.67,DELAY_CARRIER|DELAY_LATE_AIRCRAFT|CANC_CARRIER
IAH,2,63,-2.6,-7.59,11,26.73,24.45,7,108.57,102.71,DELAY_LATE_AIRCRAFT|DELAY_CARRIER|DELAY_NAS
IAH,3,86,-1.66,-9.64,9,31.11,34.0,11,117.45,113.73,DELAY_NAS|DELAY_LATE_AIRCRAFT|DELAY_CARRIER
IAH,4,82,-1.98,-5.23,12,27.58,18.17,6,176.67,176.5,DELAY_CARRIER|DELAY_LATE_AIRCRAFT|DELAY_NAS
IAH,5,52,-3.02,-6.15,15,26.87,30.67,15,129.13,136.93,DELAY_NAS|DELAY_LATE_AIRCRAFT|DELAY_CARRIER
IAH,6,67,-0.48,-5.4,22,30.73,22.82,11,111.0,109.09,DELAY_LATE_AIRCRAFT|DELAY_CARRIER|DELAY_NAS
IAH,7,52,-0.52,-6.12,23,32.43,28.7,22,142.23,137.36,DELAY_LATE_AIRCRAFT|DELAY_CARRIER|DELAY_NAS
IAH,8,72,-1.36,-5.85,13,28.85,21.62,9,129.0,121.56,DELAY_NAS|DELAY_LATE_AIRCRAFT|DELAY_CARRIER
IAH,9,81,-3.28,-10.67,8,25.5,20.0,5,104.2,97.8,DELAY_CARRIER|DELAY_NAS|DELAY_LATE_AIRCRAFT
IAH,10,92,-3.13,-9.77,10,29.2,15.8,0,,,DELAY_CARRIER|DELAY_LATE_AIRCRAFT|DELAY_NAS
IAH,11,90,-2.48,-8.49,10,26.6,19.4,7,142.43,158.57,DELAY_CARRIER|DELAY_LATE_AIRCRAFT|DELAY_NAS
IAH,12,78,-0.73,-5.04,9,31.56,42.22,15,151.67,150.13,DELAY_LATE_AIRCRAFT|DELAY_NAS|DELAY_CARRIER
ICT,1,6,-7.5,-5.33,1,21.0,42.0,0,,,DELAY_NAS
ICT,2,5,-6.6,-13.0,1,51.0,39.0,0,,,DELAY_CARRIER
ICT,3,11,-5.55,-10.91,0,,,0,,,N/D
ICT,4,7,-4.57,-15.29,0,,,1,584.0,570.0,DELAY_LATE_AIRCRAFT
ICT,5,6,-2.83,-7.83,0,,,0,,,N/D
ICT,6,5,-5.2,-10.6,1,17.0,-9.0,1,100.0,115.0,DELAY_LATE_AIRCRAFT
ICT,7,4,-5.5,-4.0,2,35.0,68.5,2,189.0,198.5,DELAY_LATE_AIRCRAFT|CANC_WEATHER|DELAY_NAS
ICT,8,4,-5.25,-13.0,0,,,1,139.0,135.0,DELAY_WEATHER
ICT,9,5,-4.6,-12.6,0,,,0,,,N/D
ICT,10,9,-5.0,-2.89,1,17.0,12.0,1,93.0,78.0,DELAY_LATE_AIRCRAFT|DELAY_NAS
ICT,11,7,-3.71,-8.14,2,44.5,32.5,2,67.5,61.0,DELAY_CARRIER|DELAY_WEATHER
ICT,12,5,-4.0,-16.0,2,22.5,6.0,0,,,N/D
IDA,1,3,-6.0,-22.67,0,,,0,,,N/D
IDA,2,3,-15.0,-13.33,0,,,0,,,N/D
IDA,3,4,-1.0,0.75,0,,,0,,,CANC_WEATHER|DELAY_NAS
IDA,4,2,-4.0,-26.5,0,,,0,,,N/D
IDA,5,3,-8.33,-19.0,1,24.0,6.0,0,,,N/D
IDA,6,5,-7.0,-19.0,0,,,0,,,N/D
IDA,7,5,-1.0,-7.6,0,,,0,,,N/D
IDA,8,3,-12.67,13.67,0,,,0,,,DELAY_NAS
IDA,9,3,-11.67,-17.33,0,,,0,,,N/D
IDA,10,1,-9.0,-15.0,0,,,0,,,N/D
IDA,12,4,-6.0,-19.75,1,40.0,45.0,0,,,DELAY_CARRIER
ILM,1,7,-6.43,-4.0,0,,,0,,,N/D
ILM,2,2,-6.0,-12.0,0,,,0,,,N/D
ILM,3,7,-6.71,-18.86,0,,,1,363.0,377.0,DELAY_WEATHER
ILM,4,8,-1.88,-6.88,0,,,0,,,DELAY_LATE_AIRCRAFT
ILM,5,3,-10.67,-15.67,0,,,0,,,N/D
ILM,6,6,-5.33,-6.83,1,23.0,23.0,1,128.0,121.0,DELAY_CARRIER|DELAY_NAS|DELAY_WEATHER
ILM,7,7,-3.29,-0.14,3,42.67,30.0,2,102.0,91.5,DELAY_LATE_AIRCRAFT|DELAY_CARRIER|DELAY_NAS
ILM,8,9,-3.11,-10.11,2,23.0,28.5,2,889.5,888.0,DELAY_CARRIER|DELAY_LATE_AIRCRAFT|DELAY_NAS
ILM,9,4,0.5,-9.0,0,,,1,220.0,210.0,CANC_CARRIER|DELAY_LATE_AIRCRAFT
ILM,10,7,-7.86,-15.71,1,17.0,20.0,0,,,DELAY_LATE_AIRCRAFT
ILM,11,6,-9.67,-15.67,0,,,1,80.0,82.0,DELAY_CARRIER
ILM,12,3,-4.33,-4.0,4,24.5,15.5,0,,,DELAY_CARRIER|DELAY_LATE_AIRCRAFT|DELAY_NAS
IMT,2,2,-5.0,-11.5,0,,,0,,,N/D
IMT,4,1,-8.0,-16.0,0,,,0,,,N/D
IMT,8,2,-10.0,-22.0,0,,,0,,,N/D
IMT,9,2,1.0,-3.0,0,,,0,,,N/D
IMT,10,1,-8.0,-25.0,0,,,0,,,N/D
IND,1,23,-3.39,-11.96,5,32.4,37.4,1,101.0,109.0,DELAY_NAS|DELAY_CARRIER|DELAY_LATE_AIRCRAFT
IND,2,36,-4.17,-9.97,4,44.0,47.0,1,144.0,142.0,DELAY_CARRIER|DELAY_NAS|DELAY_LATE_AIRCRAFT
IND,3,32,-2.16,-10.94,2,30.5,18.0,4,122.0,121.25,DELAY_CARRIER|DELAY_NAS|DELAY_LATE_AIRCRAFT
IND,4,37,-3.32,-10.84,3,27.33,21.67,0,,,DELAY_NAS|CANC_WEATHER|DELAY_CARRIER
IND,5,38,-3.37,-9.29,6,26.0,30.0,4,350.75,342.0,DELAY_CARRIER|DELAY_NAS|DELAY_LATE_AIRCRAFT
IND,6,36,-2.5,-9.58,8,23.62,20.5,2,101.0,105.5,DELAY_CARRIER|DELAY_LATE_AIRCRAFT|DELAY_NAS
IND,7,26,-3.31,-6.27,7,34.71,32.43,6,159.33,159.17,DELAY_LATE_AIRCRAFT|DELAY_NAS|DELAY_CARRIER
IND,8,26,-4.77,-7.65,0,,,3,126.33,133.0,DELAY_NAS|DELAY_CARRIER|DELAY_LATE_AIRCRAFT
IND,9,29,-3.21,-6.48,4,36.5,48.0,1,92.0,87.0,DELAY_LATE_AIRCRAFT|DELAY_NAS|DELAY_CARRIER
IND,10,36,-4.33,-8.67,3,29.0,19.33,3,177.0,164.0,DELAY_LATE_AIRCRAFT|DELAY_CARRIER
IND,11,36,-4.17,-10.39,2,27.5,47.0,0,,,DELAY_CARRIER|DELAY_NAS|CANC_WEATHER
IND,12,50,-3.02,-10.48,3,24.67,7.33,0,,,DELAY_NAS|DELAY_LATE_AIRCRAFT
INL,1,1,-15.0,-15.0,0,,,0,,,N/D
INL,2,1,-9.0,-26.0,0,,,0,,,N/D
INL,3,1,-1.0,-12.0,0,,,0,,,N/D
INL,4,1,-20.0,-32.0,0,,,0,,,N/D
INL,5,2,-10.0,-22.5,0,,,0,,,N/D
INL,7,0,,,0,,,1,990.0,981.0,DELAY_CARRIER
INL,8,1,-8.0,8.0,0,,,0,,,N/D
INL,9,1,-2.0,-11.0,0,,,0,,,N/D
INL,12,2,-12.5,-28.5,0,,,0,,,N/D
ISP,1,3,-2.0,-7.33,1,30.0,19.0,0,,,CANC_WEATHER|DELAY_NAS
ISP,2,4,-7.75,-29.5,0,,,1,83.0,67.0,DELAY_LATE_AIRCRAFT
ISP,3,2,-5.5,-11.0,2,38.5,24.5,1,97.0,68.0,DELAY_LATE_AIRCRAFT|DELAY_CARRIER
ISP,4,2,2.5,-15.5,1,31.0,26.0,0,,,DELAY_LATE_AIRCRAFT
ISP,5,1,8.0,1.0,0,,,0,,,N/D
ISP,6,7,-2.57,-15.43,0,,,1,108.0,90.0,DELAY_NAS
ISP,7,2,3.0,-10.0,0,,,1,125.0,117.0,DELAY_NAS
ISP,8,3,-3.67,-10.67,2,21.0,21.0,0,,,CANC_CARRIER|DELAY_CARRIER
ISP,9,2,-0.5,-25.5,0,,,0,,,N/D
ISP,10,2,-1.5,-5.5,0,,,0,,,N/D
ISP,11,2,-12.0,-29.0,0,,,0,,,N/D
ISP,12,4,-2.5,-10.75,2,40.0,60.5,0,,,DELAY_NAS
ITH,3,2,-6.0,-35.0,0,,,0,,,N/D
ITH,5,1,-8.0,-31.0,1,31.0,22.0,0,,,DELAY_NAS
ITH,8,1,-9.0,-32.0,0,,,0,,,N/D
ITH,9,1,-10.0,-11.0,0,,,0,,,N/D
ITH,10,1,-10.0,-22.0,0,,,0,,,N/D
ITH,12,1,1.0,-4.0,0,,,0,,,N/D
ITO,1,8,-6.0,-4.0,3,31.33,34.33,0,,,DELAY_LATE_AIRCRAFT|DELAY_SECURITY
ITO,2,10,-1.8,-0.6,1,17.0,26.0,0,,,DELAY_LATE_AIRCRAFT
ITO,3,11,-1.09,-0.91,2,17.5,13.0,0,,,DELAY_CARRIER
ITO,4,2,1.0,-7.5,0,,,0,,,N/D
ITO,5,8,-2.38,-1.88,0,,,0,,,N/D
ITO,6,5,0.2,0.6,1,19.0,13.0,0,,,N/D
ITO,7,4,-3.5,-7.5,0,,,0,,,N/D
ITO,8,4,-2.25,-5.25,0,,,0,,,CANC_WEATHER
ITO,10,5,-3.2,-5.8,0,,,0,,,N/D
ITO,11,2,7.0,4.5,0,,,0,,,N/D
ITO,12,3,-3.0,-4.33,0,,,0,,,N/D
JAC,1,2,-9.0,-36.5,2,30.0,13.0,1,177.0,143.0,DELAY_LATE_AIRCRAFT
JAC,2,4,-2.0,-5.75,2,36.5,66.5,0,,,DELAY_NAS|DELAY_LATE_AIRCRAFT
JAC,3,4,4.0,-7.0,1,21.0,5.0,1,96.0,74.0,DELAY_NAS
JAC,4,3,-13.67,-24.0,0,,,0,,,N/D
JAC,5,6,-3.83,-8.83,0,,,0,,,N/D
JAC,6,5,-4.0,-9.2,0,,,0,,,DELAY_CARRIER
JAC,7,5,-3.2,-11.4,0,,,4,160.0,152.5,DELAY_LATE_AIRCRAFT|DELAY_CARRIER
JAC,8,9,-5.89,-7.22,1,52.0,73.0,0,,,DELAY_NAS
JAC,9,2,-5.5,51.0,0,,,2,132.5,119.0,DELAY_LATE_AIRCRAFT|DELAY_CARRIER
JAC,12,1,-4.0,-23.0,0,,,1,204.0,208.0,DELAY_LATE_AIRCRAFT
JAN,1,4,0.25,-2.5,0,,,0,,,CANC_WEATHER|DELAY_NAS
JAN,2,7,-7.29,-15.29,0,,,0,,,N/D
JAN,3,4,-4.25,-16.5,0,,,0,,,N/D
JAN,4,7,-5.43,-9.14,0,,,0,,,N/D
JAN,5,2,-7.5,-11.0,1,39.0,53.0,1,151.0,157.0,DELAY_CARRIER|DELAY_WEATHER
JAN,6,3,-7.33,-14.0,1,37.0,34.0,0,,,DELAY_LATE_AIRCRAFT
JAN,7,5,-0.8,-8.2,1,31.0,34.0,1,149.0,136.0,DELAY_CARRIER
JAN,8,4,-6.0,-5.0,3,27.0,22.67,0,,,DELAY_LATE_AIRCRAFT
JAN,9,2,-1.0,-10.5,0,,,2,100.5,85.0,DELAY_CARRIER|DELAY_LATE_AIRCRAFT
JAN,10,2,-10.0,-12.5,0,,,1,128.0,131.0,DELAY_CARRIER
JAN,11,3,-1.33,-2.67,0,,,0,,,N/D
JAN,12,4,-7.0,-7.5,0,,,1,366.0,400.0,DELAY_LATE_AIRCRAFT|DELAY_NAS
JAX,1,14,-2.79,-7.64,4,34.0,32.25,1,68.0,60.0,DELAY_LATE_AIRCRAFT|DELAY_CARRIER|DELAY_NAS
JAX,2,18,-3.44,-3.22,2,33.0,27.5,2,95.0,101.0,DELAY_NAS|DELAY_LATE_AIRCRAFT|CANC_CARRIER
JAX,3,25,-2.96,-8.32,0,,,2,153.5,142.5,DELAY_CARRIER|DELAY_LATE_AIRCRAFT
JAX,4,16,-6.5,-14.31,4,29.25,27.5,1,124.0,140.0,DELAY_CARRIER|DELAY_LATE_AIRCRAFT|DELAY_WEATHER
JAX,5,21,-5.62,-9.48,8,37.5,35.12,3,451.67,443.33,DELAY_LATE_AIRCRAFT|DELAY_NAS|CANC_CARRIER
JAX,6,15,-3.13,-11.4,3,27.67,18.33,2,101.0,91.0,DELAY_CARRIER|DELAY_LATE_AIRCRAFT
JAX,7,12,-0.92,-9.67,4,47.75,42.25,1,257.0,275.0,DELAY_LATE_AIRCRAFT|DELAY_WEATHER|CANC_CARRIER
JAX,8,12,-2.5,-5.0,5,30.2,26.6,0,,,DELAY_LATE_AIRCRAFT|CANC_NAS|DELAY_NAS
JAX,9,21,-4.14,-8.29,2,44.5,35.0,1,106.0,104.0,DELAY_CARRIER|DELAY_LATE_AIRCRAFT|DELAY_WEATHER
JAX,10,25,-5.08,-11.44,1,59.0,53.0,0,,,DELAY_LATE_AIRCRAFT
JAX,11,28,-5.75,-12.07,1,32.0,47.0,1,68.0,57.0,DELAY_NAS|DELAY_CARRIER
JAX,12,18,-4.56,-7.67,4,32.75,37.5,2,97.5,96.0,DELAY_LATE_AIRCRAFT|DELAY_NAS|DELAY_CARRIER
JFK,1,73,-1.23,-11.3,15,27.6,20.53,5,142.6,135.0,DELAY_NAS|DELAY_CARRIER|DELAY_LATE_AIRCRAFT
JFK,2,55,-2.62,-17.76,6,27.33,22.33,11,169.55,175.27,DELAY_CARRIER|DELAY_NAS|DELAY_LATE_AIRCRAFT
JFK,3,91,-2.79,-15.89,14,33.21,23.71,12,153.83,137.17,DELAY_LATE_AIRCRAFT|DELAY_CARRIER|DELAY_NAS
JFK,4,70,-3.81,-9.91,11,29.91,26.09,8,111.88,98.5,DELAY_CARRIER|DELAY_LATE_AIRCRAFT|DELAY_NAS
JFK,5,80,-3.24,-11.64,15,28.33,30.27,3,118.67,126.67,DELAY_NAS|DELAY_CARRIER|DELAY_LATE_AIRCRAFT
JFK,6,74,-2.53,-8.43,15,40.93,31.53,18,119.89,116.33,DELAY_CARRIER|DELAY_LATE_AIRCRAFT|DELAY_NAS
JFK,7,67,-2.84,-11.48,16,30.44,14.38,8,104.0,94.88,DELAY_CARRIER|DELAY_LATE_AIRCRAFT|DELAY_NAS
JFK,8,72,-2.54,-5.39,14,31.5,21.79,9,132.22,123.33,DELAY_NAS|DELAY_CARRIER|DELAY_LATE_AIRCRAFT
JFK,9,96,-4.6,-10.53,12,31.42,33.58,4,103.75,83.25,DELAY_NAS|DELAY_CARRIER|DELAY_LATE_AIRCRAFT
JFK,10,95,-4.16,-14.61,9,32.89,13.11,3,97.0,83.0,DELAY_CARRIER|DELAY_NAS|CANC_NAS
JFK,11,72,-3.68,-13.61,13,30.62,24.15,2,190.0,173.5,DELAY_CARRIER|DELAY_LATE_AIRCRAFT|DELAY_NAS
JFK,12,83,-1.96,-9.55,13,33.46,30.46,5,163.8,171.8,DELAY_LATE_AIRCRAFT|DELAY_NAS|DELAY_CARRIER
JLN,2,2,-14.5,-28.5,1,53.0,35.0,0,,,DELAY_CARRIER
JLN,5,1,-7.0,-11.0,0,,,0,,,N/D
JLN,6,1,-8.0,-29.0,0,,,0,,,N/D
JLN,9,1,-9.0,-23.0,0,,,0,,,N/D
JLN,12,2,-10.0,-32.5,0,,,0,,,N/D
JMS,7,1,-10.0,-17.0,0,,,0,,,N/D
JMS,8,1,-10.0,-4.0,0,,,0,,,N/D
JMS,9,1,-9.0,-10.0,0,,,0,,,N/D
JMS,11,0,,,0,,,1,150.0,143.0,DELAY_LATE_AIRCRAFT
JNU,1,1,-17.0,-18.0,1,31.0,41.0,0,,,DELAY_LATE_AIRCRAFT
JNU,2,2,-9.5,-8.5,0,,,0,,,N/D
JNU,3,5,-5.4,-5.2,0,,,0,,,N/D
JNU,4,4,-10.25,-12.25,0,,,0,,,N/D
JNU,5,3,-15.33,-19.33,0,,,0,,,N/D
JNU,6,1,-12.0,-15.0,0,,,0,,,N/D
JNU,7,0,,,0,,,1,70.0,80.0,DELAY_LATE_AIRCRAFT
JNU,8,4,-14.5,-19.5,1,21.0,21.0,0,,,DELAY_LATE_AIRCRAFT
JNU,9,6,-9.67,-9.33,0,,,0,,,N/D
JNU,10,3,-10.33,-12.0,0,,,0,,,N/D
JNU,11,1,-6.0,-4.0,0,,,1,150.0,144.0,DELAY_CARRIER
JNU,12,3,-6.67,-19.0,0,,,1,148.0,128.0,DELAY_LATE_AIRCRAFT
JST,2,1,-10.0,-35.0,0,,,0,,,N/D
JST,4,1,13.0,22.0,0,,,0,,,DELAY_CARRIER
JST,5,2,-12.0,-12.0,0,,,0,,,N/D
JST,7,1,-17.0,-25.0,0,,,0,,,N/D
JST,10,1,-10.0,-15.0,0,,,0,,,N/D
JST,12,2,-5.0,-4.0,0,,,0,,,DELAY_CARRIER
KOA,1,7,-3.14,-5.71,1,33.0,25.0,1,89.0,91.0,DELAY_CARRIER|DELAY_LATE_AIRCRAFT
KOA,2,10,-6.3,-21.2,2,28.5,8.0,1,167.0,172.0,DELAY_LATE_AIRCRAFT|CANC_CARRIER
KOA,3,22,-1.55,-9.64,0,,,0,,,DELAY_NAS
KOA,4,11,-3.09,-9.36,1,28.0,35.0,0,,,DELAY_CARRIER
KOA,5,10,-2.0,-3.6,0,,,0,,,N/D
KOA,6,15,-1.2,-2.4,0,,,0,,,DELAY_CARRIER
KOA,7,19,-2.79,-5.21,1,47.0,42.0,1,902.0,898.0,DELAY_CARRIER|DELAY_LATE_AIRCRAFT
KOA,8,14,-4.29,-10.43,2,32.0,29.5,0,,,DELAY_LATE_AIRCRAFT
KOA,9,12,-3.42,-7.17,1,23.0,21.0,0,,,DELAY_LATE_AIRCRAFT
KOA,10,13,-6.31,-6.08,0,,,1,116.0,98.0,DELAY_LATE_AIRCRAFT|DELAY_NAS
KOA,11,15,-1.87,-5.2,0,,,1,67.0,71.0,DELAY_LATE_AIRCRAFT
KOA,12,12,-0.92,-9.92,1,16.0,21.0,0,,,DELAY_LATE_AIRCRAFT
KTN,1,0,,,0,,,0,,,CANC_CARRIER
KTN,4,1,-3.0,-10.0,1,15.0,8.0,0,,,N/D
KTN,5,1,-5.0,-1.0,0,,,0,,,N/D
KTN,6,3,6.0,9.0,0,,,0,,,DELAY_NAS
KTN,7,1,-1.0,-13.0,1,24.0,18.0,0,,,DELAY_LATE_AIRCRAFT
KTN,8,1,-10.0,-1.0,0,,,1,74.0,65.0,DELAY_CARRIER
KTN,9,1,0.0,7.0,0,,,0,,,N/D
KTN,10,1,-2.0,-7.0,0,,,0,,,N/D
KTN,11,1,-6.0,-10.0,0,,,0,,,N/D
KTN,12,1,-2.0,-6.0,0,,,1,153.0,147.0,DELAY_LATE_AIRCRAFT
LAN,1,1,-10.0,-25.0,1,26.0,12.0,0,,,N/D
LAN,2,0,,,1,28.0,10.0,1,135.0,133.0,DELAY_CARRIER
LAN,3,1,0.0,-10.0,0,,,0,,,N/D
LAN,4,1,11.0,6.0,0,,,0,,,N/D
LAN,6,1,-3.0,-4.0,0,,,0,,,N/D
LAN,7,0,,,1,26.0,23.0,0,,,DELAY_LATE_AIRCRAFT
LAN,9,1,-10.0,-20.0,0,,,0,,,N/D
LAN,11,1,-2.0,-11.0,0,,,0,,,N/D
LAR,1,2,-4.0,-2.5,0,,,0,,,N/D
LAR,3,1,-14.0,-6.0,0,,,0,,,N/D
LAR,8,1,-18.0,-26.0,0,,,0,,,N/D
LAR,9,1,-6.0,-11.0,0,,,0,,,N/D
LAR,11,1,-10.0,-10.0,0,,,1,96.0,81.0,DELAY_NAS
LAS,1,112,-2.11,-7.81,24,32.33,22.38,9,153.56,148.67,DELAY_LATE_AIRCRAFT|DELAY_CARRIER|DELAY_NAS
LAS,2,122,-1.54,-8.69,17,35.35,30.65,12,108.42,108.08,DELAY_NAS|DELAY_LATE_AIRCRAFT|DELAY_CARRIER
LAS,3,115,-2.14,-6.17,29,30.69,28.72,16,120.25,115.38,DELAY_LATE_AIRCRAFT|DELAY_NAS|DELAY_CARRIER
LAS,4,128,-2.74,-11.28,32,32.25,23.81,9,106.11,99.89,DELAY_CARRIER|DELAY_LATE_AIRCRAFT|DELAY_NAS
LAS,5,119,-1.18,-6.78,34,36.94,27.0,12,98.75,89.75,DELAY_LATE_AIRCRAFT|DELAY_CARRIER|DELAY_NAS
LAS,6,124,-0.48,-7.15,23,30.17,23.48,14,152.36,143.64,DELAY_LATE_AIRCRAFT|DELAY_CARRIER|DELAY_NAS
LAS,7,123,-0.89,-5.02,33,30.03,21.45,27,146.11,146.26,DELAY_LATE_AIRCRAFT|DELAY_CARRIER|DELAY_NAS
LAS,8,142,-1.69,-8.68,22,26.41,18.64,11,106.0,101.55,DELAY_LATE_AIRCRAFT|DELAY_NAS|DELAY_CARRIER
LAS,9,121,-2.94,-7.99,20,29.3,24.9,7,92.57,80.29,DELAY_NAS|DELAY_LATE_AIRCRAFT|DELAY_CARRIER
LAS,10,142,-2.01,-8.76,29,31.93,19.45,8,149.5,146.25,DELAY_LATE_AIRCRAFT|DELAY_CARRIER|DELAY_NAS
LAS,11,147,-2.68,-11.36,21,30.57,21.81,5,152.4,144.6,DELAY_LATE_AIRCRAFT|DELAY_NAS|DELAY_CARRIER
LAS,12,145,-2.81,-12.97,15,31.6,21.13,12,113.08,105.33,DELAY_LATE_AIRCRAFT|DELAY_NAS|DELAY_CARRIER
LAW,2,1,-3.0,-28.0,0,,,0,,,CANC_WEATHER
LAW,3,2,-7.0,-7.5,0,,,0,,,N/D
LAW,4,2,-10.5,-2.5,0,,,0,,,N/D
LAW,5,1,-6.0,-11.0,0,,,0,,,N/D
LAW,6,1,-10.0,-9.0,0,,,0,,,N/D
LAW,7,0,,,0,,,1,387.0,386.0,DELAY_CARRIER
LAW,10,1,-10.0,-23.0,0,,,0,,,N/D
LAW,11,2,-11.0,-15.5,1,47.0,46.0,0,,,DELAY_WEATHER
LAX,1,125,-2.91,-7.3,13,32.92,28.62,12,172.83,164.17,DELAY_LATE_AIRCRAFT|DELAY_CARRIER|CANC_CARRIER
LAX,2,121,-2.91,-9.93,13,31.62,28.77,7,116.86,107.14,DELAY_CARRIER|DELAY_NAS|DELAY_LATE_AIRCRAFT
LAX,3,137,-1.64,-6.15,19,28.47,23.63,12,171.67,169.92,DELAY_NAS|DELAY_CARRIER|DELAY_LATE_AIRCRAFT
LAX,4,119,-2.66,-6.86,21,30.05,24.9,12,234.0,234.5,DELAY_LATE_AIRCRAFT|DELAY_CARRIER|DELAY_NAS
LAX,5,136,-2.27,-8.2,27,31.07,23.59,16,138.5,140.38,DELAY_CARRIER|DELAY_LATE_AIRCRAFT|DELAY_NAS
LAX,6,156,-2.76,-4.92,18,28.28,25.22,10,104.3,100.3,DELAY_NAS|DELAY_LATE_AIRCRAFT|DELAY_CARRIER
LAX,7,112,-2.59,-7.89,30,36.27,33.2,17,154.82,155.65,DELAY_LATE_AIRCRAFT|DELAY_CARRIER|DELAY_NAS
LAX,8,138,-2.76,-6.77,18,30.0,20.39,16,141.12,137.0,DELAY_NAS|DELAY_CARRIER|DELAY_LATE_AIRCRAFT
LAX,9,142,-4.08,-10.51,10,27.2,30.4,6,169.67,165.0,DELAY_CARRIER|DELAY_NAS|DELAY_LATE_AIRCRAFT
LAX,10,145,-3.84,-9.23,11,29.82,30.73,6,173.5,165.67,DELAY_CARRIER|DELAY_LATE_AIRCRAFT|DELAY_NAS
LAX,11,153,-2.52,-12.42,14,35.07,25.0,8,136.62,131.0,DELAY_CARRIER|DELAY_NAS|DELAY_LATE_AIRCRAFT
LAX,12,133,-2.22,-8.32,13,29.92,26.62,7,143.71,136.57,DELAY_CARRIER|DELAY_LATE_AIRCRAFT|DELAY_NAS
LBB,1,3,-7.0,-16.0,0,,,0,,,N/D
LBB,2,0,,,1,52.0,49.0,0,,,DELAY_WEATHER
LBB,3,6,-6.17,-3.83,1,17.0,6.0,0,,,DELAY_NAS
LBB,4,5,-9.2,-12.0,1,29.0,19.0,0,,,DELAY_LATE_AIRCRAFT
LBB,5,5,-6.0,-11.4,1,52.0,48.0,0,,,DELAY_LATE_AIRCRAFT|DELAY_NAS
LBB,6,7,-2.43,-6.14,0,,,1,83.0,73.0,DELAY_CARRIER
LBB,7,4,-3.75,-7.0,1,32.0,24.0,2,132.5,140.5,DELAY_CARRIER|DELAY_LATE_AIRCRAFT
LBB,8,2,-3.5,-8.0,0,,,0,,,N/D
LBB,9,8,-7.0,-11.12,0,,,0,,,N/D
LBB,10,2,-4.0,1.0,0,,,0,,,DELAY_NAS
LBB,11,4,-1.0,-1.75,0,,,0,,,N/D
LBB,12,10,-3.9,-14.3,0,,,0,,,N/D
LBE,3,1,-10.0,-19.0,0,,,0,,,N/D
LBE,10,1,-17.0,-27.0,0,,,0,,,N/D
LBE,12,1,-16.0,-36.0,0,,,0,,,N/D
LBF,2,1,-13.0,-11.0,0,,,0,,,N/D
LBF,3,0,,,0,,,0,,,CANC_WEATHER
LBF,6,1,-13.0,-6.0,0,,,0,,,N/D
LBF,7,1,-10.0,-12.0,0,,,0,,,N/D
LBF,8,1,-9.0,-3.0,0,,,0,,,N/D
LBL,5,0,,,0,,,1,969.0,971.0,DELAY_CARRIER
LBL,7,0,,,0,,,0,,,CANC_NAS
LCH,1,0,,,0,,,1,179.0,170.0,DELAY_CARRIER
LCH,2,0,,,0,,,1,295.0,283.0,DELAY_CARRIER
LCH,3,2,-10.0,-17.0,0,,,0,,,N/D
LCH,4,1,-9.0,-9.0,0,,,0,,,N/D
LCH,5,1,-13.0,-23.0,0,,,0,,,N/D
LCH,7,1,-8.0,-16.0,0,,,0,,,N/D
LCH,8,1,1.0,-6.0,0,,,0,,,N/D
LCH,11,1,-10.0,-9.0,0,,,0,,,N/D
LCH,12,1,-9.0,-20.0,0,,,0,,,N/D
LCK,3,1,8.0,-2.0,0,,,0,,,N/D
LCK,5,1,-10.0,-16.0,0,,,0,,,N/D
LCK,6,2,1.0,8.5,0,,,0,,,DELAY_NAS
LCK,7,0,,,0,,,1,121.0,133.0,DELAY_CARRIER
LCK,8,0,,,0,,,1,68.0,63.0,DELAY_LATE_AIRCRAFT
LCK,11,1,7.0,-9.0,0,,,0,,,N/D
LEX,1,4,1.0,3.75,0,,,1,233.0,237.0,DELAY_LATE_AIRCRAFT
LEX,2,8,-5.0,-13.38,1,25.0,26.0,0,,,DELAY_CARRIER
LEX,3,10,-3.6,-11.8,0,,,3,234.0,237.33,DELAY_CARRIER|DELAY_NAS|DELAY_WEATHER
LEX,4,11,-5.0,-15.27,2,22.5,15.5,1,81.0,80.0,DELAY_CARRIER|DELAY_LATE_AIRCRAFT
LEX,5,7,-5.29,-18.0,1,44.0,29.0,0,,,DELAY_CARRIER
LEX,6,2,-2.0,11.5,3,34.33,30.0,1,180.0,184.0,DELAY_CARRIER|CANC_WEATHER|DELAY_LATE_AIRCRAFT
LEX,7,6,-2.33,-4.0,0,,,0,,,CANC_WEATHER
LEX,8,6,-9.83,-12.0,1,39.0,22.0,1,75.0,74.0,DELAY_LATE_AIRCRAFT|CANC_WEATHER
LEX,9,6,-4.33,-8.5,3,37.0,27.33,0,,,DELAY_LATE_AIRCRAFT
LEX,10,7,-2.86,-13.14,1,31.0,13.0,0,,,N/D
LEX,11,7,-4.57,-2.14,1,26.0,14.0,1,77.0,96.0,DELAY_CARRIER|DELAY_NAS
LEX,12,3,-4.0,-20.67,2,28.5,18.0,1,140.0,122.0,DELAY_CARRIER|DELAY_LATE_AIRCRAFT
LFT,1,1,-5.0,-9.0,2,21.5,12.0,0,,,CANC_WEATHER|DELAY_WEATHER
LFT,2,3,-3.67,-11.33,0,,,0,,,N/D
LFT,3,2,-7.5,-15.0,0,,,1,190.0,167.0,DELAY_WEATHER
LFT,4,2,-7.0,5.0,0,,,1,306.0,284.0,DELAY_NAS|DELAY_WEATHER
LFT,5,2,3.5,-5.0,0,,,0,,,N/D
LFT,7,1,-1.0,8.0,1,50.0,41.0,0,,,DELAY_CARRIER
LFT,8,4,-1.0,-9.75,0,,,0,,,N/D
LFT,10,2,-9.5,-22.5,0,,,0,,,N/D
LFT,11,3,-9.67,-17.0,1,25.0,5.0,0,,,N/D
LFT,12,2,-11.0,5.5,1,19.0,15.0,0,,,DELAY_CARRIER|DELAY_NAS
LGA,1,92,-5.13,-13.57,24,27.58,30.42,14,108.36,114.5,DELAY_LATE_AIRCRAFT|DELAY_NAS|DELAY_CARRIER
LGA,2,117,-5.31,-19.74,16,32.56,10.81,5,154.6,130.0,DELAY_CARRIER|DELAY_LATE_AIRCRAFT|DELAY_NAS
LGA,3,110,-4.42,-17.69,12,34.33,27.92,5,283.8,262.0,DELAY_CARRIER|DELAY_LATE_AIRCRAFT|DELAY_NAS
LGA,4,107,-4.79,-14.38,14,33.57,22.5,8,142.0,143.75,DELAY_NAS|DELAY_CARRIER|DELAY_LATE_AIRCRAFT
LGA,5,125,-4.25,-9.0,12,26.25,27.0,8,169.5,171.5,DELAY_NAS|DELAY_LATE_AIRCRAFT|DELAY_CARRIER
LGA,6,112,-4.55,-15.62,9,24.56,17.11,12,118.5,107.75,DELAY_CARRIER|DELAY_LATE_AIRCRAFT|DELAY_NAS
LGA,7,115,-4.7,-6.39,25,33.44,27.6,22,127.23,124.95,DELAY_LATE_AIRCRAFT|DELAY_NAS|DELAY_CARRIER
LGA,8,115,-4.9,-13.31,10,34.0,26.7,15,133.87,129.27,DELAY_LATE_AIRCRAFT|CANC_NAS|DELAY_NAS
LGA,9,135,-4.83,-14.22,12,28.08,19.0,3,97.67,88.33,DELAY_CARRIER|DELAY_NAS|DELAY_LATE_AIRCRAFT
LGA,10,122,-4.93,-14.59,10,25.5,9.8,4,151.0,136.75,DELAY_CARRIER|DELAY_LATE_AIRCRAFT|DELAY_NAS
LGA,11,126,-5.29,-15.76,10,34.4,17.3,5,157.2,142.2,DELAY_CARRIER|DELAY_LATE_AIRCRAFT|DELAY_NAS
LGA,12,94,-3.05,-12.33,16,35.69,40.06,9,88.89,85.78,DELAY_NAS|DELAY_LATE_AIRCRAFT|DELAY_CARRIER
LGB,1,9,-0.22,-7.22,1,22.0,13.0,0,,,CANC_CARRIER
LGB,2,13,0.08,-5.38,1,31.0,21.0,1,128.0,97.0,DELAY_NAS|DELAY_CARRIER|DELAY_LATE_AIRCRAFT
LGB,3,14,-0.64,-8.5,1,24.0,17.0,1,67.0,74.0,DELAY_LATE_AIRCRAFT
LGB,4,12,0.67,-3.75,4,35.75,30.25,0,,,DELAY_LATE_AIRCRAFT|DELAY_CARRIER
LGB,5,11,-2.09,-15.0,2,22.5,14.0,1,66.0,55.0,DELAY_CARRIER|DELAY_LATE_AIRCRAFT
LGB,6,6,-1.0,-13.5,4,43.5,39.5,0,,,DELAY_LATE_AIRCRAFT|DELAY_CARRIER
LGB,7,11,-0.27,-2.82,5,22.4,13.6,1,93.0,91.0,DELAY_NAS|DELAY_CARRIER|DELAY_LATE_AIRCRAFT
LGB,8,9,-1.78,-9.89,1,27.0,32.0,0,,,DELAY_LATE_AIRCRAFT
LGB,9,9,-1.0,-9.11,1,17.0,-8.0,0,,,N/D
LGB,10,10,-3.8,-13.7,1,27.0,16.0,0,,,DELAY_LATE_AIRCRAFT
LGB,11,14,-2.93,-14.07,3,29.0,20.0,0,,,DELAY_CARRIER|DELAY_LATE_AIRCRAFT
LGB,12,6,-1.17,-9.33,3,35.0,14.33,0,,,DELAY_CARRIER
LIH,1,11,-1.36,-9.55,1,38.0,37.0,1,88.0,111.0,DELAY_CARRIER|DELAY_LATE_AIRCRAFT
LIH,2,8,-2.38,-7.38,0,,,1,145.0,153.0,DELAY_CARRIER|DELAY_LATE_AIRCRAFT
LIH,3,14,-6.21,-12.57,4,31.0,32.25,0,,,DELAY_CARRIER|DELAY_LATE_AIRCRAFT
LIH,4,17,-0.29,-5.47,0,,,0,,,N/D
LIH,5,19,-1.84,-7.0,0,,,0,,,N/D
LIH,6,9,-4.22,-6.78,1,38.0,37.0,1,77.0,69.0,DELAY_LATE_AIRCRAFT
LIH,7,11,-3.45,-7.18,1,27.0,22.0,1,82.0,75.0,DELAY_LATE_AIRCRAFT
LIH,8,11,-2.64,-7.36,1,18.0,9.0,0,,,N/D
LIH,9,16,-5.0,-1.94,0,,,0,,,DELAY_CARRIER
LIH,10,17,-3.65,-8.65,0,,,0,,,DELAY_WEATHER
LIH,11,12,-3.08,-4.25,0,,,0,,,N/D
LIH,12,4,0.25,-4.25,0,,,1,98.0,57.0,DELAY_CARRIER|DELAY_LATE_AIRCRAFT
LIT,1,6,-4.67,-1.0,3,37.33,35.67,1,171.0,168.0,DELAY_LATE_AIRCRAFT
LIT,2,9,-5.33,-18.44,1,50.0,45.0,0,,,DELAY_LATE_AIRCRAFT
LIT,3,5,-1.8,0.2,0,,,2,87.5,71.5,DELAY_LATE_AIRCRAFT|CANC_WEATHER|DELAY_NAS
LIT,4,12,-5.58,-14.0,0,,,1,148.0,144.0,DELAY_WEATHER
LIT,5,4,-3.0,-2.0,3,24.67,22.0,1,167.0,158.0,DELAY_LATE_AIRCRAFT
LIT,6,13,-3.31,-10.31,3,17.0,24.33,1,111.0,114.0,DELAY_LATE_AIRCRAFT|DELAY_NAS
LIT,7,10,-2.8,-6.2,2,30.5,37.0,0,,,DELAY_LATE_AIRCRAFT|DELAY_NAS
LIT,8,15,-2.0,-7.67,1,36.0,19.0,0,,,DELAY_LATE_AIRCRAFT|DELAY_NAS
LIT,9,5,-4.8,-16.8,1,16.0,2.0,2,103.0,102.0,DELAY_LATE_AIRCRAFT
LIT,10,13,-4.46,-9.62,2,29.0,17.5,1,124.0,130.0,DELAY_CARRIER|DELAY_LATE_AIRCRAFT|DELAY_NAS
LIT,11,6,-4.5,-8.0,1,45.0,44.0,0,,,DELAY_LATE_AIRCRAFT
LIT,12,11,-0.27,1.82,1,49.0,35.0,1,109.0,89.0,DELAY_NAS|DELAY_LATE_AIRCRAFT|DELAY_WEATHER
LNK,2,1,-10.0,-24.0,0,,,0,,,N/D
LNK,3,1,-9.0,-21.0,0,,,0,,,N/D
LNK,6,5,-2.6,-14.0,0,,,0,,,N/D
LNK,7,2,-9.0,-16.5,0,,,0,,,N/D
LNK,8,1,-5.0,-1.0,0,,,0,,,N/D
LNK,10,1,-10.0,-26.0,0,,,0,,,N/D
LNK,11,4,-9.25,-1.75,0,,,0,,,DELAY_CARRIER
LNK,12,1,-5.0,-6.0,0,,,0,,,N/D
LRD,1,1,-12.0,-21.0,1,16.0,3.0,0,,,N/D
LRD,2,1,-3.0,-9.0,0,,,0,,,N/D
LRD,3,1,-3.0,5.0,0,,,0,,,N/D
LRD,4,2,-12.0,-11.0,0,,,1,74.0,72.0,DELAY_LATE_AIRCRAFT
LRD,5,3,4.33,-2.33,1,33.0,44.0,1,223.0,214.0,DELAY_LATE_AIRCRAFT|DELAY_NAS
LRD,6,1,-4.0,-19.0,1,26.0,15.0,0,,,DELAY_LATE_AIRCRAFT
LRD,8,2,-6.5,4.5,1,26.0,33.0,0,,,DELAY_LATE_AIRCRAFT|DELAY_NAS
LRD,10,2,-10.5,-18.0,0,,,0,,,N/D
LRD,12,4,-6.75,-10.75,0,,,0,,,N/D
LSE,8,0,,,1,17.0,11.0,0,,,N/D
LSE,9,1,-13.0,-9.0,0,,,0,,,N/D
LWS,1,1,0.0,-4.0,0,,,0,,,N/D
LWS,3,2,-7.5,-19.0,0,,,0,,,N/D
LWS,5,2,-5.0,-0.5,0,,,0,,,N/D
LWS,7,2,0.0,-6.5,0,,,0,,,N/D
LWS,8,2,-5.5,-23.0,0,,,0,,,N/D
LWS,9,3,-3.33,-0.67,0,,,0,,,N/D
LWS,10,0,,,0,,,1,335.0,320.0,DELAY_CARRIER
LWS,11,1,3.0,4.0,0,,,0,,,N/D
LWS,12,1,-3.0,-16.0,0,,,0,,,N/D
MAF,1,10,-1.7,-5.5,0,,,1,110.0,143.0,DELAY_LATE_AIRCRAFT
MAF,2,5,-5.4,-5.8,0,,,0,,,N/D
MAF,3,5,-5.2,-6.4,0,,,0,,,N/D
MAF,4,11,-6.36,-13.64,0,,,1,301.0,393.0,DELAY_NAS
MAF,5,7,-4.0,-11.86,2,32.5,27.5,4,172.75,164.75,DELAY_LATE_AIRCRAFT|DELAY_CARRIER|CANC_WEATHER
MAF,6,5,0.0,-4.0,1,44.0,24.0,2,71.0,71.5,DELAY_CARRIER|DELAY_LATE_AIRCRAFT
MAF,7,4,1.25,-1.0,0,,,1,156.0,146.0,DELAY_CARRIER|DELAY_LATE_AIRCRAFT
MAF,8,8,-2.88,-7.25,1,30.0,26.0,1,125.0,125.0,DELAY_CARRIER|DELAY_WEATHER
MAF,9,7,-6.86,-6.0,0,,,0,,,N/D
MAF,10,4,-6.0,-11.25,0,,,0,,,N/D
MAF,11,7,-5.29,-6.57,0,,,0,,,N/D
MAF,12,4,-4.5,-9.25,1,51.0,32.0,0,,,DELAY_CARRIER
MBS,1,1,7.0,-4.0,0,,,0,,,N/D
MBS,2,2,-3.0,-21.0,0,,,0,,,N/D
MBS,3,3,-5.33,-11.33,0,,,0,,,N/D
MBS,4,2,-7.0,-17.0,0,,,0,,,N/D
MBS,5,0,,,1,37.0,24.0,0,,,CANC_WEATHER|DELAY_LATE_AIRCRAFT
MBS,6,3,-2.67,-9.0,0,,,0,,,N/D
MBS,7,1,-7.0,-18.0,0,,,0,,,N/D
MBS,8,3,-5.67,-6.33,1,51.0,57.0,2,101.0,106.0,DELAY_CARRIER
MBS,9,4,-9.5,-15.5,1,50.0,42.0,0,,,DELAY_LATE_AIRCRAFT
MBS,10,0,,,0,,,1,574.0,549.0,DELAY_CARRIER
MBS,11,1,5.0,0.0,0,,,1,165.0,148.0,DELAY_CARRIER
MBS,12,0,,,1,22.0,40.0,1,137.0,149.0,DELAY_CARRIER|DELAY_WEATHER
MCI,1,22,-1.86,-3.68,7,33.86,33.0,2,155.5,166.5,DELAY_NAS|DELAY_CARRIER|DELAY_LATE_AIRCRAFT
MCI,2,36,-2.92,-9.81,2,20.0,8.0,1,769.0,763.0,DELAY_NAS|DELAY_CARRIER
MCI,3,39,-3.05,-9.41,5,27.6,21.2,0,,,DELAY_LATE_AIRCRAFT|DELAY_NAS
MCI,4,24,-2.12,-8.62,4,33.0,23.75,0,,,DELAY_CARRIER|DELAY_LATE_AIRCRAFT|DELAY_NAS
MCI,5,40,-2.98,-5.22,4,24.5,17.0,7,141.57,140.0,DELAY_LATE_AIRCRAFT|DELAY_CARRIER|DELAY_NAS
MCI,6,36,-2.25,-6.81,8,28.5,23.12,3,171.67,162.67,DELAY_CARRIER|DELAY_LATE_AIRCRAFT|DELAY_NAS
MCI,7,34,-1.91,-3.47,6,28.83,27.33,5,109.8,105.0,DELAY_LATE_AIRCRAFT|DELAY_NAS|CANC_CARRIER
MCI,8,34,-2.68,-8.62,6,23.83,32.0,2,134.5,136.0,DELAY_LATE_AIRCRAFT|DELAY_NAS|CANC_CARRIER
MCI,9,30,-4.1,-12.17,4,36.0,32.5,2,85.0,69.0,DELAY_LATE_AIRCRAFT|DELAY_NAS
MCI,10,36,-4.31,-10.94,2,26.0,14.5,1,309.0,316.0,DELAY_CARRIER|DELAY_LATE_AIRCRAFT
MCI,11,38,-2.21,-9.61,1,36.0,26.0,6,140.33,135.33,DELAY_CARRIER|DELAY_LATE_AIRCRAFT
MCI,12,37,-1.65,-10.08,4,24.5,16.75,2,139.0,121.0,DELAY_NAS|DELAY_CARRIER|DELAY_LATE_AIRCRAFT
MCO,1,100,-1.11,-8.86,30,28.83,25.07,8,151.38,149.25,DELAY_LATE_AIRCRAFT|DELAY_CARRIER|DELAY_NAS
MCO,2,118,-2.56,-6.6,25,25.32,22.72,7,108.29,86.86,DELAY_CARRIER|DELAY_LATE_AIRCRAFT|DELAY_NAS
MCO,3,110,-1.47,-6.22,36,29.61,25.61,24,184.38,183.92,DELAY_LATE_AIRCRAFT|DELAY_NAS|DELAY_CARRIER
MCO,4,125,-3.25,-8.22,17,32.0,23.76,8,139.75,136.62,DELAY_LATE_AIRCRAFT|DELAY_NAS|DELAY_CARRIER
MCO,5,104,-1.32,-5.54,20,30.05,30.45,14,168.29,157.57,DELAY_LATE_AIRCRAFT|DELAY_NAS|DELAY_CARRIER
MCO,6,88,-1.12,-9.51,26,33.35,28.46,22,116.5,107.05,DELAY_LATE_AIRCRAFT|DELAY_CARRIER|DELAY_NAS
MCO,7,76,-1.36,-7.74,31,31.19,28.61,25,125.2,114.28,DELAY_LATE_AIRCRAFT|DELAY_NAS|DELAY_CARRIER
MCO,8,79,-1.72,-5.09,30,33.83,31.93,17,108.71,103.88,DELAY_LATE_AIRCRAFT|DELAY_NAS|DELAY_CARRIER
MCO,9,94,-2.8,-8.12,11,34.09,32.36,7,87.43,81.43,DELAY_NAS|DELAY_CARRIER|DELAY_LATE_AIRCRAFT
MCO,10,89,-3.97,-10.66,17,32.29,23.65,2,82.0,75.0,CANC_WEATHER|DELAY_CARRIER|DELAY_LATE_AIRCRAFT
MCO,11,109,-3.37,-10.1,13,31.08,20.46,5,123.4,112.2,DELAY_LATE_AIRCRAFT|DELAY_NAS|DELAY_CARRIER
MCO,12,125,-2.82,-9.68,22,32.73,23.27,10,146.0,139.9,DELAY_CARRIER|DELAY_LATE_AIRCRAFT|DELAY_NAS
MCW,2,1,-10.0,-14.0,0,,,0,,,N/D
MCW,3,2,-10.5,-24.0,0,,,0,,,N/D
MCW,4,1,-12.0,-20.0,0,,,0,,,N/D
MCW,6,1,-10.0,-11.0,0,,,0,,,N/D
MCW,7,1,-10.0,-14.0,0,,,0,,,N/D
MCW,11,1,-7.0,-12.0,0,,,0,,,N/D
MCW,12,0,,,1,33.0,34.0,0,,,DELAY_LATE_AIRCRAFT
MDT,1,2,-4.5,-17.5,1,33.0,26.0,1,283.0,277.0,DELAY_LATE_AIRCRAFT|DELAY_WEATHER
MDT,2,3,-3.67,-11.0,0,,,0,,,N/D
MDT,3,4,1.25,-12.25,0,,,0,,,N/D
MDT,4,4,-3.25,-7.0,2,20.5,12.0,1,70.0,75.0,DELAY_CARRIER|DELAY_LATE_AIRCRAFT|DELAY_NAS
MDT,5,2,-8.5,-8.5,1,16.0,23.0,0,,,DELAY_LATE_AIRCRAFT
MDT,6,4,-14.5,-17.5,1,25.0,7.0,1,930.0,925.0,DELAY_LATE_AIRCRAFT
MDT,7,4,3.5,-1.25,1,35.0,38.0,0,,,DELAY_CARRIER
MDT,8,3,0.67,17.0,1,34.0,32.0,0,,,DELAY_NAS
MDT,9,3,-0.67,-3.67,0,,,0,,,N/D
MDT,10,7,-4.86,-12.71,2,25.0,9.5,0,,,CANC_WEATHER
MDT,11,4,-2.25,-12.5,0,,,0,,,N/D
MDT,12,5,-2.2,-24.0,0,,,0,,,N/D
MDW,1,42,-1.1,-8.45,12,33.5,34.5,3,195.0,197.67,DELAY_LATE_AIRCRAFT|DELAY_CARRIER|CANC_WEATHER
MDW,2,47,-1.26,-11.36,6,23.83,9.17,2,122.0,116.5,DELAY_CARRIER|DELAY_LATE_AIRCRAFT
MDW,3,47,-1.66,-10.36,16,30.06,24.69,7,99.71,96.43,DELAY_LATE_AIRCRAFT|DELAY_CARRIER|DELAY_NAS
MDW,4,57,0.16,-6.72,14,31.21,23.86,7,105.71,97.86,DELAY_CARRIER|DELAY_LATE_AIRCRAFT|DELAY_NAS
MDW,5,46,-0.24,-8.28,19,32.37,26.79,12,97.67,95.17,DELAY_LATE_AIRCRAFT|DELAY_CARRIER|CANC_WEATHER
MDW,6,58,0.41,-5.84,28,30.0,26.43,10,179.0,180.2,DELAY_LATE_AIRCRAFT|DELAY_CARRIER|DELAY_NAS
MDW,7,44,1.36,-5.64,26,27.42,21.04,10,122.4,122.4,DELAY_LATE_AIRCRAFT|DELAY_CARRIER|DELAY_NAS
MDW,8,57,-1.0,-7.47,12,30.25,28.08,7,107.71,95.0,DELAY_LATE_AIRCRAFT|DELAY_CARRIER|DELAY_NAS
MDW,9,60,-1.98,-10.28,14,26.36,23.21,0,,,DELAY_CARRIER|DELAY_LATE_AIRCRAFT|DELAY_NAS
MDW,10,62,-0.9,-11.35,9,34.44,28.33,3,110.33,92.67,DELAY_CARRIER|DELAY_LATE_AIRCRAFT|CANC_WEATHER
MDW,11,57,-2.0,-9.77,7,31.71,21.71,2,112.0,100.0,DELAY_LATE_AIRCRAFT|DELAY_CARRIER|CANC_CARRIER
MDW,12,47,-0.77,-10.87,9,30.22,21.11,3,89.33,76.0,DELAY_CARRIER|DELAY_LATE_AIRCRAFT|DELAY_NAS
MEI,6,2,-8.0,-3.5,0,,,0,,,N/D
MEI,7,2,-6.0,-14.5,0,,,0,,,N/D
MEI,11,1,-7.0,18.0,0,,,0,,,DELAY_CARRIER
MEI,12,2,-8.0,-4.0,0,,,0,,,N/D
MEM,1,10,-4.4,-10.6,0,,,2,107.0,105.5,DELAY_NAS|DELAY_CARRIER
MEM,2,14,-6.21,-10.79,0,,,0,,,N/D
MEM,3,11,-6.09,-10.0,2,33.0,34.0,0,,,DELAY_WEATHER
MEM,4,12,-7.25,-10.67,2,37.0,33.5,2,83.5,79.0,DELAY_CARRIER|DELAY_LATE_AIRCRAFT|DELAY_NAS
MEM,5,16,-4.12,-12.62,3,32.67,35.33,1,141.0,162.0,DELAY_LATE_AIRCRAFT|DELAY_CARRIER|DELAY_WEATHER
MEM,6,13,-5.46,-14.38,1,15.0,1.0,0,,,N/D
MEM,7,17,-3.59,-3.24,3,32.0,16.0,3,216.0,219.0,DELAY_NAS|DELAY_LATE_AIRCRAFT|CANC_NAS
MEM,8,15,-4.13,-7.8,5,42.4,40.8,1,86.0,73.0,DELAY_LATE_AIRCRAFT|DELAY_NAS
MEM,9,19,-5.89,-15.42,3,21.67,14.33,1,120.0,91.0,DELAY_LATE_AIRCRAFT
MEM,10,19,-3.79,-12.58,2,19.5,18.0,3,218.0,208.33,DELAY_LATE_AIRCRAFT|DELAY_CARRIER|DELAY_NAS
MEM,11,12,-2.0,-12.92,2,29.0,18.0,1,131.0,112.0,DELAY_CARRIER
MEM,12,22,-1.59,-6.55,2,34.5,24.0,1,68.0,59.0,DELAY_LATE_AIRCRAFT
MFE,1,3,-6.67,-20.33,0,,,0,,,N/D
MFE,2,1,-9.0,-4.0,0,,,0,,,N/D
MFE,3,6,-1.5,-7.83,0,,,1,77.0,69.0,DELAY_LATE_AIRCRAFT
MFE,4,1,-1.0,-12.0,1,28.0,66.0,0,,,DELAY_NAS
MFE,5,3,-2.67,-3.33,0,,,1,278.0,258.0,DELAY_LATE_AIRCRAFT
MFE,6,1,-5.0,-1.0,1,19.0,-6.0,0,,,N/D
MFE,7,6,3.83,3.83,0,,,1,155.0,164.0,DELAY_LATE_AIRCRAFT|DELAY_NAS
MFE,8,5,-7.8,-14.0,1,16.0,44.0,1,113.0,116.0,DELAY_CARRIER|DELAY_NAS
MFE,9,11,-5.64,-10.09,0,,,0,,,N/D
MFE,10,7,-6.71,-11.29,0,,,0,,,N/D
MFE,11,3,-4.67,-9.67,0,,,1,185.0,176.0,DELAY_LATE_AIRCRAFT
MFE,12,5,-5.8,-7.6,0,,,0,,,CANC_CARRIER|DELAY_NAS
MFR,1,3,-6.67,-22.33,0,,,0,,,N/D
MFR,2,4,-7.0,-12.25,0,,,0,,,N/D
MFR,3,2,-4.5,-20.0,1,23.0,-2.0,0,,,N/D
MFR,4,4,-5.75,-13.75,0,,,0,,,N/D
MFR,5,3,-7.0,-13.0,0,,,1,88.0,82.0,DELAY_LATE_AIRCRAFT
MFR,6,2,-6.5,-7.0,2,26.0,32.0,0,,,DELAY_NAS|DELAY_WEATHER
MFR,7,5,1.4,-3.4,0,,,0,,,N/D
MFR,8,3,-7.33,-8.67,0,,,0,,,N/D
MFR,9,4,-4.0,-10.0,0,,,0,,,N/D
MFR,10,3,-4.33,-12.33,0,,,0,,,N/D
MFR,11,4,-0.25,-3.5,0,,,0,,,N/D
MFR,12,2,-8.0,-27.0,0,,,0,,,N/D
MGM,1,1,14.0,17.0,1,17.0,-4.0,1,63.0,49.0,DELAY_CARRIER|DELAY_LATE_AIRCRAFT
MGM,3,4,-2.5,-6.5,0,,,0,,,N/D
MGM,4,3,-7.33,-8.67,0,,,0,,,N/D
MGM,5,2,-4.0,-12.0,0,,,0,,,N/D
MGM,6,2,-3.0,-13.5,0,,,0,,,N/D
MGM,7,0,,,0,,,1,124.0,126.0,DELAY_WEATHER
MGM,8,1,-6.0,-8.0,0,,,0,,,N/D
MGM,9,0,,,0,,,0,,,CANC_WEATHER
MGM,10,3,-8.67,-21.0,0,,,1,63.0,50.0,DELAY_LATE_AIRCRAFT
MGM,11,3,-0.33,-5.67,1,28.0,11.0,0,,,N/D
MGM,12,3,-1.0,-11.33,1,29.0,68.0,0,,,DELAY_NAS
MGW,12,1,-5.0,-9.0,0,,,0,,,N/D
MHK,1,1,-1.0,-22.0,0,,,0,,,N/D
MHK,2,1,-17.0,-20.0,0,,,0,,,N/D
MHK,7,0,,,1,58.0,62.0,0,,,DELAY_LATE_AIRCRAFT
MHK,8,0,,,0,,,1,86.0,74.0,DELAY_CARRIER
MHK,9,1,-4.0,-23.0,0,,,0,,,N/D
MHT,1,2,-4.0,5.5,0,,,0,,,N/D
MHT,2,2,-4.5,-16.0,0,,,0,,,N/D
MHT,3,3,1.33,-8.0,1,36.0,30.0,0,,,DELAY_NAS
MHT,4,3,-9.33,-6.67,0,,,1,157.0,192.0,DELAY_CARRIER
MHT,5,4,-5.25,-4.25,3,27.33,22.0,3,224.0,229.67,DELAY_LATE_AIRCRAFT
MHT,6,4,-4.0,-14.75,1,39.0,53.0,1,78.0,73.0,DELAY_LATE_AIRCRAFT|DELAY_NAS
MHT,7,4,-3.0,-4.5,5,24.0,24.0,0,,,DELAY_CARRIER|DELAY_LATE_AIRCRAFT|DELAY_NAS
MHT,8,7,-4.29,-15.43,0,,,1,73.0,67.0,DELAY_NAS|CANC_WEATHER
MHT,9,4,-4.75,-18.25,0,,,0,,,N/D
MHT,10,2,-2.0,-24.0,0,,,1,62.0,42.0,DELAY_LATE_AIRCRAFT
MHT,11,5,-4.4,-21.4,0,,,0,,,N/D
MHT,12,3,-2.67,-5.33,0,,,0,,,DELAY_CARRIER
MIA,1,73,-0.55,-8.25,17,33.0,30.41,7,117.71,114.43,DELAY_LATE_AIRCRAFT|DELAY_CARRIER|DELAY_NAS
MIA,2,76,-1.07,-0.49,18,29.44,24.61,6,100.5,97.5,DELAY_NAS|DELAY_LATE_AIRCRAFT|DELAY_CARRIER
MIA,3,74,-1.57,-5.39,21,31.62,31.86,12,88.08,83.58,DELAY_LATE_AIRCRAFT|DELAY_NAS|DELAY_CARRIER
MIA,4,62,-3.18,-10.02,14,30.0,20.21,8,178.62,163.38,DELAY_LATE_AIRCRAFT|DELAY_CARRIER|DELAY_NAS
MIA,5,71,-0.07,-3.59,26,33.81,29.77,13,126.38,123.0,DELAY_LATE_AIRCRAFT|DELAY_CARRIER|DELAY_NAS
MIA,6,44,-1.32,-4.86,23,33.91,33.48,12,121.17,118.75,DELAY_LATE_AIRCRAFT|DELAY_NAS|DELAY_WEATHER
MIA,7,56,-1.5,-3.86,22,31.73,29.77,14,100.36,99.43,DELAY_LATE_AIRCRAFT|DELAY_CARRIER|DELAY_NAS
MIA,8,53,-2.45,-9.09,17,33.06,27.24,17,169.88,170.29,DELAY_LATE_AIRCRAFT|DELAY_CARRIER|DELAY_WEATHER
MIA,9,65,-4.06,-13.12,10,36.7,34.9,9,150.0,158.67,DELAY_CARRIER|DELAY_LATE_AIRCRAFT|DELAY_WEATHER
MIA,10,73,-4.14,-10.93,8,31.12,23.25,5,89.2,80.8,DELAY_CARRIER|DELAY_LATE_AIRCRAFT|CANC_WEATHER
MIA,11,71,-2.48,-10.99,18,34.06,29.67,2,63.5,50.5,DELAY_LATE_AIRCRAFT|DELAY_CARRIER|DELAY_NAS
MIA,12,79,0.1,-7.05,18,30.5,25.83,7,194.0,184.86,DELAY_LATE_AIRCRAFT|DELAY_CARRIER|DELAY_NAS
MKE,1,19,-4.84,-7.37,2,31.5,24.5,1,133.0,147.0,DELAY_CARRIER|CANC_WEATHER|DELAY_NAS
MKE,2,18,-6.56,-14.56,1,60.0,106.0,0,,,DELAY_CARRIER
MKE,3,22,-4.91,-9.64,0,,,3,158.67,164.33,DELAY_NAS|DELAY_CARRIER|DELAY_LATE_AIRCRAFT
MKE,4,18,-7.11,-13.83,1,30.0,35.0,1,169.0,148.0,DELAY_LATE_AIRCRAFT|DELAY_CARRIER
MKE,5,28,-3.07,-10.21,2,34.0,27.0,1,74.0,62.0,DELAY_LATE_AIRCRAFT|DELAY_WEATHER
MKE,6,22,-4.27,-8.36,4,22.75,19.25,1,175.0,159.0,DELAY_CARRIER|DELAY_NAS|DELAY_LATE_AIRCRAFT
MKE,7,24,-4.0,-12.46,4,38.5,28.5,1,146.0,133.0,DELAY_NAS|CANC_WEATHER|DELAY_LATE_AIRCRAFT
MKE,8,16,-2.0,-10.62,1,19.0,3.0,1,167.0,156.0,CANC_CARRIER|CANC_NAS|DELAY_LATE_AIRCRAFT
MKE,9,25,-2.8,-6.36,2,37.5,36.0,1,127.0,137.0,DELAY_NAS|DELAY_CARRIER
MKE,10,24,-4.0,-11.29,6,23.0,20.5,0,,,DELAY_CARRIER|DELAY_NAS
MKE,11,14,-6.21,-10.36,0,,,2,123.5,106.5,DELAY_LATE_AIRCRAFT
MKE,12,13,-3.77,-9.62,3,30.0,24.33,1,262.0,302.0,DELAY_LATE_AIRCRAFT|DELAY_CARRIER|DELAY_WEATHER
MLB,1,3,-11.0,-27.0,0,,,0,,,N/D
MLB,2,1,-14.0,-25.0,0,,,0,,,N/D
MLB,3,2,1.0,6.5,0,,,0,,,CANC_NAS
MLB,4,1,-15.0,-12.0,0,,,0,,,N/D
MLB,6,3,-1.0,-2.0,0,,,0,,,N/D
MLB,7,1,6.0,47.0,0,,,0,,,CANC_CARRIER|DELAY_NAS
MLB,8,5,-8.0,-14.4,0,,,0,,,CANC_WEATHER
MLB,9,4,-3.75,-10.5,1,17.0,42.0,0,,,DELAY_NAS
MLB,10,1,-9.0,7.0,0,,,0,,,N/D
MLB,11,3,-7.0,-15.33,0,,,0,,,N/D
MLB,12,4,-7.75,-5.25,0,,,0,,,DELAY_NAS
MLI,1,0,,,0,,,0,,,CANC_WEATHER
MLI,2,2,-1.5,1.5,0,,,0,,,DELAY_NAS
MLI,3,2,-1.5,-9.5,0,,,0,,,N/D
MLI,4,1,-2.0,-26.0,1,44.0,84.0,0,,,DELAY_LATE_AIRCRAFT
MLI,5,1,11.0,36.0,2,32.0,46.0,0,,,DELAY_LATE_AIRCRAFT|DELAY_NAS
MLI,6,2,-4.0,0.0,0,,,0,,,N/D
MLI,7,4,-7.25,-7.25,1,16.0,13.0,0,,,N/D
MLI,8,0,,,0,,,2,104.5,91.5,DELAY_CARRIER|DELAY_LATE_AIRCRAFT
MLI,9,4,-6.75,-13.25,0,,,0,,,N/D
MLI,10,4,-8.0,-9.75,2,31.5,22.5,0,,,DELAY_LATE_AIRCRAFT
MLI,11,2,-3.5,-15.5,0,,,1,97.0,137.0,DELAY_CARRIER
MLI,12,3,-7.0,1.67,1,40.0,22.0,0,,,DELAY_CARRIER|DELAY_LATE_AIRCRAFT
MLU,1,1,-10.0,-16.0,1,43.0,35.0,1,92.0,76.0,DELAY_LATE_AIRCRAFT
MLU,2,1,-4.0,3.0,0,,,0,,,N/D
MLU,4,2,-4.0,-5.0,1,18.0,16.0,0,,,DELAY_LATE_AIRCRAFT
MLU,6,1,-5.0,-11.0,1,29.0,9.0,0,,,N/D
MLU,7,3,-6.0,-5.33,0,,,0,,,N/D
MLU,8,1,-8.0,-10.0,0,,,0,,,N/D
MLU,9,0,,,0,,,1,122.0,133.0,DELAY_CARRIER
MLU,10,2,-5.5,-22.0,0,,,0,,,N/D
MLU,11,3,-3.33,-10.0,0,,,0,,,N/D
MLU,12,2,-11.0,-22.0,0,,,0,,,N/D
MOB,1,0,,,0,,,1,113.0,138.0,DELAY_LATE_AIRCRAFT
MOB,3,2,-3.0,-0.5,0,,,0,,,DELAY_CARRIER
MOB,4,2,-9.5,-15.5,0,,,0,,,N/D
MOB,5,2,-4.0,-16.0,0,,,0,,,N/D
MOB,6,3,-1.67,-7.0,1,53.0,63.0,0,,,DELAY_LATE_AIRCRAFT
MOB,7,0,,,0,,,1,71.0,54.0,DELAY_CARRIER
MOB,8,2,-5.0,-15.0,0,,,0,,,N/D
MOB,9,2,-4.5,-6.5,0,,,0,,,N/D
MOB,10,1,-2.0,4.0,0,,,0,,,N/D
MOB,11,1,-5.0,-20.0,0,,,1,69.0,96.0,DELAY_LATE_AIRCRAFT
MOT,1,1,-5.0,-25.0,1,16.0,11.0,1,321.0,293.0,DELAY_LATE_AIRCRAFT
MOT,2,2,-2.5,-20.5,0,,,0,,,N/D
MOT,3,3,-1.67,-12.33,1,17.0,15.0,0,,,DELAY_CARRIER
MOT,4,0,,,1,23.0,10.0,0,,,N/D
MOT,5,1,0.0,-16.0,0,,,0,,,N/D
MOT,6,1,-2.0,15.0,0,,,2,74.0,68.0,DELAY_CARRIER
MOT,7,2,9.0,3.0,1,59.0,49.0,0,,,DELAY_CARRIER
MOT,8,0,,,0,,,1,141.0,174.0,DELAY_LATE_AIRCRAFT
MOT,9,1,-7.0,-22.0,0,,,2,322.0,311.0,DELAY_CARRIER|DELAY_WEATHER
MOT,10,1,-14.0,-41.0,0,,,0,,,N/D
MOT,11,2,0.0,-2.0,0,,,0,,,CANC_WEATHER
MOT,12,5,-2.4,-17.0,0,,,0,,,N/D
MQT,3,1,-5.0,-10.0,0,,,0,,,N/D
MQT,5,1,-9.0,-17.0,1,38.0,38.0,0,,,DELAY_WEATHER
MQT,6,0,,,1,15.0,117.0,0,,,DELAY_NAS
MQT,7,1,-5.0,7.0,0,,,0,,,N/D
MQT,9,1,6.0,4.0,0,,,0,,,N/D
MQT,10,2,-10.5,-21.0,0,,,0,,,N/D
MRY,1,1,-4.0,-11.0,0,,,0,,,N/D
MRY,2,2,-11.0,-14.0,0,,,0,,,N/D
MRY,3,4,-7.5,-6.25,0,,,0,,,N/D
MRY,4,4,-0.75,-0.75,0,,,0,,,N/D
MRY,5,5,-6.2,-13.6,0,,,1,177.0,180.0,DELAY_LATE_AIRCRAFT
MRY,6,5,-5.0,-3.4,0,,,0,,,N/D
MRY,7,1,-3.0,-6.0,0,,,0,,,N/D
MRY,8,3,-3.67,-9.0,0,,,0,,,N/D
MRY,9,4,-8.5,-15.75,0,,,1,69.0,85.0,DELAY_LATE_AIRCRAFT
MRY,10,3,-9.33,-20.0,3,34.33,30.67,0,,,DELAY_CARRIER|DELAY_LATE_AIRCRAFT|DELAY_WEATHER
MRY,11,6,-5.33,-15.33,0,,,0,,,N/D
MRY,12,6,-10.0,-3.67,0,,,2,187.0,165.0,DELAY_CARRIER|DELAY_LATE_AIRCRAFT
MSN,1,6,-4.5,-11.33,0,,,1,86.0,107.0,CANC_CARRIER|DELAY_WEATHER
MSN,2,9,-4.44,-11.22,0,,,1,123.0,118.0,DELAY_NAS
MSN,3,9,-6.78,-14.33,3,27.0,10.67,0,,,DELAY_CARRIER
MSN,4,7,-8.29,-8.57,0,,,1,90.0,115.0,DELAY_CARRIER|DELAY_LATE_AIRCRAFT
MSN,5,7,-4.43,-13.14,1,23.0,33.0,0,,,DELAY_LATE_AIRCRAFT
MSN,6,3,-4.0,-3.67,0,,,0,,,N/D
MSN,7,12,-2.5,-3.17,0,,,0,,,DELAY_NAS
MSN,8,9,-3.44,0.44,2,48.5,47.5,3,340.33,342.33,DELAY_LATE_AIRCRAFT|DELAY_CARRIER|CANC_NAS
MSN,9,5,-10.2,-19.2,2,18.0,6.0,0,,,N/D
MSN,10,8,-8.38,-15.62,0,,,0,,,N/D
MSN,11,11,-7.36,-10.82,1,23.0,8.0,0,,,N/D
MSN,12,4,-1.5,-1.75,0,,,0,,,N/D
MSO,1,1,12.0,20.0,0,,,0,,,DELAY_CARRIER
MSO,3,4,-8.5,-7.25,0,,,0,,,N/D
MSO,4,1,-10.0,-15.0,0,,,0,,,N/D
MSO,5,2,-6.5,-14.5,0,,,0,,,N/D
MSO,6,2,-3.5,-1.0,2,41.0,19.0,0,,,DELAY_CARRIER
MSO,7,5,0.6,-7.0,1,45.0,40.0,2,158.5,153.0,DELAY_LATE_AIRCRAFT
MSO,8,5,-5.6,-13.2,0,,,1,76.0,70.0,DELAY_CARRIER
MSO,9,5,-1.2,-4.2,0,,,0,,,N/D
MSO,10,4,-0.75,-7.25,0,,,0,,,N/D
MSO,11,4,-3.5,-15.25,0,,,1,69.0,65.0,DELAY_CARRIER
MSO,12,4,-4.75,-8.75,0,,,0,,,DELAY_NAS
MSP,1,75,-2.4,-8.61,7,33.14,55.29,7,110.71,103.0,DELAY_CARRIER|DELAY_NAS|DELAY_WEATHER
MSP,2,72,-3.11,-16.15,5,35.8,20.6,3,131.67,126.0,DELAY_CARRIER|DELAY_NAS|CANC_WEATHER
MSP,3,81,-3.78,-8.63,13,33.85,34.92,6,152.83,142.0,DELAY_CARRIER|DELAY_NAS|DELAY_LATE_AIRCRAFT
MSP,4,112,-3.21,-9.93,6,28.67,25.17,5,108.8,95.8,DELAY_CARRIER|DELAY_LATE_AIRCRAFT|CANC_WEATHER
MSP,5,96,-2.67,-7.28,17,29.71,29.24,6,88.83,89.0,DELAY_NAS|DELAY_LATE_AIRCRAFT|DELAY_CARRIER
MSP,6,81,-1.85,-5.31,11,32.91,28.55,6,88.33,96.83,DELAY_CARRIER|DELAY_NAS|DELAY_LATE_AIRCRAFT
MSP,7,66,-1.65,-4.95,24,32.67,27.12,12,132.5,129.58,DELAY_CARRIER|DELAY_LATE_AIRCRAFT|DELAY_NAS
MSP,8,82,-2.12,-7.46,12,24.25,23.25,5,115.8,124.6,DELAY_NAS|DELAY_CARRIER|DELAY_LATE_AIRCRAFT
MSP,9,90,-3.53,-9.5,7,32.0,23.29,0,,,DELAY_NAS|DELAY_LATE_AIRCRAFT|DELAY_WEATHER
MSP,10,76,-4.43,-13.71,16,32.88,23.94,4,90.5,86.25,DELAY_CARRIER|DELAY_LATE_AIRCRAFT|DELAY_NAS
MSP,11,95,-3.85,-9.08,8,34.0,27.75,6,112.0,96.0,DELAY_CARRIER|DELAY_NAS|DELAY_LATE_AIRCRAFT
MSP,12,87,-1.86,-9.92,14,30.0,20.43,7,170.57,171.86,DELAY_CARRIER|DELAY_LATE_AIRCRAFT|DELAY_NAS
MSY,1,45,-2.02,-2.8,6,29.67,18.33,7,114.43,105.43,DELAY_LATE_AIRCRAFT|DELAY_NAS|DELAY_CARRIER
MSY,2,35,-3.03,-5.69,2,34.0,30.0,2,153.5,152.0,DELAY_NAS|DELAY_LATE_AIRCRAFT|DELAY_CARRIER
MSY,3,34,-3.09,-9.06,3,25.0,13.0,0,,,DELAY_LATE_AIRCRAFT
MSY,4,36,-2.64,-8.92,4,32.0,19.75,5,89.6,85.4,DELAY_LATE_AIRCRAFT|DELAY_CARRIER
MSY,5,26,-0.46,-7.35,12,26.58,28.58,2,175.0,151.0,DELAY_NAS|DELAY_LATE_AIRCRAFT|DELAY_CARRIER
MSY,6,33,0.85,-1.58,7,31.0,33.57,2,84.5,117.5,DELAY_NAS|DELAY_CARRIER|DELAY_LATE_AIRCRAFT
MSY,7,28,-1.71,-6.32,3,23.67,18.67,7,172.71,168.14,DELAY_CARRIER|DELAY_LATE_AIRCRAFT|DELAY_WEATHER
MSY,8,41,-2.93,-10.46,4,32.0,17.0,4,149.25,138.5,DELAY_LATE_AIRCRAFT|DELAY_NAS
MSY,9,26,-1.92,-10.15,5,39.0,33.8,2,87.5,102.5,DELAY_LATE_AIRCRAFT|CANC_WEATHER|DELAY_CARRIER
MSY,10,42,-0.52,-8.02,4,21.5,15.25,1,63.0,52.0,DELAY_NAS|CANC_WEATHER|DELAY_CARRIER
MSY,11,46,-1.59,-9.78,4,43.0,44.5,4,88.75,89.0,DELAY_NAS|DELAY_CARRIER|DELAY_LATE_AIRCRAFT
MSY,12,29,-1.93,-6.31,6,32.0,26.0,2,91.0,84.5,DELAY_LATE_AIRCRAFT|DELAY_CARRIER|DELAY_NAS
MTJ,1,3,-1.33,-11.33,0,,,0,,,N/D
MTJ,2,1,-10.0,-9.0,4,33.25,16.25,0,,,DELAY_LATE_AIRCRAFT
MTJ,3,2,-10.0,-11.0,0,,,0,,,N/D
MTJ,4,4,-4.25,-4.75,0,,,0,,,N/D
MTJ,5,2,-11.5,-23.5,0,,,0,,,N/D
MTJ,6,1,-3.0,-2.0,1,16.0,9.0,0,,,N/D
MTJ,7,1,-6.0,-13.0,0,,,1,71.0,50.0,DELAY_CARRIER
MTJ,8,3,-8.67,-18.33,1,32.0,30.0,1,183.0,232.0,DELAY_LATE_AIRCRAFT|DELAY_NAS
MTJ,9,1,-4.0,-22.0,0,,,0,,,N/D
MTJ,10,2,-6.0,-9.5,0,,,0,,,N/D
MTJ,11,2,-3.5,-8.5,0,,,0,,,N/D
MTJ,12,5,-3.0,-12.6,0,,,0,,,DELAY_NAS
MVY,5,0,,,1,52.0,47.0,1,351.0,348.0,DELAY_LATE_AIRCRAFT|DELAY_SECURITY
MVY,6,2,3.0,14.5,0,,,0,,,CANC_WEATHER|DELAY_NAS
MVY,7,5,-5.4,-12.2,0,,,0,,,N/D
MVY,8,2,-12.5,-13.0,0,,,1,150.0,161.0,DELAY_LATE_AIRCRAFT
MVY,9,1,-12.0,2.0,0,,,0,,,N/D
MYR,1,12,-8.0,-14.42,0,,,0,,,N/D
MYR,2,6,-9.0,-13.67,1,17.0,1.0,3,146.0,128.33,DELAY_NAS|DELAY_LATE_AIRCRAFT
MYR,3,13,-4.38,-14.46,2,24.5,6.0,2,113.0,113.0,DELAY_LATE_AIRCRAFT|DELAY_NAS
MYR,4,12,-6.08,-13.83,3,45.33,33.0,0,,,DELAY_LATE_AIRCRAFT|DELAY_NAS
MYR,5,14,-6.57,-11.21,5,25.2,17.4,1,270.0,257.0,DELAY_LATE_AIRCRAFT|CANC_NAS|CANC_WEATHER
MYR,6,18,-5.28,-8.83,0,,,0,,,DELAY_NAS
MYR,7,14,-4.71,-10.0,3,27.33,19.67,2,79.0,74.5,DELAY_CARRIER|DELAY_NAS|CANC_CARRIER
MYR,8,11,-8.0,-12.91,0,,,1,103.0,82.0,CANC_WEATHER|DELAY_NAS
MYR,9,10,-1.8,-4.8,1,50.0,31.0,1,62.0,63.0,DELAY_LATE_AIRCRAFT|DELAY_NAS
MYR,10,14,-5.93,-9.07,0,,,1,107.0,106.0,DELAY_LATE_AIRCRAFT
MYR,11,7,-7.14,-14.57,5,28.8,26.4,1,61.0,46.0,DELAY_CARRIER|DELAY_NAS|DELAY_LATE_AIRCRAFT
MYR,12,5,-3.8,-8.4,0,,,0,,,CANC_WEATHER
OAJ,3,0,,,1,15.0,6.0,0,,,N/D
OAJ,4,3,-8.33,-9.0,1,18.0,9.0,0,,,N/D
OAJ,6,1,-3.0,-12.0,0,,,0,,,N/D
OAJ,7,1,-10.0,-24.0,0,,,1,238.0,244.0,DELAY_CARRIER
OAJ,8,2,-4.5,-6.0,0,,,1,486.0,503.0,DELAY_LATE_AIRCRAFT
OAJ,9,1,13.0,18.0,1,45.0,39.0,0,,,DELAY_LATE_AIRCRAFT
OAJ,10,2,-4.5,-4.0,0,,,0,,,N/D
OAJ,11,3,-6.67,-15.0,0,,,0,,,N/D
OAJ,12,1,10.0,33.0,0,,,0,,,DELAY_NAS
OAK,1,37,-0.08,-6.81,4,32.25,24.75,0,,,DELAY_LATE_AIRCRAFT|DELAY_NAS|CANC_WEATHER
OAK,2,23,-1.0,-11.78,4,22.0,13.5,1,65.0,48.0,DELAY_LATE_AIRCRAFT|DELAY_CARRIER
OAK,3,32,-1.75,-8.47,5,24.4,18.4,0,,,DELAY_CARRIER|DELAY_LATE_AIRCRAFT|DELAY_NAS
OAK,4,30,-1.37,-7.87,5,24.2,15.4,0,,,DELAY_CARRIER|DELAY_LATE_AIRCRAFT|DELAY_NAS
OAK,5,22,-1.68,-11.32,6,22.0,21.5,6,147.0,140.5,DELAY_CARRIER|DELAY_LATE_AIRCRAFT
OAK,6,26,-0.15,-6.96,4,29.25,16.5,3,73.33,66.33,DELAY_LATE_AIRCRAFT|DELAY_CARRIER|DELAY_WEATHER
OAK,7,34,-2.12,-8.71,7,26.86,17.57,5,114.2,111.6,DELAY_LATE_AIRCRAFT|DELAY_CARRIER
OAK,8,28,0.75,-6.29,5,31.8,26.0,3,101.33,87.67,DELAY_LATE_AIRCRAFT|DELAY_CARRIER
OAK,9,25,-1.8,-9.96,2,38.5,24.5,1,104.0,101.0,DELAY_LATE_AIRCRAFT|DELAY_NAS
OAK,10,33,-2.18,-10.15,1,41.0,42.0,2,91.5,76.5,DELAY_LATE_AIRCRAFT|CANC_NAS
OAK,11,26,-3.54,-15.12,2,24.0,18.5,0,,,DELAY_CARRIER|DELAY_LATE_AIRCRAFT
OAK,12,18,-0.61,-9.11,7,23.86,10.86,3,127.33,123.33,DELAY_CARRIER|DELAY_LATE_AIRCRAFT|DELAY_NAS
OGG,1,17,-0.59,-5.88,2,25.5,19.0,1,129.0,119.0,DELAY_CARRIER|CANC_CARRIER|DELAY_LATE_AIRCRAFT
OGG,2,26,-2.92,-16.69,0,,,1,397.0,394.0,DELAY_LATE_AIRCRAFT
OGG,3,23,-2.7,-11.96,3,37.0,33.33,1,65.0,66.0,DELAY_CARRIER|DELAY_LATE_AIRCRAFT
OGG,4,17,-2.12,-10.18,1,30.0,14.0,1,61.0,55.0,DELAY_LATE_AIRCRAFT
OGG,5,25,-3.36,-4.84,2,31.0,28.0,0,,,DELAY_NAS|DELAY_CARRIER
OGG,6,23,-2.65,-1.83,3,23.33,21.0,1,179.0,176.0,DELAY_LATE_AIRCRAFT|DELAY_CARRIER|DELAY_NAS
OGG,7,19,-0.68,-3.68,0,,,1,117.0,115.0,DELAY_LATE_AIRCRAFT
OGG,8,23,-3.61,-9.7,1,60.0,62.0,1,69.0,50.0,DELAY_CARRIER
OGG,9,20,-3.9,-11.45,2,26.5,15.0,0,,,CANC_CARRIER|DELAY_LATE_AIRCRAFT
OGG,10,18,-3.22,-6.61,0,,,0,,,N/D
OGG,11,20,-5.8,-4.95,0,,,0,,,N/D
OGG,12,17,-5.35,-13.94,1,22.0,17.0,0,,,DELAY_LATE_AIRCRAFT
OKC,1,11,-4.36,-1.45,1,41.0,43.0,4,243.5,252.75,DELAY_CARRIER|DELAY_LATE_AIRCRAFT|DELAY_NAS
OKC,2,15,-5.47,1.87,0,,,0,,,DELAY_NAS
OKC,3,15,-4.0,-8.2,4,27.25,16.0,1,94.0,82.0,DELAY_LATE_AIRCRAFT
OKC,4,18,-3.17,-8.89,3,30.0,22.0,0,,,DELAY_LATE_AIRCRAFT|DELAY_NAS
OKC,5,17,-2.76,-7.94,0,,,2,68.5,64.5,DELAY_CARRIER|DELAY_WEATHER
OKC,6,9,-1.78,-6.56,1,20.0,12.0,3,123.33,127.33,DELAY_LATE_AIRCRAFT
OKC,7,15,-2.33,-7.73,1,20.0,6.0,0,,,DELAY_CARRIER
OKC,8,21,-2.71,-8.95,2,23.0,24.5,2,109.0,106.5,DELAY_LATE_AIRCRAFT|DELAY_CARRIER
OKC,9,13,-2.31,-0.69,1,17.0,30.0,0,,,DELAY_NAS|DELAY_LATE_AIRCRAFT
OKC,10,17,-6.59,-11.35,2,23.0,14.5,0,,,DELAY_CARRIER|DELAY_LATE_AIRCRAFT
OKC,11,16,-3.06,-9.75,1,18.0,10.0,1,67.0,57.0,DELAY_LATE_AIRCRAFT
OKC,12,16,-2.81,-11.56,0,,,0,,,DELAY_NAS
OMA,1,12,-3.92,-10.75,4,29.75,21.5,3,233.33,238.67,DELAY_LATE_AIRCRAFT|DELAY_WEATHER|CANC_WEATHER
OMA,2,17,-3.53,-10.94,0,,,1,87.0,158.0,DELAY_NAS
OMA,3,18,-2.44,-9.22,2,29.0,8.5,2,96.5,89.5,DELAY_CARRIER|DELAY_LATE_AIRCRAFT|DELAY_NAS
OMA,4,18,-1.67,-8.67,0,,,0,,,N/D
OMA,5,13,-2.92,-8.54,8,32.25,28.38,5,187.4,187.4,DELAY_LATE_AIRCRAFT|DELAY_NAS|DELAY_CARRIER
OMA,6,18,-2.94,-4.28,2,42.5,34.0,3,231.0,235.0,DELAY_CARRIER|CANC_WEATHER|DELAY_LATE_AIRCRAFT
OMA,7,19,-1.89,-7.21,2,51.5,53.5,0,,,DELAY_NAS|DELAY_LATE_AIRCRAFT
OMA,8,11,-1.55,-10.91,0,,,0,,,N/D
OMA,9,22,-3.77,-10.59,1,30.0,13.0,0,,,N/D
OMA,10,22,-2.95,-4.64,2,35.0,25.0,0,,,DELAY_NAS|DELAY_CARRIER
OMA,11,23,-3.78,-16.78,2,26.5,14.5,0,,,DELAY_CARRIER
OMA,12,17,-1.82,-12.47,1,25.0,9.0,2,108.0,120.0,DELAY_LATE_AIRCRAFT|DELAY_NAS
ONT,1,19,-3.37,-13.11,3,29.0,29.33,0,,,DELAY_CARRIER|DELAY_LATE_AIRCRAFT
ONT,2,15,-0.33,-13.2,4,31.0,24.25,0,,,DELAY_LATE_AIRCRAFT|DELAY_NAS
ONT,3,20,-4.05,-10.15,2,20.0,13.0,3,158.33,139.0,DELAY_LATE_AIRCRAFT|DELAY_CARRIER
ONT,4,14,-2.5,-6.79,2,27.0,38.5,1,95.0,86.0,DELAY_LATE_AIRCRAFT|DELAY_NAS
ONT,5,15,-1.13,-5.6,6,24.33,16.83,0,,,DELAY_CARRIER|DELAY_LATE_AIRCRAFT
ONT,6,19,-1.95,-5.11,1,27.0,21.0,1,99.0,113.0,DELAY_NAS|DELAY_CARRIER|DELAY_LATE_AIRCRAFT
ONT,7,24,-1.38,-10.42,3,36.33,31.67,1,128.0,125.0,DELAY_LATE_AIRCRAFT|CANC_CARRIER|DELAY_CARRIER
ONT,8,16,-5.12,-10.81,1,49.0,36.0,0,,,DELAY_LATE_AIRCRAFT
ONT,9,22,-2.64,-7.55,3,21.0,10.67,1,82.0,74.0,DELAY_CARRIER|DELAY_LATE_AIRCRAFT|DELAY_NAS
ONT,10,20,-2.8,-12.35,1,27.0,10.0,1,477.0,472.0,DELAY_CARRIER|DELAY_NAS
ONT,11,24,-5.17,-10.88,3,36.33,29.67,0,,,DELAY_LATE_AIRCRAFT|DELAY_NAS
ONT,12,19,-1.42,-10.95,4,29.5,19.5,0,,,DELAY_CARRIER|DELAY_LATE_AIRCRAFT|DELAY_NAS
ORD,1,124,-1.91,-9.04,29,32.97,26.55,25,186.48,186.36,DELAY_LATE_AIRCRAFT|DELAY_CARRIER|DELAY_NAS
ORD,2,184,-3.18,-11.5,16,28.56,26.81,8,134.0,128.5,DELAY_CARRIER|DELAY_NAS|DELAY_LATE_AIRCRAFT
ORD,3,222,-2.49,-8.01,25,30.0,25.92,8,115.38,113.62,DELAY_NAS|DELAY_CARRIER|DELAY_LATE_AIRCRAFT
ORD,4,199,-2.36,-8.4,27,31.81,24.07,16,133.12,130.25,DELAY_LATE_AIRCRAFT|DELAY_CARRIER|DELAY_NAS
ORD,5,149,-1.97,-3.79,41,35.54,34.05,41,177.29,180.8,DELAY_LATE_AIRCRAFT|DELAY_CARRIER|DELAY_NAS
ORD,6,188,-1.57,-5.54,36,32.36,26.61,27,171.33,169.78,DELAY_LATE_AIRCRAFT|DELAY_NAS|DELAY_CARRIER
ORD,7,135,-1.01,-3.98,35,36.6,44.69,34,133.53,129.32,DELAY_LATE_AIRCRAFT|DELAY_CARRIER|DELAY_NAS
ORD,8,187,-1.59,-6.5,41,30.49,31.93,22,132.86,125.45,DELAY_LATE_AIRCRAFT|DELAY_CARRIER|DELAY_NAS
ORD,9,191,-2.68,-9.14,20,30.65,18.85,13,154.92,141.85,DELAY_LATE_AIRCRAFT|DELAY_CARRIER|DELAY_NAS
ORD,10,234,-3.1,-9.82,28,29.14,17.71,4,133.25,123.0,DELAY_LATE_AIRCRAFT|DELAY_CARRIER|DELAY_NAS
ORD,11,229,-2.57,-8.18,19,29.0,40.0,13,152.15,148.62,DELAY_NAS|DELAY_CARRIER|DELAY_LATE_AIRCRAFT
ORD,12,162,-1.99,-11.45,30,30.4,26.97,18,84.28,84.72,DELAY_LATE_AIRCRAFT|DELAY_NAS|DELAY_CARRIER
ORF,1,11,-6.36,-3.27,3,24.33,29.33,0,,,DELAY_NAS|DELAY_CARRIER
ORF,2,8,-3.62,-2.25,0,,,1,309.0,285.0,DELAY_NAS|DELAY_LATE_AIRCRAFT
ORF,3,12,-4.67,-11.5,1,57.0,43.0,2,82.5,72.0,DELAY_CARRIER|DELAY_LATE_AIRCRAFT|DELAY_NAS
ORF,4,19,-2.53,-5.53,2,40.0,32.0,1,856.0,843.0,DELAY_LATE_AIRCRAFT|DELAY_NAS
ORF,5,16,-4.25,-9.44,2,30.0,44.5,2,198.5,187.5,DELAY_NAS|DELAY_LATE_AIRCRAFT|DELAY_CARRIER
ORF,6,17,-1.0,-1.65,5,41.0,40.6,1,68.0,89.0,DELAY_LATE_AIRCRAFT|DELAY_NAS|DELAY_CARRIER
ORF,7,11,-4.82,-11.18,5,37.6,34.4,3,156.0,145.0,DELAY_LATE_AIRCRAFT|DELAY_CARRIER|DELAY_WEATHER
ORF,8,20,-5.15,0.85,2,23.0,15.5,1,82.0,67.0,DELAY_NAS|DELAY_CARRIER
ORF,9,24,-4.04,-10.71,4,38.75,30.25,0,,,DELAY_LATE_AIRCRAFT|DELAY_CARRIER|DELAY_NAS
ORF,10,20,-7.1,-12.7,0,,,1,307.0,292.0,DELAY_NAS|DELAY_CARRIER
ORF,11,17,-3.94,-12.94,1,24.0,8.0,0,,,N/D
ORF,12,21,-2.29,-9.86,6,27.0,19.17,1,70.0,52.0,DELAY_CARRIER|CANC_WEATHER|DELAY_LATE_AIRCRAFT
ORH,1,0,,,0,,,1,268.0,267.0,DELAY_LATE_AIRCRAFT
ORH,2,0,,,0,,,1,78.0,59.0,DELAY_LATE_AIRCRAFT
ORH,3,1,-10.0,-8.0,0,,,0,,,N/D
ORH,4,1,-10.0,-29.0,1,26.0,17.0,0,,,DELAY_LATE_AIRCRAFT
ORH,6,1,-12.0,-32.0,0,,,0,,,N/D
ORH,9,1,-3.0,-20.0,0,,,0,,,N/D
ORH,10,1,11.0,-23.0,1,32.0,13.0,0,,,N/D
OTH,1,1,-10.0,-24.0,0,,,0,,,N/D
OTH,6,2,-6.0,-8.5,0,,,0,,,N/D
OTZ,9,1,-14.0,-16.0,0,,,0,,,N/D
OTZ,11,1,-11.0,-15.0,0,,,0,,,N/D
PAE,1,0,,,1,26.0,-1.0,0,,,CANC_CARRIER
PAE,2,1,-10.0,-2.0,0,,,0,,,N/D
PAE,3,1,-11.0,-21.0,0,,,0,,,N/D
PAE,4,1,5.0,2.0,0,,,0,,,N/D
PAE,7,1,6.0,-25.0,1,26.0,44.0,0,,,DELAY_LATE_AIRCRAFT
PAE,8,1,-11.0,-17.0,0,,,0,,,N/D
PAE,12,0,,,0,,,0,,,CANC_CARRIER
PBG,10,1,3.0,-1.0,0,,,0,,,N/D
PBG,11,0,,,1,16.0,34.0,0,,,DELAY_NAS
PBG,12,0,,,0,,,0,,,CANC_NAS
PBI,1,19,-1.79,-13.53,2,27.0,15.0,3,355.67,343.0,DELAY_LATE_AIRCRAFT|CANC_WEATHER|DELAY_CARRIER
PBI,2,18,-2.39,-7.83,5,21.0,8.4,2,70.0,56.0,DELAY_LATE_AIRCRAFT|DELAY_CARRIER
PBI,3,19,0.79,-1.26,6,30.5,27.33,3,128.0,111.33,DELAY_LATE_AIRCRAFT|DELAY_CARRIER|DELAY_NAS
PBI,4,26,-3.04,-9.38,3,33.0,22.67,0,,,DELAY_NAS|DELAY_CARRIER|DELAY_LATE_AIRCRAFT
PBI,5,20,-2.35,-7.25,4,35.75,29.75,4,97.25,102.25,DELAY_LATE_AIRCRAFT|DELAY_NAS|CANC_WEATHER
PBI,6,16,-3.69,-2.44,2,18.0,-3.0,1,185.0,179.0,DELAY_NAS|CANC_WEATHER|DELAY_LATE_AIRCRAFT
PBI,7,11,0.18,-3.64,1,23.0,46.0,4,159.75,168.25,DELAY_LATE_AIRCRAFT|DELAY_NAS|CANC_CARRIER
PBI,8,10,-2.3,-6.0,3,27.33,17.67,3,243.0,231.33,DELAY_LATE_AIRCRAFT|DELAY_NAS|CANC_WEATHER
PBI,9,18,-1.28,-8.22,2,35.0,24.0,0,,,DELAY_WEATHER
PBI,10,13,-4.54,-12.23,1,40.0,20.0,2,191.5,177.5,DELAY_LATE_AIRCRAFT|DELAY_NAS
PBI,11,25,-3.52,-11.0,3,18.33,-0.67,0,,,N/D
PBI,12,19,-3.74,-12.16,9,42.0,42.0,3,217.0,222.0,DELAY_LATE_AIRCRAFT|DELAY_CARRIER|DELAY_NAS
PDX,1,32,-0.19,-2.59,2,31.0,20.0,0,,,DELAY_CARRIER|DELAY_NAS|CANC_CARRIER
PDX,2,39,-2.23,-1.74,1,55.0,70.0,1,123.0,122.0,DELAY_CARRIER|DELAY_NAS
PDX,3,39,-2.46,-8.87,3,34.0,35.0,2,82.0,77.5,DELAY_LATE_AIRCRAFT|DELAY_CARRIER|DELAY_NAS
PDX,4,32,-4.66,-8.16,4,28.0,24.25,4,103.0,93.25,DELAY_LATE_AIRCRAFT|DELAY_CARRIER|DELAY_NAS
PDX,5,48,-3.62,-7.08,5,27.0,17.6,1,155.0,155.0,DELAY_CARRIER|DELAY_LATE_AIRCRAFT|DELAY_NAS
PDX,6,39,-2.49,-5.46,10,28.6,18.3,5,124.0,132.2,DELAY_LATE_AIRCRAFT|DELAY_NAS|DELAY_CARRIER
PDX,7,38,-4.26,-9.13,11,40.64,33.45,1,197.0,186.0,DELAY_LATE_AIRCRAFT|CANC_NAS|DELAY_NAS
PDX,8,43,-3.49,-5.3,11,34.55,33.82,4,155.0,151.75,DELAY_LATE_AIRCRAFT|DELAY_CARRIER|DELAY_NAS
PDX,9,46,-3.8,-8.24,6,30.67,24.83,2,162.5,163.0,DELAY_CARRIER|DELAY_NAS|DELAY_LATE_AIRCRAFT
PDX,10,48,-4.4,-10.4,2,35.5,48.5,1,85.0,94.0,DELAY_CARRIER|DELAY_NAS
PDX,11,36,-4.14,-6.25,3,27.67,36.33,1,90.0,70.0,DELAY_NAS|DELAY_LATE_AIRCRAFT|CANC_CARRIER
PDX,12,58,-1.79,-6.72,4,34.0,26.0,2,88.0,74.0,DELAY_NAS|DELAY_LATE_AIRCRAFT|DELAY_CARRIER
PGD,1,4,-9.25,-18.75,1,33.0,17.0,0,,,DELAY_CARRIER
PGD,2,4,-2.75,-8.25,2,45.5,41.5,0,,,DELAY_CARRIER|DELAY_LATE_AIRCRAFT
PGD,3,8,-7.12,-14.38,2,24.5,35.0,0,,,DELAY_LATE_AIRCRAFT|DELAY_NAS
PGD,4,1,-10.0,-7.0,0,,,0,,,N/D
PGD,5,4,-1.5,-10.25,2,32.5,36.0,0,,,DELAY_LATE_AIRCRAFT|DELAY_NAS
PGD,6,5,-4.6,-13.8,0,,,0,,,N/D
PGD,7,3,-5.0,-12.33,1,53.0,53.0,0,,,DELAY_WEATHER
PGD,8,4,-4.5,-7.5,0,,,0,,,CANC_NAS
PGD,9,3,-10.0,-21.33,1,18.0,18.0,0,,,DELAY_CARRIER
PGD,10,5,-6.0,-9.6,2,20.5,9.5,0,,,DELAY_CARRIER|DELAY_NAS
PGD,11,4,-4.5,-10.5,0,,,0,,,N/D
PGD,12,3,-7.67,-13.0,2,29.0,22.5,1,67.0,76.0,DELAY_LATE_AIRCRAFT
PHL,1,37,-2.92,-14.22,6,35.33,22.67,10,269.4,293.0,DELAY_LATE_AIRCRAFT|DELAY_CARRIER|DELAY_NAS
PHL,2,64,-3.56,-10.44,4,33.25,22.0,4,88.5,90.25,DELAY_NAS|DELAY_LATE_AIRCRAFT|DELAY_CARRIER
PHL,3,56,-3.12,-13.86,16,28.75,23.5,7,139.0,144.57,DELAY_LATE_AIRCRAFT|DELAY_NAS|DELAY_CARRIER
PHL,4,45,-1.8,-10.18,8,34.75,24.5,6,134.67,129.0,DELAY_CARRIER|DELAY_LATE_AIRCRAFT|DELAY_NAS
PHL,5,70,-2.54,-7.17,12,34.83,34.17,7,182.86,183.86,DELAY_NAS|DELAY_CARRIER|DELAY_LATE_AIRCRAFT
PHL,6,80,-2.14,-7.92,15,31.67,29.47,10,201.4,193.1,DELAY_CARRIER|DELAY_LATE_AIRCRAFT|DELAY_NAS
PHL,7,66,-2.56,-7.55,14,30.64,26.0,17,127.94,118.59,DELAY_LATE_AIRCRAFT|DELAY_NAS|DELAY_CARRIER
PHL,8,80,-1.6,-7.39,16,35.5,38.94,8,180.12,198.75,DELAY_NAS|DELAY_LATE_AIRCRAFT|CANC_WEATHER
PHL,9,82,-4.06,-8.91,9,30.44,27.67,7,102.43,94.86,DELAY_CARRIER|DELAY_NAS|DELAY_LATE_AIRCRAFT
PHL,10,88,-3.95,-12.51,10,27.6,16.6,4,251.0,233.5,DELAY_LATE_AIRCRAFT|DELAY_NAS|DELAY_CARRIER
PHL,11,53,-3.45,-11.85,9,32.44,18.22,3,106.0,104.0,DELAY_CARRIER|DELAY_LATE_AIRCRAFT|CANC_CARRIER
PHL,12,55,-1.76,-10.02,18,28.17,24.56,5,238.4,238.8,DELAY_CARRIER|DELAY_LATE_AIRCRAFT|DELAY_NAS
PHX,1,112,-1.84,-5.68,27,32.37,27.78,12,159.0,154.5,DELAY_CARRIER|DELAY_LATE_AIRCRAFT|DELAY_NAS
PHX,2,134,-2.34,-8.31,19,32.05,23.79,7,110.57,105.71,DELAY_LATE_AIRCRAFT|DELAY_NAS|DELAY_CARRIER
PHX,3,133,-0.5,-6.45,12,29.5,29.25,10,96.9,93.6,DELAY_CARRIER|DELAY_LATE_AIRCRAFT|DELAY_NAS
PHX,4,127,-1.33,-6.87,27,26.52,22.15,6,86.0,81.67,DELAY_CARRIER|DELAY_NAS|DELAY_LATE_AIRCRAFT
PHX,5,136,-2.03,-8.2,27,32.59,26.81,12,95.5,81.17,DELAY_LATE_AIRCRAFT|DELAY_NAS|DELAY_CARRIER
PHX,6,141,-1.6,-6.21,28,30.0,26.21,17,118.65,110.18,DELAY_CARRIER|DELAY_LATE_AIRCRAFT|DELAY_NAS
PHX,7,120,-2.12,-7.19,18,31.56,23.67,13,181.92,180.0,DELAY_LATE_AIRCRAFT|DELAY_CARRIER|DELAY_NAS
PHX,8,111,-1.97,-5.99,20,29.35,21.25,12,111.08,108.67,DELAY_CARRIER|DELAY_LATE_AIRCRAFT|DELAY_NAS
PHX,9,128,-3.23,-10.08,15,26.73,15.47,5,131.6,128.0,DELAY_CARRIER|DELAY_LATE_AIRCRAFT|DELAY_NAS
PHX,10,143,-2.42,-8.2,21,30.29,26.1,5,145.0,140.0,DELAY_LATE_AIRCRAFT|DELAY_CARRIER|DELAY_NAS
PHX,11,149,-2.85,-8.34,19,29.84,22.37,6,76.33,64.0,DELAY_CARRIER|DELAY_LATE_AIRCRAFT|DELAY_NAS
PHX,12,144,-1.89,-9.9,27,34.19,24.0,5,113.8,112.4,DELAY_CARRIER|DELAY_LATE_AIRCRAFT|DELAY_NAS
PIA,1,2,-1.0,27.5,1,42.0,118.0,1,213.0,191.0,DELAY_NAS|DELAY_LATE_AIRCRAFT
PIA,2,3,-3.0,0.33,0,,,0,,,CANC_WEATHER|DELAY_NAS
PIA,3,2,-7.5,-3.0,0,,,1,159.0,153.0,DELAY_LATE_AIRCRAFT
PIA,4,2,-6.0,-5.5,0,,,0,,,N/D
PIA,5,2,-12.0,-22.0,0,,,1,172.0,202.0,DELAY_WEATHER
PIA,6,2,0.5,-10.0,0,,,0,,,N/D
PIA,7,3,-7.67,-7.0,0,,,0,,,N/D
PIA,8,6,-8.67,0.17,0,,,0,,,DELAY_NAS
PIA,9,1,-13.0,-31.0,0,,,1,61.0,82.0,DELAY_LATE_AIRCRAFT
PIA,10,1,-11.0,-13.0,0,,,1,80.0,73.0,DELAY_LATE_AIRCRAFT
PIA,12,4,-4.5,-20.25,1,22.0,8.0,0,,,N/D
PIB,3,0,,,0,,,1,119.0,112.0,DELAY_CARRIER
PIB,5,0,,,0,,,1,234.0,230.0,DELAY_CARRIER
PIB,6,1,-6.0,-22.0,0,,,0,,,N/D
PIB,8,1,-5.0,-10.0,0,,,0,,,N/D
PIB,11,1,-10.0,8.0,0,,,0,,,N/D
PIE,1,4,-14.25,-19.5,1,22.0,9.0,1,109.0,91.0,DELAY_LATE_AIRCRAFT
PIE,2,1,-3.0,0.0,0,,,1,95.0,90.0,DELAY_NAS
PIE,3,10,-6.2,-7.2,1,17.0,0.0,1,291.0,282.0,DELAY_LATE_AIRCRAFT
PIE,4,8,-7.75,-15.75,1,24.0,43.0,1,76.0,72.0,DELAY_CARRIER|DELAY_WEATHER
PIE,5,5,-1.6,3.2,0,,,0,,,DELAY_NAS
PIE,6,6,-6.17,-8.17,0,,,1,73.0,68.0,DELAY_WEATHER
PIE,7,4,-1.25,-7.5,0,,,0,,,N/D
PIE,8,9,-4.11,-8.78,2,26.0,30.5,1,265.0,286.0,DELAY_CARRIER|CANC_CARRIER|DELAY_LATE_AIRCRAFT
PIE,9,6,-6.5,-14.67,0,,,0,,,N/D
PIE,10,9,-6.11,-14.33,1,46.0,36.0,1,76.0,73.0,DELAY_NAS|CANC_WEATHER
PIE,11,8,-12.88,-16.38,0,,,0,,,N/D
PIE,12,5,-2.0,-13.4,3,29.0,20.33,2,121.0,122.0,DELAY_LATE_AIRCRAFT|DELAY_WEATHER
PIH,1,1,-6.0,-27.0,0,,,0,,,N/D
PIH,6,1,-8.0,-18.0,0,,,0,,,N/D
PIH,7,1,-10.0,-11.0,0,,,0,,,N/D
PIH,8,1,-9.0,-23.0,0,,,0,,,N/D
PIH,9,2,-11.0,-11.5,0,,,0,,,N/D
PIH,10,2,-10.0,-23.5,0,,,0,,,N/D
PIT,1,31,-5.39,-10.29,2,51.0,64.0,1,356.0,352.0,DELAY_NAS|DELAY_LATE_AIRCRAFT|CANC_WEATHER
PIT,2,22,-4.68,-16.59,2,38.5,35.5,0,,,DELAY_CARRIER|DELAY_LATE_AIRCRAFT|DELAY_NAS
PIT,3,25,-3.56,-12.2,4,31.0,28.75,4,241.0,236.5,DELAY_CARRIER|DELAY_LATE_AIRCRAFT|DELAY_NAS
PIT,4,36,-4.89,-7.08,2,26.5,23.0,3,88.33,84.33,DELAY_NAS|DELAY_CARRIER|CANC_WEATHER
PIT,5,31,-4.45,-9.9,7,28.29,31.57,5,110.8,103.6,DELAY_LATE_AIRCRAFT|DELAY_CARRIER|DELAY_NAS
PIT,6,40,-3.2,-7.53,5,28.4,21.2,1,110.0,122.0,DELAY_LATE_AIRCRAFT|DELAY_NAS
PIT,7,26,-3.73,-4.27,4,40.25,33.25,4,154.25,156.75,DELAY_LATE_AIRCRAFT|DELAY_NAS|DELAY_CARRIER
PIT,8,23,-4.04,-11.22,2,20.5,15.5,3,88.67,81.33,DELAY_CARRIER|DELAY_LATE_AIRCRAFT|DELAY_NAS
PIT,9,40,-3.92,-7.55,3,33.0,21.0,1,92.0,82.0,DELAY_CARRIER|DELAY_LATE_AIRCRAFT|DELAY_NAS
PIT,10,41,-3.73,-13.1,2,36.5,32.5,0,,,CANC_WEATHER|DELAY_CARRIER|DELAY_LATE_AIRCRAFT
PIT,11,30,-4.47,-9.43,5,22.4,7.4,2,98.5,83.5,DELAY_CARRIER|DELAY_LATE_AIRCRAFT|DELAY_NAS
PIT,12,18,-2.94,-4.89,4,27.5,17.0,1,79.0,76.0,DELAY_CARRIER|DELAY_NAS|DELAY_LATE_AIRCRAFT
PLN,4,1,-10.0,-25.0,0,,,0,,,N/D
PLN,7,1,-10.0,-26.0,0,,,0,,,N/D
PLN,8,2,-8.5,-13.5,0,,,0,,,N/D
PLN,9,1,-6.0,-20.0,0,,,0,,,N/D
PLN,10,1,-9.0,-18.0,0,,,0,,,N/D
PNS,1,4,-0.75,-5.75,1,28.0,17.0,0,,,DELAY_LATE_AIRCRAFT
PNS,2,10,-7.1,-15.8,0,,,0,,,N/D
PNS,3,12,-1.67,-9.83,2,28.0,22.0,0,,,DELAY_LATE_AIRCRAFT
PNS,4,10,-4.1,-1.7,1,21.0,8.0,2,134.5,139.0,DELAY_NAS|DELAY_LATE_AIRCRAFT|DELAY_WEATHER
PNS,5,6,-3.5,-10.33,5,37.2,28.2,1,168.0,220.0,DELAY_LATE_AIRCRAFT|DELAY_CARRIER
PNS,6,6,-4.5,-7.67,3,33.67,15.33,3,184.33,182.67,DELAY_LATE_AIRCRAFT|CANC_WEATHER|DELAY_CARRIER
PNS,7,9,-4.33,-7.67,1,21.0,21.0,3,190.33,179.67,DELAY_LATE_AIRCRAFT|CANC_WEATHER|DELAY_CARRIER
PNS,8,6,-2.83,4.17,2,28.0,17.5,3,200.0,198.67,DELAY_CARRIER|DELAY_LATE_AIRCRAFT|DELAY_NAS
PNS,9,6,-4.33,-13.17,0,,,3,138.33,131.0,DELAY_CARRIER|DELAY_LATE_AIRCRAFT
PNS,10,10,-7.4,-14.6,0,,,0,,,N/D
PNS,11,12,-4.25,-8.58,2,27.5,22.0,0,,,DELAY_LATE_AIRCRAFT
PNS,12,5,-1.4,-11.0,1,60.0,70.0,3,135.33,160.0,DELAY_CARRIER|DELAY_LATE_AIRCRAFT|DELAY_NAS
PPG,6,1,-2.0,6.0,0,,,0,,,N/D
PRC,4,0,,,0,,,1,133.0,118.0,DELAY_LATE_AIRCRAFT
PRC,7,2,-2.0,-9.5,0,,,0,,,N/D
PRC,8,1,-9.0,-20.0,0,,,0,,,N/D
PRC,10,1,-8.0,-5.0,0,,,0,,,N/D
PSC,1,3,0.67,15.33,0,,,0,,,DELAY_NAS
PSC,2,3,-8.67,-11.67,0,,,0,,,N/D
PSC,3,0,,,1,25.0,3.0,0,,,N/D
PSC,4,3,-5.33,-9.33,0,,,0,,,N/D
PSC,5,4,-4.75,-5.25,0,,,0,,,N/D
PSC,6,4,-6.75,0.0,1,24.0,22.0,1,103.0,93.0,DELAY_CARRIER|DELAY_LATE_AIRCRAFT|DELAY_WEATHER
PSC,7,4,-2.25,7.75,2,36.5,23.0,0,,,DELAY_LATE_AIRCRAFT|DELAY_NAS
PSC,8,6,-3.67,-12.5,2,37.5,36.0,0,,,DELAY_CARRIER|DELAY_WEATHER
PSC,9,9,-3.22,-9.89,0,,,0,,,N/D
PSC,10,5,-3.6,-8.8,0,,,0,,,N/D
PSC,11,3,-9.33,-15.0,1,15.0,-8.0,0,,,N/D
PSC,12,7,-6.14,-13.14,0,,,2,170.5,169.5,DELAY_CARRIER
PSE,1,1,-16.0,-24.0,0,,,0,,,N/D
PSE,3,2,-8.0,8.5,0,,,0,,,N/D
PSE,4,1,-26.0,-35.0,0,,,0,,,N/D
PSE,6,1,-7.0,-16.0,0,,,0,,,N/D
PSE,7,1,7.0,-4.0,0,,,1,65.0,44.0,DELAY_LATE_AIRCRAFT
PSG,4,1,-21.0,-26.0,0,,,0,,,N/D
PSG,7,1,-3.0,-1.0,0,,,0,,,N/D
PSG,10,1,0.0,0.0,0,,,0,,,N/D
PSG,11,1,-12.0,-10.0,0,,,0,,,N/D
PSM,1,1,-8.0,-17.0,0,,,0,,,N/D
PSM,6,2,-1.5,-16.5,0,,,0,,,N/D
PSM,12,1,-3.0,-21.0,0,,,0,,,N/D
PSP,1,17,-4.94,-11.0,2,18.5,13.0,1,152.0,146.0,DELAY_NAS|DELAY_LATE_AIRCRAFT
PSP,2,12,-6.33,-8.92,1,38.0,45.0,0,,,DELAY_NAS|DELAY_WEATHER
PSP,3,15,-3.0,-7.0,1,16.0,5.0,2,94.5,98.0,DELAY_LATE_AIRCRAFT|DELAY_NAS
PSP,4,16,-6.5,-11.75,2,23.0,34.0,2,85.5,97.0,DELAY_CARRIER|DELAY_NAS
PSP,5,12,-7.0,-7.17,2,36.0,24.0,1,90.0,79.0,DELAY_CARRIER|DELAY_LATE_AIRCRAFT|DELAY_NAS
PSP,6,4,-3.5,-8.75,0,,,0,,,N/D
PSP,7,3,-6.67,-4.67,0,,,3,107.67,99.67,DELAY_CARRIER|DELAY_LATE_AIRCRAFT
PSP,8,6,-1.5,-4.67,1,24.0,46.0,0,,,DELAY_NAS
PSP,9,4,-7.25,-13.25,0,,,1,104.0,83.0,DELAY_NAS
PSP,10,8,-6.12,-9.62,0,,,0,,,N/D
PSP,11,8,-3.62,-12.0,0,,,1,89.0,78.0,DELAY_CARRIER
PSP,12,13,-3.92,-5.85,0,,,1,99.0,82.0,DELAY_CARRIER|DELAY_NAS
PVD,1,8,-1.5,-7.38,1,30.0,16.0,0,,,DELAY_LATE_AIRCRAFT
PVD,2,9,-8.33,-21.33,0,,,1,221.0,201.0,DELAY_LATE_AIRCRAFT
PVD,3,4,-12.0,-17.75,0,,,0,,,N/D
PVD,4,13,-6.15,-10.15,0,,,0,,,N/D
PVD,5,14,-0.86,-9.71,0,,,1,66.0,47.0,DELAY_LATE_AIRCRAFT
PVD,6,5,-5.6,-10.8,3,34.33,15.33,2,187.5,176.0,DELAY_CARRIER|DELAY_NAS|DELAY_LATE_AIRCRAFT
PVD,7,8,-0.12,-10.75,3,21.67,11.67,5,164.6,161.0,DELAY_LATE_AIRCRAFT|DELAY_NAS
PVD,8,8,1.38,-0.25,2,28.5,27.0,1,259.0,250.0,DELAY_LATE_AIRCRAFT|DELAY_CARRIER|DELAY_NAS
PVD,9,5,-5.8,-6.8,0,,,0,,,N/D
PVD,10,11,-4.36,-20.0,1,23.0,33.0,0,,,CANC_WEATHER|DELAY_CARRIER
PVD,11,14,-6.43,-19.0,1,50.0,17.0,0,,,DELAY_LATE_AIRCRAFT
PVD,12,16,-3.75,-18.62,1,15.0,16.0,0,,,DELAY_WEATHER
PVU,1,2,-6.0,-15.0,0,,,0,,,N/D
PVU,2,1,-4.0,-34.0,0,,,0,,,N/D
PVU,3,1,-15.0,-5.0,0,,,1,95.0,83.0,DELAY_CARRIER
PVU,4,2,-11.5,-26.0,0,,,0,,,N/D
PVU,5,1,-6.0,-3.0,0,,,0,,,N/D
PVU,6,5,-8.4,-7.2,0,,,0,,,DELAY_NAS
PVU,8,3,-2.33,5.0,1,21.0,32.0,0,,,DELAY_CARRIER|DELAY_NAS
PVU,10,2,-7.5,-9.0,0,,,0,,,N/D
PVU,11,2,-5.0,-1.0,0,,,0,,,N/D
PVU,12,3,-9.33,-19.0,0,,,1,73.0,61.0,DELAY_WEATHER
PWM,1,7,-3.14,-15.0,2,28.0,59.5,0,,,CANC_WEATHER|DELAY_LATE_AIRCRAFT|DELAY_NAS
PWM,2,8,-5.5,-22.5,0,,,0,,,N/D
PWM,3,5,-3.0,8.4,1,29.0,15.0,0,,,DELAY_NAS|DELAY_LATE_AIRCRAFT
PWM,4,2,-3.5,-15.5,1,17.0,3.0,0,,,N/D
PWM,5,8,-6.5,-19.75,0,,,0,,,N/D
PWM,6,7,-4.14,-2.71,1,47.0,50.0,2,189.0,178.0,DELAY_CARRIER|DELAY_LATE_AIRCRAFT
PWM,7,6,1.5,-4.33,2,37.0,24.5,1,262.0,250.0,CANC_CARRIER|DELAY_CARRIER|DELAY_NAS
PWM,8,5,-2.2,-15.0,2,30.5,27.0,0,,,CANC_WEATHER|DELAY_CARRIER|DELAY_NAS
PWM,9,9,-4.44,-13.56,1,47.0,40.0,0,,,DELAY_WEATHER
PWM,10,12,-1.0,-9.08,1,51.0,43.0,1,158.0,156.0,DELAY_CARRIER|DELAY_LATE_AIRCRAFT
PWM,11,10,-4.6,-7.1,1,18.0,12.0,1,172.0,158.0,DELAY_CARRIER|DELAY_LATE_AIRCRAFT
PWM,12,8,-6.0,-10.12,1,17.0,15.0,0,,,DELAY_CARRIER
RAP,1,5,-3.8,-15.2,0,,,0,,,N/D
RAP,2,4,1.25,-12.0,0,,,0,,,N/D
RAP,3,5,-5.6,-5.4,0,,,0,,,DELAY_NAS
RAP,4,4,-1.25,-10.25,0,,,0,,,N/D
RAP,5,1,-2.0,-6.0,0,,,0,,,N/D
RAP,6,5,-2.8,-11.2,1,19.0,7.0,0,,,N/D
RAP,7,2,-0.5,-8.5,1,54.0,70.0,0,,,DELAY_LATE_AIRCRAFT
RAP,8,4,-6.25,-9.5,1,45.0,29.0,1,135.0,144.0,DELAY_LATE_AIRCRAFT|DELAY_NAS
RAP,9,4,-5.5,-6.25,0,,,0,,,N/D
RAP,10,5,-5.6,-20.2,0,,,1,101.0,113.0,DELAY_CARRIER
RAP,11,2,-9.5,8.5,0,,,0,,,DELAY_NAS
RAP,12,6,-3.33,-10.67,0,,,0,,,N/D
RDD,1,2,-5.5,-20.0,0,,,0,,,N/D
RDD,2,2,-8.5,-9.0,0,,,0,,,N/D
RDD,3,2,-6.0,-16.5,0,,,0,,,N/D
RDD,5,3,-10.67,2.0,0,,,0,,,DELAY_CARRIER
RDD,7,0,,,1,40.0,35.0,0,,,DELAY_LATE_AIRCRAFT
RDD,8,0,,,1,54.0,82.0,0,,,DELAY_LATE_AIRCRAFT
RDD,9,1,-8.0,2.0,0,,,0,,,N/D
RDD,10,3,-6.33,-9.67,0,,,0,,,N/D
RDD,11,0,,,0,,,1,182.0,184.0,DELAY_NAS
RDD,12,1,-10.0,-7.0,0,,,0,,,N/D
RDM,1,2,-1.5,-7.5,0,,,0,,,N/D
RDM,2,5,-7.0,0.8,1,30.0,45.0,1,893.0,905.0,DELAY_CARRIER
RDM,3,7,-1.14,1.57,1,30.0,51.0,1,121.0,103.0,DELAY_NAS|DELAY_CARRIER
RDM,4,2,-2.5,-11.5,0,,,1,382.0,356.0,DELAY_CARRIER
RDM,5,4,-5.0,-5.25,1,18.0,0.0,0,,,DELAY_NAS
RDM,6,2,1.5,4.0,0,,,0,,,N/D
RDM,7,1,-4.0,-14.0,3,41.33,44.67,0,,,DELAY_CARRIER|DELAY_LATE_AIRCRAFT
RDM,8,3,0.33,-7.67,0,,,1,176.0,179.0,DELAY_CARRIER
RDM,9,5,-1.0,-3.6,1,18.0,28.0,1,61.0,48.0,DELAY_CARRIER|DELAY_LATE_AIRCRAFT|DELAY_NAS
RDM,10,2,-9.0,-15.5,0,,,0,,,N/D
RDM,11,1,-10.0,-6.0,0,,,0,,,N/D
RDM,12,3,4.33,-8.33,0,,,0,,,N/D
RDU,1,33,-2.09,-6.21,5,30.4,31.4,5,157.8,152.0,DELAY_NAS|DELAY_LATE_AIRCRAFT|DELAY_CARRIER
RDU,2,39,-3.41,-11.9,3,32.67,20.67,1,67.0,102.0,DELAY_LATE_AIRCRAFT|DELAY_NAS|CANC_CARRIER
RDU,3,41,-2.85,-7.95,10,27.5,18.3,3,360.67,364.33,DELAY_CARRIER|DELAY_LATE_AIRCRAFT|DELAY_NAS
RDU,4,46,-2.46,-6.2,9,38.33,41.22,5,161.4,151.6,DELAY_LATE_AIRCRAFT|DELAY_NAS|DELAY_CARRIER
RDU,5,37,-2.92,-1.49,7,33.0,61.14,2,303.0,286.5,DELAY_NAS|DELAY_LATE_AIRCRAFT|DELAY_CARRIER
RDU,6,45,-1.87,-12.33,9,29.89,24.0,4,182.5,174.0,DELAY_CARRIER|DELAY_LATE_AIRCRAFT|DELAY_NAS
RDU,7,47,-0.68,-6.0,11,34.64,54.64,8,122.12,126.5,DELAY_LATE_AIRCRAFT|DELAY_NAS|CANC_CARRIER
RDU,8,43,-3.26,-8.6,5,34.2,33.2,9,138.0,136.22,DELAY_LATE_AIRCRAFT|DELAY_NAS|CANC_NAS
RDU,9,41,-4.71,-8.78,4,25.75,24.0,3,69.33,75.0,DELAY_NAS|DELAY_LATE_AIRCRAFT|DELAY_CARRIER
RDU,10,54,-3.69,-10.26,5,33.0,29.6,1,116.0,98.0,DELAY_LATE_AIRCRAFT|DELAY_NAS|CANC_WEATHER
RDU,11,46,-4.07,-8.85,4,35.0,25.25,1,183.0,196.0,DELAY_NAS|DELAY_CARRIER|DELAY_LATE_AIRCRAFT
RDU,12,42,-2.57,-7.29,4,28.0,17.0,3,112.67,107.33,DELAY_LATE_AIRCRAFT|DELAY_NAS
RFD,2,1,-20.0,-23.0,0,,,0,,,N/D
RFD,5,1,1.0,-6.0,0,,,0,,,N/D
RFD,7,1,-9.0,-10.0,0,,,0,,,N/D
RFD,9,1,0.0,26.0,0,,,0,,,DELAY_NAS
RFD,12,1,-4.0,21.0,0,,,0,,,DELAY_NAS
RHI,2,3,-9.0,-31.33,0,,,0,,,N/D
RHI,6,1,-8.0,-22.0,0,,,0,,,N/D
RHI,7,2,-3.0,3.5,0,,,0,,,DELAY_NAS
RHI,8,0,,,1,51.0,52.0,0,,,DELAY_WEATHER
RHI,9,1,-7.0,-24.0,0,,,0,,,N/D
RHI,11,3,-2.0,-31.67,0,,,0,,,N/D
RHI,12,1,-11.0,-37.0,0,,,0,,,N/D
RIC,1,12,-4.75,-10.0,2,23.0,26.0,0,,,DELAY_CARRIER|DELAY_NAS|DELAY_SECURITY
RIC,2,9,-2.44,-15.67,1,26.0,23.0,1,70.0,50.0,DELAY_LATE_AIRCRAFT
RIC,3,8,-2.25,-8.88,1,27.0,6.0,0,,,N/D
RIC,4,8,-4.5,-9.88,4,29.5,23.75,0,,,DELAY_CARRIER|DELAY_LATE_AIRCRAFT|DELAY_NAS
RIC,5,15,0.47,-8.93,4,40.0,35.5,4,123.25,136.5,DELAY_CARRIER|DELAY_LATE_AIRCRAFT|DELAY_WEATHER
RIC,6,6,-3.17,-17.33,6,33.67,27.67,3,115.33,93.33,DELAY_LATE_AIRCRAFT|CANC_WEATHER|DELAY_CARRIER
RIC,7,12,-2.33,-13.83,2,42.0,46.0,2,192.0,198.0,DELAY_CARRIER|CANC_CARRIER|DELAY_NAS
RIC,8,19,-3.53,-8.0,1,27.0,20.0,0,,,CANC_CARRIER|DELAY_LATE_AIRCRAFT|DELAY_NAS
RIC,9,17,-4.35,-5.18,1,48.0,38.0,0,,,DELAY_NAS
RIC,10,14,-5.93,-13.29,0,,,0,,,N/D
RIC,11,12,-5.17,-9.58,3,31.67,18.33,1,75.0,56.0,DELAY_CARRIER|DELAY_LATE_AIRCRAFT
RIC,12,7,-1.43,-7.43,1,34.0,27.0,1,99.0,68.0,DELAY_LATE_AIRCRAFT|DELAY_NAS
RIW,1,1,-2.0,-2.0,0,,,0,,,N/D
RIW,2,1,-9.0,-20.0,0,,,1,321.0,317.0,DELAY_CARRIER
RIW,5,1,-10.0,-18.0,0,,,1,140.0,158.0,DELAY_NAS
RIW,7,1,-7.0,-23.0,0,,,0,,,N/D
RIW,8,0,,,0,,,1,147.0,146.0,DELAY_LATE_AIRCRAFT
RIW,9,0,,,0,,,1,82.0,74.0,DELAY_CARRIER
RIW,10,1,-1.0,-1.0,0,,,0,,,N/D
RIW,11,1,-6.0,-15.0,0,,,0,,,N/D
RKS,6,0,,,0,,,1,149.0,154.0,DELAY_CARRIER
RKS,10,1,-5.0,13.0,0,,,0,,,N/D
RKS,11,1,0.0,9.0,0,,,0,,,N/D
RNO,1,20,-2.8,-13.3,5,36.2,34.6,1,87.0,76.0,DELAY_LATE_AIRCRAFT|DELAY_CARRIER|DELAY_NAS
RNO,2,13,-3.38,-5.46,0,,,1,63.0,124.0,DELAY_NAS
RNO,3,11,-1.18,-6.09,3,33.67,40.33,2,159.0,153.0,DELAY_LATE_AIRCRAFT|DELAY_NAS|DELAY_CARRIER
RNO,4,13,-3.77,-7.08,2,40.0,25.5,1,594.0,583.0,DELAY_LATE_AIRCRAFT|DELAY_CARRIER
RNO,5,20,-3.95,-10.7,4,33.75,30.5,0,,,DELAY_LATE_AIRCRAFT|DELAY_NAS
RNO,6,12,-0.75,-5.67,0,,,3,121.67,112.67,DELAY_LATE_AIRCRAFT|DELAY_CARRIER
RNO,7,8,-1.12,-3.75,1,20.0,11.0,2,255.5,246.5,DELAY_LATE_AIRCRAFT|CANC_CARRIER|DELAY_CARRIER
RNO,8,14,-6.5,-9.79,1,25.0,16.0,0,,,DELAY_CARRIER
RNO,9,14,-0.93,-6.86,1,22.0,14.0,1,123.0,123.0,DELAY_LATE_AIRCRAFT
RNO,10,9,-6.0,-9.0,0,,,0,,,CANC_CARRIER|DELAY_NAS
RNO,11,17,-3.06,-3.29,2,34.5,35.0,1,149.0,160.0,DELAY_NAS|CANC_CARRIER|DELAY_LATE_AIRCRAFT
RNO,12,15,-3.67,-15.6,3,22.67,14.67,2,146.5,144.5,DELAY_LATE_AIRCRAFT|DELAY_WEATHER
ROA,1,1,-5.0,-8.0,0,,,1,138.0,134.0,DELAY_LATE_AIRCRAFT
ROA,2,3,-7.67,-8.0,0,,,0,,,N/D
ROA,3,4,-5.25,-10.75,1,30.0,29.0,0,,,DELAY_LATE_AIRCRAFT
ROA,4,1,-8.0,-11.0,0,,,0,,,N/D
ROA,5,2,-4.5,-12.0,0,,,0,,,N/D
ROA,6,1,-9.0,-6.0,0,,,0,,,N/D
ROA,7,6,-0.33,2.17,1,60.0,74.0,0,,,DELAY_CARRIER|DELAY_NAS
ROA,8,1,-3.0,-19.0,0,,,0,,,N/D
ROA,9,1,8.0,5.0,0,,,0,,,N/D
ROA,10,2,-0.5,-7.5,0,,,0,,,N/D
ROA,11,3,-5.0,-12.0,0,,,0,,,N/D
ROA,12,2,-8.5,-25.0,1,15.0,-5.0,1,81.0,92.0,CANC_WEATHER|DELAY_LATE_AIRCRAFT
ROC,1,4,-3.0,-20.75,0,,,3,106.67,121.67,DELAY_LATE_AIRCRAFT
ROC,2,10,-5.4,-7.1,0,,,0,,,DELAY_NAS
ROC,3,6,-7.0,-16.33,1,37.0,8.0,0,,,N/D
ROC,4,4,-2.0,-2.25,0,,,0,,,DELAY_NAS
ROC,5,12,-3.83,-9.75,0,,,0,,,DELAY_NAS
ROC,6,5,-6.4,-11.0,2,16.5,3.5,1,67.0,50.0,DELAY_LATE_AIRCRAFT
ROC,7,10,-3.1,-9.7,5,23.4,23.2,1,80.0,71.0,DELAY_CARRIER|DELAY_NAS|DELAY_LATE_AIRCRAFT
ROC,8,4,2.5,-2.75,4,24.0,25.25,0,,,DELAY_CARRIER|DELAY_LATE_AIRCRAFT
ROC,9,4,-4.0,-2.75,0,,,0,,,DELAY_NAS
ROC,10,10,-4.7,-14.0,1,45.0,55.0,1,223.0,200.0,DELAY_CARRIER|DELAY_LATE_AIRCRAFT
ROC,11,8,-0.5,-2.62,2,34.5,27.0,0,,,DELAY_LATE_AIRCRAFT
ROC,12,8,1.0,-4.75,2,30.0,25.5,0,,,DELAY_CARRIER|DELAY_LATE_AIRCRAFT
ROW,2,1,-6.0,-17.0,0,,,0,,,N/D
ROW,5,3,-5.33,-16.67,1,49.0,44.0,1,65.0,56.0,DELAY_CARRIER|DELAY_WEATHER
ROW,7,1,-4.0,-1.0,0,,,0,,,N/D
ROW,9,1,-9.0,-9.0,0,,,0,,,N/D
ROW,10,1,6.0,2.0,0,,,0,,,N/D
ROW,11,2,-1.0,0.5,0,,,0,,,N/D
ROW,12,1,3.0,-5.0,1,36.0,20.0,0,,,DELAY_LATE_AIRCRAFT
RST,2,2,-6.0,-27.0,1,23.0,13.0,0,,,N/D
RST,3,2,-6.5,-25.5,0,,,0,,,N/D
RST,4,0,,,0,,,1,467.0,459.0,DELAY_CARRIER
RST,5,2,-6.5,-15.5,0,,,0,,,N/D
RST,7,1,-6.0,-9.0,0,,,0,,,N/D
RST,8,2,-0.5,0.0,0,,,0,,,N/D
RST,9,1,-10.0,-20.0,0,,,0,,,N/D
RST,12,0,,,0,,,1,62.0,71.0,DELAY_CARRIER
RSW,1,24,-3.04,-11.25,2,52.0,29.5,1,243.0,230.0,CANC_WEATHER|DELAY_LATE_AIRCRAFT|DELAY_NAS
RSW,2,35,-3.91,-3.89,4,33.75,38.25,0,,,DELAY_NAS|DELAY_LATE_AIRCRAFT
RSW,3,27,-3.78,-8.3,6,26.5,21.17,4,135.0,123.75,DELAY_LATE_AIRCRAFT|DELAY_CARRIER|DELAY_NAS
RSW,4,21,-5.48,-12.86,2,30.5,29.0,1,244.0,234.0,DELAY_LATE_AIRCRAFT|DELAY_CARRIER|DELAY_NAS
RSW,5,23,-3.09,-7.74,3,37.67,34.0,3,159.67,200.33,DELAY_LATE_AIRCRAFT|DELAY_NAS
RSW,6,17,-2.94,-9.0,2,32.5,24.0,3,162.33,144.33,DELAY_LATE_AIRCRAFT|DELAY_CARRIER
RSW,7,16,-6.38,-10.44,1,58.0,45.0,1,167.0,157.0,DELAY_NAS|DELAY_CARRIER|DELAY_LATE_AIRCRAFT
RSW,8,19,-4.37,-8.79,4,34.75,25.0,0,,,DELAY_LATE_AIRCRAFT|DELAY_CARRIER|DELAY_NAS
RSW,9,18,-8.61,-13.5,0,,,2,88.5,84.0,CANC_WEATHER|DELAY_LATE_AIRCRAFT|DELAY_WEATHER
RSW,10,18,-6.5,-14.72,1,45.0,32.0,0,,,CANC_NAS|CANC_WEATHER|DELAY_CARRIER
RSW,11,33,-5.7,-13.06,4,31.75,32.0,0,,,DELAY_LATE_AIRCRAFT|DELAY_NAS
RSW,12,24,-5.04,-10.0,6,33.5,21.0,5,140.0,128.4,DELAY_LATE_AIRCRAFT|DELAY_CARRIER|DELAY_NAS
SAF,1,1,-5.0,15.0,0,,,0,,,DELAY_CARRIER
SAF,2,1,-8.0,7.0,0,,,0,,,N/D
SAF,4,1,1.0,160.0,0,,,0,,,DELAY_NAS
SAF,5,2,-9.0,-16.0,1,25.0,20.0,0,,,DELAY_WEATHER
SAF,6,3,-3.67,-9.67,1,15.0,16.0,0,,,DELAY_CARRIER
SAF,7,2,-9.5,-20.5,0,,,1,144.0,137.0,DELAY_CARRIER
SAF,8,2,-9.0,0.5,0,,,1,70.0,60.0,DELAY_CARRIER
SAF,9,1,-10.0,-29.0,0,,,0,,,N/D
SAF,10,6,-4.17,-13.33,1,16.0,16.0,0,,,DELAY_CARRIER
SAF,11,1,-5.0,-24.0,0,,,0,,,CANC_WEATHER
SAF,12,1,-15.0,-29.0,2,27.0,11.0,0,,,N/D
SAN,1,57,-1.33,-4.75,10,32.9,24.8,3,115.67,120.0,DELAY_LATE_AIRCRAFT|DELAY_NAS|CANC_CARRIER
SAN,2,64,-2.22,-12.77,5,41.4,34.6,6,101.5,101.33,DELAY_LATE_AIRCRAFT|CANC_CARRIER|DELAY_NAS
SAN,3,54,-2.19,-7.8,12,34.92,23.92,3,71.0,60.67,DELAY_LATE_AIRCRAFT|DELAY_NAS|DELAY_CARRIER
SAN,4,69,-2.23,-6.3,9,33.33,24.44,6,98.0,116.0,DELAY_NAS|DELAY_LATE_AIRCRAFT|DELAY_CARRIER
SAN,5,74,-1.68,-5.24,15,35.07,24.07,7,124.14,114.0,DELAY_LATE_AIRCRAFT|DELAY_CARRIER|DELAY_NAS
SAN,6,70,-0.63,-4.79,13,33.31,32.77,5,110.2,109.0,DELAY_LATE_AIRCRAFT|DELAY_NAS|DELAY_CARRIER
SAN,7,65,-2.92,1.72,14,34.79,31.86,8,120.5,127.12,DELAY_LATE_AIRCRAFT|DELAY_NAS|DELAY_CARRIER
SAN,8,68,-2.46,-5.1,8,26.38,19.0,3,95.67,100.67,DELAY_LATE_AIRCRAFT|DELAY_NAS|CANC_CARRIER
SAN,9,70,-2.57,-4.9,10,38.1,39.5,6,82.83,71.5,DELAY_LATE_AIRCRAFT|DELAY_NAS|DELAY_CARRIER
SAN,10,66,-2.08,-4.58,9,39.22,46.33,9,153.22,153.44,DELAY_LATE_AIRCRAFT|DELAY_NAS|DELAY_CARRIER
SAN,11,68,-3.74,-8.09,13,36.08,38.92,6,121.0,129.5,DELAY_LATE_AIRCRAFT|DELAY_NAS|DELAY_CARRIER
SAN,12,51,-1.47,-6.65,15,29.2,34.6,12,167.75,164.75,DELAY_LATE_AIRCRAFT|DELAY_CARRIER|DELAY_NAS
SAT,1,30,-4.0,-10.17,3,37.67,33.67,1,268.0,278.0,DELAY_LATE_AIRCRAFT|DELAY_NAS|CANC_WEATHER
SAT,2,26,-2.77,-6.73,0,,,1,111.0,110.0,DELAY_NAS|DELAY_CARRIER
SAT,3,27,-3.74,-8.67,4,22.0,8.0,4,140.5,154.5,DELAY_NAS|DELAY_CARRIER|DELAY_WEATHER
SAT,4,27,-2.33,-6.48,2,30.0,22.0,2,112.0,180.0,DELAY_NAS|DELAY_CARRIER
SAT,5,36,-0.47,-7.89,7,29.57,16.43,4,122.75,124.25,DELAY_CARRIER|DELAY_NAS|DELAY_LATE_AIRCRAFT
SAT,6,27,-1.74,-8.22,7,24.57,19.86,1,68.0,45.0,DELAY_LATE_AIRCRAFT|DELAY_CARRIER
SAT,7,30,-1.77,-6.8,3,31.0,41.33,4,181.0,181.25,DELAY_LATE_AIRCRAFT|CANC_CARRIER|CANC_WEATHER
SAT,8,23,-3.65,-10.35,3,28.0,32.67,1,163.0,150.0,DELAY_LATE_AIRCRAFT|DELAY_CARRIER|DELAY_NAS
SAT,9,35,-4.6,-11.71,4,34.75,34.25,2,75.5,66.5,DELAY_CARRIER|DELAY_LATE_AIRCRAFT|DELAY_NAS
SAT,10,36,-4.89,-8.61,3,32.33,24.0,0,,,DELAY_NAS|DELAY_CARRIER|DELAY_LATE_AIRCRAFT
SAT,11,26,-4.58,-12.31,2,22.0,18.0,2,89.0,77.5,DELAY_LATE_AIRCRAFT|CANC_WEATHER
SAT,12,25,-2.96,-10.56,2,28.0,20.0,2,72.5,66.5,DELAY_LATE_AIRCRAFT|DELAY_NAS
SAV,1,8,-7.88,-22.88,1,57.0,51.0,0,,,CANC_WEATHER|DELAY_NAS
SAV,2,16,-8.19,-12.62,0,,,1,333.0,332.0,DELAY_CARRIER
SAV,3,12,-4.08,-11.92,2,33.5,19.5,1,274.0,280.0,DELAY_LATE_AIRCRAFT|CANC_CARRIER
SAV,4,12,-3.25,7.67,1,33.0,44.0,0,,,DELAY_NAS|DELAY_LATE_AIRCRAFT
SAV,5,20,-5.55,-5.05,3,30.67,26.67,4,139.0,140.25,DELAY_LATE_AIRCRAFT|DELAY_NAS|DELAY_WEATHER
SAV,6,17,-3.88,-8.18,4,24.0,17.0,2,125.5,117.0,DELAY_LATE_AIRCRAFT|DELAY_CARRIER|DELAY_NAS
SAV,7,11,-2.09,-9.45,3,38.33,27.33,1,117.0,110.0,DELAY_LATE_AIRCRAFT
SAV,8,7,-5.0,-13.14,2,43.5,44.0,0,,,CANC_CARRIER|DELAY_CARRIER|DELAY_NAS
SAV,9,16,-2.0,-4.94,0,,,0,,,DELAY_NAS|CANC_WEATHER
SAV,10,10,-4.3,-4.9,1,29.0,13.0,0,,,DELAY_NAS
SAV,11,20,-3.1,-10.2,3,25.67,9.33,1,122.0,112.0,DELAY_LATE_AIRCRAFT
SAV,12,17,-2.76,-11.29,5,29.4,17.6,1,184.0,179.0,DELAY_CARRIER|DELAY_LATE_AIRCRAFT|DELAY_NAS
SBA,1,3,-7.33,-9.0,0,,,0,,,N/D
SBA,2,3,-5.0,-5.67,0,,,0,,,DELAY_NAS
SBA,3,3,-0.33,-0.33,1,22.0,29.0,0,,,DELAY_NAS
SBA,4,4,-6.0,-15.0,0,,,1,62.0,79.0,CANC_WEATHER|DELAY_NAS
SBA,5,3,-7.33,-14.67,0,,,1,77.0,71.0,DELAY_LATE_AIRCRAFT
SBA,6,2,6.0,-6.0,0,,,1,79.0,105.0,DELAY_WEATHER
SBA,7,3,-0.33,-7.33,1,18.0,24.0,0,,,DELAY_CARRIER
SBA,8,7,-4.14,-8.57,0,,,0,,,CANC_CARRIER
SBA,9,6,-4.83,-8.5,0,,,1,305.0,292.0,DELAY_LATE_AIRCRAFT
SBA,10,5,-2.6,-5.4,2,49.0,48.5,1,108.0,98.0,DELAY_CARRIER|DELAY_WEATHER
SBA,11,6,-4.83,-11.17,1,19.0,14.0,0,,,N/D
SBA,12,5,-5.0,-12.4,1,23.0,-2.0,0,,,N/D
SBN,1,2,-9.0,-30.5,4,27.75,10.0,1,249.0,270.0,CANC_WEATHER|DELAY_CARRIER|DELAY_WEATHER
SBN,2,4,-7.5,-13.0,0,,,0,,,N/D
SBN,3,8,-6.5,-18.5,2,24.5,-4.5,0,,,DELAY_NAS
SBN,4,3,-8.0,-22.33,0,,,0,,,N/D
SBN,5,4,-0.25,-4.0,2,33.5,20.5,2,230.5,221.5,DELAY_LATE_AIRCRAFT
SBN,6,4,-4.5,-7.0,0,,,0,,,DELAY_CARRIER
SBN,7,4,-3.75,-15.75,0,,,1,78.0,67.0,DELAY_CARRIER
SBN,8,5,-11.2,-16.0,1,21.0,13.0,1,88.0,88.0,DELAY_LATE_AIRCRAFT
SBN,9,3,-5.0,-0.33,0,,,0,,,DELAY_NAS
SBN,10,6,-2.0,-13.33,1,42.0,34.0,1,87.0,81.0,DELAY_LATE_AIRCRAFT
SBN,11,6,-4.5,-15.83,1,32.0,20.0,0,,,DELAY_CARRIER
SBN,12,5,-9.4,-18.8,0,,,0,,,N/D
SBP,1,5,-8.6,-5.0,1,15.0,-3.0,0,,,DELAY_NAS
SBP,2,1,-5.0,-17.0,0,,,0,,,N/D
SBP,3,2,-1.5,1.5,0,,,1,82.0,73.0,DELAY_CARRIER
SBP,4,6,-6.0,-12.67,1,33.0,33.0,0,,,DELAY_SECURITY
SBP,5,2,-0.5,0.5,0,,,0,,,N/D
SBP,6,3,-7.33,-13.33,0,,,1,93.0,103.0,DELAY_LATE_AIRCRAFT
SBP,7,1,-9.0,5.0,1,18.0,7.0,1,69.0,56.0,DELAY_LATE_AIRCRAFT
SBP,9,1,-10.0,-22.0,0,,,1,86.0,76.0,DELAY_CARRIER
SBP,10,1,-8.0,6.0,1,38.0,103.0,0,,,DELAY_NAS
SBP,11,4,-5.25,-12.0,1,45.0,51.0,0,,,DELAY_NAS
SBP,12,3,-4.0,-16.67,1,36.0,21.0,1,81.0,73.0,DELAY_LATE_AIRCRAFT
SCC,2,1,-16.0,-23.0,0,,,0,,,N/D
SCC,5,2,-23.0,-30.0,0,,,0,,,N/D
SCC,6,2,-15.5,-23.0,0,,,0,,,N/D
SCE,1,1,-10.0,-8.0,0,,,0,,,N/D
SCE,2,2,-10.0,-32.0,0,,,0,,,N/D
SCE,3,1,-7.0,-23.0,0,,,0,,,N/D
SCE,5,1,-10.0,-31.0,1,28.0,15.0,0,,,DELAY_LATE_AIRCRAFT
SCE,6,1,-5.0,-12.0,0,,,0,,,N/D
SCE,8,1,-9.0,-18.0,0,,,0,,,N/D
SCK,1,0,,,0,,,1,99.0,110.0,DELAY_LATE_AIRCRAFT
SCK,3,0,,,1,33.0,52.0,0,,,DELAY_LATE_AIRCRAFT
SCK,6,0,,,1,34.0,30.0,0,,,DELAY_LATE_AIRCRAFT
SCK,10,1,0.0,3.0,1,34.0,31.0,0,,,DELAY_LATE_AIRCRAFT
SCK,11,0,,,1,49.0,43.0,0,,,DELAY_LATE_AIRCRAFT
SCK,12,1,-11.0,-19.0,0,,,1,218.0,229.0,DELAY_WEATHER
SDF,1,20,-3.75,-5.8,4,30.75,20.75,0,,,DELAY_LATE_AIRCRAFT|CANC_CARRIER|CANC_WEATHER
SDF,2,12,-4.5,-6.92,3,31.67,25.67,1,175.0,165.0,DELAY_CARRIER|DELAY_LATE_AIRCRAFT|DELAY_NAS
SDF,3,18,-6.61,-14.22,3,28.67,17.0,0,,,CANC_WEATHER|DELAY_LATE_AIRCRAFT
SDF,4,22,-3.09,-8.5,3,30.67,27.33,2,182.5,195.5,DELAY_CARRIER|DELAY_NAS|CANC_NAS
SDF,5,18,-3.44,-9.56,3,42.0,35.0,1,91.0,87.0,DELAY_CARRIER|DELAY_LATE_AIRCRAFT
SDF,6,23,-3.35,-9.35,2,30.5,30.0,0,,,DELAY_CARRIER|DELAY_LATE_AIRCRAFT|DELAY_NAS
SDF,7,9,-1.67,-6.22,5,27.4,29.4,0,,,DELAY_LATE_AIRCRAFT|CANC_CARRIER|DELAY_CARRIER
SDF,8,10,-5.4,-10.4,5,33.8,35.8,1,307.0,325.0,DELAY_LATE_AIRCRAFT|DELAY_NAS|DELAY_WEATHER
SDF,9,23,-7.04,-9.96,3,30.33,21.67,3,68.0,65.67,DELAY_NAS|DELAY_LATE_AIRCRAFT|DELAY_CARRIER
SDF,10,22,-6.45,-12.91,1,29.0,9.0,1,1260.0,1275.0,DELAY_CARRIER
SDF,11,17,-5.59,-12.71,0,,,1,68.0,81.0,DELAY_CARRIER|DELAY_NAS
SDF,12,21,-4.33,-14.05,2,22.5,16.0,0,,,DELAY_CARRIER|DELAY_LATE_AIRCRAFT
SEA,1,73,-1.4,-9.22,16,33.06,23.75,5,107.4,99.4,CANC_CARRIER|DELAY_CARRIER|DELAY_LATE_AIRCRAFT
SEA,2,111,-4.28,-6.62,12,29.5,32.33,2,97.0,92.5,DELAY_NAS|DELAY_LATE_AIRCRAFT|DELAY_CARRIER
SEA,3,104,-1.98,-8.08,17,27.71,20.18,3,190.33,193.67,DELAY_CARRIER|DELAY_NAS|CANC_CARRIER
SEA,4,113,-3.28,-8.6,16,36.19,30.12,5,129.0,122.0,DELAY_LATE_AIRCRAFT|DELAY_CARRIER|DELAY_NAS
SEA,5,102,-1.46,-6.64,27,31.41,29.78,8,108.12,97.38,DELAY_LATE_AIRCRAFT|DELAY_CARRIER|DELAY_NAS
SEA,6,101,-1.16,-6.1,31,31.87,23.52,11,205.0,191.09,DELAY_LATE_AIRCRAFT|DELAY_CARRIER|DELAY_NAS
SEA,7,107,-0.49,-3.02,28,31.25,27.71,8,124.62,113.0,DELAY_LATE_AIRCRAFT|DELAY_CARRIER|DELAY_NAS
SEA,8,110,-1.72,-4.77,25,33.24,38.36,11,100.36,102.45,DELAY_LATE_AIRCRAFT|DELAY_NAS|DELAY_CARRIER
SEA,9,117,-2.54,-6.28,23,33.57,31.57,8,79.38,77.75,DELAY_LATE_AIRCRAFT|DELAY_CARRIER|DELAY_NAS
SEA,10,101,-3.4,-7.8,15,34.93,29.53,5,170.6,159.0,DELAY_LATE_AIRCRAFT|DELAY_CARRIER|DELAY_NAS
SEA,11,126,-3.58,-9.17,11,28.82,18.27,2,71.0,62.5,DELAY_NAS|DELAY_LATE_AIRCRAFT|DELAY_CARRIER
SEA,12,80,-0.79,-9.61,9,36.11,19.22,5,119.2,109.4,DELAY_NAS|DELAY_LATE_AIRCRAFT|DELAY_CARRIER
SFB,1,4,-3.5,-3.25,0,,,0,,,DELAY_NAS
SFB,2,8,-2.0,-5.38,2,29.0,31.0,0,,,DELAY_CARRIER|DELAY_LATE_AIRCRAFT
SFB,3,4,-10.5,-11.0,2,43.0,29.5,1,128.0,124.0,DELAY_CARRIER|DELAY_LATE_AIRCRAFT|DELAY_WEATHER
SFB,4,10,-5.8,-4.1,2,28.5,2.0,0,,,DELAY_LATE_AIRCRAFT
SFB,5,10,-5.5,-7.4,0,,,1,113.0,110.0,DELAY_CARRIER|DELAY_NAS
SFB,6,11,-2.36,-4.64,0,,,1,103.0,94.0,DELAY_CARRIER
SFB,7,7,-2.43,-11.86,3,42.67,45.67,2,474.0,462.0,DELAY_CARRIER|DELAY_LATE_AIRCRAFT|DELAY_WEATHER
SFB,8,4,-1.25,4.0,0,,,0,,,CANC_CARRIER|DELAY_NAS
SFB,9,4,-3.0,-8.75,0,,,1,72.0,62.0,DELAY_CARRIER
SFB,10,6,-2.33,-11.0,0,,,0,,,CANC_WEATHER
SFB,11,9,-1.78,4.44,2,26.0,24.5,2,92.5,98.5,DELAY_LATE_AIRCRAFT|DELAY_NAS|DELAY_CARRIER
SFB,12,9,-5.22,-7.0,1,34.0,24.0,2,111.0,89.0,DELAY_CARRIER|DELAY_LATE_AIRCRAFT
SFO,1,62,-2.6,-7.24,9,33.0,30.11,6,287.67,263.67,DELAY_LATE_AIRCRAFT|DELAY_NAS|CANC_CARRIER
SFO,2,55,-2.33,-11.69,18,35.72,23.0,10,124.8,121.9,DELAY_LATE_AIRCRAFT|DELAY_CARRIER|DELAY_NAS
SFO,3,90,-1.99,-8.97,17,31.76,23.47,12,139.25,133.58,DELAY_LATE_AIRCRAFT|DELAY_NAS|DELAY_CARRIER
SFO,4,68,-3.37,-12.07,19,34.79,35.11,10,120.5,122.0,DELAY_LATE_AIRCRAFT|DELAY_NAS|DELAY_CARRIER
SFO,5,88,-1.43,-12.26,22,38.77,25.68,6,102.67,96.5,DELAY_LATE_AIRCRAFT|DELAY_CARRIER|DELAY_NAS
SFO,6,74,-1.95,-11.62,16,24.25,13.81,9,131.44,131.0,DELAY_LATE_AIRCRAFT|DELAY_CARRIER|DELAY_NAS
SFO,7,106,-2.08,-9.23,11,25.45,21.18,16,184.94,171.38,DELAY_CARRIER|DELAY_LATE_AIRCRAFT|CANC_CARRIER
SFO,8,99,-3.56,-12.25,13,41.54,34.69,7,138.29,127.86,DELAY_LATE_AIRCRAFT|DELAY_NAS|DELAY_CARRIER
SFO,9,86,-3.3,-7.09,12,31.75,22.67,2,96.0,108.5,DELAY_NAS|DELAY_LATE_AIRCRAFT|DELAY_CARRIER
SFO,10,86,-2.63,-7.97,16,32.38,24.12,9,80.89,70.22,DELAY_LATE_AIRCRAFT|DELAY_CARRIER|DELAY_NAS
SFO,11,100,-2.02,-6.78,21,30.95,26.38,8,85.25,79.62,DELAY_LATE_AIRCRAFT|DELAY_NAS|DELAY_CARRIER
SFO,12,94,-2.59,-7.31,16,32.75,25.06,15,122.47,115.27,DELAY_LATE_AIRCRAFT|DELAY_NAS|DELAY_CARRIER
SGF,1,3,-3.33,-6.33,1,32.0,32.0,0,,,DELAY_CARRIER
SGF,2,4,-4.75,-5.5,1,35.0,19.0,0,,,DELAY_WEATHER
SGF,3,6,2.83,-4.33,0,,,0,,,N/D
SGF,4,9,-2.33,-16.22,0,,,0,,,CANC_NAS
SGF,5,4,-6.0,-14.25,0,,,0,,,N/D
SGF,6,13,-2.92,-3.92,2,25.0,12.5,0,,,DELAY_CARRIER|DELAY_LATE_AIRCRAFT|DELAY_NAS
SGF,7,4,-3.0,-15.5,1,51.0,47.0,2,152.0,167.5,DELAY_LATE_AIRCRAFT|DELAY_NAS
SGF,8,9,-5.44,-15.0,3,25.33,26.0,1,73.0,83.0,DELAY_CARRIER|DELAY_NAS
SGF,9,6,-3.0,-9.17,2,35.0,19.5,0,,,DELAY_CARRIER
SGF,10,9,-5.0,-8.33,1,20.0,-1.0,0,,,DELAY_CARRIER
SGF,11,5,-6.2,-11.0,1,17.0,29.0,0,,,DELAY_CARRIER|DELAY_NAS
SGF,12,7,-4.0,0.43,1,18.0,10.0,1,104.0,101.0,DELAY_CARRIER|DELAY_NAS
SGU,1,2,1.5,-9.5,0,,,0,,,N/D
SGU,2,1,-2.0,6.0,1,19.0,53.0,0,,,DELAY_NAS
SGU,3,3,-5.0,-5.33,0,,,0,,,N/D
SGU,4,2,-5.0,-6.5,0,,,1,1033.0,1028.0,DELAY_CARRIER
SGU,5,6,-6.67,-14.5,0,,,0,,,N/D
SGU,6,2,-13.0,-5.5,0,,,0,,,N/D
SGU,7,2,-2.5,-8.0,0,,,0,,,N/D
SGU,8,1,-4.0,2.0,0,,,0,,,N/D
SGU,10,4,-5.5,-0.5,1,40.0,35.0,0,,,DELAY_CARRIER|DELAY_NAS
SGU,11,2,-9.0,-25.5,0,,,1,77.0,63.0,DELAY_LATE_AIRCRAFT
SGU,12,4,-6.25,-12.0,0,,,0,,,N/D
SHR,5,1,-19.0,-13.0,0,,,0,,,N/D
SHR,6,0,,,1,35.0,27.0,0,,,DELAY_CARRIER
SHR,7,1,-10.0,54.0,0,,,0,,,DELAY_CARRIER
SHR,8,1,-10.0,-3.0,0,,,0,,,N/D
SHR,10,2,-5.0,-9.5,0,,,0,,,N/D
SHR,11,2,-9.5,-19.0,0,,,0,,,N/D
SHR,12,1,-11.0,-20.0,0,,,0,,,N/D
SHV,1,2,2.5,15.0,0,,,0,,,DELAY_NAS
SHV,2,2,-2.0,7.0,1,20.0,22.0,0,,,DELAY_LATE_AIRCRAFT
SHV,3,1,-11.0,-7.0,0,,,0,,,N/D
SHV,4,1,-11.0,-20.0,0,,,1,144.0,130.0,DELAY_WEATHER
SHV,5,3,-0.67,5.67,1,16.0,24.0,3,174.33,169.67,DELAY_LATE_AIRCRAFT|DELAY_CARRIER|DELAY_WEATHER
SHV,6,3,-9.0,-13.67,1,15.0,16.0,1,168.0,149.0,DELAY_CARRIER|DELAY_LATE_AIRCRAFT
SHV,7,4,-5.25,-7.0,3,29.33,22.0,1,156.0,155.0,DELAY_LATE_AIRCRAFT|CANC_CARRIER|DELAY_CARRIER
SHV,8,4,-0.5,0.5,0,,,0,,,DELAY_NAS
SHV,9,4,-8.75,-14.5,0,,,0,,,N/D
SHV,10,6,-5.83,-14.83,2,25.5,26.5,0,,,DELAY_LATE_AIRCRAFT
SHV,11,3,-5.0,-9.67,0,,,0,,,N/D
SHV,12,4,-5.0,-11.25,0,,,0,,,N/D
SIT,2,0,,,0,,,2,87.5,95.5,DELAY_CARRIER|DELAY_LATE_AIRCRAFT
SIT,6,1,-13.0,-6.0,0,,,0,,,N/D
SIT,7,2,-2.5,-12.0,0,,,0,,,N/D
SIT,8,0,,,1,55.0,50.0,0,,,DELAY_LATE_AIRCRAFT
SIT,9,1,-17.0,-10.0,0,,,0,,,N/D
SIT,10,1,-17.0,-16.0,0,,,0,,,N/D
SIT,11,1,-20.0,-23.0,0,,,0,,,N/D
SJC,1,26,-3.65,-6.54,1,38.0,30.0,1,63.0,71.0,DELAY_LATE_AIRCRAFT|DELAY_NAS|CANC_CARRIER
SJC,2,37,-4.41,-11.76,1,24.0,13.0,1,147.0,141.0,CANC_NAS|DELAY_LATE_AIRCRAFT
SJC,3,24,-4.79,-9.17,7,25.14,22.0,2,77.0,74.0,DELAY_LATE_AIRCRAFT|DELAY_NAS|CANC_CARRIER
SJC,4,35,-2.83,-7.46,2,30.0,29.0,2,77.5,71.0,DELAY_LATE_AIRCRAFT|DELAY_CARRIER|DELAY_NAS
SJC,5,27,-1.7,-9.0,6,28.0,24.33,1,181.0,176.0,DELAY_CARRIER|DELAY_LATE_AIRCRAFT|CANC_CARRIER
SJC,6,27,-0.78,-4.0,11,26.82,20.09,0,,,DELAY_LATE_AIRCRAFT|DELAY_NAS
SJC,7,30,-1.2,-3.23,3,24.67,16.33,1,80.0,63.0,DELAY_CARRIER|DELAY_NAS
SJC,8,36,-3.78,-7.03,8,30.88,24.62,2,139.0,150.0,DELAY_CARRIER|DELAY_LATE_AIRCRAFT|DELAY_NAS
SJC,9,44,-3.91,-7.18,6,25.33,27.17,2,149.5,136.5,DELAY_CARRIER|DELAY_LATE_AIRCRAFT|DELAY_NAS
SJC,10,34,-3.06,-8.09,4,29.5,26.5,3,204.67,215.33,DELAY_CARRIER|DELAY_LATE_AIRCRAFT
SJC,11,41,-3.93,-9.07,3,25.67,15.0,0,,,DELAY_LATE_AIRCRAFT|DELAY_NAS
SJC,12,29,-2.21,-11.1,1,25.0,18.0,2,147.5,138.0,DELAY_LATE_AIRCRAFT|DELAY_CARRIER
SJT,1,1,-11.0,-10.0,0,,,0,,,N/D
SJT,2,1,-11.0,-19.0,0,,,0,,,N/D
SJT,3,2,-8.5,-16.5,0,,,0,,,N/D
SJT,6,3,-4.67,-7.0,0,,,0,,,N/D
SJT,9,1,-7.0,-3.0,0,,,1,431.0,423.0,DELAY_CARRIER
SJT,10,1,-6.0,-4.0,0,,,0,,,N/D
SJU,1,18,-4.39,-11.5,6,44.17,38.17,2,92.0,92.0,DELAY_LATE_AIRCRAFT|DELAY_CARRIER|DELAY_NAS
SJU,2,16,-6.19,-2.69,4,28.5,37.0,2,87.0,92.5,DELAY_LATE_AIRCRAFT|DELAY_NAS|DELAY_CARRIER
SJU,3,18,-3.56,-3.44,2,41.0,12.0,3,168.33,201.0,DELAY_LATE_AIRCRAFT|DELAY_NAS
SJU,4,31,-3.06,-8.71,3,31.67,31.33,2,78.0,61.5,DELAY_CARRIER|DELAY_NAS|DELAY_LATE_AIRCRAFT
SJU,5,26,-4.08,-8.46,1,24.0,20.0,2,107.5,106.0,DELAY_LATE_AIRCRAFT|CANC_WEATHER|DELAY_NAS
SJU,6,24,-4.58,-8.38,8,30.12,35.25,2,197.5,207.5,DELAY_CARRIER|DELAY_LATE_AIRCRAFT|DELAY_NAS
SJU,7,27,-2.85,-7.44,8,25.75,27.0,3,380.0,366.67,DELAY_CARRIER|DELAY_NAS|DELAY_LATE_AIRCRAFT
SJU,8,32,-3.41,-9.97,3,35.33,39.33,8,204.5,198.12,DELAY_LATE_AIRCRAFT|DELAY_NAS|DELAY_CARRIER
SJU,9,21,-3.24,-7.33,2,36.0,38.5,3,256.0,235.67,DELAY_CARRIER|DELAY_LATE_AIRCRAFT|DELAY_NAS
SJU,10,12,-5.42,-12.25,2,18.5,0.5,2,461.0,457.5,DELAY_CARRIER|DELAY_LATE_AIRCRAFT
SJU,11,21,-5.9,-16.33,3,28.33,8.33,0,,,DELAY_LATE_AIRCRAFT
SJU,12,20,-2.1,-8.6,2,38.5,34.5,2,127.0,118.0,DELAY_LATE_AIRCRAFT|DELAY_CARRIER
SLC,1,73,-3.22,-7.03,17,28.47,20.65,3,211.67,211.0,DELAY_CARRIER|DELAY_NAS|DELAY_LATE_AIRCRAFT
SLC,2,66,-2.8,-10.03,8,33.0,30.5,3,95.67,84.67,DELAY_LATE_AIRCRAFT|DELAY_NAS|DELAY_CARRIER
SLC,3,83,-3.04,-10.34,8,27.5,22.25,7,170.71,158.14,DELAY_CARRIER|DELAY_LATE_AIRCRAFT|DELAY_NAS
SLC,4,82,-3.61,-7.89,9,25.33,27.22,7,288.29,288.71,DELAY_NAS|DELAY_CARRIER|DELAY_LATE_AIRCRAFT
SLC,5,81,-2.75,-7.6,12,33.08,24.5,3,114.0,142.67,DELAY_CARRIER|DELAY_NAS|DELAY_LATE_AIRCRAFT
SLC,6,70,-3.53,-9.34,13,35.54,26.69,6,118.83,115.67,DELAY_CARRIER|DELAY_LATE_AIRCRAFT|DELAY_NAS
SLC,7,66,-3.35,-10.32,9,33.22,31.44,8,125.88,121.25,CANC_CARRIER|DELAY_CARRIER|DELAY_LATE_AIRCRAFT
SLC,8,90,-3.34,-5.76,10,37.5,31.1,6,164.17,155.5,DELAY_LATE_AIRCRAFT|DELAY_CARRIER|DELAY_NAS
SLC,9,65,-3.98,-6.03,8,25.12,13.38,5,94.6,90.2,DELAY_LATE_AIRCRAFT|DELAY_NAS|DELAY_CARRIER
SLC,10,82,-4.4,-9.66,14,29.57,22.86,3,182.33,174.67,DELAY_CARRIER|DELAY_LATE_AIRCRAFT|DELAY_NAS
SLC,11,75,-3.73,-10.13,6,33.67,29.83,4,219.75,211.75,DELAY_CARRIER|DELAY_LATE_AIRCRAFT|DELAY_NAS
SLC,12,84,-3.63,-6.8,15,35.0,23.67,5,106.6,120.2,DELAY_NAS|DELAY_CARRIER|DELAY_LATE_AIRCRAFT
SLN,1,1,-6.0,-21.0,0,,,0,,,N/D
SLN,2,2,-24.0,-28.0,0,,,0,,,N/D
SLN,4,1,-10.0,-14.0,0,,,0,,,N/D
SLN,5,1,-10.0,2.0,0,,,0,,,N/D
SLN,6,0,,,0,,,1,145.0,141.0,DELAY_WEATHER
SLN,8,1,-13.0,-25.0,0,,,0,,,N/D
SLN,10,2,-7.0,-27.0,0,,,0,,,N/D
SMF,1,23,-1.78,-8.04,9,28.11,20.22,2,212.0,203.5,DELAY_LATE_AIRCRAFT|DELAY_CARRIER|CANC_CARRIER
SMF,2,28,-3.21,-5.25,0,,,3,132.67,133.33,DELAY_LATE_AIRCRAFT|DELAY_CARRIER|DELAY_NAS
SMF,3,26,-3.73,-8.0,4,42.0,34.5,3,263.33,246.0,DELAY_CARRIER|DELAY_LATE_AIRCRAFT|DELAY_WEATHER
SMF,4,29,-3.34,-8.52,10,33.7,27.7,0,,,DELAY_CARRIER|DELAY_LATE_AIRCRAFT|DELAY_NAS
SMF,5,35,-2.69,-10.23,4,19.75,9.5,2,103.0,88.0,DELAY_CARRIER|CANC_WEATHER|DELAY_LATE_AIRCRAFT
SMF,6,25,-1.76,-8.44,8,28.0,18.0,4,80.5,69.5,DELAY_LATE_AIRCRAFT|DELAY_CARRIER|CANC_CARRIER
SMF,7,41,-1.63,-4.07,9,27.11,24.33,1,93.0,98.0,DELAY_LATE_AIRCRAFT|DELAY_NAS
SMF,8,47,-2.62,-8.28,2,16.0,3.0,4,109.0,104.25,DELAY_LATE_AIRCRAFT|DELAY_CARRIER|DELAY_NAS
SMF,9,45,-3.04,-6.82,6,27.67,25.5,2,209.0,206.5,DELAY_LATE_AIRCRAFT|DELAY_NAS|DELAY_CARRIER
SMF,10,48,-3.77,-10.21,5,25.2,22.0,0,,,DELAY_LATE_AIRCRAFT|DELAY_CARRIER|DELAY_NAS
SMF,11,37,-3.68,-12.62,2,39.5,35.0,0,,,DELAY_CARRIER|DELAY_LATE_AIRCRAFT
SMF,12,28,-0.86,-8.86,4,34.75,26.0,4,365.5,354.75,DELAY_LATE_AIRCRAFT|DELAY_CARRIER|DELAY_NAS
SNA,1,27,-5.93,-15.96,3,38.67,33.67,1,65.0,49.0,DELAY_LATE_AIRCRAFT|CANC_CARRIER|DELAY_CARRIER
SNA,2,28,-4.07,-11.11,3,31.0,21.0,5,120.0,105.8,DELAY_NAS|DELAY_CARRIER|CANC_WEATHER
SNA,3,32,-3.25,-7.94,4,36.25,36.5,4,183.75,174.75,DELAY_LATE_AIRCRAFT|DELAY_NAS
SNA,4,28,-2.04,-14.86,7,31.57,24.71,5,147.6,133.0,DELAY_LATE_AIRCRAFT|DELAY_NAS|CANC_NAS
SNA,5,23,-3.17,-10.87,3,31.0,21.0,3,124.33,118.67,DELAY_LATE_AIRCRAFT|DELAY_NAS
SNA,6,23,-2.52,-11.83,2,26.5,14.0,1,62.0,46.0,DELAY_CARRIER|DELAY_LATE_AIRCRAFT
SNA,7,34,-1.88,-8.59,5,37.6,26.2,4,159.25,152.0,DELAY_CARRIER|DELAY_LATE_AIRCRAFT|CANC_CARRIER
SNA,8,41,-4.27,-7.41,4,36.75,27.25,2,72.5,71.5,DELAY_CARRIER|DELAY_LATE_AIRCRAFT|DELAY_NAS
SNA,9,30,-2.17,-10.9,4,26.0,12.75,1,76.0,79.0,DELAY_LATE_AIRCRAFT|DELAY_NAS
SNA,10,40,-5.2,-9.7,3,38.0,29.33,4,158.75,150.75,DELAY_LATE_AIRCRAFT|DELAY_CARRIER|DELAY_NAS
SNA,11,22,-4.05,-11.32,3,36.67,32.0,3,140.67,156.0,DELAY_LATE_AIRCRAFT|DELAY_NAS|DELAY_CARRIER
SNA,12,39,-3.62,-9.51,10,32.1,24.1,2,293.0,282.0,DELAY_LATE_AIRCRAFT|DELAY_CARRIER|CANC_WEATHER
SPI,7,1,8.0,-4.0,0,,,0,,,N/D
SPN,2,1,-3.0,-8.0,0,,,0,,,N/D
SPN,3,1,-13.0,-15.0,0,,,0,,,N/D
SPN,10,1,-13.0,-19.0,0,,,0,,,N/D
SPS,1,1,-12.0,-20.0,0,,,0,,,N/D
SPS,3,3,-3.0,-14.67,0,,,0,,,N/D
SPS,4,2,-2.0,-8.0,0,,,0,,,N/D
SPS,9,1,-10.0,-6.0,0,,,0,,,N/D
SPS,10,1,-9.0,-13.0,0,,,0,,,N/D
SRQ,1,7,-7.0,-13.29,2,35.0,16.5,2,163.5,176.0,DELAY_LATE_AIRCRAFT|DELAY_CARRIER
SRQ,2,11,-6.0,-9.73,1,30.0,3.0,1,101.0,82.0,DELAY_LATE_AIRCRAFT|DELAY_NAS
SRQ,3,14,-3.07,-5.43,2,22.5,15.5,0,,,CANC_NAS|DELAY_LATE_AIRCRAFT
SRQ,4,15,-2.6,0.0,2,23.5,26.0,1,153.0,128.0,DELAY_CARRIER|DELAY_NAS
SRQ,5,5,-6.6,-17.4,2,23.0,21.0,2,112.5,118.5,DELAY_CARRIER|DELAY_LATE_AIRCRAFT|DELAY_NAS
SRQ,6,10,-1.4,-3.8,2,29.0,21.5,1,61.0,75.0,DELAY_CARRIER|CANC_CARRIER|DELAY_LATE_AIRCRAFT
SRQ,7,11,-7.18,-9.09,1,25.0,69.0,4,227.75,223.0,DELAY_LATE_AIRCRAFT|DELAY_NAS
SRQ,8,7,-2.14,-8.14,3,28.67,20.0,2,145.0,173.0,DELAY_LATE_AIRCRAFT|CANC_WEATHER|DELAY_CARRIER
SRQ,9,6,-5.67,-11.0,1,20.0,1.0,0,,,CANC_WEATHER
SRQ,10,5,-6.4,-8.2,0,,,1,97.0,73.0,CANC_WEATHER|DELAY_LATE_AIRCRAFT
SRQ,11,7,-6.57,-11.0,2,36.5,19.0,0,,,DELAY_CARRIER|DELAY_LATE_AIRCRAFT
SRQ,12,12,-5.67,-3.67,0,,,0,,,DELAY_NAS
STL,1,29,-1.31,-6.59,8,32.0,33.75,5,168.0,163.8,DELAY_LATE_AIRCRAFT|DELAY_CARRIER|CANC_WEATHER
STL,2,37,-4.08,-7.7,5,23.8,28.2,2,132.0,115.5,DELAY_CARRIER|DELAY_LATE_AIRCRAFT|DELAY_NAS
STL,3,40,-1.55,-4.17,13,28.62,21.23,3,102.0,94.0,DELAY_LATE_AIRCRAFT|DELAY_NAS|DELAY_CARRIER
STL,4,41,-1.61,-6.83,9,29.89,25.33,4,160.0,156.75,DELAY_LATE_AIRCRAFT|DELAY_CARRIER|DELAY_NAS
STL,5,47,-2.47,-6.77,10,32.5,30.1,4,85.0,69.75,DELAY_LATE_AIRCRAFT|DELAY_CARRIER|DELAY_NAS
STL,6,44,-0.14,-5.34,12,24.25,22.25,7,100.57,93.29,DELAY_LATE_AIRCRAFT|DELAY_CARRIER|DELAY_NAS
STL,7,32,-2.09,-8.28,14,27.21,28.43,6,121.5,108.67,DELAY_LATE_AIRCRAFT|DELAY_CARRIER|CANC_WEATHER
STL,8,44,-1.75,-7.73,9,29.33,22.78,6,216.83,211.83,DELAY_LATE_AIRCRAFT|DELAY_CARRIER|DELAY_NAS
STL,9,55,-2.45,-7.44,9,34.56,25.22,1,108.0,95.0,DELAY_LATE_AIRCRAFT|DELAY_NAS|DELAY_CARRIER
STL,10,54,-3.63,-10.72,9,35.56,30.67,1,104.0,93.0,DELAY_LATE_AIRCRAFT|DELAY_CARRIER
STL,11,59,-2.37,-8.88,4,37.0,42.75,1,281.0,277.0,DELAY_NAS|DELAY_LATE_AIRCRAFT
STL,12,30,-1.33,-7.0,7,24.86,19.43,2,105.5,92.5,DELAY_NAS|DELAY_LATE_AIRCRAFT|DELAY_CARRIER
STS,1,2,-2.0,7.0,0,,,0,,,DELAY_NAS
STS,2,1,-8.0,-16.0,0,,,1,146.0,153.0,DELAY_LATE_AIRCRAFT
STS,3,2,-1.0,7.5,0,,,0,,,CANC_CARRIER
STS,6,0,,,1,15.0,26.0,0,,,DELAY_NAS
STS,7,4,-8.0,-6.5,0,,,1,117.0,126.0,DELAY_LATE_AIRCRAFT
STS,8,2,-2.5,-9.0,0,,,0,,,N/D
STS,9,3,-6.33,-2.67,1,21.0,107.0,0,,,DELAY_NAS
STS,10,5,-6.8,1.4,0,,,0,,,DELAY_CARRIER
STS,11,4,-4.25,-3.25,0,,,1,214.0,216.0,DELAY_CARRIER|DELAY_WEATHER
STS,12,2,-9.0,-17.0,0,,,1,94.0,104.0,DELAY_WEATHER
STT,1,0,,,1,45.0,67.0,0,,,DELAY_LATE_AIRCRAFT
STT,2,6,-4.67,6.17,1,40.0,35.0,1,90.0,94.0,DELAY_LATE_AIRCRAFT|DELAY_NAS
STT,3,3,-10.33,-14.0,0,,,2,1275.5,1246.5,DELAY_LATE_AIRCRAFT|DELAY_WEATHER
STT,4,1,-3.0,13.0,0,,,0,,,N/D
STT,5,2,1.0,10.5,0,,,0,,,DELAY_CARRIER
STT,6,1,10.0,-24.0,1,37.0,30.0,0,,,DELAY_LATE_AIRCRAFT
STT,7,1,-22.0,-41.0,2,46.0,41.5,0,,,DELAY_LATE_AIRCRAFT
STT,8,1,5.0,-15.0,1,20.0,5.0,1,541.0,517.0,DELAY_LATE_AIRCRAFT
STT,9,1,-20.0,-26.0,0,,,0,,,N/D
STT,11,4,-12.25,-29.25,0,,,0,,,N/D
STT,12,4,-7.0,0.75,0,,,0,,,DELAY_NAS
STX,1,4,-2.0,7.25,0,,,0,,,DELAY_NAS
STX,2,3,-18.33,-14.67,1,24.0,22.0,0,,,DELAY_CARRIER
STX,3,1,-5.0,7.0,0,,,0,,,N/D
STX,4,1,14.0,39.0,0,,,0,,,DELAY_NAS
STX,5,0,,,0,,,1,187.0,181.0,DELAY_NAS
STX,6,2,-12.5,-6.0,1,34.0,46.0,0,,,DELAY_LATE_AIRCRAFT
STX,7,1,-10.0,-22.0,1,34.0,31.0,0,,,DELAY_LATE_AIRCRAFT
STX,8,0,,,1,32.0,22.0,0,,,DELAY_LATE_AIRCRAFT
STX,12,2,-10.0,-15.0,0,,,0,,,N/D
SUN,1,1,-7.0,10.0,0,,,0,,,N/D
SUN,2,1,-5.0,6.0,0,,,1,97.0,79.0,DELAY_WEATHER
SUN,5,1,-6.0,-11.0,0,,,0,,,N/D
SUN,7,0,,,1,53.0,48.0,0,,,DELAY_LATE_AIRCRAFT
SUN,8,2,-6.5,-15.0,0,,,0,,,N/D
SUN,9,1,-10.0,-23.0,0,,,0,,,N/D
SUN,12,3,-9.67,-17.67,1,44.0,111.0,0,,,DELAY_NAS
SUX,1,1,-5.0,-9.0,0,,,0,,,N/D
SUX,3,0,,,0,,,1,170.0,149.0,DELAY_CARRIER
SUX,5,0,,,1,26.0,10.0,0,,,N/D
SUX,9,1,-14.0,-12.0,0,,,0,,,N/D
SUX,11,2,-10.0,-8.5,0,,,0,,,N/D
SUX,12,2,-4.0,-6.0,0,,,0,,,N/D
SWF,2,1,-16.0,-5.0,0,,,0,,,N/D
SWF,10,1,-7.0,-31.0,0,,,0,,,N/D
SWO,1,1,-9.0,-16.0,0,,,0,,,N/D
SWO,6,1,-5.0,-13.0,0,,,0,,,N/D
SWO,9,2,-11.0,-1.0,0,,,0,,,N/D
SWO,11,0,,,0,,,1,109.0,114.0,DELAY_WEATHER
SWO,12,3,-7.33,-14.0,0,,,0,,,N/D
SYR,1,11,-5.36,-19.09,0,,,1,75.0,50.0,DELAY_NAS|DELAY_LATE_AIRCRAFT
SYR,2,13,-4.08,-16.38,2,28.0,39.5,1,207.0,176.0,DELAY_LATE_AIRCRAFT|DELAY_NAS
SYR,3,10,-4.9,-19.0,1,22.0,85.0,0,,,DELAY_NAS
SYR,4,16,-8.31,-15.81,0,,,0,,,N/D
SYR,5,4,0.5,-10.0,5,30.8,33.0,1,214.0,227.0,DELAY_LATE_AIRCRAFT|DELAY_WEATHER
SYR,6,3,-3.33,-11.0,1,48.0,40.0,1,88.0,65.0,CANC_CARRIER|DELAY_CARRIER|DELAY_LATE_AIRCRAFT
SYR,7,10,-2.3,-6.1,2,24.0,20.5,3,143.0,136.33,DELAY_LATE_AIRCRAFT|DELAY_CARRIER|DELAY_NAS
SYR,8,10,-3.1,-6.9,4,34.0,34.0,1,158.0,156.0,DELAY_LATE_AIRCRAFT|DELAY_CARRIER
SYR,9,11,-5.45,-6.09,0,,,0,,,N/D
SYR,10,9,-7.44,-23.67,1,56.0,52.0,0,,,DELAY_CARRIER
SYR,11,1,-5.0,-20.0,1,26.0,18.0,0,,,DELAY_CARRIER
SYR,12,6,-4.67,-5.17,0,,,1,120.0,96.0,DELAY_CARRIER
TLH,1,2,-3.0,-3.0,1,47.0,43.0,0,,,DELAY_LATE_AIRCRAFT
TLH,2,3,-7.0,-19.33,0,,,0,,,N/D
TLH,3,3,1.67,-9.33,1,60.0,51.0,0,,,DELAY_LATE_AIRCRAFT
TLH,4,3,-6.33,-7.33,1,58.0,45.0,1,74.0,75.0,DELAY_LATE_AIRCRAFT
TLH,5,4,-6.0,-15.0,1,32.0,30.0,1,76.0,60.0,DELAY_CARRIER|CANC_CARRIER
TLH,6,2,-3.0,-2.5,0,,,0,,,N/D
TLH,7,0,,,0,,,1,232.0,219.0,DELAY_LATE_AIRCRAFT
TLH,8,6,-5.83,-5.33,3,41.0,37.0,0,,,DELAY_LATE_AIRCRAFT
TLH,9,7,-8.57,-2.0,1,21.0,9.0,0,,,DELAY_NAS|CANC_CARRIER
TLH,10,6,-5.0,-5.33,0,,,0,,,N/D
TLH,11,5,-5.0,-4.0,0,,,0,,,N/D
TLH,12,5,-4.2,-3.6,0,,,0,,,DELAY_NAS
TOL,2,1,0.0,-17.0,0,,,0,,,N/D
TOL,9,1,-12.0,-23.0,0,,,0,,,N/D
TPA,1,47,-1.77,-4.77,6,29.0,18.83,12,117.83,108.92,DELAY_LATE_AIRCRAFT|DELAY_NAS|CANC_WEATHER
TPA,2,49,-3.61,-6.35,7,28.43,21.71,1,69.0,147.0,DELAY_LATE_AIRCRAFT|DELAY_NAS|CANC_NAS
TPA,3,58,-2.83,-3.5,9,27.67,20.89,10,210.2,216.0,DELAY_CARRIER|DELAY_LATE_AIRCRAFT|DELAY_NAS
TPA,4,53,-1.62,-4.72,6,33.33,25.33,4,126.25,104.75,DELAY_LATE_AIRCRAFT|DELAY_NAS|CANC_NAS
TPA,5,42,-2.6,-1.0,13,28.23,21.77,9,142.78,137.0,DELAY_LATE_AIRCRAFT|DELAY_CARRIER|DELAY_NAS
TPA,6,38,-1.24,-12.08,4,30.25,19.25,4,170.25,161.5,DELAY_LATE_AIRCRAFT|DELAY_CARRIER|DELAY_NAS
TPA,7,39,-2.0,-8.13,14,37.21,41.86,9,100.78,95.44,DELAY_LATE_AIRCRAFT|DELAY_NAS|DELAY_CARRIER
TPA,8,46,-1.37,-4.63,1,48.0,40.0,6,177.5,171.33,DELAY_LATE_AIRCRAFT|DELAY_NAS|DELAY_CARRIER
TPA,9,47,-4.19,-9.68,4,41.25,26.5,2,143.5,130.5,DELAY_CARRIER|CANC_WEATHER|DELAY_NAS
TPA,10,52,-2.52,-7.02,4,38.25,34.5,0,,,CANC_WEATHER|DELAY_NAS|DELAY_CARRIER
TPA,11,56,-2.79,-8.86,4,31.5,27.0,1,87.0,81.0,DELAY_NAS|DELAY_LATE_AIRCRAFT|DELAY_CARRIER
TPA,12,66,-2.97,-10.48,17,37.94,34.35,8,155.88,150.75,DELAY_LATE_AIRCRAFT|DELAY_CARRIER|DELAY_NAS
TRI,1,2,-10.0,-21.0,0,,,1,92.0,81.0,DELAY_CARRIER
TRI,2,2,-6.0,-20.0,0,,,0,,,N/D
TRI,3,4,-8.5,-25.75,0,,,0,,,N/D
TRI,4,1,-5.0,-24.0,0,,,0,,,N/D
TRI,6,3,-6.33,-13.33,0,,,0,,,N/D
TRI,7,4,-0.75,-10.0,0,,,1,79.0,74.0,DELAY_LATE_AIRCRAFT
TRI,8,2,-9.0,-28.0,0,,,0,,,N/D
TRI,10,2,-7.0,-2.5,1,24.0,11.0,0,,,N/D
TRI,11,2,-7.5,-33.5,1,23.0,22.0,0,,,DELAY_WEATHER
TRI,12,1,11.0,-8.0,2,31.5,27.0,1,193.0,154.0,DELAY_LATE_AIRCRAFT
TTN,2,1,-5.0,-27.0,0,,,0,,,N/D
TTN,3,0,,,0,,,1,86.0,93.0,DELAY_NAS
TTN,4,3,-10.0,-5.0,1,30.0,28.0,0,,,DELAY_LATE_AIRCRAFT
TTN,5,2,-6.5,-19.0,0,,,0,,,N/D
TTN,7,1,-10.0,-26.0,0,,,0,,,N/D
TTN,8,3,-10.67,-26.0,0,,,0,,,N/D
TTN,9,3,-3.33,-4.33,0,,,0,,,N/D
TTN,11,2,1.0,-5.5,0,,,0,,,N/D
TTN,12,2,-10.0,-16.0,0,,,0,,,N/D
TUL,1,10,-3.9,-12.1,0,,,1,79.0,97.0,DELAY_LATE_AIRCRAFT
TUL,2,13,-5.31,-7.23,0,,,0,,,DELAY_NAS
TUL,3,15,-4.33,-12.27,2,39.0,31.0,0,,,DELAY_LATE_AIRCRAFT|DELAY_NAS
TUL,4,6,-3.83,-2.83,3,27.0,23.33,0,,,DELAY_WEATHER|DELAY_CARRIER|DELAY_LATE_AIRCRAFT
TUL,5,13,-2.23,4.08,3,30.33,16.33,2,163.0,175.5,DELAY_LATE_AIRCRAFT|DELAY_NAS
TUL,6,16,-4.0,-9.5,5,28.6,33.4,3,113.67,107.33,DELAY_CARRIER|DELAY_LATE_AIRCRAFT|DELAY_NAS
TUL,7,12,-0.83,-10.5,3,29.67,15.33,0,,,CANC_CARRIER|DELAY_CARRIER
TUL,8,16,-4.12,-10.75,2,25.5,24.0,0,,,DELAY_CARRIER|DELAY_LATE_AIRCRAFT
TUL,9,16,-4.69,-12.69,2,33.5,29.0,0,,,DELAY_CARRIER|DELAY_NAS
TUL,10,11,-3.0,-9.18,1,17.0,26.0,0,,,CANC_CARRIER|DELAY_CARRIER
TUL,11,9,-3.89,-0.67,2,24.0,17.5,0,,,DELAY_NAS|DELAY_LATE_AIRCRAFT
TUL,12,10,-5.5,-10.5,2,37.0,49.0,1,125.0,111.0,DELAY_LATE_AIRCRAFT|DELAY_NAS
TUS,1,14,-2.57,-10.93,0,,,0,,,N/D
TUS,2,13,-3.69,-9.46,0,,,1,117.0,109.0,DELAY_LATE_AIRCRAFT|DELAY_NAS
TUS,3,15,-5.27,-11.2,3,25.33,17.0,0,,,CANC_WEATHER|DELAY_LATE_AIRCRAFT|DELAY_NAS
TUS,4,19,-3.21,-5.68,4,41.5,33.5,1,235.0,229.0,DELAY_NAS|DELAY_CARRIER|DELAY_LATE_AIRCRAFT
TUS,5,19,-1.53,-12.26,2,53.0,45.5,1,85.0,60.0,DELAY_LATE_AIRCRAFT|DELAY_CARRIER
TUS,6,9,-2.56,-4.78,0,,,0,,,DELAY_NAS
TUS,7,8,-6.5,-8.25,2,33.0,26.0,0,,,DELAY_CARRIER
TUS,8,7,-5.0,-15.86,1,54.0,49.0,0,,,DELAY_CARRIER
TUS,9,14,-4.29,-9.86,2,23.5,13.0,0,,,DELAY_CARRIER|DELAY_LATE_AIRCRAFT
TUS,10,12,-1.5,-4.42,1,28.0,28.0,2,117.5,154.0,DELAY_LATE_AIRCRAFT|DELAY_CARRIER|DELAY_NAS
TUS,11,10,-7.5,-15.3,1,32.0,56.0,2,87.0,86.5,DELAY_LATE_AIRCRAFT|DELAY_CARRIER
TUS,12,13,-1.85,-5.15,2,30.5,26.0,2,288.0,288.5,DELAY_LATE_AIRCRAFT|DELAY_CARRIER|DELAY_NAS
TVC,1,2,-0.5,-9.5,2,29.5,34.5,0,,,CANC_WEATHER|DELAY_CARRIER|DELAY_LATE_AIRCRAFT
TVC,2,3,-2.33,-18.67,1,58.0,43.0,0,,,DELAY_WEATHER
TVC,3,1,-9.0,-20.0,0,,,0,,,N/D
TVC,4,2,-14.5,-30.5,0,,,0,,,N/D
TVC,6,3,-5.33,-10.33,0,,,1,788.0,766.0,DELAY_CARRIER
TVC,7,5,-4.2,2.6,2,42.0,41.0,1,93.0,91.0,DELAY_CARRIER|DELAY_LATE_AIRCRAFT
TVC,8,3,0.33,-5.33,1,28.0,37.0,1,66.0,74.0,DELAY_LATE_AIRCRAFT
TVC,9,6,-0.33,-11.67,0,,,0,,,N/D
TVC,10,2,-9.0,-24.5,0,,,0,,,N/D
TVC,11,2,-1.5,-16.0,0,,,0,,,N/D
TVC,12,5,-3.0,3.0,2,37.0,30.5,0,,,DELAY_CARRIER|DELAY_LATE_AIRCRAFT|DELAY_NAS
TWF,3,1,-13.0,-10.0,0,,,0,,,N/D
TWF,4,2,-10.5,-18.0,0,,,0,,,N/D
TWF,5,1,-7.0,-11.0,0,,,0,,,N/D
TWF,7,1,-11.0,-17.0,1,40.0,40.0,0,,,DELAY_CARRIER
TWF,9,1,-3.0,-9.0,0,,,0,,,N/D
TWF,11,1,-9.0,-12.0,0,,,0,,,N/D
TXK,1,1,-4.0,-10.0,0,,,0,,,N/D
TXK,5,1,-7.0,-4.0,0,,,0,,,N/D
TXK,6,0,,,0,,,1,648.0,633.0,DELAY_CARRIER
TXK,9,0,,,1,17.0,-1.0,0,,,N/D
TXK,11,1,-7.0,-6.0,0,,,0,,,N/D
TYR,1,1,-9.0,-3.0,0,,,0,,,N/D
TYR,5,1,-9.0,15.0,0,,,0,,,DELAY_CARRIER
TYR,6,1,-5.0,-28.0,0,,,0,,,N/D
TYR,8,2,-8.0,-7.0,0,,,0,,,N/D
TYR,9,0,,,1,17.0,0.0,0,,,N/D
TYR,10,0,,,0,,,1,76.0,63.0,DELAY_CARRIER
TYR,11,1,2.0,0.0,0,,,0,,,N/D
TYR,12,1,-10.0,-6.0,0,,,0,,,N/D
TYS,1,10,-5.8,-13.1,0,,,0,,,N/D
TYS,2,10,-7.5,-12.6,1,46.0,27.0,0,,,CANC_CARRIER|DELAY_LATE_AIRCRAFT|DELAY_NAS
TYS,3,11,-5.0,-20.18,0,,,1,63.0,48.0,DELAY_LATE_AIRCRAFT
TYS,4,15,-5.87,-7.87,2,28.5,11.5,0,,,DELAY_LATE_AIRCRAFT
TYS,5,10,-3.8,-2.9,2,25.5,10.5,1,274.0,282.0,DELAY_LATE_AIRCRAFT
TYS,6,5,1.6,4.8,3,30.33,19.0,1,143.0,128.0,DELAY_CARRIER|DELAY_LATE_AIRCRAFT|DELAY_NAS
TYS,7,8,-5.5,-6.88,2,26.0,21.0,1,132.0,134.0,DELAY_CARRIER|CANC_CARRIER|DELAY_NAS
TYS,8,13,-5.08,-10.23,3,23.0,14.0,2,156.0,145.0,DELAY_LATE_AIRCRAFT|DELAY_CARRIER|DELAY_NAS
TYS,9,10,-7.8,-15.4,0,,,1,124.0,113.0,DELAY_LATE_AIRCRAFT
TYS,10,16,-7.38,-12.5,1,18.0,9.0,0,,,N/D
TYS,11,12,-7.92,-20.58,0,,,0,,,N/D
TYS,12,13,-6.0,-7.38,5,26.6,21.6,0,,,DELAY_NAS|DELAY_LATE_AIRCRAFT|DELAY_CARRIER
USA,2,1,2.0,-7.0,0,,,0,,,N/D
USA,3,1,-9.0,-21.0,0,,,0,,,N/D
USA,4,1,0.0,-25.0,0,,,0,,,N/D
USA,12,1,-8.0,-18.0,0,,,0,,,N/D
VCT,4,1,-9.0,-19.0,0,,,0,,,N/D
VCT,6,1,-7.0,-14.0,0,,,0,,,N/D
VCT,9,2,-9.5,1.0,0,,,0,,,DELAY_CARRIER
VCT,10,1,-9.0,-12.0,0,,,0,,,N/D
VCT,12,1,0.0,-7.0,0,,,0,,,N/D
VLD,3,1,-2.0,3.0,0,,,0,,,N/D
VLD,4,1,6.0,-1.0,0,,,0,,,N/D
VLD,7,1,-7.0,-11.0,0,,,0,,,N/D
VLD,9,0,,,0,,,0,,,CANC_WEATHER
VLD,10,2,-8.5,-8.5,0,,,0,,,N/D
VLD,11,1,1.0,15.0,0,,,0,,,DELAY_NAS
VLD,12,1,13.0,6.0,0,,,0,,,N/D
VPS,1,3,-6.0,-13.33,0,,,2,169.5,188.5,DELAY_CARRIER|DELAY_LATE_AIRCRAFT
VPS,2,4,-10.5,-14.25,0,,,0,,,N/D
VPS,3,6,-10.33,-16.17,0,,,0,,,N/D
VPS,4,5,-3.6,-8.4,0,,,0,,,DELAY_CARRIER
VPS,5,4,-6.5,-15.25,0,,,2,307.0,354.0,DELAY_LATE_AIRCRAFT|DELAY_WEATHER
VPS,6,11,-4.73,-9.0,2,36.5,33.5,0,,,DELAY_CARRIER|DELAY_NAS
VPS,7,14,-2.5,-7.21,1,30.0,10.0,2,121.0,191.0,DELAY_CARRIER|DELAY_NAS
VPS,8,9,-7.78,-14.11,4,33.75,29.75,0,,,DELAY_CARRIER|DELAY_LATE_AIRCRAFT
VPS,9,7,-4.71,-7.71,2,41.5,47.5,0,,,DELAY_LATE_AIRCRAFT
VPS,10,8,-6.5,-10.75,0,,,0,,,N/D
VPS,11,5,-1.8,-9.6,1,19.0,0.0,0,,,N/D
VPS,12,7,-8.29,-10.71,2,26.0,25.0,0,,,DELAY_NAS|DELAY_CARRIER
WRG,2,1,-7.0,-14.0,0,,,0,,,CANC_WEATHER
WRG,5,3,-8.33,-17.33,0,,,0,,,N/D
WRG,6,2,-9.0,-13.0,0,,,0,,,N/D
WRG,7,1,-9.0,-12.0,0,,,0,,,N/D
WRG,8,2,-2.0,1.0,0,,,0,,,N/D
WRG,9,2,-5.5,-9.5,0,,,0,,,N/D
WRG,10,1,-20.0,-23.0,0,,,0,,,N/D
WYS,5,1,-7.0,-14.0,1,32.0,14.0,0,,,N/D
WYS,7,2,1.5,-5.0,0,,,0,,,N/D
WYS,8,2,-11.5,-15.0,0,,,0,,,N/D
WYS,9,0,,,0,,,1,172.0,171.0,DELAY_WEATHER
XNA,1,7,-1.86,2.14,1,53.0,41.0,0,,,DELAY_LATE_AIRCRAFT|DELAY_NAS
XNA,2,11,-8.82,-15.73,0,,,1,113.0,100.0,DELAY_CARRIER|DELAY_NAS
XNA,3,6,-1.67,-13.67,0,,,1,164.0,155.0,DELAY_CARRIER
XNA,4,9,-4.56,-12.33,0,,,1,170.0,177.0,DELAY_LATE_AIRCRAFT
XNA,5,4,-4.5,-11.75,1,28.0,12.0,0,,,N/D
XNA,6,13,-2.54,-8.54,2,41.5,35.0,1,64.0,53.0,DELAY_LATE_AIRCRAFT|DELAY_CARRIER|DELAY_WEATHER
XNA,7,9,-2.22,-9.44,1,55.0,50.0,3,85.67,91.67,DELAY_LATE_AIRCRAFT|DELAY_CARRIER|DELAY_WEATHER
XNA,8,11,-7.82,-6.64,1,47.0,36.0,0,,,DELAY_LATE_AIRCRAFT|DELAY_NAS
XNA,9,17,-3.12,-7.88,3,29.0,30.67,2,109.5,107.0,DELAY_NAS|DELAY_WEATHER|DELAY_LATE_AIRCRAFT
XNA,10,9,-8.33,-8.22,1,27.0,14.0,0,,,N/D
XNA,11,12,-6.75,-12.92,1,27.0,15.0,0,,,DELAY_CARRIER
XNA,12,12,-5.5,-18.92,2,36.5,24.0,0,,,DELAY_CARRIER
XWA,1,2,2.5,-8.5,0,,,0,,,DELAY_CARRIER
XWA,2,1,-4.0,-32.0,0,,,0,,,CANC_WEATHER
XWA,3,1,-2.0,-8.0,0,,,0,,,N/D
XWA,4,2,-9.0,-23.0,1,22.0,-1.0,0,,,N/D
XWA,5,1,-9.0,-1.0,1,18.0,0.0,0,,,N/D
XWA,6,1,-10.0,6.0,0,,,0,,,N/D
XWA,7,1,-7.0,-13.0,0,,,0,,,N/D
XWA,8,1,-9.0,-15.0,0,,,0,,,N/D
XWA,10,1,-13.0,-9.0,0,,,0,,,N/D
XWA,11,2,5.0,12.5,0,,,1,290.0,290.0,DELAY_NAS|DELAY_WEATHER
YAK,1,2,-7.5,-15.0,0,,,0,,,N/D
YAK,6,1,-11.0,-16.0,0,,,0,,,N/D
YAK,7,1,-3.0,-5.0,0,,,0,,,N/D
YAK,10,2,2.0,-2.0,0,,,0,,,N/D
YAK,11,2,-12.5,-13.0,0,,,0,,,N/D
YUM,1,2,-10.0,-16.5,1,30.0,25.0,0,,,DELAY_CARRIER
YUM,3,3,-8.67,-12.33,0,,,0,,,N/D
YUM,5,1,-14.0,-12.0,0,,,1,72.0,69.0,DELAY_WEATHER
YUM,6,2,-1.0,0.0,0,,,0,,,N/D
YUM,8,2,-13.5,-8.0,0,,,0,,,N/D
YUM,9,2,-11.0,-18.0,0,,,0,,,N/D
YUM,10,3,0.67,9.33,0,,,0,,,N/D
YUM,11,1,-9.0,-10.0,0,,,1,124.0,104.0,DELAY_LATE_AIRCRAFT
YUM,12,2,-13.0,-19.5,1,18.0,11.0,0,,,N/D
