aeroporto,mese,voli_ritardo_basso,ritardo_medio_dep_basso,ritardo_medio_arr_basso,voli_ritardo_medio,ritardo_medio_dep_medio,ritardo_medio_arr_medio,voli_ritardo_alto,ritardo_medio_dep_alto,ritardo_medio_arr_alto,top_3_cause_ritardo_canc
ABE,1,186,-5.96,-15.33,24,33.67,29.67,17,214.71,205.35,DELAY_LATE_AIRCRAFT|DELAY_NAS|DELAY_CARRIER
ABE,2,214,-6.28,-19.1,12,30.58,15.25,10,189.5,177.7,DELAY_CARRIER|DELAY_NAS|DELAY_LATE_AIRCRAFT
ABE,3,231,-6.62,-18.05,21,31.9,20.95,16,185.63,169.44,DELAY_CARRIER|DELAY_LATE_AIRCRAFT|DELAY_NAS
ABE,4,214,-6.95,-17.55,22,33.0,27.55,15,339.4,327.33,DELAY_LATE_AIRCRAFT|DELAY_CARRIER|DELAY_NAS
ABE,5,231,-6.5,-13.37,16,29.44,24.5,28,211.68,205.25,DELAY_LATE_AIRCRAFT|DELAY_CARRIER|DELAY_NAS
ABE,6,233,-6.95,-15.94,25,25.12,11.4,28,177.14,176.11,DELAY_LATE_AIRCRAFT|DELAY_CARRIER|DELAY_NAS
ABE,7,210,-6.33,-11.53,23,33.57,27.87,24,143.08,145.46,DELAY_LATE_AIRCRAFT|DELAY_CARRIER|DELAY_NAS
ABE,8,202,-6.86,-14.18,32,32.75,30.53,21,143.14,139.57,DELAY_LATE_AIRCRAFT|DELAY_CARRIER|DELAY_NAS
ABE,9,194,-7.16,-16.4,16,37.81,29.31,10,171.1,165.6,DELAY_LATE_AIRCRAFT|DELAY_CARRIER|DELAY_WEATHER
ABE,10,198,-6.23,-17.49,22,25.86,11.36,12,222.42,215.67,DELAY_LATE_AIRCRAFT|CANC_WEATHER|DELAY_CARRIER
ABE,11,193,-6.66,-16.68,17,31.0,22.35,10,180.2,166.8,DELAY_CARRIER|DELAY_LATE_AIRCRAFT|DELAY_NAS
ABE,12,186,-4.35,-12.27,24,32.54,23.96,23,203.35,195.91,DELAY_LATE_AIRCRAFT|DELAY_CARRIER|DELAY_NAS
ABI,1,89,-6.29,-4.36,10,40.3,38.6,7,126.86,133.57,DELAY_LATE_AIRCRAFT|DELAY_NAS|DELAY_WEATHER
ABI,2,91,-6.3,-6.34,3,37.33,35.67,1,99.0,88.0,DELAY_NAS|DELAY_CARRIER|DELAY_LATE_AIRCRAFT
ABI,3,92,-4.47,-7.67,9,21.44,26.11,8,136.25,134.5,DELAY_LATE_AIRCRAFT|DELAY_CARRIER|DELAY_NAS
ABI,4,82,-4.41,-9.45,13,32.0,28.85,12,129.67,126.17,DELAY_LATE_AIRCRAFT|DELAY_WEATHER|DELAY_NAS
ABI,5,64,-2.81,-6.94,21,28.81,27.14,18,182.83,187.67,DELAY_LATE_AIRCRAFT|DELAY_CARRIER|DELAY_WEATHER
ABI,6,75,-4.0,-9.09,9,30.33,28.22,9,119.33,109.67,DELAY_LATE_AIRCRAFT|DELAY_CARRIER|DELAY_NAS
ABI,7,83,-4.19,-8.88,14,29.93,33.57,5,95.6,90.0,DELAY_LATE_AIRCRAFT|DELAY_NAS|DELAY_CARRIER
ABI,8,94,-6.04,-9.14,10,28.5,23.6,2,91.5,89.5,DELAY_LATE_AIRCRAFT|DELAY_NAS|DELAY_CARRIER
ABI,9,95,-5.51,-7.86,9,28.78,20.56,7,108.43,98.86,DELAY_LATE_AIRCRAFT|DELAY_CARRIER|DELAY_NAS
ABI,10,98,-6.06,-12.96,3,32.0,32.0,2,162.0,152.5,DELAY_CARRIER|DELAY_LATE_AIRCRAFT|DELAY_NAS
ABI,11,82,-4.94,-9.27,7,33.0,27.86,5,110.0,111.8,DELAY_WEATHER|DELAY_CARRIER|DELAY_LATE_AIRCRAFT
ABI,12,88,-4.31,-6.5,4,31.75,22.25,9,114.0,120.22,DELAY_LATE_AIRCRAFT|DELAY_CARRIER|DELAY_NAS
ABQ,1,1029,-3.1,-8.26,147,30.78,25.1,77,147.74,144.03,DELAY_LATE_AIRCRAFT|DELAY_NAS|DELAY_CARRIER
ABQ,2,982,-2.87,-8.37,114,30.7,28.0,42,139.48,139.38,DELAY_LATE_AIRCRAFT|DELAY_NAS|DELAY_CARRIER
ABQ,3,1052,-2.57,-8.61,177,30.19,24.43,81,168.02,168.1,DELAY_LATE_AIRCRAFT|DELAY_NAS|DELAY_CARRIER
ABQ,4,1099,-2.48,-8.71,187,31.3,24.7,66,133.68,132.58,DELAY_LATE_AIRCRAFT|DELAY_CARRIER|DELAY_NAS
ABQ,5,1114,-1.85,-7.28,214,31.87,26.61,105,178.45,177.58,DELAY_LATE_AIRCRAFT|DELAY_CARRIER|DELAY_NAS
ABQ,6,1164,-2.16,-6.95,205,30.42,25.08,96,153.52,149.52,DELAY_LATE_AIRCRAFT|DELAY_CARRIER|DELAY_NAS
ABQ,7,1111,-2.24,-7.59,226,32.69,29.24,118,138.28,136.68,DELAY_LATE_AIRCRAFT|DELAY_CARRIER|DELAY_NAS
ABQ,8,1182,-3.26,-8.24,153,30.64,28.08,99,137.79,134.68,DELAY_LATE_AIRCRAFT|DELAY_CARRIER|DELAY_NAS
ABQ,9,1260,-3.96,-10.24,158,27.93,21.77,45,121.4,117.22,DELAY_LATE_AIRCRAFT|DELAY_CARRIER|DELAY_NAS
ABQ,10,1473,-3.09,-7.89,146,28.18,22.77,58,136.59,132.43,DELAY_LATE_AIRCRAFT|DELAY_CARRIER|DELAY_NAS
ABQ,11,1193,-3.43,-7.44,131,31.14,29.18,43,124.79,124.28,DELAY_LATE_AIRCRAFT|DELAY_NAS|DELAY_CARRIER
ABQ,12,1196,-3.34,-9.56,162,30.3,23.8,60,149.22,153.5,DELAY_LATE_AIRCRAFT|DELAY_CARRIER|DELAY_NAS
ABR,1,33,-3.67,-14.88,4,29.5,9.75,5,130.8,121.4,DELAY_CARRIER|CANC_WEATHER|DELAY_WEATHER
ABR,2,42,-4.43,-22.26,2,34.5,12.0,2,321.0,304.5,DELAY_WEATHER|DELAY_CARRIER
ABR,3,40,-4.03,-22.65,2,33.0,23.0,2,219.5,203.5,DELAY_CARRIER|DELAY_WEATHER
ABR,4,39,-5.62,-15.9,0,,,2,446.0,424.0,DELAY_CARRIER|DELAY_WEATHER
ABR,5,34,-4.94,-11.26,2,48.0,45.5,3,172.67,160.33,DELAY_CARRIER|DELAY_WEATHER
ABR,6,34,-3.74,0.85,7,37.71,47.43,5,390.8,381.4,DELAY_CARRIER|DELAY_WEATHER|DELAY_NAS
ABR,7,39,-1.95,-10.05,5,32.2,32.0,6,132.67,140.5,DELAY_CARRIER|DELAY_NAS|DELAY_WEATHER
ABR,8,36,-2.22,-8.22,5,22.6,31.8,5,189.8,198.6,DELAY_CARRIER|DELAY_WEATHER|DELAY_NAS
ABR,9,36,-5.0,-16.5,0,,,3,140.33,132.33,DELAY_CARRIER
ABR,10,28,-5.14,-16.5,4,44.0,35.25,4,211.5,200.5,DELAY_CARRIER|DELAY_WEATHER
ABR,11,38,-4.37,-11.92,3,29.0,19.33,3,106.0,90.0,DELAY_CARRIER
ABR,12,31,-4.58,-12.0,6,31.33,25.83,8,384.0,378.0,DELAY_CARRIER|CANC_WEATHER|DELAY_WEATHER
ABY,1,30,-6.13,-11.7,4,27.5,21.0,4,379.25,375.0,DELAY_CARRIER|DELAY_WEATHER
ABY,2,33,-6.0,-8.55,5,26.0,14.0,4,192.25,191.5,DELAY_CARRIER|DELAY_WEATHER
ABY,3,36,-5.64,-9.39,2,43.0,39.0,2,137.5,131.5,DELAY_CARRIER|DELAY_WEATHER
ABY,4,35,-6.23,-1.2,6,37.33,41.17,1,95.0,103.0,DELAY_CARRIER|DELAY_NAS|DELAY_WEATHER
ABY,5,30,-6.63,-3.67,4,41.75,44.5,7,120.71,116.43,DELAY_CARRIER|DELAY_WEATHER|DELAY_NAS
ABY,6,31,-5.23,-6.97,5,45.6,40.0,2,62.0,51.0,DELAY_CARRIER
ABY,7,21,-6.33,2.81,4,24.0,24.5,8,179.38,177.63,DELAY_CARRIER|DELAY_WEATHER|CANC_CARRIER
ABY,8,33,-4.88,-6.97,7,25.29,16.29,7,295.57,291.14,DELAY_CARRIER|CANC_WEATHER|DELAY_WEATHER
ABY,9,31,-6.97,-8.0,4,42.5,35.0,5,101.6,95.8,DELAY_CARRIER|CANC_WEATHER|DELAY_NAS
ABY,10,48,-6.02,-6.58,1,58.0,42.0,1,130.0,117.0,DELAY_CARRIER|DELAY_NAS
ABY,11,46,-7.46,-7.57,3,39.0,36.67,1,167.0,171.0,DELAY_CARRIER|DELAY_WEATHER
ABY,12,45,-7.22,-14.58,4,25.0,21.0,12,163.08,158.83,DELAY_CARRIER|DELAY_WEATHER|DELAY_LATE_AIRCRAFT
ACK,5,67,-10.22,-12.24,7,37.29,34.57,8,156.25,156.13,DELAY_LATE_AIRCRAFT|CANC_WEATHER|CANC_CARRIER
ACK,6,172,-8.75,-13.15,21,36.05,37.24,24,179.38,182.88,DELAY_LATE_AIRCRAFT|DELAY_NAS|DELAY_CARRIER
ACK,7,236,-7.61,-11.67,48,33.65,33.6,28,133.64,140.18,DELAY_LATE_AIRCRAFT|DELAY_NAS|DELAY_CARRIER
ACK,8,242,-5.93,-6.51,22,35.18,34.64,28,184.71,184.0,DELAY_LATE_AIRCRAFT|DELAY_NAS|CANC_NAS
ACK,9,114,-9.46,-11.39,8,35.63,33.5,5,111.6,111.4,DELAY_NAS|DELAY_LATE_AIRCRAFT|DELAY_CARRIER
ACK,10,43,-9.05,-13.72,2,30.5,30.5,2,185.5,178.5,DELAY_LATE_AIRCRAFT|DELAY_NAS|DELAY_CARRIER
ACT,1,42,-6.36,-7.79,11,34.27,32.82,8,308.63,301.0,DELAY_CARRIER|CANC_WEATHER|DELAY_LATE_AIRCRAFT
ACT,2,56,-4.23,-5.45,2,25.0,34.0,2,79.5,66.0,DELAY_NAS|DELAY_CARRIER|DELAY_LATE_AIRCRAFT
ACT,3,59,-2.98,-3.98,4,38.0,35.75,4,75.25,69.75,DELAY_LATE_AIRCRAFT|DELAY_NAS|CANC_WEATHER
ACT,4,47,-3.28,-1.96,6,39.83,35.83,4,142.75,147.5,DELAY_CARRIER|DELAY_NAS|DELAY_LATE_AIRCRAFT
ACT,5,51,-6.1,-5.37,4,34.75,33.5,8,202.88,202.5,DELAY_CARRIER|CANC_WEATHER|DELAY_WEATHER
ACT,6,38,-4.45,-4.63,10,32.0,27.4,12,103.92,102.08,DELAY_LATE_AIRCRAFT|DELAY_CARRIER|DELAY_NAS
ACT,7,50,-5.82,-4.94,3,46.67,48.67,6,130.5,134.83,DELAY_CARRIER|DELAY_WEATHER|DELAY_NAS
ACT,8,48,-4.21,-0.65,8,40.13,44.5,4,83.0,87.75,DELAY_LATE_AIRCRAFT|DELAY_CARRIER|DELAY_NAS
ACT,9,51,-4.67,-4.98,7,29.43,27.71,2,126.0,110.0,DELAY_CARRIER|DELAY_LATE_AIRCRAFT|DELAY_WEATHER
ACT,10,43,-6.21,-7.09,8,34.63,34.13,13,124.92,119.54,DELAY_CARRIER|DELAY_LATE_AIRCRAFT|DELAY_NAS
ACT,11,50,-5.22,-6.64,7,39.86,36.71,2,89.0,84.0,DELAY_CARRIER|DELAY_LATE_AIRCRAFT|CANC_WEATHER
ACT,12,42,-5.17,-4.98,8,37.25,37.5,10,148.5,153.3,DELAY_CARRIER|CANC_WEATHER|DELAY_WEATHER
ACV,1,77,-5.22,-8.66,12,35.42,29.92,11,187.64,185.36,DELAY_LATE_AIRCRAFT|DELAY_NAS|DELAY_CARRIER
ACV,2,73,-6.21,-7.25,15,35.73,40.67,11,322.18,319.36,DELAY_CARRIER|DELAY_LATE_AIRCRAFT|DELAY_NAS
ACV,3,66,-5.64,-8.21,21,31.48,30.1,8,237.0,236.13,DELAY_NAS|DELAY_CARRIER|DELAY_LATE_AIRCRAFT
ACV,4,69,-4.3,-7.86,12,34.58,45.92,8,168.38,168.5,DELAY_NAS|DELAY_CARRIER|DELAY_LATE_AIRCRAFT
ACV,5,73,-3.62,-8.0,10,28.7,30.3,10,181.5,189.8,DELAY_NAS|DELAY_LATE_AIRCRAFT|DELAY_CARRIER
ACV,6,69,-3.57,-6.94,5,35.0,41.6,6,146.67,143.33,DELAY_CARRIER|DELAY_LATE_AIRCRAFT|DELAY_NAS
ACV,7,79,-4.94,-7.72,5,36.6,42.2,7,351.71,361.71,DELAY_CARRIER|DELAY_LATE_AIRCRAFT|DELAY_NAS
ACV,8,72,-3.11,-3.38,11,32.36,36.27,7,190.71,191.86,DELAY_NAS|DELAY_LATE_AIRCRAFT|CANC_WEATHER
ACV,9,86,-5.56,-11.21,7,32.29,27.43,14,312.71,310.0,DELAY_LATE_AIRCRAFT|DELAY_WEATHER|DELAY_CARRIER
ACV,10,117,-5.26,-7.4,6,32.83,25.33,12,273.08,274.75,DELAY_CARRIER|DELAY_LATE_AIRCRAFT|DELAY_NAS
ACV,11,98,-5.44,-5.79,11,27.73,25.09,13,110.08,111.23,DELAY_CARRIER|DELAY_LATE_AIRCRAFT|DELAY_NAS
ACV,12,99,-5.57,-7.12,6,34.67,30.67,5,176.0,176.0,DELAY_CARRIER|DELAY_NAS|DELAY_LATE_AIRCRAFT
ACY,1,169,-5.44,-4.59,14,31.21,37.57,6,161.5,157.0,DELAY_NAS|DELAY_CARRIER|DELAY_LATE_AIRCRAFT
ACY,2,170,-4.85,-11.62,28,32.89,24.61,10,131.2,124.9,DELAY_NAS|DELAY_LATE_AIRCRAFT|DELAY_CARRIER
ACY,3,160,-4.94,-10.46,46,33.61,31.78,24,164.42,165.42,DELAY_NAS|DELAY_LATE_AIRCRAFT|DELAY_CARRIER
ACY,4,180,-6.81,-16.81,20,33.35,29.75,9,107.44,106.0,DELAY_NAS|DELAY_CARRIER|DELAY_LATE_AIRCRAFT
ACY,5,165,-4.72,-11.21,23,30.78,25.09,8,136.0,136.63,DELAY_NAS|DELAY_LATE_AIRCRAFT|DELAY_CARRIER
ACY,6,127,-4.47,-14.86,19,31.47,22.0,19,134.63,129.53,DELAY_NAS|DELAY_CARRIER|DELAY_LATE_AIRCRAFT
ACY,7,111,-2.96,-13.18,24,35.46,26.92,11,163.73,153.91,DELAY_LATE_AIRCRAFT|DELAY_CARRIER|DELAY_NAS
ACY,8,145,-3.68,-8.77,30,32.67,29.37,15,132.13,133.6,DELAY_NAS|DELAY_LATE_AIRCRAFT|DELAY_CARRIER
ACY,9,118,-5.75,-14.62,12,31.5,25.83,3,115.0,116.67,DELAY_LATE_AIRCRAFT|DELAY_NAS|DELAY_CARRIER
ACY,10,136,-5.54,-15.43,8,42.13,31.13,4,107.75,97.25,CANC_WEATHER|DELAY_LATE_AIRCRAFT|DELAY_CARRIER
ACY,11,149,-7.91,-21.06,11,35.36,19.55,5,222.2,205.4,DELAY_LATE_AIRCRAFT|DELAY_NAS|DELAY_CARRIER
ACY,12,109,-6.32,-15.18,21,31.76,24.14,13,100.77,91.08,DELAY_NAS|DELAY_CARRIER|DELAY_LATE_AIRCRAFT
ADK,1,2,-27.0,-13.5,2,29.5,42.0,0,,,CANC_WEATHER|DELAY_SECURITY
ADK,2,5,-29.0,-31.8,0,,,0,,,N/D
ADK,3,5,-38.0,-36.8,0,,,0,,,N/D
ADK,4,3,-13.33,-13.33,0,,,1,225.0,217.0,DELAY_LATE_AIRCRAFT
ADK,5,4,-35.75,-46.0,1,17.0,15.0,0,,,DELAY_SECURITY
ADK,6,2,-34.0,-24.0,0,,,0,,,CANC_WEATHER
ADK,7,4,-10.75,-17.5,2,37.5,36.5,0,,,DELAY_LATE_AIRCRAFT|DELAY_SECURITY
ADK,8,4,2.75,4.0,1,42.0,24.0,0,,,DELAY_SECURITY
ADK,9,5,-0.8,-7.6,2,31.0,16.5,1,70.0,73.0,DELAY_LATE_AIRCRAFT|DELAY_SECURITY
ADK,10,6,-16.17,-17.5,1,29.0,16.0,0,,,CANC_WEATHER|DELAY_CARRIER
ADK,11,4,-10.25,-0.25,0,,,1,61.0,73.0,CANC_WEATHER|DELAY_LATE_AIRCRAFT
ADK,12,6,-15.17,-10.33,0,,,0,,,DELAY_NAS
ADQ,1,25,-13.36,-15.6,5,23.0,22.4,7,89.0,80.71,DELAY_LATE_AIRCRAFT|DELAY_WEATHER|CANC_CARRIER
ADQ,2,35,-9.54,-12.34,4,28.75,24.5,2,150.0,143.0,DELAY_LATE_AIRCRAFT|DELAY_NAS|DELAY_WEATHER
ADQ,3,28,-11.75,-15.86,4,28.5,24.25,1,116.0,110.0,DELAY_LATE_AIRCRAFT|CANC_CARRIER|DELAY_CARRIER
ADQ,4,30,-11.43,-15.57,7,38.86,32.57,0,,,DELAY_CARRIER|DELAY_LATE_AIRCRAFT|CANC_WEATHER
ADQ,5,49,-9.98,-11.8,2,51.5,48.5,2,62.5,52.5,DELAY_LATE_AIRCRAFT|DELAY_CARRIER
ADQ,6,39,-12.08,-12.26,3,38.67,35.67,0,,,CANC_CARRIER|CANC_WEATHER|DELAY_CARRIER
ADQ,7,45,-8.11,-8.84,4,26.75,20.5,5,167.2,167.8,DELAY_CARRIER|DELAY_LATE_AIRCRAFT|CANC_WEATHER
ADQ,8,55,-7.51,-7.73,6,29.33,27.0,2,77.0,76.5,DELAY_LATE_AIRCRAFT|DELAY_SECURITY|CANC_CARRIER
ADQ,9,58,-12.31,-11.28,2,45.5,50.0,1,87.0,89.0,DELAY_LATE_AIRCRAFT|DELAY_NAS|DELAY_WEATHER
ADQ,10,41,-6.24,-8.39,3,18.67,17.0,2,121.0,122.5,DELAY_CARRIER|DELAY_LATE_AIRCRAFT|DELAY_SECURITY
ADQ,11,27,-3.37,-0.7,8,23.88,25.5,1,74.0,69.0,DELAY_LATE_AIRCRAFT|DELAY_WEATHER|DELAY_CARRIER
ADQ,12,35,-7.14,-9.43,3,30.0,29.67,1,275.0,292.0,DELAY_LATE_AIRCRAFT|DELAY_NAS|CANC_CARRIER
AEX,1,86,-5.08,-6.84,13,40.23,35.0,10,292.6,310.3,DELAY_CARRIER|CANC_WEATHER|DELAY_LATE_AIRCRAFT
AEX,2,89,-6.34,-9.57,7,34.57,40.86,5,273.0,267.2,DELAY_CARRIER|DELAY_LATE_AIRCRAFT|DELAY_NAS
AEX,3,102,-4.61,-10.47,6,32.0,38.5,7,141.86,131.0,DELAY_WEATHER|DELAY_LATE_AIRCRAFT|CANC_WEATHER
AEX,4,80,-5.95,-9.81,7,37.29,38.71,8,221.63,258.38,DELAY_CARRIER|DELAY_WEATHER|CANC_WEATHER
AEX,5,85,-4.87,-7.71,5,35.8,50.4,19,178.58,174.79,DELAY_CARRIER|DELAY_WEATHER|CANC_WEATHER
AEX,6,96,-5.38,-11.25,9,24.0,14.78,11,221.91,225.91,DELAY_CARRIER|DELAY_LATE_AIRCRAFT|DELAY_NAS
AEX,7,95,-5.14,-10.23,16,29.25,24.56,18,213.67,210.5,DELAY_CARRIER|DELAY_WEATHER|DELAY_LATE_AIRCRAFT
AEX,8,103,-5.6,-13.01,4,35.75,29.25,15,158.0,148.2,DELAY_CARRIER|DELAY_LATE_AIRCRAFT|DELAY_WEATHER
AEX,9,99,-4.11,-8.7,10,22.8,26.4,14,163.5,160.0,DELAY_CARRIER|DELAY_LATE_AIRCRAFT|DELAY_WEATHER
AEX,10,91,-6.9,-15.9,9,30.56,23.78,16,176.0,163.19,DELAY_CARRIER|DELAY_LATE_AIRCRAFT|DELAY_WEATHER
AEX,11,97,-5.64,-10.64,8,30.75,20.38,13,168.15,161.15,DELAY_CARRIER|DELAY_LATE_AIRCRAFT|CANC_WEATHER
AEX,12,101,-4.14,-11.34,9,35.11,37.11,3,351.33,335.33,DELAY_NAS|DELAY_CARRIER|DELAY_LATE_AIRCRAFT
AGS,1,118,-2.0,-6.78,21,31.67,24.9,28,158.39,152.04,DELAY_CARRIER|DELAY_LATE_AIRCRAFT|DELAY_WEATHER
AGS,2,139,-3.39,-12.49,18,32.67,25.78,16,141.13,132.38,DELAY_CARRIER|DELAY_WEATHER|DELAY_LATE_AIRCRAFT
AGS,3,137,-3.8,-7.56,13,29.08,25.85,13,167.85,161.38,DELAY_CARRIER|DELAY_LATE_AIRCRAFT|DELAY_NAS
AGS,4,269,-3.28,-6.12,55,31.24,27.0,18,91.72,93.89,DELAY_LATE_AIRCRAFT|DELAY_CARRIER|DELAY_NAS
AGS,5,171,-3.84,-7.75,17,35.88,35.94,20,174.3,174.45,DELAY_LATE_AIRCRAFT|DELAY_CARRIER|DELAY_NAS
AGS,6,221,-4.79,-9.23,21,27.43,21.0,15,143.47,139.53,DELAY_LATE_AIRCRAFT|DELAY_NAS|DELAY_CARRIER
AGS,7,193,-3.67,-5.54,27,35.48,27.26,41,161.22,160.0,DELAY_LATE_AIRCRAFT|DELAY_CARRIER|DELAY_NAS
AGS,8,199,-4.61,-9.84,21,33.67,29.19,18,184.56,179.56,DELAY_LATE_AIRCRAFT|DELAY_CARRIER|DELAY_NAS
AGS,9,216,-4.62,-7.26,19,33.32,33.68,28,242.36,241.0,CANC_WEATHER|DELAY_LATE_AIRCRAFT|DELAY_NAS
AGS,10,180,-3.82,-8.68,23,30.39,25.43,30,231.87,232.13,DELAY_WEATHER|DELAY_CARRIER|DELAY_LATE_AIRCRAFT
AGS,11,188,-2.82,-6.52,17,25.24,22.35,10,138.6,135.4,DELAY_NAS|DELAY_CARRIER|DELAY_LATE_AIRCRAFT
AGS,12,150,-1.79,-7.56,25,26.76,19.16,28,207.21,200.61,DELAY_CARRIER|DELAY_NAS|DELAY_LATE_AIRCRAFT
AKN,4,3,-28.67,-27.0,0,,,0,,,N/D
AKN,5,12,-15.92,-15.08,2,25.0,13.0,0,,,CANC_CARRIER|DELAY_LATE_AIRCRAFT|DELAY_NAS
AKN,6,28,-12.5,-8.39,0,,,0,,,DELAY_NAS
AKN,7,27,-7.41,-1.22,4,35.25,45.75,2,80.0,81.0,DELAY_LATE_AIRCRAFT|DELAY_NAS|DELAY_SECURITY
AKN,8,24,-10.92,-8.04,3,19.0,25.0,0,,,DELAY_LATE_AIRCRAFT|DELAY_NAS|DELAY_CARRIER
AKN,9,20,-13.75,-10.45,4,36.25,34.0,0,,,DELAY_LATE_AIRCRAFT|DELAY_SECURITY
ALB,1,463,-3.52,-10.11,77,27.92,28.9,47,130.47,135.66,DELAY_LATE_AIRCRAFT|DELAY_NAS|DELAY_CARRIER
ALB,2,523,-3.9,-17.59,52,27.31,16.08,25,141.04,134.2,DELAY_LATE_AIRCRAFT|DELAY_NAS|DELAY_CARRIER
ALB,3,558,-3.07,-11.49,93,31.61,26.91,55,160.29,165.25,DELAY_LATE_AIRCRAFT|DELAY_NAS|DELAY_CARRIER
ALB,4,547,-3.89,-10.85,84,30.24,25.69,45,230.18,228.09,DELAY_LATE_AIRCRAFT|DELAY_NAS|DELAY_CARRIER
ALB,5,557,-3.78,-10.34,103,30.54,22.15,50,134.82,132.6,DELAY_LATE_AIRCRAFT|DELAY_NAS|DELAY_CARRIER
ALB,6,566,-3.69,-9.73,100,31.85,24.54,59,175.42,171.32,DELAY_LATE_AIRCRAFT|DELAY_NAS|DELAY_CARRIER
ALB,7,493,-3.0,-6.98,110,33.13,31.69,98,159.44,161.58,DELAY_LATE_AIRCRAFT|DELAY_CARRIER|DELAY_NAS
ALB,8,575,-2.82,-7.89,112,30.27,32.48,71,167.37,169.45,DELAY_LATE_AIRCRAFT|DELAY_NAS|DELAY_CARRIER
ALB,9,640,-4.88,-10.32,62,30.47,26.55,24,245.38,242.88,DELAY_NAS|DELAY_CARRIER|DELAY_LATE_AIRCRAFT
ALB,10,641,-4.07,-12.26,89,27.42,15.39,19,140.79,131.37,DELAY_CARRIER|DELAY_LATE_AIRCRAFT|DELAY_NAS
ALB,11,616,-4.54,-14.95,48,26.33,14.92,23,190.61,173.96,DELAY_LATE_AIRCRAFT|DELAY_CARRIER|DELAY_NAS
ALB,12,532,-2.71,-7.96,91,30.65,23.23,73,214.44,207.62,DELAY_LATE_AIRCRAFT|DELAY_NAS|DELAY_CARRIER
ALW,1,31,-4.87,7.61,2,42.5,54.5,1,72.0,71.0,CANC_WEATHER|DELAY_CARRIER|DELAY_LATE_AIRCRAFT
ALW,2,43,-6.56,-0.16,0,,,1,74.0,82.0,DELAY_NAS|CANC_WEATHER|DELAY_LATE_AIRCRAFT
ALW,3,47,-7.04,-4.45,0,,,1,63.0,80.0,DELAY_CARRIER|DELAY_WEATHER
ALW,4,39,-6.67,-4.67,0,,,0,,,DELAY_CARRIER
ALW,5,41,-5.24,-5.78,2,16.5,16.0,0,,,DELAY_CARRIER
ALW,6,37,-3.35,-2.92,2,33.5,28.0,3,96.0,104.0,DELAY_LATE_AIRCRAFT|DELAY_CARRIER|DELAY_NAS
ALW,7,27,-4.37,-6.22,7,25.57,26.43,0,,,DELAY_LATE_AIRCRAFT|DELAY_CARRIER|DELAY_NAS
ALW,8,35,-5.71,-6.09,5,28.4,34.8,2,94.0,102.5,DELAY_LATE_AIRCRAFT|DELAY_NAS
ALW,9,40,-6.0,-0.7,6,37.17,44.0,2,91.0,90.5,DELAY_LATE_AIRCRAFT|DELAY_NAS|DELAY_CARRIER
AMA,1,220,-4.2,-7.24,27,31.93,32.67,20,136.35,131.2,DELAY_LATE_AIRCRAFT|DELAY_NAS|CANC_WEATHER
AMA,2,254,-6.1,-10.98,19,34.84,35.53,5,110.8,91.8,DELAY_NAS|DELAY_CARRIER|DELAY_LATE_AIRCRAFT
AMA,3,253,-5.23,-9.11,22,30.55,30.5,14,144.43,146.79,DELAY_NAS|DELAY_CARRIER|DELAY_LATE_AIRCRAFT
AMA,4,208,-4.41,-8.97,20,34.85,33.65,20,151.15,162.05,DELAY_LATE_AIRCRAFT|DELAY_NAS|DELAY_CARRIER
AMA,5,201,-3.69,-7.92,41,35.39,32.68,37,163.24,167.7,DELAY_LATE_AIRCRAFT|DELAY_NAS|DELAY_CARRIER
AMA,6,235,-3.92,-8.9,38,31.61,28.45,32,180.97,178.66,DELAY_LATE_AIRCRAFT|DELAY_CARRIER|DELAY_NAS
AMA,7,249,-3.88,-8.35,42,33.24,28.52,21,155.48,151.9,DELAY_LATE_AIRCRAFT|DELAY_CARRIER|DELAY_NAS
AMA,8,249,-5.04,-9.32,33,33.73,33.0,19,159.74,154.47,DELAY_CARRIER|DELAY_LATE_AIRCRAFT|DELAY_NAS
AMA,9,265,-4.79,-5.73,24,31.71,34.21,12,133.08,134.92,DELAY_LATE_AIRCRAFT|DELAY_NAS|DELAY_CARRIER
AMA,10,277,-4.79,-9.57,32,34.0,28.88,8,151.88,140.75,DELAY_LATE_AIRCRAFT|DELAY_NAS|DELAY_CARRIER
AMA,11,242,-3.84,-8.57,27,31.67,27.44,16,141.63,139.81,DELAY_NAS|DELAY_CARRIER|DELAY_LATE_AIRCRAFT
AMA,12,244,-4.22,-9.73,25,34.6,25.88,20,166.35,169.8,DELAY_LATE_AIRCRAFT|DELAY_CARRIER|DELAY_NAS
ANC,1,518,-3.62,-7.81,116,32.55,25.52,73,127.37,125.84,DELAY_LATE_AIRCRAFT|DELAY_CARRIER|CANC_CARRIER
ANC,2,628,-5.75,-7.76,59,29.95,24.07,30,164.07,160.37,DELAY_NAS|DELAY_CARRIER|DELAY_LATE_AIRCRAFT
ANC,3,732,-5.2,-9.39,109,32.05,26.39,54,139.24,134.69,DELAY_LATE_AIRCRAFT|DELAY_CARRIER|DELAY_NAS
ANC,4,770,-6.47,-11.95,103,34.22,26.02,37,120.62,111.92,DELAY_LATE_AIRCRAFT|DELAY_CARRIER|DELAY_NAS
ANC,5,1030,-5.71,-11.67,127,32.43,22.31,38,116.39,103.76,DELAY_LATE_AIRCRAFT|DELAY_CARRIER|DELAY_NAS
ANC,6,1274,-5.11,-7.97,159,30.98,27.61,57,160.79,158.23,DELAY_CARRIER|DELAY_LATE_AIRCRAFT|DELAY_NAS
ANC,7,1198,-3.24,-6.32,261,31.66,26.75,80,153.7,150.95,DELAY_CARRIER|DELAY_LATE_AIRCRAFT|DELAY_NAS
ANC,8,1238,-3.49,-8.49,229,29.01,23.34,55,165.22,157.38,DELAY_LATE_AIRCRAFT|DELAY_CARRIER|DELAY_NAS
ANC,9,1031,-4.55,-9.4,113,28.73,21.84,30,137.67,125.4,DELAY_CARRIER|DELAY_LATE_AIRCRAFT|DELAY_NAS
ANC,10,839,-5.41,-9.33,72,28.57,29.83,34,169.18,170.71,DELAY_NAS|DELAY_CARRIER|DELAY_LATE_AIRCRAFT
ANC,11,698,-5.69,-10.23,68,31.56,24.75,16,94.63,83.13,DELAY_CARRIER|DELAY_LATE_AIRCRAFT|DELAY_NAS
ANC,12,711,-4.31,-9.33,88,27.8,21.98,33,154.15,146.27,DELAY_LATE_AIRCRAFT|DELAY_CARRIER|DELAY_NAS
APN,1,16,-6.25,-10.06,2,39.5,40.0,4,172.25,160.75,CANC_WEATHER|DELAY_CARRIER|DELAY_WEATHER
APN,2,32,-11.47,-23.47,1,40.0,56.0,3,81.0,78.67,DELAY_CARRIER|DELAY_WEATHER
APN,3,35,-7.23,-14.57,1,19.0,1.0,3,345.33,328.0,DELAY_WEATHER|DELAY_CARRIER|DELAY_SECURITY
APN,4,33,-9.15,-16.09,0,,,5,210.0,205.2,DELAY_CARRIER|DELAY_WEATHER|CANC_WEATHER
APN,5,36,-7.81,-11.86,5,30.8,25.8,2,90.0,78.0,DELAY_CARRIER|DELAY_WEATHER|DELAY_NAS
APN,6,20,-7.95,-12.6,2,42.5,34.5,7,256.14,248.57,DELAY_CARRIER|DELAY_WEATHER|CANC_WEATHER
APN,7,32,-5.41,-10.22,4,47.0,40.5,6,145.67,140.0,DELAY_CARRIER|CANC_WEATHER|DELAY_NAS
APN,8,32,-8.66,-14.97,2,48.0,34.5,7,142.86,140.14,DELAY_CARRIER|DELAY_WEATHER
APN,9,32,-9.25,-15.75,3,44.0,42.0,2,186.0,182.0,DELAY_WEATHER|DELAY_CARRIER
APN,10,29,-9.52,-18.1,1,16.0,5.0,3,120.67,116.67,DELAY_CARRIER|DELAY_NAS
APN,11,33,-7.58,-14.06,2,31.0,36.0,3,143.33,131.0,DELAY_CARRIER|DELAY_NAS
APN,12,22,-5.59,-7.41,6,31.83,29.17,5,164.2,154.6,DELAY_CARRIER|CANC_WEATHER|DELAY_WEATHER
ASE,1,373,-3.67,-12.07,122,33.55,26.84,91,155.05,148.02,CANC_WEATHER|DELAY_LATE_AIRCRAFT|DELAY_NAS
ASE,2,347,-4.23,-11.85,128,30.64,22.53,114,162.17,156.37,DELAY_CARRIER|DELAY_LATE_AIRCRAFT|CANC_WEATHER
ASE,3,373,-4.6,-12.28,141,34.15,26.71,129,157.4,155.87,DELAY_WEATHER|CANC_WEATHER|DELAY_LATE_AIRCRAFT
ASE,4,236,-5.06,-8.32,40,35.28,30.18,25,200.8,200.2,DELAY_CARRIER|CANC_WEATHER|DELAY_LATE_AIRCRAFT
ASE,5,101,-6.98,-11.35,22,31.5,24.23,29,149.66,143.86,DELAY_CARRIER|DELAY_LATE_AIRCRAFT|DELAY_WEATHER
ASE,6,355,-6.23,-9.68,51,33.57,29.1,60,160.48,158.43,DELAY_CARRIER|DELAY_WEATHER|DELAY_LATE_AIRCRAFT
ASE,7,381,-5.72,-9.49,56,33.27,32.11,47,199.87,201.94,DELAY_CARRIER|DELAY_LATE_AIRCRAFT|DELAY_NAS
ASE,8,327,-5.0,-7.32,74,33.53,29.22,54,148.44,148.17,DELAY_CARRIER|DELAY_LATE_AIRCRAFT|DELAY_NAS
ASE,9,289,-6.68,-12.08,43,33.77,28.91,46,139.67,138.43,DELAY_CARRIER|DELAY_LATE_AIRCRAFT|DELAY_WEATHER
ASE,10,286,-7.34,-13.0,26,34.08,28.69,21,124.95,122.52,DELAY_CARRIER|DELAY_LATE_AIRCRAFT|DELAY_NAS
ASE,11,208,-7.28,-14.23,32,35.59,37.38,25,147.16,147.24,CANC_WEATHER|DELAY_CARRIER|DELAY_WEATHER
ASE,12,309,-5.39,-15.59,78,35.58,28.23,100,198.44,196.38,DELAY_CARRIER|DELAY_LATE_AIRCRAFT|CANC_WEATHER
ATL,1,14360,-1.77,-6.99,2613,31.24,26.37,1172,143.35,140.99,DELAY_CARRIER|DELAY_LATE_AIRCRAFT|DELAY_NAS
ATL,2,15320,-2.52,-6.96,1634,29.62,24.53,463,124.9,119.68,DELAY_CARRIER|DELAY_NAS|DELAY_LATE_AIRCRAFT
ATL,3,16225,-1.77,-6.52,2739,30.8,26.05,965,127.54,125.11,DELAY_CARRIER|DELAY_LATE_AIRCRAFT|DELAY_NAS
ATL,4,16261,-1.77,-4.91,2521,30.63,27.26,950,128.17,127.19,DELAY_CARRIER|DELAY_LATE_AIRCRAFT|DELAY_NAS
ATL,5,15546,-1.06,-3.04,3401,31.61,31.39,1815,130.76,132.31,DELAY_CARRIER|DELAY_LATE_AIRCRAFT|DELAY_NAS
ATL,6,16013,-1.69,-6.76,3076,30.69,26.13,1205,133.72,129.71,DELAY_CARRIER|DELAY_LATE_AIRCRAFT|DELAY_NAS
ATL,7,12559,-1.22,-4.51,3839,33.03,31.91,3238,153.16,153.13,DELAY_CARRIER|DELAY_LATE_AIRCRAFT|DELAY_NAS
ATL,8,16116,-2.5,-7.53,2819,31.87,27.39,1388,137.2,133.89,DELAY_CARRIER|DELAY_LATE_AIRCRAFT|DELAY_NAS
ATL,9,16540,-2.83,-7.45,2191,31.23,27.03,832,138.53,134.06,DELAY_CARRIER|DELAY_LATE_AIRCRAFT|DELAY_NAS
ATL,10,18194,-2.97,-8.47,1921,29.5,22.89,524,126.1,120.18,DELAY_CARRIER|DELAY_LATE_AIRCRAFT|DELAY_NAS
ATL,11,16989,-3.01,-7.41,2065,29.9,25.28,579,128.1,126.28,DELAY_CARRIER|DELAY_NAS|DELAY_LATE_AIRCRAFT
ATL,12,15561,-1.54,-6.4,3327,31.21,26.49,1265,133.67,129.99,DELAY_CARRIER|DELAY_LATE_AIRCRAFT|DELAY_NAS
ATW,1,238,-3.23,-8.65,32,31.59,29.03,41,197.88,191.0,DELAY_CARRIER|DELAY_NAS|CANC_WEATHER
ATW,2,258,-5.92,-15.59,18,34.67,24.11,25,212.8,201.68,DELAY_CARRIER|DELAY_LATE_AIRCRAFT|DELAY_NAS
ATW,3,323,-5.44,-14.02,34,31.26,27.09,22,265.86,257.41,DELAY_NAS|DELAY_CARRIER|DELAY_LATE_AIRCRAFT
ATW,4,305,-6.77,-12.4,19,31.53,21.58,21,321.29,327.38,DELAY_CARRIER|DELAY_LATE_AIRCRAFT|DELAY_NAS
ATW,5,305,-5.3,-11.12,29,34.41,35.59,35,193.69,190.91,DELAY_LATE_AIRCRAFT|DELAY_CARRIER|DELAY_NAS
ATW,6,276,-5.41,-7.26,33,30.61,29.06,45,147.18,146.76,DELAY_CARRIER|DELAY_NAS|DELAY_LATE_AIRCRAFT
ATW,7,292,-4.55,-6.11,40,33.93,33.8,28,129.43,140.04,DELAY_CARRIER|DELAY_NAS|DELAY_LATE_AIRCRAFT
ATW,8,281,-5.19,-7.25,28,32.68,28.18,32,147.78,147.47,DELAY_CARRIER|DELAY_NAS|DELAY_LATE_AIRCRAFT
ATW,9,295,-6.34,-12.09,31,35.65,32.16,26,117.31,112.96,DELAY_CARRIER|DELAY_LATE_AIRCRAFT|DELAY_NAS
ATW,10,351,-6.26,-13.0,23,29.91,18.78,25,145.8,133.92,DELAY_CARRIER|DELAY_LATE_AIRCRAFT|DELAY_NAS
ATW,11,316,-5.28,-11.77,35,35.09,29.57,32,166.44,160.88,DELAY_CARRIER|DELAY_WEATHER|DELAY_LATE_AIRCRAFT
ATW,12,289,-4.03,-6.24,44,32.2,35.7,52,193.23,190.9,DELAY_CARRIER|CANC_WEATHER|DELAY_NAS
AUS,1,3362,-2.28,-7.09,768,30.26,25.14,371,162.08,160.49,DELAY_LATE_AIRCRAFT|DELAY_CARRIER|DELAY_NAS
AUS,2,3470,-3.34,-6.73,431,29.61,25.23,150,166.97,163.0,DELAY_NAS|DELAY_LATE_AIRCRAFT|DELAY_CARRIER
AUS,3,3781,-2.26,-7.66,815,31.12,25.54,371,142.46,138.78,DELAY_LATE_AIRCRAFT|DELAY_CARRIER|DELAY_NAS
AUS,4,3876,-1.87,-7.84,823,30.16,25.01,337,153.23,149.36,DELAY_LATE_AIRCRAFT|DELAY_NAS|DELAY_CARRIER
AUS,5,3478,-0.47,-4.62,1153,32.17,28.99,754,175.64,174.24,DELAY_LATE_AIRCRAFT|DELAY_CARRIER|DELAY_NAS
AUS,6,3818,-1.02,-6.48,1018,31.68,25.26,489,157.04,151.48,DELAY_LATE_AIRCRAFT|DELAY_CARRIER|DELAY_NAS
AUS,7,3535,-1.2,-6.89,1142,32.06,26.77,654,162.52,156.94,DELAY_LATE_AIRCRAFT|DELAY_CARRIER|DELAY_NAS
AUS,8,3908,-3.27,-10.39,622,31.38,25.6,338,173.93,166.49,DELAY_LATE_AIRCRAFT|DELAY_CARRIER|DELAY_NAS
AUS,9,4158,-3.31,-8.51,486,29.72,23.79,166,151.76,146.56,DELAY_LATE_AIRCRAFT|DELAY_NAS|DELAY_CARRIER
AUS,10,4468,-2.92,-8.82,536,30.21,24.16,200,153.02,146.89,DELAY_LATE_AIRCRAFT|DELAY_CARRIER|DELAY_NAS
AUS,11,4095,-2.67,-8.57,515,29.87,23.68,202,146.62,143.85,DELAY_LATE_AIRCRAFT|DELAY_NAS|DELAY_CARRIER
AUS,12,3792,-2.12,-8.7,692,31.12,24.1,359,159.28,154.27,DELAY_LATE_AIRCRAFT|DELAY_CARRIER|DELAY_NAS
AVL,1,474,-4.55,-10.38,85,31.26,29.67,47,159.26,153.94,DELAY_LATE_AIRCRAFT|DELAY_NAS|DELAY_CARRIER
AVL,2,464,-5.4,-10.59,29,31.17,28.62,16,202.0,194.81,DELAY_NAS|DELAY_LATE_AIRCRAFT|DELAY_CARRIER
AVL,3,500,-4.15,-9.63,70,30.87,24.09,36,183.94,181.89,DELAY_NAS|DELAY_LATE_AIRCRAFT|DELAY_CARRIER
AVL,4,588,-4.95,-8.03,87,31.76,26.59,40,151.2,147.3,DELAY_LATE_AIRCRAFT|DELAY_NAS|DELAY_CARRIER
AVL,5,561,-3.41,-6.52,128,30.74,27.98,72,182.54,183.96,DELAY_LATE_AIRCRAFT|DELAY_NAS|DELAY_CARRIER
AVL,6,559,-1.81,-6.9,141,31.48,25.77,86,162.22,161.0,DELAY_LATE_AIRCRAFT|DELAY_CARRIER|DELAY_NAS
AVL,7,498,-2.41,-5.51,169,33.01,31.22,135,177.24,176.55,DELAY_LATE_AIRCRAFT|DELAY_CARRIER|DELAY_NAS
AVL,8,575,-4.25,-8.47,159,30.72,29.48,90,160.39,161.73,DELAY_LATE_AIRCRAFT|DELAY_NAS|DELAY_CARRIER
AVL,9,557,-3.11,-8.5,104,28.63,21.79,54,172.44,166.22,CANC_WEATHER|DELAY_LATE_AIRCRAFT|DELAY_CARRIER
AVL,10,618,-7.85,-12.64,60,29.82,24.37,42,190.71,181.9,DELAY_LATE_AIRCRAFT|DELAY_NAS|DELAY_CARRIER
AVL,11,506,-5.42,-10.79,56,32.82,28.61,28,190.29,180.54,DELAY_NAS|DELAY_LATE_AIRCRAFT|DELAY_CARRIER
AVL,12,372,-3.5,-10.61,86,30.85,22.67,51,131.9,124.49,DELAY_LATE_AIRCRAFT|DELAY_CARRIER|DELAY_NAS
AVP,1,65,-4.49,-17.15,5,32.2,26.4,17,314.59,304.12,DELAY_CARRIER|DELAY_LATE_AIRCRAFT|DELAY_WEATHER
AVP,2,71,-4.59,-18.11,6,27.33,9.33,7,235.0,217.43,DELAY_LATE_AIRCRAFT|DELAY_CARRIER|DELAY_NAS
AVP,3,67,-5.7,-10.21,9,26.89,18.11,5,255.6,238.2,DELAY_NAS|DELAY_CARRIER|DELAY_LATE_AIRCRAFT
AVP,4,45,-4.07,-14.33,6,43.17,41.0,7,126.71,114.29,DELAY_LATE_AIRCRAFT|DELAY_CARRIER|DELAY_NAS
AVP,5,61,-1.95,-5.92,17,30.35,23.59,17,204.59,208.24,DELAY_LATE_AIRCRAFT|DELAY_CARRIER|DELAY_NAS
AVP,6,72,-4.4,-13.04,18,34.11,23.33,10,111.7,112.0,DELAY_LATE_AIRCRAFT|DELAY_CARRIER|DELAY_NAS
AVP,7,70,-2.63,-8.79,12,25.75,30.5,12,136.5,133.25,DELAY_LATE_AIRCRAFT|DELAY_NAS|CANC_WEATHER
AVP,8,74,-4.46,-5.58,18,33.5,51.94,11,128.73,125.36,DELAY_LATE_AIRCRAFT|DELAY_NAS|DELAY_CARRIER
AVP,9,81,-5.46,-11.65,3,37.67,39.0,9,186.67,181.56,DELAY_LATE_AIRCRAFT|DELAY_CARRIER|DELAY_NAS
AVP,10,92,-4.97,-10.88,5,34.8,47.6,3,69.0,57.33,DELAY_NAS|DELAY_CARRIER|DELAY_LATE_AIRCRAFT
AVP,11,72,-4.68,-10.67,9,31.0,22.44,5,242.2,248.8,DELAY_LATE_AIRCRAFT|DELAY_NAS|CANC_WEATHER
AVP,12,89,-5.07,-12.47,12,29.75,20.75,8,142.75,135.25,DELAY_CARRIER|DELAY_LATE_AIRCRAFT|DELAY_NAS
AZA,1,301,-6.81,-11.82,35,33.57,28.0,19,209.32,205.95,DELAY_CARRIER|DELAY_LATE_AIRCRAFT|DELAY_NAS
AZA,2,297,-6.65,-16.49,18,32.89,19.61,9,210.0,201.11,DELAY_CARRIER|DELAY_LATE_AIRCRAFT|DELAY_NAS
AZA,3,373,-6.73,-14.2,31,30.84,23.77,14,251.07,249.07,DELAY_CARRIER|DELAY_LATE_AIRCRAFT|DELAY_NAS
AZA,4,304,-6.22,-15.95,16,26.69,19.5,3,79.67,74.33,DELAY_CARRIER|DELAY_LATE_AIRCRAFT|DELAY_NAS
AZA,5,292,-6.13,-12.14,20,30.6,26.85,6,114.0,105.67,DELAY_CARRIER|DELAY_LATE_AIRCRAFT|DELAY_NAS
AZA,6,293,-6.38,-9.4,38,28.13,27.74,26,177.5,177.23,DELAY_CARRIER|DELAY_LATE_AIRCRAFT|DELAY_NAS
AZA,7,296,-5.97,-6.02,60,29.23,30.4,29,167.21,173.1,DELAY_CARRIER|DELAY_LATE_AIRCRAFT|DELAY_NAS
AZA,8,224,-6.14,-10.28,38,32.47,30.47,12,89.75,92.42,DELAY_CARRIER|DELAY_LATE_AIRCRAFT|DELAY_NAS
AZA,9,192,-6.57,-12.28,23,29.39,24.78,7,111.86,111.29,DELAY_CARRIER|DELAY_LATE_AIRCRAFT|DELAY_WEATHER
AZA,10,297,-5.66,-10.8,22,28.64,22.5,7,84.57,80.43,DELAY_CARRIER|DELAY_LATE_AIRCRAFT|DELAY_NAS
AZA,11,291,-5.97,-14.49,32,25.63,18.31,14,130.0,127.5,DELAY_CARRIER|DELAY_LATE_AIRCRAFT|DELAY_NAS
AZA,12,334,-5.23,-9.97,62,31.97,27.94,34,135.82,136.71,DELAY_LATE_AIRCRAFT|DELAY_CARRIER|DELAY_NAS
AZO,1,39,-5.44,-10.92,5,44.6,31.0,5,166.4,154.8,CANC_WEATHER|DELAY_CARRIER|DELAY_WEATHER
AZO,2,46,-5.3,-15.59,1,56.0,50.0,2,101.0,96.0,DELAY_CARRIER|DELAY_WEATHER
AZO,3,50,-5.58,-14.54,3,23.0,21.0,1,221.0,202.0,DELAY_NAS|DELAY_WEATHER
AZO,4,52,-5.38,-9.71,2,24.0,32.0,1,263.0,248.0,DELAY_CARRIER|DELAY_NAS|DELAY_WEATHER
AZO,5,56,-4.61,-7.86,3,40.33,39.0,5,135.6,125.2,DELAY_CARRIER|DELAY_NAS|CANC_WEATHER
AZO,6,44,-4.14,-6.09,3,41.67,40.0,6,178.17,168.83,DELAY_CARRIER|DELAY_WEATHER|CANC_WEATHER
AZO,7,44,-4.93,-7.7,10,33.4,22.7,4,334.5,329.5,DELAY_CARRIER|DELAY_WEATHER|DELAY_NAS
AZO,8,42,-3.9,-10.83,5,46.4,40.2,7,120.0,113.29,DELAY_CARRIER|CANC_WEATHER|DELAY_WEATHER
AZO,9,51,-5.73,-8.51,3,42.67,36.67,4,155.5,153.75,DELAY_CARRIER|DELAY_WEATHER
AZO,10,54,-7.24,-11.31,4,42.0,34.0,5,115.0,104.6,DELAY_CARRIER|DELAY_WEATHER
AZO,11,44,-5.66,-15.16,8,40.63,30.13,9,154.33,160.67,DELAY_CARRIER|DELAY_WEATHER
AZO,12,49,-3.76,-10.82,3,31.0,24.0,6,143.83,144.33,DELAY_CARRIER|DELAY_WEATHER|CANC_WEATHER
BDL,1,837,-2.92,-6.3,150,30.57,29.81,85,177.59,181.42,DELAY_NAS|DELAY_LATE_AIRCRAFT|DELAY_CARRIER
BDL,2,927,-3.35,-13.3,104,28.88,18.94,53,184.15,175.79,DELAY_NAS|DELAY_LATE_AIRCRAFT|DELAY_CARRIER
BDL,3,967,-3.9,-13.02,149,30.05,24.88,110,164.6,162.35,DELAY_LATE_AIRCRAFT|DELAY_NAS|DELAY_CARRIER
BDL,4,1139,-3.46,-11.1,157,30.87,21.32,84,188.54,185.37,DELAY_LATE_AIRCRAFT|DELAY_NAS|DELAY_CARRIER
BDL,5,1025,-3.2,-10.29,187,30.08,24.7,115,185.64,183.51,DELAY_LATE_AIRCRAFT|DELAY_NAS|DELAY_CARRIER
BDL,6,978,-3.38,-10.25,202,33.49,31.05,114,165.4,163.59,DELAY_LATE_AIRCRAFT|DELAY_NAS|DELAY_CARRIER
BDL,7,947,-2.59,-5.65,222,33.9,30.49,145,152.07,150.92,DELAY_LATE_AIRCRAFT|DELAY_NAS|DELAY_CARRIER
BDL,8,1039,-3.0,-8.26,200,30.83,25.89,126,134.62,137.16,DELAY_LATE_AIRCRAFT|DELAY_NAS|DELAY_CARRIER
BDL,9,1135,-4.43,-11.14,121,29.61,22.09,46,147.8,139.46,DELAY_LATE_AIRCRAFT|DELAY_CARRIER|DELAY_NAS
BDL,10,1198,-3.38,-11.4,134,28.58,17.48,40,160.8,149.6,DELAY_LATE_AIRCRAFT|DELAY_CARRIER|DELAY_NAS
BDL,11,1105,-4.16,-12.91,135,28.84,20.25,47,158.74,150.09,DELAY_LATE_AIRCRAFT|DELAY_CARRIER|DELAY_NAS
BDL,12,1052,-2.32,-8.03,193,31.49,26.91,93,127.81,123.98,DELAY_LATE_AIRCRAFT|DELAY_NAS|DELAY_CARRIER
BET,1,24,-4.96,-4.96,11,30.55,32.09,6,114.17,118.83,DELAY_LATE_AIRCRAFT|DELAY_SECURITY|CANC_CARRIER
BET,2,23,-3.35,0.7,8,35.25,42.13,5,79.8,84.8,DELAY_LATE_AIRCRAFT|DELAY_NAS|DELAY_SECURITY
BET,3,31,-1.94,2.45,12,25.5,23.83,8,137.25,137.5,DELAY_LATE_AIRCRAFT|DELAY_SECURITY|DELAY_NAS
BET,4,33,-3.76,-2.79,8,35.25,33.25,2,97.0,96.0,DELAY_LATE_AIRCRAFT|DELAY_CARRIER|DELAY_NAS
BET,5,34,-3.09,-1.88,14,25.29,21.29,1,72.0,60.0,DELAY_SECURITY|DELAY_LATE_AIRCRAFT|DELAY_CARRIER
BET,6,30,-8.93,-1.1,8,22.63,29.5,0,,,DELAY_SECURITY|DELAY_CARRIER|DELAY_LATE_AIRCRAFT
BET,7,36,-5.5,2.14,15,28.87,29.53,0,,,DELAY_LATE_AIRCRAFT|DELAY_NAS|DELAY_CARRIER
BET,8,31,-6.16,-2.94,4,30.5,36.0,2,97.0,101.5,DELAY_LATE_AIRCRAFT|DELAY_NAS
BET,9,39,-9.54,-4.13,3,20.33,20.0,2,77.0,82.0,DELAY_LATE_AIRCRAFT|DELAY_CARRIER|DELAY_NAS
BET,10,34,-3.53,-0.76,4,22.5,22.25,1,71.0,77.0,DELAY_CARRIER|DELAY_LATE_AIRCRAFT|DELAY_NAS
BET,11,33,-5.27,1.76,3,25.33,21.33,3,86.33,88.0,CANC_WEATHER|DELAY_CARRIER|DELAY_NAS
BET,12,32,-3.38,0.97,10,29.1,31.5,0,,,DELAY_LATE_AIRCRAFT|DELAY_NAS|DELAY_SECURITY
BFF,1,28,-8.04,-9.04,2,25.0,47.0,2,247.5,252.0,DELAY_LATE_AIRCRAFT|DELAY_NAS|CANC_WEATHER
BFF,2,25,-9.04,-11.0,3,52.0,44.33,2,86.0,93.5,DELAY_CARRIER|CANC_WEATHER|DELAY_LATE_AIRCRAFT
BFF,3,39,-8.87,-15.82,0,,,1,108.0,111.0,CANC_WEATHER|DELAY_NAS|DELAY_WEATHER
BFF,4,28,-6.61,-4.11,4,37.75,45.25,2,529.0,551.5,DELAY_LATE_AIRCRAFT|DELAY_CARRIER|CANC_WEATHER
BFF,5,33,-9.52,-4.55,2,54.5,43.0,0,,,DELAY_NAS|CANC_WEATHER|DELAY_CARRIER
BFF,6,34,-7.5,-5.71,4,28.5,20.0,0,,,DELAY_CARRIER|DELAY_NAS|CANC_WEATHER
BFF,7,32,-9.31,-11.25,2,20.5,17.5,3,321.67,322.33,DELAY_CARRIER|DELAY_LATE_AIRCRAFT|DELAY_NAS
BFF,8,32,-6.81,-10.81,2,49.5,41.5,4,273.5,279.5,DELAY_CARRIER|CANC_WEATHER|DELAY_LATE_AIRCRAFT
BFF,9,30,-9.3,-9.8,2,27.5,12.0,2,140.5,136.0,DELAY_CARRIER|CANC_WEATHER|DELAY_NAS
BFF,10,36,-9.33,-8.33,1,37.0,28.0,5,284.4,272.4,DELAY_LATE_AIRCRAFT|DELAY_CARRIER|CANC_NAS
BFF,11,34,-7.06,-5.26,1,58.0,54.0,3,121.67,125.67,DELAY_CARRIER|CANC_WEATHER|CANC_NAS
BFF,12,36,-7.22,-6.78,3,23.0,22.67,0,,,DELAY_CARRIER|DELAY_NAS
BFL,1,110,-5.8,-11.25,8,37.13,33.0,6,133.33,120.33,DELAY_CARRIER|DELAY_LATE_AIRCRAFT|DELAY_NAS
BFL,2,102,-6.52,-15.68,11,29.0,24.82,4,183.5,175.0,DELAY_CARRIER|DELAY_NAS|CANC_WEATHER
BFL,3,113,-4.95,-12.73,8,28.38,18.38,12,179.67,169.67,DELAY_CARRIER|DELAY_NAS|DELAY_LATE_AIRCRAFT
BFL,4,100,-4.67,-11.33,13,33.31,25.85,5,110.2,100.6,DELAY_CARRIER|DELAY_NAS|DELAY_WEATHER
BFL,5,109,-3.63,-9.31,11,27.82,21.73,15,103.2,102.8,DELAY_NAS|DELAY_CARRIER|DELAY_LATE_AIRCRAFT
BFL,6,134,-4.34,-3.01,14,36.57,35.57,9,138.33,139.22,DELAY_CARRIER|DELAY_LATE_AIRCRAFT|DELAY_NAS
BFL,7,146,-5.68,-9.43,10,34.4,26.5,14,198.21,193.86,DELAY_LATE_AIRCRAFT|DELAY_CARRIER|DELAY_NAS
BFL,8,175,-5.07,-8.43,9,29.44,32.67,12,151.25,147.67,DELAY_LATE_AIRCRAFT|DELAY_NAS|DELAY_CARRIER
BFL,9,137,-5.74,-14.5,10,33.2,28.4,4,146.25,146.0,DELAY_CARRIER|DELAY_LATE_AIRCRAFT|DELAY_NAS
BFL,10,157,-5.5,-12.08,10,29.5,21.0,7,266.57,254.57,DELAY_CARRIER|DELAY_LATE_AIRCRAFT|DELAY_NAS
BFL,11,147,-6.12,-12.25,14,41.29,30.79,8,166.38,164.88,DELAY_CARRIER|DELAY_LATE_AIRCRAFT|CANC_WEATHER
BFL,12,158,-4.84,-12.09,9,36.44,34.0,11,126.09,120.27,DELAY_CARRIER|DELAY_LATE_AIRCRAFT|DELAY_NAS
BGM,1,20,-3.6,-8.25,0,,,2,169.5,176.5,CANC_WEATHER|DELAY_NAS|DELAY_LATE_AIRCRAFT
BGM,2,17,-5.18,-27.18,0,,,1,337.0,317.0,DELAY_LATE_AIRCRAFT
BGM,3,20,-3.05,-7.55,0,,,3,623.67,592.67,DELAY_LATE_AIRCRAFT|DELAY_NAS|DELAY_CARRIER
BGM,4,18,-1.72,-1.56,2,22.0,7.5,1,248.0,239.0,DELAY_CARRIER|DELAY_NAS
BGM,5,21,-5.05,-2.62,0,,,2,257.0,249.5,DELAY_NAS|DELAY_CARRIER|DELAY_LATE_AIRCRAFT
BGM,6,18,-3.78,-2.22,2,31.0,20.0,1,316.0,327.0,DELAY_CARRIER
BGM,7,20,-1.25,0.6,1,45.0,44.0,2,353.5,348.5,DELAY_CARRIER
BGM,8,19,-2.47,-5.89,2,29.0,18.5,0,,,CANC_CARRIER|CANC_NAS|DELAY_NAS
BGM,9,22,-3.95,-11.05,0,,,0,,,N/D
BGM,10,23,-5.91,-10.0,0,,,0,,,N/D
BGM,11,15,-6.93,-14.87,4,33.5,59.75,1,74.0,48.0,DELAY_NAS|DELAY_CARRIER|DELAY_LATE_AIRCRAFT
BGM,12,16,-5.0,-17.56,3,34.67,73.0,1,74.0,138.0,DELAY_NAS|CANC_CARRIER|DELAY_CARRIER
BGR,1,129,-7.23,-19.02,18,31.33,26.72,9,175.11,175.33,CANC_WEATHER|DELAY_LATE_AIRCRAFT|DELAY_NAS
BGR,2,139,-6.98,-21.65,17,24.59,8.47,11,219.18,211.09,DELAY_NAS|DELAY_LATE_AIRCRAFT|DELAY_CARRIER
BGR,3,147,-7.16,-22.35,17,32.88,25.0,16,215.94,209.44,DELAY_LATE_AIRCRAFT|DELAY_NAS|CANC_WEATHER
BGR,4,133,-7.8,-16.5,9,31.0,31.89,2,137.0,137.0,DELAY_NAS|DELAY_LATE_AIRCRAFT|DELAY_CARRIER
BGR,5,135,-7.3,-16.59,4,33.5,46.75,6,150.67,142.17,DELAY_NAS|DELAY_CARRIER|CANC_CARRIER
BGR,6,275,-5.63,-10.79,38,35.5,34.45,26,209.04,204.85,DELAY_LATE_AIRCRAFT|DELAY_NAS|DELAY_CARRIER
BGR,7,308,-3.94,-6.96,61,33.69,34.51,28,155.93,155.93,DELAY_LATE_AIRCRAFT|DELAY_NAS|DELAY_CARRIER
BGR,8,329,-3.91,-8.9,57,33.77,39.09,32,227.34,223.94,DELAY_NAS|DELAY_LATE_AIRCRAFT|CANC_NAS
BGR,9,388,-5.79,-12.39,33,30.12,23.21,17,113.88,103.35,DELAY_LATE_AIRCRAFT|DELAY_NAS|DELAY_CARRIER
BGR,10,338,-5.67,-16.69,35,30.4,19.6,21,198.81,187.9,DELAY_CARRIER|DELAY_LATE_AIRCRAFT|DELAY_NAS
BGR,11,186,-7.54,-20.07,10,30.2,20.9,9,154.78,152.89,DELAY_NAS|DELAY_LATE_AIRCRAFT|DELAY_CARRIER
BGR,12,148,-6.5,-14.82,21,29.76,24.33,22,221.64,215.95,DELAY_LATE_AIRCRAFT|DELAY_NAS|DELAY_CARRIER
BHM,1,708,-4.47,-9.61,92,30.49,25.83,87,160.15,157.41,DELAY_LATE_AIRCRAFT|DELAY_NAS|DELAY_CARRIER
BHM,2,755,-4.61,-9.26,71,29.17,24.87,29,145.0,135.76,DELAY_LATE_AIRCRAFT|DELAY_CARRIER|DELAY_NAS
BHM,3,793,-3.83,-8.48,97,28.55,22.81,46,119.96,116.98,DELAY_LATE_AIRCRAFT|DELAY_NAS|DELAY_CARRIER
BHM,4,838,-3.68,-7.05,97,30.88,28.58,50,160.24,161.54,DELAY_LATE_AIRCRAFT|DELAY_NAS|DELAY_CARRIER
BHM,5,770,-2.61,-6.59,158,31.48,29.29,126,169.02,169.6,DELAY_LATE_AIRCRAFT|DELAY_CARRIER|DELAY_NAS
BHM,6,815,-2.7,-7.63,139,33.06,28.61,66,141.44,137.27,DELAY_LATE_AIRCRAFT|DELAY_CARRIER|DELAY_NAS
BHM,7,673,-2.56,-6.73,180,33.42,30.51,114,151.54,148.16,DELAY_LATE_AIRCRAFT|DELAY_CARRIER|DELAY_NAS
BHM,8,806,-3.53,-8.12,107,31.44,28.34,80,189.75,184.74,DELAY_LATE_AIRCRAFT|DELAY_CARRIER|DELAY_NAS
BHM,9,852,-3.73,-7.3,109,30.5,28.06,46,132.91,130.91,DELAY_LATE_AIRCRAFT|DELAY_CARRIER|DELAY_NAS
BHM,10,1042,-4.21,-8.86,70,32.5,24.1,41,147.9,139.98,DELAY_LATE_AIRCRAFT|DELAY_CARRIER|DELAY_NAS
BHM,11,942,-4.2,-9.32,82,31.89,28.13,44,136.36,131.18,DELAY_CARRIER|DELAY_LATE_AIRCRAFT|DELAY_NAS
BHM,12,819,-2.47,-7.99,117,30.34,23.43,85,175.12,170.22,DELAY_LATE_AIRCRAFT|DELAY_CARRIER|DELAY_NAS
BIH,1,27,-6.22,-30.22,6,34.5,31.67,5,103.4,89.4,DELAY_LATE_AIRCRAFT|DELAY_NAS|DELAY_CARRIER
BIH,2,10,0.4,-5.7,9,31.78,16.0,7,110.29,93.57,CANC_WEATHER|DELAY_NAS|DELAY_LATE_AIRCRAFT
BIH,3,21,-3.1,-2.81,10,32.4,20.9,4,113.0,125.75,DELAY_NAS|CANC_NAS|DELAY_LATE_AIRCRAFT
BIH,4,1,-10.0,-7.0,1,48.0,41.0,1,226.0,217.0,DELAY_LATE_AIRCRAFT
BIH,7,22,-7.5,-28.36,1,46.0,30.0,5,240.6,217.0,DELAY_LATE_AIRCRAFT|CANC_WEATHER|DELAY_WEATHER
BIH,8,23,-9.39,-20.0,0,,,0,,,N/D
BIH,9,6,-4.67,-11.17,0,,,0,,,N/D
BIH,10,1,-8.0,-10.0,0,,,0,,,N/D
BIH,12,17,-2.71,-12.29,1,38.0,19.0,5,125.2,119.8,DELAY_LATE_AIRCRAFT|DELAY_NAS|DELAY_WEATHER
BIL,1,150,-6.44,-4.74,13,31.23,33.08,19,139.89,161.11,DELAY_LATE_AIRCRAFT|DELAY_NAS|DELAY_CARRIER
BIL,2,153,-6.73,-4.27,11,33.0,41.18,3,104.67,103.0,DELAY_NAS|DELAY_CARRIER|DELAY_LATE_AIRCRAFT
BIL,3,186,-6.33,-7.78,7,27.71,26.14,13,143.85,146.85,DELAY_NAS|DELAY_CARRIER|DELAY_LATE_AIRCRAFT
BIL,4,206,-8.02,-13.12,14,39.21,43.57,6,162.33,153.67,DELAY_LATE_AIRCRAFT|DELAY_CARRIER|DELAY_NAS
BIL,5,192,-6.06,-9.67,18,36.78,36.28,20,261.1,258.7,DELAY_CARRIER|DELAY_LATE_AIRCRAFT|DELAY_WEATHER
BIL,6,226,-5.52,-9.11,29,31.93,29.79,18,140.56,143.28,DELAY_LATE_AIRCRAFT|DELAY_CARRIER|DELAY_NAS
BIL,7,226,-5.49,-8.8,25,29.4,29.52,19,105.32,100.68,DELAY_LATE_AIRCRAFT|DELAY_CARRIER|DELAY_NAS
BIL,8,261,-5.11,-7.65,19,34.47,36.74,11,159.82,162.0,DELAY_CARRIER|DELAY_NAS|DELAY_LATE_AIRCRAFT
BIL,9,240,-6.73,-9.7,16,35.5,28.0,6,269.17,260.0,DELAY_CARRIER|DELAY_LATE_AIRCRAFT|DELAY_NAS
BIL,10,229,-6.12,-7.87,11,25.82,24.45,12,232.08,227.75,DELAY_CARRIER|DELAY_LATE_AIRCRAFT|DELAY_NAS
BIL,11,201,-5.84,-9.49,20,31.1,30.5,10,137.0,140.6,DELAY_CARRIER|DELAY_NAS|DELAY_LATE_AIRCRAFT
BIL,12,223,-6.59,-14.13,15,30.47,23.2,10,147.7,136.9,DELAY_CARRIER|DELAY_LATE_AIRCRAFT|DELAY_NAS
BIS,1,145,-4.27,-9.47,24,28.29,37.25,19,332.26,329.42,DELAY_CARRIER|DELAY_NAS|DELAY_LATE_AIRCRAFT
BIS,2,144,-4.89,-15.37,15,32.0,21.0,16,227.13,221.0,DELAY_CARRIER|DELAY_NAS|DELAY_WEATHER
BIS,3,176,-4.76,-14.77,19,28.58,22.74,5,109.0,99.6,DELAY_NAS|DELAY_LATE_AIRCRAFT|CANC_WEATHER
BIS,4,182,-5.86,-14.1,11,31.18,22.27,7,115.0,123.14,DELAY_CARRIER|DELAY_LATE_AIRCRAFT|DELAY_WEATHER
BIS,5,195,-5.32,-11.74,14,33.43,25.71,19,173.58,169.63,DELAY_CARRIER|DELAY_LATE_AIRCRAFT|DELAY_WEATHER
BIS,6,191,-4.71,-8.35,29,34.83,33.72,24,136.29,137.17,DELAY_CARRIER|DELAY_NAS|DELAY_LATE_AIRCRAFT
BIS,7,198,-3.85,-6.7,32,30.28,30.66,22,151.09,147.86,DELAY_CARRIER|DELAY_NAS|DELAY_WEATHER
BIS,8,218,-5.34,-8.64,19,34.53,33.84,14,140.21,132.93,DELAY_CARRIER|DELAY_LATE_AIRCRAFT|DELAY_NAS
BIS,9,212,-5.2,-13.07,24,34.42,24.33,9,116.33,97.67,DELAY_CARRIER|DELAY_LATE_AIRCRAFT|DELAY_NAS
BIS,10,217,-5.27,-16.82,12,34.58,21.42,7,119.14,110.71,DELAY_CARRIER|DELAY_LATE_AIRCRAFT|DELAY_WEATHER
BIS,11,193,-3.34,-6.93,24,29.13,31.46,17,129.0,129.35,DELAY_CARRIER|DELAY_NAS|DELAY_LATE_AIRCRAFT
BIS,12,217,-3.74,-11.58,33,33.45,31.09,29,140.41,133.45,DELAY_CARRIER|DELAY_NAS|DELAY_LATE_AIRCRAFT
BJI,1,29,-5.52,-9.48,7,38.71,35.86,4,264.75,268.75,DELAY_CARRIER|DELAY_WEATHER
BJI,2,36,-6.58,-14.33,0,,,2,349.0,333.5,CANC_WEATHER|DELAY_CARRIER|DELAY_WEATHER
BJI,3,37,-8.03,-15.24,1,48.0,47.0,4,142.0,131.25,DELAY_CARRIER|CANC_WEATHER|DELAY_WEATHER
BJI,4,42,-8.17,-19.95,2,47.0,42.5,3,151.33,140.33,DELAY_CARRIER|DELAY_WEATHER
BJI,5,42,-8.05,-17.67,2,21.0,16.5,3,245.0,239.67,DELAY_CARRIER
BJI,6,33,-6.39,-3.7,3,35.67,29.33,7,202.86,205.86,DELAY_CARRIER|DELAY_WEATHER|CANC_WEATHER
BJI,7,33,-2.94,-3.15,5,20.4,24.4,2,112.0,102.5,DELAY_CARRIER|DELAY_NAS|DELAY_WEATHER
BJI,8,36,-5.03,-9.42,4,20.25,34.0,2,155.5,162.5,DELAY_CARRIER|DELAY_NAS|DELAY_WEATHER
BJI,9,36,-7.83,-21.17,2,34.0,18.0,2,99.0,100.5,DELAY_CARRIER
BJI,10,41,-6.9,-21.73,3,34.0,18.33,4,251.75,236.75,DELAY_CARRIER
BJI,11,36,-7.47,-13.17,5,23.2,20.2,2,275.5,259.5,DELAY_CARRIER
BJI,12,19,-6.05,-7.74,9,34.89,37.78,6,188.17,182.33,DELAY_CARRIER|CANC_CARRIER|DELAY_NAS
BLI,1,113,-2.28,-4.84,9,28.56,33.22,11,252.55,256.09,DELAY_CARRIER|DELAY_NAS|DELAY_LATE_AIRCRAFT
BLI,2,137,-4.04,-4.74,6,22.83,19.17,3,157.0,162.0,DELAY_NAS|DELAY_CARRIER|DELAY_LATE_AIRCRAFT
BLI,3,162,-3.31,-2.17,15,29.27,25.87,11,119.64,112.64,DELAY_CARRIER|DELAY_NAS|DELAY_LATE_AIRCRAFT
BLI,4,149,-2.92,-7.19,13,24.77,19.23,7,113.0,113.0,DELAY_LATE_AIRCRAFT|DELAY_CARRIER|DELAY_NAS
BLI,5,140,-3.48,-9.0,17,25.59,16.59,5,167.8,166.2,DELAY_LATE_AIRCRAFT|DELAY_CARRIER|DELAY_NAS
BLI,6,147,-1.84,-3.67,29,27.17,18.21,3,140.0,131.67,DELAY_LATE_AIRCRAFT|DELAY_NAS|DELAY_CARRIER
BLI,7,160,-1.91,-6.16,21,24.52,18.86,6,114.0,119.0,DELAY_LATE_AIRCRAFT|DELAY_CARRIER|DELAY_NAS
BLI,8,121,-2.44,-3.68,18,34.89,34.0,2,134.0,131.0,DELAY_LATE_AIRCRAFT|DELAY_CARRIER|DELAY_NAS
BLI,9,82,-3.11,-3.07,13,33.77,31.85,7,255.86,258.14,DELAY_LATE_AIRCRAFT|DELAY_NAS|DELAY_CARRIER
BLI,10,91,-4.76,-5.82,16,35.0,36.38,7,121.0,117.0,DELAY_CARRIER|DELAY_LATE_AIRCRAFT|DELAY_NAS
BLI,11,109,-4.09,-7.61,6,26.67,25.83,4,129.75,126.25,DELAY_CARRIER|DELAY_NAS|DELAY_LATE_AIRCRAFT
BLI,12,102,-3.73,-8.85,12,32.92,23.33,7,258.0,254.43,DELAY_CARRIER|DELAY_LATE_AIRCRAFT|CANC_WEATHER
BLV,1,30,-8.67,-16.83,8,33.63,35.13,4,177.5,197.25,DELAY_LATE_AIRCRAFT|DELAY_NAS|CANC_WEATHER
BLV,2,30,-9.07,-17.7,2,23.5,19.0,8,366.38,375.0,DELAY_LATE_AIRCRAFT|DELAY_CARRIER|DELAY_WEATHER
BLV,3,43,-8.23,-18.05,10,29.8,30.3,12,201.58,203.33,DELAY_LATE_AIRCRAFT|DELAY_NAS|CANC_CARRIER
BLV,4,59,-9.05,-22.76,5,26.8,20.2,1,280.0,282.0,DELAY_LATE_AIRCRAFT|DELAY_NAS|DELAY_CARRIER
BLV,5,51,-4.12,-13.84,12,33.17,31.25,3,156.0,156.67,DELAY_LATE_AIRCRAFT|DELAY_CARRIER|DELAY_NAS
BLV,6,83,-7.43,-9.42,13,36.23,31.15,14,158.93,150.71,DELAY_LATE_AIRCRAFT|DELAY_CARRIER|CANC_CARRIER
BLV,7,66,-7.48,-7.86,19,32.84,34.84,14,154.36,155.29,DELAY_LATE_AIRCRAFT|DELAY_CARRIER|CANC_CARRIER
BLV,8,51,-11.27,-15.61,10,34.1,32.4,12,171.83,163.42,DELAY_LATE_AIRCRAFT|DELAY_CARRIER|CANC_CARRIER
BLV,9,39,-11.67,-19.03,3,43.67,35.0,6,203.0,198.0,DELAY_LATE_AIRCRAFT|DELAY_CARRIER|DELAY_WEATHER
BLV,10,48,-11.83,-18.19,1,56.0,53.0,4,199.0,190.75,DELAY_LATE_AIRCRAFT|DELAY_WEATHER|CANC_NAS
BLV,11,41,-9.9,-21.56,7,35.43,37.14,2,91.0,109.0,DELAY_LATE_AIRCRAFT|DELAY_CARRIER
BLV,12,35,-6.0,-16.54,8,41.38,32.25,6,223.5,213.33,DELAY_LATE_AIRCRAFT|DELAY_CARRIER|DELAY_NAS
BMI,1,78,-3.68,-3.78,9,35.22,49.78,12,201.33,195.0,DELAY_LATE_AIRCRAFT|DELAY_NAS|CANC_WEATHER
BMI,2,78,-5.86,-12.62,9,28.78,28.22,6,182.5,169.83,DELAY_LATE_AIRCRAFT|DELAY_NAS|DELAY_CARRIER
BMI,3,83,-5.83,-8.33,9,32.33,28.78,6,129.0,139.33,DELAY_LATE_AIRCRAFT|DELAY_CARRIER|DELAY_NAS
BMI,4,93,-5.57,-10.49,4,32.5,43.5,5,111.2,108.8,DELAY_LATE_AIRCRAFT|DELAY_NAS|CANC_NAS
BMI,5,76,-4.87,-3.89,17,37.47,39.53,10,126.3,134.0,DELAY_LATE_AIRCRAFT|DELAY_NAS|DELAY_WEATHER
BMI,6,88,-4.31,-12.23,9,30.78,23.78,13,155.77,151.62,DELAY_LATE_AIRCRAFT|DELAY_CARRIER|DELAY_NAS
BMI,7,90,-5.5,-10.8,8,29.75,29.88,14,138.64,136.0,DELAY_LATE_AIRCRAFT|DELAY_CARRIER|DELAY_NAS
BMI,8,97,-5.91,-13.55,6,35.33,40.33,4,308.0,296.0,DELAY_CARRIER|DELAY_LATE_AIRCRAFT|DELAY_NAS
BMI,9,88,-5.22,-11.51,6,33.67,31.17,0,,,DELAY_NAS|CANC_CARRIER|DELAY_LATE_AIRCRAFT
BMI,10,90,-5.72,-17.91,2,33.5,20.5,5,207.8,194.8,DELAY_CARRIER|CANC_WEATHER|DELAY_LATE_AIRCRAFT
BMI,11,84,-5.74,-15.37,9,30.33,19.56,3,82.67,84.0,DELAY_CARRIER|DELAY_NAS|DELAY_LATE_AIRCRAFT
BMI,12,87,-3.3,-8.87,5,34.0,31.0,6,145.17,143.33,DELAY_NAS|DELAY_LATE_AIRCRAFT|DELAY_WEATHER
BNA,1,3742,-2.45,-8.24,791,31.42,27.55,384,189.93,196.57,DELAY_LATE_AIRCRAFT|CANC_WEATHER|DELAY_CARRIER
BNA,2,4330,-3.28,-9.51,463,28.77,22.25,151,172.46,167.2,DELAY_LATE_AIRCRAFT|DELAY_NAS|DELAY_CARRIER
BNA,3,4655,-2.97,-9.67,784,30.29,24.19,362,141.18,137.46,DELAY_LATE_AIRCRAFT|DELAY_NAS|DELAY_CARRIER
BNA,4,4776,-2.74,-9.01,743,30.48,23.75,310,152.92,147.64,DELAY_LATE_AIRCRAFT|DELAY_CARRIER|DELAY_NAS
BNA,5,4296,-1.16,-5.96,1134,31.9,28.65,690,142.34,141.87,DELAY_LATE_AIRCRAFT|DELAY_NAS|DELAY_CARRIER
BNA,6,4570,-1.38,-7.08,1024,30.85,25.26,552,140.54,137.5,DELAY_LATE_AIRCRAFT|DELAY_CARRIER|DELAY_NAS
BNA,7,4382,-1.63,-6.62,1243,31.77,26.5,632,139.95,135.64,DELAY_LATE_AIRCRAFT|DELAY_CARRIER|DELAY_NAS
BNA,8,4848,-2.48,-7.34,807,31.45,26.21,373,153.3,149.1,DELAY_LATE_AIRCRAFT|DELAY_NAS|DELAY_CARRIER
BNA,9,4864,-2.6,-7.85,630,30.9,25.11,254,146.35,141.15,DELAY_LATE_AIRCRAFT|DELAY_CARRIER|DELAY_NAS
BNA,10,5415,-2.45,-9.34,636,29.1,21.07,182,141.21,134.42,DELAY_LATE_AIRCRAFT|DELAY_CARRIER|DELAY_NAS
BNA,11,4906,-3.06,-10.36,554,30.1,21.7,175,146.91,140.96,DELAY_LATE_AIRCRAFT|DELAY_CARRIER|DELAY_NAS
BNA,12,4426,-1.88,-9.15,854,29.83,22.48,321,147.51,144.68,DELAY_LATE_AIRCRAFT|DELAY_CARRIER|DELAY_NAS
BOI,1,883,-3.02,-4.69,147,31.5,33.95,77,146.0,150.36,DELAY_NAS|DELAY_LATE_AIRCRAFT|DELAY_CARRIER
BOI,2,891,-3.5,-9.02,82,29.67,24.49,57,162.47,161.51,DELAY_NAS|DELAY_LATE_AIRCRAFT|DELAY_CARRIER
BOI,3,1039,-4.14,-6.51,93,30.45,27.03,45,135.87,136.71,DELAY_NAS|DELAY_CARRIER|DELAY_LATE_AIRCRAFT
BOI,4,1082,-4.06,-7.12,113,29.43,26.73,38,160.05,156.71,DELAY_CARRIER|DELAY_LATE_AIRCRAFT|DELAY_NAS
BOI,5,1223,-3.74,-6.74,166,29.91,26.23,60,134.6,132.15,DELAY_LATE_AIRCRAFT|DELAY_CARRIER|DELAY_NAS
BOI,6,1182,-3.54,-6.53,184,30.65,27.36,77,147.87,144.73,DELAY_LATE_AIRCRAFT|DELAY_CARRIER|DELAY_NAS
BOI,7,1216,-2.89,-7.16,159,29.36,26.01,89,158.55,155.04,DELAY_LATE_AIRCRAFT|DELAY_CARRIER|DELAY_NAS
BOI,8,1248,-4.13,-6.3,148,30.64,28.59,72,125.54,126.32,DELAY_CARRIER|DELAY_LATE_AIRCRAFT|DELAY_NAS
BOI,9,1225,-3.89,-8.28,148,31.28,27.36,55,134.76,131.42,DELAY_LATE_AIRCRAFT|DELAY_CARRIER|DELAY_NAS
BOI,10,1277,-4.6,-9.34,103,29.44,25.96,30,201.37,194.33,DELAY_CARRIER|DELAY_LATE_AIRCRAFT|DELAY_NAS
BOI,11,1231,-4.21,-9.16,102,29.93,26.01,42,191.33,189.95,DELAY_CARRIER|DELAY_LATE_AIRCRAFT|DELAY_NAS
BOI,12,1116,-3.31,-9.99,160,30.23,21.75,80,165.45,161.66,DELAY_LATE_AIRCRAFT|DELAY_CARRIER|DELAY_NAS
BOS,1,5224,-3.34,-11.17,913,32.71,27.42,653,153.41,153.47,DELAY_NAS|DELAY_CARRIER|DELAY_LATE_AIRCRAFT
BOS,2,5957,-3.74,-17.53,694,30.61,17.82,359,136.19,127.13,DELAY_CARRIER|DELAY_NAS|DELAY_LATE_AIRCRAFT
BOS,3,6457,-3.93,-15.1,931,31.45,20.79,501,133.08,122.98,DELAY_CARRIER|DELAY_NAS|DELAY_LATE_AIRCRAFT
BOS,4,6437,-3.87,-10.76,927,31.87,24.69,583,138.33,132.14,DELAY_NAS|DELAY_LATE_AIRCRAFT|DELAY_CARRIER
BOS,5,6877,-3.44,-10.25,1233,32.15,25.73,728,143.4,138.01,DELAY_LATE_AIRCRAFT|DELAY_NAS|DELAY_CARRIER
BOS,6,6650,-3.27,-9.1,1162,31.47,27.45,852,143.05,139.59,DELAY_NAS|DELAY_LATE_AIRCRAFT|DELAY_CARRIER
BOS,7,6441,-3.0,-9.37,1256,32.4,28.13,1035,138.3,132.45,DELAY_LATE_AIRCRAFT|DELAY_CARRIER|DELAY_NAS
BOS,8,6551,-2.88,-9.61,1354,32.37,27.73,1029,142.76,139.16,DELAY_LATE_AIRCRAFT|DELAY_CARRIER|DELAY_NAS
BOS,9,7236,-4.26,-12.31,850,31.88,22.36,515,137.08,126.12,DELAY_LATE_AIRCRAFT|DELAY_CARRIER|DELAY_NAS
BOS,10,7837,-3.72,-12.16,845,31.19,21.98,340,124.88,118.07,DELAY_CARRIER|DELAY_LATE_AIRCRAFT|DELAY_NAS
BOS,11,7004,-4.52,-14.35,715,31.36,21.02,393,126.88,116.57,DELAY_CARRIER|DELAY_LATE_AIRCRAFT|DELAY_NAS
BOS,12,6119,-2.77,-9.99,1186,31.94,25.54,729,137.24,134.69,DELAY_LATE_AIRCRAFT|DELAY_NAS|DELAY_CARRIER
BPT,1,31,-1.71,-9.03,7,30.86,22.86,4,190.25,184.5,DELAY_LATE_AIRCRAFT|DELAY_WEATHER|DELAY_CARRIER
BPT,2,41,-5.63,-7.46,1,17.0,16.0,1,168.0,149.0,DELAY_NAS|DELAY_CARRIER|DELAY_LATE_AIRCRAFT
BPT,3,31,-4.35,-9.9,3,27.33,16.67,6,179.67,172.0,DELAY_WEATHER|DELAY_LATE_AIRCRAFT|CANC_WEATHER
BPT,4,29,-6.72,-15.31,4,38.75,33.5,8,157.88,176.25,DELAY_CARRIER|DELAY_WEATHER|CANC_WEATHER
BPT,5,35,-7.0,-5.51,1,15.0,6.0,6,148.0,150.5,DELAY_CARRIER|DELAY_WEATHER|CANC_WEATHER
BPT,6,42,-9.1,-17.05,1,20.0,18.0,2,94.5,106.0,DELAY_WEATHER|DELAY_CARRIER|DELAY_LATE_AIRCRAFT
BPT,7,38,-8.58,-8.76,3,30.67,21.0,0,,,DELAY_NAS|CANC_WEATHER|DELAY_LATE_AIRCRAFT
BPT,8,39,-8.03,-10.1,2,26.0,15.0,0,,,DELAY_CARRIER
BPT,9,38,-7.74,-19.08,3,38.33,31.0,0,,,DELAY_LATE_AIRCRAFT|DELAY_CARRIER|DELAY_WEATHER
BPT,10,33,-7.42,-22.36,3,49.33,43.67,3,372.0,359.67,DELAY_CARRIER|DELAY_LATE_AIRCRAFT|DELAY_WEATHER
BPT,11,30,-7.0,-12.83,1,18.0,8.0,2,232.0,223.0,CANC_WEATHER|DELAY_CARRIER|DELAY_LATE_AIRCRAFT
BPT,12,40,-6.9,-8.78,2,49.5,43.0,1,361.0,358.0,DELAY_CARRIER|DELAY_NAS|DELAY_WEATHER
BQK,1,27,-4.7,-7.81,5,40.8,34.6,10,109.9,126.2,DELAY_CARRIER|DELAY_WEATHER|DELAY_NAS
BQK,2,37,-4.49,-3.7,1,17.0,30.0,4,224.75,221.5,DELAY_CARRIER|DELAY_WEATHER|DELAY_NAS
BQK,3,37,-5.78,-0.89,1,37.0,82.0,2,144.0,133.0,DELAY_CARRIER|DELAY_LATE_AIRCRAFT|DELAY_NAS
BQK,4,37,-3.43,0.73,4,37.25,32.5,4,197.25,193.75,DELAY_CARRIER|DELAY_NAS|DELAY_WEATHER
BQK,5,26,-6.19,-0.23,6,36.17,37.5,8,219.38,223.5,DELAY_CARRIER|DELAY_WEATHER|DELAY_NAS
BQK,6,35,-4.54,-7.89,3,42.67,32.0,6,160.17,155.33,DELAY_CARRIER|DELAY_WEATHER|DELAY_LATE_AIRCRAFT
BQK,7,43,-6.09,-3.7,1,16.0,39.0,8,152.25,171.5,DELAY_CARRIER|DELAY_WEATHER|DELAY_NAS
BQK,8,40,-6.28,-6.58,4,44.25,38.75,5,172.0,170.4,DELAY_CARRIER|DELAY_WEATHER
BQK,9,42,-5.0,3.12,4,32.25,21.75,0,,,DELAY_CARRIER|DELAY_NAS|CANC_WEATHER
BQK,10,46,-7.46,-10.35,4,29.5,18.0,7,129.0,125.29,DELAY_CARRIER|DELAY_WEATHER
BQK,11,52,-7.54,-6.29,1,28.0,9.0,6,138.0,135.33,DELAY_CARRIER|DELAY_LATE_AIRCRAFT|DELAY_NAS
BQK,12,45,-5.96,-4.96,2,25.5,35.0,5,255.8,279.6,DELAY_CARRIER|DELAY_NAS|DELAY_WEATHER
BQN,1,133,-7.74,-11.05,17,27.76,23.59,8,283.75,282.63,DELAY_LATE_AIRCRAFT|DELAY_NAS|DELAY_CARRIER
BQN,2,108,-8.89,-11.49,14,31.57,32.14,12,163.5,167.25,DELAY_LATE_AIRCRAFT|CANC_CARRIER|DELAY_CARRIER
BQN,3,115,-7.66,-12.13,33,29.06,24.03,21,151.57,147.57,DELAY_LATE_AIRCRAFT|DELAY_CARRIER|DELAY_NAS
BQN,4,127,-7.1,-13.46,13,29.92,25.23,11,158.18,154.36,DELAY_LATE_AIRCRAFT|DELAY_CARRIER|DELAY_NAS
BQN,5,133,-4.11,-13.51,26,28.31,14.35,17,122.53,115.76,DELAY_LATE_AIRCRAFT|DELAY_CARRIER|CANC_WEATHER
BQN,6,89,-4.17,-13.21,28,33.29,26.96,24,184.92,179.33,DELAY_LATE_AIRCRAFT|DELAY_NAS|DELAY_CARRIER
BQN,7,97,-5.16,-15.32,21,28.0,13.95,19,160.79,153.95,DELAY_LATE_AIRCRAFT|DELAY_CARRIER|CANC_WEATHER
BQN,8,89,-4.64,-12.87,23,30.52,20.91,17,194.65,192.35,DELAY_LATE_AIRCRAFT|DELAY_NAS|CANC_NAS
BQN,9,79,-5.51,-14.48,10,28.4,22.6,12,242.92,234.5,DELAY_LATE_AIRCRAFT|DELAY_CARRIER|CANC_CARRIER
BQN,10,86,-6.79,-12.72,12,31.42,22.0,5,127.2,119.4,DELAY_LATE_AIRCRAFT|CANC_WEATHER|DELAY_CARRIER
BQN,11,80,-3.63,-10.45,20,32.45,29.2,7,157.43,149.29,DELAY_LATE_AIRCRAFT|DELAY_CARRIER|DELAY_NAS
BQN,12,107,-8.2,-14.95,26,28.35,21.65,19,145.95,138.42,DELAY_LATE_AIRCRAFT|DELAY_NAS|DELAY_CARRIER
BRD,1,24,-9.08,-18.83,1,17.0,3.0,7,95.0,84.14,DELAY_CARRIER|DELAY_WEATHER
BRD,2,32,-8.19,-22.72,0,,,2,157.0,140.0,DELAY_CARRIER|DELAY_WEATHER
BRD,3,32,-7.44,-16.34,4,44.25,43.75,3,104.33,106.33,DELAY_CARRIER|CANC_WEATHER|DELAY_NAS
BRD,4,32,-9.22,-19.47,2,30.0,14.0,1,119.0,105.0,DELAY_CARRIER
BRD,5,34,-9.44,-18.09,1,22.0,-1.0,1,119.0,119.0,DELAY_CARRIER
BRD,6,29,-7.97,5.76,6,33.33,51.67,2,635.0,643.5,DELAY_CARRIER|DELAY_NAS|DELAY_WEATHER
BRD,7,38,-5.92,0.39,8,26.75,28.38,3,93.0,91.67,DELAY_CARRIER|DELAY_NAS|DELAY_WEATHER
BRD,8,42,-7.12,-2.36,2,36.5,65.5,1,351.0,358.0,DELAY_CARRIER|DELAY_NAS
BRD,9,40,-9.73,-14.03,1,31.0,37.0,4,93.0,95.0,DELAY_CARRIER|DELAY_NAS|DELAY_WEATHER
BRD,10,35,-10.66,-23.49,2,26.0,18.5,1,63.0,76.0,DELAY_CARRIER|DELAY_SECURITY|DELAY_WEATHER
BRD,11,36,-11.0,-21.33,3,28.67,17.0,2,554.5,570.0,DELAY_CARRIER|DELAY_WEATHER
BRD,12,26,-8.65,-14.65,1,28.0,38.0,8,235.38,231.25,DELAY_CARRIER|CANC_WEATHER|DELAY_WEATHER
BRO,1,67,-4.22,-8.24,10,21.4,16.8,7,110.86,117.0,DELAY_LATE_AIRCRAFT|DELAY_NAS|CANC_WEATHER
BRO,2,79,-5.92,-7.3,2,27.0,23.0,0,,,DELAY_NAS|DELAY_CARRIER|DELAY_LATE_AIRCRAFT
BRO,3,111,-3.5,-7.04,12,30.08,24.33,9,251.67,246.89,DELAY_LATE_AIRCRAFT|DELAY_CARRIER|DELAY_NAS
BRO,4,83,-5.17,-8.02,11,31.0,30.55,10,212.4,228.6,DELAY_LATE_AIRCRAFT|DELAY_NAS|DELAY_WEATHER
BRO,5,91,-4.59,-5.7,18,29.11,27.11,10,225.6,232.1,DELAY_LATE_AIRCRAFT|DELAY_CARRIER|CANC_WEATHER
BRO,6,125,-5.86,-9.22,6,28.67,23.17,11,163.45,163.55,DELAY_CARRIER|DELAY_LATE_AIRCRAFT|DELAY_NAS
BRO,7,108,-4.71,-6.98,21,32.1,36.33,11,166.45,171.73,DELAY_LATE_AIRCRAFT|DELAY_CARRIER|DELAY_NAS
BRO,8,135,-6.72,-11.03,14,34.36,35.43,2,182.5,175.0,DELAY_LATE_AIRCRAFT|DELAY_CARRIER|DELAY_NAS
BRO,9,103,-6.35,-9.83,8,39.75,37.13,4,126.25,119.25,DELAY_LATE_AIRCRAFT|DELAY_CARRIER|DELAY_NAS
BRO,10,133,-6.1,-10.48,8,29.25,22.63,4,88.25,78.75,DELAY_LATE_AIRCRAFT|DELAY_CARRIER|DELAY_NAS
BRO,11,75,-6.23,-9.44,6,45.67,43.5,6,177.17,182.17,DELAY_CARRIER|DELAY_LATE_AIRCRAFT|DELAY_WEATHER
BRO,12,77,-4.79,-7.22,7,39.29,42.57,14,128.79,137.29,DELAY_CARRIER|DELAY_LATE_AIRCRAFT|CANC_WEATHER
BRW,1,13,-6.08,-7.77,4,38.0,39.0,2,198.5,200.5,CANC_CARRIER|DELAY_LATE_AIRCRAFT|CANC_WEATHER
BRW,2,21,-6.81,-2.71,3,42.67,48.0,1,69.0,69.0,DELAY_LATE_AIRCRAFT|CANC_WEATHER|DELAY_NAS
BRW,3,17,-3.06,-2.0,5,24.6,23.2,1,234.0,240.0,CANC_CARRIER|DELAY_CARRIER|DELAY_LATE_AIRCRAFT
BRW,4,19,-9.26,-6.05,3,38.33,39.67,1,90.0,90.0,DELAY_LATE_AIRCRAFT|DELAY_SECURITY|DELAY_CARRIER
BRW,5,15,-7.67,-5.2,3,20.0,23.0,0,,,DELAY_LATE_AIRCRAFT|DELAY_SECURITY
BRW,6,14,-6.64,-4.86,3,41.67,46.67,0,,,DELAY_LATE_AIRCRAFT|CANC_WEATHER
BRW,7,15,-1.0,0.93,4,20.25,20.5,0,,,DELAY_SECURITY|CANC_WEATHER|DELAY_LATE_AIRCRAFT
BRW,8,13,-1.69,6.23,4,34.5,47.25,0,,,DELAY_LATE_AIRCRAFT|DELAY_SECURITY|DELAY_NAS
BRW,9,12,-6.17,-3.08,2,26.5,32.5,2,85.0,81.5,DELAY_LATE_AIRCRAFT
BRW,10,17,-2.41,-3.29,6,36.33,38.17,1,66.0,70.0,DELAY_LATE_AIRCRAFT
BRW,11,14,-9.57,-10.21,7,28.14,20.57,0,,,DELAY_LATE_AIRCRAFT|CANC_WEATHER|DELAY_CARRIER
BRW,12,13,-0.31,-1.62,7,24.29,28.0,0,,,DELAY_LATE_AIRCRAFT|DELAY_CARRIER|DELAY_SECURITY
BTM,1,41,-13.51,-18.98,3,30.67,28.33,2,302.0,290.5,DELAY_CARRIER|DELAY_WEATHER|DELAY_NAS
BTM,2,36,-13.14,-15.61,0,,,1,100.0,105.0,DELAY_NAS|DELAY_WEATHER
BTM,3,40,-13.53,-25.7,2,37.0,21.5,1,202.0,237.0,DELAY_WEATHER|DELAY_CARRIER
BTM,4,41,-14.15,-28.61,1,26.0,16.0,0,,,DELAY_CARRIER
BTM,5,42,-11.02,-21.86,1,40.0,38.0,0,,,DELAY_CARRIER
BTM,6,29,-14.79,-21.0,4,39.5,32.0,3,428.67,430.67,DELAY_CARRIER|DELAY_WEATHER
BTM,7,44,-11.59,-20.14,2,30.5,23.5,2,136.5,131.5,DELAY_CARRIER|DELAY_WEATHER
BTM,8,41,-12.71,-20.9,0,,,1,103.0,80.0,DELAY_WEATHER
BTM,9,36,-12.22,-16.14,1,35.0,26.0,1,80.0,69.0,DELAY_CARRIER|DELAY_WEATHER
BTM,10,36,-12.11,-23.92,0,,,0,,,N/D
BTM,11,32,-12.97,-26.19,0,,,1,84.0,69.0,DELAY_CARRIER
BTM,12,39,-13.44,-29.18,1,37.0,7.0,2,588.5,576.5,DELAY_CARRIER
BTR,1,171,-5.17,-7.43,35,36.31,31.34,35,159.11,157.23,DELAY_LATE_AIRCRAFT|DELAY_CARRIER|DELAY_NAS
BTR,2,232,-5.49,-8.76,19,28.47,26.11,15,223.4,218.0,DELAY_CARRIER|DELAY_LATE_AIRCRAFT|DELAY_NAS
BTR,3,221,-3.81,-8.86,30,23.77,19.1,12,154.33,155.08,DELAY_CARRIER|DELAY_LATE_AIRCRAFT|DELAY_NAS
BTR,4,233,-5.03,-7.36,34,28.74,30.62,26,195.27,192.19,DELAY_NAS|DELAY_CARRIER|DELAY_LATE_AIRCRAFT
BTR,5,231,-2.94,-3.71,40,31.8,34.05,39,138.13,141.95,DELAY_LATE_AIRCRAFT|DELAY_NAS|DELAY_CARRIER
BTR,6,241,-4.6,-8.49,27,27.93,21.93,29,238.17,235.48,DELAY_CARRIER|DELAY_LATE_AIRCRAFT|DELAY_NAS
BTR,7,218,-3.04,-8.33,35,35.06,32.74,37,151.81,154.65,DELAY_LATE_AIRCRAFT|DELAY_CARRIER|CANC_CARRIER
BTR,8,232,-5.19,-10.24,29,33.9,30.03,17,105.0,97.0,DELAY_LATE_AIRCRAFT|DELAY_CARRIER|DELAY_NAS
BTR,9,246,-4.19,-9.77,25,33.96,28.04,17,130.06,129.71,DELAY_LATE_AIRCRAFT|DELAY_NAS|DELAY_CARRIER
BTR,10,284,-5.26,-11.89,18,30.78,26.06,13,170.23,168.31,DELAY_CARRIER|DELAY_LATE_AIRCRAFT|DELAY_NAS
BTR,11,247,-3.98,-10.86,29,26.79,21.48,13,102.54,104.54,DELAY_CARRIER|DELAY_LATE_AIRCRAFT|DELAY_NAS
BTR,12,193,-1.77,-6.5,33,29.52,23.85,21,196.95,198.43,DELAY_LATE_AIRCRAFT|DELAY_NAS|DELAY_CARRIER
BTV,1,274,-4.38,-10.94,31,32.48,28.74,38,213.11,212.45,DELAY_NAS|DELAY_LATE_AIRCRAFT|DELAY_CARRIER
BTV,2,295,-4.85,-18.68,23,34.3,22.78,19,183.32,166.0,DELAY_NAS|DELAY_CARRIER|DELAY_LATE_AIRCRAFT
BTV,3,298,-5.6,-15.26,18,33.94,25.33,10,219.2,226.7,DELAY_NAS|DELAY_LATE_AIRCRAFT|DELAY_CARRIER
BTV,4,315,-6.53,-12.56,18,33.5,29.28,19,181.63,181.89,DELAY_NAS|DELAY_LATE_AIRCRAFT|DELAY_CARRIER
BTV,5,377,-5.98,-12.19,32,32.38,29.72,26,149.65,152.54,DELAY_LATE_AIRCRAFT|DELAY_NAS|DELAY_CARRIER
BTV,6,429,-5.24,-11.63,53,31.98,29.72,50,167.42,162.3,DELAY_LATE_AIRCRAFT|DELAY_CARRIER|DELAY_NAS
BTV,7,389,-4.44,-7.53,53,32.85,30.58,58,220.81,225.36,DELAY_LATE_AIRCRAFT|DELAY_NAS|DELAY_CARRIER
BTV,8,492,-4.08,-6.09,62,30.03,33.98,46,139.98,142.89,DELAY_LATE_AIRCRAFT|DELAY_NAS|DELAY_CARRIER
BTV,9,556,-5.97,-9.73,35,31.69,25.51,22,139.09,134.64,DELAY_NAS|DELAY_CARRIER|DELAY_LATE_AIRCRAFT
BTV,10,559,-5.48,-12.2,44,33.25,27.05,28,188.64,176.21,DELAY_LATE_AIRCRAFT|DELAY_NAS|DELAY_CARRIER
BTV,11,393,-5.62,-15.44,23,37.57,33.48,20,136.9,127.4,DELAY_NAS|DELAY_CARRIER|DELAY_LATE_AIRCRAFT
BTV,12,390,-4.11,-8.58,54,32.31,30.61,40,194.33,192.4,DELAY_NAS|DELAY_CARRIER|DELAY_LATE_AIRCRAFT
BUF,1,727,-3.26,-7.72,122,30.94,33.11,98,160.1,166.3,CANC_WEATHER|DELAY_NAS|DELAY_LATE_AIRCRAFT
BUF,2,922,-3.94,-15.08,104,27.93,19.84,44,225.66,219.16,DELAY_NAS|DELAY_LATE_AIRCRAFT|DELAY_CARRIER
BUF,3,1060,-3.72,-10.81,131,29.51,23.97,92,139.54,136.28,DELAY_LATE_AIRCRAFT|DELAY_NAS|DELAY_CARRIER
BUF,4,1037,-4.07,-10.73,119,30.5,25.86,57,157.56,155.16,DELAY_LATE_AIRCRAFT|DELAY_NAS|DELAY_CARRIER
BUF,5,1029,-3.67,-9.63,149,31.64,30.15,93,154.46,151.47,DELAY_LATE_AIRCRAFT|DELAY_NAS|DELAY_CARRIER
BUF,6,1023,-3.31,-8.76,169,33.13,30.83,109,142.83,139.69,DELAY_LATE_AIRCRAFT|DELAY_NAS|DELAY_CARRIER
BUF,7,1000,-2.68,-5.31,211,32.4,31.91,140,164.36,167.46,DELAY_LATE_AIRCRAFT|DELAY_NAS|DELAY_CARRIER
BUF,8,1024,-2.51,-6.63,210,30.62,26.83,106,155.5,156.29,DELAY_LATE_AIRCRAFT|DELAY_NAS|DELAY_CARRIER
BUF,9,1259,-4.4,-9.5,114,28.97,24.18,40,111.8,110.75,DELAY_LATE_AIRCRAFT|DELAY_NAS|DELAY_CARRIER
BUF,10,1237,-4.13,-12.17,129,29.26,20.83,50,128.68,119.12,DELAY_LATE_AIRCRAFT|DELAY_CARRIER|DELAY_NAS
BUF,11,1067,-3.76,-12.93,102,31.88,22.14,49,134.27,124.86,DELAY_LATE_AIRCRAFT|DELAY_CARRIER|DELAY_NAS
BUF,12,933,-2.61,-7.64,172,30.8,29.48,110,141.08,142.93,DELAY_LATE_AIRCRAFT|DELAY_NAS|DELAY_CARRIER
BUR,1,1335,-3.43,-8.28,162,31.12,24.72,95,124.0,120.27,DELAY_LATE_AIRCRAFT|DELAY_NAS|DELAY_CARRIER
BUR,2,1164,-3.06,-9.94,173,32.12,26.12,92,157.47,153.21,DELAY_LATE_AIRCRAFT|DELAY_NAS|DELAY_CARRIER
BUR,3,1176,-2.38,-6.7,228,32.02,27.82,120,134.22,132.52,DELAY_NAS|DELAY_LATE_AIRCRAFT|DELAY_CARRIER
BUR,4,1290,-3.22,-8.97,185,31.52,26.11,95,125.38,127.38,DELAY_NAS|DELAY_LATE_AIRCRAFT|DELAY_CARRIER
BUR,5,1286,-2.76,-8.28,222,32.54,27.99,106,114.45,108.68,DELAY_LATE_AIRCRAFT|DELAY_NAS|DELAY_CARRIER
BUR,6,1461,-1.81,-7.74,302,30.97,24.2,120,115.88,110.3,DELAY_LATE_AIRCRAFT|DELAY_CARRIER|DELAY_NAS
BUR,7,1540,-2.75,-8.97,291,31.15,25.42,139,133.5,127.87,DELAY_LATE_AIRCRAFT|DELAY_CARRIER|DELAY_NAS
BUR,8,1585,-3.55,-8.14,204,31.79,27.27,92,123.4,119.32,DELAY_LATE_AIRCRAFT|DELAY_NAS|DELAY_CARRIER
BUR,9,1513,-3.78,-8.65,232,32.09,28.57,120,141.93,137.68,DELAY_LATE_AIRCRAFT|DELAY_NAS|DELAY_CARRIER
BUR,10,1640,-3.4,-7.95,245,31.24,27.27,108,142.87,138.89,DELAY_LATE_AIRCRAFT|DELAY_NAS|DELAY_CARRIER
BUR,11,1651,-3.67,-9.84,192,29.53,24.31,78,148.47,148.56,DELAY_LATE_AIRCRAFT|DELAY_NAS|DELAY_CARRIER
BUR,12,1533,-2.8,-9.45,254,30.32,23.49,124,126.96,120.6,DELAY_LATE_AIRCRAFT|DELAY_NAS|DELAY_CARRIER
BWI,1,3442,0.17,-6.83,1211,30.48,26.31,393,121.7,125.53,DELAY_LATE_AIRCRAFT|DELAY_CARRIER|DELAY_NAS
BWI,2,3966,-1.02,-11.21,696,27.86,17.97,144,129.11,117.34,DELAY_CARRIER|DELAY_LATE_AIRCRAFT|DELAY_NAS
BWI,3,3957,-0.11,-8.81,1248,30.92,24.55,425,124.62,121.66,DELAY_LATE_AIRCRAFT|DELAY_CARRIER|DELAY_NAS
BWI,4,4187,0.0,-6.07,1169,29.57,23.44,350,129.06,125.85,DELAY_CARRIER|DELAY_LATE_AIRCRAFT|DELAY_NAS
BWI,5,3937,0.41,-4.92,1542,30.26,25.46,575,121.33,118.54,DELAY_LATE_AIRCRAFT|DELAY_CARRIER|DELAY_NAS
BWI,6,3980,0.78,-5.76,1606,30.67,24.27,517,126.96,122.72,DELAY_LATE_AIRCRAFT|DELAY_CARRIER|DELAY_NAS
BWI,7,3443,1.18,-3.65,1891,31.45,27.14,844,128.84,125.13,DELAY_LATE_AIRCRAFT|DELAY_CARRIER|DELAY_NAS
BWI,8,3851,0.65,-5.64,1521,30.54,26.99,622,136.1,134.58,DELAY_LATE_AIRCRAFT|DELAY_CARRIER|DELAY_NAS
BWI,9,4657,-0.41,-7.45,966,28.34,20.33,195,130.33,124.22,DELAY_CARRIER|DELAY_LATE_AIRCRAFT|DELAY_NAS
BWI,10,4627,-0.1,-9.73,995,28.1,16.53,158,120.46,107.85,DELAY_CARRIER|DELAY_LATE_AIRCRAFT|DELAY_NAS
BWI,11,4607,-1.15,-11.03,706,28.0,18.12,174,128.45,117.4,DELAY_CARRIER|DELAY_LATE_AIRCRAFT|DELAY_NAS
BWI,12,3989,0.16,-9.53,1163,29.56,19.84,336,115.99,107.26,DELAY_LATE_AIRCRAFT|DELAY_CARRIER|DELAY_NAS
BZN,1,453,-5.01,-10.32,66,30.89,28.15,50,259.84,259.58,DELAY_LATE_AIRCRAFT|DELAY_NAS|DELAY_CARRIER
BZN,2,479,-5.67,-6.69,37,34.54,40.19,47,186.38,195.36,DELAY_NAS|DELAY_LATE_AIRCRAFT|DELAY_CARRIER
BZN,3,516,-4.52,-7.7,61,32.21,27.2,33,132.33,130.67,DELAY_NAS|DELAY_LATE_AIRCRAFT|DELAY_CARRIER
BZN,4,403,-5.29,-8.39,32,34.25,29.84,16,106.38,106.63,DELAY_LATE_AIRCRAFT|DELAY_NAS|DELAY_CARRIER
BZN,5,432,-4.42,-8.3,55,28.91,24.44,37,183.78,181.0,DELAY_NAS|DELAY_LATE_AIRCRAFT|DELAY_CARRIER
BZN,6,579,-3.34,-9.09,86,31.55,22.84,52,117.77,111.69,DELAY_LATE_AIRCRAFT|DELAY_NAS|DELAY_CARRIER
BZN,7,632,-3.42,-7.16,120,32.09,31.75,72,161.33,161.42,DELAY_LATE_AIRCRAFT|DELAY_NAS|DELAY_CARRIER
BZN,8,600,-3.12,-7.22,110,33.61,30.12,56,161.0,159.07,DELAY_LATE_AIRCRAFT|DELAY_NAS|DELAY_CARRIER
BZN,9,549,-3.38,-8.67,63,30.43,26.65,23,108.39,103.52,DELAY_LATE_AIRCRAFT|DELAY_NAS|DELAY_CARRIER
BZN,10,454,-5.09,-11.67,35,27.69,21.6,13,180.08,171.38,DELAY_LATE_AIRCRAFT|DELAY_CARRIER|DELAY_NAS
BZN,11,363,-5.43,-10.89,35,33.4,27.43,21,174.67,181.29,DELAY_NAS|DELAY_CARRIER|DELAY_LATE_AIRCRAFT
BZN,12,464,-4.39,-12.74,61,32.9,24.67,38,247.55,239.61,DELAY_LATE_AIRCRAFT|DELAY_CARRIER|DELAY_NAS
CAE,1,273,-5.13,-10.71,36,33.81,30.5,27,172.59,168.48,DELAY_LATE_AIRCRAFT|DELAY_NAS|CANC_WEATHER
CAE,2,304,-5.54,-12.08,24,34.17,25.58,14,165.43,161.5,DELAY_LATE_AIRCRAFT|DELAY_CARRIER|DELAY_NAS
CAE,3,314,-4.97,-11.26,37,32.76,24.97,17,142.71,133.76,DELAY_LATE_AIRCRAFT|DELAY_NAS|DELAY_CARRIER
CAE,4,321,-4.24,-6.28,33,32.58,37.03,17,130.29,128.59,DELAY_LATE_AIRCRAFT|DELAY_NAS|DELAY_CARRIER
CAE,5,325,-4.86,-7.26,52,32.73,31.15,41,138.73,142.15,DELAY_LATE_AIRCRAFT|DELAY_NAS|DELAY_CARRIER
CAE,6,322,-4.11,-10.41,34,36.53,34.15,18,176.28,178.0,DELAY_CARRIER|DELAY_LATE_AIRCRAFT|DELAY_NAS
CAE,7,291,-4.65,-7.12,37,33.35,32.89,38,241.76,244.55,DELAY_LATE_AIRCRAFT|DELAY_CARRIER|DELAY_NAS
CAE,8,331,-4.98,-8.6,34,32.29,30.82,22,136.73,137.23,DELAY_NAS|DELAY_LATE_AIRCRAFT|DELAY_CARRIER
CAE,9,353,-5.19,-6.18,33,35.79,28.97,32,170.53,170.97,DELAY_LATE_AIRCRAFT|DELAY_CARRIER|DELAY_NAS
CAE,10,398,-5.45,-8.48,44,31.41,23.09,12,135.08,125.83,DELAY_LATE_AIRCRAFT|DELAY_NAS|DELAY_CARRIER
CAE,11,378,-4.39,-7.51,34,26.56,21.65,21,198.67,197.33,DELAY_NAS|DELAY_LATE_AIRCRAFT|DELAY_CARRIER
CAE,12,340,-3.72,-6.51,45,36.67,30.53,24,172.96,166.79,DELAY_NAS|DELAY_LATE_AIRCRAFT|DELAY_CARRIER
CAK,1,133,-6.76,-10.08,13,30.85,28.38,23,133.91,130.43,DELAY_NAS|DELAY_LATE_AIRCRAFT|DELAY_CARRIER
CAK,2,166,-7.96,-15.92,11,34.09,19.36,10,152.6,138.3,DELAY_CARRIER|DELAY_NAS|DELAY_LATE_AIRCRAFT
CAK,3,162,-7.74,-11.97,15,34.8,25.13,10,158.5,157.1,DELAY_LATE_AIRCRAFT|DELAY_CARRIER|DELAY_NAS
CAK,4,181,-6.5,-6.77,14,34.43,33.21,18,181.67,176.89,DELAY_LATE_AIRCRAFT|DELAY_CARRIER|DELAY_NAS
CAK,5,168,-7.87,-9.58,18,40.39,45.17,26,146.19,151.65,DELAY_CARRIER|DELAY_LATE_AIRCRAFT|DELAY_NAS
CAK,6,173,-5.06,-8.06,22,30.45,23.95,27,152.19,150.48,DELAY_LATE_AIRCRAFT|DELAY_CARRIER|DELAY_NAS
CAK,7,178,-6.51,-6.82,24,33.83,28.63,45,165.8,168.09,DELAY_LATE_AIRCRAFT|DELAY_CARRIER|DELAY_NAS
CAK,8,159,-7.26,-5.61,18,32.89,31.83,24,169.71,167.08,DELAY_NAS|DELAY_LATE_AIRCRAFT|DELAY_CARRIER
CAK,9,158,-6.99,-10.03,13,30.62,28.15,25,137.36,132.12,DELAY_LATE_AIRCRAFT|DELAY_CARRIER|DELAY_NAS
CAK,10,172,-7.64,-12.45,12,28.83,22.0,10,108.9,102.4,DELAY_CARRIER|DELAY_LATE_AIRCRAFT|DELAY_NAS
CAK,11,165,-6.36,-11.81,10,30.9,18.1,16,143.88,141.81,DELAY_CARRIER|DELAY_LATE_AIRCRAFT|DELAY_NAS
CAK,12,160,-5.18,-12.53,28,32.04,25.86,32,205.44,194.34,DELAY_LATE_AIRCRAFT|DELAY_CARRIER|DELAY_NAS
CDC,1,34,-7.12,-14.44,3,25.67,18.67,1,299.0,313.0,DELAY_WEATHER|DELAY_CARRIER|DELAY_NAS
CDC,2,30,-6.43,-19.0,1,37.0,12.0,0,,,N/D
CDC,3,34,-7.94,-11.29,1,36.0,33.0,2,69.0,58.5,CANC_WEATHER|DELAY_CARRIER|DELAY_WEATHER
CDC,4,36,-6.44,-10.06,2,48.5,40.5,4,138.5,126.75,DELAY_CARRIER|DELAY_SECURITY
CDC,5,31,-6.42,-10.13,4,42.5,33.75,2,475.5,462.5,DELAY_CARRIER|DELAY_WEATHER
CDC,6,31,-7.77,-15.16,3,28.67,32.33,5,230.8,224.0,DELAY_CARRIER|DELAY_WEATHER
CDC,7,29,-7.72,-14.0,1,16.0,8.0,5,151.0,147.4,DELAY_CARRIER|DELAY_WEATHER
CDC,8,37,-8.92,-15.51,0,,,1,92.0,87.0,DELAY_CARRIER
CDC,9,37,-10.7,-12.65,1,59.0,44.0,2,110.5,101.0,DELAY_CARRIER
CDC,10,30,-11.27,-15.47,0,,,1,197.0,204.0,DELAY_CARRIER|DELAY_WEATHER
CDC,11,33,-10.55,-12.79,2,42.5,38.5,3,106.33,109.0,DELAY_CARRIER
CDC,12,37,-10.84,-23.11,2,23.0,18.0,1,216.0,204.0,DELAY_CARRIER
CDV,1,27,-13.81,-13.74,8,29.38,34.38,2,90.5,96.5,DELAY_LATE_AIRCRAFT|DELAY_NAS
CDV,2,32,-16.69,-15.22,4,24.0,21.5,0,,,DELAY_LATE_AIRCRAFT|CANC_CARRIER
CDV,3,36,-13.78,-14.36,4,41.75,40.25,3,86.33,81.33,DELAY_LATE_AIRCRAFT
CDV,4,31,-15.68,-16.94,3,40.0,33.67,2,178.0,173.5,DELAY_LATE_AIRCRAFT|CANC_CARRIER|CANC_WEATHER
CDV,5,36,-13.31,-12.44,1,43.0,39.0,1,77.0,64.0,DELAY_LATE_AIRCRAFT|CANC_CARRIER|DELAY_CARRIER
CDV,6,38,-9.26,-7.84,3,26.67,30.0,2,73.0,62.0,DELAY_LATE_AIRCRAFT|DELAY_NAS
CDV,7,35,-6.37,-5.63,6,31.17,30.67,0,,,DELAY_LATE_AIRCRAFT|DELAY_CARRIER|DELAY_NAS
CDV,8,27,-4.41,-6.15,10,32.3,32.5,1,173.0,168.0,DELAY_LATE_AIRCRAFT|CANC_CARRIER|DELAY_CARRIER
CDV,9,35,-4.66,-3.2,7,27.86,20.86,2,97.0,93.5,DELAY_LATE_AIRCRAFT|DELAY_NAS|DELAY_CARRIER
CDV,10,32,-10.91,-11.81,3,22.33,23.67,1,118.0,109.0,DELAY_LATE_AIRCRAFT|CANC_WEATHER
CDV,11,36,-12.81,-15.5,1,40.0,57.0,0,,,CANC_CARRIER|CANC_WEATHER|DELAY_LATE_AIRCRAFT
CDV,12,31,-9.68,-9.74,7,30.71,27.57,2,116.0,126.0,DELAY_LATE_AIRCRAFT|DELAY_CARRIER|DELAY_SECURITY
CHA,1,225,-3.21,-6.35,47,31.64,25.85,35,147.4,147.37,DELAY_LATE_AIRCRAFT|DELAY_NAS|CANC_WEATHER
CHA,2,312,-5.12,-10.24,25,34.08,24.0,14,111.64,101.64,DELAY_CARRIER|DELAY_LATE_AIRCRAFT|DELAY_NAS
CHA,3,330,-4.72,-10.54,40,32.68,26.48,29,176.9,172.41,DELAY_LATE_AIRCRAFT|DELAY_CARRIER|DELAY_NAS
CHA,4,329,-3.68,-3.96,55,30.29,25.02,30,154.47,151.23,DELAY_LATE_AIRCRAFT|DELAY_CARRIER|DELAY_NAS
CHA,5,293,-3.61,-7.33,67,29.87,26.09,46,172.24,172.46,DELAY_CARRIER|DELAY_LATE_AIRCRAFT|DELAY_NAS
CHA,6,288,-3.25,-9.47,41,29.8,26.32,26,109.42,105.46,DELAY_LATE_AIRCRAFT|DELAY_CARRIER|DELAY_NAS
CHA,7,260,-2.62,-7.17,62,35.52,34.98,48,230.69,226.31,DELAY_LATE_AIRCRAFT|DELAY_CARRIER|DELAY_NAS
CHA,8,314,-4.42,-8.81,41,32.39,28.17,26,205.69,202.35,DELAY_LATE_AIRCRAFT|DELAY_CARRIER|DELAY_NAS
CHA,9,355,-4.83,-10.3,32,33.34,29.5,25,222.48,219.04,DELAY_LATE_AIRCRAFT|DELAY_CARRIER|DELAY_NAS
CHA,10,401,-3.83,-10.89,38,31.45,25.89,12,133.08,125.67,DELAY_CARRIER|DELAY_LATE_AIRCRAFT|DELAY_NAS
CHA,11,426,-5.1,-11.58,40,27.65,19.55,18,215.17,202.67,DELAY_NAS|DELAY_LATE_AIRCRAFT|DELAY_CARRIER
CHA,12,330,-3.22,-9.52,55,28.78,24.09,46,141.85,139.17,DELAY_LATE_AIRCRAFT|DELAY_NAS|DELAY_CARRIER
CHO,1,106,-5.92,-9.47,11,33.27,36.09,19,120.37,118.32,DELAY_NAS|DELAY_CARRIER|CANC_WEATHER
CHO,2,151,-5.54,-9.02,6,31.0,24.0,3,219.67,230.33,DELAY_NAS|DELAY_CARRIER|DELAY_LATE_AIRCRAFT
CHO,3,152,-5.4,-14.68,8,36.63,32.13,8,115.5,108.75,DELAY_CARRIER|DELAY_NAS|DELAY_LATE_AIRCRAFT
CHO,4,156,-5.65,-11.9,19,34.79,31.11,11,193.64,188.27,DELAY_LATE_AIRCRAFT|DELAY_CARRIER|DELAY_NAS
CHO,5,169,-3.37,-8.88,17,28.35,27.41,20,184.7,183.65,DELAY_NAS|DELAY_LATE_AIRCRAFT|DELAY_CARRIER
CHO,6,148,-3.78,-10.63,9,40.89,36.33,8,260.38,255.25,DELAY_NAS|DELAY_LATE_AIRCRAFT|CANC_NAS
CHO,7,128,-3.88,-7.84,19,30.74,28.68,18,185.72,182.78,DELAY_NAS|DELAY_LATE_AIRCRAFT|DELAY_CARRIER
CHO,8,137,-4.45,-8.11,13,33.0,50.46,20,144.5,140.35,DELAY_NAS|DELAY_LATE_AIRCRAFT|CANC_NAS
CHO,9,175,-4.96,-9.37,11,35.73,40.55,9,217.11,210.22,DELAY_CARRIER|DELAY_NAS|DELAY_LATE_AIRCRAFT
CHO,10,231,-4.49,-7.79,18,34.83,36.61,12,116.92,114.17,DELAY_NAS|DELAY_LATE_AIRCRAFT|DELAY_CARRIER
CHO,11,187,-5.17,-9.87,7,27.0,23.86,8,186.5,174.5,DELAY_NAS|DELAY_CARRIER|DELAY_LATE_AIRCRAFT
CHO,12,131,-3.21,-10.11,22,30.05,24.14,22,183.14,180.77,DELAY_CARRIER|DELAY_LATE_AIRCRAFT|DELAY_NAS
CHS,1,971,-4.55,-11.42,134,33.69,28.82,114,180.53,178.18,DELAY_LATE_AIRCRAFT|DELAY_NAS|DELAY_CARRIER
CHS,2,1014,-4.84,-10.35,104,30.71,24.81,55,178.09,172.47,DELAY_LATE_AIRCRAFT|DELAY_CARRIER|DELAY_NAS
CHS,3,1159,-3.87,-9.5,174,30.52,22.93,101,177.61,174.16,DELAY_LATE_AIRCRAFT|DELAY_NAS|DELAY_CARRIER
CHS,4,1328,-3.81,-7.86,176,30.99,25.07,90,157.44,154.36,DELAY_LATE_AIRCRAFT|DELAY_NAS|DELAY_CARRIER
CHS,5,1283,-3.33,-7.34,205,31.32,30.61,146,161.88,163.11,DELAY_LATE_AIRCRAFT|DELAY_NAS|DELAY_CARRIER
CHS,6,1306,-3.13,-7.67,223,31.71,28.96,115,177.9,177.69,DELAY_LATE_AIRCRAFT|DELAY_NAS|DELAY_CARRIER
CHS,7,1226,-3.24,-6.86,256,32.09,32.05,197,166.32,168.29,DELAY_LATE_AIRCRAFT|DELAY_NAS|DELAY_CARRIER
CHS,8,1186,-4.2,-9.02,205,30.37,26.34,148,155.38,153.68,DELAY_LATE_AIRCRAFT|DELAY_NAS|DELAY_CARRIER
CHS,9,1301,-5.04,-9.92,151,29.74,26.4,68,170.38,168.49,DELAY_LATE_AIRCRAFT|DELAY_CARRIER|DELAY_NAS
CHS,10,1401,-4.26,-10.21,125,29.4,20.49,38,151.89,146.16,DELAY_LATE_AIRCRAFT|DELAY_CARRIER|DELAY_NAS
CHS,11,1201,-4.44,-8.67,105,29.36,23.61,50,160.78,160.48,DELAY_LATE_AIRCRAFT|DELAY_NAS|DELAY_CARRIER
CHS,12,1090,-3.19,-7.64,156,32.54,26.96,89,138.78,136.16,DELAY_LATE_AIRCRAFT|DELAY_NAS|DELAY_CARRIER
CID,1,235,-2.4,-6.43,55,32.6,26.09,69,254.41,254.13,DELAY_LATE_AIRCRAFT|CANC_WEATHER|DELAY_CARRIER
CID,2,340,-5.35,-15.74,30,29.07,18.1,15,117.2,103.67,DELAY_LATE_AIRCRAFT|DELAY_CARRIER|DELAY_NAS
CID,3,387,-5.41,-15.25,29,30.21,25.41,27,177.26,171.85,DELAY_LATE_AIRCRAFT|DELAY_NAS|DELAY_CARRIER
CID,4,376,-5.09,-9.13,31,31.35,34.68,20,148.5,150.45,DELAY_NAS|DELAY_LATE_AIRCRAFT|DELAY_CARRIER
CID,5,332,-4.36,-7.06,57,29.58,28.18,65,157.37,161.46,DELAY_LATE_AIRCRAFT|DELAY_NAS|DELAY_CARRIER
CID,6,362,-3.97,-4.23,54,32.04,31.35,43,247.98,244.6,DELAY_LATE_AIRCRAFT|DELAY_CARRIER|DELAY_NAS
CID,7,374,-4.0,-5.32,67,32.22,34.85,48,212.42,212.46,DELAY_CARRIER|DELAY_LATE_AIRCRAFT|DELAY_NAS
CID,8,454,-4.14,-4.29,62,31.48,36.65,39,189.54,189.05,DELAY_CARRIER|DELAY_NAS|DELAY_LATE_AIRCRAFT
CID,9,452,-5.06,-10.05,41,30.15,23.68,16,216.0,213.44,DELAY_CARRIER|DELAY_LATE_AIRCRAFT|DELAY_NAS
CID,10,465,-5.12,-10.15,33,29.82,27.7,25,119.08,108.96,DELAY_CARRIER|DELAY_LATE_AIRCRAFT|DELAY_NAS
CID,11,410,-4.35,-7.38,35,32.29,32.83,31,198.35,193.65,DELAY_CARRIER|DELAY_LATE_AIRCRAFT|DELAY_NAS
CID,12,330,-2.17,-8.82,70,30.43,21.3,38,203.05,197.37,DELAY_CARRIER|DELAY_LATE_AIRCRAFT|CANC_WEATHER
CIU,1,24,-4.83,-9.38,2,31.5,14.5,9,208.0,202.78,DELAY_CARRIER|DELAY_WEATHER|CANC_WEATHER
CIU,2,29,-5.03,-10.83,4,29.5,16.0,8,257.75,239.0,DELAY_CARRIER|CANC_WEATHER|DELAY_NAS
CIU,3,40,-4.18,-15.48,0,,,5,224.2,207.4,DELAY_CARRIER|DELAY_WEATHER|DELAY_NAS
CIU,4,31,-5.68,-13.55,2,15.5,1.0,5,181.2,165.2,DELAY_CARRIER
CIU,5,35,-5.2,-14.71,2,22.5,17.5,4,233.75,226.5,DELAY_CARRIER|DELAY_WEATHER
CIU,6,30,-5.17,-10.07,6,28.67,26.0,4,210.25,211.0,DELAY_CARRIER|DELAY_WEATHER
CIU,7,30,-3.07,-2.87,2,36.5,29.5,4,201.25,191.0,DELAY_CARRIER|DELAY_WEATHER
CIU,8,42,-4.5,-4.21,5,29.2,29.8,1,113.0,119.0,DELAY_CARRIER|DELAY_NAS|DELAY_WEATHER
CIU,9,38,-3.95,-12.61,0,,,6,118.67,115.83,DELAY_CARRIER|DELAY_WEATHER
CIU,10,33,-4.67,-9.76,3,42.33,34.33,5,129.6,122.2,DELAY_CARRIER|DELAY_WEATHER
CIU,11,38,-7.03,-13.18,3,33.67,33.33,2,125.0,121.0,DELAY_CARRIER|DELAY_WEATHER
CIU,12,20,-1.85,-2.75,5,27.0,27.0,10,169.9,168.8,DELAY_CARRIER|CANC_WEATHER|DELAY_NAS
CKB,1,9,-7.11,-5.22,1,36.0,31.0,1,1220.0,1235.0,DELAY_LATE_AIRCRAFT|DELAY_NAS
CKB,2,8,-2.25,-10.38,3,29.33,25.33,0,,,DELAY_LATE_AIRCRAFT|DELAY_CARRIER
CKB,3,12,-2.17,-10.83,2,20.5,4.5,1,70.0,69.0,DELAY_NAS
CKB,4,10,-0.6,-8.6,0,,,2,83.0,78.0,DELAY_CARRIER|DELAY_LATE_AIRCRAFT
CKB,5,8,5.25,4.88,2,19.5,18.5,2,96.0,101.5,DELAY_LATE_AIRCRAFT|DELAY_NAS|DELAY_SECURITY
CKB,6,17,-5.71,-4.71,7,45.71,44.0,1,157.0,155.0,DELAY_LATE_AIRCRAFT|DELAY_CARRIER|DELAY_NAS
CKB,7,13,-3.23,-8.15,5,28.8,34.2,5,297.4,302.2,DELAY_LATE_AIRCRAFT|DELAY_NAS|CANC_CARRIER
CKB,8,8,-2.5,2.13,5,28.4,25.6,3,549.33,560.33,DELAY_NAS|DELAY_CARRIER|DELAY_LATE_AIRCRAFT
CKB,9,4,-1.0,13.5,2,24.0,21.5,0,,,DELAY_CARRIER|DELAY_WEATHER
CKB,10,3,-1.67,-4.67,2,25.0,12.5,1,64.0,68.0,CANC_WEATHER|DELAY_CARRIER|DELAY_LATE_AIRCRAFT
CKB,11,4,6.25,5.0,1,17.0,12.0,1,78.0,79.0,DELAY_CARRIER|DELAY_NAS
CKB,12,3,0.67,-10.0,3,20.33,16.67,1,133.0,130.0,DELAY_LATE_AIRCRAFT|CANC_NAS
CLE,1,1598,-3.94,-10.3,274,31.42,27.75,190,168.0,164.68,DELAY_LATE_AIRCRAFT|DELAY_NAS|DELAY_CARRIER
CLE,2,1795,-4.92,-14.86,159,31.0,19.62,70,132.74,126.1,DELAY_LATE_AIRCRAFT|DELAY_NAS|DELAY_CARRIER
CLE,3,1910,-3.96,-11.72,270,32.79,24.76,170,140.06,135.95,DELAY_LATE_AIRCRAFT|DELAY_NAS|DELAY_CARRIER
CLE,4,1923,-3.96,-11.11,231,31.22,23.2,129,164.12,157.39,DELAY_LATE_AIRCRAFT|DELAY_NAS|DELAY_CARRIER
CLE,5,2066,-3.39,-8.4,303,31.81,28.07,220,151.11,149.68,DELAY_LATE_AIRCRAFT|DELAY_NAS|DELAY_CARRIER
CLE,6,1984,-2.92,-8.69,338,31.51,26.59,227,150.51,144.04,DELAY_LATE_AIRCRAFT|DELAY_CARRIER|DELAY_NAS
CLE,7,1953,-3.21,-7.81,375,32.59,28.31,282,166.55,163.56,DELAY_LATE_AIRCRAFT|DELAY_NAS|DELAY_CARRIER
CLE,8,1934,-3.7,-9.18,299,31.19,27.27,177,175.31,175.59,DELAY_LATE_AIRCRAFT|DELAY_NAS|DELAY_CARRIER
CLE,9,2251,-4.45,-10.25,169,31.17,25.97,77,165.58,161.79,DELAY_LATE_AIRCRAFT|DELAY_NAS|DELAY_CARRIER
CLE,10,2235,-4.83,-12.13,160,30.33,23.09,78,131.09,122.31,DELAY_LATE_AIRCRAFT|DELAY_NAS|DELAY_CARRIER
CLE,11,1935,-4.72,-11.66,164,31.51,23.34,100,131.58,125.58,DELAY_NAS|DELAY_LATE_AIRCRAFT|DELAY_CARRIER
CLE,12,1772,-2.7,-8.43,312,30.88,24.99,159,127.27,124.77,DELAY_LATE_AIRCRAFT|DELAY_NAS|DELAY_CARRIER
CLL,1,53,-5.21,-8.85,4,32.5,38.25,8,195.75,198.13,DELAY_CARRIER|DELAY_NAS|DELAY_WEATHER
CLL,2,60,-6.6,-10.07,2,16.5,37.0,2,174.0,163.0,DELAY_NAS|DELAY_CARRIER
CLL,3,57,-6.86,-15.21,2,51.0,39.0,3,147.67,161.67,DELAY_LATE_AIRCRAFT|CANC_WEATHER|DELAY_WEATHER
CLL,4,49,-4.59,-9.27,2,19.0,14.0,9,184.78,198.78,DELAY_LATE_AIRCRAFT|DELAY_NAS|DELAY_WEATHER
CLL,5,47,-5.09,-6.89,3,31.33,25.33,10,183.2,186.6,DELAY_LATE_AIRCRAFT|CANC_WEATHER|DELAY_CARRIER
CLL,6,53,-5.83,-11.11,9,35.11,32.56,6,146.17,143.33,DELAY_LATE_AIRCRAFT|DELAY_CARRIER|DELAY_NAS
CLL,7,36,-5.58,-8.72,14,29.93,24.0,7,115.86,109.43,DELAY_LATE_AIRCRAFT|CANC_WEATHER|DELAY_CARRIER
CLL,8,58,-7.41,-9.21,6,36.67,32.33,5,225.2,222.2,DELAY_LATE_AIRCRAFT|DELAY_NAS|CANC_CARRIER
CLL,9,57,-5.96,-9.96,8,23.88,17.63,5,127.2,119.8,DELAY_LATE_AIRCRAFT|DELAY_NAS|DELAY_CARRIER
CLL,10,72,-7.11,-13.51,2,28.0,35.5,5,174.2,169.8,DELAY_CARRIER|DELAY_NAS|DELAY_LATE_AIRCRAFT
CLL,11,39,-7.1,-11.97,7,32.71,21.29,4,154.25,142.75,DELAY_CARRIER|DELAY_LATE_AIRCRAFT|DELAY_WEATHER
CLL,12,45,-7.18,-10.82,7,36.86,29.71,10,108.9,105.6,DELAY_CARRIER|DELAY_LATE_AIRCRAFT|DELAY_WEATHER
CLT,1,8247,-1.93,-6.8,1813,32.56,28.37,1152,135.23,132.23,DELAY_LATE_AIRCRAFT|DELAY_CARRIER|DELAY_NAS
CLT,2,9160,-2.47,-7.5,1323,30.81,26.11,512,123.1,116.83,DELAY_LATE_AIRCRAFT|DELAY_CARRIER|DELAY_NAS
CLT,3,9145,-1.62,-6.35,1931,30.9,26.45,976,140.59,136.03,DELAY_LATE_AIRCRAFT|DELAY_CARRIER|DELAY_NAS
CLT,4,9540,-1.67,-4.69,2031,31.3,28.71,1077,134.74,132.11,DELAY_LATE_AIRCRAFT|DELAY_CARRIER|DELAY_NAS
CLT,5,8524,-0.91,-1.7,2788,32.53,33.65,1933,144.21,144.17,DELAY_LATE_AIRCRAFT|DELAY_CARRIER|DELAY_NAS
CLT,6,8852,-1.1,-6.46,2418,32.62,28.27,1570,145.83,140.87,DELAY_LATE_AIRCRAFT|DELAY_CARRIER|DELAY_NAS
CLT,7,7017,-0.81,-5.12,2721,33.69,30.92,2989,152.79,149.42,DELAY_LATE_AIRCRAFT|DELAY_CARRIER|DELAY_NAS
CLT,8,8786,-1.37,-6.57,2474,31.94,28.55,1680,147.86,143.92,DELAY_LATE_AIRCRAFT|DELAY_CARRIER|DELAY_NAS
CLT,9,10009,-2.03,-7.48,1764,31.67,26.55,1067,139.46,133.35,DELAY_LATE_AIRCRAFT|DELAY_CARRIER|DELAY_NAS
CLT,10,11120,-1.84,-8.97,1853,29.82,22.55,690,146.34,138.09,DELAY_LATE_AIRCRAFT|DELAY_CARRIER|DELAY_NAS
CLT,11,10590,-2.58,-7.64,1249,30.59,26.58,429,123.08,118.65,DELAY_CARRIER|DELAY_LATE_AIRCRAFT|DELAY_NAS
CLT,12,9273,-1.51,-6.13,1991,31.83,26.96,1059,131.66,126.33,DELAY_LATE_AIRCRAFT|DELAY_CARRIER|DELAY_NAS
CMH,1,1795,-3.47,-9.73,235,31.31,27.56,114,158.32,157.82,DELAY_NAS|DELAY_LATE_AIRCRAFT|DELAY_CARRIER
CMH,2,1833,-3.51,-11.19,216,30.43,25.01,78,126.06,119.36,DELAY_NAS|DELAY_LATE_AIRCRAFT|DELAY_CARRIER
CMH,3,1999,-2.92,-10.67,272,32.32,23.8,146,149.45,145.68,DELAY_LATE_AIRCRAFT|DELAY_NAS|DELAY_CARRIER
CMH,4,2026,-3.3,-9.35,220,30.61,22.91,128,142.37,139.07,DELAY_LATE_AIRCRAFT|DELAY_NAS|DELAY_CARRIER
CMH,5,1968,-2.56,-8.0,303,32.36,29.59,201,131.5,134.04,DELAY_LATE_AIRCRAFT|DELAY_NAS|DELAY_CARRIER
CMH,6,2108,-2.5,-9.01,294,29.93,23.97,177,145.56,143.45,DELAY_LATE_AIRCRAFT|DELAY_NAS|DELAY_CARRIER
CMH,7,1961,-3.36,-8.28,347,31.56,27.35,240,153.33,150.62,DELAY_LATE_AIRCRAFT|DELAY_CARRIER|DELAY_NAS
CMH,8,2032,-3.2,-8.82,272,30.86,27.27,196,172.95,171.31,DELAY_LATE_AIRCRAFT|DELAY_NAS|DELAY_CARRIER
CMH,9,2169,-4.05,-9.4,183,30.67,26.13,82,207.39,205.7,DELAY_LATE_AIRCRAFT|DELAY_NAS|DELAY_CARRIER
CMH,10,2399,-4.3,-11.46,176,29.99,21.2,74,186.61,179.28,DELAY_LATE_AIRCRAFT|DELAY_NAS|DELAY_CARRIER
CMH,11,2223,-4.02,-11.5,183,30.52,24.13,96,128.79,128.55,DELAY_NAS|DELAY_CARRIER|DELAY_LATE_AIRCRAFT
CMH,12,2000,-2.11,-10.11,318,31.98,25.86,129,144.74,138.39,DELAY_LATE_AIRCRAFT|DELAY_NAS|DELAY_CARRIER
CMI,1,58,-4.34,-13.26,11,29.09,27.45,8,145.75,138.75,CANC_WEATHER|DELAY_LATE_AIRCRAFT|DELAY_WEATHER
CMI,2,75,-4.52,-14.08,6,31.67,30.67,0,,,DELAY_LATE_AIRCRAFT|DELAY_NAS
CMI,3,65,-3.95,-12.57,6,31.83,38.0,6,163.5,152.17,DELAY_NAS|DELAY_LATE_AIRCRAFT|DELAY_CARRIER
CMI,4,66,-3.56,-12.32,6,34.17,22.33,8,314.38,316.25,DELAY_CARRIER|DELAY_LATE_AIRCRAFT|CANC_NAS
CMI,5,52,-3.88,-6.31,12,30.08,26.33,17,146.88,154.65,DELAY_LATE_AIRCRAFT|DELAY_CARRIER|DELAY_WEATHER
CMI,6,68,-4.12,-14.5,14,31.93,29.0,12,180.67,173.08,DELAY_LATE_AIRCRAFT|DELAY_CARRIER|DELAY_WEATHER
CMI,7,71,-5.01,-12.35,17,32.82,29.12,5,128.4,124.2,DELAY_LATE_AIRCRAFT|DELAY_CARRIER|DELAY_NAS
CMI,8,70,-4.2,-14.71,9,32.11,19.56,4,109.5,96.5,DELAY_LATE_AIRCRAFT|DELAY_CARRIER
CMI,9,71,-4.01,-7.82,5,34.2,14.2,7,118.14,121.14,DELAY_NAS|DELAY_LATE_AIRCRAFT|DELAY_CARRIER
CMI,10,74,-5.16,-14.42,3,29.33,32.67,1,244.0,254.0,DELAY_NAS|DELAY_CARRIER|DELAY_LATE_AIRCRAFT
CMI,11,50,-5.7,-18.34,2,28.5,19.5,3,196.0,212.67,DELAY_LATE_AIRCRAFT|DELAY_NAS|DELAY_CARRIER
CMI,12,45,-3.64,-12.09,5,40.0,28.4,5,108.8,99.0,DELAY_CARRIER|DELAY_LATE_AIRCRAFT|DELAY_NAS
CMX,1,33,-6.7,-13.82,2,24.5,33.0,5,122.8,110.4,CANC_WEATHER|DELAY_LATE_AIRCRAFT|DELAY_CARRIER
CMX,2,38,-9.0,-12.45,3,42.0,29.67,2,82.0,74.0,DELAY_CARRIER|CANC_WEATHER|DELAY_NAS
CMX,3,31,-8.16,-13.03,3,39.33,30.67,1,481.0,470.0,DELAY_NAS|DELAY_CARRIER|CANC_NAS
CMX,4,30,-9.57,-12.7,3,31.67,28.33,5,135.8,131.6,DELAY_LATE_AIRCRAFT|DELAY_CARRIER|CANC_WEATHER
CMX,5,23,-5.65,-11.61,7,30.0,25.71,4,210.75,200.5,DELAY_CARRIER|DELAY_LATE_AIRCRAFT
CMX,6,29,-8.21,-11.03,3,44.0,30.33,3,103.67,107.0,DELAY_LATE_AIRCRAFT|CANC_NAS|DELAY_CARRIER
CMX,7,36,-7.78,-4.44,2,56.0,45.5,4,145.25,149.25,DELAY_CARRIER|DELAY_LATE_AIRCRAFT|DELAY_WEATHER
CMX,8,24,-6.83,-5.5,10,38.5,35.9,8,103.63,102.13,DELAY_CARRIER|DELAY_LATE_AIRCRAFT|DELAY_NAS
CMX,9,34,-7.47,-4.74,9,33.78,33.56,3,173.0,160.33,DELAY_CARRIER|DELAY_LATE_AIRCRAFT
CMX,10,34,-6.44,-1.79,6,32.83,23.0,2,156.0,141.0,DELAY_CARRIER|DELAY_LATE_AIRCRAFT|DELAY_NAS
CMX,11,25,-9.04,-9.36,5,36.0,43.4,7,353.43,348.14,DELAY_CARRIER|DELAY_WEATHER|CANC_WEATHER
CMX,12,26,-6.0,2.0,7,38.57,45.57,7,157.29,148.0,DELAY_CARRIER|DELAY_NAS|DELAY_WEATHER
CNY,1,17,-10.18,-12.82,1,47.0,35.0,2,161.5,145.5,CANC_WEATHER|DELAY_LATE_AIRCRAFT|DELAY_CARRIER
COD,5,15,-2.93,-7.6,3,28.67,16.33,3,98.0,93.67,DELAY_NAS|DELAY_WEATHER|DELAY_CARRIER
COD,6,49,-5.33,-9.41,11,34.64,37.45,8,134.13,126.13,DELAY_CARRIER|DELAY_LATE_AIRCRAFT|DELAY_NAS
COD,7,67,-4.51,-13.12,10,29.7,17.9,7,261.86,257.14,DELAY_LATE_AIRCRAFT|DELAY_CARRIER|DELAY_SECURITY
COD,8,50,-5.48,-9.94,14,31.36,26.29,12,169.08,165.92,DELAY_CARRIER|DELAY_LATE_AIRCRAFT|DELAY_NAS
COD,9,43,-5.49,-15.26,12,30.92,24.42,8,192.63,182.5,DELAY_CARRIER|DELAY_LATE_AIRCRAFT|DELAY_NAS
COD,10,34,-4.24,-15.59,6,28.33,24.83,0,,,DELAY_CARRIER|DELAY_NAS|DELAY_WEATHER
COD,11,31,-5.42,-9.39,3,40.67,25.67,7,179.14,183.86,DELAY_CARRIER|DELAY_LATE_AIRCRAFT|DELAY_NAS
COD,12,40,-5.58,-17.38,2,28.0,15.0,1,96.0,78.0,DELAY_CARRIER|DELAY_NAS|DELAY_LATE_AIRCRAFT
COS,1,542,-3.4,-6.24,62,30.44,23.47,46,182.09,179.17,DELAY_LATE_AIRCRAFT|DELAY_NAS|DELAY_CARRIER
COS,2,509,-3.6,-9.0,56,33.48,34.39,25,204.4,205.8,DELAY_NAS|DELAY_LATE_AIRCRAFT|DELAY_CARRIER
COS,3,547,-3.35,-8.42,66,30.06,28.98,33,111.48,107.36,DELAY_LATE_AIRCRAFT|DELAY_NAS|DELAY_CARRIER
COS,4,580,-3.81,-9.17,64,30.88,29.0,30,135.9,138.2,DELAY_LATE_AIRCRAFT|DELAY_NAS|DELAY_CARRIER
COS,5,581,-2.61,-9.42,91,31.03,26.59,79,163.68,161.51,DELAY_LATE_AIRCRAFT|DELAY_NAS|DELAY_CARRIER
COS,6,635,-3.22,-7.97,111,30.2,26.76,48,165.5,165.17,DELAY_LATE_AIRCRAFT|DELAY_CARRIER|DELAY_NAS
COS,7,646,-2.88,-7.99,136,30.74,26.85,67,167.69,165.54,DELAY_LATE_AIRCRAFT|DELAY_CARRIER|DELAY_NAS
COS,8,615,-3.95,-9.67,88,32.03,26.72,83,142.81,135.08,DELAY_LATE_AIRCRAFT|DELAY_CARRIER|DELAY_NAS
COS,9,625,-4.5,-10.65,81,31.01,21.65,36,186.86,182.44,DELAY_CARRIER|DELAY_LATE_AIRCRAFT|DELAY_NAS
COS,10,702,-4.22,-10.84,67,30.58,22.63,42,143.38,135.64,DELAY_CARRIER|DELAY_LATE_AIRCRAFT|DELAY_NAS
COS,11,637,-4.01,-8.22,56,32.82,32.95,33,140.27,137.3,DELAY_NAS|DELAY_CARRIER|DELAY_LATE_AIRCRAFT
COS,12,633,-4.53,-13.01,83,31.18,23.82,33,177.82,174.52,DELAY_LATE_AIRCRAFT|DELAY_CARRIER|DELAY_NAS
COU,1,64,-3.47,-9.25,8,28.5,28.88,14,132.64,135.5,CANC_WEATHER|DELAY_NAS|DELAY_LATE_AIRCRAFT
COU,2,65,-4.23,-13.14,9,23.33,14.22,3,110.67,105.67,DELAY_LATE_AIRCRAFT|DELAY_NAS|DELAY_CARRIER
COU,3,81,-4.9,-9.42,9,33.67,31.67,3,89.0,96.67,DELAY_LATE_AIRCRAFT|DELAY_NAS|DELAY_CARRIER
COU,4,75,-4.39,-4.36,10,39.1,39.2,5,105.8,119.6,DELAY_LATE_AIRCRAFT|DELAY_WEATHER|DELAY_NAS
COU,5,68,-1.9,2.37,17,27.35,42.24,11,126.09,134.45,DELAY_LATE_AIRCRAFT|DELAY_NAS|CANC_WEATHER
COU,6,82,-4.54,-10.88,25,27.52,22.44,16,94.06,89.94,DELAY_LATE_AIRCRAFT|DELAY_CARRIER|DELAY_WEATHER
COU,7,95,-3.83,-2.59,23,33.91,31.26,18,128.5,132.28,DELAY_LATE_AIRCRAFT|DELAY_NAS|DELAY_WEATHER
COU,8,97,-5.93,-8.74,17,29.0,22.0,3,99.67,104.0,DELAY_NAS|DELAY_LATE_AIRCRAFT|DELAY_CARRIER
COU,9,72,-4.04,-8.39,12,29.92,21.33,5,121.8,116.4,DELAY_LATE_AIRCRAFT|DELAY_NAS|DELAY_CARRIER
COU,10,97,-4.73,-13.08,11,24.27,13.09,3,136.33,129.33,DELAY_CARRIER|DELAY_NAS|DELAY_LATE_AIRCRAFT
COU,11,66,-2.27,-6.24,17,31.41,41.0,7,226.14,221.14,DELAY_NAS|DELAY_LATE_AIRCRAFT|DELAY_CARRIER
COU,12,61,-0.66,-4.57,19,31.26,34.47,18,245.17,246.17,DELAY_CARRIER|DELAY_LATE_AIRCRAFT|DELAY_NAS
CPR,1,44,-5.45,-9.84,1,24.0,17.0,1,101.0,96.0,DELAY_CARRIER|DELAY_LATE_AIRCRAFT|DELAY_NAS
CPR,2,21,-4.0,-21.19,0,,,0,,,N/D
CPR,3,21,-3.29,-13.95,2,32.0,25.5,0,,,DELAY_CARRIER
CPR,4,22,-2.45,-17.14,0,,,0,,,N/D
CPR,5,65,-5.43,-17.74,2,20.0,0.5,4,179.5,162.25,DELAY_WEATHER|DELAY_CARRIER|DELAY_NAS
CPR,6,101,-3.74,-12.08,25,28.4,14.88,13,178.08,171.77,DELAY_CARRIER|DELAY_LATE_AIRCRAFT|DELAY_NAS
CPR,7,149,-6.0,-15.89,10,32.8,20.8,13,157.31,145.23,DELAY_CARRIER|DELAY_LATE_AIRCRAFT|DELAY_NAS
CPR,8,135,-4.07,-11.93,19,30.11,17.79,15,135.47,130.67,DELAY_CARRIER|DELAY_NAS|DELAY_LATE_AIRCRAFT
CPR,9,127,-6.06,-15.16,9,23.22,18.33,9,136.0,120.67,DELAY_CARRIER|DELAY_LATE_AIRCRAFT|DELAY_NAS
CPR,10,119,-6.2,-16.33,15,36.13,22.13,5,225.6,224.8,DELAY_CARRIER|DELAY_LATE_AIRCRAFT|CANC_WEATHER
CPR,11,128,-5.77,-12.48,11,36.64,36.09,11,135.64,135.45,DELAY_CARRIER|DELAY_LATE_AIRCRAFT|DELAY_NAS
CPR,12,124,-5.9,-13.71,7,29.29,10.86,2,166.0,153.0,DELAY_CARRIER|DELAY_NAS
CRP,1,181,-5.3,-8.45,20,29.4,36.75,20,132.85,142.15,DELAY_LATE_AIRCRAFT|DELAY_NAS|DELAY_WEATHER
CRP,2,201,-6.52,-7.82,18,29.61,25.94,3,143.33,132.0,DELAY_NAS|DELAY_CARRIER|DELAY_LATE_AIRCRAFT
CRP,3,197,-6.15,-10.13,24,34.33,28.42,11,131.45,138.27,DELAY_LATE_AIRCRAFT|DELAY_CARRIER|DELAY_NAS
CRP,4,193,-4.51,-9.2,14,33.93,36.21,13,132.62,144.0,DELAY_LATE_AIRCRAFT|DELAY_NAS|DELAY_CARRIER
CRP,5,157,-3.11,-3.43,30,34.8,36.77,34,163.82,170.03,DELAY_LATE_AIRCRAFT|DELAY_NAS|DELAY_WEATHER
CRP,6,164,-3.9,-5.7,38,36.76,33.11,21,164.52,170.38,DELAY_LATE_AIRCRAFT|DELAY_NAS|DELAY_CARRIER
CRP,7,184,-3.51,-5.21,37,30.54,30.27,23,116.09,126.57,DELAY_LATE_AIRCRAFT|DELAY_CARRIER|CANC_WEATHER
CRP,8,206,-4.95,-6.02,13,33.62,31.23,5,97.0,94.4,DELAY_LATE_AIRCRAFT|DELAY_CARRIER|DELAY_NAS
CRP,9,199,-5.14,-6.52,14,27.0,23.36,6,233.17,231.67,DELAY_NAS|DELAY_LATE_AIRCRAFT|DELAY_CARRIER
CRP,10,196,-5.07,-9.86,13,28.92,24.85,4,93.25,89.25,DELAY_LATE_AIRCRAFT|DELAY_NAS|DELAY_CARRIER
CRP,11,198,-4.46,-9.46,23,34.3,30.3,7,205.86,208.86,DELAY_CARRIER|DELAY_LATE_AIRCRAFT|DELAY_WEATHER
CRP,12,152,-3.66,-8.32,18,32.11,26.5,20,177.55,180.05,DELAY_CARRIER|DELAY_LATE_AIRCRAFT|DELAY_NAS
CRW,1,119,-3.55,-4.81,27,29.89,28.78,40,219.48,224.53,DELAY_CARRIER|DELAY_NAS|DELAY_LATE_AIRCRAFT
CRW,2,150,-4.93,-10.08,15,22.0,15.73,15,260.2,245.4,DELAY_CARRIER|DELAY_LATE_AIRCRAFT|DELAY_NAS
CRW,3,173,-5.65,-14.0,16,29.38,23.75,10,171.2,168.2,DELAY_LATE_AIRCRAFT|DELAY_NAS|DELAY_CARRIER
CRW,4,140,-4.37,-9.58,24,28.38,21.88,11,157.91,146.82,DELAY_CARRIER|DELAY_NAS|DELAY_LATE_AIRCRAFT
CRW,5,160,-4.53,-10.93,25,34.76,32.52,23,220.22,224.78,DELAY_CARRIER|DELAY_NAS|DELAY_LATE_AIRCRAFT
CRW,6,165,-4.99,-10.8,13,33.15,27.23,25,227.04,218.04,DELAY_CARRIER|DELAY_LATE_AIRCRAFT|DELAY_WEATHER
CRW,7,126,-4.6,-9.37,30,33.57,31.9,42,175.1,171.07,DELAY_CARRIER|DELAY_LATE_AIRCRAFT|DELAY_NAS
CRW,8,141,-4.63,-7.18,33,30.73,27.3,22,137.41,137.23,DELAY_CARRIER|DELAY_LATE_AIRCRAFT|DELAY_NAS
CRW,9,161,-6.81,-13.38,22,32.82,29.27,30,163.1,162.43,DELAY_LATE_AIRCRAFT|DELAY_CARRIER|DELAY_WEATHER
CRW,10,192,-6.36,-9.73,21,27.29,23.52,12,119.25,105.67,DELAY_NAS|DELAY_LATE_AIRCRAFT|DELAY_CARRIER
CRW,11,180,-5.88,-10.99,30,32.1,22.8,11,201.82,191.36,DELAY_CARRIER|DELAY_LATE_AIRCRAFT|DELAY_NAS
CRW,12,144,-4.58,-14.38,20,27.15,21.65,24,124.96,119.08,DELAY_CARRIER|DELAY_LATE_AIRCRAFT|DELAY_NAS
CSG,1,44,-2.39,-3.61,5,41.6,37.6,10,233.3,234.8,DELAY_CARRIER|DELAY_WEATHER|CANC_NAS
CSG,2,52,-3.06,-5.79,3,36.0,32.33,5,171.0,164.4,DELAY_CARRIER|DELAY_WEATHER|DELAY_NAS
CSG,3,58,-3.79,-9.0,6,25.33,21.0,2,84.5,80.0,DELAY_CARRIER|DELAY_LATE_AIRCRAFT|DELAY_NAS
CSG,4,54,-3.89,-11.98,2,21.0,11.0,5,162.6,162.2,DELAY_CARRIER
CSG,5,47,-3.74,-12.55,6,33.0,25.83,8,146.63,149.88,DELAY_CARRIER|DELAY_WEATHER|CANC_WEATHER
CSG,6,48,-3.67,-8.23,8,30.5,26.0,3,111.0,111.67,DELAY_CARRIER|DELAY_LATE_AIRCRAFT|DELAY_NAS
CSG,7,37,-3.16,-5.05,6,34.67,36.33,8,134.0,131.25,DELAY_LATE_AIRCRAFT|CANC_CARRIER|DELAY_NAS
CSG,8,48,-5.08,-10.48,6,33.5,27.17,4,147.5,150.75,DELAY_CARRIER|DELAY_LATE_AIRCRAFT|DELAY_NAS
CSG,9,46,-4.37,-10.22,3,22.33,18.67,3,114.33,105.0,DELAY_LATE_AIRCRAFT|CANC_WEATHER|DELAY_CARRIER
CSG,10,55,-5.73,-13.42,3,28.67,15.67,2,176.0,168.5,DELAY_CARRIER|DELAY_LATE_AIRCRAFT
CSG,11,50,-5.46,-10.32,4,44.0,46.5,3,250.0,249.33,DELAY_LATE_AIRCRAFT|CANC_WEATHER|DELAY_CARRIER
CSG,12,48,-3.5,-11.23,3,36.0,26.33,4,106.0,109.0,DELAY_LATE_AIRCRAFT|CANC_CARRIER|CANC_NAS
CVG,1,1738,-3.89,-9.68,224,33.34,29.0,145,164.6,171.14,DELAY_NAS|DELAY_LATE_AIRCRAFT|DELAY_CARRIER
CVG,2,1847,-4.37,-12.3,155,29.33,22.67,77,126.26,122.81,DELAY_NAS|DELAY_LATE_AIRCRAFT|DELAY_CARRIER
CVG,3,2114,-4.15,-10.69,232,32.58,27.31,145,144.9,143.99,DELAY_LATE_AIRCRAFT|DELAY_NAS|DELAY_CARRIER
CVG,4,2142,-3.89,-10.44,237,32.09,26.57,144,165.27,162.94,DELAY_LATE_AIRCRAFT|DELAY_NAS|DELAY_CARRIER
CVG,5,1998,-3.02,-7.73,338,31.3,27.83,213,155.04,154.45,DELAY_LATE_AIRCRAFT|DELAY_NAS|DELAY_CARRIER
CVG,6,2000,-3.08,-7.57,316,33.21,28.68,202,161.67,159.96,DELAY_LATE_AIRCRAFT|DELAY_NAS|DELAY_CARRIER
CVG,7,1842,-3.33,-7.12,360,32.57,30.83,314,169.79,167.54,DELAY_LATE_AIRCRAFT|DELAY_CARRIER|DELAY_NAS
CVG,8,1946,-4.01,-8.49,291,32.49,31.98,207,140.72,141.14,DELAY_LATE_AIRCRAFT|DELAY_NAS|DELAY_CARRIER
CVG,9,1979,-4.2,-8.79,189,32.29,28.22,101,147.5,145.29,DELAY_NAS|DELAY_LATE_AIRCRAFT|DELAY_CARRIER
CVG,10,2233,-4.27,-10.05,163,30.43,24.93,88,146.81,141.34,DELAY_CARRIER|DELAY_NAS|DELAY_LATE_AIRCRAFT
CVG,11,1975,-4.68,-10.64,154,30.13,27.01,103,132.73,132.63,DELAY_NAS|DELAY_CARRIER|DELAY_LATE_AIRCRAFT
CVG,12,1758,-2.77,-8.4,292,31.32,25.49,152,166.71,162.08,DELAY_NAS|DELAY_LATE_AIRCRAFT|DELAY_CARRIER
CWA,1,37,-5.16,-15.78,0,,,3,159.67,150.33,DELAY_LATE_AIRCRAFT|CANC_WEATHER|DELAY_NAS
CWA,2,35,-7.23,-22.11,3,44.0,41.33,0,,,DELAY_CARRIER|DELAY_WEATHER
CWA,3,46,-5.76,-18.78,0,,,1,386.0,386.0,DELAY_CARRIER
CWA,4,43,-6.84,-16.98,2,36.0,17.5,0,,,DELAY_CARRIER|DELAY_NAS
CWA,5,43,-5.63,-13.05,2,37.0,41.0,1,91.0,109.0,DELAY_NAS|DELAY_WEATHER|DELAY_LATE_AIRCRAFT
CWA,6,29,-4.86,1.69,4,28.75,34.25,4,111.5,121.25,DELAY_LATE_AIRCRAFT|DELAY_NAS|DELAY_WEATHER
CWA,7,38,-3.66,-0.66,3,40.33,39.0,2,126.0,116.5,DELAY_CARRIER|DELAY_NAS|CANC_CARRIER
CWA,8,35,-5.2,-2.14,6,28.83,21.33,2,103.0,93.0,DELAY_NAS|DELAY_LATE_AIRCRAFT|DELAY_CARRIER
CWA,9,39,-5.44,-12.03,1,17.0,12.0,1,201.0,186.0,DELAY_NAS|DELAY_LATE_AIRCRAFT
CWA,10,40,-6.75,-17.98,3,28.0,16.33,0,,,DELAY_LATE_AIRCRAFT|DELAY_NAS
CWA,11,32,-7.72,-16.41,1,46.0,31.0,0,,,DELAY_CARRIER|DELAY_NAS
CWA,12,33,-6.03,-18.48,3,35.0,39.0,6,175.5,160.33,DELAY_LATE_AIRCRAFT|DELAY_CARRIER|DELAY_NAS
CYS,1,32,-6.91,-30.16,4,29.25,4.75,2,170.0,149.5,CANC_WEATHER|DELAY_CARRIER|DELAY_LATE_AIRCRAFT
CYS,2,32,-6.25,-25.97,1,15.0,-11.0,3,110.67,106.0,CANC_WEATHER|DELAY_CARRIER|DELAY_NAS
CYS,3,41,-7.07,-17.37,0,,,2,292.5,287.0,CANC_WEATHER|DELAY_CARRIER|DELAY_WEATHER
CYS,4,35,-6.03,-9.26,3,35.33,37.67,2,352.0,365.0,DELAY_WEATHER|CANC_WEATHER|DELAY_CARRIER
CYS,5,34,-6.38,-12.44,2,35.5,34.5,2,141.0,126.0,DELAY_CARRIER|DELAY_LATE_AIRCRAFT|DELAY_NAS
CYS,6,35,-6.43,-22.46,3,25.67,23.0,1,689.0,687.0,CANC_WEATHER|DELAY_CARRIER|DELAY_LATE_AIRCRAFT
CYS,7,35,-6.31,-20.17,1,27.0,9.0,4,173.0,161.25,DELAY_CARRIER|DELAY_LATE_AIRCRAFT|DELAY_WEATHER
CYS,8,34,-5.94,-17.0,1,30.0,15.0,3,159.0,164.0,DELAY_LATE_AIRCRAFT|DELAY_CARRIER|DELAY_NAS
CYS,9,33,-6.97,-14.21,2,27.0,31.5,3,142.33,139.33,DELAY_LATE_AIRCRAFT|DELAY_CARRIER
CYS,10,33,-7.88,-15.73,0,,,3,115.0,102.33,DELAY_CARRIER|DELAY_LATE_AIRCRAFT
CYS,11,32,-6.25,-10.5,3,38.33,36.67,1,140.0,130.0,CANC_WEATHER|DELAY_CARRIER|DELAY_LATE_AIRCRAFT
CYS,12,42,-6.95,-13.57,1,26.0,7.0,1,284.0,281.0,DELAY_LATE_AIRCRAFT|DELAY_NAS
DAB,1,128,-2.98,-11.47,10,33.3,23.1,10,233.1,224.4,DELAY_LATE_AIRCRAFT|DELAY_CARRIER|DELAY_NAS
DAB,2,144,-5.14,-11.58,14,28.07,19.0,6,177.5,168.33,DELAY_LATE_AIRCRAFT|DELAY_CARRIER|DELAY_NAS
DAB,3,163,-4.55,-8.61,15,38.07,28.4,10,124.6,125.0,DELAY_LATE_AIRCRAFT|DELAY_CARRIER|DELAY_NAS
DAB,4,164,-5.47,-9.78,9,27.11,20.67,8,275.13,264.13,DELAY_LATE_AIRCRAFT|DELAY_CARRIER|CANC_WEATHER
DAB,5,141,-3.95,-7.27,27,32.33,34.15,19,124.84,125.32,DELAY_LATE_AIRCRAFT|DELAY_NAS|DELAY_CARRIER
DAB,6,147,-5.19,-13.29,12,33.08,26.17,10,147.8,138.9,DELAY_LATE_AIRCRAFT|DELAY_CARRIER|DELAY_NAS
DAB,7,128,-5.82,-10.22,23,35.52,33.91,19,176.26,175.42,DELAY_LATE_AIRCRAFT|DELAY_NAS|CANC_CARRIER
DAB,8,142,-4.97,-12.33,11,37.91,29.64,12,169.08,167.33,DELAY_LATE_AIRCRAFT|CANC_WEATHER|DELAY_CARRIER
DAB,9,135,-6.16,-13.41,15,30.0,17.6,9,182.56,169.11,DELAY_LATE_AIRCRAFT|DELAY_CARRIER|DELAY_WEATHER
DAB,10,144,-8.02,-14.39,5,29.8,17.0,4,99.5,81.5,CANC_WEATHER|DELAY_LATE_AIRCRAFT|DELAY_NAS
DAB,11,150,-6.99,-13.59,4,37.5,20.0,0,,,DELAY_LATE_AIRCRAFT|DELAY_NAS|DELAY_CARRIER
DAB,12,140,-5.69,-12.43,18,36.5,29.11,10,162.7,156.1,DELAY_CARRIER|DELAY_LATE_AIRCRAFT|DELAY_NAS
DAL,1,2966,0.06,-7.44,866,30.72,24.61,250,116.9,113.81,DELAY_LATE_AIRCRAFT|DELAY_CARRIER|DELAY_NAS
DAL,2,3222,-0.63,-6.92,549,29.11,23.12,105,106.72,100.58,DELAY_LATE_AIRCRAFT|DELAY_CARRIER|DELAY_NAS
DAL,3,3240,-0.13,-7.58,843,30.3,24.77,301,110.62,105.75,DELAY_LATE_AIRCRAFT|DELAY_CARRIER|DELAY_NAS
DAL,4,3077,0.19,-7.06,762,30.65,25.32,348,137.79,134.62,DELAY_LATE_AIRCRAFT|DELAY_CARRIER|DELAY_NAS
DAL,5,2608,1.07,-3.73,1045,31.8,28.75,561,137.5,135.33,DELAY_LATE_AIRCRAFT|DELAY_CARRIER|DELAY_NAS
DAL,6,2915,0.87,-4.13,1002,30.76,25.31,403,120.17,116.18,DELAY_LATE_AIRCRAFT|DELAY_CARRIER|DELAY_NAS
DAL,7,2971,0.67,-5.65,1097,30.13,24.54,402,113.59,109.57,DELAY_LATE_AIRCRAFT|DELAY_CARRIER|DELAY_NAS
DAL,8,3211,-0.8,-7.17,666,30.68,24.37,210,112.86,109.0,DELAY_LATE_AIRCRAFT|DELAY_CARRIER|DELAY_NAS
DAL,9,3201,-0.83,-5.45,550,29.13,23.91,130,96.78,90.95,DELAY_LATE_AIRCRAFT|DELAY_CARRIER|DELAY_NAS
DAL,10,3596,-0.86,-6.2,576,27.78,23.02,115,98.48,92.42,DELAY_LATE_AIRCRAFT|DELAY_CARRIER|DELAY_NAS
DAL,11,3405,-0.97,-7.22,620,29.23,24.9,152,137.18,132.23,DELAY_LATE_AIRCRAFT|DELAY_CARRIER|DELAY_NAS
DAL,12,3050,0.08,-6.63,788,30.1,24.92,442,154.35,150.68,DELAY_LATE_AIRCRAFT|DELAY_CARRIER|DELAY_NAS
DAY,1,320,-6.16,-9.84,30,37.9,37.97,45,139.47,136.22,DELAY_LATE_AIRCRAFT|DELAY_NAS|DELAY_CARRIER
DAY,2,337,-5.92,-12.12,24,29.25,30.5,26,159.88,155.0,DELAY_CARRIER|DELAY_LATE_AIRCRAFT|DELAY_NAS
DAY,3,428,-6.71,-13.43,22,32.0,34.5,21,130.14,128.9,DELAY_LATE_AIRCRAFT|DELAY_NAS|DELAY_CARRIER
DAY,4,413,-6.06,-9.72,28,33.96,30.18,33,146.52,143.52,DELAY_LATE_AIRCRAFT|DELAY_CARRIER|DELAY_NAS
DAY,5,394,-5.45,-10.04,39,33.97,37.28,54,158.57,156.8,DELAY_LATE_AIRCRAFT|DELAY_NAS|DELAY_CARRIER
DAY,6,379,-5.78,-13.56,48,32.0,27.19,30,172.73,171.43,DELAY_LATE_AIRCRAFT|DELAY_CARRIER|DELAY_NAS
DAY,7,338,-5.84,-11.8,40,34.13,31.9,53,160.89,157.11,DELAY_LATE_AIRCRAFT|DELAY_NAS|DELAY_CARRIER
DAY,8,381,-6.26,-13.19,33,35.55,28.64,37,133.65,129.0,DELAY_LATE_AIRCRAFT|DELAY_CARRIER|DELAY_NAS
DAY,9,403,-7.3,-12.68,37,28.89,24.97,20,171.05,166.35,DELAY_LATE_AIRCRAFT|DELAY_CARRIER|DELAY_NAS
DAY,10,455,-7.45,-16.78,20,35.25,26.6,16,194.19,185.81,DELAY_CARRIER|DELAY_LATE_AIRCRAFT|DELAY_NAS
DAY,11,388,-6.22,-11.96,22,28.45,23.32,14,163.71,158.43,DELAY_CARRIER|DELAY_LATE_AIRCRAFT|DELAY_NAS
DAY,12,322,-4.75,-11.17,42,34.0,25.76,40,141.73,137.4,DELAY_LATE_AIRCRAFT|DELAY_CARRIER|DELAY_NAS
DCA,1,5938,-4.01,-11.35,933,31.99,27.15,751,150.64,157.55,DELAY_LATE_AIRCRAFT|DELAY_NAS|DELAY_CARRIER
DCA,2,6946,-4.44,-15.01,714,31.05,20.66,337,150.82,141.09,DELAY_LATE_AIRCRAFT|DELAY_CARRIER|DELAY_NAS
DCA,3,6940,-3.61,-12.6,965,30.64,22.02,505,142.7,134.65,DELAY_LATE_AIRCRAFT|DELAY_CARRIER|DELAY_NAS
DCA,4,6497,-3.99,-10.06,904,31.71,25.7,557,146.75,143.7,DELAY_LATE_AIRCRAFT|DELAY_NAS|DELAY_CARRIER
DCA,5,6240,-3.22,-6.65,1212,31.79,29.99,781,142.74,143.46,DELAY_LATE_AIRCRAFT|DELAY_NAS|DELAY_CARRIER
DCA,6,6191,-3.0,-9.6,1029,30.91,25.07,698,151.25,146.51,DELAY_LATE_AIRCRAFT|DELAY_NAS|DELAY_CARRIER
DCA,7,5784,-2.73,-7.04,1238,32.21,29.5,1050,156.73,155.85,DELAY_LATE_AIRCRAFT|DELAY_NAS|DELAY_CARRIER
DCA,8,5970,-3.48,-8.1,1119,32.67,30.11,831,162.74,160.0,DELAY_LATE_AIRCRAFT|DELAY_NAS|DELAY_CARRIER
DCA,9,6962,-4.53,-10.34,703,30.74,26.08,347,145.46,140.48,DELAY_LATE_AIRCRAFT|DELAY_NAS|DELAY_CARRIER
DCA,10,7271,-4.4,-13.09,740,31.31,21.39,321,137.41,129.29,DELAY_LATE_AIRCRAFT|DELAY_CARRIER|DELAY_NAS
DCA,11,6924,-4.52,-12.9,723,30.84,21.85,364,146.75,137.9,DELAY_LATE_AIRCRAFT|DELAY_CARRIER|DELAY_NAS
DCA,12,5963,-2.75,-10.73,1165,32.81,26.36,729,131.58,125.8,DELAY_LATE_AIRCRAFT|DELAY_CARRIER|DELAY_NAS
DDC,1,24,-6.67,-4.67,1,27.0,39.0,4,331.25,333.25,CANC_WEATHER|DELAY_NAS|DELAY_LATE_AIRCRAFT
DDC,2,33,-8.24,-12.06,1,31.0,24.0,3,244.0,243.33,DELAY_CARRIER|DELAY_LATE_AIRCRAFT|CANC_WEATHER
DDC,3,33,-5.85,-9.67,2,22.5,18.0,2,165.0,153.0,DELAY_LATE_AIRCRAFT|DELAY_NAS|CANC_WEATHER
DDC,4,35,-5.03,-10.26,0,,,2,457.5,456.0,DELAY_CARRIER|DELAY_NAS
DDC,5,36,-5.69,-5.31,4,31.75,24.25,6,406.5,402.83,DELAY_LATE_AIRCRAFT|DELAY_NAS
DDC,6,26,-6.92,-3.92,6,40.67,32.83,2,616.0,605.5,DELAY_CARRIER|DELAY_LATE_AIRCRAFT|DELAY_NAS
DDC,7,25,-6.04,-11.04,3,22.0,23.33,2,92.5,78.5,CANC_NAS|DELAY_LATE_AIRCRAFT|DELAY_NAS
DDC,8,31,-7.71,-10.58,4,30.75,34.75,6,175.67,177.83,DELAY_LATE_AIRCRAFT|DELAY_NAS|DELAY_CARRIER
DDC,9,33,-9.45,-12.58,3,37.67,35.0,3,602.0,594.33,DELAY_CARRIER|DELAY_LATE_AIRCRAFT
DDC,10,32,-8.0,-11.72,2,41.5,35.0,4,336.5,339.75,DELAY_CARRIER|DELAY_LATE_AIRCRAFT|DELAY_NAS
DDC,11,27,-9.44,-11.3,3,31.67,30.0,4,436.5,429.0,DELAY_CARRIER|DELAY_LATE_AIRCRAFT|CANC_WEATHER
DDC,12,29,-9.1,-6.55,3,24.0,31.33,3,104.67,89.67,DELAY_LATE_AIRCRAFT|DELAY_CARRIER|CANC_WEATHER
DEC,1,41,-8.61,-20.51,2,38.5,18.0,5,198.4,190.6,CANC_WEATHER|DELAY_LATE_AIRCRAFT|DELAY_NAS
DEC,2,42,-10.31,-21.12,1,31.0,6.0,6,275.67,275.67,DELAY_LATE_AIRCRAFT|DELAY_CARRIER|DELAY_WEATHER
DEC,3,54,-9.07,-18.24,2,24.0,16.0,5,214.4,207.8,DELAY_LATE_AIRCRAFT|DELAY_CARRIER|DELAY_WEATHER
DEC,4,46,-9.46,-12.52,4,45.25,43.25,5,82.2,86.0,DELAY_LATE_AIRCRAFT|DELAY_CARRIER
DEC,5,38,-6.84,-11.0,3,33.0,31.67,13,288.23,288.46,DELAY_LATE_AIRCRAFT|DELAY_CARRIER|CANC_WEATHER
DEC,6,31,-10.19,-9.68,1,21.0,13.0,5,160.0,161.8,DELAY_LATE_AIRCRAFT|DELAY_CARRIER|DELAY_WEATHER
DEC,7,28,-9.61,-11.5,5,40.0,44.8,6,277.67,277.17,DELAY_LATE_AIRCRAFT|DELAY_CARRIER
DEC,8,28,-7.04,-4.07,3,40.33,49.67,6,177.33,183.33,DELAY_LATE_AIRCRAFT|DELAY_NAS|DELAY_CARRIER
DEC,9,29,-8.48,-6.9,3,30.67,34.33,4,215.5,219.25,DELAY_LATE_AIRCRAFT|DELAY_CARRIER
DEC,10,34,-9.06,-8.85,2,19.0,42.0,0,,,DELAY_NAS|DELAY_CARRIER|DELAY_LATE_AIRCRAFT
DEC,11,35,-6.46,-13.34,3,44.0,41.0,3,186.33,189.33,DELAY_LATE_AIRCRAFT|DELAY_CARRIER|DELAY_NAS
DEC,12,28,-7.82,-10.61,5,36.0,34.0,4,134.75,137.25,DELAY_LATE_AIRCRAFT|DELAY_CARRIER
DEN,1,11236,-1.06,-7.88,3079,30.92,24.94,1321,134.33,128.94,DELAY_CARRIER|DELAY_LATE_AIRCRAFT|DELAY_NAS
DEN,2,11536,-1.23,-6.36,2401,30.26,28.71,1090,137.6,143.12,DELAY_CARRIER|DELAY_NAS|DELAY_LATE_AIRCRAFT
DEN,3,13218,-1.26,-6.82,2694,30.95,25.51,1049,125.27,121.16,DELAY_LATE_AIRCRAFT|DELAY_CARRIER|DELAY_NAS
DEN,4,13345,-1.34,-7.12,2752,30.61,26.05,1063,126.29,122.26,DELAY_LATE_AIRCRAFT|DELAY_CARRIER|DELAY_NAS
DEN,5,13054,-1.09,-6.39,3397,31.58,26.07,1948,126.85,122.03,DELAY_LATE_AIRCRAFT|DELAY_CARRIER|DELAY_NAS
DEN,6,13428,-0.86,-5.0,3726,31.61,27.25,1984,124.35,119.19,DELAY_LATE_AIRCRAFT|DELAY_CARRIER|DELAY_NAS
DEN,7,13898,-1.07,-6.35,3570,32.02,26.67,2078,129.65,124.1,DELAY_LATE_AIRCRAFT|DELAY_CARRIER|DELAY_NAS
DEN,8,13943,-1.42,-5.44,3235,32.21,28.0,1743,130.22,126.01,DELAY_LATE_AIRCRAFT|DELAY_CARRIER|DELAY_NAS
DEN,9,15204,-2.49,-8.33,2171,29.86,22.76,879,120.93,113.23,DELAY_LATE_AIRCRAFT|DELAY_CARRIER|DELAY_NAS
DEN,10,16104,-2.52,-8.8,1968,30.08,22.52,693,123.08,114.93,DELAY_CARRIER|DELAY_LATE_AIRCRAFT|DELAY_NAS
DEN,11,14148,-2.04,-7.15,2271,30.72,31.99,945,131.44,132.97,DELAY_NAS|DELAY_CARRIER|DELAY_LATE_AIRCRAFT
DEN,12,14748,-1.83,-9.79,2364,29.85,20.84,917,135.74,128.01,DELAY_LATE_AIRCRAFT|DELAY_CARRIER|DELAY_NAS
DFW,1,11117,-1.82,-6.3,2897,32.12,29.56,1904,137.38,137.66,DELAY_LATE_AIRCRAFT|DELAY_CARRIER|DELAY_NAS
DFW,2,13173,-2.7,-7.84,2018,31.0,25.91,696,125.75,120.25,DELAY_CARRIER|DELAY_LATE_AIRCRAFT|DELAY_NAS
DFW,3,12471,-2.02,-7.1,3152,32.89,28.15,1884,137.18,133.51,DELAY_LATE_AIRCRAFT|DELAY_CARRIER|DELAY_NAS
DFW,4,12429,-2.21,-6.24,2803,32.29,29.54,1749,143.43,141.48,DELAY_LATE_AIRCRAFT|DELAY_CARRIER|DELAY_NAS
DFW,5,10668,-0.91,-2.85,3806,33.2,31.98,3274,154.41,153.74,DELAY_LATE_AIRCRAFT|DELAY_CARRIER|DELAY_NAS
DFW,6,12010,-1.05,-6.73,4143,32.8,28.31,2678,137.18,133.35,DELAY_LATE_AIRCRAFT|DELAY_CARRIER|DELAY_NAS
DFW,7,12492,-1.02,-5.61,4357,32.86,29.02,3105,139.67,135.43,DELAY_LATE_AIRCRAFT|DELAY_CARRIER|DELAY_NAS
DFW,8,14029,-1.95,-8.41,3357,32.68,26.3,1932,145.39,138.1,DELAY_LATE_AIRCRAFT|DELAY_CARRIER|DELAY_NAS
DFW,9,14591,-2.58,-8.3,2580,31.26,25.29,1043,121.8,115.18,DELAY_LATE_AIRCRAFT|DELAY_CARRIER|DELAY_NAS
DFW,10,16003,-2.8,-9.74,2480,31.21,23.24,1018,129.53,121.81,DELAY_CARRIER|DELAY_LATE_AIRCRAFT|DELAY_NAS
DFW,11,13738,-2.7,-8.76,2375,31.75,27.32,1202,141.1,138.54,DELAY_LATE_AIRCRAFT|DELAY_CARRIER|DELAY_NAS
DFW,12,12948,-1.69,-7.71,2962,31.8,25.6,1705,164.78,161.57,DELAY_LATE_AIRCRAFT|DELAY_CARRIER|DELAY_NAS
DHN,1,37,-2.84,-7.43,4,33.5,30.0,3,456.0,447.0,DELAY_CARRIER|DELAY_NAS|DELAY_LATE_AIRCRAFT
DHN,2,33,-4.39,-14.27,3,34.67,21.0,1,167.0,154.0,DELAY_LATE_AIRCRAFT|DELAY_NAS
DHN,3,38,-3.05,-5.84,4,40.0,32.5,0,,,DELAY_NAS|DELAY_LATE_AIRCRAFT
DHN,4,35,-4.2,-3.0,2,42.0,57.0,2,193.0,187.0,DELAY_CARRIER|DELAY_NAS|DELAY_WEATHER
DHN,5,33,-4.91,-0.64,5,28.4,26.4,5,110.0,113.0,DELAY_NAS|DELAY_CARRIER|DELAY_LATE_AIRCRAFT
DHN,6,38,-4.55,-3.05,1,18.0,4.0,2,253.5,240.0,DELAY_CARRIER|DELAY_NAS|DELAY_WEATHER
DHN,7,33,-6.03,-9.27,6,37.0,30.0,4,284.0,281.25,DELAY_CARRIER|DELAY_NAS
DHN,8,38,-6.76,-17.11,2,40.5,25.5,1,198.0,190.0,DELAY_CARRIER|CANC_WEATHER
DHN,9,35,-6.29,-10.8,7,29.29,28.57,2,211.0,221.5,DELAY_LATE_AIRCRAFT|CANC_WEATHER|DELAY_CARRIER
DHN,10,42,-6.31,-11.19,4,46.75,39.25,3,239.33,230.0,DELAY_CARRIER|DELAY_LATE_AIRCRAFT|DELAY_NAS
DHN,11,50,-8.04,-13.82,4,27.25,25.25,3,199.33,188.33,DELAY_LATE_AIRCRAFT|DELAY_NAS|DELAY_WEATHER
DHN,12,42,-6.79,-14.29,4,26.25,11.75,4,210.75,190.0,DELAY_LATE_AIRCRAFT|DELAY_CARRIER|DELAY_NAS
DIK,1,28,-8.0,-22.11,3,31.0,9.67,1,76.0,67.0,CANC_WEATHER|DELAY_CARRIER|DELAY_LATE_AIRCRAFT
DIK,2,24,-9.58,-27.13,2,39.5,23.0,2,131.5,108.0,CANC_WEATHER|DELAY_CARRIER|DELAY_LATE_AIRCRAFT
DIK,3,33,-8.52,-24.21,0,,,1,210.0,195.0,CANC_WEATHER|DELAY_NAS|DELAY_WEATHER
DIK,4,36,-9.69,-24.19,2,28.0,13.0,3,322.33,303.33,DELAY_CARRIER|DELAY_LATE_AIRCRAFT
DIK,5,35,-9.46,-17.66,2,28.0,36.0,4,159.25,159.0,DELAY_NAS|DELAY_CARRIER|DELAY_WEATHER
DIK,6,34,-9.56,-20.41,1,45.0,38.0,2,642.5,639.5,DELAY_CARRIER|DELAY_LATE_AIRCRAFT
DIK,7,37,-10.03,-20.7,1,41.0,27.0,1,238.0,226.0,DELAY_CARRIER|DELAY_LATE_AIRCRAFT
DIK,8,39,-10.38,-18.21,0,,,3,135.67,123.33,DELAY_NAS|DELAY_CARRIER|DELAY_LATE_AIRCRAFT
DIK,9,34,-10.09,-16.5,1,32.0,16.0,2,287.5,294.5,DELAY_CARRIER|DELAY_LATE_AIRCRAFT|DELAY_WEATHER
DIK,10,38,-8.0,-8.71,2,40.0,25.0,1,177.0,158.0,DELAY_CARRIER|DELAY_LATE_AIRCRAFT|DELAY_WEATHER
DIK,11,29,-7.38,-2.55,3,46.0,31.0,5,310.8,297.0,DELAY_CARRIER|CANC_WEATHER|DELAY_LATE_AIRCRAFT
DIK,12,33,-7.15,-13.09,2,36.0,23.0,6,198.5,185.83,DELAY_LATE_AIRCRAFT|DELAY_CARRIER|CANC_CARRIER
DLG,6,12,-8.75,-8.0,0,,,0,,,CANC_WEATHER
DLG,7,18,-11.72,-5.78,0,,,2,119.5,132.0,DELAY_NAS|DELAY_LATE_AIRCRAFT
DLG,8,16,-14.38,-14.31,0,,,1,228.0,218.0,CANC_WEATHER|DELAY_LATE_AIRCRAFT
DLG,9,16,-14.06,-14.94,2,21.0,18.5,1,160.0,157.0,DELAY_LATE_AIRCRAFT|CANC_WEATHER
DLH,1,73,-3.19,-9.67,14,33.29,20.86,14,184.0,172.0,DELAY_CARRIER|DELAY_WEATHER|DELAY_LATE_AIRCRAFT
DLH,2,85,-5.42,-15.54,6,22.83,11.67,4,99.0,89.0,DELAY_CARRIER|DELAY_LATE_AIRCRAFT|DELAY_NAS
DLH,3,92,-4.85,-13.33,3,30.33,13.67,7,230.71,246.43,DELAY_CARRIER|DELAY_NAS|DELAY_LATE_AIRCRAFT
DLH,4,111,-6.71,-14.98,6,30.5,13.83,3,161.33,149.33,DELAY_CARRIER|DELAY_NAS|DELAY_SECURITY
DLH,5,96,-5.68,-11.65,8,27.25,24.75,16,147.88,148.0,DELAY_WEATHER|DELAY_CARRIER|DELAY_NAS
DLH,6,97,-3.89,-7.13,14,30.79,38.29,14,211.71,211.14,DELAY_CARRIER|DELAY_NAS|DELAY_LATE_AIRCRAFT
DLH,7,120,-3.97,-7.92,10,37.5,34.8,14,135.79,131.5,DELAY_LATE_AIRCRAFT|DELAY_CARRIER|DELAY_NAS
DLH,8,139,-3.22,-1.88,15,28.33,34.67,11,123.73,132.55,DELAY_NAS|DELAY_LATE_AIRCRAFT|DELAY_CARRIER
DLH,9,147,-5.65,-13.31,12,32.25,23.67,4,192.0,193.0,DELAY_LATE_AIRCRAFT|DELAY_CARRIER|DELAY_NAS
DLH,10,150,-5.3,-13.98,7,28.14,17.43,4,134.75,115.0,DELAY_CARRIER|DELAY_NAS|DELAY_LATE_AIRCRAFT
DLH,11,118,-4.35,-14.86,4,27.5,11.0,8,199.88,186.63,DELAY_CARRIER|DELAY_WEATHER|DELAY_NAS
DLH,12,75,-4.36,-11.29,16,34.63,21.25,19,163.37,167.89,DELAY_CARRIER|DELAY_WEATHER|CANC_WEATHER
DRO,1,156,-6.46,-7.46,15,34.13,47.47,22,217.14,211.68,DELAY_CARRIER|DELAY_LATE_AIRCRAFT|DELAY_NAS
DRO,2,162,-5.48,-8.75,14,30.86,30.36,8,232.63,227.63,DELAY_CARRIER|DELAY_NAS|DELAY_WEATHER
DRO,3,162,-4.67,-7.24,14,26.79,22.0,4,126.75,138.5,DELAY_CARRIER|DELAY_NAS|DELAY_WEATHER
DRO,4,145,-5.94,-7.7,12,31.25,31.58,10,220.2,206.5,DELAY_CARRIER|DELAY_NAS|DELAY_LATE_AIRCRAFT
DRO,5,150,-5.35,-8.13,17,28.24,25.94,18,154.56,151.28,DELAY_CARRIER|DELAY_NAS|DELAY_LATE_AIRCRAFT
DRO,6,199,-5.45,-9.55,25,31.8,22.48,21,192.1,183.0,DELAY_CARRIER|DELAY_WEATHER|DELAY_LATE_AIRCRAFT
DRO,7,206,-4.92,-10.82,37,30.49,26.78,18,182.94,179.0,DELAY_CARRIER|DELAY_LATE_AIRCRAFT|DELAY_NAS
DRO,8,203,-5.51,-10.42,21,37.67,32.19,21,224.14,217.1,DELAY_CARRIER|DELAY_NAS|DELAY_LATE_AIRCRAFT
DRO,9,215,-6.51,-13.51,16,36.69,26.31,16,109.5,99.44,DELAY_CARRIER|DELAY_LATE_AIRCRAFT|DELAY_NAS
DRO,10,212,-5.32,-13.28,14,26.86,14.64,19,208.68,202.05,DELAY_CARRIER|DELAY_LATE_AIRCRAFT|DELAY_WEATHER
DRO,11,188,-5.53,-13.0,15,32.93,27.0,32,182.75,182.47,DELAY_CARRIER|DELAY_LATE_AIRCRAFT|DELAY_WEATHER
DRO,12,196,-5.34,-13.8,15,32.4,18.2,20,124.45,124.2,DELAY_CARRIER|DELAY_LATE_AIRCRAFT|CANC_WEATHER
DSM,1,562,-3.56,-7.82,106,31.61,33.4,118,176.68,180.84,DELAY_CARRIER|DELAY_NAS|DELAY_LATE_AIRCRAFT
DSM,2,722,-4.42,-12.95,66,30.53,23.88,51,206.8,200.9,DELAY_NAS|DELAY_LATE_AIRCRAFT|DELAY_CARRIER
DSM,3,813,-5.16,-12.08,88,31.95,22.58,51,276.24,268.75,DELAY_LATE_AIRCRAFT|DELAY_NAS|DELAY_CARRIER
DSM,4,761,-4.37,-10.38,74,28.59,25.66,39,221.79,215.03,DELAY_CARRIER|DELAY_LATE_AIRCRAFT|DELAY_NAS
DSM,5,645,-3.05,-7.45,124,31.81,28.77,79,162.43,163.1,DELAY_LATE_AIRCRAFT|DELAY_CARRIER|DELAY_NAS
DSM,6,714,-3.5,-7.5,131,33.63,28.88,83,178.33,173.33,DELAY_LATE_AIRCRAFT|DELAY_NAS|DELAY_CARRIER
DSM,7,677,-3.95,-6.33,125,31.47,30.12,104,158.72,155.99,DELAY_LATE_AIRCRAFT|DELAY_CARRIER|DELAY_NAS
DSM,8,720,-4.4,-7.28,96,31.32,26.01,74,144.77,139.18,DELAY_LATE_AIRCRAFT|DELAY_NAS|DELAY_CARRIER
DSM,9,762,-5.06,-10.66,51,30.76,23.59,25,172.48,167.92,DELAY_NAS|DELAY_CARRIER|DELAY_LATE_AIRCRAFT
DSM,10,816,-5.5,-11.11,59,33.19,25.97,27,212.85,204.37,DELAY_LATE_AIRCRAFT|DELAY_CARRIER|DELAY_NAS
DSM,11,775,-5.31,-11.14,56,29.96,23.96,36,167.75,162.44,DELAY_NAS|DELAY_CARRIER|DELAY_LATE_AIRCRAFT
DSM,12,712,-3.71,-11.37,93,31.25,23.05,69,213.42,217.25,DELAY_CARRIER|DELAY_NAS|DELAY_LATE_AIRCRAFT
DTW,1,4734,-2.0,-7.39,884,31.84,29.39,788,171.82,171.84,DELAY_CARRIER|DELAY_NAS|DELAY_LATE_AIRCRAFT
DTW,2,5594,-3.18,-14.36,515,29.93,18.02,224,140.44,126.78,DELAY_CARRIER|DELAY_NAS|DELAY_LATE_AIRCRAFT
DTW,3,6272,-2.89,-10.51,815,30.66,23.22,432,133.51,126.81,DELAY_CARRIER|DELAY_NAS|DELAY_LATE_AIRCRAFT
DTW,4,6470,-3.21,-8.66,726,31.32,26.2,410,144.45,141.52,DELAY_CARRIER|DELAY_NAS|DELAY_LATE_AIRCRAFT
DTW,5,6310,-2.79,-6.0,931,31.76,29.8,568,137.53,134.56,DELAY_CARRIER|DELAY_NAS|DELAY_LATE_AIRCRAFT
DTW,6,6110,-2.72,-6.64,1109,32.02,28.95,717,158.23,156.03,DELAY_CARRIER|DELAY_LATE_AIRCRAFT|DELAY_NAS
DTW,7,5725,-2.38,-6.06,1155,32.04,27.66,954,152.52,149.8,DELAY_CARRIER|DELAY_LATE_AIRCRAFT|DELAY_NAS
DTW,8,6286,-2.75,-7.45,1105,32.05,27.95,756,141.77,138.51,DELAY_CARRIER|DELAY_LATE_AIRCRAFT|DELAY_NAS
DTW,9,6887,-4.17,-10.27,665,31.45,25.58,301,122.84,117.8,DELAY_CARRIER|DELAY_NAS|DELAY_LATE_AIRCRAFT
DTW,10,7124,-4.03,-10.62,707,30.65,23.21,312,122.06,115.17,DELAY_CARRIER|DELAY_LATE_AIRCRAFT|DELAY_NAS
DTW,11,6749,-4.42,-10.5,654,31.42,27.38,338,126.38,122.64,DELAY_CARRIER|DELAY_NAS|DELAY_LATE_AIRCRAFT
DTW,12,5939,-2.37,-8.79,1068,32.24,26.69,625,138.81,133.63,DELAY_CARRIER|DELAY_NAS|DELAY_LATE_AIRCRAFT
DVL,1,31,-9.61,-21.9,1,33.0,13.0,2,100.5,83.0,CANC_WEATHER|DELAY_CARRIER|DELAY_WEATHER
DVL,2,27,-8.19,-19.26,1,19.0,32.0,2,727.0,839.0,CANC_WEATHER|DELAY_LATE_AIRCRAFT|CANC_NAS
DVL,3,37,-8.89,-14.54,2,29.5,23.0,3,92.67,87.0,CANC_WEATHER|DELAY_WEATHER|DELAY_CARRIER
DVL,4,40,-7.6,-11.68,0,,,1,78.0,86.0,DELAY_CARRIER|DELAY_LATE_AIRCRAFT|DELAY_NAS
DVL,5,35,-8.66,-8.74,0,,,3,126.33,112.33,DELAY_LATE_AIRCRAFT|DELAY_NAS|DELAY_WEATHER
DVL,6,29,-6.07,-3.93,2,44.0,47.5,4,374.5,369.5,DELAY_CARRIER|DELAY_NAS|CANC_NAS
DVL,7,27,-4.67,-9.56,9,25.89,18.0,2,104.5,103.0,DELAY_CARRIER|DELAY_LATE_AIRCRAFT
DVL,8,34,-9.5,-12.76,1,15.0,3.0,2,466.5,446.0,CANC_NAS|CANC_WEATHER|DELAY_LATE_AIRCRAFT
DVL,9,36,-7.75,-13.31,0,,,3,93.33,91.67,DELAY_CARRIER|DELAY_LATE_AIRCRAFT|DELAY_WEATHER
DVL,10,43,-9.19,-14.49,4,25.0,24.5,2,570.0,565.0,DELAY_CARRIER|DELAY_LATE_AIRCRAFT|DELAY_NAS
DVL,11,26,-3.77,-3.85,3,32.33,17.0,7,294.14,287.29,DELAY_LATE_AIRCRAFT|CANC_WEATHER|DELAY_WEATHER
DVL,12,33,-6.12,-10.52,1,44.0,24.0,6,487.5,482.33,DELAY_LATE_AIRCRAFT|CANC_WEATHER|DELAY_WEATHER
EAR,11,32,-5.16,-9.97,2,35.5,35.5,1,543.0,560.0,DELAY_CARRIER|CANC_WEATHER|DELAY_LATE_AIRCRAFT
EAR,12,31,-5.94,-13.84,3,24.0,11.33,3,203.33,200.33,DELAY_CARRIER|DELAY_LATE_AIRCRAFT
EAU,12,18,-4.61,-8.78,3,43.0,26.67,1,321.0,299.0,CANC_WEATHER|DELAY_CARRIER|DELAY_LATE_AIRCRAFT
ECP,1,223,-4.55,-10.35,36,28.58,29.94,25,156.72,155.36,DELAY_LATE_AIRCRAFT|DELAY_CARRIER|DELAY_NAS
ECP,2,275,-5.6,-9.22,12,30.25,21.58,11,144.27,137.09,DELAY_LATE_AIRCRAFT|DELAY_NAS|DELAY_CARRIER
ECP,3,405,-3.68,-8.37,64,30.77,28.17,34,158.06,152.76,DELAY_LATE_AIRCRAFT|DELAY_CARRIER|DELAY_NAS
ECP,4,440,-3.48,-5.95,55,30.02,30.2,28,179.11,177.04,DELAY_LATE_AIRCRAFT|DELAY_NAS|DELAY_CARRIER
ECP,5,413,-2.33,-3.8,112,33.01,32.74,48,125.27,135.29,DELAY_LATE_AIRCRAFT|DELAY_NAS|DELAY_CARRIER
ECP,6,513,-2.09,-8.07,144,32.13,27.69,67,122.79,118.81,DELAY_LATE_AIRCRAFT|DELAY_CARRIER|DELAY_NAS
ECP,7,469,-2.24,-6.58,139,30.49,26.04,72,185.01,184.46,DELAY_LATE_AIRCRAFT|DELAY_CARRIER|DELAY_NAS
ECP,8,466,-3.45,-9.53,80,30.14,23.96,34,147.74,145.21,DELAY_LATE_AIRCRAFT|DELAY_CARRIER|DELAY_NAS
ECP,9,418,-3.65,-9.02,46,28.98,26.61,24,129.75,123.42,DELAY_LATE_AIRCRAFT|DELAY_CARRIER|CANC_WEATHER
ECP,10,394,-3.09,-9.0,46,29.93,20.11,10,127.3,124.5,DELAY_LATE_AIRCRAFT|DELAY_CARRIER|DELAY_NAS
ECP,11,304,-4.14,-8.86,25,31.92,30.24,12,165.25,159.75,DELAY_CARRIER|DELAY_LATE_AIRCRAFT|DELAY_NAS
ECP,12,273,-3.0,-6.92,42,34.0,29.05,16,117.31,119.0,DELAY_LATE_AIRCRAFT|DELAY_NAS|DELAY_CARRIER
EGE,1,308,-3.78,-6.75,82,35.46,34.13,55,267.56,266.42,DELAY_LATE_AIRCRAFT|DELAY_CARRIER|DELAY_NAS
EGE,2,340,-5.23,-10.54,44,29.45,26.57,19,208.21,206.95,DELAY_CARRIER|DELAY_LATE_AIRCRAFT|DELAY_NAS
EGE,3,366,-5.05,-9.57,59,32.56,32.0,42,261.17,265.21,DELAY_LATE_AIRCRAFT|DELAY_NAS|DELAY_CARRIER
EGE,4,124,-6.05,-10.73,10,33.3,29.0,11,123.09,124.36,DELAY_LATE_AIRCRAFT|DELAY_NAS|DELAY_CARRIER
EGE,5,89,-5.36,-10.01,10,35.4,27.2,8,143.88,139.63,DELAY_LATE_AIRCRAFT|DELAY_CARRIER|DELAY_NAS
EGE,6,120,-6.13,-11.31,9,35.67,24.0,18,133.94,134.72,DELAY_CARRIER|DELAY_LATE_AIRCRAFT|DELAY_NAS
EGE,7,127,-5.33,-11.57,27,29.19,18.7,14,211.57,204.71,DELAY_LATE_AIRCRAFT|DELAY_CARRIER|DELAY_NAS
EGE,8,133,-5.61,-10.89,20,34.45,25.8,20,230.75,219.3,DELAY_LATE_AIRCRAFT|DELAY_CARRIER|DELAY_NAS
EGE,9,117,-6.87,-13.04,11,36.55,28.45,2,78.5,71.0,DELAY_CARRIER|DELAY_LATE_AIRCRAFT|DELAY_NAS
EGE,10,71,-5.23,-17.1,8,31.38,16.75,2,205.5,188.0,DELAY_CARRIER|DELAY_LATE_AIRCRAFT
EGE,11,65,-3.12,-9.71,9,34.22,32.0,7,154.86,140.86,DELAY_LATE_AIRCRAFT|DELAY_CARRIER|DELAY_NAS
EGE,12,192,-3.67,-9.23,42,32.93,24.69,43,205.86,207.16,DELAY_LATE_AIRCRAFT|DELAY_CARRIER|DELAY_NAS
EKO,1,18,-7.06,-13.83,0,,,1,174.0,196.0,CANC_WEATHER|DELAY_WEATHER
EKO,2,18,-7.89,-17.06,0,,,1,125.0,110.0,DELAY_WEATHER
EKO,3,19,-5.32,-3.58,1,60.0,49.0,0,,,DELAY_CARRIER|DELAY_NAS
EKO,4,17,-8.29,-11.47,3,41.33,24.0,0,,,DELAY_CARRIER
EKO,5,25,-9.56,-14.96,0,,,0,,,N/D
EKO,6,19,-7.42,-18.68,2,40.0,28.0,2,168.5,161.0,DELAY_CARRIER
EKO,7,18,-8.39,-16.61,0,,,2,566.0,557.0,DELAY_CARRIER|CANC_NAS
EKO,8,24,-8.67,-15.08,1,39.0,26.0,0,,,DELAY_CARRIER|DELAY_WEATHER
EKO,9,20,-7.5,-17.3,0,,,1,95.0,88.0,DELAY_CARRIER
EKO,10,21,-9.24,-19.62,0,,,0,,,N/D
EKO,11,22,-8.14,-10.09,0,,,0,,,N/D
EKO,12,20,-8.95,-18.85,0,,,0,,,DELAY_CARRIER
ELM,1,31,-6.19,-17.13,8,32.25,22.63,14,328.07,325.86,DELAY_CARRIER|DELAY_WEATHER|CANC_WEATHER
ELM,2,44,-6.91,-18.75,7,28.71,6.86,4,77.0,60.25,DELAY_CARRIER|DELAY_LATE_AIRCRAFT|DELAY_NAS
ELM,3,45,-6.11,-14.73,4,26.25,12.25,10,232.4,239.1,DELAY_CARRIER|DELAY_NAS|DELAY_LATE_AIRCRAFT
ELM,4,58,-8.05,-14.86,1,36.0,33.0,6,218.83,233.0,DELAY_CARRIER|DELAY_WEATHER|DELAY_LATE_AIRCRAFT
ELM,5,50,-4.68,-9.22,6,30.17,23.83,5,144.6,142.6,DELAY_CARRIER|DELAY_LATE_AIRCRAFT|DELAY_WEATHER
ELM,6,44,-5.27,-6.68,5,37.2,32.0,11,181.64,186.36,DELAY_CARRIER|DELAY_WEATHER|DELAY_LATE_AIRCRAFT
ELM,7,44,-4.16,-4.98,5,30.0,23.6,9,111.22,107.22,DELAY_CARRIER|DELAY_LATE_AIRCRAFT|CANC_CARRIER
ELM,8,46,-5.63,-10.2,6,32.17,28.5,5,138.0,126.2,DELAY_CARRIER|DELAY_NAS|DELAY_LATE_AIRCRAFT
ELM,9,42,-7.07,-11.98,6,35.0,26.33,3,190.0,183.0,DELAY_LATE_AIRCRAFT|DELAY_CARRIER|DELAY_WEATHER
ELM,10,47,-7.06,-11.19,5,33.8,29.2,8,189.25,182.38,DELAY_CARRIER|DELAY_LATE_AIRCRAFT|DELAY_WEATHER
ELM,11,46,-6.57,-15.5,6,42.67,29.5,5,125.8,125.0,DELAY_CARRIER|DELAY_LATE_AIRCRAFT|DELAY_SECURITY
ELM,12,46,-4.63,-11.35,7,31.57,24.86,5,149.4,138.8,DELAY_CARRIER|DELAY_LATE_AIRCRAFT|DELAY_NAS
ELP,1,729,-2.92,-7.46,106,31.17,26.62,47,139.94,140.6,DELAY_LATE_AIRCRAFT|DELAY_CARRIER|DELAY_NAS
ELP,2,710,-2.96,-7.38,76,30.37,24.79,26,172.92,169.77,DELAY_LATE_AIRCRAFT|DELAY_NAS|DELAY_CARRIER
ELP,3,748,-2.01,-6.77,118,31.25,25.2,55,164.95,161.47,DELAY_LATE_AIRCRAFT|DELAY_CARRIER|DELAY_NAS
ELP,4,840,-2.73,-7.46,121,29.5,24.21,53,156.53,156.72,DELAY_LATE_AIRCRAFT|DELAY_CARRIER|DELAY_NAS
ELP,5,710,-1.94,-6.51,164,30.98,26.65,112,157.66,156.62,DELAY_LATE_AIRCRAFT|DELAY_CARRIER|DELAY_NAS
ELP,6,873,-2.31,-6.31,151,31.17,27.88,68,157.09,153.03,DELAY_LATE_AIRCRAFT|DELAY_CARRIER|DELAY_NAS
ELP,7,775,-2.72,-7.28,159,31.67,25.19,95,140.4,137.44,DELAY_LATE_AIRCRAFT|DELAY_CARRIER|DELAY_NAS
ELP,8,948,-4.4,-8.33,107,33.8,29.24,55,142.49,138.49,DELAY_LATE_AIRCRAFT|DELAY_CARRIER|DELAY_NAS
ELP,9,925,-4.7,-10.35,94,32.0,25.47,40,119.88,115.65,DELAY_LATE_AIRCRAFT|DELAY_CARRIER|DELAY_NAS
ELP,10,996,-4.46,-9.33,79,31.11,26.84,39,171.9,168.31,DELAY_LATE_AIRCRAFT|DELAY_CARRIER|DELAY_NAS
ELP,11,909,-4.34,-9.14,102,31.34,29.5,54,166.44,162.63,DELAY_LATE_AIRCRAFT|DELAY_CARRIER|DELAY_NAS
ELP,12,892,-3.56,-8.25,100,32.09,27.56,70,151.21,151.46,DELAY_LATE_AIRCRAFT|DELAY_CARRIER|DELAY_NAS
ESC,1,29,-6.31,-20.66,2,24.0,18.0,5,104.2,92.0,DELAY_CARRIER|CANC_WEATHER|DELAY_NAS
ESC,2,28,-9.29,-27.18,1,20.0,-4.0,2,86.5,64.5,DELAY_CARRIER
ESC,3,29,-9.17,-23.97,2,49.0,24.0,5,191.0,179.0,DELAY_CARRIER|DELAY_WEATHER
ESC,4,37,-7.62,-17.11,1,57.0,60.0,3,134.0,126.0,DELAY_CARRIER|CANC_CARRIER|DELAY_WEATHER
ESC,5,33,-8.52,-13.94,0,,,1,152.0,140.0,DELAY_CARRIER|DELAY_NAS
ESC,6,32,-5.41,-3.13,4,32.25,39.0,5,179.6,183.4,DELAY_CARRIER|DELAY_NAS|DELAY_WEATHER
ESC,7,23,-6.61,-1.52,2,30.5,19.0,3,255.67,290.33,DELAY_CARRIER|DELAY_NAS
ESC,8,34,-9.32,-3.68,3,32.0,36.0,3,254.33,252.33,DELAY_CARRIER|DELAY_WEATHER
ESC,9,35,-11.89,-13.97,5,30.0,26.6,1,115.0,127.0,DELAY_WEATHER|DELAY_CARRIER
ESC,10,40,-8.88,-14.83,2,43.5,38.0,4,107.75,97.25,DELAY_CARRIER
ESC,11,32,-9.97,-12.44,4,24.5,11.5,2,199.0,186.5,DELAY_CARRIER|DELAY_WEATHER
ESC,12,32,-6.06,-12.53,2,37.0,60.5,5,146.2,143.0,DELAY_CARRIER|CANC_WEATHER
EUG,1,280,-3.17,-9.71,49,30.33,18.39,39,195.21,186.56,CANC_WEATHER|DELAY_LATE_AIRCRAFT|DELAY_CARRIER
EUG,2,323,-4.25,-10.74,22,34.82,30.0,22,179.55,175.45,DELAY_NAS|DELAY_LATE_AIRCRAFT|DELAY_CARRIER
EUG,3,351,-3.62,-6.23,45,34.62,38.13,29,119.24,115.97,DELAY_NAS|DELAY_LATE_AIRCRAFT|DELAY_CARRIER
EUG,4,355,-3.64,-7.35,39,31.08,26.31,17,136.88,134.12,DELAY_CARRIER|DELAY_LATE_AIRCRAFT|DELAY_NAS
EUG,5,327,-3.88,-9.56,48,30.52,26.33,35,116.91,112.66,DELAY_CARRIER|DELAY_LATE_AIRCRAFT|DELAY_NAS
EUG,6,342,-2.31,-8.4,56,32.8,27.39,23,99.91,95.87,DELAY_CARRIER|DELAY_LATE_AIRCRAFT|DELAY_NAS
EUG,7,376,-2.52,-9.13,49,33.82,26.65,33,239.21,232.64,DELAY_LATE_AIRCRAFT|DELAY_CARRIER|DELAY_NAS
EUG,8,318,-3.36,-6.78,39,26.72,28.08,17,155.0,157.0,DELAY_CARRIER|DELAY_LATE_AIRCRAFT|DELAY_NAS
EUG,9,319,-3.98,-7.77,31,36.84,28.29,21,144.19,133.81,DELAY_CARRIER|DELAY_LATE_AIRCRAFT|DELAY_NAS
EUG,10,384,-3.8,-9.43,43,29.72,24.14,15,145.73,138.93,DELAY_CARRIER|DELAY_LATE_AIRCRAFT|DELAY_NAS
EUG,11,376,-3.67,-8.9,44,31.18,23.23,21,243.67,234.81,DELAY_LATE_AIRCRAFT|DELAY_CARRIER|DELAY_NAS
EUG,12,352,-2.38,-8.65,68,29.49,21.66,35,126.94,124.09,DELAY_CARRIER|DELAY_LATE_AIRCRAFT|DELAY_NAS
EVV,1,85,-3.95,-9.29,11,32.91,27.91,16,137.88,138.19,DELAY_LATE_AIRCRAFT|DELAY_NAS|DELAY_CARRIER
EVV,2,80,-5.91,-11.69,11,38.18,30.45,0,,,DELAY_NAS|DELAY_LATE_AIRCRAFT|DELAY_CARRIER
EVV,3,82,-5.07,-9.94,8,33.38,31.63,13,184.31,182.46,DELAY_CARRIER|DELAY_LATE_AIRCRAFT|DELAY_NAS
EVV,4,93,-6.08,-4.9,9,36.11,32.89,7,180.57,185.29,DELAY_CARRIER|DELAY_NAS|DELAY_LATE_AIRCRAFT
EVV,5,85,-4.26,-4.78,8,22.38,20.88,11,184.09,182.45,DELAY_NAS|DELAY_CARRIER|DELAY_LATE_AIRCRAFT
EVV,6,104,-5.59,-12.25,16,30.69,29.69,10,104.3,93.1,DELAY_LATE_AIRCRAFT|DELAY_CARRIER|DELAY_NAS
EVV,7,110,-5.44,-10.55,26,30.96,32.54,10,204.1,209.5,DELAY_LATE_AIRCRAFT|DELAY_CARRIER|DELAY_NAS
EVV,8,99,-6.07,-16.13,9,35.67,30.33,4,128.25,120.0,DELAY_LATE_AIRCRAFT|DELAY_NAS|CANC_CARRIER
EVV,9,109,-6.24,-7.19,10,33.1,33.4,10,122.3,117.0,DELAY_NAS|DELAY_CARRIER|DELAY_LATE_AIRCRAFT
EVV,10,124,-7.04,-15.67,8,34.25,26.25,3,266.0,254.33,DELAY_CARRIER|DELAY_LATE_AIRCRAFT|DELAY_NAS
EVV,11,122,-5.92,-12.21,7,27.43,26.14,8,249.5,237.25,DELAY_NAS|DELAY_CARRIER|DELAY_WEATHER
EVV,12,85,-3.88,-15.41,17,36.06,25.65,11,180.82,166.82,DELAY_CARRIER|DELAY_NAS|DELAY_LATE_AIRCRAFT
EWN,7,6,-6.17,-22.67,5,35.8,18.8,4,116.75,103.25,DELAY_LATE_AIRCRAFT|CANC_WEATHER|CANC_CARRIER
EWN,8,13,-1.31,-6.38,1,52.0,49.0,3,388.33,377.33,DELAY_CARRIER|DELAY_LATE_AIRCRAFT|CANC_WEATHER
EWN,9,2,-8.0,-14.0,0,,,1,163.0,159.0,DELAY_LATE_AIRCRAFT
EWR,1,5231,-3.46,-13.14,824,31.61,22.41,528,139.91,136.44,DELAY_LATE_AIRCRAFT|CANC_CARRIER|DELAY_NAS
EWR,2,5860,-4.41,-17.96,640,31.35,19.54,286,128.86,116.92,DELAY_NAS|DELAY_LATE_AIRCRAFT|DELAY_CARRIER
EWR,3,5956,-3.87,-16.42,952,32.1,19.93,562,137.8,127.72,DELAY_LATE_AIRCRAFT|DELAY_NAS|DELAY_CARRIER
EWR,4,5846,-3.93,-10.72,950,32.21,25.68,590,148.83,143.33,DELAY_LATE_AIRCRAFT|DELAY_NAS|DELAY_CARRIER
EWR,5,6027,-3.52,-10.38,1092,33.26,28.67,746,127.61,125.33,DELAY_LATE_AIRCRAFT|DELAY_NAS|DELAY_CARRIER
EWR,6,5292,-2.86,-10.68,1032,32.28,28.83,869,158.79,160.16,DELAY_LATE_AIRCRAFT|DELAY_NAS|DELAY_CARRIER
EWR,7,4979,-2.49,-6.64,1164,33.6,34.93,1197,161.98,162.21,DELAY_LATE_AIRCRAFT|DELAY_NAS|DELAY_CARRIER
EWR,8,5177,-2.99,-8.84,961,31.45,28.05,825,166.57,164.58,DELAY_LATE_AIRCRAFT|DELAY_NAS|DELAY_CARRIER
EWR,9,6231,-4.58,-11.63,692,31.56,27.1,328,143.56,143.31,DELAY_NAS|DELAY_LATE_AIRCRAFT|DELAY_CARRIER
EWR,10,6572,-4.32,-12.49,737,31.76,23.64,428,125.06,114.19,DELAY_LATE_AIRCRAFT|DELAY_NAS|DELAY_CARRIER
EWR,11,5890,-3.79,-10.94,933,32.97,26.44,679,118.67,112.48,DELAY_LATE_AIRCRAFT|DELAY_NAS|DELAY_CARRIER
EWR,12,5626,-2.28,-9.15,1231,31.36,25.39,627,130.49,123.82,DELAY_LATE_AIRCRAFT|DELAY_NAS|DELAY_CARRIER
EYW,1,420,-4.67,-9.91,114,30.59,25.44,72,184.71,182.69,DELAY_LATE_AIRCRAFT|DELAY_CARRIER|DELAY_NAS
EYW,2,430,-4.06,-2.68,82,30.59,28.62,46,217.24,216.43,DELAY_LATE_AIRCRAFT|DELAY_NAS|DELAY_CARRIER
EYW,3,398,-2.75,-3.96,117,32.64,31.6,84,192.14,189.21,DELAY_LATE_AIRCRAFT|DELAY_CARRIER|DELAY_NAS
EYW,4,368,-4.01,-5.07,104,30.84,27.38,51,200.55,197.9,DELAY_LATE_AIRCRAFT|DELAY_CARRIER|DELAY_NAS
EYW,5,293,-3.65,-4.69,63,32.44,36.19,73,204.7,211.21,DELAY_LATE_AIRCRAFT|DELAY_CARRIER|DELAY_NAS
EYW,6,243,-4.13,-7.65,57,32.19,33.11,37,181.59,181.86,DELAY_LATE_AIRCRAFT|DELAY_NAS|DELAY_CARRIER
EYW,7,244,-3.96,-6.58,55,34.64,34.07,53,205.83,204.91,DELAY_LATE_AIRCRAFT|DELAY_NAS|DELAY_CARRIER
EYW,8,234,-6.86,-9.37,36,32.17,33.69,38,182.24,175.34,DELAY_LATE_AIRCRAFT|CANC_WEATHER|DELAY_NAS
EYW,9,266,-7.33,-9.76,28,32.71,28.61,12,228.17,232.5,DELAY_LATE_AIRCRAFT|CANC_WEATHER|DELAY_CARRIER
EYW,10,330,-7.12,-11.49,30,30.5,23.53,8,194.63,191.38,DELAY_LATE_AIRCRAFT|CANC_WEATHER|DELAY_CARRIER
EYW,11,409,-5.25,-7.62,50,28.5,26.14,27,173.0,168.89,DELAY_LATE_AIRCRAFT|DELAY_CARRIER|DELAY_NAS
EYW,12,387,-5.32,-7.9,80,32.15,26.91,65,209.06,207.32,DELAY_LATE_AIRCRAFT|DELAY_CARRIER|DELAY_NAS
FAI,1,104,-5.27,-7.92,16,33.75,24.0,16,94.63,92.88,DELAY_LATE_AIRCRAFT|DELAY_NAS|CANC_CARRIER
FAI,2,116,-5.64,-8.57,4,33.0,25.25,5,76.6,86.8,DELAY_NAS|DELAY_CARRIER|DELAY_WEATHER
FAI,3,180,-6.53,-7.27,21,29.29,24.33,8,113.13,107.0,DELAY_LATE_AIRCRAFT|DELAY_NAS|DELAY_CARRIER
FAI,4,153,-8.32,-13.92,25,36.04,25.04,5,239.2,238.4,DELAY_LATE_AIRCRAFT|DELAY_CARRIER|DELAY_NAS
FAI,5,185,-6.89,-13.55,33,28.97,19.85,8,103.5,90.63,DELAY_LATE_AIRCRAFT|DELAY_CARRIER|DELAY_NAS
FAI,6,202,-4.78,-8.12,29,29.79,23.21,12,211.5,207.83,DELAY_LATE_AIRCRAFT|DELAY_CARRIER|DELAY_NAS
FAI,7,181,-3.8,-7.5,50,30.04,21.28,17,223.82,226.24,DELAY_LATE_AIRCRAFT|DELAY_NAS|DELAY_CARRIER
FAI,8,214,-3.95,-9.32,46,30.91,21.43,8,135.13,128.0,DELAY_LATE_AIRCRAFT|DELAY_CARRIER|DELAY_NAS
FAI,9,206,-6.22,-12.84,39,26.31,5.97,7,182.29,175.0,DELAY_LATE_AIRCRAFT|DELAY_CARRIER|DELAY_NAS
FAI,10,172,-5.77,-6.0,21,30.1,25.48,5,176.0,170.4,DELAY_NAS|DELAY_LATE_AIRCRAFT|DELAY_CARRIER
FAI,11,132,-3.7,-9.94,10,26.5,13.6,4,300.0,281.25,DELAY_NAS|DELAY_CARRIER|DELAY_LATE_AIRCRAFT
FAI,12,132,-4.27,-7.6,11,27.18,22.0,9,117.56,116.11,DELAY_NAS|DELAY_CARRIER|DELAY_LATE_AIRCRAFT
FAR,1,294,-4.34,-12.96,38,32.82,28.13,41,189.15,184.76,DELAY_LATE_AIRCRAFT|DELAY_CARRIER|DELAY_NAS
FAR,2,314,-6.06,-18.89,23,22.83,17.43,25,266.36,250.04,DELAY_CARRIER|DELAY_NAS|DELAY_LATE_AIRCRAFT
FAR,3,366,-5.69,-15.12,22,33.68,22.64,21,150.9,145.43,DELAY_NAS|DELAY_LATE_AIRCRAFT|DELAY_CARRIER
FAR,4,330,-6.48,-13.29,26,28.77,21.38,9,112.0,106.56,DELAY_CARRIER|DELAY_LATE_AIRCRAFT|DELAY_NAS
FAR,5,307,-5.04,-9.38,36,33.33,30.61,36,144.08,137.75,DELAY_CARRIER|DELAY_LATE_AIRCRAFT|DELAY_NAS
FAR,6,307,-3.59,-5.1,46,35.04,38.67,52,173.21,173.58,DELAY_CARRIER|DELAY_NAS|DELAY_LATE_AIRCRAFT
FAR,7,309,-4.17,-7.35,50,30.94,29.26,39,142.74,139.69,DELAY_CARRIER|DELAY_LATE_AIRCRAFT|DELAY_NAS
FAR,8,323,-4.76,-6.31,43,31.21,33.49,30,140.83,137.3,DELAY_CARRIER|DELAY_NAS|DELAY_LATE_AIRCRAFT
FAR,9,371,-6.15,-12.89,33,30.06,25.73,15,163.07,149.0,DELAY_CARRIER|DELAY_LATE_AIRCRAFT|DELAY_NAS
FAR,10,340,-6.43,-16.18,31,31.32,20.13,16,89.94,81.69,DELAY_CARRIER|DELAY_LATE_AIRCRAFT|DELAY_NAS
FAR,11,315,-4.21,-7.93,41,32.78,29.59,31,196.52,199.32,DELAY_CARRIER|DELAY_LATE_AIRCRAFT|DELAY_NAS
FAR,12,302,-4.26,-7.37,61,28.67,25.51,47,294.19,294.15,DELAY_CARRIER|DELAY_LATE_AIRCRAFT|DELAY_NAS
FAT,1,483,-3.72,-8.35,70,32.6,27.84,33,126.03,118.67,DELAY_LATE_AIRCRAFT|DELAY_CARRIER|DELAY_NAS
FAT,2,485,-3.79,-9.13,64,31.03,24.28,32,140.22,136.03,DELAY_CARRIER|DELAY_NAS|DELAY_LATE_AIRCRAFT
FAT,3,545,-4.15,-8.93,76,31.39,27.12,45,127.02,125.38,DELAY_LATE_AIRCRAFT|DELAY_NAS|DELAY_CARRIER
FAT,4,537,-3.26,-7.1,75,31.95,29.11,41,166.59,168.71,DELAY_LATE_AIRCRAFT|DELAY_CARRIER|DELAY_NAS
FAT,5,539,-2.68,-6.49,99,31.16,26.86,55,261.13,259.85,DELAY_LATE_AIRCRAFT|DELAY_CARRIER|DELAY_NAS
FAT,6,532,-2.67,-6.15,97,31.49,29.13,41,136.61,133.2,DELAY_LATE_AIRCRAFT|DELAY_CARRIER|DELAY_NAS
FAT,7,558,-2.93,-7.2,96,32.8,30.41,53,167.68,167.43,DELAY_CARRIER|DELAY_LATE_AIRCRAFT|DELAY_NAS
FAT,8,611,-3.4,-6.81,74,30.51,24.62,45,118.82,120.04,DELAY_CARRIER|DELAY_LATE_AIRCRAFT|DELAY_NAS
FAT,9,598,-4.19,-9.0,66,32.18,25.03,30,134.43,134.37,DELAY_CARRIER|DELAY_LATE_AIRCRAFT|DELAY_NAS
FAT,10,675,-3.87,-8.44,54,28.89,26.15,26,168.27,168.38,DELAY_CARRIER|DELAY_LATE_AIRCRAFT|DELAY_NAS
FAT,11,610,-3.84,-8.62,74,30.22,27.38,42,192.52,191.9,DELAY_CARRIER|DELAY_LATE_AIRCRAFT|DELAY_NAS
FAT,12,518,-2.18,-7.28,127,33.02,29.39,70,192.64,193.19,DELAY_LATE_AIRCRAFT|DELAY_CARRIER|DELAY_WEATHER
FAY,1,77,-4.62,-10.68,4,28.0,24.75,6,162.17,170.83,DELAY_NAS|CANC_WEATHER|DELAY_CARRIER
FAY,2,62,-3.81,-17.55,7,24.43,14.43,2,194.0,158.0,DELAY_CARRIER|DELAY_LATE_AIRCRAFT|DELAY_NAS
FAY,3,47,-4.53,-11.98,7,23.0,9.0,1,72.0,76.0,DELAY_CARRIER|DELAY_LATE_AIRCRAFT
FAY,4,46,-3.59,-8.46,7,24.43,15.43,1,68.0,91.0,DELAY_LATE_AIRCRAFT|DELAY_NAS
FAY,5,48,-2.08,-5.0,3,28.33,25.33,7,198.71,198.29,DELAY_CARRIER|DELAY_LATE_AIRCRAFT|DELAY_NAS
FAY,6,100,-7.3,-14.8,5,30.6,23.4,4,390.5,388.25,DELAY_CARRIER|CANC_WEATHER|DELAY_WEATHER
FAY,7,52,-4.71,-11.81,7,26.57,45.57,11,175.73,179.36,DELAY_CARRIER|DELAY_WEATHER|DELAY_NAS
FAY,8,73,-5.47,-5.26,4,22.5,21.25,8,160.75,160.88,DELAY_CARRIER|DELAY_NAS|DELAY_LATE_AIRCRAFT
FAY,9,114,-6.75,-5.72,12,32.33,31.5,12,171.0,181.17,DELAY_LATE_AIRCRAFT|DELAY_CARRIER|DELAY_NAS
FAY,10,122,-5.39,-4.4,14,27.71,18.64,11,247.45,237.45,DELAY_NAS|DELAY_CARRIER|DELAY_LATE_AIRCRAFT
FAY,11,87,-5.53,-11.25,4,21.75,8.5,5,280.0,269.2,DELAY_LATE_AIRCRAFT|DELAY_NAS|DELAY_CARRIER
FAY,12,78,-2.91,-12.94,12,32.92,25.42,6,193.83,174.0,DELAY_LATE_AIRCRAFT|DELAY_CARRIER|DELAY_NAS
FCA,1,116,-2.72,-5.32,18,31.89,29.0,18,185.5,175.06,DELAY_CARRIER|DELAY_NAS|DELAY_LATE_AIRCRAFT
FCA,2,139,-3.89,-6.92,11,37.73,43.0,5,120.0,120.2,DELAY_NAS|DELAY_LATE_AIRCRAFT|DELAY_CARRIER
FCA,3,149,-3.4,-7.66,6,30.33,18.67,5,95.4,97.2,DELAY_NAS|DELAY_LATE_AIRCRAFT|DELAY_CARRIER
FCA,4,125,-4.38,-10.14,4,41.75,34.25,5,218.0,219.8,DELAY_CARRIER|DELAY_NAS|DELAY_LATE_AIRCRAFT
FCA,5,154,-4.0,-8.83,23,32.39,23.91,13,157.92,147.77,DELAY_LATE_AIRCRAFT|DELAY_NAS|DELAY_CARRIER
FCA,6,250,-3.47,-10.6,43,32.53,24.56,20,287.15,282.1,DELAY_LATE_AIRCRAFT|DELAY_NAS|DELAY_CARRIER
FCA,7,312,-3.18,-7.12,54,28.98,23.17,29,190.0,188.86,DELAY_CARRIER|DELAY_LATE_AIRCRAFT|DELAY_NAS
FCA,8,311,-2.86,-4.97,53,29.38,29.43,28,260.57,254.64,DELAY_LATE_AIRCRAFT|DELAY_CARRIER|DELAY_NAS
FCA,9,229,-3.51,-9.37,23,29.0,19.91,7,143.14,141.0,DELAY_LATE_AIRCRAFT|DELAY_CARRIER|DELAY_NAS
FCA,10,173,-4.92,-11.8,12,30.25,15.25,4,267.25,257.5,DELAY_CARRIER|DELAY_LATE_AIRCRAFT|DELAY_NAS
FCA,11,123,-5.91,-7.28,11,37.45,42.0,5,98.4,122.2,DELAY_NAS|DELAY_LATE_AIRCRAFT|DELAY_CARRIER
FCA,12,145,-4.79,-13.77,13,37.0,26.85,12,154.33,140.5,DELAY_CARRIER|DELAY_LATE_AIRCRAFT|DELAY_NAS
FLG,1,62,-6.15,-7.52,3,36.33,53.0,6,145.5,149.83,DELAY_CARRIER|DELAY_WEATHER
FLG,2,70,-6.93,-11.56,6,29.67,25.17,10,283.0,289.5,DELAY_CARRIER|DELAY_WEATHER|DELAY_NAS
FLG,3,75,-6.84,-9.81,5,41.4,49.6,10,227.8,231.6,DELAY_CARRIER|DELAY_WEATHER|CANC_WEATHER
FLG,4,84,-6.88,-9.87,5,30.4,31.4,5,116.0,112.8,DELAY_CARRIER|DELAY_NAS|DELAY_LATE_AIRCRAFT
FLG,5,102,-7.2,-9.79,1,18.0,8.0,5,159.2,173.6,CANC_WEATHER|DELAY_CARRIER|DELAY_LATE_AIRCRAFT
FLG,6,91,-6.63,-7.3,8,30.5,34.13,9,192.44,187.78,DELAY_CARRIER|DELAY_NAS|DELAY_WEATHER
FLG,7,102,-6.67,-6.68,3,36.0,30.33,2,138.5,139.5,DELAY_NAS|DELAY_CARRIER
FLG,8,89,-8.24,-7.92,6,29.5,25.0,3,183.33,183.0,DELAY_CARRIER|DELAY_LATE_AIRCRAFT
FLG,9,83,-7.93,-9.63,5,36.6,40.8,4,248.5,243.25,DELAY_CARRIER|DELAY_LATE_AIRCRAFT|DELAY_NAS
FLG,10,111,-6.83,-11.22,14,37.43,31.71,20,154.15,155.3,DELAY_CARRIER|DELAY_LATE_AIRCRAFT|DELAY_WEATHER
FLG,11,114,-7.49,-10.02,16,35.25,35.0,15,171.2,150.13,DELAY_CARRIER|DELAY_LATE_AIRCRAFT|DELAY_NAS
FLG,12,126,-7.12,-11.95,8,42.25,32.75,9,269.56,259.78,DELAY_CARRIER|DELAY_LATE_AIRCRAFT|DELAY_WEATHER
FLL,1,3848,-1.27,-8.18,1315,31.27,24.96,585,130.67,126.28,DELAY_LATE_AIRCRAFT|DELAY_CARRIER|DELAY_NAS
FLL,2,4131,-2.1,-4.97,985,30.53,25.75,487,137.11,130.44,DELAY_LATE_AIRCRAFT|DELAY_CARRIER|DELAY_NAS
FLL,3,4184,-1.69,-5.21,1303,32.74,29.63,867,140.51,139.62,DELAY_LATE_AIRCRAFT|DELAY_NAS|DELAY_CARRIER
FLL,4,4441,-2.6,-7.49,860,31.33,25.88,495,145.75,140.53,DELAY_LATE_AIRCRAFT|DELAY_CARRIER|DELAY_NAS
FLL,5,3876,-2.09,-5.48,936,31.98,30.8,581,137.48,138.51,DELAY_NAS|DELAY_LATE_AIRCRAFT|DELAY_CARRIER
FLL,6,3386,-1.56,-6.91,956,33.13,29.39,536,134.08,131.99,DELAY_LATE_AIRCRAFT|DELAY_NAS|DELAY_CARRIER
FLL,7,3277,-1.54,-7.21,1055,32.75,28.84,669,144.2,140.69,DELAY_LATE_AIRCRAFT|DELAY_CARRIER|DELAY_NAS
FLL,8,3044,-1.6,-6.41,976,31.54,29.29,609,141.04,138.9,DELAY_LATE_AIRCRAFT|DELAY_NAS|DELAY_CARRIER
FLL,9,3370,-3.04,-6.79,614,30.98,30.24,257,126.33,125.24,DELAY_NAS|DELAY_CARRIER|DELAY_LATE_AIRCRAFT
FLL,10,3918,-3.26,-9.69,538,29.99,23.51,221,126.36,119.57,DELAY_CARRIER|DELAY_LATE_AIRCRAFT|DELAY_NAS
FLL,11,4313,-3.58,-10.88,571,30.09,22.29,216,132.44,127.57,DELAY_NAS|DELAY_CARRIER|DELAY_LATE_AIRCRAFT
FLL,12,4146,-1.92,-8.74,1018,31.33,25.18,534,126.36,123.2,DELAY_LATE_AIRCRAFT|DELAY_CARRIER|DELAY_NAS
FNT,1,88,-6.01,-6.22,16,31.94,41.06,8,238.13,234.13,DELAY_NAS|DELAY_LATE_AIRCRAFT|DELAY_WEATHER
FNT,2,112,-5.51,-13.9,15,31.6,21.93,8,142.75,136.0,DELAY_NAS|DELAY_CARRIER|DELAY_LATE_AIRCRAFT
FNT,3,147,-6.16,-14.97,16,30.31,31.25,12,130.17,123.67,DELAY_NAS|DELAY_LATE_AIRCRAFT|DELAY_CARRIER
FNT,4,114,-7.94,-20.18,10,32.2,22.7,8,196.88,191.0,DELAY_NAS|DELAY_CARRIER|DELAY_LATE_AIRCRAFT
FNT,5,90,-6.34,-9.8,10,32.3,33.8,13,133.62,130.15,DELAY_NAS|DELAY_CARRIER|DELAY_WEATHER
FNT,6,97,-4.81,-8.7,12,28.58,19.42,9,159.11,151.33,DELAY_CARRIER|DELAY_WEATHER|DELAY_LATE_AIRCRAFT
FNT,7,89,-3.92,-5.53,9,31.0,34.67,16,179.25,175.31,DELAY_CARRIER|DELAY_NAS|DELAY_LATE_AIRCRAFT
FNT,8,89,-5.34,-9.33,19,35.16,32.47,10,191.7,188.7,DELAY_LATE_AIRCRAFT|DELAY_CARRIER|DELAY_NAS
FNT,9,91,-4.33,-7.82,13,28.62,26.54,11,119.09,109.45,DELAY_CARRIER|DELAY_LATE_AIRCRAFT|DELAY_WEATHER
FNT,10,104,-3.91,-6.94,12,33.92,28.33,8,157.25,155.38,DELAY_CARRIER|DELAY_LATE_AIRCRAFT|CANC_WEATHER
FNT,11,118,-4.88,-6.92,12,28.5,28.0,16,151.13,157.31,DELAY_CARRIER|DELAY_LATE_AIRCRAFT|DELAY_NAS
FNT,12,122,-3.71,-10.16,23,36.0,28.65,12,179.0,166.58,DELAY_NAS|DELAY_CARRIER|DELAY_LATE_AIRCRAFT
FOD,1,14,-5.71,-17.57,5,31.2,25.0,6,160.33,145.17,DELAY_LATE_AIRCRAFT|DELAY_CARRIER|CANC_WEATHER
FOD,2,31,-9.71,-18.42,1,27.0,17.0,3,82.33,68.0,DELAY_LATE_AIRCRAFT|DELAY_WEATHER
FOD,3,30,-8.2,-10.93,5,45.0,53.2,8,269.13,267.75,DELAY_LATE_AIRCRAFT|DELAY_CARRIER|DELAY_NAS
FOD,4,32,-7.5,-9.75,2,21.5,19.5,2,129.5,126.5,DELAY_LATE_AIRCRAFT
FOD,5,26,-7.31,-10.85,5,23.6,29.4,2,174.5,172.0,CANC_WEATHER|DELAY_CARRIER|DELAY_LATE_AIRCRAFT
FOD,6,24,-9.54,-14.21,7,39.86,33.86,3,433.0,432.67,DELAY_LATE_AIRCRAFT|DELAY_CARRIER
FOD,7,24,-10.5,-16.79,5,35.8,35.8,6,407.5,406.17,DELAY_LATE_AIRCRAFT|CANC_WEATHER|DELAY_CARRIER
FOD,8,25,-9.04,-9.56,5,46.8,43.2,6,144.0,144.33,DELAY_LATE_AIRCRAFT|CANC_WEATHER|DELAY_NAS
FOD,9,32,-9.81,-10.81,8,33.88,38.25,1,62.0,46.0,DELAY_LATE_AIRCRAFT|DELAY_CARRIER|DELAY_NAS
FOD,10,33,-9.45,-12.88,3,53.33,49.67,2,655.0,651.0,DELAY_CARRIER|DELAY_LATE_AIRCRAFT|DELAY_NAS
FOD,11,36,-8.97,-13.19,1,26.0,6.0,4,132.0,134.0,DELAY_CARRIER|DELAY_LATE_AIRCRAFT|CANC_WEATHER
FOD,12,30,-8.73,-5.67,4,38.0,28.25,2,161.0,154.0,DELAY_LATE_AIRCRAFT|DELAY_CARRIER|CANC_WEATHER
FSD,1,265,-3.51,-6.7,56,30.27,34.21,36,168.94,172.61,DELAY_NAS|DELAY_CARRIER|DELAY_WEATHER
FSD,2,356,-4.67,-14.17,42,32.21,18.07,27,173.59,167.3,DELAY_CARRIER|DELAY_LATE_AIRCRAFT|DELAY_NAS
FSD,3,366,-5.49,-15.04,38,33.37,25.76,16,206.31,204.81,DELAY_LATE_AIRCRAFT|DELAY_NAS|DELAY_CARRIER
FSD,4,359,-5.63,-13.2,31,31.29,24.45,14,198.57,200.14,DELAY_CARRIER|DELAY_LATE_AIRCRAFT|DELAY_NAS
FSD,5,328,-3.98,-9.59,31,34.39,27.48,24,206.17,206.33,DELAY_NAS|DELAY_CARRIER|DELAY_LATE_AIRCRAFT
FSD,6,285,-3.51,-6.73,54,29.69,28.94,45,156.93,156.02,DELAY_NAS|DELAY_LATE_AIRCRAFT|DELAY_CARRIER
FSD,7,285,-4.28,-7.76,59,30.51,25.39,42,160.45,157.88,DELAY_CARRIER|DELAY_LATE_AIRCRAFT|DELAY_NAS
FSD,8,292,-4.55,-7.16,57,33.14,32.93,22,190.91,189.95,DELAY_CARRIER|DELAY_LATE_AIRCRAFT|DELAY_NAS
FSD,9,321,-5.32,-10.22,38,29.53,24.03,10,89.1,79.5,DELAY_CARRIER|DELAY_LATE_AIRCRAFT|DELAY_NAS
FSD,10,390,-5.2,-11.59,35,28.14,20.8,13,111.0,97.77,DELAY_CARRIER|DELAY_LATE_AIRCRAFT|DELAY_NAS
FSD,11,361,-3.91,-9.13,47,29.87,25.21,27,140.78,136.59,DELAY_CARRIER|DELAY_NAS|DELAY_LATE_AIRCRAFT
FSD,12,343,-3.46,-8.75,49,33.0,29.0,51,219.92,217.27,DELAY_LATE_AIRCRAFT|DELAY_CARRIER|DELAY_NAS
FSM,1,42,-5.71,-0.98,11,29.09,32.09,6,442.83,448.33,CANC_WEATHER|DELAY_NAS|DELAY_CARRIER
FSM,2,57,-4.82,-0.04,3,39.0,40.67,1,126.0,124.0,DELAY_NAS|DELAY_LATE_AIRCRAFT|DELAY_WEATHER
FSM,3,54,-5.33,-9.44,9,27.0,21.67,5,144.4,138.2,DELAY_LATE_AIRCRAFT|DELAY_CARRIER|DELAY_NAS
FSM,4,46,-5.7,-11.0,7,24.29,19.86,3,155.67,177.33,DELAY_WEATHER|CANC_WEATHER|DELAY_LATE_AIRCRAFT
FSM,5,42,-1.21,-2.57,12,26.5,29.83,9,134.44,136.67,DELAY_LATE_AIRCRAFT|DELAY_NAS|CANC_WEATHER
FSM,6,49,-3.37,-8.35,15,31.8,24.67,13,135.08,129.69,DELAY_LATE_AIRCRAFT|DELAY_NAS|DELAY_CARRIER
FSM,7,59,-5.54,-9.15,12,33.75,25.67,7,177.29,176.43,DELAY_LATE_AIRCRAFT|DELAY_CARRIER|CANC_WEATHER
FSM,8,68,-4.81,-11.43,6,37.0,33.83,5,145.6,135.4,DELAY_LATE_AIRCRAFT|DELAY_CARRIER|DELAY_NAS
FSM,9,50,-5.0,-12.18,6,26.83,18.17,4,135.5,114.75,DELAY_NAS|DELAY_LATE_AIRCRAFT|DELAY_CARRIER
FSM,10,73,-7.08,-15.32,5,33.6,20.2,1,124.0,129.0,DELAY_NAS|DELAY_LATE_AIRCRAFT|DELAY_WEATHER
FSM,11,50,-4.3,-20.42,3,24.33,15.33,3,131.0,106.67,CANC_WEATHER|DELAY_LATE_AIRCRAFT|DELAY_NAS
FSM,12,57,-5.56,-14.7,4,48.0,32.25,5,295.8,301.4,DELAY_LATE_AIRCRAFT|DELAY_CARRIER|DELAY_NAS
FWA,1,137,-3.72,-7.79,34,31.71,40.12,36,148.67,143.42,DELAY_CARRIER|DELAY_LATE_AIRCRAFT|DELAY_NAS
FWA,2,180,-3.91,-14.13,21,29.24,24.19,15,187.13,175.8,DELAY_CARRIER|DELAY_NAS|DELAY_LATE_AIRCRAFT
FWA,3,196,-4.43,-14.16,31,29.39,19.48,19,148.74,153.37,DELAY_CARRIER|DELAY_NAS|DELAY_LATE_AIRCRAFT
FWA,4,202,-4.62,-12.27,26,31.65,25.81,26,141.54,138.42,DELAY_CARRIER|DELAY_LATE_AIRCRAFT|DELAY_NAS
FWA,5,159,-4.46,-9.37,33,31.21,23.91,29,171.9,169.41,DELAY_CARRIER|DELAY_LATE_AIRCRAFT|DELAY_NAS
FWA,6,203,-4.32,-9.63,35,33.89,29.94,35,162.86,155.57,DELAY_CARRIER|DELAY_LATE_AIRCRAFT|DELAY_NAS
FWA,7,206,-4.35,-5.62,48,31.77,32.06,38,145.37,143.0,DELAY_CARRIER|DELAY_LATE_AIRCRAFT|DELAY_NAS
FWA,8,191,-4.83,-9.4,36,30.83,26.89,32,140.38,142.53,DELAY_CARRIER|DELAY_LATE_AIRCRAFT|DELAY_NAS
FWA,9,244,-5.83,-10.57,29,32.9,32.97,22,168.55,167.27,DELAY_CARRIER|DELAY_LATE_AIRCRAFT|DELAY_NAS
FWA,10,295,-6.01,-13.55,28,28.5,20.36,29,135.24,125.24,DELAY_CARRIER|DELAY_LATE_AIRCRAFT|CANC_WEATHER
FWA,11,289,-5.01,-11.68,32,30.19,21.5,17,220.59,213.59,DELAY_CARRIER|DELAY_NAS|DELAY_LATE_AIRCRAFT
FWA,12,248,-4.57,-9.92,41,31.59,23.98,39,189.18,188.85,DELAY_CARRIER|DELAY_LATE_AIRCRAFT|DELAY_NAS
GCC,1,35,-6.43,-15.83,2,34.5,38.5,3,156.33,160.67,DELAY_NAS|CANC_WEATHER|DELAY_CARRIER
GCC,2,41,-5.61,-16.51,3,21.33,10.0,1,142.0,122.0,DELAY_CARRIER|DELAY_NAS|CANC_WEATHER
GCC,3,45,-8.0,-21.87,1,15.0,1.0,3,176.0,203.0,CANC_WEATHER|DELAY_CARRIER|DELAY_LATE_AIRCRAFT
GCC,4,33,-6.39,-15.45,0,,,2,73.5,83.0,DELAY_LATE_AIRCRAFT|CANC_WEATHER|DELAY_CARRIER
GCC,5,36,-6.69,-11.14,1,42.0,38.0,0,,,DELAY_NAS|DELAY_WEATHER
GCC,6,38,-6.08,-9.66,3,30.67,29.67,2,205.5,210.5,DELAY_CARRIER|DELAY_NAS|DELAY_LATE_AIRCRAFT
GCC,7,43,-7.72,-9.37,1,17.0,8.0,4,203.75,206.25,DELAY_CARRIER|DELAY_LATE_AIRCRAFT|DELAY_NAS
GCC,8,36,-4.64,-8.19,1,16.0,58.0,1,105.0,134.0,DELAY_CARRIER|DELAY_NAS
GCC,9,41,-7.54,-10.29,2,30.5,32.5,1,87.0,83.0,DELAY_LATE_AIRCRAFT|DELAY_CARRIER
GCC,10,35,-5.43,-13.26,1,27.0,30.0,4,294.5,285.0,DELAY_WEATHER|DELAY_CARRIER|CANC_WEATHER
GCC,11,31,-6.65,-10.13,4,24.0,15.0,6,91.17,100.0,DELAY_CARRIER|DELAY_LATE_AIRCRAFT|DELAY_NAS
GCC,12,39,-6.97,-15.36,2,31.0,23.5,4,437.0,430.25,DELAY_CARRIER|DELAY_LATE_AIRCRAFT
GCK,1,31,-5.03,-4.48,4,29.75,48.75,5,340.6,344.8,CANC_WEATHER|DELAY_CARRIER|DELAY_WEATHER
GCK,2,40,-5.58,-10.83,5,29.2,38.0,0,,,DELAY_NAS|DELAY_CARRIER|DELAY_LATE_AIRCRAFT
GCK,3,28,-1.61,-3.5,9,29.22,28.22,5,118.0,118.2,DELAY_LATE_AIRCRAFT|DELAY_NAS|DELAY_CARRIER
GCK,4,30,-3.47,-8.57,6,28.83,37.17,7,230.71,226.86,DELAY_CARRIER|DELAY_LATE_AIRCRAFT|DELAY_NAS
GCK,5,32,-3.78,-6.28,6,27.0,36.67,6,187.0,189.5,DELAY_LATE_AIRCRAFT|DELAY_NAS|DELAY_CARRIER
GCK,6,33,-3.67,0.55,0,,,4,98.25,100.25,DELAY_LATE_AIRCRAFT|DELAY_NAS|CANC_NAS
GCK,7,36,-2.11,0.31,7,30.43,38.43,3,93.33,96.33,DELAY_NAS|DELAY_CARRIER|DELAY_LATE_AIRCRAFT
GCK,8,31,-3.0,-2.61,6,21.67,24.5,5,199.8,203.8,DELAY_LATE_AIRCRAFT|DELAY_CARRIER|DELAY_NAS
GCK,9,43,-4.09,-5.12,3,32.0,24.0,0,,,DELAY_CARRIER|DELAY_LATE_AIRCRAFT|DELAY_WEATHER
GCK,10,38,-6.26,-12.24,1,21.0,9.0,6,157.67,156.33,DELAY_CARRIER|DELAY_NAS|DELAY_LATE_AIRCRAFT
GCK,11,33,-1.42,-2.82,3,30.0,18.67,2,155.5,152.5,DELAY_CARRIER|DELAY_NAS|CANC_WEATHER
GCK,12,36,-2.03,-10.31,5,29.0,35.2,4,212.75,208.0,DELAY_CARRIER|DELAY_LATE_AIRCRAFT|CANC_NAS
GEG,1,700,-3.01,-8.73,110,32.65,29.13,55,200.35,198.2,DELAY_LATE_AIRCRAFT|DELAY_CARRIER|DELAY_NAS
GEG,2,761,-4.23,-9.72,62,32.4,28.74,29,152.93,147.52,DELAY_NAS|DELAY_LATE_AIRCRAFT|DELAY_CARRIER
GEG,3,869,-4.32,-9.07,82,34.23,28.65,34,184.76,172.41,DELAY_LATE_AIRCRAFT|DELAY_NAS|DELAY_CARRIER
GEG,4,933,-4.65,-8.55,71,31.01,24.86,24,113.08,113.58,DELAY_LATE_AIRCRAFT|DELAY_CARRIER|DELAY_NAS
GEG,5,909,-3.72,-8.81,102,29.88,21.47,35,165.46,162.43,DELAY_LATE_AIRCRAFT|DELAY_CARRIER|DELAY_NAS
GEG,6,872,-3.19,-8.63,126,28.64,19.91,56,108.07,100.73,DELAY_LATE_AIRCRAFT|DELAY_CARRIER|DELAY_NAS
GEG,7,890,-2.56,-6.99,138,30.38,23.29,77,194.71,191.26,DELAY_LATE_AIRCRAFT|DELAY_CARRIER|DELAY_NAS
GEG,8,973,-3.44,-5.62,122,30.13,27.47,50,151.68,151.12,DELAY_LATE_AIRCRAFT|DELAY_CARRIER|DELAY_NAS
GEG,9,927,-4.08,-8.02,93,30.39,24.78,30,148.57,143.5,DELAY_LATE_AIRCRAFT|DELAY_NAS|DELAY_CARRIER
GEG,10,925,-4.14,-7.74,57,28.68,22.84,41,151.83,148.2,DELAY_LATE_AIRCRAFT|DELAY_NAS|DELAY_CARRIER
GEG,11,922,-4.27,-8.12,86,29.47,22.6,34,141.0,136.21,DELAY_NAS|DELAY_CARRIER|DELAY_LATE_AIRCRAFT
GEG,12,853,-2.75,-7.58,126,29.33,23.44,51,145.69,142.69,DELAY_CARRIER|DELAY_LATE_AIRCRAFT|DELAY_NAS
GFK,1,75,-4.96,-9.36,7,29.86,25.14,9,123.67,117.44,DELAY_CARRIER|DELAY_LATE_AIRCRAFT|DELAY_NAS
GFK,2,55,-7.44,-19.89,4,39.5,49.5,6,269.5,261.0,DELAY_CARRIER|CANC_WEATHER|DELAY_WEATHER
GFK,3,74,-5.7,-13.16,2,49.5,49.0,3,77.33,70.0,DELAY_CARRIER|DELAY_WEATHER|CANC_WEATHER
GFK,4,68,-8.47,-18.18,1,39.0,36.0,4,101.25,84.75,DELAY_CARRIER|DELAY_WEATHER
GFK,5,73,-7.08,-13.04,6,36.0,28.67,2,79.5,71.0,DELAY_CARRIER|DELAY_WEATHER|DELAY_LATE_AIRCRAFT
GFK,6,54,-5.67,-1.59,9,35.78,44.89,8,166.25,170.75,DELAY_NAS|DELAY_CARRIER|DELAY_WEATHER
GFK,7,47,-6.91,-6.23,7,29.29,31.43,5,125.2,119.6,DELAY_CARRIER|DELAY_WEATHER|DELAY_NAS
GFK,8,65,-6.91,-6.32,9,37.78,49.89,4,147.5,157.0,DELAY_CARRIER|DELAY_NAS|DELAY_WEATHER
GFK,9,59,-8.07,-10.07,9,26.67,17.44,1,642.0,623.0,DELAY_CARRIER|DELAY_NAS
GFK,10,78,-7.77,-17.49,1,52.0,33.0,2,113.0,125.0,DELAY_WEATHER|DELAY_CARRIER|DELAY_NAS
GFK,11,66,-7.36,-13.74,4,31.0,18.25,2,110.5,111.5,DELAY_CARRIER|DELAY_NAS|DELAY_WEATHER
GFK,12,57,-5.75,-16.53,7,39.57,34.43,8,185.88,176.5,DELAY_LATE_AIRCRAFT|DELAY_CARRIER|DELAY_NAS
GGG,1,33,-6.61,-6.97,4,34.0,40.5,6,133.67,142.0,DELAY_CARRIER|DELAY_WEATHER|CANC_WEATHER
GGG,2,30,-8.2,-16.23,1,24.0,19.0,6,185.0,186.17,DELAY_CARRIER|DELAY_LATE_AIRCRAFT
GGG,3,33,-8.12,-10.48,2,32.0,36.0,3,253.33,256.33,DELAY_WEATHER|DELAY_CARRIER|DELAY_LATE_AIRCRAFT
GGG,4,30,-6.07,-9.97,0,,,9,160.11,160.44,DELAY_WEATHER|DELAY_NAS|DELAY_CARRIER
GGG,5,37,-5.35,-3.27,2,29.0,21.5,8,206.88,206.13,DELAY_CARRIER|DELAY_LATE_AIRCRAFT|DELAY_NAS
GGG,6,37,-7.32,-15.19,2,48.0,49.0,3,103.67,67.0,DELAY_LATE_AIRCRAFT|DELAY_CARRIER|DELAY_WEATHER
GGG,7,35,-4.26,-11.46,5,38.0,37.2,5,98.4,86.4,DELAY_LATE_AIRCRAFT|DELAY_NAS|CANC_WEATHER
GGG,8,32,-2.81,0.03,6,37.83,33.5,4,118.25,110.25,DELAY_LATE_AIRCRAFT|DELAY_CARRIER|DELAY_NAS
GGG,9,39,-3.26,-6.77,1,19.0,9.0,5,145.2,135.0,DELAY_CARRIER|DELAY_LATE_AIRCRAFT|DELAY_NAS
GGG,10,40,-6.15,-10.85,8,35.75,32.75,1,214.0,203.0,DELAY_CARRIER|DELAY_NAS
GGG,11,29,-3.97,-5.79,8,36.0,25.75,2,142.5,148.5,DELAY_CARRIER|CANC_WEATHER|DELAY_LATE_AIRCRAFT
GGG,12,29,-4.03,-6.1,2,21.5,10.5,5,122.6,107.4,DELAY_CARRIER|CANC_WEATHER|DELAY_NAS
GJT,1,158,-6.17,-12.03,14,33.57,25.07,13,215.0,205.77,DELAY_CARRIER|DELAY_LATE_AIRCRAFT|DELAY_NAS
GJT,2,171,-6.57,-12.02,11,33.27,31.09,14,169.93,167.93,DELAY_CARRIER|DELAY_LATE_AIRCRAFT|DELAY_NAS
GJT,3,178,-6.48,-7.48,22,33.59,39.36,6,429.5,429.67,DELAY_NAS|DELAY_LATE_AIRCRAFT|DELAY_CARRIER
GJT,4,156,-5.99,-7.26,7,38.0,33.14,9,220.67,224.11,DELAY_NAS|DELAY_CARRIER|DELAY_LATE_AIRCRAFT
GJT,5,157,-5.42,-6.94,17,36.71,29.41,21,127.38,128.71,DELAY_CARRIER|DELAY_LATE_AIRCRAFT|DELAY_NAS
GJT,6,212,-5.83,-7.52,17,38.88,28.41,17,238.59,238.88,DELAY_CARRIER|DELAY_LATE_AIRCRAFT|DELAY_NAS
GJT,7,201,-6.47,-11.39,29,30.24,27.0,19,284.37,281.63,DELAY_LATE_AIRCRAFT|DELAY_CARRIER|DELAY_NAS
GJT,8,185,-6.17,-9.51,23,32.04,29.52,15,236.67,234.6,DELAY_CARRIER|DELAY_LATE_AIRCRAFT|DELAY_NAS
GJT,9,216,-5.95,-10.11,16,29.38,26.06,12,172.83,166.25,DELAY_CARRIER|DELAY_NAS|DELAY_LATE_AIRCRAFT
GJT,10,254,-6.78,-15.04,14,25.93,15.5,14,263.86,250.21,DELAY_CARRIER|DELAY_LATE_AIRCRAFT|DELAY_NAS
GJT,11,199,-4.93,-11.29,20,36.55,28.0,25,156.84,159.6,DELAY_LATE_AIRCRAFT|DELAY_CARRIER|DELAY_NAS
GJT,12,251,-4.82,-10.64,16,32.13,26.44,9,157.67,149.78,DELAY_CARRIER|DELAY_NAS|DELAY_LATE_AIRCRAFT
GNV,1,125,-5.17,-11.82,20,32.65,22.85,7,106.71,102.29,DELAY_LATE_AIRCRAFT|DELAY_CARRIER|CANC_CARRIER
GNV,2,120,-5.58,-13.39,8,42.0,34.0,2,275.5,244.5,DELAY_CARRIER|DELAY_LATE_AIRCRAFT|DELAY_NAS
GNV,3,121,-5.22,-10.06,18,29.78,21.5,8,118.38,110.38,DELAY_LATE_AIRCRAFT|DELAY_CARRIER|DELAY_NAS
GNV,4,153,-6.19,-10.4,9,44.56,37.11,11,207.18,205.91,DELAY_LATE_AIRCRAFT|DELAY_NAS|DELAY_CARRIER
GNV,5,142,-5.38,-8.95,13,28.23,25.38,13,230.85,230.77,DELAY_LATE_AIRCRAFT|DELAY_CARRIER|DELAY_NAS
GNV,6,165,-5.96,-14.19,22,29.68,21.36,14,116.43,110.79,DELAY_LATE_AIRCRAFT|DELAY_CARRIER|DELAY_NAS
GNV,7,128,-6.41,-12.16,26,31.96,26.23,28,158.71,156.07,DELAY_LATE_AIRCRAFT|DELAY_CARRIER|DELAY_NAS
GNV,8,160,-6.58,-10.03,22,29.73,25.5,17,196.88,190.59,DELAY_LATE_AIRCRAFT|DELAY_NAS|CANC_WEATHER
GNV,9,171,-7.64,-15.26,15,30.4,23.93,12,107.17,99.67,DELAY_LATE_AIRCRAFT|CANC_WEATHER|DELAY_CARRIER
GNV,10,185,-7.99,-13.88,4,24.25,17.5,6,149.83,141.67,DELAY_LATE_AIRCRAFT|CANC_WEATHER|DELAY_NAS
GNV,11,145,-7.48,-14.1,18,36.94,28.39,4,118.25,122.0,DELAY_CARRIER|DELAY_LATE_AIRCRAFT|DELAY_NAS
GNV,12,137,-4.84,-9.96,17,21.65,17.88,15,145.8,141.07,DELAY_LATE_AIRCRAFT|DELAY_NAS|DELAY_CARRIER
GPT,1,139,-6.0,-10.24,15,31.13,23.67,11,252.91,268.91,DELAY_LATE_AIRCRAFT|DELAY_WEATHER|DELAY_NAS
GPT,2,158,-7.18,-11.09,9,24.56,24.33,5,357.0,345.0,DELAY_CARRIER|DELAY_LATE_AIRCRAFT|DELAY_NAS
GPT,3,176,-6.58,-10.01,10,30.2,29.1,10,214.0,214.7,DELAY_LATE_AIRCRAFT|DELAY_CARRIER|DELAY_WEATHER
GPT,4,152,-6.35,-8.84,15,31.0,31.07,10,212.8,210.2,DELAY_LATE_AIRCRAFT|DELAY_NAS|DELAY_CARRIER
GPT,5,156,-3.88,-6.4,14,31.43,32.0,20,187.4,187.75,DELAY_LATE_AIRCRAFT|DELAY_NAS|DELAY_CARRIER
GPT,6,160,-7.0,-14.13,35,31.11,24.86,17,224.0,213.47,DELAY_LATE_AIRCRAFT|DELAY_CARRIER|DELAY_NAS
GPT,7,146,-7.66,-10.54,30,37.03,36.93,19,254.11,244.63,DELAY_LATE_AIRCRAFT|DELAY_CARRIER|CANC_CARRIER
GPT,8,174,-8.57,-13.32,14,32.0,27.21,12,140.67,133.0,DELAY_LATE_AIRCRAFT|DELAY_CARRIER|DELAY_NAS
GPT,9,160,-7.66,-8.31,19,32.0,27.74,16,245.38,238.44,DELAY_LATE_AIRCRAFT|DELAY_CARRIER|DELAY_NAS
GPT,10,192,-7.21,-11.48,14,31.21,25.93,3,135.67,133.0,DELAY_LATE_AIRCRAFT|DELAY_CARRIER|DELAY_NAS
GPT,11,168,-7.49,-9.73,9,31.56,25.22,5,278.8,281.4,DELAY_CARRIER|DELAY_LATE_AIRCRAFT|DELAY_NAS
GPT,12,172,-5.8,-7.37,17,30.82,33.24,18,155.39,162.44,DELAY_LATE_AIRCRAFT|DELAY_NAS|DELAY_CARRIER
GRB,1,162,-3.8,-10.46,18,33.78,23.67,44,208.25,200.18,DELAY_CARRIER|DELAY_NAS|DELAY_LATE_AIRCRAFT
GRB,2,220,-6.17,-16.43,8,24.25,17.38,18,239.94,222.22,DELAY_WEATHER|DELAY_CARRIER|DELAY_NAS
GRB,3,230,-5.74,-13.59,20,37.35,32.1,21,147.19,137.05,DELAY_CARRIER|DELAY_LATE_AIRCRAFT|DELAY_WEATHER
GRB,4,243,-5.18,-7.61,16,28.0,26.25,21,226.0,223.24,DELAY_CARRIER|DELAY_LATE_AIRCRAFT|DELAY_NAS
GRB,5,193,-4.89,-9.05,23,34.13,28.7,32,190.56,190.72,DELAY_CARRIER|DELAY_LATE_AIRCRAFT|DELAY_WEATHER
GRB,6,206,-5.57,-6.14,26,29.46,36.27,23,216.04,221.39,DELAY_CARRIER|DELAY_NAS|DELAY_LATE_AIRCRAFT
GRB,7,150,-5.63,-6.65,16,34.19,28.75,20,135.6,135.75,DELAY_CARRIER|DELAY_LATE_AIRCRAFT|DELAY_NAS
GRB,8,225,-5.12,-5.22,36,33.03,31.42,20,121.35,121.3,DELAY_CARRIER|DELAY_NAS|DELAY_LATE_AIRCRAFT
GRB,9,242,-5.52,-10.38,27,29.37,25.7,11,128.27,129.73,DELAY_CARRIER|DELAY_LATE_AIRCRAFT|DELAY_NAS
GRB,10,244,-5.12,-11.84,14,35.57,31.5,9,102.0,89.56,DELAY_CARRIER|DELAY_LATE_AIRCRAFT|DELAY_NAS
GRB,11,172,-4.85,-12.28,22,33.59,25.45,16,158.5,155.06,DELAY_CARRIER|DELAY_WEATHER|DELAY_NAS
GRB,12,141,-4.51,-10.16,21,31.43,25.48,26,218.42,208.65,DELAY_CARRIER|DELAY_WEATHER|DELAY_LATE_AIRCRAFT
GRI,1,39,-5.08,-5.46,8,26.0,33.75,10,160.9,165.9,DELAY_CARRIER|DELAY_NAS|CANC_WEATHER
GRI,2,46,-6.98,-17.43,4,42.0,37.75,1,410.0,408.0,DELAY_LATE_AIRCRAFT|DELAY_CARRIER|DELAY_WEATHER
GRI,3,54,-6.28,-19.43,3,38.33,31.67,4,133.25,155.0,DELAY_NAS|DELAY_LATE_AIRCRAFT|DELAY_WEATHER
GRI,4,38,-5.42,-11.95,3,27.33,25.0,6,260.67,273.67,DELAY_CARRIER|CANC_WEATHER|DELAY_LATE_AIRCRAFT
GRI,5,41,-2.71,-8.9,6,32.33,26.83,3,275.33,263.33,DELAY_CARRIER|CANC_WEATHER|DELAY_WEATHER
GRI,6,42,-5.93,-10.71,3,29.33,16.67,9,141.22,138.33,DELAY_CARRIER|DELAY_LATE_AIRCRAFT|CANC_NAS
GRI,7,49,-7.51,-2.92,7,29.43,26.71,1,172.0,164.0,DELAY_CARRIER|DELAY_NAS|DELAY_LATE_AIRCRAFT
GRI,8,39,-5.9,-8.41,9,29.56,28.0,3,149.33,151.67,DELAY_CARRIER|DELAY_LATE_AIRCRAFT|DELAY_SECURITY
GRI,9,45,-4.42,-1.53,8,32.75,36.5,6,210.67,205.67,DELAY_CARRIER|DELAY_WEATHER|DELAY_NAS
GRI,10,44,-3.89,-9.34,5,34.8,30.4,4,178.25,183.25,DELAY_LATE_AIRCRAFT|DELAY_CARRIER
GRI,11,39,-3.69,-5.33,4,33.5,43.0,10,245.3,237.5,DELAY_CARRIER|DELAY_NAS|CANC_WEATHER
GRI,12,33,-4.61,-12.73,13,28.85,27.92,11,188.27,182.45,DELAY_CARRIER|DELAY_NAS|CANC_WEATHER
GRK,1,64,-5.02,-6.56,13,31.92,38.85,10,132.1,129.2,DELAY_CARRIER|CANC_WEATHER|DELAY_LATE_AIRCRAFT
GRK,2,73,-4.81,-7.07,5,21.8,21.0,2,89.0,86.5,DELAY_CARRIER|DELAY_LATE_AIRCRAFT|DELAY_WEATHER
GRK,3,66,-4.27,-7.61,9,28.22,35.44,7,85.71,78.14,DELAY_LATE_AIRCRAFT|DELAY_NAS|DELAY_CARRIER
GRK,4,86,-4.88,-8.35,7,38.57,44.43,12,242.25,247.25,DELAY_LATE_AIRCRAFT|DELAY_NAS|DELAY_WEATHER
GRK,5,74,-4.27,-6.62,13,34.77,32.23,13,154.62,159.92,DELAY_LATE_AIRCRAFT|DELAY_WEATHER|DELAY_CARRIER
GRK,6,71,-2.62,-4.08,23,33.22,33.78,16,149.56,142.5,DELAY_LATE_AIRCRAFT|DELAY_CARRIER|DELAY_NAS
GRK,7,75,-3.99,-7.31,23,36.87,32.17,18,148.39,145.11,DELAY_LATE_AIRCRAFT|DELAY_CARRIER|DELAY_NAS
GRK,8,89,-4.52,-7.81,13,32.69,31.31,6,133.33,126.5,DELAY_LATE_AIRCRAFT|DELAY_CARRIER
GRK,9,89,-3.39,-5.18,11,34.64,33.64,6,130.33,126.0,DELAY_CARRIER|DELAY_LATE_AIRCRAFT|DELAY_NAS
GRK,10,100,-5.27,-7.8,9,30.22,20.44,4,106.25,103.75,DELAY_CARRIER|DELAY_LATE_AIRCRAFT|DELAY_NAS
GRK,11,94,-5.23,-11.26,13,29.62,29.38,8,105.63,99.0,DELAY_LATE_AIRCRAFT|DELAY_CARRIER|CANC_WEATHER
GRK,12,96,-4.4,-5.16,10,32.8,31.2,4,155.5,152.75,DELAY_LATE_AIRCRAFT|DELAY_NAS|CANC_WEATHER
GRR,1,787,-4.18,-8.72,132,31.98,31.83,121,192.19,200.79,DELAY_NAS|DELAY_LATE_AIRCRAFT|DELAY_CARRIER
GRR,2,917,-5.83,-18.03,70,30.21,20.44,51,189.63,183.9,DELAY_LATE_AIRCRAFT|DELAY_NAS|DELAY_CARRIER
GRR,3,975,-5.94,-12.22,120,31.31,27.43,80,186.9,188.86,DELAY_NAS|DELAY_LATE_AIRCRAFT|DELAY_CARRIER
GRR,4,957,-6.62,-14.12,83,33.64,25.77,49,161.2,155.71,DELAY_LATE_AIRCRAFT|DELAY_CARRIER|DELAY_NAS
GRR,5,834,-4.96,-10.43,93,31.99,29.59,79,157.46,158.29,DELAY_LATE_AIRCRAFT|DELAY_NAS|DELAY_CARRIER
GRR,6,818,-4.08,-8.49,149,31.38,27.59,82,160.74,159.23,DELAY_LATE_AIRCRAFT|DELAY_NAS|DELAY_CARRIER
GRR,7,787,-3.98,-6.91,127,33.96,33.99,107,145.07,144.1,DELAY_LATE_AIRCRAFT|DELAY_NAS|DELAY_CARRIER
GRR,8,776,-4.07,-8.15,145,31.45,30.12,70,155.99,159.5,DELAY_LATE_AIRCRAFT|DELAY_CARRIER|DELAY_NAS
GRR,9,918,-4.5,-9.47,81,30.32,26.88,30,148.07,144.07,DELAY_NAS|DELAY_CARRIER|DELAY_LATE_AIRCRAFT
GRR,10,880,-4.88,-11.48,69,28.19,21.96,37,187.46,181.59,DELAY_CARRIER|DELAY_LATE_AIRCRAFT|DELAY_NAS
GRR,11,848,-5.77,-10.05,95,30.58,30.62,52,174.1,177.83,DELAY_NAS|DELAY_LATE_AIRCRAFT|DELAY_CARRIER
GRR,12,904,-4.61,-9.26,133,30.82,29.32,86,159.34,158.03,DELAY_NAS|DELAY_LATE_AIRCRAFT|DELAY_CARRIER
GSO,1,538,-5.56,-12.27,40,34.28,33.03,52,174.15,167.15,DELAY_LATE_AIRCRAFT|DELAY_CARRIER|DELAY_NAS
GSO,2,582,-6.45,-14.41,32,30.5,23.06,23,141.13,133.61,DELAY_LATE_AIRCRAFT|DELAY_CARRIER|DELAY_NAS
GSO,3,618,-5.52,-11.86,35,29.49,24.49,28,135.29,135.39,DELAY_LATE_AIRCRAFT|DELAY_NAS|DELAY_CARRIER
GSO,4,589,-5.05,-7.53,33,29.97,29.24,29,169.66,169.24,DELAY_NAS|DELAY_LATE_AIRCRAFT|DELAY_CARRIER
GSO,5,569,-4.97,-8.18,70,36.1,31.93,54,166.37,167.28,DELAY_LATE_AIRCRAFT|DELAY_CARRIER|DELAY_NAS
GSO,6,575,-5.06,-10.97,59,31.73,27.36,55,172.33,172.25,DELAY_LATE_AIRCRAFT|DELAY_NAS|DELAY_CARRIER
GSO,7,504,-4.12,-7.18,101,35.48,36.43,92,162.84,167.53,DELAY_LATE_AIRCRAFT|DELAY_CARRIER|DELAY_NAS
GSO,8,599,-5.19,-8.87,56,31.96,31.59,75,209.87,208.93,DELAY_LATE_AIRCRAFT|DELAY_NAS|DELAY_CARRIER
GSO,9,625,-4.92,-9.82,59,32.22,26.03,30,158.13,160.13,DELAY_LATE_AIRCRAFT|DELAY_NAS|DELAY_CARRIER
GSO,10,714,-5.14,-10.17,48,29.21,20.17,23,149.52,142.48,DELAY_NAS|DELAY_LATE_AIRCRAFT|DELAY_CARRIER
GSO,11,604,-4.31,-7.53,34,32.94,31.47,23,211.91,214.17,DELAY_NAS|DELAY_CARRIER|DELAY_LATE_AIRCRAFT
GSO,12,512,-2.88,-6.62,70,30.9,24.84,49,140.69,135.45,DELAY_NAS|DELAY_LATE_AIRCRAFT|DELAY_CARRIER
GSP,1,679,-4.32,-10.49,93,33.0,25.78,70,148.86,141.71,DELAY_LATE_AIRCRAFT|DELAY_CARRIER|DELAY_NAS
GSP,2,742,-5.18,-11.18,49,29.71,21.55,32,167.13,158.53,DELAY_CARRIER|DELAY_LATE_AIRCRAFT|DELAY_NAS
GSP,3,773,-4.91,-10.71,68,30.44,23.99,35,167.51,162.51,DELAY_LATE_AIRCRAFT|DELAY_NAS|DELAY_CARRIER
GSP,4,828,-4.52,-8.94,87,29.3,26.84,38,146.47,145.24,DELAY_LATE_AIRCRAFT|DELAY_NAS|DELAY_CARRIER
GSP,5,773,-3.21,-8.59,124,31.92,26.81,105,143.56,140.57,DELAY_LATE_AIRCRAFT|DELAY_NAS|DELAY_CARRIER
GSP,6,838,-3.97,-8.79,88,29.98,24.99,63,180.19,177.7,DELAY_LATE_AIRCRAFT|DELAY_NAS|DELAY_CARRIER
GSP,7,758,-3.87,-8.43,119,35.27,35.44,133,150.8,148.79,DELAY_LATE_AIRCRAFT|DELAY_NAS|DELAY_CARRIER
GSP,8,833,-4.65,-9.12,106,33.22,30.27,80,162.38,160.98,DELAY_LATE_AIRCRAFT|DELAY_NAS|DELAY_CARRIER
GSP,9,809,-4.64,-9.94,71,32.01,25.77,57,168.65,164.44,DELAY_LATE_AIRCRAFT|DELAY_NAS|DELAY_CARRIER
GSP,10,951,-5.1,-9.62,68,29.44,22.44,36,155.08,152.25,DELAY_NAS|DELAY_LATE_AIRCRAFT|DELAY_CARRIER
GSP,11,853,-4.55,-9.23,63,29.51,24.33,21,131.52,123.71,DELAY_NAS|DELAY_LATE_AIRCRAFT|DELAY_CARRIER
GSP,12,750,-3.47,-9.47,122,31.49,23.5,60,152.55,145.97,DELAY_LATE_AIRCRAFT|DELAY_CARRIER|DELAY_NAS
GST,6,22,-13.23,-14.86,0,,,0,,,N/D
GST,7,15,0.8,-2.33,1,16.0,9.0,2,142.5,145.0,CANC_WEATHER|DELAY_LATE_AIRCRAFT|DELAY_SECURITY
GST,8,15,-9.47,-13.6,3,24.67,15.67,0,,,CANC_WEATHER|DELAY_CARRIER
GTF,1,131,-5.95,-11.49,11,33.0,19.27,15,192.67,199.33,DELAY_CARRIER|DELAY_LATE_AIRCRAFT|DELAY_WEATHER
GTF,2,118,-5.02,-8.49,7,35.14,34.43,9,271.89,270.11,DELAY_CARRIER|DELAY_WEATHER|DELAY_NAS
GTF,3,134,-5.36,-9.91,9,37.89,33.67,4,140.5,142.25,DELAY_CARRIER|DELAY_LATE_AIRCRAFT|CANC_WEATHER
GTF,4,133,-4.95,-10.87,9,37.67,28.22,5,310.4,307.0,DELAY_CARRIER|DELAY_LATE_AIRCRAFT|DELAY_NAS
GTF,5,132,-5.96,-11.54,8,38.25,30.88,3,147.0,142.33,DELAY_CARRIER|DELAY_NAS|DELAY_LATE_AIRCRAFT
GTF,6,109,-4.86,-11.2,10,34.4,27.7,4,124.75,120.5,DELAY_CARRIER|DELAY_LATE_AIRCRAFT|DELAY_NAS
GTF,7,125,-4.94,-11.45,6,27.0,13.5,3,212.67,201.33,DELAY_CARRIER|CANC_CARRIER|DELAY_LATE_AIRCRAFT
GTF,8,114,-5.49,-10.36,6,32.83,31.0,3,128.67,142.0,DELAY_NAS|DELAY_CARRIER|DELAY_LATE_AIRCRAFT
GTF,9,122,-5.12,-13.64,5,35.2,24.4,3,123.67,109.67,DELAY_CARRIER|DELAY_LATE_AIRCRAFT|DELAY_NAS
GTF,10,127,-4.8,-11.64,6,28.0,20.33,7,153.14,137.14,DELAY_CARRIER|DELAY_LATE_AIRCRAFT|DELAY_NAS
GTF,11,118,-5.05,-5.7,9,34.89,41.11,4,88.25,87.75,DELAY_CARRIER|DELAY_NAS|CANC_WEATHER
GTF,12,122,-5.37,-14.56,8,31.88,25.13,7,252.29,250.0,DELAY_LATE_AIRCRAFT|DELAY_CARRIER|DELAY_NAS
GTR,1,31,-4.87,-18.9,2,32.0,32.0,5,169.0,174.2,DELAY_LATE_AIRCRAFT|CANC_NAS|CANC_WEATHER
GTR,2,41,-5.44,-17.02,2,25.0,6.0,0,,,N/D
GTR,3,38,-5.11,-15.21,2,15.0,-2.5,1,384.0,381.0,DELAY_CARRIER
GTR,4,40,-6.03,-13.5,3,37.67,28.33,1,78.0,70.0,DELAY_LATE_AIRCRAFT|DELAY_CARRIER|DELAY_WEATHER
GTR,5,41,-2.85,-7.2,2,48.0,46.5,1,165.0,171.0,DELAY_LATE_AIRCRAFT
GTR,6,36,-6.08,-12.5,2,37.5,30.5,1,126.0,127.0,DELAY_LATE_AIRCRAFT|DELAY_CARRIER|DELAY_NAS
GTR,7,30,-5.0,-9.07,5,28.6,23.2,4,154.75,143.0,DELAY_LATE_AIRCRAFT|DELAY_NAS|DELAY_WEATHER
GTR,8,36,-7.03,-17.72,0,,,0,,,N/D
GTR,9,38,-5.5,-11.24,1,23.0,13.0,1,64.0,50.0,DELAY_NAS|DELAY_CARRIER
GTR,10,40,-7.18,-12.4,0,,,0,,,DELAY_NAS
GTR,11,42,-6.07,-13.55,1,39.0,54.0,1,292.0,285.0,DELAY_CARRIER|DELAY_LATE_AIRCRAFT|DELAY_NAS
GTR,12,33,-5.39,-11.03,1,29.0,7.0,1,128.0,124.0,DELAY_NAS|DELAY_CARRIER
GUC,1,49,-6.41,-5.84,7,30.86,23.57,12,178.67,186.0,DELAY_LATE_AIRCRAFT|CANC_WEATHER|DELAY_CARRIER
GUC,2,55,-5.51,-12.0,2,37.0,40.5,5,108.8,102.8,DELAY_CARRIER|DELAY_LATE_AIRCRAFT|DELAY_NAS
GUC,3,60,-7.1,-11.3,4,40.5,23.75,9,152.78,154.0,DELAY_CARRIER|DELAY_LATE_AIRCRAFT|DELAY_NAS
GUC,4,26,-8.0,-14.62,2,24.0,6.5,0,,,N/D
GUC,5,29,-7.59,-11.21,0,,,4,117.0,116.0,DELAY_CARRIER|DELAY_NAS|DELAY_WEATHER
GUC,6,32,-7.78,-7.0,10,36.1,31.3,3,127.0,121.0,DELAY_CARRIER|DELAY_LATE_AIRCRAFT|DELAY_NAS
GUC,7,39,-6.21,-12.56,3,32.0,22.67,3,115.67,104.0,DELAY_CARRIER|DELAY_NAS
GUC,8,45,-6.67,-19.49,4,42.75,24.5,5,156.6,156.6,DELAY_CARRIER|DELAY_LATE_AIRCRAFT
GUC,9,43,-7.86,-25.37,0,,,1,63.0,57.0,DELAY_CARRIER|DELAY_NAS
GUC,10,37,-8.89,-23.0,1,22.0,20.0,2,94.5,90.5,DELAY_CARRIER|DELAY_LATE_AIRCRAFT|DELAY_WEATHER
GUC,11,36,-6.33,-19.94,3,46.0,43.33,2,185.5,197.5,DELAY_CARRIER|CANC_WEATHER|CANC_NAS
GUC,12,55,-7.2,-20.13,2,37.0,10.5,6,318.33,313.5,DELAY_LATE_AIRCRAFT|CANC_WEATHER|DELAY_CARRIER
GUM,1,42,-5.98,-19.76,2,17.0,-8.5,0,,,N/D
GUM,2,35,-4.17,-22.23,2,28.5,12.5,0,,,DELAY_CARRIER
GUM,3,42,-4.17,-18.07,0,,,0,,,N/D
GUM,4,37,-7.59,-20.41,6,17.83,-10.33,0,,,N/D
GUM,5,38,-2.55,-16.53,2,20.0,4.0,0,,,N/D
GUM,6,33,-1.12,-7.55,4,20.5,17.5,2,110.0,91.5,DELAY_CARRIER
GUM,7,40,-1.75,-12.28,6,28.0,10.83,0,,,DELAY_CARRIER
GUM,8,35,-1.29,-7.14,4,37.5,35.75,3,91.67,80.67,DELAY_CARRIER
GUM,9,33,-6.52,-16.36,2,44.5,16.0,2,130.0,109.5,DELAY_CARRIER|CANC_NAS
GUM,10,43,-7.42,-18.58,1,27.0,37.0,0,,,DELAY_CARRIER
GUM,11,39,-3.97,-8.51,1,33.0,23.0,1,112.0,111.0,DELAY_CARRIER
GUM,12,36,-3.42,-10.22,1,17.0,-9.0,1,95.0,82.0,DELAY_NAS
HDN,1,218,-3.5,-8.92,42,32.83,29.98,22,195.82,191.36,DELAY_LATE_AIRCRAFT|DELAY_NAS|DELAY_CARRIER
HDN,2,213,-4.01,-10.11,57,31.93,32.82,19,129.21,132.16,DELAY_LATE_AIRCRAFT|DELAY_NAS|DELAY_CARRIER
HDN,3,236,-5.81,-11.28,44,30.57,30.02,26,301.19,309.54,DELAY_NAS|DELAY_LATE_AIRCRAFT|DELAY_CARRIER
HDN,4,72,-3.69,-7.38,6,36.5,26.0,2,99.5,93.0,DELAY_LATE_AIRCRAFT|DELAY_CARRIER|DELAY_NAS
HDN,5,68,-6.93,-13.59,6,24.17,18.67,4,128.25,151.75,DELAY_NAS|DELAY_LATE_AIRCRAFT|DELAY_WEATHER
HDN,6,63,-4.21,-7.06,10,29.5,19.0,7,99.71,94.57,DELAY_CARRIER|DELAY_LATE_AIRCRAFT|DELAY_NAS
HDN,7,70,-3.19,-12.71,14,35.86,22.14,7,172.43,163.57,DELAY_CARRIER|DELAY_LATE_AIRCRAFT|DELAY_NAS
HDN,8,74,-1.74,-9.58,16,34.13,27.44,6,199.5,186.67,DELAY_CARRIER|DELAY_NAS|DELAY_LATE_AIRCRAFT
HDN,9,70,-6.21,-14.57,4,22.25,7.25,4,109.5,98.5,DELAY_CARRIER|DELAY_LATE_AIRCRAFT|DELAY_NAS
HDN,10,71,-5.86,-18.0,1,53.0,39.0,1,64.0,44.0,DELAY_CARRIER|DELAY_LATE_AIRCRAFT
HDN,11,71,-4.44,-15.56,7,39.29,27.86,8,144.38,157.38,DELAY_LATE_AIRCRAFT|DELAY_CARRIER|DELAY_NAS
HDN,12,134,-4.95,-13.55,36,33.89,26.06,20,190.25,191.2,DELAY_LATE_AIRCRAFT|DELAY_NAS|DELAY_CARRIER
HGR,1,9,-9.33,-18.78,3,26.0,37.33,1,112.0,107.0,DELAY_CARRIER|DELAY_NAS
HGR,2,10,-4.5,-9.0,1,23.0,20.0,0,,,DELAY_CARRIER
HGR,3,7,-1.0,-2.43,4,40.0,45.5,1,87.0,82.0,DELAY_LATE_AIRCRAFT|DELAY_NAS
HGR,4,3,-6.67,-22.67,7,32.57,23.43,1,129.0,131.0,DELAY_LATE_AIRCRAFT|DELAY_CARRIER|CANC_CARRIER
HGR,5,9,-8.67,-11.22,4,24.5,25.0,2,103.5,123.5,DELAY_LATE_AIRCRAFT|DELAY_NAS
HGR,6,11,-11.45,-13.55,10,37.9,32.3,2,102.0,96.0,DELAY_LATE_AIRCRAFT|DELAY_CARRIER|DELAY_WEATHER
HGR,7,15,-9.93,-11.6,13,31.46,25.15,5,459.6,461.2,DELAY_LATE_AIRCRAFT|CANC_CARRIER|DELAY_CARRIER
HGR,8,15,-9.07,-5.87,5,27.2,20.6,1,90.0,128.0,DELAY_LATE_AIRCRAFT|CANC_WEATHER|DELAY_NAS
HGR,9,12,-7.42,-5.17,0,,,0,,,N/D
HGR,10,14,-8.71,-11.57,2,22.5,18.0,3,172.33,169.0,DELAY_LATE_AIRCRAFT|CANC_WEATHER|DELAY_CARRIER
HGR,11,10,-9.3,-17.4,2,39.0,35.5,3,390.67,388.0,DELAY_LATE_AIRCRAFT|DELAY_CARRIER
HGR,12,6,1.83,-5.83,3,37.33,26.33,5,354.2,343.4,DELAY_LATE_AIRCRAFT|DELAY_CARRIER|CANC_WEATHER
HHH,1,35,-5.6,-11.29,3,46.67,47.67,3,101.0,100.33,DELAY_LATE_AIRCRAFT|CANC_WEATHER|DELAY_NAS
HHH,2,42,-6.98,-10.31,4,25.25,25.5,1,74.0,74.0,DELAY_LATE_AIRCRAFT|CANC_WEATHER|DELAY_NAS
HHH,3,57,-4.63,-5.67,7,39.86,34.86,3,112.67,103.0,DELAY_LATE_AIRCRAFT|DELAY_NAS
HHH,4,90,-4.21,-5.5,14,26.21,18.43,4,152.0,137.0,DELAY_LATE_AIRCRAFT|DELAY_NAS|CANC_WEATHER
HHH,5,87,-3.6,-7.51,34,30.56,27.47,29,157.83,155.03,DELAY_LATE_AIRCRAFT|DELAY_CARRIER|DELAY_NAS
HHH,6,134,-4.95,-9.66,20,30.3,25.4,12,120.67,109.92,DELAY_LATE_AIRCRAFT|DELAY_NAS|DELAY_CARRIER
HHH,7,128,-5.22,-10.23,21,30.52,30.76,18,195.06,199.72,DELAY_LATE_AIRCRAFT|DELAY_NAS|DELAY_CARRIER
HHH,8,111,-4.54,-10.0,15,31.0,22.27,5,286.6,310.2,DELAY_LATE_AIRCRAFT|DELAY_NAS|CANC_WEATHER
HHH,9,100,-4.91,-6.8,8,29.25,30.13,15,131.2,132.73,DELAY_LATE_AIRCRAFT|DELAY_NAS|DELAY_CARRIER
HHH,10,105,-6.84,-5.56,14,32.43,32.57,6,95.83,89.83,DELAY_LATE_AIRCRAFT|DELAY_NAS|DELAY_CARRIER
HHH,11,57,-3.4,-1.56,7,37.71,31.57,0,,,DELAY_NAS|DELAY_LATE_AIRCRAFT|DELAY_CARRIER
HHH,12,43,-4.14,-3.09,11,34.36,34.27,2,84.0,75.5,DELAY_LATE_AIRCRAFT|DELAY_NAS|CANC_WEATHER
HIB,1,29,-7.24,-13.41,1,26.0,0.0,4,104.25,91.25,DELAY_CARRIER|DELAY_WEATHER
HIB,2,31,-7.81,-10.61,4,33.0,20.25,2,262.0,287.0,DELAY_CARRIER|DELAY_WEATHER|CANC_WEATHER
HIB,3,34,-9.79,-22.26,0,,,4,79.25,72.5,DELAY_CARRIER|DELAY_NAS
HIB,4,28,-8.86,-23.21,4,38.75,23.0,0,,,DELAY_CARRIER|DELAY_WEATHER
HIB,5,32,-9.69,-20.78,2,37.5,23.0,1,294.0,290.0,DELAY_CARRIER|DELAY_WEATHER
HIB,6,30,-6.07,-2.2,2,31.0,37.5,4,122.5,128.5,DELAY_CARRIER|DELAY_WEATHER|DELAY_NAS
HIB,7,38,-6.76,-3.24,5,30.8,34.0,1,68.0,71.0,DELAY_CARRIER|DELAY_NAS|DELAY_WEATHER
HIB,8,37,-7.57,-3.81,2,53.0,81.0,3,419.33,427.33,DELAY_CARRIER|DELAY_NAS
HIB,9,38,-7.68,-15.11,0,,,2,140.0,144.0,DELAY_CARRIER
HIB,10,31,-10.32,-21.65,1,57.0,40.0,2,103.0,90.5,DELAY_CARRIER
HIB,11,40,-10.78,-24.15,2,37.0,17.5,0,,,DELAY_CARRIER|DELAY_WEATHER
HIB,12,24,-7.58,-12.21,7,30.0,10.29,7,129.14,118.0,DELAY_CARRIER|DELAY_WEATHER|CANC_CARRIER
HLN,1,74,-4.08,-5.19,13,29.69,30.62,11,204.64,210.64,DELAY_CARRIER|DELAY_WEATHER|DELAY_NAS
HLN,2,87,-5.1,-3.76,6,34.83,41.33,5,181.4,169.6,DELAY_CARRIER|DELAY_NAS|DELAY_LATE_AIRCRAFT
HLN,3,82,-5.32,-5.45,2,15.5,27.5,4,172.25,175.0,DELAY_CARRIER|DELAY_NAS|DELAY_LATE_AIRCRAFT
HLN,4,74,-6.28,-15.91,5,25.0,9.2,4,269.0,263.5,DELAY_CARRIER|DELAY_WEATHER|DELAY_LATE_AIRCRAFT
HLN,5,74,-6.04,-13.24,3,21.67,11.0,7,205.0,203.29,DELAY_CARRIER|DELAY_NAS|DELAY_LATE_AIRCRAFT
HLN,6,69,-6.03,-11.32,6,28.67,33.83,7,298.0,295.14,DELAY_CARRIER|DELAY_NAS|DELAY_LATE_AIRCRAFT
HLN,7,73,-5.92,-10.56,1,39.0,35.0,7,225.86,222.86,DELAY_CARRIER|DELAY_LATE_AIRCRAFT|DELAY_NAS
HLN,8,82,-5.54,-8.73,6,29.5,33.5,5,538.4,532.0,DELAY_CARRIER|DELAY_NAS|DELAY_LATE_AIRCRAFT
HLN,9,74,-6.84,-15.04,3,39.0,39.67,6,139.67,144.5,DELAY_CARRIER|DELAY_WEATHER|DELAY_LATE_AIRCRAFT
HLN,10,90,-5.96,-10.19,2,25.0,16.5,3,473.33,460.33,DELAY_CARRIER|DELAY_LATE_AIRCRAFT
HLN,11,77,-4.19,-11.34,5,32.2,31.2,3,369.0,382.67,DELAY_CARRIER|DELAY_NAS|DELAY_LATE_AIRCRAFT
HLN,12,84,-6.4,-18.69,4,31.5,19.5,4,239.0,235.75,DELAY_CARRIER|DELAY_WEATHER
HNL,1,2701,-0.69,-8.37,600,29.97,20.61,193,119.58,105.8,DELAY_LATE_AIRCRAFT|DELAY_CARRIER|CANC_CARRIER
HNL,2,2736,-1.16,-8.76,397,28.31,15.79,144,138.94,119.26,DELAY_CARRIER|DELAY_LATE_AIRCRAFT|DELAY_NAS
HNL,3,3240,-1.47,-6.16,338,26.78,21.59,63,122.48,111.62,DELAY_CARRIER|DELAY_LATE_AIRCRAFT|DELAY_NAS
HNL,4,3105,-1.54,-5.61,336,28.5,22.84,111,133.24,124.75,DELAY_CARRIER|DELAY_LATE_AIRCRAFT|DELAY_NAS
HNL,5,3023,-1.21,-3.56,404,30.08,28.79,145,125.59,124.17,DELAY_CARRIER|DELAY_LATE_AIRCRAFT|CANC_CARRIER
HNL,6,3122,-1.52,-4.0,410,27.78,25.05,105,115.57,110.67,DELAY_CARRIER|DELAY_LATE_AIRCRAFT|DELAY_NAS
HNL,7,3231,-1.24,-3.35,458,28.17,25.62,138,122.3,118.62,DELAY_CARRIER|DELAY_LATE_AIRCRAFT|DELAY_NAS
HNL,8,3227,-1.66,-7.59,321,29.29,20.51,97,154.7,141.95,DELAY_CARRIER|DELAY_LATE_AIRCRAFT|CANC_CARRIER
HNL,9,3084,-2.58,-6.43,224,28.34,21.61,52,150.54,144.9,DELAY_CARRIER|DELAY_LATE_AIRCRAFT|DELAY_NAS
HNL,10,3070,-1.71,-5.73,323,28.75,22.35,87,119.9,110.28,DELAY_CARRIER|DELAY_LATE_AIRCRAFT|DELAY_NAS
HNL,11,3134,-2.72,-6.29,247,28.71,22.04,82,124.7,114.63,DELAY_CARRIER|DELAY_LATE_AIRCRAFT|DELAY_NAS
HNL,12,3163,-1.91,-5.32,387,28.91,23.01,99,135.2,127.14,DELAY_CARRIER|DELAY_LATE_AIRCRAFT|DELAY_NAS
HOB,5,5,-4.0,-11.6,3,21.33,35.0,3,204.33,193.33,DELAY_CARRIER|DELAY_LATE_AIRCRAFT|DELAY_NAS
HOB,6,30,-6.53,-9.33,4,40.0,34.75,9,202.33,205.22,DELAY_CARRIER|CANC_WEATHER|DELAY_WEATHER
HOB,7,34,-4.32,-7.71,3,37.33,33.33,5,103.0,107.8,DELAY_CARRIER|CANC_WEATHER|DELAY_LATE_AIRCRAFT
HOB,8,27,-6.78,-13.93,8,29.88,32.0,4,288.0,270.75,DELAY_CARRIER|DELAY_NAS
HOB,9,37,-5.05,-13.68,2,36.0,29.5,1,862.0,840.0,DELAY_CARRIER|DELAY_LATE_AIRCRAFT
HOB,10,37,-4.65,-14.22,2,40.5,26.5,2,473.5,458.0,DELAY_CARRIER|DELAY_LATE_AIRCRAFT
HOB,11,27,-5.52,-17.41,7,28.86,13.29,5,182.4,177.0,DELAY_CARRIER|CANC_WEATHER|DELAY_LATE_AIRCRAFT
HOB,12,36,-3.39,-10.14,7,34.14,20.14,4,152.5,140.0,DELAY_CARRIER|DELAY_NAS
HOU,1,2384,-0.53,-6.55,596,29.36,26.45,225,126.18,131.82,DELAY_LATE_AIRCRAFT|DELAY_CARRIER|DELAY_NAS
HOU,2,2589,-1.4,-6.27,329,27.68,22.33,59,108.78,103.08,DELAY_CARRIER|DELAY_LATE_AIRCRAFT|DELAY_NAS
HOU,3,2667,-0.93,-8.85,565,29.42,22.38,188,121.29,115.73,DELAY_LATE_AIRCRAFT|DELAY_CARRIER|DELAY_NAS
HOU,4,2607,-0.93,-10.54,572,30.09,21.84,183,137.7,132.98,DELAY_LATE_AIRCRAFT|DELAY_CARRIER|DELAY_NAS
HOU,5,2138,0.34,-7.67,802,31.8,26.2,474,154.78,149.89,DELAY_LATE_AIRCRAFT|DELAY_CARRIER|DELAY_NAS
HOU,6,2339,0.58,-7.59,805,30.74,23.34,310,129.12,122.45,DELAY_LATE_AIRCRAFT|DELAY_CARRIER|DELAY_NAS
HOU,7,2074,0.72,-7.77,935,30.99,23.71,479,132.8,126.75,DELAY_LATE_AIRCRAFT|DELAY_CARRIER|CANC_WEATHER
HOU,8,2613,-1.42,-12.05,497,29.81,18.72,151,123.81,113.91,DELAY_LATE_AIRCRAFT|DELAY_CARRIER|DELAY_NAS
HOU,9,2656,-1.48,-11.81,385,29.42,18.83,59,98.34,88.8,DELAY_LATE_AIRCRAFT|DELAY_CARRIER|DELAY_NAS
HOU,10,2822,-1.45,-12.55,408,29.96,19.83,116,120.69,115.49,DELAY_LATE_AIRCRAFT|DELAY_CARRIER|DELAY_NAS
HOU,11,2730,-1.76,-8.82,349,29.48,22.87,94,109.07,107.45,DELAY_LATE_AIRCRAFT|DELAY_CARRIER|DELAY_NAS
HOU,12,2411,-0.87,-7.45,523,30.37,24.66,245,140.15,142.4,DELAY_LATE_AIRCRAFT|DELAY_CARRIER|DELAY_NAS
HPN,1,527,-4.4,-7.89,105,34.07,34.57,80,177.63,176.9,DELAY_LATE_AIRCRAFT|DELAY_NAS|DELAY_CARRIER
HPN,2,597,-4.77,-16.39,78,31.91,25.94,37,178.38,174.24,DELAY_CARRIER|DELAY_LATE_AIRCRAFT|DELAY_NAS
HPN,3,635,-4.53,-12.58,94,31.32,25.51,47,176.55,171.64,DELAY_LATE_AIRCRAFT|DELAY_NAS|DELAY_CARRIER
HPN,4,595,-4.96,-12.79,57,32.98,33.18,64,202.03,205.16,DELAY_LATE_AIRCRAFT|DELAY_CARRIER|DELAY_NAS
HPN,5,579,-5.52,-11.7,82,33.13,27.62,51,153.14,156.82,DELAY_LATE_AIRCRAFT|DELAY_NAS|DELAY_CARRIER
HPN,6,560,-5.76,-13.17,63,32.35,29.73,45,203.49,202.04,DELAY_CARRIER|DELAY_LATE_AIRCRAFT|DELAY_NAS
HPN,7,548,-4.52,-6.89,84,34.18,33.43,93,183.06,185.56,DELAY_LATE_AIRCRAFT|DELAY_CARRIER|DELAY_NAS
HPN,8,536,-5.59,-10.58,96,30.92,32.49,78,175.72,181.09,DELAY_LATE_AIRCRAFT|DELAY_CARRIER|DELAY_NAS
HPN,9,608,-7.75,-12.12,42,33.36,29.71,45,172.18,168.13,DELAY_CARRIER|DELAY_LATE_AIRCRAFT|DELAY_NAS
HPN,10,595,-6.4,-15.2,44,34.11,25.77,31,155.16,147.71,DELAY_CARRIER|DELAY_LATE_AIRCRAFT|CANC_WEATHER
HPN,11,585,-6.7,-17.67,65,31.71,24.09,22,149.45,141.64,DELAY_CARRIER|DELAY_LATE_AIRCRAFT|DELAY_NAS
HPN,12,487,-3.66,-8.7,103,32.63,29.27,100,145.21,145.28,DELAY_LATE_AIRCRAFT|DELAY_NAS|DELAY_CARRIER
HRL,1,195,-3.36,-8.46,30,34.93,27.7,15,138.07,139.2,DELAY_LATE_AIRCRAFT|DELAY_CARRIER|DELAY_NAS
HRL,2,202,-4.39,-8.34,15,28.13,20.27,2,83.5,81.5,DELAY_LATE_AIRCRAFT|DELAY_NAS|DELAY_CARRIER
HRL,3,201,-3.75,-10.08,26,31.81,24.73,13,150.15,142.77,DELAY_LATE_AIRCRAFT|DELAY_NAS|DELAY_CARRIER
HRL,4,224,-4.68,-9.13,25,30.52,30.12,15,125.87,122.0,DELAY_LATE_AIRCRAFT|DELAY_NAS|DELAY_CARRIER
HRL,5,179,-2.93,-4.12,55,31.16,33.58,20,185.5,191.15,DELAY_LATE_AIRCRAFT|DELAY_NAS|DELAY_CARRIER
HRL,6,173,-1.69,-1.31,33,28.73,28.48,19,138.05,134.26,DELAY_LATE_AIRCRAFT|DELAY_NAS|DELAY_CARRIER
HRL,7,179,-1.48,-1.03,49,32.16,34.24,19,139.74,143.21,DELAY_LATE_AIRCRAFT|DELAY_NAS|DELAY_CARRIER
HRL,8,227,-4.89,-7.48,13,24.38,20.85,8,113.25,108.0,DELAY_LATE_AIRCRAFT|DELAY_NAS|DELAY_CARRIER
HRL,9,205,-3.69,-7.46,23,27.7,26.26,8,103.88,101.13,DELAY_LATE_AIRCRAFT|DELAY_CARRIER|DELAY_NAS
HRL,10,249,-5.1,-9.35,22,28.64,22.73,6,150.5,142.0,DELAY_LATE_AIRCRAFT|DELAY_NAS|DELAY_CARRIER
HRL,11,248,-4.47,-9.86,14,31.0,27.71,7,156.29,160.43,DELAY_LATE_AIRCRAFT|DELAY_CARRIER|DELAY_NAS
HRL,12,232,-2.54,-7.61,27,36.81,38.7,18,150.33,152.28,DELAY_LATE_AIRCRAFT|DELAY_CARRIER|DELAY_NAS
HSV,1,332,-4.18,-7.07,55,30.85,30.93,46,159.76,157.61,DELAY_LATE_AIRCRAFT|DELAY_CARRIER|CANC_WEATHER
HSV,2,400,-5.11,-10.41,39,26.23,21.26,15,133.47,121.67,DELAY_LATE_AIRCRAFT|DELAY_CARRIER|DELAY_NAS
HSV,3,450,-4.39,-10.3,54,30.81,25.22,35,190.91,189.63,DELAY_LATE_AIRCRAFT|DELAY_CARRIER|DELAY_NAS
HSV,4,473,-4.52,-7.7,52,31.77,26.56,42,126.79,119.4,DELAY_LATE_AIRCRAFT|DELAY_CARRIER|DELAY_NAS
HSV,5,397,-3.0,-3.6,87,30.23,29.0,51,137.25,141.76,DELAY_LATE_AIRCRAFT|DELAY_NAS|DELAY_CARRIER
HSV,6,371,-3.73,-7.74,72,32.0,27.26,36,150.92,147.61,DELAY_CARRIER|DELAY_LATE_AIRCRAFT|DELAY_NAS
HSV,7,384,-2.06,-4.83,71,30.86,27.46,65,168.97,162.17,DELAY_CARRIER|DELAY_LATE_AIRCRAFT|DELAY_NAS
HSV,8,418,-3.7,-7.64,59,31.2,26.46,37,163.0,153.86,DELAY_CARRIER|DELAY_LATE_AIRCRAFT|DELAY_NAS
HSV,9,429,-4.17,-7.76,56,31.3,26.45,35,193.43,188.63,DELAY_CARRIER|DELAY_LATE_AIRCRAFT|DELAY_NAS
HSV,10,466,-4.21,-9.86,73,29.84,19.92,29,129.52,117.48,DELAY_CARRIER|DELAY_LATE_AIRCRAFT|DELAY_NAS
HSV,11,406,-3.71,-9.63,54,29.74,23.59,28,222.32,218.07,DELAY_CARRIER|DELAY_LATE_AIRCRAFT|DELAY_NAS
HSV,12,328,-2.06,-7.43,84,31.23,23.98,38,156.32,160.92,DELAY_CARRIER|DELAY_LATE_AIRCRAFT|DELAY_NAS
HTS,1,12,-5.75,-0.08,4,35.25,30.5,0,,,DELAY_LATE_AIRCRAFT|DELAY_NAS|DELAY_CARRIER
HTS,2,5,-1.2,-6.0,6,21.17,24.83,2,64.0,58.0,DELAY_LATE_AIRCRAFT|DELAY_CARRIER|DELAY_NAS
HTS,3,6,1.0,1.5,5,37.8,36.2,3,309.67,312.0,DELAY_CARRIER|DELAY_LATE_AIRCRAFT|CANC_CARRIER
HTS,4,8,3.13,-4.0,2,23.5,20.0,1,69.0,66.0,DELAY_CARRIER|DELAY_LATE_AIRCRAFT
HTS,5,8,-2.0,-11.88,5,27.2,28.6,9,199.33,197.44,DELAY_LATE_AIRCRAFT|DELAY_CARRIER|DELAY_NAS
HTS,6,35,-1.6,-2.46,14,32.64,31.43,11,229.73,229.73,DELAY_LATE_AIRCRAFT|DELAY_CARRIER|DELAY_NAS
HTS,7,47,-4.49,-0.23,15,34.87,32.33,8,238.13,237.63,DELAY_LATE_AIRCRAFT|CANC_CARRIER|DELAY_CARRIER
HTS,8,21,-7.29,-5.0,10,37.2,37.8,8,308.88,313.75,DELAY_LATE_AIRCRAFT|DELAY_CARRIER|DELAY_NAS
HTS,9,12,-6.17,-11.33,2,28.5,17.5,2,267.5,262.0,DELAY_CARRIER|DELAY_LATE_AIRCRAFT
HTS,10,5,2.2,1.8,3,43.0,39.67,0,,,CANC_WEATHER|DELAY_CARRIER|DELAY_LATE_AIRCRAFT
HTS,11,7,3.29,-1.86,5,33.4,32.8,4,159.75,154.25,DELAY_CARRIER|DELAY_LATE_AIRCRAFT|DELAY_NAS
HTS,12,8,5.0,0.75,3,33.67,20.67,4,153.25,148.75,DELAY_LATE_AIRCRAFT|CANC_WEATHER|DELAY_WEATHER
HYA,5,3,-9.67,-13.67,0,,,2,265.5,263.5,DELAY_LATE_AIRCRAFT
HYA,6,38,-6.34,1.05,5,41.0,47.8,7,187.71,194.43,DELAY_NAS|DELAY_LATE_AIRCRAFT|DELAY_CARRIER
HYA,7,44,-3.09,3.11,4,32.5,33.75,8,179.75,183.25,DELAY_NAS|DELAY_LATE_AIRCRAFT|DELAY_CARRIER
HYA,8,46,-4.54,0.96,4,34.75,39.5,11,238.82,247.45,DELAY_LATE_AIRCRAFT|DELAY_NAS|DELAY_CARRIER
HYA,9,5,-4.6,7.0,0,,,1,64.0,61.0,DELAY_LATE_AIRCRAFT|DELAY_NAS
HYS,1,28,-8.0,-12.32,6,27.67,23.5,3,174.33,177.33,DELAY_LATE_AIRCRAFT|CANC_WEATHER|DELAY_CARRIER
HYS,2,32,-8.5,-15.38,0,,,1,174.0,174.0,DELAY_CARRIER|DELAY_NAS
HYS,3,42,-9.26,-17.24,2,50.0,38.0,4,108.5,106.75,DELAY_CARRIER|CANC_WEATHER|DELAY_LATE_AIRCRAFT
HYS,4,39,-7.38,-10.15,0,,,3,88.67,89.0,DELAY_LATE_AIRCRAFT|DELAY_NAS|CANC_WEATHER
HYS,5,31,-4.55,-11.65,6,34.83,31.17,10,346.2,341.3,DELAY_LATE_AIRCRAFT|DELAY_WEATHER|DELAY_CARRIER
HYS,6,35,-5.06,-14.97,1,44.0,49.0,2,229.5,212.0,DELAY_LATE_AIRCRAFT|DELAY_CARRIER|DELAY_NAS
HYS,7,36,-6.36,-17.56,0,,,6,234.33,228.0,DELAY_CARRIER|DELAY_LATE_AIRCRAFT|DELAY_NAS
HYS,8,32,-7.69,-21.44,2,21.5,7.0,3,221.0,206.67,DELAY_LATE_AIRCRAFT|DELAY_CARRIER
HYS,9,41,-7.59,-21.22,0,,,4,221.0,209.0,DELAY_CARRIER
HYS,10,35,-8.51,-16.09,0,,,2,201.0,186.5,DELAY_CARRIER|DELAY_LATE_AIRCRAFT
HYS,11,31,-8.81,-7.9,0,,,1,168.0,177.0,DELAY_CARRIER
HYS,12,36,-6.19,-9.61,1,27.0,18.0,1,193.0,193.0,CANC_WEATHER|DELAY_CARRIER|DELAY_LATE_AIRCRAFT
IAD,1,2095,-2.5,-7.84,297,30.34,31.81,174,148.93,149.17,DELAY_NAS|CANC_CARRIER|DELAY_CARRIER
IAD,2,2364,-3.98,-12.27,165,31.67,19.39,66,142.08,130.23,DELAY_NAS|DELAY_CARRIER|DELAY_LATE_AIRCRAFT
IAD,3,2509,-3.48,-13.2,290,32.33,21.72,161,139.99,131.19,DELAY_NAS|DELAY_CARRIER|DELAY_LATE_AIRCRAFT
IAD,4,2568,-3.46,-8.7,280,29.46,23.45,160,142.78,133.99,DELAY_NAS|DELAY_CARRIER|DELAY_LATE_AIRCRAFT
IAD,5,2611,-2.76,-6.61,338,30.83,27.93,218,153.26,149.31,DELAY_NAS|DELAY_LATE_AIRCRAFT|DELAY_CARRIER
IAD,6,2546,-2.5,-7.67,354,31.26,24.56,225,167.58,160.73,DELAY_CARRIER|DELAY_NAS|DELAY_LATE_AIRCRAFT
IAD,7,2440,-1.9,-6.58,460,30.88,25.63,280,160.39,153.33,DELAY_CARRIER|DELAY_NAS|DELAY_LATE_AIRCRAFT
IAD,8,2399,-2.16,-8.51,369,31.88,27.08,352,185.37,177.67,DELAY_CARRIER|DELAY_NAS|DELAY_LATE_AIRCRAFT
IAD,9,2656,-3.61,-10.2,239,29.41,20.91,110,159.02,147.07,DELAY_NAS|DELAY_CARRIER|DELAY_LATE_AIRCRAFT
IAD,10,2966,-3.66,-12.42,207,29.2,17.0,90,134.41,122.5,DELAY_CARRIER|DELAY_NAS|DELAY_LATE_AIRCRAFT
IAD,11,2855,-3.82,-11.05,235,29.29,21.71,123,172.06,158.93,DELAY_NAS|DELAY_CARRIER|DELAY_LATE_AIRCRAFT
IAD,12,2494,-2.05,-9.2,411,29.85,22.35,213,143.12,132.87,DELAY_CARRIER|DELAY_LATE_AIRCRAFT|DELAY_NAS
IAG,1,20,-5.7,-5.75,3,37.0,76.33,3,187.0,176.67,DELAY_NAS|DELAY_CARRIER|DELAY_LATE_AIRCRAFT
IAG,2,17,-1.82,-11.76,6,21.33,2.67,4,140.25,122.75,DELAY_LATE_AIRCRAFT|DELAY_CARRIER|DELAY_WEATHER
IAG,3,25,-6.76,-12.48,6,31.17,26.67,4,97.5,115.25,DELAY_NAS|DELAY_CARRIER|DELAY_LATE_AIRCRAFT
IAG,4,22,-2.5,-16.82,4,28.0,11.0,2,242.0,256.0,DELAY_LATE_AIRCRAFT|DELAY_CARRIER
IAG,5,12,-4.08,-10.33,2,48.0,24.5,1,71.0,61.0,DELAY_CARRIER|DELAY_LATE_AIRCRAFT|DELAY_NAS
IAG,6,13,-4.15,-9.69,6,22.17,21.83,3,200.0,196.33,DELAY_LATE_AIRCRAFT|DELAY_CARRIER|DELAY_NAS
IAG,7,11,-1.73,3.45,9,31.0,31.44,4,142.5,148.5,DELAY_LATE_AIRCRAFT|DELAY_CARRIER|CANC_CARRIER
IAG,8,10,0.1,0.0,6,23.0,34.5,1,124.0,101.0,DELAY_NAS|DELAY_LATE_AIRCRAFT|DELAY_CARRIER
IAG,9,11,-4.18,-11.64,2,18.5,11.5,1,371.0,352.0,DELAY_CARRIER|CANC_WEATHER
IAG,10,9,-8.22,-12.89,1,21.0,45.0,2,778.5,777.0,DELAY_CARRIER|CANC_WEATHER|DELAY_NAS
IAG,11,14,-7.86,-18.71,2,32.0,23.5,0,,,DELAY_CARRIER|DELAY_LATE_AIRCRAFT
IAG,12,15,-9.33,-9.27,2,29.5,32.5,2,74.0,68.5,DELAY_NAS|DELAY_LATE_AIRCRAFT|CANC_WEATHER
IAH,1,4282,-1.72,-7.78,877,31.19,26.09,599,162.03,160.42,DELAY_LATE_AIRCRAFT|DELAY_CARRIER|DELAY_NAS
IAH,2,5054,-3.07,-7.75,580,31.2,25.22,269,127.95,121.69,DELAY_CARRIER|DELAY_NAS|DELAY_LATE_AIRCRAFT
IAH,3,5102,-2.26,-8.45,1000,31.88,24.95,571,153.66,147.34,DELAY_LATE_AIRCRAFT|DELAY_CARRIER|DELAY_NAS
IAH,4,5043,-2.23,-7.05,912,31.65,26.55,461,130.1,124.75,DELAY_LATE_AIRCRAFT|DELAY_CARRIER|DELAY_NAS
IAH,5,4318,-0.9,-3.5,1196,32.81,30.0,1318,162.24,162.08,DELAY_LATE_AIRCRAFT|DELAY_CARRIER|DELAY_NAS
IAH,6,4829,-0.67,-4.4,1213,32.23,28.85,918,143.15,139.74,DELAY_LATE_AIRCRAFT|DELAY_CARRIER|DELAY_NAS
IAH,7,3880,-0.44,-4.32,1443,33.65,29.75,1377,145.27,140.39,DELAY_LATE_AIRCRAFT|DELAY_CARRIER|DELAY_NAS
IAH,8,5243,-1.96,-7.41,1070,31.0,24.2,649,143.77,138.33,DELAY_LATE_AIRCRAFT|DELAY_CARRIER|DELAY_NAS
IAH,9,5539,-3.55,-9.82,717,31.73,24.03,385,118.57,109.77,DELAY_LATE_AIRCRAFT|DELAY_CARRIER|DELAY_NAS
IAH,10,6080,-3.07,-10.31,688,30.81,23.34,352,138.28,129.23,DELAY_CARRIER|DELAY_LATE_AIRCRAFT|DELAY_NAS
IAH,11,5565,-2.79,-8.51,694,30.78,23.67,348,135.84,130.49,DELAY_CARRIER|DELAY_NAS|DELAY_LATE_AIRCRAFT
IAH,12,4955,-1.29,-7.8,995,31.07,24.22,581,159.84,158.74,DELAY_CARRIER|DELAY_LATE_AIRCRAFT|DELAY_NAS
ICT,1,412,-3.94,-6.05,52,31.6,30.37,42,169.52,174.38,DELAY_LATE_AIRCRAFT|DELAY_NAS|DELAY_CARRIER
ICT,2,456,-5.91,-11.21,29,34.1,28.34,17,142.12,134.53,DELAY_CARRIER|DELAY_LATE_AIRCRAFT|DELAY_NAS
ICT,3,472,-4.51,-9.6,38,32.18,26.0,30,186.4,182.63,DELAY_LATE_AIRCRAFT|DELAY_CARRIER|DELAY_NAS
ICT,4,487,-4.78,-10.13,52,33.71,30.15,35,209.83,209.09,DELAY_CARRIER|DELAY_LATE_AIRCRAFT|DELAY_NAS
ICT,5,454,-2.57,-5.55,78,31.59,28.97,59,200.51,206.61,DELAY_LATE_AIRCRAFT|DELAY_NAS|DELAY_CARRIER
ICT,6,481,-4.22,-9.66,82,32.44,27.83,60,194.45,189.62,DELAY_LATE_AIRCRAFT|DELAY_CARRIER|DELAY_NAS
ICT,7,519,-3.89,-7.11,79,33.94,31.58,48,147.33,143.21,DELAY_LATE_AIRCRAFT|DELAY_CARRIER|DELAY_NAS
ICT,8,516,-5.16,-8.81,63,33.7,28.68,47,177.15,169.77,DELAY_LATE_AIRCRAFT|DELAY_CARRIER|DELAY_NAS
ICT,9,516,-5.41,-8.07,35,35.86,32.86,22,210.0,206.55,DELAY_LATE_AIRCRAFT|DELAY_CARRIER|DELAY_NAS
ICT,10,565,-5.43,-11.39,46,31.85,24.93,24,144.71,136.58,DELAY_CARRIER|DELAY_LATE_AIRCRAFT|DELAY_NAS
ICT,11,550,-4.95,-9.94,69,32.81,30.0,43,156.88,154.23,DELAY_CARRIER|DELAY_LATE_AIRCRAFT|DELAY_NAS
ICT,12,505,-4.17,-9.14,61,29.62,21.72,28,201.82,196.21,DELAY_CARRIER|DELAY_LATE_AIRCRAFT|DELAY_NAS
IDA,1,130,-6.28,-13.85,18,31.0,26.44,7,424.43,413.57,DELAY_CARRIER|DELAY_NAS|DELAY_LATE_AIRCRAFT
IDA,2,109,-7.13,-17.42,8,31.88,21.63,9,358.11,354.89,DELAY_NAS|DELAY_CARRIER|DELAY_LATE_AIRCRAFT
IDA,3,133,-6.05,-12.65,15,29.67,35.73,11,235.91,235.45,DELAY_CARRIER|DELAY_LATE_AIRCRAFT|DELAY_NAS
IDA,4,160,-6.87,-12.76,10,26.5,23.5,9,170.11,161.67,DELAY_CARRIER|DELAY_NAS|DELAY_WEATHER
IDA,5,204,-6.1,-12.13,13,29.69,18.69,17,131.71,127.29,DELAY_CARRIER|DELAY_LATE_AIRCRAFT|DELAY_WEATHER
IDA,6,199,-6.17,-12.33,14,32.64,27.43,16,206.19,203.0,DELAY_CARRIER|DELAY_LATE_AIRCRAFT|DELAY_NAS
IDA,7,187,-5.57,-10.67,17,35.47,29.06,18,124.83,121.28,DELAY_CARRIER|DELAY_LATE_AIRCRAFT|DELAY_NAS
IDA,8,185,-5.91,-9.73,27,34.04,34.85,3,116.33,107.67,DELAY_CARRIER|DELAY_LATE_AIRCRAFT|DELAY_NAS
IDA,9,190,-6.81,-10.86,15,39.6,35.0,8,154.5,145.25,DELAY_CARRIER|DELAY_LATE_AIRCRAFT|DELAY_WEATHER
IDA,10,175,-5.73,-12.02,17,35.12,32.06,11,143.36,133.09,DELAY_CARRIER|DELAY_NAS|DELAY_LATE_AIRCRAFT
IDA,11,172,-6.15,-8.58,17,29.41,38.35,10,165.9,161.8,DELAY_CARRIER|DELAY_NAS|DELAY_LATE_AIRCRAFT
IDA,12,198,-5.41,-10.17,17,31.71,17.06,23,373.61,377.87,DELAY_CARRIER|DELAY_LATE_AIRCRAFT|DELAY_NAS
ILM,1,271,-5.57,-9.44,38,33.76,26.45,23,181.26,189.7,DELAY_LATE_AIRCRAFT|DELAY_CARRIER|DELAY_NAS
ILM,2,292,-5.73,-11.28,22,34.59,22.18,10,156.2,157.7,DELAY_LATE_AIRCRAFT|DELAY_CARRIER|DELAY_NAS
ILM,3,309,-5.21,-11.91,20,30.9,26.55,23,173.78,169.52,DELAY_LATE_AIRCRAFT|DELAY_CARRIER|DELAY_NAS
ILM,4,331,-4.46,-6.12,46,28.87,26.96,28,124.5,125.89,DELAY_LATE_AIRCRAFT|DELAY_NAS|DELAY_CARRIER
ILM,5,398,-5.11,-7.15,43,31.47,32.6,30,161.47,163.9,DELAY_LATE_AIRCRAFT|DELAY_NAS|DELAY_WEATHER
ILM,6,401,-4.87,-10.32,52,30.48,26.42,40,218.05,212.38,DELAY_LATE_AIRCRAFT|DELAY_NAS|DELAY_CARRIER
ILM,7,421,-3.83,-6.2,78,33.35,35.13,75,156.52,161.12,DELAY_LATE_AIRCRAFT|DELAY_NAS|DELAY_CARRIER
ILM,8,426,-3.97,-7.72,81,33.09,33.59,56,160.52,156.29,DELAY_LATE_AIRCRAFT|DELAY_NAS|DELAY_CARRIER
ILM,9,419,-5.13,-11.03,38,31.18,29.29,28,123.29,121.36,DELAY_LATE_AIRCRAFT|DELAY_NAS|DELAY_CARRIER
ILM,10,493,-5.27,-9.89,31,32.52,24.19,19,140.84,132.95,DELAY_LATE_AIRCRAFT|DELAY_NAS|DELAY_CARRIER
ILM,11,398,-5.38,-8.47,36,31.28,26.36,16,125.44,136.88,DELAY_NAS|DELAY_LATE_AIRCRAFT|DELAY_CARRIER
ILM,12,385,-4.49,-8.48,74,30.27,24.85,38,149.24,145.39,DELAY_LATE_AIRCRAFT|DELAY_NAS|DELAY_CARRIER
IMT,1,32,-7.44,-9.97,3,28.0,23.33,12,181.42,177.67,DELAY_CARRIER|DELAY_WEATHER|DELAY_NAS
IMT,2,42,-8.64,-20.67,2,28.0,21.5,0,,,DELAY_CARRIER|DELAY_WEATHER
IMT,3,35,-8.29,-17.86,4,37.25,33.75,2,282.5,255.5,DELAY_WEATHER|DELAY_CARRIER|DELAY_NAS
IMT,4,38,-7.24,-14.45,3,33.33,26.0,2,222.5,231.5,DELAY_CARRIER|DELAY_WEATHER
IMT,5,35,-9.0,-12.83,3,33.0,28.0,3,183.67,173.0,DELAY_CARRIER|DELAY_WEATHER
IMT,6,33,-5.94,4.27,2,36.5,46.5,7,174.86,183.43,DELAY_CARRIER|DELAY_NAS|DELAY_WEATHER
IMT,7,37,-6.3,-0.43,1,16.0,12.0,4,232.0,223.25,DELAY_CARRIER
IMT,8,34,-7.35,-9.59,1,20.0,27.0,5,157.4,152.4,DELAY_CARRIER|CANC_WEATHER|DELAY_NAS
IMT,9,37,-6.3,-8.24,2,36.0,46.0,1,85.0,63.0,DELAY_CARRIER|DELAY_NAS|DELAY_WEATHER
IMT,10,40,-8.6,-18.63,1,38.0,26.0,5,158.2,152.8,DELAY_CARRIER
IMT,11,40,-7.05,-12.83,2,27.5,7.5,4,151.0,138.0,DELAY_CARRIER|DELAY_WEATHER
IMT,12,23,-7.65,-10.26,7,30.71,31.0,5,183.2,187.6,DELAY_CARRIER|CANC_WEATHER|DELAY_WEATHER
IND,1,1920,-2.88,-8.82,299,31.39,28.69,160,136.23,135.14,DELAY_LATE_AIRCRAFT|DELAY_NAS|DELAY_CARRIER
IND,2,2132,-3.47,-11.34,193,30.6,26.85,83,180.96,183.27,DELAY_NAS|DELAY_LATE_AIRCRAFT|DELAY_CARRIER
IND,3,2426,-3.25,-10.5,315,29.99,25.08,193,133.52,129.81,DELAY_LATE_AIRCRAFT|DELAY_NAS|DELAY_CARRIER
IND,4,2397,-3.44,-9.81,232,30.52,23.56,131,155.08,152.38,DELAY_LATE_AIRCRAFT|DELAY_NAS|DELAY_CARRIER
IND,5,2231,-2.2,-6.89,367,29.62,25.34,223,152.96,152.5,DELAY_LATE_AIRCRAFT|DELAY_NAS|DELAY_CARRIER
IND,6,2276,-2.11,-7.24,345,31.16,26.41,213,144.08,141.82,DELAY_LATE_AIRCRAFT|DELAY_NAS|DELAY_CARRIER
IND,7,2128,-2.28,-6.49,441,31.11,28.19,293,160.4,159.34,DELAY_LATE_AIRCRAFT|DELAY_CARRIER|DELAY_NAS
IND,8,2199,-2.96,-7.48,293,32.24,29.0,172,154.45,153.65,DELAY_LATE_AIRCRAFT|DELAY_NAS|DELAY_CARRIER
IND,9,2331,-3.85,-9.31,214,31.57,25.57,92,133.04,127.87,DELAY_LATE_AIRCRAFT|DELAY_NAS|DELAY_CARRIER
IND,10,2754,-3.69,-10.36,220,29.47,21.14,89,151.72,143.64,DELAY_LATE_AIRCRAFT|DELAY_CARRIER|DELAY_NAS
IND,11,2459,-3.68,-9.69,194,30.01,27.95,91,134.76,136.74,DELAY_NAS|DELAY_LATE_AIRCRAFT|DELAY_CARRIER
IND,12,2264,-2.59,-9.98,295,30.77,26.37,170,143.35,139.65,DELAY_NAS|DELAY_LATE_AIRCRAFT|DELAY_CARRIER
INL,1,32,-8.97,-20.13,2,34.5,30.0,2,120.5,106.0,DELAY_CARRIER|CANC_WEATHER|DELAY_WEATHER
INL,2,23,-8.61,-25.39,3,22.67,17.0,1,119.0,110.0,CANC_WEATHER|DELAY_CARRIER|DELAY_WEATHER
INL,3,32,-9.53,-17.84,2,29.5,31.0,2,116.5,130.5,DELAY_CARRIER|DELAY_WEATHER
INL,4,36,-10.69,-24.86,1,54.0,37.0,0,,,DELAY_CARRIER
INL,5,41,-8.59,-18.85,1,32.0,34.0,2,217.5,207.5,DELAY_WEATHER|DELAY_CARRIER
INL,6,24,-5.0,-2.96,8,29.38,35.63,3,249.33,270.67,DELAY_CARRIER|DELAY_WEATHER|CANC_NAS
INL,7,31,-3.39,-0.26,7,31.0,31.43,5,311.4,305.0,DELAY_CARRIER|DELAY_WEATHER|DELAY_NAS
INL,8,35,-8.2,-4.91,3,31.33,44.67,2,172.5,170.5,DELAY_CARRIER|DELAY_WEATHER
INL,9,29,-9.79,-16.97,4,36.5,43.25,1,550.0,536.0,DELAY_CARRIER|DELAY_NAS|DELAY_WEATHER
INL,10,37,-11.41,-26.3,1,23.0,6.0,3,321.67,310.67,DELAY_CARRIER
INL,11,36,-9.22,-24.03,0,,,5,94.6,78.6,DELAY_CARRIER|DELAY_WEATHER
INL,12,19,-9.47,-19.68,5,26.6,10.0,5,384.4,385.2,DELAY_CARRIER|CANC_CARRIER|DELAY_WEATHER
ISP,1,256,-4.64,-9.4,43,31.23,31.84,29,179.31,177.83,DELAY_LATE_AIRCRAFT|DELAY_NAS|DELAY_CARRIER
ISP,2,268,-5.2,-18.99,35,34.09,26.54,14,237.71,225.64,DELAY_LATE_AIRCRAFT|DELAY_NAS|DELAY_CARRIER
ISP,3,225,-2.62,-14.14,50,34.68,27.78,39,124.41,117.36,DELAY_LATE_AIRCRAFT|DELAY_NAS|DELAY_CARRIER
ISP,4,245,-2.21,-14.54,35,35.49,26.51,29,172.83,169.97,DELAY_LATE_AIRCRAFT|DELAY_CARRIER|DELAY_NAS
ISP,5,203,-2.96,-16.02,43,29.53,20.44,23,139.43,131.39,DELAY_LATE_AIRCRAFT|DELAY_NAS|DELAY_CARRIER
ISP,6,219,-3.32,-14.93,37,28.84,17.86,23,134.22,126.3,DELAY_LATE_AIRCRAFT|DELAY_NAS|DELAY_CARRIER
ISP,7,194,-0.91,-12.34,57,30.02,19.7,26,139.12,129.88,DELAY_LATE_AIRCRAFT|DELAY_CARRIER|DELAY_NAS
ISP,8,172,-0.67,-5.73,40,28.6,25.93,32,149.66,145.69,DELAY_LATE_AIRCRAFT|DELAY_NAS|DELAY_CARRIER
ISP,9,170,-2.42,-9.36,23,31.83,22.39,10,163.7,152.6,DELAY_LATE_AIRCRAFT|DELAY_CARRIER|DELAY_NAS
ISP,10,151,-0.52,-11.39,21,24.0,11.67,8,108.75,91.25,DELAY_LATE_AIRCRAFT|DELAY_CARRIER|CANC_WEATHER
ISP,11,221,-2.33,-16.64,29,27.83,13.17,8,162.63,144.88,DELAY_LATE_AIRCRAFT|DELAY_CARRIER|DELAY_NAS
ISP,12,199,-1.76,-7.39,59,31.97,27.2,34,127.88,119.26,DELAY_LATE_AIRCRAFT|DELAY_NAS|DELAY_CARRIER
ITH,1,33,-6.88,-22.79,1,27.0,7.0,3,289.67,260.33,CANC_WEATHER|DELAY_NAS|CANC_NAS
ITH,2,38,-6.87,-32.32,1,49.0,47.0,1,216.0,225.0,CANC_WEATHER|DELAY_CARRIER|DELAY_LATE_AIRCRAFT
ITH,3,42,-6.21,-26.48,3,26.33,3.0,5,132.2,118.0,DELAY_LATE_AIRCRAFT|DELAY_CARRIER|DELAY_NAS
ITH,4,40,-7.05,-19.53,0,,,3,86.0,69.33,DELAY_LATE_AIRCRAFT|DELAY_NAS|DELAY_WEATHER
ITH,5,78,-4.88,-18.72,5,31.4,15.0,5,173.2,152.8,DELAY_CARRIER|DELAY_LATE_AIRCRAFT|DELAY_NAS
ITH,6,31,-5.9,-10.29,3,34.33,24.0,2,125.0,117.5,CANC_NAS|DELAY_LATE_AIRCRAFT|DELAY_NAS
ITH,7,28,-5.14,-11.14,4,38.5,46.25,6,156.83,164.83,DELAY_LATE_AIRCRAFT|DELAY_NAS|DELAY_CARRIER
ITH,8,47,-6.11,-15.45,4,24.5,18.0,8,135.63,150.25,CANC_NAS|DELAY_LATE_AIRCRAFT|DELAY_WEATHER
ITH,9,37,-8.32,-18.92,1,17.0,10.0,1,461.0,453.0,DELAY_WEATHER
ITH,10,44,-7.2,-17.11,0,,,0,,,N/D
ITH,11,40,-7.85,-18.65,0,,,0,,,N/D
ITH,12,37,-6.03,-17.08,2,35.5,31.5,4,418.75,405.0,DELAY_LATE_AIRCRAFT|DELAY_NAS|DELAY_CARRIER
ITO,1,346,-2.63,0.53,51,29.33,33.71,14,89.93,92.79,DELAY_LATE_AIRCRAFT|DELAY_NAS|DELAY_CARRIER
ITO,2,349,-2.43,-1.58,18,26.0,28.89,4,98.25,99.5,DELAY_LATE_AIRCRAFT|DELAY_CARRIER|DELAY_NAS
ITO,3,352,-1.59,-2.78,35,22.83,19.8,4,81.0,80.25,DELAY_LATE_AIRCRAFT|DELAY_CARRIER|DELAY_NAS
ITO,4,347,-1.76,-3.0,34,26.21,25.59,9,92.89,91.56,DELAY_LATE_AIRCRAFT|DELAY_CARRIER|DELAY_NAS
ITO,5,335,-1.96,-0.78,56,32.64,33.66,19,97.95,103.0,DELAY_LATE_AIRCRAFT|DELAY_CARRIER|DELAY_NAS
ITO,6,313,-2.13,-2.36,43,26.98,28.63,4,79.5,84.25,DELAY_LATE_AIRCRAFT|DELAY_CARRIER|DELAY_NAS
ITO,7,362,-1.87,-3.3,27,25.7,24.07,10,120.6,119.1,DELAY_LATE_AIRCRAFT|DELAY_CARRIER|DELAY_NAS
ITO,8,356,-2.78,-5.92,24,21.96,19.29,11,112.73,108.91,CANC_WEATHER|DELAY_LATE_AIRCRAFT|DELAY_CARRIER
ITO,9,350,-3.43,-4.67,21,26.57,24.71,1,96.0,93.0,DELAY_LATE_AIRCRAFT|DELAY_CARRIER|DELAY_NAS
ITO,10,345,-1.92,-3.37,34,26.38,25.32,5,87.6,86.0,DELAY_LATE_AIRCRAFT|DELAY_CARRIER|CANC_CARRIER
ITO,11,352,-1.82,-3.6,28,28.96,26.54,1,74.0,74.0,DELAY_LATE_AIRCRAFT|DELAY_CARRIER|DELAY_NAS
ITO,12,351,-1.69,-3.81,23,23.3,22.09,4,88.0,91.25,DELAY_LATE_AIRCRAFT|DELAY_CARRIER|DELAY_WEATHER
JAC,1,272,-4.62,-12.59,61,32.57,27.21,40,191.45,179.75,DELAY_LATE_AIRCRAFT|DELAY_NAS|DELAY_CARRIER
JAC,2,246,-3.98,-11.08,62,32.95,31.82,38,268.58,272.97,DELAY_NAS|DELAY_LATE_AIRCRAFT|DELAY_CARRIER
JAC,3,267,-3.78,-8.38,46,27.8,22.2,49,226.67,219.59,DELAY_NAS|DELAY_LATE_AIRCRAFT|DELAY_CARRIER
JAC,4,150,-7.03,-12.2,14,24.29,23.86,9,404.0,404.56,DELAY_NAS|DELAY_CARRIER|DELAY_LATE_AIRCRAFT
JAC,5,193,-5.74,-8.02,13,36.69,30.92,20,158.3,161.4,DELAY_NAS|DELAY_LATE_AIRCRAFT|DELAY_WEATHER
JAC,6,331,-3.39,-10.87,44,33.93,25.52,34,191.12,184.88,DELAY_LATE_AIRCRAFT|DELAY_CARRIER|DELAY_NAS
JAC,7,329,-3.97,-9.17,55,32.22,24.95,47,194.81,194.91,DELAY_CARRIER|DELAY_LATE_AIRCRAFT|DELAY_NAS
JAC,8,353,-3.47,-7.31,55,31.69,26.45,38,168.82,162.82,DELAY_LATE_AIRCRAFT|DELAY_CARRIER|DELAY_NAS
JAC,9,299,-3.77,-9.09,43,30.91,27.33,28,235.61,227.96,DELAY_LATE_AIRCRAFT|DELAY_CARRIER|DELAY_NAS
JAC,10,262,-6.93,-14.3,10,31.9,23.6,7,178.71,172.86,DELAY_LATE_AIRCRAFT|DELAY_CARRIER|DELAY_NAS
JAC,11,120,-7.6,-19.37,12,30.83,21.42,17,410.76,416.29,DELAY_CARRIER|DELAY_LATE_AIRCRAFT|DELAY_NAS
JAC,12,198,-5.91,-14.58,24,30.75,25.13,42,346.02,343.71,DELAY_LATE_AIRCRAFT|DELAY_CARRIER|DELAY_NAS
JAN,1,297,-4.32,-9.81,36,34.92,34.03,27,161.56,161.52,DELAY_LATE_AIRCRAFT|DELAY_CARRIER|DELAY_NAS
JAN,2,310,-5.3,-11.46,27,33.78,28.81,5,80.2,71.4,DELAY_LATE_AIRCRAFT|DELAY_CARRIER|DELAY_NAS
JAN,3,325,-4.46,-10.62,41,29.2,27.88,27,138.48,131.93,DELAY_LATE_AIRCRAFT|DELAY_NAS|DELAY_CARRIER
JAN,4,327,-5.6,-10.25,42,29.1,24.83,35,199.91,200.97,DELAY_LATE_AIRCRAFT|DELAY_CARRIER|DELAY_NAS
JAN,5,335,-3.73,-6.95,70,31.99,29.11,56,162.95,168.27,DELAY_LATE_AIRCRAFT|DELAY_CARRIER|DELAY_NAS
JAN,6,316,-3.5,-9.08,58,31.98,26.88,26,175.96,174.54,DELAY_LATE_AIRCRAFT|DELAY_CARRIER|DELAY_NAS
JAN,7,283,-3.19,-6.75,75,33.72,33.25,60,159.05,158.45,DELAY_LATE_AIRCRAFT|DELAY_CARRIER|DELAY_NAS
JAN,8,321,-4.53,-9.65,40,33.38,26.2,17,208.65,199.82,DELAY_LATE_AIRCRAFT|DELAY_CARRIER|DELAY_NAS
JAN,9,314,-4.38,-8.03,32,32.09,28.09,13,179.08,170.77,DELAY_NAS|DELAY_LATE_AIRCRAFT|DELAY_CARRIER
JAN,10,407,-4.3,-8.23,29,27.07,20.07,13,173.0,170.92,DELAY_CARRIER|DELAY_LATE_AIRCRAFT|DELAY_NAS
JAN,11,365,-3.24,-8.51,34,26.35,20.29,12,294.42,288.17,DELAY_CARRIER|DELAY_LATE_AIRCRAFT|DELAY_NAS
JAN,12,333,-3.46,-9.17,39,30.82,24.82,31,171.42,168.84,DELAY_LATE_AIRCRAFT|DELAY_CARRIER|DELAY_NAS
JAX,1,1312,-3.94,-9.74,200,33.12,27.17,122,151.53,146.51,DELAY_LATE_AIRCRAFT|DELAY_NAS|DELAY_CARRIER
JAX,2,1322,-4.45,-9.61,129,31.19,26.93,63,176.78,171.33,DELAY_LATE_AIRCRAFT|DELAY_CARRIER|DELAY_NAS
JAX,3,1478,-3.9,-8.12,224,31.4,25.81,105,158.44,156.84,DELAY_LATE_AIRCRAFT|DELAY_NAS|DELAY_CARRIER
JAX,4,1478,-3.81,-7.1,199,32.68,30.93,100,167.34,163.87,DELAY_LATE_AIRCRAFT|DELAY_NAS|DELAY_CARRIER
JAX,5,1428,-2.63,-5.96,258,32.23,30.48,174,156.25,157.97,DELAY_LATE_AIRCRAFT|DELAY_NAS|DELAY_CARRIER
JAX,6,1346,-3.47,-8.94,224,32.51,26.99,165,170.01,166.94,DELAY_LATE_AIRCRAFT|DELAY_NAS|DELAY_CARRIER
JAX,7,1246,-3.0,-8.5,290,34.6,32.2,269,183.02,183.7,DELAY_LATE_AIRCRAFT|DELAY_CARRIER|DELAY_NAS
JAX,8,1291,-3.33,-8.45,239,32.31,30.94,149,188.36,184.85,DELAY_LATE_AIRCRAFT|DELAY_NAS|DELAY_CARRIER
JAX,9,1431,-3.97,-8.83,143,32.3,28.29,52,164.1,158.65,DELAY_LATE_AIRCRAFT|DELAY_NAS|DELAY_CARRIER
JAX,10,1556,-4.54,-9.49,150,30.09,23.59,46,145.78,139.15,DELAY_LATE_AIRCRAFT|DELAY_NAS|DELAY_CARRIER
JAX,11,1573,-4.45,-9.1,135,30.99,25.21,73,152.67,148.99,DELAY_LATE_AIRCRAFT|DELAY_NAS|DELAY_CARRIER
JAX,12,1415,-2.47,-5.87,258,30.5,25.57,105,151.66,148.41,DELAY_LATE_AIRCRAFT|DELAY_NAS|DELAY_CARRIER
JFK,1,5003,-2.79,-14.17,836,31.63,25.74,511,144.55,144.32,DELAY_CARRIER|DELAY_NAS|DELAY_LATE_AIRCRAFT
JFK,2,5299,-3.45,-16.97,641,31.77,22.52,394,131.33,126.71,DELAY_CARRIER|DELAY_NAS|DELAY_LATE_AIRCRAFT
JFK,3,5614,-3.17,-15.86,864,33.27,22.22,626,142.11,134.03,DELAY_CARRIER|DELAY_LATE_AIRCRAFT|DELAY_NAS
JFK,4,5588,-3.28,-12.52,891,31.21,23.6,493,137.69,133.07,DELAY_CARRIER|DELAY_NAS|DELAY_LATE_AIRCRAFT
JFK,5,5764,-3.12,-10.18,999,32.16,25.94,597,143.26,138.36,DELAY_NAS|DELAY_CARRIER|DELAY_LATE_AIRCRAFT
JFK,6,5294,-2.8,-11.13,1024,32.79,27.84,702,157.91,154.45,DELAY_CARRIER|DELAY_NAS|DELAY_LATE_AIRCRAFT
JFK,7,5175,-2.18,-8.77,1152,32.44,26.91,955,161.6,156.29,DELAY_CARRIER|DELAY_NAS|DELAY_LATE_AIRCRAFT
JFK,8,5052,-2.63,-7.55,1098,33.17,31.06,832,152.99,152.88,DELAY_NAS|DELAY_CARRIER|DELAY_LATE_AIRCRAFT
JFK,9,6241,-4.08,-13.1,663,30.3,22.41,345,140.19,132.92,DELAY_CARRIER|DELAY_NAS|DELAY_LATE_AIRCRAFT
JFK,10,6577,-3.8,-14.95,612,29.52,16.29,232,133.21,121.84,DELAY_CARRIER|DELAY_NAS|DELAY_LATE_AIRCRAFT
JFK,11,6314,-4.28,-14.05,596,30.16,19.17,263,119.86,109.64,DELAY_CARRIER|DELAY_NAS|DELAY_LATE_AIRCRAFT
JFK,12,5385,-2.2,-11.44,1081,31.98,24.93,675,132.85,126.39,DELAY_LATE_AIRCRAFT|DELAY_CARRIER|DELAY_NAS
JLN,1,30,-7.57,-23.2,2,16.0,17.5,3,226.33,215.67,CANC_WEATHER|DELAY_CARRIER|DELAY_NAS
JLN,2,35,-8.83,-15.4,1,53.0,35.0,0,,,DELAY_CARRIER|CANC_WEATHER
JLN,3,25,-6.8,-14.6,2,32.5,19.0,3,225.33,219.0,DELAY_CARRIER|DELAY_LATE_AIRCRAFT|DELAY_NAS
JLN,4,29,-6.62,-9.97,1,25.0,56.0,4,103.75,95.75,DELAY_CARRIER|DELAY_NAS
JLN,5,26,-6.5,-12.04,2,29.0,33.5,5,149.4,146.4,DELAY_CARRIER|DELAY_LATE_AIRCRAFT|DELAY_NAS
JLN,6,30,-5.13,-17.07,2,52.0,44.0,6,131.17,128.5,DELAY_LATE_AIRCRAFT|DELAY_WEATHER|DELAY_CARRIER
JLN,7,23,-5.0,-15.96,4,37.25,31.5,1,72.0,79.0,DELAY_LATE_AIRCRAFT|DELAY_WEATHER|CANC_WEATHER
JLN,8,32,-5.5,-12.09,2,21.5,-2.0,1,783.0,776.0,CANC_WEATHER|DELAY_CARRIER|DELAY_NAS
JLN,9,28,-6.46,-14.93,3,23.67,8.67,5,168.2,158.2,DELAY_LATE_AIRCRAFT|DELAY_CARRIER|DELAY_WEATHER
JLN,10,22,-6.68,-12.86,5,41.2,23.4,2,67.5,53.5,DELAY_CARRIER|DELAY_LATE_AIRCRAFT|DELAY_WEATHER
JLN,11,28,-4.71,-7.21,3,28.67,13.67,5,414.2,410.0,DELAY_CARRIER|DELAY_LATE_AIRCRAFT|CANC_WEATHER
JLN,12,36,-6.06,-9.89,2,30.0,24.5,3,217.67,205.0,DELAY_CARRIER|DELAY_LATE_AIRCRAFT|DELAY_WEATHER
JMS,1,28,-7.71,-14.46,0,,,1,99.0,71.0,CANC_WEATHER|DELAY_LATE_AIRCRAFT|DELAY_NAS
JMS,2,28,-8.61,-16.21,2,42.5,42.5,3,544.33,537.33,CANC_WEATHER|DELAY_LATE_AIRCRAFT|CANC_NAS
JMS,3,39,-7.28,-12.9,1,32.0,24.0,3,383.0,387.33,CANC_WEATHER|DELAY_CARRIER|DELAY_LATE_AIRCRAFT
JMS,4,40,-7.1,-10.48,1,15.0,14.0,1,111.0,101.0,DELAY_CARRIER|DELAY_LATE_AIRCRAFT
JMS,5,7,-10.29,-16.29,0,,,1,97.0,96.0,DELAY_LATE_AIRCRAFT
JMS,6,19,-4.74,-5.68,1,18.0,58.0,1,74.0,63.0,CANC_NAS|CANC_WEATHER|DELAY_CARRIER
JMS,7,34,-6.85,-9.5,6,32.83,26.83,2,167.0,169.0,DELAY_CARRIER|DELAY_LATE_AIRCRAFT|DELAY_NAS
JMS,8,34,-7.35,-9.62,1,28.0,19.0,1,151.0,151.0,DELAY_CARRIER|CANC_NAS|CANC_WEATHER
JMS,9,39,-10.41,-13.05,3,35.67,29.0,2,113.5,127.0,DELAY_CARRIER|DELAY_LATE_AIRCRAFT
JMS,10,35,-8.06,-12.54,0,,,2,590.5,587.0,DELAY_CARRIER|DELAY_LATE_AIRCRAFT
JMS,11,27,-8.19,-10.33,2,25.0,30.5,7,143.0,137.43,DELAY_LATE_AIRCRAFT|CANC_WEATHER|DELAY_CARRIER
JMS,12,29,-6.41,-10.69,2,27.0,31.5,5,573.8,571.8,DELAY_LATE_AIRCRAFT|DELAY_CARRIER|DELAY_WEATHER
JNU,1,157,-8.41,-7.75,47,31.13,39.32,25,144.48,161.6,DELAY_LATE_AIRCRAFT|DELAY_NAS|DELAY_CARRIER
JNU,2,188,-10.21,-10.58,13,36.77,34.38,6,126.5,134.0,DELAY_LATE_AIRCRAFT|DELAY_NAS|DELAY_CARRIER
JNU,3,214,-10.43,-11.68,17,33.53,36.71,10,142.4,137.1,DELAY_LATE_AIRCRAFT|DELAY_CARRIER|DELAY_NAS
JNU,4,213,-11.36,-12.61,21,30.95,27.57,9,106.22,104.0,DELAY_LATE_AIRCRAFT|DELAY_CARRIER|DELAY_NAS
JNU,5,251,-8.99,-11.43,27,27.07,26.67,7,133.57,132.71,DELAY_LATE_AIRCRAFT|DELAY_CARRIER|CANC_CARRIER
JNU,6,284,-7.84,-9.85,32,30.94,28.03,13,182.92,180.08,DELAY_LATE_AIRCRAFT|DELAY_CARRIER|DELAY_NAS
JNU,7,295,-6.4,-6.62,58,29.41,28.24,11,116.73,121.45,DELAY_LATE_AIRCRAFT|DELAY_NAS|DELAY_CARRIER
JNU,8,288,-7.33,-9.02,47,30.53,30.79,20,174.7,175.35,DELAY_LATE_AIRCRAFT|DELAY_CARRIER|DELAY_NAS
JNU,9,269,-9.87,-11.83,18,27.94,22.39,12,137.83,136.5,DELAY_LATE_AIRCRAFT|DELAY_CARRIER|DELAY_NAS
JNU,10,224,-10.17,-11.64,11,35.82,34.73,11,100.91,101.0,DELAY_CARRIER|DELAY_LATE_AIRCRAFT|CANC_WEATHER
JNU,11,207,-11.3,-12.03,11,25.73,30.36,6,99.5,102.17,DELAY_NAS|DELAY_CARRIER|DELAY_LATE_AIRCRAFT
JNU,12,194,-8.37,-10.34,20,32.55,40.65,16,143.69,169.31,DELAY_LATE_AIRCRAFT|DELAY_NAS|DELAY_CARRIER
JST,1,30,-6.5,-21.77,4,29.0,21.75,7,169.0,163.71,DELAY_LATE_AIRCRAFT|CANC_WEATHER|DELAY_CARRIER
JST,2,32,-8.91,-27.66,5,30.0,10.0,1,66.0,52.0,CANC_WEATHER|DELAY_CARRIER|DELAY_LATE_AIRCRAFT
JST,3,43,-9.91,-24.02,2,34.0,35.5,3,106.67,96.0,DELAY_CARRIER|DELAY_LATE_AIRCRAFT
JST,4,31,-8.81,-10.81,6,37.67,54.33,7,186.43,179.71,DELAY_CARRIER|DELAY_LATE_AIRCRAFT|DELAY_NAS
JST,5,30,-9.23,-12.73,3,29.67,24.67,7,170.43,169.57,DELAY_LATE_AIRCRAFT|DELAY_CARRIER|DELAY_NAS
JST,6,38,-7.71,-16.66,6,44.17,39.0,2,212.0,209.5,DELAY_CARRIER|DELAY_LATE_AIRCRAFT
JST,7,42,-8.88,-14.83,5,26.6,23.0,3,233.33,230.33,DELAY_CARRIER|DELAY_LATE_AIRCRAFT
JST,8,39,-7.79,-9.28,3,36.0,40.33,4,97.25,92.5,DELAY_NAS|DELAY_CARRIER|DELAY_LATE_AIRCRAFT
JST,9,40,-6.83,-11.93,1,28.0,32.0,1,284.0,280.0,DELAY_CARRIER|DELAY_LATE_AIRCRAFT
JST,10,34,-8.88,-19.18,2,42.5,41.5,5,139.6,140.2,DELAY_CARRIER|DELAY_LATE_AIRCRAFT
JST,11,33,-8.58,-19.64,3,25.33,21.67,3,204.0,193.67,DELAY_LATE_AIRCRAFT|CANC_WEATHER|DELAY_CARRIER
JST,12,35,-6.17,-10.51,2,23.0,17.5,10,445.6,445.1,DELAY_CARRIER|DELAY_LATE_AIRCRAFT|DELAY_WEATHER
KOA,1,762,-2.19,-6.64,113,29.88,26.78,42,234.05,217.1,DELAY_LATE_AIRCRAFT|CANC_CARRIER|DELAY_CARRIER
KOA,2,752,-3.16,-9.88,95,26.69,16.96,38,180.5,175.53,DELAY_LATE_AIRCRAFT|DELAY_CARRIER|DELAY_NAS
KOA,3,910,-3.2,-8.77,58,28.66,23.6,23,176.78,166.96,DELAY_LATE_AIRCRAFT|DELAY_CARRIER|DELAY_NAS
KOA,4,821,-3.6,-7.76,63,30.37,23.7,38,139.13,135.63,DELAY_LATE_AIRCRAFT|DELAY_CARRIER|DELAY_NAS
KOA,5,783,-3.57,-4.9,94,29.46,28.37,26,141.92,140.85,DELAY_LATE_AIRCRAFT|DELAY_CARRIER|DELAY_NAS
KOA,6,883,-3.63,-5.87,76,27.25,23.75,19,278.74,275.68,DELAY_LATE_AIRCRAFT|DELAY_CARRIER|DELAY_NAS
KOA,7,878,-3.07,-5.62,96,27.25,25.1,28,232.0,228.79,DELAY_LATE_AIRCRAFT|DELAY_CARRIER|DELAY_NAS
KOA,8,874,-3.09,-8.93,78,27.72,19.62,39,162.05,152.44,DELAY_LATE_AIRCRAFT|DELAY_CARRIER|CANC_CARRIER
KOA,9,874,-4.85,-8.13,57,29.89,24.18,16,122.94,114.63,DELAY_LATE_AIRCRAFT|DELAY_CARRIER|DELAY_NAS
KOA,10,846,-4.12,-8.06,69,30.74,29.48,29,152.34,146.21,DELAY_LATE_AIRCRAFT|DELAY_CARRIER|DELAY_NAS
KOA,11,832,-4.36,-7.88,62,28.42,23.19,18,213.61,209.61,DELAY_LATE_AIRCRAFT|DELAY_CARRIER|DELAY_NAS
KOA,12,878,-3.71,-8.28,96,27.78,18.96,23,143.09,131.7,DELAY_LATE_AIRCRAFT|DELAY_CARRIER|DELAY_NAS
KTN,1,82,-10.98,-15.15,15,33.4,33.33,7,153.43,153.29,DELAY_LATE_AIRCRAFT|CANC_CARRIER|DELAY_CARRIER
KTN,2,104,-13.46,-15.45,8,41.13,64.63,1,244.0,245.0,DELAY_LATE_AIRCRAFT|DELAY_NAS|CANC_CARRIER
KTN,3,107,-12.94,-14.53,8,32.75,29.75,7,84.14,87.14,DELAY_LATE_AIRCRAFT|CANC_CARRIER|DELAY_NAS
KTN,4,109,-12.12,-17.06,12,25.75,22.75,7,79.0,75.29,DELAY_LATE_AIRCRAFT|DELAY_CARRIER|CANC_CARRIER
KTN,5,123,-8.95,-14.73,20,30.7,26.25,5,219.0,209.8,DELAY_LATE_AIRCRAFT|DELAY_CARRIER|CANC_CARRIER
KTN,6,144,-8.02,-8.79,20,28.5,26.75,8,132.38,132.63,DELAY_LATE_AIRCRAFT|DELAY_CARRIER|DELAY_NAS
KTN,7,164,-5.5,-7.97,32,33.06,33.16,9,138.44,133.22,DELAY_LATE_AIRCRAFT|DELAY_CARRIER|DELAY_NAS
KTN,8,136,-3.1,-4.88,30,26.47,24.77,16,181.81,173.44,DELAY_LATE_AIRCRAFT|DELAY_CARRIER|DELAY_NAS
KTN,9,136,-8.46,-11.1,11,35.18,35.45,5,105.8,98.4,DELAY_LATE_AIRCRAFT|DELAY_CARRIER|DELAY_NAS
KTN,10,124,-9.61,-12.36,5,29.8,32.0,6,112.83,114.67,DELAY_LATE_AIRCRAFT|CANC_WEATHER|DELAY_CARRIER
KTN,11,105,-9.65,-13.03,15,31.2,29.93,3,80.33,93.33,DELAY_LATE_AIRCRAFT|DELAY_CARRIER|DELAY_NAS
KTN,12,100,-9.1,-13.3,15,26.8,23.47,7,132.86,125.0,DELAY_LATE_AIRCRAFT|DELAY_CARRIER|DELAY_NAS
LAN,1,51,-3.96,-3.98,6,27.0,21.0,13,182.92,198.85,DELAY_CARRIER|DELAY_LATE_AIRCRAFT|CANC_WEATHER
LAN,2,58,-6.55,-16.29,6,31.5,26.83,4,86.5,79.5,DELAY_LATE_AIRCRAFT|DELAY_CARRIER|DELAY_WEATHER
LAN,3,56,-5.23,-11.14,9,40.78,35.78,8,322.75,327.13,DELAY_CARRIER|DELAY_LATE_AIRCRAFT|DELAY_NAS
LAN,4,59,-6.0,-8.49,6,21.33,21.33,11,139.91,138.64,DELAY_CARRIER|DELAY_LATE_AIRCRAFT|DELAY_WEATHER
LAN,5,62,-6.6,-11.06,10,39.9,47.2,8,139.63,132.38,DELAY_CARRIER|DELAY_LATE_AIRCRAFT|DELAY_WEATHER
LAN,6,42,-5.52,-7.98,11,33.45,30.55,14,130.43,128.0,DELAY_CARRIER|DELAY_WEATHER|DELAY_LATE_AIRCRAFT
LAN,7,55,-4.56,-8.27,9,31.78,32.33,8,91.25,98.38,DELAY_LATE_AIRCRAFT|DELAY_CARRIER|DELAY_NAS
LAN,8,59,-5.86,-8.51,11,35.09,37.73,10,165.7,172.1,DELAY_CARRIER|DELAY_LATE_AIRCRAFT|CANC_WEATHER
LAN,9,58,-6.31,-15.36,7,38.29,29.86,3,105.33,102.33,DELAY_WEATHER|DELAY_CARRIER|DELAY_LATE_AIRCRAFT
LAN,10,68,-4.57,-9.51,13,36.85,30.54,4,100.25,102.0,DELAY_CARRIER|DELAY_LATE_AIRCRAFT|DELAY_WEATHER
LAN,11,57,-5.86,-10.11,8,30.0,24.63,5,157.4,168.2,DELAY_CARRIER|CANC_WEATHER|DELAY_LATE_AIRCRAFT
LAN,12,49,-6.51,-5.14,6,42.17,43.33,3,116.67,121.67,DELAY_CARRIER|DELAY_LATE_AIRCRAFT|DELAY_NAS
LAR,1,24,-9.21,-6.96,2,36.5,58.5,1,118.0,112.0,CANC_WEATHER|CANC_NAS|DELAY_LATE_AIRCRAFT
LAR,2,29,-6.76,-4.59,2,24.0,36.0,3,108.67,97.67,DELAY_CARRIER|DELAY_LATE_AIRCRAFT|CANC_WEATHER
LAR,3,29,-8.31,-8.79,2,35.0,38.5,3,389.0,380.33,CANC_WEATHER|DELAY_CARRIER|DELAY_WEATHER
LAR,4,27,-9.0,-9.52,1,15.0,18.0,1,65.0,69.0,DELAY_CARRIER|CANC_NAS|DELAY_WEATHER
LAR,5,33,-7.52,-7.64,2,44.5,40.5,3,102.0,95.33,DELAY_NAS|DELAY_WEATHER|DELAY_CARRIER
LAR,6,28,-7.29,-6.68,2,26.5,21.0,5,346.8,341.4,DELAY_LATE_AIRCRAFT|DELAY_NAS|DELAY_CARRIER
LAR,7,33,-7.42,-11.03,1,18.0,5.0,3,89.0,88.67,CANC_NAS|DELAY_LATE_AIRCRAFT|DELAY_NAS
LAR,8,25,-7.8,-11.48,8,35.13,31.13,4,95.0,84.75,DELAY_LATE_AIRCRAFT|DELAY_CARRIER|DELAY_NAS
LAR,9,29,-7.55,-9.1,4,40.75,34.25,3,84.33,67.33,DELAY_LATE_AIRCRAFT|DELAY_CARRIER|DELAY_NAS
LAR,10,30,-10.1,-12.9,0,,,2,81.5,58.5,DELAY_CARRIER|DELAY_LATE_AIRCRAFT
LAR,11,30,-7.57,-8.07,2,28.5,16.5,5,121.2,106.2,DELAY_CARRIER|CANC_WEATHER|DELAY_LATE_AIRCRAFT
LAR,12,35,-7.31,-11.0,2,28.0,13.5,1,98.0,72.0,DELAY_CARRIER|DELAY_LATE_AIRCRAFT
LAS,1,7930,-2.09,-7.09,1621,31.26,25.15,611,130.36,125.44,DELAY_LATE_AIRCRAFT|DELAY_CARRIER|DELAY_NAS
LAS,2,7661,-2.28,-9.8,1457,31.15,23.86,597,119.01,114.01,DELAY_LATE_AIRCRAFT|DELAY_CARRIER|DELAY_NAS
LAS,3,8078,-1.99,-7.07,1887,31.75,27.0,1089,130.65,126.79,DELAY_LATE_AIRCRAFT|DELAY_CARRIER|DELAY_NAS
LAS,4,8437,-2.08,-9.17,1803,30.97,23.81,690,127.83,121.02,DELAY_LATE_AIRCRAFT|DELAY_CARRIER|DELAY_NAS
LAS,5,8244,-1.37,-8.75,2208,31.62,23.84,870,130.76,124.13,DELAY_LATE_AIRCRAFT|DELAY_CARRIER|DELAY_NAS
LAS,6,7665,-0.87,-6.18,2246,30.83,24.97,878,137.06,131.67,DELAY_LATE_AIRCRAFT|DELAY_CARRIER|DELAY_NAS
LAS,7,7108,-0.94,-6.26,2558,32.16,27.51,1359,140.84,137.84,DELAY_LATE_AIRCRAFT|DELAY_CARRIER|DELAY_NAS
LAS,8,8379,-2.24,-8.22,1769,31.04,25.96,939,127.84,122.0,DELAY_LATE_AIRCRAFT|DELAY_CARRIER|DELAY_NAS
LAS,9,8736,-2.67,-9.62,1530,30.69,23.69,692,117.94,111.05,DELAY_LATE_AIRCRAFT|DELAY_CARRIER|DELAY_NAS
LAS,10,9983,-2.36,-9.63,1612,30.12,24.35,493,127.85,125.53,DELAY_LATE_AIRCRAFT|DELAY_NAS|DELAY_CARRIER
LAS,11,9169,-2.73,-12.52,1331,29.7,19.64,417,122.73,114.98,DELAY_LATE_AIRCRAFT|DELAY_CARRIER|DELAY_NAS
LAS,12,8720,-2.32,-10.55,1522,30.13,21.93,586,134.28,127.71,DELAY_LATE_AIRCRAFT|DELAY_CARRIER|DELAY_NAS
LAW,1,50,-7.58,-10.28,4,40.75,33.0,10,210.8,212.5,DELAY_CARRIER|DELAY_LATE_AIRCRAFT|DELAY_WEATHER
LAW,2,59,-7.42,-14.0,2,34.5,38.0,2,208.0,215.5,DELAY_CARRIER|DELAY_WEATHER|CANC_WEATHER
LAW,3,54,-4.52,-10.13,2,31.0,25.0,6,376.5,368.33,DELAY_CARRIER|CANC_WEATHER|DELAY_LATE_AIRCRAFT
LAW,4,35,-7.06,-11.14,9,39.0,42.56,5,205.4,203.0,DELAY_CARRIER|CANC_WEATHER|DELAY_LATE_AIRCRAFT
LAW,5,43,-7.58,-12.72,9,36.67,34.67,8,144.38,139.5,CANC_WEATHER|DELAY_CARRIER|DELAY_WEATHER
LAW,6,52,-9.06,-11.87,3,44.33,48.0,8,111.63,108.5,DELAY_CARRIER|DELAY_LATE_AIRCRAFT|DELAY_WEATHER
LAW,7,58,-5.02,-5.83,5,29.4,28.6,6,220.33,218.33,DELAY_CARRIER|DELAY_NAS|DELAY_WEATHER
LAW,8,61,-9.02,-13.33,2,19.5,18.5,2,132.0,127.0,DELAY_CARRIER|DELAY_LATE_AIRCRAFT|DELAY_NAS
LAW,9,58,-7.59,-6.03,3,39.0,46.33,3,170.0,171.33,DELAY_WEATHER|DELAY_CARRIER|DELAY_NAS
LAW,10,54,-5.83,-14.24,5,40.2,37.6,4,335.75,327.75,DELAY_CARRIER|DELAY_LATE_AIRCRAFT|DELAY_NAS
LAW,11,51,-5.06,-5.49,5,44.2,50.0,4,138.5,133.5,DELAY_CARRIER|CANC_WEATHER|DELAY_WEATHER
LAW,12,45,-5.27,-8.82,9,26.67,22.44,5,186.2,216.0,DELAY_CARRIER|CANC_WEATHER|DELAY_WEATHER
LAX,1,8551,-2.88,-7.06,1135,31.65,26.11,576,155.95,149.44,DELAY_CARRIER|DELAY_LATE_AIRCRAFT|DELAY_NAS
LAX,2,8046,-2.7,-10.03,1221,30.87,23.53,556,140.89,136.66,DELAY_CARRIER|DELAY_LATE_AIRCRAFT|DELAY_NAS
LAX,3,8898,-2.28,-5.8,1509,31.55,27.66,762,143.1,139.97,DELAY_LATE_AIRCRAFT|DELAY_CARRIER|DELAY_NAS
LAX,4,9038,-2.86,-8.18,1248,31.78,26.93,624,151.83,149.26,DELAY_LATE_AIRCRAFT|DELAY_NAS|DELAY_CARRIER
LAX,5,8937,-2.32,-7.36,1632,31.84,26.88,912,142.05,137.07,DELAY_LATE_AIRCRAFT|DELAY_CARRIER|DELAY_NAS
LAX,6,9026,-2.09,-5.97,1735,31.14,26.6,877,134.24,129.83,DELAY_LATE_AIRCRAFT|DELAY_CARRIER|DELAY_NAS
LAX,7,9142,-2.33,-7.0,1779,31.64,26.58,1037,155.24,149.97,DELAY_LATE_AIRCRAFT|DELAY_CARRIER|DELAY_NAS
LAX,8,9816,-2.99,-8.21,1370,31.15,26.22,725,145.29,141.92,DELAY_LATE_AIRCRAFT|DELAY_CARRIER|DELAY_NAS
LAX,9,9689,-3.73,-11.13,959,30.99,23.45,489,150.44,143.92,DELAY_LATE_AIRCRAFT|DELAY_CARRIER|DELAY_NAS
LAX,10,10224,-3.76,-9.66,1010,29.82,23.88,458,139.09,134.24,DELAY_CARRIER|DELAY_LATE_AIRCRAFT|DELAY_NAS
LAX,11,9453,-3.41,-13.61,1039,30.8,19.71,480,139.05,131.5,DELAY_CARRIER|DELAY_LATE_AIRCRAFT|DELAY_NAS
LAX,12,9354,-2.95,-10.56,1342,31.39,23.6,709,141.1,135.27,DELAY_CARRIER|DELAY_LATE_AIRCRAFT|DELAY_NAS
LBB,1,239,-5.43,-11.49,36,32.47,25.33,35,155.69,148.94,DELAY_LATE_AIRCRAFT|DELAY_NAS|CANC_WEATHER
LBB,2,280,-5.41,-11.04,23,32.65,28.91,12,113.75,117.33,DELAY_CARRIER|DELAY_NAS|DELAY_LATE_AIRCRAFT
LBB,3,337,-5.35,-8.65,41,33.85,32.76,20,271.25,269.25,DELAY_LATE_AIRCRAFT|DELAY_NAS|DELAY_CARRIER
LBB,4,255,-4.27,-7.42,46,33.11,28.57,17,181.82,183.12,DELAY_LATE_AIRCRAFT|DELAY_NAS|DELAY_CARRIER
LBB,5,272,-3.31,-9.01,43,36.77,36.19,39,233.31,230.62,DELAY_LATE_AIRCRAFT|DELAY_CARRIER|DELAY_NAS
LBB,6,300,-3.96,-7.26,41,34.15,31.34,29,176.86,173.34,DELAY_LATE_AIRCRAFT|DELAY_CARRIER|DELAY_NAS
LBB,7,300,-4.14,-7.84,49,29.67,27.04,24,152.96,153.0,DELAY_LATE_AIRCRAFT|DELAY_CARRIER|DELAY_NAS
LBB,8,351,-5.15,-9.47,24,35.79,29.63,16,207.31,211.69,DELAY_LATE_AIRCRAFT|DELAY_CARRIER|DELAY_NAS
LBB,9,306,-5.01,-8.65,32,31.72,32.47,8,106.63,101.63,DELAY_LATE_AIRCRAFT|DELAY_NAS|DELAY_CARRIER
LBB,10,318,-4.43,-8.93,21,31.14,23.29,13,182.62,180.0,DELAY_LATE_AIRCRAFT|DELAY_NAS|DELAY_CARRIER
LBB,11,298,-3.0,-8.32,43,33.44,31.67,24,167.58,170.88,DELAY_LATE_AIRCRAFT|DELAY_CARRIER|DELAY_NAS
LBB,12,327,-3.4,-11.45,49,30.84,23.51,30,142.93,145.17,DELAY_LATE_AIRCRAFT|DELAY_CARRIER|DELAY_NAS
LBE,1,18,-4.61,-11.06,1,23.0,21.0,2,169.0,157.0,DELAY_LATE_AIRCRAFT|CANC_WEATHER|DELAY_NAS
LBE,2,12,-1.33,-16.17,7,31.71,25.29,1,92.0,67.0,DELAY_LATE_AIRCRAFT|DELAY_NAS
LBE,3,13,-4.85,-14.23,7,29.14,40.43,1,86.0,93.0,DELAY_NAS|CANC_WEATHER|DELAY_LATE_AIRCRAFT
LBE,4,33,-9.09,-20.39,3,22.67,19.67,2,429.0,416.0,DELAY_NAS|DELAY_CARRIER|DELAY_LATE_AIRCRAFT
LBE,5,29,-6.59,-12.79,6,28.17,18.5,4,123.75,113.75,DELAY_NAS|DELAY_LATE_AIRCRAFT|DELAY_CARRIER
LBE,6,36,-7.31,-17.28,4,22.0,13.75,1,136.0,128.0,DELAY_CARRIER|DELAY_LATE_AIRCRAFT
LBE,7,29,-6.45,-12.69,6,32.83,25.67,7,92.29,80.57,DELAY_LATE_AIRCRAFT|DELAY_CARRIER|CANC_CARRIER
LBE,8,29,-8.9,-16.24,0,,,3,102.33,98.0,CANC_WEATHER|DELAY_CARRIER|DELAY_LATE_AIRCRAFT
LBE,9,36,-10.17,-17.47,0,,,3,133.67,130.33,DELAY_LATE_AIRCRAFT|CANC_CARRIER
LBE,10,48,-10.65,-19.44,2,36.5,31.5,0,,,DELAY_CARRIER|DELAY_LATE_AIRCRAFT
LBE,11,26,-7.31,-24.04,1,34.0,54.0,2,154.5,133.0,DELAY_LATE_AIRCRAFT|DELAY_NAS|DELAY_CARRIER
LBE,12,15,-3.67,-20.6,1,45.0,33.0,3,102.0,98.0,DELAY_NAS|CANC_NAS|DELAY_WEATHER
LBF,1,25,-5.68,-11.56,3,31.33,27.0,4,221.0,222.0,DELAY_LATE_AIRCRAFT|DELAY_CARRIER|CANC_WEATHER
LBF,2,36,-8.31,-14.47,2,47.5,37.0,1,62.0,116.0,DELAY_CARRIER|DELAY_LATE_AIRCRAFT|CANC_WEATHER
LBF,3,30,-7.57,-14.9,4,24.5,18.5,2,693.5,688.5,DELAY_WEATHER|CANC_WEATHER|DELAY_NAS
LBF,4,26,-9.19,-3.0,1,16.0,4.0,1,70.0,69.0,DELAY_CARRIER
LBF,5,36,-9.69,-6.56,1,43.0,41.0,1,815.0,821.0,DELAY_NAS|DELAY_CARRIER
LBF,6,24,-10.54,-2.08,3,31.67,28.0,3,98.33,100.0,CANC_WEATHER|DELAY_CARRIER|DELAY_LATE_AIRCRAFT
LBF,7,27,-9.11,-4.93,0,,,2,94.5,113.5,DELAY_CARRIER|DELAY_WEATHER
LBF,8,31,-7.87,-0.97,1,60.0,62.0,3,94.67,89.67,DELAY_NAS|DELAY_LATE_AIRCRAFT
LBF,9,30,-7.4,-4.3,1,43.0,26.0,2,164.5,155.5,DELAY_LATE_AIRCRAFT|DELAY_CARRIER|DELAY_NAS
LBF,10,37,-7.35,-6.92,2,28.0,25.5,0,,,DELAY_LATE_AIRCRAFT|DELAY_CARRIER
LBF,11,35,-8.0,-11.8,3,32.67,28.33,4,172.75,165.0,DELAY_CARRIER|DELAY_LATE_AIRCRAFT|CANC_WEATHER
LBF,12,34,-9.38,-18.44,2,28.5,17.0,0,,,DELAY_CARRIER
LBL,1,6,-5.5,-15.67,0,,,0,,,CANC_WEATHER
LBL,2,20,-8.95,-13.05,3,40.0,38.67,2,317.0,309.5,DELAY_LATE_AIRCRAFT|DELAY_CARRIER
LBL,3,31,-9.32,-13.06,4,22.0,27.75,0,,,DELAY_LATE_AIRCRAFT|CANC_WEATHER|DELAY_NAS
LBL,4,31,-7.39,-9.81,1,30.0,29.0,2,281.5,279.0,DELAY_CARRIER|DELAY_LATE_AIRCRAFT|DELAY_WEATHER
LBL,5,27,-7.81,-9.33,2,22.0,18.0,8,226.63,226.5,DELAY_LATE_AIRCRAFT|DELAY_CARRIER|DELAY_NAS
LBL,6,26,-5.73,-11.31,3,25.0,22.67,3,458.67,487.0,DELAY_CARRIER|DELAY_LATE_AIRCRAFT|DELAY_WEATHER
LBL,7,27,-7.96,-12.67,3,35.67,25.0,1,116.0,123.0,CANC_NAS|DELAY_CARRIER|DELAY_NAS
LBL,8,26,-6.85,-12.38,5,34.6,30.0,5,189.6,190.2,DELAY_CARRIER|DELAY_LATE_AIRCRAFT|CANC_NAS
LBL,9,33,-7.97,-12.82,5,30.0,25.4,3,137.0,128.0,DELAY_LATE_AIRCRAFT|DELAY_CARRIER|CANC_NAS
LBL,10,35,-10.0,-16.03,3,36.33,35.0,2,113.5,101.5,DELAY_LATE_AIRCRAFT|DELAY_WEATHER
LBL,11,30,-9.3,-12.67,4,42.75,49.0,0,,,CANC_WEATHER|DELAY_CARRIER|DELAY_LATE_AIRCRAFT
LBL,12,35,-8.2,-10.54,1,50.0,45.0,2,107.5,94.5,DELAY_CARRIER|DELAY_LATE_AIRCRAFT|DELAY_WEATHER
LCH,1,52,-7.02,-2.21,2,38.0,37.0,5,257.0,251.6,DELAY_CARRIER|CANC_WEATHER|DELAY_LATE_AIRCRAFT
LCH,2,51,-7.41,-2.8,3,32.67,34.67,6,201.33,194.0,DELAY_CARRIER|DELAY_LATE_AIRCRAFT|DELAY_WEATHER
LCH,3,43,-7.95,-11.72,2,36.5,27.0,3,280.33,278.0,DELAY_CARRIER|CANC_WEATHER|DELAY_LATE_AIRCRAFT
LCH,4,49,-7.27,-14.45,3,29.33,25.0,8,214.38,206.88,DELAY_CARRIER|CANC_WEATHER|DELAY_NAS
LCH,5,46,-5.74,-11.09,5,35.8,33.8,11,391.36,403.18,DELAY_CARRIER|DELAY_WEATHER|DELAY_NAS
LCH,6,51,-7.51,-14.69,5,39.8,29.6,8,153.5,164.63,DELAY_CARRIER|DELAY_WEATHER|DELAY_LATE_AIRCRAFT
LCH,7,44,-4.36,-9.09,7,35.43,29.43,8,160.25,161.25,DELAY_LATE_AIRCRAFT|DELAY_CARRIER|DELAY_NAS
LCH,8,62,-7.66,-13.32,3,50.67,42.33,5,234.8,228.0,DELAY_CARRIER|DELAY_LATE_AIRCRAFT|DELAY_WEATHER
LCH,9,49,-5.61,-6.22,9,24.78,17.78,6,206.5,197.5,DELAY_CARRIER|DELAY_LATE_AIRCRAFT|DELAY_NAS
LCH,10,40,-7.43,-12.53,6,34.67,25.33,8,220.75,210.13,DELAY_CARRIER|DELAY_WEATHER|DELAY_LATE_AIRCRAFT
LCH,11,51,-7.0,-12.04,4,43.25,32.25,8,195.63,189.0,DELAY_CARRIER|DELAY_WEATHER|CANC_WEATHER
LCH,12,53,-7.7,-10.13,7,35.29,34.29,7,168.71,173.0,DELAY_CARRIER|DELAY_LATE_AIRCRAFT|DELAY_WEATHER
LCK,1,31,-6.55,-15.55,5,36.6,32.6,3,84.0,93.33,DELAY_LATE_AIRCRAFT|DELAY_CARRIER|DELAY_NAS
LCK,2,30,-7.67,-12.3,4,26.75,14.25,1,63.0,47.0,DELAY_CARRIER|DELAY_LATE_AIRCRAFT|DELAY_NAS
LCK,3,33,-8.15,-15.94,10,25.0,16.6,8,106.38,100.5,DELAY_NAS|DELAY_LATE_AIRCRAFT|CANC_NAS
LCK,4,41,-7.9,-18.1,6,31.83,21.17,3,168.67,176.33,DELAY_LATE_AIRCRAFT|CANC_NAS|DELAY_CARRIER
LCK,5,52,-8.58,-13.63,6,29.67,26.5,7,336.86,334.57,DELAY_LATE_AIRCRAFT|DELAY_CARRIER|DELAY_WEATHER
LCK,6,73,-6.63,-8.4,18,34.39,38.33,4,116.0,116.75,DELAY_LATE_AIRCRAFT|DELAY_NAS|DELAY_CARRIER
LCK,7,66,-7.95,-2.41,9,37.0,41.78,11,201.18,206.36,DELAY_NAS|DELAY_LATE_AIRCRAFT|DELAY_CARRIER
LCK,8,38,-6.97,-9.55,10,37.6,36.8,7,104.86,105.0,DELAY_LATE_AIRCRAFT|DELAY_CARRIER|DELAY_NAS
LCK,9,32,-9.81,-15.88,9,32.67,34.22,6,151.0,148.67,DELAY_LATE_AIRCRAFT|DELAY_CARRIER|CANC_WEATHER
LCK,10,36,-7.56,-10.17,4,35.0,33.0,2,107.5,107.5,DELAY_LATE_AIRCRAFT|CANC_WEATHER|CANC_NAS
LCK,11,28,-3.46,-8.46,5,37.0,22.4,2,98.0,91.5,DELAY_LATE_AIRCRAFT|DELAY_NAS
LCK,12,28,-5.64,-12.71,8,33.75,36.38,14,181.29,182.0,DELAY_LATE_AIRCRAFT|DELAY_CARRIER|DELAY_NAS
LEX,1,348,-5.09,-10.39,47,31.23,30.3,47,188.74,187.89,DELAY_LATE_AIRCRAFT|DELAY_CARRIER|DELAY_NAS
LEX,2,376,-4.72,-13.01,43,30.6,21.12,17,169.88,160.12,DELAY_CARRIER|DELAY_LATE_AIRCRAFT|DELAY_NAS
LEX,3,462,-5.21,-11.74,48,31.85,23.69,31,155.32,149.81,DELAY_LATE_AIRCRAFT|DELAY_NAS|DELAY_CARRIER
LEX,4,459,-5.05,-9.47,42,28.07,24.93,27,157.37,152.11,DELAY_LATE_AIRCRAFT|DELAY_NAS|DELAY_CARRIER
LEX,5,402,-3.94,-9.47,69,34.23,29.8,57,153.47,155.88,DELAY_LATE_AIRCRAFT|DELAY_NAS|DELAY_CARRIER
LEX,6,438,-3.55,-11.26,66,31.18,24.33,47,211.43,210.57,DELAY_LATE_AIRCRAFT|DELAY_CARRIER|DELAY_NAS
LEX,7,419,-4.89,-10.1,69,30.9,28.54,81,151.52,147.99,DELAY_LATE_AIRCRAFT|DELAY_CARRIER|DELAY_NAS
LEX,8,461,-5.46,-10.51,61,32.98,31.74,47,137.68,130.68,DELAY_LATE_AIRCRAFT|DELAY_NAS|DELAY_CARRIER
LEX,9,439,-5.02,-10.16,59,30.85,25.0,23,149.74,148.74,DELAY_LATE_AIRCRAFT|DELAY_CARRIER|DELAY_NAS
LEX,10,519,-5.13,-10.14,52,31.63,21.5,25,157.68,148.32,DELAY_NAS|DELAY_LATE_AIRCRAFT|DELAY_CARRIER
LEX,11,459,-6.08,-12.6,34,30.38,21.18,21,144.14,149.76,DELAY_CARRIER|DELAY_NAS|DELAY_LATE_AIRCRAFT
LEX,12,400,-4.32,-11.75,61,32.89,26.11,39,199.38,191.0,DELAY_LATE_AIRCRAFT|DELAY_NAS|DELAY_CARRIER
LFT,1,100,-4.06,-7.66,17,31.06,28.12,18,215.5,221.56,DELAY_LATE_AIRCRAFT|CANC_WEATHER|DELAY_WEATHER
LFT,2,126,-5.41,-7.95,14,30.93,25.07,7,93.29,90.0,DELAY_WEATHER|DELAY_CARRIER|DELAY_LATE_AIRCRAFT
LFT,3,184,-5.43,-9.64,18,31.5,27.5,18,163.28,161.28,DELAY_CARRIER|DELAY_LATE_AIRCRAFT|DELAY_NAS
LFT,4,155,-4.94,-6.74,12,35.75,43.08,20,170.05,179.5,DELAY_LATE_AIRCRAFT|DELAY_NAS|DELAY_WEATHER
LFT,5,109,-4.65,-6.23,18,27.17,28.0,21,202.48,201.33,DELAY_LATE_AIRCRAFT|DELAY_NAS|DELAY_WEATHER
LFT,6,145,-4.36,-9.87,22,30.36,29.14,21,199.52,195.95,DELAY_CARRIER|DELAY_LATE_AIRCRAFT|DELAY_WEATHER
LFT,7,150,-3.98,-8.45,30,31.63,25.93,31,193.35,194.45,DELAY_CARRIER|DELAY_LATE_AIRCRAFT|DELAY_WEATHER
LFT,8,173,-5.83,-12.64,12,35.5,27.58,11,206.64,202.82,DELAY_CARRIER|DELAY_NAS|DELAY_WEATHER
LFT,9,133,-5.43,-9.23,21,28.43,26.76,10,341.8,338.5,DELAY_LATE_AIRCRAFT|DELAY_CARRIER|CANC_WEATHER
LFT,10,166,-5.34,-12.67,10,29.1,22.9,14,165.71,157.43,DELAY_CARRIER|DELAY_LATE_AIRCRAFT|DELAY_NAS
LFT,11,168,-5.45,-11.92,13,37.15,27.54,19,175.95,175.84,DELAY_LATE_AIRCRAFT|DELAY_CARRIER|DELAY_WEATHER
LFT,12,182,-4.61,-8.31,13,28.23,21.46,11,161.36,166.36,DELAY_NAS|DELAY_CARRIER|DELAY_LATE_AIRCRAFT
LGA,1,6664,-4.29,-15.22,1042,32.6,27.34,778,143.24,146.3,DELAY_LATE_AIRCRAFT|DELAY_NAS|DELAY_CARRIER
LGA,2,7433,-4.65,-18.95,773,31.41,17.02,453,144.51,132.55,DELAY_LATE_AIRCRAFT|DELAY_NAS|DELAY_CARRIER
LGA,3,7713,-4.45,-17.4,978,32.78,21.5,578,135.62,126.24,DELAY_LATE_AIRCRAFT|DELAY_CARRIER|DELAY_NAS
LGA,4,7819,-4.49,-14.91,872,31.52,21.94,580,157.9,151.51,DELAY_LATE_AIRCRAFT|DELAY_CARRIER|DELAY_NAS
LGA,5,7659,-4.2,-12.05,1086,31.93,27.73,881,144.99,143.51,DELAY_LATE_AIRCRAFT|DELAY_NAS|DELAY_CARRIER
LGA,6,7187,-3.99,-13.59,1115,32.74,28.86,849,152.01,147.68,DELAY_LATE_AIRCRAFT|DELAY_NAS|DELAY_CARRIER
LGA,7,6882,-3.49,-9.78,1306,32.75,30.98,1224,155.02,151.96,DELAY_LATE_AIRCRAFT|DELAY_NAS|DELAY_CARRIER
LGA,8,6974,-3.58,-10.25,1131,32.33,31.33,989,155.45,154.19,DELAY_NAS|DELAY_LATE_AIRCRAFT|DELAY_CARRIER
LGA,9,8423,-5.2,-13.58,670,31.19,23.29,318,130.5,122.35,DELAY_CARRIER|DELAY_LATE_AIRCRAFT|DELAY_NAS
LGA,10,8766,-4.97,-15.32,741,30.59,20.8,346,144.14,135.03,DELAY_CARRIER|DELAY_LATE_AIRCRAFT|DELAY_NAS
LGA,11,8331,-4.91,-14.95,748,31.31,19.61,362,121.65,110.58,DELAY_LATE_AIRCRAFT|DELAY_CARRIER|DELAY_NAS
LGA,12,7048,-3.29,-11.46,1282,32.07,25.26,710,131.61,125.62,DELAY_LATE_AIRCRAFT|DELAY_CARRIER|DELAY_NAS
LGB,1,865,-1.91,-6.55,127,30.39,25.92,48,110.4,109.63,DELAY_LATE_AIRCRAFT|DELAY_CARRIER|DELAY_NAS
LGB,2,816,-1.4,-9.1,125,28.66,20.81,41,104.49,95.41,DELAY_LATE_AIRCRAFT|DELAY_CARRIER|DELAY_NAS
LGB,3,848,-1.03,-6.83,123,31.31,26.79,50,105.76,99.28,DELAY_LATE_AIRCRAFT|DELAY_NAS|DELAY_CARRIER
LGB,4,832,-1.28,-8.49,120,29.91,21.74,41,114.37,104.27,DELAY_LATE_AIRCRAFT|DELAY_CARRIER|DELAY_NAS
LGB,5,835,-0.94,-9.34,149,31.79,22.95,62,116.29,110.37,DELAY_LATE_AIRCRAFT|DELAY_CARRIER|DELAY_NAS
LGB,6,872,-0.34,-8.36,147,30.59,23.8,43,120.58,113.65,DELAY_LATE_AIRCRAFT|DELAY_CARRIER|DELAY_NAS
LGB,7,815,-0.88,-7.68,186,29.97,24.15,57,117.95,111.09,DELAY_LATE_AIRCRAFT|DELAY_CARRIER|DELAY_NAS
LGB,8,888,-2.57,-7.76,78,31.21,27.67,28,111.61,105.32,DELAY_LATE_AIRCRAFT|DELAY_NAS|DELAY_CARRIER
LGB,9,840,-2.65,-9.8,88,27.68,21.5,38,135.26,129.89,DELAY_LATE_AIRCRAFT|DELAY_CARRIER|DELAY_NAS
LGB,10,870,-2.7,-9.69,105,32.23,25.1,58,116.33,108.24,DELAY_LATE_AIRCRAFT|DELAY_CARRIER|DELAY_NAS
LGB,11,907,-3.44,-11.83,81,30.05,20.35,25,105.12,94.56,DELAY_LATE_AIRCRAFT|DELAY_CARRIER|DELAY_NAS
LGB,12,818,-2.18,-9.73,152,30.13,24.33,82,129.91,122.35,DELAY_LATE_AIRCRAFT|DELAY_CARRIER|DELAY_NAS
LIH,1,713,-2.35,-6.0,150,30.07,28.39,37,147.84,137.97,DELAY_LATE_AIRCRAFT|DELAY_CARRIER|DELAY_NAS
LIH,2,722,-2.13,-7.76,86,29.62,19.29,19,231.89,215.42,DELAY_LATE_AIRCRAFT|DELAY_CARRIER|CANC_CARRIER
LIH,3,845,-3.09,-7.61,74,26.09,21.93,10,198.5,185.9,DELAY_LATE_AIRCRAFT|DELAY_CARRIER|DELAY_NAS
LIH,4,748,-3.51,-7.6,72,30.08,25.29,27,158.96,155.96,DELAY_LATE_AIRCRAFT|DELAY_CARRIER|DELAY_NAS
LIH,5,769,-3.09,-5.79,99,27.47,26.49,33,138.45,134.48,DELAY_LATE_AIRCRAFT|DELAY_CARRIER|CANC_CARRIER
LIH,6,825,-2.78,-5.39,76,27.83,27.5,27,112.85,110.07,DELAY_LATE_AIRCRAFT|DELAY_CARRIER|DELAY_NAS
LIH,7,880,-2.83,-5.28,95,32.68,31.18,18,128.33,125.72,DELAY_LATE_AIRCRAFT|DELAY_CARRIER|DELAY_NAS
LIH,8,837,-3.51,-10.68,62,31.74,23.71,17,199.76,195.18,DELAY_LATE_AIRCRAFT|DELAY_CARRIER|CANC_CARRIER
LIH,9,831,-3.78,-7.6,53,28.26,22.68,8,260.0,259.13,DELAY_LATE_AIRCRAFT|DELAY_NAS|DELAY_CARRIER
LIH,10,845,-3.28,-8.0,55,25.78,21.89,14,107.07,101.79,DELAY_LATE_AIRCRAFT|DELAY_CARRIER|DELAY_NAS
LIH,11,814,-4.23,-8.69,54,32.61,23.11,11,95.64,90.73,DELAY_LATE_AIRCRAFT|DELAY_CARRIER|DELAY_NAS
LIH,12,855,-3.45,-8.44,78,29.42,23.69,21,194.62,181.95,DELAY_LATE_AIRCRAFT|DELAY_CARRIER|DELAY_NAS
LIT,1,457,-3.7,-5.33,91,33.21,28.81,64,135.8,140.64,DELAY_LATE_AIRCRAFT|DELAY_NAS|DELAY_CARRIER
LIT,2,516,-4.96,-8.77,45,30.47,25.0,18,135.5,125.78,DELAY_LATE_AIRCRAFT|DELAY_CARRIER|DELAY_NAS
LIT,3,575,-4.61,-10.37,62,32.26,26.94,43,133.19,128.86,DELAY_LATE_AIRCRAFT|DELAY_CARRIER|DELAY_NAS
LIT,4,632,-3.71,-8.96,73,28.44,23.44,53,174.47,174.94,DELAY_LATE_AIRCRAFT|DELAY_CARRIER|DELAY_NAS
LIT,5,533,-2.1,-6.9,136,31.05,28.42,98,158.23,167.44,DELAY_LATE_AIRCRAFT|DELAY_CARRIER|DELAY_NAS
LIT,6,580,-2.33,-6.44,113,30.94,27.27,69,161.17,160.96,DELAY_LATE_AIRCRAFT|DELAY_CARRIER|DELAY_NAS
LIT,7,580,-1.68,-4.11,151,32.38,32.02,90,147.2,147.28,DELAY_LATE_AIRCRAFT|DELAY_CARRIER|DELAY_NAS
LIT,8,649,-3.52,-8.73,95,30.73,26.66,46,167.5,164.22,DELAY_LATE_AIRCRAFT|DELAY_NAS|DELAY_CARRIER
LIT,9,621,-3.72,-8.5,76,30.57,22.66,38,163.55,159.79,DELAY_LATE_AIRCRAFT|DELAY_CARRIER|DELAY_NAS
LIT,10,711,-3.46,-8.83,60,31.35,25.98,29,221.79,211.83,DELAY_NAS|DELAY_CARRIER|DELAY_LATE_AIRCRAFT
LIT,11,648,-3.99,-9.28,71,33.51,30.21,20,162.8,165.45,DELAY_CARRIER|DELAY_LATE_AIRCRAFT|DELAY_NAS
LIT,12,530,-2.85,-8.25,96,30.91,26.49,47,129.96,130.74,DELAY_LATE_AIRCRAFT|DELAY_CARRIER|DELAY_NAS
LNK,1,18,-4.17,-6.72,5,27.4,33.4,6,156.0,162.17,DELAY_LATE_AIRCRAFT|CANC_WEATHER|DELAY_NAS
LNK,2,30,-7.87,-16.1,3,21.67,8.0,1,65.0,57.0,DELAY_CARRIER
LNK,3,27,-6.85,-15.37,2,35.0,25.0,1,497.0,476.0,DELAY_CARRIER|DELAY_LATE_AIRCRAFT
LNK,4,45,-4.78,-10.11,7,45.57,40.43,8,395.25,389.88,DELAY_CARRIER|DELAY_LATE_AIRCRAFT|DELAY_WEATHER
LNK,5,56,-4.8,-8.98,14,36.43,40.93,15,225.73,221.93,DELAY_CARRIER|DELAY_LATE_AIRCRAFT|DELAY_NAS
LNK,6,118,-5.5,-10.42,15,37.2,29.6,8,198.13,190.75,DELAY_CARRIER|DELAY_LATE_AIRCRAFT|DELAY_WEATHER
LNK,7,112,-6.86,-10.76,11,31.27,26.0,11,152.27,139.0,DELAY_CARRIER|DELAY_LATE_AIRCRAFT|DELAY_NAS
LNK,8,108,-5.7,-10.07,18,32.28,24.0,14,225.43,225.21,DELAY_CARRIER|DELAY_LATE_AIRCRAFT|DELAY_NAS
LNK,9,123,-6.39,-16.07,9,36.78,23.11,9,276.0,261.11,DELAY_CARRIER|DELAY_LATE_AIRCRAFT|DELAY_WEATHER
LNK,10,161,-6.75,-13.39,8,36.25,26.88,5,143.6,123.4,DELAY_CARRIER|DELAY_WEATHER|DELAY_LATE_AIRCRAFT
LNK,11,137,-5.84,-13.45,13,34.69,23.92,8,129.5,117.38,DELAY_CARRIER|DELAY_LATE_AIRCRAFT|DELAY_NAS
LNK,12,105,-5.92,-11.24,13,32.69,23.62,13,161.92,144.54,DELAY_CARRIER|DELAY_LATE_AIRCRAFT|DELAY_NAS
LRD,1,65,-4.4,-7.05,10,22.2,29.3,11,145.82,137.82,DELAY_LATE_AIRCRAFT|DELAY_NAS|DELAY_CARRIER
LRD,2,77,-5.75,-4.49,8,36.13,40.63,2,150.0,150.5,DELAY_LATE_AIRCRAFT|DELAY_NAS|DELAY_CARRIER
LRD,3,70,-4.3,-2.67,10,31.1,34.4,6,99.0,96.67,DELAY_LATE_AIRCRAFT|DELAY_NAS|CANC_WEATHER
LRD,4,85,-5.32,-8.49,3,50.33,45.33,11,156.64,156.36,DELAY_LATE_AIRCRAFT|CANC_NAS|DELAY_NAS
LRD,5,79,-3.46,-3.86,13,35.23,34.08,19,242.16,251.58,DELAY_LATE_AIRCRAFT|DELAY_NAS|CANC_WEATHER
LRD,6,83,-3.2,-4.39,23,32.22,32.87,9,115.22,110.0,DELAY_LATE_AIRCRAFT|DELAY_NAS|DELAY_CARRIER
LRD,7,86,-3.49,-2.94,13,33.85,32.0,13,171.38,170.69,DELAY_LATE_AIRCRAFT|DELAY_NAS|DELAY_CARRIER
LRD,8,99,-7.09,-9.74,11,32.64,29.36,3,181.0,173.67,DELAY_LATE_AIRCRAFT|DELAY_NAS|DELAY_CARRIER
LRD,9,86,-4.73,-7.35,3,29.33,28.33,4,461.25,454.5,DELAY_CARRIER|DELAY_LATE_AIRCRAFT|DELAY_NAS
LRD,10,98,-5.63,-11.03,5,35.0,31.6,6,140.83,138.0,DELAY_LATE_AIRCRAFT|DELAY_CARRIER|DELAY_NAS
LRD,11,82,-6.52,-9.6,6,25.33,18.17,8,99.88,98.38,DELAY_LATE_AIRCRAFT|DELAY_NAS|DELAY_CARRIER
LRD,12,96,-4.23,-3.72,11,23.36,17.36,9,205.78,209.33,DELAY_LATE_AIRCRAFT|DELAY_NAS|CANC_WEATHER
LSE,1,1,1.0,1.0,2,28.5,5.5,1,113.0,99.0,CANC_WEATHER|DELAY_CARRIER
LSE,2,4,-6.0,-20.0,0,,,0,,,N/D
LSE,5,28,-2.5,-4.0,4,37.5,35.25,6,145.33,149.17,DELAY_LATE_AIRCRAFT|DELAY_NAS|DELAY_CARRIER
LSE,6,9,-3.67,-11.0,1,15.0,16.0,0,,,DELAY_LATE_AIRCRAFT
LSE,7,26,-4.46,-3.5,3,24.67,21.67,2,170.0,162.0,DELAY_LATE_AIRCRAFT|DELAY_NAS|CANC_NAS
LSE,8,25,-2.36,-4.44,2,30.5,23.5,1,366.0,361.0,DELAY_NAS|CANC_WEATHER|DELAY_CARRIER
LSE,9,46,-5.02,-4.7,4,37.25,40.5,2,91.0,100.5,DELAY_LATE_AIRCRAFT|DELAY_CARRIER|DELAY_NAS
LSE,10,24,-6.54,-8.08,1,17.0,17.0,1,129.0,119.0,DELAY_CARRIER|DELAY_NAS
LSE,11,31,-4.94,-16.06,1,21.0,21.0,2,581.5,584.5,CANC_CARRIER|DELAY_CARRIER|DELAY_LATE_AIRCRAFT
LSE,12,6,-2.5,-6.5,0,,,0,,,N/D
LWS,1,49,-2.94,-0.59,8,30.5,18.38,11,122.55,115.91,DELAY_CARRIER|DELAY_LATE_AIRCRAFT|CANC_WEATHER
LWS,2,53,-3.55,-10.89,3,23.33,24.67,3,323.33,319.0,DELAY_CARRIER|DELAY_LATE_AIRCRAFT|CANC_WEATHER
LWS,3,59,-4.56,-6.56,2,32.0,23.5,3,220.67,221.33,DELAY_CARRIER|DELAY_LATE_AIRCRAFT|CANC_WEATHER
LWS,4,56,-4.45,-7.55,2,22.0,14.0,3,89.0,77.33,DELAY_CARRIER|DELAY_WEATHER
LWS,5,59,-4.17,-6.46,5,24.6,24.8,1,523.0,510.0,DELAY_CARRIER|DELAY_WEATHER
LWS,6,52,-3.4,-11.88,3,19.67,-2.33,3,278.33,259.0,DELAY_CARRIER
LWS,7,59,-2.63,-9.8,4,42.75,37.75,0,,,DELAY_CARRIER|DELAY_WEATHER
LWS,8,59,-4.32,-9.08,6,25.17,19.17,2,93.5,90.5,DELAY_CARRIER|DELAY_WEATHER
LWS,9,55,-4.22,-6.27,3,44.33,39.67,3,443.0,435.33,DELAY_CARRIER|DELAY_LATE_AIRCRAFT|DELAY_NAS
LWS,10,56,-4.39,-6.38,8,26.13,20.5,2,269.0,258.0,DELAY_CARRIER|DELAY_NAS|DELAY_SECURITY
LWS,11,64,-4.56,-5.7,3,32.0,18.67,0,,,DELAY_CARRIER|DELAY_WEATHER
LWS,12,63,-3.21,-8.49,1,57.0,89.0,5,302.6,298.6,DELAY_CARRIER|DELAY_WEATHER|CANC_WEATHER
MAF,1,371,-4.62,-8.15,45,33.47,31.2,33,130.39,132.15,DELAY_LATE_AIRCRAFT|DELAY_CARRIER|DELAY_NAS
MAF,2,401,-4.73,-8.89,21,29.0,21.62,11,200.91,195.36,DELAY_LATE_AIRCRAFT|DELAY_CARRIER|DELAY_NAS
MAF,3,426,-3.7,-7.54,36,32.08,28.69,31,154.97,148.77,DELAY_LATE_AIRCRAFT|DELAY_NAS|DELAY_CARRIER
MAF,4,480,-4.82,-9.14,55,35.67,33.07,40,156.6,153.23,DELAY_LATE_AIRCRAFT|DELAY_CARRIER|DELAY_NAS
MAF,5,388,-2.47,-6.12,94,33.43,32.31,76,172.53,172.21,DELAY_LATE_AIRCRAFT|DELAY_CARRIER|DELAY_NAS
MAF,6,430,-2.72,-5.92,88,30.7,30.43,55,145.38,144.11,DELAY_CARRIER|DELAY_LATE_AIRCRAFT|DELAY_NAS
MAF,7,410,-2.9,-4.9,89,29.56,27.07,52,138.6,135.42,DELAY_LATE_AIRCRAFT|DELAY_CARRIER|DELAY_NAS
MAF,8,525,-4.66,-7.76,57,29.61,26.46,32,157.41,152.56,DELAY_LATE_AIRCRAFT|DELAY_CARRIER|DELAY_NAS
MAF,9,459,-4.73,-9.31,52,31.19,26.19,16,174.31,167.5,DELAY_CARRIER|DELAY_LATE_AIRCRAFT|DELAY_NAS
MAF,10,533,-5.12,-9.48,39,32.21,25.64,21,171.1,165.43,DELAY_CARRIER|DELAY_LATE_AIRCRAFT|DELAY_NAS
MAF,11,499,-4.77,-10.52,31,32.13,30.32,25,131.56,123.32,DELAY_LATE_AIRCRAFT|DELAY_CARRIER|DELAY_NAS
MAF,12,478,-4.15,-9.17,52,30.42,26.27,34,161.0,159.68,DELAY_LATE_AIRCRAFT|DELAY_CARRIER|DELAY_NAS
MBS,1,59,-4.36,-9.63,15,38.27,47.07,23,167.78,163.7,CANC_WEATHER|DELAY_CARRIER|DELAY_WEATHER
MBS,2,99,-6.7,-16.88,4,41.5,44.5,6,270.5,256.5,DELAY_CARRIER|DELAY_LATE_AIRCRAFT|DELAY_WEATHER
MBS,3,103,-6.03,-9.57,4,25.75,35.25,9,210.78,199.67,DELAY_LATE_AIRCRAFT|DELAY_CARRIER|DELAY_NAS
MBS,4,99,-6.81,-11.37,7,33.43,34.86,8,158.13,158.88,DELAY_CARRIER|DELAY_LATE_AIRCRAFT|DELAY_NAS
MBS,5,92,-6.08,-10.23,14,37.14,33.43,16,116.94,115.31,DELAY_CARRIER|DELAY_LATE_AIRCRAFT|DELAY_NAS
MBS,6,108,-4.73,-7.4,7,36.43,34.29,16,183.25,181.19,DELAY_CARRIER|DELAY_WEATHER|CANC_WEATHER
MBS,7,104,-5.29,-9.94,15,34.13,30.0,11,118.18,119.09,DELAY_CARRIER|DELAY_LATE_AIRCRAFT|DELAY_WEATHER
MBS,8,107,-4.35,-7.43,13,33.23,28.85,10,252.1,248.1,DELAY_CARRIER|DELAY_LATE_AIRCRAFT|DELAY_NAS
MBS,9,122,-6.66,-10.87,9,39.0,31.56,5,153.2,151.8,DELAY_CARRIER|DELAY_LATE_AIRCRAFT|DELAY_NAS
MBS,10,125,-6.24,-10.02,15,28.33,23.2,7,200.57,194.14,DELAY_CARRIER|DELAY_LATE_AIRCRAFT|DELAY_WEATHER
MBS,11,123,-5.35,-10.0,8,34.25,30.5,13,143.77,140.38,DELAY_CARRIER|DELAY_WEATHER|DELAY_NAS
MBS,12,94,-3.54,-8.18,23,30.57,29.87,19,147.26,145.11,DELAY_CARRIER|DELAY_WEATHER|DELAY_LATE_AIRCRAFT
MCI,1,1910,-2.31,-4.25,384,31.23,31.79,204,156.18,166.6,DELAY_NAS|DELAY_LATE_AIRCRAFT|DELAY_CARRIER
MCI,2,2159,-3.18,-9.02,210,29.08,23.92,80,182.33,177.53,DELAY_NAS|DELAY_LATE_AIRCRAFT|DELAY_CARRIER
MCI,3,2457,-2.85,-9.43,341,30.38,23.8,117,143.26,143.2,DELAY_LATE_AIRCRAFT|DELAY_NAS|DELAY_CARRIER
MCI,4,2343,-2.64,-8.78,353,30.72,24.71,137,151.53,148.2,DELAY_LATE_AIRCRAFT|DELAY_CARRIER|DELAY_NAS
MCI,5,2299,-1.68,-6.02,426,31.49,28.12,266,149.23,148.19,DELAY_LATE_AIRCRAFT|DELAY_NAS|DELAY_CARRIER
MCI,6,2444,-2.09,-6.69,436,30.43,26.73,209,170.07,166.23,DELAY_LATE_AIRCRAFT|DELAY_NAS|DELAY_CARRIER
MCI,7,2365,-2.07,-5.75,481,31.54,28.42,280,146.98,145.46,DELAY_LATE_AIRCRAFT|DELAY_NAS|DELAY_CARRIER
MCI,8,2459,-3.31,-7.78,329,30.78,27.45,171,143.01,138.6,DELAY_LATE_AIRCRAFT|DELAY_NAS|DELAY_CARRIER
MCI,9,2592,-3.69,-8.48,233,30.11,23.28,80,150.19,145.15,DELAY_LATE_AIRCRAFT|DELAY_NAS|DELAY_CARRIER
MCI,10,2741,-3.88,-9.62,240,28.59,21.92,82,166.51,161.38,DELAY_LATE_AIRCRAFT|DELAY_CARRIER|DELAY_NAS
MCI,11,2478,-3.64,-9.89,241,29.52,22.46,111,146.61,142.99,DELAY_LATE_AIRCRAFT|DELAY_NAS|DELAY_CARRIER
MCI,12,2325,-2.54,-11.41,347,29.69,19.62,138,160.86,151.67,DELAY_LATE_AIRCRAFT|DELAY_CARRIER|DELAY_NAS
MCO,1,7060,-1.49,-7.06,1816,30.67,26.49,860,146.99,144.83,DELAY_LATE_AIRCRAFT|DELAY_CARRIER|DELAY_NAS
MCO,2,7644,-2.54,-5.96,1244,30.38,25.83,567,127.79,121.96,DELAY_LATE_AIRCRAFT|DELAY_NAS|DELAY_CARRIER
MCO,3,7555,-1.67,-5.02,1935,31.9,29.71,1284,142.79,142.07,DELAY_LATE_AIRCRAFT|DELAY_NAS|DELAY_CARRIER
MCO,4,7765,-2.16,-7.72,1311,30.62,24.52,712,146.11,140.32,DELAY_LATE_AIRCRAFT|DELAY_CARRIER|DELAY_NAS
MCO,5,6859,-1.47,-5.1,1620,31.96,30.63,1042,137.47,137.4,DELAY_LATE_AIRCRAFT|DELAY_NAS|DELAY_CARRIER
MCO,6,6324,-1.59,-8.09,1568,32.37,26.83,1183,147.92,143.34,DELAY_LATE_AIRCRAFT|DELAY_CARRIER|DELAY_NAS
MCO,7,5939,-1.36,-6.31,1785,32.65,28.27,1402,147.55,143.45,DELAY_LATE_AIRCRAFT|DELAY_NAS|DELAY_CARRIER
MCO,8,5604,-1.74,-7.0,1544,32.25,28.52,1053,138.0,133.46,DELAY_LATE_AIRCRAFT|DELAY_NAS|DELAY_CARRIER
MCO,9,6305,-2.84,-8.06,846,29.99,25.62,321,128.78,123.5,DELAY_NAS|DELAY_CARRIER|DELAY_LATE_AIRCRAFT
MCO,10,6835,-3.1,-10.96,860,29.68,21.05,298,123.21,114.22,CANC_WEATHER|DELAY_CARRIER|DELAY_LATE_AIRCRAFT
MCO,11,7465,-3.23,-10.64,969,30.13,23.14,372,122.49,117.36,DELAY_CARRIER|DELAY_LATE_AIRCRAFT|DELAY_NAS
MCO,12,7290,-2.05,-9.23,1426,30.95,23.2,797,134.06,128.58,DELAY_LATE_AIRCRAFT|DELAY_CARRIER|DELAY_NAS
MCW,1,19,-7.53,-16.11,5,31.0,21.8,5,221.8,217.2,DELAY_LATE_AIRCRAFT|CANC_WEATHER|DELAY_NAS
MCW,2,29,-9.62,-22.21,0,,,2,152.5,155.0,CANC_WEATHER|DELAY_CARRIER|DELAY_LATE_AIRCRAFT
MCW,3,25,-7.92,-13.56,3,41.67,50.67,3,421.0,414.67,DELAY_LATE_AIRCRAFT|DELAY_CARRIER|DELAY_NAS
MCW,4,37,-9.35,-10.81,2,33.0,28.5,4,303.75,295.5,DELAY_LATE_AIRCRAFT|DELAY_CARRIER|CANC_CARRIER
MCW,5,27,-7.48,-3.67,3,34.67,36.67,4,126.0,123.5,DELAY_LATE_AIRCRAFT|DELAY_NAS|DELAY_CARRIER
MCW,6,32,-8.84,-12.94,2,30.0,28.5,5,122.0,114.4,DELAY_LATE_AIRCRAFT
MCW,7,20,-9.4,-9.6,4,46.5,53.25,5,266.2,268.2,DELAY_LATE_AIRCRAFT|DELAY_CARRIER|DELAY_NAS
MCW,8,27,-6.44,-10.22,6,30.17,37.17,7,182.43,183.86,DELAY_LATE_AIRCRAFT|DELAY_CARRIER|CANC_WEATHER
MCW,9,24,-9.63,-19.96,2,41.5,28.5,5,279.0,264.2,DELAY_LATE_AIRCRAFT|DELAY_CARRIER|DELAY_WEATHER
MCW,10,31,-9.19,-16.19,3,41.67,26.0,2,68.5,45.5,DELAY_CARRIER|DELAY_LATE_AIRCRAFT
MCW,11,30,-9.63,-10.2,2,48.0,51.5,7,490.14,487.0,DELAY_CARRIER|DELAY_LATE_AIRCRAFT|DELAY_WEATHER
MCW,12,33,-11.3,-12.21,3,22.33,24.67,4,130.5,136.75,DELAY_LATE_AIRCRAFT|CANC_WEATHER|DELAY_CARRIER
MDT,1,209,-6.1,-12.03,23,34.52,34.57,22,148.82,147.64,DELAY_NAS|DELAY_LATE_AIRCRAFT|DELAY_CARRIER
MDT,2,231,-5.12,-17.91,19,31.95,22.53,14,224.36,214.71,DELAY_CARRIER|DELAY_LATE_AIRCRAFT|DELAY_NAS
MDT,3,231,-5.29,-14.78,30,33.03,30.73,10,159.1,159.7,DELAY_LATE_AIRCRAFT|DELAY_NAS|DELAY_CARRIER
MDT,4,317,-4.92,-12.74,32,34.41,25.88,9,159.11,154.44,DELAY_LATE_AIRCRAFT|DELAY_CARRIER|DELAY_NAS
MDT,5,250,-3.79,-8.8,34,36.06,33.88,36,138.78,137.5,DELAY_LATE_AIRCRAFT|DELAY_CARRIER|DELAY_NAS
MDT,6,264,-4.76,-10.74,46,31.0,26.41,30,232.57,229.1,DELAY_CARRIER|DELAY_LATE_AIRCRAFT|DELAY_NAS
MDT,7,240,-4.78,-8.45,53,34.91,32.91,41,172.07,173.59,DELAY_CARRIER|DELAY_LATE_AIRCRAFT|DELAY_NAS
MDT,8,241,-2.83,-5.99,39,32.15,35.44,32,241.5,240.25,DELAY_CARRIER|DELAY_LATE_AIRCRAFT|DELAY_NAS
MDT,9,245,-4.55,-10.39,29,29.07,23.0,15,153.47,148.53,DELAY_CARRIER|DELAY_LATE_AIRCRAFT|DELAY_NAS
MDT,10,317,-4.79,-12.65,28,29.39,18.43,14,252.93,244.29,DELAY_CARRIER|DELAY_LATE_AIRCRAFT|DELAY_NAS
MDT,11,289,-4.34,-13.45,30,31.63,22.43,20,158.45,144.45,DELAY_CARRIER|DELAY_LATE_AIRCRAFT|DELAY_NAS
MDT,12,216,-2.77,-11.5,37,28.14,22.68,32,156.09,150.97,DELAY_CARRIER|DELAY_LATE_AIRCRAFT|DELAY_NAS
MDW,1,2789,-0.51,-6.01,723,30.69,26.59,286,139.19,136.66,DELAY_LATE_AIRCRAFT|CANC_WEATHER|DELAY_CARRIER
MDW,2,3179,-1.43,-11.13,397,29.06,20.61,91,121.66,112.35,DELAY_CARRIER|DELAY_LATE_AIRCRAFT|DELAY_NAS
MDW,3,3531,-0.75,-8.99,826,30.77,22.76,280,122.73,115.13,DELAY_LATE_AIRCRAFT|DELAY_CARRIER|DELAY_NAS
MDW,4,3726,-0.7,-7.35,815,30.47,24.44,254,117.91,112.44,DELAY_LATE_AIRCRAFT|DELAY_CARRIER|DELAY_NAS
MDW,5,3195,0.09,-4.66,1108,31.09,28.53,550,117.53,116.11,DELAY_LATE_AIRCRAFT|DELAY_CARRIER|DELAY_NAS
MDW,6,3463,0.7,-4.71,1312,30.77,27.0,490,127.24,126.64,DELAY_LATE_AIRCRAFT|DELAY_CARRIER|DELAY_NAS
MDW,7,3518,0.84,-4.0,1350,31.1,26.87,573,119.42,115.04,DELAY_LATE_AIRCRAFT|DELAY_CARRIER|DELAY_NAS
MDW,8,3713,-0.26,-6.83,974,30.14,26.85,341,112.71,108.78,DELAY_LATE_AIRCRAFT|DELAY_CARRIER|DELAY_NAS
MDW,9,3974,-0.79,-8.04,663,28.31,21.08,123,116.09,110.46,DELAY_CARRIER|DELAY_LATE_AIRCRAFT|DELAY_NAS
MDW,10,3907,-1.26,-10.26,576,28.61,18.74,127,115.31,104.36,DELAY_LATE_AIRCRAFT|DELAY_CARRIER|DELAY_NAS
MDW,11,3481,-1.78,-10.16,435,29.67,20.62,164,139.48,131.91,DELAY_LATE_AIRCRAFT|DELAY_CARRIER|DELAY_NAS
MDW,12,3112,-0.37,-9.93,778,29.33,21.51,221,113.68,106.33,DELAY_LATE_AIRCRAFT|DELAY_CARRIER|DELAY_NAS
MEI,1,31,-7.39,-31.23,1,23.0,1.0,2,105.0,62.5,CANC_WEATHER|DELAY_CARRIER|DELAY_LATE_AIRCRAFT
MEI,2,31,-8.19,-28.06,2,30.5,4.0,4,179.5,161.25,DELAY_CARRIER|DELAY_LATE_AIRCRAFT|DELAY_WEATHER
MEI,3,25,-6.84,-9.52,2,30.5,38.5,3,120.0,113.0,DELAY_NAS|DELAY_WEATHER|DELAY_LATE_AIRCRAFT
MEI,4,35,-8.06,-7.54,1,34.0,29.0,3,325.67,324.33,DELAY_CARRIER|DELAY_LATE_AIRCRAFT
MEI,5,29,-6.21,-0.17,3,32.0,35.33,7,262.86,281.29,DELAY_NAS|DELAY_LATE_AIRCRAFT|DELAY_CARRIER
MEI,6,30,-4.97,1.07,0,,,3,516.0,517.67,DELAY_CARRIER|DELAY_LATE_AIRCRAFT|DELAY_NAS
MEI,7,25,-4.92,-1.44,2,45.5,49.5,7,141.43,139.57,CANC_WEATHER|DELAY_LATE_AIRCRAFT|DELAY_CARRIER
MEI,8,33,-6.21,-7.88,5,20.6,15.4,0,,,DELAY_LATE_AIRCRAFT|DELAY_CARRIER|DELAY_NAS
MEI,9,32,-7.69,-7.19,2,20.5,18.0,1,371.0,371.0,DELAY_CARRIER|CANC_WEATHER
MEI,10,30,-7.1,-5.8,3,33.0,24.33,2,87.0,88.5,DELAY_CARRIER
MEI,11,33,-7.39,-8.48,3,29.67,32.67,1,61.0,73.0,DELAY_CARRIER|DELAY_NAS
MEI,12,30,-6.5,-7.2,4,30.25,31.0,1,164.0,193.0,DELAY_CARRIER|CANC_WEATHER|DELAY_LATE_AIRCRAFT
MEM,1,918,-3.95,-7.64,155,32.46,30.25,89,191.92,196.48,DELAY_NAS|DELAY_LATE_AIRCRAFT|DELAY_CARRIER
MEM,2,982,-4.52,-10.5,78,31.56,26.45,38,168.76,160.97,DELAY_CARRIER|DELAY_NAS|DELAY_LATE_AIRCRAFT
MEM,3,1090,-4.04,-10.53,132,31.87,24.94,62,156.9,153.34,DELAY_LATE_AIRCRAFT|DELAY_NAS|DELAY_CARRIER
MEM,4,1088,-3.96,-10.47,104,30.03,23.55,67,252.42,248.24,DELAY_LATE_AIRCRAFT|DELAY_CARRIER|DELAY_NAS
MEM,5,1042,-2.5,-8.12,208,31.64,25.92,131,170.09,172.98,DELAY_LATE_AIRCRAFT|DELAY_CARRIER|DELAY_NAS
MEM,6,1159,-3.02,-9.28,193,30.38,25.75,113,161.13,159.81,DELAY_LATE_AIRCRAFT|DELAY_CARRIER|DELAY_NAS
MEM,7,1061,-2.7,-8.07,199,31.42,25.53,174,168.63,167.56,DELAY_LATE_AIRCRAFT|DELAY_CARRIER|DELAY_NAS
MEM,8,1179,-4.07,-9.93,127,32.23,29.35,70,184.97,183.87,DELAY_LATE_AIRCRAFT|DELAY_NAS|DELAY_CARRIER
MEM,9,1144,-3.91,-10.01,116,29.91,24.34,58,162.57,157.88,DELAY_LATE_AIRCRAFT|DELAY_NAS|DELAY_CARRIER
MEM,10,1260,-3.8,-10.41,101,29.25,18.66,46,182.63,173.78,DELAY_NAS|DELAY_LATE_AIRCRAFT|DELAY_CARRIER
MEM,11,1116,-3.65,-10.3,92,32.77,24.55,50,111.42,109.52,DELAY_NAS|DELAY_LATE_AIRCRAFT|DELAY_CARRIER
MEM,12,1016,-2.81,-8.86,157,31.71,22.78,76,153.21,152.04,DELAY_LATE_AIRCRAFT|DELAY_NAS|DELAY_CARRIER
MFE,1,157,-4.11,-8.61,27,33.78,31.74,16,267.13,265.0,DELAY_LATE_AIRCRAFT|DELAY_NAS|DELAY_CARRIER
MFE,2,172,-4.91,-7.12,13,36.0,34.77,5,130.2,132.6,DELAY_CARRIER|DELAY_LATE_AIRCRAFT|DELAY_NAS
MFE,3,168,-4.2,-6.25,19,36.0,36.05,22,128.55,130.23,DELAY_LATE_AIRCRAFT|DELAY_NAS|DELAY_CARRIER
MFE,4,163,-4.03,-8.31,23,33.48,34.0,23,152.04,157.0,DELAY_LATE_AIRCRAFT|DELAY_CARRIER|DELAY_NAS
MFE,5,173,-4.05,-6.18,32,33.47,31.22,48,170.96,171.85,DELAY_CARRIER|DELAY_LATE_AIRCRAFT|CANC_WEATHER
MFE,6,203,-3.18,-4.1,37,31.78,27.49,32,199.09,199.78,DELAY_LATE_AIRCRAFT|DELAY_CARRIER|DELAY_NAS
MFE,7,240,-3.79,-3.22,47,32.0,34.04,49,164.8,165.61,DELAY_CARRIER|DELAY_LATE_AIRCRAFT|DELAY_NAS
MFE,8,268,-5.22,-8.51,27,30.74,28.85,31,168.87,169.94,DELAY_LATE_AIRCRAFT|DELAY_CARRIER|DELAY_NAS
MFE,9,261,-5.69,-9.01,22,31.05,27.09,14,126.93,117.07,DELAY_LATE_AIRCRAFT|DELAY_CARRIER|DELAY_NAS
MFE,10,295,-6.19,-9.93,27,34.52,29.41,9,229.44,224.78,DELAY_CARRIER|DELAY_LATE_AIRCRAFT|DELAY_NAS
MFE,11,231,-5.93,-11.07,30,35.17,29.37,22,128.41,132.68,DELAY_LATE_AIRCRAFT|DELAY_CARRIER|DELAY_NAS
MFE,12,256,-5.5,-10.57,21,30.71,21.24,22,121.77,125.68,DELAY_CARRIER|DELAY_LATE_AIRCRAFT|DELAY_NAS
MFR,1,228,-5.66,-15.03,13,29.23,16.77,24,211.63,200.29,DELAY_CARRIER|DELAY_LATE_AIRCRAFT|DELAY_WEATHER
MFR,2,193,-5.25,-12.38,19,32.42,24.42,13,110.77,107.92,DELAY_NAS|DELAY_CARRIER|DELAY_LATE_AIRCRAFT
MFR,3,207,-4.03,-8.4,24,33.58,26.83,17,148.88,150.88,DELAY_NAS|DELAY_CARRIER|DELAY_LATE_AIRCRAFT
MFR,4,201,-4.96,-7.08,17,30.0,27.0,12,219.17,217.67,DELAY_CARRIER|DELAY_NAS|DELAY_LATE_AIRCRAFT
MFR,5,215,-5.05,-9.98,30,32.5,28.63,17,172.0,167.47,DELAY_CARRIER|DELAY_LATE_AIRCRAFT|DELAY_NAS
MFR,6,210,-2.98,-7.0,32,29.5,23.97,13,114.62,109.0,DELAY_CARRIER|DELAY_NAS|DELAY_LATE_AIRCRAFT
MFR,7,209,-2.98,-8.1,23,30.87,25.52,26,134.62,130.12,DELAY_CARRIER|DELAY_LATE_AIRCRAFT|CANC_CARRIER
MFR,8,222,-4.06,-8.36,18,32.06,24.06,18,207.28,206.22,DELAY_CARRIER|DELAY_LATE_AIRCRAFT|DELAY_NAS
MFR,9,216,-4.87,-9.47,22,25.73,19.14,12,180.58,172.42,DELAY_CARRIER|DELAY_LATE_AIRCRAFT|DELAY_NAS
MFR,10,254,-5.53,-9.94,16,24.63,22.0,7,111.86,104.43,DELAY_CARRIER|DELAY_NAS|DELAY_LATE_AIRCRAFT
MFR,11,225,-5.69,-11.02,14,34.36,28.07,16,275.25,270.13,DELAY_CARRIER|DELAY_NAS|DELAY_WEATHER
MFR,12,199,-4.23,-10.99,21,36.38,27.48,20,215.4,204.1,DELAY_CARRIER|CANC_WEATHER|DELAY_LATE_AIRCRAFT
MGM,1,81,-2.16,-8.32,21,34.76,33.52,13,207.46,197.46,DELAY_LATE_AIRCRAFT|DELAY_CARRIER|DELAY_NAS
MGM,2,113,-5.19,-10.5,14,31.07,30.21,5,167.8,160.4,DELAY_LATE_AIRCRAFT|DELAY_NAS|DELAY_CARRIER
MGM,3,113,-3.79,-7.35,17,31.53,25.71,9,221.22,212.89,DELAY_LATE_AIRCRAFT|DELAY_CARRIER|DELAY_NAS
MGM,4,117,-4.53,-7.94,12,27.0,29.75,7,161.29,159.86,DELAY_NAS|DELAY_LATE_AIRCRAFT|DELAY_WEATHER
MGM,5,118,-3.75,-6.14,14,32.93,28.86,18,255.39,251.28,DELAY_CARRIER|DELAY_NAS|DELAY_WEATHER
MGM,6,119,-5.56,-9.36,16,29.06,19.44,11,194.73,188.18,DELAY_LATE_AIRCRAFT|DELAY_CARRIER|DELAY_NAS
MGM,7,110,-2.7,-4.11,19,29.58,32.74,28,145.29,145.93,DELAY_LATE_AIRCRAFT|DELAY_NAS|DELAY_CARRIER
MGM,8,144,-4.47,-8.1,22,30.41,23.36,7,314.14,313.86,DELAY_LATE_AIRCRAFT|DELAY_CARRIER|DELAY_NAS
MGM,9,126,-4.15,-9.06,14,30.36,28.36,11,115.82,113.18,DELAY_LATE_AIRCRAFT|DELAY_NAS|DELAY_CARRIER
MGM,10,149,-5.46,-16.35,10,36.0,26.6,7,109.71,104.71,DELAY_LATE_AIRCRAFT|DELAY_CARRIER|DELAY_NAS
MGM,11,117,-4.5,-11.85,21,34.57,31.43,5,161.6,155.4,DELAY_CARRIER|DELAY_NAS|DELAY_LATE_AIRCRAFT
MGM,12,111,-3.97,-9.09,31,36.06,32.48,17,231.35,227.82,DELAY_CARRIER|DELAY_LATE_AIRCRAFT|DELAY_NAS
MGW,12,15,-4.53,-8.53,3,31.0,39.0,7,274.57,261.0,DELAY_CARRIER|DELAY_LATE_AIRCRAFT|DELAY_NAS
MHK,1,46,-3.22,-9.98,10,30.5,25.3,6,175.67,176.17,DELAY_LATE_AIRCRAFT|DELAY_NAS|DELAY_CARRIER
MHK,2,45,-6.24,-16.98,1,15.0,-11.0,2,126.5,108.0,DELAY_CARRIER|DELAY_NAS
MHK,3,38,-3.53,-14.34,3,22.0,10.0,1,146.0,145.0,DELAY_LATE_AIRCRAFT|CANC_WEATHER|DELAY_NAS
MHK,4,36,-4.58,-17.06,4,32.25,20.25,3,100.33,82.33,DELAY_CARRIER|DELAY_NAS|DELAY_WEATHER
MHK,5,29,-3.41,-7.41,3,26.33,18.33,5,108.2,118.8,DELAY_LATE_AIRCRAFT|CANC_WEATHER|DELAY_NAS
MHK,6,40,-4.2,-13.83,9,33.56,27.11,3,236.33,235.67,DELAY_LATE_AIRCRAFT|CANC_CARRIER|DELAY_CARRIER
MHK,7,58,-3.43,-12.83,5,29.8,18.4,2,162.5,151.0,DELAY_LATE_AIRCRAFT|DELAY_NAS|DELAY_CARRIER
MHK,8,55,-6.47,-14.11,6,36.0,23.5,3,125.0,113.0,DELAY_LATE_AIRCRAFT|DELAY_CARRIER|DELAY_NAS
MHK,9,56,-5.66,-19.39,4,30.75,15.5,1,83.0,68.0,DELAY_NAS|DELAY_CARRIER
MHK,10,64,-3.94,-22.27,4,22.25,0.25,1,80.0,59.0,DELAY_LATE_AIRCRAFT
MHK,11,55,-2.85,-19.18,3,23.0,10.67,3,186.0,209.0,DELAY_LATE_AIRCRAFT|CANC_WEATHER|DELAY_NAS
MHK,12,51,-2.22,-16.9,8,20.5,7.0,2,108.5,101.5,CANC_WEATHER|DELAY_CARRIER|DELAY_NAS
MHT,1,191,-3.8,-9.59,25,28.52,21.64,25,132.56,140.92,DELAY_LATE_AIRCRAFT|DELAY_NAS|CANC_WEATHER
MHT,2,200,-4.54,-17.03,21,27.95,14.29,11,120.64,121.0,DELAY_LATE_AIRCRAFT|DELAY_NAS|DELAY_CARRIER
MHT,3,218,-3.56,-13.18,35,34.29,29.37,17,158.65,163.76,DELAY_LATE_AIRCRAFT|DELAY_NAS|DELAY_CARRIER
MHT,4,281,-3.7,-9.4,33,34.03,28.3,16,147.63,162.69,DELAY_LATE_AIRCRAFT|DELAY_NAS|DELAY_CARRIER
MHT,5,248,-3.72,-6.38,49,33.2,32.73,25,201.72,203.88,DELAY_LATE_AIRCRAFT|DELAY_NAS|DELAY_CARRIER
MHT,6,287,-3.36,-8.63,30,29.73,28.43,15,224.07,220.73,DELAY_LATE_AIRCRAFT|DELAY_NAS|DELAY_CARRIER
MHT,7,247,-3.24,-7.69,69,30.48,24.64,38,138.42,139.89,DELAY_LATE_AIRCRAFT|DELAY_NAS|DELAY_CARRIER
MHT,8,330,-3.33,-8.54,46,33.87,27.41,31,181.68,182.74,DELAY_LATE_AIRCRAFT|DELAY_NAS|DELAY_CARRIER
MHT,9,351,-4.86,-12.99,25,32.24,22.76,10,117.8,111.4,DELAY_LATE_AIRCRAFT|DELAY_NAS|DELAY_CARRIER
MHT,10,346,-4.22,-13.52,39,29.05,16.95,19,124.0,110.0,DELAY_LATE_AIRCRAFT|DELAY_CARRIER|DELAY_NAS
MHT,11,283,-4.92,-15.4,15,28.93,14.07,11,129.09,117.73,DELAY_LATE_AIRCRAFT|DELAY_NAS|DELAY_CARRIER
MHT,12,248,-4.88,-12.42,30,31.1,24.73,15,188.27,188.73,DELAY_LATE_AIRCRAFT|DELAY_NAS|DELAY_CARRIER
MIA,1,4775,-0.89,-5.09,1439,31.58,29.23,696,147.02,144.81,DELAY_LATE_AIRCRAFT|DELAY_CARRIER|DELAY_NAS
MIA,2,5164,-1.81,-3.18,1004,30.86,29.14,495,138.3,134.96,DELAY_NAS|DELAY_LATE_AIRCRAFT|DELAY_CARRIER
MIA,3,4990,-1.27,-4.44,1290,32.31,31.35,961,162.57,163.45,DELAY_LATE_AIRCRAFT|DELAY_NAS|DELAY_CARRIER
MIA,4,5142,-1.92,-6.91,954,31.37,26.33,515,152.56,148.13,DELAY_LATE_AIRCRAFT|DELAY_CARRIER|DELAY_NAS
MIA,5,4430,-1.1,-4.07,1292,32.99,31.05,862,147.85,146.91,DELAY_LATE_AIRCRAFT|DELAY_CARRIER|DELAY_NAS
MIA,6,3570,-1.09,-8.2,1186,33.16,29.44,937,163.64,158.71,DELAY_LATE_AIRCRAFT|DELAY_CARRIER|DELAY_NAS
MIA,7,3832,-1.19,-7.63,1210,32.91,28.26,927,160.0,153.82,DELAY_LATE_AIRCRAFT|DELAY_CARRIER|DELAY_NAS
MIA,8,3591,-1.2,-6.73,1147,33.16,28.8,980,147.25,142.53,DELAY_LATE_AIRCRAFT|DELAY_CARRIER|DELAY_NAS
MIA,9,4370,-2.98,-9.23,650,31.66,27.09,290,137.13,134.36,DELAY_NAS|DELAY_CARRIER|DELAY_LATE_AIRCRAFT
MIA,10,4845,-3.27,-11.76,578,31.11,22.07,289,136.19,127.54,DELAY_CARRIER|DELAY_LATE_AIRCRAFT|DELAY_NAS
MIA,11,5285,-2.77,-11.69,681,31.01,21.17,318,131.86,123.35,DELAY_CARRIER|DELAY_LATE_AIRCRAFT|DELAY_NAS
MIA,12,5077,-1.7,-9.42,1209,32.1,26.0,600,133.48,128.11,DELAY_LATE_AIRCRAFT|DELAY_CARRIER|DELAY_NAS
MKE,1,1082,-2.6,-6.96,187,33.6,32.6,134,198.07,199.38,DELAY_NAS|DELAY_LATE_AIRCRAFT|DELAY_CARRIER
MKE,2,1308,-4.45,-13.55,125,32.46,21.03,45,193.62,185.89,DELAY_NAS|DELAY_LATE_AIRCRAFT|DELAY_CARRIER
MKE,3,1462,-3.8,-10.61,206,33.64,30.69,126,141.66,138.38,DELAY_LATE_AIRCRAFT|DELAY_NAS|DELAY_CARRIER
MKE,4,1443,-4.12,-9.84,141,31.49,25.55,98,160.34,159.01,DELAY_LATE_AIRCRAFT|DELAY_CARRIER|DELAY_NAS
MKE,5,1330,-3.51,-8.02,196,31.98,27.73,152,171.13,174.83,DELAY_LATE_AIRCRAFT|DELAY_NAS|DELAY_CARRIER
MKE,6,1339,-3.45,-8.53,210,31.01,28.07,125,158.98,154.76,DELAY_LATE_AIRCRAFT|DELAY_NAS|DELAY_CARRIER
MKE,7,1337,-3.1,-8.0,244,32.12,30.82,174,168.69,167.55,DELAY_LATE_AIRCRAFT|DELAY_CARRIER|DELAY_NAS
MKE,8,1491,-3.52,-8.98,185,32.7,29.59,121,138.79,135.72,DELAY_LATE_AIRCRAFT|DELAY_CARRIER|DELAY_NAS
MKE,9,1460,-4.19,-10.33,141,28.77,24.09,68,153.04,149.93,DELAY_CARRIER|DELAY_NAS|DELAY_LATE_AIRCRAFT
MKE,10,1606,-4.13,-12.33,146,30.27,22.82,57,188.81,178.98,DELAY_CARRIER|DELAY_LATE_AIRCRAFT|DELAY_NAS
MKE,11,1354,-4.3,-11.68,134,31.23,23.78,60,148.53,141.38,DELAY_CARRIER|DELAY_LATE_AIRCRAFT|DELAY_NAS
MKE,12,1279,-3.12,-10.1,189,31.05,25.28,121,167.98,165.93,DELAY_LATE_AIRCRAFT|DELAY_CARRIER|DELAY_NAS
MLB,1,132,-8.5,-16.69,14,37.64,28.07,14,182.07,177.71,DELAY_LATE_AIRCRAFT|DELAY_CARRIER|DELAY_NAS
MLB,2,132,-7.67,-12.21,14,33.14,29.93,2,139.5,138.5,DELAY_LATE_AIRCRAFT|DELAY_CARRIER|DELAY_NAS
MLB,3,141,-6.99,-11.21,24,29.0,23.83,6,119.5,115.67,DELAY_LATE_AIRCRAFT|DELAY_CARRIER|DELAY_NAS
MLB,4,142,-6.82,-11.7,15,29.2,20.4,9,214.56,208.89,DELAY_LATE_AIRCRAFT|DELAY_CARRIER|DELAY_NAS
MLB,5,142,-6.83,-10.46,16,38.56,33.94,12,245.92,241.67,DELAY_LATE_AIRCRAFT|DELAY_NAS|DELAY_CARRIER
MLB,6,141,-6.46,-12.91,12,28.42,16.42,9,108.0,100.11,DELAY_LATE_AIRCRAFT|DELAY_CARRIER|DELAY_NAS
MLB,7,118,-4.37,-7.27,13,37.62,33.85,17,127.0,132.65,DELAY_LATE_AIRCRAFT|DELAY_NAS|CANC_CARRIER
MLB,8,121,-6.5,-10.92,15,34.8,25.53,17,122.35,129.82,DELAY_LATE_AIRCRAFT|DELAY_WEATHER|CANC_WEATHER
MLB,9,134,-6.49,-12.2,8,28.75,39.0,5,136.2,146.6,DELAY_NAS|DELAY_LATE_AIRCRAFT|DELAY_CARRIER
MLB,10,126,-7.54,-11.37,4,32.0,29.0,6,122.0,112.17,CANC_WEATHER|DELAY_LATE_AIRCRAFT|DELAY_NAS
MLB,11,162,-7.23,-10.54,13,28.92,22.92,4,143.0,140.5,DELAY_LATE_AIRCRAFT|DELAY_CARRIER|DELAY_NAS
MLB,12,137,-5.72,-9.44,25,29.4,25.08,7,168.57,176.57,DELAY_LATE_AIRCRAFT|DELAY_NAS|DELAY_CARRIER
MLI,1,150,-3.76,-8.2,28,31.04,38.61,31,203.71,210.16,CANC_WEATHER|DELAY_LATE_AIRCRAFT|DELAY_NAS
MLI,2,206,-5.51,-14.26,16,28.06,17.19,10,154.5,139.8,DELAY_NAS|DELAY_CARRIER|DELAY_LATE_AIRCRAFT
MLI,3,210,-5.68,-12.8,21,33.33,24.95,14,143.29,143.29,DELAY_NAS|DELAY_CARRIER|DELAY_LATE_AIRCRAFT
MLI,4,178,-4.76,-9.37,23,32.65,27.74,9,175.11,176.67,DELAY_LATE_AIRCRAFT|DELAY_CARRIER|DELAY_NAS
MLI,5,200,-4.43,-8.78,30,32.8,31.0,31,181.45,181.45,DELAY_LATE_AIRCRAFT|DELAY_NAS|DELAY_CARRIER
MLI,6,208,-4.99,-9.29,25,37.32,35.04,25,180.88,180.68,DELAY_LATE_AIRCRAFT|DELAY_CARRIER|DELAY_NAS
MLI,7,192,-4.51,-5.82,39,31.41,29.92,32,127.13,127.66,DELAY_LATE_AIRCRAFT|DELAY_CARRIER|DELAY_NAS
MLI,8,197,-5.01,-6.86,25,34.4,33.16,20,122.75,121.1,DELAY_LATE_AIRCRAFT|DELAY_CARRIER|DELAY_NAS
MLI,9,219,-5.36,-8.4,21,34.52,28.19,10,164.6,170.1,DELAY_CARRIER|DELAY_NAS|DELAY_LATE_AIRCRAFT
MLI,10,263,-5.98,-12.85,17,34.41,32.65,5,142.8,135.2,DELAY_CARRIER|DELAY_LATE_AIRCRAFT|CANC_WEATHER
MLI,11,218,-5.27,-8.36,21,31.29,28.43,13,105.38,108.31,DELAY_CARRIER|DELAY_LATE_AIRCRAFT|DELAY_NAS
MLI,12,195,-3.49,-13.77,25,36.12,23.56,25,263.8,261.6,DELAY_CARRIER|DELAY_LATE_AIRCRAFT|DELAY_NAS
MLU,1,80,-5.74,-5.95,15,28.87,27.8,14,190.14,196.5,DELAY_LATE_AIRCRAFT|DELAY_CARRIER|DELAY_NAS
MLU,2,90,-5.23,-4.33,5,33.4,35.8,3,127.67,116.0,DELAY_LATE_AIRCRAFT|DELAY_NAS|DELAY_CARRIER
MLU,3,97,-4.2,-4.88,13,35.46,31.46,5,160.6,157.8,DELAY_LATE_AIRCRAFT|DELAY_NAS|DELAY_CARRIER
MLU,4,81,-3.72,-3.44,14,31.57,27.93,6,106.17,109.0,DELAY_NAS|DELAY_LATE_AIRCRAFT|DELAY_WEATHER
MLU,5,88,-2.82,-6.56,8,29.25,23.13,14,182.93,179.57,DELAY_LATE_AIRCRAFT|DELAY_CARRIER|DELAY_NAS
MLU,6,92,-4.97,-11.28,10,32.0,19.0,13,118.31,112.31,DELAY_LATE_AIRCRAFT|DELAY_CARRIER|DELAY_WEATHER
MLU,7,104,-3.87,-8.42,17,33.41,38.18,16,140.19,140.13,DELAY_LATE_AIRCRAFT|DELAY_NAS|DELAY_CARRIER
MLU,8,115,-5.7,-8.51,6,26.0,26.0,5,159.4,144.6,DELAY_LATE_AIRCRAFT|DELAY_CARRIER|DELAY_NAS
MLU,9,113,-6.54,-9.35,14,30.36,31.86,11,159.18,153.73,DELAY_LATE_AIRCRAFT|DELAY_CARRIER|DELAY_NAS
MLU,10,121,-6.14,-12.24,5,40.6,35.0,3,203.0,191.67,DELAY_LATE_AIRCRAFT|DELAY_CARRIER|DELAY_NAS
MLU,11,94,-3.57,-9.52,7,34.14,21.71,9,217.67,218.33,DELAY_LATE_AIRCRAFT|DELAY_CARRIER|DELAY_NAS
MLU,12,98,-5.92,-11.12,5,32.0,23.6,7,131.0,126.0,DELAY_CARRIER|DELAY_NAS|CANC_WEATHER
MOB,1,108,-3.73,-8.95,12,34.08,27.75,11,197.82,201.0,DELAY_LATE_AIRCRAFT|DELAY_WEATHER|DELAY_CARRIER
MOB,2,159,-4.88,-11.01,13,28.54,23.77,5,210.6,212.4,DELAY_CARRIER|DELAY_LATE_AIRCRAFT|DELAY_NAS
MOB,3,113,-4.93,-8.04,14,32.14,25.0,9,124.44,120.22,DELAY_LATE_AIRCRAFT|DELAY_NAS|DELAY_CARRIER
MOB,4,121,-5.08,-7.75,16,27.0,37.31,3,150.33,200.33,DELAY_NAS|DELAY_LATE_AIRCRAFT|CANC_NAS
MOB,5,119,-3.45,-4.6,16,33.94,33.5,12,245.42,274.0,DELAY_NAS|DELAY_LATE_AIRCRAFT|DELAY_WEATHER
MOB,6,126,-4.79,-9.67,19,34.16,28.95,11,133.64,126.36,DELAY_LATE_AIRCRAFT|DELAY_CARRIER|DELAY_NAS
MOB,7,122,-4.0,-7.61,17,36.18,32.59,23,116.35,110.83,DELAY_LATE_AIRCRAFT|DELAY_CARRIER|DELAY_NAS
MOB,8,149,-4.39,-10.22,6,22.83,15.83,5,111.4,102.6,DELAY_LATE_AIRCRAFT|DELAY_NAS|DELAY_CARRIER
MOB,9,141,-4.7,-8.85,13,28.23,22.15,7,262.0,256.86,DELAY_NAS|DELAY_LATE_AIRCRAFT|DELAY_CARRIER
MOB,10,153,-4.99,-11.2,6,31.83,23.83,3,72.67,67.33,DELAY_CARRIER|DELAY_NAS|DELAY_LATE_AIRCRAFT
MOB,11,128,-4.47,-9.42,13,30.23,26.85,7,126.71,136.0,DELAY_LATE_AIRCRAFT|DELAY_CARRIER|DELAY_NAS
MOB,12,133,-3.8,-6.98,20,30.75,31.95,13,289.85,291.77,DELAY_LATE_AIRCRAFT|DELAY_NAS|DELAY_CARRIER
MOT,1,84,-3.52,-11.74,8,35.88,36.88,19,285.0,286.53,DELAY_CARRIER|CANC_WEATHER|DELAY_WEATHER
MOT,2,94,-5.9,-15.8,10,34.3,26.3,4,104.5,107.0,DELAY_CARRIER|CANC_WEATHER|DELAY_LATE_AIRCRAFT
MOT,3,120,-4.63,-13.03,5,24.0,34.6,3,123.33,114.33,DELAY_CARRIER|DELAY_NAS|CANC_WEATHER
MOT,4,120,-6.16,-13.28,8,30.13,15.75,6,150.83,139.33,DELAY_CARRIER|DELAY_NAS|DELAY_LATE_AIRCRAFT
MOT,5,113,-4.32,-11.85,15,29.4,16.27,6,99.33,96.17,DELAY_CARRIER|DELAY_NAS|DELAY_LATE_AIRCRAFT
MOT,6,106,-3.01,-2.09,21,34.57,35.62,13,206.46,215.69,DELAY_NAS|DELAY_CARRIER|DELAY_WEATHER
MOT,7,125,-3.29,-5.92,16,37.81,35.94,14,182.64,176.5,DELAY_CARRIER|DELAY_LATE_AIRCRAFT|DELAY_NAS
MOT,8,115,-5.0,-4.22,21,30.33,27.57,12,207.58,207.42,DELAY_CARRIER|DELAY_NAS|DELAY_WEATHER
MOT,9,106,-5.29,-7.84,13,36.46,31.54,3,349.67,348.33,DELAY_CARRIER|DELAY_NAS|DELAY_LATE_AIRCRAFT
MOT,10,134,-5.19,-14.08,11,26.18,18.55,3,250.67,245.0,DELAY_CARRIER|DELAY_LATE_AIRCRAFT|DELAY_NAS
MOT,11,116,-3.76,-9.77,11,36.91,44.36,12,135.08,140.92,DELAY_CARRIER|DELAY_WEATHER|DELAY_NAS
MOT,12,119,-3.92,-8.76,17,34.0,27.24,23,211.52,207.43,DELAY_CARRIER|DELAY_WEATHER|DELAY_LATE_AIRCRAFT
MQT,1,16,-5.13,-22.31,1,31.0,14.0,1,65.0,44.0,CANC_WEATHER|DELAY_LATE_AIRCRAFT
MQT,2,28,-6.32,-23.46,3,36.33,9.67,5,132.6,100.6,DELAY_LATE_AIRCRAFT|DELAY_CARRIER|DELAY_NAS
MQT,3,38,-6.42,-13.55,0,,,2,101.5,73.0,DELAY_NAS|DELAY_LATE_AIRCRAFT
MQT,4,31,-8.1,-10.71,1,59.0,47.0,7,248.71,246.14,DELAY_CARRIER|DELAY_WEATHER|CANC_WEATHER
MQT,5,50,-6.66,-8.0,6,40.5,46.33,2,117.5,133.0,DELAY_WEATHER|DELAY_CARRIER|DELAY_LATE_AIRCRAFT
MQT,6,47,-4.4,-8.45,7,33.71,48.14,4,132.25,147.25,DELAY_CARRIER|DELAY_LATE_AIRCRAFT|DELAY_NAS
MQT,7,48,-3.96,-6.85,12,32.17,26.5,5,184.8,185.0,DELAY_CARRIER|DELAY_WEATHER|DELAY_LATE_AIRCRAFT
MQT,8,45,-5.33,-8.69,13,28.85,31.38,4,216.5,217.5,DELAY_CARRIER|DELAY_LATE_AIRCRAFT|DELAY_NAS
MQT,9,54,-6.39,-10.48,6,24.83,23.0,2,91.0,86.0,DELAY_CARRIER|DELAY_NAS|DELAY_LATE_AIRCRAFT
MQT,10,45,-6.31,-12.78,2,42.5,37.5,4,133.5,124.0,DELAY_CARRIER|DELAY_LATE_AIRCRAFT|DELAY_NAS
MQT,11,36,-4.92,-15.47,3,47.33,42.33,1,97.0,79.0,DELAY_CARRIER|DELAY_NAS|CANC_WEATHER
MQT,12,24,-4.96,-17.33,12,28.08,16.75,7,231.57,217.86,DELAY_CARRIER|DELAY_WEATHER|CANC_WEATHER
MRY,1,181,-5.07,-12.6,22,26.32,21.91,16,125.5,116.38,DELAY_LATE_AIRCRAFT|DELAY_CARRIER|DELAY_NAS
MRY,2,176,-4.77,-9.51,12,29.17,25.08,12,360.58,353.42,DELAY_CARRIER|DELAY_LATE_AIRCRAFT|CANC_WEATHER
MRY,3,185,-5.53,-5.92,25,33.12,32.88,9,463.67,464.89,DELAY_NAS|DELAY_CARRIER|DELAY_LATE_AIRCRAFT
MRY,4,207,-5.48,-6.83,18,31.61,30.44,13,180.46,179.31,DELAY_CARRIER|DELAY_NAS|DELAY_LATE_AIRCRAFT
MRY,5,276,-6.26,-8.51,32,35.94,34.47,20,153.0,170.2,DELAY_LATE_AIRCRAFT|DELAY_CARRIER|DELAY_NAS
MRY,6,249,-4.93,-5.04,35,30.2,30.54,22,136.95,131.95,DELAY_CARRIER|DELAY_LATE_AIRCRAFT|DELAY_NAS
MRY,7,220,-4.58,-5.78,43,32.72,32.26,28,280.07,286.79,DELAY_LATE_AIRCRAFT|DELAY_CARRIER|DELAY_WEATHER
MRY,8,274,-4.98,-7.46,22,32.36,30.0,20,124.0,121.45,DELAY_NAS|DELAY_CARRIER|DELAY_LATE_AIRCRAFT
MRY,9,229,-4.93,-7.42,27,36.67,34.56,10,121.0,121.1,DELAY_LATE_AIRCRAFT|DELAY_CARRIER|DELAY_NAS
MRY,10,283,-6.35,-8.05,25,31.08,29.24,18,159.61,159.33,DELAY_CARRIER|DELAY_LATE_AIRCRAFT|DELAY_NAS
MRY,11,255,-5.65,-9.07,37,34.0,29.78,13,185.85,182.54,DELAY_LATE_AIRCRAFT|DELAY_CARRIER|DELAY_NAS
MRY,12,233,-4.88,-7.68,34,36.68,32.38,28,205.0,202.61,DELAY_CARRIER|DELAY_LATE_AIRCRAFT|DELAY_WEATHER
MSN,1,406,-3.69,-7.64,60,35.68,35.83,78,179.21,181.54,DELAY_CARRIER|DELAY_NAS|DELAY_LATE_AIRCRAFT
MSN,2,521,-5.4,-14.92,35,35.37,29.29,28,155.32,142.64,DELAY_CARRIER|DELAY_NAS|DELAY_LATE_AIRCRAFT
MSN,3,565,-5.23,-12.57,65,34.69,25.82,43,249.21,240.28,DELAY_LATE_AIRCRAFT|DELAY_CARRIER|DELAY_NAS
MSN,4,591,-6.02,-9.82,57,31.35,26.4,51,203.45,207.57,DELAY_CARRIER|DELAY_LATE_AIRCRAFT|DELAY_NAS
MSN,5,553,-4.71,-8.39,83,34.59,35.33,80,201.54,199.73,DELAY_LATE_AIRCRAFT|DELAY_CARRIER|DELAY_NAS
MSN,6,577,-4.79,-7.64,76,31.95,28.12,72,182.31,183.1,DELAY_LATE_AIRCRAFT|DELAY_CARRIER|DELAY_NAS
MSN,7,563,-4.94,-6.6,86,35.67,35.78,62,154.44,151.73,DELAY_LATE_AIRCRAFT|DELAY_CARRIER|DELAY_NAS
MSN,8,636,-5.69,-7.28,70,30.99,28.83,70,166.24,165.14,DELAY_LATE_AIRCRAFT|DELAY_CARRIER|DELAY_NAS
MSN,9,585,-6.26,-9.57,57,29.96,27.28,30,128.73,122.1,DELAY_CARRIER|DELAY_LATE_AIRCRAFT|DELAY_NAS
MSN,10,652,-6.21,-12.03,37,31.24,22.16,23,120.26,111.96,DELAY_CARRIER|DELAY_NAS|DELAY_LATE_AIRCRAFT
MSN,11,586,-6.14,-11.0,41,31.61,23.61,28,130.68,135.64,DELAY_NAS|DELAY_CARRIER|DELAY_LATE_AIRCRAFT
MSN,12,526,-4.06,-8.12,73,29.88,21.77,57,153.88,152.32,DELAY_CARRIER|DELAY_LATE_AIRCRAFT|DELAY_NAS
MSO,1,112,-2.02,-7.11,20,30.85,27.9,19,194.84,198.58,DELAY_NAS|DELAY_LATE_AIRCRAFT|DELAY_CARRIER
MSO,2,141,-4.91,-11.05,11,29.91,21.55,7,151.29,154.0,DELAY_NAS|DELAY_CARRIER|DELAY_LATE_AIRCRAFT
MSO,3,164,-5.18,-7.9,11,25.18,24.27,8,134.25,130.38,DELAY_NAS|DELAY_LATE_AIRCRAFT|DELAY_CARRIER
MSO,4,157,-5.44,-8.92,17,34.12,26.65,7,210.86,209.86,DELAY_CARRIER|DELAY_LATE_AIRCRAFT|DELAY_NAS
MSO,5,215,-2.78,-7.22,20,34.9,36.35,17,120.59,120.47,DELAY_NAS|DELAY_LATE_AIRCRAFT|DELAY_CARRIER
MSO,6,270,-3.7,-9.64,44,32.89,24.57,27,150.59,147.44,DELAY_CARRIER|DELAY_LATE_AIRCRAFT|DELAY_NAS
MSO,7,307,-1.86,-6.44,44,31.48,28.02,35,215.91,210.63,DELAY_LATE_AIRCRAFT|DELAY_CARRIER|DELAY_NAS
MSO,8,283,-2.44,-6.32,53,29.96,23.36,19,122.47,116.89,DELAY_CARRIER|DELAY_LATE_AIRCRAFT|DELAY_NAS
MSO,9,216,-3.65,-8.07,23,30.96,21.7,10,143.2,141.6,DELAY_LATE_AIRCRAFT|DELAY_CARRIER|DELAY_NAS
MSO,10,199,-4.67,-7.83,21,31.62,33.9,7,244.0,240.14,DELAY_LATE_AIRCRAFT|DELAY_CARRIER|DELAY_NAS
MSO,11,183,-5.05,-9.47,9,31.89,27.0,12,180.42,176.75,DELAY_CARRIER|DELAY_NAS|DELAY_LATE_AIRCRAFT
MSO,12,181,-4.24,-9.34,21,25.05,19.9,13,155.92,155.92,DELAY_CARRIER|DELAY_LATE_AIRCRAFT|DELAY_NAS
MSP,1,5288,-2.62,-12.35,720,31.57,24.36,481,164.21,157.7,DELAY_CARRIER|DELAY_NAS|DELAY_LATE_AIRCRAFT
MSP,2,5432,-3.32,-14.91,466,30.84,18.66,218,149.47,140.21,DELAY_CARRIER|DELAY_NAS|DELAY_LATE_AIRCRAFT
MSP,3,5946,-2.98,-10.18,725,31.17,27.5,378,142.02,141.88,DELAY_NAS|DELAY_CARRIER|DELAY_LATE_AIRCRAFT
MSP,4,6318,-3.33,-9.49,635,31.06,24.91,294,141.54,136.48,DELAY_CARRIER|DELAY_NAS|DELAY_LATE_AIRCRAFT
MSP,5,6240,-2.69,-5.81,836,31.26,29.16,488,136.01,133.97,DELAY_CARRIER|DELAY_NAS|DELAY_LATE_AIRCRAFT
MSP,6,5539,-1.4,-3.35,1503,32.62,31.76,816,134.72,133.88,DELAY_CARRIER|DELAY_LATE_AIRCRAFT|DELAY_NAS
MSP,7,5527,-1.47,-5.7,1403,33.08,28.2,953,150.86,146.17,DELAY_CARRIER|DELAY_LATE_AIRCRAFT|DELAY_NAS
MSP,8,6252,-1.95,-6.68,1280,32.64,29.35,583,134.89,132.47,DELAY_CARRIER|DELAY_NAS|DELAY_LATE_AIRCRAFT
MSP,9,6689,-3.7,-11.22,578,31.31,22.76,208,114.62,106.61,DELAY_CARRIER|DELAY_NAS|DELAY_LATE_AIRCRAFT
MSP,10,6957,-4.0,-11.22,508,31.23,24.04,185,139.33,130.36,DELAY_CARRIER|DELAY_NAS|DELAY_LATE_AIRCRAFT
MSP,11,6363,-3.83,-9.41,512,31.27,25.41,228,131.89,129.25,DELAY_CARRIER|DELAY_NAS|DELAY_LATE_AIRCRAFT
MSP,12,5834,-2.02,-8.04,904,31.71,26.84,532,153.63,150.6,DELAY_CARRIER|DELAY_NAS|DELAY_LATE_AIRCRAFT
MSY,1,2090,-2.3,-7.53,446,31.65,25.73,233,157.17,154.45,DELAY_LATE_AIRCRAFT|DELAY_NAS|DELAY_CARRIER
MSY,2,2396,-2.8,-7.74,325,31.09,24.93,113,129.15,123.12,DELAY_LATE_AIRCRAFT|DELAY_NAS|DELAY_CARRIER
MSY,3,2354,-2.13,-7.73,497,31.12,25.75,216,146.71,143.51,DELAY_LATE_AIRCRAFT|DELAY_NAS|DELAY_CARRIER
MSY,4,2411,-2.57,-8.51,369,30.45,25.36,213,177.85,176.23,DELAY_LATE_AIRCRAFT|DELAY_NAS|DELAY_CARRIER
MSY,5,2168,-1.14,-4.28,558,30.72,28.56,370,153.91,154.13,DELAY_LATE_AIRCRAFT|DELAY_NAS|DELAY_CARRIER
MSY,6,2138,-2.08,-6.48,494,30.71,27.04,213,170.62,169.99,DELAY_LATE_AIRCRAFT|DELAY_NAS|DELAY_CARRIER
MSY,7,1860,-1.32,-6.56,566,32.73,29.17,410,149.73,147.0,DELAY_LATE_AIRCRAFT|DELAY_CARRIER|DELAY_NAS
MSY,8,2051,-2.73,-8.68,399,31.01,25.97,206,145.89,140.67,DELAY_LATE_AIRCRAFT|DELAY_NAS|DELAY_CARRIER
MSY,9,2065,-3.0,-8.46,308,30.76,25.5,101,137.44,131.27,DELAY_LATE_AIRCRAFT|DELAY_CARRIER|DELAY_NAS
MSY,10,2679,-2.41,-8.92,321,28.91,21.66,104,130.85,123.43,DELAY_LATE_AIRCRAFT|DELAY_CARRIER|DELAY_NAS
MSY,11,2504,-2.7,-8.87,335,30.21,24.24,125,128.93,126.44,DELAY_LATE_AIRCRAFT|DELAY_NAS|DELAY_CARRIER
MSY,12,2279,-2.75,-8.6,425,31.31,24.34,205,143.02,140.5,DELAY_LATE_AIRCRAFT|DELAY_NAS|DELAY_CARRIER
MTJ,1,220,-4.14,-9.09,34,30.62,24.74,31,154.23,154.52,DELAY_LATE_AIRCRAFT|DELAY_CARRIER|DELAY_NAS
MTJ,2,181,-3.57,-10.84,43,30.4,22.09,19,140.21,144.26,DELAY_LATE_AIRCRAFT|DELAY_NAS|DELAY_CARRIER
MTJ,3,225,-4.99,-8.99,31,33.97,30.42,12,209.58,204.08,DELAY_LATE_AIRCRAFT|DELAY_NAS|DELAY_CARRIER
MTJ,4,97,-5.51,-9.93,9,35.0,23.67,4,180.25,176.75,DELAY_LATE_AIRCRAFT|DELAY_CARRIER|DELAY_NAS
MTJ,5,82,-5.72,-10.98,13,23.77,17.38,14,124.71,131.0,DELAY_LATE_AIRCRAFT|DELAY_NAS|DELAY_WEATHER
MTJ,6,128,-5.19,-8.7,14,36.0,29.29,11,286.18,281.45,DELAY_NAS|DELAY_CARRIER|DELAY_LATE_AIRCRAFT
MTJ,7,135,-4.89,-10.9,22,27.23,22.68,20,133.6,125.7,DELAY_LATE_AIRCRAFT|DELAY_CARRIER|DELAY_NAS
MTJ,8,149,-4.98,-11.49,8,38.88,34.0,10,151.7,153.4,DELAY_LATE_AIRCRAFT|DELAY_NAS|DELAY_CARRIER
MTJ,9,129,-4.75,-13.41,10,29.6,13.6,5,110.8,96.8,DELAY_LATE_AIRCRAFT|DELAY_NAS|DELAY_CARRIER
MTJ,10,84,-5.15,-16.88,7,27.29,14.0,1,119.0,115.0,DELAY_LATE_AIRCRAFT|DELAY_CARRIER|DELAY_NAS
MTJ,11,65,-3.95,-13.12,12,30.83,17.25,7,86.14,89.0,DELAY_LATE_AIRCRAFT|DELAY_CARRIER|DELAY_NAS
MTJ,12,131,-4.96,-13.19,24,29.67,30.0,18,107.06,110.06,DELAY_LATE_AIRCRAFT|DELAY_NAS|DELAY_CARRIER
MVY,5,19,-11.53,-11.63,1,52.0,47.0,4,216.0,223.5,DELAY_LATE_AIRCRAFT|CANC_CARRIER|DELAY_NAS
MVY,6,127,-7.65,-11.1,12,33.67,50.33,19,243.26,249.21,DELAY_NAS|DELAY_LATE_AIRCRAFT|DELAY_CARRIER
MVY,7,199,-7.09,-8.26,26,32.58,31.27,23,142.13,140.48,DELAY_LATE_AIRCRAFT|DELAY_NAS|DELAY_CARRIER
MVY,8,159,-4.89,-4.91,35,32.0,33.89,26,202.08,205.73,DELAY_LATE_AIRCRAFT|DELAY_NAS|CANC_NAS
MVY,9,42,-9.52,-11.0,1,15.0,23.0,3,145.67,162.0,DELAY_NAS|DELAY_CARRIER|DELAY_LATE_AIRCRAFT
MVY,10,22,-14.5,-13.18,2,38.0,37.0,1,290.0,274.0,DELAY_LATE_AIRCRAFT
MYR,1,455,-7.58,-15.0,45,31.31,18.84,41,148.76,144.93,DELAY_LATE_AIRCRAFT|DELAY_NAS|DELAY_CARRIER
MYR,2,482,-7.35,-13.98,34,29.44,20.09,29,178.86,170.69,DELAY_LATE_AIRCRAFT|DELAY_NAS|DELAY_CARRIER
MYR,3,628,-5.59,-11.51,83,32.94,26.69,39,151.54,146.74,DELAY_LATE_AIRCRAFT|DELAY_NAS|DELAY_CARRIER
MYR,4,821,-6.9,-10.71,85,31.56,28.15,55,136.47,130.82,DELAY_LATE_AIRCRAFT|DELAY_NAS|DELAY_CARRIER
MYR,5,895,-5.42,-9.29,150,30.68,28.6,73,136.36,133.63,DELAY_LATE_AIRCRAFT|DELAY_NAS|DELAY_CARRIER
MYR,6,999,-5.56,-10.35,175,33.27,30.08,127,175.44,171.86,DELAY_LATE_AIRCRAFT|DELAY_NAS|DELAY_CARRIER
MYR,7,917,-5.08,-9.23,223,32.49,28.46,161,161.42,157.46,DELAY_LATE_AIRCRAFT|DELAY_NAS|DELAY_CARRIER
MYR,8,882,-4.85,-9.46,154,32.64,30.32,113,129.54,131.12,DELAY_LATE_AIRCRAFT|DELAY_NAS|CANC_WEATHER
MYR,9,875,-5.73,-12.1,78,28.82,24.12,44,126.34,122.95,DELAY_LATE_AIRCRAFT|DELAY_NAS|DELAY_CARRIER
MYR,10,873,-6.25,-11.28,59,31.63,24.95,40,128.3,120.88,DELAY_LATE_AIRCRAFT|DELAY_NAS|DELAY_CARRIER
MYR,11,613,-6.93,-12.37,68,30.09,27.5,26,146.77,143.0,DELAY_NAS|DELAY_LATE_AIRCRAFT|DELAY_CARRIER
MYR,12,500,-5.42,-12.19,74,32.46,26.69,47,125.79,119.11,DELAY_LATE_AIRCRAFT|DELAY_NAS|DELAY_CARRIER
OAJ,1,39,-4.51,-8.59,1,32.0,42.0,4,124.0,111.75,DELAY_LATE_AIRCRAFT|DELAY_NAS|CANC_WEATHER
OAJ,2,57,-5.11,-13.07,3,33.0,18.0,2,208.0,196.5,DELAY_CARRIER|DELAY_LATE_AIRCRAFT
OAJ,3,53,-3.32,-12.94,3,16.67,10.33,4,140.25,141.0,DELAY_CARRIER|DELAY_LATE_AIRCRAFT
OAJ,4,93,-4.94,-10.15,9,29.33,15.78,3,83.0,73.67,DELAY_LATE_AIRCRAFT|DELAY_CARRIER|DELAY_NAS
OAJ,5,59,-4.1,-7.76,8,32.25,30.5,9,145.89,143.67,DELAY_LATE_AIRCRAFT|DELAY_CARRIER|DELAY_NAS
OAJ,6,104,-5.02,-10.29,1,19.0,7.0,3,101.0,89.0,DELAY_LATE_AIRCRAFT|DELAY_NAS
OAJ,7,93,-3.71,-7.28,17,36.47,33.88,23,152.96,153.13,DELAY_LATE_AIRCRAFT|DELAY_CARRIER|DELAY_NAS
OAJ,8,105,-4.54,-6.34,14,31.21,21.0,11,171.09,170.36,DELAY_LATE_AIRCRAFT|DELAY_CARRIER|DELAY_NAS
OAJ,9,147,-4.23,-9.48,12,30.5,29.75,9,213.56,205.0,DELAY_LATE_AIRCRAFT|DELAY_NAS|DELAY_CARRIER
OAJ,10,118,-4.59,-6.86,14,25.57,21.79,9,94.0,89.11,DELAY_LATE_AIRCRAFT|DELAY_NAS|DELAY_CARRIER
OAJ,11,97,-6.7,-11.66,5,21.2,4.4,7,134.0,119.29,DELAY_LATE_AIRCRAFT|DELAY_NAS|DELAY_CARRIER
OAJ,12,89,-4.43,-12.53,11,27.82,24.0,9,157.56,147.44,DELAY_NAS|DELAY_CARRIER|DELAY_LATE_AIRCRAFT
OAK,1,1921,-1.4,-7.38,369,29.67,22.88,103,111.3,105.7,DELAY_LATE_AIRCRAFT|DELAY_CARRIER|DELAY_NAS
OAK,2,1719,-1.01,-8.16,315,28.79,21.95,106,113.25,107.97,DELAY_LATE_AIRCRAFT|DELAY_CARRIER|DELAY_NAS
OAK,3,1937,-1.25,-7.36,355,30.09,25.2,127,115.57,112.02,DELAY_LATE_AIRCRAFT|DELAY_CARRIER|DELAY_NAS
OAK,4,2002,-1.43,-7.66,315,28.87,22.14,85,103.85,97.82,DELAY_LATE_AIRCRAFT|DELAY_CARRIER|DELAY_NAS
OAK,5,2016,-0.72,-7.31,371,29.64,22.48,128,115.79,109.23,DELAY_LATE_AIRCRAFT|DELAY_CARRIER|DELAY_NAS
OAK,6,1913,-0.71,-7.19,464,31.01,24.18,137,110.51,104.42,DELAY_LATE_AIRCRAFT|DELAY_CARRIER|DELAY_NAS
OAK,7,1930,-0.75,-5.7,443,29.94,25.07,179,110.15,107.43,DELAY_LATE_AIRCRAFT|DELAY_CARRIER|DELAY_NAS
OAK,8,2000,-1.73,-8.49,343,31.13,24.72,129,112.39,106.54,DELAY_LATE_AIRCRAFT|DELAY_CARRIER|DELAY_NAS
OAK,9,1952,-1.88,-8.67,302,29.19,22.42,121,110.98,105.9,DELAY_LATE_AIRCRAFT|DELAY_CARRIER|DELAY_NAS
OAK,10,1965,-1.94,-9.16,289,29.24,23.08,98,120.88,116.99,DELAY_LATE_AIRCRAFT|DELAY_CARRIER|DELAY_NAS
OAK,11,1905,-2.11,-10.42,233,28.74,20.87,62,93.32,87.66,DELAY_LATE_AIRCRAFT|DELAY_CARRIER|DELAY_NAS
OAK,12,1712,-1.39,-9.45,352,30.14,21.6,128,121.84,116.75,DELAY_LATE_AIRCRAFT|DELAY_CARRIER|DELAY_NAS
OGG,1,1225,-1.75,-7.06,225,29.99,26.24,69,127.25,118.0,DELAY_LATE_AIRCRAFT|DELAY_CARRIER|CANC_CARRIER
OGG,2,1203,-2.64,-10.09,169,28.28,16.89,53,149.15,137.42,DELAY_LATE_AIRCRAFT|DELAY_CARRIER|DELAY_NAS
OGG,3,1420,-3.02,-8.33,151,29.46,22.62,37,162.35,155.43,DELAY_LATE_AIRCRAFT|DELAY_CARRIER|DELAY_NAS
OGG,4,1340,-2.82,-8.11,115,31.48,28.07,36,167.83,160.94,DELAY_CARRIER|DELAY_LATE_AIRCRAFT|DELAY_NAS
OGG,5,1274,-2.36,-4.31,183,30.03,29.44,45,119.22,119.64,DELAY_LATE_AIRCRAFT|DELAY_CARRIER|DELAY_NAS
OGG,6,1456,-2.54,-4.39,108,28.56,25.6,35,166.29,157.94,DELAY_LATE_AIRCRAFT|DELAY_CARRIER|DELAY_NAS
OGG,7,1465,-2.55,-5.71,172,29.06,24.7,47,188.64,181.89,DELAY_LATE_AIRCRAFT|DELAY_CARRIER|DELAY_NAS
OGG,8,1416,-2.84,-9.25,129,28.84,21.39,42,157.31,146.95,DELAY_LATE_AIRCRAFT|DELAY_CARRIER|CANC_CARRIER
OGG,9,1339,-3.99,-8.08,91,27.69,23.49,25,134.48,123.36,DELAY_LATE_AIRCRAFT|DELAY_CARRIER|DELAY_NAS
OGG,10,1317,-2.95,-7.27,114,28.61,23.09,24,98.38,91.5,DELAY_LATE_AIRCRAFT|DELAY_CARRIER|DELAY_NAS
OGG,11,1344,-3.93,-7.97,89,28.64,21.54,30,146.1,137.7,DELAY_LATE_AIRCRAFT|DELAY_CARRIER|DELAY_NAS
OGG,12,1431,-3.41,-8.47,127,29.71,22.42,40,132.55,123.58,DELAY_LATE_AIRCRAFT|DELAY_CARRIER|DELAY_NAS
OKC,1,954,-4.28,-6.43,117,32.65,32.51,77,170.18,170.12,DELAY_LATE_AIRCRAFT|DELAY_NAS|DELAY_CARRIER
OKC,2,968,-4.68,-7.44,77,32.23,29.12,40,132.95,127.45,DELAY_CARRIER|DELAY_NAS|DELAY_LATE_AIRCRAFT
OKC,3,1036,-4.18,-9.82,116,29.4,23.47,52,144.52,138.65,DELAY_LATE_AIRCRAFT|DELAY_CARRIER|DELAY_NAS
OKC,4,1103,-3.7,-8.45,120,31.28,26.95,47,147.09,140.19,DELAY_LATE_AIRCRAFT|DELAY_CARRIER|DELAY_NAS
OKC,5,1068,-2.13,-5.54,190,31.77,28.72,108,151.67,149.64,DELAY_LATE_AIRCRAFT|DELAY_CARRIER|DELAY_NAS
OKC,6,1127,-3.08,-7.62,205,29.47,25.25,98,189.21,186.68,DELAY_LATE_AIRCRAFT|DELAY_CARRIER|DELAY_NAS
OKC,7,1054,-2.93,-6.76,193,30.73,27.61,116,150.39,146.75,DELAY_LATE_AIRCRAFT|DELAY_CARRIER|DELAY_NAS
OKC,8,1152,-3.86,-8.18,133,31.52,27.38,99,178.76,174.55,DELAY_LATE_AIRCRAFT|DELAY_CARRIER|DELAY_NAS
OKC,9,1163,-4.21,-8.1,118,29.91,24.86,55,160.49,154.8,DELAY_CARRIER|DELAY_LATE_AIRCRAFT|DELAY_NAS
OKC,10,1278,-4.45,-9.26,96,32.68,25.57,60,141.12,138.3,DELAY_CARRIER|DELAY_LATE_AIRCRAFT|DELAY_NAS
OKC,11,1147,-4.21,-9.43,111,31.38,28.05,56,137.7,136.11,DELAY_CARRIER|DELAY_LATE_AIRCRAFT|DELAY_NAS
OKC,12,1112,-3.7,-9.28,130,31.6,25.8,68,145.71,144.28,DELAY_LATE_AIRCRAFT|DELAY_CARRIER|DELAY_NAS
OMA,1,975,-3.06,-6.42,164,33.71,34.89,144,178.85,188.81,DELAY_LATE_AIRCRAFT|DELAY_CARRIER|DELAY_NAS
OMA,2,1080,-4.75,-12.14,96,31.34,24.6,48,141.02,136.38,DELAY_LATE_AIRCRAFT|DELAY_NAS|DELAY_CARRIER
OMA,3,1161,-3.37,-9.92,160,31.14,23.56,82,149.45,142.83,DELAY_LATE_AIRCRAFT|DELAY_CARRIER|DELAY_NAS
OMA,4,1137,-3.5,-8.28,121,29.8,22.76,67,178.21,174.9,DELAY_LATE_AIRCRAFT|DELAY_CARRIER|DELAY_NAS
OMA,5,1046,-2.24,-5.27,245,31.31,29.18,151,175.26,173.46,DELAY_LATE_AIRCRAFT|DELAY_NAS|DELAY_CARRIER
OMA,6,1058,-2.16,-5.84,248,31.09,27.31,107,146.9,144.71,DELAY_LATE_AIRCRAFT|DELAY_CARRIER|DELAY_NAS
OMA,7,1088,-2.08,-5.25,220,30.98,28.79,135,154.16,153.95,DELAY_LATE_AIRCRAFT|DELAY_CARRIER|DELAY_NAS
OMA,8,1156,-3.36,-7.73,158,30.88,28.77,83,132.33,131.63,DELAY_LATE_AIRCRAFT|DELAY_NAS|DELAY_CARRIER
OMA,9,1178,-3.95,-8.93,90,30.89,25.36,43,147.63,145.02,DELAY_LATE_AIRCRAFT|DELAY_NAS|DELAY_CARRIER
OMA,10,1268,-3.83,-9.46,114,28.53,20.96,42,147.05,141.21,DELAY_CARRIER|DELAY_LATE_AIRCRAFT|DELAY_NAS
OMA,11,1167,-3.66,-10.21,106,28.64,20.65,35,142.2,135.49,DELAY_LATE_AIRCRAFT|DELAY_CARRIER|DELAY_NAS
OMA,12,1185,-2.91,-11.5,167,29.68,19.89,80,174.18,169.74,DELAY_CARRIER|DELAY_LATE_AIRCRAFT|DELAY_NAS
OME,1,16,-9.75,-14.56,2,16.0,11.0,1,69.0,73.0,CANC_WEATHER|DELAY_LATE_AIRCRAFT
OME,2,15,-10.27,-9.87,5,40.2,38.8,0,,,DELAY_LATE_AIRCRAFT|CANC_WEATHER|DELAY_CARRIER
OME,3,17,-11.41,-7.47,6,26.83,32.67,1,172.0,171.0,DELAY_LATE_AIRCRAFT|CANC_WEATHER|DELAY_CARRIER
OME,4,17,-13.94,-10.53,2,54.5,58.0,2,144.5,157.0,DELAY_LATE_AIRCRAFT|CANC_WEATHER
OME,5,23,-11.48,-6.52,1,31.0,30.0,0,,,DELAY_CARRIER|DELAY_LATE_AIRCRAFT
OME,6,18,-8.61,1.89,4,30.5,36.75,0,,,DELAY_LATE_AIRCRAFT|DELAY_NAS|DELAY_CARRIER
OME,7,16,-7.69,-1.63,6,28.33,36.83,0,,,DELAY_LATE_AIRCRAFT|DELAY_NAS
OME,8,8,-4.38,6.38,6,29.67,36.0,1,120.0,142.0,DELAY_LATE_AIRCRAFT|CANC_CARRIER|DELAY_CARRIER
OME,9,22,-10.77,-4.55,2,20.0,25.0,0,,,DELAY_LATE_AIRCRAFT|DELAY_NAS
OME,10,19,-12.89,-9.21,2,35.0,29.0,1,71.0,83.0,DELAY_LATE_AIRCRAFT|CANC_WEATHER
OME,11,20,-13.65,-9.65,0,,,0,,,DELAY_NAS
OME,12,18,-12.17,-8.56,1,27.0,24.0,0,,,DELAY_LATE_AIRCRAFT
ONT,1,1058,-3.45,-10.75,130,33.52,26.94,74,182.23,176.73,DELAY_LATE_AIRCRAFT|DELAY_CARRIER|DELAY_NAS
ONT,2,989,-3.09,-11.85,134,30.55,25.48,60,174.18,168.52,DELAY_LATE_AIRCRAFT|DELAY_NAS|DELAY_CARRIER
ONT,3,1148,-2.56,-8.55,196,33.49,28.88,81,164.85,165.64,DELAY_LATE_AIRCRAFT|DELAY_NAS|DELAY_CARRIER
ONT,4,1219,-2.63,-8.79,179,29.75,25.15,63,139.76,134.71,DELAY_LATE_AIRCRAFT|DELAY_NAS|DELAY_CARRIER
ONT,5,1266,-2.22,-7.74,215,30.5,26.8,104,169.29,164.32,DELAY_LATE_AIRCRAFT|DELAY_NAS|DELAY_CARRIER
ONT,6,1281,-2.2,-7.0,213,30.0,25.19,95,156.09,152.15,DELAY_LATE_AIRCRAFT|DELAY_CARRIER|DELAY_NAS
ONT,7,1367,-2.66,-7.87,227,32.56,28.27,88,145.74,138.65,DELAY_LATE_AIRCRAFT|DELAY_CARRIER|DELAY_NAS
ONT,8,1428,-3.64,-8.37,150,31.71,29.14,75,122.93,120.76,DELAY_LATE_AIRCRAFT|DELAY_CARRIER|DELAY_NAS
ONT,9,1404,-3.57,-10.35,161,29.59,22.64,70,154.77,149.93,DELAY_LATE_AIRCRAFT|DELAY_CARRIER|DELAY_NAS
ONT,10,1445,-3.5,-9.91,138,29.24,22.95,56,152.2,145.98,DELAY_LATE_AIRCRAFT|DELAY_CARRIER|DELAY_NAS
ONT,11,1347,-3.33,-10.43,138,31.37,23.26,50,139.48,132.58,DELAY_LATE_AIRCRAFT|DELAY_CARRIER|DELAY_NAS
ONT,12,1237,-2.74,-9.87,152,31.0,25.03,63,140.51,139.68,DELAY_LATE_AIRCRAFT|DELAY_CARRIER|DELAY_NAS
ORD,1,9333,-1.91,-6.84,2035,32.08,30.4,1708,151.54,149.98,DELAY_LATE_AIRCRAFT|DELAY_NAS|DELAY_CARRIER
ORD,2,12011,-3.3,-11.55,1157,30.83,22.81,602,137.73,131.41,DELAY_CARRIER|DELAY_LATE_AIRCRAFT|DELAY_NAS
ORD,3,12869,-2.81,-9.34,1703,31.83,25.03,945,125.47,118.97,DELAY_LATE_AIRCRAFT|DELAY_NAS|DELAY_CARRIER
ORD,4,13459,-2.36,-8.06,2000,31.27,27.07,1053,143.04,138.53,DELAY_LATE_AIRCRAFT|DELAY_CARRIER|DELAY_NAS
ORD,5,11747,-1.54,-4.49,2770,33.19,33.26,2481,159.75,160.33,DELAY_LATE_AIRCRAFT|DELAY_NAS|DELAY_CARRIER
ORD,6,11791,-1.27,-5.68,2815,32.69,29.63,2065,144.81,141.93,DELAY_LATE_AIRCRAFT|DELAY_CARRIER|DELAY_NAS
ORD,7,11379,-1.06,-5.75,2956,32.64,30.06,2270,147.34,143.79,DELAY_LATE_AIRCRAFT|DELAY_CARRIER|DELAY_NAS
ORD,8,12451,-1.43,-5.97,2952,32.73,31.02,2024,140.04,136.5,DELAY_LATE_AIRCRAFT|DELAY_CARRIER|DELAY_NAS
ORD,9,14745,-2.77,-8.98,1942,31.37,24.43,859,131.82,122.69,DELAY_CARRIER|DELAY_LATE_AIRCRAFT|DELAY_NAS
ORD,10,14983,-2.69,-10.11,1775,30.59,21.64,698,127.07,118.1,DELAY_CARRIER|DELAY_LATE_AIRCRAFT|DELAY_NAS
ORD,11,13204,-2.94,-8.05,1576,31.48,28.6,811,136.48,136.48,DELAY_CARRIER|DELAY_NAS|DELAY_LATE_AIRCRAFT
ORD,12,12303,-1.37,-8.31,2168,31.4,24.93,1292,143.14,136.6,DELAY_LATE_AIRCRAFT|DELAY_CARRIER|DELAY_NAS
ORF,1,868,-4.28,-9.33,98,32.86,28.15,69,170.51,166.97,DELAY_LATE_AIRCRAFT|DELAY_NAS|DELAY_CARRIER
ORF,2,881,-4.52,-10.22,71,31.42,23.63,33,138.15,130.91,DELAY_NAS|DELAY_LATE_AIRCRAFT|DELAY_CARRIER
ORF,3,939,-3.93,-11.47,116,31.61,24.66,75,158.12,154.75,DELAY_LATE_AIRCRAFT|DELAY_NAS|DELAY_CARRIER
ORF,4,988,-3.74,-8.55,134,31.93,24.79,75,163.33,157.45,DELAY_LATE_AIRCRAFT|DELAY_NAS|DELAY_CARRIER
ORF,5,913,-2.68,-7.57,177,29.92,27.1,121,166.88,163.37,DELAY_LATE_AIRCRAFT|DELAY_NAS|DELAY_CARRIER
ORF,6,948,-2.44,-7.98,211,31.25,25.4,100,176.53,174.0,DELAY_LATE_AIRCRAFT|DELAY_NAS|DELAY_CARRIER
ORF,7,851,-1.64,-6.14,252,32.67,30.43,197,172.61,172.15,DELAY_LATE_AIRCRAFT|DELAY_CARRIER|DELAY_NAS
ORF,8,984,-2.78,-6.62,198,31.98,29.03,116,183.61,182.68,DELAY_LATE_AIRCRAFT|DELAY_NAS|DELAY_CARRIER
ORF,9,1153,-4.11,-8.42,102,31.67,30.01,60,120.25,123.67,DELAY_NAS|DELAY_LATE_AIRCRAFT|DELAY_CARRIER
ORF,10,1223,-4.17,-9.27,129,30.29,22.29,42,174.33,173.05,DELAY_LATE_AIRCRAFT|DELAY_NAS|DELAY_CARRIER
ORF,11,1105,-4.24,-10.89,104,28.09,20.69,55,143.78,137.96,DELAY_NAS|DELAY_LATE_AIRCRAFT|DELAY_CARRIER
ORF,12,964,-2.43,-9.84,167,30.49,23.22,82,164.12,154.06,DELAY_LATE_AIRCRAFT|DELAY_CARRIER|DELAY_NAS
ORH,1,50,-4.16,-9.42,12,29.92,29.08,4,252.5,249.5,DELAY_LATE_AIRCRAFT|DELAY_NAS|CANC_WEATHER
ORH,2,59,-4.54,-16.98,19,32.84,16.84,8,117.75,115.75,DELAY_LATE_AIRCRAFT|CANC_WEATHER|DELAY_CARRIER
ORH,3,61,-5.64,-13.07,19,31.05,31.11,13,109.08,107.62,DELAY_NAS|DELAY_LATE_AIRCRAFT|CANC_CARRIER
ORH,4,69,-7.26,-15.04,7,36.29,33.86,5,98.8,115.4,DELAY_LATE_AIRCRAFT|DELAY_NAS|CANC_WEATHER
ORH,5,69,-4.35,-17.91,11,30.82,39.18,10,271.6,273.9,DELAY_LATE_AIRCRAFT|DELAY_NAS|CANC_NAS
ORH,6,58,-4.24,-19.1,9,35.0,28.11,9,249.11,242.33,DELAY_NAS|DELAY_LATE_AIRCRAFT|CANC_NAS
ORH,7,59,-5.71,-14.29,11,33.91,22.55,14,129.36,133.0,DELAY_LATE_AIRCRAFT|DELAY_NAS|DELAY_CARRIER
ORH,8,48,-6.81,-17.52,10,31.7,31.7,13,147.85,144.54,DELAY_LATE_AIRCRAFT|DELAY_NAS|CANC_NAS
ORH,9,63,-7.56,-14.97,3,27.33,29.67,0,,,DELAY_NAS
ORH,10,61,-7.87,-18.39,5,32.2,22.0,1,66.0,91.0,DELAY_LATE_AIRCRAFT|CANC_WEATHER
ORH,11,69,-6.01,-11.06,6,37.5,15.17,5,156.0,150.2,DELAY_CARRIER|DELAY_LATE_AIRCRAFT|DELAY_NAS
ORH,12,66,-6.56,-7.45,12,33.83,25.92,9,236.11,233.89,DELAY_LATE_AIRCRAFT|DELAY_NAS|CANC_WEATHER
OTH,1,12,-1.5,-5.83,1,19.0,19.0,1,139.0,137.0,CANC_WEATHER|DELAY_CARRIER|DELAY_WEATHER
OTH,2,5,3.0,7.6,3,46.33,46.33,1,227.0,250.0,DELAY_NAS|DELAY_LATE_AIRCRAFT
OTH,3,7,-1.29,0.43,3,31.33,31.0,2,120.0,132.5,DELAY_NAS|CANC_WEATHER|DELAY_LATE_AIRCRAFT
OTH,4,9,-2.33,-1.89,10,33.8,34.4,2,87.0,95.5,DELAY_NAS|DELAY_CARRIER
OTH,5,14,-0.64,-6.71,5,40.2,35.4,1,106.0,90.0,DELAY_NAS
OTH,6,24,-3.42,-15.5,2,25.0,10.0,2,69.5,59.5,DELAY_LATE_AIRCRAFT|DELAY_NAS
OTH,7,21,-4.29,-16.48,3,39.0,27.0,5,314.6,308.2,DELAY_CARRIER|DELAY_LATE_AIRCRAFT|DELAY_WEATHER
OTH,8,14,-2.57,-7.43,8,29.13,22.88,4,85.0,77.25,DELAY_LATE_AIRCRAFT|DELAY_CARRIER|DELAY_NAS
OTH,9,13,0.08,-4.38,10,30.5,22.4,3,435.33,424.67,DELAY_LATE_AIRCRAFT|DELAY_CARRIER|DELAY_NAS
OTH,10,19,-4.53,-7.0,2,34.0,21.5,5,403.2,397.4,DELAY_LATE_AIRCRAFT|DELAY_CARRIER|DELAY_WEATHER
OTH,11,11,-5.09,-8.09,3,34.33,34.67,0,,,DELAY_NAS|DELAY_CARRIER|DELAY_LATE_AIRCRAFT
OTH,12,12,-3.58,-17.17,3,37.0,25.67,1,66.0,55.0,DELAY_LATE_AIRCRAFT|DELAY_NAS
OTZ,1,13,-13.54,-18.77,2,43.0,43.0,1,82.0,98.0,CANC_WEATHER|DELAY_LATE_AIRCRAFT
OTZ,2,15,-15.8,-10.67,0,,,0,,,CANC_CARRIER
OTZ,3,20,-7.7,-7.6,0,,,2,235.5,231.5,DELAY_LATE_AIRCRAFT|CANC_WEATHER
OTZ,4,15,-8.0,-4.6,2,28.5,21.0,1,138.0,138.0,CANC_WEATHER|DELAY_LATE_AIRCRAFT|DELAY_NAS
OTZ,5,23,-11.04,-8.61,1,34.0,31.0,0,,,DELAY_LATE_AIRCRAFT
OTZ,6,18,-10.17,-7.72,1,25.0,22.0,0,,,DELAY_LATE_AIRCRAFT
OTZ,7,17,-11.06,-9.35,2,29.5,31.5,0,,,DELAY_LATE_AIRCRAFT
OTZ,8,21,-6.86,-6.33,0,,,0,,,DELAY_NAS
OTZ,9,18,-12.44,-14.06,1,31.0,43.0,0,,,DELAY_LATE_AIRCRAFT
OTZ,10,23,-11.04,-10.22,1,17.0,17.0,0,,,CANC_WEATHER|DELAY_SECURITY
OTZ,11,18,-10.44,-12.94,2,38.0,39.0,0,,,CANC_WEATHER|DELAY_LATE_AIRCRAFT
OTZ,12,18,-9.67,-9.11,2,48.0,50.0,1,105.0,105.0,DELAY_LATE_AIRCRAFT|CANC_WEATHER
PAE,1,42,-3.71,-4.48,8,31.88,39.38,1,88.0,99.0,CANC_CARRIER|DELAY_NAS|DELAY_LATE_AIRCRAFT
PAE,2,75,-5.79,-1.15,9,28.0,42.78,1,231.0,266.0,DELAY_NAS|DELAY_CARRIER|CANC_CARRIER
PAE,3,79,-5.96,-5.91,9,30.78,32.11,1,160.0,159.0,DELAY_NAS|DELAY_CARRIER
PAE,4,89,-5.24,-7.6,6,42.33,44.0,3,124.0,119.67,DELAY_NAS|DELAY_CARRIER|DELAY_LATE_AIRCRAFT
PAE,5,65,-6.0,-9.6,4,36.25,31.25,0,,,DELAY_NAS|DELAY_CARRIER|DELAY_LATE_AIRCRAFT
PAE,6,38,-4.66,-12.5,2,40.0,35.0,2,77.5,55.0,DELAY_LATE_AIRCRAFT|DELAY_CARRIER
PAE,7,32,-5.03,-17.56,10,37.5,28.0,0,,,DELAY_LATE_AIRCRAFT|DELAY_NAS
PAE,8,31,-5.32,-11.42,3,29.33,22.0,2,69.5,52.5,DELAY_LATE_AIRCRAFT|DELAY_CARRIER|DELAY_NAS
PAE,9,41,-8.07,-15.05,0,,,4,73.75,62.75,DELAY_LATE_AIRCRAFT|DELAY_CARRIER
PAE,10,42,-3.36,-6.67,1,20.0,15.0,1,71.0,68.0,DELAY_LATE_AIRCRAFT
PAE,11,46,-3.89,-7.59,4,19.75,15.25,2,129.5,147.0,DELAY_LATE_AIRCRAFT|DELAY_NAS
PAE,12,59,-2.61,-11.37,9,30.33,16.0,2,123.5,130.0,DELAY_CARRIER|DELAY_LATE_AIRCRAFT|DELAY_NAS
PBG,1,20,-8.75,-17.05,4,32.75,26.0,5,196.6,209.2,DELAY_LATE_AIRCRAFT|DELAY_NAS|DELAY_WEATHER
PBG,2,22,-0.36,-6.18,5,35.0,26.6,3,108.33,126.67,DELAY_LATE_AIRCRAFT|DELAY_NAS|DELAY_CARRIER
PBG,3,18,1.28,4.06,6,30.17,19.5,4,154.25,154.5,DELAY_LATE_AIRCRAFT|DELAY_NAS|CANC_CARRIER
PBG,4,20,-5.45,-23.15,7,26.71,7.0,2,158.0,179.5,DELAY_NAS|DELAY_WEATHER|CANC_NAS
PBG,5,12,-8.92,-12.33,4,36.0,34.5,2,722.0,736.5,DELAY_CARRIER|CANC_CARRIER|DELAY_LATE_AIRCRAFT
PBG,6,17,-4.65,-9.53,2,35.0,27.5,4,380.75,390.0,DELAY_LATE_AIRCRAFT|DELAY_NAS|CANC_CARRIER
PBG,7,19,-3.63,-13.42,8,32.88,31.13,3,103.67,108.67,DELAY_LATE_AIRCRAFT|DELAY_CARRIER|DELAY_NAS
PBG,8,14,-3.29,1.64,6,38.0,32.17,7,181.0,186.43,DELAY_LATE_AIRCRAFT|DELAY_NAS|DELAY_CARRIER
PBG,9,10,-9.8,-13.1,1,15.0,-2.0,0,,,DELAY_NAS
PBG,10,18,-10.39,-22.06,2,23.0,23.0,2,103.5,78.5,CANC_WEATHER|DELAY_CARRIER|DELAY_LATE_AIRCRAFT
PBG,11,29,-12.41,-23.41,1,16.0,34.0,2,118.5,91.5,DELAY_CARRIER|DELAY_NAS|DELAY_WEATHER
PBG,12,26,-7.88,-14.85,14,32.79,39.07,7,236.43,239.14,DELAY_NAS|DELAY_LATE_AIRCRAFT|DELAY_CARRIER
PBI,1,1425,-3.34,-11.9,314,31.5,24.1,188,174.62,166.18,DELAY_LATE_AIRCRAFT|DELAY_CARRIER|DELAY_NAS
PBI,2,1568,-4.5,-8.29,227,30.62,23.72,130,168.06,159.88,DELAY_LATE_AIRCRAFT|DELAY_NAS|DELAY_CARRIER
PBI,3,1576,-2.85,-7.95,345,31.88,24.85,249,160.09,154.84,DELAY_LATE_AIRCRAFT|DELAY_CARRIER|DELAY_NAS
PBI,4,1480,-3.38,-8.06,244,31.84,25.97,169,154.27,145.86,DELAY_LATE_AIRCRAFT|DELAY_CARRIER|DELAY_NAS
PBI,5,1275,-2.69,-6.95,225,31.22,29.42,183,167.54,166.81,DELAY_LATE_AIRCRAFT|DELAY_NAS|DELAY_CARRIER
PBI,6,1047,-3.38,-8.17,182,32.14,26.71,167,160.53,156.78,DELAY_LATE_AIRCRAFT|DELAY_NAS|DELAY_CARRIER
PBI,7,936,-3.07,-6.5,201,31.59,31.09,187,168.84,169.27,DELAY_LATE_AIRCRAFT|DELAY_NAS|DELAY_CARRIER
PBI,8,894,-2.73,-6.26,227,33.8,33.79,174,150.7,149.92,DELAY_LATE_AIRCRAFT|DELAY_NAS|DELAY_CARRIER
PBI,9,1005,-4.34,-9.9,149,31.7,25.15,53,153.53,146.79,DELAY_LATE_AIRCRAFT|DELAY_CARRIER|DELAY_NAS
PBI,10,1219,-4.76,-10.87,124,29.63,20.02,59,163.54,154.08,DELAY_LATE_AIRCRAFT|CANC_WEATHER|DELAY_CARRIER
PBI,11,1511,-4.54,-10.16,170,31.03,24.78,86,138.44,135.17,DELAY_LATE_AIRCRAFT|DELAY_NAS|DELAY_CARRIER
PBI,12,1451,-3.34,-7.95,368,32.17,28.12,251,153.71,150.06,DELAY_LATE_AIRCRAFT|DELAY_NAS|DELAY_CARRIER
PDX,1,2128,-2.36,-5.98,346,31.7,27.75,229,162.68,161.63,DELAY_LATE_AIRCRAFT|DELAY_CARRIER|CANC_CARRIER
PDX,2,2440,-3.79,-6.84,244,32.88,31.09,118,136.59,136.99,DELAY_NAS|DELAY_CARRIER|DELAY_LATE_AIRCRAFT
PDX,3,2752,-3.3,-6.95,330,31.74,29.51,154,137.06,135.44,DELAY_NAS|DELAY_LATE_AIRCRAFT|DELAY_CARRIER
PDX,4,2798,-4.04,-7.74,325,32.83,28.97,151,129.67,127.98,DELAY_LATE_AIRCRAFT|DELAY_NAS|DELAY_CARRIER
PDX,5,2889,-3.44,-8.03,436,30.86,24.77,212,150.66,146.97,DELAY_LATE_AIRCRAFT|DELAY_NAS|DELAY_CARRIER
PDX,6,2817,-2.14,-8.38,572,30.76,23.36,235,130.34,123.16,DELAY_LATE_AIRCRAFT|DELAY_NAS|DELAY_CARRIER
PDX,7,2964,-2.52,-6.82,525,31.68,26.3,250,148.92,144.48,DELAY_LATE_AIRCRAFT|DELAY_CARRIER|DELAY_NAS
PDX,8,3195,-2.83,-6.1,436,30.65,27.09,204,146.33,143.02,DELAY_LATE_AIRCRAFT|DELAY_NAS|DELAY_CARRIER
PDX,9,3258,-3.53,-6.78,316,29.72,26.04,128,146.42,143.0,DELAY_LATE_AIRCRAFT|DELAY_NAS|DELAY_CARRIER
PDX,10,3246,-3.59,-7.21,286,30.73,27.72,105,153.97,149.24,DELAY_LATE_AIRCRAFT|DELAY_CARRIER|DELAY_NAS
PDX,11,2987,-3.73,-8.25,284,29.07,24.85,99,148.97,150.35,DELAY_NAS|DELAY_LATE_AIRCRAFT|DELAY_CARRIER
PDX,12,2894,-2.12,-7.34,449,29.68,21.73,190,149.15,141.35,DELAY_LATE_AIRCRAFT|DELAY_NAS|DELAY_CARRIER
PGD,1,271,-6.19,-12.56,63,33.06,25.98,26,129.5,134.42,DELAY_LATE_AIRCRAFT|DELAY_CARRIER|DELAY_NAS
PGD,2,340,-6.51,-6.43,48,31.17,28.73,17,219.71,224.12,DELAY_NAS|DELAY_LATE_AIRCRAFT|DELAY_CARRIER
PGD,3,398,-6.76,-10.15,76,33.79,32.37,49,159.9,158.82,DELAY_LATE_AIRCRAFT|DELAY_CARRIER|DELAY_NAS
PGD,4,321,-7.2,-10.22,24,35.46,32.75,28,183.82,179.0,DELAY_CARRIER|DELAY_LATE_AIRCRAFT|DELAY_NAS
PGD,5,223,-5.13,-8.75,47,29.47,28.21,23,182.61,192.26,DELAY_CARRIER|DELAY_LATE_AIRCRAFT|DELAY_NAS
PGD,6,273,-5.73,-9.66,43,28.42,26.23,33,141.73,147.67,DELAY_LATE_AIRCRAFT|DELAY_CARRIER|DELAY_NAS
PGD,7,265,-5.29,-8.32,51,32.18,36.47,30,158.93,158.6,DELAY_CARRIER|DELAY_LATE_AIRCRAFT|DELAY_WEATHER
PGD,8,188,-7.95,-11.29,37,32.38,29.65,32,147.97,146.34,DELAY_CARRIER|DELAY_WEATHER|DELAY_LATE_AIRCRAFT
PGD,9,166,-6.98,-12.93,18,31.28,29.72,15,127.4,125.47,DELAY_CARRIER|DELAY_LATE_AIRCRAFT|DELAY_WEATHER
PGD,10,248,-6.95,-13.1,43,29.98,25.91,22,175.05,167.0,CANC_WEATHER|DELAY_CARRIER|DELAY_LATE_AIRCRAFT
PGD,11,329,-6.85,-10.03,41,27.12,24.27,10,110.6,110.6,DELAY_CARRIER|DELAY_LATE_AIRCRAFT|DELAY_NAS
PGD,12,393,-6.61,-11.64,72,32.69,28.99,60,176.07,174.58,DELAY_LATE_AIRCRAFT|DELAY_CARRIER|DELAY_NAS
PHL,1,3675,-3.72,-8.32,613,32.31,35.48,452,159.88,172.54,DELAY_NAS|DELAY_LATE_AIRCRAFT|DELAY_CARRIER
PHL,2,3940,-3.95,-13.72,401,30.02,21.36,228,142.39,134.49,DELAY_LATE_AIRCRAFT|DELAY_NAS|DELAY_CARRIER
PHL,3,4144,-3.47,-13.09,687,30.88,21.35,396,143.54,135.62,DELAY_LATE_AIRCRAFT|DELAY_NAS|DELAY_CARRIER
PHL,4,4518,-3.48,-10.89,610,30.33,22.15,397,157.73,151.47,DELAY_LATE_AIRCRAFT|DELAY_NAS|DELAY_CARRIER
PHL,5,4576,-2.8,-7.79,819,32.4,28.59,606,151.86,147.34,DELAY_LATE_AIRCRAFT|DELAY_NAS|DELAY_CARRIER
PHL,6,4693,-2.46,-10.05,1023,32.65,26.2,701,161.43,154.17,DELAY_LATE_AIRCRAFT|DELAY_CARRIER|DELAY_NAS
PHL,7,4465,-2.26,-8.04,1220,32.75,28.77,1043,156.0,150.54,DELAY_LATE_AIRCRAFT|DELAY_CARRIER|DELAY_NAS
PHL,8,4675,-2.33,-6.79,1223,32.17,32.99,909,161.65,164.11,DELAY_LATE_AIRCRAFT|DELAY_CARRIER|DELAY_NAS
PHL,9,5332,-4.32,-9.7,645,31.76,27.96,358,135.12,125.75,DELAY_LATE_AIRCRAFT|DELAY_NAS|DELAY_CARRIER
PHL,10,5721,-4.1,-12.08,574,29.77,21.89,278,148.78,137.81,DELAY_LATE_AIRCRAFT|DELAY_CARRIER|DELAY_NAS
PHL,11,4599,-4.45,-13.17,459,31.83,21.91,248,140.71,129.89,DELAY_LATE_AIRCRAFT|DELAY_CARRIER|DELAY_NAS
PHL,12,4027,-2.46,-8.99,726,31.38,24.74,454,150.57,142.97,DELAY_LATE_AIRCRAFT|DELAY_CARRIER|DELAY_NAS
PHX,1,8333,-2.16,-6.05,1515,30.92,25.56,632,152.02,146.73,DELAY_LATE_AIRCRAFT|DELAY_CARRIER|DELAY_NAS
PHX,2,8715,-2.18,-8.13,1248,30.18,23.1,387,124.99,119.94,DELAY_LATE_AIRCRAFT|DELAY_CARRIER|DELAY_NAS
PHX,3,9440,-1.65,-6.25,1835,31.33,25.58,801,139.47,134.94,DELAY_LATE_AIRCRAFT|DELAY_CARRIER|DELAY_NAS
PHX,4,9306,-1.48,-7.85,1646,30.59,23.35,622,129.54,123.26,DELAY_LATE_AIRCRAFT|DELAY_CARRIER|DELAY_NAS
PHX,5,8633,-1.22,-6.81,1905,31.69,25.38,962,130.77,124.67,DELAY_LATE_AIRCRAFT|DELAY_CARRIER|DELAY_NAS
PHX,6,7954,-1.37,-5.01,1868,31.03,26.72,814,132.09,127.92,DELAY_LATE_AIRCRAFT|DELAY_CARRIER|DELAY_NAS
PHX,7,7876,-1.7,-5.63,1885,32.06,27.47,1083,151.01,146.78,DELAY_LATE_AIRCRAFT|DELAY_CARRIER|DELAY_NAS
PHX,8,8562,-2.37,-6.68,1430,31.69,28.23,766,136.84,136.19,DELAY_LATE_AIRCRAFT|DELAY_CARRIER|DELAY_NAS
PHX,9,8933,-2.79,-8.81,1163,30.72,22.91,433,132.34,125.42,DELAY_LATE_AIRCRAFT|DELAY_CARRIER|DELAY_NAS
PHX,10,10040,-2.55,-7.92,1373,30.82,24.94,530,126.37,121.86,DELAY_CARRIER|DELAY_LATE_AIRCRAFT|DELAY_NAS
PHX,11,9827,-2.58,-10.51,1349,30.22,21.32,475,119.65,112.99,DELAY_LATE_AIRCRAFT|DELAY_CARRIER|DELAY_NAS
PHX,12,9645,-2.07,-8.5,1635,30.85,23.87,682,127.74,122.99,DELAY_LATE_AIRCRAFT|DELAY_CARRIER|DELAY_NAS
PIA,1,128,-4.02,-9.82,33,29.88,28.48,27,166.19,164.37,DELAY_LATE_AIRCRAFT|DELAY_NAS|DELAY_WEATHER
PIA,2,182,-5.9,-12.95,7,28.0,31.0,11,112.82,100.91,DELAY_NAS|DELAY_CARRIER|DELAY_LATE_AIRCRAFT
PIA,3,182,-5.68,-13.71,25,28.64,26.96,20,172.4,168.55,DELAY_LATE_AIRCRAFT|DELAY_NAS|DELAY_CARRIER
PIA,4,178,-6.04,-10.38,22,29.32,27.45,14,177.07,170.07,DELAY_LATE_AIRCRAFT|DELAY_NAS|DELAY_CARRIER
PIA,5,141,-5.64,-8.79,25,35.44,34.6,27,159.37,164.0,DELAY_LATE_AIRCRAFT|DELAY_NAS|DELAY_WEATHER
PIA,6,157,-4.61,-7.08,32,29.22,29.06,26,212.31,207.04,DELAY_LATE_AIRCRAFT|DELAY_CARRIER|DELAY_NAS
PIA,7,174,-5.53,-6.8,36,31.78,33.72,17,236.35,240.94,DELAY_LATE_AIRCRAFT|DELAY_NAS|DELAY_CARRIER
PIA,8,169,-6.33,-7.05,26,31.15,28.73,18,202.0,196.33,DELAY_LATE_AIRCRAFT|DELAY_CARRIER|DELAY_NAS
PIA,9,187,-7.05,-9.58,18,30.39,32.83,20,204.05,203.6,DELAY_LATE_AIRCRAFT|DELAY_CARRIER|DELAY_NAS
PIA,10,191,-6.64,-12.3,22,32.23,27.05,8,159.25,141.88,DELAY_CARRIER|DELAY_LATE_AIRCRAFT|DELAY_NAS
PIA,11,182,-7.4,-15.8,24,29.42,25.92,17,165.47,160.82,DELAY_LATE_AIRCRAFT|DELAY_CARRIER|DELAY_WEATHER
PIA,12,206,-5.31,-12.24,35,31.6,36.8,23,181.96,182.13,DELAY_LATE_AIRCRAFT|DELAY_NAS|DELAY_CARRIER
PIB,1,29,-6.31,-30.07,4,40.0,18.5,1,161.0,152.0,CANC_WEATHER|DELAY_CARRIER|DELAY_LATE_AIRCRAFT
PIB,2,25,-9.4,-27.32,4,44.5,34.25,4,141.25,130.5,DELAY_LATE_AIRCRAFT|DELAY_CARRIER
PIB,3,27,-7.52,-8.48,3,32.0,34.0,4,172.0,166.25,DELAY_LATE_AIRCRAFT|DELAY_CARRIER|DELAY_NAS
PIB,4,33,-8.39,-6.7,3,33.0,26.33,1,208.0,212.0,DELAY_CARRIER|DELAY_LATE_AIRCRAFT
PIB,5,27,-7.63,-5.11,4,30.25,31.5,5,311.4,315.6,DELAY_LATE_AIRCRAFT|CANC_WEATHER|DELAY_CARRIER
PIB,6,26,-6.27,-7.0,2,23.5,23.5,1,254.0,259.0,DELAY_CARRIER|DELAY_LATE_AIRCRAFT|CANC_WEATHER
PIB,7,26,-6.92,-4.69,1,41.0,63.0,5,146.4,147.6,DELAY_LATE_AIRCRAFT|DELAY_CARRIER|CANC_WEATHER
PIB,8,29,-8.55,-14.9,4,39.0,34.25,3,424.33,417.67,DELAY_LATE_AIRCRAFT|DELAY_CARRIER
PIB,9,29,-10.9,-13.59,2,25.5,15.5,1,162.0,152.0,DELAY_LATE_AIRCRAFT
PIB,10,30,-8.17,-13.23,3,37.0,32.33,4,142.0,131.5,DELAY_LATE_AIRCRAFT|DELAY_CARRIER
PIB,11,36,-8.58,-8.56,2,43.0,52.0,2,95.5,90.5,DELAY_CARRIER|DELAY_LATE_AIRCRAFT|DELAY_WEATHER
PIB,12,31,-5.77,-7.65,2,25.5,23.0,1,75.0,67.0,DELAY_CARRIER|CANC_WEATHER|DELAY_LATE_AIRCRAFT
PIE,1,323,-7.7,-15.33,39,32.03,27.62,29,164.76,159.17,DELAY_LATE_AIRCRAFT|DELAY_CARRIER|DELAY_NAS
PIE,2,341,-8.49,-10.67,39,32.64,31.92,21,105.48,110.67,DELAY_LATE_AIRCRAFT|DELAY_NAS|DELAY_CARRIER
PIE,3,452,-7.75,-9.5,65,31.34,30.46,26,147.85,144.31,DELAY_LATE_AIRCRAFT|DELAY_NAS|DELAY_CARRIER
PIE,4,394,-7.46,-10.48,35,32.03,30.06,21,149.24,146.33,DELAY_CARRIER|DELAY_LATE_AIRCRAFT|DELAY_NAS
PIE,5,365,-6.0,-9.14,67,30.7,27.69,35,180.94,179.31,DELAY_LATE_AIRCRAFT|DELAY_CARRIER|DELAY_NAS
PIE,6,427,-5.3,-8.84,96,33.51,33.64,64,144.75,148.48,DELAY_LATE_AIRCRAFT|DELAY_CARRIER|DELAY_WEATHER
PIE,7,428,-3.89,-6.58,123,33.93,34.07,77,119.51,119.22,DELAY_LATE_AIRCRAFT|DELAY_WEATHER|DELAY_CARRIER
PIE,8,350,-6.34,-11.01,65,32.6,31.31,45,170.4,170.98,DELAY_LATE_AIRCRAFT|DELAY_WEATHER|DELAY_CARRIER
PIE,9,263,-7.42,-11.63,39,27.77,24.69,20,182.6,183.15,CANC_WEATHER|DELAY_LATE_AIRCRAFT|DELAY_CARRIER
PIE,10,321,-8.14,-12.29,25,32.68,26.56,15,163.67,158.47,CANC_WEATHER|DELAY_CARRIER|DELAY_NAS
PIE,11,376,-8.72,-10.94,34,29.0,28.5,19,128.21,132.0,DELAY_LATE_AIRCRAFT|DELAY_CARRIER|DELAY_NAS
PIE,12,410,-7.92,-10.48,78,30.1,30.69,47,133.66,136.13,DELAY_LATE_AIRCRAFT|DELAY_CARRIER|DELAY_NAS
PIH,1,44,-7.55,-8.48,2,32.5,31.5,1,103.0,104.0,DELAY_CARRIER|DELAY_WEATHER|DELAY_NAS
PIH,2,44,-9.5,-13.0,0,,,1,240.0,230.0,DELAY_CARRIER
PIH,3,43,-6.49,-10.72,0,,,3,133.0,130.33,DELAY_CARRIER|DELAY_NAS|DELAY_WEATHER
PIH,4,40,-8.15,-16.1,0,,,3,131.67,118.33,DELAY_CARRIER|DELAY_WEATHER
PIH,5,38,-6.79,-13.61,0,,,4,103.25,96.0,DELAY_CARRIER|DELAY_WEATHER
PIH,6,41,-6.78,-12.32,1,21.0,19.0,4,137.0,133.0,DELAY_CARRIER
PIH,7,43,-6.44,-13.65,1,53.0,50.0,1,100.0,93.0,DELAY_CARRIER
PIH,8,53,-9.23,-16.7,0,,,2,71.0,62.0,DELAY_CARRIER|DELAY_WEATHER
PIH,9,36,-8.92,-16.67,0,,,0,,,N/D
PIH,10,38,-8.87,-16.13,1,18.0,5.0,0,,,DELAY_CARRIER
PIH,11,36,-8.83,-12.94,0,,,0,,,DELAY_CARRIER
PIH,12,34,-8.24,-18.21,2,31.0,23.0,0,,,DELAY_CARRIER
PIT,1,1911,-4.07,-9.75,215,31.27,28.39,135,164.18,163.01,DELAY_NAS|DELAY_LATE_AIRCRAFT|DELAY_CARRIER
PIT,2,1966,-4.61,-15.33,172,31.23,20.92,74,152.49,147.55,DELAY_NAS|DELAY_LATE_AIRCRAFT|DELAY_CARRIER
PIT,3,2094,-4.07,-12.35,246,30.7,24.85,142,142.36,138.24,DELAY_NAS|DELAY_LATE_AIRCRAFT|DELAY_CARRIER
PIT,4,2120,-4.0,-8.64,235,30.79,24.92,122,154.89,153.47,DELAY_NAS|DELAY_LATE_AIRCRAFT|DELAY_CARRIER
PIT,5,2131,-3.36,-6.5,328,31.21,28.07,194,151.56,154.35,DELAY_LATE_AIRCRAFT|DELAY_NAS|DELAY_CARRIER
PIT,6,2116,-3.05,-7.34,371,32.78,28.95,219,145.57,142.4,DELAY_LATE_AIRCRAFT|DELAY_NAS|DELAY_CARRIER
PIT,7,2132,-3.45,-6.67,399,31.34,28.97,275,149.67,150.06,DELAY_LATE_AIRCRAFT|DELAY_NAS|DELAY_CARRIER
PIT,8,2098,-3.73,-8.11,329,32.71,31.5,233,173.32,172.75,DELAY_LATE_AIRCRAFT|DELAY_NAS|DELAY_CARRIER
PIT,9,2344,-4.49,-10.53,197,30.56,26.65,84,170.46,163.62,DELAY_NAS|DELAY_LATE_AIRCRAFT|DELAY_CARRIER
PIT,10,2421,-4.02,-11.63,187,28.13,18.88,82,159.29,152.96,DELAY_LATE_AIRCRAFT|DELAY_NAS|DELAY_CARRIER
PIT,11,2125,-4.19,-10.79,165,30.3,24.56,79,111.37,109.65,DELAY_NAS|DELAY_CARRIER|DELAY_LATE_AIRCRAFT
PIT,12,1931,-2.33,-7.94,308,31.19,26.54,148,156.13,153.06,DELAY_NAS|DELAY_LATE_AIRCRAFT|DELAY_CARRIER
PLN,1,21,-13.9,-26.1,3,26.67,10.33,4,203.0,196.0,CANC_WEATHER|DELAY_CARRIER|DELAY_WEATHER
PLN,2,29,-13.93,-33.31,1,28.0,1.0,3,181.33,171.33,DELAY_WEATHER|DELAY_CARRIER
PLN,3,33,-12.09,-24.61,4,32.5,26.0,2,204.5,196.0,DELAY_CARRIER|DELAY_WEATHER
PLN,4,25,-11.08,-16.64,2,23.0,35.5,4,130.25,137.5,DELAY_CARRIER|DELAY_WEATHER|DELAY_NAS
PLN,5,36,-9.67,-13.72,6,40.5,32.0,6,194.0,192.5,DELAY_CARRIER|DELAY_WEATHER
PLN,6,59,-8.98,-12.64,8,36.88,32.88,6,151.67,146.17,DELAY_CARRIER|DELAY_WEATHER|DELAY_NAS
PLN,7,56,-8.16,-13.68,9,28.89,21.89,8,109.0,101.63,DELAY_CARRIER|CANC_CARRIER|DELAY_WEATHER
PLN,8,66,-7.64,-12.24,6,40.0,35.83,6,137.33,129.0,DELAY_CARRIER|DELAY_WEATHER|DELAY_NAS
PLN,9,43,-9.23,-16.91,3,40.0,34.67,1,307.0,328.0,DELAY_CARRIER|DELAY_WEATHER
PLN,10,30,-7.23,-13.9,2,43.5,33.5,2,284.0,279.5,DELAY_CARRIER
PLN,11,29,-9.07,-12.86,2,29.5,22.0,7,167.86,166.86,DELAY_CARRIER|DELAY_WEATHER
PLN,12,30,-9.03,-18.67,5,39.8,34.0,3,307.33,305.67,DELAY_CARRIER|CANC_WEATHER
PNS,1,458,-3.93,-9.58,63,32.68,30.24,49,152.61,151.65,DELAY_LATE_AIRCRAFT|DELAY_NAS|DELAY_CARRIER
PNS,2,566,-5.19,-10.1,51,29.94,23.53,26,289.85,287.92,DELAY_LATE_AIRCRAFT|DELAY_CARRIER|DELAY_NAS
PNS,3,650,-4.28,-9.66,108,33.46,27.31,52,132.06,132.69,DELAY_LATE_AIRCRAFT|DELAY_CARRIER|DELAY_NAS
PNS,4,625,-4.01,-7.36,80,33.19,26.98,54,209.2,207.67,DELAY_LATE_AIRCRAFT|DELAY_NAS|DELAY_CARRIER
PNS,5,568,-3.0,-5.01,142,32.43,30.81,113,203.28,204.31,DELAY_LATE_AIRCRAFT|DELAY_NAS|DELAY_CARRIER
PNS,6,719,-3.75,-7.69,157,32.02,27.15,72,203.68,201.0,DELAY_LATE_AIRCRAFT|DELAY_NAS|DELAY_CARRIER
PNS,7,639,-4.18,-8.47,164,31.93,26.68,133,166.24,167.7,DELAY_LATE_AIRCRAFT|DELAY_CARRIER|DELAY_NAS
PNS,8,650,-4.26,-8.95,98,32.65,30.04,53,195.08,194.55,DELAY_LATE_AIRCRAFT|DELAY_NAS|DELAY_CARRIER
PNS,9,702,-4.9,-9.89,73,30.36,27.74,24,151.17,144.63,DELAY_LATE_AIRCRAFT|DELAY_NAS|DELAY_CARRIER
PNS,10,676,-3.9,-9.75,67,29.33,22.69,17,202.18,200.06,DELAY_LATE_AIRCRAFT|DELAY_NAS|DELAY_CARRIER
PNS,11,621,-4.62,-9.04,48,28.9,21.33,22,184.64,196.41,DELAY_LATE_AIRCRAFT|DELAY_CARRIER|DELAY_NAS
PNS,12,515,-3.17,-7.64,93,34.17,32.19,53,157.42,154.55,DELAY_LATE_AIRCRAFT|DELAY_NAS|DELAY_CARRIER
PPG,1,5,-8.0,-7.4,0,,,0,,,N/D
PPG,2,4,-3.0,-14.25,3,29.67,26.33,0,,,DELAY_CARRIER|DELAY_LATE_AIRCRAFT
PPG,3,5,-1.6,0.4,0,,,0,,,DELAY_CARRIER
PPG,4,4,-2.5,-7.0,1,29.0,12.0,0,,,DELAY_CARRIER
PPG,5,6,4.0,1.5,1,50.0,42.0,0,,,DELAY_CARRIER|DELAY_LATE_AIRCRAFT
PPG,6,7,-2.86,-3.29,2,31.0,32.0,1,70.0,66.0,DELAY_CARRIER
PPG,7,7,3.0,-3.29,2,16.0,9.5,0,,,N/D
PPG,8,7,-1.71,-12.86,0,,,2,216.0,202.5,DELAY_CARRIER|DELAY_LATE_AIRCRAFT
PPG,9,7,0.71,-10.71,1,21.0,9.0,0,,,N/D
PPG,10,8,4.88,-5.5,0,,,0,,,N/D
PPG,11,4,7.5,-5.0,2,15.5,5.5,0,,,N/D
PPG,12,8,-6.63,-10.38,0,,,0,,,N/D
PQI,9,18,-3.39,-13.44,3,28.0,15.33,1,575.0,564.0,DELAY_CARRIER
PQI,10,15,-2.6,-12.13,2,21.0,13.5,0,,,DELAY_CARRIER|DELAY_NAS
PQI,11,22,-4.23,-9.32,3,19.0,8.67,0,,,DELAY_NAS|DELAY_CARRIER
PQI,12,22,-2.86,2.95,0,,,1,156.0,155.0,DELAY_NAS|DELAY_LATE_AIRCRAFT
PRC,1,36,-5.67,-9.25,4,30.0,17.75,3,201.33,200.67,DELAY_CARRIER|DELAY_LATE_AIRCRAFT|DELAY_NAS
PRC,2,32,-7.47,-7.16,4,24.75,15.75,5,490.2,483.8,DELAY_CARRIER|DELAY_LATE_AIRCRAFT|DELAY_WEATHER
PRC,3,37,-5.65,-7.32,2,30.0,32.5,5,108.0,98.6,DELAY_CARRIER|DELAY_LATE_AIRCRAFT|DELAY_NAS
PRC,4,33,-5.94,-5.73,3,30.33,35.0,4,387.75,381.5,DELAY_CARRIER|DELAY_NAS|DELAY_LATE_AIRCRAFT
PRC,5,28,-7.04,-7.61,8,32.5,36.5,5,289.4,284.8,DELAY_LATE_AIRCRAFT|DELAY_CARRIER|DELAY_WEATHER
PRC,6,32,-6.47,-11.63,3,34.0,30.0,9,104.22,110.89,DELAY_CARRIER|DELAY_LATE_AIRCRAFT|DELAY_WEATHER
PRC,7,30,-3.77,-12.57,3,34.67,27.67,4,101.75,99.75,DELAY_CARRIER|DELAY_LATE_AIRCRAFT
PRC,8,23,-6.91,-10.91,7,25.29,25.14,14,264.64,258.93,DELAY_CARRIER|DELAY_LATE_AIRCRAFT|DELAY_NAS
PRC,9,42,-7.17,-10.17,1,34.0,23.0,1,179.0,177.0,DELAY_CARRIER
PRC,10,38,-7.05,-10.58,3,37.0,33.0,3,220.67,222.67,DELAY_CARRIER|DELAY_LATE_AIRCRAFT
PRC,11,29,-6.97,-10.34,2,52.5,51.5,3,119.67,110.0,DELAY_LATE_AIRCRAFT|CANC_WEATHER|DELAY_CARRIER
PRC,12,41,-6.71,-10.32,4,44.75,32.5,4,138.25,142.5,DELAY_CARRIER|DELAY_LATE_AIRCRAFT
PSC,1,186,-3.77,-7.66,24,28.38,22.54,43,159.44,157.05,DELAY_CARRIER|DELAY_WEATHER|DELAY_NAS
PSC,2,224,-5.34,-11.49,19,33.79,28.79,11,186.64,174.82,DELAY_CARRIER|DELAY_LATE_AIRCRAFT|DELAY_NAS
PSC,3,268,-5.15,-11.51,14,34.57,27.43,9,113.33,116.44,DELAY_CARRIER|DELAY_NAS|DELAY_LATE_AIRCRAFT
PSC,4,251,-5.92,-10.49,21,28.19,23.86,7,92.14,87.29,DELAY_CARRIER|DELAY_LATE_AIRCRAFT|DELAY_NAS
PSC,5,266,-4.4,-9.75,21,29.95,24.76,11,93.27,93.45,DELAY_CARRIER|DELAY_NAS|DELAY_LATE_AIRCRAFT
PSC,6,237,-3.97,-7.97,26,28.85,26.58,14,119.57,112.86,DELAY_CARRIER|DELAY_LATE_AIRCRAFT|DELAY_NAS
PSC,7,262,-3.38,-8.24,35,29.54,27.51,11,225.09,226.09,DELAY_CARRIER|DELAY_NAS|DELAY_LATE_AIRCRAFT
PSC,8,255,-3.67,-6.56,27,32.33,37.63,10,127.2,127.8,DELAY_CARRIER|DELAY_NAS|DELAY_LATE_AIRCRAFT
PSC,9,248,-4.89,-9.31,20,34.65,26.5,14,182.0,181.86,DELAY_CARRIER|DELAY_WEATHER|DELAY_NAS
PSC,10,310,-4.41,-11.02,19,30.84,22.58,13,92.23,83.85,DELAY_CARRIER|DELAY_LATE_AIRCRAFT|DELAY_NAS
PSC,11,303,-3.79,-11.7,33,29.97,19.82,13,146.92,144.77,DELAY_CARRIER|DELAY_NAS|DELAY_LATE_AIRCRAFT
PSC,12,345,-3.98,-10.99,31,29.1,22.77,30,195.23,184.77,DELAY_CARRIER|DELAY_NAS|DELAY_WEATHER
PSE,1,51,-8.22,-11.37,5,28.8,28.6,7,153.71,154.14,DELAY_CARRIER|DELAY_LATE_AIRCRAFT|DELAY_NAS
PSE,2,51,-11.78,-12.76,9,41.11,35.67,0,,,DELAY_LATE_AIRCRAFT|DELAY_CARRIER|CANC_CARRIER
PSE,3,56,-9.0,-13.45,10,29.5,25.2,5,169.2,168.2,DELAY_LATE_AIRCRAFT|DELAY_CARRIER|CANC_CARRIER
PSE,4,68,-11.94,-20.25,5,38.2,26.6,6,100.17,98.17,DELAY_LATE_AIRCRAFT|DELAY_CARRIER|CANC_WEATHER
PSE,5,51,-9.71,-22.04,10,35.6,26.8,6,98.83,87.0,DELAY_LATE_AIRCRAFT|CANC_WEATHER|DELAY_NAS
PSE,6,42,-7.26,-12.88,8,34.13,30.5,4,157.25,147.25,DELAY_LATE_AIRCRAFT|DELAY_NAS|CANC_CARRIER
PSE,7,46,-6.26,-9.83,7,36.0,28.14,9,103.22,95.22,DELAY_LATE_AIRCRAFT|DELAY_CARRIER|CANC_CARRIER
PSE,8,33,-5.64,-11.12,6,38.0,31.17,12,99.58,94.5,DELAY_LATE_AIRCRAFT|CANC_WEATHER|DELAY_NAS
PSE,9,31,-7.94,-8.06,2,30.0,16.5,1,75.0,69.0,DELAY_LATE_AIRCRAFT|DELAY_NAS
PSE,10,26,-7.46,-5.35,0,,,0,,,CANC_WEATHER|DELAY_NAS
PSE,11,23,-9.09,-19.3,1,36.0,27.0,0,,,DELAY_LATE_AIRCRAFT
PSE,12,39,-5.51,-13.18,8,30.0,25.5,5,229.8,225.6,DELAY_LATE_AIRCRAFT|CANC_WEATHER|DELAY_NAS
PSG,1,24,-12.29,-10.92,8,38.38,46.63,2,88.0,86.0,DELAY_LATE_AIRCRAFT|CANC_WEATHER|DELAY_CARRIER
PSG,2,31,-13.81,-14.71,2,31.5,29.5,1,211.0,211.0,DELAY_LATE_AIRCRAFT|CANC_CARRIER|CANC_WEATHER
PSG,3,40,-12.55,-12.2,3,36.0,39.0,2,120.0,116.5,DELAY_LATE_AIRCRAFT|DELAY_NAS
PSG,4,36,-9.53,-10.81,3,28.67,29.67,0,,,DELAY_LATE_AIRCRAFT
PSG,5,35,-8.66,-8.97,9,27.89,29.33,2,156.5,153.0,DELAY_LATE_AIRCRAFT|DELAY_CARRIER
PSG,6,35,-5.37,-7.8,6,28.83,25.5,2,94.5,97.0,DELAY_LATE_AIRCRAFT|DELAY_CARRIER|DELAY_NAS
PSG,7,40,-5.23,-6.08,4,34.25,32.0,0,,,DELAY_LATE_AIRCRAFT|CANC_WEATHER|DELAY_CARRIER
PSG,8,34,-8.03,-10.74,7,32.57,30.71,1,229.0,252.0,DELAY_LATE_AIRCRAFT|CANC_WEATHER|DELAY_CARRIER
PSG,9,39,-8.15,-9.59,4,23.25,19.0,1,209.0,207.0,DELAY_LATE_AIRCRAFT|DELAY_NAS
PSG,10,40,-11.55,-12.83,2,33.5,45.5,2,117.5,117.0,DELAY_LATE_AIRCRAFT
PSG,11,40,-14.98,-17.33,1,35.0,61.0,1,234.0,231.0,DELAY_CARRIER|DELAY_LATE_AIRCRAFT
PSG,12,33,-13.09,-14.3,1,36.0,30.0,2,87.0,88.0,DELAY_LATE_AIRCRAFT|DELAY_NAS
PSM,1,11,-8.55,-8.0,3,31.67,16.67,1,883.0,963.0,DELAY_CARRIER|DELAY_NAS|DELAY_WEATHER
PSM,2,22,-4.91,-19.68,4,24.5,1.0,0,,,DELAY_NAS|DELAY_CARRIER
PSM,3,14,-10.5,-24.21,2,38.0,45.0,2,216.0,202.0,DELAY_NAS|DELAY_LATE_AIRCRAFT
PSM,4,39,-12.77,-37.92,4,26.0,25.0,2,81.5,105.5,DELAY_NAS|CANC_NAS|DELAY_CARRIER
PSM,5,14,-2.86,-11.71,1,57.0,40.0,2,192.5,199.5,CANC_WEATHER|DELAY_CARRIER|DELAY_LATE_AIRCRAFT
PSM,6,14,-8.93,-16.71,2,47.0,65.5,2,150.5,134.0,DELAY_LATE_AIRCRAFT|DELAY_NAS|CANC_WEATHER
PSM,7,15,-7.87,-3.0,3,46.33,35.33,2,97.5,102.0,DELAY_LATE_AIRCRAFT|DELAY_NAS|DELAY_CARRIER
PSM,8,8,-3.38,-6.0,1,35.0,18.0,3,155.33,149.33,DELAY_LATE_AIRCRAFT|DELAY_WEATHER
PSM,9,10,-6.0,-21.1,3,28.33,7.67,2,138.0,126.5,DELAY_LATE_AIRCRAFT|DELAY_NAS|DELAY_WEATHER
PSM,10,14,-4.64,-8.07,0,,,0,,,CANC_WEATHER|DELAY_NAS
PSM,11,20,-10.7,-12.0,2,28.5,11.0,0,,,DELAY_LATE_AIRCRAFT
PSM,12,24,-12.75,-18.88,2,44.5,25.5,3,114.67,105.33,DELAY_CARRIER|DELAY_LATE_AIRCRAFT|DELAY_NAS
PSP,1,790,-4.69,-7.99,100,32.54,29.48,64,130.52,125.47,DELAY_LATE_AIRCRAFT|DELAY_NAS|DELAY_CARRIER
PSP,2,775,-3.59,-9.49,143,30.82,24.98,75,164.76,164.59,DELAY_NAS|DELAY_CARRIER|DELAY_LATE_AIRCRAFT
PSP,3,928,-3.01,-6.32,193,31.89,30.33,82,147.12,144.57,DELAY_NAS|DELAY_LATE_AIRCRAFT|DELAY_CARRIER
PSP,4,915,-4.0,-7.45,142,31.01,30.07,64,141.72,137.89,DELAY_NAS|DELAY_LATE_AIRCRAFT|DELAY_CARRIER
PSP,5,632,-4.26,-7.9,99,33.29,29.4,52,146.85,148.5,DELAY_NAS|DELAY_LATE_AIRCRAFT|DELAY_CARRIER
PSP,6,372,-4.43,-5.95,52,32.52,29.0,33,124.12,123.45,DELAY_LATE_AIRCRAFT|DELAY_CARRIER|DELAY_NAS
PSP,7,342,-4.03,-6.81,48,30.79,30.21,22,129.32,126.64,DELAY_CARRIER|DELAY_NAS|DELAY_LATE_AIRCRAFT
PSP,8,377,-4.93,-6.7,48,33.85,32.06,23,146.74,148.7,DELAY_NAS|DELAY_LATE_AIRCRAFT|DELAY_CARRIER
PSP,9,448,-5.74,-9.17,46,33.74,31.09,23,102.52,99.61,DELAY_CARRIER|DELAY_LATE_AIRCRAFT|DELAY_NAS
PSP,10,735,-5.27,-8.62,58,34.29,29.9,30,188.7,190.17,DELAY_CARRIER|DELAY_LATE_AIRCRAFT|DELAY_NAS
PSP,11,782,-4.71,-8.7,82,30.35,26.3,28,158.64,166.07,DELAY_CARRIER|DELAY_LATE_AIRCRAFT|DELAY_NAS
PSP,12,832,-4.6,-9.32,104,30.48,25.79,50,196.32,190.24,DELAY_LATE_AIRCRAFT|DELAY_CARRIER|DELAY_NAS
PVD,1,523,-3.36,-10.32,78,30.36,25.59,64,170.36,173.88,DELAY_LATE_AIRCRAFT|DELAY_NAS|DELAY_CARRIER
PVD,2,579,-4.02,-14.67,56,25.43,18.29,22,173.14,165.14,DELAY_NAS|DELAY_LATE_AIRCRAFT|DELAY_CARRIER
PVD,3,613,-4.24,-12.32,79,30.15,26.85,42,174.31,171.67,DELAY_LATE_AIRCRAFT|DELAY_NAS|DELAY_CARRIER
PVD,4,721,-3.94,-11.63,72,32.1,25.93,41,189.49,192.44,DELAY_LATE_AIRCRAFT|DELAY_NAS|DELAY_CARRIER
PVD,5,689,-3.39,-10.14,120,32.69,26.01,84,159.39,156.6,DELAY_LATE_AIRCRAFT|DELAY_NAS|DELAY_CARRIER
PVD,6,682,-3.82,-10.3,109,28.61,21.91,68,205.66,202.91,DELAY_LATE_AIRCRAFT|DELAY_NAS|DELAY_CARRIER
PVD,7,652,-2.66,-7.56,123,33.17,30.24,107,183.39,180.37,DELAY_LATE_AIRCRAFT|DELAY_NAS|DELAY_CARRIER
PVD,8,725,-3.32,-8.14,125,32.86,33.56,83,168.7,169.65,DELAY_LATE_AIRCRAFT|DELAY_NAS|DELAY_CARRIER
PVD,9,862,-4.68,-9.62,62,25.6,21.0,30,180.27,177.17,DELAY_NAS|DELAY_CARRIER|DELAY_LATE_AIRCRAFT
PVD,10,877,-3.99,-12.0,81,29.49,23.07,25,176.96,166.32,DELAY_LATE_AIRCRAFT|DELAY_CARRIER|DELAY_NAS
PVD,11,864,-4.87,-15.08,69,31.59,18.94,25,128.92,110.44,DELAY_LATE_AIRCRAFT|DELAY_NAS|DELAY_CARRIER
PVD,12,745,-2.84,-9.85,102,32.91,27.96,51,174.86,171.8,DELAY_LATE_AIRCRAFT|DELAY_NAS|DELAY_CARRIER
PVU,1,97,-5.51,-15.95,16,34.19,22.25,5,90.2,97.4,DELAY_CARRIER|DELAY_NAS|DELAY_LATE_AIRCRAFT
PVU,2,97,-6.35,-14.7,6,32.33,19.83,3,178.67,163.33,DELAY_CARRIER|DELAY_NAS|DELAY_LATE_AIRCRAFT
PVU,3,108,-6.17,-7.56,11,34.64,31.91,10,253.5,252.6,DELAY_CARRIER|DELAY_NAS|DELAY_LATE_AIRCRAFT
PVU,4,101,-8.47,-12.03,7,36.86,34.86,8,188.88,186.5,DELAY_CARRIER|DELAY_LATE_AIRCRAFT|DELAY_NAS
PVU,5,108,-5.86,-6.77,9,33.67,28.11,3,96.67,98.0,DELAY_CARRIER|DELAY_LATE_AIRCRAFT|DELAY_NAS
PVU,6,96,-5.64,-5.27,10,27.9,28.2,7,136.29,137.14,DELAY_CARRIER|DELAY_LATE_AIRCRAFT|DELAY_NAS
PVU,7,81,-6.06,-6.73,11,38.18,34.73,15,269.0,266.13,DELAY_CARRIER|DELAY_LATE_AIRCRAFT|DELAY_NAS
PVU,8,89,-7.29,-8.22,5,27.0,27.8,2,116.0,112.0,DELAY_CARRIER|DELAY_NAS
PVU,9,83,-7.31,-11.34,6,31.5,27.0,7,120.14,122.57,DELAY_CARRIER|DELAY_LATE_AIRCRAFT|DELAY_NAS
PVU,10,118,-5.56,-6.31,13,30.15,25.15,19,178.16,185.63,DELAY_CARRIER|DELAY_NAS|DELAY_LATE_AIRCRAFT
PVU,11,145,-4.88,-9.49,27,33.81,26.93,23,190.87,189.04,DELAY_CARRIER|DELAY_NAS|DELAY_LATE_AIRCRAFT
PVU,12,162,-5.13,-11.38,20,31.35,21.55,12,252.42,242.75,DELAY_CARRIER|DELAY_LATE_AIRCRAFT|DELAY_NAS
PWM,1,312,-3.74,-14.07,41,32.32,30.02,31,208.65,216.0,DELAY_LATE_AIRCRAFT|CANC_WEATHER|DELAY_NAS
PWM,2,356,-4.05,-19.67,32,25.31,7.81,13,244.85,234.77,DELAY_LATE_AIRCRAFT|DELAY_CARRIER|DELAY_NAS
PWM,3,338,-3.79,-15.2,31,29.81,18.74,29,186.28,176.55,DELAY_LATE_AIRCRAFT|DELAY_CARRIER|DELAY_NAS
PWM,4,361,-4.2,-9.81,35,32.17,24.0,20,213.55,221.2,DELAY_NAS|DELAY_LATE_AIRCRAFT|DELAY_CARRIER
PWM,5,474,-4.27,-11.51,57,33.25,28.67,41,207.83,202.2,DELAY_LATE_AIRCRAFT|DELAY_CARRIER|DELAY_NAS
PWM,6,664,-3.8,-8.41,102,34.25,34.57,79,181.86,180.15,DELAY_LATE_AIRCRAFT|DELAY_NAS|DELAY_CARRIER
PWM,7,689,-3.1,-6.28,131,31.96,33.37,99,166.82,167.72,DELAY_LATE_AIRCRAFT|DELAY_NAS|DELAY_CARRIER
PWM,8,763,-3.07,-6.85,136,30.24,30.99,84,168.83,171.35,DELAY_NAS|DELAY_LATE_AIRCRAFT|DELAY_CARRIER
PWM,9,861,-4.13,-9.34,74,31.58,24.72,37,262.97,257.68,DELAY_NAS|DELAY_LATE_AIRCRAFT|DELAY_CARRIER
PWM,10,775,-3.23,-11.29,90,32.07,22.74,51,185.65,175.59,DELAY_CARRIER|DELAY_LATE_AIRCRAFT|DELAY_NAS
PWM,11,497,-4.89,-14.57,58,28.41,17.12,29,149.03,134.93,DELAY_LATE_AIRCRAFT|DELAY_NAS|DELAY_CARRIER
PWM,12,463,-4.0,-11.18,58,29.64,18.02,36,228.0,223.11,DELAY_LATE_AIRCRAFT|DELAY_NAS|DELAY_CARRIER
RAP,1,157,-4.78,-13.06,18,35.11,33.5,19,160.05,150.21,DELAY_CARRIER|DELAY_WEATHER|DELAY_NAS
RAP,2,166,-4.28,-11.2,12,32.17,20.83,17,372.71,366.76,DELAY_NAS|CANC_WEATHER|DELAY_CARRIER
RAP,3,188,-5.7,-14.37,18,31.28,28.94,15,182.33,176.67,DELAY_NAS|DELAY_LATE_AIRCRAFT|DELAY_CARRIER
RAP,4,194,-4.62,-9.22,21,28.67,22.43,10,157.8,159.1,DELAY_NAS|DELAY_CARRIER|DELAY_WEATHER
RAP,5,229,-4.31,-10.02,21,31.71,24.24,24,168.13,165.38,DELAY_LATE_AIRCRAFT|DELAY_NAS|DELAY_CARRIER
RAP,6,276,-3.66,-10.56,58,31.38,25.83,37,188.0,183.97,DELAY_LATE_AIRCRAFT|DELAY_CARRIER|DELAY_WEATHER
RAP,7,291,-2.66,-5.44,77,33.38,30.26,36,181.5,177.89,DELAY_LATE_AIRCRAFT|DELAY_CARRIER|DELAY_NAS
RAP,8,341,-3.76,-6.53,53,32.3,29.7,18,165.89,163.61,DELAY_LATE_AIRCRAFT|DELAY_NAS|DELAY_CARRIER
RAP,9,335,-4.73,-9.68,35,26.83,22.2,9,359.22,352.89,DELAY_CARRIER|DELAY_LATE_AIRCRAFT|DELAY_NAS
RAP,10,309,-4.31,-11.4,16,28.31,17.31,11,125.18,116.82,DELAY_NAS|DELAY_CARRIER|DELAY_LATE_AIRCRAFT
RAP,11,265,-4.38,-8.07,22,30.91,24.0,26,128.46,127.73,DELAY_CARRIER|DELAY_NAS|DELAY_LATE_AIRCRAFT
RAP,12,285,-3.67,-8.2,19,26.11,13.95,24,187.5,179.08,DELAY_NAS|DELAY_CARRIER|DELAY_LATE_AIRCRAFT
RDD,1,61,-5.9,-16.48,2,24.5,8.5,4,233.25,234.75,DELAY_CARRIER|DELAY_LATE_AIRCRAFT|DELAY_NAS
RDD,2,56,-5.61,-10.23,5,33.4,30.4,2,174.5,171.5,DELAY_CARRIER|DELAY_NAS|CANC_WEATHER
RDD,3,67,-5.93,-8.67,3,32.33,25.33,1,134.0,126.0,DELAY_CARRIER|CANC_WEATHER|DELAY_NAS
RDD,4,70,-5.46,-8.53,5,31.4,33.6,1,63.0,78.0,DELAY_NAS|DELAY_CARRIER|DELAY_LATE_AIRCRAFT
RDD,5,69,-5.62,-8.59,11,28.45,37.18,3,233.67,234.0,DELAY_NAS|DELAY_LATE_AIRCRAFT|DELAY_CARRIER
RDD,6,73,-4.44,-11.55,13,33.0,28.0,6,138.33,134.33,DELAY_LATE_AIRCRAFT|DELAY_CARRIER|DELAY_NAS
RDD,7,78,-5.65,-10.1,12,38.08,30.67,5,160.8,152.4,DELAY_LATE_AIRCRAFT|DELAY_CARRIER|DELAY_NAS
RDD,8,76,-6.71,-11.14,10,32.7,37.8,8,150.0,141.5,DELAY_CARRIER|DELAY_LATE_AIRCRAFT|DELAY_NAS
RDD,9,88,-6.3,-12.36,12,27.75,31.5,5,239.4,231.6,DELAY_LATE_AIRCRAFT|DELAY_NAS|DELAY_CARRIER
RDD,10,91,-6.7,-10.3,10,36.0,33.2,9,344.0,335.78,DELAY_CARRIER|DELAY_LATE_AIRCRAFT|DELAY_NAS
RDD,11,95,-4.81,-6.27,4,34.5,36.0,6,162.17,165.17,DELAY_CARRIER|DELAY_NAS|DELAY_LATE_AIRCRAFT
RDD,12,89,-5.97,-9.26,11,26.64,31.0,6,177.67,167.5,DELAY_CARRIER|DELAY_LATE_AIRCRAFT|DELAY_NAS
RDM,1,211,-3.47,-6.4,32,29.63,43.94,48,273.02,278.46,CANC_WEATHER|DELAY_WEATHER|DELAY_CARRIER
RDM,2,263,-4.66,-4.37,38,31.05,41.08,36,292.42,295.25,DELAY_NAS|DELAY_CARRIER|DELAY_WEATHER
RDM,3,280,-4.29,-5.52,44,32.61,30.64,24,200.67,196.0,DELAY_NAS|DELAY_CARRIER|DELAY_LATE_AIRCRAFT
RDM,4,270,-5.46,-8.03,27,36.59,36.19,26,239.12,238.35,DELAY_CARRIER|DELAY_NAS|DELAY_LATE_AIRCRAFT
RDM,5,274,-5.75,-10.53,35,33.46,30.11,15,133.67,130.0,DELAY_CARRIER|DELAY_NAS|DELAY_LATE_AIRCRAFT
RDM,6,269,-3.22,-7.03,43,29.7,27.53,23,138.65,139.74,DELAY_CARRIER|DELAY_LATE_AIRCRAFT|DELAY_NAS
RDM,7,253,-2.68,-5.36,53,30.4,27.06,30,172.83,169.07,DELAY_CARRIER|DELAY_LATE_AIRCRAFT|DELAY_NAS
RDM,8,314,-4.11,-5.01,32,32.09,30.5,19,192.05,188.74,DELAY_CARRIER|DELAY_LATE_AIRCRAFT|DELAY_NAS
RDM,9,316,-3.88,-4.26,33,29.88,27.76,23,161.7,162.83,DELAY_CARRIER|DELAY_NAS|DELAY_LATE_AIRCRAFT
RDM,10,300,-4.71,-7.35,20,33.65,29.45,14,119.57,119.93,DELAY_CARRIER|DELAY_NAS|DELAY_LATE_AIRCRAFT
RDM,11,279,-4.95,-10.23,20,33.2,35.0,10,145.2,146.7,DELAY_NAS|DELAY_CARRIER|DELAY_LATE_AIRCRAFT
RDM,12,238,-3.33,-7.83,25,32.48,27.04,25,240.0,232.24,DELAY_CARRIER|CANC_WEATHER|DELAY_LATE_AIRCRAFT
RDU,1,2437,-3.54,-9.51,375,32.0,27.11,229,169.82,168.29,DELAY_LATE_AIRCRAFT|DELAY_NAS|DELAY_CARRIER
RDU,2,2624,-3.79,-10.2,255,29.81,22.31,114,162.06,154.61,DELAY_NAS|DELAY_LATE_AIRCRAFT|DELAY_CARRIER
RDU,3,2740,-2.85,-9.59,406,31.14,24.5,221,175.06,172.08,DELAY_LATE_AIRCRAFT|DELAY_NAS|DELAY_CARRIER
RDU,4,2813,-3.18,-7.76,375,31.2,28.7,233,164.07,162.45,DELAY_LATE_AIRCRAFT|DELAY_NAS|DELAY_CARRIER
RDU,5,2851,-2.57,-5.92,512,32.3,29.37,366,147.02,148.01,DELAY_LATE_AIRCRAFT|DELAY_NAS|DELAY_CARRIER
RDU,6,2883,-2.32,-7.93,579,32.13,27.94,333,154.8,149.81,DELAY_LATE_AIRCRAFT|DELAY_NAS|DELAY_CARRIER
RDU,7,2672,-2.95,-7.86,640,32.06,30.05,508,159.19,157.8,DELAY_LATE_AIRCRAFT|DELAY_CARRIER|DELAY_NAS
RDU,8,2788,-2.98,-8.8,536,32.16,27.82,391,178.02,175.19,DELAY_LATE_AIRCRAFT|DELAY_NAS|DELAY_CARRIER
RDU,9,2979,-3.98,-9.12,338,30.82,24.5,187,171.09,165.47,DELAY_LATE_AIRCRAFT|DELAY_NAS|DELAY_CARRIER
RDU,10,3270,-3.49,-9.7,326,30.22,22.69,147,170.52,163.65,DELAY_NAS|DELAY_LATE_AIRCRAFT|DELAY_CARRIER
RDU,11,3115,-4.3,-10.34,277,31.05,22.46,153,140.75,133.72,DELAY_NAS|DELAY_LATE_AIRCRAFT|DELAY_CARRIER
RDU,12,2788,-2.6,-9.23,489,30.95,22.28,203,123.68,119.01,DELAY_LATE_AIRCRAFT|DELAY_NAS|DELAY_CARRIER
RFD,1,40,-6.2,-8.55,4,24.0,15.0,1,64.0,60.0,DELAY_NAS|DELAY_LATE_AIRCRAFT
RFD,2,38,-4.89,-15.34,5,26.4,23.4,3,74.67,78.0,DELAY_NAS|DELAY_CARRIER|DELAY_LATE_AIRCRAFT
RFD,3,43,-7.14,-17.91,13,37.69,40.92,5,333.6,341.2,DELAY_LATE_AIRCRAFT|DELAY_NAS|DELAY_WEATHER
RFD,4,36,-7.56,-21.75,2,36.5,27.0,6,221.5,216.0,DELAY_LATE_AIRCRAFT|DELAY_NAS|DELAY_CARRIER
RFD,5,32,-6.56,-14.06,9,31.44,30.44,3,122.0,130.0,DELAY_LATE_AIRCRAFT|DELAY_NAS|DELAY_CARRIER
RFD,6,39,-6.64,-12.64,9,27.33,27.33,2,84.5,79.5,DELAY_LATE_AIRCRAFT|DELAY_NAS|DELAY_CARRIER
RFD,7,40,-2.5,-5.65,7,26.57,21.29,10,142.2,145.7,DELAY_LATE_AIRCRAFT|DELAY_CARRIER|DELAY_NAS
RFD,8,25,-6.84,-8.64,8,35.0,28.75,5,128.8,129.0,DELAY_LATE_AIRCRAFT|DELAY_CARRIER|DELAY_NAS
RFD,9,41,-7.1,-13.27,3,27.0,15.33,4,599.0,591.25,DELAY_NAS|DELAY_CARRIER|DELAY_LATE_AIRCRAFT
RFD,10,31,-4.0,-12.77,9,34.22,34.89,3,181.0,182.67,DELAY_LATE_AIRCRAFT|CANC_WEATHER|DELAY_CARRIER
RFD,11,26,-6.73,-10.85,7,26.71,23.14,0,,,DELAY_LATE_AIRCRAFT|DELAY_CARRIER|DELAY_NAS
RFD,12,43,-4.37,-10.93,6,26.33,13.5,6,346.67,338.67,DELAY_LATE_AIRCRAFT|DELAY_NAS|DELAY_CARRIER
RHI,1,39,-4.85,-18.92,2,17.0,5.5,3,125.67,111.67,DELAY_CARRIER|CANC_WEATHER|DELAY_NAS
RHI,2,39,-9.31,-23.15,1,34.0,47.0,2,76.0,55.0,DELAY_CARRIER|DELAY_NAS
RHI,3,39,-6.26,-30.36,2,26.0,-2.5,3,83.67,61.67,CANC_WEATHER|DELAY_CARRIER|DELAY_NAS
RHI,4,36,-9.11,-27.11,2,45.0,24.5,1,234.0,224.0,DELAY_WEATHER|DELAY_CARRIER
RHI,5,45,-8.0,-22.6,0,,,2,142.5,129.5,DELAY_CARRIER
RHI,6,46,-6.85,-2.48,7,27.29,40.57,5,171.6,171.0,DELAY_CARRIER|DELAY_NAS|DELAY_WEATHER
RHI,7,43,-1.6,-4.65,15,35.6,45.4,9,117.78,114.56,DELAY_CARRIER|DELAY_WEATHER|DELAY_NAS
RHI,8,51,-5.59,-7.76,13,34.0,34.08,3,145.33,144.67,DELAY_WEATHER|DELAY_CARRIER|DELAY_NAS
RHI,9,42,-7.98,-18.4,2,22.0,22.0,1,391.0,393.0,DELAY_WEATHER|DELAY_NAS
RHI,10,44,-8.18,-29.0,3,31.33,18.67,3,99.0,77.33,DELAY_CARRIER
RHI,11,38,-8.63,-28.84,1,48.0,33.0,2,88.5,75.5,DELAY_CARRIER
RHI,12,33,-6.15,-23.12,4,38.25,20.75,6,198.0,205.17,DELAY_CARRIER|CANC_WEATHER
RIC,1,729,-4.23,-7.92,116,31.5,28.99,66,211.18,208.77,DELAY_NAS|DELAY_LATE_AIRCRAFT|DELAY_CARRIER
RIC,2,764,-3.88,-9.02,100,29.59,23.95,33,168.58,161.91,DELAY_NAS|DELAY_LATE_AIRCRAFT|DELAY_CARRIER
RIC,3,796,-3.45,-8.82,134,32.19,26.2,72,137.56,135.18,DELAY_LATE_AIRCRAFT|DELAY_NAS|DELAY_CARRIER
RIC,4,872,-3.91,-8.82,132,31.83,25.61,65,171.85,169.12,DELAY_LATE_AIRCRAFT|DELAY_NAS|DELAY_CARRIER
RIC,5,961,-3.03,-8.52,185,32.34,25.83,113,175.55,174.85,DELAY_LATE_AIRCRAFT|DELAY_NAS|DELAY_CARRIER
RIC,6,867,-2.66,-9.86,153,31.12,23.44,108,188.22,182.93,DELAY_LATE_AIRCRAFT|DELAY_CARRIER|DELAY_NAS
RIC,7,773,-2.16,-8.31,185,33.1,29.68,141,153.83,151.23,DELAY_LATE_AIRCRAFT|DELAY_NAS|DELAY_CARRIER
RIC,8,788,-3.1,-8.32,153,31.42,26.61,78,169.23,164.5,DELAY_LATE_AIRCRAFT|DELAY_CARRIER|DELAY_NAS
RIC,9,894,-4.09,-9.14,92,31.4,26.83,35,151.2,147.94,DELAY_CARRIER|DELAY_NAS|DELAY_LATE_AIRCRAFT
RIC,10,1025,-4.14,-10.95,83,32.28,24.75,23,187.91,178.78,DELAY_NAS|DELAY_CARRIER|DELAY_LATE_AIRCRAFT
RIC,11,892,-4.03,-11.05,95,29.97,20.76,33,123.82,114.88,DELAY_NAS|DELAY_CARRIER|DELAY_LATE_AIRCRAFT
RIC,12,823,-2.25,-8.84,168,30.06,22.86,66,131.58,124.65,DELAY_LATE_AIRCRAFT|DELAY_NAS|DELAY_CARRIER
RIW,1,24,-6.63,-7.46,0,,,1,72.0,51.0,CANC_WEATHER|DELAY_LATE_AIRCRAFT|DELAY_NAS
RIW,2,19,-6.84,-6.37,3,29.0,22.33,1,321.0,317.0,DELAY_CARRIER|CANC_WEATHER
RIW,3,26,-5.92,-16.08,1,21.0,-3.0,0,,,CANC_WEATHER
RIW,4,19,-8.47,-14.89,1,54.0,46.0,4,244.5,247.75,DELAY_CARRIER|DELAY_LATE_AIRCRAFT|DELAY_WEATHER
RIW,5,24,-5.63,-12.75,1,28.0,6.0,2,584.0,584.0,DELAY_NAS|DELAY_LATE_AIRCRAFT
RIW,6,32,-6.91,-11.91,2,33.5,38.5,1,251.0,265.0,DELAY_CARRIER|CANC_NAS|CANC_WEATHER
RIW,7,34,-6.82,-10.38,2,44.0,45.5,3,140.33,141.33,DELAY_LATE_AIRCRAFT|DELAY_CARRIER|DELAY_NAS
RIW,8,36,-4.47,-3.33,4,42.75,53.0,6,340.83,346.5,DELAY_NAS|DELAY_LATE_AIRCRAFT|DELAY_CARRIER
RIW,9,36,-4.53,-9.06,1,27.0,28.0,4,188.25,192.75,DELAY_LATE_AIRCRAFT|DELAY_CARRIER|DELAY_NAS
RIW,10,38,-7.34,-4.29,1,22.0,26.0,3,325.67,326.33,DELAY_CARRIER|DELAY_LATE_AIRCRAFT|DELAY_WEATHER
RIW,11,35,-5.51,-9.83,3,19.67,9.67,3,299.0,297.0,DELAY_LATE_AIRCRAFT|CANC_WEATHER|DELAY_CARRIER
RIW,12,42,-6.45,-15.76,1,18.0,-7.0,0,,,DELAY_CARRIER
RKS,1,25,-4.12,-8.84,0,,,1,180.0,180.0,DELAY_NAS|DELAY_LATE_AIRCRAFT
RKS,2,25,-3.44,-12.36,1,16.0,7.0,2,136.0,128.5,DELAY_CARRIER|DELAY_LATE_AIRCRAFT|DELAY_NAS
RKS,3,22,-4.32,-15.18,0,,,3,321.0,303.0,DELAY_CARRIER|DELAY_LATE_AIRCRAFT|DELAY_WEATHER
RKS,4,23,-4.96,-12.83,2,20.5,28.0,1,290.0,284.0,DELAY_NAS|DELAY_LATE_AIRCRAFT
RKS,5,27,-3.93,-12.37,0,,,3,434.0,432.67,DELAY_CARRIER|DELAY_LATE_AIRCRAFT|DELAY_NAS
RKS,6,40,-7.4,-10.93,0,,,1,149.0,154.0,DELAY_CARRIER
RKS,7,36,-5.22,-10.36,1,37.0,30.0,5,232.6,233.4,DELAY_CARRIER|DELAY_LATE_AIRCRAFT|CANC_WEATHER
RKS,8,48,-5.75,-8.46,0,,,5,352.4,377.6,DELAY_CARRIER
RKS,9,33,-3.88,-8.15,3,26.67,24.67,3,128.33,135.33,DELAY_CARRIER|DELAY_LATE_AIRCRAFT
RKS,10,34,-4.03,-7.47,1,45.0,43.0,5,561.0,568.2,DELAY_CARRIER|DELAY_LATE_AIRCRAFT|DELAY_NAS
RKS,11,34,-3.94,-15.26,2,29.5,48.0,4,130.0,142.0,CANC_WEATHER|DELAY_CARRIER|DELAY_LATE_AIRCRAFT
RKS,12,36,-5.14,-22.39,2,17.0,15.0,2,289.0,285.0,DELAY_LATE_AIRCRAFT|DELAY_WEATHER
RNO,1,901,-3.31,-10.18,131,29.06,23.12,72,155.72,153.6,DELAY_LATE_AIRCRAFT|DELAY_NAS|DELAY_CARRIER
RNO,2,831,-2.9,-9.07,101,30.61,28.0,81,177.85,181.85,DELAY_NAS|DELAY_LATE_AIRCRAFT|DELAY_CARRIER
RNO,3,934,-3.28,-6.22,144,31.9,31.87,84,174.46,174.74,DELAY_NAS|DELAY_LATE_AIRCRAFT|DELAY_CARRIER
RNO,4,948,-4.51,-8.56,129,31.88,29.5,60,154.08,155.45,DELAY_NAS|DELAY_LATE_AIRCRAFT|DELAY_CARRIER
RNO,5,966,-3.7,-9.22,130,32.07,28.32,82,166.48,166.35,DELAY_LATE_AIRCRAFT|DELAY_NAS|DELAY_CARRIER
RNO,6,1022,-3.28,-9.24,169,31.25,23.44,69,175.07,169.55,DELAY_LATE_AIRCRAFT|DELAY_CARRIER|DELAY_NAS
RNO,7,1013,-3.05,-7.51,174,31.26,27.38,117,170.02,166.66,DELAY_LATE_AIRCRAFT|DELAY_CARRIER|DELAY_NAS
RNO,8,1077,-3.12,-8.05,176,30.49,25.56,100,139.78,135.68,DELAY_LATE_AIRCRAFT|DELAY_CARRIER|DELAY_NAS
RNO,9,1092,-3.14,-6.78,125,31.4,27.16,63,142.37,137.67,DELAY_LATE_AIRCRAFT|DELAY_NAS|DELAY_CARRIER
RNO,10,1153,-3.49,-7.32,130,30.78,28.19,45,119.71,119.91,DELAY_NAS|DELAY_LATE_AIRCRAFT|DELAY_CARRIER
RNO,11,1071,-4.1,-8.65,87,30.98,28.64,49,166.41,166.35,DELAY_NAS|DELAY_LATE_AIRCRAFT|DELAY_CARRIER
RNO,12,990,-3.41,-8.45,133,28.65,19.56,71,132.9,126.69,DELAY_LATE_AIRCRAFT|DELAY_CARRIER|DELAY_NAS
ROA,1,130,-4.06,-8.22,19,34.16,38.05,26,210.58,212.81,DELAY_LATE_AIRCRAFT|DELAY_NAS|CANC_WEATHER
ROA,2,137,-3.99,-8.49,16,29.69,21.38,3,329.33,327.67,DELAY_LATE_AIRCRAFT|DELAY_CARRIER|DELAY_NAS
ROA,3,127,-3.06,-8.39,17,27.47,29.41,2,105.5,96.0,DELAY_NAS|DELAY_CARRIER|DELAY_LATE_AIRCRAFT
ROA,4,135,-4.79,-10.03,17,30.65,27.24,7,217.0,210.86,DELAY_LATE_AIRCRAFT|DELAY_CARRIER|DELAY_NAS
ROA,5,138,-2.12,-7.39,21,30.57,27.95,13,215.85,219.08,DELAY_LATE_AIRCRAFT|DELAY_CARRIER|DELAY_NAS
ROA,6,117,-3.13,-9.49,21,28.1,20.52,12,181.92,179.58,DELAY_CARRIER|DELAY_LATE_AIRCRAFT|DELAY_NAS
ROA,7,115,-2.8,-7.5,21,37.67,42.86,21,156.05,148.52,DELAY_CARRIER|DELAY_LATE_AIRCRAFT|DELAY_NAS
ROA,8,129,-4.74,-9.59,13,25.62,31.38,16,148.5,142.69,DELAY_CARRIER|DELAY_NAS|DELAY_LATE_AIRCRAFT
ROA,9,140,-4.41,-9.81,7,33.43,30.43,6,244.5,240.5,DELAY_LATE_AIRCRAFT|DELAY_CARRIER|DELAY_NAS
ROA,10,165,-4.78,-9.59,24,30.71,28.17,7,157.43,152.71,DELAY_CARRIER|DELAY_LATE_AIRCRAFT|DELAY_NAS
ROA,11,179,-4.42,-8.06,18,27.06,21.94,13,127.85,121.85,DELAY_LATE_AIRCRAFT|DELAY_NAS|DELAY_CARRIER
ROA,12,111,-1.59,-9.63,40,30.18,28.05,21,172.1,163.95,DELAY_LATE_AIRCRAFT|DELAY_CARRIER|DELAY_NAS
ROC,1,506,-2.33,-9.12,91,31.79,27.57,56,158.52,163.39,DELAY_LATE_AIRCRAFT|DELAY_NAS|DELAY_CARRIER
ROC,2,526,-3.25,-16.01,57,28.33,17.65,27,176.48,173.52,DELAY_LATE_AIRCRAFT|DELAY_NAS|DELAY_CARRIER
ROC,3,551,-3.64,-12.75,53,29.64,24.32,33,143.48,144.15,DELAY_NAS|DELAY_LATE_AIRCRAFT|DELAY_CARRIER
ROC,4,558,-3.46,-10.72,77,29.78,21.92,31,195.0,191.9,DELAY_LATE_AIRCRAFT|DELAY_CARRIER|DELAY_NAS
ROC,5,592,-3.52,-9.6,81,30.65,26.0,55,159.25,155.98,DELAY_LATE_AIRCRAFT|DELAY_NAS|DELAY_CARRIER
ROC,6,542,-3.31,-10.06,88,29.76,22.45,49,144.22,139.31,DELAY_LATE_AIRCRAFT|DELAY_CARRIER|DELAY_NAS
ROC,7,553,-2.23,-8.37,108,29.93,22.95,92,157.65,155.38,DELAY_LATE_AIRCRAFT|DELAY_CARRIER|DELAY_NAS
ROC,8,510,-2.23,-6.46,117,29.04,24.6,71,167.11,168.54,DELAY_LATE_AIRCRAFT|DELAY_NAS|DELAY_CARRIER
ROC,9,624,-4.37,-9.27,56,29.14,23.21,28,188.36,184.71,DELAY_CARRIER|DELAY_LATE_AIRCRAFT|DELAY_NAS
ROC,10,645,-3.88,-11.07,75,27.05,21.24,18,152.22,151.06,DELAY_CARRIER|DELAY_LATE_AIRCRAFT|DELAY_NAS
ROC,11,574,-3.77,-12.11,66,30.33,21.97,23,115.39,108.57,DELAY_LATE_AIRCRAFT|DELAY_CARRIER|DELAY_NAS
ROC,12,496,-1.43,-6.13,116,30.53,25.11,56,148.0,144.43,DELAY_NAS|DELAY_CARRIER|DELAY_LATE_AIRCRAFT
ROW,1,31,-6.65,-12.77,4,34.25,27.5,4,195.0,192.5,DELAY_CARRIER|DELAY_NAS|CANC_WEATHER
ROW,2,40,-2.13,-10.0,0,,,5,240.2,238.0,DELAY_WEATHER|DELAY_CARRIER|DELAY_NAS
ROW,3,34,-3.06,-10.15,5,28.8,10.8,4,168.25,158.5,DELAY_NAS|DELAY_CARRIER|DELAY_LATE_AIRCRAFT
ROW,4,32,-3.53,-7.53,7,26.57,22.86,1,188.0,177.0,DELAY_LATE_AIRCRAFT|CANC_NAS|DELAY_CARRIER
ROW,5,41,-3.61,-5.15,4,40.0,38.5,9,189.33,184.0,DELAY_CARRIER|CANC_WEATHER|DELAY_WEATHER
ROW,6,44,-4.55,-8.84,8,41.38,43.63,12,283.5,285.08,DELAY_CARRIER|DELAY_WEATHER|DELAY_LATE_AIRCRAFT
ROW,7,46,-4.78,-4.83,6,29.33,19.5,12,194.75,192.58,DELAY_CARRIER|DELAY_WEATHER|DELAY_LATE_AIRCRAFT
ROW,8,60,-6.0,-11.65,5,29.0,22.6,7,190.43,187.43,DELAY_CARRIER|DELAY_WEATHER|DELAY_LATE_AIRCRAFT
ROW,9,52,-4.44,-3.33,6,29.0,30.0,4,155.75,157.75,DELAY_WEATHER|DELAY_CARRIER|DELAY_LATE_AIRCRAFT
ROW,10,47,-3.85,-8.98,9,30.44,30.89,6,274.5,267.33,DELAY_CARRIER|DELAY_LATE_AIRCRAFT|DELAY_NAS
ROW,11,48,-4.4,-7.31,11,31.27,31.18,8,125.13,126.38,DELAY_CARRIER|DELAY_WEATHER|CANC_WEATHER
ROW,12,48,-4.06,-9.46,7,35.71,30.29,5,101.8,94.6,DELAY_CARRIER|DELAY_LATE_AIRCRAFT|DELAY_WEATHER
RST,1,47,-4.28,-17.32,1,16.0,-3.0,7,148.86,133.57,CANC_WEATHER|DELAY_LATE_AIRCRAFT|DELAY_CARRIER
RST,2,62,-5.76,-19.19,4,25.75,6.75,2,82.0,72.0,DELAY_LATE_AIRCRAFT|DELAY_WEATHER
RST,3,90,-5.62,-15.8,5,25.2,18.2,9,169.11,165.78,DELAY_CARRIER|DELAY_NAS|DELAY_WEATHER
RST,4,65,-3.42,-7.35,11,27.55,19.91,6,221.0,223.67,DELAY_CARRIER|DELAY_LATE_AIRCRAFT|DELAY_NAS
RST,5,73,-4.25,-6.27,10,34.0,32.7,10,144.2,145.4,DELAY_CARRIER|DELAY_WEATHER|DELAY_NAS
RST,6,44,-4.86,-9.41,9,32.22,37.56,12,153.33,155.25,DELAY_CARRIER|DELAY_LATE_AIRCRAFT|DELAY_NAS
RST,7,64,-4.95,-7.52,6,24.17,25.0,11,220.73,225.0,DELAY_CARRIER|DELAY_LATE_AIRCRAFT|DELAY_NAS
RST,8,64,-4.22,-4.03,9,27.56,29.56,3,70.33,86.67,DELAY_LATE_AIRCRAFT|DELAY_NAS|DELAY_CARRIER
RST,9,88,-5.6,-8.41,8,35.25,38.63,2,422.5,406.0,DELAY_CARRIER|DELAY_LATE_AIRCRAFT|DELAY_NAS
RST,10,86,-6.12,-15.24,9,27.22,24.33,1,148.0,137.0,DELAY_CARRIER|DELAY_LATE_AIRCRAFT|DELAY_WEATHER
RST,11,53,-5.11,-10.49,4,28.5,28.0,4,155.25,154.25,DELAY_CARRIER|DELAY_WEATHER|DELAY_SECURITY
RST,12,51,-4.25,-8.69,7,31.86,22.43,13,184.23,174.69,DELAY_CARRIER|DELAY_WEATHER|CANC_WEATHER
RSW,1,1968,-4.33,-10.79,369,32.69,26.3,222,135.56,129.73,DELAY_LATE_AIRCRAFT|DELAY_NAS|DELAY_CARRIER
RSW,2,2245,-4.67,-6.34,277,31.86,29.89,125,167.11,161.3,DELAY_LATE_AIRCRAFT|DELAY_NAS|DELAY_CARRIER
RSW,3,2225,-3.46,-7.0,495,31.62,31.32,323,154.05,151.29,DELAY_LATE_AIRCRAFT|DELAY_NAS|DELAY_CARRIER
RSW,4,1986,-4.11,-8.4,249,31.21,27.13,166,159.48,153.7,DELAY_LATE_AIRCRAFT|DELAY_NAS|DELAY_CARRIER
RSW,5,1392,-3.29,-6.03,245,33.55,32.77,188,138.83,139.3,DELAY_LATE_AIRCRAFT|DELAY_NAS|DELAY_CARRIER
RSW,6,1109,-3.48,-8.61,171,31.69,29.15,145,203.81,197.79,DELAY_LATE_AIRCRAFT|DELAY_NAS|DELAY_CARRIER
RSW,7,917,-3.38,-7.56,241,34.01,31.47,184,159.07,158.71,DELAY_LATE_AIRCRAFT|DELAY_NAS|DELAY_CARRIER
RSW,8,933,-4.09,-7.76,189,32.52,31.52,139,202.88,200.29,DELAY_LATE_AIRCRAFT|DELAY_NAS|DELAY_CARRIER
RSW,9,1049,-5.7,-10.06,114,29.2,25.75,48,161.44,154.94,DELAY_LATE_AIRCRAFT|DELAY_NAS|CANC_WEATHER
RSW,10,1359,-6.66,-13.27,110,29.65,21.25,55,170.0,162.29,CANC_WEATHER|DELAY_LATE_AIRCRAFT|DELAY_CARRIER
RSW,11,1775,-5.49,-11.39,138,31.86,26.91,68,158.31,153.22,DELAY_LATE_AIRCRAFT|DELAY_NAS|DELAY_CARRIER
RSW,12,1862,-5.06,-9.79,319,32.98,30.3,256,172.91,170.53,DELAY_LATE_AIRCRAFT|DELAY_NAS|DELAY_CARRIER
SAF,1,78,-7.29,-2.18,5,29.0,50.0,5,156.4,162.0,DELAY_CARRIER|DELAY_NAS|DELAY_WEATHER
SAF,2,79,-8.11,-11.09,3,26.67,24.0,5,142.6,137.8,DELAY_CARRIER|DELAY_LATE_AIRCRAFT|DELAY_WEATHER
SAF,3,63,-6.25,-6.6,9,34.67,35.44,4,159.5,155.75,DELAY_CARRIER|DELAY_LATE_AIRCRAFT|DELAY_NAS
SAF,4,89,-5.93,-3.3,11,36.45,32.0,12,241.58,236.92,DELAY_CARRIER|DELAY_NAS|DELAY_LATE_AIRCRAFT
SAF,5,117,-6.54,-8.95,11,37.45,32.27,26,188.31,184.46,DELAY_WEATHER|DELAY_CARRIER|CANC_WEATHER
SAF,6,150,-6.49,-11.13,18,34.61,29.0,29,153.07,150.59,DELAY_CARRIER|DELAY_NAS|DELAY_LATE_AIRCRAFT
SAF,7,175,-7.97,-11.89,23,33.57,29.26,20,178.9,172.6,DELAY_CARRIER|DELAY_LATE_AIRCRAFT|DELAY_WEATHER
SAF,8,170,-7.79,-13.31,18,28.83,24.06,20,138.15,135.25,DELAY_CARRIER|DELAY_LATE_AIRCRAFT|DELAY_NAS
SAF,9,178,-6.9,-10.57,18,31.06,29.67,17,98.29,94.12,DELAY_CARRIER|DELAY_LATE_AIRCRAFT|DELAY_NAS
SAF,10,201,-7.76,-16.43,30,34.1,25.2,17,119.94,108.24,DELAY_CARRIER|DELAY_LATE_AIRCRAFT|DELAY_WEATHER
SAF,11,142,-6.64,-14.8,17,30.12,28.18,24,213.0,218.58,DELAY_CARRIER|CANC_WEATHER|DELAY_LATE_AIRCRAFT
SAF,12,149,-5.32,-19.51,18,31.22,12.89,17,231.12,225.24,DELAY_CARRIER|DELAY_LATE_AIRCRAFT|DELAY_WEATHER
SAN,1,3832,-2.77,-7.4,579,29.78,25.36,244,146.35,141.19,DELAY_LATE_AIRCRAFT|DELAY_NAS|CANC_CARRIER
SAN,2,3728,-2.78,-10.09,594,31.09,24.39,249,126.28,121.33,DELAY_LATE_AIRCRAFT|DELAY_NAS|DELAY_CARRIER
SAN,3,4131,-2.23,-7.48,758,31.77,26.24,336,138.33,134.98,DELAY_LATE_AIRCRAFT|DELAY_NAS|DELAY_CARRIER
SAN,4,4257,-2.39,-8.34,737,31.09,25.83,330,154.41,152.83,DELAY_LATE_AIRCRAFT|DELAY_NAS|DELAY_CARRIER
SAN,5,4229,-2.29,-7.7,874,31.71,26.16,387,153.91,149.71,DELAY_LATE_AIRCRAFT|DELAY_NAS|DELAY_CARRIER
SAN,6,4265,-1.4,-4.94,1087,31.77,30.09,447,136.31,135.45,DELAY_LATE_AIRCRAFT|DELAY_NAS|DELAY_CARRIER
SAN,7,4294,-1.79,-4.15,1117,31.54,29.98,566,141.5,140.5,DELAY_LATE_AIRCRAFT|DELAY_NAS|DELAY_CARRIER
SAN,8,4787,-2.64,-4.28,835,30.81,29.51,335,133.05,132.76,DELAY_LATE_AIRCRAFT|DELAY_NAS|DELAY_CARRIER
SAN,9,4553,-3.14,-6.33,712,31.63,30.6,281,115.04,114.69,DELAY_LATE_AIRCRAFT|DELAY_NAS|DELAY_CARRIER
SAN,10,4405,-2.54,-3.54,864,31.85,34.12,440,144.64,148.18,DELAY_LATE_AIRCRAFT|DELAY_NAS|DELAY_CARRIER
SAN,11,4489,-2.82,-7.67,701,30.65,27.51,304,139.02,138.33,DELAY_LATE_AIRCRAFT|DELAY_NAS|DELAY_CARRIER
SAN,12,4022,-2.16,-5.11,842,32.18,32.05,641,169.49,172.23,DELAY_LATE_AIRCRAFT|DELAY_NAS|DELAY_CARRIER
SAT,1,1860,-3.13,-8.78,260,31.31,24.48,123,170.42,167.11,DELAY_LATE_AIRCRAFT|DELAY_NAS|DELAY_CARRIER
SAT,2,1833,-4.32,-7.88,199,28.85,24.58,64,158.58,155.75,DELAY_LATE_AIRCRAFT|DELAY_NAS|DELAY_CARRIER
SAT,3,1858,-3.04,-8.94,343,32.47,25.4,169,147.29,144.86,DELAY_LATE_AIRCRAFT|DELAY_NAS|DELAY_CARRIER
SAT,4,1952,-2.99,-9.01,300,30.39,23.88,145,185.99,188.42,DELAY_LATE_AIRCRAFT|DELAY_NAS|DELAY_CARRIER
SAT,5,1815,-2.0,-6.9,350,31.47,28.05,229,152.4,150.61,DELAY_LATE_AIRCRAFT|DELAY_NAS|DELAY_CARRIER
SAT,6,1856,-2.08,-7.2,384,30.75,26.22,198,164.13,159.95,DELAY_LATE_AIRCRAFT|DELAY_CARRIER|DELAY_NAS
SAT,7,1829,-2.34,-6.79,412,31.31,28.61,315,163.96,161.18,DELAY_LATE_AIRCRAFT|DELAY_CARRIER|DELAY_NAS
SAT,8,2082,-3.98,-9.39,276,29.91,25.92,176,149.36,145.48,DELAY_LATE_AIRCRAFT|DELAY_NAS|DELAY_CARRIER
SAT,9,2091,-4.06,-10.1,226,29.89,22.69,104,168.63,159.58,DELAY_LATE_AIRCRAFT|DELAY_CARRIER|DELAY_NAS
SAT,10,2287,-3.44,-9.35,221,29.26,21.31,95,149.98,140.32,DELAY_LATE_AIRCRAFT|DELAY_CARRIER|DELAY_NAS
SAT,11,2083,-3.65,-9.47,202,29.82,21.93,83,146.45,140.96,DELAY_LATE_AIRCRAFT|DELAY_CARRIER|DELAY_NAS
SAT,12,1929,-2.94,-8.69,302,29.72,23.53,146,160.53,158.62,DELAY_LATE_AIRCRAFT|DELAY_NAS|DELAY_CARRIER
SAV,1,761,-4.31,-12.1,111,33.59,25.94,63,237.02,231.48,DELAY_LATE_AIRCRAFT|DELAY_CARRIER|DELAY_NAS
SAV,2,827,-4.96,-12.34,72,31.67,25.38,31,143.35,134.65,DELAY_LATE_AIRCRAFT|DELAY_CARRIER|DELAY_NAS
SAV,3,930,-3.37,-9.8,131,30.09,24.04,57,159.93,155.37,DELAY_LATE_AIRCRAFT|DELAY_NAS|DELAY_CARRIER
SAV,4,963,-3.33,-7.06,144,28.76,23.94,52,167.81,163.19,DELAY_LATE_AIRCRAFT|DELAY_NAS|DELAY_CARRIER
SAV,5,927,-2.74,-6.27,185,32.53,26.55,115,150.92,150.18,DELAY_LATE_AIRCRAFT|DELAY_NAS|DELAY_CARRIER
SAV,6,959,-3.0,-9.59,147,29.04,23.94,73,173.47,170.38,DELAY_LATE_AIRCRAFT|DELAY_CARRIER|DELAY_NAS
SAV,7,775,-2.92,-8.52,230,32.44,29.15,156,185.66,184.69,DELAY_LATE_AIRCRAFT|DELAY_CARRIER|DELAY_NAS
SAV,8,870,-3.9,-8.78,127,32.32,29.09,76,180.37,180.34,DELAY_LATE_AIRCRAFT|DELAY_NAS|DELAY_CARRIER
SAV,9,877,-3.4,-9.07,96,30.43,24.71,62,155.05,152.1,DELAY_LATE_AIRCRAFT|DELAY_CARRIER|DELAY_NAS
SAV,10,1011,-3.72,-9.89,115,29.5,22.0,31,145.03,136.84,DELAY_LATE_AIRCRAFT|DELAY_CARRIER|DELAY_NAS
SAV,11,943,-3.69,-9.22,114,29.0,24.65,50,158.42,154.32,DELAY_LATE_AIRCRAFT|DELAY_NAS|DELAY_CARRIER
SAV,12,864,-2.26,-7.02,174,32.07,26.07,80,200.61,196.25,DELAY_LATE_AIRCRAFT|DELAY_NAS|DELAY_CARRIER
SBA,1,340,-5.06,-7.58,41,32.1,28.73,29,157.97,150.62,DELAY_LATE_AIRCRAFT|DELAY_NAS|DELAY_CARRIER
SBA,2,248,-4.71,-10.02,47,30.34,30.43,28,196.0,194.04,DELAY_NAS|DELAY_LATE_AIRCRAFT|DELAY_CARRIER
SBA,3,311,-4.65,-8.95,48,31.35,27.94,34,165.94,168.94,DELAY_NAS|DELAY_LATE_AIRCRAFT|DELAY_CARRIER
SBA,4,293,-4.35,-7.26,43,36.42,32.81,48,221.35,218.96,DELAY_LATE_AIRCRAFT|DELAY_NAS|DELAY_CARRIER
SBA,5,386,-4.91,-9.6,44,34.2,30.18,35,130.94,127.2,DELAY_LATE_AIRCRAFT|DELAY_NAS|DELAY_CARRIER
SBA,6,379,-3.21,-8.47,49,28.29,23.84,31,161.48,156.97,DELAY_LATE_AIRCRAFT|DELAY_CARRIER|DELAY_NAS
SBA,7,435,-4.15,-9.41,47,31.51,28.28,37,185.03,181.54,DELAY_LATE_AIRCRAFT|DELAY_CARRIER|DELAY_NAS
SBA,8,405,-5.44,-9.88,41,27.29,21.54,13,196.69,195.08,DELAY_LATE_AIRCRAFT|DELAY_NAS|DELAY_CARRIER
SBA,9,384,-5.81,-11.79,36,29.03,27.0,21,173.52,166.86,DELAY_LATE_AIRCRAFT|DELAY_CARRIER|DELAY_NAS
SBA,10,377,-5.27,-10.42,46,32.61,28.09,24,187.92,188.75,DELAY_LATE_AIRCRAFT|DELAY_CARRIER|DELAY_NAS
SBA,11,379,-5.19,-11.62,33,30.15,22.18,30,189.3,184.43,DELAY_LATE_AIRCRAFT|DELAY_NAS|DELAY_CARRIER
SBA,12,374,-4.01,-10.33,37,32.03,22.7,22,164.77,158.32,DELAY_LATE_AIRCRAFT|DELAY_NAS|DELAY_CARRIER
SBN,1,213,-4.38,-11.18,57,33.32,37.61,50,171.62,170.7,DELAY_CARRIER|CANC_WEATHER|DELAY_NAS
SBN,2,284,-4.34,-16.08,31,26.58,12.0,17,147.47,137.94,DELAY_CARRIER|DELAY_LATE_AIRCRAFT|DELAY_NAS
SBN,3,335,-4.73,-13.3,35,33.94,22.97,17,189.76,194.71,DELAY_CARRIER|DELAY_NAS|DELAY_LATE_AIRCRAFT
SBN,4,312,-5.04,-11.52,31,27.87,22.94,25,162.36,165.64,DELAY_CARRIER|DELAY_LATE_AIRCRAFT|DELAY_NAS
SBN,5,248,-4.02,-8.06,63,32.81,24.76,56,148.82,143.27,DELAY_CARRIER|DELAY_LATE_AIRCRAFT|DELAY_NAS
SBN,6,263,-5.03,-9.12,44,32.02,21.7,37,165.38,158.97,DELAY_CARRIER|DELAY_LATE_AIRCRAFT|DELAY_NAS
SBN,7,260,-4.56,-5.24,54,30.65,25.17,49,137.51,136.71,DELAY_CARRIER|DELAY_NAS|DELAY_LATE_AIRCRAFT
SBN,8,299,-4.07,-8.31,49,28.51,26.96,50,135.86,131.68,DELAY_CARRIER|DELAY_LATE_AIRCRAFT|DELAY_NAS
SBN,9,342,-5.26,-9.51,44,32.41,26.66,24,191.17,187.96,DELAY_CARRIER|DELAY_LATE_AIRCRAFT|DELAY_NAS
SBN,10,366,-4.79,-12.87,45,28.62,15.56,25,143.28,135.56,DELAY_CARRIER|DELAY_LATE_AIRCRAFT|DELAY_NAS
SBN,11,369,-4.95,-12.47,30,27.33,19.77,31,208.55,204.61,DELAY_CARRIER|DELAY_LATE_AIRCRAFT|DELAY_NAS
SBN,12,342,-4.26,-10.47,61,30.25,28.3,40,172.28,170.05,DELAY_CARRIER|DELAY_LATE_AIRCRAFT|DELAY_NAS
SBP,1,203,-5.84,-9.53,18,36.78,39.33,17,187.29,186.65,DELAY_CARRIER|DELAY_LATE_AIRCRAFT|DELAY_NAS
SBP,2,175,-4.94,-11.5,21,34.19,33.76,23,233.13,232.22,DELAY_NAS|DELAY_CARRIER|DELAY_LATE_AIRCRAFT
SBP,3,216,-4.33,-6.79,24,29.29,29.96,19,165.16,169.74,DELAY_CARRIER|DELAY_NAS|DELAY_LATE_AIRCRAFT
SBP,4,254,-4.29,-6.89,30,33.57,26.97,12,130.25,124.17,DELAY_CARRIER|DELAY_LATE_AIRCRAFT|DELAY_NAS
SBP,5,255,-4.62,-8.47,18,34.56,28.5,23,194.52,198.3,DELAY_LATE_AIRCRAFT|DELAY_CARRIER|DELAY_NAS
SBP,6,261,-4.87,-7.17,31,30.71,27.06,17,166.06,168.12,DELAY_CARRIER|DELAY_LATE_AIRCRAFT|DELAY_NAS
SBP,7,297,-5.15,-7.44,25,34.12,29.96,20,154.95,151.8,DELAY_CARRIER|DELAY_LATE_AIRCRAFT|DELAY_NAS
SBP,8,271,-5.04,-5.79,21,31.71,31.33,23,170.48,171.35,DELAY_CARRIER|DELAY_LATE_AIRCRAFT|DELAY_NAS
SBP,9,289,-5.0,-5.47,27,29.78,28.0,21,285.81,280.48,DELAY_CARRIER|DELAY_LATE_AIRCRAFT|DELAY_NAS
SBP,10,294,-5.85,-7.94,30,31.8,31.13,24,157.38,157.33,DELAY_LATE_AIRCRAFT|DELAY_CARRIER|DELAY_NAS
SBP,11,306,-5.28,-7.8,33,32.58,24.18,18,100.22,97.78,DELAY_CARRIER|DELAY_LATE_AIRCRAFT|DELAY_NAS
SBP,12,282,-5.17,-9.43,28,32.25,25.14,41,149.68,145.68,DELAY_LATE_AIRCRAFT|DELAY_CARRIER|CANC_WEATHER
SCC,1,25,-14.64,-18.24,0,,,3,127.33,138.0,CANC_WEATHER|DELAY_LATE_AIRCRAFT
SCC,2,29,-14.93,-13.45,1,22.0,24.0,3,114.67,119.0,DELAY_LATE_AIRCRAFT
SCC,3,29,-12.14,-12.86,1,19.0,20.0,2,116.5,117.0,DELAY_LATE_AIRCRAFT|CANC_WEATHER|DELAY_CARRIER
SCC,4,26,-16.85,-16.27,2,31.5,35.0,3,152.33,158.67,DELAY_LATE_AIRCRAFT|CANC_WEATHER
SCC,5,28,-19.07,-21.36,5,33.4,30.0,1,63.0,59.0,DELAY_LATE_AIRCRAFT|CANC_CARRIER|DELAY_WEATHER
SCC,6,33,-16.39,-17.61,2,40.5,32.5,1,66.0,61.0,DELAY_LATE_AIRCRAFT|DELAY_NAS
SCC,7,34,-16.47,-18.26,1,53.0,45.0,1,185.0,189.0,DELAY_LATE_AIRCRAFT
SCC,8,36,-13.14,-11.36,3,25.0,22.0,1,218.0,210.0,DELAY_LATE_AIRCRAFT|DELAY_NAS|DELAY_CARRIER
SCC,9,30,-15.4,-18.63,0,,,0,,,N/D
SCC,10,30,-19.23,-23.03,4,38.25,42.25,2,251.5,247.5,DELAY_LATE_AIRCRAFT|CANC_WEATHER|DELAY_CARRIER
SCC,11,31,-14.26,-16.03,0,,,0,,,N/D
SCC,12,29,-14.79,-13.48,2,18.0,16.5,1,126.0,125.0,CANC_WEATHER|DELAY_LATE_AIRCRAFT|DELAY_NAS
SCE,1,12,-5.17,-16.25,3,35.67,31.0,0,,,CANC_WEATHER|DELAY_CARRIER
SCE,2,17,-8.12,-18.41,2,24.5,33.5,1,166.0,167.0,DELAY_CARRIER|CANC_WEATHER|DELAY_WEATHER
SCE,3,42,-7.1,-11.67,0,,,1,160.0,141.0,DELAY_LATE_AIRCRAFT|DELAY_NAS|DELAY_WEATHER
SCE,4,33,-5.79,-4.52,6,35.83,30.67,4,137.25,124.5,DELAY_CARRIER|DELAY_LATE_AIRCRAFT
SCE,5,42,-4.88,-9.52,8,33.25,30.88,10,144.8,142.0,DELAY_LATE_AIRCRAFT|DELAY_NAS|DELAY_CARRIER
SCE,6,37,-6.43,-11.86,6,27.33,26.5,7,166.71,156.71,DELAY_CARRIER|DELAY_LATE_AIRCRAFT|DELAY_WEATHER
SCE,7,20,-7.7,-11.45,2,46.5,70.5,2,91.0,82.5,DELAY_NAS|DELAY_CARRIER|DELAY_WEATHER
SCE,8,25,-6.64,-9.56,4,35.25,32.5,2,76.0,82.0,DELAY_LATE_AIRCRAFT|DELAY_NAS|DELAY_WEATHER
SCE,9,20,-7.5,-10.0,0,,,2,169.5,160.5,DELAY_LATE_AIRCRAFT|DELAY_CARRIER
SCE,10,30,-5.97,-6.73,3,33.0,41.67,4,213.0,211.5,DELAY_LATE_AIRCRAFT|DELAY_CARRIER|DELAY_NAS
SCE,11,23,-6.09,-8.74,4,38.25,43.75,3,147.67,139.0,DELAY_LATE_AIRCRAFT|DELAY_CARRIER
SCE,12,8,-7.75,-18.88,5,29.6,38.6,2,63.5,66.0,DELAY_LATE_AIRCRAFT|DELAY_CARRIER|DELAY_NAS
SCK,1,14,-2.43,0.0,6,28.0,26.83,5,128.0,129.6,DELAY_LATE_AIRCRAFT|DELAY_NAS|DELAY_CARRIER
SCK,2,19,-5.47,-8.37,0,,,1,188.0,194.0,DELAY_CARRIER
SCK,3,21,-7.1,-4.52,8,37.13,48.38,4,117.5,124.5,DELAY_NAS|DELAY_LATE_AIRCRAFT|DELAY_CARRIER
SCK,4,22,-4.18,-2.55,4,27.25,37.5,2,93.5,94.0,DELAY_LATE_AIRCRAFT|DELAY_CARRIER|DELAY_NAS
SCK,5,28,-4.71,-0.36,3,37.67,34.67,1,98.0,92.0,DELAY_LATE_AIRCRAFT|DELAY_NAS
SCK,6,21,-5.48,-3.71,8,29.25,24.5,2,98.0,97.0,DELAY_LATE_AIRCRAFT|DELAY_CARRIER|DELAY_NAS
SCK,7,23,1.91,0.96,9,36.56,36.33,4,626.25,630.75,DELAY_CARRIER|DELAY_LATE_AIRCRAFT|DELAY_NAS
SCK,8,14,-4.64,-7.14,5,34.0,30.8,5,215.0,212.2,DELAY_LATE_AIRCRAFT|DELAY_CARRIER
SCK,9,18,-0.89,-4.78,8,34.25,37.75,3,240.0,242.33,DELAY_LATE_AIRCRAFT|DELAY_CARRIER|DELAY_NAS
SCK,10,18,1.28,0.0,7,30.0,31.43,3,100.0,93.0,DELAY_CARRIER|DELAY_LATE_AIRCRAFT|DELAY_NAS
SCK,11,18,0.22,-5.61,14,34.86,32.93,0,,,DELAY_CARRIER|DELAY_LATE_AIRCRAFT|DELAY_SECURITY
SCK,12,19,0.58,-2.53,11,33.0,22.64,9,104.22,103.56,DELAY_LATE_AIRCRAFT|DELAY_CARRIER|DELAY_WEATHER
SDF,1,980,-4.68,-9.28,135,30.87,29.82,103,176.11,177.65,DELAY_NAS|DELAY_LATE_AIRCRAFT|DELAY_CARRIER
SDF,2,1046,-4.82,-10.88,86,30.92,24.21,38,152.53,155.0,DELAY_NAS|DELAY_LATE_AIRCRAFT|DELAY_CARRIER
SDF,3,1212,-4.62,-10.29,152,33.02,27.03,74,159.93,156.34,DELAY_LATE_AIRCRAFT|DELAY_NAS|DELAY_CARRIER
SDF,4,1210,-4.24,-8.99,141,30.29,25.68,70,125.07,124.01,DELAY_LATE_AIRCRAFT|DELAY_NAS|DELAY_CARRIER
SDF,5,1247,-2.79,-6.26,221,30.97,28.24,134,164.34,165.09,DELAY_LATE_AIRCRAFT|DELAY_NAS|DELAY_CARRIER
SDF,6,1185,-3.91,-9.26,173,31.36,28.7,109,197.78,194.79,DELAY_LATE_AIRCRAFT|DELAY_NAS|DELAY_CARRIER
SDF,7,1123,-3.71,-7.03,215,32.38,29.83,156,184.04,184.28,DELAY_LATE_AIRCRAFT|DELAY_CARRIER|DELAY_NAS
SDF,8,1148,-4.53,-8.58,150,30.82,29.67,99,156.01,152.63,DELAY_CARRIER|DELAY_LATE_AIRCRAFT|DELAY_NAS
SDF,9,1240,-4.59,-8.27,118,30.85,28.9,62,153.03,151.21,DELAY_LATE_AIRCRAFT|DELAY_NAS|DELAY_CARRIER
SDF,10,1350,-4.79,-10.63,91,33.36,24.92,49,155.71,152.45,DELAY_LATE_AIRCRAFT|DELAY_NAS|DELAY_CARRIER
SDF,11,1185,-5.06,-11.09,98,34.69,31.49,52,177.12,175.75,DELAY_NAS|DELAY_CARRIER|DELAY_LATE_AIRCRAFT
SDF,12,1045,-3.95,-10.65,148,29.77,23.93,74,188.26,184.53,DELAY_LATE_AIRCRAFT|DELAY_NAS|DELAY_CARRIER
SEA,1,5549,-1.78,-7.64,1262,31.78,24.82,659,132.94,126.06,DELAY_LATE_AIRCRAFT|DELAY_CARRIER|CANC_CARRIER
SEA,2,6653,-3.5,-7.15,799,30.13,24.63,272,138.97,134.43,DELAY_NAS|DELAY_CARRIER|DELAY_LATE_AIRCRAFT
SEA,3,7212,-2.53,-6.78,1271,30.94,26.34,428,135.7,132.35,DELAY_CARRIER|DELAY_LATE_AIRCRAFT|DELAY_NAS
SEA,4,7276,-2.63,-6.64,1234,30.85,25.5,436,120.12,115.33,DELAY_CARRIER|DELAY_NAS|DELAY_LATE_AIRCRAFT
SEA,5,7660,-1.67,-6.15,1752,30.26,25.02,531,123.57,119.12,DELAY_LATE_AIRCRAFT|DELAY_CARRIER|DELAY_NAS
SEA,6,7759,-0.81,-6.13,2231,29.83,23.68,617,131.37,123.74,DELAY_LATE_AIRCRAFT|DELAY_CARRIER|DELAY_NAS
SEA,7,8378,-1.23,-4.47,2142,30.22,26.59,660,132.19,128.32,DELAY_LATE_AIRCRAFT|DELAY_CARRIER|DELAY_NAS
SEA,8,8319,-1.47,-3.69,2017,30.61,28.45,680,122.26,120.28,DELAY_LATE_AIRCRAFT|DELAY_CARRIER|DELAY_NAS
SEA,9,8446,-2.19,-4.76,1506,30.15,26.57,415,115.67,110.7,DELAY_CARRIER|DELAY_NAS|DELAY_LATE_AIRCRAFT
SEA,10,8208,-2.92,-6.97,1099,29.36,24.44,296,127.67,122.01,DELAY_CARRIER|DELAY_NAS|DELAY_LATE_AIRCRAFT
SEA,11,7571,-3.33,-9.33,913,29.7,22.96,252,134.91,128.54,DELAY_CARRIER|DELAY_NAS|DELAY_LATE_AIRCRAFT
SEA,12,6949,-1.96,-9.4,1316,30.28,23.19,450,128.43,121.78,DELAY_CARRIER|DELAY_LATE_AIRCRAFT|DELAY_NAS
SFB,1,408,-6.96,-14.26,58,29.78,22.33,32,129.06,122.59,DELAY_CARRIER|DELAY_LATE_AIRCRAFT|DELAY_NAS
SFB,2,448,-5.64,-5.87,75,32.41,33.23,19,149.21,148.0,DELAY_LATE_AIRCRAFT|DELAY_CARRIER|DELAY_NAS
SFB,3,485,-5.94,-7.48,98,32.93,31.06,50,127.86,130.2,DELAY_LATE_AIRCRAFT|DELAY_CARRIER|DELAY_NAS
SFB,4,452,-6.65,-9.03,44,26.93,27.05,28,141.39,139.71,DELAY_LATE_AIRCRAFT|DELAY_CARRIER|DELAY_NAS
SFB,5,424,-4.95,-6.74,73,30.11,30.44,44,130.2,127.98,DELAY_LATE_AIRCRAFT|DELAY_NAS|DELAY_CARRIER
SFB,6,481,-3.98,-7.35,127,31.59,31.86,69,146.8,145.52,DELAY_LATE_AIRCRAFT|DELAY_CARRIER|DELAY_NAS
SFB,7,493,-4.0,-6.9,113,31.23,31.42,77,136.84,138.26,DELAY_LATE_AIRCRAFT|DELAY_CARRIER|DELAY_NAS
SFB,8,353,-5.41,-9.12,81,33.78,32.3,51,140.39,139.35,DELAY_LATE_AIRCRAFT|DELAY_CARRIER|DELAY_WEATHER
SFB,9,284,-5.55,-10.43,40,31.68,26.25,27,126.15,122.63,DELAY_CARRIER|DELAY_WEATHER|DELAY_LATE_AIRCRAFT
SFB,10,391,-5.05,-10.41,53,27.74,25.53,32,159.31,157.22,CANC_WEATHER|DELAY_CARRIER|DELAY_LATE_AIRCRAFT
SFB,11,391,-6.45,-9.69,80,29.28,31.59,25,99.04,101.52,DELAY_CARRIER|DELAY_LATE_AIRCRAFT|DELAY_NAS
SFB,12,400,-3.63,-6.17,147,32.18,29.14,83,150.43,147.59,DELAY_CARRIER|DELAY_LATE_AIRCRAFT|DELAY_NAS
SFO,1,5226,-2.43,-8.4,936,31.14,23.11,512,151.92,142.26,DELAY_LATE_AIRCRAFT|DELAY_CARRIER|CANC_CARRIER
SFO,2,4762,-1.98,-10.18,1165,31.9,22.96,659,159.26,151.31,DELAY_LATE_AIRCRAFT|DELAY_NAS|DELAY_CARRIER
SFO,3,5299,-1.79,-7.28,1490,32.88,26.42,738,139.47,131.91,DELAY_LATE_AIRCRAFT|DELAY_NAS|DELAY_CARRIER
SFO,4,5265,-1.87,-11.38,1406,32.49,24.24,757,127.67,118.84,DELAY_LATE_AIRCRAFT|DELAY_NAS|DELAY_CARRIER
SFO,5,5486,-1.72,-11.33,1447,32.93,22.64,676,134.87,124.36,DELAY_LATE_AIRCRAFT|DELAY_CARRIER|DELAY_NAS
SFO,6,5353,-1.9,-11.93,1167,31.28,22.66,656,146.28,136.97,DELAY_LATE_AIRCRAFT|DELAY_CARRIER|DELAY_NAS
SFO,7,6131,-2.25,-7.77,1223,31.07,24.53,706,145.91,139.1,DELAY_LATE_AIRCRAFT|DELAY_CARRIER|DELAY_NAS
SFO,8,6523,-2.21,-8.36,1240,31.71,24.91,595,138.49,131.47,DELAY_LATE_AIRCRAFT|DELAY_CARRIER|DELAY_NAS
SFO,9,6767,-3.09,-7.76,974,31.88,27.48,400,138.31,132.77,DELAY_LATE_AIRCRAFT|DELAY_CARRIER|DELAY_NAS
SFO,10,7387,-2.94,-9.37,973,30.54,24.32,428,134.23,127.94,DELAY_LATE_AIRCRAFT|DELAY_CARRIER|DELAY_NAS
SFO,11,6507,-2.84,-10.16,1088,31.06,22.78,701,143.05,135.58,DELAY_LATE_AIRCRAFT|DELAY_CARRIER|DELAY_NAS
SFO,12,6452,-2.21,-8.93,1224,32.39,24.31,692,136.78,129.55,DELAY_LATE_AIRCRAFT|DELAY_CARRIER|DELAY_NAS
SGF,1,276,-2.81,-5.62,57,31.07,37.98,47,193.85,209.91,DELAY_NAS|DELAY_LATE_AIRCRAFT|DELAY_CARRIER
SGF,2,355,-3.78,-9.81,30,27.07,13.97,17,96.71,87.18,DELAY_NAS|DELAY_CARRIER|DELAY_LATE_AIRCRAFT
SGF,3,370,-3.4,-8.58,39,30.38,21.72,38,147.74,144.05,DELAY_LATE_AIRCRAFT|DELAY_NAS|DELAY_CARRIER
SGF,4,381,-3.23,-8.43,45,29.64,29.62,40,211.55,216.35,DELAY_LATE_AIRCRAFT|DELAY_CARRIER|DELAY_NAS
SGF,5,352,-2.24,-5.9,80,30.45,30.06,65,179.74,182.4,DELAY_LATE_AIRCRAFT|DELAY_CARRIER|DELAY_NAS
SGF,6,447,-3.36,-8.34,99,30.93,26.91,64,149.3,146.22,DELAY_LATE_AIRCRAFT|DELAY_CARRIER|DELAY_NAS
SGF,7,426,-2.29,-5.37,98,29.46,25.76,73,157.33,157.84,DELAY_LATE_AIRCRAFT|DELAY_CARRIER|DELAY_NAS
SGF,8,495,-3.36,-8.22,82,30.3,25.93,54,183.78,180.13,DELAY_LATE_AIRCRAFT|DELAY_CARRIER|DELAY_NAS
SGF,9,515,-3.9,-8.98,72,29.63,26.82,38,139.97,137.5,DELAY_CARRIER|DELAY_LATE_AIRCRAFT|DELAY_NAS
SGF,10,534,-3.69,-8.52,62,30.23,22.58,31,227.87,218.45,DELAY_CARRIER|DELAY_LATE_AIRCRAFT|DELAY_NAS
SGF,11,440,-3.4,-7.83,50,31.82,28.14,33,154.45,153.97,DELAY_CARRIER|DELAY_LATE_AIRCRAFT|DELAY_NAS
SGF,12,422,-2.08,-6.62,105,33.09,28.35,47,163.21,158.32,DELAY_LATE_AIRCRAFT|DELAY_CARRIER|DELAY_NAS
SGU,1,131,-5.91,-7.69,13,31.31,29.46,4,88.75,81.5,DELAY_CARRIER|DELAY_LATE_AIRCRAFT|DELAY_NAS
SGU,2,111,-5.6,-7.39,10,28.2,27.2,4,165.75,159.0,DELAY_CARRIER|DELAY_NAS|DELAY_LATE_AIRCRAFT
SGU,3,146,-7.05,-11.12,3,24.33,16.33,5,160.2,165.2,DELAY_CARRIER|CANC_WEATHER|DELAY_WEATHER
SGU,4,169,-5.56,-9.45,10,28.5,28.5,8,356.63,355.5,DELAY_CARRIER|DELAY_NAS|DELAY_WEATHER
SGU,5,149,-4.54,-10.0,7,33.14,27.29,5,189.2,192.8,DELAY_CARRIER|DELAY_WEATHER|CANC_WEATHER
SGU,6,126,-6.0,-10.43,8,39.88,32.5,7,156.29,146.43,DELAY_CARRIER|DELAY_WEATHER|DELAY_LATE_AIRCRAFT
SGU,7,137,-6.54,-12.38,15,41.27,34.47,13,150.69,140.38,DELAY_CARRIER|DELAY_WEATHER|DELAY_NAS
SGU,8,133,-6.92,-15.08,12,37.25,33.67,16,382.75,380.13,DELAY_CARRIER|DELAY_WEATHER|DELAY_LATE_AIRCRAFT
SGU,9,194,-6.87,-11.36,5,24.6,28.2,4,173.25,162.25,DELAY_CARRIER|DELAY_NAS|DELAY_LATE_AIRCRAFT
SGU,10,216,-7.78,-15.06,17,32.18,27.41,10,140.6,138.1,DELAY_CARRIER|DELAY_NAS|DELAY_WEATHER
SGU,11,182,-7.12,-16.91,10,33.8,24.2,10,151.2,145.9,DELAY_LATE_AIRCRAFT|DELAY_CARRIER|DELAY_WEATHER
SGU,12,186,-6.41,-14.78,9,37.0,28.78,9,189.0,182.78,DELAY_CARRIER|DELAY_NAS|DELAY_LATE_AIRCRAFT
SHR,1,38,-6.39,-16.37,2,22.0,8.0,5,188.0,179.4,DELAY_CARRIER|CANC_WEATHER|DELAY_LATE_AIRCRAFT
SHR,2,39,-7.95,-17.44,1,25.0,65.0,0,,,CANC_WEATHER|DELAY_CARRIER|DELAY_NAS
SHR,3,37,-8.19,-18.43,1,23.0,3.0,1,112.0,138.0,CANC_WEATHER|DELAY_LATE_AIRCRAFT|DELAY_NAS
SHR,4,39,-7.79,-3.62,0,,,0,,,DELAY_CARRIER
SHR,5,35,-8.66,-5.8,4,32.5,25.25,2,220.0,220.5,DELAY_CARRIER|DELAY_LATE_AIRCRAFT|CANC_WEATHER
SHR,6,40,-6.9,-5.45,2,36.0,30.5,2,269.5,265.5,DELAY_CARRIER|DELAY_LATE_AIRCRAFT
SHR,7,36,-8.56,-7.0,3,47.33,46.33,3,158.33,159.0,DELAY_CARRIER|DELAY_LATE_AIRCRAFT
SHR,8,46,-6.98,-4.28,1,21.0,13.0,1,120.0,122.0,DELAY_NAS|CANC_WEATHER|DELAY_CARRIER
SHR,9,42,-6.36,-4.67,1,24.0,28.0,0,,,DELAY_CARRIER
SHR,10,41,-8.29,-5.15,1,19.0,28.0,2,338.5,329.0,DELAY_CARRIER|DELAY_LATE_AIRCRAFT|DELAY_NAS
SHR,11,34,-8.65,-9.94,1,59.0,70.0,1,88.0,88.0,DELAY_CARRIER|CANC_WEATHER
SHR,12,45,-9.93,-15.47,2,18.0,5.5,1,261.0,271.0,DELAY_CARRIER|DELAY_LATE_AIRCRAFT
SHV,1,161,-4.09,-5.19,11,31.82,31.82,16,337.31,339.69,CANC_WEATHER|DELAY_LATE_AIRCRAFT|DELAY_NAS
SHV,2,164,-4.4,-5.35,17,28.24,28.18,9,130.78,125.11,DELAY_LATE_AIRCRAFT|DELAY_NAS|DELAY_CARRIER
SHV,3,196,-4.74,-10.12,27,31.11,24.63,12,166.08,163.25,DELAY_LATE_AIRCRAFT|DELAY_NAS|DELAY_WEATHER
SHV,4,179,-3.88,-10.26,21,26.86,21.24,21,204.67,208.1,DELAY_LATE_AIRCRAFT|DELAY_CARRIER|CANC_WEATHER
SHV,5,167,-1.83,-6.04,35,30.11,32.63,36,166.0,165.25,DELAY_LATE_AIRCRAFT|DELAY_CARRIER|DELAY_NAS
SHV,6,220,-4.24,-9.03,34,35.0,35.53,22,148.36,142.09,DELAY_LATE_AIRCRAFT|DELAY_CARRIER|DELAY_WEATHER
SHV,7,196,-3.17,-8.51,56,33.09,28.64,36,207.0,200.47,DELAY_LATE_AIRCRAFT|DELAY_CARRIER|DELAY_NAS
SHV,8,245,-5.11,-9.95,25,34.0,29.04,17,116.12,113.59,DELAY_LATE_AIRCRAFT|DELAY_CARRIER|DELAY_NAS
SHV,9,247,-5.0,-10.07,22,34.05,34.0,17,146.24,140.35,DELAY_LATE_AIRCRAFT|DELAY_CARRIER|DELAY_NAS
SHV,10,262,-4.54,-10.88,29,31.31,22.0,7,110.29,104.86,DELAY_LATE_AIRCRAFT|DELAY_CARRIER|DELAY_NAS
SHV,11,256,-4.9,-10.74,16,25.06,22.0,8,173.0,165.38,DELAY_CARRIER|DELAY_NAS|DELAY_LATE_AIRCRAFT
SHV,12,255,-2.61,-8.46,35,30.11,23.74,26,171.08,165.23,DELAY_LATE_AIRCRAFT|DELAY_CARRIER|DELAY_NAS
SIT,1,44,-13.82,-14.39,10,30.7,37.6,3,103.67,108.67,DELAY_LATE_AIRCRAFT|CANC_CARRIER|DELAY_NAS
SIT,2,49,-14.31,-13.82,5,29.2,26.6,3,132.33,137.67,DELAY_LATE_AIRCRAFT|DELAY_CARRIER|DELAY_NAS
SIT,3,59,-12.24,-12.81,5,36.0,38.6,0,,,DELAY_LATE_AIRCRAFT|CANC_CARRIER|CANC_WEATHER
SIT,4,59,-11.25,-12.1,3,31.33,45.67,1,98.0,87.0,DELAY_CARRIER|CANC_CARRIER|DELAY_NAS
SIT,5,75,-10.29,-11.67,8,27.88,22.5,2,173.0,177.0,DELAY_LATE_AIRCRAFT|DELAY_CARRIER
SIT,6,103,-10.37,-8.75,9,35.89,39.67,8,245.63,238.75,DELAY_CARRIER|DELAY_LATE_AIRCRAFT|DELAY_NAS
SIT,7,116,-8.55,-8.72,11,32.09,29.18,4,273.25,277.25,DELAY_LATE_AIRCRAFT|DELAY_NAS|DELAY_CARRIER
SIT,8,91,-7.02,-7.21,14,34.86,29.14,8,205.5,199.38,DELAY_LATE_AIRCRAFT|DELAY_WEATHER|DELAY_CARRIER
SIT,9,75,-10.93,-11.09,4,25.5,27.75,3,119.33,113.33,DELAY_LATE_AIRCRAFT|CANC_CARRIER|DELAY_CARRIER
SIT,10,58,-11.43,-12.53,6,36.17,36.67,2,115.5,114.5,DELAY_LATE_AIRCRAFT|DELAY_WEATHER|CANC_CARRIER
SIT,11,57,-11.56,-11.79,6,34.5,38.17,0,,,DELAY_LATE_AIRCRAFT|DELAY_NAS|DELAY_CARRIER
SIT,12,52,-11.96,-11.46,4,38.0,49.5,2,124.0,116.5,DELAY_NAS|DELAY_LATE_AIRCRAFT|DELAY_WEATHER
SJC,1,2257,-3.01,-9.02,306,31.75,24.85,108,127.69,119.54,DELAY_LATE_AIRCRAFT|DELAY_CARRIER|DELAY_NAS
SJC,2,2132,-2.86,-9.82,268,31.53,24.64,93,133.44,126.52,DELAY_LATE_AIRCRAFT|DELAY_CARRIER|DELAY_NAS
SJC,3,2376,-2.5,-7.06,272,30.87,24.28,113,119.48,116.28,DELAY_LATE_AIRCRAFT|DELAY_CARRIER|DELAY_NAS
SJC,4,2382,-2.81,-7.64,268,29.75,23.46,88,103.76,96.56,DELAY_LATE_AIRCRAFT|DELAY_CARRIER|DELAY_NAS
SJC,5,2406,-2.66,-7.71,346,30.59,25.13,127,129.83,123.05,DELAY_LATE_AIRCRAFT|DELAY_CARRIER|DELAY_NAS
SJC,6,2439,-1.83,-6.43,438,29.45,24.8,175,119.05,114.45,DELAY_LATE_AIRCRAFT|DELAY_CARRIER|DELAY_NAS
SJC,7,2530,-2.34,-6.14,358,30.54,26.61,211,127.19,122.79,DELAY_LATE_AIRCRAFT|DELAY_CARRIER|DELAY_NAS
SJC,8,2696,-3.22,-7.86,351,29.96,24.55,116,133.27,127.34,DELAY_LATE_AIRCRAFT|DELAY_NAS|DELAY_CARRIER
SJC,9,2673,-3.84,-7.61,297,31.35,27.56,118,109.82,104.62,DELAY_LATE_AIRCRAFT|DELAY_NAS|DELAY_CARRIER
SJC,10,2704,-3.62,-9.32,342,30.65,24.02,147,136.46,132.44,DELAY_LATE_AIRCRAFT|DELAY_NAS|DELAY_CARRIER
SJC,11,2570,-3.44,-10.34,271,29.41,20.48,101,105.5,98.61,DELAY_LATE_AIRCRAFT|DELAY_CARRIER|DELAY_NAS
SJC,12,2327,-2.68,-9.65,362,30.7,24.48,158,125.61,120.32,DELAY_LATE_AIRCRAFT|DELAY_CARRIER|DELAY_NAS
SJT,1,38,-6.5,-7.47,15,32.2,32.87,5,427.0,424.8,DELAY_LATE_AIRCRAFT|DELAY_WEATHER|DELAY_CARRIER
SJT,2,52,-5.94,-9.77,3,29.0,24.0,4,125.5,123.25,DELAY_LATE_AIRCRAFT|DELAY_NAS|DELAY_CARRIER
SJT,3,50,-6.6,-11.0,2,30.5,36.0,1,89.0,70.0,DELAY_LATE_AIRCRAFT|DELAY_NAS|CANC_WEATHER
SJT,4,46,-5.15,-8.0,7,32.57,26.57,3,115.33,131.0,DELAY_LATE_AIRCRAFT|CANC_NAS|DELAY_CARRIER
SJT,5,38,-5.29,-8.97,4,27.25,28.75,5,387.0,384.2,CANC_WEATHER|DELAY_CARRIER|DELAY_LATE_AIRCRAFT
SJT,6,49,-5.57,-5.57,6,32.67,33.0,4,146.5,149.0,DELAY_CARRIER|DELAY_LATE_AIRCRAFT|DELAY_NAS
SJT,7,46,-4.15,-0.85,4,38.75,35.5,7,116.14,111.71,DELAY_CARRIER|DELAY_NAS|DELAY_LATE_AIRCRAFT
SJT,8,61,-6.54,-7.18,3,33.0,38.33,5,147.8,143.6,DELAY_LATE_AIRCRAFT|DELAY_CARRIER|DELAY_NAS
SJT,9,52,-6.1,-2.56,3,21.0,27.0,2,336.5,331.0,DELAY_CARRIER|DELAY_LATE_AIRCRAFT|DELAY_NAS
SJT,10,53,-5.36,-7.28,5,30.8,25.4,0,,,DELAY_NAS|DELAY_CARRIER|DELAY_LATE_AIRCRAFT
SJT,11,47,-5.26,-3.36,6,30.0,40.67,7,158.14,153.29,DELAY_CARRIER|DELAY_LATE_AIRCRAFT|DELAY_WEATHER
SJT,12,55,-4.4,-12.0,5,29.8,39.0,5,101.6,84.0,DELAY_CARRIER|CANC_WEATHER|DELAY_NAS
SJU,1,1540,-2.93,-6.6,367,31.25,28.35,210,160.12,156.9,DELAY_LATE_AIRCRAFT|DELAY_CARRIER|DELAY_NAS
SJU,2,1421,-3.46,-3.83,262,32.13,27.97,147,178.24,173.49,DELAY_LATE_AIRCRAFT|DELAY_NAS|DELAY_CARRIER
SJU,3,1494,-2.69,-2.69,362,32.73,32.08,236,184.63,184.15,DELAY_LATE_AIRCRAFT|DELAY_NAS|DELAY_CARRIER
SJU,4,1641,-3.67,-7.05,236,30.59,26.28,148,158.91,153.5,DELAY_LATE_AIRCRAFT|DELAY_NAS|DELAY_CARRIER
SJU,5,1638,-3.05,-7.16,323,31.57,29.49,195,189.55,183.05,DELAY_LATE_AIRCRAFT|DELAY_NAS|DELAY_CARRIER
SJU,6,1704,-2.6,-6.39,403,32.27,29.48,242,175.18,170.39,DELAY_LATE_AIRCRAFT|DELAY_NAS|DELAY_CARRIER
SJU,7,1733,-2.18,-7.03,421,33.15,28.0,279,171.53,165.16,DELAY_LATE_AIRCRAFT|DELAY_CARRIER|DELAY_NAS
SJU,8,1405,-2.84,-7.87,374,32.99,25.94,288,156.65,152.41,DELAY_LATE_AIRCRAFT|DELAY_CARRIER|DELAY_NAS
SJU,9,1226,-3.55,-9.87,128,30.2,22.32,97,165.06,155.45,DELAY_CARRIER|DELAY_LATE_AIRCRAFT|DELAY_NAS
SJU,10,1337,-4.13,-10.0,186,30.47,21.91,80,186.74,177.7,DELAY_LATE_AIRCRAFT|DELAY_CARRIER|DELAY_NAS
SJU,11,1588,-3.75,-11.59,229,32.16,23.72,105,177.23,168.7,DELAY_LATE_AIRCRAFT|DELAY_CARRIER|DELAY_NAS
SJU,12,1815,-3.94,-7.9,414,31.26,27.38,203,157.58,153.55,DELAY_LATE_AIRCRAFT|DELAY_CARRIER|DELAY_NAS
SLC,1,5225,-2.29,-7.43,883,31.52,26.95,479,166.18,162.25,DELAY_CARRIER|DELAY_NAS|DELAY_LATE_AIRCRAFT
SLC,2,5253,-3.0,-10.07,620,28.74,22.04,258,133.12,127.78,DELAY_CARRIER|DELAY_NAS|DELAY_LATE_AIRCRAFT
SLC,3,5657,-2.6,-7.86,739,30.62,27.52,351,146.24,143.99,DELAY_CARRIER|DELAY_NAS|DELAY_LATE_AIRCRAFT
SLC,4,5537,-3.51,-9.02,658,31.91,26.17,328,137.8,133.45,DELAY_CARRIER|DELAY_LATE_AIRCRAFT|DELAY_NAS
SLC,5,5478,-2.73,-7.79,790,31.32,25.61,379,135.51,132.17,DELAY_CARRIER|DELAY_LATE_AIRCRAFT|DELAY_NAS
SLC,6,5296,-2.62,-7.64,919,31.63,25.74,458,160.71,154.02,DELAY_CARRIER|DELAY_LATE_AIRCRAFT|DELAY_NAS
SLC,7,5124,-2.59,-6.93,943,31.26,26.19,623,155.63,149.48,DELAY_CARRIER|DELAY_LATE_AIRCRAFT|DELAY_NAS
SLC,8,5456,-2.91,-6.44,862,31.92,27.91,466,148.8,143.8,DELAY_CARRIER|DELAY_LATE_AIRCRAFT|DELAY_NAS
SLC,9,5698,-3.8,-8.13,575,30.63,25.23,262,137.18,131.34,DELAY_CARRIER|DELAY_NAS|DELAY_LATE_AIRCRAFT
SLC,10,5890,-4.09,-9.29,489,30.9,24.91,207,147.33,142.03,DELAY_CARRIER|DELAY_NAS|DELAY_LATE_AIRCRAFT
SLC,11,5401,-4.26,-9.66,463,29.69,25.05,224,147.85,142.97,DELAY_CARRIER|DELAY_NAS|DELAY_LATE_AIRCRAFT
SLC,12,5476,-3.17,-10.49,768,31.08,22.44,383,147.42,140.64,DELAY_CARRIER|DELAY_LATE_AIRCRAFT|DELAY_NAS
SLN,1,29,-8.48,-14.86,5,33.2,25.2,3,98.67,93.67,CANC_WEATHER|DELAY_LATE_AIRCRAFT|DELAY_NAS
SLN,2,37,-9.81,-14.08,2,26.5,18.5,1,62.0,48.0,DELAY_CARRIER|DELAY_WEATHER
SLN,3,41,-9.29,-11.76,3,32.0,34.67,4,87.0,84.0,DELAY_LATE_AIRCRAFT|DELAY_CARRIER|CANC_WEATHER
SLN,4,33,-9.24,-14.64,4,48.5,36.25,4,231.0,224.5,DELAY_CARRIER|DELAY_LATE_AIRCRAFT|CANC_WEATHER
SLN,5,29,-7.72,-10.66,4,19.5,15.5,12,273.17,271.42,DELAY_CARRIER|DELAY_LATE_AIRCRAFT|CANC_WEATHER
SLN,6,31,-7.84,-14.29,3,35.67,32.0,4,121.5,132.5,DELAY_WEATHER|DELAY_CARRIER|DELAY_LATE_AIRCRAFT
SLN,7,28,-5.96,-12.29,3,26.0,73.0,1,79.0,75.0,DELAY_NAS|DELAY_CARRIER|DELAY_LATE_AIRCRAFT
SLN,8,31,-8.0,-11.52,6,38.67,43.33,3,193.33,185.67,DELAY_CARRIER|DELAY_LATE_AIRCRAFT|DELAY_NAS
SLN,9,34,-8.12,-14.38,3,31.67,25.0,5,203.0,193.2,DELAY_LATE_AIRCRAFT|DELAY_CARRIER|DELAY_WEATHER
SLN,10,36,-8.53,-12.89,1,16.0,11.0,1,70.0,75.0,DELAY_CARRIER
SLN,11,32,-7.13,-5.09,6,24.67,23.0,3,231.33,230.67,DELAY_CARRIER|CANC_WEATHER|DELAY_LATE_AIRCRAFT
SLN,12,40,-6.5,-6.03,4,42.0,40.0,3,113.0,116.0,DELAY_CARRIER|DELAY_LATE_AIRCRAFT
SMF,1,2350,-2.62,-8.3,337,30.46,23.4,138,131.45,124.52,DELAY_LATE_AIRCRAFT|DELAY_CARRIER|DELAY_NAS
SMF,2,2223,-2.88,-9.12,248,30.32,25.23,109,139.79,136.79,DELAY_LATE_AIRCRAFT|DELAY_CARRIER|DELAY_NAS
SMF,3,2534,-2.22,-6.76,319,29.88,26.32,139,141.4,137.44,DELAY_LATE_AIRCRAFT|DELAY_CARRIER|DELAY_NAS
SMF,4,2522,-2.45,-7.54,373,31.76,25.65,153,117.65,113.96,DELAY_LATE_AIRCRAFT|DELAY_CARRIER|DELAY_NAS
SMF,5,2576,-1.9,-7.38,462,30.43,23.56,182,147.64,142.96,DELAY_LATE_AIRCRAFT|DELAY_CARRIER|DELAY_NAS
SMF,6,2603,-1.27,-6.78,523,30.58,24.23,204,140.05,134.13,DELAY_LATE_AIRCRAFT|DELAY_CARRIER|DELAY_NAS
SMF,7,2658,-1.87,-5.95,522,32.07,28.67,259,158.46,156.98,DELAY_LATE_AIRCRAFT|DELAY_CARRIER|DELAY_NAS
SMF,8,2919,-2.84,-7.9,408,30.25,24.45,191,127.02,121.37,DELAY_LATE_AIRCRAFT|DELAY_CARRIER|DELAY_NAS
SMF,9,2881,-3.06,-8.03,346,29.49,24.58,128,130.66,127.33,DELAY_LATE_AIRCRAFT|DELAY_NAS|DELAY_CARRIER
SMF,10,3029,-3.24,-9.79,337,31.77,26.5,136,126.48,124.74,DELAY_LATE_AIRCRAFT|DELAY_CARRIER|DELAY_NAS
SMF,11,2785,-2.93,-9.95,364,30.09,22.31,109,136.58,133.84,DELAY_LATE_AIRCRAFT|DELAY_CARRIER|DELAY_NAS
SMF,12,2425,-2.18,-9.1,461,31.08,23.8,209,155.66,150.18,DELAY_LATE_AIRCRAFT|DELAY_CARRIER|DELAY_NAS
SMX,1,4,-11.0,-5.25,0,,,3,209.0,200.0,DELAY_LATE_AIRCRAFT|DELAY_CARRIER
SMX,2,6,-6.67,-5.0,0,,,1,203.0,210.0,DELAY_LATE_AIRCRAFT|DELAY_NAS
SMX,3,5,6.2,14.2,1,31.0,45.0,0,,,DELAY_LATE_AIRCRAFT|DELAY_NAS
SMX,4,4,-4.25,-4.5,0,,,0,,,N/D
SMX,5,3,-0.33,-1.0,0,,,1,69.0,85.0,DELAY_LATE_AIRCRAFT
SMX,6,4,-0.25,-5.0,1,24.0,14.0,1,67.0,65.0,DELAY_LATE_AIRCRAFT
SMX,7,4,-5.25,-4.0,0,,,0,,,N/D
SMX,8,5,-9.2,-12.2,1,22.0,33.0,2,93.5,88.0,DELAY_LATE_AIRCRAFT|DELAY_SECURITY
SMX,9,1,-7.0,-24.0,1,31.0,32.0,4,112.75,112.0,DELAY_LATE_AIRCRAFT|DELAY_WEATHER|DELAY_CARRIER
SMX,10,4,-1.75,-9.25,1,31.0,39.0,3,513.67,507.33,DELAY_LATE_AIRCRAFT|DELAY_CARRIER|DELAY_NAS
SMX,11,5,-11.8,-18.4,1,16.0,28.0,2,147.0,138.0,DELAY_CARRIER|DELAY_LATE_AIRCRAFT|DELAY_NAS
SMX,12,5,-6.0,-8.8,2,36.5,34.5,0,,,DELAY_LATE_AIRCRAFT
SNA,1,2024,-3.56,-8.32,298,32.14,26.47,147,167.99,162.23,DELAY_LATE_AIRCRAFT|DELAY_NAS|DELAY_CARRIER
SNA,2,1903,-3.43,-11.69,284,31.0,22.81,134,150.43,144.69,DELAY_LATE_AIRCRAFT|DELAY_NAS|DELAY_CARRIER
SNA,3,2056,-3.07,-8.51,385,31.41,28.38,176,139.36,136.45,DELAY_NAS|DELAY_LATE_AIRCRAFT|DELAY_CARRIER
SNA,4,2028,-3.53,-10.31,351,32.09,25.71,160,153.41,148.94,DELAY_LATE_AIRCRAFT|DELAY_NAS|DELAY_CARRIER
SNA,5,1981,-3.23,-10.24,359,31.11,24.4,184,184.46,176.24,DELAY_LATE_AIRCRAFT|DELAY_NAS|DELAY_CARRIER
SNA,6,1943,-3.13,-9.0,335,31.56,24.54,158,129.73,122.34,DELAY_LATE_AIRCRAFT|DELAY_NAS|DELAY_CARRIER
SNA,7,1999,-3.51,-9.2,325,32.17,25.33,198,171.02,166.19,DELAY_LATE_AIRCRAFT|DELAY_NAS|DELAY_CARRIER
SNA,8,2144,-3.82,-8.57,273,32.14,25.74,138,138.95,135.96,DELAY_LATE_AIRCRAFT|DELAY_CARRIER|DELAY_NAS
SNA,9,2094,-3.85,-9.43,253,30.17,23.47,93,159.68,152.83,DELAY_LATE_AIRCRAFT|DELAY_NAS|DELAY_CARRIER
SNA,10,2196,-4.11,-9.92,261,30.81,23.95,111,158.63,154.0,DELAY_LATE_AIRCRAFT|DELAY_CARRIER|DELAY_NAS
SNA,11,2166,-4.2,-11.48,259,28.75,20.54,106,172.15,165.96,DELAY_LATE_AIRCRAFT|DELAY_NAS|DELAY_CARRIER
SNA,12,2082,-3.73,-9.52,292,31.5,24.87,194,169.03,164.12,DELAY_LATE_AIRCRAFT|DELAY_NAS|DELAY_CARRIER
SPI,1,3,-3.33,2.67,4,40.0,42.5,0,,,DELAY_NAS|DELAY_WEATHER
SPI,2,4,4.25,-4.0,3,23.33,19.67,0,,,DELAY_LATE_AIRCRAFT|DELAY_NAS
SPI,3,5,2.2,5.4,4,38.5,42.0,0,,,DELAY_CARRIER|DELAY_LATE_AIRCRAFT|DELAY_NAS
SPI,4,6,-0.83,-9.67,0,,,1,69.0,65.0,DELAY_LATE_AIRCRAFT
SPI,5,5,-3.6,-12.0,2,22.5,8.5,0,,,DELAY_NAS
SPI,6,1,1.0,-10.0,1,56.0,38.0,2,153.5,162.0,DELAY_LATE_AIRCRAFT|DELAY_CARRIER
SPI,7,5,4.6,-4.4,0,,,0,,,CANC_CARRIER
SPI,8,2,-8.5,-25.0,0,,,0,,,N/D
SPI,10,4,1.0,-3.5,1,45.0,47.0,1,109.0,215.0,DELAY_NAS|CANC_WEATHER
SPI,11,2,2.5,-5.5,2,40.5,29.5,0,,,DELAY_CARRIER|DELAY_WEATHER
SPI,12,6,-2.67,-12.67,3,30.0,9.67,2,70.5,75.5,DELAY_LATE_AIRCRAFT
SPN,1,22,-14.55,-20.45,1,29.0,28.0,0,,,DELAY_CARRIER
SPN,2,18,-10.78,-15.67,0,,,0,,,N/D
SPN,3,24,-10.54,-15.25,0,,,1,125.0,118.0,DELAY_CARRIER
SPN,4,18,-13.61,-17.78,0,,,0,,,N/D
SPN,5,23,-7.83,-13.26,0,,,0,,,N/D
SPN,6,15,0.2,-1.93,5,28.8,31.2,0,,,DELAY_CARRIER|DELAY_NAS|DELAY_LATE_AIRCRAFT
SPN,7,22,1.68,-0.59,3,28.33,27.0,0,,,DELAY_CARRIER|DELAY_WEATHER
SPN,8,18,-1.89,-3.44,3,37.67,35.33,2,89.5,97.0,DELAY_LATE_AIRCRAFT
SPN,9,18,-7.17,-6.83,0,,,0,,,CANC_NAS
SPN,10,16,-9.38,-12.88,1,23.0,16.0,1,262.0,277.0,DELAY_CARRIER
SPN,11,16,-7.88,-13.81,1,33.0,25.0,1,99.0,94.0,CANC_NAS|DELAY_CARRIER|DELAY_LATE_AIRCRAFT
SPN,12,16,-7.13,-10.94,1,15.0,14.0,0,,,N/D
SPS,1,27,-9.37,-13.33,5,30.6,28.4,9,126.67,124.33,DELAY_WEATHER|DELAY_CARRIER|CANC_WEATHER
SPS,2,40,-7.1,-11.9,3,25.67,32.33,2,166.5,160.5,DELAY_CARRIER|DELAY_NAS|DELAY_WEATHER
SPS,3,32,-6.53,-14.97,2,28.0,25.0,3,224.67,208.33,DELAY_CARRIER|DELAY_WEATHER
SPS,4,39,-7.28,-11.77,2,41.0,42.0,3,96.0,103.67,DELAY_CARRIER|CANC_WEATHER|DELAY_LATE_AIRCRAFT
SPS,5,34,-4.12,-7.06,3,44.33,34.67,4,178.5,176.5,DELAY_CARRIER|CANC_WEATHER|DELAY_WEATHER
SPS,6,36,-7.94,-14.61,2,39.0,30.5,3,92.33,88.0,DELAY_WEATHER|CANC_WEATHER|DELAY_CARRIER
SPS,7,35,-7.66,-8.0,1,53.0,74.0,4,114.25,118.5,DELAY_WEATHER|DELAY_CARRIER|DELAY_NAS
SPS,8,40,-7.35,-11.8,2,29.5,28.5,1,431.0,418.0,DELAY_CARRIER|DELAY_WEATHER
SPS,9,40,-7.48,-8.7,1,21.0,8.0,1,187.0,183.0,DELAY_CARRIER|DELAY_WEATHER
SPS,10,34,-6.12,-13.44,2,31.5,24.5,6,180.17,170.83,DELAY_CARRIER|DELAY_LATE_AIRCRAFT
SPS,11,38,-1.26,-10.05,3,38.67,29.67,3,170.67,161.67,DELAY_CARRIER|DELAY_WEATHER|CANC_WEATHER
SPS,12,38,-2.87,-10.61,2,23.0,20.0,2,143.0,141.0,DELAY_CARRIER|DELAY_NAS|DELAY_LATE_AIRCRAFT
SRQ,1,821,-4.97,-12.3,154,30.73,22.76,118,178.44,171.53,DELAY_LATE_AIRCRAFT|DELAY_CARRIER|DELAY_NAS
SRQ,2,930,-5.45,-7.66,95,32.31,24.4,51,164.8,163.59,DELAY_LATE_AIRCRAFT|DELAY_NAS|DELAY_CARRIER
SRQ,3,1018,-4.74,-8.62,182,31.04,24.75,110,188.8,185.89,DELAY_LATE_AIRCRAFT|DELAY_NAS|DELAY_CARRIER
SRQ,4,952,-4.32,-8.02,100,29.62,27.62,72,175.22,169.71,DELAY_LATE_AIRCRAFT|DELAY_NAS|DELAY_CARRIER
SRQ,5,731,-3.63,-6.55,126,28.98,28.97,88,151.59,152.36,DELAY_LATE_AIRCRAFT|DELAY_NAS|DELAY_CARRIER
SRQ,6,637,-4.15,-8.39,101,29.44,24.68,57,198.6,195.51,DELAY_LATE_AIRCRAFT|DELAY_NAS|DELAY_CARRIER
SRQ,7,571,-4.83,-8.3,133,33.89,31.53,89,170.1,170.44,DELAY_LATE_AIRCRAFT|DELAY_CARRIER|DELAY_NAS
SRQ,8,520,-5.07,-8.16,76,35.03,32.84,52,139.0,138.44,DELAY_LATE_AIRCRAFT|DELAY_NAS|CANC_WEATHER
SRQ,9,502,-6.34,-9.59,42,35.17,27.81,24,171.54,163.0,DELAY_LATE_AIRCRAFT|CANC_WEATHER|DELAY_CARRIER
SRQ,10,523,-7.58,-11.43,41,32.41,29.56,28,191.14,183.75,CANC_WEATHER|CANC_NAS|DELAY_LATE_AIRCRAFT
SRQ,11,800,-6.77,-10.31,69,32.74,28.94,39,154.97,154.54,DELAY_LATE_AIRCRAFT|DELAY_NAS|DELAY_CARRIER
SRQ,12,838,-5.6,-9.65,136,30.38,26.18,97,243.15,242.28,DELAY_LATE_AIRCRAFT|DELAY_NAS|DELAY_CARRIER
STC,1,9,-2.89,-6.89,2,42.0,38.0,2,576.0,541.0,DELAY_NAS|DELAY_LATE_AIRCRAFT|DELAY_WEATHER
STC,2,14,-8.14,-21.57,1,18.0,-23.0,1,103.0,80.0,DELAY_LATE_AIRCRAFT
STC,3,8,-15.63,-33.75,1,16.0,45.0,1,183.0,174.0,DELAY_NAS|DELAY_WEATHER
STC,4,9,-15.0,-30.44,0,,,0,,,N/D
STC,5,8,-6.63,-6.5,0,,,0,,,DELAY_NAS
STC,6,6,-4.5,-10.67,0,,,0,,,N/D
STC,7,4,-4.5,-19.0,0,,,0,,,CANC_CARRIER
STC,8,2,-6.5,-25.0,1,33.0,13.0,0,,,N/D
STC,10,6,0.0,-11.67,1,50.0,41.0,0,,,DELAY_CARRIER
STC,11,6,-1.83,-9.0,2,23.0,15.0,0,,,DELAY_CARRIER
STC,12,5,6.2,-19.2,5,24.0,6.4,1,186.0,194.0,CANC_WEATHER|DELAY_CARRIER|DELAY_NAS
STL,1,2464,-2.0,-6.68,596,30.73,28.74,240,147.99,150.64,DELAY_LATE_AIRCRAFT|DELAY_CARRIER|DELAY_NAS
STL,2,2690,-3.01,-8.97,380,28.84,25.65,128,155.69,151.45,DELAY_LATE_AIRCRAFT|DELAY_NAS|DELAY_CARRIER
STL,3,2890,-2.28,-8.47,593,30.35,24.59,232,134.91,133.35,DELAY_LATE_AIRCRAFT|DELAY_NAS|DELAY_CARRIER
STL,4,3000,-2.07,-7.72,496,30.17,24.89,235,132.4,129.34,DELAY_LATE_AIRCRAFT|DELAY_CARRIER|DELAY_NAS
STL,5,2799,-0.95,-5.58,714,30.84,27.95,418,149.34,148.47,DELAY_LATE_AIRCRAFT|DELAY_NAS|DELAY_CARRIER
STL,6,3015,-1.07,-6.54,725,29.71,24.56,295,125.44,122.41,DELAY_LATE_AIRCRAFT|DELAY_CARRIER|DELAY_NAS
STL,7,2763,-0.75,-5.98,919,30.58,27.03,435,153.47,149.69,DELAY_LATE_AIRCRAFT|DELAY_CARRIER|DELAY_NAS
STL,8,3120,-2.4,-8.43,571,30.03,24.44,244,142.5,138.46,DELAY_LATE_AIRCRAFT|DELAY_CARRIER|DELAY_NAS
STL,9,3331,-3.01,-8.94,394,29.79,23.84,107,141.84,135.39,DELAY_LATE_AIRCRAFT|DELAY_CARRIER|DELAY_NAS
STL,10,3432,-3.15,-10.7,415,29.02,21.82,128,125.45,117.49,DELAY_LATE_AIRCRAFT|DELAY_CARRIER|DELAY_NAS
STL,11,3182,-3.04,-10.48,396,29.4,24.52,117,142.15,139.99,DELAY_LATE_AIRCRAFT|DELAY_NAS|DELAY_CARRIER
STL,12,2899,-1.45,-9.26,597,30.29,21.66,224,145.57,141.3,DELAY_LATE_AIRCRAFT|DELAY_CARRIER|DELAY_NAS
STS,1,136,-4.26,-5.24,22,27.09,20.86,17,133.24,125.41,DELAY_LATE_AIRCRAFT|DELAY_NAS|DELAY_WEATHER
STS,2,139,-3.51,-3.4,11,28.55,24.64,15,123.27,123.33,DELAY_LATE_AIRCRAFT|DELAY_NAS|DELAY_CARRIER
STS,3,173,-4.57,-1.57,16,29.44,31.75,4,79.0,82.5,DELAY_CARRIER|DELAY_LATE_AIRCRAFT|DELAY_NAS
STS,4,162,-3.73,-2.35,18,29.89,36.72,7,110.29,113.29,DELAY_LATE_AIRCRAFT|DELAY_NAS|DELAY_CARRIER
STS,5,128,-2.91,-0.1,15,26.87,26.67,9,300.0,308.44,DELAY_LATE_AIRCRAFT|DELAY_CARRIER|DELAY_NAS
STS,6,142,-1.91,0.46,33,29.76,31.03,18,164.06,162.89,DELAY_LATE_AIRCRAFT|DELAY_NAS|DELAY_CARRIER
STS,7,184,-3.41,-1.97,21,28.81,35.14,14,105.64,105.14,DELAY_LATE_AIRCRAFT|DELAY_CARRIER|DELAY_NAS
STS,8,199,-2.95,-1.89,35,32.11,33.43,8,78.75,82.38,DELAY_LATE_AIRCRAFT|DELAY_NAS|DELAY_CARRIER
STS,9,199,-4.0,-4.32,27,28.0,31.22,18,92.0,91.89,DELAY_LATE_AIRCRAFT|DELAY_NAS|DELAY_CARRIER
STS,10,194,-3.51,-2.4,32,32.66,32.94,16,186.56,183.56,DELAY_LATE_AIRCRAFT|DELAY_CARRIER|DELAY_NAS
STS,11,208,-2.81,-1.59,45,29.42,26.04,26,135.42,134.46,DELAY_LATE_AIRCRAFT|DELAY_CARRIER|DELAY_NAS
STS,12,195,-3.76,-2.78,41,30.37,28.41,25,131.28,132.68,DELAY_LATE_AIRCRAFT|DELAY_CARRIER|DELAY_NAS
STT,1,299,-6.97,-5.89,47,33.0,37.51,26,215.15,214.42,DELAY_LATE_AIRCRAFT|DELAY_NAS|DELAY_CARRIER
STT,2,265,-7.52,-4.72,42,29.21,30.64,35,237.86,236.06,DELAY_NAS|DELAY_LATE_AIRCRAFT|DELAY_CARRIER
STT,3,327,-5.87,-4.02,53,30.89,32.94,33,319.06,322.85,DELAY_LATE_AIRCRAFT|DELAY_NAS|DELAY_CARRIER
STT,4,284,-5.86,-7.0,60,31.83,29.55,27,129.85,122.78,DELAY_LATE_AIRCRAFT|DELAY_NAS|DELAY_CARRIER
STT,5,273,-4.33,-5.15,58,32.21,30.24,28,244.86,246.5,DELAY_NAS|DELAY_LATE_AIRCRAFT|DELAY_CARRIER
STT,6,249,-4.74,-9.93,65,31.0,27.02,30,153.37,153.77,DELAY_LATE_AIRCRAFT|DELAY_NAS|DELAY_CARRIER
STT,7,240,-4.73,-8.29,59,30.92,25.73,30,237.2,241.47,DELAY_LATE_AIRCRAFT|DELAY_NAS|DELAY_CARRIER
STT,8,209,-6.64,-12.6,45,30.18,32.16,36,150.36,142.94,DELAY_LATE_AIRCRAFT|DELAY_NAS|DELAY_CARRIER
STT,9,132,-8.91,-16.71,12,25.17,20.42,11,255.91,249.82,DELAY_LATE_AIRCRAFT|DELAY_CARRIER|DELAY_NAS
STT,10,172,-8.97,-17.03,20,29.45,18.7,11,299.82,290.55,DELAY_LATE_AIRCRAFT|DELAY_CARRIER|DELAY_NAS
STT,11,209,-7.83,-18.22,17,29.76,18.71,17,184.35,180.59,DELAY_LATE_AIRCRAFT|DELAY_CARRIER|DELAY_NAS
STT,12,285,-7.87,-17.14,51,31.88,20.29,10,245.2,238.5,DELAY_LATE_AIRCRAFT|DELAY_NAS|DELAY_CARRIER
STX,1,79,-8.67,-5.19,16,26.56,30.0,8,503.88,505.38,DELAY_NAS|DELAY_LATE_AIRCRAFT|DELAY_CARRIER
STX,2,86,-8.8,-3.93,6,33.17,40.17,7,94.0,99.29,DELAY_NAS|DELAY_LATE_AIRCRAFT|DELAY_CARRIER
STX,3,73,-6.34,-0.12,6,34.67,30.83,11,321.45,330.27,DELAY_NAS|DELAY_LATE_AIRCRAFT|DELAY_CARRIER
STX,4,66,-7.52,-3.79,5,31.8,26.4,5,96.4,90.2,DELAY_NAS|DELAY_LATE_AIRCRAFT|CANC_WEATHER
STX,5,56,-5.16,-7.02,8,25.0,26.13,6,157.0,156.0,DELAY_LATE_AIRCRAFT|DELAY_NAS|DELAY_CARRIER
STX,6,47,-3.89,-3.15,16,38.0,35.56,13,202.62,203.77,DELAY_LATE_AIRCRAFT|DELAY_NAS|DELAY_CARRIER
STX,7,33,-4.76,-6.12,17,32.53,30.65,6,97.67,86.0,DELAY_LATE_AIRCRAFT|DELAY_CARRIER|CANC_CARRIER
STX,8,23,-2.13,-5.7,18,34.17,33.33,2,95.0,87.0,DELAY_LATE_AIRCRAFT|DELAY_NAS|DELAY_CARRIER
STX,9,28,-5.89,-11.07,5,26.2,17.6,1,62.0,68.0,DELAY_CARRIER|DELAY_LATE_AIRCRAFT
STX,10,24,-7.33,-13.83,3,30.0,19.67,4,727.0,714.0,DELAY_LATE_AIRCRAFT|DELAY_CARRIER|DELAY_NAS
STX,11,42,-5.6,-13.12,8,22.38,11.38,2,97.5,107.5,DELAY_LATE_AIRCRAFT|DELAY_CARRIER
STX,12,66,-4.47,-9.0,13,27.69,23.08,10,130.6,117.1,DELAY_LATE_AIRCRAFT|DELAY_NAS|DELAY_CARRIER
SUN,1,141,-6.62,-9.45,9,27.33,35.0,27,280.41,281.7,DELAY_LATE_AIRCRAFT|DELAY_WEATHER|DELAY_CARRIER
SUN,2,121,-7.01,-7.5,17,34.18,33.53,14,233.79,238.64,DELAY_CARRIER|DELAY_LATE_AIRCRAFT|DELAY_NAS
SUN,3,132,-5.8,-9.24,16,35.06,29.75,11,214.91,214.91,DELAY_NAS|DELAY_LATE_AIRCRAFT|DELAY_CARRIER
SUN,4,62,-8.29,-12.48,2,38.0,24.0,3,165.0,163.0,DELAY_CARRIER|DELAY_WEATHER|DELAY_LATE_AIRCRAFT
SUN,5,79,-9.68,-11.37,1,44.0,41.0,3,104.0,101.0,DELAY_CARRIER|DELAY_NAS
SUN,6,105,-8.89,-12.25,2,35.5,43.5,5,131.8,116.6,DELAY_CARRIER|DELAY_LATE_AIRCRAFT|DELAY_NAS
SUN,7,125,-5.86,-13.28,9,38.44,37.89,9,213.11,205.22,DELAY_CARRIER|DELAY_NAS|DELAY_LATE_AIRCRAFT
SUN,8,111,-8.03,-10.92,10,38.7,29.9,15,244.67,240.53,DELAY_CARRIER|DELAY_NAS|DELAY_WEATHER
SUN,9,93,-8.68,-12.14,2,46.0,48.5,5,262.6,270.6,DELAY_CARRIER|DELAY_NAS
SUN,10,76,-8.33,-15.61,3,34.0,25.0,1,102.0,118.0,DELAY_CARRIER|DELAY_LATE_AIRCRAFT|DELAY_NAS
SUN,11,60,-8.4,-11.93,0,,,0,,,CANC_WEATHER|DELAY_CARRIER
SUN,12,127,-7.27,-11.89,10,31.9,41.4,7,143.57,153.14,DELAY_CARRIER|DELAY_NAS|CANC_WEATHER
SUX,1,28,-3.57,-20.61,5,31.8,27.4,4,120.0,107.5,CANC_WEATHER|DELAY_CARRIER|DELAY_LATE_AIRCRAFT
SUX,2,33,-5.15,-21.55,2,40.0,28.0,3,244.0,234.67,DELAY_CARRIER|DELAY_LATE_AIRCRAFT
SUX,3,37,-4.84,-14.73,2,31.5,8.5,3,223.33,200.67,DELAY_CARRIER|DELAY_LATE_AIRCRAFT|DELAY_NAS
SUX,4,38,-6.97,-15.16,1,15.0,-6.0,2,71.5,64.5,DELAY_CARRIER|DELAY_LATE_AIRCRAFT|DELAY_NAS
SUX,5,27,-5.19,-10.19,6,27.0,28.17,11,270.36,263.09,DELAY_CARRIER|DELAY_LATE_AIRCRAFT|DELAY_WEATHER
SUX,6,34,-2.56,-7.35,4,39.75,35.75,2,296.0,310.0,DELAY_CARRIER|DELAY_WEATHER|DELAY_NAS
SUX,7,27,-4.48,-4.0,2,43.0,34.5,7,310.86,298.14,DELAY_CARRIER|DELAY_LATE_AIRCRAFT|DELAY_NAS
SUX,8,35,-6.14,-6.54,6,28.67,31.33,5,161.6,157.4,DELAY_CARRIER|DELAY_LATE_AIRCRAFT|DELAY_NAS
SUX,9,37,-6.32,-1.27,3,23.33,20.0,4,239.0,235.0,DELAY_CARRIER|DELAY_LATE_AIRCRAFT|DELAY_NAS
SUX,10,34,-6.74,-3.18,6,26.83,32.0,2,521.5,508.0,DELAY_CARRIER|DELAY_LATE_AIRCRAFT|DELAY_NAS
SUX,11,36,-7.17,-2.56,1,21.0,15.0,3,93.0,104.67,DELAY_CARRIER|CANC_WEATHER|DELAY_NAS
SUX,12,45,-6.67,-1.18,3,35.33,23.67,3,265.33,254.0,DELAY_CARRIER|DELAY_WEATHER|CANC_WEATHER
SWF,1,16,-13.69,-14.69,2,36.0,18.0,3,465.0,493.0,DELAY_NAS|DELAY_CARRIER|DELAY_LATE_AIRCRAFT
SWF,2,18,-8.33,-23.56,2,43.0,37.5,2,136.5,119.5,DELAY_LATE_AIRCRAFT|DELAY_CARRIER
SWF,3,17,-5.24,-16.76,5,36.8,36.2,1,64.0,79.0,DELAY_NAS|DELAY_LATE_AIRCRAFT|DELAY_CARRIER
SWF,4,19,-5.37,-21.16,3,20.33,7.0,1,210.0,218.0,DELAY_LATE_AIRCRAFT|DELAY_NAS
SWF,5,14,-6.57,-11.43,5,29.6,31.8,2,107.0,110.5,DELAY_LATE_AIRCRAFT|DELAY_CARRIER|DELAY_NAS
SWF,6,13,-4.23,-12.77,4,24.75,31.25,3,112.0,115.0,DELAY_CARRIER|DELAY_LATE_AIRCRAFT|DELAY_WEATHER
SWF,7,23,-7.7,-1.22,5,23.4,16.8,7,120.0,121.29,DELAY_LATE_AIRCRAFT|DELAY_NAS|CANC_CARRIER
SWF,8,20,-4.25,-8.5,3,24.33,14.0,5,123.2,125.2,DELAY_LATE_AIRCRAFT|DELAY_NAS|DELAY_WEATHER
SWF,9,11,-7.73,-15.91,0,,,2,224.5,218.0,DELAY_CARRIER|CANC_WEATHER
SWF,10,18,-7.0,-17.94,3,21.0,14.67,0,,,DELAY_CARRIER|CANC_WEATHER|DELAY_NAS
SWF,11,18,-9.89,-25.44,3,29.33,23.33,1,103.0,88.0,DELAY_CARRIER|DELAY_NAS
SWF,12,37,-7.24,-19.92,2,41.0,38.5,3,124.33,104.0,DELAY_LATE_AIRCRAFT|DELAY_CARRIER|DELAY_NAS
SWO,1,32,-7.41,-15.59,2,26.5,26.5,3,442.67,455.0,CANC_WEATHER|DELAY_WEATHER|DELAY_CARRIER
SWO,2,38,-7.21,-18.97,0,,,1,208.0,193.0,DELAY_CARRIER
SWO,3,40,-6.2,-11.25,1,40.0,25.0,2,124.5,126.5,DELAY_CARRIER|DELAY_LATE_AIRCRAFT|DELAY_WEATHER
SWO,4,34,-3.68,-6.41,2,45.0,33.0,5,170.8,180.6,DELAY_LATE_AIRCRAFT|DELAY_CARRIER|DELAY_NAS
SWO,5,28,-7.61,-13.0,1,50.0,31.0,6,340.83,342.5,CANC_WEATHER|DELAY_CARRIER|DELAY_WEATHER
SWO,6,28,-7.46,-14.14,1,32.0,64.0,5,164.2,175.4,DELAY_NAS|DELAY_WEATHER|DELAY_CARRIER
SWO,7,34,-7.82,-10.82,1,57.0,47.0,3,138.67,136.33,DELAY_CARRIER|DELAY_NAS
SWO,8,38,-8.61,-11.29,3,28.67,20.0,2,212.0,211.0,DELAY_CARRIER|DELAY_NAS|DELAY_WEATHER
SWO,9,40,-7.45,-6.1,3,19.67,20.33,2,100.0,99.5,DELAY_CARRIER|DELAY_NAS|DELAY_WEATHER
SWO,10,31,-9.42,-12.55,5,31.4,22.8,5,143.6,139.8,DELAY_CARRIER
SWO,11,30,-7.57,-10.87,6,25.83,20.33,3,217.67,223.67,DELAY_CARRIER|DELAY_NAS|DELAY_WEATHER
SWO,12,38,-6.45,-13.05,2,47.0,35.0,2,366.5,356.5,DELAY_CARRIER|CANC_WEATHER
SYR,1,614,-5.4,-14.93,80,32.96,25.4,52,152.67,152.87,DELAY_LATE_AIRCRAFT|DELAY_NAS|DELAY_CARRIER
SYR,2,651,-5.37,-20.34,70,30.84,19.83,40,178.05,176.48,DELAY_LATE_AIRCRAFT|DELAY_CARRIER|DELAY_NAS
SYR,3,690,-4.98,-16.36,73,32.64,24.56,60,173.82,172.78,DELAY_LATE_AIRCRAFT|DELAY_NAS|DELAY_CARRIER
SYR,4,669,-5.29,-11.87,57,28.33,19.4,35,145.66,139.97,DELAY_LATE_AIRCRAFT|DELAY_CARRIER|DELAY_NAS
SYR,5,645,-4.13,-10.4,88,32.32,30.94,60,189.07,189.1,DELAY_LATE_AIRCRAFT|DELAY_CARRIER|DELAY_NAS
SYR,6,696,-4.78,-10.95,90,31.34,25.77,49,119.37,114.41,DELAY_LATE_AIRCRAFT|DELAY_NAS|DELAY_CARRIER
SYR,7,613,-3.52,-8.91,101,29.97,27.71,111,152.78,154.27,DELAY_LATE_AIRCRAFT|DELAY_CARRIER|DELAY_NAS
SYR,8,606,-3.76,-8.28,97,33.54,31.55,51,170.29,174.25,DELAY_LATE_AIRCRAFT|DELAY_NAS|DELAY_CARRIER
SYR,9,653,-5.49,-9.82,56,32.07,26.8,31,134.87,129.9,DELAY_CARRIER|DELAY_NAS|DELAY_LATE_AIRCRAFT
SYR,10,683,-4.87,-12.32,51,34.37,23.53,23,163.04,157.65,DELAY_CARRIER|DELAY_NAS|DELAY_LATE_AIRCRAFT
SYR,11,601,-4.56,-13.23,68,29.24,19.72,22,188.86,179.59,DELAY_CARRIER|DELAY_NAS|DELAY_LATE_AIRCRAFT
SYR,12,561,-3.14,-6.27,102,29.25,26.57,56,132.79,129.98,DELAY_NAS|DELAY_CARRIER|DELAY_LATE_AIRCRAFT
TLH,1,264,-3.62,-6.08,44,31.09,28.75,14,108.0,106.64,DELAY_LATE_AIRCRAFT|DELAY_NAS|DELAY_CARRIER
TLH,2,295,-4.64,-8.32,18,29.61,27.22,20,144.9,139.35,DELAY_LATE_AIRCRAFT|DELAY_NAS|DELAY_CARRIER
TLH,3,309,-4.15,-8.51,49,32.37,30.9,21,121.57,124.0,DELAY_LATE_AIRCRAFT|DELAY_CARRIER|DELAY_NAS
TLH,4,308,-5.16,-9.55,30,32.97,37.07,14,119.86,116.29,DELAY_LATE_AIRCRAFT|DELAY_NAS|DELAY_CARRIER
TLH,5,283,-3.64,-5.6,48,32.35,31.13,41,150.49,158.63,DELAY_LATE_AIRCRAFT|DELAY_NAS|DELAY_CARRIER
TLH,6,295,-3.98,-8.44,50,31.96,28.2,23,188.91,184.87,DELAY_LATE_AIRCRAFT|DELAY_CARRIER|DELAY_NAS
TLH,7,244,-2.63,-4.48,47,36.13,34.51,30,226.9,230.07,DELAY_LATE_AIRCRAFT|DELAY_CARRIER|DELAY_NAS
TLH,8,320,-5.14,-8.61,36,32.97,31.69,29,114.1,112.62,DELAY_LATE_AIRCRAFT|DELAY_CARRIER|DELAY_NAS
TLH,9,322,-5.16,-8.12,25,32.4,27.52,17,121.12,114.24,DELAY_LATE_AIRCRAFT|CANC_WEATHER|DELAY_NAS
TLH,10,346,-6.38,-11.83,24,32.38,28.71,18,107.94,101.83,DELAY_CARRIER|DELAY_LATE_AIRCRAFT|DELAY_NAS
TLH,11,292,-4.46,-8.4,21,31.19,29.19,4,150.75,146.25,DELAY_NAS|DELAY_LATE_AIRCRAFT|DELAY_CARRIER
TLH,12,254,-4.34,-6.28,29,28.86,29.34,32,241.94,242.38,DELAY_NAS|DELAY_CARRIER|DELAY_LATE_AIRCRAFT
TOL,1,16,-5.5,-17.44,6,27.0,24.67,1,120.0,121.0,DELAY_LATE_AIRCRAFT|DELAY_CARRIER|DELAY_NAS
TOL,2,16,-0.81,-19.44,7,27.43,17.86,3,100.67,102.67,DELAY_LATE_AIRCRAFT|DELAY_NAS|DELAY_CARRIER
TOL,3,31,-9.42,-16.52,4,32.0,14.5,6,304.0,306.17,DELAY_NAS|DELAY_LATE_AIRCRAFT
TOL,4,19,-8.63,-18.37,5,41.6,25.0,3,189.0,201.67,DELAY_CARRIER|DELAY_LATE_AIRCRAFT|DELAY_WEATHER
TOL,5,10,-6.6,-8.3,4,35.25,34.75,1,196.0,215.0,DELAY_LATE_AIRCRAFT|DELAY_CARRIER|DELAY_NAS
TOL,6,16,-8.88,-12.0,0,,,2,117.0,116.0,DELAY_LATE_AIRCRAFT|DELAY_WEATHER
TOL,7,12,-4.5,-7.67,4,25.75,32.0,1,253.0,246.0,DELAY_CARRIER|DELAY_LATE_AIRCRAFT|DELAY_NAS
TOL,8,4,-10.75,-15.5,1,38.0,33.0,0,,,DELAY_WEATHER
TOL,9,5,2.2,-7.8,0,,,1,75.0,67.0,CANC_WEATHER|DELAY_CARRIER
TOL,10,9,-5.44,-8.67,0,,,1,74.0,73.0,CANC_WEATHER|CANC_CARRIER|DELAY_LATE_AIRCRAFT
TOL,11,17,-3.88,-9.29,5,29.4,23.0,1,64.0,66.0,DELAY_CARRIER|DELAY_LATE_AIRCRAFT
TOL,12,19,-7.16,-16.79,4,26.75,37.0,4,81.75,84.25,DELAY_LATE_AIRCRAFT|DELAY_NAS|DELAY_CARRIER
TPA,1,3599,-2.58,-9.84,658,31.65,24.48,333,138.62,132.62,DELAY_LATE_AIRCRAFT|DELAY_CARRIER|DELAY_NAS
TPA,2,3888,-3.32,-6.75,438,30.18,23.44,156,152.7,149.01,DELAY_LATE_AIRCRAFT|DELAY_NAS|DELAY_CARRIER
TPA,3,3994,-2.34,-5.11,841,31.51,30.3,629,150.66,151.1,DELAY_LATE_AIRCRAFT|DELAY_NAS|DELAY_CARRIER
TPA,4,4047,-2.51,-6.46,541,30.52,26.23,337,154.11,149.57,DELAY_LATE_AIRCRAFT|DELAY_NAS|DELAY_CARRIER
TPA,5,3486,-1.5,-3.56,682,31.06,30.36,541,158.84,164.7,DELAY_LATE_AIRCRAFT|DELAY_NAS|DELAY_CARRIER
TPA,6,3132,-1.5,-6.59,717,31.62,27.99,416,146.35,141.95,DELAY_LATE_AIRCRAFT|DELAY_CARRIER|DELAY_NAS
TPA,7,2912,-1.88,-5.51,833,32.98,31.5,596,160.25,158.04,DELAY_LATE_AIRCRAFT|DELAY_NAS|DELAY_CARRIER
TPA,8,2883,-2.35,-8.27,598,31.62,29.63,428,152.01,150.41,DELAY_LATE_AIRCRAFT|DELAY_NAS|DELAY_CARRIER
TPA,9,2994,-3.18,-7.98,340,29.8,26.02,204,135.55,130.3,DELAY_LATE_AIRCRAFT|CANC_WEATHER|DELAY_NAS
TPA,10,3268,-4.04,-10.91,335,29.03,22.27,166,139.64,133.86,CANC_WEATHER|DELAY_LATE_AIRCRAFT|DELAY_CARRIER
TPA,11,3875,-3.52,-9.82,412,30.86,26.24,173,158.31,153.23,DELAY_LATE_AIRCRAFT|DELAY_NAS|DELAY_CARRIER
TPA,12,3645,-2.51,-9.36,715,31.06,24.94,365,134.85,132.65,DELAY_LATE_AIRCRAFT|DELAY_CARRIER|DELAY_NAS
TRI,1,104,-5.49,-12.13,15,36.93,38.4,11,144.91,142.55,DELAY_LATE_AIRCRAFT|DELAY_CARRIER|CANC_WEATHER
TRI,2,95,-5.47,-15.02,6,27.33,15.33,2,220.5,209.0,DELAY_LATE_AIRCRAFT|DELAY_CARRIER|DELAY_NAS
TRI,3,107,-5.73,-17.88,11,29.82,16.36,5,104.6,100.6,DELAY_LATE_AIRCRAFT|CANC_WEATHER|DELAY_WEATHER
TRI,4,107,-5.32,-13.3,2,18.0,3.0,3,89.33,89.0,DELAY_NAS|CANC_NAS|DELAY_CARRIER
TRI,5,93,-4.6,-12.0,10,36.4,32.8,10,105.9,100.2,DELAY_LATE_AIRCRAFT|DELAY_CARRIER|DELAY_NAS
TRI,6,109,-5.66,-13.72,7,41.43,36.14,12,119.67,110.33,DELAY_LATE_AIRCRAFT|DELAY_CARRIER|DELAY_NAS
TRI,7,111,-4.13,-9.41,13,35.54,30.15,15,132.87,140.33,DELAY_LATE_AIRCRAFT|CANC_CARRIER|DELAY_NAS
TRI,8,113,-5.67,-15.18,7,38.0,29.43,4,298.25,288.0,DELAY_LATE_AIRCRAFT|DELAY_NAS|DELAY_CARRIER
TRI,9,106,-6.53,-12.87,14,29.64,25.36,5,114.6,107.2,DELAY_LATE_AIRCRAFT|DELAY_CARRIER|DELAY_NAS
TRI,10,160,-5.35,-13.0,13,30.31,18.0,6,204.67,197.83,DELAY_LATE_AIRCRAFT|DELAY_CARRIER|DELAY_NAS
TRI,11,126,-6.32,-17.14,9,37.22,38.56,5,724.2,718.0,DELAY_LATE_AIRCRAFT|DELAY_NAS|DELAY_CARRIER
TRI,12,95,-2.98,-11.14,17,30.65,25.18,14,194.71,193.71,DELAY_LATE_AIRCRAFT|DELAY_NAS|DELAY_CARRIER
TTN,1,121,-7.89,-10.67,27,36.85,30.85,7,170.86,171.14,DELAY_LATE_AIRCRAFT|CANC_WEATHER|DELAY_NAS
TTN,2,121,-6.17,-14.5,27,32.44,20.52,12,135.17,134.67,DELAY_LATE_AIRCRAFT|DELAY_NAS|DELAY_CARRIER
TTN,3,79,-5.58,-15.19,30,33.6,16.27,35,141.6,136.06,DELAY_LATE_AIRCRAFT|DELAY_NAS|DELAY_CARRIER
TTN,4,94,-6.7,-18.29,21,30.86,16.71,18,146.22,142.78,DELAY_LATE_AIRCRAFT|DELAY_NAS|DELAY_CARRIER
TTN,5,83,-8.76,-17.64,22,33.0,20.41,18,123.28,118.78,DELAY_LATE_AIRCRAFT|DELAY_NAS|DELAY_CARRIER
TTN,6,68,-9.29,-17.32,7,36.14,26.29,9,107.56,105.44,DELAY_LATE_AIRCRAFT|DELAY_NAS|CANC_CARRIER
TTN,7,67,-9.25,-13.45,13,41.38,53.23,9,121.56,111.56,DELAY_LATE_AIRCRAFT|DELAY_NAS|DELAY_CARRIER
TTN,8,63,-7.7,-15.75,7,37.57,24.86,15,148.13,136.93,DELAY_LATE_AIRCRAFT|DELAY_NAS|DELAY_CARRIER
TTN,9,41,-10.8,-18.98,3,31.0,20.0,1,88.0,84.0,DELAY_LATE_AIRCRAFT|CANC_CARRIER|CANC_WEATHER
TTN,10,34,-9.26,-18.79,4,36.0,28.75,3,185.0,167.0,CANC_WEATHER|DELAY_CARRIER|DELAY_LATE_AIRCRAFT
TTN,11,50,-9.0,-22.62,2,22.5,-7.0,3,156.0,136.0,DELAY_LATE_AIRCRAFT
TTN,12,61,-8.0,-14.87,7,40.57,32.0,9,99.33,93.33,CANC_WEATHER|DELAY_LATE_AIRCRAFT|DELAY_CARRIER
TUL,1,694,-3.75,-5.24,92,31.07,33.93,64,181.25,182.14,DELAY_LATE_AIRCRAFT|DELAY_NAS|DELAY_CARRIER
TUL,2,749,-5.37,-9.26,52,28.94,24.46,24,138.17,130.96,DELAY_LATE_AIRCRAFT|DELAY_NAS|DELAY_CARRIER
TUL,3,773,-4.64,-9.87,84,31.98,25.76,50,162.46,160.08,DELAY_LATE_AIRCRAFT|DELAY_NAS|DELAY_CARRIER
TUL,4,804,-4.17,-7.5,82,29.77,25.82,49,154.16,153.55,DELAY_LATE_AIRCRAFT|DELAY_NAS|DELAY_CARRIER
TUL,5,845,-2.43,-6.62,127,31.52,28.07,92,180.54,188.14,DELAY_LATE_AIRCRAFT|DELAY_NAS|DELAY_CARRIER
TUL,6,879,-3.35,-9.3,132,29.83,24.28,96,134.3,129.66,DELAY_LATE_AIRCRAFT|DELAY_CARRIER|DELAY_NAS
TUL,7,863,-3.96,-9.44,113,33.22,31.07,95,145.88,142.38,DELAY_LATE_AIRCRAFT|DELAY_CARRIER|DELAY_NAS
TUL,8,921,-5.07,-10.52,88,35.01,32.83,58,158.72,151.21,DELAY_LATE_AIRCRAFT|DELAY_NAS|DELAY_CARRIER
TUL,9,903,-5.63,-11.07,73,33.93,28.67,29,180.76,174.0,DELAY_LATE_AIRCRAFT|DELAY_CARRIER|DELAY_NAS
TUL,10,1053,-5.31,-10.45,51,33.65,25.14,30,109.7,99.67,DELAY_CARRIER|DELAY_NAS|DELAY_LATE_AIRCRAFT
TUL,11,858,-5.12,-10.47,76,30.26,24.83,39,125.67,121.44,DELAY_LATE_AIRCRAFT|DELAY_CARRIER|DELAY_NAS
TUL,12,862,-4.25,-10.2,95,32.22,26.45,81,222.7,220.75,DELAY_LATE_AIRCRAFT|DELAY_CARRIER|DELAY_NAS
TUS,1,921,-3.85,-8.04,109,32.15,27.43,61,165.3,160.3,DELAY_LATE_AIRCRAFT|DELAY_CARRIER|DELAY_NAS
TUS,2,863,-3.36,-7.41,105,30.57,27.5,43,150.49,146.16,DELAY_CARRIER|DELAY_LATE_AIRCRAFT|DELAY_NAS
TUS,3,1008,-3.5,-8.1,145,32.96,29.1,53,160.36,156.87,DELAY_LATE_AIRCRAFT|DELAY_CARRIER|DELAY_NAS
TUS,4,980,-3.17,-7.15,135,30.81,25.6,57,164.75,167.58,DELAY_LATE_AIRCRAFT|DELAY_NAS|DELAY_CARRIER
TUS,5,874,-3.05,-5.27,153,30.97,27.17,97,153.3,153.6,DELAY_LATE_AIRCRAFT|DELAY_NAS|DELAY_CARRIER
TUS,6,744,-3.33,-6.63,104,32.51,29.28,68,147.16,145.06,DELAY_LATE_AIRCRAFT|DELAY_CARRIER|DELAY_NAS
TUS,7,761,-4.29,-6.0,123,33.75,34.12,66,152.17,150.62,DELAY_LATE_AIRCRAFT|DELAY_CARRIER|DELAY_NAS
TUS,8,841,-4.5,-6.91,92,31.26,29.68,55,161.36,161.58,DELAY_LATE_AIRCRAFT|DELAY_CARRIER|DELAY_NAS
TUS,9,949,-5.29,-10.56,72,29.78,25.42,43,161.58,157.33,DELAY_LATE_AIRCRAFT|DELAY_CARRIER|DELAY_NAS
TUS,10,1071,-4.65,-7.82,80,31.03,26.31,47,196.7,194.89,DELAY_CARRIER|DELAY_LATE_AIRCRAFT|DELAY_NAS
TUS,11,1079,-4.51,-8.95,85,32.07,26.53,53,130.28,126.13,DELAY_CARRIER|DELAY_LATE_AIRCRAFT|DELAY_NAS
TUS,12,1095,-4.58,-9.2,102,31.44,25.86,79,191.3,190.03,DELAY_CARRIER|DELAY_LATE_AIRCRAFT|DELAY_NAS
TVC,1,92,-2.68,-9.64,23,30.22,26.13,18,268.0,266.11,DELAY_CARRIER|DELAY_NAS|CANC_WEATHER
TVC,2,140,-2.54,-16.27,14,32.5,26.5,12,134.83,124.08,DELAY_LATE_AIRCRAFT|DELAY_NAS|DELAY_WEATHER
TVC,3,133,-3.26,-12.96,9,32.0,24.11,14,112.93,105.14,DELAY_NAS|DELAY_CARRIER|DELAY_LATE_AIRCRAFT
TVC,4,132,-3.89,-8.77,17,28.41,20.24,6,144.0,135.0,DELAY_LATE_AIRCRAFT|DELAY_NAS|DELAY_CARRIER
TVC,5,154,-4.34,-8.97,21,29.48,31.14,9,140.22,138.11,DELAY_CARRIER|DELAY_NAS|DELAY_LATE_AIRCRAFT
TVC,6,282,-4.4,-7.96,46,31.02,27.13,37,194.54,195.97,DELAY_CARRIER|DELAY_LATE_AIRCRAFT|DELAY_NAS
TVC,7,311,-2.16,-1.7,54,33.06,33.63,39,127.54,126.92,DELAY_CARRIER|DELAY_LATE_AIRCRAFT|DELAY_NAS
TVC,8,321,-2.51,-3.83,63,29.94,29.03,44,156.5,155.98,DELAY_CARRIER|DELAY_LATE_AIRCRAFT|DELAY_NAS
TVC,9,244,-3.41,-4.4,23,33.43,27.48,10,107.8,99.8,DELAY_NAS|DELAY_CARRIER|DELAY_LATE_AIRCRAFT
TVC,10,184,-4.31,-11.07,16,28.81,20.13,7,241.71,235.86,DELAY_CARRIER|DELAY_LATE_AIRCRAFT|DELAY_NAS
TVC,11,126,-5.42,-12.72,8,31.38,18.88,5,115.0,103.4,DELAY_NAS|DELAY_CARRIER|DELAY_LATE_AIRCRAFT
TVC,12,159,-2.85,-3.03,35,31.89,44.06,17,211.29,219.06,DELAY_NAS|DELAY_CARRIER|DELAY_LATE_AIRCRAFT
TWF,1,38,-6.55,-8.47,2,25.5,16.5,2,135.5,153.5,DELAY_WEATHER|CANC_WEATHER|DELAY_CARRIER
TWF,2,36,-6.14,-8.06,1,25.0,26.0,2,83.5,86.0,DELAY_CARRIER|DELAY_NAS
TWF,3,44,-7.16,-5.64,1,58.0,38.0,0,,,DELAY_CARRIER
TWF,4,44,-5.59,-14.14,1,19.0,15.0,2,105.0,96.0,DELAY_CARRIER
TWF,5,35,-5.66,-13.8,0,,,4,106.0,97.0,DELAY_CARRIER|DELAY_WEATHER
TWF,6,42,-6.62,-14.6,1,58.0,45.0,2,86.0,76.5,DELAY_CARRIER
TWF,7,35,-6.4,-12.43,1,40.0,40.0,3,148.33,145.67,DELAY_CARRIER
TWF,8,40,-7.73,-13.3,2,22.5,21.0,1,88.0,87.0,DELAY_CARRIER|DELAY_NAS|DELAY_WEATHER
TWF,9,42,-6.24,-12.9,0,,,0,,,N/D
TWF,10,32,-6.47,-9.19,0,,,0,,,DELAY_CARRIER
TWF,11,32,-4.59,-7.03,0,,,0,,,DELAY_CARRIER
TWF,12,37,-5.35,-15.51,2,35.5,20.5,1,65.0,50.0,DELAY_WEATHER|DELAY_CARRIER
TXK,1,40,-5.98,-0.58,1,23.0,18.0,5,123.6,134.6,DELAY_CARRIER|CANC_WEATHER|DELAY_NAS
TXK,2,38,-3.63,-3.26,4,28.0,26.5,0,,,DELAY_CARRIER|DELAY_NAS|DELAY_WEATHER
TXK,3,36,-4.44,-5.89,2,22.0,25.0,3,135.33,137.67,DELAY_NAS|DELAY_LATE_AIRCRAFT|DELAY_WEATHER
TXK,4,27,-3.0,1.07,6,30.17,45.33,5,130.6,134.6,DELAY_LATE_AIRCRAFT|DELAY_NAS|DELAY_CARRIER
TXK,5,34,-4.62,-4.76,3,21.0,55.0,6,173.0,182.0,DELAY_CARRIER|DELAY_NAS|CANC_WEATHER
TXK,6,34,-3.85,-5.21,7,36.43,25.43,6,250.83,246.0,DELAY_LATE_AIRCRAFT|DELAY_CARRIER|DELAY_WEATHER
TXK,7,35,-3.97,-4.17,6,32.0,27.0,6,220.33,216.17,DELAY_LATE_AIRCRAFT|DELAY_CARRIER|CANC_WEATHER
TXK,8,34,-6.32,-7.26,5,23.2,22.2,5,261.4,256.6,DELAY_CARRIER|DELAY_LATE_AIRCRAFT|DELAY_WEATHER
TXK,9,37,-6.05,-11.51,5,19.6,15.6,3,214.67,207.67,DELAY_LATE_AIRCRAFT|DELAY_NAS
TXK,10,41,-7.07,-11.56,5,33.4,25.0,3,142.33,143.33,DELAY_CARRIER|DELAY_LATE_AIRCRAFT|DELAY_WEATHER
TXK,11,30,-6.93,-15.7,6,35.0,29.33,1,315.0,299.0,DELAY_CARRIER|CANC_WEATHER|DELAY_LATE_AIRCRAFT
TXK,12,36,-5.56,-10.33,1,47.0,33.0,7,219.86,213.14,DELAY_CARRIER|DELAY_WEATHER|CANC_WEATHER
TYR,1,49,-4.65,-2.8,5,33.0,33.2,10,242.5,249.8,DELAY_CARRIER|CANC_WEATHER|DELAY_WEATHER
TYR,2,50,-6.58,-14.68,4,44.75,30.25,7,225.0,219.0,DELAY_CARRIER|DELAY_LATE_AIRCRAFT|DELAY_NAS
TYR,3,61,-6.36,-15.75,3,37.67,29.0,5,134.8,126.4,DELAY_CARRIER|DELAY_LATE_AIRCRAFT|DELAY_WEATHER
TYR,4,59,-4.68,-3.58,3,28.33,33.67,3,129.0,130.33,DELAY_WEATHER|DELAY_NAS|CANC_WEATHER
TYR,5,43,-5.67,-10.02,6,41.67,36.5,9,217.78,232.78,DELAY_CARRIER|DELAY_NAS|DELAY_LATE_AIRCRAFT
TYR,6,43,-6.19,-15.56,6,33.0,21.33,5,209.2,205.0,DELAY_CARRIER|DELAY_LATE_AIRCRAFT|DELAY_WEATHER
TYR,7,49,-3.33,-8.94,12,31.42,24.08,3,161.33,156.0,DELAY_LATE_AIRCRAFT|DELAY_CARRIER|CANC_WEATHER
TYR,8,59,-6.98,-12.07,4,34.25,30.0,4,265.25,259.5,DELAY_CARRIER|DELAY_LATE_AIRCRAFT
TYR,9,57,-2.21,-6.37,6,21.67,11.67,1,67.0,66.0,DELAY_NAS|DELAY_LATE_AIRCRAFT|DELAY_CARRIER
TYR,10,49,-6.1,-12.63,11,34.91,25.55,4,146.75,134.5,DELAY_CARRIER|DELAY_LATE_AIRCRAFT|DELAY_NAS
TYR,11,49,-5.51,-11.96,7,35.29,30.71,5,156.4,145.4,DELAY_CARRIER|DELAY_WEATHER|CANC_WEATHER
TYR,12,39,-4.62,-5.77,10,33.5,29.8,9,180.89,169.56,DELAY_CARRIER|CANC_WEATHER|DELAY_NAS
TYS,1,572,-5.77,-10.19,79,31.75,29.05,76,185.25,184.04,DELAY_LATE_AIRCRAFT|DELAY_NAS|DELAY_CARRIER
TYS,2,657,-6.65,-13.32,48,32.92,22.25,19,119.79,111.84,DELAY_LATE_AIRCRAFT|DELAY_NAS|DELAY_CARRIER
TYS,3,689,-5.96,-12.6,87,32.38,26.95,53,160.49,157.92,DELAY_LATE_AIRCRAFT|DELAY_NAS|DELAY_CARRIER
TYS,4,757,-5.75,-10.8,83,32.59,31.8,41,152.59,146.12,DELAY_LATE_AIRCRAFT|DELAY_NAS|DELAY_CARRIER
TYS,5,707,-4.71,-9.0,121,32.78,31.25,90,168.96,170.13,DELAY_LATE_AIRCRAFT|DELAY_NAS|DELAY_CARRIER
TYS,6,811,-5.03,-10.71,114,30.85,24.92,72,167.53,162.11,DELAY_LATE_AIRCRAFT|DELAY_CARRIER|DELAY_NAS
TYS,7,800,-5.38,-10.8,130,32.3,28.35,108,157.08,155.29,DELAY_LATE_AIRCRAFT|DELAY_CARRIER|DELAY_NAS
TYS,8,855,-6.04,-9.94,91,30.7,29.99,81,177.51,172.48,DELAY_LATE_AIRCRAFT|DELAY_NAS|DELAY_CARRIER
TYS,9,818,-6.03,-11.83,111,31.48,26.4,44,196.39,192.32,DELAY_LATE_AIRCRAFT|DELAY_CARRIER|DELAY_NAS
TYS,10,1047,-5.78,-11.55,114,28.84,21.61,31,204.23,199.35,DELAY_LATE_AIRCRAFT|DELAY_NAS|DELAY_CARRIER
TYS,11,885,-6.34,-13.32,70,28.29,22.86,39,166.74,163.54,DELAY_LATE_AIRCRAFT|DELAY_CARRIER|DELAY_NAS
TYS,12,784,-4.81,-11.91,136,31.82,25.6,56,189.89,183.86,DELAY_LATE_AIRCRAFT|DELAY_NAS|DELAY_CARRIER
USA,1,36,-6.86,-12.14,9,38.11,32.11,2,77.5,103.5,DELAY_LATE_AIRCRAFT|DELAY_CARRIER|DELAY_NAS
USA,2,26,-6.35,-11.73,6,42.17,29.67,4,89.25,89.75,DELAY_LATE_AIRCRAFT|CANC_CARRIER|DELAY_CARRIER
USA,3,28,-5.86,-8.36,8,33.5,30.25,10,243.7,240.9,DELAY_LATE_AIRCRAFT|DELAY_NAS|DELAY_CARRIER
USA,4,28,-8.18,-17.43,9,21.33,12.56,5,287.6,283.6,DELAY_LATE_AIRCRAFT|DELAY_CARRIER|DELAY_NAS
USA,5,31,-4.77,-6.77,5,30.2,27.2,6,190.83,180.0,DELAY_LATE_AIRCRAFT|DELAY_CARRIER|DELAY_NAS
USA,6,28,-5.36,-6.32,10,29.8,33.3,8,118.0,113.13,DELAY_LATE_AIRCRAFT|DELAY_CARRIER|CANC_NAS
USA,7,23,-0.35,1.04,6,35.5,32.83,9,319.67,331.33,DELAY_LATE_AIRCRAFT|DELAY_NAS|DELAY_WEATHER
USA,8,18,-8.22,-14.22,9,29.11,32.33,2,118.0,122.0,DELAY_LATE_AIRCRAFT|CANC_WEATHER|CANC_CARRIER
USA,9,24,-8.46,-9.13,1,31.0,29.0,3,169.67,174.67,DELAY_CARRIER|DELAY_LATE_AIRCRAFT|CANC_WEATHER
USA,10,24,-7.88,-12.08,4,28.0,23.5,3,131.0,124.0,DELAY_LATE_AIRCRAFT|CANC_WEATHER|DELAY_CARRIER
USA,11,21,-5.38,-10.29,7,29.71,23.43,0,,,DELAY_LATE_AIRCRAFT|DELAY_CARRIER
USA,12,21,-3.0,-9.67,13,28.77,24.31,10,154.3,153.2,DELAY_LATE_AIRCRAFT|DELAY_CARRIER|DELAY_NAS
VCT,1,27,-7.78,-19.37,2,56.0,58.0,2,600.5,599.5,CANC_WEATHER|DELAY_CARRIER|DELAY_LATE_AIRCRAFT
VCT,2,33,-9.7,-17.91,1,47.0,34.0,2,83.0,84.5,DELAY_CARRIER|DELAY_NAS
VCT,3,34,-6.0,-12.88,2,37.0,38.0,1,110.0,109.0,DELAY_LATE_AIRCRAFT|CANC_WEATHER|DELAY_CARRIER
VCT,4,34,-5.38,-12.47,1,17.0,8.0,2,80.5,83.0,DELAY_LATE_AIRCRAFT
VCT,5,27,-5.63,-10.78,0,,,3,244.67,253.0,CANC_WEATHER|DELAY_CARRIER|DELAY_LATE_AIRCRAFT
VCT,6,31,-4.81,-10.55,1,44.0,37.0,3,234.67,237.0,DELAY_LATE_AIRCRAFT
VCT,7,26,-4.77,-11.27,2,37.0,47.5,6,149.0,148.67,CANC_WEATHER|DELAY_LATE_AIRCRAFT|DELAY_CARRIER
VCT,8,34,-9.41,-18.12,2,34.0,33.0,4,186.0,183.25,DELAY_LATE_AIRCRAFT|DELAY_NAS
VCT,9,30,-9.07,-13.67,2,20.0,12.5,3,273.33,282.33,DELAY_CARRIER|DELAY_LATE_AIRCRAFT|DELAY_WEATHER
VCT,10,25,-5.84,-10.96,4,43.25,34.5,6,118.0,114.83,DELAY_CARRIER|DELAY_LATE_AIRCRAFT|DELAY_WEATHER
VCT,11,26,-5.19,-14.38,0,,,5,155.0,148.0,DELAY_CARRIER|DELAY_LATE_AIRCRAFT|DELAY_NAS
VCT,12,35,-4.14,-8.91,2,25.0,20.0,3,189.67,188.67,DELAY_CARRIER|DELAY_LATE_AIRCRAFT|DELAY_WEATHER
VEL,1,34,-7.97,-13.82,2,25.0,8.5,2,663.0,665.0,DELAY_LATE_AIRCRAFT|DELAY_NAS
VLD,1,41,-5.41,-13.59,2,40.5,27.5,4,146.25,139.25,DELAY_LATE_AIRCRAFT|DELAY_CARRIER
VLD,2,40,-4.68,-14.08,3,46.0,44.0,2,90.5,84.0,DELAY_LATE_AIRCRAFT|DELAY_WEATHER
VLD,3,36,-3.67,-8.28,5,23.8,23.0,2,176.0,184.0,DELAY_WEATHER|DELAY_CARRIER|DELAY_NAS
VLD,4,38,-3.76,-5.87,2,28.0,24.5,1,73.0,58.0,DELAY_LATE_AIRCRAFT|DELAY_CARRIER
VLD,5,33,-3.73,-8.27,5,36.4,38.4,4,246.5,253.75,DELAY_LATE_AIRCRAFT|CANC_CARRIER|DELAY_CARRIER
VLD,6,43,-3.91,-11.02,2,30.5,31.0,1,66.0,58.0,DELAY_CARRIER|DELAY_LATE_AIRCRAFT|DELAY_NAS
VLD,7,36,-5.31,-8.06,1,37.0,72.0,2,159.5,177.0,DELAY_NAS|CANC_CARRIER|CANC_NAS
VLD,8,36,-5.44,-12.22,3,31.67,18.67,3,150.67,142.67,DELAY_LATE_AIRCRAFT|CANC_CARRIER|CANC_NAS
VLD,9,32,-4.69,-2.69,2,24.0,23.0,1,73.0,68.0,CANC_WEATHER|DELAY_NAS|DELAY_CARRIER
VLD,10,47,-3.94,-4.81,4,38.0,42.25,6,205.5,206.83,DELAY_LATE_AIRCRAFT|DELAY_NAS|DELAY_CARRIER
VLD,11,53,-5.25,-10.23,2,36.0,24.0,0,,,DELAY_NAS|DELAY_CARRIER|DELAY_WEATHER
VLD,12,40,-2.15,-9.4,9,35.11,29.56,4,112.25,111.5,DELAY_LATE_AIRCRAFT|DELAY_NAS|DELAY_WEATHER
VPS,1,313,-5.72,-11.47,38,31.79,26.11,32,254.44,250.16,DELAY_LATE_AIRCRAFT|DELAY_CARRIER|DELAY_NAS
VPS,2,380,-5.82,-10.53,17,29.82,23.59,13,204.46,196.23,DELAY_NAS|DELAY_LATE_AIRCRAFT|DELAY_CARRIER
VPS,3,442,-5.14,-11.25,64,30.7,24.95,46,235.11,232.09,DELAY_LATE_AIRCRAFT|DELAY_CARRIER|DELAY_NAS
VPS,4,447,-4.88,-10.08,73,30.37,25.29,39,183.77,184.64,DELAY_LATE_AIRCRAFT|DELAY_CARRIER|DELAY_NAS
VPS,5,450,-3.26,-7.67,104,31.32,27.2,79,166.29,168.0,DELAY_LATE_AIRCRAFT|DELAY_CARRIER|DELAY_NAS
VPS,6,630,-4.94,-11.75,97,31.93,29.47,64,112.5,110.03,DELAY_LATE_AIRCRAFT|DELAY_CARRIER|DELAY_NAS
VPS,7,544,-3.84,-8.4,121,31.79,29.28,95,163.34,163.67,DELAY_LATE_AIRCRAFT|DELAY_CARRIER|DELAY_NAS
VPS,8,540,-4.91,-10.03,101,33.74,35.26,52,143.92,139.42,DELAY_LATE_AIRCRAFT|DELAY_CARRIER|DELAY_NAS
VPS,9,458,-4.72,-9.73,59,30.41,28.66,19,116.84,107.68,DELAY_LATE_AIRCRAFT|DELAY_CARRIER|DELAY_NAS
VPS,10,541,-4.82,-8.84,46,28.5,24.61,10,202.0,197.9,DELAY_LATE_AIRCRAFT|DELAY_NAS|DELAY_CARRIER
VPS,11,411,-5.48,-10.18,37,31.81,26.89,16,152.56,151.56,DELAY_LATE_AIRCRAFT|DELAY_NAS|DELAY_CARRIER
VPS,12,322,-3.4,-7.21,43,29.51,31.91,40,265.48,264.48,DELAY_LATE_AIRCRAFT|DELAY_NAS|DELAY_CARRIER
WRG,1,28,-10.89,-10.68,4,31.5,36.5,5,76.2,72.6,DELAY_LATE_AIRCRAFT|DELAY_NAS|CANC_CARRIER
WRG,2,39,-12.08,-14.67,3,23.67,22.33,1,232.0,224.0,DELAY_LATE_AIRCRAFT|CANC_CARRIER|CANC_WEATHER
WRG,3,44,-12.68,-15.86,4,37.25,37.75,1,114.0,102.0,DELAY_LATE_AIRCRAFT
WRG,4,35,-10.29,-15.6,6,31.33,29.83,2,76.0,74.5,DELAY_LATE_AIRCRAFT|CANC_CARRIER|DELAY_CARRIER
WRG,5,37,-9.3,-13.22,7,34.14,31.14,0,,,DELAY_LATE_AIRCRAFT|DELAY_NAS
WRG,6,37,-6.51,-8.65,4,33.25,31.5,0,,,DELAY_LATE_AIRCRAFT|DELAY_NAS
WRG,7,42,-4.52,-6.79,4,27.25,37.75,1,73.0,66.0,DELAY_LATE_AIRCRAFT|DELAY_NAS
WRG,8,34,-6.82,-9.5,10,27.7,28.7,2,150.5,148.5,DELAY_LATE_AIRCRAFT|CANC_WEATHER|DELAY_CARRIER
WRG,9,42,-6.45,-7.5,1,22.0,17.0,1,189.0,191.0,DELAY_LATE_AIRCRAFT|DELAY_NAS|CANC_CARRIER
WRG,10,29,-11.79,-12.69,5,25.8,18.8,1,110.0,105.0,DELAY_LATE_AIRCRAFT|DELAY_CARRIER|DELAY_NAS
WRG,11,33,-10.79,-12.42,3,30.67,37.67,0,,,DELAY_LATE_AIRCRAFT|CANC_CARRIER
WRG,12,35,-11.03,-11.14,2,47.0,50.0,1,204.0,209.0,DELAY_LATE_AIRCRAFT|CANC_WEATHER|DELAY_NAS
WYS,5,22,-6.91,-13.05,3,29.33,16.33,2,150.5,142.0,DELAY_CARRIER|DELAY_NAS|DELAY_WEATHER
WYS,6,36,-7.64,-12.44,0,,,5,186.6,177.4,DELAY_CARRIER|CANC_WEATHER|DELAY_LATE_AIRCRAFT
WYS,7,38,-6.37,-8.84,5,35.0,32.4,6,133.33,123.5,DELAY_CARRIER
WYS,8,52,-9.69,-11.5,2,19.0,17.5,1,405.0,396.0,DELAY_WEATHER|DELAY_CARRIER
WYS,9,34,-8.91,-14.26,0,,,4,141.75,134.5,DELAY_CARRIER|DELAY_LATE_AIRCRAFT|DELAY_WEATHER
WYS,10,10,-11.9,-18.0,0,,,0,,,N/D
XNA,1,516,-4.26,-4.95,85,32.29,43.34,76,182.66,197.0,DELAY_NAS|DELAY_LATE_AIRCRAFT|DELAY_CARRIER
XNA,2,560,-4.7,-7.44,50,29.2,24.32,18,247.78,239.39,DELAY_NAS|DELAY_LATE_AIRCRAFT|DELAY_CARRIER
XNA,3,615,-4.99,-9.97,74,27.84,23.09,46,140.57,137.72,DELAY_LATE_AIRCRAFT|DELAY_CARRIER|DELAY_NAS
XNA,4,650,-3.59,-8.04,63,30.87,27.94,45,173.36,169.13,DELAY_LATE_AIRCRAFT|DELAY_CARRIER|DELAY_NAS
XNA,5,614,-3.55,-6.89,103,31.3,34.28,72,164.9,171.97,DELAY_NAS|DELAY_LATE_AIRCRAFT|DELAY_CARRIER
XNA,6,642,-4.15,-8.96,105,32.55,30.74,55,151.38,146.98,DELAY_LATE_AIRCRAFT|DELAY_CARRIER|DELAY_NAS
XNA,7,591,-2.94,-6.61,140,31.23,29.36,105,139.69,136.53,DELAY_LATE_AIRCRAFT|DELAY_CARRIER|DELAY_NAS
XNA,8,703,-4.79,-8.99,92,29.13,25.42,50,192.48,192.36,DELAY_LATE_AIRCRAFT|DELAY_NAS|DELAY_CARRIER
XNA,9,753,-4.86,-9.98,60,31.52,25.37,41,190.63,182.29,DELAY_LATE_AIRCRAFT|DELAY_CARRIER|DELAY_NAS
XNA,10,857,-4.87,-9.04,47,33.28,23.53,23,180.57,172.0,DELAY_CARRIER|DELAY_LATE_AIRCRAFT|DELAY_NAS
XNA,11,740,-4.42,-9.56,72,28.51,21.88,36,181.86,188.06,DELAY_LATE_AIRCRAFT|DELAY_NAS|DELAY_CARRIER
XNA,12,740,-3.65,-9.75,118,30.55,26.54,59,145.8,142.92,DELAY_LATE_AIRCRAFT|DELAY_NAS|DELAY_CARRIER
XWA,1,65,-4.63,-13.63,12,31.25,26.83,11,191.55,185.18,DELAY_CARRIER|DELAY_LATE_AIRCRAFT|DELAY_NAS
XWA,2,74,-5.3,-21.05,8,38.75,39.5,10,219.2,206.3,DELAY_CARRIER|DELAY_WEATHER|CANC_WEATHER
XWA,3,84,-3.99,-15.04,7,34.57,34.29,7,242.14,223.71,DELAY_CARRIER|DELAY_NAS|CANC_WEATHER
XWA,4,101,-6.67,-18.12,4,25.25,11.25,4,140.25,144.5,DELAY_LATE_AIRCRAFT|DELAY_CARRIER|DELAY_NAS
XWA,5,111,-5.77,-12.93,2,26.0,22.0,8,131.38,122.13,DELAY_CARRIER|DELAY_NAS|DELAY_WEATHER
XWA,6,100,-4.76,-6.91,17,32.41,39.76,10,212.6,214.2,DELAY_CARRIER|DELAY_NAS|DELAY_LATE_AIRCRAFT
XWA,7,90,-4.96,-5.81,13,28.77,32.08,16,113.81,110.44,DELAY_CARRIER|DELAY_LATE_AIRCRAFT|DELAY_NAS
XWA,8,98,-6.38,-10.29,11,33.64,40.64,11,125.45,120.18,DELAY_CARRIER|DELAY_NAS|DELAY_LATE_AIRCRAFT
XWA,9,110,-6.89,-14.49,8,29.0,23.13,4,258.5,265.25,DELAY_CARRIER|DELAY_LATE_AIRCRAFT|DELAY_SECURITY
XWA,10,117,-6.79,-17.9,6,32.5,22.17,6,389.33,379.5,DELAY_CARRIER|DELAY_LATE_AIRCRAFT|CANC_WEATHER
XWA,11,73,-4.95,-8.56,6,27.67,38.5,15,239.73,240.47,DELAY_CARRIER|DELAY_WEATHER|CANC_WEATHER
XWA,12,97,-2.3,-4.8,14,32.21,25.07,19,278.63,265.68,DELAY_CARRIER|DELAY_LATE_AIRCRAFT|DELAY_NAS
YAK,1,27,-15.0,-15.96,7,43.29,42.86,2,80.0,80.0,DELAY_LATE_AIRCRAFT|CANC_WEATHER|CANC_CARRIER
YAK,2,33,-17.7,-15.88,3,30.33,28.67,0,,,DELAY_LATE_AIRCRAFT|DELAY_CARRIER|DELAY_NAS
YAK,3,36,-15.0,-14.14,5,34.2,27.6,3,93.67,89.67,DELAY_LATE_AIRCRAFT|DELAY_WEATHER|DELAY_NAS
YAK,4,38,-14.5,-16.89,1,31.0,19.0,3,138.33,140.67,DELAY_LATE_AIRCRAFT|CANC_CARRIER|DELAY_NAS
YAK,5,36,-11.36,-12.56,1,42.0,39.0,2,81.5,121.5,DELAY_LATE_AIRCRAFT|CANC_CARRIER|CANC_WEATHER
YAK,6,36,-11.67,-13.42,3,27.67,21.33,1,61.0,50.0,DELAY_LATE_AIRCRAFT|DELAY_SECURITY
YAK,7,33,-3.12,-4.79,8,25.25,27.75,0,,,DELAY_LATE_AIRCRAFT|DELAY_NAS|CANC_CARRIER
YAK,8,29,-8.48,-10.59,15,25.6,24.2,2,111.0,110.0,DELAY_LATE_AIRCRAFT|DELAY_SECURITY|CANC_CARRIER
YAK,9,39,-7.51,-8.62,8,31.25,26.25,1,87.0,78.0,DELAY_LATE_AIRCRAFT|DELAY_SECURITY
YAK,10,40,-15.75,-17.15,3,31.33,32.67,1,88.0,78.0,DELAY_LATE_AIRCRAFT
YAK,11,45,-19.62,-19.76,1,46.0,40.0,1,80.0,77.0,DELAY_LATE_AIRCRAFT|DELAY_NAS
YAK,12,29,-17.45,-18.59,6,40.0,37.83,0,,,DELAY_LATE_AIRCRAFT|DELAY_WEATHER|CANC_WEATHER
YUM,1,68,-6.29,-7.57,8,26.25,25.38,7,164.29,168.86,DELAY_CARRIER|DELAY_NAS|DELAY_LATE_AIRCRAFT
YUM,2,76,-5.93,-9.43,5,21.6,26.4,3,146.33,161.0,DELAY_NAS|DELAY_CARRIER|DELAY_LATE_AIRCRAFT
YUM,3,86,-4.97,-7.76,3,33.33,29.0,6,161.0,166.5,DELAY_CARRIER|DELAY_NAS|DELAY_WEATHER
YUM,4,87,-5.1,-7.52,5,42.6,33.2,6,403.67,399.83,DELAY_CARRIER|DELAY_LATE_AIRCRAFT|DELAY_NAS
YUM,5,81,-3.93,-4.7,9,39.0,36.78,7,179.14,175.71,DELAY_CARRIER|DELAY_LATE_AIRCRAFT|CANC_WEATHER
YUM,6,66,-4.32,-5.36,5,32.0,25.8,4,146.0,135.25,DELAY_CARRIER|DELAY_LATE_AIRCRAFT|DELAY_NAS
YUM,7,68,-4.43,-7.53,8,28.88,22.5,4,208.5,210.75,DELAY_LATE_AIRCRAFT|DELAY_CARRIER|CANC_CARRIER
YUM,8,107,-6.68,-7.87,2,37.5,29.5,3,131.67,138.33,DELAY_CARRIER|DELAY_LATE_AIRCRAFT|DELAY_NAS
YUM,9,107,-6.26,-12.86,2,24.0,10.0,4,421.25,423.25,DELAY_CARRIER|DELAY_LATE_AIRCRAFT|DELAY_NAS
YUM,10,102,-4.65,-6.49,11,31.18,31.27,3,100.33,101.33,DELAY_LATE_AIRCRAFT|DELAY_CARRIER|DELAY_NAS
YUM,11,111,-5.93,-10.79,6,38.5,36.5,5,348.0,342.4,DELAY_LATE_AIRCRAFT|DELAY_CARRIER|DELAY_WEATHER
YUM,12,92,-6.39,-8.79,11,35.45,31.27,10,130.9,128.3,DELAY_CARRIER|DELAY_LATE_AIRCRAFT|DELAY_NAS
