aeroporto,mese,voli_ritardo_basso,ritardo_medio_dep_basso,ritardo_medio_arr_basso,voli_ritardo_medio,ritardo_medio_dep_medio,ritardo_medio_arr_medio,voli_ritardo_alto,ritardo_medio_dep_alto,ritardo_medio_arr_alto,top_3_cause_ritardo_canc
ABE,1,550,-5.51,-14.56,60,34.9,32.5,60,241.3,234.03,DELAY_LATE_AIRCRAFT|DELAY_NAS|DELAY_CARRIER
ABE,2,592,-6.62,-19.57,38,28.53,10.11,28,227.93,217.93,DELAY_CARRIER|DELAY_NAS|DELAY_LATE_AIRCRAFT
ABE,3,678,-6.19,-18.37,56,30.68,19.89,46,173.43,163.39,DELAY_NAS|DELAY_LATE_AIRCRAFT|DELAY_CARRIER
ABE,4,606,-6.45,-17.3,58,33.45,27.66,58,258.66,250.38,DELAY_CARRIER|DELAY_LATE_AIRCRAFT|DELAY_NAS
ABE,5,640,-6.4,-12.5,52,30.08,29.58,78,183.13,177.13,DELAY_LATE_AIRCRAFT|DELAY_NAS|DELAY_CARRIER
ABE,6,670,-6.85,-16.46,74,26.65,17.22,74,173.24,172.32,DELAY_CARRIER|DELAY_LATE_AIRCRAFT|DELAY_NAS
ABE,7,560,-6.36,-10.59,82,34.61,30.15,74,138.08,137.08,DELAY_LATE_AIRCRAFT|DELAY_CARRIER|DELAY_NAS
ABE,8,578,-6.64,-14.06,84,32.02,27.98,54,146.96,144.3,DELAY_LATE_AIRCRAFT|DELAY_CARRIER|DELAY_NAS
ABE,9,552,-6.86,-15.9,48,38.08,32.88,32,265.06,261.25,DELAY_LATE_AIRCRAFT|DELAY_CARRIER|DELAY_WEATHER
ABE,10,604,-6.03,-17.9,62,26.23,11.97,36,193.17,183.83,DELAY_LATE_AIRCRAFT|CANC_WEATHER|DELAY_CARRIER
ABE,11,558,-6.35,-16.63,48,31.62,21.75,28,165.21,152.43,DELAY_LATE_AIRCRAFT|DELAY_CARRIER|DELAY_NAS
ABE,12,542,-4.88,-12.96,66,31.79,24.58,68,229.03,222.15,DELAY_LATE_AIRCRAFT|DELAY_CARRIER|DELAY_NAS
ABI,1,250,-6.34,-4.06,22,38.91,36.73,26,113.46,123.85,DELAY_LATE_AIRCRAFT|DELAY_NAS|DELAY_WEATHER
ABI,2,264,-6.43,-5.87,16,33.88,33.75,2,99.0,88.0,DELAY_NAS|DELAY_CARRIER|DELAY_LATE_AIRCRAFT
ABI,3,240,-4.21,-6.95,26,24.08,27.08,24,132.67,134.08,DELAY_LATE_AIRCRAFT|DELAY_NAS|DELAY_WEATHER
ABI,4,230,-4.19,-9.9,30,31.47,29.6,24,129.67,126.17,DELAY_LATE_AIRCRAFT|DELAY_WEATHER|DELAY_NAS
ABI,5,186,-2.91,-7.02,52,27.88,25.04,44,190.68,195.59,DELAY_LATE_AIRCRAFT|DELAY_CARRIER|DELAY_WEATHER
ABI,6,224,-4.65,-10.25,36,28.33,25.72,26,116.54,108.77,DELAY_LATE_AIRCRAFT|DELAY_CARRIER|DELAY_NAS
ABI,7,232,-4.23,-8.73,46,30.13,30.87,20,127.0,122.5,DELAY_LATE_AIRCRAFT|DELAY_CARRIER|DELAY_NAS
ABI,8,264,-6.14,-8.8,24,27.25,22.67,4,91.5,89.5,DELAY_LATE_AIRCRAFT|DELAY_CARRIER|DELAY_NAS
ABI,9,248,-5.33,-8.06,28,28.43,23.43,16,108.88,99.12,DELAY_CARRIER|DELAY_LATE_AIRCRAFT|DELAY_NAS
ABI,10,284,-5.69,-12.23,6,32.0,32.0,8,135.5,125.5,DELAY_CARRIER|DELAY_LATE_AIRCRAFT|DELAY_NAS
ABI,11,254,-4.5,-9.21,16,31.12,25.5,12,106.17,105.0,DELAY_WEATHER|DELAY_CARRIER|DELAY_LATE_AIRCRAFT
ABI,12,260,-4.19,-6.19,14,28.71,21.57,24,111.0,117.08,DELAY_LATE_AIRCRAFT|DELAY_CARRIER|DELAY_NAS
ABQ,1,2916,-3.25,-8.49,400,30.94,26.28,232,137.95,134.59,DELAY_LATE_AIRCRAFT|DELAY_NAS|DELAY_CARRIER
ABQ,2,2802,-2.88,-8.38,312,31.13,28.93,128,156.59,155.88,DELAY_LATE_AIRCRAFT|DELAY_NAS|DELAY_CARRIER
ABQ,3,3028,-2.42,-8.1,500,31.2,25.83,234,186.95,185.95,DELAY_LATE_AIRCRAFT|DELAY_NAS|DELAY_CARRIER
ABQ,4,3068,-2.33,-8.72,526,30.96,24.81,186,143.84,142.43,DELAY_LATE_AIRCRAFT|DELAY_CARRIER|DELAY_NAS
ABQ,5,3194,-1.9,-7.44,642,31.05,25.33,318,161.65,158.31,DELAY_LATE_AIRCRAFT|DELAY_CARRIER|DELAY_NAS
ABQ,6,3236,-2.15,-7.1,618,30.57,25.68,252,147.6,143.38,DELAY_LATE_AIRCRAFT|DELAY_CARRIER|DELAY_NAS
ABQ,7,3178,-2.11,-7.26,662,33.08,29.46,336,152.89,150.16,DELAY_LATE_AIRCRAFT|DELAY_CARRIER|DELAY_NAS
ABQ,8,3406,-3.32,-8.27,468,30.08,27.2,252,143.02,141.08,DELAY_LATE_AIRCRAFT|DELAY_CARRIER|DELAY_NAS
ABQ,9,3486,-3.87,-10.21,440,28.97,22.79,132,127.7,122.7,DELAY_LATE_AIRCRAFT|DELAY_CARRIER|DELAY_NAS
ABQ,10,4210,-3.07,-8.12,422,28.39,23.0,150,141.68,137.13,DELAY_LATE_AIRCRAFT|DELAY_CARRIER|DELAY_NAS
ABQ,11,3436,-3.56,-7.27,370,30.1,28.39,142,134.52,133.99,DELAY_LATE_AIRCRAFT|DELAY_NAS|DELAY_CARRIER
ABQ,12,3376,-3.17,-9.33,446,30.12,23.94,174,159.17,161.71,DELAY_LATE_AIRCRAFT|DELAY_CARRIER|DELAY_NAS
ABR,1,94,-3.34,-14.87,10,27.2,7.8,10,130.8,121.4,DELAY_CARRIER|CANC_WEATHER|DELAY_WEATHER
ABR,2,106,-4.94,-22.42,6,34.0,13.67,4,321.0,304.5,DELAY_CARRIER|DELAY_WEATHER
ABR,3,102,-4.1,-21.47,6,27.0,11.67,14,192.29,171.43,DELAY_CARRIER|DELAY_WEATHER|CANC_WEATHER
ABR,4,112,-5.18,-16.05,2,18.0,-4.0,6,365.67,344.0,DELAY_CARRIER|DELAY_WEATHER
ABR,5,106,-4.53,-10.7,6,39.33,36.0,12,140.5,130.67,DELAY_CARRIER|DELAY_WEATHER
ABR,6,84,-3.38,1.38,22,37.82,49.55,14,307.57,308.71,DELAY_CARRIER|DELAY_WEATHER|DELAY_NAS
ABR,7,98,-1.86,-10.18,12,35.67,32.67,14,132.29,138.29,DELAY_CARRIER|DELAY_NAS|DELAY_WEATHER
ABR,8,100,-3.28,-8.62,12,24.5,35.33,12,235.17,249.33,DELAY_CARRIER|DELAY_WEATHER|DELAY_NAS
ABR,9,114,-5.35,-16.53,0,,,6,140.33,132.33,DELAY_CARRIER
ABR,10,100,-4.54,-16.44,12,42.5,29.67,12,193.5,182.33,DELAY_CARRIER|DELAY_WEATHER
ABR,11,102,-4.59,-11.45,10,25.8,17.2,6,106.0,90.0,DELAY_CARRIER
ABR,12,82,-4.32,-8.1,16,34.12,25.5,20,356.8,348.1,DELAY_CARRIER|DELAY_NAS|CANC_WEATHER
ABY,1,100,-4.44,-10.1,10,26.6,18.6,14,304.86,294.14,DELAY_CARRIER|DELAY_WEATHER
ABY,2,90,-5.71,-7.69,14,27.71,15.57,12,199.33,194.83,DELAY_CARRIER|DELAY_WEATHER
ABY,3,112,-5.43,-9.23,4,43.0,39.0,8,140.5,131.0,DELAY_CARRIER|DELAY_WEATHER
ABY,4,98,-6.27,-3.1,14,35.43,39.0,8,130.25,137.0,DELAY_CARRIER|DELAY_NAS|DELAY_WEATHER
ABY,5,94,-6.02,-3.6,12,39.0,39.83,16,118.75,115.5,DELAY_CARRIER|DELAY_WEATHER|DELAY_NAS
ABY,6,100,-5.74,-6.76,10,45.6,40.0,8,72.0,66.25,DELAY_CARRIER|CANC_WEATHER
ABY,7,76,-5.92,3.29,14,29.43,27.43,26,186.23,188.0,DELAY_CARRIER|DELAY_WEATHER|DELAY_NAS
ABY,8,88,-4.55,-5.86,16,29.5,21.12,18,266.44,261.44,DELAY_CARRIER|CANC_WEATHER|DELAY_WEATHER
ABY,9,96,-6.85,-6.67,12,40.17,41.5,10,101.6,95.8,DELAY_CARRIER|DELAY_WEATHER|CANC_WEATHER
ABY,10,118,-6.73,-8.37,4,55.5,42.5,2,130.0,117.0,DELAY_CARRIER|DELAY_NAS
ABY,11,140,-7.83,-7.17,8,38.0,34.75,6,190.0,195.0,DELAY_CARRIER|DELAY_WEATHER
ABY,12,114,-7.19,-14.26,12,26.17,22.5,30,195.67,193.87,DELAY_CARRIER|DELAY_LATE_AIRCRAFT|DELAY_WEATHER
ACK,5,192,-10.22,-10.72,20,33.4,33.2,28,161.07,162.64,DELAY_LATE_AIRCRAFT|DELAY_NAS|CANC_CARRIER
ACK,6,520,-8.7,-13.32,66,36.27,39.27,72,175.81,178.14,DELAY_LATE_AIRCRAFT|DELAY_NAS|DELAY_CARRIER
ACK,7,674,-7.85,-11.22,128,33.41,32.2,102,137.04,140.27,DELAY_LATE_AIRCRAFT|DELAY_NAS|DELAY_CARRIER
ACK,8,702,-5.75,-7.06,68,36.24,35.0,94,179.66,181.4,DELAY_LATE_AIRCRAFT|DELAY_NAS|CANC_NAS
ACK,9,310,-9.64,-11.55,22,37.55,40.0,16,116.12,114.5,DELAY_LATE_AIRCRAFT|DELAY_NAS|DELAY_CARRIER
ACK,10,134,-9.9,-13.55,8,34.5,28.5,6,168.0,162.0,DELAY_LATE_AIRCRAFT|DELAY_NAS|DELAY_CARRIER
ACT,1,128,-6.52,-8.73,24,36.42,34.25,20,272.8,268.8,DELAY_CARRIER|CANC_WEATHER|DELAY_LATE_AIRCRAFT
ACT,2,160,-4.51,-5.96,6,31.0,36.0,8,82.5,70.25,DELAY_NAS|DELAY_LATE_AIRCRAFT|DELAY_CARRIER
ACT,3,158,-3.11,-2.57,14,29.57,29.43,8,75.25,69.75,DELAY_NAS|DELAY_LATE_AIRCRAFT|CANC_WEATHER
ACT,4,140,-3.81,-3.81,20,33.8,30.7,12,171.83,179.67,DELAY_LATE_AIRCRAFT|DELAY_CARRIER|DELAY_WEATHER
ACT,5,136,-6.18,-5.13,14,34.29,31.14,22,187.64,186.91,DELAY_CARRIER|CANC_WEATHER|DELAY_WEATHER
ACT,6,114,-4.09,-3.67,30,34.27,29.67,34,149.94,150.88,DELAY_LATE_AIRCRAFT|DELAY_CARRIER|DELAY_NAS
ACT,7,148,-6.15,-4.49,16,45.75,41.5,20,139.0,143.3,DELAY_CARRIER|DELAY_NAS|DELAY_WEATHER
ACT,8,150,-4.36,-1.88,22,36.73,40.73,10,103.8,107.4,DELAY_CARRIER|DELAY_LATE_AIRCRAFT|DELAY_NAS
ACT,9,150,-4.89,-5.84,22,27.09,29.64,8,174.75,166.5,DELAY_CARRIER|DELAY_LATE_AIRCRAFT|DELAY_NAS
ACT,10,124,-6.16,-7.42,24,33.58,32.5,36,119.56,115.0,DELAY_CARRIER|DELAY_LATE_AIRCRAFT|DELAY_NAS
ACT,11,146,-5.04,-6.81,14,39.86,36.71,8,157.5,153.75,DELAY_CARRIER|DELAY_LATE_AIRCRAFT|CANC_WEATHER
ACT,12,116,-4.9,-3.4,26,33.46,34.46,32,135.06,136.62,DELAY_CARRIER|DELAY_WEATHER|CANC_WEATHER
ACV,1,228,-5.46,-10.39,32,32.88,27.31,30,195.13,190.33,DELAY_LATE_AIRCRAFT|DELAY_NAS|DELAY_CARRIER
ACV,2,192,-5.95,-5.69,44,37.95,40.18,30,360.0,357.87,DELAY_LATE_AIRCRAFT|DELAY_NAS|DELAY_CARRIER
ACV,3,206,-4.86,-7.82,58,32.1,31.0,26,205.92,202.46,DELAY_NAS|DELAY_LATE_AIRCRAFT|DELAY_CARRIER
ACV,4,188,-4.16,-7.59,28,37.07,48.36,24,146.5,145.58,DELAY_NAS|DELAY_CARRIER|DELAY_LATE_AIRCRAFT
ACV,5,192,-3.8,-7.79,26,29.15,30.23,24,168.17,174.42,DELAY_NAS|DELAY_LATE_AIRCRAFT|DELAY_CARRIER
ACV,6,188,-4.09,-7.82,20,34.3,39.0,18,191.11,185.78,DELAY_CARRIER|DELAY_NAS|DELAY_LATE_AIRCRAFT
ACV,7,238,-4.97,-6.76,22,35.18,38.91,20,332.9,337.8,DELAY_CARRIER|DELAY_NAS|DELAY_LATE_AIRCRAFT
ACV,8,226,-4.06,-4.07,32,28.94,30.62,18,184.44,191.11,DELAY_NAS|DELAY_LATE_AIRCRAFT|CANC_WEATHER
ACV,9,234,-5.4,-11.02,16,34.88,31.38,38,285.79,283.37,DELAY_LATE_AIRCRAFT|DELAY_WEATHER|CANC_WEATHER
ACV,10,294,-5.35,-7.61,22,32.91,30.55,40,234.05,234.8,DELAY_CARRIER|DELAY_LATE_AIRCRAFT|DELAY_WEATHER
ACV,11,270,-5.25,-6.07,32,32.69,29.88,36,105.06,107.11,DELAY_CARRIER|DELAY_LATE_AIRCRAFT|DELAY_NAS
ACV,12,274,-5.77,-6.78,22,32.18,39.91,14,169.57,164.29,DELAY_CARRIER|DELAY_NAS|DELAY_WEATHER
ACY,1,446,-5.61,-4.85,48,29.38,30.88,18,138.78,134.56,DELAY_NAS|DELAY_LATE_AIRCRAFT|DELAY_CARRIER
ACY,2,454,-5.04,-11.72,74,34.32,25.43,32,136.0,134.88,DELAY_NAS|DELAY_LATE_AIRCRAFT|DELAY_CARRIER
ACY,3,424,-4.62,-9.36,142,33.18,31.79,68,156.47,157.5,DELAY_NAS|DELAY_LATE_AIRCRAFT|DELAY_CARRIER
ACY,4,514,-6.61,-16.86,50,34.48,28.96,30,132.6,130.53,DELAY_NAS|DELAY_CARRIER|DELAY_LATE_AIRCRAFT
ACY,5,468,-4.97,-11.55,70,30.91,24.94,26,135.54,134.46,DELAY_LATE_AIRCRAFT|DELAY_NAS|DELAY_CARRIER
ACY,6,362,-4.45,-14.98,56,31.46,23.14,58,135.41,129.86,DELAY_NAS|DELAY_CARRIER|DELAY_LATE_AIRCRAFT
ACY,7,332,-3.42,-13.07,74,35.84,27.49,34,181.18,171.47,DELAY_LATE_AIRCRAFT|DELAY_NAS|DELAY_CARRIER
ACY,8,410,-3.63,-9.22,76,31.47,27.79,54,137.96,136.0,DELAY_NAS|DELAY_LATE_AIRCRAFT|DELAY_CARRIER
ACY,9,336,-5.68,-13.92,32,28.94,23.38,16,114.0,113.75,DELAY_LATE_AIRCRAFT|DELAY_NAS|DELAY_CARRIER
ACY,10,368,-5.67,-15.45,26,37.62,27.46,12,112.5,97.83,DELAY_LATE_AIRCRAFT|CANC_WEATHER|DELAY_CARRIER
ACY,11,434,-7.74,-21.13,32,34.38,20.25,12,196.5,179.17,DELAY_LATE_AIRCRAFT|DELAY_NAS|DELAY_CARRIER
ACY,12,294,-6.25,-15.26,50,31.6,23.76,34,98.94,89.29,DELAY_NAS|DELAY_CARRIER|DELAY_LATE_AIRCRAFT
ADK,1,8,-18.25,-10.75,4,29.5,42.0,0,,,CANC_WEATHER|DELAY_SECURITY
ADK,2,14,-42.14,-39.71,0,,,0,,,CANC_WEATHER
ADK,3,16,-42.88,-40.62,0,,,2,103.0,103.0,DELAY_LATE_AIRCRAFT
ADK,4,10,-22.0,-26.4,2,58.0,53.0,2,225.0,217.0,DELAY_LATE_AIRCRAFT|CANC_WEATHER
ADK,5,14,-33.43,-42.57,4,22.0,17.0,0,,,DELAY_LATE_AIRCRAFT|DELAY_SECURITY
ADK,6,16,-22.75,-18.25,0,,,0,,,CANC_WEATHER
ADK,7,14,-7.0,-9.43,4,37.5,36.5,0,,,DELAY_LATE_AIRCRAFT|DELAY_SECURITY
ADK,8,12,1.17,-0.67,4,49.0,33.5,2,170.0,135.0,DELAY_SECURITY|DELAY_LATE_AIRCRAFT
ADK,9,10,-0.8,-7.6,4,31.0,16.5,2,70.0,73.0,DELAY_LATE_AIRCRAFT|DELAY_SECURITY
ADK,10,14,-14.86,-18.14,2,29.0,16.0,0,,,CANC_WEATHER|DELAY_CARRIER
ADK,11,14,-13.43,-5.0,0,,,2,61.0,73.0,CANC_WEATHER|DELAY_LATE_AIRCRAFT
ADK,12,16,-19.38,-15.62,0,,,0,,,DELAY_NAS
ADQ,1,74,-13.78,-16.86,16,30.62,27.75,16,92.38,83.75,DELAY_LATE_AIRCRAFT|DELAY_CARRIER|CANC_WEATHER
ADQ,2,100,-10.08,-13.96,10,33.8,28.6,6,134.33,126.33,DELAY_LATE_AIRCRAFT|DELAY_NAS|DELAY_WEATHER
ADQ,3,94,-11.47,-14.83,14,26.86,22.43,10,164.0,161.8,DELAY_LATE_AIRCRAFT|CANC_CARRIER|DELAY_CARRIER
ADQ,4,92,-11.63,-15.59,16,39.38,33.5,4,168.5,165.0,DELAY_CARRIER|DELAY_LATE_AIRCRAFT|CANC_CARRIER
ADQ,5,132,-9.06,-10.79,8,42.0,40.25,4,62.5,52.5,DELAY_LATE_AIRCRAFT|DELAY_CARRIER
ADQ,6,132,-12.14,-11.8,10,36.2,31.8,4,76.5,74.5,DELAY_LATE_AIRCRAFT|CANC_WEATHER|DELAY_CARRIER
ADQ,7,132,-7.03,-6.95,12,24.67,19.0,12,210.0,212.0,DELAY_CARRIER|DELAY_LATE_AIRCRAFT|DELAY_NAS
ADQ,8,146,-8.38,-8.67,16,27.38,24.25,6,100.0,100.0,DELAY_LATE_AIRCRAFT|DELAY_SECURITY|CANC_CARRIER
ADQ,9,172,-12.55,-11.38,6,43.0,47.67,2,87.0,89.0,DELAY_NAS|DELAY_LATE_AIRCRAFT|DELAY_WEATHER
ADQ,10,102,-5.84,-7.24,14,31.43,32.29,6,130.33,131.67,DELAY_LATE_AIRCRAFT|DELAY_CARRIER|CANC_WEATHER
ADQ,11,82,-4.68,-2.56,26,27.46,28.31,6,358.67,357.33,DELAY_LATE_AIRCRAFT|DELAY_WEATHER|DELAY_CARRIER
ADQ,12,104,-7.15,-9.4,6,30.0,29.67,6,169.67,174.67,DELAY_LATE_AIRCRAFT|DELAY_NAS|CANC_WEATHER
AEX,1,230,-4.9,-4.79,32,38.5,32.44,32,249.38,259.19,DELAY_CARRIER|DELAY_NAS|DELAY_LATE_AIRCRAFT
AEX,2,258,-6.29,-10.56,16,33.62,37.75,12,239.67,234.67,DELAY_CARRIER|DELAY_LATE_AIRCRAFT|DELAY_NAS
AEX,3,274,-4.73,-10.62,14,34.86,41.43,16,165.25,153.88,DELAY_CARRIER|DELAY_WEATHER|DELAY_LATE_AIRCRAFT
AEX,4,238,-5.61,-8.5,20,35.1,33.8,36,266.72,284.56,DELAY_WEATHER|DELAY_CARRIER|DELAY_LATE_AIRCRAFT
AEX,5,234,-4.56,-5.96,18,27.56,33.67,46,169.96,166.96,DELAY_CARRIER|DELAY_WEATHER|CANC_WEATHER
AEX,6,288,-4.78,-10.49,22,26.18,17.18,24,223.17,227.17,DELAY_CARRIER|DELAY_NAS|DELAY_LATE_AIRCRAFT
AEX,7,258,-4.72,-9.82,38,29.95,25.21,46,217.39,214.74,DELAY_CARRIER|DELAY_WEATHER|DELAY_LATE_AIRCRAFT
AEX,8,308,-5.45,-12.08,14,29.14,24.71,30,158.0,148.2,DELAY_CARRIER|DELAY_LATE_AIRCRAFT|DELAY_NAS
AEX,9,280,-4.26,-8.0,32,29.94,29.88,30,165.2,160.87,DELAY_CARRIER|DELAY_LATE_AIRCRAFT|DELAY_NAS
AEX,10,282,-6.7,-15.45,28,34.14,26.5,42,176.19,163.81,DELAY_CARRIER|DELAY_LATE_AIRCRAFT|DELAY_WEATHER
AEX,11,280,-5.64,-11.46,24,28.5,20.17,30,172.73,165.6,DELAY_CARRIER|DELAY_LATE_AIRCRAFT|DELAY_NAS
AEX,12,284,-4.39,-11.08,34,31.18,32.76,12,274.33,262.0,DELAY_NAS|DELAY_CARRIER|DELAY_LATE_AIRCRAFT
AGS,1,330,-2.61,-7.24,64,29.97,29.0,94,178.3,173.43,DELAY_CARRIER|DELAY_LATE_AIRCRAFT|DELAY_NAS
AGS,2,390,-3.47,-13.11,48,30.96,21.92,40,144.1,134.65,DELAY_CARRIER|DELAY_WEATHER|DELAY_LATE_AIRCRAFT
AGS,3,426,-3.82,-8.38,34,28.0,26.82,38,176.74,170.47,DELAY_CARRIER|DELAY_LATE_AIRCRAFT|DELAY_NAS
AGS,4,754,-3.01,-5.85,148,30.93,27.65,64,100.84,101.16,DELAY_LATE_AIRCRAFT|DELAY_CARRIER|DELAY_NAS
AGS,5,492,-3.72,-7.45,56,33.0,30.68,64,177.59,177.41,DELAY_LATE_AIRCRAFT|DELAY_CARRIER|DELAY_NAS
AGS,6,634,-4.76,-9.42,58,28.45,23.38,42,127.38,124.81,DELAY_NAS|DELAY_LATE_AIRCRAFT|DELAY_CARRIER
AGS,7,526,-3.56,-5.45,78,33.69,27.31,120,171.17,171.05,DELAY_LATE_AIRCRAFT|DELAY_NAS|DELAY_CARRIER
AGS,8,588,-4.68,-8.57,64,33.53,26.81,52,183.58,177.15,DELAY_LATE_AIRCRAFT|DELAY_CARRIER|DELAY_NAS
AGS,9,610,-4.67,-7.42,58,33.21,34.0,78,222.56,220.33,CANC_WEATHER|DELAY_LATE_AIRCRAFT|DELAY_CARRIER
AGS,10,528,-3.77,-8.66,64,28.94,23.97,90,204.67,204.84,DELAY_WEATHER|DELAY_CARRIER|DELAY_LATE_AIRCRAFT
AGS,11,564,-2.89,-7.2,54,24.41,21.33,28,134.36,130.64,DELAY_NAS|DELAY_CARRIER|DELAY_LATE_AIRCRAFT
AGS,12,428,-1.4,-7.24,78,30.92,23.69,74,189.54,182.05,DELAY_CARRIER|DELAY_NAS|DELAY_LATE_AIRCRAFT
AKN,4,14,-28.0,-27.0,0,,,0,,,N/D
AKN,5,38,-16.0,-15.11,4,25.0,13.0,0,,,CANC_CARRIER|DELAY_LATE_AIRCRAFT|DELAY_NAS
AKN,6,68,-11.91,-8.59,4,23.0,24.5,0,,,DELAY_NAS|DELAY_LATE_AIRCRAFT
AKN,7,76,-6.18,-0.29,12,33.33,41.5,4,80.0,81.0,DELAY_LATE_AIRCRAFT|DELAY_SECURITY|DELAY_NAS
AKN,8,62,-11.74,-9.48,12,18.33,20.33,0,,,DELAY_LATE_AIRCRAFT|DELAY_NAS|DELAY_CARRIER
AKN,9,48,-15.67,-12.21,12,31.83,30.0,0,,,DELAY_LATE_AIRCRAFT|DELAY_SECURITY
ALB,1,1330,-3.58,-9.59,220,28.14,28.25,122,139.36,143.87,DELAY_NAS|DELAY_LATE_AIRCRAFT|DELAY_CARRIER
ALB,2,1530,-3.64,-16.75,160,29.84,18.65,70,143.74,134.97,DELAY_LATE_AIRCRAFT|DELAY_NAS|DELAY_CARRIER
ALB,3,1618,-3.01,-11.75,256,30.62,25.06,136,178.04,180.82,DELAY_LATE_AIRCRAFT|DELAY_NAS|DELAY_CARRIER
ALB,4,1654,-3.81,-11.08,224,29.99,23.83,116,246.76,242.57,DELAY_LATE_AIRCRAFT|DELAY_NAS|DELAY_CARRIER
ALB,5,1596,-3.59,-9.99,274,30.73,22.43,144,135.88,131.26,DELAY_LATE_AIRCRAFT|DELAY_NAS|DELAY_CARRIER
ALB,6,1598,-3.58,-9.84,268,31.23,23.08,166,174.82,172.11,DELAY_LATE_AIRCRAFT|DELAY_NAS|DELAY_CARRIER
ALB,7,1424,-2.56,-6.88,320,32.92,30.29,282,159.25,162.76,DELAY_LATE_AIRCRAFT|DELAY_CARRIER|DELAY_NAS
ALB,8,1610,-2.82,-7.68,302,30.22,29.71,202,170.47,172.08,DELAY_LATE_AIRCRAFT|DELAY_NAS|DELAY_CARRIER
ALB,9,1834,-4.96,-10.52,190,29.71,24.32,64,230.19,227.03,DELAY_LATE_AIRCRAFT|DELAY_CARRIER|DELAY_NAS
ALB,10,1856,-4.1,-12.65,236,27.42,16.56,58,177.41,168.86,DELAY_CARRIER|DELAY_LATE_AIRCRAFT|DELAY_NAS
ALB,11,1694,-4.39,-15.36,138,28.45,17.78,66,206.18,193.27,DELAY_LATE_AIRCRAFT|DELAY_CARRIER|DELAY_NAS
ALB,12,1466,-2.86,-8.12,282,31.92,25.6,196,203.65,199.54,DELAY_LATE_AIRCRAFT|DELAY_NAS|DELAY_CARRIER
ALW,1,84,-5.07,6.52,6,39.0,47.0,8,172.25,187.25,CANC_WEATHER|DELAY_CARRIER|DELAY_LATE_AIRCRAFT
ALW,2,104,-6.77,-0.15,2,49.0,75.0,4,96.0,95.0,DELAY_NAS|CANC_WEATHER|DELAY_LATE_AIRCRAFT
ALW,3,120,-7.17,-4.13,2,44.0,44.0,2,63.0,80.0,DELAY_CARRIER|DELAY_LATE_AIRCRAFT|DELAY_WEATHER
ALW,4,118,-6.41,-4.75,0,,,2,78.0,74.0,DELAY_CARRIER|DELAY_LATE_AIRCRAFT
ALW,5,114,-5.23,-6.0,6,20.67,20.67,0,,,DELAY_CARRIER|DELAY_LATE_AIRCRAFT
ALW,6,104,-3.56,-3.94,6,37.33,33.33,8,92.0,95.5,DELAY_LATE_AIRCRAFT|DELAY_CARRIER|DELAY_NAS
ALW,7,100,-3.84,-5.88,20,24.9,25.2,0,,,DELAY_LATE_AIRCRAFT|DELAY_CARRIER|DELAY_NAS
ALW,8,106,-6.13,-5.77,12,28.17,31.83,4,94.0,102.5,DELAY_LATE_AIRCRAFT|DELAY_NAS|CANC_CARRIER
ALW,9,104,-5.92,-1.92,12,37.17,44.0,4,91.0,90.5,DELAY_LATE_AIRCRAFT|DELAY_NAS|DELAY_CARRIER
AMA,1,616,-4.44,-6.51,80,31.1,30.95,60,173.9,168.53,DELAY_LATE_AIRCRAFT|DELAY_NAS|CANC_WEATHER
AMA,2,706,-5.73,-10.17,58,32.83,31.48,18,104.44,91.0,DELAY_NAS|DELAY_CARRIER|DELAY_LATE_AIRCRAFT
AMA,3,730,-5.33,-9.15,66,33.12,32.15,48,139.46,139.29,DELAY_LATE_AIRCRAFT|DELAY_NAS|DELAY_CARRIER
AMA,4,614,-4.29,-8.45,58,33.1,30.28,52,147.38,155.54,DELAY_LATE_AIRCRAFT|DELAY_NAS|DELAY_CARRIER
AMA,5,586,-3.78,-7.64,114,34.37,32.4,98,156.02,158.06,DELAY_LATE_AIRCRAFT|DELAY_NAS|DELAY_CARRIER
AMA,6,682,-3.98,-9.09,120,30.65,27.45,78,179.9,177.28,DELAY_LATE_AIRCRAFT|DELAY_CARRIER|DELAY_NAS
AMA,7,724,-3.71,-8.17,142,33.72,29.18,60,140.8,137.27,DELAY_LATE_AIRCRAFT|DELAY_CARRIER|DELAY_NAS
AMA,8,764,-5.19,-9.28,100,34.28,32.46,52,150.12,145.69,DELAY_LATE_AIRCRAFT|DELAY_CARRIER|DELAY_NAS
AMA,9,750,-4.8,-5.73,58,32.45,33.83,42,125.33,126.38,DELAY_LATE_AIRCRAFT|DELAY_NAS|DELAY_CARRIER
AMA,10,812,-4.73,-8.86,84,33.93,28.1,26,140.0,129.85,DELAY_LATE_AIRCRAFT|DELAY_NAS|DELAY_CARRIER
AMA,11,682,-4.02,-8.64,70,31.54,26.89,40,153.35,149.65,DELAY_NAS|DELAY_LATE_AIRCRAFT|DELAY_CARRIER
AMA,12,700,-4.07,-10.4,66,34.27,25.15,60,160.9,161.47,DELAY_LATE_AIRCRAFT|DELAY_CARRIER|DELAY_NAS
ANC,1,1520,-3.81,-8.69,326,32.78,25.76,200,135.32,135.0,DELAY_LATE_AIRCRAFT|CANC_CARRIER|DELAY_CARRIER
ANC,2,1848,-5.69,-8.22,192,29.7,24.05,82,211.41,207.12,DELAY_NAS|DELAY_CARRIER|DELAY_LATE_AIRCRAFT
ANC,3,2112,-5.26,-9.61,302,30.79,24.66,152,140.8,137.07,DELAY_LATE_AIRCRAFT|DELAY_CARRIER|DELAY_NAS
ANC,4,2184,-6.53,-12.04,296,32.71,25.11,126,114.65,105.98,DELAY_LATE_AIRCRAFT|DELAY_CARRIER|DELAY_NAS
ANC,5,2944,-5.76,-11.57,376,32.59,22.8,108,144.11,133.57,DELAY_LATE_AIRCRAFT|DELAY_CARRIER|DELAY_NAS
ANC,6,3588,-5.17,-7.69,476,30.0,25.93,140,150.31,147.54,DELAY_CARRIER|DELAY_LATE_AIRCRAFT|DELAY_NAS
ANC,7,3522,-3.23,-6.42,754,30.96,26.4,218,178.06,176.04,DELAY_CARRIER|DELAY_LATE_AIRCRAFT|DELAY_NAS
ANC,8,3570,-3.42,-8.35,658,29.22,23.11,170,181.99,175.88,DELAY_LATE_AIRCRAFT|DELAY_CARRIER|DELAY_NAS
ANC,9,2918,-4.67,-9.32,320,28.11,20.38,90,149.91,139.56,DELAY_CARRIER|DELAY_LATE_AIRCRAFT|DELAY_NAS
ANC,10,2306,-5.5,-9.44,212,27.79,28.54,110,159.73,160.49,DELAY_NAS|DELAY_CARRIER|DELAY_LATE_AIRCRAFT
ANC,11,2038,-5.49,-9.73,202,31.77,24.58,52,97.35,89.85,DELAY_CARRIER|DELAY_LATE_AIRCRAFT|DELAY_NAS
ANC,12,1972,-4.24,-9.32,254,28.39,22.78,84,167.6,159.83,DELAY_LATE_AIRCRAFT|DELAY_CARRIER|DELAY_NAS
APN,1,54,-7.81,-12.33,6,45.0,37.0,16,178.25,165.38,CANC_WEATHER|DELAY_CARRIER|DELAY_WEATHER
APN,2,84,-10.4,-22.71,2,40.0,56.0,14,113.57,104.29,DELAY_CARRIER|DELAY_WEATHER
APN,3,100,-8.28,-17.06,2,19.0,1.0,6,345.33,328.0,DELAY_WEATHER|DELAY_CARRIER|DELAY_SECURITY
APN,4,88,-8.73,-15.39,2,38.0,42.0,10,210.0,205.2,DELAY_CARRIER|DELAY_WEATHER|CANC_WEATHER
APN,5,86,-8.35,-12.4,10,30.8,25.8,10,154.4,153.8,DELAY_CARRIER|DELAY_WEATHER|DELAY_NAS
APN,6,78,-7.28,-10.36,4,42.5,34.5,18,245.89,238.89,DELAY_CARRIER|DELAY_WEATHER|CANC_WEATHER
APN,7,80,-5.15,-9.88,8,47.0,40.5,12,145.67,140.0,DELAY_CARRIER|CANC_WEATHER|DELAY_NAS
APN,8,86,-8.05,-14.28,4,48.0,34.5,18,139.11,135.22,DELAY_CARRIER|DELAY_NAS|DELAY_WEATHER
APN,9,90,-8.87,-14.98,8,38.25,33.5,8,143.25,138.25,DELAY_CARRIER|DELAY_WEATHER
APN,10,94,-9.68,-16.68,2,16.0,5.0,8,149.0,144.75,DELAY_CARRIER|DELAY_NAS
APN,11,94,-7.49,-14.32,6,27.0,35.67,6,143.33,131.0,DELAY_CARRIER|DELAY_NAS
APN,12,68,-6.62,-10.0,20,37.8,32.1,16,179.75,178.25,DELAY_CARRIER|CANC_WEATHER|DELAY_WEATHER
ASE,1,1100,-3.68,-11.93,368,32.97,25.74,258,180.81,173.84,CANC_WEATHER|DELAY_LATE_AIRCRAFT|DELAY_NAS
ASE,2,970,-4.3,-12.41,350,31.81,24.66,330,157.92,151.67,DELAY_CARRIER|DELAY_LATE_AIRCRAFT|CANC_WEATHER
ASE,3,1086,-4.74,-11.6,382,34.31,26.97,366,161.83,159.9,CANC_WEATHER|DELAY_WEATHER|DELAY_LATE_AIRCRAFT
ASE,4,700,-5.01,-9.13,116,35.14,31.17,76,209.53,209.39,DELAY_CARRIER|CANC_WEATHER|DELAY_LATE_AIRCRAFT
ASE,5,266,-7.01,-11.48,56,31.86,24.61,72,154.14,149.11,DELAY_CARRIER|DELAY_LATE_AIRCRAFT|DELAY_WEATHER
ASE,6,978,-6.12,-9.51,152,34.04,31.71,144,156.22,153.92,DELAY_CARRIER|DELAY_WEATHER|DELAY_LATE_AIRCRAFT
ASE,7,1092,-5.77,-9.43,172,32.65,31.24,124,190.74,192.42,DELAY_CARRIER|DELAY_NAS|DELAY_LATE_AIRCRAFT
ASE,8,928,-5.3,-7.67,200,33.6,30.95,154,146.91,146.21,DELAY_CARRIER|DELAY_LATE_AIRCRAFT|DELAY_NAS
ASE,9,810,-6.58,-12.33,118,34.12,30.34,146,148.52,146.74,DELAY_CARRIER|DELAY_LATE_AIRCRAFT|DELAY_WEATHER
ASE,10,838,-7.27,-13.09,82,33.2,26.76,66,149.27,143.64,DELAY_CARRIER|DELAY_LATE_AIRCRAFT|DELAY_NAS
ASE,11,560,-7.6,-13.34,78,34.33,36.21,88,147.5,147.93,CANC_WEATHER|DELAY_CARRIER|DELAY_WEATHER
ASE,12,860,-5.45,-15.35,234,35.37,29.18,294,202.56,201.14,DELAY_CARRIER|DELAY_LATE_AIRCRAFT|CANC_WEATHER
ATL,1,41164,-1.79,-7.01,7444,31.38,26.49,3318,143.36,140.91,DELAY_CARRIER|DELAY_LATE_AIRCRAFT|DELAY_NAS
ATL,2,43590,-2.56,-7.0,4606,29.5,24.63,1304,134.75,129.71,DELAY_CARRIER|DELAY_NAS|DELAY_LATE_AIRCRAFT
ATL,3,45962,-1.76,-6.54,7906,30.99,26.29,2806,126.27,123.99,DELAY_CARRIER|DELAY_LATE_AIRCRAFT|DELAY_NAS
ATL,4,46588,-1.79,-4.89,7276,30.8,27.22,2734,132.53,131.72,DELAY_CARRIER|DELAY_LATE_AIRCRAFT|DELAY_NAS
ATL,5,44224,-1.06,-3.08,9778,31.52,31.21,5184,131.58,133.45,DELAY_CARRIER|DELAY_LATE_AIRCRAFT|DELAY_NAS
ATL,6,45982,-1.66,-6.76,8824,30.71,25.82,3458,134.92,130.83,DELAY_CARRIER|DELAY_LATE_AIRCRAFT|DELAY_NAS
ATL,7,36078,-1.23,-4.48,11076,33.13,32.58,9236,152.51,152.44,DELAY_CARRIER|DELAY_LATE_AIRCRAFT|DELAY_NAS
ATL,8,46254,-2.48,-7.49,7984,31.68,27.32,3932,137.46,134.02,DELAY_CARRIER|DELAY_LATE_AIRCRAFT|DELAY_NAS
ATL,9,47236,-2.85,-7.49,6260,31.22,27.08,2438,140.17,136.23,DELAY_CARRIER|DELAY_LATE_AIRCRAFT|DELAY_NAS
ATL,10,52136,-2.96,-8.51,5488,29.51,22.84,1466,130.66,124.67,DELAY_CARRIER|DELAY_LATE_AIRCRAFT|DELAY_NAS
ATL,11,48438,-3.01,-7.39,5762,30.0,25.36,1678,125.7,123.7,DELAY_CARRIER|DELAY_NAS|DELAY_LATE_AIRCRAFT
ATL,12,44684,-1.53,-6.34,9440,31.08,26.4,3590,131.54,127.92,DELAY_CARRIER|DELAY_LATE_AIRCRAFT|DELAY_NAS
ATW,1,658,-3.18,-9.01,88,32.59,27.36,122,201.11,192.0,DELAY_CARRIER|DELAY_NAS|CANC_WEATHER
ATW,2,736,-6.26,-15.23,52,34.5,26.92,76,264.55,251.55,DELAY_CARRIER|DELAY_NAS|DELAY_WEATHER
ATW,3,894,-5.57,-13.97,94,29.7,26.34,66,216.61,209.33,DELAY_CARRIER|DELAY_NAS|DELAY_LATE_AIRCRAFT
ATW,4,876,-6.55,-12.17,68,33.44,23.82,72,339.33,344.94,DELAY_CARRIER|DELAY_LATE_AIRCRAFT|DELAY_NAS
ATW,5,856,-5.44,-10.91,94,34.11,32.19,100,177.12,173.92,DELAY_CARRIER|DELAY_LATE_AIRCRAFT|DELAY_NAS
ATW,6,790,-5.56,-8.07,106,32.02,32.6,128,173.81,173.19,DELAY_CARRIER|DELAY_NAS|DELAY_LATE_AIRCRAFT
ATW,7,838,-4.97,-6.86,112,32.88,33.02,86,128.23,132.91,DELAY_CARRIER|DELAY_NAS|DELAY_LATE_AIRCRAFT
ATW,8,822,-5.41,-8.22,74,34.27,30.22,104,157.46,154.27,DELAY_CARRIER|DELAY_NAS|DELAY_LATE_AIRCRAFT
ATW,9,856,-6.32,-12.09,94,35.51,30.51,70,121.2,116.34,DELAY_CARRIER|DELAY_LATE_AIRCRAFT|DELAY_NAS
ATW,10,990,-5.93,-12.76,58,32.97,23.79,66,145.45,134.36,DELAY_CARRIER|DELAY_LATE_AIRCRAFT|DELAY_NAS
ATW,11,918,-5.32,-10.78,92,33.22,27.28,88,167.59,162.43,DELAY_CARRIER|DELAY_WEATHER|DELAY_LATE_AIRCRAFT
ATW,12,848,-3.78,-6.97,124,32.56,32.61,152,187.43,184.59,DELAY_CARRIER|CANC_WEATHER|DELAY_NAS
AUS,1,9654,-2.28,-7.14,2204,30.58,26.0,1054,159.03,157.59,DELAY_LATE_AIRCRAFT|DELAY_CARRIER|DELAY_NAS
AUS,2,10038,-3.23,-6.89,1214,29.4,24.81,436,152.41,148.46,DELAY_LATE_AIRCRAFT|DELAY_NAS|DELAY_CARRIER
AUS,3,10828,-2.2,-7.67,2282,31.03,25.57,1060,137.26,133.52,DELAY_LATE_AIRCRAFT|DELAY_NAS|DELAY_CARRIER
AUS,4,11130,-1.86,-7.86,2378,30.51,25.33,998,154.65,151.27,DELAY_LATE_AIRCRAFT|DELAY_CARRIER|DELAY_NAS
AUS,5,10034,-0.47,-4.91,3236,32.16,29.41,2110,171.11,169.85,DELAY_LATE_AIRCRAFT|DELAY_CARRIER|DELAY_NAS
AUS,6,10682,-0.96,-6.28,2904,31.46,25.42,1372,154.81,149.04,DELAY_LATE_AIRCRAFT|DELAY_CARRIER|DELAY_NAS
AUS,7,10050,-1.25,-7.17,3216,31.86,26.35,1882,155.61,150.54,DELAY_LATE_AIRCRAFT|DELAY_CARRIER|DELAY_NAS
AUS,8,11376,-3.26,-10.42,1798,31.38,25.22,966,170.67,163.47,DELAY_LATE_AIRCRAFT|DELAY_CARRIER|DELAY_NAS
AUS,9,11750,-3.3,-8.57,1382,29.71,24.13,440,167.03,161.41,DELAY_LATE_AIRCRAFT|DELAY_CARRIER|DELAY_NAS
AUS,10,12650,-2.89,-8.59,1510,29.89,23.99,522,156.93,151.54,DELAY_LATE_AIRCRAFT|DELAY_CARRIER|DELAY_NAS
AUS,11,11574,-2.67,-8.69,1466,29.92,23.69,612,149.48,146.03,DELAY_LATE_AIRCRAFT|DELAY_NAS|DELAY_CARRIER
AUS,12,10756,-2.08,-8.9,1998,31.17,24.24,1030,152.53,149.06,DELAY_LATE_AIRCRAFT|DELAY_CARRIER|DELAY_NAS
AVL,1,1324,-4.77,-10.41,224,30.64,28.46,126,154.03,148.29,DELAY_LATE_AIRCRAFT|DELAY_NAS|DELAY_CARRIER
AVL,2,1354,-5.57,-10.6,90,29.8,25.13,50,267.72,265.0,DELAY_NAS|DELAY_LATE_AIRCRAFT|DELAY_CARRIER
AVL,3,1428,-4.3,-9.57,180,32.16,25.66,102,172.96,171.98,DELAY_NAS|DELAY_LATE_AIRCRAFT|DELAY_CARRIER
AVL,4,1624,-4.79,-8.17,250,31.74,26.2,118,158.14,155.42,DELAY_LATE_AIRCRAFT|DELAY_NAS|DELAY_CARRIER
AVL,5,1630,-3.24,-6.63,358,31.22,28.31,234,178.71,181.35,DELAY_LATE_AIRCRAFT|DELAY_NAS|DELAY_CARRIER
AVL,6,1596,-1.93,-6.97,458,30.49,26.48,266,156.04,155.86,DELAY_LATE_AIRCRAFT|DELAY_CARRIER|DELAY_NAS
AVL,7,1516,-2.18,-5.97,466,32.65,31.21,382,168.83,169.01,DELAY_LATE_AIRCRAFT|DELAY_CARRIER|DELAY_NAS
AVL,8,1624,-4.0,-8.19,420,31.91,31.02,254,156.99,158.98,DELAY_LATE_AIRCRAFT|DELAY_NAS|DELAY_CARRIER
AVL,9,1586,-3.21,-8.24,290,28.61,22.76,142,200.25,194.17,CANC_WEATHER|DELAY_LATE_AIRCRAFT|DELAY_NAS
AVL,10,1710,-8.01,-12.92,176,31.89,25.91,126,189.37,179.32,DELAY_LATE_AIRCRAFT|DELAY_NAS|DELAY_CARRIER
AVL,11,1468,-5.49,-10.51,150,32.15,26.97,84,196.0,185.52,DELAY_NAS|DELAY_LATE_AIRCRAFT|DELAY_CARRIER
AVL,12,1134,-3.38,-10.23,228,31.81,23.98,140,154.73,146.97,DELAY_LATE_AIRCRAFT|DELAY_CARRIER|DELAY_NAS
AVP,1,192,-4.25,-14.94,14,37.29,35.86,42,286.9,277.57,DELAY_LATE_AIRCRAFT|DELAY_CARRIER|DELAY_NAS
AVP,2,208,-4.17,-17.78,16,28.38,7.62,18,220.56,201.78,DELAY_LATE_AIRCRAFT|DELAY_CARRIER|DELAY_NAS
AVP,3,198,-5.33,-12.38,22,28.36,20.18,14,204.86,187.14,DELAY_CARRIER|DELAY_LATE_AIRCRAFT|DELAY_NAS
AVP,4,138,-4.25,-14.25,24,39.08,41.92,22,158.18,149.18,DELAY_LATE_AIRCRAFT|DELAY_CARRIER|DELAY_NAS
AVP,5,176,-2.15,-6.99,54,31.7,25.41,52,174.69,181.08,DELAY_LATE_AIRCRAFT|DELAY_CARRIER|DELAY_NAS
AVP,6,224,-4.42,-12.12,42,33.05,22.24,24,111.0,109.42,DELAY_LATE_AIRCRAFT|DELAY_CARRIER|DELAY_NAS
AVP,7,208,-2.99,-8.53,36,27.39,27.72,40,241.2,237.15,DELAY_LATE_AIRCRAFT|DELAY_NAS|DELAY_CARRIER
AVP,8,202,-4.42,-4.94,46,33.78,48.09,34,173.06,172.18,DELAY_LATE_AIRCRAFT|DELAY_NAS|DELAY_CARRIER
AVP,9,212,-5.5,-12.26,12,27.83,40.0,24,262.17,256.67,DELAY_LATE_AIRCRAFT|DELAY_NAS|DELAY_CARRIER
AVP,10,252,-5.03,-11.55,12,33.0,41.5,10,92.2,91.0,DELAY_NAS|DELAY_CARRIER|DELAY_LATE_AIRCRAFT
AVP,11,246,-4.64,-11.41,26,31.69,22.31,12,227.0,230.5,DELAY_LATE_AIRCRAFT|DELAY_NAS|DELAY_CARRIER
AVP,12,236,-4.88,-11.58,28,27.93,22.21,20,131.2,123.9,DELAY_CARRIER|DELAY_LATE_AIRCRAFT|DELAY_NAS
AZA,1,842,-6.85,-11.57,100,33.22,28.36,52,230.19,226.46,DELAY_CARRIER|DELAY_LATE_AIRCRAFT|DELAY_NAS
AZA,2,878,-6.99,-16.17,50,31.56,19.4,22,186.73,177.82,DELAY_CARRIER|DELAY_NAS|DELAY_LATE_AIRCRAFT
AZA,3,1086,-6.6,-14.27,90,30.0,22.51,38,247.11,243.37,DELAY_CARRIER|DELAY_LATE_AIRCRAFT|DELAY_NAS
AZA,4,874,-5.79,-15.19,46,25.57,17.52,6,79.67,74.33,DELAY_CARRIER|DELAY_NAS|DELAY_LATE_AIRCRAFT
AZA,5,852,-6.12,-12.05,58,29.66,26.28,14,107.57,100.57,DELAY_CARRIER|DELAY_LATE_AIRCRAFT|DELAY_NAS
AZA,6,830,-5.94,-8.8,108,29.09,28.83,74,175.08,174.65,DELAY_CARRIER|DELAY_LATE_AIRCRAFT|DELAY_NAS
AZA,7,836,-5.9,-5.85,152,28.36,29.29,92,158.37,162.46,DELAY_CARRIER|DELAY_LATE_AIRCRAFT|DELAY_NAS
AZA,8,634,-6.35,-9.81,108,33.63,30.61,36,101.11,102.56,DELAY_CARRIER|DELAY_LATE_AIRCRAFT|DELAY_NAS
AZA,9,562,-6.6,-12.15,60,30.73,26.77,26,106.15,105.08,DELAY_CARRIER|DELAY_LATE_AIRCRAFT|DELAY_NAS
AZA,10,848,-5.79,-10.85,60,29.33,23.5,16,88.0,82.75,DELAY_LATE_AIRCRAFT|DELAY_CARRIER|DELAY_NAS
AZA,11,840,-5.69,-14.2,90,25.53,19.78,44,118.41,115.05,DELAY_LATE_AIRCRAFT|DELAY_CARRIER|DELAY_NAS
AZA,12,974,-5.32,-9.79,178,32.02,28.01,78,145.62,146.62,DELAY_LATE_AIRCRAFT|DELAY_CARRIER|DELAY_NAS
AZO,1,118,-4.25,-9.02,16,37.88,30.0,14,150.14,137.43,DELAY_CARRIER|CANC_WEATHER|DELAY_WEATHER
AZO,2,148,-5.61,-15.05,4,38.0,29.0,4,101.0,96.0,DELAY_CARRIER|DELAY_NAS|DELAY_WEATHER
AZO,3,166,-6.12,-16.36,6,23.0,21.0,4,154.5,151.0,DELAY_CARRIER|DELAY_NAS|DELAY_WEATHER
AZO,4,162,-5.47,-9.09,4,24.0,32.0,6,173.67,162.0,DELAY_CARRIER|DELAY_WEATHER|DELAY_NAS
AZO,5,152,-4.82,-7.66,8,34.25,32.75,14,123.71,114.57,DELAY_CARRIER|DELAY_NAS|CANC_WEATHER
AZO,6,132,-4.38,-6.71,10,35.0,30.0,22,169.27,161.18,DELAY_CARRIER|DELAY_WEATHER|CANC_WEATHER
AZO,7,128,-4.48,-7.47,22,32.73,22.18,20,253.9,249.4,DELAY_CARRIER|DELAY_WEATHER|DELAY_NAS
AZO,8,122,-4.15,-10.13,16,40.38,32.38,24,138.25,131.33,DELAY_CARRIER|CANC_WEATHER|DELAY_WEATHER
AZO,9,142,-5.62,-8.63,6,42.67,36.67,12,143.33,141.67,DELAY_CARRIER|DELAY_WEATHER
AZO,10,156,-6.62,-10.81,10,39.2,30.4,10,115.0,104.6,DELAY_CARRIER|DELAY_WEATHER
AZO,11,132,-6.3,-15.79,16,40.62,30.12,20,148.0,152.5,DELAY_CARRIER|DELAY_WEATHER
AZO,12,128,-4.11,-11.0,8,30.5,26.5,16,148.88,152.62,DELAY_CARRIER|CANC_WEATHER|DELAY_NAS
BDL,1,2402,-2.72,-5.89,426,30.47,29.75,244,197.19,203.36,DELAY_NAS|DELAY_LATE_AIRCRAFT|DELAY_CARRIER
BDL,2,2680,-3.29,-12.81,310,28.32,18.05,158,169.53,160.58,DELAY_NAS|DELAY_LATE_AIRCRAFT|DELAY_CARRIER
BDL,3,2786,-3.94,-12.74,414,30.2,23.97,282,164.03,160.84,DELAY_LATE_AIRCRAFT|DELAY_NAS|DELAY_CARRIER
BDL,4,3250,-3.57,-11.22,440,30.1,21.42,234,175.86,173.26,DELAY_LATE_AIRCRAFT|DELAY_NAS|DELAY_CARRIER
BDL,5,2902,-3.04,-9.79,550,30.43,25.18,322,180.65,178.53,DELAY_LATE_AIRCRAFT|DELAY_NAS|DELAY_CARRIER
BDL,6,2810,-3.25,-9.69,556,33.01,30.52,338,168.25,168.47,DELAY_LATE_AIRCRAFT|DELAY_NAS|DELAY_CARRIER
BDL,7,2686,-2.53,-6.09,622,33.63,29.95,418,146.93,146.02,DELAY_LATE_AIRCRAFT|DELAY_NAS|DELAY_CARRIER
BDL,8,2984,-2.82,-8.11,602,30.89,25.99,346,142.35,142.43,DELAY_LATE_AIRCRAFT|DELAY_NAS|DELAY_CARRIER
BDL,9,3210,-4.26,-10.75,334,29.59,21.47,132,164.06,156.14,DELAY_LATE_AIRCRAFT|DELAY_CARRIER|DELAY_NAS
BDL,10,3512,-3.59,-11.72,368,28.82,17.42,118,190.53,177.49,DELAY_LATE_AIRCRAFT|DELAY_CARRIER|DELAY_NAS
BDL,11,3170,-4.0,-12.79,382,29.16,19.9,120,158.5,152.12,DELAY_LATE_AIRCRAFT|DELAY_CARRIER|DELAY_NAS
BDL,12,3018,-2.45,-8.29,530,30.54,25.1,236,150.96,147.5,DELAY_LATE_AIRCRAFT|DELAY_NAS|DELAY_CARRIER
BET,1,72,-4.97,-3.94,30,30.47,33.4,14,110.43,114.14,DELAY_LATE_AIRCRAFT|DELAY_SECURITY|DELAY_NAS
BET,2,68,-1.62,2.53,32,35.62,42.88,12,81.83,86.83,DELAY_LATE_AIRCRAFT|DELAY_SECURITY|DELAY_NAS
BET,3,72,-2.08,3.0,32,26.56,25.81,20,132.0,131.9,DELAY_LATE_AIRCRAFT|DELAY_SECURITY|DELAY_NAS
BET,4,92,-3.3,-1.78,20,35.6,33.4,6,97.0,97.33,DELAY_LATE_AIRCRAFT|DELAY_NAS|CANC_WEATHER
BET,5,88,-2.89,-1.39,34,27.35,24.35,2,72.0,60.0,DELAY_SECURITY|DELAY_LATE_AIRCRAFT|DELAY_CARRIER
BET,6,98,-9.04,-1.53,18,23.22,29.11,4,143.0,162.5,DELAY_LATE_AIRCRAFT|DELAY_NAS|DELAY_SECURITY
BET,7,90,-6.24,0.51,30,28.87,29.53,2,72.0,72.0,DELAY_LATE_AIRCRAFT|DELAY_NAS|DELAY_CARRIER
BET,8,100,-4.84,-0.96,14,30.86,33.86,10,150.2,156.0,DELAY_LATE_AIRCRAFT|DELAY_NAS|DELAY_CARRIER
BET,9,106,-8.57,-2.87,8,24.5,24.75,6,82.67,88.33,DELAY_LATE_AIRCRAFT|DELAY_CARRIER|DELAY_NAS
BET,10,106,-4.34,-1.6,14,28.0,28.86,4,69.5,79.0,DELAY_LATE_AIRCRAFT|DELAY_NAS|DELAY_CARRIER
BET,11,100,-6.44,-0.4,6,25.33,21.33,6,86.33,88.0,CANC_WEATHER|DELAY_CARRIER|DELAY_NAS
BET,12,86,-5.63,-1.91,28,27.79,29.43,6,82.67,82.33,DELAY_LATE_AIRCRAFT|DELAY_NAS|DELAY_SECURITY
BFF,1,90,-8.11,-10.53,4,25.0,47.0,4,247.5,252.0,CANC_WEATHER|DELAY_LATE_AIRCRAFT|DELAY_NAS
BFF,2,80,-8.57,-10.9,10,42.8,33.4,8,336.75,342.75,DELAY_CARRIER|DELAY_LATE_AIRCRAFT|DELAY_WEATHER
BFF,3,100,-8.6,-15.36,0,,,2,108.0,111.0,CANC_WEATHER|DELAY_NAS|DELAY_WEATHER
BFF,4,82,-7.78,-4.56,12,36.5,39.17,4,529.0,551.5,DELAY_CARRIER|DELAY_LATE_AIRCRAFT|CANC_WEATHER
BFF,5,96,-9.38,-6.92,4,54.5,43.0,4,154.0,142.0,DELAY_NAS|CANC_WEATHER|DELAY_CARRIER
BFF,6,86,-7.72,-7.3,12,34.33,27.67,4,85.5,84.0,DELAY_CARRIER|DELAY_LATE_AIRCRAFT|DELAY_NAS
BFF,7,92,-8.67,-11.54,6,22.0,14.67,6,321.67,322.33,DELAY_CARRIER|DELAY_LATE_AIRCRAFT|DELAY_NAS
BFF,8,88,-7.43,-9.77,4,49.5,41.5,14,340.29,339.14,DELAY_LATE_AIRCRAFT|DELAY_CARRIER|DELAY_NAS
BFF,9,90,-8.93,-8.42,8,34.5,25.25,4,140.5,136.0,DELAY_CARRIER|CANC_WEATHER|DELAY_NAS
BFF,10,90,-8.96,-8.49,2,37.0,28.0,10,284.4,272.4,DELAY_LATE_AIRCRAFT|DELAY_CARRIER|CANC_NAS
BFF,11,82,-7.41,-5.05,8,49.75,54.0,8,117.5,114.75,DELAY_CARRIER|CANC_WEATHER|DELAY_LATE_AIRCRAFT
BFF,12,98,-7.16,-6.45,6,23.0,22.67,2,93.0,82.0,DELAY_CARRIER|DELAY_NAS
BFL,1,314,-5.73,-11.85,22,37.18,34.27,20,191.2,184.6,DELAY_CARRIER|DELAY_NAS|DELAY_LATE_AIRCRAFT
BFL,2,314,-6.34,-15.52,28,30.86,24.86,12,165.0,155.5,DELAY_CARRIER|DELAY_NAS|DELAY_LATE_AIRCRAFT
BFL,3,318,-5.03,-12.56,24,25.67,17.33,28,167.29,155.71,DELAY_NAS|DELAY_CARRIER|DELAY_LATE_AIRCRAFT
BFL,4,280,-4.85,-11.43,38,33.47,29.84,16,163.38,157.12,DELAY_NAS|DELAY_CARRIER|DELAY_LATE_AIRCRAFT
BFL,5,320,-3.46,-9.34,36,30.72,25.61,46,148.17,144.3,DELAY_CARRIER|DELAY_NAS|DELAY_LATE_AIRCRAFT
BFL,6,370,-4.66,-3.9,38,36.47,38.0,28,130.07,129.93,DELAY_CARRIER|DELAY_LATE_AIRCRAFT|DELAY_NAS
BFL,7,468,-5.59,-8.96,28,33.29,28.43,32,188.94,184.5,DELAY_LATE_AIRCRAFT|DELAY_CARRIER|DELAY_NAS
BFL,8,474,-5.31,-8.21,26,30.54,32.69,28,139.64,137.79,DELAY_NAS|DELAY_LATE_AIRCRAFT|DELAY_CARRIER
BFL,9,398,-5.78,-14.37,34,31.24,24.41,14,177.57,174.86,DELAY_CARRIER|DELAY_LATE_AIRCRAFT|DELAY_NAS
BFL,10,474,-5.06,-11.9,30,34.8,24.8,14,266.57,254.57,DELAY_CARRIER|DELAY_LATE_AIRCRAFT|DELAY_NAS
BFL,11,438,-5.88,-11.82,52,40.54,31.73,24,145.67,138.58,DELAY_CARRIER|DELAY_LATE_AIRCRAFT|DELAY_NAS
BFL,12,462,-4.65,-12.16,22,36.64,36.09,36,125.17,120.11,DELAY_CARRIER|DELAY_LATE_AIRCRAFT|DELAY_NAS
BGM,1,50,-3.84,-9.64,0,,,4,169.5,176.5,DELAY_NAS|CANC_WEATHER|DELAY_LATE_AIRCRAFT
BGM,2,54,-5.44,-27.93,2,28.0,127.0,2,337.0,317.0,DELAY_LATE_AIRCRAFT|DELAY_NAS
BGM,3,56,-2.93,-10.93,0,,,6,623.67,592.67,DELAY_LATE_AIRCRAFT|DELAY_NAS|DELAY_CARRIER
BGM,4,54,-3.11,-5.07,4,22.0,7.5,2,248.0,239.0,DELAY_NAS|DELAY_CARRIER
BGM,5,54,-5.19,-3.59,2,29.0,14.0,6,202.67,206.0,DELAY_CARRIER|DELAY_NAS|DELAY_LATE_AIRCRAFT
BGM,6,50,-4.24,-2.56,6,30.0,22.0,2,316.0,327.0,DELAY_CARRIER
BGM,7,50,-1.4,0.16,2,45.0,44.0,6,281.67,274.0,DELAY_CARRIER|CANC_CARRIER
BGM,8,50,-3.2,-7.2,4,29.0,18.5,0,,,CANC_CARRIER|CANC_NAS|DELAY_NAS
BGM,9,60,-4.57,-13.23,0,,,0,,,N/D
BGM,10,62,-5.9,-10.58,0,,,0,,,N/D
BGM,11,48,-5.5,-14.21,8,33.5,59.75,4,128.0,117.5,DELAY_NAS|DELAY_CARRIER|DELAY_LATE_AIRCRAFT
BGM,12,44,-4.82,-17.77,12,31.33,48.33,4,121.5,141.5,DELAY_LATE_AIRCRAFT|DELAY_NAS|DELAY_CARRIER
BGR,1,364,-7.45,-18.89,46,30.22,26.04,24,172.67,168.5,CANC_WEATHER|DELAY_LATE_AIRCRAFT|DELAY_NAS
BGR,2,392,-6.96,-22.09,38,25.84,11.95,28,193.71,190.5,DELAY_NAS|DELAY_LATE_AIRCRAFT|DELAY_CARRIER
BGR,3,402,-6.88,-22.13,52,32.73,26.08,44,198.36,192.68,DELAY_LATE_AIRCRAFT|DELAY_NAS|DELAY_CARRIER
BGR,4,398,-7.49,-16.74,28,31.57,36.71,14,176.71,168.57,DELAY_LATE_AIRCRAFT|DELAY_NAS|DELAY_CARRIER
BGR,5,388,-7.35,-16.57,14,32.14,38.0,26,141.77,138.0,DELAY_NAS|DELAY_LATE_AIRCRAFT|DELAY_CARRIER
BGR,6,766,-5.48,-9.32,118,35.66,37.31,90,198.31,196.42,DELAY_LATE_AIRCRAFT|DELAY_NAS|DELAY_CARRIER
BGR,7,830,-3.93,-7.11,164,33.65,34.99,116,175.22,175.28,DELAY_LATE_AIRCRAFT|DELAY_NAS|DELAY_CARRIER
BGR,8,956,-3.78,-8.68,156,32.83,37.87,84,237.79,236.29,DELAY_NAS|DELAY_LATE_AIRCRAFT|CANC_NAS
BGR,9,1040,-5.79,-12.66,90,29.16,24.87,44,136.09,125.68,DELAY_LATE_AIRCRAFT|DELAY_NAS|DELAY_CARRIER
BGR,10,930,-5.44,-16.3,88,29.93,19.2,62,199.39,191.29,DELAY_LATE_AIRCRAFT|DELAY_CARRIER|DELAY_NAS
BGR,11,562,-7.14,-19.44,30,31.4,23.2,24,156.33,151.83,DELAY_NAS|DELAY_LATE_AIRCRAFT|DELAY_CARRIER
BGR,12,424,-6.51,-14.41,46,29.52,25.35,54,204.52,200.3,DELAY_LATE_AIRCRAFT|DELAY_NAS|DELAY_CARRIER
BHM,1,2020,-4.42,-9.17,258,31.16,26.57,240,157.11,154.18,DELAY_LATE_AIRCRAFT|DELAY_NAS|DELAY_CARRIER
BHM,2,2156,-4.51,-9.28,200,29.08,23.98,90,146.76,141.82,DELAY_LATE_AIRCRAFT|DELAY_CARRIER|DELAY_NAS
BHM,3,2298,-3.96,-8.85,274,29.01,23.5,148,127.05,125.43,DELAY_LATE_AIRCRAFT|DELAY_NAS|DELAY_CARRIER
BHM,4,2400,-3.93,-7.39,288,31.31,29.23,142,147.14,146.39,DELAY_LATE_AIRCRAFT|DELAY_NAS|DELAY_CARRIER
BHM,5,2150,-2.5,-6.33,430,31.52,29.94,380,166.91,167.45,DELAY_LATE_AIRCRAFT|DELAY_NAS|DELAY_CARRIER
BHM,6,2276,-2.69,-7.85,396,31.96,26.9,214,144.07,140.83,DELAY_LATE_AIRCRAFT|DELAY_CARRIER|DELAY_NAS
BHM,7,1966,-2.28,-6.2,492,33.25,30.43,340,149.68,148.08,DELAY_LATE_AIRCRAFT|DELAY_CARRIER|DELAY_NAS
BHM,8,2306,-3.42,-7.82,280,30.79,26.85,214,203.04,198.32,DELAY_LATE_AIRCRAFT|DELAY_CARRIER|DELAY_NAS
BHM,9,2412,-3.91,-7.4,298,30.81,28.34,124,136.21,133.58,DELAY_LATE_AIRCRAFT|DELAY_NAS|DELAY_CARRIER
BHM,10,2896,-4.14,-8.83,214,31.44,24.07,116,142.57,135.84,DELAY_LATE_AIRCRAFT|DELAY_CARRIER|DELAY_NAS
BHM,11,2686,-4.21,-9.12,230,31.85,27.13,130,182.85,177.34,DELAY_CARRIER|DELAY_LATE_AIRCRAFT|DELAY_NAS
BHM,12,2302,-2.49,-8.08,352,30.57,23.19,242,169.02,163.07,DELAY_LATE_AIRCRAFT|DELAY_CARRIER|DELAY_NAS
BIH,1,74,-5.46,-26.05,14,31.71,26.71,14,102.0,87.86,DELAY_LATE_AIRCRAFT|DELAY_NAS|DELAY_CARRIER
BIH,2,40,1.9,-6.15,26,35.54,29.15,18,109.56,93.67,DELAY_LATE_AIRCRAFT|DELAY_NAS|CANC_WEATHER
BIH,3,60,-2.9,-4.0,28,31.29,20.93,8,113.0,125.75,DELAY_NAS|CANC_NAS|DELAY_LATE_AIRCRAFT
BIH,4,4,-9.5,-16.0,4,51.0,40.0,2,226.0,217.0,DELAY_LATE_AIRCRAFT|DELAY_NAS
BIH,7,48,-7.75,-27.62,2,46.0,30.0,10,240.6,217.0,DELAY_LATE_AIRCRAFT|CANC_WEATHER|DELAY_WEATHER
BIH,8,62,-9.74,-20.58,0,,,0,,,N/D
BIH,9,16,-4.38,-7.25,0,,,4,75.0,62.0,DELAY_LATE_AIRCRAFT
BIH,10,4,-4.5,-11.5,0,,,0,,,N/D
BIH,12,48,-2.62,-11.08,6,34.0,18.0,12,131.0,126.17,DELAY_LATE_AIRCRAFT|DELAY_NAS|DELAY_WEATHER
BIL,1,452,-6.14,-4.12,44,31.36,32.36,52,133.88,152.92,DELAY_NAS|DELAY_LATE_AIRCRAFT|DELAY_CARRIER
BIL,2,456,-6.56,-4.26,32,32.88,42.31,8,95.75,110.5,DELAY_NAS|DELAY_CARRIER|DELAY_LATE_AIRCRAFT
BIL,3,488,-6.47,-7.81,24,28.75,29.75,34,150.59,153.76,DELAY_NAS|DELAY_CARRIER|DELAY_LATE_AIRCRAFT
BIL,4,576,-7.87,-12.72,44,39.05,38.41,18,156.0,157.89,DELAY_LATE_AIRCRAFT|DELAY_CARRIER|DELAY_NAS
BIL,5,564,-5.73,-9.12,48,35.67,32.58,64,239.66,236.69,DELAY_CARRIER|DELAY_LATE_AIRCRAFT|DELAY_WEATHER
BIL,6,652,-5.29,-8.52,78,31.38,30.15,50,151.04,151.96,DELAY_LATE_AIRCRAFT|DELAY_CARRIER|DELAY_NAS
BIL,7,660,-5.37,-8.54,90,30.2,27.76,64,103.81,96.69,DELAY_LATE_AIRCRAFT|DELAY_CARRIER|DELAY_NAS
BIL,8,718,-5.34,-7.94,64,33.81,34.06,36,194.44,194.44,DELAY_CARRIER|DELAY_NAS|DELAY_LATE_AIRCRAFT
BIL,9,690,-6.79,-9.92,38,34.84,26.84,20,225.2,219.8,DELAY_CARRIER|DELAY_LATE_AIRCRAFT|DELAY_NAS
BIL,10,654,-6.11,-8.59,50,29.12,29.52,30,212.13,208.6,DELAY_CARRIER|DELAY_LATE_AIRCRAFT|DELAY_NAS
BIL,11,584,-5.76,-10.0,54,32.0,30.81,34,133.71,137.35,DELAY_CARRIER|DELAY_LATE_AIRCRAFT|DELAY_NAS
BIL,12,660,-6.55,-14.29,50,32.28,23.36,34,169.06,156.53,DELAY_CARRIER|DELAY_LATE_AIRCRAFT|DELAY_NAS
BIS,1,414,-3.97,-8.02,66,27.21,31.24,54,325.15,319.89,DELAY_CARRIER|DELAY_NAS|DELAY_LATE_AIRCRAFT
BIS,2,426,-4.61,-15.26,48,28.42,18.0,42,202.48,200.24,DELAY_CARRIER|DELAY_NAS|DELAY_WEATHER
BIS,3,500,-4.4,-13.15,54,28.74,23.19,14,103.29,96.57,DELAY_NAS|DELAY_CARRIER|CANC_WEATHER
BIS,4,494,-5.86,-13.96,34,31.12,21.65,24,132.92,133.08,DELAY_CARRIER|DELAY_LATE_AIRCRAFT|DELAY_WEATHER
BIS,5,590,-5.19,-11.5,40,31.9,24.15,54,160.07,154.22,DELAY_CARRIER|DELAY_NAS|DELAY_WEATHER
BIS,6,530,-4.83,-8.91,80,34.15,34.88,66,167.27,167.73,DELAY_CARRIER|DELAY_NAS|DELAY_LATE_AIRCRAFT
BIS,7,560,-3.73,-6.2,82,30.51,31.22,62,157.0,153.0,DELAY_CARRIER|DELAY_NAS|DELAY_LATE_AIRCRAFT
BIS,8,598,-4.88,-8.57,68,34.29,36.41,38,140.16,132.79,DELAY_CARRIER|DELAY_NAS|DELAY_LATE_AIRCRAFT
BIS,9,602,-5.33,-13.16,74,35.16,26.08,22,111.36,92.0,DELAY_CARRIER|DELAY_NAS|DELAY_LATE_AIRCRAFT
BIS,10,680,-5.22,-16.3,38,30.84,18.47,28,184.64,173.5,DELAY_CARRIER|DELAY_LATE_AIRCRAFT|DELAY_WEATHER
BIS,11,566,-3.37,-7.37,80,29.05,28.98,52,162.42,160.54,DELAY_CARRIER|DELAY_NAS|DELAY_LATE_AIRCRAFT
BIS,12,592,-3.74,-11.55,94,31.77,29.72,86,146.49,140.23,DELAY_CARRIER|DELAY_NAS|DELAY_LATE_AIRCRAFT
BJI,1,86,-4.81,-8.05,22,35.91,33.18,14,228.71,240.86,DELAY_CARRIER|DELAY_WEATHER|DELAY_NAS
BJI,2,104,-6.29,-12.98,2,24.0,-2.0,6,292.0,293.67,CANC_WEATHER|DELAY_CARRIER|DELAY_WEATHER
BJI,3,108,-7.5,-16.61,4,38.0,41.0,10,169.6,163.2,DELAY_CARRIER|DELAY_WEATHER|CANC_WEATHER
BJI,4,110,-8.4,-20.2,4,47.0,42.5,6,151.33,140.33,DELAY_CARRIER|DELAY_WEATHER
BJI,5,110,-7.6,-17.44,8,32.25,23.25,6,245.0,239.67,DELAY_CARRIER|DELAY_WEATHER
BJI,6,90,-6.56,-3.73,6,35.67,29.33,22,257.55,259.73,DELAY_CARRIER|DELAY_WEATHER|CANC_WEATHER
BJI,7,100,-3.06,-4.44,12,23.33,26.0,12,171.0,162.67,DELAY_CARRIER|DELAY_WEATHER|DELAY_NAS
BJI,8,106,-5.09,-7.11,12,19.5,28.67,6,175.0,181.0,DELAY_CARRIER|DELAY_NAS|DELAY_WEATHER
BJI,9,104,-8.13,-18.19,6,29.67,16.0,10,104.6,97.6,DELAY_CARRIER|DELAY_NAS|DELAY_WEATHER
BJI,10,106,-7.0,-22.38,6,34.0,18.33,12,268.0,252.17,DELAY_CARRIER
BJI,11,102,-7.39,-13.75,10,23.2,20.2,6,264.0,253.0,DELAY_CARRIER
BJI,12,76,-5.18,-7.58,24,32.83,37.92,18,194.22,187.56,DELAY_CARRIER|DELAY_NAS|CANC_WEATHER
BLI,1,330,-2.65,-6.02,40,29.8,31.1,32,230.25,243.69,DELAY_NAS|DELAY_CARRIER|DELAY_LATE_AIRCRAFT
BLI,2,372,-4.05,-4.82,18,26.56,22.78,6,157.0,162.0,DELAY_NAS|DELAY_CARRIER|DELAY_LATE_AIRCRAFT
BLI,3,440,-3.54,-2.71,40,27.45,23.55,26,116.92,110.31,DELAY_CARRIER|DELAY_LATE_AIRCRAFT|DELAY_NAS
BLI,4,416,-3.57,-7.53,48,23.83,18.21,24,123.42,120.0,DELAY_CARRIER|DELAY_LATE_AIRCRAFT|DELAY_NAS
BLI,5,434,-3.41,-9.18,42,24.71,16.86,12,169.83,167.33,DELAY_LATE_AIRCRAFT|DELAY_CARRIER|DELAY_NAS
BLI,6,438,-2.27,-5.02,84,26.0,17.95,6,140.0,131.67,DELAY_LATE_AIRCRAFT|DELAY_NAS|DELAY_CARRIER
BLI,7,460,-1.96,-7.14,70,25.94,18.49,20,116.9,117.1,DELAY_LATE_AIRCRAFT|DELAY_CARRIER|DELAY_NAS
BLI,8,310,-2.5,-3.7,48,33.25,32.96,8,115.5,112.75,DELAY_LATE_AIRCRAFT|DELAY_CARRIER|DELAY_NAS
BLI,9,246,-3.74,-4.2,40,35.9,34.3,18,216.22,223.33,DELAY_LATE_AIRCRAFT|DELAY_NAS|DELAY_CARRIER
BLI,10,284,-4.37,-5.25,44,31.91,31.77,20,137.2,135.4,DELAY_CARRIER|DELAY_LATE_AIRCRAFT|DELAY_NAS
BLI,11,296,-4.39,-7.85,20,32.7,28.8,8,129.75,126.25,DELAY_CARRIER|DELAY_LATE_AIRCRAFT|DELAY_NAS
BLI,12,288,-3.74,-8.03,36,30.94,21.22,20,209.2,206.4,DELAY_CARRIER|DELAY_LATE_AIRCRAFT|CANC_WEATHER
BLV,1,88,-7.52,-15.14,18,33.11,34.44,10,169.0,185.8,DELAY_LATE_AIRCRAFT|CANC_WEATHER|DELAY_NAS
BLV,2,80,-9.28,-16.32,8,33.75,27.0,22,306.36,314.36,DELAY_LATE_AIRCRAFT|DELAY_CARRIER|DELAY_WEATHER
BLV,3,130,-7.06,-16.45,26,28.31,25.23,28,182.71,182.14,DELAY_LATE_AIRCRAFT|DELAY_NAS|CANC_CARRIER
BLV,4,154,-8.36,-21.86,10,26.8,20.2,6,231.33,233.67,DELAY_CARRIER|DELAY_LATE_AIRCRAFT|DELAY_NAS
BLV,5,152,-5.49,-14.68,32,34.38,29.38,10,144.8,166.0,DELAY_LATE_AIRCRAFT|DELAY_CARRIER|DELAY_NAS
BLV,6,214,-6.75,-9.43,40,39.1,34.4,32,158.0,149.44,DELAY_LATE_AIRCRAFT|DELAY_CARRIER|DELAY_NAS
BLV,7,178,-7.72,-7.78,66,32.76,35.82,40,190.7,190.0,DELAY_LATE_AIRCRAFT|DELAY_CARRIER|DELAY_NAS
BLV,8,144,-10.43,-15.43,26,36.38,33.46,32,178.56,169.94,DELAY_LATE_AIRCRAFT|DELAY_CARRIER|CANC_CARRIER
BLV,9,112,-11.98,-19.07,8,40.25,31.0,12,203.0,198.0,DELAY_LATE_AIRCRAFT|DELAY_CARRIER|DELAY_WEATHER
BLV,10,128,-11.56,-17.62,8,33.0,42.75,10,357.2,350.2,DELAY_LATE_AIRCRAFT|CANC_WEATHER|DELAY_NAS
BLV,11,122,-10.85,-22.23,20,35.1,33.3,4,91.0,109.0,DELAY_LATE_AIRCRAFT|DELAY_CARRIER
BLV,12,104,-6.87,-18.42,32,34.38,23.81,26,274.23,267.08,DELAY_LATE_AIRCRAFT|DELAY_CARRIER|DELAY_NAS
BMI,1,204,-3.54,-4.53,26,38.46,53.54,32,185.75,179.94,DELAY_LATE_AIRCRAFT|DELAY_NAS|CANC_WEATHER
BMI,2,230,-5.67,-13.1,22,27.91,26.18,14,165.43,155.29,DELAY_LATE_AIRCRAFT|DELAY_NAS|DELAY_CARRIER
BMI,3,240,-5.48,-7.97,24,31.08,28.58,20,130.9,134.1,DELAY_LATE_AIRCRAFT|DELAY_CARRIER|DELAY_NAS
BMI,4,246,-5.63,-9.94,12,33.17,37.83,16,129.12,135.88,DELAY_LATE_AIRCRAFT|DELAY_NAS|CANC_NAS
BMI,5,238,-4.82,-5.32,38,35.21,36.42,34,117.47,129.24,DELAY_LATE_AIRCRAFT|DELAY_NAS|DELAY_WEATHER
BMI,6,250,-4.58,-12.42,34,34.88,29.82,28,149.57,144.86,DELAY_LATE_AIRCRAFT|DELAY_CARRIER|DELAY_NAS
BMI,7,238,-5.68,-10.22,34,29.0,28.24,40,221.9,218.25,DELAY_LATE_AIRCRAFT|DELAY_CARRIER|DELAY_NAS
BMI,8,266,-6.05,-13.17,16,34.5,33.88,18,210.56,198.89,DELAY_LATE_AIRCRAFT|DELAY_CARRIER|DELAY_NAS
BMI,9,258,-4.99,-11.49,14,34.71,28.43,2,465.0,471.0,DELAY_NAS|DELAY_LATE_AIRCRAFT|CANC_CARRIER
BMI,10,260,-5.78,-18.4,6,29.67,15.67,12,188.33,174.83,DELAY_CARRIER|CANC_WEATHER|DELAY_LATE_AIRCRAFT
BMI,11,232,-5.48,-15.98,24,27.58,18.75,10,220.8,214.6,DELAY_CARRIER|DELAY_NAS|DELAY_LATE_AIRCRAFT
BMI,12,262,-2.98,-9.94,20,31.3,27.3,14,138.14,135.29,DELAY_NAS|DELAY_LATE_AIRCRAFT|DELAY_CARRIER
BNA,1,10676,-2.5,-8.13,2216,31.07,27.18,1148,183.74,190.19,DELAY_LATE_AIRCRAFT|CANC_WEATHER|DELAY_NAS
BNA,2,12236,-3.3,-9.59,1324,28.53,22.03,406,162.58,156.96,DELAY_LATE_AIRCRAFT|DELAY_NAS|DELAY_CARRIER
BNA,3,13250,-2.95,-9.57,2180,30.17,24.0,986,139.96,135.55,DELAY_LATE_AIRCRAFT|DELAY_NAS|DELAY_CARRIER
BNA,4,13558,-2.77,-9.0,2078,30.44,23.69,838,152.71,148.33,DELAY_LATE_AIRCRAFT|DELAY_CARRIER|DELAY_NAS
BNA,5,12234,-1.16,-5.86,3188,31.62,28.22,1986,144.9,144.44,DELAY_LATE_AIRCRAFT|DELAY_NAS|DELAY_CARRIER
BNA,6,13020,-1.39,-7.03,2974,30.88,25.48,1566,139.55,136.36,DELAY_LATE_AIRCRAFT|DELAY_CARRIER|DELAY_NAS
BNA,7,12570,-1.6,-6.65,3550,31.31,25.98,1800,140.41,136.66,DELAY_LATE_AIRCRAFT|DELAY_CARRIER|DELAY_NAS
BNA,8,13810,-2.46,-7.33,2300,31.05,26.0,1058,157.41,153.32,DELAY_LATE_AIRCRAFT|DELAY_NAS|DELAY_CARRIER
BNA,9,13898,-2.66,-7.84,1888,30.57,24.81,682,139.18,134.45,DELAY_LATE_AIRCRAFT|DELAY_CARRIER|DELAY_NAS
BNA,10,15458,-2.47,-9.36,1854,29.23,21.68,500,144.37,137.83,DELAY_LATE_AIRCRAFT|DELAY_CARRIER|DELAY_NAS
BNA,11,14056,-3.08,-10.4,1588,30.04,21.88,520,139.41,133.03,DELAY_LATE_AIRCRAFT|DELAY_CARRIER|DELAY_NAS
BNA,12,12720,-1.85,-9.25,2440,30.0,23.18,876,144.43,140.75,DELAY_LATE_AIRCRAFT|DELAY_CARRIER|DELAY_NAS
BOI,1,2534,-3.09,-5.16,388,32.03,34.19,216,160.32,163.93,DELAY_NAS|DELAY_LATE_AIRCRAFT|DELAY_CARRIER
BOI,2,2554,-3.76,-9.21,236,30.25,24.64,142,161.11,161.44,DELAY_NAS|DELAY_LATE_AIRCRAFT|DELAY_CARRIER
BOI,3,3026,-4.03,-6.45,276,30.89,27.71,124,123.95,123.05,DELAY_NAS|DELAY_CARRIER|DELAY_LATE_AIRCRAFT
BOI,4,3102,-4.06,-7.08,346,30.05,27.45,124,154.73,150.94,DELAY_CARRIER|DELAY_NAS|DELAY_LATE_AIRCRAFT
BOI,5,3370,-3.65,-6.67,468,30.29,26.89,162,139.86,138.16,DELAY_LATE_AIRCRAFT|DELAY_NAS|DELAY_CARRIER
BOI,6,3380,-3.62,-6.63,500,31.41,27.85,218,152.82,149.88,DELAY_LATE_AIRCRAFT|DELAY_CARRIER|DELAY_NAS
BOI,7,3486,-3.06,-6.71,446,30.09,26.79,268,145.48,141.2,DELAY_LATE_AIRCRAFT|DELAY_CARRIER|DELAY_NAS
BOI,8,3542,-4.09,-6.65,422,30.82,29.57,206,130.86,130.0,DELAY_CARRIER|DELAY_LATE_AIRCRAFT|DELAY_NAS
BOI,9,3498,-3.91,-8.31,410,31.58,27.78,160,125.44,121.96,DELAY_LATE_AIRCRAFT|DELAY_CARRIER|DELAY_NAS
BOI,10,3588,-4.42,-8.99,276,30.74,27.77,116,166.95,164.53,DELAY_CARRIER|DELAY_LATE_AIRCRAFT|DELAY_NAS
BOI,11,3468,-4.41,-9.08,298,29.92,25.41,124,173.27,173.58,DELAY_CARRIER|DELAY_LATE_AIRCRAFT|DELAY_NAS
BOI,12,3212,-3.29,-9.97,456,30.04,22.89,230,148.89,146.88,DELAY_LATE_AIRCRAFT|DELAY_CARRIER|DELAY_NAS
BOS,1,15092,-3.33,-11.29,2610,32.3,27.27,1848,150.17,150.9,DELAY_NAS|DELAY_CARRIER|DELAY_LATE_AIRCRAFT
BOS,2,16998,-3.74,-17.23,2010,30.87,17.66,970,136.17,126.83,DELAY_CARRIER|DELAY_NAS|DELAY_LATE_AIRCRAFT
BOS,3,18412,-3.93,-15.25,2632,31.47,20.41,1420,136.29,125.97,DELAY_CARRIER|DELAY_NAS|DELAY_LATE_AIRCRAFT
BOS,4,18650,-3.81,-10.63,2550,31.78,23.91,1686,137.03,130.99,DELAY_NAS|DELAY_LATE_AIRCRAFT|DELAY_CARRIER
BOS,5,19498,-3.4,-10.35,3484,32.08,25.75,2082,142.07,137.39,DELAY_LATE_AIRCRAFT|DELAY_NAS|DELAY_CARRIER
BOS,6,18856,-3.27,-9.12,3384,31.75,27.72,2428,141.36,137.77,DELAY_NAS|DELAY_LATE_AIRCRAFT|DELAY_CARRIER
BOS,7,18396,-2.98,-9.18,3718,32.73,28.21,2948,138.74,133.5,DELAY_LATE_AIRCRAFT|DELAY_CARRIER|DELAY_NAS
BOS,8,18588,-2.86,-9.33,3776,32.27,27.53,3012,141.97,138.25,DELAY_LATE_AIRCRAFT|DELAY_CARRIER|DELAY_NAS
BOS,9,20622,-4.26,-12.2,2468,31.85,22.64,1486,132.01,121.42,DELAY_LATE_AIRCRAFT|DELAY_CARRIER|DELAY_NAS
BOS,10,22382,-3.74,-12.2,2460,31.22,21.81,994,129.18,121.91,DELAY_CARRIER|DELAY_LATE_AIRCRAFT|DELAY_NAS
BOS,11,20196,-4.52,-14.25,2140,31.37,21.03,1126,126.06,115.53,DELAY_CARRIER|DELAY_NAS|DELAY_LATE_AIRCRAFT
BOS,12,17704,-2.79,-9.96,3384,32.19,25.92,2094,139.36,136.74,DELAY_LATE_AIRCRAFT|DELAY_NAS|DELAY_CARRIER
BPT,1,86,-2.47,-8.4,20,32.0,24.1,14,218.29,216.71,DELAY_LATE_AIRCRAFT|DELAY_WEATHER|CANC_WEATHER
BPT,2,112,-5.5,-5.98,2,17.0,16.0,2,168.0,149.0,DELAY_NAS|DELAY_CARRIER|DELAY_LATE_AIRCRAFT
BPT,3,94,-4.79,-9.98,8,29.25,19.75,18,178.89,176.78,DELAY_LATE_AIRCRAFT|DELAY_WEATHER|CANC_WEATHER
BPT,4,86,-7.28,-15.93,10,42.0,37.8,20,144.8,160.5,DELAY_WEATHER|DELAY_CARRIER|DELAY_NAS
BPT,5,102,-6.53,-7.43,2,15.0,6.0,16,207.38,209.88,DELAY_CARRIER|DELAY_WEATHER|CANC_WEATHER
BPT,6,110,-9.15,-16.56,2,20.0,18.0,8,123.75,124.25,DELAY_CARRIER|DELAY_LATE_AIRCRAFT|DELAY_WEATHER
BPT,7,110,-8.15,-8.69,6,30.67,21.0,2,362.0,344.0,DELAY_NAS|CANC_WEATHER|DELAY_CARRIER
BPT,8,116,-7.71,-9.09,4,26.0,15.0,4,76.5,86.0,DELAY_CARRIER|DELAY_LATE_AIRCRAFT
BPT,9,110,-8.07,-20.0,10,33.6,24.0,0,,,DELAY_CARRIER|DELAY_LATE_AIRCRAFT|DELAY_WEATHER
BPT,10,106,-7.43,-22.72,8,43.25,35.75,10,271.0,255.2,DELAY_CARRIER|DELAY_LATE_AIRCRAFT|DELAY_WEATHER
BPT,11,108,-7.5,-14.56,2,18.0,8.0,4,232.0,223.0,CANC_WEATHER|DELAY_CARRIER|DELAY_LATE_AIRCRAFT
BPT,12,110,-6.62,-9.16,4,49.5,43.0,4,223.0,222.0,DELAY_CARRIER|DELAY_NAS|DELAY_WEATHER
BQK,1,82,-5.02,-7.54,12,40.5,35.17,30,106.4,116.2,DELAY_CARRIER|DELAY_WEATHER|DELAY_NAS
BQK,2,104,-4.63,-4.42,4,31.0,35.5,8,224.75,221.5,DELAY_CARRIER|DELAY_NAS|DELAY_WEATHER
BQK,3,112,-5.73,-2.21,4,28.5,52.0,8,103.5,98.75,DELAY_CARRIER|DELAY_LATE_AIRCRAFT|DELAY_NAS
BQK,4,102,-3.51,2.92,8,37.25,32.5,10,187.6,184.4,DELAY_CARRIER|DELAY_WEATHER|DELAY_NAS
BQK,5,76,-5.74,-0.47,18,32.11,30.44,28,193.29,194.71,DELAY_CARRIER|DELAY_NAS|DELAY_WEATHER
BQK,6,96,-4.73,-5.9,10,43.6,33.0,14,146.43,141.29,DELAY_CARRIER|DELAY_WEATHER|DELAY_LATE_AIRCRAFT
BQK,7,102,-5.61,-3.41,2,16.0,39.0,20,149.1,163.0,DELAY_CARRIER|DELAY_WEATHER|DELAY_NAS
BQK,8,98,-5.94,-6.96,10,39.4,33.0,16,182.62,177.62,DELAY_CARRIER|DELAY_NAS|DELAY_WEATHER
BQK,9,110,-5.47,2.71,8,32.25,21.75,0,,,DELAY_CARRIER|DELAY_NAS|CANC_WEATHER
BQK,10,136,-7.32,-10.38,10,32.2,25.6,16,132.12,127.38,DELAY_CARRIER|DELAY_WEATHER
BQK,11,148,-7.35,-5.91,10,36.2,45.2,14,127.86,130.86,DELAY_CARRIER|DELAY_NAS|DELAY_WEATHER
BQK,12,130,-6.28,-2.0,14,33.71,37.57,16,213.38,222.0,DELAY_CARRIER|DELAY_NAS|DELAY_WEATHER
BQN,1,366,-8.09,-10.62,60,28.73,27.1,30,215.4,213.53,DELAY_LATE_AIRCRAFT|DELAY_NAS|DELAY_CARRIER
BQN,2,322,-8.79,-9.61,36,32.33,32.0,30,154.73,159.07,DELAY_LATE_AIRCRAFT|DELAY_NAS|CANC_CARRIER
BQN,3,326,-7.58,-11.17,96,29.9,26.48,60,159.77,155.93,DELAY_LATE_AIRCRAFT|DELAY_CARRIER|DELAY_NAS
BQN,4,390,-7.53,-14.52,48,30.54,24.75,28,161.36,156.5,DELAY_LATE_AIRCRAFT|DELAY_CARRIER|DELAY_NAS
BQN,5,382,-4.55,-13.36,74,30.7,19.3,42,122.1,115.24,DELAY_LATE_AIRCRAFT|DELAY_CARRIER|CANC_NAS
BQN,6,238,-3.75,-12.2,92,33.85,27.76,74,174.32,167.43,DELAY_LATE_AIRCRAFT|DELAY_NAS|DELAY_CARRIER
BQN,7,278,-5.53,-15.17,66,28.42,17.48,46,162.78,156.26,DELAY_LATE_AIRCRAFT|DELAY_CARRIER|DELAY_NAS
BQN,8,242,-4.5,-12.98,80,30.12,22.5,44,175.73,171.18,DELAY_LATE_AIRCRAFT|DELAY_NAS|DELAY_CARRIER
BQN,9,224,-5.41,-14.59,30,27.27,18.4,34,229.47,222.88,DELAY_LATE_AIRCRAFT|DELAY_CARRIER|DELAY_NAS
BQN,10,236,-6.47,-12.19,32,30.44,21.62,14,121.86,114.71,DELAY_LATE_AIRCRAFT|CANC_WEATHER|DELAY_CARRIER
BQN,11,248,-3.84,-10.91,64,33.44,30.25,24,140.0,129.67,DELAY_LATE_AIRCRAFT|DELAY_CARRIER|DELAY_NAS
BQN,12,318,-7.12,-12.82,80,30.25,23.5,50,164.72,158.4,DELAY_LATE_AIRCRAFT|DELAY_NAS|DELAY_CARRIER
BRD,1,78,-8.26,-18.21,2,17.0,3.0,24,107.83,96.0,DELAY_CARRIER|DELAY_WEATHER
BRD,2,94,-9.09,-24.98,2,21.0,11.0,4,157.0,140.0,DELAY_CARRIER|DELAY_WEATHER
BRD,3,88,-7.57,-16.86,10,42.4,43.6,6,104.33,106.33,DELAY_CARRIER|DELAY_WEATHER|CANC_WEATHER
BRD,4,96,-9.71,-20.56,4,30.0,14.0,2,119.0,105.0,DELAY_CARRIER
BRD,5,100,-9.22,-17.58,4,32.5,14.0,2,119.0,119.0,DELAY_CARRIER
BRD,6,82,-8.27,4.9,12,33.33,51.67,10,308.8,316.4,DELAY_CARRIER|DELAY_NAS|DELAY_WEATHER
BRD,7,96,-5.69,-0.58,22,30.0,30.91,6,93.0,91.67,DELAY_CARRIER|DELAY_WEATHER|DELAY_NAS
BRD,8,114,-7.09,-4.75,8,31.5,48.0,2,351.0,358.0,DELAY_CARRIER|DELAY_NAS|DELAY_WEATHER
BRD,9,100,-10.16,-14.7,2,31.0,37.0,8,93.0,95.0,DELAY_CARRIER|DELAY_NAS|DELAY_WEATHER
BRD,10,94,-10.04,-22.64,6,23.67,15.33,4,68.5,69.5,DELAY_CARRIER|DELAY_SECURITY|DELAY_WEATHER
BRD,11,94,-11.23,-21.02,8,29.0,25.0,4,554.5,570.0,DELAY_CARRIER|DELAY_WEATHER
BRD,12,72,-8.61,-16.14,10,27.4,27.0,20,221.4,216.9,DELAY_CARRIER|CANC_WEATHER|DELAY_WEATHER
BRO,1,176,-4.4,-9.36,24,23.0,19.67,16,107.38,111.38,DELAY_LATE_AIRCRAFT|DELAY_CARRIER|DELAY_NAS
BRO,2,208,-6.08,-7.81,8,29.25,24.25,0,,,DELAY_LATE_AIRCRAFT|DELAY_NAS|DELAY_CARRIER
BRO,3,316,-3.78,-7.68,28,29.14,22.5,24,214.75,210.75,DELAY_LATE_AIRCRAFT|DELAY_CARRIER|DELAY_NAS
BRO,4,240,-5.53,-9.1,26,31.38,30.31,32,186.56,197.88,DELAY_LATE_AIRCRAFT|DELAY_WEATHER|DELAY_CARRIER
BRO,5,264,-4.61,-5.59,48,31.54,34.54,42,193.14,200.05,DELAY_CARRIER|DELAY_LATE_AIRCRAFT|DELAY_WEATHER
BRO,6,326,-5.4,-9.52,34,30.88,27.76,40,141.75,142.65,DELAY_LATE_AIRCRAFT|DELAY_CARRIER|DELAY_NAS
BRO,7,302,-4.68,-6.93,54,30.22,33.19,32,161.5,162.25,DELAY_LATE_AIRCRAFT|DELAY_CARRIER|CANC_WEATHER
BRO,8,350,-6.63,-11.03,38,32.79,31.79,4,182.5,175.0,DELAY_LATE_AIRCRAFT|DELAY_NAS|DELAY_CARRIER
BRO,9,280,-6.08,-8.73,22,34.91,29.64,8,126.25,119.25,DELAY_LATE_AIRCRAFT|DELAY_CARRIER|DELAY_NAS
BRO,10,360,-6.22,-10.81,22,32.36,24.73,10,135.8,126.4,DELAY_CARRIER|DELAY_LATE_AIRCRAFT|DELAY_NAS
BRO,11,218,-6.26,-9.4,24,36.17,33.83,12,177.17,182.17,DELAY_CARRIER|DELAY_LATE_AIRCRAFT|DELAY_WEATHER
BRO,12,196,-4.55,-6.49,26,36.23,37.23,32,122.5,129.62,DELAY_CARRIER|DELAY_LATE_AIRCRAFT|CANC_WEATHER
BRW,1,26,-6.08,-7.77,12,44.17,45.5,6,206.0,206.0,DELAY_LATE_AIRCRAFT|CANC_CARRIER|CANC_WEATHER
BRW,2,44,-6.32,-1.91,6,42.67,48.0,6,113.67,117.33,DELAY_LATE_AIRCRAFT|DELAY_NAS|CANC_WEATHER
BRW,3,40,-3.2,-1.9,14,29.43,32.43,2,234.0,240.0,CANC_CARRIER|DELAY_CARRIER|DELAY_LATE_AIRCRAFT
BRW,4,50,-8.36,-5.36,10,41.0,41.2,2,90.0,90.0,DELAY_SECURITY|DELAY_LATE_AIRCRAFT|DELAY_CARRIER
BRW,5,48,-7.29,-3.83,12,28.33,29.17,2,291.0,285.0,DELAY_LATE_AIRCRAFT|DELAY_SECURITY|DELAY_NAS
BRW,6,44,-3.77,-1.68,14,31.14,32.14,0,,,DELAY_LATE_AIRCRAFT|DELAY_SECURITY|CANC_WEATHER
BRW,7,46,-2.57,-1.09,12,22.0,22.83,0,,,DELAY_SECURITY|CANC_WEATHER|DELAY_LATE_AIRCRAFT
BRW,8,44,-4.27,1.36,18,29.89,36.33,0,,,DELAY_LATE_AIRCRAFT|DELAY_SECURITY|DELAY_NAS
BRW,9,44,-5.64,-2.68,12,23.0,27.0,4,85.0,81.5,DELAY_LATE_AIRCRAFT
BRW,10,44,-2.95,-3.64,14,34.0,34.29,2,66.0,70.0,DELAY_LATE_AIRCRAFT|CANC_WEATHER
BRW,11,36,-9.44,-9.78,16,27.5,21.0,2,83.0,77.0,DELAY_LATE_AIRCRAFT|CANC_WEATHER|DELAY_CARRIER
BRW,12,32,0.56,-0.94,22,27.18,29.91,4,90.5,90.0,DELAY_LATE_AIRCRAFT|DELAY_CARRIER|CANC_WEATHER
BTM,1,102,-13.59,-19.22,6,30.67,28.33,4,302.0,290.5,DELAY_CARRIER|DELAY_WEATHER|DELAY_NAS
BTM,2,106,-13.51,-15.92,0,,,2,100.0,105.0,DELAY_NAS|DELAY_WEATHER
BTM,3,106,-12.72,-24.42,8,33.25,29.0,2,202.0,237.0,DELAY_CARRIER|DELAY_WEATHER
BTM,4,104,-14.02,-28.67,4,35.5,22.0,2,67.0,49.0,DELAY_CARRIER|DELAY_SECURITY
BTM,5,112,-11.07,-22.2,4,40.5,30.5,0,,,DELAY_CARRIER
BTM,6,92,-13.28,-19.11,14,37.0,29.29,6,428.67,430.67,DELAY_CARRIER|DELAY_WEATHER
BTM,7,112,-11.54,-20.48,6,38.67,30.33,6,115.0,107.0,DELAY_CARRIER|DELAY_WEATHER
BTM,8,122,-12.62,-20.08,0,,,2,103.0,80.0,DELAY_CARRIER|DELAY_WEATHER
BTM,9,112,-12.32,-15.61,2,35.0,26.0,2,80.0,69.0,DELAY_CARRIER|DELAY_WEATHER
BTM,10,114,-12.88,-24.47,0,,,0,,,N/D
BTM,11,110,-12.89,-25.15,0,,,2,84.0,69.0,DELAY_CARRIER|DELAY_NAS
BTM,12,108,-13.57,-30.02,4,28.5,4.5,4,588.5,576.5,DELAY_CARRIER
BTR,1,536,-4.91,-7.73,98,33.16,29.39,98,156.1,154.65,DELAY_LATE_AIRCRAFT|DELAY_CARRIER|DELAY_NAS
BTR,2,674,-4.99,-8.44,54,28.11,25.7,40,211.6,207.6,DELAY_CARRIER|DELAY_LATE_AIRCRAFT|DELAY_NAS
BTR,3,612,-3.64,-9.11,82,24.63,18.68,44,162.68,170.09,DELAY_CARRIER|DELAY_LATE_AIRCRAFT|DELAY_NAS
BTR,4,672,-5.0,-8.01,90,28.13,30.38,80,187.53,183.38,DELAY_NAS|DELAY_CARRIER|DELAY_LATE_AIRCRAFT
BTR,5,658,-3.03,-3.58,98,32.14,33.92,98,146.35,154.61,DELAY_LATE_AIRCRAFT|DELAY_NAS|DELAY_CARRIER
BTR,6,694,-4.7,-8.96,84,28.31,23.21,70,227.71,224.63,DELAY_LATE_AIRCRAFT|DELAY_CARRIER|DELAY_NAS
BTR,7,606,-2.91,-8.03,112,34.57,30.38,100,156.0,157.76,DELAY_LATE_AIRCRAFT|DELAY_CARRIER|CANC_CARRIER
BTR,8,682,-5.32,-10.01,80,32.67,27.88,54,107.0,100.04,DELAY_LATE_AIRCRAFT|DELAY_CARRIER|DELAY_NAS
BTR,9,650,-4.0,-10.0,80,32.85,25.43,54,126.67,123.78,DELAY_LATE_AIRCRAFT|DELAY_NAS|DELAY_CARRIER
BTR,10,764,-5.09,-11.32,56,29.29,23.54,36,170.78,167.06,DELAY_CARRIER|DELAY_LATE_AIRCRAFT|DELAY_NAS
BTR,11,730,-3.92,-10.82,84,26.4,23.14,34,101.29,100.59,DELAY_CARRIER|DELAY_LATE_AIRCRAFT|DELAY_NAS
BTR,12,568,-2.11,-6.94,98,28.45,22.51,58,189.66,187.62,DELAY_LATE_AIRCRAFT|DELAY_NAS|DELAY_CARRIER
BTV,1,810,-4.55,-12.06,88,31.95,31.3,102,198.39,195.35,DELAY_LATE_AIRCRAFT|DELAY_NAS|DELAY_CARRIER
BTV,2,834,-4.81,-18.71,56,33.64,22.54,50,174.84,157.0,DELAY_NAS|DELAY_CARRIER|DELAY_LATE_AIRCRAFT
BTV,3,850,-5.59,-15.38,58,33.93,28.86,34,203.94,203.94,DELAY_NAS|DELAY_CARRIER|DELAY_LATE_AIRCRAFT
BTV,4,898,-6.66,-12.68,46,34.39,29.78,52,167.81,166.27,DELAY_NAS|DELAY_LATE_AIRCRAFT|DELAY_CARRIER
BTV,5,1074,-6.07,-12.56,82,32.34,29.22,84,172.52,176.17,DELAY_LATE_AIRCRAFT|DELAY_NAS|DELAY_CARRIER
BTV,6,1200,-5.31,-11.77,146,32.44,28.75,124,159.47,156.02,DELAY_LATE_AIRCRAFT|DELAY_CARRIER|DELAY_NAS
BTV,7,1158,-4.49,-7.42,164,30.85,28.23,172,220.52,223.26,DELAY_LATE_AIRCRAFT|DELAY_NAS|DELAY_CARRIER
BTV,8,1336,-4.12,-6.76,172,30.78,35.37,128,168.67,172.0,DELAY_NAS|DELAY_LATE_AIRCRAFT|DELAY_CARRIER
BTV,9,1570,-5.9,-9.5,98,31.53,27.27,72,151.19,145.67,DELAY_NAS|DELAY_LATE_AIRCRAFT|DELAY_CARRIER
BTV,10,1596,-5.56,-12.53,136,33.53,27.74,72,205.67,193.31,DELAY_LATE_AIRCRAFT|DELAY_NAS|DELAY_CARRIER
BTV,11,1156,-5.65,-15.35,62,38.13,31.87,66,158.39,147.09,DELAY_NAS|DELAY_CARRIER|DELAY_LATE_AIRCRAFT
BTV,12,1072,-3.75,-7.89,166,32.12,29.35,100,183.8,180.96,DELAY_NAS|DELAY_LATE_AIRCRAFT|DELAY_CARRIER
BUF,1,2096,-3.22,-7.33,332,31.45,33.4,276,175.04,181.19,CANC_WEATHER|DELAY_NAS|DELAY_LATE_AIRCRAFT
BUF,2,2678,-4.1,-14.78,304,27.44,18.01,130,201.46,194.02,DELAY_NAS|DELAY_LATE_AIRCRAFT|DELAY_CARRIER
BUF,3,3028,-3.95,-10.67,364,30.3,24.52,256,138.85,137.0,DELAY_LATE_AIRCRAFT|DELAY_NAS|DELAY_CARRIER
BUF,4,3018,-3.95,-10.9,346,31.62,26.69,172,159.26,155.88,DELAY_LATE_AIRCRAFT|DELAY_NAS|DELAY_CARRIER
BUF,5,2988,-3.79,-9.94,434,32.51,30.11,284,157.04,154.15,DELAY_LATE_AIRCRAFT|DELAY_NAS|DELAY_CARRIER
BUF,6,2936,-3.36,-8.68,490,31.96,30.0,334,163.46,160.44,DELAY_LATE_AIRCRAFT|DELAY_NAS|DELAY_CARRIER
BUF,7,2896,-2.71,-5.23,624,32.76,31.44,400,165.3,168.34,DELAY_LATE_AIRCRAFT|DELAY_NAS|DELAY_CARRIER
BUF,8,3002,-2.42,-6.71,620,31.09,28.06,332,147.1,148.29,DELAY_LATE_AIRCRAFT|DELAY_NAS|DELAY_CARRIER
BUF,9,3486,-4.49,-9.6,336,29.15,24.5,126,148.25,146.6,DELAY_LATE_AIRCRAFT|DELAY_NAS|DELAY_CARRIER
BUF,10,3554,-4.24,-12.27,346,29.79,20.69,124,131.48,121.85,DELAY_LATE_AIRCRAFT|DELAY_CARRIER|DELAY_NAS
BUF,11,3106,-3.8,-12.84,268,30.96,21.66,138,128.13,118.52,DELAY_LATE_AIRCRAFT|DELAY_NAS|DELAY_CARRIER
BUF,12,2622,-2.54,-7.24,508,31.13,29.78,310,153.23,155.08,DELAY_LATE_AIRCRAFT|DELAY_NAS|DELAY_CARRIER
BUR,1,3818,-3.49,-8.25,486,31.84,25.85,250,126.08,121.71,DELAY_LATE_AIRCRAFT|DELAY_NAS|DELAY_CARRIER
BUR,2,3290,-3.14,-9.99,484,31.78,24.65,246,154.0,148.41,DELAY_LATE_AIRCRAFT|DELAY_NAS|DELAY_CARRIER
BUR,3,3418,-2.56,-7.11,636,33.16,29.43,348,129.36,127.89,DELAY_NAS|DELAY_LATE_AIRCRAFT|DELAY_CARRIER
BUR,4,3644,-3.18,-8.95,520,31.62,26.08,278,122.9,124.25,DELAY_NAS|DELAY_LATE_AIRCRAFT|DELAY_CARRIER
BUR,5,3684,-2.76,-8.24,612,32.56,28.39,314,112.81,108.68,DELAY_LATE_AIRCRAFT|DELAY_NAS|DELAY_CARRIER
BUR,6,4070,-1.78,-7.66,878,31.14,24.31,344,133.28,127.61,DELAY_LATE_AIRCRAFT|DELAY_CARRIER|DELAY_NAS
BUR,7,4436,-2.77,-8.73,834,31.28,25.22,378,137.13,131.44,DELAY_LATE_AIRCRAFT|DELAY_NAS|DELAY_CARRIER
BUR,8,4538,-3.71,-8.32,594,32.27,27.68,276,138.39,134.67,DELAY_LATE_AIRCRAFT|DELAY_NAS|DELAY_CARRIER
BUR,9,4334,-3.81,-8.63,652,31.57,28.04,360,138.74,134.8,DELAY_LATE_AIRCRAFT|DELAY_NAS|DELAY_CARRIER
BUR,10,4762,-3.37,-8.14,666,30.97,27.29,304,142.81,139.99,DELAY_LATE_AIRCRAFT|DELAY_NAS|DELAY_CARRIER
BUR,11,4678,-3.6,-9.88,584,30.73,24.26,212,141.92,140.15,DELAY_LATE_AIRCRAFT|DELAY_NAS|DELAY_CARRIER
BUR,12,4362,-2.82,-9.61,764,30.08,23.24,352,120.47,114.01,DELAY_LATE_AIRCRAFT|DELAY_NAS|DELAY_CARRIER
BWI,1,9964,0.19,-6.58,3464,30.26,26.05,1094,123.56,128.17,DELAY_CARRIER|DELAY_LATE_AIRCRAFT|DELAY_NAS
BWI,2,11368,-0.93,-11.13,1964,28.25,18.33,410,125.26,115.11,DELAY_CARRIER|DELAY_LATE_AIRCRAFT|DELAY_NAS
BWI,3,11234,-0.1,-8.87,3530,30.68,24.07,1246,123.34,120.59,DELAY_LATE_AIRCRAFT|DELAY_CARRIER|DELAY_NAS
BWI,4,11948,-0.03,-6.09,3340,29.41,23.44,1036,124.8,120.55,DELAY_CARRIER|DELAY_LATE_AIRCRAFT|DELAY_NAS
BWI,5,11122,0.39,-4.92,4402,30.32,25.57,1618,121.99,118.8,DELAY_LATE_AIRCRAFT|DELAY_CARRIER|DELAY_NAS
BWI,6,11234,0.74,-5.72,4588,30.45,24.13,1518,125.74,120.06,DELAY_CARRIER|DELAY_LATE_AIRCRAFT|DELAY_NAS
BWI,7,9954,1.17,-3.6,5360,31.39,27.76,2468,130.29,126.34,DELAY_LATE_AIRCRAFT|DELAY_CARRIER|DELAY_NAS
BWI,8,11140,0.66,-5.62,4420,30.47,26.84,1820,136.53,135.28,DELAY_LATE_AIRCRAFT|DELAY_CARRIER|DELAY_NAS
BWI,9,13198,-0.52,-7.5,2686,28.4,20.55,552,127.45,121.07,DELAY_CARRIER|DELAY_LATE_AIRCRAFT|DELAY_NAS
BWI,10,13342,-0.22,-9.93,2766,28.26,16.87,434,122.26,110.35,DELAY_CARRIER|DELAY_LATE_AIRCRAFT|DELAY_NAS
BWI,11,13006,-1.13,-11.01,2054,28.13,18.16,498,120.84,109.86,DELAY_CARRIER|DELAY_LATE_AIRCRAFT|DELAY_NAS
BWI,12,11490,0.13,-9.45,3288,29.55,19.65,946,117.27,108.81,DELAY_CARRIER|DELAY_LATE_AIRCRAFT|DELAY_NAS
BZN,1,1280,-5.24,-9.66,194,32.09,30.93,156,276.94,277.23,DELAY_LATE_AIRCRAFT|DELAY_NAS|DELAY_CARRIER
BZN,2,1348,-5.48,-6.47,110,34.93,38.4,130,182.97,195.23,DELAY_NAS|DELAY_LATE_AIRCRAFT|DELAY_CARRIER
BZN,3,1462,-4.47,-7.79,184,31.78,25.23,98,130.63,128.65,DELAY_NAS|DELAY_LATE_AIRCRAFT|DELAY_CARRIER
BZN,4,1126,-5.45,-8.21,98,33.12,28.02,52,110.23,107.46,DELAY_LATE_AIRCRAFT|DELAY_NAS|DELAY_CARRIER
BZN,5,1182,-4.51,-8.66,142,30.0,26.37,104,186.96,187.12,DELAY_NAS|DELAY_LATE_AIRCRAFT|DELAY_CARRIER
BZN,6,1650,-3.6,-9.33,266,31.57,25.46,144,121.83,114.94,DELAY_LATE_AIRCRAFT|DELAY_NAS|DELAY_CARRIER
BZN,7,1736,-3.63,-7.68,338,32.92,32.47,198,159.47,158.44,DELAY_LATE_AIRCRAFT|DELAY_NAS|DELAY_CARRIER
BZN,8,1724,-3.02,-7.35,302,32.99,29.77,156,166.58,163.13,DELAY_LATE_AIRCRAFT|DELAY_NAS|DELAY_CARRIER
BZN,9,1578,-3.53,-8.69,164,30.07,25.83,58,109.9,104.86,DELAY_LATE_AIRCRAFT|DELAY_NAS|DELAY_CARRIER
BZN,10,1294,-5.09,-11.96,122,28.84,22.11,40,152.2,143.7,DELAY_LATE_AIRCRAFT|DELAY_NAS|DELAY_CARRIER
BZN,11,1000,-5.44,-9.96,104,31.56,26.21,60,178.9,186.73,DELAY_NAS|DELAY_CARRIER|DELAY_LATE_AIRCRAFT
BZN,12,1320,-4.55,-13.25,164,32.39,23.33,92,233.61,226.11,DELAY_LATE_AIRCRAFT|DELAY_CARRIER|DELAY_NAS
CAE,1,772,-5.12,-10.75,80,33.7,29.43,84,157.93,153.6,DELAY_LATE_AIRCRAFT|DELAY_NAS|CANC_WEATHER
CAE,2,868,-5.56,-11.51,58,32.17,24.62,32,163.69,157.12,DELAY_LATE_AIRCRAFT|DELAY_CARRIER|DELAY_NAS
CAE,3,884,-4.9,-10.99,102,31.45,23.84,56,167.36,157.5,DELAY_LATE_AIRCRAFT|DELAY_CARRIER|DELAY_NAS
CAE,4,952,-4.84,-7.72,88,31.64,34.18,44,127.41,125.73,DELAY_LATE_AIRCRAFT|DELAY_NAS|DELAY_CARRIER
CAE,5,934,-4.85,-7.7,124,32.89,30.48,100,141.4,145.76,DELAY_LATE_AIRCRAFT|DELAY_NAS|DELAY_CARRIER
CAE,6,934,-4.51,-10.09,102,34.59,31.02,60,192.6,193.17,DELAY_LATE_AIRCRAFT|DELAY_CARRIER|DELAY_NAS
CAE,7,834,-4.76,-7.71,106,32.25,31.64,142,210.51,213.62,DELAY_LATE_AIRCRAFT|DELAY_CARRIER|DELAY_NAS
CAE,8,974,-4.99,-7.77,100,32.98,32.68,70,156.83,157.2,DELAY_LATE_AIRCRAFT|DELAY_NAS|DELAY_CARRIER
CAE,9,994,-5.22,-6.87,94,35.02,30.6,92,160.61,160.5,DELAY_LATE_AIRCRAFT|DELAY_CARRIER|DELAY_NAS
CAE,10,1166,-5.57,-8.83,110,31.15,24.02,36,131.67,123.39,DELAY_LATE_AIRCRAFT|DELAY_NAS|DELAY_CARRIER
CAE,11,1044,-4.44,-7.18,114,27.91,22.46,54,175.04,172.52,DELAY_NAS|DELAY_LATE_AIRCRAFT|DELAY_CARRIER
CAE,12,998,-3.5,-6.62,126,35.59,30.38,60,165.57,158.43,DELAY_NAS|DELAY_LATE_AIRCRAFT|DELAY_CARRIER
CAK,1,408,-6.73,-11.75,42,33.38,28.48,64,148.34,143.62,DELAY_LATE_AIRCRAFT|DELAY_CARRIER|DELAY_NAS
CAK,2,440,-7.74,-15.65,32,32.06,19.75,26,139.54,126.54,DELAY_CARRIER|DELAY_LATE_AIRCRAFT|DELAY_NAS
CAK,3,472,-7.77,-11.53,42,38.1,26.95,24,144.08,142.5,DELAY_NAS|DELAY_LATE_AIRCRAFT|DELAY_CARRIER
CAK,4,484,-6.55,-7.48,40,32.55,32.0,46,185.13,179.35,DELAY_LATE_AIRCRAFT|DELAY_CARRIER|DELAY_NAS
CAK,5,480,-7.44,-8.2,44,37.77,41.36,76,138.63,142.66,DELAY_LATE_AIRCRAFT|DELAY_CARRIER|DELAY_NAS
CAK,6,490,-5.07,-8.45,72,32.83,30.03,82,148.61,144.0,DELAY_LATE_AIRCRAFT|DELAY_CARRIER|DELAY_NAS
CAK,7,454,-6.34,-6.3,80,34.17,32.45,120,154.18,156.08,DELAY_LATE_AIRCRAFT|DELAY_CARRIER|DELAY_NAS
CAK,8,474,-7.17,-6.03,44,33.05,30.5,80,185.62,180.47,DELAY_LATE_AIRCRAFT|DELAY_NAS|DELAY_CARRIER
CAK,9,436,-7.12,-10.27,42,30.05,25.33,68,163.74,159.32,DELAY_LATE_AIRCRAFT|DELAY_CARRIER|DELAY_NAS
CAK,10,484,-7.62,-12.04,30,27.13,19.0,34,123.0,116.88,DELAY_CARRIER|DELAY_LATE_AIRCRAFT|DELAY_NAS
CAK,11,472,-6.25,-11.19,24,33.42,23.08,46,160.7,154.61,DELAY_CARRIER|DELAY_LATE_AIRCRAFT|DELAY_NAS
CAK,12,442,-5.09,-12.24,74,32.86,26.62,80,186.32,176.65,DELAY_LATE_AIRCRAFT|DELAY_CARRIER|DELAY_NAS
CDC,1,90,-7.29,-14.29,6,25.67,18.67,8,154.25,151.0,DELAY_WEATHER|DELAY_CARRIER|DELAY_NAS
CDC,2,96,-6.73,-17.94,4,38.5,18.0,0,,,DELAY_CARRIER
CDC,3,88,-7.68,-11.3,2,36.0,33.0,6,83.33,75.0,CANC_WEATHER|DELAY_CARRIER|DELAY_WEATHER
CDC,4,90,-6.53,-10.0,4,48.5,40.5,8,138.5,126.75,DELAY_CARRIER|DELAY_SECURITY
CDC,5,94,-6.17,-9.13,8,42.5,33.75,4,475.5,462.5,DELAY_CARRIER|DELAY_WEATHER
CDC,6,86,-7.07,-13.49,6,28.67,32.33,12,225.17,219.0,DELAY_CARRIER|DELAY_WEATHER
CDC,7,86,-8.33,-14.09,6,26.33,18.33,12,175.67,172.0,DELAY_CARRIER|DELAY_WEATHER
CDC,8,104,-8.88,-14.83,2,30.0,18.0,2,92.0,87.0,DELAY_CARRIER|DELAY_WEATHER
CDC,9,100,-10.62,-12.28,2,59.0,44.0,4,110.5,101.0,DELAY_CARRIER
CDC,10,96,-10.67,-14.27,2,17.0,5.0,6,132.0,136.67,DELAY_CARRIER|DELAY_WEATHER
CDC,11,94,-10.11,-13.47,6,37.0,29.33,6,106.33,109.0,DELAY_CARRIER
CDC,12,96,-10.6,-21.44,6,29.0,19.67,6,124.33,110.67,DELAY_CARRIER|DELAY_WEATHER
CDV,1,84,-13.38,-12.57,18,31.0,40.78,10,85.6,90.4,DELAY_LATE_AIRCRAFT|DELAY_NAS|CANC_WEATHER
CDV,2,94,-16.6,-16.11,12,28.17,25.83,2,213.0,206.0,DELAY_LATE_AIRCRAFT|CANC_CARRIER
CDV,3,102,-14.02,-14.98,14,36.14,34.57,8,95.75,94.0,DELAY_LATE_AIRCRAFT
CDV,4,102,-15.57,-17.88,8,37.75,31.75,4,178.0,173.5,DELAY_LATE_AIRCRAFT|CANC_CARRIER|CANC_WEATHER
CDV,5,108,-12.06,-11.69,8,33.25,36.75,4,100.0,92.0,DELAY_LATE_AIRCRAFT|CANC_CARRIER|DELAY_CARRIER
CDV,6,108,-6.63,-5.56,8,34.75,45.5,4,73.0,62.0,DELAY_LATE_AIRCRAFT|DELAY_NAS|DELAY_SECURITY
CDV,7,98,-6.31,-4.76,22,31.82,33.27,2,228.0,233.0,DELAY_LATE_AIRCRAFT|DELAY_CARRIER|DELAY_SECURITY
CDV,8,84,-4.31,-5.1,32,31.06,31.69,4,133.0,133.5,DELAY_LATE_AIRCRAFT|DELAY_CARRIER|CANC_CARRIER
CDV,9,94,-4.28,-2.89,20,27.9,21.5,6,104.67,101.0,DELAY_LATE_AIRCRAFT|DELAY_NAS|DELAY_CARRIER
CDV,10,106,-11.32,-10.4,14,22.43,21.86,2,118.0,109.0,DELAY_LATE_AIRCRAFT|CANC_WEATHER|DELAY_NAS
CDV,11,104,-13.19,-14.94,6,34.67,41.33,2,73.0,84.0,DELAY_LATE_AIRCRAFT|CANC_CARRIER|CANC_WEATHER
CDV,12,92,-9.89,-10.5,18,31.33,32.33,4,116.0,126.0,DELAY_LATE_AIRCRAFT|DELAY_SECURITY|CANC_CARRIER
CHA,1,662,-3.28,-6.38,136,32.07,28.32,94,144.02,142.17,DELAY_LATE_AIRCRAFT|DELAY_NAS|CANC_WEATHER
CHA,2,882,-4.94,-9.79,72,31.47,23.61,36,132.22,123.78,DELAY_CARRIER|DELAY_LATE_AIRCRAFT|DELAY_NAS
CHA,3,948,-4.43,-11.0,106,31.98,25.66,86,173.88,168.51,DELAY_LATE_AIRCRAFT|DELAY_CARRIER|DELAY_NAS
CHA,4,938,-3.81,-4.97,144,29.89,26.89,82,166.88,162.05,DELAY_LATE_AIRCRAFT|DELAY_CARRIER|DELAY_NAS
CHA,5,828,-3.53,-6.94,198,29.85,26.84,122,166.57,167.66,DELAY_LATE_AIRCRAFT|DELAY_CARRIER|DELAY_NAS
CHA,6,872,-3.18,-9.6,134,30.51,26.06,80,111.42,106.95,DELAY_LATE_AIRCRAFT|DELAY_CARRIER|DELAY_NAS
CHA,7,730,-2.62,-7.1,164,36.32,35.38,126,208.52,202.59,DELAY_LATE_AIRCRAFT|DELAY_CARRIER|DELAY_NAS
CHA,8,886,-4.4,-8.57,128,32.5,28.08,66,186.55,185.45,DELAY_LATE_AIRCRAFT|DELAY_CARRIER|DELAY_NAS
CHA,9,998,-4.9,-10.56,96,32.46,28.52,72,205.25,201.81,DELAY_LATE_AIRCRAFT|DELAY_CARRIER|DELAY_NAS
CHA,10,1108,-3.83,-11.05,106,31.53,25.23,36,179.11,169.5,DELAY_CARRIER|DELAY_LATE_AIRCRAFT|DELAY_NAS
CHA,11,1222,-5.12,-11.02,104,28.63,20.98,64,201.09,201.53,DELAY_NAS|DELAY_LATE_AIRCRAFT|DELAY_CARRIER
CHA,12,926,-2.97,-9.43,154,30.08,25.66,114,139.11,136.75,DELAY_LATE_AIRCRAFT|DELAY_NAS|DELAY_CARRIER
CHO,1,360,-6.11,-8.79,30,33.27,35.33,46,126.96,125.3,DELAY_NAS|CANC_WEATHER|DELAY_CARRIER
CHO,2,430,-5.67,-8.92,18,30.56,22.89,16,219.38,217.5,DELAY_NAS|DELAY_CARRIER|DELAY_LATE_AIRCRAFT
CHO,3,456,-5.57,-14.95,24,33.67,32.42,26,125.0,120.23,DELAY_NAS|DELAY_CARRIER|DELAY_LATE_AIRCRAFT
CHO,4,464,-5.56,-10.55,46,37.3,33.87,32,222.94,218.12,DELAY_NAS|DELAY_LATE_AIRCRAFT|DELAY_CARRIER
CHO,5,458,-3.6,-8.89,40,29.0,26.9,54,182.85,179.85,DELAY_NAS|DELAY_LATE_AIRCRAFT|DELAY_CARRIER
CHO,6,424,-3.99,-10.19,36,37.22,31.56,24,227.17,223.42,DELAY_NAS|DELAY_CARRIER|DELAY_LATE_AIRCRAFT
CHO,7,370,-4.29,-9.22,58,32.86,32.72,62,178.58,174.81,DELAY_NAS|DELAY_LATE_AIRCRAFT|DELAY_CARRIER
CHO,8,386,-4.63,-8.14,50,34.88,41.8,50,145.8,140.32,DELAY_NAS|DELAY_LATE_AIRCRAFT|CANC_NAS
CHO,9,446,-5.22,-9.61,32,33.62,33.0,24,226.33,219.08,DELAY_CARRIER|DELAY_NAS|DELAY_LATE_AIRCRAFT
CHO,10,650,-4.49,-7.74,44,32.32,32.32,24,116.92,114.17,DELAY_NAS|DELAY_CARRIER|DELAY_LATE_AIRCRAFT
CHO,11,532,-4.85,-9.88,20,27.1,24.3,22,183.91,180.73,DELAY_NAS|DELAY_CARRIER|DELAY_LATE_AIRCRAFT
CHO,12,388,-3.49,-8.85,64,28.31,26.12,50,170.28,170.12,DELAY_NAS|DELAY_CARRIER|DELAY_LATE_AIRCRAFT
CHS,1,2738,-4.42,-11.05,360,33.99,29.39,304,176.82,176.18,DELAY_LATE_AIRCRAFT|DELAY_NAS|DELAY_CARRIER
CHS,2,2956,-4.74,-10.21,284,30.93,24.14,154,177.4,171.43,DELAY_LATE_AIRCRAFT|DELAY_NAS|DELAY_CARRIER
CHS,3,3336,-3.9,-9.56,466,30.43,22.85,268,164.22,160.49,DELAY_LATE_AIRCRAFT|DELAY_NAS|DELAY_CARRIER
CHS,4,3640,-3.85,-8.3,460,31.09,26.1,278,155.43,152.86,DELAY_LATE_AIRCRAFT|DELAY_NAS|DELAY_CARRIER
CHS,5,3724,-3.35,-7.3,590,31.09,29.44,420,162.5,164.23,DELAY_LATE_AIRCRAFT|DELAY_NAS|DELAY_CARRIER
CHS,6,3708,-3.31,-8.03,626,31.17,28.42,334,175.86,175.5,DELAY_LATE_AIRCRAFT|DELAY_NAS|DELAY_CARRIER
CHS,7,3468,-3.17,-6.96,698,32.5,32.81,582,161.56,162.99,DELAY_LATE_AIRCRAFT|DELAY_NAS|DELAY_CARRIER
CHS,8,3386,-4.18,-8.98,602,30.75,26.88,396,148.97,147.47,DELAY_LATE_AIRCRAFT|DELAY_NAS|DELAY_CARRIER
CHS,9,3770,-4.86,-9.86,416,30.47,27.41,184,179.95,177.36,DELAY_LATE_AIRCRAFT|DELAY_NAS|DELAY_CARRIER
CHS,10,4042,-4.21,-10.24,336,28.58,19.77,120,171.02,165.0,DELAY_LATE_AIRCRAFT|DELAY_NAS|DELAY_CARRIER
CHS,11,3464,-4.44,-8.53,302,30.06,25.4,142,149.14,146.63,DELAY_LATE_AIRCRAFT|DELAY_NAS|DELAY_CARRIER
CHS,12,3118,-3.26,-7.54,472,32.31,26.69,272,139.87,135.27,DELAY_LATE_AIRCRAFT|DELAY_NAS|DELAY_CARRIER
CID,1,698,-3.0,-7.9,156,32.22,25.49,192,245.08,243.91,DELAY_LATE_AIRCRAFT|CANC_WEATHER|DELAY_CARRIER
CID,2,980,-5.41,-15.98,96,30.62,22.0,42,185.48,170.43,DELAY_LATE_AIRCRAFT|DELAY_CARRIER|DELAY_NAS
CID,3,1100,-5.45,-15.28,98,31.2,24.43,74,180.97,175.89,DELAY_LATE_AIRCRAFT|DELAY_NAS|DELAY_CARRIER
CID,4,1050,-5.0,-9.47,108,31.31,32.04,72,177.56,181.75,DELAY_NAS|DELAY_LATE_AIRCRAFT|DELAY_CARRIER
CID,5,980,-4.1,-6.41,146,29.75,28.62,184,170.25,173.88,DELAY_NAS|DELAY_LATE_AIRCRAFT|DELAY_CARRIER
CID,6,1066,-3.9,-4.3,154,34.03,31.95,126,231.24,230.25,DELAY_LATE_AIRCRAFT|DELAY_CARRIER|DELAY_NAS
CID,7,1088,-3.72,-4.16,192,32.51,34.44,138,216.22,215.93,DELAY_CARRIER|DELAY_LATE_AIRCRAFT|DELAY_NAS
CID,8,1258,-4.31,-4.63,174,31.83,36.77,114,179.33,178.25,DELAY_CARRIER|DELAY_NAS|DELAY_LATE_AIRCRAFT
CID,9,1302,-5.06,-9.57,110,30.62,24.0,56,177.07,174.0,DELAY_CARRIER|DELAY_NAS|DELAY_LATE_AIRCRAFT
CID,10,1318,-4.89,-9.35,94,29.94,24.77,86,132.7,122.81,DELAY_CARRIER|DELAY_LATE_AIRCRAFT|DELAY_NAS
CID,11,1174,-4.52,-7.43,90,31.47,30.02,68,189.68,186.62,DELAY_CARRIER|DELAY_NAS|DELAY_LATE_AIRCRAFT
CID,12,944,-2.61,-9.97,204,29.9,20.88,118,219.47,214.32,DELAY_LATE_AIRCRAFT|DELAY_CARRIER|CANC_WEATHER
CIU,1,78,-4.64,-10.08,4,31.5,14.5,26,249.46,250.08,DELAY_CARRIER|CANC_WEATHER|DELAY_WEATHER
CIU,2,86,-4.91,-12.12,10,31.0,20.2,18,299.0,278.78,DELAY_CARRIER|CANC_WEATHER|DELAY_NAS
CIU,3,108,-4.15,-14.74,2,21.0,19.0,14,229.43,214.0,DELAY_CARRIER|DELAY_WEATHER|DELAY_NAS
CIU,4,102,-5.94,-12.76,4,15.5,1.0,14,161.43,145.86,DELAY_CARRIER
CIU,5,108,-5.31,-14.3,6,31.67,22.67,10,202.6,197.6,DELAY_CARRIER|DELAY_WEATHER
CIU,6,92,-5.54,-10.43,14,28.14,27.14,14,256.29,260.86,DELAY_CARRIER|DELAY_WEATHER
CIU,7,102,-3.57,-5.1,8,35.25,30.5,14,167.71,159.57,DELAY_CARRIER|DELAY_WEATHER
CIU,8,112,-4.62,-3.75,10,29.2,29.8,2,113.0,119.0,DELAY_CARRIER|DELAY_NAS|DELAY_WEATHER
CIU,9,104,-4.62,-11.9,0,,,16,113.0,110.25,DELAY_CARRIER|DELAY_WEATHER
CIU,10,102,-4.94,-10.31,8,42.0,33.75,14,204.86,196.57,DELAY_CARRIER|DELAY_WEATHER
CIU,11,106,-6.34,-11.49,8,31.25,32.25,4,125.0,121.0,DELAY_CARRIER|DELAY_NAS|DELAY_WEATHER
CIU,12,56,-2.39,-1.82,24,29.75,25.5,34,181.59,176.76,DELAY_CARRIER|CANC_WEATHER|DELAY_NAS
CKB,1,26,-5.85,-5.77,2,36.0,31.0,2,1220.0,1235.0,DELAY_LATE_AIRCRAFT|DELAY_NAS
CKB,2,18,-3.56,-11.22,6,29.33,25.33,2,202.0,200.0,DELAY_LATE_AIRCRAFT|DELAY_CARRIER
CKB,3,28,-1.43,-9.0,4,20.5,4.5,4,110.5,105.0,DELAY_NAS|DELAY_LATE_AIRCRAFT
CKB,4,26,-2.15,-10.15,2,37.0,23.0,6,103.67,117.33,DELAY_CARRIER|DELAY_LATE_AIRCRAFT|DELAY_NAS
CKB,5,22,3.73,2.18,10,33.0,33.6,6,105.67,113.67,DELAY_LATE_AIRCRAFT|DELAY_NAS|DELAY_CARRIER
CKB,6,42,-5.76,-5.81,16,43.0,45.0,4,120.5,117.0,DELAY_LATE_AIRCRAFT|DELAY_CARRIER|DELAY_NAS
CKB,7,36,-4.72,-9.06,18,31.11,36.0,12,280.67,284.0,DELAY_LATE_AIRCRAFT|DELAY_NAS|CANC_CARRIER
CKB,8,22,-0.64,1.55,12,31.83,31.17,6,549.33,560.33,DELAY_LATE_AIRCRAFT|DELAY_NAS|DELAY_CARRIER
CKB,9,12,-2.67,3.83,6,21.33,24.67,0,,,DELAY_CARRIER|DELAY_NAS|DELAY_WEATHER
CKB,10,8,1.75,-2.25,4,25.0,12.5,4,72.0,76.0,DELAY_LATE_AIRCRAFT|CANC_WEATHER|DELAY_CARRIER
CKB,11,14,5.0,-2.43,2,17.0,12.0,2,78.0,79.0,DELAY_CARRIER|DELAY_NAS
CKB,12,8,0.25,-6.0,6,20.33,16.67,6,113.33,111.33,DELAY_LATE_AIRCRAFT|CANC_NAS|DELAY_CARRIER
CLE,1,4546,-4.01,-10.09,776,31.58,27.98,546,174.95,171.82,DELAY_LATE_AIRCRAFT|DELAY_NAS|DELAY_CARRIER
CLE,2,5190,-4.82,-14.74,498,30.63,19.28,204,131.73,122.57,DELAY_LATE_AIRCRAFT|DELAY_NAS|DELAY_CARRIER
CLE,3,5514,-4.06,-11.51,752,32.49,24.52,496,143.85,139.24,DELAY_LATE_AIRCRAFT|DELAY_NAS|DELAY_CARRIER
CLE,4,5556,-4.0,-11.1,676,32.02,24.29,376,167.72,162.43,DELAY_LATE_AIRCRAFT|DELAY_NAS|DELAY_CARRIER
CLE,5,5824,-3.41,-8.32,808,32.26,28.66,574,148.99,147.53,DELAY_LATE_AIRCRAFT|DELAY_NAS|DELAY_CARRIER
CLE,6,5656,-2.82,-8.5,980,31.42,26.47,656,156.29,150.52,DELAY_LATE_AIRCRAFT|DELAY_CARRIER|DELAY_NAS
CLE,7,5484,-3.22,-8.02,1030,31.77,27.61,788,162.09,158.33,DELAY_LATE_AIRCRAFT|DELAY_NAS|DELAY_CARRIER
CLE,8,5616,-3.56,-8.86,866,31.07,26.89,468,168.68,168.91,DELAY_LATE_AIRCRAFT|DELAY_NAS|DELAY_CARRIER
CLE,9,6234,-4.52,-10.54,498,31.36,27.4,200,166.27,162.28,DELAY_LATE_AIRCRAFT|DELAY_NAS|DELAY_CARRIER
CLE,10,6394,-4.86,-12.2,458,30.48,22.82,234,143.07,134.56,DELAY_LATE_AIRCRAFT|DELAY_NAS|DELAY_CARRIER
CLE,11,5602,-4.82,-12.1,490,30.79,21.96,278,139.77,133.8,DELAY_NAS|DELAY_LATE_AIRCRAFT|DELAY_CARRIER
CLE,12,5092,-2.76,-8.93,860,31.07,25.05,442,124.78,122.18,DELAY_NAS|DELAY_LATE_AIRCRAFT|DELAY_CARRIER
CLL,1,142,-5.66,-8.45,14,27.71,32.57,20,178.8,183.1,DELAY_WEATHER|CANC_WEATHER|DELAY_CARRIER
CLL,2,164,-6.66,-8.21,6,21.0,30.33,4,174.0,163.0,DELAY_NAS|DELAY_CARRIER
CLL,3,170,-6.88,-15.26,6,41.0,34.33,6,147.67,161.67,DELAY_LATE_AIRCRAFT|CANC_WEATHER|DELAY_CARRIER
CLL,4,142,-5.2,-10.76,6,24.67,26.0,22,179.73,189.82,DELAY_LATE_AIRCRAFT|DELAY_NAS|DELAY_WEATHER
CLL,5,130,-5.25,-6.88,14,31.43,31.14,28,262.43,264.07,DELAY_LATE_AIRCRAFT|DELAY_CARRIER|CANC_WEATHER
CLL,6,140,-5.49,-10.77,22,33.27,32.82,14,146.14,148.0,DELAY_LATE_AIRCRAFT|DELAY_NAS|CANC_WEATHER
CLL,7,118,-4.27,-7.68,38,29.21,22.68,22,119.36,116.45,DELAY_LATE_AIRCRAFT|DELAY_NAS|CANC_WEATHER
CLL,8,152,-7.08,-8.97,22,31.64,26.45,12,222.83,218.5,DELAY_LATE_AIRCRAFT|DELAY_NAS|DELAY_CARRIER
CLL,9,152,-6.09,-9.68,20,26.3,20.6,12,135.33,127.5,DELAY_LATE_AIRCRAFT|DELAY_NAS|DELAY_WEATHER
CLL,10,206,-7.04,-12.3,10,36.4,35.6,18,187.89,183.0,DELAY_CARRIER|DELAY_NAS|DELAY_LATE_AIRCRAFT
CLL,11,142,-6.96,-11.85,20,31.1,21.7,14,156.71,148.29,DELAY_LATE_AIRCRAFT|DELAY_CARRIER|DELAY_WEATHER
CLL,12,132,-7.48,-10.95,18,35.78,28.89,26,137.85,134.69,DELAY_CARRIER|DELAY_LATE_AIRCRAFT|DELAY_WEATHER
CLT,1,23534,-1.94,-6.79,5246,32.29,27.94,3294,136.16,132.78,DELAY_LATE_AIRCRAFT|DELAY_CARRIER|DELAY_NAS
CLT,2,26250,-2.45,-7.43,3766,30.87,25.97,1416,125.76,120.13,DELAY_LATE_AIRCRAFT|DELAY_CARRIER|DELAY_NAS
CLT,3,26252,-1.61,-6.4,5560,31.1,26.53,2796,136.55,132.14,DELAY_LATE_AIRCRAFT|DELAY_CARRIER|DELAY_NAS
CLT,4,27426,-1.66,-4.7,5676,31.49,28.8,2962,133.22,130.54,DELAY_LATE_AIRCRAFT|DELAY_CARRIER|DELAY_NAS
CLT,5,24168,-0.9,-1.74,7974,32.68,33.66,5600,143.17,143.49,DELAY_LATE_AIRCRAFT|DELAY_CARRIER|DELAY_NAS
CLT,6,25318,-1.17,-6.58,6858,32.53,27.94,4488,146.04,141.31,DELAY_LATE_AIRCRAFT|DELAY_CARRIER|DELAY_NAS
CLT,7,19904,-0.78,-5.07,8004,33.84,31.08,8656,154.34,151.14,DELAY_LATE_AIRCRAFT|DELAY_CARRIER|DELAY_NAS
CLT,8,25080,-1.44,-6.4,7104,32.12,28.67,4790,149.47,145.1,DELAY_LATE_AIRCRAFT|DELAY_CARRIER|DELAY_NAS
CLT,9,28460,-2.05,-7.42,5100,31.47,26.46,2960,141.35,135.55,DELAY_LATE_AIRCRAFT|DELAY_CARRIER|DELAY_NAS
CLT,10,31854,-1.85,-8.94,5344,29.87,22.79,1916,146.98,138.86,DELAY_LATE_AIRCRAFT|DELAY_CARRIER|DELAY_NAS
CLT,11,30166,-2.59,-7.68,3526,30.6,26.35,1284,122.42,117.55,DELAY_CARRIER|DELAY_LATE_AIRCRAFT|DELAY_NAS
CLT,12,26732,-1.5,-6.19,5798,31.7,26.79,2930,132.65,127.11,DELAY_LATE_AIRCRAFT|DELAY_CARRIER|DELAY_NAS
CMH,1,5106,-3.37,-9.37,698,31.15,26.3,342,154.78,154.37,DELAY_NAS|DELAY_LATE_AIRCRAFT|DELAY_CARRIER
CMH,2,5218,-3.71,-11.54,612,30.19,24.08,216,132.0,126.94,DELAY_NAS|DELAY_LATE_AIRCRAFT|DELAY_CARRIER
CMH,3,5686,-3.07,-10.52,794,31.89,23.78,388,151.41,149.36,DELAY_LATE_AIRCRAFT|DELAY_NAS|DELAY_CARRIER
CMH,4,5724,-3.22,-9.28,598,30.73,23.73,350,136.75,133.85,DELAY_LATE_AIRCRAFT|DELAY_NAS|DELAY_CARRIER
CMH,5,5640,-2.57,-7.93,854,32.16,28.79,564,131.59,133.9,DELAY_LATE_AIRCRAFT|DELAY_NAS|DELAY_CARRIER
CMH,6,5838,-2.59,-9.04,806,30.67,24.54,486,145.4,142.66,DELAY_LATE_AIRCRAFT|DELAY_NAS|DELAY_CARRIER
CMH,7,5702,-3.25,-8.27,966,31.41,27.72,694,157.0,154.57,DELAY_LATE_AIRCRAFT|DELAY_CARRIER|DELAY_NAS
CMH,8,5900,-3.18,-8.92,804,31.18,27.44,532,169.73,168.31,DELAY_LATE_AIRCRAFT|DELAY_NAS|DELAY_CARRIER
CMH,9,6280,-4.16,-9.3,530,30.42,25.59,268,186.86,183.61,DELAY_NAS|DELAY_LATE_AIRCRAFT|DELAY_CARRIER
CMH,10,6870,-4.28,-11.6,536,29.53,20.66,196,180.83,173.17,DELAY_LATE_AIRCRAFT|DELAY_NAS|DELAY_CARRIER
CMH,11,6386,-3.93,-11.41,542,29.89,22.61,266,125.85,124.62,DELAY_NAS|DELAY_LATE_AIRCRAFT|DELAY_CARRIER
CMH,12,5710,-2.05,-10.2,948,31.13,24.31,362,153.71,147.83,DELAY_LATE_AIRCRAFT|DELAY_CARRIER|DELAY_NAS
CMI,1,156,-4.01,-11.58,34,30.29,28.88,24,179.08,173.58,CANC_WEATHER|DELAY_LATE_AIRCRAFT|DELAY_NAS
CMI,2,206,-4.48,-13.08,22,35.55,34.0,4,141.0,139.5,DELAY_LATE_AIRCRAFT|DELAY_NAS|DELAY_CARRIER
CMI,3,204,-3.81,-12.31,24,30.0,34.25,20,264.8,250.0,DELAY_LATE_AIRCRAFT|DELAY_NAS|DELAY_CARRIER
CMI,4,198,-3.49,-9.94,24,29.58,18.58,16,314.38,316.25,DELAY_CARRIER|DELAY_LATE_AIRCRAFT|DELAY_NAS
CMI,5,162,-3.7,-5.78,38,32.89,28.58,42,171.38,176.24,DELAY_LATE_AIRCRAFT|DELAY_CARRIER|DELAY_NAS
CMI,6,174,-4.01,-14.59,30,31.67,28.6,28,200.07,191.21,DELAY_LATE_AIRCRAFT|DELAY_CARRIER|DELAY_NAS
CMI,7,188,-4.8,-11.74,42,34.81,33.24,10,128.4,124.2,DELAY_LATE_AIRCRAFT|DELAY_CARRIER|DELAY_NAS
CMI,8,208,-4.13,-13.85,26,28.85,17.69,18,123.22,114.89,DELAY_LATE_AIRCRAFT|DELAY_CARRIER|DELAY_NAS
CMI,9,192,-3.99,-9.43,16,32.0,17.38,26,229.15,223.62,DELAY_LATE_AIRCRAFT|DELAY_NAS|DELAY_CARRIER
CMI,10,224,-5.15,-15.99,10,33.2,31.8,2,244.0,254.0,DELAY_CARRIER|DELAY_NAS|DELAY_LATE_AIRCRAFT
CMI,11,158,-5.24,-16.78,12,34.67,28.33,8,194.25,205.5,DELAY_LATE_AIRCRAFT|DELAY_CARRIER|DELAY_NAS
CMI,12,142,-3.59,-9.87,18,41.44,33.0,14,143.29,133.57,DELAY_CARRIER|DELAY_LATE_AIRCRAFT|DELAY_NAS
CMX,1,74,-6.41,-11.84,4,24.5,33.0,18,112.78,97.22,CANC_WEATHER|DELAY_CARRIER|DELAY_LATE_AIRCRAFT
CMX,2,98,-9.02,-13.88,6,42.0,29.67,6,82.0,79.33,DELAY_CARRIER|CANC_WEATHER|DELAY_NAS
CMX,3,102,-8.25,-13.35,10,38.4,28.6,8,254.75,247.0,DELAY_CARRIER|DELAY_NAS|DELAY_LATE_AIRCRAFT
CMX,4,80,-9.0,-11.6,10,40.8,29.6,24,111.08,104.08,DELAY_LATE_AIRCRAFT|DELAY_CARRIER|DELAY_WEATHER
CMX,5,74,-6.59,-8.78,20,30.5,26.4,22,221.64,217.91,DELAY_LATE_AIRCRAFT|DELAY_CARRIER|CANC_WEATHER
CMX,6,96,-7.69,-10.15,10,44.8,33.4,12,121.5,121.5,DELAY_LATE_AIRCRAFT|DELAY_CARRIER|CANC_NAS
CMX,7,108,-8.13,-6.09,4,56.0,45.5,12,177.67,178.17,DELAY_CARRIER|DELAY_LATE_AIRCRAFT|DELAY_WEATHER
CMX,8,76,-7.16,-6.16,26,38.46,35.62,22,98.91,98.09,DELAY_CARRIER|DELAY_LATE_AIRCRAFT|DELAY_NAS
CMX,9,88,-7.3,-3.95,24,30.83,30.08,8,188.0,176.5,DELAY_CARRIER|DELAY_LATE_AIRCRAFT
CMX,10,106,-6.11,-1.45,14,35.29,28.71,4,156.0,141.0,DELAY_CARRIER|DELAY_LATE_AIRCRAFT|DELAY_NAS
CMX,11,90,-8.82,-10.44,12,34.0,37.0,14,353.43,348.14,DELAY_CARRIER|DELAY_WEATHER|CANC_WEATHER
CMX,12,78,-5.82,1.79,18,35.22,38.22,20,217.5,209.5,DELAY_CARRIER|DELAY_NAS|DELAY_WEATHER
CNY,1,52,-10.42,-14.62,2,47.0,35.0,4,161.5,145.5,CANC_WEATHER|DELAY_LATE_AIRCRAFT|DELAY_CARRIER
COD,5,40,-2.5,-6.05,10,30.4,23.2,6,98.0,93.67,DELAY_LATE_AIRCRAFT|DELAY_NAS|DELAY_WEATHER
COD,6,138,-4.65,-8.0,28,32.64,36.14,22,156.73,147.82,DELAY_CARRIER|DELAY_LATE_AIRCRAFT|DELAY_NAS
COD,7,186,-5.25,-14.54,32,31.94,23.31,24,188.42,182.83,DELAY_LATE_AIRCRAFT|DELAY_CARRIER|DELAY_WEATHER
COD,8,156,-5.42,-10.44,34,28.94,22.94,36,162.56,158.22,DELAY_CARRIER|DELAY_NAS|DELAY_LATE_AIRCRAFT
COD,9,124,-4.35,-15.56,32,31.62,23.0,20,171.9,160.1,DELAY_CARRIER|DELAY_LATE_AIRCRAFT|DELAY_NAS
COD,10,108,-4.37,-15.8,14,32.43,30.0,2,83.0,91.0,DELAY_CARRIER|DELAY_WEATHER|DELAY_NAS
COD,11,88,-5.34,-12.23,8,41.5,29.25,16,167.62,168.12,DELAY_CARRIER|DELAY_LATE_AIRCRAFT|CANC_WEATHER
COD,12,114,-6.42,-18.28,8,25.5,11.5,2,96.0,78.0,DELAY_CARRIER|DELAY_NAS|DELAY_LATE_AIRCRAFT
COS,1,1542,-3.42,-6.6,212,31.06,24.68,126,174.92,170.98,DELAY_LATE_AIRCRAFT|DELAY_NAS|DELAY_CARRIER
COS,2,1436,-3.56,-8.86,152,35.88,35.72,94,188.0,191.04,DELAY_NAS|DELAY_LATE_AIRCRAFT|DELAY_CARRIER
COS,3,1610,-3.35,-8.43,192,30.57,30.77,90,125.29,120.82,DELAY_LATE_AIRCRAFT|DELAY_NAS|DELAY_CARRIER
COS,4,1634,-3.74,-9.24,192,32.03,29.56,102,132.73,131.88,DELAY_LATE_AIRCRAFT|DELAY_CARRIER|DELAY_NAS
COS,5,1610,-2.83,-9.38,276,32.23,28.78,206,155.52,154.25,DELAY_LATE_AIRCRAFT|DELAY_NAS|DELAY_CARRIER
COS,6,1862,-3.34,-7.84,290,30.89,26.76,152,146.88,146.5,DELAY_LATE_AIRCRAFT|DELAY_CARRIER|DELAY_NAS
COS,7,1866,-2.98,-8.34,358,30.44,26.5,182,158.02,156.58,DELAY_LATE_AIRCRAFT|DELAY_CARRIER|DELAY_NAS
COS,8,1788,-3.96,-9.77,244,32.31,26.96,212,150.78,142.14,DELAY_LATE_AIRCRAFT|DELAY_CARRIER|DELAY_NAS
COS,9,1830,-4.32,-10.65,224,32.13,23.18,100,186.68,181.32,DELAY_CARRIER|DELAY_LATE_AIRCRAFT|DELAY_NAS
COS,10,1996,-4.13,-10.87,174,31.32,23.13,112,142.59,133.98,DELAY_CARRIER|DELAY_LATE_AIRCRAFT|DELAY_NAS
COS,11,1762,-3.82,-8.27,156,33.55,32.22,106,131.02,131.13,DELAY_CARRIER|DELAY_NAS|DELAY_LATE_AIRCRAFT
COS,12,1748,-4.36,-13.09,236,30.21,22.36,102,157.76,156.76,DELAY_LATE_AIRCRAFT|DELAY_CARRIER|DELAY_NAS
COU,1,164,-3.34,-9.05,24,29.5,31.92,34,151.18,149.94,CANC_WEATHER|DELAY_NAS|DELAY_LATE_AIRCRAFT
COU,2,226,-4.43,-10.61,24,22.42,13.5,8,106.25,102.5,DELAY_NAS|DELAY_LATE_AIRCRAFT|DELAY_CARRIER
COU,3,244,-4.37,-8.39,30,31.07,26.53,18,98.22,106.56,DELAY_CARRIER|DELAY_LATE_AIRCRAFT|DELAY_NAS
COU,4,206,-4.15,-4.31,22,38.36,38.36,12,102.17,115.5,DELAY_WEATHER|DELAY_LATE_AIRCRAFT|DELAY_NAS
COU,5,204,-2.8,0.7,42,30.0,42.81,38,138.84,144.53,DELAY_LATE_AIRCRAFT|DELAY_NAS|DELAY_WEATHER
COU,6,212,-3.7,-9.75,62,29.77,23.39,54,102.41,97.7,DELAY_LATE_AIRCRAFT|DELAY_CARRIER|DELAY_WEATHER
COU,7,256,-3.22,-2.88,60,33.47,29.97,46,120.17,121.04,DELAY_LATE_AIRCRAFT|DELAY_NAS|DELAY_CARRIER
COU,8,298,-5.52,-8.4,46,28.39,21.61,12,250.5,246.0,DELAY_LATE_AIRCRAFT|DELAY_NAS|DELAY_CARRIER
COU,9,218,-3.94,-7.63,34,31.88,22.88,12,156.83,152.67,DELAY_LATE_AIRCRAFT|DELAY_NAS|DELAY_CARRIER
COU,10,290,-4.68,-12.11,32,29.25,20.69,14,397.57,386.14,DELAY_CARRIER|DELAY_NAS|DELAY_LATE_AIRCRAFT
COU,11,202,-2.46,-6.49,46,29.04,36.0,16,218.88,213.38,DELAY_NAS|DELAY_LATE_AIRCRAFT|DELAY_CARRIER
COU,12,180,-1.12,-5.23,52,30.92,34.04,42,229.71,229.0,DELAY_CARRIER|DELAY_LATE_AIRCRAFT|DELAY_NAS
CPR,1,120,-5.05,-10.63,4,23.0,7.0,4,146.5,131.5,DELAY_CARRIER|DELAY_LATE_AIRCRAFT|DELAY_NAS
CPR,2,58,-4.0,-19.59,0,,,0,,,N/D
CPR,3,56,-3.18,-13.96,6,27.0,17.67,0,,,DELAY_CARRIER
CPR,4,60,-2.83,-16.2,0,,,0,,,N/D
CPR,5,180,-5.36,-16.57,12,26.0,11.17,12,224.0,206.5,DELAY_CARRIER|DELAY_WEATHER|DELAY_NAS
CPR,6,308,-3.97,-12.11,76,28.95,18.45,34,159.06,152.47,DELAY_CARRIER|DELAY_LATE_AIRCRAFT|DELAY_NAS
CPR,7,428,-5.71,-15.1,34,36.47,22.65,26,157.31,145.23,DELAY_CARRIER|DELAY_LATE_AIRCRAFT|DELAY_NAS
CPR,8,372,-4.17,-12.47,50,29.72,17.0,42,142.81,137.33,DELAY_CARRIER|DELAY_LATE_AIRCRAFT|DELAY_NAS
CPR,9,378,-6.17,-15.38,22,28.64,21.09,20,128.7,112.5,DELAY_CARRIER|DELAY_LATE_AIRCRAFT|DELAY_NAS
CPR,10,378,-5.86,-14.86,38,35.95,30.37,14,250.43,253.43,DELAY_CARRIER|DELAY_NAS|DELAY_LATE_AIRCRAFT
CPR,11,352,-5.71,-12.49,26,37.08,35.77,26,134.38,132.85,DELAY_CARRIER|DELAY_LATE_AIRCRAFT|CANC_WEATHER
CPR,12,344,-6.1,-14.45,22,31.0,13.18,10,182.0,180.0,DELAY_CARRIER|DELAY_NAS|DELAY_LATE_AIRCRAFT
CRP,1,500,-5.24,-8.55,54,29.0,32.41,66,141.3,151.06,DELAY_LATE_AIRCRAFT|DELAY_NAS|DELAY_WEATHER
CRP,2,572,-6.4,-8.03,46,31.57,28.3,8,128.75,119.25,DELAY_CARRIER|DELAY_LATE_AIRCRAFT|DELAY_NAS
CRP,3,568,-5.7,-9.98,64,33.0,27.78,28,156.43,160.93,DELAY_LATE_AIRCRAFT|DELAY_CARRIER|DELAY_NAS
CRP,4,536,-4.51,-8.85,44,33.18,33.05,44,141.14,148.05,DELAY_LATE_AIRCRAFT|DELAY_NAS|CANC_NAS
CRP,5,434,-3.14,-3.23,96,33.73,33.15,94,152.6,159.55,DELAY_LATE_AIRCRAFT|DELAY_NAS|DELAY_CARRIER
CRP,6,462,-3.85,-5.91,100,32.88,29.54,54,154.37,158.11,DELAY_LATE_AIRCRAFT|DELAY_NAS|DELAY_CARRIER
CRP,7,556,-3.49,-4.83,92,31.35,30.17,62,125.65,134.42,DELAY_LATE_AIRCRAFT|DELAY_NAS|DELAY_CARRIER
CRP,8,586,-4.79,-6.07,30,34.07,30.33,20,157.9,156.2,DELAY_LATE_AIRCRAFT|DELAY_NAS|DELAY_CARRIER
CRP,9,556,-5.17,-7.05,38,28.05,24.05,14,210.71,210.43,DELAY_NAS|DELAY_LATE_AIRCRAFT|DELAY_CARRIER
CRP,10,592,-4.98,-9.35,42,30.19,23.62,14,96.29,89.71,DELAY_LATE_AIRCRAFT|DELAY_NAS|DELAY_CARRIER
CRP,11,578,-4.81,-9.4,52,32.92,28.42,22,170.0,170.82,DELAY_CARRIER|DELAY_LATE_AIRCRAFT|CANC_WEATHER
CRP,12,468,-3.39,-7.84,56,33.32,29.04,54,185.44,191.74,DELAY_LATE_AIRCRAFT|DELAY_CARRIER|DELAY_NAS
CRW,1,328,-4.19,-5.83,68,30.38,28.88,92,218.91,223.28,DELAY_CARRIER|DELAY_NAS|DELAY_LATE_AIRCRAFT
CRW,2,420,-5.24,-10.71,40,23.6,18.05,44,223.82,212.27,DELAY_CARRIER|DELAY_LATE_AIRCRAFT|DELAY_NAS
CRW,3,468,-5.41,-13.0,46,28.17,23.35,32,188.06,180.0,DELAY_LATE_AIRCRAFT|DELAY_NAS|DELAY_CARRIER
CRW,4,426,-4.49,-7.99,70,32.43,25.09,34,159.53,151.88,DELAY_CARRIER|DELAY_LATE_AIRCRAFT|DELAY_NAS
CRW,5,446,-4.5,-10.37,86,35.26,32.07,62,209.16,211.13,DELAY_CARRIER|DELAY_LATE_AIRCRAFT|DELAY_NAS
CRW,6,466,-4.73,-11.38,42,32.9,27.05,70,207.51,199.26,DELAY_CARRIER|DELAY_LATE_AIRCRAFT|DELAY_WEATHER
CRW,7,372,-4.51,-9.74,82,34.27,34.78,112,185.39,180.96,DELAY_CARRIER|DELAY_LATE_AIRCRAFT|DELAY_NAS
CRW,8,410,-4.64,-7.21,90,31.33,26.8,66,134.67,132.06,DELAY_CARRIER|DELAY_LATE_AIRCRAFT|DELAY_NAS
CRW,9,476,-6.65,-13.45,50,32.16,28.4,76,182.76,181.05,DELAY_CARRIER|DELAY_LATE_AIRCRAFT|DELAY_WEATHER
CRW,10,568,-6.44,-9.08,52,30.5,23.31,36,145.89,133.0,DELAY_NAS|DELAY_CARRIER|DELAY_LATE_AIRCRAFT
CRW,11,494,-5.87,-11.4,80,31.35,23.52,28,187.0,180.79,DELAY_CARRIER|DELAY_LATE_AIRCRAFT|DELAY_NAS
CRW,12,402,-4.43,-12.88,62,28.97,21.58,74,131.46,124.3,DELAY_CARRIER|DELAY_LATE_AIRCRAFT|DELAY_NAS
CSG,1,118,-2.36,-3.27,14,37.43,36.43,28,211.5,211.29,DELAY_CARRIER|DELAY_NAS|DELAY_WEATHER
CSG,2,134,-3.24,-6.45,8,31.75,26.25,14,184.57,177.0,DELAY_CARRIER|DELAY_WEATHER|DELAY_NAS
CSG,3,158,-3.56,-9.35,12,25.33,21.0,6,103.33,99.33,DELAY_CARRIER|DELAY_NAS|DELAY_LATE_AIRCRAFT
CSG,4,152,-3.96,-12.49,8,34.75,30.75,12,157.17,156.33,DELAY_CARRIER
CSG,5,130,-3.09,-11.28,20,38.4,31.4,24,136.92,135.83,DELAY_CARRIER|DELAY_WEATHER|DELAY_LATE_AIRCRAFT
CSG,6,138,-4.07,-8.33,18,30.56,24.89,12,113.83,111.33,DELAY_CARRIER|DELAY_LATE_AIRCRAFT|DELAY_NAS
CSG,7,118,-3.75,-7.15,14,32.43,32.0,26,138.77,135.69,DELAY_LATE_AIRCRAFT|CANC_CARRIER|DELAY_NAS
CSG,8,134,-5.63,-12.0,16,35.0,29.62,10,130.8,133.6,DELAY_LATE_AIRCRAFT|CANC_CARRIER|DELAY_CARRIER
CSG,9,138,-4.61,-11.72,8,25.0,23.0,8,135.25,126.75,DELAY_LATE_AIRCRAFT|CANC_WEATHER|DELAY_CARRIER
CSG,10,154,-4.84,-12.55,8,26.25,14.5,6,141.0,131.0,DELAY_CARRIER|DELAY_LATE_AIRCRAFT
CSG,11,142,-5.46,-10.07,10,42.0,41.4,8,489.0,498.75,DELAY_LATE_AIRCRAFT|CANC_WEATHER|DELAY_CARRIER
CSG,12,136,-3.76,-11.44,8,32.0,26.75,8,106.0,109.0,DELAY_LATE_AIRCRAFT|CANC_CARRIER|CANC_NAS
CVG,1,5004,-3.98,-9.69,608,32.34,27.69,446,160.04,165.29,DELAY_NAS|DELAY_LATE_AIRCRAFT|DELAY_CARRIER
CVG,2,5312,-4.47,-12.52,450,28.9,21.65,208,132.47,128.47,DELAY_NAS|DELAY_LATE_AIRCRAFT|DELAY_CARRIER
CVG,3,6012,-4.12,-10.92,650,32.07,27.18,392,145.05,142.53,DELAY_LATE_AIRCRAFT|DELAY_NAS|DELAY_CARRIER
CVG,4,6024,-3.86,-10.31,704,32.09,25.66,392,159.9,157.03,DELAY_LATE_AIRCRAFT|DELAY_NAS|DELAY_CARRIER
CVG,5,5778,-3.03,-7.81,924,31.47,27.81,596,152.84,152.48,DELAY_LATE_AIRCRAFT|DELAY_NAS|DELAY_CARRIER
CVG,6,5688,-3.04,-7.81,878,32.75,28.59,568,165.73,163.79,DELAY_LATE_AIRCRAFT|DELAY_NAS|DELAY_CARRIER
CVG,7,5316,-3.28,-7.07,1004,32.69,30.56,872,170.1,168.34,DELAY_LATE_AIRCRAFT|DELAY_CARRIER|DELAY_NAS
CVG,8,5522,-4.04,-8.6,810,32.58,31.74,612,143.12,142.88,DELAY_LATE_AIRCRAFT|DELAY_CARRIER|DELAY_NAS
CVG,9,5748,-4.11,-8.3,560,32.43,28.41,302,151.97,150.74,DELAY_NAS|DELAY_LATE_AIRCRAFT|DELAY_CARRIER
CVG,10,6354,-4.36,-10.33,464,30.18,25.2,250,143.53,138.36,DELAY_CARRIER|DELAY_LATE_AIRCRAFT|DELAY_NAS
CVG,11,5654,-4.65,-10.68,462,30.65,26.87,292,140.38,140.35,DELAY_NAS|DELAY_CARRIER|DELAY_LATE_AIRCRAFT
CVG,12,5084,-2.72,-8.64,824,31.3,25.51,426,174.08,169.45,DELAY_NAS|DELAY_LATE_AIRCRAFT|DELAY_CARRIER
CWA,1,108,-5.52,-15.63,0,,,12,175.67,160.83,DELAY_LATE_AIRCRAFT|CANC_WEATHER|DELAY_CARRIER
CWA,2,108,-6.85,-21.02,6,44.0,41.33,2,157.0,181.0,DELAY_CARRIER|DELAY_LATE_AIRCRAFT|DELAY_WEATHER
CWA,3,116,-5.53,-17.6,0,,,6,211.33,203.0,DELAY_CARRIER|CANC_WEATHER|DELAY_LATE_AIRCRAFT
CWA,4,116,-7.02,-17.12,4,36.0,17.5,0,,,DELAY_CARRIER|DELAY_NAS
CWA,5,118,-5.44,-11.17,4,37.0,41.0,2,91.0,109.0,DELAY_NAS|DELAY_WEATHER|DELAY_LATE_AIRCRAFT
CWA,6,96,-4.85,2.35,10,26.0,35.0,14,118.14,123.29,DELAY_LATE_AIRCRAFT|DELAY_NAS|DELAY_WEATHER
CWA,7,110,-4.27,-0.98,6,40.33,39.0,6,127.0,116.67,DELAY_CARRIER|DELAY_NAS|DELAY_LATE_AIRCRAFT
CWA,8,102,-5.55,-1.73,14,27.29,20.0,6,162.67,153.0,DELAY_NAS|DELAY_LATE_AIRCRAFT|DELAY_CARRIER
CWA,9,116,-5.19,-11.17,2,17.0,12.0,2,201.0,186.0,DELAY_NAS|DELAY_LATE_AIRCRAFT
CWA,10,110,-7.09,-18.67,12,28.17,17.17,2,91.0,70.0,DELAY_CARRIER|DELAY_LATE_AIRCRAFT|DELAY_NAS
CWA,11,112,-6.93,-16.32,4,33.5,19.5,2,155.0,126.0,DELAY_CARRIER|DELAY_NAS
CWA,12,94,-6.23,-18.04,14,28.29,30.29,14,166.86,150.86,DELAY_LATE_AIRCRAFT|DELAY_CARRIER|DELAY_NAS
CYS,1,92,-6.78,-28.28,10,30.2,5.0,4,170.0,149.5,CANC_WEATHER|DELAY_CARRIER|DELAY_LATE_AIRCRAFT
CYS,2,90,-6.18,-24.89,4,32.5,31.5,10,158.2,165.2,CANC_WEATHER|DELAY_LATE_AIRCRAFT|DELAY_WEATHER
CYS,3,104,-6.92,-16.6,0,,,4,292.5,287.0,CANC_WEATHER|DELAY_CARRIER|DELAY_NAS
CYS,4,96,-6.1,-8.21,8,30.25,32.5,6,341.0,359.67,DELAY_WEATHER|DELAY_LATE_AIRCRAFT|CANC_WEATHER
CYS,5,102,-6.37,-11.41,6,32.33,27.0,8,180.75,172.75,DELAY_CARRIER|DELAY_NAS|DELAY_WEATHER
CYS,6,96,-5.52,-21.33,6,25.67,23.0,6,512.0,501.0,DELAY_CARRIER|CANC_WEATHER|DELAY_LATE_AIRCRAFT
CYS,7,104,-6.58,-19.38,2,27.0,9.0,10,168.2,155.8,DELAY_CARRIER|DELAY_LATE_AIRCRAFT|DELAY_WEATHER
CYS,8,100,-6.42,-16.92,2,30.0,15.0,10,187.0,186.6,DELAY_LATE_AIRCRAFT|CANC_WEATHER|DELAY_CARRIER
CYS,9,98,-6.9,-14.27,4,27.0,31.5,10,166.2,159.4,DELAY_LATE_AIRCRAFT|DELAY_CARRIER
CYS,10,106,-7.36,-15.92,2,37.0,48.0,8,135.25,128.25,DELAY_CARRIER|DELAY_LATE_AIRCRAFT|DELAY_WEATHER
CYS,11,98,-6.18,-11.18,6,38.33,36.67,2,140.0,130.0,DELAY_CARRIER|CANC_WEATHER|DELAY_LATE_AIRCRAFT
CYS,12,112,-7.34,-13.64,2,26.0,7.0,2,284.0,281.0,DELAY_LATE_AIRCRAFT|DELAY_NAS
DAB,1,340,-3.38,-11.92,26,32.15,23.69,30,213.6,204.4,DELAY_LATE_AIRCRAFT|DELAY_CARRIER|DELAY_NAS
DAB,2,398,-5.03,-11.36,42,31.05,21.9,18,167.0,157.56,DELAY_CARRIER|DELAY_LATE_AIRCRAFT|DELAY_NAS
DAB,3,436,-4.25,-7.98,50,36.48,27.08,28,131.5,134.71,DELAY_LATE_AIRCRAFT|DELAY_CARRIER|DELAY_NAS
DAB,4,436,-5.33,-9.79,26,31.0,26.15,26,296.23,287.23,DELAY_LATE_AIRCRAFT|DELAY_CARRIER|DELAY_NAS
DAB,5,402,-3.8,-7.69,76,29.63,28.71,62,126.39,124.97,DELAY_LATE_AIRCRAFT|DELAY_CARRIER|DELAY_NAS
DAB,6,430,-5.1,-13.2,36,34.22,29.0,24,135.33,126.75,DELAY_LATE_AIRCRAFT|DELAY_CARRIER|DELAY_WEATHER
DAB,7,338,-5.53,-9.65,66,36.06,36.82,58,193.97,198.28,DELAY_LATE_AIRCRAFT|DELAY_NAS|CANC_CARRIER
DAB,8,396,-5.36,-12.53,34,37.88,29.47,34,147.18,144.88,DELAY_LATE_AIRCRAFT|CANC_WEATHER|DELAY_WEATHER
DAB,9,378,-6.27,-13.47,42,31.9,25.76,28,145.07,133.5,DELAY_LATE_AIRCRAFT|DELAY_CARRIER|DELAY_WEATHER
DAB,10,416,-7.85,-14.33,12,31.0,18.83,12,128.0,111.83,CANC_WEATHER|DELAY_LATE_AIRCRAFT|DELAY_NAS
DAB,11,408,-7.06,-13.99,22,30.09,22.18,8,134.0,131.5,DELAY_LATE_AIRCRAFT|DELAY_NAS|DELAY_CARRIER
DAB,12,410,-5.58,-12.48,52,33.96,26.88,30,161.27,154.47,DELAY_LATE_AIRCRAFT|DELAY_CARRIER|DELAY_NAS
DAL,1,8490,0.09,-7.39,2462,30.71,24.41,672,113.16,110.42,DELAY_LATE_AIRCRAFT|DELAY_CARRIER|DELAY_NAS
DAL,2,9168,-0.64,-6.89,1550,28.87,22.57,300,103.15,96.84,DELAY_LATE_AIRCRAFT|DELAY_CARRIER|DELAY_NAS
DAL,3,9170,-0.16,-7.63,2438,30.2,24.96,826,110.72,106.4,DELAY_LATE_AIRCRAFT|DELAY_CARRIER|DELAY_NAS
DAL,4,8834,0.18,-7.07,2204,30.3,25.01,990,136.74,133.63,DELAY_LATE_AIRCRAFT|DELAY_CARRIER|DELAY_NAS
DAL,5,7416,1.22,-3.63,2932,31.73,28.46,1618,137.2,135.59,DELAY_LATE_AIRCRAFT|DELAY_CARRIER|DELAY_NAS
DAL,6,8508,0.86,-4.11,2844,30.57,25.37,1130,119.33,115.36,DELAY_LATE_AIRCRAFT|DELAY_CARRIER|DELAY_NAS
DAL,7,8448,0.73,-5.42,3142,30.31,24.92,1148,111.86,107.93,DELAY_LATE_AIRCRAFT|DELAY_CARRIER|DELAY_NAS
DAL,8,9178,-0.78,-7.08,1926,30.73,24.68,582,109.11,105.22,DELAY_LATE_AIRCRAFT|DELAY_CARRIER|DELAY_NAS
DAL,9,9210,-0.86,-5.44,1590,29.66,24.58,358,96.06,89.79,DELAY_LATE_AIRCRAFT|DELAY_CARRIER|DELAY_NAS
DAL,10,10204,-0.77,-6.13,1670,27.94,23.12,316,99.42,93.21,DELAY_LATE_AIRCRAFT|DELAY_CARRIER|DELAY_NAS
DAL,11,9568,-0.89,-7.26,1806,29.28,24.87,442,134.86,130.73,DELAY_LATE_AIRCRAFT|DELAY_CARRIER|DELAY_NAS
DAL,12,8818,0.06,-6.65,2236,30.52,25.38,1286,150.68,148.13,DELAY_LATE_AIRCRAFT|DELAY_CARRIER|DELAY_NAS
DAY,1,928,-5.91,-9.63,76,35.95,35.37,122,143.18,142.21,DELAY_LATE_AIRCRAFT|DELAY_NAS|DELAY_CARRIER
DAY,2,968,-6.2,-12.81,70,28.71,27.4,64,158.91,155.12,DELAY_CARRIER|DELAY_LATE_AIRCRAFT|DELAY_NAS
DAY,3,1186,-6.68,-13.47,54,29.89,30.33,66,148.24,146.76,DELAY_LATE_AIRCRAFT|DELAY_NAS|DELAY_CARRIER
DAY,4,1198,-6.28,-9.86,80,34.12,30.77,86,162.65,158.21,DELAY_LATE_AIRCRAFT|DELAY_NAS|DELAY_CARRIER
DAY,5,1136,-5.47,-10.13,108,33.89,36.48,146,160.82,160.07,DELAY_LATE_AIRCRAFT|DELAY_NAS|DELAY_CARRIER
DAY,6,1022,-5.98,-13.9,132,31.3,26.08,80,204.18,199.28,DELAY_LATE_AIRCRAFT|DELAY_CARRIER|DELAY_NAS
DAY,7,970,-5.79,-11.55,118,32.59,30.46,140,165.86,163.33,DELAY_LATE_AIRCRAFT|DELAY_NAS|DELAY_CARRIER
DAY,8,1048,-6.25,-12.8,100,32.9,27.28,108,154.74,149.56,DELAY_LATE_AIRCRAFT|DELAY_CARRIER|DELAY_NAS
DAY,9,1168,-7.41,-12.69,94,30.0,27.19,64,164.81,160.47,DELAY_LATE_AIRCRAFT|DELAY_CARRIER|DELAY_NAS
DAY,10,1252,-7.24,-15.73,50,33.44,23.4,48,179.29,169.17,DELAY_CARRIER|DELAY_LATE_AIRCRAFT|DELAY_NAS
DAY,11,1110,-6.29,-12.83,66,28.48,21.55,44,172.95,164.59,DELAY_LATE_AIRCRAFT|DELAY_CARRIER|DELAY_NAS
DAY,12,918,-4.67,-11.8,132,33.27,24.48,106,150.83,143.57,DELAY_LATE_AIRCRAFT|DELAY_CARRIER|DELAY_NAS
DCA,1,16768,-4.01,-11.53,2654,32.15,28.07,2200,146.21,153.24,DELAY_LATE_AIRCRAFT|DELAY_NAS|DELAY_CARRIER
DCA,2,19478,-4.51,-14.93,2056,30.71,20.04,942,143.59,133.96,DELAY_LATE_AIRCRAFT|DELAY_CARRIER|DELAY_NAS
DCA,3,19580,-3.72,-12.62,2752,30.58,22.47,1464,151.59,143.61,DELAY_LATE_AIRCRAFT|DELAY_NAS|DELAY_CARRIER
DCA,4,18642,-3.94,-10.0,2614,31.81,26.32,1630,147.38,143.71,DELAY_LATE_AIRCRAFT|DELAY_NAS|DELAY_CARRIER
DCA,5,17894,-3.21,-6.56,3494,32.08,30.69,2260,148.01,148.48,DELAY_LATE_AIRCRAFT|DELAY_NAS|DELAY_CARRIER
DCA,6,17632,-3.03,-9.74,2902,31.06,25.64,1930,153.32,147.84,DELAY_LATE_AIRCRAFT|DELAY_NAS|DELAY_CARRIER
DCA,7,16456,-2.77,-7.08,3518,32.3,29.49,3048,155.19,154.03,DELAY_LATE_AIRCRAFT|DELAY_NAS|DELAY_CARRIER
DCA,8,17184,-3.47,-8.01,3180,33.03,30.29,2420,157.83,154.72,DELAY_LATE_AIRCRAFT|DELAY_NAS|DELAY_CARRIER
DCA,9,19776,-4.55,-10.33,2058,30.62,26.0,1044,148.25,143.27,DELAY_LATE_AIRCRAFT|DELAY_NAS|DELAY_CARRIER
DCA,10,20892,-4.37,-12.97,2052,31.02,20.63,932,137.05,128.88,DELAY_LATE_AIRCRAFT|DELAY_CARRIER|DELAY_NAS
DCA,11,19956,-4.5,-12.94,2086,31.37,22.76,996,142.35,133.8,DELAY_LATE_AIRCRAFT|DELAY_CARRIER|DELAY_NAS
DCA,12,17000,-2.78,-10.66,3368,32.19,25.48,2076,136.22,130.9,DELAY_LATE_AIRCRAFT|DELAY_CARRIER|DELAY_NAS
DDC,1,76,-6.61,-7.0,2,27.0,39.0,8,331.25,333.25,CANC_WEATHER|DELAY_NAS|DELAY_LATE_AIRCRAFT
DDC,2,90,-8.6,-9.91,2,31.0,24.0,6,244.0,243.33,DELAY_CARRIER|DELAY_LATE_AIRCRAFT|CANC_WEATHER
DDC,3,90,-4.84,-6.44,6,22.33,18.33,4,165.0,153.0,DELAY_NAS|DELAY_LATE_AIRCRAFT|CANC_WEATHER
DDC,4,98,-6.29,-10.65,0,,,4,457.5,456.0,DELAY_CARRIER|DELAY_NAS
DDC,5,86,-6.37,-5.95,8,31.75,24.25,14,379.86,379.43,DELAY_LATE_AIRCRAFT|DELAY_NAS|DELAY_CARRIER
DDC,6,78,-5.49,-5.46,18,39.78,52.67,4,616.0,605.5,DELAY_LATE_AIRCRAFT|DELAY_NAS|DELAY_CARRIER
DDC,7,86,-6.72,-7.58,6,22.0,23.33,6,96.0,83.0,DELAY_CARRIER|DELAY_LATE_AIRCRAFT|CANC_NAS
DDC,8,72,-6.36,-10.14,18,35.22,40.22,14,159.43,163.71,DELAY_LATE_AIRCRAFT|DELAY_CARRIER|DELAY_NAS
DDC,9,88,-9.14,-12.61,8,41.0,36.25,6,602.0,594.33,DELAY_CARRIER|DELAY_LATE_AIRCRAFT|CANC_WEATHER
DDC,10,82,-8.44,-13.07,8,31.0,19.75,16,314.75,309.5,DELAY_CARRIER|DELAY_LATE_AIRCRAFT|DELAY_NAS
DDC,11,84,-8.5,-10.5,6,31.67,30.0,10,366.2,359.2,DELAY_CARRIER|DELAY_LATE_AIRCRAFT|CANC_WEATHER
DDC,12,84,-8.9,-9.24,6,24.0,31.33,14,149.57,134.43,DELAY_LATE_AIRCRAFT|DELAY_CARRIER|DELAY_NAS
DEC,1,110,-9.35,-22.71,12,34.33,25.5,18,405.56,405.33,CANC_WEATHER|DELAY_LATE_AIRCRAFT|DELAY_CARRIER
DEC,2,138,-10.03,-21.51,6,27.0,8.67,14,284.57,283.43,DELAY_CARRIER|DELAY_LATE_AIRCRAFT|DELAY_WEATHER
DEC,3,144,-9.72,-18.78,8,27.0,18.75,16,331.62,327.12,DELAY_LATE_AIRCRAFT|DELAY_CARRIER|DELAY_WEATHER
DEC,4,134,-8.96,-12.91,14,40.71,37.86,14,119.29,123.14,DELAY_LATE_AIRCRAFT|DELAY_CARRIER
DEC,5,110,-8.44,-13.35,10,37.4,36.0,40,332.0,330.05,DELAY_LATE_AIRCRAFT|DELAY_CARRIER|CANC_WEATHER
DEC,6,78,-10.26,-10.21,4,39.0,37.0,20,184.0,182.0,DELAY_LATE_AIRCRAFT|DELAY_CARRIER|DELAY_WEATHER
DEC,7,80,-8.65,-9.8,10,40.0,44.8,16,233.75,232.62,DELAY_LATE_AIRCRAFT|DELAY_CARRIER|DELAY_NAS
DEC,8,76,-7.13,-5.39,12,36.67,47.67,16,196.0,205.25,DELAY_LATE_AIRCRAFT|DELAY_NAS|DELAY_CARRIER
DEC,9,86,-9.05,-9.37,8,29.75,31.5,10,212.6,213.2,DELAY_LATE_AIRCRAFT|DELAY_CARRIER
DEC,10,102,-9.14,-10.67,4,19.0,42.0,0,,,DELAY_NAS|DELAY_CARRIER|DELAY_LATE_AIRCRAFT
DEC,11,86,-7.0,-13.19,10,35.6,34.2,8,172.75,180.75,DELAY_LATE_AIRCRAFT|DELAY_CARRIER|DELAY_NAS
DEC,12,80,-7.12,-11.0,18,33.56,34.33,8,134.75,137.25,DELAY_LATE_AIRCRAFT|DELAY_CARRIER
DEN,1,32094,-1.07,-7.92,8788,31.08,25.01,3736,131.68,126.18,DELAY_CARRIER|DELAY_LATE_AIRCRAFT|DELAY_NAS
DEN,2,33044,-1.3,-6.37,6832,30.12,29.0,3120,135.6,141.09,DELAY_CARRIER|DELAY_NAS|DELAY_LATE_AIRCRAFT
DEN,3,37984,-1.31,-6.87,7844,30.91,25.42,2986,126.58,122.12,DELAY_LATE_AIRCRAFT|DELAY_CARRIER|DELAY_NAS
DEN,4,38070,-1.33,-7.03,7902,30.83,26.35,3032,127.19,123.14,DELAY_LATE_AIRCRAFT|DELAY_CARRIER|DELAY_NAS
DEN,5,36936,-1.07,-6.42,9706,31.78,26.12,5512,128.39,123.64,DELAY_LATE_AIRCRAFT|DELAY_CARRIER|DELAY_NAS
DEN,6,38306,-0.87,-4.98,10708,31.46,27.09,5552,126.08,120.86,DELAY_LATE_AIRCRAFT|DELAY_CARRIER|DELAY_NAS
DEN,7,39544,-1.07,-6.31,10292,32.12,26.56,5816,129.36,123.55,DELAY_LATE_AIRCRAFT|DELAY_CARRIER|DELAY_NAS
DEN,8,39852,-1.42,-5.47,9166,32.2,28.08,5064,131.91,127.31,DELAY_LATE_AIRCRAFT|DELAY_CARRIER|DELAY_NAS
DEN,9,43500,-2.5,-8.34,6148,30.24,23.12,2464,122.0,114.36,DELAY_LATE_AIRCRAFT|DELAY_CARRIER|DELAY_NAS
DEN,10,45926,-2.53,-8.82,5548,30.19,22.7,2082,123.54,115.65,DELAY_CARRIER|DELAY_LATE_AIRCRAFT|DELAY_NAS
DEN,11,40484,-2.07,-7.16,6430,30.85,32.04,2722,129.85,131.5,DELAY_NAS|DELAY_CARRIER|DELAY_LATE_AIRCRAFT
DEN,12,42082,-1.83,-9.85,6748,30.03,21.05,2626,132.73,125.15,DELAY_LATE_AIRCRAFT|DELAY_CARRIER|DELAY_NAS
DFW,1,32038,-1.85,-6.19,8180,32.12,29.45,5398,136.9,137.19,DELAY_LATE_AIRCRAFT|DELAY_CARRIER|DELAY_NAS
DFW,2,37486,-2.7,-7.82,5734,30.82,25.71,1992,125.95,120.44,DELAY_CARRIER|DELAY_LATE_AIRCRAFT|DELAY_NAS
DFW,3,35634,-2.02,-7.07,8994,32.67,28.16,5482,142.54,139.03,DELAY_LATE_AIRCRAFT|DELAY_CARRIER|DELAY_NAS
DFW,4,35542,-2.19,-6.18,7996,32.41,29.47,5066,141.68,139.65,DELAY_LATE_AIRCRAFT|DELAY_CARRIER|DELAY_NAS
DFW,5,30514,-0.94,-2.76,10760,33.19,31.97,9290,156.04,155.42,DELAY_LATE_AIRCRAFT|DELAY_CARRIER|DELAY_NAS
DFW,6,34608,-1.0,-6.58,11912,32.88,28.44,7670,138.53,135.2,DELAY_LATE_AIRCRAFT|DELAY_CARRIER|DELAY_NAS
DFW,7,35702,-1.02,-5.63,12446,32.97,29.25,8780,141.95,137.85,DELAY_LATE_AIRCRAFT|DELAY_CARRIER|DELAY_NAS
DFW,8,39924,-1.99,-8.44,9644,32.61,26.05,5478,144.94,137.57,DELAY_LATE_AIRCRAFT|DELAY_CARRIER|DELAY_NAS
DFW,9,41970,-2.52,-8.29,7320,31.42,25.65,2882,120.68,114.27,DELAY_LATE_AIRCRAFT|DELAY_CARRIER|DELAY_NAS
DFW,10,45602,-2.81,-9.83,6986,31.29,23.11,2868,130.9,123.08,DELAY_CARRIER|DELAY_LATE_AIRCRAFT|DELAY_NAS
DFW,11,39176,-2.75,-8.7,6848,31.7,27.32,3400,141.14,138.23,DELAY_LATE_AIRCRAFT|DELAY_CARRIER|DELAY_NAS
DFW,12,37030,-1.65,-7.61,8500,31.81,25.57,4892,164.96,161.78,DELAY_LATE_AIRCRAFT|DELAY_CARRIER|DELAY_NAS
DHN,1,104,-2.69,-5.1,10,34.4,26.4,10,344.0,335.6,DELAY_NAS|DELAY_LATE_AIRCRAFT|DELAY_CARRIER
DHN,2,106,-4.4,-13.75,6,34.67,21.0,4,139.0,118.0,DELAY_LATE_AIRCRAFT|DELAY_NAS
DHN,3,112,-3.45,-7.98,10,38.4,31.2,2,115.0,123.0,DELAY_NAS|DELAY_LATE_AIRCRAFT|DELAY_CARRIER
DHN,4,110,-4.78,-3.65,4,42.0,57.0,6,216.67,210.33,DELAY_CARRIER|DELAY_NAS|DELAY_WEATHER
DHN,5,96,-5.33,-3.5,18,32.44,28.56,10,110.0,113.0,DELAY_LATE_AIRCRAFT|DELAY_NAS|DELAY_CARRIER
DHN,6,106,-3.91,-4.89,2,18.0,4.0,12,169.5,156.83,DELAY_CARRIER|DELAY_WEATHER|DELAY_LATE_AIRCRAFT
DHN,7,96,-5.58,-8.58,12,37.0,30.0,12,326.33,324.17,DELAY_CARRIER|DELAY_NAS|CANC_NAS
DHN,8,112,-6.5,-16.05,6,37.33,25.33,2,198.0,190.0,DELAY_CARRIER|CANC_WEATHER
DHN,9,94,-6.34,-10.7,16,28.25,29.25,4,211.0,221.5,DELAY_LATE_AIRCRAFT|CANC_WEATHER|DELAY_CARRIER
DHN,10,106,-6.45,-11.6,10,44.2,38.0,8,195.25,184.5,DELAY_LATE_AIRCRAFT|DELAY_CARRIER|DELAY_NAS
DHN,11,140,-7.39,-10.49,8,27.25,25.25,8,177.75,173.5,DELAY_LATE_AIRCRAFT|DELAY_NAS|DELAY_WEATHER
DHN,12,136,-6.38,-11.66,10,28.0,16.0,8,210.75,190.0,DELAY_LATE_AIRCRAFT|DELAY_NAS|DELAY_CARRIER
DIK,1,82,-8.27,-25.8,8,28.25,16.75,8,304.5,284.0,CANC_WEATHER|DELAY_CARRIER|DELAY_LATE_AIRCRAFT
DIK,2,84,-9.71,-26.33,8,36.75,20.5,4,131.5,108.0,CANC_WEATHER|DELAY_CARRIER|DELAY_LATE_AIRCRAFT
DIK,3,98,-7.82,-25.67,0,,,6,352.67,342.67,CANC_WEATHER|DELAY_NAS|DELAY_WEATHER
DIK,4,102,-9.41,-22.73,4,28.0,13.0,6,322.33,303.33,DELAY_CARRIER|DELAY_LATE_AIRCRAFT
DIK,5,100,-9.26,-15.58,4,28.0,36.0,10,229.4,225.2,DELAY_NAS|DELAY_CARRIER|DELAY_WEATHER
DIK,6,98,-9.37,-19.57,8,43.0,45.0,4,642.5,639.5,DELAY_CARRIER|DELAY_LATE_AIRCRAFT|DELAY_NAS
DIK,7,108,-9.5,-19.28,2,41.0,27.0,6,285.0,271.0,DELAY_CARRIER|DELAY_LATE_AIRCRAFT
DIK,8,108,-10.28,-18.89,0,,,6,135.67,123.33,DELAY_NAS|DELAY_CARRIER|DELAY_LATE_AIRCRAFT
DIK,9,104,-9.46,-14.62,2,32.0,16.0,4,287.5,294.5,DELAY_CARRIER|DELAY_LATE_AIRCRAFT|DELAY_WEATHER
DIK,10,110,-8.24,-7.78,4,40.0,25.0,2,177.0,158.0,DELAY_CARRIER|DELAY_LATE_AIRCRAFT|DELAY_WEATHER
DIK,11,84,-6.93,-1.76,6,46.0,31.0,14,390.86,377.0,DELAY_CARRIER|CANC_WEATHER|DELAY_LATE_AIRCRAFT
DIK,12,96,-7.6,-12.38,4,36.0,23.0,14,214.86,204.14,DELAY_LATE_AIRCRAFT|DELAY_CARRIER|CANC_CARRIER
DLG,6,30,-8.47,-8.53,4,28.5,56.5,0,,,CANC_WEATHER|DELAY_LATE_AIRCRAFT|DELAY_NAS
DLG,7,52,-13.31,-9.12,2,31.0,25.0,8,168.75,175.75,DELAY_LATE_AIRCRAFT|DELAY_NAS|DELAY_SECURITY
DLG,8,58,-13.62,-14.24,0,,,2,228.0,218.0,CANC_WEATHER|DELAY_LATE_AIRCRAFT|DELAY_NAS
DLG,9,48,-13.29,-14.62,6,22.67,26.33,4,180.5,184.0,DELAY_LATE_AIRCRAFT|CANC_WEATHER
DLH,1,200,-3.47,-10.09,34,34.82,22.29,56,200.68,189.54,DELAY_CARRIER|DELAY_WEATHER|DELAY_LATE_AIRCRAFT
DLH,2,244,-5.2,-15.86,18,26.78,23.22,10,143.2,131.0,DELAY_CARRIER|DELAY_LATE_AIRCRAFT|DELAY_WEATHER
DLH,3,268,-5.04,-13.55,10,34.8,24.6,16,214.75,232.88,DELAY_CARRIER|DELAY_NAS|CANC_WEATHER
DLH,4,318,-7.0,-14.46,18,29.89,20.0,8,150.25,148.5,DELAY_CARRIER|DELAY_WEATHER|DELAY_NAS
DLH,5,282,-6.0,-12.16,22,26.09,20.0,42,150.48,151.76,DELAY_WEATHER|DELAY_CARRIER|DELAY_NAS
DLH,6,280,-3.72,-5.71,38,28.84,34.26,42,245.9,247.1,DELAY_CARRIER|DELAY_NAS|DELAY_LATE_AIRCRAFT
DLH,7,346,-4.08,-7.69,26,40.46,37.38,40,133.35,129.2,DELAY_LATE_AIRCRAFT|DELAY_CARRIER|DELAY_NAS
DLH,8,380,-3.34,-2.66,56,26.96,29.14,34,119.82,121.82,DELAY_LATE_AIRCRAFT|DELAY_NAS|DELAY_CARRIER
DLH,9,416,-5.52,-13.08,30,30.13,22.13,12,152.33,149.0,DELAY_LATE_AIRCRAFT|DELAY_CARRIER|DELAY_WEATHER
DLH,10,428,-5.87,-15.29,22,31.18,18.73,8,134.75,115.0,DELAY_CARRIER|DELAY_NAS|DELAY_LATE_AIRCRAFT
DLH,11,348,-5.08,-15.78,20,31.3,18.9,18,219.89,208.0,DELAY_CARRIER|DELAY_WEATHER|DELAY_LATE_AIRCRAFT
DLH,12,236,-4.28,-10.92,44,32.91,24.14,48,154.75,156.75,DELAY_CARRIER|DELAY_WEATHER|CANC_WEATHER
DRO,1,432,-6.28,-7.04,42,35.33,41.76,66,189.12,188.88,DELAY_CARRIER|DELAY_LATE_AIRCRAFT|DELAY_NAS
DRO,2,444,-5.36,-8.49,38,31.05,31.32,22,200.27,194.18,DELAY_CARRIER|DELAY_NAS|DELAY_WEATHER
DRO,3,486,-4.4,-7.65,50,30.08,29.32,14,147.43,153.43,DELAY_CARRIER|DELAY_NAS|DELAY_LATE_AIRCRAFT
DRO,4,412,-6.28,-6.79,32,32.19,31.62,36,204.56,197.28,DELAY_CARRIER|DELAY_NAS|DELAY_LATE_AIRCRAFT
DRO,5,454,-5.22,-7.67,52,29.65,23.81,46,162.57,161.91,DELAY_CARRIER|DELAY_NAS|DELAY_LATE_AIRCRAFT
DRO,6,570,-5.35,-10.13,76,31.92,24.82,62,175.77,164.32,DELAY_CARRIER|DELAY_LATE_AIRCRAFT|DELAY_WEATHER
DRO,7,600,-4.86,-10.8,90,30.6,28.36,52,174.54,169.19,DELAY_CARRIER|DELAY_LATE_AIRCRAFT|DELAY_NAS
DRO,8,596,-5.48,-10.27,62,34.84,28.84,60,204.97,198.83,DELAY_CARRIER|DELAY_NAS|DELAY_LATE_AIRCRAFT
DRO,9,614,-6.3,-13.16,48,34.79,23.83,38,104.16,92.89,DELAY_CARRIER|DELAY_LATE_AIRCRAFT|DELAY_NAS
DRO,10,610,-5.2,-12.96,52,28.58,19.31,50,205.76,198.12,DELAY_CARRIER|DELAY_LATE_AIRCRAFT|DELAY_NAS
DRO,11,516,-5.23,-13.13,58,37.31,31.55,84,178.1,178.48,DELAY_CARRIER|DELAY_LATE_AIRCRAFT|DELAY_WEATHER
DRO,12,598,-5.17,-14.15,54,35.7,22.63,48,123.75,123.54,DELAY_CARRIER|DELAY_LATE_AIRCRAFT|DELAY_WEATHER
DSM,1,1648,-3.41,-8.0,322,32.83,35.67,332,206.99,211.25,DELAY_CARRIER|DELAY_NAS|DELAY_LATE_AIRCRAFT
DSM,2,1996,-4.44,-13.23,186,31.05,24.78,156,224.67,220.51,DELAY_CARRIER|DELAY_LATE_AIRCRAFT|DELAY_NAS
DSM,3,2258,-5.03,-11.81,248,31.98,23.75,142,244.49,238.66,DELAY_LATE_AIRCRAFT|DELAY_NAS|DELAY_CARRIER
DSM,4,2192,-4.39,-9.92,212,28.99,25.17,108,190.46,186.48,DELAY_CARRIER|DELAY_LATE_AIRCRAFT|DELAY_NAS
DSM,5,1908,-3.17,-7.21,344,33.12,29.97,206,169.28,169.39,DELAY_LATE_AIRCRAFT|DELAY_CARRIER|DELAY_NAS
DSM,6,1948,-3.49,-7.32,362,33.54,28.39,226,173.69,167.31,DELAY_LATE_AIRCRAFT|DELAY_NAS|DELAY_CARRIER
DSM,7,1932,-3.76,-6.24,368,31.54,30.3,288,171.59,167.88,DELAY_LATE_AIRCRAFT|DELAY_CARRIER|DELAY_NAS
DSM,8,2098,-4.38,-7.24,278,31.37,26.88,208,165.54,159.74,DELAY_LATE_AIRCRAFT|DELAY_NAS|DELAY_CARRIER
DSM,9,2192,-5.15,-10.65,160,30.24,25.23,70,170.2,163.77,DELAY_NAS|DELAY_CARRIER|DELAY_LATE_AIRCRAFT
DSM,10,2360,-5.49,-10.99,184,34.08,25.88,108,203.43,196.44,DELAY_CARRIER|DELAY_LATE_AIRCRAFT|DELAY_NAS
DSM,11,2270,-5.38,-11.15,144,29.0,23.28,96,170.38,162.58,DELAY_NAS|DELAY_CARRIER|DELAY_LATE_AIRCRAFT
DSM,12,2026,-3.68,-11.18,284,30.96,22.58,216,194.12,197.6,DELAY_CARRIER|DELAY_NAS|DELAY_LATE_AIRCRAFT
DTW,1,13516,-2.05,-7.15,2560,31.44,28.82,2176,171.06,171.77,DELAY_CARRIER|DELAY_NAS|DELAY_LATE_AIRCRAFT
DTW,2,16092,-3.18,-14.47,1420,29.99,17.96,624,138.43,125.98,DELAY_CARRIER|DELAY_NAS|DELAY_LATE_AIRCRAFT
DTW,3,17904,-2.93,-10.53,2280,30.77,23.06,1242,135.02,128.79,DELAY_CARRIER|DELAY_NAS|DELAY_LATE_AIRCRAFT
DTW,4,18148,-3.26,-8.7,2112,31.61,26.56,1140,143.57,140.4,DELAY_CARRIER|DELAY_NAS|DELAY_LATE_AIRCRAFT
DTW,5,18074,-2.82,-6.06,2652,31.59,29.66,1666,143.14,140.87,DELAY_CARRIER|DELAY_NAS|DELAY_LATE_AIRCRAFT
DTW,6,17488,-2.71,-6.61,3076,32.06,29.49,2034,150.9,148.52,DELAY_CARRIER|DELAY_LATE_AIRCRAFT|DELAY_NAS
DTW,7,16538,-2.42,-6.06,3210,31.85,27.69,2726,148.75,145.66,DELAY_CARRIER|DELAY_LATE_AIRCRAFT|DELAY_NAS
DTW,8,17916,-2.78,-7.43,3160,32.05,28.04,2162,140.48,137.16,DELAY_CARRIER|DELAY_NAS|DELAY_LATE_AIRCRAFT
DTW,9,19584,-4.15,-10.25,1842,31.67,25.42,812,131.5,125.93,DELAY_CARRIER|DELAY_NAS|DELAY_LATE_AIRCRAFT
DTW,10,20430,-4.0,-10.59,2012,30.87,23.45,890,126.07,119.32,DELAY_CARRIER|DELAY_NAS|DELAY_LATE_AIRCRAFT
DTW,11,19146,-4.43,-10.69,1810,31.17,27.23,970,128.1,125.44,DELAY_CARRIER|DELAY_NAS|DELAY_LATE_AIRCRAFT
DTW,12,17090,-2.38,-8.75,3168,31.63,25.86,1776,141.28,136.0,DELAY_CARRIER|DELAY_NAS|DELAY_LATE_AIRCRAFT
DVL,1,84,-9.52,-22.26,2,33.0,13.0,6,97.0,80.67,CANC_WEATHER|DELAY_CARRIER|DELAY_LATE_AIRCRAFT
DVL,2,78,-9.21,-20.18,6,32.0,25.67,12,605.0,639.5,CANC_WEATHER|DELAY_LATE_AIRCRAFT|DELAY_CARRIER
DVL,3,100,-8.68,-14.34,4,29.5,23.0,8,304.25,295.0,CANC_WEATHER|DELAY_CARRIER|DELAY_NAS
DVL,4,108,-7.63,-13.11,0,,,2,78.0,86.0,DELAY_LATE_AIRCRAFT|DELAY_CARRIER|DELAY_NAS
DVL,5,106,-7.96,-7.28,0,,,10,135.0,123.2,DELAY_LATE_AIRCRAFT|DELAY_NAS|DELAY_WEATHER
DVL,6,80,-6.25,-6.45,8,45.75,42.0,16,246.62,242.38,DELAY_LATE_AIRCRAFT|DELAY_CARRIER|DELAY_NAS
DVL,7,88,-6.05,-10.66,20,26.0,17.9,6,93.33,86.67,DELAY_CARRIER|DELAY_LATE_AIRCRAFT|DELAY_NAS
DVL,8,102,-8.55,-7.63,4,27.5,21.0,4,466.5,446.0,DELAY_NAS|CANC_NAS|DELAY_LATE_AIRCRAFT
DVL,9,100,-8.26,-13.52,6,29.67,32.33,6,93.33,91.67,DELAY_CARRIER|DELAY_LATE_AIRCRAFT|DELAY_NAS
DVL,10,100,-9.2,-15.58,10,25.2,25.0,4,570.0,565.0,DELAY_CARRIER|DELAY_LATE_AIRCRAFT|DELAY_NAS
DVL,11,76,-4.16,-4.82,6,32.33,17.0,18,256.78,248.22,DELAY_LATE_AIRCRAFT|CANC_WEATHER|DELAY_CARRIER
DVL,12,90,-6.91,-10.69,4,29.5,22.0,14,438.0,433.57,DELAY_LATE_AIRCRAFT|DELAY_WEATHER|CANC_WEATHER
EAR,11,92,-5.52,-10.22,4,35.5,35.5,4,539.0,540.0,DELAY_CARRIER|CANC_WEATHER|DELAY_LATE_AIRCRAFT
EAR,12,84,-5.21,-13.0,8,22.75,11.25,12,269.17,267.67,DELAY_CARRIER|DELAY_LATE_AIRCRAFT|CANC_WEATHER
EAU,12,44,-5.64,-9.77,8,39.5,27.25,6,237.0,230.33,DELAY_LATE_AIRCRAFT|DELAY_CARRIER|CANC_WEATHER
ECP,1,672,-4.51,-10.34,84,29.29,29.81,68,143.26,143.15,DELAY_LATE_AIRCRAFT|DELAY_CARRIER|DELAY_NAS
ECP,2,800,-5.39,-9.03,42,29.52,24.14,34,137.41,132.47,DELAY_LATE_AIRCRAFT|DELAY_NAS|DELAY_CARRIER
ECP,3,1136,-3.77,-8.54,186,30.73,27.54,94,166.49,161.28,DELAY_LATE_AIRCRAFT|DELAY_CARRIER|DELAY_NAS
ECP,4,1220,-3.76,-6.06,154,30.13,29.0,86,198.74,196.77,DELAY_LATE_AIRCRAFT|DELAY_NAS|DELAY_CARRIER
ECP,5,1142,-2.27,-3.44,308,32.5,34.14,166,139.16,144.3,DELAY_LATE_AIRCRAFT|DELAY_NAS|DELAY_CARRIER
ECP,6,1420,-2.26,-8.03,414,32.15,26.15,182,122.25,118.66,DELAY_LATE_AIRCRAFT|DELAY_CARRIER|DELAY_NAS
ECP,7,1366,-2.17,-6.33,402,31.05,27.28,232,179.92,181.11,DELAY_LATE_AIRCRAFT|DELAY_CARRIER|DELAY_NAS
ECP,8,1390,-3.54,-9.45,220,30.09,24.52,100,175.76,173.3,DELAY_LATE_AIRCRAFT|DELAY_CARRIER|DELAY_NAS
ECP,9,1188,-4.07,-9.85,140,28.84,27.33,64,135.91,129.59,DELAY_LATE_AIRCRAFT|DELAY_CARRIER|CANC_WEATHER
ECP,10,1138,-3.57,-9.76,136,30.21,20.65,28,210.36,208.86,DELAY_LATE_AIRCRAFT|DELAY_CARRIER|DELAY_NAS
ECP,11,876,-3.89,-8.75,72,31.58,31.97,32,139.62,132.44,DELAY_CARRIER|DELAY_LATE_AIRCRAFT|DELAY_NAS
ECP,12,778,-2.99,-6.3,116,32.86,28.28,60,160.07,161.53,DELAY_LATE_AIRCRAFT|DELAY_NAS|DELAY_CARRIER
EGE,1,858,-3.87,-7.2,242,35.1,34.77,144,244.11,242.83,DELAY_LATE_AIRCRAFT|DELAY_CARRIER|DELAY_NAS
EGE,2,966,-5.16,-10.57,148,28.93,23.39,72,269.83,270.75,DELAY_LATE_AIRCRAFT|DELAY_CARRIER|DELAY_NAS
EGE,3,974,-4.88,-9.02,156,32.03,31.67,134,231.46,233.63,DELAY_LATE_AIRCRAFT|DELAY_NAS|DELAY_CARRIER
EGE,4,354,-5.71,-9.71,24,33.33,28.75,26,117.46,124.23,DELAY_NAS|DELAY_CARRIER|DELAY_LATE_AIRCRAFT
EGE,5,244,-5.54,-11.25,22,37.64,27.64,28,145.79,138.86,DELAY_NAS|DELAY_CARRIER|DELAY_LATE_AIRCRAFT
EGE,6,346,-5.76,-11.23,38,32.47,20.89,46,138.65,139.48,DELAY_CARRIER|DELAY_LATE_AIRCRAFT|DELAY_NAS
EGE,7,344,-5.19,-10.79,86,30.23,24.63,46,184.39,181.04,DELAY_LATE_AIRCRAFT|DELAY_CARRIER|DELAY_NAS
EGE,8,374,-5.72,-11.99,48,35.21,26.5,54,208.48,198.74,DELAY_LATE_AIRCRAFT|DELAY_CARRIER|DELAY_NAS
EGE,9,338,-6.21,-12.76,30,34.4,25.6,6,76.33,67.0,DELAY_LATE_AIRCRAFT|DELAY_CARRIER|DELAY_NAS
EGE,10,222,-5.17,-16.28,22,31.18,16.27,8,147.25,135.0,DELAY_CARRIER|DELAY_LATE_AIRCRAFT|DELAY_NAS
EGE,11,180,-3.24,-8.9,18,34.22,32.0,20,160.6,151.9,DELAY_LATE_AIRCRAFT|DELAY_CARRIER|DELAY_NAS
EGE,12,580,-3.85,-9.79,128,32.02,25.47,148,228.39,232.45,DELAY_LATE_AIRCRAFT|DELAY_CARRIER|DELAY_NAS
EKO,1,54,-6.52,-14.52,2,60.0,144.0,4,148.0,149.5,CANC_WEATHER|DELAY_CARRIER|DELAY_NAS
EKO,2,56,-8.0,-15.39,0,,,2,125.0,110.0,DELAY_WEATHER
EKO,3,60,-6.8,-4.47,2,60.0,49.0,0,,,DELAY_CARRIER|DELAY_NAS
EKO,4,54,-9.0,-12.89,6,41.33,24.0,0,,,DELAY_CARRIER
EKO,5,62,-9.32,-15.65,0,,,0,,,N/D
EKO,6,50,-6.4,-17.88,4,40.0,28.0,6,262.0,249.67,DELAY_CARRIER
EKO,7,56,-7.82,-15.57,0,,,4,566.0,557.0,DELAY_CARRIER|CANC_NAS
EKO,8,60,-8.97,-15.27,2,39.0,26.0,0,,,DELAY_CARRIER|DELAY_WEATHER
EKO,9,58,-7.62,-17.59,0,,,2,95.0,88.0,DELAY_CARRIER
EKO,10,62,-9.06,-21.87,0,,,0,,,N/D
EKO,11,60,-8.53,-11.97,0,,,0,,,N/D
EKO,12,62,-8.94,-19.1,0,,,0,,,DELAY_CARRIER
ELM,1,88,-5.77,-16.7,22,29.45,18.82,40,296.35,291.25,DELAY_CARRIER|DELAY_WEATHER|DELAY_LATE_AIRCRAFT
ELM,2,150,-6.68,-20.52,14,28.71,6.86,12,85.33,67.17,DELAY_CARRIER|DELAY_LATE_AIRCRAFT|DELAY_NAS
ELM,3,140,-5.4,-13.9,12,26.33,15.33,26,229.85,234.23,DELAY_CARRIER|DELAY_NAS|DELAY_LATE_AIRCRAFT
ELM,4,150,-8.23,-16.0,4,32.5,22.0,16,187.38,194.38,DELAY_CARRIER|DELAY_WEATHER|DELAY_LATE_AIRCRAFT
ELM,5,132,-4.3,-8.67,14,32.14,25.71,14,251.0,245.86,DELAY_CARRIER|DELAY_LATE_AIRCRAFT|DELAY_WEATHER
ELM,6,112,-5.11,-6.91,12,40.0,36.83,32,177.38,177.75,DELAY_CARRIER|DELAY_WEATHER|DELAY_LATE_AIRCRAFT
ELM,7,128,-4.62,-4.89,16,31.62,27.0,30,116.67,112.33,DELAY_CARRIER|DELAY_LATE_AIRCRAFT|DELAY_WEATHER
ELM,8,142,-5.7,-10.49,16,28.75,24.0,12,127.0,116.33,DELAY_CARRIER|DELAY_NAS|DELAY_LATE_AIRCRAFT
ELM,9,130,-7.35,-11.42,18,34.11,23.78,6,190.0,183.0,DELAY_CARRIER|DELAY_LATE_AIRCRAFT|DELAY_WEATHER
ELM,10,138,-7.45,-12.07,12,31.83,27.17,18,180.67,173.33,DELAY_CARRIER|DELAY_LATE_AIRCRAFT|DELAY_WEATHER
ELM,11,138,-7.03,-16.9,16,42.5,33.0,18,132.78,131.44,DELAY_CARRIER|DELAY_LATE_AIRCRAFT|DELAY_SECURITY
ELM,12,128,-5.45,-12.17,26,31.54,26.38,16,208.38,202.0,DELAY_CARRIER|DELAY_LATE_AIRCRAFT|DELAY_NAS
ELP,1,2096,-3.08,-7.15,300,31.19,26.38,128,164.67,164.89,DELAY_LATE_AIRCRAFT|DELAY_CARRIER|DELAY_NAS
ELP,2,2006,-2.88,-7.65,220,30.24,25.83,78,175.51,175.1,DELAY_LATE_AIRCRAFT|DELAY_NAS|DELAY_CARRIER
ELP,3,2120,-1.97,-6.58,334,30.88,25.08,162,155.47,151.85,DELAY_LATE_AIRCRAFT|DELAY_CARRIER|DELAY_NAS
ELP,4,2320,-2.8,-7.57,348,30.21,24.44,166,150.99,149.92,DELAY_LATE_AIRCRAFT|DELAY_CARRIER|DELAY_NAS
ELP,5,2080,-1.89,-6.19,470,31.22,26.61,306,150.98,149.41,DELAY_LATE_AIRCRAFT|DELAY_CARRIER|DELAY_NAS
ELP,6,2352,-2.41,-6.4,418,30.8,28.4,224,149.4,146.05,DELAY_LATE_AIRCRAFT|DELAY_CARRIER|DELAY_NAS
ELP,7,2282,-2.62,-6.97,468,31.59,25.41,288,141.81,137.66,DELAY_LATE_AIRCRAFT|DELAY_CARRIER|DELAY_NAS
ELP,8,2694,-4.41,-8.2,296,33.35,29.15,168,153.02,149.58,DELAY_LATE_AIRCRAFT|DELAY_CARRIER|DELAY_NAS
ELP,9,2604,-4.64,-10.49,266,32.3,26.31,114,130.81,127.16,DELAY_LATE_AIRCRAFT|DELAY_CARRIER|DELAY_NAS
ELP,10,2886,-4.33,-9.21,228,31.29,26.72,102,156.45,153.29,DELAY_LATE_AIRCRAFT|DELAY_CARRIER|DELAY_NAS
ELP,11,2606,-4.25,-9.06,282,31.88,29.69,124,160.82,158.92,DELAY_LATE_AIRCRAFT|DELAY_CARRIER|DELAY_NAS
ELP,12,2534,-3.47,-8.31,316,32.29,26.85,210,156.46,155.9,DELAY_LATE_AIRCRAFT|DELAY_CARRIER|DELAY_NAS
ESC,1,82,-6.63,-19.73,4,24.0,18.0,12,128.33,114.5,DELAY_CARRIER|CANC_WEATHER|DELAY_NAS
ESC,2,94,-9.53,-28.3,2,20.0,-4.0,4,86.5,64.5,DELAY_CARRIER
ESC,3,86,-9.33,-23.16,6,40.33,18.0,14,200.71,188.0,DELAY_CARRIER|DELAY_WEATHER
ESC,4,90,-7.49,-16.84,2,57.0,60.0,8,137.75,129.5,DELAY_CARRIER|CANC_CARRIER|DELAY_WEATHER
ESC,5,100,-8.3,-14.64,0,,,6,101.67,95.0,DELAY_CARRIER|DELAY_NAS|DELAY_WEATHER
ESC,6,78,-6.46,-4.1,12,31.0,34.83,14,159.57,162.14,DELAY_CARRIER|DELAY_NAS|DELAY_WEATHER
ESC,7,84,-6.67,-3.38,10,30.4,29.2,10,388.6,411.2,DELAY_CARRIER|DELAY_WEATHER|DELAY_NAS
ESC,8,94,-8.13,-3.83,8,34.75,39.0,6,254.33,252.33,DELAY_CARRIER|DELAY_WEATHER
ESC,9,102,-11.37,-12.84,10,30.0,26.6,4,331.5,323.5,DELAY_CARRIER|DELAY_WEATHER
ESC,10,110,-8.67,-13.87,4,43.5,38.0,10,107.4,96.4,DELAY_CARRIER
ESC,11,96,-10.15,-13.17,16,34.25,21.62,6,190.33,179.67,DELAY_CARRIER|DELAY_WEATHER
ESC,12,84,-5.38,-8.62,10,36.0,42.8,12,160.5,156.33,DELAY_CARRIER|CANC_WEATHER
EUG,1,742,-3.21,-9.79,142,32.01,21.03,112,207.89,199.23,CANC_WEATHER|DELAY_CARRIER|DELAY_LATE_AIRCRAFT
EUG,2,926,-4.38,-10.92,70,35.83,28.71,74,182.35,180.49,DELAY_NAS|DELAY_LATE_AIRCRAFT|DELAY_CARRIER
EUG,3,1056,-3.66,-6.0,122,33.18,36.41,76,125.0,121.39,DELAY_NAS|DELAY_CARRIER|DELAY_LATE_AIRCRAFT
EUG,4,1020,-3.84,-7.69,112,30.89,26.34,56,128.82,123.86,DELAY_CARRIER|DELAY_LATE_AIRCRAFT|DELAY_NAS
EUG,5,952,-4.02,-9.66,128,32.08,26.98,82,114.0,109.59,DELAY_CARRIER|DELAY_LATE_AIRCRAFT|DELAY_NAS
EUG,6,986,-1.95,-7.73,154,30.35,24.58,64,108.25,105.56,DELAY_CARRIER|DELAY_LATE_AIRCRAFT|DELAY_NAS
EUG,7,1024,-2.34,-8.45,156,32.85,25.53,88,220.09,213.55,DELAY_LATE_AIRCRAFT|DELAY_CARRIER|DELAY_NAS
EUG,8,942,-3.44,-7.41,112,27.77,27.41,62,178.35,177.42,DELAY_CARRIER|DELAY_LATE_AIRCRAFT|DELAY_NAS
EUG,9,896,-3.89,-7.9,84,36.4,28.95,68,159.53,150.59,DELAY_CARRIER|DELAY_LATE_AIRCRAFT|DELAY_NAS
EUG,10,1130,-3.76,-8.91,104,28.87,22.69,64,187.28,183.12,DELAY_CARRIER|DELAY_LATE_AIRCRAFT|DELAY_NAS
EUG,11,1050,-3.6,-9.31,122,30.66,22.33,64,209.28,205.88,DELAY_LATE_AIRCRAFT|DELAY_CARRIER|DELAY_NAS
EUG,12,1006,-2.25,-8.5,192,29.92,23.12,96,193.5,188.23,DELAY_CARRIER|DELAY_LATE_AIRCRAFT|DELAY_NAS
EVV,1,224,-4.52,-10.06,30,30.27,24.87,40,149.5,149.5,DELAY_LATE_AIRCRAFT|DELAY_CARRIER|DELAY_NAS
EVV,2,260,-5.72,-12.24,26,35.08,30.54,4,95.5,84.0,DELAY_NAS|DELAY_LATE_AIRCRAFT|DELAY_CARRIER
EVV,3,256,-5.59,-9.77,24,30.67,27.5,34,175.94,173.88,DELAY_CARRIER|DELAY_NAS|DELAY_LATE_AIRCRAFT
EVV,4,254,-5.8,-5.31,26,32.77,31.92,24,180.25,182.08,DELAY_CARRIER|DELAY_LATE_AIRCRAFT|DELAY_NAS
EVV,5,250,-4.33,-4.22,26,26.31,24.23,42,202.05,203.62,DELAY_NAS|DELAY_CARRIER|DELAY_WEATHER
EVV,6,320,-5.64,-12.24,40,32.95,30.15,26,118.38,107.69,DELAY_LATE_AIRCRAFT|DELAY_CARRIER|DELAY_NAS
EVV,7,300,-5.87,-9.89,70,31.34,33.54,28,193.21,200.0,DELAY_LATE_AIRCRAFT|DELAY_NAS|DELAY_CARRIER
EVV,8,300,-5.99,-16.21,26,40.54,33.15,20,122.2,116.1,DELAY_LATE_AIRCRAFT|DELAY_NAS|DELAY_WEATHER
EVV,9,320,-6.6,-8.51,26,34.15,33.92,24,134.08,133.0,DELAY_NAS|DELAY_CARRIER|DELAY_LATE_AIRCRAFT
EVV,10,396,-7.28,-17.05,24,30.42,18.67,16,293.25,278.12,DELAY_CARRIER|DELAY_LATE_AIRCRAFT|CANC_WEATHER
EVV,11,328,-6.2,-12.6,14,27.43,26.14,26,189.85,182.92,DELAY_NAS|DELAY_CARRIER|DELAY_LATE_AIRCRAFT
EVV,12,248,-3.68,-12.74,38,35.21,24.53,38,165.74,151.63,DELAY_NAS|DELAY_CARRIER|DELAY_LATE_AIRCRAFT
EWN,7,16,-5.5,-21.12,12,35.0,19.0,10,302.4,288.0,DELAY_LATE_AIRCRAFT|CANC_WEATHER|CANC_CARRIER
EWN,8,36,-2.89,-8.56,6,47.0,43.33,8,325.25,314.25,DELAY_LATE_AIRCRAFT|DELAY_CARRIER|CANC_WEATHER
EWN,9,4,-8.0,-14.0,0,,,2,163.0,159.0,DELAY_LATE_AIRCRAFT
EWR,1,15016,-3.46,-13.23,2380,32.06,22.77,1488,139.12,134.98,DELAY_LATE_AIRCRAFT|DELAY_NAS|CANC_CARRIER
EWR,2,16816,-4.4,-18.07,1860,31.35,19.47,824,129.78,118.31,DELAY_NAS|DELAY_LATE_AIRCRAFT|DELAY_CARRIER
EWR,3,16986,-3.89,-16.4,2634,31.93,19.68,1602,134.33,123.46,DELAY_LATE_AIRCRAFT|DELAY_NAS|DELAY_CARRIER
EWR,4,16782,-3.91,-10.67,2670,32.3,25.67,1662,142.25,136.54,DELAY_LATE_AIRCRAFT|DELAY_NAS|DELAY_CARRIER
EWR,5,17066,-3.5,-10.44,3154,33.32,28.83,2126,129.12,127.04,DELAY_LATE_AIRCRAFT|DELAY_NAS|DELAY_CARRIER
EWR,6,15266,-2.92,-10.78,2934,32.31,28.8,2496,156.96,157.57,DELAY_LATE_AIRCRAFT|DELAY_CARRIER|DELAY_NAS
EWR,7,14266,-2.48,-6.78,3372,33.28,34.55,3402,161.95,161.74,DELAY_LATE_AIRCRAFT|DELAY_NAS|DELAY_CARRIER
EWR,8,14830,-2.97,-8.74,2838,31.55,27.93,2386,171.06,168.93,DELAY_LATE_AIRCRAFT|DELAY_NAS|DELAY_CARRIER
EWR,9,17938,-4.57,-11.4,2026,31.59,26.59,978,146.29,146.09,DELAY_NAS|DELAY_LATE_AIRCRAFT|DELAY_CARRIER
EWR,10,18862,-4.34,-12.78,2090,31.79,23.17,1290,125.96,115.15,DELAY_LATE_AIRCRAFT|DELAY_NAS|DELAY_CARRIER
EWR,11,16744,-3.8,-11.02,2658,33.01,26.93,1896,118.44,111.05,DELAY_LATE_AIRCRAFT|DELAY_NAS|DELAY_CARRIER
EWR,12,16060,-2.27,-8.97,3564,31.79,25.51,1894,127.91,120.76,DELAY_LATE_AIRCRAFT|DELAY_NAS|DELAY_CARRIER
EYW,1,1168,-4.39,-9.5,298,30.39,24.9,194,178.48,175.09,DELAY_LATE_AIRCRAFT|DELAY_CARRIER|DELAY_NAS
EYW,2,1228,-3.78,-2.83,218,30.42,28.16,126,201.05,198.33,DELAY_LATE_AIRCRAFT|DELAY_NAS|DELAY_CARRIER
EYW,3,1106,-3.33,-4.2,332,32.09,29.52,218,208.41,205.81,DELAY_LATE_AIRCRAFT|DELAY_CARRIER|DELAY_NAS
EYW,4,1086,-3.98,-5.02,268,29.45,25.94,148,185.04,182.86,DELAY_LATE_AIRCRAFT|DELAY_CARRIER|DELAY_NAS
EYW,5,842,-4.17,-5.14,186,32.78,38.65,202,185.1,190.15,DELAY_LATE_AIRCRAFT|DELAY_NAS|DELAY_CARRIER
EYW,6,704,-4.19,-6.93,152,32.18,32.64,116,175.0,172.36,DELAY_LATE_AIRCRAFT|DELAY_NAS|DELAY_CARRIER
EYW,7,666,-3.93,-6.85,158,33.9,33.22,154,177.45,175.21,DELAY_LATE_AIRCRAFT|DELAY_NAS|DELAY_CARRIER
EYW,8,694,-7.03,-9.59,106,32.42,33.09,104,169.88,164.38,DELAY_LATE_AIRCRAFT|CANC_WEATHER|DELAY_NAS
EYW,9,788,-6.86,-8.6,88,31.34,27.27,32,195.62,196.69,DELAY_LATE_AIRCRAFT|CANC_WEATHER|DELAY_NAS
EYW,10,952,-7.34,-11.09,84,30.48,24.74,28,209.71,204.71,DELAY_LATE_AIRCRAFT|CANC_WEATHER|DELAY_CARRIER
EYW,11,1154,-5.42,-7.59,152,27.87,26.46,68,177.32,172.59,DELAY_LATE_AIRCRAFT|DELAY_CARRIER|DELAY_NAS
EYW,12,1096,-5.15,-8.56,228,32.55,28.06,174,207.64,207.71,DELAY_LATE_AIRCRAFT|DELAY_CARRIER|DELAY_NAS
FAI,1,278,-5.72,-9.12,46,33.17,22.87,40,105.75,101.5,DELAY_LATE_AIRCRAFT|DELAY_NAS|CANC_CARRIER
FAI,2,338,-5.63,-8.17,20,29.1,22.8,14,85.0,90.0,DELAY_NAS|DELAY_CARRIER|DELAY_LATE_AIRCRAFT
FAI,3,522,-6.51,-7.56,60,28.2,22.3,26,104.31,102.23,DELAY_LATE_AIRCRAFT|DELAY_NAS|DELAY_CARRIER
FAI,4,442,-7.92,-13.54,64,35.94,24.31,12,217.67,217.67,DELAY_LATE_AIRCRAFT|DELAY_CARRIER|DELAY_NAS
FAI,5,506,-7.11,-14.04,84,28.62,18.33,22,134.82,120.09,DELAY_LATE_AIRCRAFT|DELAY_CARRIER|DELAY_NAS
FAI,6,616,-4.74,-8.03,86,29.16,22.7,38,182.05,178.68,DELAY_LATE_AIRCRAFT|DELAY_CARRIER|DELAY_NAS
FAI,7,562,-3.73,-7.96,138,28.59,20.88,54,216.93,217.41,DELAY_LATE_AIRCRAFT|DELAY_NAS|DELAY_CARRIER
FAI,8,618,-4.26,-10.1,132,30.55,20.36,30,125.27,116.6,DELAY_LATE_AIRCRAFT|DELAY_CARRIER|DELAY_NAS
FAI,9,572,-5.84,-12.87,98,26.41,7.14,20,149.5,134.7,DELAY_LATE_AIRCRAFT|DELAY_CARRIER|DELAY_NAS
FAI,10,462,-6.1,-6.68,52,31.88,27.54,12,252.5,246.5,DELAY_NAS|DELAY_LATE_AIRCRAFT|DELAY_CARRIER
FAI,11,366,-3.98,-9.77,32,25.0,11.88,18,186.11,178.33,DELAY_NAS|DELAY_CARRIER|DELAY_LATE_AIRCRAFT
FAI,12,368,-4.21,-7.24,42,28.43,25.05,28,149.93,147.29,DELAY_NAS|DELAY_CARRIER|DELAY_LATE_AIRCRAFT
FAR,1,816,-4.02,-12.43,104,34.54,30.08,108,184.85,180.43,DELAY_LATE_AIRCRAFT|DELAY_CARRIER|DELAY_NAS
FAR,2,888,-6.01,-18.75,52,22.27,15.38,70,309.8,296.51,DELAY_CARRIER|DELAY_NAS|DELAY_LATE_AIRCRAFT
FAR,3,968,-5.68,-14.9,74,31.22,16.7,54,148.41,142.96,DELAY_NAS|DELAY_LATE_AIRCRAFT|DELAY_CARRIER
FAR,4,954,-6.46,-12.93,64,27.03,20.19,38,141.47,133.68,DELAY_CARRIER|DELAY_LATE_AIRCRAFT|DELAY_NAS
FAR,5,884,-4.97,-9.49,100,33.92,34.2,84,146.71,140.64,DELAY_LATE_AIRCRAFT|DELAY_CARRIER|DELAY_NAS
FAR,6,850,-3.6,-5.3,136,34.81,35.59,132,175.56,175.68,DELAY_CARRIER|DELAY_NAS|DELAY_LATE_AIRCRAFT
FAR,7,898,-3.92,-6.41,144,30.24,28.07,114,159.84,156.54,DELAY_CARRIER|DELAY_LATE_AIRCRAFT|DELAY_NAS
FAR,8,938,-4.88,-6.35,114,30.95,33.04,94,178.66,175.26,DELAY_CARRIER|DELAY_NAS|DELAY_LATE_AIRCRAFT
FAR,9,986,-6.15,-12.8,86,30.21,25.6,42,148.9,137.24,DELAY_CARRIER|DELAY_LATE_AIRCRAFT|DELAY_NAS
FAR,10,1026,-6.38,-15.44,82,31.61,21.17,56,112.39,104.96,DELAY_CARRIER|DELAY_LATE_AIRCRAFT|DELAY_NAS
FAR,11,930,-4.09,-8.28,118,31.51,29.19,80,185.4,186.93,DELAY_CARRIER|DELAY_NAS|DELAY_LATE_AIRCRAFT
FAR,12,878,-4.33,-7.52,168,28.77,23.95,142,254.52,251.89,DELAY_CARRIER|DELAY_LATE_AIRCRAFT|DELAY_NAS
FAT,1,1402,-3.7,-8.03,208,32.71,26.66,114,121.07,115.07,DELAY_LATE_AIRCRAFT|DELAY_CARRIER|DELAY_NAS
FAT,2,1388,-3.68,-9.19,186,31.44,25.46,86,148.91,144.6,DELAY_CARRIER|DELAY_NAS|DELAY_LATE_AIRCRAFT
FAT,3,1556,-4.11,-8.67,216,30.59,26.02,118,153.51,151.76,DELAY_LATE_AIRCRAFT|DELAY_NAS|DELAY_CARRIER
FAT,4,1502,-3.27,-7.19,190,31.67,28.39,122,178.64,179.18,DELAY_LATE_AIRCRAFT|DELAY_CARRIER|DELAY_NAS
FAT,5,1546,-2.78,-6.62,278,31.11,26.61,146,227.85,227.14,DELAY_LATE_AIRCRAFT|DELAY_CARRIER|DELAY_NAS
FAT,6,1548,-2.52,-5.92,280,30.89,27.78,118,159.05,155.51,DELAY_CARRIER|DELAY_LATE_AIRCRAFT|DELAY_NAS
FAT,7,1562,-2.92,-7.18,278,32.31,29.42,174,165.95,164.93,DELAY_CARRIER|DELAY_LATE_AIRCRAFT|DELAY_NAS
FAT,8,1668,-3.66,-7.12,202,30.95,26.22,130,127.85,128.12,DELAY_CARRIER|DELAY_LATE_AIRCRAFT|DELAY_NAS
FAT,9,1732,-4.18,-9.0,190,31.76,25.52,94,134.17,131.51,DELAY_CARRIER|DELAY_LATE_AIRCRAFT|DELAY_NAS
FAT,10,1928,-3.74,-8.8,180,30.63,26.14,76,162.74,163.45,DELAY_CARRIER|DELAY_LATE_AIRCRAFT|DELAY_NAS
FAT,11,1746,-3.69,-8.41,216,29.81,25.94,108,195.15,194.19,DELAY_CARRIER|DELAY_LATE_AIRCRAFT|DELAY_NAS
FAT,12,1496,-2.25,-6.95,358,32.27,28.18,208,176.91,178.03,DELAY_CARRIER|DELAY_LATE_AIRCRAFT|DELAY_WEATHER
FAY,1,204,-4.42,-11.95,14,25.71,19.29,20,154.0,160.4,DELAY_CARRIER|DELAY_NAS|DELAY_WEATHER
FAY,2,182,-4.6,-17.49,16,25.5,16.25,4,194.0,158.0,DELAY_CARRIER|DELAY_LATE_AIRCRAFT|DELAY_NAS
FAY,3,154,-4.79,-12.47,22,30.09,31.73,10,141.8,130.6,DELAY_LATE_AIRCRAFT|DELAY_CARRIER|DELAY_NAS
FAY,4,150,-3.51,-8.63,18,23.56,13.33,4,456.5,466.0,DELAY_LATE_AIRCRAFT|DELAY_NAS|DELAY_CARRIER
FAY,5,150,-2.75,-7.17,8,28.0,25.0,24,166.42,165.25,DELAY_CARRIER|DELAY_LATE_AIRCRAFT|DELAY_WEATHER
FAY,6,258,-6.95,-14.22,16,29.25,21.75,12,299.17,296.33,DELAY_CARRIER|DELAY_WEATHER|CANC_WEATHER
FAY,7,144,-4.94,-12.01,18,26.89,41.11,28,181.21,182.71,DELAY_CARRIER|DELAY_WEATHER|DELAY_NAS
FAY,8,202,-4.87,-4.75,12,26.17,28.0,18,177.11,176.89,DELAY_CARRIER|DELAY_NAS|DELAY_LATE_AIRCRAFT
FAY,9,314,-6.31,-4.41,30,33.13,32.47,30,214.73,221.27,DELAY_LATE_AIRCRAFT|DELAY_NAS|DELAY_CARRIER
FAY,10,346,-5.43,-3.76,32,29.06,21.06,26,232.46,221.69,DELAY_NAS|DELAY_CARRIER|DELAY_LATE_AIRCRAFT
FAY,11,232,-5.51,-11.27,14,24.86,15.0,12,246.17,235.33,DELAY_LATE_AIRCRAFT|DELAY_NAS|DELAY_CARRIER
FAY,12,220,-3.2,-11.72,30,34.93,25.6,18,166.78,154.67,DELAY_LATE_AIRCRAFT|DELAY_CARRIER|DELAY_NAS
FCA,1,354,-2.36,-4.16,56,33.04,34.11,56,192.79,185.57,DELAY_CARRIER|DELAY_NAS|DELAY_LATE_AIRCRAFT
FCA,2,392,-3.41,-4.1,28,37.93,45.79,18,226.56,231.22,DELAY_NAS|DELAY_LATE_AIRCRAFT|DELAY_CARRIER
FCA,3,444,-3.13,-8.06,26,30.77,17.46,16,191.0,184.5,DELAY_NAS|DELAY_CARRIER|DELAY_LATE_AIRCRAFT
FCA,4,346,-4.54,-9.07,30,33.67,25.13,12,202.17,202.83,DELAY_CARRIER|DELAY_NAS|DELAY_LATE_AIRCRAFT
FCA,5,418,-4.13,-9.15,52,33.0,23.73,38,147.89,136.21,DELAY_LATE_AIRCRAFT|DELAY_NAS|DELAY_CARRIER
FCA,6,756,-3.66,-10.05,118,31.98,24.44,60,242.63,234.93,DELAY_LATE_AIRCRAFT|DELAY_NAS|DELAY_CARRIER
FCA,7,876,-2.82,-7.05,146,29.49,23.52,98,178.18,175.8,DELAY_LATE_AIRCRAFT|DELAY_CARRIER|DELAY_NAS
FCA,8,878,-2.87,-5.73,148,30.16,29.61,72,248.22,241.64,DELAY_LATE_AIRCRAFT|DELAY_CARRIER|DELAY_NAS
FCA,9,638,-3.2,-8.76,56,30.68,20.57,24,146.83,143.83,DELAY_LATE_AIRCRAFT|DELAY_NAS|DELAY_CARRIER
FCA,10,488,-5.05,-11.68,32,30.5,18.75,14,188.29,177.14,DELAY_CARRIER|DELAY_LATE_AIRCRAFT|DELAY_NAS
FCA,11,362,-5.65,-7.59,26,37.69,46.08,12,132.83,152.17,DELAY_NAS|DELAY_CARRIER|DELAY_LATE_AIRCRAFT
FCA,12,442,-5.07,-13.47,42,33.48,25.71,34,177.53,167.24,DELAY_CARRIER|DELAY_LATE_AIRCRAFT|DELAY_NAS
FLG,1,186,-6.4,-6.04,14,36.0,43.57,20,205.9,208.6,DELAY_CARRIER|DELAY_WEATHER|DELAY_NAS
FLG,2,204,-7.0,-12.68,18,35.0,31.67,26,260.38,263.15,DELAY_CARRIER|DELAY_WEATHER|DELAY_LATE_AIRCRAFT
FLG,3,214,-6.53,-8.9,18,45.67,50.89,32,292.38,296.06,DELAY_CARRIER|DELAY_WEATHER|DELAY_NAS
FLG,4,256,-7.05,-9.39,10,30.4,31.4,18,118.33,114.89,DELAY_NAS|DELAY_CARRIER|DELAY_LATE_AIRCRAFT
FLG,5,284,-7.03,-9.32,4,18.0,9.5,16,138.5,145.75,DELAY_CARRIER|CANC_WEATHER|DELAY_LATE_AIRCRAFT
FLG,6,238,-6.65,-7.7,24,30.92,32.75,28,183.79,178.29,DELAY_CARRIER|DELAY_LATE_AIRCRAFT|DELAY_NAS
FLG,7,280,-6.97,-7.26,12,38.83,32.83,8,181.5,183.0,DELAY_NAS|DELAY_CARRIER|DELAY_WEATHER
FLG,8,266,-8.3,-7.98,16,32.5,27.88,10,189.4,190.4,DELAY_CARRIER|DELAY_LATE_AIRCRAFT
FLG,9,254,-7.72,-9.35,10,36.6,40.8,8,248.5,243.25,DELAY_CARRIER|DELAY_NAS|DELAY_LATE_AIRCRAFT
FLG,10,326,-6.9,-10.8,38,36.74,30.42,46,152.3,154.26,DELAY_CARRIER|DELAY_LATE_AIRCRAFT|DELAY_WEATHER
FLG,11,312,-7.18,-9.92,52,34.04,32.62,44,165.18,151.91,DELAY_CARRIER|DELAY_LATE_AIRCRAFT|DELAY_NAS
FLG,12,334,-7.28,-11.71,24,38.83,33.33,26,239.77,233.0,DELAY_CARRIER|DELAY_LATE_AIRCRAFT|CANC_WEATHER
FLL,1,10940,-1.36,-8.14,3688,31.38,25.45,1684,132.74,127.95,DELAY_LATE_AIRCRAFT|DELAY_CARRIER|DELAY_NAS
FLL,2,11970,-2.18,-5.11,2800,30.75,26.01,1328,139.16,132.61,DELAY_LATE_AIRCRAFT|DELAY_CARRIER|DELAY_NAS
FLL,3,11896,-1.72,-5.29,3740,32.74,29.7,2510,144.41,143.21,DELAY_LATE_AIRCRAFT|DELAY_NAS|DELAY_CARRIER
FLL,4,12518,-2.61,-7.66,2452,31.27,25.52,1426,141.51,136.65,DELAY_LATE_AIRCRAFT|DELAY_CARRIER|DELAY_NAS
FLL,5,11172,-2.08,-5.32,2748,31.68,30.29,1642,140.32,140.53,DELAY_NAS|DELAY_LATE_AIRCRAFT|DELAY_CARRIER
FLL,6,9686,-1.53,-6.84,2706,32.95,28.77,1546,135.36,133.98,DELAY_LATE_AIRCRAFT|DELAY_NAS|DELAY_CARRIER
FLL,7,9412,-1.48,-7.11,2974,32.54,28.91,1928,139.94,136.51,DELAY_LATE_AIRCRAFT|DELAY_CARRIER|DELAY_NAS
FLL,8,8736,-1.68,-6.81,2748,32.01,29.94,1760,141.18,139.07,DELAY_LATE_AIRCRAFT|DELAY_NAS|DELAY_CARRIER
FLL,9,9536,-3.08,-6.88,1740,30.47,29.72,708,129.02,128.44,DELAY_NAS|DELAY_CARRIER|DELAY_LATE_AIRCRAFT
FLL,10,11228,-3.27,-9.5,1536,30.01,23.42,606,128.88,122.25,DELAY_CARRIER|DELAY_LATE_AIRCRAFT|DELAY_NAS
FLL,11,12366,-3.55,-11.07,1596,30.35,22.31,606,137.73,132.77,DELAY_CARRIER|DELAY_NAS|DELAY_LATE_AIRCRAFT
FLL,12,11860,-1.97,-8.81,2900,31.58,25.33,1550,129.05,125.49,DELAY_LATE_AIRCRAFT|DELAY_CARRIER|DELAY_NAS
FNT,1,236,-5.54,-6.09,42,32.71,47.38,26,220.31,221.23,DELAY_NAS|DELAY_LATE_AIRCRAFT|DELAY_WEATHER
FNT,2,332,-5.4,-13.46,38,31.16,21.0,18,135.67,131.11,DELAY_NAS|DELAY_CARRIER|DELAY_LATE_AIRCRAFT
FNT,3,412,-6.24,-15.72,44,31.32,32.41,40,127.75,127.7,DELAY_NAS|DELAY_LATE_AIRCRAFT|DELAY_CARRIER
FNT,4,332,-8.02,-20.64,30,32.4,23.0,22,225.91,217.91,DELAY_CARRIER|DELAY_LATE_AIRCRAFT|DELAY_NAS
FNT,5,250,-6.4,-9.31,38,31.16,27.26,40,184.8,182.05,DELAY_NAS|DELAY_CARRIER|DELAY_LATE_AIRCRAFT
FNT,6,258,-4.94,-9.02,28,27.43,18.36,30,170.27,161.53,DELAY_CARRIER|DELAY_LATE_AIRCRAFT|DELAY_WEATHER
FNT,7,260,-4.03,-6.7,24,34.33,37.08,42,221.76,218.57,DELAY_CARRIER|DELAY_LATE_AIRCRAFT|DELAY_NAS
FNT,8,252,-5.44,-7.6,38,35.16,32.47,42,161.67,168.62,DELAY_LATE_AIRCRAFT|DELAY_NAS|DELAY_CARRIER
FNT,9,256,-4.41,-7.99,34,31.47,29.59,26,117.0,109.0,DELAY_CARRIER|DELAY_LATE_AIRCRAFT|DELAY_WEATHER
FNT,10,286,-3.66,-7.22,34,30.47,27.76,22,168.73,164.45,DELAY_CARRIER|DELAY_LATE_AIRCRAFT|CANC_WEATHER
FNT,11,318,-4.67,-7.48,26,28.15,27.69,36,145.83,150.83,DELAY_CARRIER|DELAY_LATE_AIRCRAFT|DELAY_NAS
FNT,12,340,-3.39,-7.92,70,34.23,27.77,34,165.06,152.82,DELAY_NAS|DELAY_CARRIER|DELAY_LATE_AIRCRAFT
FOD,1,64,-6.22,-14.06,12,28.83,19.17,12,160.33,145.17,CANC_WEATHER|DELAY_LATE_AIRCRAFT|DELAY_CARRIER
FOD,2,92,-10.48,-19.52,2,27.0,17.0,6,82.33,68.0,DELAY_LATE_AIRCRAFT|DELAY_WEATHER
FOD,3,78,-8.15,-10.95,12,40.83,45.17,16,269.12,267.75,DELAY_LATE_AIRCRAFT|DELAY_CARRIER|DELAY_NAS
FOD,4,90,-7.51,-10.58,4,21.5,19.5,6,142.0,140.67,DELAY_LATE_AIRCRAFT
FOD,5,80,-7.2,-10.38,12,24.17,27.67,10,181.6,186.6,DELAY_LATE_AIRCRAFT|CANC_WEATHER|DELAY_CARRIER
FOD,6,74,-9.78,-15.59,18,37.33,31.22,10,334.2,331.8,DELAY_LATE_AIRCRAFT|DELAY_CARRIER|DELAY_NAS
FOD,7,70,-10.49,-17.17,20,34.5,31.4,14,361.71,359.43,DELAY_LATE_AIRCRAFT|DELAY_NAS|CANC_WEATHER
FOD,8,64,-8.78,-10.47,20,40.0,36.3,20,158.9,158.3,DELAY_LATE_AIRCRAFT|DELAY_NAS|CANC_WEATHER
FOD,9,72,-10.42,-10.14,22,30.91,36.64,8,350.5,344.5,DELAY_LATE_AIRCRAFT|DELAY_CARRIER|DELAY_NAS
FOD,10,90,-8.96,-11.84,10,55.2,51.4,6,463.67,460.67,DELAY_CARRIER|DELAY_LATE_AIRCRAFT|DELAY_NAS
FOD,11,90,-8.24,-11.24,4,25.0,13.0,8,132.0,134.0,DELAY_CARRIER|DELAY_LATE_AIRCRAFT|CANC_WEATHER
FOD,12,88,-10.16,-6.25,10,33.6,23.6,6,154.0,166.67,DELAY_LATE_AIRCRAFT|DELAY_CARRIER|CANC_WEATHER
FSD,1,806,-3.52,-6.06,168,30.45,30.92,122,158.95,162.9,DELAY_NAS|DELAY_CARRIER|DELAY_LATE_AIRCRAFT
FSD,2,962,-4.58,-14.13,116,33.43,21.38,68,173.94,169.59,DELAY_CARRIER|DELAY_LATE_AIRCRAFT|DELAY_NAS
FSD,3,1062,-5.35,-15.16,98,32.73,24.43,42,182.86,183.57,DELAY_LATE_AIRCRAFT|DELAY_NAS|DELAY_CARRIER
FSD,4,1068,-5.48,-13.32,88,33.39,28.27,34,179.53,182.59,DELAY_CARRIER|DELAY_LATE_AIRCRAFT|DELAY_NAS
FSD,5,960,-4.01,-9.62,90,35.67,28.49,82,185.93,187.68,DELAY_NAS|DELAY_LATE_AIRCRAFT|DELAY_CARRIER
FSD,6,852,-3.51,-6.85,160,30.49,29.46,128,172.02,173.72,DELAY_NAS|DELAY_CARRIER|DELAY_LATE_AIRCRAFT
FSD,7,794,-4.41,-7.53,170,31.31,28.49,112,173.2,170.14,DELAY_CARRIER|DELAY_LATE_AIRCRAFT|DELAY_NAS
FSD,8,848,-4.7,-7.09,160,31.21,31.34,64,182.16,179.91,DELAY_CARRIER|DELAY_LATE_AIRCRAFT|DELAY_NAS
FSD,9,958,-5.38,-10.69,106,29.96,23.92,32,124.75,114.81,DELAY_CARRIER|DELAY_LATE_AIRCRAFT|DELAY_NAS
FSD,10,1084,-5.12,-10.89,110,28.36,18.87,36,116.83,106.83,DELAY_CARRIER|DELAY_LATE_AIRCRAFT|DELAY_NAS
FSD,11,1012,-4.0,-8.25,120,29.28,24.27,82,178.34,174.54,DELAY_NAS|DELAY_CARRIER|DELAY_LATE_AIRCRAFT
FSD,12,990,-3.4,-8.47,156,31.99,26.24,132,202.0,198.92,DELAY_CARRIER|DELAY_LATE_AIRCRAFT|DELAY_NAS
FSM,1,118,-5.46,-1.2,24,27.92,31.0,22,319.09,324.45,CANC_WEATHER|DELAY_NAS|DELAY_LATE_AIRCRAFT
FSM,2,162,-4.38,-1.02,10,36.4,39.8,2,126.0,124.0,DELAY_NAS|DELAY_LATE_AIRCRAFT|DELAY_WEATHER
FSM,3,150,-4.6,-8.2,22,28.73,21.82,10,144.4,138.2,DELAY_NAS|DELAY_CARRIER|DELAY_LATE_AIRCRAFT
FSM,4,142,-5.76,-12.15,22,26.45,21.73,10,139.6,148.6,DELAY_WEATHER|DELAY_LATE_AIRCRAFT|CANC_WEATHER
FSM,5,112,-1.34,-1.32,40,27.35,28.95,26,132.08,134.38,DELAY_LATE_AIRCRAFT|DELAY_NAS|DELAY_WEATHER
FSM,6,136,-3.28,-9.09,44,32.68,24.5,38,131.53,122.74,DELAY_LATE_AIRCRAFT|DELAY_NAS|DELAY_CARRIER
FSM,7,162,-5.12,-8.57,30,32.47,25.0,26,135.0,132.38,DELAY_LATE_AIRCRAFT|DELAY_CARRIER|DELAY_NAS
FSM,8,204,-5.57,-12.5,20,37.2,35.7,10,145.6,135.4,DELAY_LATE_AIRCRAFT|DELAY_CARRIER|DELAY_NAS
FSM,9,174,-5.68,-13.11,16,31.88,22.75,8,135.5,114.75,DELAY_LATE_AIRCRAFT|DELAY_NAS|DELAY_CARRIER
FSM,10,208,-6.69,-14.09,14,31.57,17.71,4,102.5,103.5,DELAY_NAS|DELAY_LATE_AIRCRAFT|DELAY_CARRIER
FSM,11,148,-3.95,-20.08,10,25.0,16.8,8,114.0,90.0,DELAY_LATE_AIRCRAFT|CANC_WEATHER|DELAY_CARRIER
FSM,12,156,-4.82,-14.01,14,42.0,29.71,10,295.8,301.4,DELAY_LATE_AIRCRAFT|DELAY_CARRIER|DELAY_NAS
FWA,1,400,-3.77,-9.6,94,31.64,39.02,86,162.12,158.28,DELAY_CARRIER|DELAY_NAS|DELAY_LATE_AIRCRAFT
FWA,2,512,-4.08,-14.46,74,29.32,20.84,36,182.72,171.72,DELAY_CARRIER|DELAY_NAS|DELAY_LATE_AIRCRAFT
FWA,3,578,-4.21,-13.92,88,30.43,21.86,60,150.7,149.2,DELAY_CARRIER|DELAY_NAS|DELAY_LATE_AIRCRAFT
FWA,4,544,-4.71,-12.4,80,33.25,26.3,68,148.41,148.29,DELAY_CARRIER|DELAY_LATE_AIRCRAFT|DELAY_NAS
FWA,5,468,-4.71,-9.61,88,33.05,25.91,100,198.84,197.94,DELAY_CARRIER|DELAY_LATE_AIRCRAFT|DELAY_NAS
FWA,6,574,-3.9,-9.35,106,33.68,30.26,102,162.2,154.63,DELAY_CARRIER|DELAY_LATE_AIRCRAFT|DELAY_NAS
FWA,7,578,-4.04,-5.48,126,31.57,32.9,116,136.91,139.4,DELAY_CARRIER|DELAY_LATE_AIRCRAFT|DELAY_NAS
FWA,8,532,-4.27,-8.64,104,32.85,29.0,90,163.82,164.93,DELAY_CARRIER|DELAY_LATE_AIRCRAFT|DELAY_NAS
FWA,9,684,-5.57,-9.63,78,31.9,30.49,64,164.59,163.06,DELAY_CARRIER|DELAY_LATE_AIRCRAFT|DELAY_NAS
FWA,10,832,-6.09,-13.79,84,29.79,22.19,86,137.02,127.0,DELAY_CARRIER|DELAY_LATE_AIRCRAFT|CANC_WEATHER
FWA,11,790,-5.12,-11.74,90,29.98,21.36,48,192.71,182.21,DELAY_CARRIER|DELAY_NAS|DELAY_LATE_AIRCRAFT
FWA,12,704,-4.31,-10.36,120,32.62,26.35,118,176.92,174.75,DELAY_CARRIER|DELAY_LATE_AIRCRAFT|DELAY_NAS
GCC,1,98,-6.45,-15.2,6,32.33,34.33,12,183.0,185.5,CANC_WEATHER|DELAY_CARRIER|DELAY_LATE_AIRCRAFT
GCC,2,102,-5.59,-17.24,6,21.33,10.0,4,124.5,131.0,DELAY_CARRIER|DELAY_NAS|CANC_WEATHER
GCC,3,112,-7.52,-21.34,2,15.0,1.0,6,176.0,203.0,CANC_WEATHER|DELAY_NAS|DELAY_CARRIER
GCC,4,108,-5.76,-13.31,0,,,8,297.75,296.5,DELAY_CARRIER|DELAY_LATE_AIRCRAFT|DELAY_NAS
GCC,5,114,-7.33,-11.58,4,36.5,26.0,6,244.67,242.0,DELAY_NAS|DELAY_WEATHER|DELAY_CARRIER
GCC,6,102,-6.18,-9.16,8,34.25,29.75,8,165.25,170.75,DELAY_CARRIER|DELAY_NAS|DELAY_LATE_AIRCRAFT
GCC,7,112,-7.16,-9.52,4,34.0,37.0,8,203.75,206.25,DELAY_CARRIER|DELAY_LATE_AIRCRAFT|DELAY_NAS
GCC,8,110,-4.91,-9.05,6,17.33,43.33,10,288.6,301.6,DELAY_CARRIER|DELAY_NAS|DELAY_LATE_AIRCRAFT
GCC,9,110,-8.07,-11.38,4,30.5,32.5,4,93.0,82.0,DELAY_LATE_AIRCRAFT|DELAY_CARRIER
GCC,10,106,-5.79,-12.55,6,26.67,18.67,10,266.8,263.6,DELAY_WEATHER|DELAY_CARRIER|CANC_WEATHER
GCC,11,94,-6.94,-11.53,10,24.8,14.4,12,91.17,100.0,DELAY_CARRIER|DELAY_NAS|DELAY_LATE_AIRCRAFT
GCC,12,106,-6.58,-14.96,8,37.75,28.75,8,437.0,430.25,DELAY_CARRIER|DELAY_LATE_AIRCRAFT
GCK,1,86,-5.72,-5.37,10,28.4,42.4,12,295.83,299.67,CANC_WEATHER|DELAY_CARRIER|DELAY_WEATHER
GCK,2,102,-5.45,-10.98,12,27.67,33.5,2,207.0,210.0,DELAY_CARRIER|DELAY_NAS|DELAY_LATE_AIRCRAFT
GCK,3,82,-1.59,-5.46,28,32.43,30.93,10,118.0,118.2,DELAY_CARRIER|DELAY_LATE_AIRCRAFT|DELAY_NAS
GCK,4,92,-3.11,-7.59,12,28.83,37.17,14,230.71,226.86,DELAY_CARRIER|DELAY_LATE_AIRCRAFT|DELAY_NAS
GCK,5,92,-3.98,-6.09,16,25.25,32.62,12,187.0,189.5,DELAY_LATE_AIRCRAFT|DELAY_NAS|DELAY_CARRIER
GCK,6,100,-3.6,0.08,2,59.0,61.0,14,107.0,107.57,DELAY_LATE_AIRCRAFT|DELAY_NAS|DELAY_WEATHER
GCK,7,104,-1.94,1.85,14,30.43,38.43,6,93.33,96.33,DELAY_NAS|DELAY_CARRIER|DELAY_LATE_AIRCRAFT
GCK,8,98,-2.18,-1.12,16,22.5,25.0,10,199.8,203.8,DELAY_LATE_AIRCRAFT|DELAY_NAS|DELAY_CARRIER
GCK,9,110,-4.22,-7.36,6,32.0,24.0,2,117.0,129.0,DELAY_CARRIER|DELAY_LATE_AIRCRAFT|DELAY_WEATHER
GCK,10,106,-5.81,-12.57,4,32.0,22.0,14,157.29,155.29,DELAY_CARRIER|DELAY_LATE_AIRCRAFT|DELAY_NAS
GCK,11,92,-2.2,-4.87,12,29.33,20.67,8,185.5,177.0,DELAY_CARRIER|DELAY_NAS|CANC_WEATHER
GCK,12,94,-2.45,-10.94,12,31.0,33.83,14,173.71,179.71,DELAY_CARRIER|DELAY_LATE_AIRCRAFT|CANC_NAS
GEG,1,2018,-2.87,-8.36,306,32.23,28.73,160,211.25,208.95,DELAY_LATE_AIRCRAFT|DELAY_CARRIER|DELAY_NAS
GEG,2,2096,-4.2,-9.84,172,31.85,28.91,86,167.91,164.28,DELAY_NAS|DELAY_LATE_AIRCRAFT|DELAY_CARRIER
GEG,3,2488,-4.18,-8.94,234,33.88,27.91,96,201.79,190.85,DELAY_LATE_AIRCRAFT|DELAY_NAS|DELAY_CARRIER
GEG,4,2654,-4.78,-8.47,210,29.86,24.56,72,113.19,113.25,DELAY_LATE_AIRCRAFT|DELAY_CARRIER|DELAY_NAS
GEG,5,2520,-3.81,-8.97,300,31.63,23.89,114,162.39,158.72,DELAY_LATE_AIRCRAFT|DELAY_CARRIER|DELAY_NAS
GEG,6,2478,-3.14,-8.75,356,29.06,21.04,166,121.51,114.72,DELAY_LATE_AIRCRAFT|DELAY_CARRIER|DELAY_NAS
GEG,7,2538,-2.52,-7.04,382,30.62,24.2,216,171.05,167.58,DELAY_LATE_AIRCRAFT|DELAY_CARRIER|DELAY_NAS
GEG,8,2778,-3.45,-5.66,356,31.02,27.89,132,143.82,143.21,DELAY_LATE_AIRCRAFT|DELAY_CARRIER|DELAY_NAS
GEG,9,2668,-3.99,-7.78,260,30.4,24.78,90,151.91,148.4,DELAY_LATE_AIRCRAFT|DELAY_NAS|DELAY_CARRIER
GEG,10,2690,-4.23,-7.77,160,29.14,23.96,92,177.26,173.22,DELAY_CARRIER|DELAY_LATE_AIRCRAFT|DELAY_NAS
GEG,11,2600,-4.18,-8.55,248,28.43,22.14,90,143.69,139.69,DELAY_NAS|DELAY_LATE_AIRCRAFT|DELAY_CARRIER
GEG,12,2408,-2.8,-8.04,360,29.91,24.46,156,145.56,141.58,DELAY_CARRIER|DELAY_LATE_AIRCRAFT|DELAY_NAS
GFK,1,192,-5.44,-10.41,18,31.78,26.67,28,150.86,144.21,DELAY_CARRIER|DELAY_LATE_AIRCRAFT|DELAY_NAS
GFK,2,192,-7.33,-18.28,8,39.5,49.5,14,241.43,233.29,DELAY_CARRIER|CANC_WEATHER|DELAY_WEATHER
GFK,3,210,-5.59,-13.72,12,34.83,40.67,8,78.25,71.0,DELAY_CARRIER|DELAY_WEATHER|CANC_WEATHER
GFK,4,200,-8.45,-18.54,6,39.0,29.33,10,98.8,87.8,DELAY_CARRIER|DELAY_LATE_AIRCRAFT|DELAY_WEATHER
GFK,5,182,-6.89,-13.18,16,32.62,24.75,6,160.0,153.33,DELAY_CARRIER|DELAY_LATE_AIRCRAFT|DELAY_WEATHER
GFK,6,148,-5.09,-1.54,28,36.86,50.0,20,156.3,162.5,DELAY_NAS|DELAY_CARRIER|DELAY_WEATHER
GFK,7,158,-6.28,-6.15,22,33.0,31.73,22,152.36,148.55,DELAY_CARRIER|DELAY_WEATHER|DELAY_NAS
GFK,8,162,-6.72,-6.85,24,35.25,45.5,18,152.22,160.0,DELAY_CARRIER|DELAY_NAS|DELAY_WEATHER
GFK,9,174,-7.95,-10.08,22,28.55,22.18,2,642.0,623.0,DELAY_CARRIER|DELAY_NAS|DELAY_WEATHER
GFK,10,210,-7.17,-17.47,2,52.0,33.0,10,102.2,96.0,DELAY_CARRIER|DELAY_NAS|DELAY_WEATHER
GFK,11,196,-6.97,-12.02,10,28.4,17.2,6,105.0,103.33,DELAY_CARRIER|DELAY_NAS|DELAY_WEATHER
GFK,12,166,-5.0,-13.9,22,37.45,38.55,28,181.93,174.29,DELAY_CARRIER|DELAY_LATE_AIRCRAFT|DELAY_NAS
GGG,1,96,-6.4,-7.08,8,34.0,40.5,12,133.67,142.0,DELAY_CARRIER|DELAY_WEATHER|CANC_WEATHER
GGG,2,98,-8.92,-15.94,4,22.5,21.0,14,169.57,169.43,DELAY_CARRIER|DELAY_LATE_AIRCRAFT
GGG,3,108,-8.17,-12.2,8,37.0,35.25,8,227.5,232.5,DELAY_WEATHER|DELAY_CARRIER|DELAY_LATE_AIRCRAFT
GGG,4,100,-6.32,-8.46,0,,,20,150.2,149.0,DELAY_WEATHER|DELAY_NAS|DELAY_CARRIER
GGG,5,88,-4.73,-3.25,8,28.5,22.25,22,175.45,175.64,DELAY_CARRIER|DELAY_LATE_AIRCRAFT|DELAY_WEATHER
GGG,6,102,-7.04,-14.02,6,37.0,35.0,12,142.67,122.5,DELAY_LATE_AIRCRAFT|DELAY_CARRIER|DELAY_WEATHER
GGG,7,94,-4.34,-11.83,16,35.25,31.38,10,98.4,86.4,DELAY_LATE_AIRCRAFT|CANC_WEATHER|DELAY_CARRIER
GGG,8,100,-3.18,-3.28,14,36.14,31.0,10,113.2,104.2,DELAY_LATE_AIRCRAFT|DELAY_CARRIER|DELAY_NAS
GGG,9,102,-4.04,-8.39,8,38.25,33.5,10,145.2,135.0,DELAY_CARRIER|DELAY_LATE_AIRCRAFT|DELAY_NAS
GGG,10,100,-6.38,-9.88,18,34.22,31.0,6,164.67,153.0,DELAY_CARRIER|DELAY_NAS
GGG,11,78,-4.79,-5.77,20,34.3,23.4,14,108.57,111.57,DELAY_CARRIER|DELAY_LATE_AIRCRAFT|CANC_WEATHER
GGG,12,88,-4.36,-6.86,10,35.0,23.8,16,147.5,141.88,DELAY_CARRIER|CANC_WEATHER|DELAY_LATE_AIRCRAFT
GJT,1,454,-5.94,-12.45,56,31.71,23.61,38,228.58,223.32,DELAY_CARRIER|DELAY_LATE_AIRCRAFT|DELAY_NAS
GJT,2,496,-6.34,-10.92,46,31.48,27.17,34,166.12,161.88,DELAY_CARRIER|DELAY_NAS|DELAY_LATE_AIRCRAFT
GJT,3,512,-6.39,-6.96,58,30.9,35.83,14,383.0,381.57,DELAY_NAS|DELAY_LATE_AIRCRAFT|DELAY_CARRIER
GJT,4,434,-5.85,-6.59,28,37.57,36.14,20,232.3,236.5,DELAY_NAS|DELAY_CARRIER|DELAY_LATE_AIRCRAFT
GJT,5,472,-5.61,-7.45,50,34.4,28.44,62,158.19,159.58,DELAY_CARRIER|DELAY_LATE_AIRCRAFT|DELAY_NAS
GJT,6,566,-6.02,-7.89,66,34.09,25.97,56,247.32,246.11,DELAY_CARRIER|DELAY_LATE_AIRCRAFT|DELAY_NAS
GJT,7,570,-6.39,-11.84,86,29.6,25.23,48,249.04,246.46,DELAY_LATE_AIRCRAFT|DELAY_CARRIER|DELAY_NAS
GJT,8,574,-6.02,-9.71,68,31.88,31.03,34,217.94,215.29,DELAY_CARRIER|DELAY_LATE_AIRCRAFT|DELAY_NAS
GJT,9,628,-6.33,-10.76,52,28.92,25.85,32,238.81,230.94,DELAY_CARRIER|DELAY_NAS|DELAY_LATE_AIRCRAFT
GJT,10,716,-6.72,-14.54,40,30.05,19.4,50,197.92,185.84,DELAY_CARRIER|DELAY_LATE_AIRCRAFT|DELAY_NAS
GJT,11,562,-5.26,-11.05,62,34.13,29.32,66,155.52,157.12,DELAY_LATE_AIRCRAFT|DELAY_CARRIER|DELAY_NAS
GJT,12,712,-4.92,-10.49,56,35.64,28.71,26,173.15,162.77,DELAY_CARRIER|DELAY_NAS|DELAY_LATE_AIRCRAFT
GNV,1,334,-4.66,-11.71,48,30.96,22.17,18,99.78,102.33,DELAY_LATE_AIRCRAFT|DELAY_CARRIER|CANC_WEATHER
GNV,2,342,-5.67,-13.18,22,42.73,37.09,4,275.5,244.5,DELAY_LATE_AIRCRAFT|DELAY_CARRIER|DELAY_NAS
GNV,3,356,-5.15,-10.35,46,29.43,23.57,20,153.7,145.2,DELAY_LATE_AIRCRAFT|DELAY_CARRIER|DELAY_NAS
GNV,4,440,-5.91,-10.07,28,38.86,31.36,38,172.21,170.89,DELAY_LATE_AIRCRAFT|DELAY_CARRIER|DELAY_NAS
GNV,5,406,-5.41,-9.11,30,29.8,27.13,46,255.91,257.13,DELAY_LATE_AIRCRAFT|DELAY_CARRIER|DELAY_NAS
GNV,6,466,-5.84,-13.64,60,29.77,21.0,38,111.11,108.26,DELAY_LATE_AIRCRAFT|DELAY_CARRIER|DELAY_WEATHER
GNV,7,392,-6.04,-10.97,84,33.76,29.76,84,144.57,143.76,DELAY_LATE_AIRCRAFT|DELAY_NAS|DELAY_CARRIER
GNV,8,470,-6.69,-10.7,54,30.78,25.3,40,182.7,174.9,DELAY_LATE_AIRCRAFT|CANC_WEATHER|DELAY_NAS
GNV,9,470,-7.83,-15.24,36,32.72,25.78,30,122.73,117.4,DELAY_LATE_AIRCRAFT|CANC_WEATHER|DELAY_CARRIER
GNV,10,516,-8.04,-14.24,20,32.5,23.6,14,147.86,140.29,CANC_WEATHER|DELAY_LATE_AIRCRAFT|DELAY_NAS
GNV,11,410,-7.36,-14.15,46,34.17,24.87,18,263.56,260.78,DELAY_CARRIER|DELAY_LATE_AIRCRAFT|DELAY_NAS
GNV,12,400,-5.14,-11.21,44,24.91,19.36,34,152.29,146.65,DELAY_LATE_AIRCRAFT|DELAY_NAS|DELAY_CARRIER
GPT,1,366,-5.95,-10.32,50,31.92,25.16,42,204.19,208.0,DELAY_LATE_AIRCRAFT|DELAY_WEATHER|DELAY_NAS
GPT,2,430,-7.3,-11.26,32,29.38,25.38,14,287.14,276.43,DELAY_CARRIER|DELAY_LATE_AIRCRAFT|DELAY_NAS
GPT,3,502,-6.51,-9.69,30,28.93,26.0,22,200.45,200.36,DELAY_LATE_AIRCRAFT|DELAY_NAS|DELAY_CARRIER
GPT,4,464,-6.51,-9.47,36,31.5,30.61,32,234.12,238.5,DELAY_LATE_AIRCRAFT|DELAY_NAS|DELAY_CARRIER
GPT,5,436,-4.02,-6.89,54,32.48,32.96,56,171.82,172.71,DELAY_LATE_AIRCRAFT|DELAY_NAS|DELAY_CARRIER
GPT,6,472,-6.76,-12.98,84,30.52,25.4,40,207.65,197.95,DELAY_LATE_AIRCRAFT|DELAY_CARRIER|DELAY_NAS
GPT,7,446,-7.26,-10.63,78,36.59,33.69,66,222.48,218.36,DELAY_LATE_AIRCRAFT|DELAY_CARRIER|DELAY_NAS
GPT,8,518,-8.47,-13.75,40,30.15,26.25,34,198.29,189.53,DELAY_LATE_AIRCRAFT|DELAY_CARRIER|DELAY_NAS
GPT,9,466,-7.72,-8.91,52,32.08,27.46,46,200.96,193.74,DELAY_LATE_AIRCRAFT|DELAY_CARRIER|DELAY_NAS
GPT,10,544,-7.39,-11.38,44,32.95,27.18,10,117.6,111.6,DELAY_LATE_AIRCRAFT|DELAY_CARRIER|DELAY_NAS
GPT,11,494,-7.23,-9.19,36,32.22,27.28,14,232.71,250.71,DELAY_CARRIER|DELAY_NAS|DELAY_LATE_AIRCRAFT
GPT,12,484,-6.1,-8.41,58,33.21,32.21,48,173.0,180.79,DELAY_LATE_AIRCRAFT|DELAY_CARRIER|DELAY_NAS
GRB,1,466,-3.8,-10.88,54,35.93,26.11,104,191.58,182.44,DELAY_CARRIER|DELAY_NAS|CANC_WEATHER
GRB,2,624,-6.09,-17.03,24,30.25,26.92,48,232.96,218.0,DELAY_WEATHER|DELAY_CARRIER|DELAY_NAS
GRB,3,680,-5.76,-13.56,58,36.9,30.76,44,146.14,135.86,DELAY_CARRIER|DELAY_WEATHER|DELAY_LATE_AIRCRAFT
GRB,4,676,-5.15,-7.51,40,30.95,30.2,58,198.93,195.66,DELAY_CARRIER|DELAY_LATE_AIRCRAFT|DELAY_NAS
GRB,5,554,-5.19,-10.1,62,35.48,29.55,80,177.28,177.47,DELAY_CARRIER|DELAY_LATE_AIRCRAFT|DELAY_WEATHER
GRB,6,572,-5.45,-6.18,88,31.27,38.16,72,187.0,189.06,DELAY_CARRIER|DELAY_NAS|DELAY_LATE_AIRCRAFT
GRB,7,448,-5.61,-6.72,52,33.73,34.77,60,142.97,143.93,DELAY_CARRIER|DELAY_NAS|DELAY_LATE_AIRCRAFT
GRB,8,614,-5.03,-5.71,94,33.53,31.74,50,122.0,121.96,DELAY_CARRIER|DELAY_NAS|DELAY_LATE_AIRCRAFT
GRB,9,686,-5.54,-10.54,86,28.23,23.28,34,117.18,116.18,DELAY_CARRIER|DELAY_LATE_AIRCRAFT|DELAY_NAS
GRB,10,676,-5.45,-12.05,40,35.0,30.2,24,102.67,90.67,DELAY_CARRIER|DELAY_LATE_AIRCRAFT|DELAY_NAS
GRB,11,482,-5.08,-12.49,64,31.94,24.78,40,153.7,147.7,DELAY_CARRIER|DELAY_WEATHER|DELAY_NAS
GRB,12,398,-4.37,-10.11,54,30.33,23.41,72,211.08,201.64,DELAY_CARRIER|DELAY_WEATHER|DELAY_LATE_AIRCRAFT
GRI,1,110,-5.8,-6.38,16,26.0,33.75,26,191.23,197.31,DELAY_CARRIER|DELAY_NAS|CANC_WEATHER
GRI,2,138,-7.04,-15.38,12,35.0,25.67,2,410.0,408.0,DELAY_CARRIER|DELAY_LATE_AIRCRAFT|DELAY_NAS
GRI,3,140,-5.83,-16.83,12,36.5,27.33,8,133.25,155.0,DELAY_NAS|DELAY_LATE_AIRCRAFT|DELAY_CARRIER
GRI,4,122,-5.54,-11.61,8,28.75,23.25,16,216.88,223.88,DELAY_CARRIER|DELAY_LATE_AIRCRAFT|CANC_WEATHER
GRI,5,120,-3.22,-9.3,20,30.2,22.5,14,297.86,293.71,DELAY_CARRIER|DELAY_WEATHER|CANC_WEATHER
GRI,6,112,-5.66,-10.11,10,26.0,17.2,30,132.87,131.73,DELAY_CARRIER|DELAY_LATE_AIRCRAFT|DELAY_WEATHER
GRI,7,132,-7.62,-4.61,14,29.43,26.71,6,221.67,214.0,DELAY_CARRIER|DELAY_NAS|CANC_CARRIER
GRI,8,122,-5.82,-8.05,28,28.57,29.29,10,238.0,236.4,DELAY_CARRIER|DELAY_NAS|DELAY_LATE_AIRCRAFT
GRI,9,120,-5.2,-1.15,22,30.73,33.09,14,192.43,186.86,DELAY_CARRIER|DELAY_WEATHER|DELAY_LATE_AIRCRAFT
GRI,10,126,-3.56,-9.1,24,36.42,30.0,10,159.2,161.2,DELAY_CARRIER|DELAY_LATE_AIRCRAFT
GRI,11,112,-4.84,-7.09,8,33.5,43.0,32,274.69,273.81,DELAY_CARRIER|DELAY_NAS|CANC_WEATHER
GRI,12,104,-4.6,-15.04,38,31.05,28.42,28,187.07,183.71,DELAY_CARRIER|DELAY_NAS|CANC_WEATHER
GRK,1,180,-5.31,-6.8,30,33.07,40.0,30,122.93,118.47,DELAY_CARRIER|DELAY_LATE_AIRCRAFT|CANC_WEATHER
GRK,2,216,-5.31,-7.68,12,21.33,22.83,4,89.0,86.5,DELAY_CARRIER|DELAY_LATE_AIRCRAFT|DELAY_WEATHER
GRK,3,196,-4.41,-7.65,26,26.31,28.77,18,84.44,78.11,DELAY_LATE_AIRCRAFT|DELAY_CARRIER|DELAY_NAS
GRK,4,230,-5.54,-9.11,18,37.33,41.0,32,215.31,222.62,DELAY_WEATHER|DELAY_LATE_AIRCRAFT|DELAY_NAS
GRK,5,200,-4.08,-6.13,52,33.0,31.27,44,163.05,168.05,DELAY_LATE_AIRCRAFT|DELAY_WEATHER|DELAY_CARRIER
GRK,6,188,-2.36,-4.45,56,32.89,32.82,44,151.68,146.5,DELAY_LATE_AIRCRAFT|DELAY_CARRIER|DELAY_NAS
GRK,7,244,-4.43,-8.46,60,35.4,31.07,46,133.74,131.61,DELAY_LATE_AIRCRAFT|DELAY_CARRIER|DELAY_NAS
GRK,8,244,-4.64,-8.16,42,31.71,28.81,14,244.57,237.71,DELAY_LATE_AIRCRAFT|DELAY_CARRIER
GRK,9,242,-3.8,-5.28,38,32.63,32.53,18,124.0,119.22,DELAY_LATE_AIRCRAFT|DELAY_CARRIER|DELAY_NAS
GRK,10,308,-5.31,-8.9,28,27.0,19.43,14,122.0,116.29,DELAY_LATE_AIRCRAFT|DELAY_CARRIER|DELAY_NAS
GRK,11,272,-5.43,-10.9,40,28.85,28.85,26,109.46,104.15,DELAY_LATE_AIRCRAFT|DELAY_CARRIER|CANC_WEATHER
GRK,12,260,-4.62,-6.03,34,31.06,28.94,10,137.4,136.8,DELAY_LATE_AIRCRAFT|DELAY_NAS|CANC_WEATHER
GRR,1,2194,-4.22,-8.52,384,31.62,32.23,356,199.56,207.4,DELAY_NAS|DELAY_LATE_AIRCRAFT|DELAY_CARRIER
GRR,2,2622,-5.95,-18.6,220,30.66,20.89,140,179.66,175.71,DELAY_LATE_AIRCRAFT|DELAY_NAS|DELAY_CARRIER
GRR,3,2816,-6.07,-12.52,334,31.38,27.68,200,197.54,199.44,DELAY_NAS|DELAY_LATE_AIRCRAFT|DELAY_CARRIER
GRR,4,2656,-6.49,-14.03,246,32.45,26.02,132,154.59,148.21,DELAY_LATE_AIRCRAFT|DELAY_CARRIER|DELAY_NAS
GRR,5,2334,-4.81,-10.35,278,31.82,29.18,222,148.14,151.13,DELAY_LATE_AIRCRAFT|DELAY_NAS|DELAY_CARRIER
GRR,6,2332,-4.3,-8.77,412,31.69,27.83,256,149.98,150.09,DELAY_LATE_AIRCRAFT|DELAY_NAS|DELAY_CARRIER
GRR,7,2268,-3.82,-6.73,400,33.74,32.89,300,160.11,158.63,DELAY_LATE_AIRCRAFT|DELAY_CARRIER|DELAY_NAS
GRR,8,2278,-3.82,-7.86,402,31.21,31.02,190,160.03,162.33,DELAY_LATE_AIRCRAFT|DELAY_CARRIER|DELAY_NAS
GRR,9,2534,-4.57,-9.46,242,29.62,25.53,90,160.84,156.93,DELAY_NAS|DELAY_CARRIER|DELAY_LATE_AIRCRAFT
GRR,10,2644,-4.85,-10.97,210,31.02,25.3,94,173.91,168.57,DELAY_LATE_AIRCRAFT|DELAY_CARRIER|DELAY_NAS
GRR,11,2456,-5.67,-9.88,252,30.9,29.9,148,159.04,160.0,DELAY_NAS|DELAY_LATE_AIRCRAFT|DELAY_CARRIER
GRR,12,2574,-4.48,-8.62,384,31.68,31.07,246,188.11,186.33,DELAY_NAS|DELAY_CARRIER|DELAY_LATE_AIRCRAFT
GSO,1,1518,-5.68,-12.45,126,34.25,31.84,140,176.79,170.46,DELAY_LATE_AIRCRAFT|DELAY_NAS|DELAY_CARRIER
GSO,2,1630,-6.16,-13.98,94,29.89,22.38,62,191.58,184.87,DELAY_NAS|DELAY_LATE_AIRCRAFT|DELAY_CARRIER
GSO,3,1760,-5.66,-12.05,98,30.94,25.16,72,163.61,161.97,DELAY_LATE_AIRCRAFT|DELAY_NAS|DELAY_CARRIER
GSO,4,1706,-5.07,-7.6,108,27.48,27.15,82,178.63,177.73,DELAY_NAS|DELAY_LATE_AIRCRAFT|DELAY_CARRIER
GSO,5,1624,-4.77,-7.98,182,34.98,31.64,176,161.66,162.44,DELAY_LATE_AIRCRAFT|DELAY_CARRIER|DELAY_NAS
GSO,6,1690,-4.89,-10.85,182,32.87,29.05,132,166.36,165.44,DELAY_LATE_AIRCRAFT|DELAY_NAS|DELAY_CARRIER
GSO,7,1458,-4.2,-7.09,280,34.68,34.05,262,160.6,163.81,DELAY_LATE_AIRCRAFT|DELAY_CARRIER|DELAY_NAS
GSO,8,1728,-5.25,-8.76,180,32.68,31.84,208,186.13,184.35,DELAY_LATE_AIRCRAFT|DELAY_NAS|DELAY_CARRIER
GSO,9,1832,-5.12,-10.09,174,31.68,26.06,98,160.31,161.31,DELAY_LATE_AIRCRAFT|DELAY_NAS|DELAY_CARRIER
GSO,10,1974,-5.2,-10.41,136,28.75,21.1,60,149.3,141.8,DELAY_NAS|DELAY_LATE_AIRCRAFT|DELAY_CARRIER
GSO,11,1716,-4.37,-7.38,108,31.41,30.44,56,208.61,210.86,DELAY_NAS|DELAY_CARRIER|DELAY_LATE_AIRCRAFT
GSO,12,1504,-2.82,-7.24,206,31.66,26.76,120,133.83,128.73,DELAY_NAS|DELAY_LATE_AIRCRAFT|DELAY_CARRIER
GSP,1,1910,-4.3,-10.72,238,33.2,27.59,186,153.78,146.68,DELAY_LATE_AIRCRAFT|DELAY_CARRIER|DELAY_NAS
GSP,2,2104,-5.18,-11.19,126,29.59,20.56,74,161.65,154.62,DELAY_CARRIER|DELAY_NAS|DELAY_LATE_AIRCRAFT
GSP,3,2240,-4.78,-10.4,198,30.0,23.71,90,164.93,159.18,DELAY_LATE_AIRCRAFT|DELAY_NAS|DELAY_CARRIER
GSP,4,2300,-4.49,-8.7,228,30.12,28.05,108,139.13,137.07,DELAY_LATE_AIRCRAFT|DELAY_NAS|DELAY_CARRIER
GSP,5,2210,-3.4,-8.08,346,32.5,28.56,296,149.66,148.78,DELAY_LATE_AIRCRAFT|DELAY_NAS|DELAY_CARRIER
GSP,6,2338,-3.98,-8.8,254,31.54,25.97,178,191.57,189.2,DELAY_LATE_AIRCRAFT|DELAY_NAS|DELAY_CARRIER
GSP,7,2156,-3.81,-7.86,354,35.65,36.06,366,157.04,154.13,DELAY_LATE_AIRCRAFT|DELAY_NAS|DELAY_CARRIER
GSP,8,2394,-4.55,-9.19,290,32.54,29.92,202,153.91,152.9,DELAY_LATE_AIRCRAFT|DELAY_NAS|DELAY_CARRIER
GSP,9,2294,-4.57,-9.94,222,32.22,26.37,152,168.32,164.04,DELAY_LATE_AIRCRAFT|DELAY_CARRIER|DELAY_NAS
GSP,10,2618,-5.27,-10.15,198,30.07,23.48,108,157.56,153.17,DELAY_NAS|DELAY_LATE_AIRCRAFT|DELAY_CARRIER
GSP,11,2424,-4.43,-9.19,196,29.35,23.43,58,127.9,123.1,DELAY_NAS|DELAY_LATE_AIRCRAFT|DELAY_CARRIER
GSP,12,2146,-3.37,-9.05,332,31.09,23.2,176,147.7,141.6,DELAY_LATE_AIRCRAFT|DELAY_CARRIER|DELAY_NAS
GST,6,60,-13.3,-15.0,0,,,0,,,N/D
GST,7,44,0.23,-2.05,8,33.0,24.75,6,123.33,120.0,DELAY_LATE_AIRCRAFT|DELAY_SECURITY|CANC_WEATHER
GST,8,42,-9.71,-12.43,6,24.67,15.67,2,224.0,220.0,CANC_WEATHER|CANC_CARRIER|DELAY_CARRIER
GTF,1,342,-5.75,-10.92,36,31.56,23.61,48,225.67,229.42,DELAY_CARRIER|DELAY_LATE_AIRCRAFT|DELAY_WEATHER
GTF,2,360,-4.91,-7.61,22,33.18,32.27,34,291.94,296.12,DELAY_CARRIER|DELAY_NAS|DELAY_WEATHER
GTF,3,412,-5.57,-9.67,22,35.27,28.55,22,218.18,221.36,DELAY_CARRIER|DELAY_LATE_AIRCRAFT|DELAY_NAS
GTF,4,408,-5.16,-10.12,20,38.8,29.7,18,263.78,259.44,DELAY_CARRIER|DELAY_LATE_AIRCRAFT|DELAY_NAS
GTF,5,380,-5.84,-11.81,24,36.17,29.08,16,132.5,125.38,DELAY_CARRIER|DELAY_NAS|DELAY_LATE_AIRCRAFT
GTF,6,342,-4.56,-10.72,24,32.42,25.0,12,185.83,174.33,DELAY_CARRIER|DELAY_LATE_AIRCRAFT|DELAY_NAS
GTF,7,350,-4.38,-11.63,20,30.7,17.5,10,327.2,317.6,DELAY_CARRIER|DELAY_LATE_AIRCRAFT|DELAY_NAS
GTF,8,360,-5.42,-10.02,16,36.75,35.12,8,120.25,127.5,DELAY_NAS|DELAY_CARRIER|DELAY_LATE_AIRCRAFT
GTF,9,336,-5.49,-13.38,18,29.22,16.89,6,123.67,109.67,DELAY_CARRIER|DELAY_LATE_AIRCRAFT|DELAY_NAS
GTF,10,354,-4.89,-12.73,20,30.5,18.2,14,153.14,137.14,DELAY_CARRIER|DELAY_LATE_AIRCRAFT|DELAY_NAS
GTF,11,342,-5.2,-5.95,24,33.25,35.5,10,84.8,86.0,DELAY_CARRIER|DELAY_NAS|CANC_WEATHER
GTF,12,366,-5.83,-14.91,22,33.82,24.64,16,236.25,232.0,DELAY_CARRIER|DELAY_LATE_AIRCRAFT|DELAY_NAS
GTR,1,92,-5.0,-19.46,4,32.0,32.0,16,156.12,160.12,DELAY_LATE_AIRCRAFT|CANC_NAS|CANC_WEATHER
GTR,2,110,-5.84,-18.56,6,25.0,9.67,0,,,DELAY_CARRIER
GTR,3,116,-4.76,-11.48,6,21.67,3.33,2,384.0,381.0,DELAY_CARRIER|DELAY_LATE_AIRCRAFT|DELAY_NAS
GTR,4,108,-5.74,-11.26,6,37.67,28.33,6,118.33,112.0,DELAY_CARRIER|DELAY_LATE_AIRCRAFT|DELAY_NAS
GTR,5,114,-3.79,-7.68,6,40.0,43.33,4,163.5,163.0,DELAY_LATE_AIRCRAFT|DELAY_CARRIER|DELAY_NAS
GTR,6,112,-6.02,-10.8,6,42.0,42.33,2,126.0,127.0,DELAY_LATE_AIRCRAFT|DELAY_NAS|DELAY_CARRIER
GTR,7,94,-4.96,-5.83,10,28.6,23.2,14,175.43,170.71,DELAY_LATE_AIRCRAFT|DELAY_NAS|DELAY_WEATHER
GTR,8,118,-6.9,-16.95,2,23.0,21.0,2,99.0,95.0,DELAY_LATE_AIRCRAFT
GTR,9,112,-5.64,-11.2,4,22.0,10.0,4,65.0,99.0,DELAY_NAS|DELAY_CARRIER
GTR,10,124,-7.31,-13.11,0,,,0,,,DELAY_NAS
GTR,11,114,-6.16,-9.56,4,29.5,29.5,2,292.0,285.0,DELAY_NAS|DELAY_CARRIER|DELAY_LATE_AIRCRAFT
GTR,12,108,-5.54,-12.7,8,33.0,46.25,6,101.33,99.0,DELAY_NAS|DELAY_LATE_AIRCRAFT|DELAY_CARRIER
GUC,1,142,-6.23,-7.34,20,34.3,27.4,34,181.06,186.12,DELAY_LATE_AIRCRAFT|DELAY_CARRIER|DELAY_WEATHER
GUC,2,150,-5.65,-11.55,10,33.2,27.6,16,101.75,93.88,DELAY_CARRIER|DELAY_LATE_AIRCRAFT|DELAY_NAS
GUC,3,158,-7.09,-11.87,14,35.57,37.14,22,171.55,169.82,DELAY_CARRIER|DELAY_LATE_AIRCRAFT|DELAY_NAS
GUC,4,80,-7.45,-11.7,4,24.0,6.5,0,,,DELAY_NAS
GUC,5,68,-7.62,-12.24,2,20.0,16.0,10,112.4,109.0,DELAY_CARRIER|DELAY_NAS|DELAY_WEATHER
GUC,6,104,-7.27,-7.19,20,36.1,31.3,6,127.0,121.0,DELAY_CARRIER|DELAY_LATE_AIRCRAFT|DELAY_NAS
GUC,7,118,-6.47,-11.49,8,28.75,20.75,6,115.67,104.0,DELAY_CARRIER|DELAY_NAS|DELAY_LATE_AIRCRAFT
GUC,8,108,-6.52,-18.59,14,40.57,27.43,12,142.67,136.33,DELAY_CARRIER|DELAY_LATE_AIRCRAFT
GUC,9,124,-7.56,-24.34,0,,,2,63.0,57.0,DELAY_CARRIER|DELAY_NAS
GUC,10,118,-8.46,-22.22,2,22.0,20.0,4,94.5,90.5,DELAY_CARRIER|DELAY_LATE_AIRCRAFT|DELAY_WEATHER
GUC,11,94,-6.43,-20.51,10,43.2,28.0,6,194.33,194.0,DELAY_CARRIER|CANC_WEATHER|CANC_NAS
GUC,12,162,-6.63,-19.32,12,35.83,21.67,18,402.22,402.33,DELAY_LATE_AIRCRAFT|DELAY_CARRIER|CANC_WEATHER
GUM,1,118,-6.15,-18.73,4,17.0,-8.5,2,374.0,344.0,DELAY_LATE_AIRCRAFT
GUM,2,112,-5.46,-21.16,4,28.5,12.5,0,,,DELAY_CARRIER
GUM,3,122,-4.26,-19.49,2,32.0,-6.0,0,,,N/D
GUM,4,106,-7.87,-20.55,14,21.57,-9.14,0,,,N/D
GUM,5,110,-3.35,-16.07,10,30.6,2.4,2,829.0,795.0,CANC_CARRIER|DELAY_LATE_AIRCRAFT
GUM,6,96,0.15,-6.35,18,27.78,19.78,6,93.67,77.67,DELAY_CARRIER
GUM,7,110,-1.67,-11.56,14,29.29,11.14,0,,,DELAY_CARRIER
GUM,8,108,-1.65,-8.43,10,33.8,29.0,6,91.67,80.67,DELAY_CARRIER
GUM,9,102,-6.06,-16.43,6,43.0,14.67,4,130.0,109.5,DELAY_CARRIER|CANC_WEATHER|CANC_CARRIER
GUM,10,118,-6.44,-16.86,6,23.67,16.67,0,,,DELAY_CARRIER
GUM,11,112,-3.89,-7.86,4,32.5,16.5,2,112.0,111.0,DELAY_CARRIER|CANC_NAS
GUM,12,118,-3.66,-9.73,4,31.0,15.0,2,95.0,82.0,DELAY_NAS|DELAY_CARRIER
HDN,1,632,-4.02,-9.24,120,33.18,29.43,82,193.46,191.27,DELAY_LATE_AIRCRAFT|DELAY_NAS|DELAY_CARRIER
HDN,2,608,-4.0,-10.74,166,31.14,30.83,66,155.18,160.67,DELAY_LATE_AIRCRAFT|DELAY_NAS|DELAY_CARRIER
HDN,3,680,-5.68,-10.32,104,30.81,28.48,68,329.15,336.38,DELAY_NAS|DELAY_LATE_AIRCRAFT|DELAY_CARRIER
HDN,4,216,-4.82,-9.48,20,31.7,22.3,4,99.5,93.0,DELAY_LATE_AIRCRAFT|DELAY_CARRIER|DELAY_NAS
HDN,5,170,-7.06,-12.71,20,31.3,15.9,14,114.29,125.71,DELAY_LATE_AIRCRAFT|DELAY_NAS|DELAY_CARRIER
HDN,6,196,-4.3,-8.53,32,28.19,17.19,14,99.71,94.57,DELAY_CARRIER|DELAY_LATE_AIRCRAFT|DELAY_NAS
HDN,7,188,-3.1,-12.69,50,37.12,24.04,24,140.17,132.58,DELAY_CARRIER|DELAY_LATE_AIRCRAFT|DELAY_NAS
HDN,8,202,-2.01,-10.73,40,34.4,28.35,22,188.73,176.55,DELAY_CARRIER|DELAY_NAS|DELAY_LATE_AIRCRAFT
HDN,9,220,-5.76,-13.88,12,21.33,8.5,10,145.4,135.8,DELAY_CARRIER|DELAY_LATE_AIRCRAFT|DELAY_NAS
HDN,10,216,-5.64,-14.0,8,41.25,26.0,4,103.5,84.0,DELAY_CARRIER|DELAY_LATE_AIRCRAFT|DELAY_NAS
HDN,11,178,-4.3,-14.26,26,35.77,21.08,22,140.45,148.73,DELAY_LATE_AIRCRAFT|DELAY_CARRIER|CANC_WEATHER
HDN,12,384,-4.56,-14.26,96,32.08,25.88,54,175.33,176.85,DELAY_LATE_AIRCRAFT|DELAY_NAS|DELAY_CARRIER
HGR,1,24,-7.83,-16.08,8,28.75,37.25,2,112.0,107.0,DELAY_CARRIER|DELAY_NAS
HGR,2,24,-3.33,-5.33,4,36.5,37.5,6,298.33,303.0,DELAY_CARRIER|DELAY_LATE_AIRCRAFT|DELAY_NAS
HGR,3,24,2.0,-1.08,8,40.0,45.5,4,78.0,98.0,DELAY_LATE_AIRCRAFT|DELAY_NAS
HGR,4,14,-10.43,-21.86,16,35.75,27.5,2,129.0,131.0,DELAY_LATE_AIRCRAFT|DELAY_CARRIER|CANC_CARRIER
HGR,5,26,-8.38,-13.15,10,25.0,22.4,6,120.67,133.33,DELAY_LATE_AIRCRAFT|DELAY_NAS
HGR,6,32,-8.75,-12.12,30,38.13,31.93,8,97.75,91.5,DELAY_LATE_AIRCRAFT|DELAY_CARRIER|CANC_NAS
HGR,7,38,-9.11,-11.0,28,32.21,26.86,20,283.7,283.6,DELAY_LATE_AIRCRAFT|DELAY_CARRIER|CANC_CARRIER
HGR,8,48,-3.79,-1.29,12,27.17,23.17,4,113.5,137.5,DELAY_LATE_AIRCRAFT|DELAY_NAS|CANC_WEATHER
HGR,9,36,-6.44,-5.56,2,52.0,76.0,0,,,DELAY_LATE_AIRCRAFT
HGR,10,38,-7.68,-7.05,6,22.0,18.33,6,172.33,169.0,DELAY_LATE_AIRCRAFT|CANC_WEATHER|DELAY_CARRIER
HGR,11,34,-8.18,-18.18,4,39.0,35.5,6,390.67,388.0,DELAY_LATE_AIRCRAFT|DELAY_CARRIER
HGR,12,18,2.11,-5.67,6,37.33,26.33,18,234.78,226.0,DELAY_LATE_AIRCRAFT|DELAY_CARRIER|CANC_WEATHER
HHH,1,98,-5.59,-12.55,10,38.0,35.4,6,101.0,100.33,CANC_WEATHER|DELAY_LATE_AIRCRAFT|DELAY_NAS
HHH,2,124,-6.29,-10.61,14,31.71,28.29,6,100.0,98.67,DELAY_LATE_AIRCRAFT|DELAY_NAS|CANC_WEATHER
HHH,3,154,-4.97,-6.71,28,38.29,31.5,6,112.67,103.0,DELAY_LATE_AIRCRAFT|DELAY_NAS
HHH,4,272,-3.63,-5.79,52,26.12,18.23,24,135.75,126.42,DELAY_LATE_AIRCRAFT|DELAY_NAS|DELAY_CARRIER
HHH,5,288,-3.74,-7.32,78,30.41,28.79,92,144.91,142.0,DELAY_LATE_AIRCRAFT|DELAY_CARRIER|DELAY_NAS
HHH,6,368,-4.87,-10.02,56,29.14,22.61,32,119.81,111.88,DELAY_LATE_AIRCRAFT|DELAY_NAS|DELAY_CARRIER
HHH,7,344,-4.9,-9.14,68,30.26,29.29,44,187.91,196.05,DELAY_LATE_AIRCRAFT|DELAY_NAS|DELAY_CARRIER
HHH,8,356,-4.84,-10.79,54,33.96,26.74,24,294.67,301.17,DELAY_LATE_AIRCRAFT|DELAY_NAS|CANC_WEATHER
HHH,9,296,-5.42,-8.33,32,32.94,33.62,42,121.33,120.9,DELAY_LATE_AIRCRAFT|DELAY_NAS|DELAY_CARRIER
HHH,10,302,-6.54,-6.09,30,31.53,32.4,14,97.29,91.0,DELAY_NAS|DELAY_LATE_AIRCRAFT|DELAY_CARRIER
HHH,11,146,-3.75,-2.1,24,31.08,21.67,2,166.0,146.0,DELAY_NAS|DELAY_LATE_AIRCRAFT|DELAY_CARRIER
HHH,12,116,-3.64,-2.6,28,32.93,30.86,8,135.25,142.75,DELAY_LATE_AIRCRAFT|DELAY_NAS|CANC_WEATHER
HIB,1,84,-7.02,-12.36,8,33.25,34.0,10,111.6,101.0,DELAY_CARRIER|DELAY_WEATHER|DELAY_NAS
HIB,2,84,-9.31,-12.45,8,33.0,20.25,6,224.33,232.33,DELAY_CARRIER|DELAY_WEATHER|CANC_WEATHER
HIB,3,94,-9.83,-23.15,2,15.0,-6.0,10,78.8,72.8,DELAY_CARRIER|DELAY_NAS|CANC_WEATHER
HIB,4,92,-9.52,-24.33,8,38.75,23.0,2,92.0,75.0,DELAY_CARRIER|DELAY_WEATHER
HIB,5,96,-8.52,-20.58,6,34.67,22.67,4,196.5,182.0,DELAY_CARRIER|DELAY_WEATHER
HIB,6,82,-6.83,-3.22,6,29.67,46.67,16,366.38,373.38,DELAY_CARRIER|DELAY_NAS|DELAY_WEATHER
HIB,7,92,-7.22,-3.54,10,30.8,34.0,2,68.0,71.0,DELAY_CARRIER|DELAY_NAS|DELAY_WEATHER
HIB,8,92,-7.89,-5.67,8,45.5,68.5,8,346.0,350.5,DELAY_CARRIER|DELAY_NAS
HIB,9,100,-8.3,-16.76,0,,,6,137.33,145.33,DELAY_CARRIER|DELAY_NAS
HIB,10,92,-9.52,-19.24,4,45.5,32.5,8,166.75,151.5,DELAY_CARRIER|DELAY_WEATHER
HIB,11,102,-10.73,-24.43,4,37.0,17.5,0,,,DELAY_CARRIER|DELAY_WEATHER
HIB,12,68,-6.18,-10.65,16,32.88,12.38,14,129.14,118.0,DELAY_CARRIER|CANC_WEATHER|DELAY_NAS
HLN,1,238,-4.24,-6.19,32,29.25,37.19,42,266.24,273.57,DELAY_CARRIER|DELAY_LATE_AIRCRAFT|DELAY_NAS
HLN,2,260,-5.54,-3.81,14,32.0,37.0,14,171.71,169.43,DELAY_CARRIER|DELAY_NAS|DELAY_WEATHER
HLN,3,254,-5.64,-6.97,8,17.25,22.5,8,172.25,175.0,DELAY_CARRIER|DELAY_NAS|CANC_WEATHER
HLN,4,218,-6.19,-15.75,10,25.0,9.2,12,243.67,242.83,DELAY_CARRIER|DELAY_LATE_AIRCRAFT|DELAY_WEATHER
HLN,5,218,-5.75,-12.99,8,22.0,11.75,22,179.36,174.82,DELAY_CARRIER|DELAY_NAS|DELAY_LATE_AIRCRAFT
HLN,6,210,-5.91,-10.34,12,28.67,33.83,14,298.0,295.14,DELAY_CARRIER|DELAY_NAS|DELAY_LATE_AIRCRAFT
HLN,7,218,-5.41,-9.94,6,29.0,24.0,22,205.27,207.55,DELAY_CARRIER|DELAY_LATE_AIRCRAFT|DELAY_NAS
HLN,8,222,-5.69,-8.65,14,29.43,33.14,12,464.17,466.33,DELAY_CARRIER|DELAY_NAS|DELAY_LATE_AIRCRAFT
HLN,9,216,-6.43,-13.56,10,41.8,40.2,14,147.86,150.71,DELAY_CARRIER|DELAY_WEATHER|DELAY_LATE_AIRCRAFT
HLN,10,270,-6.42,-10.44,6,23.0,16.0,10,322.4,318.6,DELAY_CARRIER|DELAY_LATE_AIRCRAFT|DELAY_WEATHER
HLN,11,206,-4.69,-10.59,16,31.25,28.12,10,279.2,283.8,DELAY_CARRIER|DELAY_NAS|DELAY_LATE_AIRCRAFT
HLN,12,214,-6.31,-19.07,14,28.71,21.43,14,199.14,193.43,DELAY_CARRIER|DELAY_WEATHER|DELAY_LATE_AIRCRAFT
HNL,1,7672,-0.55,-8.36,1818,29.69,20.71,552,121.53,107.6,DELAY_LATE_AIRCRAFT|DELAY_CARRIER|CANC_CARRIER
HNL,2,7848,-1.12,-8.53,1194,29.12,15.85,428,150.69,132.32,DELAY_CARRIER|DELAY_LATE_AIRCRAFT|DELAY_NAS
HNL,3,9268,-1.39,-6.14,1008,27.51,21.46,180,124.2,113.36,DELAY_CARRIER|DELAY_LATE_AIRCRAFT|DELAY_NAS
HNL,4,8790,-1.47,-5.67,964,28.74,23.53,344,136.08,128.02,DELAY_CARRIER|DELAY_LATE_AIRCRAFT|DELAY_NAS
HNL,5,8662,-1.14,-3.4,1196,30.09,28.76,418,126.62,125.39,DELAY_CARRIER|DELAY_LATE_AIRCRAFT|CANC_CARRIER
HNL,6,8934,-1.45,-3.94,1148,28.26,25.34,292,119.01,113.27,DELAY_CARRIER|DELAY_LATE_AIRCRAFT|DELAY_NAS
HNL,7,9192,-1.22,-3.43,1296,28.51,25.91,382,123.03,119.44,DELAY_CARRIER|DELAY_LATE_AIRCRAFT|DELAY_NAS
HNL,8,9196,-1.65,-7.43,930,29.49,20.58,282,149.31,136.53,DELAY_CARRIER|DELAY_LATE_AIRCRAFT|CANC_CARRIER
HNL,9,8854,-2.53,-6.22,654,27.99,21.77,134,147.94,143.24,DELAY_CARRIER|DELAY_LATE_AIRCRAFT|DELAY_NAS
HNL,10,8670,-1.72,-5.81,922,28.67,22.13,258,125.28,115.53,DELAY_CARRIER|DELAY_LATE_AIRCRAFT|DELAY_NAS
HNL,11,8920,-2.65,-6.23,658,28.97,21.81,224,117.91,107.98,DELAY_CARRIER|DELAY_LATE_AIRCRAFT|DELAY_NAS
HNL,12,9062,-1.96,-5.55,1116,29.06,22.93,304,138.97,129.61,DELAY_CARRIER|DELAY_LATE_AIRCRAFT|DELAY_NAS
HOB,5,14,-1.71,-11.29,8,20.5,26.75,8,200.25,189.5,DELAY_CARRIER|DELAY_LATE_AIRCRAFT|DELAY_NAS
HOB,6,84,-6.26,-8.12,12,39.33,32.17,20,209.8,210.6,DELAY_CARRIER|CANC_WEATHER|DELAY_WEATHER
HOB,7,98,-4.49,-6.02,6,37.33,33.33,14,157.86,156.86,DELAY_CARRIER|CANC_WEATHER|DELAY_LATE_AIRCRAFT
HOB,8,80,-6.85,-12.03,30,34.27,29.8,14,218.86,202.29,DELAY_CARRIER|DELAY_LATE_AIRCRAFT|DELAY_NAS
HOB,9,110,-5.2,-13.42,6,29.33,20.67,4,467.5,450.0,DELAY_CARRIER|DELAY_LATE_AIRCRAFT
HOB,10,114,-4.75,-14.14,6,33.0,20.33,4,473.5,458.0,DELAY_CARRIER|DELAY_LATE_AIRCRAFT
HOB,11,82,-5.2,-17.56,22,27.45,10.0,14,200.0,191.0,DELAY_CARRIER|CANC_WEATHER|DELAY_LATE_AIRCRAFT
HOB,12,94,-3.09,-10.47,18,33.0,15.89,12,278.0,263.67,DELAY_CARRIER|DELAY_NAS
HOU,1,6690,-0.36,-6.35,1686,29.42,26.66,630,127.12,134.05,DELAY_LATE_AIRCRAFT|DELAY_CARRIER|DELAY_NAS
HOU,2,7260,-1.55,-6.33,954,27.98,22.08,162,105.68,100.26,DELAY_CARRIER|DELAY_LATE_AIRCRAFT|DELAY_NAS
HOU,3,7602,-0.95,-8.82,1628,29.71,22.97,528,119.23,113.05,DELAY_LATE_AIRCRAFT|DELAY_CARRIER|DELAY_NAS
HOU,4,7450,-0.82,-10.48,1678,30.06,22.26,526,134.25,128.51,DELAY_LATE_AIRCRAFT|DELAY_CARRIER|DELAY_NAS
HOU,5,6080,0.49,-7.33,2322,31.43,26.36,1342,150.96,145.67,DELAY_LATE_AIRCRAFT|DELAY_CARRIER|DELAY_NAS
HOU,6,6774,0.63,-7.42,2382,30.65,22.85,908,128.26,121.83,DELAY_LATE_AIRCRAFT|DELAY_CARRIER|DELAY_NAS
HOU,7,5900,0.75,-7.53,2712,31.59,23.85,1360,130.04,124.14,DELAY_LATE_AIRCRAFT|DELAY_CARRIER|CANC_WEATHER
HOU,8,7544,-1.37,-12.18,1348,30.05,19.0,424,129.64,119.98,DELAY_LATE_AIRCRAFT|DELAY_CARRIER|DELAY_NAS
HOU,9,7516,-1.54,-11.86,1090,28.9,18.27,158,97.47,87.18,DELAY_LATE_AIRCRAFT|DELAY_CARRIER|DELAY_NAS
HOU,10,8126,-1.34,-12.44,1208,29.55,19.05,342,123.4,117.2,DELAY_LATE_AIRCRAFT|DELAY_CARRIER|DELAY_NAS
HOU,11,7730,-1.75,-8.74,1010,29.62,22.63,262,108.95,107.08,DELAY_LATE_AIRCRAFT|DELAY_CARRIER|DELAY_NAS
HOU,12,7004,-0.73,-7.24,1488,30.35,25.18,704,137.74,139.06,DELAY_LATE_AIRCRAFT|DELAY_CARRIER|DELAY_NAS
HPN,1,1530,-4.36,-7.16,302,33.7,34.12,236,186.94,185.48,DELAY_LATE_AIRCRAFT|DELAY_NAS|DELAY_CARRIER
HPN,2,1678,-4.84,-16.81,222,31.13,24.19,102,160.29,152.86,DELAY_CARRIER|DELAY_LATE_AIRCRAFT|DELAY_NAS
HPN,3,1794,-4.52,-12.71,242,31.12,24.93,126,166.56,162.49,DELAY_LATE_AIRCRAFT|DELAY_NAS|DELAY_CARRIER
HPN,4,1698,-5.21,-13.34,190,33.44,31.88,170,192.34,193.59,DELAY_LATE_AIRCRAFT|DELAY_CARRIER|DELAY_NAS
HPN,5,1624,-5.45,-11.97,232,32.8,29.4,150,150.41,152.11,DELAY_LATE_AIRCRAFT|DELAY_NAS|DELAY_CARRIER
HPN,6,1614,-5.74,-13.31,178,33.28,30.76,146,203.07,200.25,DELAY_LATE_AIRCRAFT|DELAY_CARRIER|DELAY_NAS
HPN,7,1508,-4.65,-7.6,216,33.58,35.38,268,184.93,187.13,DELAY_LATE_AIRCRAFT|DELAY_CARRIER|DELAY_NAS
HPN,8,1476,-5.26,-10.42,276,31.5,32.48,234,167.66,172.38,DELAY_LATE_AIRCRAFT|DELAY_CARRIER|DELAY_NAS
HPN,9,1734,-7.9,-12.48,116,34.24,32.52,114,168.81,165.44,DELAY_CARRIER|DELAY_LATE_AIRCRAFT|DELAY_NAS
HPN,10,1802,-6.44,-15.11,134,33.61,25.97,84,157.67,149.6,DELAY_CARRIER|DELAY_LATE_AIRCRAFT|CANC_WEATHER
HPN,11,1674,-6.59,-17.19,172,32.4,24.02,94,133.36,123.62,DELAY_CARRIER|DELAY_LATE_AIRCRAFT|DELAY_NAS
HPN,12,1442,-3.81,-8.77,294,31.58,30.07,268,152.73,152.67,DELAY_LATE_AIRCRAFT|DELAY_NAS|DELAY_CARRIER
HRL,1,546,-3.38,-8.26,74,33.22,27.27,46,136.57,139.43,DELAY_LATE_AIRCRAFT|DELAY_NAS|DELAY_CARRIER
HRL,2,592,-4.41,-8.2,42,28.86,21.33,8,90.5,87.25,DELAY_LATE_AIRCRAFT|DELAY_NAS|DELAY_CARRIER
HRL,3,580,-4.02,-9.56,70,30.91,22.34,44,131.18,126.64,DELAY_LATE_AIRCRAFT|DELAY_NAS|DELAY_CARRIER
HRL,4,634,-4.34,-8.82,74,31.24,30.86,44,138.86,141.5,DELAY_LATE_AIRCRAFT|DELAY_NAS|DELAY_WEATHER
HRL,5,492,-2.66,-3.93,134,31.43,33.1,60,174.1,180.2,DELAY_LATE_AIRCRAFT|DELAY_NAS|DELAY_CARRIER
HRL,6,486,-1.44,-1.61,98,28.08,28.02,48,145.04,142.12,DELAY_LATE_AIRCRAFT|DELAY_NAS|DELAY_CARRIER
HRL,7,478,-1.9,-1.02,140,31.49,33.14,58,133.62,138.48,DELAY_LATE_AIRCRAFT|DELAY_NAS|DELAY_CARRIER
HRL,8,620,-4.82,-7.5,50,28.24,24.76,24,100.42,98.92,DELAY_LATE_AIRCRAFT|DELAY_NAS|DELAY_CARRIER
HRL,9,592,-3.65,-7.35,66,27.39,25.88,22,140.18,138.27,DELAY_LATE_AIRCRAFT|DELAY_NAS|DELAY_CARRIER
HRL,10,718,-4.96,-9.21,64,28.78,24.22,20,135.8,128.8,DELAY_LATE_AIRCRAFT|DELAY_NAS|DELAY_CARRIER
HRL,11,724,-4.49,-9.88,46,30.7,27.0,20,142.9,144.3,DELAY_CARRIER|DELAY_LATE_AIRCRAFT|DELAY_NAS
HRL,12,662,-2.91,-7.91,78,34.56,33.92,56,144.18,144.29,DELAY_LATE_AIRCRAFT|DELAY_CARRIER|DELAY_NAS
HSV,1,964,-4.09,-7.37,148,31.7,30.82,140,153.07,150.1,DELAY_LATE_AIRCRAFT|DELAY_CARRIER|CANC_WEATHER
HSV,2,1162,-5.34,-10.61,114,28.33,23.21,56,111.25,100.5,DELAY_LATE_AIRCRAFT|DELAY_CARRIER|DELAY_NAS
HSV,3,1276,-4.54,-10.27,168,30.12,23.13,88,178.91,177.2,DELAY_LATE_AIRCRAFT|DELAY_CARRIER|DELAY_NAS
HSV,4,1322,-4.53,-7.35,152,32.8,29.45,114,155.91,147.93,DELAY_LATE_AIRCRAFT|DELAY_CARRIER|DELAY_NAS
HSV,5,1188,-3.06,-4.11,226,30.44,29.49,160,140.65,143.76,DELAY_LATE_AIRCRAFT|DELAY_NAS|DELAY_CARRIER
HSV,6,1140,-3.7,-8.58,214,31.09,25.89,112,147.04,143.73,DELAY_CARRIER|DELAY_LATE_AIRCRAFT|DELAY_NAS
HSV,7,1034,-2.13,-5.28,224,31.33,27.46,194,168.18,162.69,DELAY_CARRIER|DELAY_LATE_AIRCRAFT|DELAY_NAS
HSV,8,1192,-3.73,-7.7,176,32.43,27.51,110,147.76,141.55,DELAY_CARRIER|DELAY_LATE_AIRCRAFT|DELAY_NAS
HSV,9,1268,-4.13,-7.71,172,31.64,28.41,102,170.9,166.0,DELAY_CARRIER|DELAY_LATE_AIRCRAFT|DELAY_NAS
HSV,10,1294,-4.18,-9.58,200,29.17,19.12,82,126.12,115.17,DELAY_CARRIER|DELAY_LATE_AIRCRAFT|DELAY_NAS
HSV,11,1140,-3.58,-9.3,138,28.39,21.46,88,195.98,189.36,DELAY_CARRIER|DELAY_LATE_AIRCRAFT|DELAY_NAS
HSV,12,962,-2.09,-7.61,244,30.93,24.66,110,143.15,146.11,DELAY_CARRIER|DELAY_LATE_AIRCRAFT|DELAY_NAS
HTS,1,30,-4.47,-0.13,10,33.6,28.0,0,,,DELAY_CARRIER|DELAY_LATE_AIRCRAFT|DELAY_NAS
HTS,2,16,2.38,-3.12,12,21.17,24.83,6,65.0,56.33,DELAY_LATE_AIRCRAFT|DELAY_CARRIER|DELAY_NAS
HTS,3,16,1.75,3.5,10,37.8,36.2,8,446.0,446.75,DELAY_CARRIER|DELAY_LATE_AIRCRAFT|CANC_CARRIER
HTS,4,20,3.7,-4.3,8,22.25,14.25,6,109.67,114.0,DELAY_CARRIER|DELAY_LATE_AIRCRAFT|DELAY_NAS
HTS,5,24,-3.25,-12.25,14,28.43,28.14,24,173.75,173.0,DELAY_LATE_AIRCRAFT|DELAY_CARRIER|DELAY_NAS
HTS,6,94,-2.6,-2.89,44,33.18,31.45,38,175.16,174.53,DELAY_LATE_AIRCRAFT|DELAY_CARRIER|DELAY_NAS
HTS,7,114,-4.96,-1.47,36,34.17,32.83,18,226.78,225.78,DELAY_LATE_AIRCRAFT|CANC_CARRIER|DELAY_CARRIER
HTS,8,64,-6.72,-7.19,22,37.55,37.0,22,254.64,263.18,DELAY_LATE_AIRCRAFT|DELAY_CARRIER|DELAY_NAS
HTS,9,30,-6.33,-11.13,6,32.33,23.33,10,167.4,160.6,DELAY_CARRIER|DELAY_LATE_AIRCRAFT
HTS,10,18,-2.11,-2.78,10,33.6,29.8,2,63.0,63.0,CANC_WEATHER|DELAY_CARRIER|DELAY_LATE_AIRCRAFT
HTS,11,20,1.7,-4.1,10,33.4,32.8,10,162.4,159.2,DELAY_CARRIER|DELAY_LATE_AIRCRAFT|DELAY_NAS
HTS,12,22,4.64,1.82,16,30.25,26.75,14,121.71,115.71,DELAY_LATE_AIRCRAFT|DELAY_NAS|CANC_WEATHER
HYA,5,12,-11.33,-15.17,0,,,6,216.33,216.0,DELAY_LATE_AIRCRAFT
HYA,6,94,-6.23,0.3,16,37.62,41.38,16,177.0,182.62,DELAY_NAS|DELAY_LATE_AIRCRAFT|CANC_CARRIER
HYA,7,134,-4.09,1.64,22,34.45,37.09,22,163.73,167.27,DELAY_LATE_AIRCRAFT|DELAY_NAS|DELAY_CARRIER
HYA,8,138,-4.3,2.72,12,34.83,37.83,26,225.23,234.77,DELAY_NAS|DELAY_LATE_AIRCRAFT|DELAY_CARRIER
HYA,9,16,-4.0,8.0,0,,,2,64.0,61.0,DELAY_NAS|DELAY_LATE_AIRCRAFT
HYS,1,78,-8.51,-11.23,18,29.0,26.33,12,147.5,145.67,DELAY_LATE_AIRCRAFT|CANC_WEATHER|DELAY_CARRIER
HYS,2,106,-9.09,-13.85,6,38.0,46.0,4,122.5,128.0,DELAY_LATE_AIRCRAFT|DELAY_CARRIER|DELAY_NAS
HYS,3,108,-9.07,-17.07,4,50.0,38.0,8,108.5,106.75,DELAY_CARRIER|CANC_WEATHER|DELAY_LATE_AIRCRAFT
HYS,4,108,-6.54,-9.59,2,30.0,20.0,8,95.5,95.5,DELAY_LATE_AIRCRAFT|DELAY_NAS|CANC_WEATHER
HYS,5,88,-4.0,-11.3,12,34.83,31.17,24,323.58,318.33,DELAY_LATE_AIRCRAFT|DELAY_WEATHER|DELAY_CARRIER
HYS,6,96,-5.6,-15.1,2,44.0,49.0,4,229.5,212.0,DELAY_LATE_AIRCRAFT|DELAY_CARRIER|DELAY_NAS
HYS,7,94,-6.57,-18.09,0,,,12,234.33,228.0,DELAY_CARRIER|DELAY_LATE_AIRCRAFT|DELAY_NAS
HYS,8,94,-6.91,-18.94,4,21.5,7.0,8,182.5,169.0,DELAY_CARRIER|DELAY_LATE_AIRCRAFT|DELAY_NAS
HYS,9,96,-7.6,-21.19,0,,,8,221.0,209.0,DELAY_CARRIER
HYS,10,100,-8.18,-16.18,2,50.0,40.0,4,201.0,186.5,DELAY_LATE_AIRCRAFT|DELAY_CARRIER
HYS,11,90,-7.56,-8.33,4,50.5,37.5,6,125.67,121.33,DELAY_CARRIER|CANC_WEATHER|DELAY_LATE_AIRCRAFT
HYS,12,98,-6.49,-9.94,2,27.0,18.0,4,168.0,159.5,DELAY_CARRIER|CANC_WEATHER|DELAY_LATE_AIRCRAFT
IAD,1,6040,-2.56,-8.04,854,29.9,30.7,508,152.22,153.59,DELAY_NAS|CANC_CARRIER|DELAY_CARRIER
IAD,2,6812,-3.89,-12.28,454,31.22,20.58,222,137.16,125.15,DELAY_NAS|DELAY_CARRIER|DELAY_LATE_AIRCRAFT
IAD,3,7204,-3.42,-13.0,846,31.39,21.01,468,134.53,125.74,DELAY_NAS|DELAY_CARRIER|DELAY_LATE_AIRCRAFT
IAD,4,7280,-3.34,-8.82,798,29.48,23.62,472,143.46,133.89,DELAY_NAS|DELAY_CARRIER|DELAY_LATE_AIRCRAFT
IAD,5,7582,-2.8,-6.4,946,30.75,26.74,686,152.07,147.07,DELAY_NAS|DELAY_LATE_AIRCRAFT|DELAY_CARRIER
IAD,6,7314,-2.44,-7.52,984,31.23,25.29,626,162.81,155.98,DELAY_CARRIER|DELAY_NAS|DELAY_LATE_AIRCRAFT
IAD,7,6964,-1.78,-6.77,1340,30.61,26.04,848,162.39,155.19,DELAY_CARRIER|DELAY_NAS|DELAY_LATE_AIRCRAFT
IAD,8,6918,-2.33,-8.82,1012,31.39,26.95,956,187.63,180.0,DELAY_CARRIER|DELAY_NAS|DELAY_LATE_AIRCRAFT
IAD,9,7606,-3.53,-10.25,644,29.24,20.89,320,153.0,142.81,DELAY_NAS|DELAY_CARRIER|DELAY_LATE_AIRCRAFT
IAD,10,8390,-3.62,-12.32,610,29.72,17.3,254,130.32,116.71,DELAY_CARRIER|DELAY_NAS|DELAY_LATE_AIRCRAFT
IAD,11,8238,-3.87,-11.1,690,29.84,21.02,354,166.2,152.81,DELAY_NAS|DELAY_CARRIER|DELAY_LATE_AIRCRAFT
IAD,12,7174,-1.86,-8.73,1122,30.03,22.38,606,150.56,140.27,DELAY_CARRIER|DELAY_LATE_AIRCRAFT|DELAY_NAS
IAG,1,52,-6.15,-9.08,10,32.6,46.6,8,179.75,167.5,DELAY_NAS|DELAY_CARRIER|CANC_WEATHER
IAG,2,46,-2.3,-14.3,16,20.0,0.12,20,121.5,101.3,DELAY_LATE_AIRCRAFT|DELAY_CARRIER|DELAY_WEATHER
IAG,3,80,-5.97,-11.97,18,33.56,31.11,10,103.8,115.4,DELAY_NAS|DELAY_LATE_AIRCRAFT|DELAY_CARRIER
IAG,4,62,-2.32,-16.0,12,25.5,9.83,10,244.6,267.6,DELAY_LATE_AIRCRAFT|DELAY_CARRIER|DELAY_NAS
IAG,5,38,-3.47,-9.0,12,32.33,19.5,4,98.5,98.0,DELAY_CARRIER|DELAY_NAS|DELAY_LATE_AIRCRAFT
IAG,6,34,-4.71,-7.24,16,24.38,23.12,6,200.0,196.33,DELAY_LATE_AIRCRAFT|DELAY_CARRIER|DELAY_NAS
IAG,7,30,-2.07,3.2,28,34.57,33.36,8,142.5,148.5,DELAY_LATE_AIRCRAFT|DELAY_CARRIER|CANC_CARRIER
IAG,8,26,-2.69,-4.31,16,25.12,34.25,4,118.0,105.5,DELAY_NAS|DELAY_LATE_AIRCRAFT|CANC_NAS
IAG,9,26,-3.31,-12.23,6,21.33,14.33,2,371.0,352.0,DELAY_CARRIER|CANC_WEATHER|DELAY_NAS
IAG,10,28,-5.36,-10.93,8,29.25,29.5,4,778.5,777.0,DELAY_CARRIER|DELAY_NAS|CANC_WEATHER
IAG,11,38,-5.58,-15.11,6,30.0,16.0,2,142.0,145.0,DELAY_CARRIER|DELAY_LATE_AIRCRAFT|DELAY_NAS
IAG,12,46,-8.78,-13.91,8,26.0,27.0,8,106.25,97.75,DELAY_LATE_AIRCRAFT|DELAY_NAS|DELAY_WEATHER
IAH,1,12432,-1.7,-7.86,2486,31.2,25.61,1760,162.55,160.89,DELAY_LATE_AIRCRAFT|DELAY_CARRIER|DELAY_NAS
IAH,2,14480,-3.15,-7.89,1608,31.06,25.27,768,127.45,121.26,DELAY_CARRIER|DELAY_NAS|DELAY_LATE_AIRCRAFT
IAH,3,14532,-2.24,-8.29,2782,31.45,24.33,1624,151.91,145.45,DELAY_LATE_AIRCRAFT|DELAY_CARRIER|DELAY_NAS
IAH,4,14466,-2.17,-7.14,2566,31.49,26.45,1404,130.89,124.98,DELAY_LATE_AIRCRAFT|DELAY_CARRIER|DELAY_NAS
IAH,5,12170,-1.0,-3.79,3382,32.6,30.3,3940,161.51,161.58,DELAY_LATE_AIRCRAFT|DELAY_CARRIER|DELAY_NAS
IAH,6,13556,-0.65,-4.37,3510,32.24,28.54,2628,145.26,141.56,DELAY_LATE_AIRCRAFT|DELAY_CARRIER|DELAY_NAS
IAH,7,11072,-0.47,-4.2,4120,33.45,29.79,3896,146.03,141.21,DELAY_LATE_AIRCRAFT|DELAY_CARRIER|DELAY_NAS
IAH,8,15180,-2.02,-7.45,3090,31.47,24.87,1910,143.31,137.72,DELAY_LATE_AIRCRAFT|DELAY_CARRIER|DELAY_NAS
IAH,9,15716,-3.55,-9.68,2070,31.69,24.09,1074,119.6,110.57,DELAY_LATE_AIRCRAFT|DELAY_CARRIER|DELAY_NAS
IAH,10,17410,-3.1,-10.5,1946,30.62,22.9,972,138.18,128.46,DELAY_CARRIER|DELAY_LATE_AIRCRAFT|DELAY_NAS
IAH,11,16116,-2.83,-8.53,1974,30.92,24.16,998,133.01,127.15,DELAY_CARRIER|DELAY_NAS|DELAY_LATE_AIRCRAFT
IAH,12,14292,-1.37,-7.92,2856,31.4,24.95,1710,153.98,153.23,DELAY_CARRIER|DELAY_LATE_AIRCRAFT|DELAY_NAS
ICT,1,1176,-4.3,-6.56,144,30.42,32.9,130,178.54,181.52,DELAY_LATE_AIRCRAFT|DELAY_NAS|DELAY_CARRIER
ICT,2,1250,-5.73,-10.92,96,34.62,28.17,48,129.75,125.38,DELAY_CARRIER|DELAY_LATE_AIRCRAFT|DELAY_NAS
ICT,3,1310,-4.63,-9.72,122,32.18,25.9,90,159.4,155.47,DELAY_LATE_AIRCRAFT|DELAY_CARRIER|DELAY_NAS
ICT,4,1408,-4.73,-10.16,158,33.71,32.04,96,192.08,190.19,DELAY_LATE_AIRCRAFT|DELAY_CARRIER|DELAY_NAS
ICT,5,1308,-2.85,-6.07,224,31.13,29.95,162,184.78,188.65,DELAY_LATE_AIRCRAFT|DELAY_CARRIER|DELAY_NAS
ICT,6,1442,-4.19,-9.07,218,32.01,28.11,180,174.34,169.41,DELAY_LATE_AIRCRAFT|DELAY_CARRIER|DELAY_NAS
ICT,7,1482,-3.79,-6.63,228,32.86,31.11,138,135.78,131.62,DELAY_LATE_AIRCRAFT|DELAY_CARRIER|DELAY_NAS
ICT,8,1512,-5.25,-9.41,178,33.31,29.25,142,161.03,148.8,DELAY_LATE_AIRCRAFT|DELAY_CARRIER|DELAY_NAS
ICT,9,1480,-5.42,-8.41,96,34.15,31.81,62,203.81,200.9,DELAY_LATE_AIRCRAFT|DELAY_NAS|DELAY_CARRIER
ICT,10,1556,-5.46,-11.23,138,32.32,26.99,70,152.34,145.26,DELAY_CARRIER|DELAY_LATE_AIRCRAFT|DELAY_NAS
ICT,11,1570,-4.9,-9.67,204,33.82,29.58,132,147.24,145.38,DELAY_CARRIER|DELAY_LATE_AIRCRAFT|DELAY_NAS
ICT,12,1458,-4.06,-9.5,182,30.55,23.7,88,196.09,190.98,DELAY_CARRIER|DELAY_LATE_AIRCRAFT|DELAY_NAS
IDA,1,376,-6.14,-13.85,48,30.38,25.29,26,370.54,363.77,DELAY_CARRIER|DELAY_LATE_AIRCRAFT|DELAY_NAS
IDA,2,320,-7.07,-16.38,18,31.89,20.11,32,311.94,307.06,DELAY_CARRIER|DELAY_NAS|DELAY_LATE_AIRCRAFT
IDA,3,360,-6.09,-13.06,34,30.12,34.65,32,218.06,217.81,DELAY_CARRIER|DELAY_LATE_AIRCRAFT|DELAY_NAS
IDA,4,478,-7.09,-12.49,28,25.29,20.71,26,161.54,151.23,DELAY_CARRIER|DELAY_NAS|DELAY_WEATHER
IDA,5,570,-6.24,-12.68,50,31.56,23.2,44,143.0,137.45,DELAY_CARRIER|DELAY_LATE_AIRCRAFT|DELAY_NAS
IDA,6,560,-6.21,-12.68,42,30.76,24.05,48,203.5,198.25,DELAY_CARRIER|DELAY_LATE_AIRCRAFT|DELAY_NAS
IDA,7,528,-5.71,-10.75,54,34.59,28.96,58,117.03,112.45,DELAY_CARRIER|DELAY_LATE_AIRCRAFT|DELAY_NAS
IDA,8,534,-5.87,-9.39,70,34.6,33.37,20,102.6,98.8,DELAY_CARRIER|DELAY_LATE_AIRCRAFT|DELAY_NAS
IDA,9,546,-6.43,-10.65,40,37.15,33.0,16,154.5,145.25,DELAY_CARRIER|DELAY_LATE_AIRCRAFT|DELAY_NAS
IDA,10,516,-5.78,-12.27,54,35.07,29.81,42,187.76,181.38,DELAY_CARRIER|DELAY_NAS|DELAY_LATE_AIRCRAFT
IDA,11,522,-6.25,-8.74,52,30.0,32.0,26,192.92,187.69,DELAY_CARRIER|DELAY_NAS|DELAY_LATE_AIRCRAFT
IDA,12,544,-5.51,-10.68,48,29.38,16.33,58,399.93,402.03,DELAY_CARRIER|DELAY_LATE_AIRCRAFT|DELAY_NAS
ILM,1,800,-5.37,-9.76,100,33.94,28.74,68,164.91,169.24,DELAY_LATE_AIRCRAFT|DELAY_CARRIER|DELAY_NAS
ILM,2,848,-5.76,-11.85,62,35.32,25.13,24,171.83,172.92,DELAY_LATE_AIRCRAFT|DELAY_CARRIER|DELAY_NAS
ILM,3,878,-5.26,-11.9,64,33.22,26.5,56,159.82,153.57,DELAY_LATE_AIRCRAFT|DELAY_CARRIER|DELAY_NAS
ILM,4,974,-4.68,-5.91,132,30.0,29.32,72,127.22,129.56,DELAY_LATE_AIRCRAFT|DELAY_NAS|DELAY_CARRIER
ILM,5,1112,-5.19,-7.26,132,31.86,32.41,106,160.98,163.49,DELAY_LATE_AIRCRAFT|DELAY_NAS|DELAY_WEATHER
ILM,6,1160,-4.65,-9.84,160,31.82,28.26,118,187.34,183.53,DELAY_LATE_AIRCRAFT|DELAY_NAS|DELAY_CARRIER
ILM,7,1184,-3.84,-6.77,226,33.19,33.58,218,174.41,179.69,DELAY_LATE_AIRCRAFT|DELAY_NAS|DELAY_CARRIER
ILM,8,1278,-4.01,-7.95,226,33.07,34.94,144,152.81,148.38,DELAY_LATE_AIRCRAFT|DELAY_NAS|DELAY_CARRIER
ILM,9,1212,-5.03,-10.72,114,30.89,26.67,82,120.46,118.41,DELAY_LATE_AIRCRAFT|DELAY_NAS|DELAY_CARRIER
ILM,10,1414,-5.4,-9.92,92,32.33,24.67,48,185.71,183.0,DELAY_NAS|DELAY_LATE_AIRCRAFT|DELAY_CARRIER
ILM,11,1180,-5.39,-9.16,92,32.57,27.96,42,115.19,124.29,DELAY_NAS|DELAY_LATE_AIRCRAFT|DELAY_CARRIER
ILM,12,1110,-4.17,-7.93,184,30.37,25.16,116,146.26,144.6,DELAY_LATE_AIRCRAFT|DELAY_NAS|DELAY_CARRIER
IMT,1,78,-7.15,-9.46,10,25.8,29.4,32,206.88,203.81,DELAY_CARRIER|DELAY_WEATHER|DELAY_NAS
IMT,2,110,-8.31,-20.09,4,28.0,21.5,2,409.0,409.0,DELAY_CARRIER|DELAY_WEATHER
IMT,3,110,-7.91,-16.0,10,37.6,34.8,4,282.5,255.5,DELAY_CARRIER|DELAY_WEATHER|DELAY_NAS
IMT,4,108,-8.41,-14.7,8,37.75,30.25,4,222.5,231.5,DELAY_CARRIER|DELAY_WEATHER
IMT,5,110,-9.25,-14.62,8,36.25,31.0,6,183.67,173.0,DELAY_CARRIER|DELAY_WEATHER
IMT,6,92,-7.0,5.04,10,31.2,28.6,16,164.12,170.88,DELAY_CARRIER|DELAY_WEATHER|CANC_WEATHER
IMT,7,102,-6.25,-1.98,10,29.8,23.2,12,208.17,200.0,DELAY_CARRIER|DELAY_WEATHER
IMT,8,98,-6.98,-9.84,2,20.0,27.0,16,136.5,132.75,DELAY_CARRIER|CANC_WEATHER|DELAY_NAS
IMT,9,112,-7.36,-9.93,6,30.67,39.67,2,85.0,63.0,DELAY_CARRIER|DELAY_NAS|DELAY_WEATHER
IMT,10,110,-8.73,-17.75,2,38.0,26.0,12,151.0,143.83,DELAY_CARRIER
IMT,11,104,-7.58,-13.35,4,27.5,7.5,10,209.0,196.4,DELAY_CARRIER|DELAY_NAS|DELAY_WEATHER
IMT,12,72,-6.97,-11.72,22,30.0,35.0,20,157.3,154.6,DELAY_CARRIER|CANC_WEATHER|DELAY_WEATHER
IND,1,5596,-3.03,-9.0,846,31.91,29.6,466,140.09,139.36,DELAY_NAS|DELAY_LATE_AIRCRAFT|DELAY_CARRIER
IND,2,5980,-3.45,-11.35,580,30.32,26.19,254,170.55,171.17,DELAY_NAS|DELAY_LATE_AIRCRAFT|DELAY_CARRIER
IND,3,6940,-3.2,-10.42,918,29.99,24.36,560,133.45,129.79,DELAY_LATE_AIRCRAFT|DELAY_NAS|DELAY_CARRIER
IND,4,6740,-3.4,-9.72,694,29.71,23.54,394,149.91,146.82,DELAY_LATE_AIRCRAFT|DELAY_NAS|DELAY_CARRIER
IND,5,6460,-2.16,-6.8,1034,30.29,25.86,644,149.83,149.12,DELAY_LATE_AIRCRAFT|DELAY_NAS|DELAY_CARRIER
IND,6,6554,-2.15,-6.94,1002,30.99,26.12,612,140.62,137.39,DELAY_LATE_AIRCRAFT|DELAY_NAS|DELAY_CARRIER
IND,7,6108,-2.37,-6.45,1248,31.56,28.68,810,158.56,157.61,DELAY_LATE_AIRCRAFT|DELAY_NAS|DELAY_CARRIER
IND,8,6234,-3.07,-7.57,836,31.75,28.55,498,153.18,151.86,DELAY_LATE_AIRCRAFT|DELAY_NAS|DELAY_CARRIER
IND,9,6694,-3.88,-9.4,636,31.13,25.3,266,135.19,130.59,DELAY_LATE_AIRCRAFT|DELAY_NAS|DELAY_CARRIER
IND,10,7886,-3.7,-10.25,656,29.57,20.62,236,163.17,155.12,DELAY_LATE_AIRCRAFT|DELAY_CARRIER|DELAY_NAS
IND,11,7040,-3.71,-9.76,548,30.0,27.5,260,143.25,146.39,DELAY_NAS|DELAY_LATE_AIRCRAFT|DELAY_CARRIER
IND,12,6472,-2.68,-9.72,850,30.78,26.0,478,145.67,141.61,DELAY_NAS|DELAY_LATE_AIRCRAFT|DELAY_CARRIER
INL,1,90,-9.16,-20.29,6,32.33,25.0,4,120.5,106.0,DELAY_CARRIER|CANC_WEATHER|DELAY_WEATHER
INL,2,84,-8.19,-25.45,6,22.67,17.0,6,104.0,84.67,DELAY_WEATHER|CANC_WEATHER|DELAY_CARRIER
INL,3,96,-8.29,-15.62,8,30.25,24.0,4,116.5,130.5,DELAY_CARRIER|DELAY_WEATHER
INL,4,96,-9.79,-22.6,2,54.0,37.0,4,501.5,493.5,DELAY_CARRIER|DELAY_WEATHER
INL,5,96,-8.19,-18.08,4,31.0,30.0,6,170.0,161.33,DELAY_CARRIER|DELAY_WEATHER
INL,6,76,-4.76,-2.84,20,33.7,37.9,12,176.17,186.83,DELAY_CARRIER|DELAY_WEATHER|DELAY_NAS
INL,7,94,-4.62,1.15,18,28.78,26.11,12,283.33,284.0,DELAY_CARRIER|DELAY_WEATHER|DELAY_NAS
INL,8,104,-7.27,-2.5,10,35.8,44.4,10,254.4,252.8,DELAY_CARRIER|DELAY_WEATHER|DELAY_NAS
INL,9,92,-9.67,-16.54,10,35.2,36.8,8,249.5,235.5,DELAY_CARRIER|DELAY_NAS|DELAY_WEATHER
INL,10,88,-11.25,-26.98,4,22.0,5.5,12,226.0,217.17,DELAY_CARRIER
INL,11,94,-9.53,-22.38,2,23.0,15.0,10,94.6,78.6,DELAY_CARRIER|DELAY_WEATHER
INL,12,70,-8.49,-15.54,12,26.33,10.5,20,269.0,267.9,DELAY_CARRIER|DELAY_WEATHER|CANC_WEATHER
ISP,1,730,-4.24,-8.87,144,30.65,30.97,64,173.69,173.25,DELAY_LATE_AIRCRAFT|DELAY_NAS|DELAY_CARRIER
ISP,2,770,-4.97,-18.84,90,33.11,27.49,40,226.75,211.35,DELAY_NAS|DELAY_LATE_AIRCRAFT|DELAY_CARRIER
ISP,3,660,-2.74,-14.18,140,35.16,26.93,116,115.31,109.98,DELAY_LATE_AIRCRAFT|DELAY_NAS|DELAY_CARRIER
ISP,4,658,-2.11,-14.59,112,32.75,23.59,76,163.71,161.37,DELAY_LATE_AIRCRAFT|DELAY_CARRIER|DELAY_NAS
ISP,5,616,-2.97,-15.78,124,29.76,19.85,76,125.08,117.71,DELAY_LATE_AIRCRAFT|DELAY_NAS|DELAY_CARRIER
ISP,6,596,-2.94,-15.48,114,29.96,18.54,68,140.85,129.03,DELAY_LATE_AIRCRAFT|DELAY_CARRIER|DELAY_NAS
ISP,7,530,-0.6,-12.11,170,29.92,20.02,78,140.92,129.72,DELAY_LATE_AIRCRAFT|DELAY_CARRIER|DELAY_NAS
ISP,8,506,-0.79,-6.73,114,28.32,25.25,110,138.02,132.22,DELAY_LATE_AIRCRAFT|DELAY_NAS|DELAY_CARRIER
ISP,9,496,-2.31,-9.52,62,29.26,19.29,20,163.7,152.6,DELAY_LATE_AIRCRAFT|DELAY_CARRIER|DELAY_NAS
ISP,10,430,-0.86,-11.92,70,24.26,12.74,18,119.33,103.67,DELAY_CARRIER|DELAY_LATE_AIRCRAFT|CANC_WEATHER
ISP,11,606,-2.6,-16.65,68,27.97,11.74,24,177.5,160.0,DELAY_LATE_AIRCRAFT|DELAY_CARRIER|DELAY_NAS
ISP,12,586,-2.22,-8.74,172,31.48,24.81,98,163.9,154.76,DELAY_LATE_AIRCRAFT|DELAY_NAS|DELAY_CARRIER
ITH,1,100,-6.44,-23.6,4,40.0,24.5,10,212.0,192.0,CANC_WEATHER|DELAY_LATE_AIRCRAFT|DELAY_NAS
ITH,2,106,-6.85,-31.42,6,52.67,36.0,2,216.0,225.0,DELAY_LATE_AIRCRAFT|CANC_WEATHER|DELAY_CARRIER
ITH,3,104,-6.21,-26.96,6,26.33,3.0,14,139.29,121.43,DELAY_LATE_AIRCRAFT|DELAY_CARRIER|DELAY_NAS
ITH,4,110,-6.8,-19.58,0,,,10,87.4,68.6,DELAY_NAS|DELAY_LATE_AIRCRAFT|DELAY_WEATHER
ITH,5,214,-5.18,-19.07,12,30.0,15.33,12,157.67,136.67,DELAY_LATE_AIRCRAFT|DELAY_NAS|DELAY_CARRIER
ITH,6,90,-6.07,-11.31,12,36.67,38.83,8,112.25,101.0,CANC_NAS|DELAY_LATE_AIRCRAFT|DELAY_NAS
ITH,7,90,-6.07,-9.78,12,34.67,40.17,20,168.1,176.7,DELAY_LATE_AIRCRAFT|DELAY_NAS|DELAY_CARRIER
ITH,8,126,-6.17,-16.37,8,24.5,18.0,18,128.22,140.56,CANC_NAS|DELAY_LATE_AIRCRAFT|DELAY_WEATHER
ITH,9,116,-8.34,-19.71,2,17.0,10.0,2,461.0,453.0,DELAY_WEATHER
ITH,10,118,-7.24,-16.05,2,55.0,48.0,4,148.0,140.5,DELAY_LATE_AIRCRAFT|DELAY_CARRIER
ITH,11,114,-7.37,-18.05,0,,,2,73.0,126.0,DELAY_LATE_AIRCRAFT|DELAY_WEATHER
ITH,12,104,-5.6,-17.37,4,35.5,31.5,10,350.8,339.4,DELAY_LATE_AIRCRAFT|DELAY_NAS|DELAY_CARRIER
ITO,1,988,-2.68,0.62,154,28.83,33.09,40,95.5,99.05,DELAY_LATE_AIRCRAFT|DELAY_NAS|DELAY_CARRIER
ITO,2,1024,-2.61,-1.63,56,27.04,29.5,14,92.29,94.14,DELAY_LATE_AIRCRAFT|DELAY_CARRIER|DELAY_NAS
ITO,3,1028,-1.43,-2.48,106,23.26,20.6,12,135.17,134.67,DELAY_LATE_AIRCRAFT|DELAY_CARRIER|DELAY_NAS
ITO,4,1020,-1.77,-3.39,100,27.24,25.76,22,102.09,100.82,DELAY_LATE_AIRCRAFT|DELAY_CARRIER|DELAY_NAS
ITO,5,944,-2.11,-1.06,140,31.87,32.19,54,98.89,103.44,DELAY_LATE_AIRCRAFT|DELAY_CARRIER|DELAY_NAS
ITO,6,956,-2.18,-2.11,126,25.56,26.83,12,82.33,84.67,DELAY_LATE_AIRCRAFT|DELAY_CARRIER|DELAY_NAS
ITO,7,1016,-2.16,-3.41,88,26.18,24.57,28,109.0,107.0,DELAY_LATE_AIRCRAFT|DELAY_CARRIER|DELAY_NAS
ITO,8,1006,-2.92,-5.97,70,23.77,21.09,26,107.15,104.31,DELAY_LATE_AIRCRAFT|CANC_WEATHER|DELAY_CARRIER
ITO,9,1020,-3.38,-4.9,54,25.63,23.85,4,84.0,82.0,DELAY_LATE_AIRCRAFT|DELAY_CARRIER|CANC_CARRIER
ITO,10,984,-1.76,-3.17,96,27.12,26.21,12,88.33,85.67,DELAY_LATE_AIRCRAFT|DELAY_CARRIER|CANC_CARRIER
ITO,11,1004,-1.95,-4.03,74,29.16,26.35,4,81.5,83.0,DELAY_LATE_AIRCRAFT|DELAY_CARRIER|DELAY_NAS
ITO,12,1018,-1.59,-3.64,80,23.9,22.68,14,94.14,95.43,DELAY_LATE_AIRCRAFT|DELAY_CARRIER|DELAY_WEATHER
JAC,1,812,-4.66,-13.3,172,32.88,26.14,106,192.85,182.28,DELAY_LATE_AIRCRAFT|DELAY_NAS|DELAY_CARRIER
JAC,2,722,-4.02,-11.41,178,32.25,30.99,112,241.82,245.82,DELAY_NAS|DELAY_LATE_AIRCRAFT|DELAY_CARRIER
JAC,3,752,-3.86,-9.45,134,27.75,21.42,138,270.78,266.64,DELAY_NAS|DELAY_LATE_AIRCRAFT|DELAY_CARRIER
JAC,4,428,-7.03,-12.49,38,24.42,19.58,24,348.08,348.08,DELAY_NAS|DELAY_CARRIER|DELAY_LATE_AIRCRAFT
JAC,5,540,-5.4,-7.51,40,37.7,32.4,56,164.86,165.14,DELAY_NAS|DELAY_LATE_AIRCRAFT|DELAY_CARRIER
JAC,6,920,-3.61,-11.04,132,31.61,23.73,82,189.68,183.15,DELAY_LATE_AIRCRAFT|DELAY_NAS|DELAY_CARRIER
JAC,7,988,-4.02,-9.42,150,32.03,26.51,144,175.76,173.71,DELAY_LATE_AIRCRAFT|DELAY_CARRIER|DELAY_NAS
JAC,8,1014,-3.63,-7.33,150,32.73,27.67,122,179.89,173.77,DELAY_LATE_AIRCRAFT|DELAY_CARRIER|DELAY_NAS
JAC,9,858,-4.0,-9.33,116,31.64,28.19,66,227.94,220.61,DELAY_LATE_AIRCRAFT|DELAY_CARRIER|DELAY_NAS
JAC,10,700,-6.84,-14.53,32,30.25,22.25,22,312.73,305.82,DELAY_CARRIER|DELAY_LATE_AIRCRAFT|DELAY_NAS
JAC,11,366,-7.08,-18.53,38,35.95,31.74,44,349.05,352.18,DELAY_CARRIER|DELAY_LATE_AIRCRAFT|DELAY_NAS
JAC,12,606,-6.08,-14.44,80,31.15,29.88,118,322.88,318.92,DELAY_LATE_AIRCRAFT|DELAY_CARRIER|DELAY_NAS
JAN,1,852,-4.21,-9.81,102,35.41,35.1,70,174.89,175.6,DELAY_LATE_AIRCRAFT|DELAY_NAS|DELAY_CARRIER
JAN,2,894,-5.06,-11.66,76,31.79,26.76,20,114.5,104.0,DELAY_LATE_AIRCRAFT|DELAY_CARRIER|DELAY_NAS
JAN,3,898,-4.7,-10.76,114,28.79,26.23,86,159.53,152.21,DELAY_LATE_AIRCRAFT|DELAY_NAS|DELAY_CARRIER
JAN,4,992,-5.49,-10.26,120,30.5,25.52,88,193.18,192.86,DELAY_LATE_AIRCRAFT|DELAY_CARRIER|DELAY_NAS
JAN,5,956,-3.34,-6.17,200,31.89,29.18,142,175.7,179.17,DELAY_LATE_AIRCRAFT|DELAY_NAS|DELAY_CARRIER
JAN,6,908,-3.43,-9.13,168,32.06,27.73,78,152.15,149.18,DELAY_LATE_AIRCRAFT|DELAY_CARRIER|DELAY_NAS
JAN,7,786,-3.3,-6.63,226,33.61,33.66,154,159.56,158.18,DELAY_LATE_AIRCRAFT|DELAY_CARRIER|DELAY_NAS
JAN,8,882,-4.49,-9.8,116,32.24,24.6,60,173.73,167.5,DELAY_LATE_AIRCRAFT|DELAY_CARRIER|DELAY_NAS
JAN,9,922,-4.49,-7.57,86,32.33,27.79,32,162.56,154.69,DELAY_NAS|DELAY_LATE_AIRCRAFT|DELAY_CARRIER
JAN,10,1114,-4.44,-8.62,76,26.0,19.18,38,184.11,178.89,DELAY_CARRIER|DELAY_LATE_AIRCRAFT|DELAY_NAS
JAN,11,1030,-3.56,-8.88,92,28.98,23.76,34,245.65,246.35,DELAY_LATE_AIRCRAFT|DELAY_CARRIER|DELAY_NAS
JAN,12,918,-3.53,-8.85,114,29.68,25.51,90,184.22,185.62,DELAY_LATE_AIRCRAFT|DELAY_NAS|DELAY_CARRIER
JAX,1,3626,-3.9,-9.53,564,32.71,27.51,334,153.1,148.63,DELAY_LATE_AIRCRAFT|DELAY_NAS|DELAY_CARRIER
JAX,2,3760,-4.49,-9.41,376,31.3,26.28,196,165.39,159.47,DELAY_LATE_AIRCRAFT|DELAY_NAS|DELAY_CARRIER
JAX,3,4278,-3.97,-8.19,630,31.42,27.14,314,172.67,171.05,DELAY_LATE_AIRCRAFT|DELAY_NAS|DELAY_CARRIER
JAX,4,4304,-3.78,-6.95,562,31.8,29.66,272,163.47,160.77,DELAY_LATE_AIRCRAFT|DELAY_NAS|DELAY_CARRIER
JAX,5,4078,-2.71,-5.53,774,32.4,30.44,520,161.05,162.55,DELAY_LATE_AIRCRAFT|DELAY_NAS|DELAY_CARRIER
JAX,6,3900,-3.31,-8.73,650,33.01,27.35,502,168.41,164.96,DELAY_LATE_AIRCRAFT|DELAY_NAS|DELAY_CARRIER
JAX,7,3448,-2.94,-8.45,790,34.46,32.11,768,184.18,184.5,DELAY_LATE_AIRCRAFT|DELAY_CARRIER|DELAY_NAS
JAX,8,3680,-3.39,-8.52,662,31.63,30.36,422,183.58,180.42,DELAY_LATE_AIRCRAFT|DELAY_NAS|DELAY_CARRIER
JAX,9,4028,-3.94,-8.45,414,31.11,27.12,182,159.43,155.32,DELAY_LATE_AIRCRAFT|DELAY_NAS|DELAY_CARRIER
JAX,10,4568,-4.6,-9.57,412,30.02,23.43,152,171.18,165.5,DELAY_LATE_AIRCRAFT|DELAY_NAS|DELAY_CARRIER
JAX,11,4408,-4.31,-8.76,412,30.6,25.04,200,148.1,145.1,DELAY_LATE_AIRCRAFT|DELAY_NAS|DELAY_CARRIER
JAX,12,4112,-2.57,-6.22,758,30.51,25.49,300,159.66,157.15,DELAY_LATE_AIRCRAFT|DELAY_NAS|DELAY_CARRIER
JFK,1,14434,-2.82,-14.05,2360,31.77,25.85,1560,141.55,141.31,DELAY_CARRIER|DELAY_NAS|DELAY_LATE_AIRCRAFT
JFK,2,15230,-3.49,-16.97,1838,31.36,21.85,1122,130.61,125.5,DELAY_CARRIER|DELAY_NAS|DELAY_LATE_AIRCRAFT
JFK,3,15904,-3.14,-15.8,2444,32.97,22.16,1774,138.52,130.05,DELAY_CARRIER|DELAY_NAS|DELAY_LATE_AIRCRAFT
JFK,4,16098,-3.31,-12.54,2562,31.47,23.68,1414,137.65,131.83,DELAY_CARRIER|DELAY_NAS|DELAY_LATE_AIRCRAFT
JFK,5,16472,-3.08,-9.96,2858,32.2,26.18,1680,146.71,142.74,DELAY_NAS|DELAY_CARRIER|DELAY_LATE_AIRCRAFT
JFK,6,15208,-2.83,-11.06,2886,32.98,27.95,2020,154.17,149.97,DELAY_CARRIER|DELAY_NAS|DELAY_LATE_AIRCRAFT
JFK,7,14736,-2.17,-8.65,3322,32.5,27.19,2762,163.09,157.87,DELAY_CARRIER|DELAY_NAS|DELAY_LATE_AIRCRAFT
JFK,8,14750,-2.65,-7.58,3120,33.03,30.76,2386,152.58,152.33,DELAY_NAS|DELAY_CARRIER|DELAY_LATE_AIRCRAFT
JFK,9,17848,-4.12,-13.13,1866,30.63,22.5,960,139.11,131.55,DELAY_NAS|DELAY_CARRIER|DELAY_LATE_AIRCRAFT
JFK,10,18896,-3.8,-14.92,1748,29.54,15.83,658,140.56,128.52,DELAY_CARRIER|DELAY_NAS|DELAY_LATE_AIRCRAFT
JFK,11,17836,-4.28,-14.09,1674,30.3,19.47,734,120.62,109.82,DELAY_CARRIER|DELAY_NAS|DELAY_LATE_AIRCRAFT
JFK,12,15414,-2.18,-11.42,3104,31.79,24.19,1862,132.53,126.35,DELAY_LATE_AIRCRAFT|DELAY_CARRIER|DELAY_NAS
JLN,1,72,-7.94,-24.25,8,21.75,22.75,10,337.6,328.6,DELAY_CARRIER|CANC_WEATHER|DELAY_NAS
JLN,2,90,-8.58,-14.64,2,53.0,35.0,4,128.5,97.0,DELAY_CARRIER|CANC_WEATHER|DELAY_WEATHER
JLN,3,90,-7.24,-13.8,6,37.0,32.67,10,228.2,220.2,DELAY_CARRIER|DELAY_LATE_AIRCRAFT|CANC_WEATHER
JLN,4,86,-6.6,-11.77,8,33.5,37.0,8,103.75,95.75,DELAY_CARRIER|DELAY_NAS
JLN,5,84,-7.26,-9.24,4,29.0,33.5,18,185.78,180.89,DELAY_CARRIER|DELAY_LATE_AIRCRAFT|DELAY_NAS
JLN,6,76,-5.47,-18.11,4,52.0,44.0,18,207.78,206.78,DELAY_LATE_AIRCRAFT|DELAY_NAS|DELAY_WEATHER
JLN,7,86,-5.6,-16.44,10,38.2,29.0,2,72.0,79.0,CANC_WEATHER|DELAY_CARRIER|DELAY_LATE_AIRCRAFT
JLN,8,92,-5.8,-13.59,4,21.5,-2.0,8,370.25,371.25,DELAY_CARRIER|CANC_WEATHER|DELAY_LATE_AIRCRAFT
JLN,9,80,-5.72,-15.65,10,25.4,13.2,14,168.86,163.57,DELAY_CARRIER|DELAY_LATE_AIRCRAFT|DELAY_WEATHER
JLN,10,86,-7.02,-12.67,14,37.29,23.14,4,67.5,53.5,DELAY_CARRIER|DELAY_LATE_AIRCRAFT|DELAY_NAS
JLN,11,86,-6.09,-8.63,6,28.67,13.67,12,355.33,348.0,DELAY_CARRIER|DELAY_LATE_AIRCRAFT|CANC_WEATHER
JLN,12,92,-6.3,-10.54,4,30.0,24.5,10,241.2,227.0,DELAY_CARRIER|DELAY_LATE_AIRCRAFT|DELAY_WEATHER
JMS,1,88,-7.68,-14.39,4,45.0,34.0,2,99.0,71.0,CANC_WEATHER|DELAY_LATE_AIRCRAFT|DELAY_NAS
JMS,2,74,-8.27,-17.14,10,32.8,28.8,8,651.75,649.0,CANC_WEATHER|DELAY_WEATHER|CANC_NAS
JMS,3,98,-7.18,-13.24,4,43.0,35.0,10,290.8,291.0,DELAY_CARRIER|DELAY_LATE_AIRCRAFT|CANC_WEATHER
JMS,4,106,-7.34,-12.06,2,15.0,14.0,2,111.0,101.0,DELAY_CARRIER|DELAY_LATE_AIRCRAFT
JMS,5,20,-10.2,-12.0,0,,,4,95.5,111.0,DELAY_LATE_AIRCRAFT|DELAY_NAS|DELAY_WEATHER
JMS,6,52,-5.31,-5.58,4,17.5,38.0,8,127.0,138.75,CANC_NAS|DELAY_CARRIER|DELAY_LATE_AIRCRAFT
JMS,7,96,-6.73,-10.04,14,31.57,25.29,4,167.0,169.0,DELAY_CARRIER|DELAY_LATE_AIRCRAFT|DELAY_NAS
JMS,8,100,-8.44,-11.0,8,30.25,25.25,2,151.0,151.0,DELAY_CARRIER|DELAY_LATE_AIRCRAFT|CANC_NAS
JMS,9,98,-10.24,-13.59,10,30.8,24.8,4,113.5,127.0,DELAY_CARRIER|DELAY_LATE_AIRCRAFT
JMS,10,104,-8.65,-12.1,6,43.33,37.33,4,590.5,587.0,DELAY_CARRIER|DELAY_LATE_AIRCRAFT
JMS,11,72,-6.72,-9.19,8,22.75,22.25,16,249.25,246.12,CANC_WEATHER|DELAY_LATE_AIRCRAFT|DELAY_CARRIER
JMS,12,88,-6.48,-10.7,8,33.0,42.5,12,501.17,500.17,DELAY_LATE_AIRCRAFT|DELAY_WEATHER|DELAY_CARRIER
JNU,1,456,-8.44,-7.68,110,31.38,39.25,64,149.72,162.78,DELAY_LATE_AIRCRAFT|DELAY_NAS|DELAY_CARRIER
JNU,2,560,-10.24,-10.69,38,35.63,31.84,24,143.5,146.0,DELAY_LATE_AIRCRAFT|DELAY_CARRIER|DELAY_NAS
JNU,3,598,-10.09,-11.08,50,35.32,35.92,22,138.36,134.0,DELAY_LATE_AIRCRAFT|DELAY_NAS|DELAY_CARRIER
JNU,4,602,-11.18,-12.7,52,28.85,25.5,22,104.0,100.55,DELAY_LATE_AIRCRAFT|DELAY_CARRIER|CANC_CARRIER
JNU,5,692,-8.56,-10.67,64,26.59,26.47,24,140.17,140.25,DELAY_LATE_AIRCRAFT|DELAY_CARRIER|CANC_CARRIER
JNU,6,840,-8.02,-9.93,90,29.47,27.87,34,159.12,156.41,DELAY_LATE_AIRCRAFT|DELAY_CARRIER|DELAY_NAS
JNU,7,828,-6.29,-6.42,176,28.42,27.41,38,115.79,118.21,DELAY_LATE_AIRCRAFT|DELAY_CARRIER|DELAY_NAS
JNU,8,836,-7.14,-8.46,128,30.5,30.09,52,171.73,171.58,DELAY_LATE_AIRCRAFT|DELAY_CARRIER|DELAY_NAS
JNU,9,776,-9.27,-11.26,52,28.73,23.65,34,160.76,157.06,DELAY_LATE_AIRCRAFT|DELAY_CARRIER|DELAY_NAS
JNU,10,652,-10.49,-12.18,38,35.21,34.79,32,156.06,154.75,DELAY_CARRIER|DELAY_LATE_AIRCRAFT|DELAY_NAS
JNU,11,586,-11.12,-11.74,42,27.57,32.62,14,117.29,120.14,DELAY_NAS|DELAY_LATE_AIRCRAFT|DELAY_CARRIER
JNU,12,552,-8.42,-10.68,58,33.28,39.34,40,146.85,168.3,DELAY_LATE_AIRCRAFT|DELAY_NAS|DELAY_CARRIER
JST,1,74,-6.7,-22.84,12,30.83,25.33,20,150.6,144.0,DELAY_LATE_AIRCRAFT|CANC_WEATHER|DELAY_CARRIER
JST,2,96,-8.62,-28.17,12,30.0,7.83,2,66.0,52.0,CANC_WEATHER|DELAY_CARRIER|DELAY_LATE_AIRCRAFT
JST,3,110,-9.25,-21.45,4,34.0,35.5,6,106.67,96.0,DELAY_CARRIER|CANC_WEATHER|DELAY_LATE_AIRCRAFT
JST,4,86,-8.72,-11.7,14,37.43,50.71,20,178.4,172.1,DELAY_CARRIER|DELAY_LATE_AIRCRAFT|DELAY_NAS
JST,5,90,-9.16,-11.93,8,34.0,27.75,24,175.92,174.33,DELAY_LATE_AIRCRAFT|DELAY_CARRIER|DELAY_NAS
JST,6,100,-7.54,-16.0,14,45.29,39.43,6,237.33,235.67,DELAY_CARRIER|DELAY_LATE_AIRCRAFT
JST,7,104,-8.4,-14.48,14,31.43,27.0,6,233.33,230.33,DELAY_CARRIER|DELAY_LATE_AIRCRAFT
JST,8,108,-7.17,-9.33,8,36.5,37.75,8,97.25,92.5,DELAY_CARRIER|DELAY_NAS|DELAY_LATE_AIRCRAFT
JST,9,102,-7.49,-11.12,6,33.67,31.0,12,284.0,282.17,DELAY_CARRIER|DELAY_LATE_AIRCRAFT
JST,10,104,-9.29,-18.5,8,36.5,43.5,12,135.33,134.33,DELAY_LATE_AIRCRAFT|DELAY_CARRIER|DELAY_NAS
JST,11,94,-8.77,-17.34,10,23.6,14.2,10,154.4,151.8,DELAY_CARRIER|DELAY_LATE_AIRCRAFT|CANC_WEATHER
JST,12,94,-5.89,-11.32,6,23.0,20.33,24,486.33,484.75,DELAY_LATE_AIRCRAFT|DELAY_CARRIER|DELAY_WEATHER
KOA,1,2184,-2.29,-6.85,352,29.26,26.62,120,218.18,201.92,DELAY_LATE_AIRCRAFT|CANC_CARRIER|DELAY_CARRIER
KOA,2,2150,-2.95,-9.47,262,26.97,17.85,116,181.43,173.4,DELAY_LATE_AIRCRAFT|DELAY_CARRIER|DELAY_NAS
KOA,3,2542,-3.17,-8.69,158,28.75,25.08,56,192.75,184.68,DELAY_LATE_AIRCRAFT|DELAY_CARRIER|DELAY_NAS
KOA,4,2268,-3.52,-7.84,192,29.51,23.4,92,161.59,157.87,DELAY_LATE_AIRCRAFT|DELAY_CARRIER|DELAY_NAS
KOA,5,2246,-3.45,-5.05,280,29.09,27.59,84,146.81,143.86,DELAY_LATE_AIRCRAFT|DELAY_CARRIER|DELAY_NAS
KOA,6,2508,-3.61,-5.75,220,28.55,25.9,56,229.43,226.29,DELAY_LATE_AIRCRAFT|DELAY_CARRIER|DELAY_NAS
KOA,7,2546,-2.99,-5.8,258,27.06,24.03,82,244.51,240.98,DELAY_LATE_AIRCRAFT|DELAY_CARRIER|DELAY_NAS
KOA,8,2488,-3.28,-9.06,218,28.04,20.18,90,157.76,148.78,DELAY_LATE_AIRCRAFT|DELAY_CARRIER|CANC_CARRIER
KOA,9,2456,-4.9,-8.41,144,29.85,24.19,52,116.96,109.12,DELAY_LATE_AIRCRAFT|DELAY_CARRIER|DELAY_NAS
KOA,10,2442,-4.3,-8.24,192,30.6,29.49,74,140.81,135.32,DELAY_LATE_AIRCRAFT|DELAY_CARRIER|DELAY_NAS
KOA,11,2352,-4.37,-7.62,156,28.9,23.4,46,199.3,193.17,DELAY_LATE_AIRCRAFT|DELAY_CARRIER|DELAY_NAS
KOA,12,2448,-3.7,-8.08,256,27.22,19.29,56,144.57,135.0,DELAY_LATE_AIRCRAFT|DELAY_CARRIER|DELAY_NAS
KTN,1,260,-12.21,-17.34,48,33.25,30.54,24,130.5,127.25,DELAY_LATE_AIRCRAFT|CANC_CARRIER|DELAY_CARRIER
KTN,2,314,-13.39,-16.54,24,36.25,50.5,4,175.0,168.5,DELAY_LATE_AIRCRAFT|DELAY_NAS|CANC_CARRIER
KTN,3,320,-12.16,-14.25,26,34.69,32.31,16,86.25,88.38,DELAY_LATE_AIRCRAFT|CANC_CARRIER|DELAY_CARRIER
KTN,4,342,-11.78,-16.64,26,24.92,21.85,16,78.25,74.38,DELAY_LATE_AIRCRAFT|DELAY_CARRIER|CANC_CARRIER
KTN,5,352,-9.57,-14.82,54,30.3,26.41,18,166.89,161.44,DELAY_LATE_AIRCRAFT|DELAY_CARRIER|CANC_CARRIER
KTN,6,414,-7.93,-8.98,62,27.0,24.26,20,124.9,125.0,DELAY_LATE_AIRCRAFT|DELAY_CARRIER|DELAY_NAS
KTN,7,442,-5.69,-7.46,80,32.05,32.7,30,131.8,128.53,DELAY_LATE_AIRCRAFT|DELAY_CARRIER|DELAY_NAS
KTN,8,404,-2.84,-4.32,96,26.42,25.79,38,165.68,158.16,DELAY_LATE_AIRCRAFT|DELAY_CARRIER|DELAY_NAS
KTN,9,378,-7.97,-9.69,30,32.87,33.13,12,118.5,111.33,DELAY_LATE_AIRCRAFT|DELAY_CARRIER|DELAY_NAS
KTN,10,322,-9.71,-12.75,24,33.0,32.25,12,112.83,114.67,DELAY_LATE_AIRCRAFT|CANC_WEATHER|DELAY_CARRIER
KTN,11,304,-10.65,-14.47,38,30.0,28.47,8,78.25,85.25,DELAY_LATE_AIRCRAFT|DELAY_CARRIER|DELAY_NAS
KTN,12,296,-9.28,-13.76,44,26.45,22.86,22,143.91,134.64,DELAY_LATE_AIRCRAFT|DELAY_CARRIER|DELAY_NAS
LAN,1,136,-3.93,-4.51,16,26.12,21.0,38,179.89,193.89,DELAY_CARRIER|DELAY_LATE_AIRCRAFT|CANC_WEATHER
LAN,2,184,-5.9,-13.43,14,34.71,29.14,8,86.5,79.5,DELAY_LATE_AIRCRAFT|DELAY_NAS|DELAY_CARRIER
LAN,3,180,-5.0,-10.81,26,35.85,31.0,22,269.09,270.82,DELAY_CARRIER|DELAY_LATE_AIRCRAFT|DELAY_WEATHER
LAN,4,168,-5.54,-7.87,18,22.89,20.11,36,140.39,139.61,DELAY_CARRIER|DELAY_LATE_AIRCRAFT|DELAY_WEATHER
LAN,5,182,-6.4,-11.05,22,41.18,47.55,24,137.25,134.75,DELAY_CARRIER|DELAY_LATE_AIRCRAFT|DELAY_WEATHER
LAN,6,140,-6.46,-8.93,36,34.44,33.5,42,142.48,139.24,DELAY_CARRIER|DELAY_WEATHER|DELAY_LATE_AIRCRAFT
LAN,7,160,-5.25,-7.96,28,29.36,32.07,28,131.71,134.21,DELAY_LATE_AIRCRAFT|DELAY_CARRIER|DELAY_NAS
LAN,8,156,-5.51,-8.68,28,35.57,37.57,28,213.21,217.86,DELAY_CARRIER|DELAY_LATE_AIRCRAFT|DELAY_WEATHER
LAN,9,180,-7.34,-16.1,22,39.82,32.0,10,116.6,129.4,DELAY_CARRIER|DELAY_WEATHER|DELAY_LATE_AIRCRAFT
LAN,10,188,-5.63,-10.74,30,36.8,32.33,10,102.6,105.8,DELAY_CARRIER|DELAY_LATE_AIRCRAFT|DELAY_WEATHER
LAN,11,174,-6.23,-10.1,24,26.0,22.42,16,146.5,155.38,DELAY_CARRIER|DELAY_NAS|CANC_WEATHER
LAN,12,152,-6.61,-5.45,22,42.45,41.55,12,146.0,148.67,DELAY_CARRIER|DELAY_WEATHER|DELAY_LATE_AIRCRAFT
LAR,1,84,-8.48,-7.26,6,42.0,58.0,2,118.0,112.0,CANC_WEATHER|DELAY_LATE_AIRCRAFT|CANC_NAS
LAR,2,86,-7.21,-6.28,4,24.0,36.0,6,108.67,97.67,DELAY_CARRIER|CANC_WEATHER|DELAY_LATE_AIRCRAFT
LAR,3,84,-8.07,-9.57,8,31.5,40.25,8,328.75,318.5,CANC_WEATHER|DELAY_CARRIER|DELAY_WEATHER
LAR,4,92,-9.02,-8.24,2,15.0,18.0,2,65.0,69.0,DELAY_CARRIER|CANC_WEATHER|CANC_NAS
LAR,5,98,-7.9,-8.63,4,44.5,40.5,6,102.0,95.33,DELAY_NAS|DELAY_WEATHER|DELAY_CARRIER
LAR,6,80,-7.17,-6.4,4,26.5,21.0,14,290.29,285.29,DELAY_CARRIER|DELAY_LATE_AIRCRAFT|DELAY_NAS
LAR,7,88,-6.73,-10.55,2,18.0,5.0,8,124.0,119.25,CANC_NAS|DELAY_WEATHER|DELAY_LATE_AIRCRAFT
LAR,8,78,-7.92,-9.77,18,36.22,32.44,10,275.8,269.4,DELAY_LATE_AIRCRAFT|DELAY_NAS|DELAY_CARRIER
LAR,9,88,-7.95,-10.98,8,40.75,34.25,8,93.5,77.0,DELAY_LATE_AIRCRAFT|DELAY_CARRIER|DELAY_NAS
LAR,10,90,-9.22,-12.4,8,35.25,18.75,8,375.5,371.75,DELAY_CARRIER|DELAY_LATE_AIRCRAFT|DELAY_WEATHER
LAR,11,78,-6.87,-9.18,8,33.75,21.75,12,125.0,108.83,DELAY_CARRIER|DELAY_LATE_AIRCRAFT|CANC_WEATHER
LAR,12,96,-7.56,-12.17,4,28.0,13.5,6,104.67,82.0,DELAY_CARRIER|DELAY_LATE_AIRCRAFT|DELAY_NAS
LAS,1,22650,-2.09,-7.12,4638,31.22,25.4,1790,127.98,122.3,DELAY_LATE_AIRCRAFT|DELAY_CARRIER|DELAY_NAS
LAS,2,21952,-2.25,-9.62,4152,30.94,23.94,1736,123.39,118.1,DELAY_LATE_AIRCRAFT|DELAY_CARRIER|DELAY_NAS
LAS,3,23164,-1.97,-7.13,5472,31.71,26.91,3126,132.81,129.07,DELAY_LATE_AIRCRAFT|DELAY_CARRIER|DELAY_NAS
LAS,4,24034,-2.08,-9.22,5076,31.0,23.78,1900,127.53,120.6,DELAY_LATE_AIRCRAFT|DELAY_CARRIER|DELAY_NAS
LAS,5,23728,-1.44,-8.86,6148,31.55,23.8,2470,135.72,129.63,DELAY_LATE_AIRCRAFT|DELAY_CARRIER|DELAY_NAS
LAS,6,22014,-1.0,-6.42,6380,30.92,24.94,2546,137.84,132.53,DELAY_LATE_AIRCRAFT|DELAY_CARRIER|DELAY_NAS
LAS,7,20224,-0.88,-6.34,7266,32.17,27.46,3862,139.58,136.69,DELAY_LATE_AIRCRAFT|DELAY_CARRIER|DELAY_NAS
LAS,8,23892,-2.31,-8.11,5128,31.21,25.82,2682,128.23,122.85,DELAY_LATE_AIRCRAFT|DELAY_CARRIER|DELAY_NAS
LAS,9,24858,-2.65,-9.54,4352,30.73,23.42,1958,118.44,111.37,DELAY_LATE_AIRCRAFT|DELAY_CARRIER|DELAY_NAS
LAS,10,28282,-2.38,-9.68,4522,29.77,23.79,1420,127.41,123.67,DELAY_LATE_AIRCRAFT|DELAY_NAS|DELAY_CARRIER
LAS,11,26254,-2.74,-12.51,3854,29.6,19.16,1236,124.73,117.59,DELAY_LATE_AIRCRAFT|DELAY_CARRIER|DELAY_NAS
LAS,12,24836,-2.3,-10.51,4400,30.21,21.62,1704,133.51,127.18,DELAY_LATE_AIRCRAFT|DELAY_CARRIER|DELAY_NAS
LAW,1,138,-7.49,-9.74,10,41.0,33.6,24,218.5,219.17,DELAY_CARRIER|DELAY_WEATHER|CANC_WEATHER
LAW,2,160,-7.79,-16.19,4,34.5,38.0,6,220.33,220.33,DELAY_CARRIER|DELAY_WEATHER|CANC_WEATHER
LAW,3,152,-4.83,-11.34,8,31.25,25.0,20,276.6,268.3,DELAY_CARRIER|CANC_WEATHER|DELAY_LATE_AIRCRAFT
LAW,4,132,-6.32,-9.45,22,38.82,42.73,14,212.43,208.86,DELAY_CARRIER|CANC_WEATHER|DELAY_WEATHER
LAW,5,128,-7.81,-12.69,22,37.64,37.0,16,144.38,139.5,DELAY_CARRIER|CANC_WEATHER|DELAY_WEATHER
LAW,6,152,-9.09,-11.93,6,44.33,48.0,22,110.55,109.55,DELAY_CARRIER|DELAY_WEATHER|DELAY_LATE_AIRCRAFT
LAW,7,142,-5.21,-6.51,14,25.57,30.29,24,263.33,270.58,DELAY_CARRIER|DELAY_NAS|DELAY_WEATHER
LAW,8,168,-8.37,-12.75,10,27.2,24.8,6,108.67,108.67,DELAY_CARRIER|DELAY_LATE_AIRCRAFT|DELAY_NAS
LAW,9,164,-7.72,-5.35,8,44.0,51.0,8,178.0,179.5,DELAY_CARRIER|DELAY_NAS|DELAY_WEATHER
LAW,10,158,-6.22,-14.24,16,36.5,34.0,10,291.2,282.8,DELAY_CARRIER|DELAY_LATE_AIRCRAFT|DELAY_NAS
LAW,11,136,-5.5,-7.29,16,43.25,54.25,10,126.8,124.2,DELAY_CARRIER|DELAY_WEATHER|CANC_WEATHER
LAW,12,132,-5.27,-8.14,28,29.93,28.64,12,195.17,220.33,DELAY_CARRIER|CANC_WEATHER|DELAY_WEATHER
LAX,1,24538,-2.88,-6.99,3252,31.58,25.9,1632,153.83,147.8,DELAY_CARRIER|DELAY_LATE_AIRCRAFT|DELAY_NAS
LAX,2,23088,-2.7,-10.01,3458,30.87,23.58,1566,146.04,141.31,DELAY_CARRIER|DELAY_LATE_AIRCRAFT|DELAY_NAS
LAX,3,25142,-2.29,-5.8,4304,31.53,27.32,2136,141.92,139.24,DELAY_CARRIER|DELAY_LATE_AIRCRAFT|DELAY_NAS
LAX,4,25772,-2.86,-8.25,3574,31.64,26.95,1900,149.85,146.52,DELAY_NAS|DELAY_LATE_AIRCRAFT|DELAY_CARRIER
LAX,5,25488,-2.29,-7.45,4758,31.84,26.75,2580,144.63,140.03,DELAY_LATE_AIRCRAFT|DELAY_CARRIER|DELAY_NAS
LAX,6,25624,-2.11,-5.98,4910,31.09,26.5,2480,135.49,131.35,DELAY_LATE_AIRCRAFT|DELAY_CARRIER|DELAY_NAS
LAX,7,26016,-2.39,-7.06,5112,31.32,26.39,2938,150.9,145.47,DELAY_LATE_AIRCRAFT|DELAY_CARRIER|DELAY_NAS
LAX,8,28036,-2.95,-8.24,3878,31.37,26.35,2058,147.81,144.56,DELAY_LATE_AIRCRAFT|DELAY_CARRIER|DELAY_NAS
LAX,9,27684,-3.7,-11.14,2772,30.78,23.09,1358,153.18,146.11,DELAY_LATE_AIRCRAFT|DELAY_CARRIER|DELAY_NAS
LAX,10,29328,-3.79,-9.64,2946,29.9,24.23,1306,140.99,136.26,DELAY_CARRIER|DELAY_LATE_AIRCRAFT|DELAY_NAS
LAX,11,27068,-3.43,-13.53,2910,30.95,19.87,1404,137.99,130.51,DELAY_CARRIER|DELAY_LATE_AIRCRAFT|DELAY_NAS
LAX,12,26906,-2.95,-10.66,3884,31.38,23.06,2000,140.38,134.56,DELAY_CARRIER|DELAY_LATE_AIRCRAFT|DELAY_NAS
LBB,1,718,-5.39,-11.32,102,31.75,23.98,96,166.96,162.94,DELAY_LATE_AIRCRAFT|CANC_WEATHER|DELAY_NAS
LBB,2,778,-5.28,-10.36,66,30.97,26.36,36,115.61,115.67,DELAY_NAS|DELAY_CARRIER|DELAY_LATE_AIRCRAFT
LBB,3,906,-5.52,-8.76,106,32.15,29.94,56,266.29,264.29,DELAY_LATE_AIRCRAFT|DELAY_NAS|DELAY_CARRIER
LBB,4,780,-4.49,-7.6,124,33.32,28.81,50,166.6,165.84,DELAY_LATE_AIRCRAFT|DELAY_NAS|DELAY_CARRIER
LBB,5,800,-3.42,-8.68,134,36.85,34.43,112,200.62,197.86,DELAY_LATE_AIRCRAFT|DELAY_CARRIER|DELAY_NAS
LBB,6,814,-4.18,-7.15,108,31.54,27.65,74,186.62,183.76,DELAY_LATE_AIRCRAFT|DELAY_CARRIER|DELAY_NAS
LBB,7,858,-4.27,-7.79,118,31.34,27.76,62,151.61,150.61,DELAY_LATE_AIRCRAFT|DELAY_CARRIER|DELAY_NAS
LBB,8,970,-5.13,-8.95,72,34.28,27.78,42,178.52,178.95,DELAY_LATE_AIRCRAFT|DELAY_CARRIER|DELAY_NAS
LBB,9,912,-5.01,-8.38,94,33.26,32.98,24,97.75,92.08,DELAY_LATE_AIRCRAFT|DELAY_NAS|DELAY_CARRIER
LBB,10,930,-4.58,-9.06,72,33.25,25.92,40,191.8,189.45,DELAY_LATE_AIRCRAFT|DELAY_NAS|DELAY_CARRIER
LBB,11,802,-3.23,-8.77,114,32.21,29.14,74,149.95,150.43,DELAY_LATE_AIRCRAFT|DELAY_CARRIER|DELAY_NAS
LBB,12,902,-3.45,-11.06,124,32.85,25.06,98,148.02,148.9,DELAY_LATE_AIRCRAFT|DELAY_CARRIER|DELAY_NAS
LBE,1,50,-5.88,-11.56,4,28.5,36.0,6,133.0,129.67,DELAY_LATE_AIRCRAFT|DELAY_NAS|CANC_WEATHER
LBE,2,38,-2.74,-17.21,16,31.38,24.38,4,77.0,61.0,DELAY_LATE_AIRCRAFT|DELAY_CARRIER|DELAY_NAS
LBE,3,42,-3.86,-13.05,16,27.5,40.75,2,86.0,93.0,DELAY_NAS|CANC_WEATHER|DELAY_LATE_AIRCRAFT
LBE,4,86,-9.47,-20.14,12,32.5,25.17,4,429.0,416.0,DELAY_NAS|DELAY_CARRIER|DELAY_LATE_AIRCRAFT
LBE,5,98,-6.33,-14.84,16,33.25,21.12,8,123.75,113.75,DELAY_NAS|DELAY_LATE_AIRCRAFT|DELAY_CARRIER
LBE,6,104,-6.83,-16.87,12,25.5,17.33,4,125.0,116.0,DELAY_LATE_AIRCRAFT|DELAY_CARRIER|DELAY_NAS
LBE,7,86,-6.65,-13.44,20,35.0,27.0,14,92.29,80.57,DELAY_CARRIER|DELAY_LATE_AIRCRAFT|DELAY_NAS
LBE,8,74,-9.05,-15.92,6,31.0,17.33,6,102.33,98.0,CANC_WEATHER|DELAY_CARRIER|DELAY_LATE_AIRCRAFT
LBE,9,108,-10.39,-18.19,2,25.0,13.0,10,128.2,120.8,DELAY_LATE_AIRCRAFT|CANC_CARRIER
LBE,10,136,-10.56,-19.28,4,36.5,31.5,0,,,CANC_WEATHER|CANC_NAS|DELAY_CARRIER
LBE,11,66,-7.0,-23.61,2,34.0,54.0,6,152.67,136.33,DELAY_NAS|DELAY_LATE_AIRCRAFT|CANC_CARRIER
LBE,12,50,-3.88,-21.64,4,33.0,11.5,6,102.0,98.0,DELAY_NAS|CANC_NAS|DELAY_WEATHER
LBF,1,82,-5.98,-10.85,8,29.0,23.0,10,346.0,352.2,DELAY_LATE_AIRCRAFT|DELAY_CARRIER|DELAY_NAS
LBF,2,90,-7.49,-14.56,4,47.5,37.0,2,62.0,116.0,DELAY_CARRIER|CANC_WEATHER|DELAY_LATE_AIRCRAFT
LBF,3,88,-7.75,-14.39,8,24.5,18.5,4,693.5,688.5,CANC_WEATHER|DELAY_WEATHER|DELAY_NAS
LBF,4,90,-8.78,-3.67,10,20.4,23.6,4,68.0,67.0,DELAY_CARRIER|DELAY_NAS
LBF,5,100,-9.54,-6.82,2,43.0,41.0,2,815.0,821.0,DELAY_NAS|CANC_WEATHER|DELAY_CARRIER
LBF,6,82,-9.63,-2.37,10,29.2,27.8,8,142.75,143.0,DELAY_LATE_AIRCRAFT|DELAY_CARRIER|CANC_WEATHER
LBF,7,94,-8.87,-4.09,4,27.5,24.5,6,92.0,109.33,DELAY_CARRIER|DELAY_LATE_AIRCRAFT|DELAY_WEATHER
LBF,8,94,-7.4,-1.6,6,39.0,46.67,8,87.0,81.75,DELAY_LATE_AIRCRAFT|DELAY_NAS|DELAY_CARRIER
LBF,9,86,-7.77,-5.16,10,35.8,34.6,8,320.0,318.25,DELAY_LATE_AIRCRAFT|DELAY_CARRIER|DELAY_NAS
LBF,10,98,-7.76,-8.14,6,31.67,29.0,0,,,DELAY_CARRIER|DELAY_LATE_AIRCRAFT
LBF,11,88,-7.7,-12.02,6,32.67,28.33,8,172.75,165.0,DELAY_CARRIER|DELAY_LATE_AIRCRAFT|CANC_WEATHER
LBF,12,94,-9.23,-17.6,6,24.0,14.67,6,183.0,166.67,DELAY_CARRIER|DELAY_LATE_AIRCRAFT
LBL,1,16,-5.25,-15.12,2,26.0,34.0,0,,,CANC_WEATHER|DELAY_CARRIER
LBL,2,50,-8.84,-13.72,6,40.0,38.67,4,317.0,309.5,DELAY_LATE_AIRCRAFT|DELAY_CARRIER
LBL,3,88,-7.86,-11.5,10,21.4,24.8,2,195.0,212.0,DELAY_LATE_AIRCRAFT|CANC_WEATHER|DELAY_NAS
LBL,4,92,-7.35,-10.41,6,22.67,20.0,4,281.5,279.0,DELAY_CARRIER|DELAY_WEATHER|DELAY_LATE_AIRCRAFT
LBL,5,82,-8.07,-11.54,6,32.0,26.33,18,212.89,211.89,DELAY_LATE_AIRCRAFT|DELAY_CARRIER|DELAY_NAS
LBL,6,86,-5.44,-8.84,8,27.0,22.25,6,458.67,487.0,DELAY_CARRIER|DELAY_LATE_AIRCRAFT|CANC_WEATHER
LBL,7,74,-8.38,-12.84,12,26.33,20.17,4,106.0,107.0,CANC_NAS|DELAY_CARRIER|DELAY_LATE_AIRCRAFT
LBL,8,68,-6.24,-11.12,20,36.6,31.9,16,169.0,167.38,DELAY_CARRIER|DELAY_LATE_AIRCRAFT|CANC_NAS
LBL,9,82,-8.12,-13.1,14,27.57,21.71,6,137.0,128.0,DELAY_LATE_AIRCRAFT|DELAY_CARRIER|CANC_NAS
LBL,10,90,-9.49,-15.2,12,37.17,36.5,4,113.5,101.5,DELAY_LATE_AIRCRAFT|DELAY_WEATHER|DELAY_CARRIER
LBL,11,80,-8.35,-12.0,10,39.4,47.2,6,80.67,79.0,DELAY_LATE_AIRCRAFT|CANC_WEATHER|DELAY_CARRIER
LBL,12,98,-8.73,-11.16,2,50.0,45.0,6,133.33,122.67,DELAY_CARRIER|DELAY_LATE_AIRCRAFT|DELAY_WEATHER
LCH,1,146,-7.7,-2.38,8,28.75,25.25,22,326.27,327.27,DELAY_CARRIER|CANC_WEATHER|DELAY_LATE_AIRCRAFT
LCH,2,148,-7.55,-3.82,12,33.0,30.67,14,231.71,224.29,DELAY_CARRIER|DELAY_LATE_AIRCRAFT|DELAY_WEATHER
LCH,3,156,-6.94,-9.28,6,34.67,26.0,12,274.83,273.17,DELAY_CARRIER|DELAY_WEATHER|CANC_WEATHER
LCH,4,144,-7.53,-16.0,6,29.33,25.0,20,186.3,187.7,DELAY_CARRIER|CANC_WEATHER|DELAY_NAS
LCH,5,124,-5.98,-12.76,16,31.0,27.75,34,304.88,310.24,DELAY_WEATHER|DELAY_LATE_AIRCRAFT|DELAY_CARRIER
LCH,6,148,-8.16,-14.57,10,39.8,29.6,22,166.73,171.73,DELAY_CARRIER|DELAY_WEATHER|DELAY_LATE_AIRCRAFT
LCH,7,144,-5.14,-9.06,20,33.5,27.3,18,156.67,159.0,DELAY_LATE_AIRCRAFT|DELAY_CARRIER|DELAY_NAS
LCH,8,158,-7.78,-13.77,12,45.67,35.83,14,199.43,192.86,DELAY_CARRIER|DELAY_LATE_AIRCRAFT|DELAY_WEATHER
LCH,9,142,-5.7,-6.06,20,26.8,22.7,18,233.22,225.89,DELAY_CARRIER|DELAY_LATE_AIRCRAFT|DELAY_NAS
LCH,10,146,-6.99,-12.12,20,34.8,25.8,18,203.11,192.11,DELAY_CARRIER|DELAY_LATE_AIRCRAFT|DELAY_WEATHER
LCH,11,130,-7.08,-11.25,12,37.17,27.67,22,178.82,169.64,DELAY_CARRIER|CANC_WEATHER|DELAY_WEATHER
LCH,12,142,-7.79,-10.62,18,34.56,33.56,16,160.5,162.75,DELAY_CARRIER|DELAY_LATE_AIRCRAFT|DELAY_WEATHER
LCK,1,94,-6.23,-15.36,14,36.0,30.14,6,84.0,93.33,DELAY_LATE_AIRCRAFT|DELAY_CARRIER|DELAY_NAS
LCK,2,90,-6.36,-12.67,12,23.67,13.5,8,84.0,76.25,DELAY_LATE_AIRCRAFT|DELAY_CARRIER|DELAY_NAS
LCK,3,112,-7.82,-14.86,30,27.6,20.87,22,113.45,116.91,DELAY_LATE_AIRCRAFT|DELAY_NAS|CANC_NAS
LCK,4,114,-8.23,-17.16,14,29.71,19.29,12,164.83,168.0,DELAY_LATE_AIRCRAFT|DELAY_CARRIER|CANC_NAS
LCK,5,134,-7.24,-12.49,18,28.11,23.78,18,304.67,300.22,DELAY_LATE_AIRCRAFT|DELAY_CARRIER|DELAY_WEATHER
LCK,6,206,-6.53,-8.79,44,35.82,38.45,18,126.67,126.33,DELAY_LATE_AIRCRAFT|DELAY_NAS|DELAY_CARRIER
LCK,7,186,-7.29,-2.51,34,33.18,35.94,32,175.75,178.88,DELAY_LATE_AIRCRAFT|DELAY_CARRIER|DELAY_NAS
LCK,8,116,-7.57,-7.57,28,34.43,33.71,28,115.36,117.0,DELAY_LATE_AIRCRAFT|CANC_NAS|DELAY_NAS
LCK,9,88,-9.52,-13.77,20,31.6,33.7,16,138.88,135.62,DELAY_LATE_AIRCRAFT|DELAY_CARRIER|CANC_WEATHER
LCK,10,104,-7.08,-10.02,8,35.0,33.0,4,107.5,107.5,DELAY_LATE_AIRCRAFT|CANC_WEATHER|CANC_CARRIER
LCK,11,82,-3.73,-9.27,14,41.43,27.71,6,86.67,77.33,DELAY_LATE_AIRCRAFT|DELAY_NAS
LCK,12,76,-6.29,-12.08,22,31.55,32.09,34,204.76,204.29,DELAY_LATE_AIRCRAFT|DELAY_CARRIER|DELAY_NAS
LEX,1,972,-5.19,-10.28,134,32.72,32.6,128,185.41,182.45,DELAY_LATE_AIRCRAFT|DELAY_NAS|DELAY_CARRIER
LEX,2,1088,-5.05,-13.63,118,32.22,22.69,44,194.32,183.09,DELAY_CARRIER|DELAY_LATE_AIRCRAFT|DELAY_NAS
LEX,3,1316,-5.29,-11.13,140,31.8,23.59,84,183.21,175.86,DELAY_LATE_AIRCRAFT|DELAY_NAS|DELAY_CARRIER
LEX,4,1356,-5.02,-9.5,112,28.25,26.14,80,155.82,149.25,DELAY_LATE_AIRCRAFT|DELAY_NAS|DELAY_CARRIER
LEX,5,1170,-3.99,-9.68,178,34.03,29.09,164,152.13,157.73,DELAY_LATE_AIRCRAFT|DELAY_NAS|DELAY_CARRIER
LEX,6,1276,-3.83,-11.18,200,30.2,23.98,132,223.85,220.76,DELAY_LATE_AIRCRAFT|DELAY_CARRIER|DELAY_NAS
LEX,7,1186,-4.76,-10.1,220,31.21,29.21,234,171.95,169.73,DELAY_LATE_AIRCRAFT|DELAY_CARRIER|DELAY_NAS
LEX,8,1250,-5.31,-10.16,170,32.76,31.45,122,167.05,160.74,DELAY_LATE_AIRCRAFT|DELAY_NAS|DELAY_CARRIER
LEX,9,1310,-5.15,-10.23,182,31.16,25.04,70,149.43,150.11,DELAY_LATE_AIRCRAFT|DELAY_CARRIER|DELAY_NAS
LEX,10,1420,-5.23,-10.77,138,30.2,21.41,58,150.86,142.21,DELAY_NAS|DELAY_LATE_AIRCRAFT|DELAY_CARRIER
LEX,11,1364,-6.11,-12.72,96,32.25,24.65,56,153.68,160.32,DELAY_CARRIER|DELAY_NAS|DELAY_LATE_AIRCRAFT
LEX,12,1144,-4.17,-12.04,168,32.19,27.77,106,211.49,203.85,DELAY_LATE_AIRCRAFT|DELAY_NAS|DELAY_CARRIER
LFT,1,296,-4.11,-7.64,48,32.33,28.08,56,185.43,191.5,DELAY_LATE_AIRCRAFT|DELAY_WEATHER|CANC_WEATHER
LFT,2,358,-5.19,-7.09,48,30.62,23.25,18,133.0,129.89,DELAY_LATE_AIRCRAFT|DELAY_WEATHER|DELAY_CARRIER
LFT,3,550,-5.44,-10.49,54,32.63,26.93,44,174.68,172.27,DELAY_CARRIER|DELAY_LATE_AIRCRAFT|DELAY_NAS
LFT,4,448,-4.92,-6.6,28,34.86,39.36,46,166.13,176.48,DELAY_LATE_AIRCRAFT|DELAY_NAS|DELAY_WEATHER
LFT,5,350,-4.24,-6.55,52,28.35,28.12,58,191.97,190.62,DELAY_LATE_AIRCRAFT|DELAY_NAS|DELAY_CARRIER
LFT,6,420,-4.23,-9.5,56,30.25,27.0,60,208.6,204.57,DELAY_CARRIER|DELAY_LATE_AIRCRAFT|DELAY_NAS
LFT,7,430,-3.79,-7.66,86,32.05,27.95,90,196.44,195.78,DELAY_CARRIER|DELAY_LATE_AIRCRAFT|DELAY_WEATHER
LFT,8,504,-5.92,-13.08,56,33.89,28.0,40,194.35,188.1,DELAY_CARRIER|DELAY_LATE_AIRCRAFT|DELAY_WEATHER
LFT,9,384,-5.28,-8.89,50,28.56,26.36,28,269.86,266.43,DELAY_LATE_AIRCRAFT|DELAY_CARRIER|CANC_WEATHER
LFT,10,492,-5.25,-13.05,36,28.56,18.39,38,151.84,142.74,DELAY_CARRIER|DELAY_LATE_AIRCRAFT|DELAY_NAS
LFT,11,472,-5.55,-11.55,42,33.71,25.62,44,192.36,191.77,DELAY_LATE_AIRCRAFT|DELAY_CARRIER|DELAY_WEATHER
LFT,12,486,-4.5,-8.54,38,29.47,23.11,46,181.35,188.09,DELAY_NAS|DELAY_LATE_AIRCRAFT|DELAY_CARRIER
LGA,1,19054,-4.24,-15.19,2892,32.68,27.39,2226,144.43,147.52,DELAY_LATE_AIRCRAFT|DELAY_NAS|DELAY_CARRIER
LGA,2,21210,-4.64,-18.79,2188,31.09,17.24,1336,149.09,135.97,DELAY_LATE_AIRCRAFT|DELAY_NAS|DELAY_CARRIER
LGA,3,22088,-4.44,-17.32,2834,32.5,20.82,1668,133.32,123.7,DELAY_LATE_AIRCRAFT|DELAY_CARRIER|DELAY_NAS
LGA,4,22414,-4.53,-14.78,2534,31.71,23.07,1642,153.11,146.16,DELAY_LATE_AIRCRAFT|DELAY_CARRIER|DELAY_NAS
LGA,5,21954,-4.2,-12.03,3120,31.76,27.07,2522,143.63,142.46,DELAY_LATE_AIRCRAFT|DELAY_NAS|DELAY_CARRIER
LGA,6,20460,-4.0,-13.57,3152,32.87,27.99,2466,157.49,153.26,DELAY_LATE_AIRCRAFT|DELAY_NAS|DELAY_CARRIER
LGA,7,19778,-3.5,-10.0,3758,32.91,31.12,3476,155.06,152.15,DELAY_LATE_AIRCRAFT|DELAY_NAS|DELAY_CARRIER
LGA,8,19896,-3.57,-10.35,3236,32.11,30.67,2846,160.34,157.87,DELAY_NAS|DELAY_LATE_AIRCRAFT|DELAY_CARRIER
LGA,9,24032,-5.24,-13.64,1968,30.94,23.01,932,134.37,126.11,DELAY_CARRIER|DELAY_LATE_AIRCRAFT|DELAY_NAS
LGA,10,24972,-4.99,-15.42,2126,30.54,21.05,994,148.12,139.88,DELAY_CARRIER|DELAY_LATE_AIRCRAFT|DELAY_NAS
LGA,11,23558,-4.91,-14.97,2108,31.06,19.78,1002,120.75,109.29,DELAY_LATE_AIRCRAFT|DELAY_CARRIER|DELAY_NAS
LGA,12,20176,-3.3,-11.52,3690,32.24,25.26,1996,131.44,125.92,DELAY_LATE_AIRCRAFT|DELAY_CARRIER|DELAY_NAS
LGB,1,2422,-2.1,-6.47,358,29.32,24.98,138,104.33,102.42,DELAY_LATE_AIRCRAFT|DELAY_CARRIER|DELAY_NAS
LGB,2,2298,-1.3,-8.77,348,28.7,20.91,116,103.34,94.62,DELAY_LATE_AIRCRAFT|DELAY_NAS|DELAY_CARRIER
LGB,3,2452,-1.08,-6.77,394,29.8,25.05,132,110.95,104.68,DELAY_LATE_AIRCRAFT|DELAY_CARRIER|DELAY_NAS
LGB,4,2464,-1.4,-8.51,360,29.52,21.46,110,113.27,103.85,DELAY_LATE_AIRCRAFT|DELAY_NAS|DELAY_CARRIER
LGB,5,2412,-0.83,-9.34,464,30.7,22.64,150,122.91,117.51,DELAY_LATE_AIRCRAFT|DELAY_CARRIER|DELAY_NAS
LGB,6,2446,-0.41,-8.11,400,30.75,23.3,114,121.42,113.72,DELAY_LATE_AIRCRAFT|DELAY_CARRIER|DELAY_NAS
LGB,7,2358,-1.05,-8.03,542,30.15,23.65,158,112.84,105.51,DELAY_LATE_AIRCRAFT|DELAY_CARRIER|DELAY_NAS
LGB,8,2558,-2.47,-7.57,244,30.77,26.93,80,109.7,104.17,DELAY_LATE_AIRCRAFT|DELAY_NAS|DELAY_CARRIER
LGB,9,2412,-2.48,-9.32,252,28.54,21.95,92,131.87,125.83,DELAY_LATE_AIRCRAFT|DELAY_CARRIER|DELAY_NAS
LGB,10,2480,-2.62,-9.53,300,31.28,23.89,148,115.49,107.42,DELAY_LATE_AIRCRAFT|DELAY_CARRIER|DELAY_NAS
LGB,11,2600,-3.34,-12.02,232,30.97,21.66,74,112.08,102.3,DELAY_LATE_AIRCRAFT|DELAY_CARRIER|DELAY_NAS
LGB,12,2310,-2.33,-9.81,404,31.3,25.13,238,132.24,124.8,DELAY_LATE_AIRCRAFT|DELAY_CARRIER|DELAY_NAS
LIH,1,2062,-2.4,-5.85,430,29.8,27.67,132,171.8,158.83,DELAY_LATE_AIRCRAFT|DELAY_NAS|DELAY_CARRIER
LIH,2,2092,-2.13,-7.53,260,29.58,18.66,52,197.04,181.77,DELAY_LATE_AIRCRAFT|DELAY_CARRIER|DELAY_NAS
LIH,3,2414,-3.06,-7.72,220,25.85,21.15,30,164.87,154.67,DELAY_LATE_AIRCRAFT|DELAY_CARRIER|DELAY_NAS
LIH,4,2242,-3.44,-8.12,228,29.98,25.12,66,166.15,163.33,DELAY_LATE_AIRCRAFT|DELAY_CARRIER|DELAY_NAS
LIH,5,2254,-3.02,-5.58,280,29.18,27.98,94,128.26,124.66,DELAY_LATE_AIRCRAFT|DELAY_CARRIER|CANC_CARRIER
LIH,6,2446,-2.99,-5.7,228,27.46,26.11,78,112.97,109.64,DELAY_LATE_AIRCRAFT|DELAY_CARRIER|DELAY_NAS
LIH,7,2532,-2.86,-5.36,280,31.72,29.55,66,154.0,151.55,DELAY_LATE_AIRCRAFT|DELAY_CARRIER|DELAY_NAS
LIH,8,2534,-3.43,-10.39,176,31.26,22.83,46,190.87,185.61,DELAY_LATE_AIRCRAFT|DELAY_CARRIER|CANC_CARRIER
LIH,9,2308,-3.87,-7.92,162,28.77,23.8,32,243.12,238.31,DELAY_LATE_AIRCRAFT|DELAY_CARRIER|DELAY_NAS
LIH,10,2378,-3.43,-8.02,178,26.1,22.37,34,110.12,104.65,DELAY_LATE_AIRCRAFT|DELAY_CARRIER|DELAY_NAS
LIH,11,2354,-4.3,-8.86,140,32.67,24.19,42,103.62,96.33,DELAY_LATE_AIRCRAFT|DELAY_CARRIER|DELAY_NAS
LIH,12,2424,-3.5,-8.24,222,29.41,23.76,68,156.47,147.47,DELAY_LATE_AIRCRAFT|DELAY_CARRIER|DELAY_NAS
LIT,1,1336,-3.71,-6.06,240,33.12,28.27,172,149.17,154.14,DELAY_LATE_AIRCRAFT|DELAY_NAS|DELAY_CARRIER
LIT,2,1536,-4.86,-8.6,124,31.23,26.03,52,185.5,176.77,DELAY_LATE_AIRCRAFT|DELAY_NAS|DELAY_CARRIER
LIT,3,1638,-4.42,-9.69,178,31.79,26.46,132,131.92,129.0,DELAY_LATE_AIRCRAFT|DELAY_NAS|DELAY_CARRIER
LIT,4,1760,-3.59,-8.97,232,28.03,23.41,150,185.69,186.89,DELAY_LATE_AIRCRAFT|DELAY_CARRIER|DELAY_NAS
LIT,5,1504,-1.94,-6.63,382,31.31,28.34,276,149.51,157.36,DELAY_LATE_AIRCRAFT|DELAY_CARRIER|DELAY_NAS
LIT,6,1712,-2.38,-5.99,332,31.14,27.43,214,161.35,161.43,DELAY_LATE_AIRCRAFT|DELAY_CARRIER|DELAY_NAS
LIT,7,1638,-1.63,-4.43,436,32.03,31.93,256,158.96,158.51,DELAY_LATE_AIRCRAFT|DELAY_NAS|DELAY_CARRIER
LIT,8,1828,-3.68,-8.9,240,30.98,27.06,126,160.3,156.44,DELAY_LATE_AIRCRAFT|DELAY_NAS|DELAY_CARRIER
LIT,9,1776,-3.99,-8.88,222,30.75,24.66,112,160.64,156.38,DELAY_LATE_AIRCRAFT|DELAY_CARRIER|DELAY_NAS
LIT,10,2078,-3.52,-9.07,182,30.53,24.21,92,201.76,195.65,DELAY_CARRIER|DELAY_LATE_AIRCRAFT|DELAY_NAS
LIT,11,1806,-4.14,-9.23,180,32.88,30.22,72,165.61,168.08,DELAY_LATE_AIRCRAFT|DELAY_CARRIER|DELAY_NAS
LIT,12,1582,-2.88,-8.59,266,30.59,26.02,140,137.11,138.17,DELAY_LATE_AIRCRAFT|DELAY_CARRIER|DELAY_NAS
LNK,1,54,-1.3,-4.04,18,23.89,26.44,18,160.44,172.67,DELAY_LATE_AIRCRAFT|DELAY_NAS|CANC_WEATHER
LNK,2,94,-7.77,-15.45,12,20.33,9.5,4,71.5,62.0,DELAY_CARRIER
LNK,3,76,-6.11,-13.68,6,36.67,22.33,4,282.5,265.5,DELAY_CARRIER|DELAY_LATE_AIRCRAFT|DELAY_NAS
LNK,4,144,-4.82,-9.04,16,42.5,36.88,20,350.4,342.9,DELAY_CARRIER|DELAY_LATE_AIRCRAFT|DELAY_WEATHER
LNK,5,170,-5.04,-9.15,42,33.71,34.95,40,197.1,192.95,DELAY_CARRIER|DELAY_LATE_AIRCRAFT|DELAY_NAS
LNK,6,350,-5.82,-10.11,38,34.05,26.16,30,162.07,158.07,DELAY_CARRIER|DELAY_LATE_AIRCRAFT|DELAY_NAS
LNK,7,344,-6.47,-9.86,40,32.7,27.65,46,153.61,147.48,DELAY_CARRIER|DELAY_LATE_AIRCRAFT|DELAY_NAS
LNK,8,326,-5.61,-9.52,66,36.21,28.67,36,205.78,204.44,DELAY_CARRIER|DELAY_LATE_AIRCRAFT|DELAY_NAS
LNK,9,370,-6.2,-14.53,28,36.14,21.43,30,217.4,203.0,DELAY_CARRIER|DELAY_LATE_AIRCRAFT|DELAY_NAS
LNK,10,440,-6.6,-12.99,20,37.6,27.7,20,133.2,113.1,DELAY_CARRIER|DELAY_WEATHER|DELAY_LATE_AIRCRAFT
LNK,11,388,-5.83,-12.81,32,31.62,20.88,22,126.55,115.09,DELAY_CARRIER|DELAY_LATE_AIRCRAFT|CANC_WEATHER
LNK,12,282,-5.82,-11.3,30,33.13,22.87,30,155.73,137.27,DELAY_CARRIER|DELAY_LATE_AIRCRAFT|DELAY_NAS
LRD,1,192,-4.75,-6.82,30,22.87,24.13,32,152.88,145.5,DELAY_LATE_AIRCRAFT|DELAY_NAS|DELAY_CARRIER
LRD,2,214,-6.05,-5.29,24,32.42,34.17,4,150.0,150.5,DELAY_LATE_AIRCRAFT|DELAY_NAS|DELAY_CARRIER
LRD,3,204,-4.2,-3.52,24,30.08,30.5,22,129.64,128.09,DELAY_LATE_AIRCRAFT|DELAY_NAS|CANC_WEATHER
LRD,4,244,-5.62,-8.02,18,37.11,30.67,36,142.5,143.5,DELAY_LATE_AIRCRAFT|DELAY_NAS|DELAY_CARRIER
LRD,5,212,-3.36,-3.93,38,35.42,33.0,50,224.28,231.2,DELAY_LATE_AIRCRAFT|DELAY_NAS|CANC_WEATHER
LRD,6,236,-3.07,-4.29,62,30.87,29.68,22,109.91,105.09,DELAY_LATE_AIRCRAFT|DELAY_CARRIER|DELAY_NAS
LRD,7,252,-3.32,-2.17,48,33.33,32.67,40,209.1,207.0,DELAY_LATE_AIRCRAFT|DELAY_NAS|DELAY_CARRIER
LRD,8,284,-6.8,-9.07,30,32.07,30.93,10,156.8,153.6,DELAY_LATE_AIRCRAFT|DELAY_NAS|DELAY_CARRIER
LRD,9,252,-4.54,-7.4,20,35.4,30.3,10,388.2,383.0,DELAY_LATE_AIRCRAFT|DELAY_NAS|DELAY_CARRIER
LRD,10,270,-5.96,-11.3,16,28.38,24.12,16,136.25,132.88,DELAY_LATE_AIRCRAFT|DELAY_CARRIER|DELAY_NAS
LRD,11,252,-6.05,-8.84,18,25.22,17.56,24,128.58,126.67,DELAY_LATE_AIRCRAFT|DELAY_NAS|DELAY_CARRIER
LRD,12,260,-4.37,-5.25,30,24.8,19.33,24,197.33,201.17,DELAY_LATE_AIRCRAFT|DELAY_NAS|CANC_WEATHER
LSE,1,4,-2.0,-15.5,4,28.5,5.5,2,113.0,99.0,CANC_WEATHER|DELAY_CARRIER
LSE,2,8,-6.0,-20.0,0,,,0,,,N/D
LSE,5,76,-2.79,-5.24,8,37.5,35.25,12,145.33,149.17,DELAY_LATE_AIRCRAFT|DELAY_NAS|DELAY_CARRIER
LSE,6,24,-3.75,-11.42,2,15.0,16.0,0,,,DELAY_LATE_AIRCRAFT
LSE,7,78,-3.72,-4.03,14,25.0,21.43,8,158.0,150.75,DELAY_LATE_AIRCRAFT|DELAY_CARRIER|DELAY_NAS
LSE,8,60,-2.63,-5.2,4,30.5,23.5,4,227.5,221.0,DELAY_CARRIER|DELAY_NAS|CANC_WEATHER
LSE,9,124,-4.82,-4.05,12,36.83,47.5,6,81.33,86.33,DELAY_NAS|DELAY_LATE_AIRCRAFT|DELAY_CARRIER
LSE,10,74,-6.14,-6.92,2,17.0,17.0,4,95.5,88.0,DELAY_CARRIER|DELAY_NAS|DELAY_LATE_AIRCRAFT
LSE,11,94,-4.57,-14.17,4,24.0,19.5,4,581.5,584.5,DELAY_LATE_AIRCRAFT|DELAY_NAS|CANC_CARRIER
LSE,12,16,-3.62,-9.12,2,15.0,26.0,0,,,DELAY_LATE_AIRCRAFT
LWS,1,130,-3.42,-2.48,22,33.82,21.36,28,233.43,231.0,DELAY_CARRIER|DELAY_LATE_AIRCRAFT|CANC_WEATHER
LWS,2,148,-3.78,-10.2,8,27.0,26.0,16,231.88,225.62,DELAY_CARRIER|DELAY_LATE_AIRCRAFT|DELAY_WEATHER
LWS,3,170,-4.22,-4.05,6,39.33,31.0,6,220.67,221.33,DELAY_CARRIER|DELAY_LATE_AIRCRAFT|CANC_WEATHER
LWS,4,166,-4.75,-6.82,6,24.67,14.67,8,120.25,108.5,DELAY_CARRIER|DELAY_WEATHER
LWS,5,170,-3.76,-7.64,12,27.5,26.0,4,376.5,365.0,DELAY_CARRIER|DELAY_WEATHER
LWS,6,162,-3.26,-11.96,8,18.75,1.75,10,243.2,224.2,DELAY_CARRIER
LWS,7,166,-2.64,-9.43,14,34.14,23.29,6,447.0,437.67,DELAY_CARRIER|DELAY_WEATHER
LWS,8,168,-4.31,-9.82,12,25.17,19.17,6,104.33,100.33,DELAY_CARRIER|DELAY_NAS|DELAY_WEATHER
LWS,9,162,-4.21,-7.28,10,35.6,33.2,8,351.0,342.5,DELAY_CARRIER|DELAY_LATE_AIRCRAFT|DELAY_NAS
LWS,10,166,-4.14,-6.06,16,26.12,20.5,4,269.0,258.0,DELAY_CARRIER|DELAY_NAS|DELAY_SECURITY
LWS,11,168,-4.3,-6.18,12,27.33,16.5,0,,,DELAY_CARRIER|DELAY_WEATHER
LWS,12,166,-3.49,-7.35,2,57.0,89.0,16,290.75,283.12,DELAY_CARRIER|DELAY_WEATHER|CANC_WEATHER
MAF,1,1116,-4.41,-8.12,132,34.17,30.76,92,139.85,140.59,DELAY_LATE_AIRCRAFT|DELAY_CARRIER|DELAY_NAS
MAF,2,1160,-4.76,-8.28,78,31.03,26.28,32,169.25,162.81,DELAY_CARRIER|DELAY_LATE_AIRCRAFT|DELAY_NAS
MAF,3,1226,-3.91,-8.18,116,31.69,28.26,74,148.19,142.46,DELAY_LATE_AIRCRAFT|DELAY_NAS|DELAY_CARRIER
MAF,4,1384,-4.95,-9.57,138,35.1,31.42,110,150.93,148.27,DELAY_LATE_AIRCRAFT|DELAY_NAS|DELAY_CARRIER
MAF,5,1138,-2.19,-5.85,268,32.96,31.9,220,174.82,176.1,DELAY_LATE_AIRCRAFT|DELAY_CARRIER|DELAY_NAS
MAF,6,1206,-3.18,-5.92,270,31.36,30.92,166,136.13,134.45,DELAY_CARRIER|DELAY_LATE_AIRCRAFT|DELAY_NAS
MAF,7,1194,-2.93,-5.32,258,31.16,28.43,148,140.26,136.64,DELAY_LATE_AIRCRAFT|DELAY_CARRIER|DELAY_NAS
MAF,8,1432,-4.65,-7.46,148,29.86,27.11,88,155.05,149.93,DELAY_LATE_AIRCRAFT|DELAY_CARRIER|DELAY_NAS
MAF,9,1352,-4.82,-9.22,148,32.54,26.92,50,157.16,149.6,DELAY_CARRIER|DELAY_LATE_AIRCRAFT|DELAY_NAS
MAF,10,1488,-5.09,-9.26,108,31.35,24.94,54,161.48,154.48,DELAY_CARRIER|DELAY_LATE_AIRCRAFT|DELAY_NAS
MAF,11,1430,-4.88,-10.57,118,32.2,28.73,72,136.42,128.33,DELAY_LATE_AIRCRAFT|DELAY_CARRIER|DELAY_NAS
MAF,12,1384,-4.39,-9.51,148,29.74,24.95,108,161.76,158.59,DELAY_CARRIER|DELAY_LATE_AIRCRAFT|DELAY_NAS
MBS,1,164,-4.44,-9.32,44,36.95,43.45,76,146.61,145.11,DELAY_CARRIER|CANC_WEATHER|DELAY_WEATHER
MBS,2,288,-6.61,-16.33,12,34.33,39.17,18,231.11,223.0,DELAY_CARRIER|DELAY_LATE_AIRCRAFT|DELAY_WEATHER
MBS,3,312,-5.99,-10.85,14,26.86,33.43,18,210.78,199.67,DELAY_CARRIER|DELAY_LATE_AIRCRAFT|DELAY_NAS
MBS,4,294,-7.16,-12.05,18,37.0,34.78,22,134.45,134.64,DELAY_CARRIER|DELAY_LATE_AIRCRAFT|DELAY_NAS
MBS,5,272,-6.24,-9.54,34,36.53,33.12,44,127.68,127.09,DELAY_CARRIER|DELAY_LATE_AIRCRAFT|DELAY_NAS
MBS,6,304,-5.16,-8.12,26,31.85,32.23,44,176.23,173.45,DELAY_CARRIER|DELAY_WEATHER|CANC_WEATHER
MBS,7,304,-5.65,-9.89,46,34.26,28.91,42,121.14,121.52,DELAY_CARRIER|DELAY_LATE_AIRCRAFT|DELAY_WEATHER
MBS,8,322,-4.52,-7.53,34,33.94,30.18,40,176.35,174.9,DELAY_CARRIER|DELAY_LATE_AIRCRAFT|DELAY_NAS
MBS,9,342,-6.87,-10.7,26,36.69,29.15,16,124.62,122.38,DELAY_CARRIER|DELAY_LATE_AIRCRAFT|DELAY_NAS
MBS,10,342,-5.78,-9.51,36,28.39,25.22,32,183.06,177.38,DELAY_CARRIER|DELAY_LATE_AIRCRAFT|DELAY_WEATHER
MBS,11,318,-5.47,-10.18,28,32.21,24.14,36,145.28,141.78,DELAY_CARRIER|DELAY_WEATHER|DELAY_NAS
MBS,12,270,-3.27,-5.45,62,31.74,31.23,50,148.92,149.0,DELAY_CARRIER|DELAY_LATE_AIRCRAFT|DELAY_WEATHER
MCI,1,5482,-2.37,-4.38,1110,30.84,31.85,580,158.1,167.8,DELAY_NAS|DELAY_LATE_AIRCRAFT|DELAY_CARRIER
MCI,2,6120,-3.27,-9.12,586,28.75,23.25,246,180.54,176.45,DELAY_NAS|DELAY_LATE_AIRCRAFT|DELAY_CARRIER
MCI,3,6986,-2.84,-9.42,932,30.32,24.11,348,139.73,137.95,DELAY_LATE_AIRCRAFT|DELAY_NAS|DELAY_CARRIER
MCI,4,6730,-2.73,-8.89,1006,30.53,24.09,422,156.27,152.84,DELAY_LATE_AIRCRAFT|DELAY_CARRIER|DELAY_NAS
MCI,5,6624,-1.73,-6.01,1194,31.31,27.69,718,150.04,149.38,DELAY_LATE_AIRCRAFT|DELAY_NAS|DELAY_CARRIER
MCI,6,6970,-1.99,-6.69,1254,30.94,27.21,574,162.13,158.83,DELAY_LATE_AIRCRAFT|DELAY_NAS|DELAY_CARRIER
MCI,7,6724,-2.1,-5.75,1386,31.39,28.47,806,155.29,152.95,DELAY_LATE_AIRCRAFT|DELAY_NAS|DELAY_CARRIER
MCI,8,7140,-3.34,-7.84,954,30.42,26.5,490,142.39,138.44,DELAY_LATE_AIRCRAFT|DELAY_NAS|DELAY_CARRIER
MCI,9,7368,-3.74,-8.55,646,29.95,23.83,240,142.37,136.03,DELAY_LATE_AIRCRAFT|DELAY_NAS|DELAY_CARRIER
MCI,10,7886,-3.79,-9.57,646,29.19,22.39,234,170.11,163.66,DELAY_LATE_AIRCRAFT|DELAY_CARRIER|DELAY_NAS
MCI,11,7070,-3.62,-9.96,676,29.83,22.18,306,143.04,139.62,DELAY_LATE_AIRCRAFT|DELAY_NAS|DELAY_CARRIER
MCI,12,6460,-2.53,-11.33,1038,29.02,19.28,382,153.73,144.82,DELAY_LATE_AIRCRAFT|DELAY_CARRIER|DELAY_NAS
MCO,1,20152,-1.49,-7.15,5086,30.75,26.32,2450,146.99,145.12,DELAY_LATE_AIRCRAFT|DELAY_CARRIER|DELAY_NAS
MCO,2,21890,-2.52,-5.83,3548,30.52,26.17,1598,126.51,120.16,DELAY_LATE_AIRCRAFT|DELAY_NAS|DELAY_CARRIER
MCO,3,21546,-1.68,-5.08,5564,31.97,29.83,3656,141.12,140.64,DELAY_LATE_AIRCRAFT|DELAY_NAS|DELAY_CARRIER
MCO,4,22126,-2.18,-7.71,3792,30.94,24.42,2050,143.15,137.71,DELAY_LATE_AIRCRAFT|DELAY_CARRIER|DELAY_NAS
MCO,5,19544,-1.48,-5.06,4778,31.94,30.3,2994,138.39,138.28,DELAY_LATE_AIRCRAFT|DELAY_NAS|DELAY_CARRIER
MCO,6,18056,-1.72,-8.27,4544,32.44,26.75,3348,147.33,142.79,DELAY_LATE_AIRCRAFT|DELAY_CARRIER|DELAY_NAS
MCO,7,16720,-1.3,-6.44,5190,32.59,28.32,3964,150.36,146.44,DELAY_LATE_AIRCRAFT|DELAY_CARRIER|DELAY_NAS
MCO,8,16128,-1.75,-7.19,4364,32.51,29.16,3026,136.55,132.48,DELAY_LATE_AIRCRAFT|DELAY_NAS|DELAY_CARRIER
MCO,9,18020,-2.87,-8.06,2460,29.97,25.93,916,127.1,122.04,DELAY_NAS|DELAY_LATE_AIRCRAFT|DELAY_CARRIER
MCO,10,19432,-3.07,-10.9,2410,29.25,20.6,852,125.54,117.21,CANC_WEATHER|DELAY_CARRIER|DELAY_LATE_AIRCRAFT
MCO,11,21498,-3.17,-10.5,2702,30.05,22.93,1024,122.4,117.23,DELAY_CARRIER|DELAY_LATE_AIRCRAFT|DELAY_NAS
MCO,12,20780,-2.06,-9.32,4056,30.87,22.97,2252,132.02,126.37,DELAY_LATE_AIRCRAFT|DELAY_CARRIER|DELAY_NAS
MCW,1,58,-6.34,-15.07,12,31.5,22.33,14,178.86,171.57,DELAY_LATE_AIRCRAFT|CANC_WEATHER|DELAY_NAS
MCW,2,90,-8.91,-21.58,0,,,6,127.0,122.0,CANC_WEATHER|DELAY_CARRIER|DELAY_LATE_AIRCRAFT
MCW,3,82,-8.83,-13.88,10,39.2,44.6,14,312.71,300.57,DELAY_LATE_AIRCRAFT|DELAY_CARRIER|DELAY_NAS
MCW,4,86,-9.09,-9.77,6,39.33,32.67,8,303.75,295.5,DELAY_LATE_AIRCRAFT|DELAY_CARRIER|CANC_CARRIER
MCW,5,84,-7.6,-2.57,8,32.0,33.0,10,172.4,169.2,DELAY_LATE_AIRCRAFT|DELAY_NAS|CANC_WEATHER
MCW,6,76,-8.13,-11.34,12,21.0,19.0,14,251.29,250.71,DELAY_LATE_AIRCRAFT|DELAY_NAS
MCW,7,78,-7.54,-5.1,12,45.83,50.83,14,358.71,361.29,DELAY_LATE_AIRCRAFT|DELAY_NAS|DELAY_CARRIER
MCW,8,68,-6.41,-8.68,20,34.6,39.9,16,169.62,171.75,DELAY_LATE_AIRCRAFT|DELAY_NAS|DELAY_CARRIER
MCW,9,90,-8.98,-16.49,4,41.5,28.5,10,279.0,264.2,DELAY_LATE_AIRCRAFT|DELAY_CARRIER|DELAY_WEATHER
MCW,10,96,-9.83,-16.81,6,41.67,26.0,4,68.5,45.5,DELAY_CARRIER|DELAY_LATE_AIRCRAFT
MCW,11,76,-9.11,-9.95,8,46.75,43.75,18,397.89,394.56,DELAY_LATE_AIRCRAFT|DELAY_CARRIER|DELAY_WEATHER
MCW,12,80,-10.3,-11.43,6,22.33,24.67,8,130.5,136.75,CANC_WEATHER|DELAY_LATE_AIRCRAFT|DELAY_CARRIER
MDT,1,578,-5.75,-11.34,62,31.77,34.81,62,187.77,186.74,DELAY_NAS|DELAY_LATE_AIRCRAFT|DELAY_CARRIER
MDT,2,622,-5.41,-18.76,54,30.89,21.74,34,204.06,198.76,DELAY_LATE_AIRCRAFT|DELAY_CARRIER|DELAY_NAS
MDT,3,676,-5.14,-14.82,76,32.11,27.97,34,176.65,176.47,DELAY_LATE_AIRCRAFT|DELAY_NAS|DELAY_CARRIER
MDT,4,888,-5.08,-13.23,84,33.67,26.6,30,144.67,144.27,DELAY_LATE_AIRCRAFT|DELAY_CARRIER|DELAY_NAS
MDT,5,746,-3.78,-9.04,116,32.98,30.12,88,137.66,137.2,DELAY_LATE_AIRCRAFT|DELAY_CARRIER|DELAY_NAS
MDT,6,778,-4.3,-10.08,134,30.28,25.76,82,195.39,192.29,DELAY_CARRIER|DELAY_LATE_AIRCRAFT|DELAY_NAS
MDT,7,700,-4.48,-7.96,148,33.93,32.32,128,161.62,163.5,DELAY_CARRIER|DELAY_LATE_AIRCRAFT|DELAY_NAS
MDT,8,702,-3.34,-6.44,124,31.11,33.9,96,248.52,245.98,DELAY_CARRIER|DELAY_LATE_AIRCRAFT|DELAY_NAS
MDT,9,692,-4.86,-10.02,96,30.48,25.4,60,189.53,183.5,DELAY_CARRIER|DELAY_LATE_AIRCRAFT|DELAY_NAS
MDT,10,848,-4.37,-12.36,72,29.0,18.5,40,234.95,227.85,DELAY_CARRIER|DELAY_LATE_AIRCRAFT|DELAY_NAS
MDT,11,776,-4.63,-13.84,84,31.69,22.95,56,143.93,129.93,DELAY_CARRIER|DELAY_LATE_AIRCRAFT|DELAY_NAS
MDT,12,620,-2.84,-10.31,110,28.49,22.15,92,146.91,140.93,DELAY_CARRIER|DELAY_LATE_AIRCRAFT|DELAY_NAS
MDW,1,7914,-0.44,-5.97,2044,30.55,26.31,812,137.5,135.26,DELAY_LATE_AIRCRAFT|DELAY_CARRIER|CANC_WEATHER
MDW,2,9034,-1.4,-10.87,1118,28.77,20.77,288,121.78,112.68,DELAY_CARRIER|DELAY_LATE_AIRCRAFT|DELAY_NAS
MDW,3,10052,-0.71,-8.82,2388,30.49,22.86,814,118.59,112.51,DELAY_LATE_AIRCRAFT|DELAY_CARRIER|DELAY_NAS
MDW,4,10542,-0.66,-7.36,2272,30.33,24.13,706,128.07,122.25,DELAY_LATE_AIRCRAFT|DELAY_CARRIER|DELAY_NAS
MDW,5,9008,0.12,-4.6,3234,31.39,28.83,1532,118.45,117.16,DELAY_LATE_AIRCRAFT|DELAY_CARRIER|DELAY_NAS
MDW,6,9912,0.66,-4.72,3624,30.55,26.69,1408,129.23,128.17,DELAY_LATE_AIRCRAFT|DELAY_CARRIER|DELAY_NAS
MDW,7,10042,0.87,-3.8,3834,30.84,26.6,1606,120.3,116.08,DELAY_LATE_AIRCRAFT|DELAY_CARRIER|DELAY_NAS
MDW,8,10562,-0.23,-6.8,2706,30.29,26.8,978,113.05,109.76,DELAY_LATE_AIRCRAFT|DELAY_CARRIER|DELAY_NAS
MDW,9,11344,-0.78,-7.84,1924,28.37,21.45,354,113.21,107.04,DELAY_CARRIER|DELAY_LATE_AIRCRAFT|DELAY_NAS
MDW,10,11338,-1.24,-10.13,1656,28.62,18.72,364,111.94,101.31,DELAY_CARRIER|DELAY_LATE_AIRCRAFT|DELAY_NAS
MDW,11,10010,-1.7,-10.21,1280,29.38,20.9,466,140.8,133.24,DELAY_LATE_AIRCRAFT|DELAY_CARRIER|DELAY_NAS
MDW,12,8898,-0.32,-9.79,2228,29.88,21.89,668,116.49,108.94,DELAY_LATE_AIRCRAFT|DELAY_CARRIER|DELAY_NAS
MEI,1,78,-7.82,-33.28,6,22.67,-0.67,8,93.25,59.75,CANC_WEATHER|DELAY_CARRIER|DELAY_LATE_AIRCRAFT
MEI,2,84,-8.5,-25.24,6,40.33,17.0,10,160.8,140.0,DELAY_LATE_AIRCRAFT|DELAY_CARRIER|DELAY_WEATHER
MEI,3,92,-7.22,-10.96,4,30.5,38.5,8,338.25,330.5,DELAY_NAS|DELAY_WEATHER|CANC_WEATHER
MEI,4,88,-8.25,-9.11,6,30.0,25.0,8,358.75,358.25,DELAY_CARRIER|DELAY_LATE_AIRCRAFT
MEI,5,74,-5.7,0.35,10,30.0,36.4,20,217.9,245.3,DELAY_NAS|DELAY_LATE_AIRCRAFT|DELAY_WEATHER
MEI,6,88,-5.84,0.7,2,21.0,31.0,8,465.0,466.0,DELAY_CARRIER|DELAY_LATE_AIRCRAFT|DELAY_NAS
MEI,7,66,-5.52,-1.21,8,42.5,58.5,18,126.78,124.22,DELAY_CARRIER|CANC_WEATHER|DELAY_LATE_AIRCRAFT
MEI,8,92,-6.7,-8.54,14,25.57,21.29,0,,,DELAY_LATE_AIRCRAFT|DELAY_CARRIER|DELAY_NAS
MEI,9,92,-7.87,-7.67,4,20.5,18.0,6,237.0,237.0,DELAY_CARRIER|DELAY_LATE_AIRCRAFT|CANC_WEATHER
MEI,10,96,-6.1,-6.0,6,33.0,24.33,4,87.0,88.5,DELAY_CARRIER
MEI,11,94,-7.4,-8.4,8,30.0,29.75,2,61.0,73.0,DELAY_CARRIER|DELAY_NAS
MEI,12,88,-5.55,-6.77,14,29.86,32.57,2,164.0,193.0,DELAY_CARRIER|DELAY_LATE_AIRCRAFT|CANC_WEATHER
MEM,1,2558,-4.01,-7.53,426,32.24,29.53,230,189.2,197.37,DELAY_NAS|DELAY_LATE_AIRCRAFT|DELAY_CARRIER
MEM,2,2824,-4.67,-10.6,220,30.66,25.5,92,164.93,157.7,DELAY_CARRIER|DELAY_NAS|DELAY_LATE_AIRCRAFT
MEM,3,3044,-3.96,-10.35,384,31.16,23.35,180,148.88,144.63,DELAY_LATE_AIRCRAFT|DELAY_NAS|DELAY_CARRIER
MEM,4,3168,-3.9,-10.21,304,30.75,24.28,198,226.08,222.24,DELAY_LATE_AIRCRAFT|DELAY_CARRIER|DELAY_NAS
MEM,5,2956,-2.42,-7.94,604,31.13,26.3,362,173.55,175.54,DELAY_LATE_AIRCRAFT|DELAY_CARRIER|DELAY_NAS
MEM,6,3272,-2.93,-9.19,532,31.18,25.91,318,171.02,168.22,DELAY_LATE_AIRCRAFT|DELAY_CARRIER|DELAY_NAS
MEM,7,3024,-2.63,-7.81,586,31.57,26.8,484,162.57,160.38,DELAY_LATE_AIRCRAFT|DELAY_CARRIER|DELAY_NAS
MEM,8,3396,-4.16,-9.88,378,32.84,28.9,212,183.16,182.29,DELAY_LATE_AIRCRAFT|DELAY_NAS|DELAY_CARRIER
MEM,9,3242,-3.79,-9.91,338,30.56,26.34,142,156.46,151.7,DELAY_LATE_AIRCRAFT|DELAY_NAS|DELAY_CARRIER
MEM,10,3528,-3.88,-10.78,302,29.11,19.17,142,169.27,160.76,DELAY_LATE_AIRCRAFT|DELAY_CARRIER|DELAY_NAS
MEM,11,3138,-3.74,-10.58,276,32.14,26.27,152,119.17,116.72,DELAY_NAS|DELAY_LATE_AIRCRAFT|DELAY_CARRIER
MEM,12,2878,-2.75,-8.84,448,31.31,23.12,196,172.74,170.0,DELAY_LATE_AIRCRAFT|DELAY_NAS|DELAY_CARRIER
MFE,1,444,-4.47,-8.88,64,32.5,29.5,44,288.73,286.36,DELAY_LATE_AIRCRAFT|DELAY_NAS|DELAY_CARRIER
MFE,2,504,-5.2,-7.08,44,33.73,29.68,24,134.75,141.42,DELAY_LATE_AIRCRAFT|DELAY_CARRIER|DELAY_NAS
MFE,3,466,-4.16,-6.5,52,33.08,31.58,52,133.96,136.96,DELAY_LATE_AIRCRAFT|DELAY_NAS|DELAY_CARRIER
MFE,4,478,-3.87,-8.26,58,31.38,30.66,60,155.07,157.17,DELAY_LATE_AIRCRAFT|DELAY_CARRIER|DELAY_NAS
MFE,5,510,-3.67,-5.38,78,33.59,29.74,148,176.15,178.72,DELAY_CARRIER|DELAY_LATE_AIRCRAFT|DELAY_NAS
MFE,6,576,-3.19,-3.55,106,32.36,27.85,114,183.61,184.93,DELAY_LATE_AIRCRAFT|DELAY_CARRIER|DELAY_NAS
MFE,7,656,-3.99,-3.92,128,32.05,34.28,132,158.33,158.58,DELAY_LATE_AIRCRAFT|DELAY_CARRIER|DELAY_NAS
MFE,8,732,-5.11,-7.9,76,31.58,29.84,92,156.91,155.5,DELAY_LATE_AIRCRAFT|DELAY_CARRIER|DELAY_NAS
MFE,9,760,-5.47,-8.66,66,31.42,27.48,46,126.83,117.65,DELAY_LATE_AIRCRAFT|DELAY_CARRIER|DELAY_NAS
MFE,10,872,-6.3,-9.98,68,33.91,30.21,26,248.0,244.69,DELAY_LATE_AIRCRAFT|DELAY_CARRIER|DELAY_NAS
MFE,11,668,-5.79,-10.51,80,33.42,28.35,62,146.81,150.74,DELAY_LATE_AIRCRAFT|DELAY_CARRIER|DELAY_NAS
MFE,12,750,-5.38,-10.23,76,32.11,25.95,72,143.44,156.33,DELAY_CARRIER|DELAY_LATE_AIRCRAFT|DELAY_NAS
MFR,1,612,-5.3,-14.88,50,30.2,19.44,58,207.07,198.69,DELAY_CARRIER|DELAY_LATE_AIRCRAFT|DELAY_WEATHER
MFR,2,574,-5.17,-12.85,52,32.12,23.04,56,131.25,131.64,DELAY_NAS|DELAY_CARRIER|DELAY_LATE_AIRCRAFT
MFR,3,600,-4.4,-8.38,72,33.06,25.36,44,152.59,154.05,DELAY_NAS|DELAY_CARRIER|DELAY_LATE_AIRCRAFT
MFR,4,602,-4.87,-6.9,46,32.0,29.39,38,204.95,202.37,DELAY_CARRIER|DELAY_NAS|DELAY_LATE_AIRCRAFT
MFR,5,608,-5.03,-9.42,72,32.25,28.64,42,209.33,203.29,DELAY_CARRIER|DELAY_LATE_AIRCRAFT|DELAY_NAS
MFR,6,600,-2.72,-6.73,92,30.33,25.65,48,106.67,101.21,DELAY_CARRIER|DELAY_NAS|DELAY_LATE_AIRCRAFT
MFR,7,598,-3.26,-8.06,84,31.52,26.05,72,147.39,143.61,DELAY_CARRIER|DELAY_LATE_AIRCRAFT|CANC_CARRIER
MFR,8,624,-4.06,-7.79,62,30.1,23.39,46,237.57,235.91,DELAY_CARRIER|DELAY_LATE_AIRCRAFT|DELAY_NAS
MFR,9,604,-4.52,-8.82,64,27.62,20.25,36,159.11,153.33,DELAY_CARRIER|DELAY_LATE_AIRCRAFT|DELAY_NAS
MFR,10,680,-5.47,-10.16,60,26.3,23.67,22,124.18,119.82,DELAY_CARRIER|DELAY_NAS|DELAY_LATE_AIRCRAFT
MFR,11,614,-5.4,-10.31,54,32.85,28.93,42,316.43,312.57,DELAY_CARRIER|DELAY_NAS|DELAY_WEATHER
MFR,12,592,-3.92,-10.57,68,34.68,26.18,52,204.92,195.23,DELAY_CARRIER|DELAY_LATE_AIRCRAFT|CANC_WEATHER
MGM,1,262,-2.4,-8.56,62,32.16,28.29,42,202.38,194.67,DELAY_LATE_AIRCRAFT|DELAY_CARRIER|DELAY_NAS
MGM,2,316,-4.67,-10.25,46,32.87,27.65,16,153.88,152.25,DELAY_CARRIER|DELAY_LATE_AIRCRAFT|DELAY_NAS
MGM,3,344,-4.13,-7.67,48,31.29,25.79,22,209.82,200.91,DELAY_LATE_AIRCRAFT|DELAY_CARRIER|DELAY_NAS
MGM,4,342,-4.56,-8.16,30,26.33,27.53,24,136.17,130.42,DELAY_NAS|DELAY_LATE_AIRCRAFT|DELAY_CARRIER
MGM,5,322,-4.02,-5.01,36,31.0,29.06,52,236.31,233.12,DELAY_CARRIER|DELAY_NAS|DELAY_WEATHER
MGM,6,348,-5.22,-9.78,62,30.61,21.32,32,185.38,178.94,DELAY_LATE_AIRCRAFT|DELAY_CARRIER|DELAY_NAS
MGM,7,316,-2.69,-3.94,54,30.15,33.33,76,155.16,155.32,DELAY_LATE_AIRCRAFT|DELAY_CARRIER|DELAY_NAS
MGM,8,396,-4.54,-8.48,50,29.72,23.48,16,282.5,281.12,DELAY_LATE_AIRCRAFT|DELAY_CARRIER|DELAY_NAS
MGM,9,380,-4.21,-9.18,36,30.94,29.11,30,115.07,112.33,DELAY_LATE_AIRCRAFT|DELAY_NAS|DELAY_CARRIER
MGM,10,414,-5.42,-16.02,34,32.29,26.88,16,136.88,132.38,DELAY_LATE_AIRCRAFT|DELAY_CARRIER|DELAY_NAS
MGM,11,384,-4.43,-12.0,60,31.47,27.4,18,165.44,153.67,DELAY_CARRIER|DELAY_NAS|DELAY_LATE_AIRCRAFT
MGM,12,334,-3.77,-8.69,88,35.16,32.36,52,201.81,199.23,DELAY_CARRIER|DELAY_LATE_AIRCRAFT|DELAY_NAS
MGW,12,44,-5.23,-5.5,8,27.75,34.5,22,244.64,230.73,DELAY_CARRIER|DELAY_LATE_AIRCRAFT|DELAY_NAS
MHK,1,144,-3.54,-9.61,22,31.45,25.64,16,167.38,168.88,DELAY_LATE_AIRCRAFT|DELAY_NAS|CANC_WEATHER
MHK,2,138,-5.74,-13.54,2,15.0,-11.0,4,126.5,108.0,DELAY_NAS|DELAY_CARRIER
MHK,3,108,-4.09,-15.8,8,24.75,12.75,4,401.0,393.5,DELAY_LATE_AIRCRAFT|CANC_WEATHER|DELAY_NAS
MHK,4,98,-4.29,-16.2,10,30.8,20.2,6,100.33,82.33,DELAY_CARRIER|DELAY_NAS|CANC_NAS
MHK,5,86,-3.16,-6.58,14,27.14,20.14,18,120.56,129.67,DELAY_LATE_AIRCRAFT|DELAY_NAS|DELAY_CARRIER
MHK,6,136,-4.59,-12.99,20,31.9,38.5,10,277.6,275.4,DELAY_LATE_AIRCRAFT|DELAY_NAS|DELAY_WEATHER
MHK,7,158,-3.86,-13.13,18,27.33,16.0,10,128.4,118.6,DELAY_LATE_AIRCRAFT|DELAY_NAS|DELAY_CARRIER
MHK,8,162,-6.35,-14.58,18,35.11,23.78,6,125.0,113.0,DELAY_LATE_AIRCRAFT|DELAY_NAS|DELAY_CARRIER
MHK,9,166,-5.75,-20.07,10,29.0,12.8,4,78.0,63.0,DELAY_NAS|DELAY_CARRIER|DELAY_LATE_AIRCRAFT
MHK,10,166,-3.93,-21.1,10,23.6,4.4,8,91.5,75.5,DELAY_LATE_AIRCRAFT|DELAY_NAS
MHK,11,154,-3.16,-18.81,8,23.25,19.5,8,157.75,175.25,DELAY_LATE_AIRCRAFT|CANC_WEATHER|DELAY_NAS
MHK,12,150,-2.15,-16.37,16,20.5,7.0,8,193.25,177.75,CANC_WEATHER|DELAY_NAS|DELAY_CARRIER
MHT,1,548,-4.2,-9.96,82,29.29,26.61,66,138.58,150.76,DELAY_LATE_AIRCRAFT|DELAY_NAS|CANC_WEATHER
MHT,2,576,-4.62,-16.28,56,29.29,18.14,24,123.92,121.67,DELAY_LATE_AIRCRAFT|DELAY_NAS|DELAY_CARRIER
MHT,3,654,-3.89,-13.14,104,32.63,28.06,60,162.3,161.87,DELAY_LATE_AIRCRAFT|DELAY_NAS|DELAY_CARRIER
MHT,4,762,-3.87,-9.39,104,34.58,29.04,46,167.78,177.35,DELAY_LATE_AIRCRAFT|DELAY_NAS|DELAY_CARRIER
MHT,5,740,-3.58,-6.8,132,32.27,29.73,74,177.3,180.3,DELAY_LATE_AIRCRAFT|DELAY_NAS|DELAY_CARRIER
MHT,6,842,-3.84,-9.44,102,30.94,28.96,48,191.17,186.25,DELAY_LATE_AIRCRAFT|DELAY_NAS|DELAY_CARRIER
MHT,7,708,-3.64,-9.08,186,30.34,26.0,106,151.36,152.26,DELAY_LATE_AIRCRAFT|DELAY_CARRIER|DELAY_NAS
MHT,8,908,-3.54,-8.81,126,32.73,30.43,90,206.49,208.27,DELAY_LATE_AIRCRAFT|DELAY_NAS|DELAY_CARRIER
MHT,9,1016,-5.03,-13.82,72,31.0,23.92,38,175.63,164.89,DELAY_LATE_AIRCRAFT|DELAY_NAS|DELAY_CARRIER
MHT,10,990,-4.01,-13.73,126,28.06,17.83,50,124.32,112.28,DELAY_LATE_AIRCRAFT|DELAY_CARRIER|DELAY_NAS
MHT,11,794,-4.87,-15.57,44,28.45,13.77,26,145.38,134.31,DELAY_LATE_AIRCRAFT|DELAY_NAS|DELAY_CARRIER
MHT,12,694,-4.92,-12.53,102,31.31,23.63,46,164.04,166.52,DELAY_LATE_AIRCRAFT|DELAY_NAS|DELAY_CARRIER
MIA,1,13734,-0.97,-5.28,4148,31.87,29.66,1940,145.5,143.71,DELAY_LATE_AIRCRAFT|DELAY_CARRIER|DELAY_NAS
MIA,2,14858,-1.92,-3.41,2806,30.85,29.0,1354,145.75,142.61,DELAY_NAS|DELAY_LATE_AIRCRAFT|DELAY_CARRIER
MIA,3,14066,-1.36,-4.6,3790,32.65,31.4,2710,163.12,163.89,DELAY_LATE_AIRCRAFT|DELAY_NAS|DELAY_CARRIER
MIA,4,14732,-1.95,-6.87,2730,31.67,26.5,1506,153.08,148.0,DELAY_LATE_AIRCRAFT|DELAY_CARRIER|DELAY_NAS
MIA,5,12624,-1.04,-4.2,3656,32.76,30.64,2448,145.17,144.63,DELAY_LATE_AIRCRAFT|DELAY_CARRIER|DELAY_NAS
MIA,6,10196,-1.11,-7.75,3406,33.16,29.1,2638,162.25,157.05,DELAY_LATE_AIRCRAFT|DELAY_CARRIER|DELAY_NAS
MIA,7,10928,-1.18,-7.6,3450,32.83,27.78,2642,158.59,152.78,DELAY_LATE_AIRCRAFT|DELAY_CARRIER|DELAY_NAS
MIA,8,10156,-1.19,-6.97,3238,33.26,28.83,2768,144.33,139.25,DELAY_LATE_AIRCRAFT|DELAY_CARRIER|DELAY_NAS
MIA,9,12404,-2.96,-9.39,1802,31.38,27.47,852,136.49,133.61,DELAY_NAS|DELAY_CARRIER|DELAY_LATE_AIRCRAFT
MIA,10,13838,-3.25,-11.8,1640,31.45,22.35,784,133.62,124.64,DELAY_LATE_AIRCRAFT|DELAY_CARRIER|DELAY_NAS
MIA,11,15014,-2.78,-11.63,1940,30.93,21.22,932,128.77,120.39,DELAY_CARRIER|DELAY_LATE_AIRCRAFT|DELAY_NAS
MIA,12,14588,-1.67,-9.56,3410,32.19,26.22,1716,131.35,125.91,DELAY_LATE_AIRCRAFT|DELAY_CARRIER|DELAY_NAS
MKE,1,3108,-2.7,-7.24,528,33.76,31.67,390,199.5,200.34,DELAY_NAS|DELAY_LATE_AIRCRAFT|DELAY_CARRIER
MKE,2,3714,-4.42,-13.63,372,31.76,19.88,128,186.75,178.09,DELAY_LATE_AIRCRAFT|DELAY_NAS|DELAY_CARRIER
MKE,3,4180,-3.73,-10.46,602,32.43,28.49,374,137.33,133.58,DELAY_LATE_AIRCRAFT|DELAY_NAS|DELAY_CARRIER
MKE,4,4036,-4.03,-9.56,396,30.63,24.17,278,171.37,169.81,DELAY_LATE_AIRCRAFT|DELAY_CARRIER|DELAY_NAS
MKE,5,3766,-3.42,-7.9,546,32.28,27.97,438,170.96,171.86,DELAY_LATE_AIRCRAFT|DELAY_NAS|DELAY_CARRIER
MKE,6,3894,-3.49,-8.45,584,31.01,27.57,332,151.86,148.29,DELAY_LATE_AIRCRAFT|DELAY_NAS|DELAY_CARRIER
MKE,7,3860,-3.18,-8.17,716,32.55,30.94,502,159.0,158.81,DELAY_LATE_AIRCRAFT|DELAY_CARRIER|DELAY_NAS
MKE,8,4232,-3.49,-8.59,510,32.24,28.39,336,129.69,128.49,DELAY_LATE_AIRCRAFT|DELAY_NAS|DELAY_CARRIER
MKE,9,4194,-4.14,-10.48,404,29.91,24.42,182,167.82,164.38,DELAY_CARRIER|DELAY_NAS|DELAY_LATE_AIRCRAFT
MKE,10,4506,-4.01,-12.26,396,29.96,22.04,188,189.31,179.5,DELAY_CARRIER|DELAY_LATE_AIRCRAFT|DELAY_NAS
MKE,11,3848,-4.31,-11.68,384,31.47,24.03,176,160.18,152.8,DELAY_CARRIER|DELAY_LATE_AIRCRAFT|DELAY_NAS
MKE,12,3510,-2.97,-10.0,554,30.5,25.11,318,162.18,161.19,DELAY_LATE_AIRCRAFT|DELAY_CARRIER|DELAY_NAS
MLB,1,362,-8.1,-15.71,44,33.32,23.27,38,159.32,156.95,DELAY_LATE_AIRCRAFT|DELAY_CARRIER|DELAY_NAS
MLB,2,398,-8.12,-12.73,42,34.19,31.43,6,130.0,123.33,DELAY_LATE_AIRCRAFT|DELAY_CARRIER|DELAY_NAS
MLB,3,404,-6.93,-11.68,74,28.89,25.38,20,131.1,122.1,DELAY_LATE_AIRCRAFT|DELAY_CARRIER|DELAY_NAS
MLB,4,416,-6.82,-11.77,38,29.0,21.63,28,183.14,179.5,DELAY_LATE_AIRCRAFT|DELAY_CARRIER|DELAY_NAS
MLB,5,396,-6.87,-11.17,44,36.77,36.95,42,201.1,201.29,DELAY_LATE_AIRCRAFT|DELAY_NAS|DELAY_CARRIER
MLB,6,388,-6.41,-13.23,32,32.38,21.56,26,133.0,125.77,DELAY_LATE_AIRCRAFT|DELAY_CARRIER|DELAY_NAS
MLB,7,342,-4.59,-6.88,48,36.25,33.12,54,122.07,133.67,DELAY_LATE_AIRCRAFT|DELAY_NAS|DELAY_CARRIER
MLB,8,348,-6.24,-10.9,46,36.83,28.52,40,117.8,129.35,DELAY_LATE_AIRCRAFT|CANC_WEATHER|DELAY_CARRIER
MLB,9,400,-6.35,-10.94,24,25.5,32.92,16,118.62,126.75,DELAY_NAS|DELAY_LATE_AIRCRAFT|DELAY_CARRIER
MLB,10,396,-7.35,-10.63,14,26.29,20.86,14,120.29,110.29,CANC_WEATHER|DELAY_NAS|DELAY_LATE_AIRCRAFT
MLB,11,430,-7.13,-10.61,34,29.76,23.24,10,131.2,135.8,DELAY_LATE_AIRCRAFT|DELAY_CARRIER|DELAY_NAS
MLB,12,418,-5.68,-9.31,66,31.55,25.52,28,197.64,201.57,DELAY_LATE_AIRCRAFT|DELAY_NAS|DELAY_CARRIER
MLI,1,428,-3.88,-8.09,82,30.32,37.0,88,212.16,217.05,CANC_WEATHER|DELAY_LATE_AIRCRAFT|DELAY_NAS
MLI,2,568,-5.54,-14.77,42,29.71,21.33,32,209.25,196.62,DELAY_CARRIER|DELAY_NAS|DELAY_LATE_AIRCRAFT
MLI,3,618,-5.51,-12.47,64,32.0,25.25,44,137.18,135.05,DELAY_NAS|DELAY_LATE_AIRCRAFT|DELAY_CARRIER
MLI,4,502,-4.92,-8.9,72,33.64,30.69,28,287.0,282.93,DELAY_LATE_AIRCRAFT|DELAY_CARRIER|DELAY_NAS
MLI,5,540,-4.29,-8.73,84,32.9,31.1,104,203.56,206.79,DELAY_LATE_AIRCRAFT|DELAY_NAS|DELAY_CARRIER
MLI,6,580,-5.22,-9.61,72,36.08,32.42,62,167.26,165.87,DELAY_LATE_AIRCRAFT|DELAY_CARRIER|DELAY_NAS
MLI,7,536,-4.71,-6.2,112,30.82,30.66,92,132.83,130.17,DELAY_LATE_AIRCRAFT|DELAY_CARRIER|DELAY_NAS
MLI,8,572,-5.05,-7.41,70,31.86,35.23,58,126.31,122.59,DELAY_LATE_AIRCRAFT|DELAY_CARRIER|DELAY_NAS
MLI,9,586,-5.66,-9.61,60,35.83,28.8,32,153.69,155.5,DELAY_CARRIER|DELAY_LATE_AIRCRAFT|DELAY_NAS
MLI,10,750,-5.95,-12.43,44,35.23,30.36,18,145.67,138.0,DELAY_CARRIER|DELAY_LATE_AIRCRAFT|DELAY_NAS
MLI,11,630,-5.55,-9.26,62,31.61,26.55,40,139.2,140.55,DELAY_CARRIER|DELAY_LATE_AIRCRAFT|DELAY_NAS
MLI,12,570,-3.56,-13.38,60,35.07,22.5,66,258.36,256.24,DELAY_CARRIER|DELAY_LATE_AIRCRAFT|DELAY_NAS
MLU,1,214,-5.72,-5.48,42,28.62,27.95,40,177.15,183.65,DELAY_LATE_AIRCRAFT|DELAY_NAS|DELAY_CARRIER
MLU,2,264,-5.34,-3.8,16,33.5,30.12,10,124.2,119.0,DELAY_LATE_AIRCRAFT|DELAY_NAS|DELAY_CARRIER
MLU,3,256,-4.45,-5.83,42,33.38,27.14,10,160.6,157.8,DELAY_LATE_AIRCRAFT|DELAY_CARRIER|DELAY_NAS
MLU,4,238,-4.03,-3.99,34,32.06,26.41,20,126.5,123.9,DELAY_LATE_AIRCRAFT|DELAY_NAS|DELAY_WEATHER
MLU,5,234,-2.67,-5.89,20,27.1,21.6,48,175.0,172.92,DELAY_LATE_AIRCRAFT|DELAY_NAS|DELAY_CARRIER
MLU,6,276,-4.78,-10.1,32,30.12,17.88,30,117.33,115.0,DELAY_LATE_AIRCRAFT|DELAY_CARRIER|DELAY_NAS
MLU,7,308,-3.97,-8.89,38,35.32,38.68,52,144.96,141.35,DELAY_LATE_AIRCRAFT|DELAY_NAS|DELAY_CARRIER
MLU,8,320,-5.88,-8.89,16,26.62,23.5,22,214.09,202.18,DELAY_CARRIER|DELAY_LATE_AIRCRAFT|DELAY_NAS
MLU,9,318,-6.16,-9.53,48,31.83,31.46,28,153.57,150.86,DELAY_LATE_AIRCRAFT|DELAY_CARRIER|DELAY_NAS
MLU,10,344,-6.0,-12.19,14,40.0,30.71,6,203.0,191.67,DELAY_LATE_AIRCRAFT|DELAY_CARRIER|DELAY_NAS
MLU,11,266,-3.43,-9.23,22,32.91,23.82,36,181.17,175.72,DELAY_LATE_AIRCRAFT|DELAY_CARRIER|DELAY_NAS
MLU,12,280,-5.25,-10.6,24,35.67,31.17,26,124.0,114.77,DELAY_CARRIER|DELAY_NAS|DELAY_LATE_AIRCRAFT
MOB,1,304,-4.24,-9.95,40,32.45,30.85,32,187.5,185.88,DELAY_LATE_AIRCRAFT|DELAY_CARRIER|DELAY_NAS
MOB,2,406,-4.76,-10.77,34,30.0,25.12,18,291.78,291.56,DELAY_CARRIER|DELAY_LATE_AIRCRAFT|DELAY_NAS
MOB,3,346,-4.68,-7.79,40,32.15,26.45,26,122.38,117.77,DELAY_LATE_AIRCRAFT|DELAY_NAS|DELAY_CARRIER
MOB,4,360,-4.62,-8.38,40,25.0,30.9,6,150.33,200.33,DELAY_NAS|DELAY_LATE_AIRCRAFT|CANC_NAS
MOB,5,328,-3.53,-4.8,48,37.46,38.29,32,219.25,240.44,DELAY_NAS|DELAY_LATE_AIRCRAFT|DELAY_WEATHER
MOB,6,342,-5.07,-10.8,56,34.25,27.79,30,123.4,117.67,DELAY_LATE_AIRCRAFT|DELAY_CARRIER|DELAY_NAS
MOB,7,324,-4.04,-7.4,48,36.08,32.71,54,117.63,114.78,DELAY_LATE_AIRCRAFT|DELAY_NAS|CANC_CARRIER
MOB,8,422,-4.27,-9.6,22,24.64,18.73,14,137.57,127.0,DELAY_LATE_AIRCRAFT|DELAY_NAS|DELAY_CARRIER
MOB,9,392,-5.12,-9.94,32,29.25,24.69,20,228.9,226.2,DELAY_NAS|DELAY_LATE_AIRCRAFT|DELAY_CARRIER
MOB,10,424,-5.04,-11.76,18,27.67,29.11,6,72.67,67.33,DELAY_CARRIER|DELAY_NAS|DELAY_LATE_AIRCRAFT
MOB,11,354,-4.43,-8.41,36,30.11,26.39,16,124.12,130.5,DELAY_LATE_AIRCRAFT|DELAY_NAS|DELAY_CARRIER
MOB,12,362,-3.8,-8.66,48,31.08,30.88,40,248.0,251.6,DELAY_LATE_AIRCRAFT|DELAY_NAS|DELAY_CARRIER
MOT,1,250,-3.69,-11.14,26,39.23,38.85,58,256.1,257.41,DELAY_CARRIER|CANC_WEATHER|DELAY_WEATHER
MOT,2,288,-5.33,-15.0,24,31.75,23.92,22,227.73,227.64,DELAY_CARRIER|CANC_WEATHER|DELAY_WEATHER
MOT,3,336,-5.04,-13.4,18,27.78,27.44,14,201.29,205.0,DELAY_CARRIER|DELAY_NAS|CANC_WEATHER
MOT,4,326,-6.07,-12.98,18,28.89,17.11,18,164.22,153.11,DELAY_CARRIER|DELAY_NAS|DELAY_LATE_AIRCRAFT
MOT,5,324,-4.48,-12.04,34,30.94,18.65,14,127.14,123.29,DELAY_CARRIER|DELAY_NAS|DELAY_LATE_AIRCRAFT
MOT,6,290,-3.72,-3.84,60,33.67,34.47,42,239.52,243.52,DELAY_CARRIER|DELAY_NAS|DELAY_WEATHER
MOT,7,382,-3.77,-6.64,46,37.87,38.26,34,173.47,169.53,DELAY_CARRIER|DELAY_WEATHER|DELAY_NAS
MOT,8,334,-5.12,-5.87,58,31.93,30.97,26,199.92,199.77,DELAY_CARRIER|DELAY_NAS|DELAY_WEATHER
MOT,9,328,-5.09,-8.52,38,34.89,30.63,8,321.25,320.75,DELAY_CARRIER|DELAY_NAS|DELAY_LATE_AIRCRAFT
MOT,10,368,-5.4,-14.45,34,26.06,23.59,8,204.0,202.0,DELAY_CARRIER|DELAY_NAS|DELAY_LATE_AIRCRAFT
MOT,11,328,-3.63,-8.49,26,36.85,46.38,34,181.47,184.82,DELAY_CARRIER|DELAY_NAS|DELAY_WEATHER
MOT,12,332,-3.93,-6.69,56,35.46,29.93,54,205.74,201.7,DELAY_CARRIER|DELAY_WEATHER|DELAY_NAS
MQT,1,50,-5.16,-18.0,2,31.0,14.0,2,65.0,44.0,CANC_WEATHER|DELAY_LATE_AIRCRAFT
MQT,2,94,-5.91,-23.32,8,33.0,10.75,12,155.0,123.67,DELAY_LATE_AIRCRAFT|DELAY_CARRIER|DELAY_WEATHER
MQT,3,116,-6.62,-12.91,4,21.0,4.5,4,101.5,73.0,DELAY_NAS|DELAY_LATE_AIRCRAFT
MQT,4,86,-8.02,-10.51,10,36.0,29.6,20,209.0,205.5,DELAY_CARRIER|DELAY_WEATHER|CANC_WEATHER
MQT,5,140,-7.03,-6.59,20,41.4,46.5,10,133.0,135.2,DELAY_NAS|DELAY_WEATHER|DELAY_CARRIER
MQT,6,142,-4.08,-8.34,20,37.0,48.4,12,152.5,161.67,DELAY_LATE_AIRCRAFT|DELAY_CARRIER|DELAY_NAS
MQT,7,136,-3.84,-6.56,30,30.27,27.6,18,143.22,142.11,DELAY_CARRIER|DELAY_LATE_AIRCRAFT|DELAY_WEATHER
MQT,8,132,-4.3,-7.94,36,28.0,28.61,12,181.33,189.33,DELAY_LATE_AIRCRAFT|DELAY_CARRIER|DELAY_NAS
MQT,9,162,-6.15,-9.94,12,24.83,23.0,6,115.67,111.0,DELAY_CARRIER|DELAY_NAS|DELAY_LATE_AIRCRAFT
MQT,10,124,-6.79,-13.74,4,42.5,37.5,8,133.5,124.0,DELAY_CARRIER|DELAY_LATE_AIRCRAFT|DELAY_NAS
MQT,11,102,-5.55,-16.76,14,41.71,36.14,2,97.0,79.0,DELAY_CARRIER|DELAY_NAS|DELAY_WEATHER
MQT,12,72,-4.14,-17.17,26,27.23,14.08,20,190.9,183.4,DELAY_CARRIER|DELAY_WEATHER|CANC_WEATHER
MRY,1,526,-5.48,-12.53,50,26.8,22.64,40,134.8,129.5,DELAY_LATE_AIRCRAFT|DELAY_CARRIER|DELAY_NAS
MRY,2,502,-5.19,-10.23,40,30.85,30.4,40,270.3,263.95,DELAY_CARRIER|DELAY_LATE_AIRCRAFT|DELAY_NAS
MRY,3,506,-5.5,-6.36,66,32.88,32.09,20,464.8,465.6,DELAY_NAS|DELAY_CARRIER|DELAY_LATE_AIRCRAFT
MRY,4,608,-5.56,-6.26,50,31.92,30.04,38,181.16,179.68,DELAY_CARRIER|DELAY_LATE_AIRCRAFT|DELAY_NAS
MRY,5,712,-6.5,-9.17,86,36.33,33.84,52,142.38,156.5,DELAY_LATE_AIRCRAFT|DELAY_CARRIER|DELAY_NAS
MRY,6,686,-4.83,-5.63,92,30.04,31.13,68,147.24,144.5,DELAY_LATE_AIRCRAFT|DELAY_CARRIER|DELAY_NAS
MRY,7,674,-4.37,-5.53,116,31.48,30.88,74,242.81,247.97,DELAY_LATE_AIRCRAFT|DELAY_CARRIER|DELAY_NAS
MRY,8,744,-5.18,-7.05,70,33.14,31.51,64,130.56,128.12,DELAY_LATE_AIRCRAFT|DELAY_CARRIER|DELAY_NAS
MRY,9,668,-5.08,-7.33,70,37.26,36.03,42,186.38,184.33,DELAY_CARRIER|DELAY_LATE_AIRCRAFT|DELAY_NAS
MRY,10,802,-5.89,-7.15,66,33.55,31.79,52,144.38,144.42,DELAY_CARRIER|DELAY_LATE_AIRCRAFT|DELAY_NAS
MRY,11,706,-5.41,-8.66,90,32.76,28.91,48,175.83,175.5,DELAY_LATE_AIRCRAFT|DELAY_CARRIER|DELAY_NAS
MRY,12,638,-4.62,-7.36,88,36.52,33.07,76,214.47,210.08,DELAY_CARRIER|DELAY_LATE_AIRCRAFT|DELAY_WEATHER
MSN,1,1204,-3.9,-8.23,166,34.6,33.92,218,177.97,178.59,DELAY_CARRIER|DELAY_NAS|DELAY_LATE_AIRCRAFT
MSN,2,1508,-5.55,-14.82,98,34.16,27.71,76,165.37,150.0,DELAY_CARRIER|DELAY_NAS|DELAY_LATE_AIRCRAFT
MSN,3,1614,-5.2,-12.39,170,34.06,26.2,108,230.89,222.46,DELAY_LATE_AIRCRAFT|DELAY_CARRIER|DELAY_NAS
MSN,4,1698,-6.09,-10.12,158,29.81,25.09,152,207.84,209.93,DELAY_CARRIER|DELAY_LATE_AIRCRAFT|DELAY_NAS
MSN,5,1564,-4.63,-8.26,218,33.8,35.07,234,207.51,205.23,DELAY_LATE_AIRCRAFT|DELAY_CARRIER|DELAY_NAS
MSN,6,1630,-4.73,-7.16,226,33.26,31.31,208,184.82,185.5,DELAY_LATE_AIRCRAFT|DELAY_CARRIER|DELAY_NAS
MSN,7,1540,-4.85,-6.39,220,35.44,35.05,188,157.71,156.99,DELAY_LATE_AIRCRAFT|DELAY_CARRIER|DELAY_NAS
MSN,8,1832,-5.63,-6.86,210,32.07,30.61,186,160.45,159.29,DELAY_LATE_AIRCRAFT|DELAY_CARRIER|DELAY_NAS
MSN,9,1710,-6.25,-9.36,152,30.42,27.24,98,173.82,167.12,DELAY_CARRIER|DELAY_NAS|DELAY_LATE_AIRCRAFT
MSN,10,1872,-6.11,-11.73,116,30.45,22.07,62,143.61,136.52,DELAY_CARRIER|DELAY_NAS|DELAY_LATE_AIRCRAFT
MSN,11,1700,-6.1,-10.92,132,32.35,26.82,78,137.44,138.87,DELAY_NAS|DELAY_CARRIER|DELAY_LATE_AIRCRAFT
MSN,12,1462,-4.18,-8.42,238,31.55,24.73,164,171.6,169.43,DELAY_CARRIER|DELAY_LATE_AIRCRAFT|DELAY_NAS
MSO,1,332,-2.36,-5.92,56,29.75,26.64,60,231.07,236.37,DELAY_NAS|DELAY_LATE_AIRCRAFT|DELAY_WEATHER
MSO,2,374,-4.9,-10.33,32,29.19,22.94,20,126.9,127.7,DELAY_CARRIER|DELAY_NAS|DELAY_LATE_AIRCRAFT
MSO,3,440,-4.91,-7.75,32,26.62,25.06,22,139.36,136.91,DELAY_LATE_AIRCRAFT|DELAY_NAS|DELAY_CARRIER
MSO,4,416,-5.18,-8.43,42,33.57,25.29,22,215.91,210.36,DELAY_CARRIER|DELAY_LATE_AIRCRAFT|DELAY_NAS
MSO,5,606,-3.1,-7.25,70,33.97,30.4,42,122.9,122.43,DELAY_NAS|DELAY_LATE_AIRCRAFT|DELAY_CARRIER
MSO,6,792,-3.68,-9.86,128,31.83,23.47,84,177.71,174.02,DELAY_CARRIER|DELAY_LATE_AIRCRAFT|DELAY_NAS
MSO,7,828,-2.29,-7.07,162,32.36,28.69,106,192.28,187.34,DELAY_LATE_AIRCRAFT|DELAY_CARRIER|DELAY_NAS
MSO,8,784,-2.84,-6.58,146,31.64,26.08,62,130.9,126.19,DELAY_CARRIER|DELAY_LATE_AIRCRAFT|DELAY_NAS
MSO,9,646,-3.4,-7.99,70,29.83,21.0,36,122.28,117.78,DELAY_LATE_AIRCRAFT|DELAY_CARRIER|DELAY_NAS
MSO,10,560,-4.38,-7.62,54,32.37,32.0,24,198.08,194.25,DELAY_LATE_AIRCRAFT|DELAY_CARRIER|DELAY_NAS
MSO,11,520,-4.87,-8.92,26,34.23,30.23,30,162.67,159.0,DELAY_CARRIER|DELAY_NAS|DELAY_LATE_AIRCRAFT
MSO,12,504,-4.38,-9.19,56,24.57,18.43,40,225.05,224.6,DELAY_CARRIER|DELAY_LATE_AIRCRAFT|DELAY_NAS
MSP,1,15062,-2.58,-12.57,2054,31.61,23.54,1348,170.96,164.12,DELAY_CARRIER|DELAY_NAS|DELAY_LATE_AIRCRAFT
MSP,2,15510,-3.34,-15.14,1358,30.88,18.79,638,145.21,134.76,DELAY_CARRIER|DELAY_NAS|DELAY_LATE_AIRCRAFT
MSP,3,17172,-3.05,-10.39,2002,31.08,27.4,1078,145.37,145.13,DELAY_CARRIER|DELAY_NAS|DELAY_LATE_AIRCRAFT
MSP,4,17832,-3.37,-9.49,1788,31.19,24.6,830,136.66,132.23,DELAY_CARRIER|DELAY_NAS|DELAY_LATE_AIRCRAFT
MSP,5,17786,-2.72,-5.92,2374,31.2,29.05,1398,135.43,134.35,DELAY_CARRIER|DELAY_NAS|DELAY_LATE_AIRCRAFT
MSP,6,15838,-1.4,-3.39,4256,32.7,31.82,2268,135.02,134.53,DELAY_CARRIER|DELAY_LATE_AIRCRAFT|DELAY_NAS
MSP,7,15768,-1.5,-5.74,3988,32.73,27.75,2766,148.23,143.67,DELAY_CARRIER|DELAY_LATE_AIRCRAFT|DELAY_NAS
MSP,8,18064,-1.92,-6.75,3562,32.41,29.22,1628,134.86,132.19,DELAY_CARRIER|DELAY_NAS|DELAY_LATE_AIRCRAFT
MSP,9,19024,-3.65,-11.15,1700,30.81,22.39,584,121.16,113.55,DELAY_CARRIER|DELAY_NAS|DELAY_LATE_AIRCRAFT
MSP,10,19990,-4.07,-11.21,1420,31.64,23.97,574,132.18,122.93,DELAY_CARRIER|DELAY_NAS|DELAY_LATE_AIRCRAFT
MSP,11,18208,-3.83,-9.41,1440,30.95,25.33,662,133.62,131.74,DELAY_CARRIER|DELAY_NAS|DELAY_LATE_AIRCRAFT
MSP,12,16626,-2.07,-8.13,2600,31.87,26.7,1534,150.82,147.73,DELAY_CARRIER|DELAY_NAS|DELAY_LATE_AIRCRAFT
MSY,1,5892,-2.27,-7.49,1302,31.6,25.5,692,158.71,156.62,DELAY_LATE_AIRCRAFT|DELAY_NAS|DELAY_CARRIER
MSY,2,6878,-2.78,-7.56,878,30.26,24.36,306,129.36,123.71,DELAY_LATE_AIRCRAFT|DELAY_NAS|DELAY_CARRIER
MSY,3,6808,-2.17,-7.82,1434,31.32,26.09,664,157.86,154.52,DELAY_LATE_AIRCRAFT|DELAY_NAS|DELAY_CARRIER
MSY,4,6886,-2.56,-8.41,1074,30.6,25.97,602,180.5,178.97,DELAY_LATE_AIRCRAFT|DELAY_NAS|DELAY_CARRIER
MSY,5,6218,-1.12,-4.46,1592,30.95,28.86,1060,156.51,157.8,DELAY_LATE_AIRCRAFT|DELAY_NAS|DELAY_CARRIER
MSY,6,6188,-2.01,-6.63,1428,30.9,27.31,658,167.33,166.11,DELAY_LATE_AIRCRAFT|DELAY_NAS|DELAY_CARRIER
MSY,7,5260,-1.29,-6.55,1666,32.65,29.58,1162,149.74,146.66,DELAY_LATE_AIRCRAFT|DELAY_CARRIER|DELAY_NAS
MSY,8,5706,-2.68,-8.71,1080,31.46,26.19,586,154.57,148.84,DELAY_LATE_AIRCRAFT|DELAY_NAS|DELAY_CARRIER
MSY,9,5924,-3.05,-8.44,856,30.81,25.15,270,140.69,133.72,DELAY_LATE_AIRCRAFT|DELAY_NAS|DELAY_CARRIER
MSY,10,7618,-2.34,-8.79,892,28.56,21.59,336,139.32,131.54,DELAY_LATE_AIRCRAFT|DELAY_CARRIER|DELAY_NAS
MSY,11,7130,-2.66,-8.51,926,30.19,24.38,362,143.64,140.41,DELAY_LATE_AIRCRAFT|DELAY_NAS|DELAY_CARRIER
MSY,12,6548,-2.72,-8.44,1220,30.8,24.82,584,147.21,146.15,DELAY_LATE_AIRCRAFT|DELAY_NAS|DELAY_CARRIER
MTJ,1,572,-4.37,-9.62,104,30.98,25.46,68,159.29,160.59,DELAY_LATE_AIRCRAFT|DELAY_CARRIER|DELAY_NAS
MTJ,2,532,-3.54,-11.66,116,30.79,23.09,56,128.5,134.71,DELAY_LATE_AIRCRAFT|DELAY_NAS|DELAY_CARRIER
MTJ,3,622,-4.78,-9.75,104,32.33,28.81,38,168.42,162.32,DELAY_LATE_AIRCRAFT|DELAY_NAS|DELAY_CARRIER
MTJ,4,268,-5.35,-10.72,26,32.69,23.92,10,164.0,161.0,DELAY_LATE_AIRCRAFT|DELAY_NAS|DELAY_CARRIER
MTJ,5,224,-5.57,-11.94,38,28.74,25.26,34,117.29,127.76,DELAY_LATE_AIRCRAFT|DELAY_NAS|DELAY_CARRIER
MTJ,6,364,-4.89,-9.25,64,36.03,27.72,42,289.95,280.9,DELAY_LATE_AIRCRAFT|DELAY_NAS|DELAY_CARRIER
MTJ,7,366,-4.55,-10.13,60,28.37,23.63,60,132.3,128.63,DELAY_LATE_AIRCRAFT|DELAY_CARRIER|DELAY_NAS
MTJ,8,434,-4.79,-11.12,36,35.28,34.22,26,143.85,140.92,DELAY_LATE_AIRCRAFT|DELAY_NAS|DELAY_CARRIER
MTJ,9,346,-4.88,-14.14,26,29.77,14.62,18,253.11,242.33,DELAY_LATE_AIRCRAFT|DELAY_NAS|DELAY_CARRIER
MTJ,10,242,-4.98,-17.2,16,26.25,10.75,2,119.0,115.0,DELAY_LATE_AIRCRAFT|DELAY_NAS|DELAY_CARRIER
MTJ,11,182,-4.12,-13.27,28,30.86,18.64,22,130.0,133.45,DELAY_LATE_AIRCRAFT|DELAY_CARRIER|DELAY_NAS
MTJ,12,368,-4.65,-12.66,76,29.89,29.76,50,145.8,152.12,DELAY_LATE_AIRCRAFT|DELAY_NAS|DELAY_CARRIER
MVY,5,64,-8.66,-10.84,2,52.0,47.0,8,216.0,223.5,DELAY_LATE_AIRCRAFT|CANC_CARRIER|DELAY_NAS
MVY,6,354,-7.79,-10.46,42,33.48,44.57,50,225.68,228.56,DELAY_NAS|DELAY_LATE_AIRCRAFT|DELAY_CARRIER
MVY,7,522,-6.42,-8.0,78,31.69,31.36,78,203.69,201.97,DELAY_LATE_AIRCRAFT|DELAY_NAS|DELAY_CARRIER
MVY,8,468,-4.41,-5.34,102,31.29,32.98,72,191.86,196.33,DELAY_LATE_AIRCRAFT|DELAY_NAS|CANC_NAS
MVY,9,122,-9.03,-9.18,6,27.33,31.0,8,136.75,158.0,DELAY_NAS|DELAY_LATE_AIRCRAFT|DELAY_CARRIER
MVY,10,58,-13.31,-10.66,6,40.0,40.33,2,290.0,274.0,DELAY_LATE_AIRCRAFT
MYR,1,1298,-7.45,-14.89,132,31.8,20.39,108,146.24,143.8,DELAY_LATE_AIRCRAFT|DELAY_NAS|DELAY_CARRIER
MYR,2,1488,-7.39,-13.82,96,30.67,20.25,78,222.28,216.79,DELAY_LATE_AIRCRAFT|DELAY_NAS|DELAY_CARRIER
MYR,3,1788,-5.56,-11.43,218,32.16,26.48,110,143.71,138.67,DELAY_LATE_AIRCRAFT|DELAY_NAS|DELAY_CARRIER
MYR,4,2320,-6.96,-11.14,246,30.86,26.76,156,135.99,130.21,DELAY_LATE_AIRCRAFT|DELAY_NAS|DELAY_CARRIER
MYR,5,2536,-5.29,-9.01,422,31.08,28.59,224,143.33,142.17,DELAY_LATE_AIRCRAFT|DELAY_NAS|DELAY_CARRIER
MYR,6,2970,-5.58,-10.54,482,32.08,29.11,370,173.4,169.47,DELAY_LATE_AIRCRAFT|DELAY_NAS|DELAY_CARRIER
MYR,7,2540,-5.07,-9.61,644,31.66,27.6,464,168.14,163.98,DELAY_LATE_AIRCRAFT|DELAY_NAS|DELAY_CARRIER
MYR,8,2510,-4.89,-9.55,454,31.67,30.05,318,136.66,137.03,DELAY_LATE_AIRCRAFT|DELAY_NAS|CANC_WEATHER
MYR,9,2464,-5.86,-12.39,220,29.65,24.48,134,132.12,127.21,DELAY_LATE_AIRCRAFT|DELAY_NAS|DELAY_CARRIER
MYR,10,2466,-6.31,-11.35,176,30.5,24.33,114,142.61,135.77,DELAY_LATE_AIRCRAFT|DELAY_NAS|DELAY_CARRIER
MYR,11,1764,-6.95,-12.4,180,29.88,27.02,78,132.23,127.74,DELAY_NAS|DELAY_LATE_AIRCRAFT|DELAY_CARRIER
MYR,12,1410,-5.4,-11.81,194,32.48,27.84,132,139.36,134.42,DELAY_LATE_AIRCRAFT|DELAY_NAS|DELAY_CARRIER
OAJ,1,122,-4.44,-8.72,4,23.5,28.5,12,317.0,305.83,DELAY_LATE_AIRCRAFT|DELAY_NAS|CANC_WEATHER
OAJ,2,140,-5.23,-13.21,6,33.0,18.0,4,208.0,196.5,DELAY_CARRIER|DELAY_LATE_AIRCRAFT
OAJ,3,166,-3.52,-12.24,12,20.17,14.0,8,140.25,141.0,DELAY_CARRIER|DELAY_LATE_AIRCRAFT|DELAY_NAS
OAJ,4,268,-5.68,-11.17,18,29.33,15.78,6,83.0,73.67,DELAY_LATE_AIRCRAFT|DELAY_NAS|DELAY_CARRIER
OAJ,5,160,-4.72,-8.97,22,31.0,27.82,24,136.92,136.42,DELAY_LATE_AIRCRAFT|DELAY_NAS|DELAY_CARRIER
OAJ,6,282,-4.82,-10.15,2,19.0,7.0,8,95.75,83.5,DELAY_NAS|DELAY_LATE_AIRCRAFT|DELAY_WEATHER
OAJ,7,280,-3.83,-7.31,44,34.91,32.95,66,152.94,156.0,DELAY_LATE_AIRCRAFT|DELAY_NAS|DELAY_CARRIER
OAJ,8,336,-4.53,-7.04,36,31.5,21.61,32,236.5,235.62,DELAY_LATE_AIRCRAFT|DELAY_CARRIER|DELAY_NAS
OAJ,9,388,-4.28,-9.39,34,31.29,32.18,32,195.44,188.62,DELAY_LATE_AIRCRAFT|DELAY_NAS|DELAY_CARRIER
OAJ,10,372,-4.35,-6.04,30,24.87,21.13,22,98.64,94.0,DELAY_NAS|DELAY_LATE_AIRCRAFT|DELAY_WEATHER
OAJ,11,292,-6.4,-11.25,16,26.12,10.25,16,203.25,190.75,DELAY_NAS|DELAY_LATE_AIRCRAFT|DELAY_CARRIER
OAJ,12,236,-4.59,-11.8,28,30.07,26.14,26,184.46,177.46,DELAY_LATE_AIRCRAFT|DELAY_NAS|DELAY_CARRIER
OAK,1,5582,-1.41,-7.44,1068,29.54,22.78,292,110.18,103.81,DELAY_LATE_AIRCRAFT|DELAY_CARRIER|DELAY_NAS
OAK,2,5108,-1.06,-8.17,910,29.24,22.18,282,113.96,109.14,DELAY_LATE_AIRCRAFT|DELAY_CARRIER|DELAY_NAS
OAK,3,5588,-1.28,-7.49,1040,30.47,25.62,346,113.36,110.01,DELAY_LATE_AIRCRAFT|DELAY_CARRIER|DELAY_NAS
OAK,4,5854,-1.36,-7.73,878,28.84,22.38,254,101.26,94.97,DELAY_LATE_AIRCRAFT|DELAY_CARRIER|DELAY_NAS
OAK,5,5712,-0.68,-7.26,1104,29.43,22.31,370,113.45,106.25,DELAY_LATE_AIRCRAFT|DELAY_CARRIER|DELAY_NAS
OAK,6,5402,-0.65,-7.04,1408,30.55,23.62,394,105.37,98.87,DELAY_LATE_AIRCRAFT|DELAY_CARRIER|DELAY_NAS
OAK,7,5588,-0.82,-5.92,1282,30.1,25.16,490,110.08,107.09,DELAY_LATE_AIRCRAFT|DELAY_CARRIER|DELAY_NAS
OAK,8,5728,-1.69,-8.21,982,30.79,24.33,350,110.7,104.93,DELAY_LATE_AIRCRAFT|DELAY_CARRIER|DELAY_NAS
OAK,9,5590,-1.83,-8.66,844,29.06,22.08,322,112.39,107.32,DELAY_LATE_AIRCRAFT|DELAY_CARRIER|DELAY_NAS
OAK,10,5646,-1.98,-9.06,804,29.87,24.05,274,120.49,116.72,DELAY_LATE_AIRCRAFT|DELAY_CARRIER|DELAY_NAS
OAK,11,5440,-2.13,-10.61,684,29.29,20.5,156,96.26,90.44,DELAY_LATE_AIRCRAFT|DELAY_CARRIER|DELAY_NAS
OAK,12,4910,-1.36,-9.46,1020,30.02,21.61,358,117.44,112.41,DELAY_LATE_AIRCRAFT|DELAY_CARRIER|DELAY_NAS
OGG,1,3456,-1.82,-7.49,652,29.6,25.97,188,132.44,122.91,DELAY_LATE_AIRCRAFT|DELAY_CARRIER|CANC_CARRIER
OGG,2,3498,-2.74,-10.25,470,29.17,17.98,132,139.3,125.42,DELAY_LATE_AIRCRAFT|DELAY_CARRIER|DELAY_NAS
OGG,3,4048,-2.96,-8.23,422,28.64,22.12,100,150.16,143.32,DELAY_LATE_AIRCRAFT|DELAY_CARRIER|DELAY_NAS
OGG,4,3802,-2.9,-8.0,350,31.23,27.86,118,156.0,149.8,DELAY_LATE_AIRCRAFT|DELAY_CARRIER|DELAY_NAS
OGG,5,3636,-2.25,-4.07,506,29.83,29.13,128,122.22,122.41,DELAY_LATE_AIRCRAFT|DELAY_CARRIER|DELAY_NAS
OGG,6,4100,-2.62,-4.43,318,28.4,25.33,94,164.79,157.26,DELAY_LATE_AIRCRAFT|DELAY_CARRIER|DELAY_NAS
OGG,7,4176,-2.6,-5.54,470,29.72,25.56,134,184.63,179.12,DELAY_LATE_AIRCRAFT|DELAY_CARRIER|CANC_CARRIER
OGG,8,4026,-2.88,-9.26,378,28.69,20.95,110,166.2,156.25,DELAY_LATE_AIRCRAFT|DELAY_CARRIER|CANC_CARRIER
OGG,9,3840,-4.02,-7.98,244,27.45,23.17,66,136.55,125.85,DELAY_LATE_AIRCRAFT|DELAY_CARRIER|DELAY_NAS
OGG,10,3796,-3.03,-7.19,348,28.33,23.9,76,118.42,109.97,DELAY_LATE_AIRCRAFT|DELAY_CARRIER|DELAY_NAS
OGG,11,3906,-3.99,-8.0,230,28.48,22.63,78,137.23,129.15,DELAY_LATE_AIRCRAFT|DELAY_CARRIER|DELAY_NAS
OGG,12,4052,-3.57,-8.88,390,28.75,21.97,116,151.97,143.16,DELAY_LATE_AIRCRAFT|DELAY_CARRIER|DELAY_NAS
OKC,1,2784,-4.21,-6.6,330,32.4,30.67,224,187.91,187.48,DELAY_LATE_AIRCRAFT|DELAY_NAS|DELAY_CARRIER
OKC,2,2860,-4.71,-7.6,198,31.9,28.98,124,148.9,145.79,DELAY_NAS|DELAY_CARRIER|DELAY_LATE_AIRCRAFT
OKC,3,3012,-4.24,-9.78,354,30.7,25.03,148,133.15,127.12,DELAY_LATE_AIRCRAFT|DELAY_NAS|DELAY_CARRIER
OKC,4,3196,-3.58,-8.67,352,30.46,26.07,158,160.33,152.62,DELAY_LATE_AIRCRAFT|DELAY_CARRIER|DELAY_NAS
OKC,5,2968,-2.18,-5.33,548,31.27,28.08,324,151.3,150.93,DELAY_LATE_AIRCRAFT|DELAY_NAS|DELAY_CARRIER
OKC,6,3238,-3.28,-7.81,546,29.67,25.11,252,175.73,173.62,DELAY_LATE_AIRCRAFT|DELAY_CARRIER|DELAY_NAS
OKC,7,3138,-3.15,-6.89,562,30.99,27.92,360,139.1,136.17,DELAY_LATE_AIRCRAFT|DELAY_CARRIER|DELAY_NAS
OKC,8,3236,-3.92,-8.39,404,31.8,28.25,274,171.33,168.24,DELAY_LATE_AIRCRAFT|DELAY_CARRIER|DELAY_NAS
OKC,9,3316,-4.3,-8.03,354,29.61,24.26,150,207.85,201.95,DELAY_CARRIER|DELAY_LATE_AIRCRAFT|DELAY_NAS
OKC,10,3656,-4.4,-9.2,288,31.78,26.48,172,146.97,142.34,DELAY_CARRIER|DELAY_LATE_AIRCRAFT|DELAY_NAS
OKC,11,3244,-4.19,-9.65,350,30.95,26.22,162,140.56,137.35,DELAY_LATE_AIRCRAFT|DELAY_CARRIER|DELAY_NAS
OKC,12,3190,-3.71,-9.56,362,31.56,25.92,200,156.6,155.64,DELAY_LATE_AIRCRAFT|DELAY_CARRIER|DELAY_NAS
OMA,1,2724,-2.89,-6.34,462,32.8,34.63,398,175.18,185.1,DELAY_LATE_AIRCRAFT|DELAY_CARRIER|DELAY_NAS
OMA,2,3160,-4.55,-12.24,276,32.02,23.64,138,155.17,148.64,DELAY_LATE_AIRCRAFT|DELAY_NAS|DELAY_CARRIER
OMA,3,3280,-3.42,-9.81,468,30.88,23.93,234,143.02,137.91,DELAY_LATE_AIRCRAFT|DELAY_CARRIER|DELAY_NAS
OMA,4,3260,-3.45,-8.17,362,29.49,22.66,208,163.16,160.12,DELAY_LATE_AIRCRAFT|DELAY_CARRIER|DELAY_NAS
OMA,5,2934,-2.11,-5.36,706,31.91,28.78,450,176.81,175.35,DELAY_LATE_AIRCRAFT|DELAY_NAS|DELAY_CARRIER
OMA,6,3054,-2.18,-5.76,664,31.25,27.34,348,161.95,159.29,DELAY_LATE_AIRCRAFT|DELAY_CARRIER|DELAY_NAS
OMA,7,3072,-2.16,-5.76,624,31.07,28.72,378,156.42,156.92,DELAY_LATE_AIRCRAFT|DELAY_CARRIER|DELAY_NAS
OMA,8,3250,-3.35,-7.47,452,30.94,28.07,236,128.9,128.1,DELAY_LATE_AIRCRAFT|DELAY_NAS|DELAY_CARRIER
OMA,9,3420,-3.99,-9.11,268,31.13,24.72,110,144.75,142.11,DELAY_LATE_AIRCRAFT|DELAY_CARRIER|DELAY_NAS
OMA,10,3672,-3.91,-9.52,318,28.96,22.22,124,163.79,157.32,DELAY_CARRIER|DELAY_LATE_AIRCRAFT|DELAY_NAS
OMA,11,3418,-3.62,-10.06,310,29.52,22.3,122,195.43,189.69,DELAY_LATE_AIRCRAFT|DELAY_CARRIER|DELAY_NAS
OMA,12,3246,-2.81,-11.43,492,29.7,19.9,220,161.13,155.65,DELAY_CARRIER|DELAY_LATE_AIRCRAFT|DELAY_NAS
OME,1,40,-10.25,-14.25,8,27.75,26.25,4,79.5,81.5,DELAY_LATE_AIRCRAFT|CANC_WEATHER
OME,2,42,-10.19,-9.57,10,40.2,38.8,0,,,DELAY_LATE_AIRCRAFT|CANC_CARRIER|CANC_WEATHER
OME,3,44,-9.86,-6.14,14,26.43,30.43,2,172.0,171.0,DELAY_LATE_AIRCRAFT|CANC_WEATHER|DELAY_SECURITY
OME,4,46,-13.39,-8.52,6,48.67,51.33,4,144.5,157.0,DELAY_LATE_AIRCRAFT|CANC_WEATHER|DELAY_NAS
OME,5,60,-12.37,-7.47,2,31.0,30.0,0,,,DELAY_CARRIER|DELAY_LATE_AIRCRAFT
OME,6,50,-10.64,0.0,8,30.5,36.75,2,132.0,139.0,DELAY_LATE_AIRCRAFT|DELAY_NAS|DELAY_CARRIER
OME,7,50,-6.6,-0.36,12,28.33,36.83,0,,,DELAY_LATE_AIRCRAFT|DELAY_NAS
OME,8,40,-2.6,5.05,16,31.25,36.0,4,94.5,112.5,DELAY_LATE_AIRCRAFT|DELAY_CARRIER|DELAY_NAS
OME,9,58,-11.69,-5.66,4,20.0,25.0,0,,,DELAY_LATE_AIRCRAFT|DELAY_NAS
OME,10,48,-13.62,-9.92,8,31.25,34.0,4,83.5,91.5,DELAY_LATE_AIRCRAFT|CANC_WEATHER|DELAY_NAS
OME,11,52,-15.0,-11.69,0,,,4,69.5,68.0,DELAY_LATE_AIRCRAFT|DELAY_NAS
OME,12,50,-11.56,-7.52,10,28.6,31.2,0,,,DELAY_LATE_AIRCRAFT|DELAY_CARRIER
ONT,1,3094,-3.37,-10.8,378,32.28,25.14,218,173.16,167.44,DELAY_LATE_AIRCRAFT|DELAY_CARRIER|DELAY_NAS
ONT,2,2884,-3.18,-12.22,378,30.96,24.46,174,173.21,166.77,DELAY_LATE_AIRCRAFT|DELAY_NAS|DELAY_CARRIER
ONT,3,3268,-2.63,-8.64,518,32.59,28.38,238,166.71,166.41,DELAY_LATE_AIRCRAFT|DELAY_NAS|DELAY_CARRIER
ONT,4,3436,-2.74,-8.62,544,30.38,26.71,192,158.59,153.91,DELAY_LATE_AIRCRAFT|DELAY_NAS|DELAY_CARRIER
ONT,5,3510,-2.29,-7.72,650,30.84,26.92,296,159.39,155.19,DELAY_LATE_AIRCRAFT|DELAY_NAS|DELAY_CARRIER
ONT,6,3680,-2.3,-7.21,602,30.48,25.03,258,167.96,163.74,DELAY_LATE_AIRCRAFT|DELAY_CARRIER|DELAY_NAS
ONT,7,3802,-2.49,-7.25,632,32.27,27.56,272,145.43,138.74,DELAY_LATE_AIRCRAFT|DELAY_CARRIER|DELAY_NAS
ONT,8,4126,-3.77,-8.58,442,31.33,27.53,240,130.45,127.64,DELAY_LATE_AIRCRAFT|DELAY_CARRIER|DELAY_NAS
ONT,9,3958,-3.66,-10.28,442,30.11,22.62,214,144.26,139.54,DELAY_LATE_AIRCRAFT|DELAY_CARRIER|DELAY_NAS
ONT,10,4206,-3.36,-10.02,386,29.76,23.82,166,148.23,136.95,DELAY_LATE_AIRCRAFT|DELAY_CARRIER|DELAY_NAS
ONT,11,3834,-3.27,-10.31,404,31.18,23.88,154,155.1,149.82,DELAY_LATE_AIRCRAFT|DELAY_CARRIER|DELAY_NAS
ONT,12,3554,-2.7,-9.54,440,30.18,23.94,206,149.17,144.93,DELAY_LATE_AIRCRAFT|DELAY_CARRIER|DELAY_NAS
ORD,1,26912,-1.92,-6.9,5826,32.16,30.5,4894,151.9,150.67,DELAY_LATE_AIRCRAFT|DELAY_NAS|DELAY_CARRIER
ORD,2,33936,-3.31,-11.58,3300,30.93,23.01,1686,138.99,132.19,DELAY_CARRIER|DELAY_LATE_AIRCRAFT|DELAY_NAS
ORD,3,36524,-2.79,-9.4,5020,31.66,25.23,2718,128.03,121.93,DELAY_LATE_AIRCRAFT|DELAY_NAS|DELAY_CARRIER
ORD,4,38378,-2.38,-8.06,5684,31.38,27.07,2956,141.88,138.02,DELAY_LATE_AIRCRAFT|DELAY_CARRIER|DELAY_NAS
ORD,5,33798,-1.53,-4.55,7770,33.01,33.37,7106,159.41,160.35,DELAY_LATE_AIRCRAFT|DELAY_NAS|DELAY_CARRIER
ORD,6,33708,-1.31,-5.65,7924,32.64,29.45,5938,143.54,140.89,DELAY_LATE_AIRCRAFT|DELAY_CARRIER|DELAY_NAS
ORD,7,32522,-1.08,-5.69,8508,32.6,30.16,6536,147.8,143.77,DELAY_LATE_AIRCRAFT|DELAY_CARRIER|DELAY_NAS
ORD,8,35620,-1.45,-5.89,8562,32.75,30.7,5918,137.27,133.87,DELAY_LATE_AIRCRAFT|DELAY_CARRIER|DELAY_NAS
ORD,9,41564,-2.76,-8.92,5468,31.41,24.53,2458,131.98,123.21,DELAY_CARRIER|DELAY_LATE_AIRCRAFT|DELAY_NAS
ORD,10,43110,-2.66,-10.11,5034,30.7,21.57,2022,127.42,118.14,DELAY_CARRIER|DELAY_LATE_AIRCRAFT|DELAY_NAS
ORD,11,38044,-2.9,-8.09,4348,31.7,29.01,2296,135.49,134.71,DELAY_CARRIER|DELAY_NAS|DELAY_LATE_AIRCRAFT
ORD,12,35108,-1.35,-8.2,6236,31.46,25.12,3578,141.8,135.32,DELAY_LATE_AIRCRAFT|DELAY_CARRIER|DELAY_NAS
ORF,1,2416,-4.41,-9.41,286,33.8,29.91,190,166.29,162.28,DELAY_LATE_AIRCRAFT|DELAY_NAS|DELAY_CARRIER
ORF,2,2534,-4.57,-10.22,196,30.14,22.28,94,150.6,145.47,DELAY_NAS|DELAY_LATE_AIRCRAFT|DELAY_CARRIER
ORF,3,2684,-3.79,-11.49,314,32.21,24.7,214,169.82,164.87,DELAY_LATE_AIRCRAFT|DELAY_NAS|DELAY_CARRIER
ORF,4,2784,-3.68,-8.25,368,31.78,25.99,206,157.79,152.24,DELAY_LATE_AIRCRAFT|DELAY_NAS|DELAY_CARRIER
ORF,5,2636,-2.7,-7.75,496,30.03,26.22,336,158.7,155.3,DELAY_LATE_AIRCRAFT|DELAY_NAS|DELAY_CARRIER
ORF,6,2704,-2.35,-7.95,594,31.2,24.6,314,187.15,183.61,DELAY_LATE_AIRCRAFT|DELAY_CARRIER|DELAY_NAS
ORF,7,2440,-1.84,-6.29,688,32.75,30.39,528,174.45,174.08,DELAY_LATE_AIRCRAFT|DELAY_CARRIER|DELAY_NAS
ORF,8,2898,-2.77,-6.98,530,32.04,28.69,352,173.97,171.62,DELAY_LATE_AIRCRAFT|DELAY_NAS|DELAY_CARRIER
ORF,9,3268,-4.03,-8.44,310,30.79,28.02,182,127.46,129.14,DELAY_LATE_AIRCRAFT|DELAY_NAS|DELAY_CARRIER
ORF,10,3366,-4.3,-9.16,366,30.04,22.16,116,193.22,191.12,DELAY_LATE_AIRCRAFT|DELAY_NAS|DELAY_CARRIER
ORF,11,3132,-4.33,-11.11,300,29.15,21.37,138,139.87,133.72,DELAY_NAS|DELAY_CARRIER|DELAY_LATE_AIRCRAFT
ORF,12,2730,-2.44,-9.39,458,30.55,23.46,240,163.97,156.33,DELAY_LATE_AIRCRAFT|DELAY_CARRIER|DELAY_NAS
ORH,1,140,-5.37,-11.17,30,29.67,29.0,14,219.71,222.14,DELAY_NAS|DELAY_LATE_AIRCRAFT|CANC_WEATHER
ORH,2,164,-4.48,-18.18,52,32.46,14.42,24,112.58,119.83,DELAY_LATE_AIRCRAFT|DELAY_CARRIER|DELAY_NAS
ORH,3,182,-5.1,-12.15,64,33.59,30.12,44,120.14,118.64,DELAY_LATE_AIRCRAFT|DELAY_NAS|CANC_CARRIER
ORH,4,202,-7.19,-15.42,18,32.89,30.22,14,111.57,123.29,DELAY_LATE_AIRCRAFT|DELAY_NAS|CANC_WEATHER
ORH,5,178,-4.82,-19.52,28,28.14,29.21,28,254.0,250.43,DELAY_LATE_AIRCRAFT|DELAY_NAS|DELAY_CARRIER
ORH,6,172,-5.17,-20.86,24,34.25,22.33,20,252.5,243.4,DELAY_NAS|DELAY_LATE_AIRCRAFT|CANC_NAS
ORH,7,160,-6.35,-14.19,32,34.81,24.12,40,169.65,172.35,DELAY_LATE_AIRCRAFT|DELAY_NAS|DELAY_CARRIER
ORH,8,154,-7.51,-15.62,26,34.31,30.38,36,139.83,140.72,DELAY_LATE_AIRCRAFT|DELAY_NAS|CANC_NAS
ORH,9,182,-7.74,-12.6,8,25.75,29.0,4,195.0,172.5,DELAY_NAS|DELAY_CARRIER|DELAY_LATE_AIRCRAFT
ORH,10,176,-7.98,-18.02,16,34.75,29.0,6,115.33,106.0,DELAY_LATE_AIRCRAFT|DELAY_NAS|CANC_WEATHER
ORH,11,204,-6.04,-14.8,14,34.29,12.29,12,181.33,174.33,DELAY_CARRIER|DELAY_LATE_AIRCRAFT|DELAY_NAS
ORH,12,182,-6.65,-8.14,30,34.4,26.87,22,207.36,203.36,DELAY_LATE_AIRCRAFT|DELAY_NAS|CANC_WEATHER
OTH,1,26,-2.08,-7.54,2,19.0,19.0,4,132.0,127.5,CANC_WEATHER|DELAY_CARRIER|DELAY_LATE_AIRCRAFT
OTH,2,14,-0.14,2.0,8,42.75,41.75,6,149.0,153.0,DELAY_NAS|CANC_WEATHER|DELAY_LATE_AIRCRAFT
OTH,3,18,-2.33,-0.67,10,31.4,33.6,4,120.0,132.5,DELAY_NAS|DELAY_LATE_AIRCRAFT|CANC_WEATHER
OTH,4,28,-1.29,0.14,26,36.08,42.15,6,89.0,93.0,DELAY_NAS|DELAY_CARRIER|DELAY_LATE_AIRCRAFT
OTH,5,46,-1.78,-6.3,14,39.71,41.86,8,572.0,558.25,DELAY_NAS|DELAY_CARRIER|DELAY_WEATHER
OTH,6,68,-3.03,-15.41,4,25.0,10.0,6,89.33,86.33,DELAY_NAS|DELAY_LATE_AIRCRAFT
OTH,7,58,-2.86,-13.31,8,43.5,30.75,14,280.14,271.57,DELAY_LATE_AIRCRAFT|DELAY_CARRIER|DELAY_WEATHER
OTH,8,44,-3.14,-10.73,18,27.56,21.11,14,118.14,106.57,DELAY_LATE_AIRCRAFT|DELAY_CARRIER|DELAY_NAS
OTH,9,38,-1.11,-5.11,32,27.5,18.38,6,435.33,424.67,DELAY_LATE_AIRCRAFT|DELAY_CARRIER|DELAY_NAS
OTH,10,56,-4.04,-7.68,6,39.33,32.33,10,403.2,397.4,DELAY_CARRIER|DELAY_LATE_AIRCRAFT|DELAY_WEATHER
OTH,11,24,-3.67,-6.25,10,33.2,32.4,0,,,DELAY_NAS|DELAY_CARRIER|DELAY_LATE_AIRCRAFT
OTH,12,30,-2.6,-16.33,8,33.5,25.5,4,140.5,135.0,DELAY_LATE_AIRCRAFT|DELAY_CARRIER|DELAY_NAS
OTZ,1,46,-14.26,-18.3,4,43.0,43.0,2,82.0,98.0,CANC_WEATHER|DELAY_LATE_AIRCRAFT|DELAY_NAS
OTZ,2,44,-14.5,-11.09,8,28.25,29.25,0,,,DELAY_LATE_AIRCRAFT|CANC_CARRIER
OTZ,3,50,-7.04,-8.04,0,,,4,235.5,231.5,CANC_WEATHER|DELAY_LATE_AIRCRAFT
OTZ,4,42,-9.0,-5.86,6,30.67,26.0,4,142.5,144.0,CANC_WEATHER|DELAY_LATE_AIRCRAFT|DELAY_NAS
OTZ,5,60,-10.9,-8.67,2,34.0,31.0,0,,,DELAY_LATE_AIRCRAFT
OTZ,6,52,-10.65,-6.19,4,23.5,24.5,4,157.0,164.0,DELAY_LATE_AIRCRAFT
OTZ,7,54,-11.41,-8.07,6,37.0,40.0,2,421.0,412.0,DELAY_LATE_AIRCRAFT|DELAY_NAS
OTZ,8,62,-7.87,-4.55,0,,,0,,,DELAY_NAS
OTZ,9,56,-12.43,-13.46,4,39.5,49.0,0,,,DELAY_CARRIER|DELAY_LATE_AIRCRAFT
OTZ,10,52,-11.23,-10.96,6,34.67,34.0,0,,,CANC_WEATHER|DELAY_LATE_AIRCRAFT|DELAY_SECURITY
OTZ,11,50,-11.48,-13.64,4,38.0,39.0,0,,,CANC_WEATHER|DELAY_LATE_AIRCRAFT
OTZ,12,48,-10.38,-10.42,8,35.5,37.5,2,105.0,105.0,DELAY_LATE_AIRCRAFT|CANC_WEATHER
PAE,1,126,-4.51,-5.67,22,30.55,35.36,4,83.0,72.0,CANC_CARRIER|DELAY_NAS|DELAY_LATE_AIRCRAFT
PAE,2,204,-5.5,-1.55,22,28.27,41.64,2,231.0,266.0,DELAY_NAS|DELAY_CARRIER|CANC_CARRIER
PAE,3,250,-5.53,-6.28,22,35.45,37.0,10,194.8,209.2,DELAY_NAS|DELAY_CARRIER|DELAY_LATE_AIRCRAFT
PAE,4,236,-5.36,-6.74,16,39.25,39.0,8,134.25,131.0,DELAY_NAS|DELAY_CARRIER|DELAY_LATE_AIRCRAFT
PAE,5,168,-6.11,-10.18,12,33.0,29.83,4,135.0,115.5,DELAY_LATE_AIRCRAFT|DELAY_NAS|DELAY_CARRIER
PAE,6,102,-3.49,-12.92,4,40.0,35.0,8,87.5,68.0,DELAY_LATE_AIRCRAFT|DELAY_CARRIER
PAE,7,92,-3.61,-16.2,24,34.42,24.67,0,,,DELAY_LATE_AIRCRAFT|DELAY_NAS
PAE,8,100,-5.46,-9.96,14,28.86,16.14,4,69.5,52.5,DELAY_NAS|DELAY_LATE_AIRCRAFT|DELAY_CARRIER
PAE,9,104,-8.48,-15.6,4,38.0,25.0,8,73.75,62.75,DELAY_LATE_AIRCRAFT|DELAY_CARRIER
PAE,10,118,-3.24,-6.25,8,25.0,23.25,2,71.0,68.0,DELAY_NAS|DELAY_LATE_AIRCRAFT|DELAY_CARRIER
PAE,11,136,-4.25,-8.38,14,33.0,31.29,6,106.67,116.0,DELAY_LATE_AIRCRAFT|DELAY_CARRIER|DELAY_NAS
PAE,12,166,-3.45,-13.98,26,27.46,14.77,10,93.2,90.4,DELAY_LATE_AIRCRAFT|DELAY_NAS|DELAY_CARRIER
PBG,1,52,-7.69,-13.38,16,37.12,23.88,12,178.33,185.5,DELAY_LATE_AIRCRAFT|DELAY_NAS|DELAY_WEATHER
PBG,2,64,-4.38,-11.09,22,37.0,24.09,12,111.0,125.5,DELAY_LATE_AIRCRAFT|DELAY_NAS|DELAY_CARRIER
PBG,3,46,1.7,4.26,24,27.33,17.25,12,139.33,132.5,DELAY_LATE_AIRCRAFT|DELAY_NAS|CANC_CARRIER
PBG,4,78,-6.64,-23.72,18,26.78,13.33,6,146.0,151.67,DELAY_NAS|DELAY_CARRIER|DELAY_WEATHER
PBG,5,32,-10.38,-12.19,12,35.67,35.33,6,507.67,515.67,DELAY_CARRIER|DELAY_LATE_AIRCRAFT|CANC_CARRIER
PBG,6,42,-5.33,-11.38,10,39.6,39.8,10,324.4,330.4,DELAY_LATE_AIRCRAFT|DELAY_CARRIER|DELAY_NAS
PBG,7,66,-4.82,-10.42,18,30.89,26.89,8,138.5,144.0,DELAY_LATE_AIRCRAFT|DELAY_NAS|DELAY_CARRIER
PBG,8,38,-3.37,2.37,14,37.0,31.14,14,181.0,186.43,DELAY_LATE_AIRCRAFT|DELAY_NAS|DELAY_CARRIER
PBG,9,30,-10.8,-16.0,6,33.67,32.33,0,,,CANC_WEATHER|DELAY_CARRIER|DELAY_LATE_AIRCRAFT
PBG,10,66,-10.7,-22.33,4,23.0,23.0,4,103.5,78.5,CANC_WEATHER|DELAY_CARRIER|DELAY_LATE_AIRCRAFT
PBG,11,82,-11.05,-22.78,4,16.5,15.0,4,118.5,91.5,DELAY_CARRIER|DELAY_NAS|DELAY_WEATHER
PBG,12,74,-6.59,-14.16,32,31.5,38.62,20,417.2,421.1,DELAY_NAS|DELAY_LATE_AIRCRAFT|CANC_NAS
PBI,1,4126,-3.48,-12.21,898,31.56,25.24,556,171.42,166.09,DELAY_LATE_AIRCRAFT|DELAY_CARRIER|DELAY_NAS
PBI,2,4586,-4.4,-8.45,642,30.84,22.89,366,167.31,159.27,DELAY_LATE_AIRCRAFT|DELAY_CARRIER|DELAY_NAS
PBI,3,4502,-2.92,-7.98,1004,32.31,25.72,718,151.76,146.97,DELAY_LATE_AIRCRAFT|DELAY_NAS|DELAY_CARRIER
PBI,4,4304,-3.59,-8.13,658,31.95,26.04,494,163.12,155.09,DELAY_LATE_AIRCRAFT|DELAY_CARRIER|DELAY_NAS
PBI,5,3570,-2.64,-6.63,650,32.35,30.02,560,164.14,164.06,DELAY_LATE_AIRCRAFT|DELAY_NAS|DELAY_CARRIER
PBI,6,2914,-3.29,-8.09,518,32.16,27.51,462,164.3,160.28,DELAY_LATE_AIRCRAFT|DELAY_NAS|DELAY_CARRIER
PBI,7,2762,-3.1,-6.78,614,31.06,30.81,562,163.41,164.47,DELAY_LATE_AIRCRAFT|DELAY_NAS|DELAY_CARRIER
PBI,8,2604,-2.81,-6.44,614,34.04,33.49,492,155.8,154.68,DELAY_LATE_AIRCRAFT|DELAY_NAS|DELAY_CARRIER
PBI,9,2984,-4.33,-9.9,418,31.59,25.66,166,175.51,169.78,DELAY_LATE_AIRCRAFT|DELAY_CARRIER|DELAY_NAS
PBI,10,3504,-4.68,-10.75,386,29.74,20.83,186,149.73,141.02,DELAY_LATE_AIRCRAFT|CANC_WEATHER|DELAY_CARRIER
PBI,11,4294,-4.55,-10.13,516,30.99,24.69,242,130.48,126.35,DELAY_LATE_AIRCRAFT|DELAY_NAS|DELAY_CARRIER
PBI,12,4122,-3.35,-7.86,1044,32.81,28.64,712,145.8,141.83,DELAY_LATE_AIRCRAFT|DELAY_NAS|DELAY_CARRIER
PDX,1,6046,-2.38,-5.93,1038,31.65,28.26,660,157.21,155.04,DELAY_LATE_AIRCRAFT|DELAY_CARRIER|CANC_CARRIER
PDX,2,6924,-3.78,-6.99,710,32.05,29.69,352,136.88,136.68,DELAY_NAS|DELAY_CARRIER|DELAY_LATE_AIRCRAFT
PDX,3,7904,-3.4,-6.95,966,31.81,29.81,406,140.28,138.99,DELAY_NAS|DELAY_LATE_AIRCRAFT|DELAY_CARRIER
PDX,4,8048,-4.0,-7.7,980,32.48,28.51,454,153.07,150.3,DELAY_LATE_AIRCRAFT|DELAY_NAS|DELAY_CARRIER
PDX,5,8266,-3.42,-7.98,1238,31.09,24.91,608,146.29,142.76,DELAY_LATE_AIRCRAFT|DELAY_NAS|DELAY_CARRIER
PDX,6,8158,-2.11,-8.37,1610,30.6,22.83,680,137.69,131.02,DELAY_LATE_AIRCRAFT|DELAY_NAS|DELAY_CARRIER
PDX,7,8494,-2.49,-6.72,1508,31.17,26.23,712,147.4,143.12,DELAY_LATE_AIRCRAFT|DELAY_CARRIER|DELAY_NAS
PDX,8,9150,-2.84,-5.97,1240,30.82,27.17,586,147.25,144.48,DELAY_LATE_AIRCRAFT|DELAY_NAS|DELAY_CARRIER
PDX,9,9166,-3.64,-6.85,894,30.06,26.32,386,137.56,134.42,DELAY_LATE_AIRCRAFT|DELAY_NAS|DELAY_CARRIER
PDX,10,9376,-3.58,-7.36,810,30.66,26.71,286,140.76,135.92,DELAY_LATE_AIRCRAFT|DELAY_CARRIER|DELAY_NAS
PDX,11,8582,-3.65,-8.02,820,29.3,24.95,286,144.45,145.68,DELAY_NAS|DELAY_LATE_AIRCRAFT|DELAY_CARRIER
PDX,12,8306,-2.12,-7.46,1250,29.56,22.32,520,143.14,135.67,DELAY_LATE_AIRCRAFT|DELAY_NAS|DELAY_CARRIER
PGD,1,804,-6.04,-12.71,166,33.65,25.94,86,133.16,133.65,DELAY_LATE_AIRCRAFT|DELAY_CARRIER|DELAY_NAS
PGD,2,982,-6.76,-6.51,136,32.57,31.22,50,195.52,204.04,DELAY_NAS|DELAY_CARRIER|DELAY_LATE_AIRCRAFT
PGD,3,1160,-6.67,-9.63,218,34.01,33.02,136,155.53,153.81,DELAY_LATE_AIRCRAFT|DELAY_CARRIER|DELAY_NAS
PGD,4,932,-7.03,-10.05,66,35.39,31.94,76,163.76,160.05,DELAY_CARRIER|DELAY_LATE_AIRCRAFT|DELAY_NAS
PGD,5,652,-5.54,-8.8,112,28.84,29.5,72,170.89,178.42,DELAY_LATE_AIRCRAFT|DELAY_CARRIER|DELAY_NAS
PGD,6,756,-5.46,-9.66,116,29.52,27.22,98,141.35,146.0,DELAY_LATE_AIRCRAFT|DELAY_CARRIER|DELAY_NAS
PGD,7,740,-5.28,-8.48,148,32.31,36.05,98,145.35,146.69,DELAY_LATE_AIRCRAFT|DELAY_CARRIER|DELAY_WEATHER
PGD,8,506,-7.56,-11.01,100,32.64,28.96,94,165.83,166.06,DELAY_LATE_AIRCRAFT|DELAY_CARRIER|DELAY_WEATHER
PGD,9,458,-7.28,-13.83,64,31.0,27.22,40,133.05,131.15,DELAY_CARRIER|DELAY_LATE_AIRCRAFT|DELAY_WEATHER
PGD,10,748,-6.96,-13.2,118,28.92,22.86,60,161.53,154.63,CANC_WEATHER|DELAY_CARRIER|DELAY_LATE_AIRCRAFT
PGD,11,942,-6.68,-10.42,108,26.52,23.81,28,126.64,123.86,DELAY_CARRIER|DELAY_LATE_AIRCRAFT|DELAY_NAS
PGD,12,1142,-6.74,-11.57,216,32.52,28.74,176,162.65,159.77,DELAY_LATE_AIRCRAFT|DELAY_CARRIER|DELAY_NAS
PHL,1,10436,-3.64,-8.32,1760,32.46,35.15,1274,159.89,172.31,DELAY_NAS|DELAY_LATE_AIRCRAFT|DELAY_CARRIER
PHL,2,11252,-3.96,-13.53,1162,30.49,21.63,652,138.91,130.96,DELAY_LATE_AIRCRAFT|DELAY_NAS|DELAY_CARRIER
PHL,3,11746,-3.44,-13.21,1922,30.82,21.04,1144,146.01,138.04,DELAY_LATE_AIRCRAFT|DELAY_NAS|DELAY_CARRIER
PHL,4,12906,-3.48,-10.68,1662,30.29,22.17,1098,155.09,149.19,DELAY_LATE_AIRCRAFT|DELAY_NAS|DELAY_CARRIER
PHL,5,13198,-2.84,-7.81,2370,32.22,27.83,1676,147.71,143.05,DELAY_LATE_AIRCRAFT|DELAY_NAS|DELAY_CARRIER
PHL,6,13332,-2.44,-10.18,2850,32.45,25.8,2000,160.87,153.92,DELAY_LATE_AIRCRAFT|DELAY_CARRIER|DELAY_NAS
PHL,7,12658,-2.31,-7.98,3516,32.82,28.52,2962,153.71,148.21,DELAY_LATE_AIRCRAFT|DELAY_CARRIER|DELAY_NAS
PHL,8,13314,-2.26,-6.77,3490,32.41,33.26,2612,164.02,165.84,DELAY_LATE_AIRCRAFT|DELAY_CARRIER|DELAY_NAS
PHL,9,15072,-4.29,-9.74,1862,31.35,27.11,1002,135.01,125.79,DELAY_LATE_AIRCRAFT|DELAY_NAS|DELAY_CARRIER
PHL,10,16066,-4.04,-11.83,1648,30.03,21.72,814,163.59,154.12,DELAY_LATE_AIRCRAFT|DELAY_CARRIER|DELAY_NAS
PHL,11,13162,-4.46,-13.27,1282,32.09,21.99,710,146.16,135.44,DELAY_LATE_AIRCRAFT|DELAY_CARRIER|DELAY_NAS
PHL,12,11478,-2.44,-9.09,2084,31.04,24.78,1248,152.92,146.2,DELAY_LATE_AIRCRAFT|DELAY_CARRIER|DELAY_NAS
PHX,1,23902,-2.17,-6.11,4344,31.19,25.7,1812,147.9,142.83,DELAY_LATE_AIRCRAFT|DELAY_CARRIER|DELAY_NAS
PHX,2,24882,-2.2,-8.16,3556,29.97,23.03,1090,127.83,122.77,DELAY_LATE_AIRCRAFT|DELAY_CARRIER|DELAY_NAS
PHX,3,27152,-1.61,-6.37,5164,31.47,25.69,2200,137.72,133.1,DELAY_LATE_AIRCRAFT|DELAY_CARRIER|DELAY_NAS
PHX,4,26432,-1.52,-7.91,4668,30.63,23.31,1792,130.49,123.96,DELAY_LATE_AIRCRAFT|DELAY_CARRIER|DELAY_NAS
PHX,5,24796,-1.25,-6.7,5554,31.82,25.23,2774,131.05,124.59,DELAY_LATE_AIRCRAFT|DELAY_CARRIER|DELAY_NAS
PHX,6,22840,-1.38,-5.11,5250,31.11,26.7,2338,127.49,122.95,DELAY_LATE_AIRCRAFT|DELAY_CARRIER|DELAY_NAS
PHX,7,22348,-1.67,-5.67,5396,31.83,27.04,3084,149.47,145.35,DELAY_LATE_AIRCRAFT|DELAY_CARRIER|DELAY_NAS
PHX,8,24252,-2.37,-6.72,4090,31.57,28.2,2146,136.43,135.3,DELAY_LATE_AIRCRAFT|DELAY_CARRIER|DELAY_NAS
PHX,9,25596,-2.83,-8.92,3264,30.72,23.09,1200,130.31,123.61,DELAY_LATE_AIRCRAFT|DELAY_CARRIER|DELAY_NAS
PHX,10,28426,-2.53,-7.86,3864,30.64,24.73,1538,127.53,122.83,DELAY_CARRIER|DELAY_LATE_AIRCRAFT|DELAY_NAS
PHX,11,28278,-2.55,-10.58,3856,30.23,21.28,1372,124.19,117.08,DELAY_LATE_AIRCRAFT|DELAY_CARRIER|DELAY_NAS
PHX,12,27924,-2.11,-8.49,4576,30.83,23.84,1980,128.92,123.98,DELAY_LATE_AIRCRAFT|DELAY_CARRIER|DELAY_NAS
PIA,1,348,-4.39,-11.08,80,30.05,29.38,72,178.44,174.56,CANC_WEATHER|DELAY_LATE_AIRCRAFT|DELAY_NAS
PIA,2,500,-5.84,-13.51,24,29.92,27.92,34,157.0,144.76,DELAY_NAS|DELAY_CARRIER|DELAY_LATE_AIRCRAFT
PIA,3,512,-5.13,-13.75,62,30.23,27.13,60,157.33,155.67,DELAY_LATE_AIRCRAFT|DELAY_NAS|DELAY_CARRIER
PIA,4,470,-6.17,-9.73,60,31.23,29.4,38,187.95,184.58,DELAY_LATE_AIRCRAFT|DELAY_NAS|DELAY_CARRIER
PIA,5,432,-5.48,-7.19,74,35.27,35.92,80,152.5,157.18,DELAY_LATE_AIRCRAFT|DELAY_NAS|DELAY_CARRIER
PIA,6,458,-4.95,-7.96,106,28.47,24.94,68,185.0,180.65,DELAY_LATE_AIRCRAFT|DELAY_CARRIER|DELAY_NAS
PIA,7,490,-5.66,-6.42,100,33.56,35.9,44,222.68,224.77,DELAY_LATE_AIRCRAFT|DELAY_NAS|DELAY_CARRIER
PIA,8,474,-6.01,-7.27,74,31.0,27.22,50,196.12,195.2,DELAY_LATE_AIRCRAFT|DELAY_CARRIER|DELAY_NAS
PIA,9,534,-6.71,-8.84,52,29.15,28.23,52,192.65,193.19,DELAY_LATE_AIRCRAFT|DELAY_NAS|DELAY_CARRIER
PIA,10,544,-6.55,-12.26,62,33.06,26.9,26,169.23,153.23,DELAY_CARRIER|DELAY_LATE_AIRCRAFT|DELAY_NAS
PIA,11,510,-7.03,-14.35,62,30.87,27.71,50,158.32,153.48,DELAY_LATE_AIRCRAFT|DELAY_CARRIER|DELAY_NAS
PIA,12,572,-5.05,-12.24,104,30.44,32.38,72,166.78,163.08,DELAY_LATE_AIRCRAFT|DELAY_NAS|DELAY_CARRIER
PIB,1,82,-6.78,-28.83,8,40.0,18.5,6,180.0,164.67,CANC_WEATHER|DELAY_LATE_AIRCRAFT|DELAY_CARRIER
PIB,2,84,-10.0,-24.67,8,44.5,34.25,8,141.25,130.5,DELAY_LATE_AIRCRAFT|DELAY_CARRIER
PIB,3,80,-7.12,-7.12,14,32.71,33.0,10,317.2,313.4,DELAY_LATE_AIRCRAFT|DELAY_CARRIER|DELAY_NAS
PIB,4,86,-8.42,-7.44,12,29.67,26.5,4,160.5,188.5,DELAY_LATE_AIRCRAFT|DELAY_CARRIER
PIB,5,68,-6.65,-2.94,14,32.57,32.14,12,278.5,281.83,DELAY_LATE_AIRCRAFT|CANC_WEATHER|DELAY_CARRIER
PIB,6,88,-5.73,-6.68,6,29.67,28.0,4,183.5,187.0,DELAY_CARRIER|DELAY_LATE_AIRCRAFT|CANC_WEATHER
PIB,7,76,-7.5,1.0,8,25.75,27.0,14,139.57,140.71,DELAY_LATE_AIRCRAFT|DELAY_CARRIER|CANC_WEATHER
PIB,8,84,-7.71,-13.5,14,38.14,33.29,6,424.33,417.67,DELAY_LATE_AIRCRAFT|DELAY_CARRIER|DELAY_NAS
PIB,9,90,-10.13,-12.91,8,24.25,16.25,6,214.67,210.0,DELAY_LATE_AIRCRAFT|DELAY_CARRIER
PIB,10,90,-7.13,-10.24,8,33.0,26.25,8,142.0,131.5,DELAY_LATE_AIRCRAFT|DELAY_CARRIER
PIB,11,94,-8.11,-9.09,6,38.33,43.33,4,95.5,90.5,DELAY_CARRIER|DELAY_LATE_AIRCRAFT|DELAY_WEATHER
PIB,12,92,-5.83,-5.24,4,25.5,23.0,6,76.33,71.33,DELAY_CARRIER|DELAY_LATE_AIRCRAFT|CANC_WEATHER
PIE,1,934,-7.65,-15.23,132,34.02,29.48,82,181.29,175.51,DELAY_LATE_AIRCRAFT|DELAY_CARRIER|DELAY_NAS
PIE,2,990,-7.99,-9.65,124,30.53,29.92,66,139.61,143.12,DELAY_LATE_AIRCRAFT|DELAY_NAS|DELAY_CARRIER
PIE,3,1272,-7.72,-9.56,200,32.08,32.47,80,141.3,137.2,DELAY_LATE_AIRCRAFT|DELAY_NAS|DELAY_CARRIER
PIE,4,1122,-7.63,-10.64,102,33.37,30.35,48,152.0,149.62,DELAY_LATE_AIRCRAFT|DELAY_CARRIER|DELAY_NAS
PIE,5,1038,-5.85,-9.16,186,30.33,27.67,106,190.49,189.09,DELAY_LATE_AIRCRAFT|DELAY_CARRIER|DELAY_NAS
PIE,6,1280,-5.49,-8.83,264,33.11,32.76,170,149.8,153.15,DELAY_LATE_AIRCRAFT|DELAY_CARRIER|DELAY_WEATHER
PIE,7,1274,-4.26,-6.47,352,34.2,34.05,230,132.51,133.47,DELAY_WEATHER|DELAY_LATE_AIRCRAFT|DELAY_CARRIER
PIE,8,990,-6.21,-10.85,166,32.43,31.28,140,164.7,164.7,DELAY_LATE_AIRCRAFT|DELAY_CARRIER|DELAY_WEATHER
PIE,9,704,-7.33,-11.61,120,28.8,25.45,58,183.76,183.34,CANC_WEATHER|DELAY_LATE_AIRCRAFT|DELAY_CARRIER
PIE,10,928,-8.19,-12.44,94,31.53,26.23,44,143.41,138.55,CANC_WEATHER|DELAY_CARRIER|DELAY_NAS
PIE,11,1080,-8.84,-11.18,116,27.83,28.57,56,123.96,125.21,DELAY_CARRIER|DELAY_LATE_AIRCRAFT|DELAY_NAS
PIE,12,1206,-7.61,-10.35,216,30.36,30.15,154,135.81,139.57,DELAY_LATE_AIRCRAFT|DELAY_CARRIER|DELAY_NAS
PIH,1,116,-7.21,-8.05,4,32.5,31.5,4,101.5,105.0,DELAY_CARRIER|DELAY_WEATHER|DELAY_NAS
PIH,2,114,-9.65,-13.51,0,,,2,240.0,230.0,DELAY_CARRIER
PIH,3,118,-6.86,-11.2,0,,,6,133.0,130.33,DELAY_CARRIER|DELAY_NAS|DELAY_WEATHER
PIH,4,112,-8.7,-16.59,0,,,8,136.0,122.5,DELAY_CARRIER|DELAY_WEATHER
PIH,5,114,-7.33,-13.89,2,43.0,29.0,8,103.25,96.0,DELAY_CARRIER|DELAY_WEATHER
PIH,6,108,-6.39,-12.0,4,24.5,21.5,8,137.0,133.0,DELAY_CARRIER
PIH,7,118,-7.08,-14.73,2,53.0,50.0,4,97.0,89.5,DELAY_CARRIER
PIH,8,120,-9.15,-16.35,0,,,4,71.0,62.0,DELAY_CARRIER|DELAY_WEATHER
PIH,9,110,-8.82,-17.15,0,,,2,255.0,247.0,DELAY_CARRIER
PIH,10,104,-8.96,-16.46,2,18.0,5.0,0,,,DELAY_CARRIER
PIH,11,92,-9.07,-12.52,0,,,0,,,DELAY_CARRIER
PIH,12,108,-8.35,-17.81,6,29.33,25.0,0,,,DELAY_CARRIER|DELAY_WEATHER
PIT,1,5356,-4.01,-9.89,618,31.28,27.95,368,175.35,174.7,DELAY_NAS|DELAY_LATE_AIRCRAFT|DELAY_CARRIER
PIT,2,5494,-4.6,-15.41,500,30.65,20.28,212,147.59,143.78,DELAY_NAS|DELAY_LATE_AIRCRAFT|DELAY_CARRIER
PIT,3,6020,-4.02,-12.11,726,30.22,24.06,424,151.18,147.78,DELAY_NAS|DELAY_LATE_AIRCRAFT|DELAY_CARRIER
PIT,4,6016,-4.06,-8.77,682,31.01,25.01,322,176.54,174.89,DELAY_NAS|DELAY_LATE_AIRCRAFT|DELAY_CARRIER
PIT,5,5946,-3.35,-6.36,944,31.71,29.08,586,145.42,147.09,DELAY_LATE_AIRCRAFT|DELAY_NAS|DELAY_CARRIER
PIT,6,6070,-3.23,-7.31,1040,32.42,28.85,610,140.01,136.95,DELAY_LATE_AIRCRAFT|DELAY_NAS|DELAY_CARRIER
PIT,7,5956,-3.31,-6.61,1132,31.75,29.41,796,150.26,150.28,DELAY_LATE_AIRCRAFT|DELAY_NAS|DELAY_CARRIER
PIT,8,6114,-3.57,-7.81,946,33.29,31.5,664,163.32,163.0,DELAY_LATE_AIRCRAFT|DELAY_NAS|DELAY_CARRIER
PIT,9,6696,-4.56,-10.77,548,30.57,26.77,258,174.02,167.79,DELAY_NAS|DELAY_LATE_AIRCRAFT|DELAY_CARRIER
PIT,10,6972,-4.01,-11.62,550,28.29,18.73,228,158.17,151.5,DELAY_NAS|DELAY_LATE_AIRCRAFT|DELAY_CARRIER
PIT,11,6052,-4.2,-10.77,476,29.82,23.37,224,110.13,107.56,DELAY_NAS|DELAY_CARRIER|DELAY_LATE_AIRCRAFT
PIT,12,5480,-2.37,-8.05,834,30.86,25.97,418,141.46,139.32,DELAY_NAS|DELAY_LATE_AIRCRAFT|DELAY_CARRIER
PLN,1,54,-12.59,-24.89,10,34.0,26.0,16,277.38,271.38,CANC_WEATHER|DELAY_CARRIER|DELAY_WEATHER
PLN,2,88,-16.0,-37.39,2,28.0,1.0,10,149.6,135.0,DELAY_CARRIER|DELAY_WEATHER
PLN,3,94,-11.6,-23.57,8,32.5,26.0,6,157.67,144.33,DELAY_CARRIER|DELAY_WEATHER
PLN,4,76,-10.84,-15.26,6,22.33,27.67,20,133.6,136.1,DELAY_CARRIER|DELAY_WEATHER|DELAY_NAS
PLN,5,108,-9.33,-14.52,14,39.57,31.14,16,174.25,171.25,DELAY_CARRIER|DELAY_WEATHER
PLN,6,182,-9.38,-13.71,20,38.2,33.6,20,134.2,130.9,DELAY_CARRIER|DELAY_WEATHER|DELAY_NAS
PLN,7,172,-8.64,-13.95,26,31.38,25.38,28,103.93,98.36,DELAY_CARRIER|DELAY_WEATHER|CANC_CARRIER
PLN,8,196,-7.56,-12.39,14,36.71,33.0,22,116.91,108.27,DELAY_CARRIER|DELAY_WEATHER|DELAY_NAS
PLN,9,120,-8.72,-15.7,8,38.5,32.5,10,246.2,242.6,DELAY_CARRIER|DELAY_WEATHER|DELAY_NAS
PLN,10,90,-7.42,-13.4,8,38.75,28.25,6,228.0,225.0,DELAY_CARRIER|DELAY_NAS|DELAY_WEATHER
PLN,11,86,-8.7,-11.28,6,27.67,23.0,14,167.86,166.86,DELAY_CARRIER|DELAY_NAS|DELAY_SECURITY
PLN,12,80,-9.47,-19.7,14,36.71,32.0,10,218.6,213.0,DELAY_CARRIER|CANC_WEATHER
PNS,1,1328,-4.25,-10.0,198,30.59,27.11,150,170.0,166.8,DELAY_LATE_AIRCRAFT|DELAY_CARRIER|DELAY_NAS
PNS,2,1546,-5.18,-10.19,148,29.59,23.03,82,247.05,247.0,DELAY_LATE_AIRCRAFT|DELAY_CARRIER|DELAY_NAS
PNS,3,1754,-4.42,-9.64,326,32.9,26.33,174,158.99,158.82,DELAY_LATE_AIRCRAFT|DELAY_NAS|DELAY_CARRIER
PNS,4,1856,-3.87,-7.17,240,32.27,26.38,140,206.4,204.5,DELAY_LATE_AIRCRAFT|DELAY_NAS|DELAY_CARRIER
PNS,5,1662,-2.82,-4.91,396,32.45,30.62,316,197.85,198.8,DELAY_LATE_AIRCRAFT|DELAY_NAS|DELAY_CARRIER
PNS,6,2070,-3.67,-7.95,406,31.93,27.04,228,175.96,172.53,DELAY_LATE_AIRCRAFT|DELAY_NAS|DELAY_CARRIER
PNS,7,1890,-3.89,-7.59,484,31.99,26.67,370,174.82,175.14,DELAY_LATE_AIRCRAFT|DELAY_CARRIER|DELAY_NAS
PNS,8,1900,-4.13,-8.88,262,32.94,30.19,148,182.77,182.03,DELAY_LATE_AIRCRAFT|DELAY_NAS|DELAY_CARRIER
PNS,9,1924,-4.8,-9.7,184,29.92,26.37,74,147.35,141.14,DELAY_LATE_AIRCRAFT|DELAY_NAS|DELAY_CARRIER
PNS,10,1896,-3.9,-10.02,184,28.39,22.93,62,175.97,172.29,DELAY_LATE_AIRCRAFT|DELAY_CARRIER|DELAY_NAS
PNS,11,1742,-4.61,-8.93,134,28.97,22.7,54,167.15,174.22,DELAY_LATE_AIRCRAFT|DELAY_CARRIER|DELAY_NAS
PNS,12,1574,-3.36,-8.0,270,33.74,30.55,148,183.66,182.18,DELAY_LATE_AIRCRAFT|DELAY_NAS|DELAY_CARRIER
PPG,1,16,-3.25,-1.62,4,32.5,32.5,0,,,DELAY_LATE_AIRCRAFT
PPG,2,10,-1.6,-12.8,8,26.0,28.25,0,,,DELAY_CARRIER|DELAY_LATE_AIRCRAFT
PPG,3,16,-0.38,-3.12,0,,,0,,,DELAY_CARRIER
PPG,4,14,-0.29,1.14,4,42.0,37.5,0,,,DELAY_CARRIER|DELAY_LATE_AIRCRAFT
PPG,5,20,4.3,3.5,2,50.0,42.0,0,,,DELAY_CARRIER|DELAY_LATE_AIRCRAFT
PPG,6,18,-4.33,-1.11,4,31.0,32.0,2,70.0,66.0,DELAY_CARRIER
PPG,7,20,4.0,-0.2,6,23.0,16.0,2,1087.0,1088.0,DELAY_CARRIER
PPG,8,20,-1.5,-12.1,0,,,6,248.67,236.67,DELAY_LATE_AIRCRAFT|DELAY_CARRIER
PPG,9,16,-1.0,-10.12,2,21.0,9.0,2,123.0,127.0,DELAY_CARRIER
PPG,10,18,4.56,-5.67,0,,,0,,,N/D
PPG,11,10,5.6,-6.8,6,15.67,8.33,0,,,N/D
PPG,12,24,-6.67,-10.83,0,,,0,,,N/D
PQI,9,42,-2.81,-13.33,6,28.0,15.33,2,575.0,564.0,DELAY_CARRIER
PQI,10,54,-2.93,-9.96,8,18.0,12.25,0,,,DELAY_CARRIER|DELAY_NAS
PQI,11,52,-4.92,-8.23,8,23.0,9.5,0,,,DELAY_NAS|DELAY_CARRIER
PQI,12,54,-2.96,-1.19,2,16.0,20.0,4,138.5,130.5,DELAY_NAS|CANC_NAS|DELAY_CARRIER
PRC,1,102,-5.88,-9.1,10,29.4,18.8,10,187.6,184.2,DELAY_CARRIER|DELAY_LATE_AIRCRAFT|DELAY_NAS
PRC,2,88,-7.05,-6.32,12,28.83,23.5,12,432.17,422.83,DELAY_CARRIER|DELAY_LATE_AIRCRAFT|DELAY_WEATHER
PRC,3,104,-5.54,-7.88,6,32.67,28.33,12,145.5,134.0,DELAY_CARRIER|DELAY_LATE_AIRCRAFT|DELAY_NAS
PRC,4,94,-5.85,-5.57,12,31.67,34.67,14,362.57,356.43,DELAY_CARRIER|DELAY_NAS|DELAY_LATE_AIRCRAFT
PRC,5,90,-7.02,-8.44,20,29.8,31.8,14,244.0,241.14,DELAY_WEATHER|DELAY_CARRIER|DELAY_LATE_AIRCRAFT
PRC,6,90,-5.4,-9.24,12,35.17,31.33,18,104.22,110.89,DELAY_CARRIER|DELAY_LATE_AIRCRAFT|DELAY_WEATHER
PRC,7,96,-4.08,-10.69,14,35.14,28.14,14,127.29,125.71,DELAY_CARRIER|DELAY_LATE_AIRCRAFT
PRC,8,72,-7.17,-12.33,18,28.67,29.44,34,276.65,271.71,DELAY_CARRIER|DELAY_LATE_AIRCRAFT|DELAY_NAS
PRC,9,108,-7.28,-10.54,8,27.25,19.5,2,179.0,177.0,DELAY_CARRIER|DELAY_LATE_AIRCRAFT|DELAY_WEATHER
PRC,10,110,-7.13,-10.73,6,37.0,33.0,8,442.25,444.75,DELAY_CARRIER|DELAY_LATE_AIRCRAFT
PRC,11,96,-7.17,-10.62,12,46.67,45.0,8,118.75,107.5,DELAY_CARRIER|DELAY_LATE_AIRCRAFT|CANC_WEATHER
PRC,12,102,-7.27,-11.43,8,44.75,32.5,14,136.43,132.71,DELAY_CARRIER|DELAY_LATE_AIRCRAFT
PSC,1,540,-3.85,-7.9,80,29.18,32.08,102,177.12,174.27,DELAY_WEATHER|DELAY_CARRIER|DELAY_NAS
PSC,2,616,-5.36,-10.84,54,32.67,30.33,28,169.93,159.57,DELAY_CARRIER|DELAY_NAS|DELAY_LATE_AIRCRAFT
PSC,3,716,-5.43,-11.11,42,35.05,30.38,20,110.9,113.7,DELAY_CARRIER|DELAY_NAS|DELAY_LATE_AIRCRAFT
PSC,4,714,-5.95,-10.42,68,28.44,25.53,18,107.56,103.78,DELAY_CARRIER|DELAY_NAS|DELAY_LATE_AIRCRAFT
PSC,5,760,-4.63,-9.79,60,28.9,24.4,30,117.6,115.07,DELAY_CARRIER|DELAY_NAS|DELAY_LATE_AIRCRAFT
PSC,6,704,-3.85,-8.03,78,29.21,27.85,36,154.89,147.44,DELAY_CARRIER|DELAY_LATE_AIRCRAFT|DELAY_NAS
PSC,7,782,-3.63,-8.27,98,30.33,27.76,36,300.67,300.61,DELAY_CARRIER|DELAY_NAS|DELAY_LATE_AIRCRAFT
PSC,8,736,-3.85,-6.65,78,30.74,32.85,32,121.81,122.5,DELAY_CARRIER|DELAY_NAS|DELAY_LATE_AIRCRAFT
PSC,9,748,-4.84,-9.15,56,33.11,27.07,40,160.05,157.3,DELAY_CARRIER|DELAY_WEATHER|DELAY_LATE_AIRCRAFT
PSC,10,906,-4.62,-11.16,50,30.84,23.8,44,95.18,85.05,DELAY_CARRIER|DELAY_LATE_AIRCRAFT|DELAY_NAS
PSC,11,878,-3.82,-10.89,88,30.16,22.43,30,137.6,132.93,DELAY_CARRIER|DELAY_NAS|DELAY_LATE_AIRCRAFT
PSC,12,958,-3.82,-10.13,94,30.89,24.28,76,184.45,174.32,DELAY_CARRIER|DELAY_NAS|DELAY_WEATHER
PSE,1,150,-7.89,-11.17,14,31.29,29.86,18,189.78,194.67,DELAY_LATE_AIRCRAFT|DELAY_CARRIER|DELAY_NAS
PSE,2,144,-10.68,-11.76,24,40.67,38.42,0,,,DELAY_LATE_AIRCRAFT|DELAY_CARRIER|DELAY_NAS
PSE,3,180,-9.4,-12.58,26,26.92,23.38,18,133.89,133.11,DELAY_LATE_AIRCRAFT|DELAY_CARRIER|DELAY_NAS
PSE,4,196,-11.04,-19.13,14,39.57,28.86,14,96.29,91.71,DELAY_LATE_AIRCRAFT|DELAY_NAS|DELAY_CARRIER
PSE,5,144,-8.44,-20.56,28,33.21,26.36,12,98.83,87.0,DELAY_LATE_AIRCRAFT|CANC_WEATHER|DELAY_NAS
PSE,6,114,-7.44,-13.11,24,38.75,31.67,20,158.0,144.9,DELAY_LATE_AIRCRAFT|DELAY_NAS|DELAY_CARRIER
PSE,7,132,-6.36,-10.21,22,33.55,25.82,24,107.92,97.0,DELAY_LATE_AIRCRAFT|DELAY_CARRIER|CANC_CARRIER
PSE,8,96,-4.69,-10.04,18,32.67,28.22,30,117.47,111.47,DELAY_LATE_AIRCRAFT|CANC_WEATHER|CANC_CARRIER
PSE,9,92,-7.96,-8.59,4,30.0,16.5,2,75.0,69.0,DELAY_LATE_AIRCRAFT|DELAY_NAS
PSE,10,62,-7.48,-5.39,4,18.5,21.5,2,79.0,58.0,CANC_WEATHER|DELAY_LATE_AIRCRAFT|DELAY_NAS
PSE,11,60,-7.53,-17.03,2,36.0,27.0,2,71.0,69.0,DELAY_CARRIER|DELAY_LATE_AIRCRAFT
PSE,12,120,-6.45,-12.05,22,28.0,23.45,12,203.5,198.17,DELAY_LATE_AIRCRAFT|DELAY_NAS|CANC_WEATHER
PSG,1,88,-11.73,-11.16,20,37.0,47.2,4,88.0,86.0,DELAY_LATE_AIRCRAFT|CANC_WEATHER|DELAY_CARRIER
PSG,2,98,-15.78,-17.1,8,32.25,29.5,2,211.0,211.0,DELAY_LATE_AIRCRAFT|CANC_WEATHER|CANC_CARRIER
PSG,3,114,-12.07,-11.56,6,36.0,39.0,4,120.0,116.5,DELAY_LATE_AIRCRAFT|DELAY_NAS
PSG,4,104,-9.29,-10.98,12,33.67,39.83,2,80.0,75.0,DELAY_LATE_AIRCRAFT
PSG,5,96,-8.19,-8.71,22,27.91,29.18,6,186.67,183.0,DELAY_LATE_AIRCRAFT|DELAY_CARRIER
PSG,6,102,-5.14,-7.63,14,30.29,27.71,4,94.5,97.0,DELAY_LATE_AIRCRAFT|DELAY_CARRIER|DELAY_NAS
PSG,7,110,-5.75,-6.78,12,34.17,32.0,0,,,DELAY_LATE_AIRCRAFT|CANC_WEATHER|DELAY_CARRIER
PSG,8,96,-7.23,-9.29,20,30.0,28.4,6,137.67,147.0,DELAY_LATE_AIRCRAFT|CANC_WEATHER|DELAY_CARRIER
PSG,9,106,-8.13,-10.02,10,22.4,18.0,2,209.0,207.0,DELAY_LATE_AIRCRAFT|DELAY_NAS|CANC_CARRIER
PSG,10,112,-11.54,-13.18,6,42.33,48.67,4,117.5,117.0,DELAY_LATE_AIRCRAFT|CANC_WEATHER
PSG,11,108,-13.31,-15.09,4,39.5,49.5,2,234.0,231.0,DELAY_CARRIER|DELAY_LATE_AIRCRAFT
PSG,12,102,-13.02,-14.27,2,36.0,30.0,10,107.0,111.0,DELAY_LATE_AIRCRAFT|CANC_WEATHER|DELAY_NAS
PSM,1,30,-9.2,-14.2,8,28.75,15.5,8,296.5,312.25,DELAY_CARRIER|DELAY_LATE_AIRCRAFT|DELAY_NAS
PSM,2,58,-4.62,-21.62,8,24.5,1.0,2,1075.0,1048.0,DELAY_CARRIER|DELAY_NAS
PSM,3,46,-8.57,-22.09,4,38.0,45.0,8,170.0,164.0,DELAY_NAS|DELAY_LATE_AIRCRAFT
PSM,4,88,-13.02,-36.86,10,24.0,16.8,6,122.67,154.33,DELAY_NAS|CANC_NAS|DELAY_CARRIER
PSM,5,44,-3.18,-12.09,4,43.0,39.5,6,164.0,172.67,DELAY_CARRIER|DELAY_NAS|CANC_WEATHER
PSM,6,40,-9.55,-14.9,6,45.0,56.0,6,134.0,127.33,DELAY_LATE_AIRCRAFT|DELAY_NAS|CANC_WEATHER
PSM,7,46,-6.26,2.65,8,47.25,43.75,8,155.0,144.5,DELAY_LATE_AIRCRAFT|DELAY_NAS|DELAY_CARRIER
PSM,8,38,-7.84,-15.05,2,35.0,18.0,10,375.0,371.2,DELAY_LATE_AIRCRAFT|DELAY_WEATHER|DELAY_CARRIER
PSM,9,34,-6.82,-20.12,6,28.33,7.67,4,138.0,126.5,DELAY_LATE_AIRCRAFT|DELAY_NAS|DELAY_WEATHER
PSM,10,42,-4.14,1.48,2,46.0,35.0,2,110.0,105.0,DELAY_NAS|CANC_WEATHER|DELAY_CARRIER
PSM,11,54,-10.59,-14.22,4,28.5,11.0,0,,,DELAY_LATE_AIRCRAFT
PSM,12,72,-11.81,-19.81,8,41.25,21.0,6,114.67,105.33,DELAY_LATE_AIRCRAFT|DELAY_CARRIER|DELAY_NAS
PSP,1,2260,-4.66,-8.29,288,32.62,30.03,196,130.89,126.18,DELAY_LATE_AIRCRAFT|DELAY_NAS|DELAY_CARRIER
PSP,2,2240,-3.74,-9.09,376,31.28,24.68,200,156.35,155.49,DELAY_NAS|DELAY_CARRIER|DELAY_LATE_AIRCRAFT
PSP,3,2636,-3.08,-6.76,534,31.75,28.78,240,153.82,152.1,DELAY_NAS|DELAY_LATE_AIRCRAFT|DELAY_CARRIER
PSP,4,2610,-4.08,-7.99,394,31.06,30.37,198,152.03,149.05,DELAY_NAS|DELAY_LATE_AIRCRAFT|DELAY_CARRIER
PSP,5,1826,-4.24,-8.04,294,33.33,30.02,148,147.82,148.77,DELAY_LATE_AIRCRAFT|DELAY_NAS|DELAY_CARRIER
PSP,6,1096,-4.28,-5.86,138,33.75,29.78,74,120.78,121.49,DELAY_LATE_AIRCRAFT|DELAY_CARRIER|DELAY_NAS
PSP,7,978,-4.01,-6.61,136,33.31,32.41,78,139.97,138.46,DELAY_CARRIER|DELAY_NAS|DELAY_LATE_AIRCRAFT
PSP,8,1044,-4.96,-6.93,146,33.78,32.05,64,138.34,140.22,DELAY_CARRIER|DELAY_NAS|DELAY_LATE_AIRCRAFT
PSP,9,1240,-5.68,-9.55,138,32.91,32.2,58,103.83,98.93,DELAY_CARRIER|DELAY_NAS|DELAY_LATE_AIRCRAFT
PSP,10,2046,-5.35,-8.78,152,33.84,29.87,84,167.64,166.4,DELAY_CARRIER|DELAY_LATE_AIRCRAFT|DELAY_NAS
PSP,11,2258,-4.6,-8.26,228,30.75,27.46,90,145.76,149.62,DELAY_CARRIER|DELAY_LATE_AIRCRAFT|DELAY_NAS
PSP,12,2342,-4.48,-9.23,298,30.59,26.89,136,176.29,171.97,DELAY_LATE_AIRCRAFT|DELAY_CARRIER|DELAY_NAS
PVD,1,1424,-3.48,-10.01,240,30.49,27.32,182,161.62,166.22,DELAY_LATE_AIRCRAFT|DELAY_NAS|DELAY_CARRIER
PVD,2,1626,-3.86,-14.67,148,26.66,19.41,52,164.58,156.15,DELAY_LATE_AIRCRAFT|DELAY_NAS|DELAY_CARRIER
PVD,3,1816,-4.36,-12.55,210,31.76,27.13,126,159.73,157.33,DELAY_LATE_AIRCRAFT|DELAY_NAS|DELAY_CARRIER
PVD,4,2068,-3.96,-11.15,202,30.93,24.88,124,168.55,167.39,DELAY_LATE_AIRCRAFT|DELAY_NAS|DELAY_CARRIER
PVD,5,1908,-3.46,-10.69,324,32.15,25.49,232,169.3,167.01,DELAY_LATE_AIRCRAFT|DELAY_NAS|DELAY_CARRIER
PVD,6,2008,-3.88,-10.39,312,30.26,24.7,210,203.89,200.71,DELAY_LATE_AIRCRAFT|DELAY_NAS|DELAY_CARRIER
PVD,7,1852,-2.66,-7.27,376,31.97,29.85,332,188.19,185.64,DELAY_LATE_AIRCRAFT|DELAY_NAS|DELAY_CARRIER
PVD,8,2096,-3.14,-7.81,348,31.93,32.37,238,176.92,179.06,DELAY_LATE_AIRCRAFT|DELAY_NAS|DELAY_CARRIER
PVD,9,2398,-4.67,-9.75,192,26.79,22.99,100,170.0,164.68,DELAY_NAS|DELAY_LATE_AIRCRAFT|DELAY_CARRIER
PVD,10,2546,-4.05,-12.1,226,29.65,22.43,84,186.07,176.24,DELAY_LATE_AIRCRAFT|DELAY_CARRIER|DELAY_NAS
PVD,11,2436,-4.62,-14.84,176,30.73,17.82,76,136.58,122.21,DELAY_LATE_AIRCRAFT|DELAY_NAS|DELAY_CARRIER
PVD,12,2146,-2.97,-9.74,306,32.39,27.95,146,174.78,169.04,DELAY_LATE_AIRCRAFT|DELAY_NAS|DELAY_CARRIER
PVU,1,274,-5.87,-15.55,34,33.53,21.24,20,173.8,173.1,DELAY_CARRIER|DELAY_NAS|DELAY_WEATHER
PVU,2,288,-6.68,-14.39,16,33.12,21.25,6,178.67,163.33,DELAY_NAS|DELAY_CARRIER|DELAY_LATE_AIRCRAFT
PVU,3,294,-5.99,-7.48,28,37.79,35.36,26,283.46,286.38,DELAY_CARRIER|DELAY_NAS|DELAY_LATE_AIRCRAFT
PVU,4,280,-8.49,-11.69,16,34.5,33.75,16,188.88,186.5,DELAY_NAS|DELAY_CARRIER|DELAY_LATE_AIRCRAFT
PVU,5,284,-5.58,-6.37,28,28.07,20.86,12,134.83,134.0,DELAY_CARRIER|DELAY_NAS|DELAY_LATE_AIRCRAFT
PVU,6,272,-6.12,-6.29,28,32.0,32.21,18,196.11,196.44,DELAY_CARRIER|DELAY_LATE_AIRCRAFT|DELAY_NAS
PVU,7,238,-6.02,-6.22,36,35.0,32.33,40,248.1,246.4,DELAY_CARRIER|DELAY_LATE_AIRCRAFT|DELAY_NAS
PVU,8,266,-7.26,-7.93,18,33.89,33.89,6,115.67,126.33,DELAY_CARRIER|DELAY_NAS|DELAY_LATE_AIRCRAFT
PVU,9,242,-6.74,-10.76,20,32.4,30.6,22,113.36,115.55,DELAY_CARRIER|DELAY_LATE_AIRCRAFT|DELAY_NAS
PVU,10,348,-6.1,-7.19,40,31.85,27.15,46,170.78,176.52,DELAY_CARRIER|DELAY_LATE_AIRCRAFT|DELAY_NAS
PVU,11,404,-4.89,-10.02,70,35.2,28.46,56,195.64,193.54,DELAY_CARRIER|DELAY_NAS|DELAY_LATE_AIRCRAFT
PVU,12,444,-5.06,-10.42,54,33.96,23.89,44,263.91,250.68,DELAY_CARRIER|DELAY_NAS|DELAY_LATE_AIRCRAFT
PWM,1,892,-3.66,-13.44,122,31.52,28.54,98,251.76,256.61,DELAY_LATE_AIRCRAFT|CANC_WEATHER|DELAY_NAS
PWM,2,1012,-3.92,-18.49,92,26.46,9.07,34,238.24,226.06,DELAY_LATE_AIRCRAFT|DELAY_CARRIER|DELAY_NAS
PWM,3,1014,-3.93,-15.14,88,29.27,20.39,78,176.26,166.26,DELAY_LATE_AIRCRAFT|DELAY_NAS|DELAY_CARRIER
PWM,4,1042,-4.19,-10.21,100,33.5,27.08,60,230.67,234.23,DELAY_LATE_AIRCRAFT|DELAY_NAS|DELAY_CARRIER
PWM,5,1402,-4.62,-11.63,168,33.44,28.48,108,197.41,190.59,DELAY_LATE_AIRCRAFT|DELAY_CARRIER|DELAY_NAS
PWM,6,1938,-3.95,-8.95,300,33.99,33.16,234,172.9,171.32,DELAY_LATE_AIRCRAFT|DELAY_NAS|DELAY_CARRIER
PWM,7,1988,-3.13,-6.42,376,32.06,33.97,256,167.23,167.04,DELAY_LATE_AIRCRAFT|DELAY_NAS|DELAY_CARRIER
PWM,8,2158,-2.97,-6.36,402,29.9,31.54,228,168.36,170.38,DELAY_NAS|DELAY_LATE_AIRCRAFT|DELAY_CARRIER
PWM,9,2456,-4.15,-9.36,214,31.56,24.98,110,232.49,226.15,DELAY_LATE_AIRCRAFT|DELAY_NAS|DELAY_CARRIER
PWM,10,2194,-3.27,-11.17,270,31.69,22.7,140,202.63,192.74,DELAY_CARRIER|DELAY_LATE_AIRCRAFT|DELAY_NAS
PWM,11,1422,-4.99,-14.73,154,29.58,18.17,74,146.16,134.32,DELAY_LATE_AIRCRAFT|DELAY_NAS|DELAY_CARRIER
PWM,12,1294,-4.03,-11.3,164,28.94,18.8,102,247.45,242.76,DELAY_NAS|DELAY_LATE_AIRCRAFT|DELAY_CARRIER
RAP,1,474,-4.92,-13.12,52,37.31,34.62,50,181.84,169.64,DELAY_CARRIER|DELAY_WEATHER|DELAY_LATE_AIRCRAFT
RAP,2,476,-4.49,-11.9,28,33.36,31.07,48,396.67,388.25,DELAY_NAS|CANC_WEATHER|DELAY_LATE_AIRCRAFT
RAP,3,548,-5.46,-13.59,44,31.14,25.95,38,167.32,162.32,DELAY_NAS|DELAY_LATE_AIRCRAFT|DELAY_WEATHER
RAP,4,536,-4.96,-8.68,54,30.59,24.78,32,155.38,153.0,DELAY_NAS|DELAY_CARRIER|DELAY_WEATHER
RAP,5,620,-4.35,-10.09,56,32.11,26.57,74,150.22,145.7,DELAY_LATE_AIRCRAFT|DELAY_NAS|DELAY_CARRIER
RAP,6,788,-3.63,-9.69,160,31.38,26.82,100,173.78,171.72,DELAY_LATE_AIRCRAFT|DELAY_CARRIER|DELAY_NAS
RAP,7,798,-2.72,-4.86,200,33.28,32.09,102,170.92,166.37,DELAY_LATE_AIRCRAFT|DELAY_NAS|DELAY_CARRIER
RAP,8,956,-3.54,-6.64,140,31.67,29.31,62,178.52,178.16,DELAY_LATE_AIRCRAFT|DELAY_CARRIER|DELAY_NAS
RAP,9,954,-4.85,-10.03,106,28.26,25.0,32,276.25,270.94,DELAY_CARRIER|DELAY_LATE_AIRCRAFT|DELAY_NAS
RAP,10,904,-4.45,-11.77,56,28.75,18.36,34,136.18,130.18,DELAY_CARRIER|DELAY_NAS|DELAY_LATE_AIRCRAFT
RAP,11,754,-4.53,-8.03,60,30.37,20.9,64,134.47,131.28,DELAY_NAS|DELAY_CARRIER|DELAY_LATE_AIRCRAFT
RAP,12,790,-3.8,-8.64,52,29.08,20.38,66,174.09,165.06,DELAY_CARRIER|DELAY_NAS|DELAY_LATE_AIRCRAFT
RDD,1,168,-6.54,-17.27,8,19.75,4.0,10,207.8,204.4,DELAY_LATE_AIRCRAFT|DELAY_CARRIER|DELAY_NAS
RDD,2,152,-5.43,-11.2,14,38.0,31.71,6,143.33,140.0,DELAY_CARRIER|DELAY_LATE_AIRCRAFT|DELAY_NAS
RDD,3,206,-5.74,-8.69,6,32.33,25.33,4,246.0,238.5,DELAY_CARRIER|DELAY_NAS|CANC_WEATHER
RDD,4,210,-5.3,-7.4,12,35.5,33.0,4,109.0,105.0,DELAY_CARRIER|DELAY_NAS|DELAY_LATE_AIRCRAFT
RDD,5,200,-5.36,-8.24,24,28.25,35.42,10,245.6,243.8,DELAY_NAS|DELAY_LATE_AIRCRAFT|DELAY_CARRIER
RDD,6,184,-4.07,-10.33,32,30.12,24.38,14,206.86,203.29,DELAY_LATE_AIRCRAFT|DELAY_CARRIER|DELAY_NAS
RDD,7,204,-5.24,-9.43,24,38.08,30.67,16,143.25,135.88,DELAY_LATE_AIRCRAFT|DELAY_CARRIER|DELAY_NAS
RDD,8,232,-6.2,-11.16,24,33.33,38.5,18,146.56,137.44,DELAY_LATE_AIRCRAFT|DELAY_CARRIER|DELAY_NAS
RDD,9,256,-6.95,-13.63,30,28.4,33.07,14,216.0,210.14,DELAY_LATE_AIRCRAFT|DELAY_NAS|DELAY_CARRIER
RDD,10,254,-6.65,-10.09,26,34.62,31.77,22,300.45,290.36,DELAY_CARRIER|DELAY_LATE_AIRCRAFT|DELAY_NAS
RDD,11,244,-5.25,-6.57,20,32.6,35.0,18,276.11,276.33,DELAY_CARRIER|DELAY_LATE_AIRCRAFT|DELAY_NAS
RDD,12,240,-5.88,-9.19,26,25.62,26.69,22,157.36,151.55,DELAY_CARRIER|DELAY_LATE_AIRCRAFT|DELAY_NAS
RDM,1,648,-3.5,-7.02,104,30.33,39.81,132,298.48,303.08,CANC_WEATHER|DELAY_CARRIER|DELAY_WEATHER
RDM,2,728,-4.61,-5.34,112,31.0,40.07,96,258.4,260.81,DELAY_NAS|DELAY_CARRIER|DELAY_WEATHER
RDM,3,828,-4.27,-5.2,130,32.75,28.82,78,177.87,175.03,DELAY_NAS|DELAY_CARRIER|DELAY_LATE_AIRCRAFT
RDM,4,760,-5.07,-7.68,70,35.46,36.94,64,212.66,212.91,DELAY_CARRIER|DELAY_NAS|DELAY_LATE_AIRCRAFT
RDM,5,760,-5.56,-10.2,104,33.58,28.92,44,239.41,233.68,DELAY_NAS|DELAY_CARRIER|DELAY_LATE_AIRCRAFT
RDM,6,764,-3.3,-7.0,112,28.68,24.89,62,131.52,129.52,DELAY_CARRIER|DELAY_LATE_AIRCRAFT|DELAY_NAS
RDM,7,750,-2.9,-6.32,166,31.1,27.17,88,169.91,165.57,DELAY_CARRIER|DELAY_LATE_AIRCRAFT|DELAY_NAS
RDM,8,904,-3.62,-4.63,102,32.37,32.02,64,250.78,249.75,DELAY_CARRIER|DELAY_NAS|DELAY_LATE_AIRCRAFT
RDM,9,912,-3.65,-3.93,86,30.42,31.51,60,156.13,158.2,DELAY_CARRIER|DELAY_NAS|DELAY_LATE_AIRCRAFT
RDM,10,870,-4.75,-7.84,72,35.72,32.03,58,129.9,130.72,DELAY_CARRIER|DELAY_LATE_AIRCRAFT|DELAY_NAS
RDM,11,860,-4.93,-10.26,56,33.36,33.96,28,126.79,126.43,DELAY_CARRIER|DELAY_NAS|DELAY_LATE_AIRCRAFT
RDM,12,738,-3.31,-8.79,102,32.49,24.59,78,206.0,201.49,DELAY_CARRIER|CANC_WEATHER|DELAY_LATE_AIRCRAFT
RDU,1,7010,-3.6,-9.12,1054,32.44,27.56,666,163.01,160.31,DELAY_LATE_AIRCRAFT|DELAY_NAS|DELAY_CARRIER
RDU,2,7402,-3.81,-10.31,724,29.38,22.59,312,155.93,148.59,DELAY_LATE_AIRCRAFT|DELAY_NAS|DELAY_CARRIER
RDU,3,7778,-2.82,-9.83,1206,30.51,23.14,608,178.95,175.69,DELAY_LATE_AIRCRAFT|DELAY_NAS|DELAY_CARRIER
RDU,4,8198,-3.16,-7.69,1084,31.0,28.21,660,161.16,158.95,DELAY_LATE_AIRCRAFT|DELAY_NAS|DELAY_CARRIER
RDU,5,8268,-2.61,-5.95,1478,32.25,29.74,1078,150.78,150.86,DELAY_LATE_AIRCRAFT|DELAY_NAS|DELAY_CARRIER
RDU,6,8208,-2.36,-8.0,1600,32.42,28.13,928,158.72,154.06,DELAY_LATE_AIRCRAFT|DELAY_NAS|DELAY_CARRIER
RDU,7,7528,-2.92,-7.72,1862,32.71,30.51,1430,153.94,152.03,DELAY_LATE_AIRCRAFT|DELAY_CARRIER|DELAY_NAS
RDU,8,7968,-2.99,-8.84,1538,32.22,28.1,1166,183.63,180.04,DELAY_LATE_AIRCRAFT|DELAY_NAS|DELAY_CARRIER
RDU,9,8574,-4.04,-9.14,942,30.64,24.52,562,170.32,164.77,DELAY_LATE_AIRCRAFT|DELAY_NAS|DELAY_CARRIER
RDU,10,9282,-3.5,-9.82,948,29.97,22.42,386,172.5,165.81,DELAY_NAS|DELAY_LATE_AIRCRAFT|DELAY_CARRIER
RDU,11,8844,-4.36,-10.58,852,31.05,23.33,422,142.91,136.59,DELAY_NAS|DELAY_LATE_AIRCRAFT|DELAY_CARRIER
RDU,12,8064,-2.59,-9.37,1300,30.86,22.46,604,129.86,124.63,DELAY_LATE_AIRCRAFT|DELAY_NAS|DELAY_CARRIER
RFD,1,110,-5.55,-9.91,16,32.0,24.62,4,664.0,654.5,DELAY_NAS|DELAY_LATE_AIRCRAFT|DELAY_CARRIER
RFD,2,100,-4.8,-15.46,18,31.56,19.0,8,73.75,73.5,DELAY_NAS|DELAY_CARRIER|DELAY_LATE_AIRCRAFT
RFD,3,130,-8.0,-18.0,30,38.6,41.07,14,289.0,294.29,DELAY_LATE_AIRCRAFT|DELAY_NAS|DELAY_CARRIER
RFD,4,112,-8.8,-22.88,6,39.33,30.0,14,300.71,294.57,DELAY_LATE_AIRCRAFT|DELAY_NAS|DELAY_CARRIER
RFD,5,96,-7.98,-14.81,24,31.92,30.5,10,110.2,114.8,DELAY_LATE_AIRCRAFT|DELAY_NAS|DELAY_CARRIER
RFD,6,110,-6.65,-13.53,22,28.09,26.82,10,209.4,206.6,DELAY_LATE_AIRCRAFT|DELAY_NAS|CANC_CARRIER
RFD,7,104,-1.79,-4.5,24,32.75,27.83,26,134.92,137.85,DELAY_LATE_AIRCRAFT|DELAY_CARRIER|DELAY_NAS
RFD,8,92,-6.93,-11.24,16,35.0,28.75,20,116.9,117.1,DELAY_LATE_AIRCRAFT|DELAY_CARRIER|DELAY_NAS
RFD,9,112,-6.62,-13.43,6,27.0,15.33,12,565.0,565.67,DELAY_NAS|DELAY_CARRIER|DELAY_LATE_AIRCRAFT
RFD,10,94,-4.23,-11.83,24,32.75,34.08,12,132.33,129.67,DELAY_LATE_AIRCRAFT|CANC_WEATHER|DELAY_CARRIER
RFD,11,88,-6.27,-8.98,20,26.9,26.0,4,213.0,208.0,DELAY_LATE_AIRCRAFT|DELAY_NAS|DELAY_CARRIER
RFD,12,128,-3.56,-11.97,18,30.67,21.56,16,285.75,281.88,DELAY_LATE_AIRCRAFT|DELAY_CARRIER|DELAY_NAS
RHI,1,102,-5.12,-18.84,10,28.4,12.0,8,133.0,115.75,DELAY_CARRIER|CANC_WEATHER|DELAY_NAS
RHI,2,106,-8.77,-21.23,4,25.0,28.0,6,172.0,149.0,DELAY_CARRIER|DELAY_NAS|DELAY_WEATHER
RHI,3,110,-6.45,-31.4,4,26.0,-2.5,6,83.67,61.67,CANC_WEATHER|DELAY_CARRIER|DELAY_NAS
RHI,4,110,-9.4,-28.38,8,30.5,12.5,2,234.0,224.0,DELAY_WEATHER|DELAY_CARRIER
RHI,5,130,-8.2,-22.54,4,45.0,32.5,6,117.67,105.33,DELAY_CARRIER|DELAY_WEATHER
RHI,6,116,-6.55,-1.17,24,34.83,49.25,24,152.25,153.17,DELAY_CARRIER|DELAY_NAS|DELAY_WEATHER
RHI,7,118,-3.08,-6.78,40,36.5,43.95,22,119.73,116.82,DELAY_CARRIER|DELAY_WEATHER|DELAY_NAS
RHI,8,140,-5.09,-7.94,38,33.95,34.89,6,145.33,144.67,DELAY_CARRIER|DELAY_WEATHER|DELAY_NAS
RHI,9,126,-7.86,-18.6,8,20.75,21.75,4,266.0,259.0,DELAY_WEATHER|DELAY_NAS|DELAY_CARRIER
RHI,10,110,-7.8,-28.91,6,31.33,18.67,8,118.0,95.0,DELAY_CARRIER
RHI,11,104,-8.6,-28.38,8,36.5,23.75,6,83.33,69.0,DELAY_CARRIER|DELAY_WEATHER
RHI,12,84,-6.76,-23.93,12,30.83,20.5,20,233.1,231.4,DELAY_CARRIER|CANC_WEATHER|CANC_CARRIER
RIC,1,2114,-4.42,-7.97,320,32.24,30.02,186,209.28,208.05,DELAY_NAS|DELAY_LATE_AIRCRAFT|DELAY_CARRIER
RIC,2,2174,-3.81,-9.19,252,29.63,22.37,116,178.81,170.64,DELAY_NAS|DELAY_LATE_AIRCRAFT|DELAY_CARRIER
RIC,3,2308,-3.4,-9.16,360,33.17,27.98,206,159.61,157.36,DELAY_LATE_AIRCRAFT|DELAY_NAS|DELAY_CARRIER
RIC,4,2532,-3.84,-8.52,380,31.81,25.17,200,155.27,152.71,DELAY_LATE_AIRCRAFT|DELAY_NAS|DELAY_CARRIER
RIC,5,2696,-3.1,-8.71,486,32.86,27.29,318,177.13,177.58,DELAY_LATE_AIRCRAFT|DELAY_NAS|DELAY_CARRIER
RIC,6,2466,-2.66,-9.64,430,31.37,23.57,292,178.06,173.18,DELAY_LATE_AIRCRAFT|DELAY_CARRIER|DELAY_NAS
RIC,7,2158,-2.27,-8.44,544,33.39,29.52,392,170.47,167.74,DELAY_LATE_AIRCRAFT|DELAY_CARRIER|DELAY_NAS
RIC,8,2302,-2.97,-8.02,428,31.41,26.49,240,162.35,157.87,DELAY_LATE_AIRCRAFT|DELAY_CARRIER|DELAY_NAS
RIC,9,2580,-3.94,-9.08,240,31.07,26.17,106,141.19,140.91,DELAY_NAS|DELAY_LATE_AIRCRAFT|DELAY_CARRIER
RIC,10,2870,-3.92,-10.58,250,31.02,23.32,72,187.28,178.78,DELAY_NAS|DELAY_LATE_AIRCRAFT|DELAY_CARRIER
RIC,11,2580,-4.0,-11.1,258,29.67,19.91,102,128.14,120.12,DELAY_NAS|DELAY_CARRIER|DELAY_LATE_AIRCRAFT
RIC,12,2338,-2.23,-9.34,490,30.62,23.47,194,129.68,123.63,DELAY_LATE_AIRCRAFT|DELAY_CARRIER|DELAY_NAS
RIW,1,68,-6.44,-6.35,0,,,6,199.0,184.0,CANC_WEATHER|DELAY_LATE_AIRCRAFT|DELAY_NAS
RIW,2,56,-7.46,-9.04,10,29.6,19.4,2,321.0,317.0,DELAY_CARRIER|CANC_WEATHER
RIW,3,72,-6.31,-15.47,2,21.0,-3.0,2,529.0,514.0,CANC_WEATHER|DELAY_CARRIER
RIW,4,68,-7.65,-13.21,2,54.0,46.0,8,244.5,247.75,DELAY_CARRIER|DELAY_LATE_AIRCRAFT|DELAY_WEATHER
RIW,5,72,-5.33,-12.86,2,28.0,6.0,4,584.0,584.0,DELAY_NAS|DELAY_LATE_AIRCRAFT
RIW,6,104,-7.02,-12.17,6,31.33,36.0,4,214.0,217.5,DELAY_CARRIER|DELAY_LATE_AIRCRAFT|CANC_NAS
RIW,7,112,-7.07,-9.39,4,44.0,45.5,8,148.5,150.5,DELAY_CARRIER|DELAY_LATE_AIRCRAFT|DELAY_NAS
RIW,8,102,-5.1,-5.31,8,42.75,53.0,14,319.14,324.71,DELAY_LATE_AIRCRAFT|DELAY_NAS|DELAY_CARRIER
RIW,9,106,-5.32,-10.11,4,25.0,20.5,10,162.8,169.8,DELAY_LATE_AIRCRAFT|DELAY_CARRIER|DELAY_NAS
RIW,10,110,-7.25,-4.85,8,22.75,28.0,6,325.67,326.33,DELAY_CARRIER|DELAY_LATE_AIRCRAFT|DELAY_WEATHER
RIW,11,98,-4.59,-7.84,8,22.5,10.75,8,317.25,314.25,DELAY_LATE_AIRCRAFT|DELAY_NAS|CANC_WEATHER
RIW,12,116,-6.31,-16.17,6,21.0,7.33,2,124.0,111.0,DELAY_CARRIER|DELAY_LATE_AIRCRAFT
RKS,1,70,-3.94,-7.29,2,26.0,11.0,4,176.0,176.0,DELAY_NAS|DELAY_LATE_AIRCRAFT|CANC_WEATHER
RKS,2,68,-3.53,-12.5,2,16.0,7.0,4,136.0,128.5,DELAY_CARRIER|DELAY_LATE_AIRCRAFT|DELAY_NAS
RKS,3,68,-3.85,-13.0,0,,,6,321.0,303.0,CANC_WEATHER|CANC_NAS|DELAY_CARRIER
RKS,4,68,-4.74,-12.38,6,23.67,22.0,4,188.0,188.0,DELAY_NAS|DELAY_LATE_AIRCRAFT
RKS,5,68,-4.56,-12.32,2,57.0,55.0,10,369.2,364.2,DELAY_CARRIER|DELAY_NAS|DELAY_LATE_AIRCRAFT
RKS,6,118,-7.12,-9.58,0,,,2,149.0,154.0,DELAY_CARRIER
RKS,7,108,-5.41,-8.85,2,37.0,30.0,12,217.5,218.83,DELAY_CARRIER|DELAY_LATE_AIRCRAFT|CANC_WEATHER
RKS,8,110,-5.47,-8.84,2,37.0,39.0,12,314.0,334.83,DELAY_CARRIER
RKS,9,108,-3.83,-8.96,6,26.67,24.67,6,128.33,135.33,DELAY_CARRIER|DELAY_LATE_AIRCRAFT
RKS,10,106,-4.32,-8.68,4,33.5,20.0,14,454.0,462.0,DELAY_CARRIER|DELAY_LATE_AIRCRAFT|DELAY_NAS
RKS,11,98,-4.53,-15.33,6,38.67,44.0,10,121.2,132.2,DELAY_CARRIER|CANC_WEATHER|DELAY_LATE_AIRCRAFT
RKS,12,106,-4.68,-22.6,12,21.83,11.17,6,378.0,369.33,DELAY_LATE_AIRCRAFT|DELAY_CARRIER|DELAY_WEATHER
RNO,1,2472,-3.4,-10.46,358,29.82,24.17,214,159.72,157.55,DELAY_LATE_AIRCRAFT|DELAY_NAS|DELAY_CARRIER
RNO,2,2314,-2.9,-9.22,300,31.51,28.91,222,169.86,174.49,DELAY_LATE_AIRCRAFT|DELAY_NAS|DELAY_CARRIER
RNO,3,2652,-3.28,-6.52,424,32.26,33.16,244,170.34,172.78,DELAY_NAS|DELAY_LATE_AIRCRAFT|DELAY_CARRIER
RNO,4,2718,-4.41,-8.34,372,31.38,28.62,172,191.33,193.41,DELAY_NAS|DELAY_LATE_AIRCRAFT|DELAY_CARRIER
RNO,5,2810,-3.77,-9.38,346,32.15,27.55,214,165.74,165.12,DELAY_LATE_AIRCRAFT|DELAY_NAS|DELAY_CARRIER
RNO,6,2884,-3.18,-9.0,488,31.52,24.29,204,183.24,177.27,DELAY_LATE_AIRCRAFT|DELAY_CARRIER|DELAY_NAS
RNO,7,2916,-3.06,-7.64,514,31.32,26.8,340,168.22,165.24,DELAY_LATE_AIRCRAFT|DELAY_CARRIER|DELAY_NAS
RNO,8,3110,-3.15,-7.82,488,30.29,24.78,256,138.5,134.29,DELAY_LATE_AIRCRAFT|DELAY_NAS|DELAY_CARRIER
RNO,9,3176,-3.08,-6.77,376,31.44,27.5,176,135.23,130.82,DELAY_LATE_AIRCRAFT|DELAY_NAS|DELAY_CARRIER
RNO,10,3224,-3.61,-7.29,358,31.97,29.32,128,125.06,124.39,DELAY_NAS|DELAY_LATE_AIRCRAFT|DELAY_CARRIER
RNO,11,3010,-4.27,-8.66,268,31.16,29.03,148,176.0,172.19,DELAY_NAS|DELAY_LATE_AIRCRAFT|DELAY_CARRIER
RNO,12,2892,-3.4,-8.22,408,29.81,23.28,204,134.41,128.6,DELAY_LATE_AIRCRAFT|DELAY_CARRIER|DELAY_NAS
ROA,1,362,-4.21,-8.66,58,36.24,38.24,62,202.42,203.29,DELAY_LATE_AIRCRAFT|DELAY_CARRIER|DELAY_NAS
ROA,2,408,-3.56,-6.77,42,28.52,21.95,8,281.0,275.75,DELAY_LATE_AIRCRAFT|DELAY_NAS|DELAY_CARRIER
ROA,3,388,-2.74,-7.35,46,28.35,27.09,14,193.43,184.14,DELAY_LATE_AIRCRAFT|DELAY_NAS|DELAY_CARRIER
ROA,4,376,-4.63,-9.86,52,29.92,28.54,20,302.1,292.6,DELAY_LATE_AIRCRAFT|DELAY_CARRIER|DELAY_NAS
ROA,5,388,-2.3,-7.32,62,30.61,29.03,36,189.11,195.83,DELAY_CARRIER|DELAY_LATE_AIRCRAFT|DELAY_NAS
ROA,6,336,-3.07,-8.03,66,31.94,27.18,54,250.19,246.67,DELAY_CARRIER|DELAY_LATE_AIRCRAFT|DELAY_NAS
ROA,7,312,-2.76,-8.26,64,36.81,40.47,58,154.41,145.79,DELAY_CARRIER|DELAY_LATE_AIRCRAFT|DELAY_NAS
ROA,8,394,-4.69,-9.5,44,27.91,27.5,40,190.25,182.8,DELAY_CARRIER|DELAY_NAS|DELAY_LATE_AIRCRAFT
ROA,9,382,-4.14,-9.43,30,30.2,26.87,20,206.0,199.4,DELAY_CARRIER|DELAY_LATE_AIRCRAFT|DELAY_NAS
ROA,10,468,-5.0,-9.59,68,29.82,27.74,18,254.78,251.44,DELAY_CARRIER|DELAY_LATE_AIRCRAFT|DELAY_NAS
ROA,11,500,-4.25,-8.39,50,28.32,22.28,38,124.74,119.63,DELAY_LATE_AIRCRAFT|DELAY_CARRIER|DELAY_NAS
ROA,12,318,-1.72,-9.94,104,30.38,28.37,60,185.77,175.73,DELAY_LATE_AIRCRAFT|DELAY_CARRIER|CANC_WEATHER
ROC,1,1400,-2.47,-9.47,254,31.13,30.08,164,164.89,169.48,DELAY_LATE_AIRCRAFT|DELAY_NAS|DELAY_CARRIER
ROC,2,1510,-3.14,-15.55,152,29.5,21.37,90,202.2,196.36,DELAY_LATE_AIRCRAFT|DELAY_NAS|DELAY_CARRIER
ROC,3,1628,-3.75,-12.89,150,29.23,22.83,88,150.41,149.61,DELAY_NAS|DELAY_LATE_AIRCRAFT|DELAY_CARRIER
ROC,4,1588,-3.58,-10.84,186,29.03,21.08,98,176.27,172.39,DELAY_LATE_AIRCRAFT|DELAY_CARRIER|DELAY_NAS
ROC,5,1628,-3.33,-9.66,254,31.53,26.41,146,155.4,153.04,DELAY_LATE_AIRCRAFT|DELAY_NAS|DELAY_CARRIER
ROC,6,1574,-3.49,-10.51,250,30.5,23.5,150,144.36,138.55,DELAY_LATE_AIRCRAFT|DELAY_CARRIER|DELAY_NAS
ROC,7,1576,-2.14,-7.86,310,30.57,24.72,258,168.71,166.23,DELAY_LATE_AIRCRAFT|DELAY_CARRIER|DELAY_NAS
ROC,8,1478,-2.01,-6.29,322,28.41,23.61,220,155.49,154.85,DELAY_LATE_AIRCRAFT|DELAY_NAS|DELAY_CARRIER
ROC,9,1834,-4.16,-9.34,166,29.04,23.73,74,176.08,171.7,DELAY_CARRIER|DELAY_NAS|DELAY_LATE_AIRCRAFT
ROC,10,1850,-3.87,-10.84,200,27.21,22.23,50,152.32,150.88,DELAY_CARRIER|DELAY_LATE_AIRCRAFT|DELAY_NAS
ROC,11,1604,-3.9,-12.06,176,30.31,22.43,64,113.88,106.09,DELAY_LATE_AIRCRAFT|DELAY_CARRIER|DELAY_NAS
ROC,12,1426,-1.51,-6.07,334,30.16,24.76,164,153.98,151.56,DELAY_NAS|DELAY_CARRIER|DELAY_LATE_AIRCRAFT
ROW,1,92,-7.11,-10.54,8,34.25,27.5,18,201.89,198.33,DELAY_CARRIER|CANC_WEATHER|DELAY_NAS
ROW,2,104,-2.38,-9.17,0,,,12,229.67,227.17,DELAY_CARRIER|DELAY_WEATHER|DELAY_NAS
ROW,3,98,-2.73,-11.35,16,24.25,16.0,10,152.2,147.0,DELAY_NAS|DELAY_CARRIER|DELAY_LATE_AIRCRAFT
ROW,4,94,-3.55,-8.04,18,28.44,24.78,6,274.67,276.0,DELAY_LATE_AIRCRAFT|DELAY_CARRIER|DELAY_NAS
ROW,5,124,-4.53,-7.73,14,39.71,33.71,22,181.45,174.55,DELAY_CARRIER|CANC_WEATHER|DELAY_WEATHER
ROW,6,130,-4.22,-7.77,22,38.73,38.55,26,267.23,267.85,DELAY_CARRIER|DELAY_WEATHER|DELAY_NAS
ROW,7,134,-4.33,-6.46,16,28.12,20.38,30,205.13,201.0,DELAY_CARRIER|DELAY_LATE_AIRCRAFT|DELAY_WEATHER
ROW,8,150,-5.93,-11.27,12,33.17,27.33,20,304.2,300.9,DELAY_CARRIER|DELAY_NAS|DELAY_WEATHER
ROW,9,148,-4.58,-3.89,18,30.11,31.67,14,167.43,167.0,DELAY_CARRIER|DELAY_WEATHER|DELAY_LATE_AIRCRAFT
ROW,10,134,-4.45,-8.4,26,34.92,32.85,16,222.12,215.75,DELAY_CARRIER|CANC_WEATHER|DELAY_WEATHER
ROW,11,120,-4.27,-6.78,32,29.44,31.88,16,125.12,126.38,DELAY_CARRIER|DELAY_WEATHER|CANC_WEATHER
ROW,12,136,-5.06,-7.62,18,33.89,28.22,16,106.0,102.88,DELAY_CARRIER|CANC_WEATHER|DELAY_LATE_AIRCRAFT
RST,1,146,-4.67,-17.01,4,36.0,23.0,18,133.44,121.11,CANC_WEATHER|DELAY_LATE_AIRCRAFT|DELAY_CARRIER
RST,2,190,-5.56,-19.28,10,27.0,7.4,6,80.33,66.33,DELAY_CARRIER|DELAY_LATE_AIRCRAFT|DELAY_WEATHER
RST,3,262,-5.26,-15.62,26,27.77,23.69,20,160.9,156.9,DELAY_CARRIER|DELAY_LATE_AIRCRAFT|DELAY_NAS
RST,4,200,-3.97,-6.8,30,27.6,21.87,18,187.0,190.56,DELAY_CARRIER|DELAY_LATE_AIRCRAFT|DELAY_NAS
RST,5,218,-4.43,-6.58,32,34.44,32.06,36,134.5,136.17,DELAY_CARRIER|DELAY_WEATHER|DELAY_NAS
RST,6,128,-4.59,-8.25,30,32.0,35.93,30,159.67,159.0,DELAY_CARRIER|DELAY_NAS|DELAY_LATE_AIRCRAFT
RST,7,190,-5.24,-6.33,24,27.25,31.58,30,205.2,211.73,DELAY_LATE_AIRCRAFT|DELAY_CARRIER|DELAY_NAS
RST,8,196,-4.12,-3.43,28,30.5,33.71,8,76.75,88.5,DELAY_LATE_AIRCRAFT|DELAY_NAS|DELAY_CARRIER
RST,9,240,-6.07,-9.69,26,34.15,35.69,10,265.4,258.8,DELAY_CARRIER|DELAY_LATE_AIRCRAFT|DELAY_NAS
RST,10,246,-6.08,-14.24,20,27.6,26.0,4,116.0,105.0,DELAY_CARRIER|DELAY_LATE_AIRCRAFT|DELAY_WEATHER
RST,11,160,-5.16,-10.96,12,33.67,34.17,8,155.25,154.25,DELAY_CARRIER|DELAY_WEATHER|DELAY_SECURITY
RST,12,146,-5.1,-10.84,22,31.82,22.45,30,182.2,174.0,DELAY_CARRIER|DELAY_WEATHER|CANC_WEATHER
RSW,1,5616,-4.19,-10.52,1064,32.32,25.33,664,143.68,138.53,DELAY_LATE_AIRCRAFT|DELAY_NAS|DELAY_CARRIER
RSW,2,6360,-4.64,-6.3,800,31.44,28.58,370,157.69,151.81,DELAY_LATE_AIRCRAFT|DELAY_NAS|DELAY_CARRIER
RSW,3,6480,-3.42,-6.88,1436,31.65,29.81,950,153.57,151.42,DELAY_LATE_AIRCRAFT|DELAY_NAS|DELAY_CARRIER
RSW,4,5728,-4.12,-8.47,690,30.75,26.14,502,165.97,160.12,DELAY_LATE_AIRCRAFT|DELAY_NAS|DELAY_CARRIER
RSW,5,3914,-3.17,-5.83,704,33.25,33.14,528,134.2,135.73,DELAY_LATE_AIRCRAFT|DELAY_NAS|DELAY_CARRIER
RSW,6,3190,-3.45,-8.82,482,32.35,29.85,392,200.31,195.0,DELAY_LATE_AIRCRAFT|DELAY_NAS|DELAY_CARRIER
RSW,7,2680,-3.23,-7.32,702,33.15,30.43,542,159.79,158.55,DELAY_LATE_AIRCRAFT|DELAY_NAS|DELAY_CARRIER
RSW,8,2758,-4.18,-7.74,524,32.28,30.51,380,191.75,188.96,DELAY_LATE_AIRCRAFT|DELAY_NAS|DELAY_CARRIER
RSW,9,3038,-5.66,-10.25,298,28.77,25.17,130,154.58,148.4,DELAY_LATE_AIRCRAFT|DELAY_NAS|CANC_WEATHER
RSW,10,3900,-6.63,-13.12,298,29.56,21.9,148,169.12,162.32,CANC_WEATHER|DELAY_LATE_AIRCRAFT|DELAY_CARRIER
RSW,11,5078,-5.56,-11.38,404,31.9,26.16,202,139.6,136.43,DELAY_LATE_AIRCRAFT|DELAY_NAS|DELAY_CARRIER
RSW,12,5348,-4.95,-9.68,940,32.37,30.04,704,169.24,166.54,DELAY_LATE_AIRCRAFT|DELAY_NAS|DELAY_CARRIER
SAF,1,214,-7.26,-2.85,16,28.88,44.62,14,137.0,143.71,DELAY_CARRIER|DELAY_NAS|DELAY_WEATHER
SAF,2,210,-8.15,-10.64,8,24.0,21.25,14,188.0,183.0,DELAY_CARRIER|DELAY_LATE_AIRCRAFT|DELAY_WEATHER
SAF,3,210,-6.15,-6.28,22,37.64,37.36,12,160.33,159.0,DELAY_CARRIER|DELAY_LATE_AIRCRAFT|DELAY_WEATHER
SAF,4,270,-6.5,-4.39,32,38.56,35.12,28,319.0,314.21,DELAY_CARRIER|DELAY_NAS|DELAY_LATE_AIRCRAFT
SAF,5,328,-6.24,-9.31,30,35.93,29.6,64,172.88,168.09,DELAY_CARRIER|DELAY_WEATHER|DELAY_LATE_AIRCRAFT
SAF,6,448,-6.38,-10.99,54,34.52,28.33,92,143.35,138.87,DELAY_CARRIER|DELAY_NAS|DELAY_LATE_AIRCRAFT
SAF,7,476,-7.64,-12.03,76,35.24,32.79,56,152.04,145.64,DELAY_CARRIER|DELAY_LATE_AIRCRAFT|DELAY_NAS
SAF,8,506,-7.04,-12.74,50,29.56,26.36,58,142.1,136.66,DELAY_CARRIER|DELAY_LATE_AIRCRAFT|DELAY_WEATHER
SAF,9,560,-7.12,-10.67,54,34.07,31.7,40,118.3,114.85,DELAY_CARRIER|DELAY_LATE_AIRCRAFT|DELAY_NAS
SAF,10,546,-7.55,-15.98,92,33.83,25.3,42,117.52,105.81,DELAY_CARRIER|DELAY_LATE_AIRCRAFT|DELAY_WEATHER
SAF,11,412,-6.45,-13.14,52,31.54,30.5,70,226.49,230.23,DELAY_CARRIER|CANC_WEATHER|DELAY_NAS
SAF,12,456,-5.27,-19.27,56,30.0,15.46,48,205.88,199.0,DELAY_CARRIER|DELAY_LATE_AIRCRAFT|DELAY_WEATHER
SAN,1,11050,-2.78,-7.46,1638,30.0,25.36,724,143.32,137.91,DELAY_LATE_AIRCRAFT|DELAY_NAS|CANC_CARRIER
SAN,2,10592,-2.75,-10.01,1722,30.84,24.46,700,140.21,134.77,DELAY_LATE_AIRCRAFT|DELAY_NAS|DELAY_CARRIER
SAN,3,11826,-2.24,-7.39,2224,32.1,27.33,958,137.38,133.86,DELAY_LATE_AIRCRAFT|DELAY_NAS|DELAY_CARRIER
SAN,4,12020,-2.35,-8.12,2134,31.12,25.73,918,148.37,146.59,DELAY_LATE_AIRCRAFT|DELAY_NAS|DELAY_CARRIER
SAN,5,12066,-2.24,-7.56,2530,31.92,26.33,1072,151.21,146.27,DELAY_LATE_AIRCRAFT|DELAY_NAS|DELAY_CARRIER
SAN,6,12036,-1.42,-4.97,3054,31.61,29.38,1332,136.33,135.66,DELAY_LATE_AIRCRAFT|DELAY_NAS|DELAY_CARRIER
SAN,7,12240,-1.83,-4.2,3202,31.74,30.07,1604,140.7,139.98,DELAY_LATE_AIRCRAFT|DELAY_NAS|DELAY_CARRIER
SAN,8,13676,-2.7,-4.31,2364,30.53,29.75,906,131.98,131.2,DELAY_LATE_AIRCRAFT|DELAY_NAS|DELAY_CARRIER
SAN,9,13022,-3.08,-6.22,2006,31.63,30.04,782,119.47,118.24,DELAY_LATE_AIRCRAFT|DELAY_NAS|DELAY_CARRIER
SAN,10,12778,-2.57,-3.48,2478,31.9,34.3,1256,144.33,147.86,DELAY_LATE_AIRCRAFT|DELAY_NAS|DELAY_CARRIER
SAN,11,12834,-2.89,-7.81,2034,30.54,27.64,854,133.64,132.71,DELAY_LATE_AIRCRAFT|DELAY_NAS|DELAY_CARRIER
SAN,12,11470,-2.19,-5.1,2476,31.97,32.01,1772,173.29,176.39,DELAY_LATE_AIRCRAFT|DELAY_NAS|DELAY_CARRIER
SAT,1,5186,-3.3,-8.93,770,32.04,25.62,390,163.34,159.55,DELAY_LATE_AIRCRAFT|DELAY_NAS|DELAY_CARRIER
SAT,2,5280,-4.24,-7.97,546,28.77,24.83,204,163.09,159.12,DELAY_LATE_AIRCRAFT|DELAY_NAS|DELAY_CARRIER
SAT,3,5416,-2.89,-8.88,938,32.14,25.19,436,156.4,153.84,DELAY_LATE_AIRCRAFT|DELAY_NAS|DELAY_CARRIER
SAT,4,5472,-2.99,-9.01,846,30.23,23.9,440,172.84,174.31,DELAY_LATE_AIRCRAFT|DELAY_NAS|DELAY_CARRIER
SAT,5,5220,-1.97,-6.72,1018,31.11,27.31,656,158.21,157.18,DELAY_LATE_AIRCRAFT|DELAY_NAS|DELAY_CARRIER
SAT,6,5378,-2.07,-7.09,1078,30.82,25.99,576,156.76,151.87,DELAY_LATE_AIRCRAFT|DELAY_CARRIER|DELAY_NAS
SAT,7,5140,-2.22,-6.36,1200,31.5,28.54,910,162.39,159.86,DELAY_LATE_AIRCRAFT|DELAY_CARRIER|DELAY_NAS
SAT,8,5948,-4.0,-9.38,784,30.6,26.53,438,154.19,149.74,DELAY_LATE_AIRCRAFT|DELAY_NAS|DELAY_CARRIER
SAT,9,5944,-4.09,-10.14,634,30.76,23.98,292,172.64,164.33,DELAY_LATE_AIRCRAFT|DELAY_CARRIER|DELAY_NAS
SAT,10,6494,-3.45,-9.31,646,29.84,21.51,262,162.5,153.08,DELAY_LATE_AIRCRAFT|DELAY_CARRIER|DELAY_NAS
SAT,11,5860,-3.64,-9.48,586,30.31,23.12,260,162.28,157.2,DELAY_LATE_AIRCRAFT|DELAY_CARRIER|DELAY_NAS
SAT,12,5596,-2.86,-8.61,832,30.15,24.98,420,174.6,172.53,DELAY_LATE_AIRCRAFT|DELAY_CARRIER|DELAY_NAS
SAV,1,2130,-4.16,-11.71,302,32.37,24.77,178,225.03,219.6,DELAY_LATE_AIRCRAFT|DELAY_CARRIER|DELAY_NAS
SAV,2,2326,-4.93,-12.2,190,30.97,23.48,78,155.36,148.59,DELAY_LATE_AIRCRAFT|DELAY_CARRIER|DELAY_NAS
SAV,3,2636,-3.55,-10.05,350,29.63,23.19,160,158.0,153.35,DELAY_LATE_AIRCRAFT|DELAY_NAS|DELAY_CARRIER
SAV,4,2720,-3.3,-7.53,422,29.62,25.19,154,169.0,163.66,DELAY_LATE_AIRCRAFT|DELAY_NAS|DELAY_CARRIER
SAV,5,2658,-2.7,-6.52,548,32.24,27.12,336,158.14,157.45,DELAY_LATE_AIRCRAFT|DELAY_NAS|DELAY_CARRIER
SAV,6,2698,-2.94,-9.41,436,29.6,24.05,200,166.98,162.52,DELAY_LATE_AIRCRAFT|DELAY_CARRIER|DELAY_NAS
SAV,7,2234,-3.07,-8.63,602,32.0,28.45,456,178.59,176.98,DELAY_LATE_AIRCRAFT|DELAY_CARRIER|DELAY_NAS
SAV,8,2456,-3.85,-9.27,370,31.78,27.31,250,166.5,165.28,DELAY_LATE_AIRCRAFT|DELAY_NAS|DELAY_CARRIER
SAV,9,2522,-3.54,-9.48,274,29.97,23.48,162,162.91,159.25,DELAY_LATE_AIRCRAFT|DELAY_CARRIER|DELAY_NAS
SAV,10,2962,-3.59,-9.96,334,29.77,21.96,92,165.54,157.41,DELAY_LATE_AIRCRAFT|DELAY_CARRIER|DELAY_NAS
SAV,11,2734,-3.47,-9.13,326,29.89,25.37,146,159.75,158.34,DELAY_LATE_AIRCRAFT|DELAY_NAS|DELAY_CARRIER
SAV,12,2442,-2.31,-7.0,488,32.03,27.74,236,175.4,172.38,DELAY_LATE_AIRCRAFT|DELAY_NAS|DELAY_CARRIER
SBA,1,896,-5.19,-7.87,104,31.79,27.83,74,150.32,143.78,DELAY_LATE_AIRCRAFT|DELAY_NAS|DELAY_CARRIER
SBA,2,734,-4.59,-9.5,132,30.95,30.06,78,173.13,172.23,DELAY_NAS|DELAY_LATE_AIRCRAFT|DELAY_CARRIER
SBA,3,866,-4.82,-8.85,134,32.57,29.84,102,169.14,172.69,DELAY_NAS|DELAY_LATE_AIRCRAFT|DELAY_CARRIER
SBA,4,826,-4.33,-6.99,124,34.66,33.66,136,252.56,250.56,DELAY_LATE_AIRCRAFT|DELAY_NAS|DELAY_CARRIER
SBA,5,1078,-4.84,-9.39,132,33.27,28.67,84,127.21,122.55,DELAY_LATE_AIRCRAFT|DELAY_NAS|DELAY_CARRIER
SBA,6,1092,-3.41,-8.66,128,28.95,23.78,80,152.15,146.9,DELAY_LATE_AIRCRAFT|DELAY_CARRIER|DELAY_NAS
SBA,7,1238,-4.15,-9.51,124,33.73,30.05,110,166.78,162.64,DELAY_LATE_AIRCRAFT|DELAY_CARRIER|DELAY_NAS
SBA,8,1210,-5.2,-9.62,116,27.34,22.24,46,180.96,176.96,DELAY_LATE_AIRCRAFT|DELAY_NAS|DELAY_CARRIER
SBA,9,1098,-5.84,-11.56,116,29.53,25.66,58,230.17,223.34,DELAY_LATE_AIRCRAFT|DELAY_CARRIER|DELAY_NAS
SBA,10,1102,-5.05,-10.43,120,31.57,26.7,72,206.06,207.08,DELAY_LATE_AIRCRAFT|DELAY_CARRIER|DELAY_NAS
SBA,11,1096,-5.25,-12.08,100,30.78,23.3,86,202.0,198.07,DELAY_LATE_AIRCRAFT|DELAY_NAS|DELAY_CARRIER
SBA,12,1046,-3.99,-10.25,114,30.16,23.54,84,160.36,153.19,DELAY_LATE_AIRCRAFT|DELAY_CARRIER|DELAY_NAS
SBN,1,616,-4.29,-11.08,146,33.33,35.82,156,187.33,190.0,DELAY_CARRIER|CANC_WEATHER|DELAY_NAS
SBN,2,820,-4.5,-15.92,98,28.45,14.84,50,143.92,133.32,DELAY_CARRIER|DELAY_NAS|DELAY_LATE_AIRCRAFT
SBN,3,918,-4.77,-12.83,104,31.6,21.08,58,165.86,164.07,DELAY_CARRIER|DELAY_NAS|DELAY_LATE_AIRCRAFT
SBN,4,912,-5.23,-11.71,94,28.47,23.15,68,160.59,161.38,DELAY_CARRIER|DELAY_LATE_AIRCRAFT|DELAY_NAS
SBN,5,704,-3.6,-7.89,172,33.51,25.65,170,168.56,165.73,DELAY_CARRIER|DELAY_LATE_AIRCRAFT|DELAY_NAS
SBN,6,770,-5.19,-9.15,122,32.8,22.49,96,163.35,157.42,DELAY_CARRIER|DELAY_LATE_AIRCRAFT|DELAY_NAS
SBN,7,766,-4.51,-5.61,160,31.66,27.36,140,139.66,139.89,DELAY_CARRIER|DELAY_NAS|DELAY_LATE_AIRCRAFT
SBN,8,860,-4.02,-8.58,148,29.5,26.14,130,143.02,138.83,DELAY_CARRIER|DELAY_LATE_AIRCRAFT|DELAY_NAS
SBN,9,966,-5.28,-9.43,122,33.46,25.89,66,167.73,165.24,DELAY_CARRIER|DELAY_LATE_AIRCRAFT|DELAY_NAS
SBN,10,1056,-4.94,-13.21,128,29.45,17.69,60,151.63,144.6,DELAY_CARRIER|DELAY_LATE_AIRCRAFT|DELAY_NAS
SBN,11,1038,-5.25,-12.47,86,28.74,21.26,84,182.67,176.52,DELAY_CARRIER|DELAY_LATE_AIRCRAFT|DELAY_NAS
SBN,12,960,-4.27,-11.16,166,31.33,28.3,122,171.72,168.9,DELAY_CARRIER|DELAY_LATE_AIRCRAFT|DELAY_NAS
SBP,1,586,-5.97,-9.91,68,35.38,35.88,46,172.04,170.48,DELAY_CARRIER|DELAY_LATE_AIRCRAFT|DELAY_NAS
SBP,2,516,-5.17,-10.82,64,34.94,37.44,52,226.73,225.31,DELAY_NAS|DELAY_CARRIER|DELAY_LATE_AIRCRAFT
SBP,3,640,-4.55,-7.26,64,28.5,26.62,48,149.62,152.0,DELAY_NAS|DELAY_CARRIER|DELAY_LATE_AIRCRAFT
SBP,4,684,-4.06,-6.6,88,32.5,26.43,34,124.24,122.29,DELAY_CARRIER|DELAY_LATE_AIRCRAFT|DELAY_NAS
SBP,5,690,-4.72,-8.27,48,35.88,30.46,58,177.07,179.48,DELAY_LATE_AIRCRAFT|DELAY_CARRIER|DELAY_NAS
SBP,6,688,-4.92,-7.59,90,30.4,28.27,44,152.91,153.73,DELAY_CARRIER|DELAY_LATE_AIRCRAFT|DELAY_NAS
SBP,7,788,-5.24,-7.15,68,34.41,29.29,68,181.32,176.47,DELAY_CARRIER|DELAY_LATE_AIRCRAFT|DELAY_NAS
SBP,8,824,-5.06,-5.92,50,32.48,32.0,68,165.0,166.26,DELAY_CARRIER|DELAY_LATE_AIRCRAFT|DELAY_NAS
SBP,9,828,-4.93,-6.21,78,30.26,28.03,54,266.93,262.33,DELAY_CARRIER|DELAY_LATE_AIRCRAFT|DELAY_NAS
SBP,10,868,-5.77,-7.17,90,31.44,29.29,74,222.57,221.62,DELAY_CARRIER|DELAY_LATE_AIRCRAFT|DELAY_NAS
SBP,11,868,-5.41,-7.71,106,32.62,24.49,50,123.68,119.52,DELAY_CARRIER|DELAY_LATE_AIRCRAFT|DELAY_NAS
SBP,12,768,-5.05,-9.25,86,31.16,24.19,116,172.78,170.74,DELAY_LATE_AIRCRAFT|DELAY_CARRIER|CANC_WEATHER
SCC,1,68,-15.0,-17.71,4,26.5,20.0,8,112.5,119.5,CANC_WEATHER|DELAY_LATE_AIRCRAFT
SCC,2,82,-15.98,-15.17,2,22.0,24.0,6,114.67,119.0,DELAY_LATE_AIRCRAFT|CANC_WEATHER
SCC,3,86,-11.84,-12.72,2,19.0,20.0,4,116.5,117.0,DELAY_LATE_AIRCRAFT|CANC_WEATHER|DELAY_CARRIER
SCC,4,76,-14.92,-15.34,10,39.6,42.4,6,152.33,158.67,DELAY_LATE_AIRCRAFT|CANC_CARRIER|CANC_WEATHER
SCC,5,84,-19.86,-21.81,12,37.33,34.83,2,63.0,59.0,DELAY_LATE_AIRCRAFT|CANC_CARRIER|DELAY_WEATHER
SCC,6,80,-17.55,-19.62,6,37.33,33.67,2,66.0,61.0,DELAY_LATE_AIRCRAFT|CANC_WEATHER|DELAY_CARRIER
SCC,7,92,-16.28,-16.83,4,35.5,26.0,2,185.0,189.0,DELAY_LATE_AIRCRAFT|CANC_WEATHER
SCC,8,84,-13.93,-12.67,10,23.8,23.2,4,157.5,150.0,DELAY_LATE_AIRCRAFT|DELAY_NAS|DELAY_CARRIER
SCC,9,90,-15.04,-18.47,2,35.0,29.0,0,,,DELAY_LATE_AIRCRAFT
SCC,10,84,-17.83,-21.14,8,38.25,42.25,4,251.5,247.5,DELAY_LATE_AIRCRAFT|CANC_WEATHER|DELAY_CARRIER
SCC,11,90,-14.02,-17.2,4,47.0,46.0,0,,,DELAY_CARRIER|DELAY_LATE_AIRCRAFT
SCC,12,80,-14.8,-14.38,4,18.0,16.5,2,126.0,125.0,CANC_WEATHER|DELAY_LATE_AIRCRAFT|DELAY_NAS
SCE,1,34,-6.29,-17.71,6,35.67,31.0,0,,,CANC_WEATHER|DELAY_CARRIER
SCE,2,50,-7.48,-15.4,6,23.33,27.0,2,166.0,167.0,DELAY_CARRIER|CANC_WEATHER|DELAY_WEATHER
SCE,3,118,-6.95,-10.93,4,22.0,10.5,4,116.5,111.5,DELAY_NAS|DELAY_CARRIER|DELAY_LATE_AIRCRAFT
SCE,4,94,-6.66,-6.96,14,37.14,32.0,10,143.2,129.2,DELAY_CARRIER|DELAY_LATE_AIRCRAFT
SCE,5,124,-5.37,-10.37,22,34.27,30.73,20,144.8,142.0,DELAY_LATE_AIRCRAFT|DELAY_NAS|DELAY_CARRIER
SCE,6,120,-6.35,-11.4,18,29.0,27.33,22,151.45,139.36,DELAY_CARRIER|DELAY_LATE_AIRCRAFT|DELAY_WEATHER
SCE,7,60,-8.27,-11.93,4,46.5,70.5,4,91.0,82.5,DELAY_NAS|DELAY_CARRIER|DELAY_WEATHER
SCE,8,72,-6.0,-9.97,10,31.6,33.0,6,73.67,72.33,DELAY_LATE_AIRCRAFT|DELAY_NAS|DELAY_WEATHER
SCE,9,56,-7.96,-10.14,0,,,4,169.5,160.5,DELAY_CARRIER|DELAY_LATE_AIRCRAFT
SCE,10,100,-5.4,-7.12,10,32.6,34.2,8,213.0,211.5,DELAY_LATE_AIRCRAFT|DELAY_CARRIER|DELAY_NAS
SCE,11,58,-6.62,-9.14,10,33.6,36.8,14,172.71,164.43,DELAY_CARRIER|DELAY_LATE_AIRCRAFT
SCE,12,22,-7.45,-11.64,10,29.6,38.6,6,71.67,76.67,DELAY_LATE_AIRCRAFT|DELAY_CARRIER|DELAY_NAS
SCK,1,52,-4.58,-2.85,16,27.25,26.62,10,128.0,129.6,DELAY_LATE_AIRCRAFT|DELAY_NAS|DELAY_CARRIER
SCK,2,66,-5.76,-7.18,2,27.0,15.0,10,202.6,205.4,DELAY_LATE_AIRCRAFT|DELAY_NAS|DELAY_CARRIER
SCK,3,70,-5.69,-1.74,18,37.22,46.56,10,121.6,127.0,DELAY_NAS|DELAY_LATE_AIRCRAFT|DELAY_CARRIER
SCK,4,56,-4.18,-3.21,12,25.5,37.0,4,93.5,94.0,DELAY_LATE_AIRCRAFT|DELAY_CARRIER|DELAY_NAS
SCK,5,68,-5.44,0.82,10,41.0,40.2,4,85.5,81.5,DELAY_NAS|DELAY_LATE_AIRCRAFT
SCK,6,50,-4.64,-2.92,34,32.12,29.82,4,98.0,97.0,DELAY_CARRIER|DELAY_LATE_AIRCRAFT|DELAY_NAS
SCK,7,60,2.1,1.83,24,32.08,32.25,12,456.33,461.5,DELAY_CARRIER|DELAY_LATE_AIRCRAFT|DELAY_NAS
SCK,8,52,-1.42,-2.15,16,37.62,40.88,12,195.0,192.83,DELAY_LATE_AIRCRAFT|DELAY_NAS|DELAY_CARRIER
SCK,9,46,-0.39,-4.61,20,37.2,38.4,12,187.0,186.5,DELAY_CARRIER|DELAY_LATE_AIRCRAFT|DELAY_NAS
SCK,10,58,0.03,-0.38,22,26.82,27.82,10,90.6,83.0,DELAY_CARRIER|DELAY_LATE_AIRCRAFT|DELAY_NAS
SCK,11,46,0.65,-6.26,34,33.12,33.35,0,,,DELAY_LATE_AIRCRAFT|DELAY_CARRIER|DELAY_NAS
SCK,12,48,0.38,-3.21,34,33.59,24.35,24,102.67,101.42,DELAY_LATE_AIRCRAFT|DELAY_CARRIER|DELAY_WEATHER
SDF,1,2758,-4.6,-9.34,384,31.42,29.54,286,183.03,185.2,DELAY_LATE_AIRCRAFT|DELAY_NAS|DELAY_CARRIER
SDF,2,2996,-4.81,-10.86,254,31.44,23.5,102,141.73,142.51,DELAY_NAS|DELAY_LATE_AIRCRAFT|DELAY_CARRIER
SDF,3,3400,-4.64,-10.22,424,32.25,26.18,208,156.78,153.62,DELAY_LATE_AIRCRAFT|DELAY_NAS|DELAY_CARRIER
SDF,4,3480,-4.34,-9.07,392,30.28,25.33,194,136.57,133.96,DELAY_LATE_AIRCRAFT|DELAY_NAS|DELAY_CARRIER
SDF,5,3478,-2.91,-6.45,642,30.94,27.98,390,159.71,161.01,DELAY_LATE_AIRCRAFT|DELAY_NAS|DELAY_CARRIER
SDF,6,3494,-3.95,-9.38,472,30.04,27.23,284,186.38,183.2,DELAY_LATE_AIRCRAFT|DELAY_NAS|DELAY_CARRIER
SDF,7,3182,-3.66,-7.03,600,32.6,31.83,450,174.37,175.04,DELAY_LATE_AIRCRAFT|DELAY_CARRIER|DELAY_NAS
SDF,8,3316,-4.57,-8.48,414,31.05,29.05,274,183.68,180.15,DELAY_LATE_AIRCRAFT|DELAY_NAS|DELAY_CARRIER
SDF,9,3504,-4.51,-8.33,340,31.88,29.55,184,157.8,156.59,DELAY_LATE_AIRCRAFT|DELAY_NAS|DELAY_CARRIER
SDF,10,3916,-4.79,-10.5,278,32.76,23.85,130,182.75,179.37,DELAY_LATE_AIRCRAFT|DELAY_NAS|DELAY_CARRIER
SDF,11,3388,-5.29,-11.34,270,33.42,29.83,138,163.3,161.54,DELAY_NAS|DELAY_CARRIER|DELAY_LATE_AIRCRAFT
SDF,12,3000,-3.88,-10.55,390,30.46,24.99,206,168.84,164.39,DELAY_LATE_AIRCRAFT|DELAY_NAS|DELAY_CARRIER
SEA,1,15856,-1.82,-7.65,3610,31.58,24.66,1912,137.17,130.62,DELAY_LATE_AIRCRAFT|DELAY_CARRIER|CANC_CARRIER
SEA,2,19100,-3.47,-7.14,2228,30.35,25.03,770,135.88,132.69,DELAY_NAS|DELAY_CARRIER|DELAY_LATE_AIRCRAFT
SEA,3,20274,-2.58,-6.66,3618,30.75,26.01,1222,139.15,135.92,DELAY_CARRIER|DELAY_NAS|DELAY_LATE_AIRCRAFT
SEA,4,20926,-2.58,-6.67,3644,30.59,25.62,1204,120.54,116.19,DELAY_CARRIER|DELAY_NAS|DELAY_LATE_AIRCRAFT
SEA,5,21918,-1.66,-6.09,5016,30.6,25.46,1542,121.54,116.86,DELAY_LATE_AIRCRAFT|DELAY_CARRIER|DELAY_NAS
SEA,6,22070,-0.8,-6.18,6322,30.01,24.0,1768,130.26,122.35,DELAY_LATE_AIRCRAFT|DELAY_CARRIER|DELAY_NAS
SEA,7,23860,-1.19,-4.33,6038,30.21,26.58,1882,135.73,131.5,DELAY_LATE_AIRCRAFT|DELAY_CARRIER|DELAY_NAS
SEA,8,23908,-1.4,-3.5,5754,30.35,28.19,1962,122.8,120.55,DELAY_LATE_AIRCRAFT|DELAY_CARRIER|DELAY_NAS
SEA,9,23986,-2.23,-4.91,4318,30.08,26.46,1170,117.43,112.82,DELAY_CARRIER|DELAY_NAS|DELAY_LATE_AIRCRAFT
SEA,10,23496,-2.94,-6.97,3044,29.51,24.78,834,123.89,118.34,DELAY_CARRIER|DELAY_NAS|DELAY_LATE_AIRCRAFT
SEA,11,21464,-3.3,-9.31,2604,29.19,22.38,728,135.82,130.39,DELAY_CARRIER|DELAY_NAS|DELAY_LATE_AIRCRAFT
SEA,12,19908,-1.99,-9.34,3766,30.27,23.11,1318,124.4,118.08,DELAY_CARRIER|DELAY_LATE_AIRCRAFT|DELAY_NAS
SFB,1,1188,-7.22,-14.24,180,30.27,25.13,94,149.34,143.85,DELAY_LATE_AIRCRAFT|DELAY_CARRIER|DELAY_NAS
SFB,2,1250,-6.04,-5.97,204,32.34,32.03,60,147.1,145.9,DELAY_LATE_AIRCRAFT|DELAY_CARRIER|DELAY_NAS
SFB,3,1382,-5.73,-7.65,292,32.27,30.86,144,136.5,138.76,DELAY_LATE_AIRCRAFT|DELAY_CARRIER|DELAY_NAS
SFB,4,1266,-6.34,-8.76,136,29.07,29.57,84,205.12,203.14,DELAY_LATE_AIRCRAFT|DELAY_CARRIER|DELAY_NAS
SFB,5,1214,-5.17,-7.22,208,29.87,30.35,120,126.5,124.87,DELAY_LATE_AIRCRAFT|DELAY_NAS|DELAY_CARRIER
SFB,6,1366,-3.99,-7.6,338,31.17,30.54,208,140.1,138.58,DELAY_LATE_AIRCRAFT|DELAY_CARRIER|DELAY_NAS
SFB,7,1424,-3.91,-6.81,336,31.64,31.52,220,131.69,133.75,DELAY_LATE_AIRCRAFT|DELAY_CARRIER|DELAY_NAS
SFB,8,998,-5.36,-9.18,200,33.72,32.07,154,154.65,152.75,DELAY_LATE_AIRCRAFT|DELAY_CARRIER|DELAY_WEATHER
SFB,9,798,-5.57,-10.64,122,32.54,27.49,72,124.5,122.81,DELAY_CARRIER|DELAY_LATE_AIRCRAFT|DELAY_WEATHER
SFB,10,1120,-5.0,-9.96,156,27.32,24.13,98,160.0,158.53,CANC_WEATHER|DELAY_CARRIER|DELAY_LATE_AIRCRAFT
SFB,11,1118,-6.28,-9.46,210,29.71,32.29,60,98.4,100.47,DELAY_CARRIER|DELAY_LATE_AIRCRAFT|DELAY_NAS
SFB,12,1192,-4.02,-7.31,406,32.13,28.86,224,143.14,140.71,DELAY_CARRIER|DELAY_LATE_AIRCRAFT|DELAY_NAS
SFO,1,14920,-2.4,-8.6,2702,31.1,23.29,1446,148.0,138.13,DELAY_LATE_AIRCRAFT|DELAY_CARRIER|CANC_CARRIER
SFO,2,13686,-1.97,-10.29,3252,31.44,22.27,1928,158.73,150.3,DELAY_LATE_AIRCRAFT|DELAY_CARRIER|DELAY_NAS
SFO,3,15236,-1.85,-7.38,4192,32.84,26.58,2126,136.45,129.77,DELAY_LATE_AIRCRAFT|DELAY_NAS|DELAY_CARRIER
SFO,4,14920,-1.92,-11.34,3906,32.37,24.11,2208,130.06,121.17,DELAY_LATE_AIRCRAFT|DELAY_NAS|DELAY_CARRIER
SFO,5,15574,-1.76,-11.37,4162,32.54,22.01,1964,133.82,123.3,DELAY_LATE_AIRCRAFT|DELAY_CARRIER|DELAY_NAS
SFO,6,15112,-1.89,-12.01,3340,31.49,22.71,1850,142.67,132.62,DELAY_LATE_AIRCRAFT|DELAY_CARRIER|DELAY_NAS
SFO,7,17594,-2.24,-7.77,3428,31.26,24.72,1998,148.73,142.09,DELAY_LATE_AIRCRAFT|DELAY_CARRIER|DELAY_NAS
SFO,8,18734,-2.17,-8.25,3406,31.82,24.88,1632,138.95,131.58,DELAY_LATE_AIRCRAFT|DELAY_CARRIER|DELAY_NAS
SFO,9,19532,-3.11,-7.8,2774,31.47,26.95,1098,151.52,146.26,DELAY_LATE_AIRCRAFT|DELAY_CARRIER|DELAY_NAS
SFO,10,20968,-3.01,-9.32,2796,30.62,24.45,1238,138.53,131.85,DELAY_LATE_AIRCRAFT|DELAY_CARRIER|DELAY_NAS
SFO,11,18878,-2.88,-10.17,3158,31.36,22.99,1984,138.86,131.85,DELAY_LATE_AIRCRAFT|DELAY_CARRIER|DELAY_NAS
SFO,12,18570,-2.19,-8.82,3460,32.2,24.39,1920,137.49,129.98,DELAY_LATE_AIRCRAFT|DELAY_CARRIER|DELAY_NAS
SGF,1,824,-2.7,-6.43,168,30.77,36.93,156,241.6,258.49,DELAY_NAS|DELAY_LATE_AIRCRAFT|DELAY_CARRIER
SGF,2,948,-3.83,-9.78,104,27.81,17.75,42,93.57,84.71,DELAY_CARRIER|DELAY_NAS|DELAY_LATE_AIRCRAFT
SGF,3,1026,-3.67,-9.37,120,30.38,21.63,94,155.11,151.66,DELAY_LATE_AIRCRAFT|DELAY_NAS|DELAY_CARRIER
SGF,4,1060,-3.25,-8.47,148,29.16,27.55,102,193.29,197.78,DELAY_LATE_AIRCRAFT|DELAY_NAS|DELAY_CARRIER
SGF,5,1002,-1.77,-5.41,230,31.24,31.58,188,164.29,166.93,DELAY_LATE_AIRCRAFT|DELAY_CARRIER|DELAY_NAS
SGF,6,1292,-3.17,-7.7,294,30.72,25.4,174,164.2,162.44,DELAY_LATE_AIRCRAFT|DELAY_CARRIER|DELAY_NAS
SGF,7,1256,-2.18,-5.37,276,29.5,26.43,208,159.43,158.5,DELAY_LATE_AIRCRAFT|DELAY_CARRIER|DELAY_NAS
SGF,8,1414,-3.21,-7.7,248,31.99,27.81,154,181.82,176.1,DELAY_LATE_AIRCRAFT|DELAY_CARRIER|DELAY_NAS
SGF,9,1482,-4.12,-8.99,200,29.46,26.77,110,157.13,153.98,DELAY_LATE_AIRCRAFT|DELAY_CARRIER|DELAY_NAS
SGF,10,1534,-3.94,-8.66,176,28.92,21.75,80,216.25,207.0,DELAY_CARRIER|DELAY_LATE_AIRCRAFT|DELAY_NAS
SGF,11,1308,-3.62,-8.12,152,30.71,26.95,96,160.62,160.02,DELAY_CARRIER|DELAY_LATE_AIRCRAFT|DELAY_NAS
SGF,12,1216,-2.0,-6.21,276,32.4,28.11,150,186.08,182.72,DELAY_LATE_AIRCRAFT|DELAY_CARRIER|DELAY_NAS
SGU,1,366,-6.11,-7.56,36,30.61,28.17,12,175.5,167.83,DELAY_CARRIER|DELAY_NAS|DELAY_LATE_AIRCRAFT
SGU,2,340,-5.81,-7.52,32,28.81,25.94,16,202.0,199.25,DELAY_CARRIER|DELAY_NAS|DELAY_LATE_AIRCRAFT
SGU,3,420,-6.56,-11.2,14,28.14,18.29,10,160.2,165.2,DELAY_CARRIER|DELAY_WEATHER|CANC_WEATHER
SGU,4,462,-5.73,-9.8,28,31.29,32.43,18,325.89,324.89,DELAY_CARRIER|DELAY_NAS|DELAY_WEATHER
SGU,5,416,-4.87,-10.13,22,31.36,24.64,20,177.5,175.7,DELAY_CARRIER|DELAY_WEATHER|DELAY_NAS
SGU,6,356,-5.8,-10.47,26,39.38,32.15,26,166.0,158.62,DELAY_CARRIER|DELAY_WEATHER|DELAY_LATE_AIRCRAFT
SGU,7,396,-6.63,-12.82,44,37.5,31.86,28,147.36,137.57,DELAY_CARRIER|DELAY_WEATHER|DELAY_LATE_AIRCRAFT
SGU,8,402,-6.54,-13.95,34,36.41,31.47,34,364.94,362.0,DELAY_CARRIER|DELAY_WEATHER|DELAY_LATE_AIRCRAFT
SGU,9,508,-7.13,-11.98,12,23.0,25.33,10,151.4,141.4,DELAY_CARRIER|DELAY_NAS|DELAY_LATE_AIRCRAFT
SGU,10,618,-7.61,-14.48,52,29.54,26.31,26,145.15,140.46,DELAY_CARRIER|DELAY_NAS|DELAY_LATE_AIRCRAFT
SGU,11,532,-6.84,-16.21,32,33.31,28.06,48,156.92,150.25,DELAY_CARRIER|DELAY_LATE_AIRCRAFT|DELAY_WEATHER
SGU,12,560,-6.46,-15.35,30,36.4,26.67,32,212.31,207.88,DELAY_CARRIER|DELAY_LATE_AIRCRAFT|DELAY_NAS
SHR,1,94,-6.74,-17.74,6,20.0,5.0,12,178.67,168.0,CANC_WEATHER|DELAY_CARRIER|DELAY_LATE_AIRCRAFT
SHR,2,100,-8.06,-17.74,4,35.5,67.0,4,108.5,118.0,CANC_WEATHER|DELAY_CARRIER|DELAY_NAS
SHR,3,116,-7.84,-17.31,2,23.0,3.0,2,112.0,138.0,CANC_WEATHER|DELAY_NAS|DELAY_LATE_AIRCRAFT
SHR,4,118,-8.27,-2.73,0,,,2,403.0,412.0,DELAY_CARRIER
SHR,5,110,-8.44,-7.71,8,32.5,25.25,4,220.0,220.5,DELAY_CARRIER|DELAY_LATE_AIRCRAFT|CANC_WEATHER
SHR,6,108,-7.07,-6.0,6,41.0,38.33,6,214.67,211.33,DELAY_CARRIER|DELAY_LATE_AIRCRAFT
SHR,7,106,-8.34,-6.43,8,45.0,44.5,10,138.4,137.6,DELAY_CARRIER|DELAY_LATE_AIRCRAFT
SHR,8,112,-7.3,-4.91,4,39.5,39.0,6,247.0,261.0,DELAY_NAS|DELAY_CARRIER|DELAY_LATE_AIRCRAFT
SHR,9,110,-6.58,-4.55,4,28.0,25.0,6,259.0,258.0,DELAY_CARRIER
SHR,10,114,-8.16,-5.0,4,34.0,35.5,6,260.67,254.0,DELAY_CARRIER|DELAY_LATE_AIRCRAFT|DELAY_NAS
SHR,11,106,-8.02,-8.17,4,47.0,53.0,4,140.5,134.0,DELAY_CARRIER|CANC_WEATHER
SHR,12,118,-9.08,-12.93,4,18.0,5.5,2,261.0,271.0,DELAY_CARRIER|DELAY_LATE_AIRCRAFT
SHV,1,456,-4.13,-4.93,52,33.81,30.88,52,276.15,280.19,DELAY_LATE_AIRCRAFT|CANC_WEATHER|DELAY_NAS
SHV,2,508,-5.05,-6.51,42,30.38,28.19,20,124.5,118.1,DELAY_LATE_AIRCRAFT|DELAY_NAS|DELAY_CARRIER
SHV,3,548,-4.7,-9.93,64,29.09,23.59,36,139.17,141.61,DELAY_LATE_AIRCRAFT|DELAY_NAS|DELAY_CARRIER
SHV,4,534,-3.28,-8.93,58,27.76,21.55,50,258.32,261.6,DELAY_LATE_AIRCRAFT|DELAY_NAS|CANC_WEATHER
SHV,5,480,-2.26,-6.71,98,31.16,29.92,88,170.09,170.32,DELAY_LATE_AIRCRAFT|DELAY_CARRIER|DELAY_NAS
SHV,6,616,-4.14,-9.5,104,36.42,34.17,70,149.03,145.83,DELAY_LATE_AIRCRAFT|DELAY_CARRIER|DELAY_WEATHER
SHV,7,534,-3.19,-8.6,142,33.7,33.37,104,198.25,191.06,DELAY_LATE_AIRCRAFT|DELAY_CARRIER|DELAY_NAS
SHV,8,690,-4.73,-10.17,68,35.0,29.38,50,154.72,152.8,DELAY_LATE_AIRCRAFT|DELAY_CARRIER|DELAY_NAS
SHV,9,664,-5.04,-10.27,62,32.48,29.87,48,151.92,146.08,DELAY_LATE_AIRCRAFT|DELAY_CARRIER|DELAY_NAS
SHV,10,742,-4.79,-11.11,78,31.69,21.82,16,125.88,120.38,DELAY_LATE_AIRCRAFT|DELAY_CARRIER|DELAY_NAS
SHV,11,754,-5.1,-10.99,50,27.16,21.48,24,189.42,191.33,DELAY_CARRIER|DELAY_NAS|DELAY_LATE_AIRCRAFT
SHV,12,704,-2.8,-8.21,110,31.36,27.09,78,190.72,188.41,DELAY_CARRIER|DELAY_LATE_AIRCRAFT|DELAY_NAS
SIT,1,134,-12.72,-14.42,30,27.67,31.8,8,189.0,197.0,DELAY_LATE_AIRCRAFT|DELAY_CARRIER|CANC_CARRIER
SIT,2,154,-14.14,-14.03,12,34.33,31.5,6,132.33,137.67,DELAY_LATE_AIRCRAFT|DELAY_CARRIER|DELAY_NAS
SIT,3,160,-11.1,-11.41,16,33.12,35.38,2,71.0,77.0,DELAY_LATE_AIRCRAFT|CANC_CARRIER|DELAY_NAS
SIT,4,162,-10.96,-11.78,12,33.83,40.83,4,106.5,108.5,DELAY_CARRIER|DELAY_LATE_AIRCRAFT|DELAY_NAS
SIT,5,218,-9.46,-10.31,24,26.25,21.42,4,173.0,177.0,DELAY_LATE_AIRCRAFT|DELAY_CARRIER|DELAY_NAS
SIT,6,292,-10.29,-8.42,26,34.15,36.23,22,207.27,201.64,DELAY_CARRIER|DELAY_LATE_AIRCRAFT|DELAY_NAS
SIT,7,318,-8.35,-8.53,36,36.11,32.78,16,272.5,272.88,DELAY_LATE_AIRCRAFT|DELAY_CARRIER|DELAY_NAS
SIT,8,264,-7.55,-7.7,40,32.7,29.65,28,192.86,186.14,DELAY_LATE_AIRCRAFT|DELAY_CARRIER|DELAY_WEATHER
SIT,9,222,-9.82,-9.67,24,30.25,32.08,6,119.33,113.33,DELAY_LATE_AIRCRAFT|DELAY_CARRIER|DELAY_NAS
SIT,10,160,-12.07,-13.51,16,40.25,40.12,6,111.33,108.67,DELAY_LATE_AIRCRAFT|DELAY_WEATHER|CANC_CARRIER
SIT,11,158,-11.48,-11.87,16,31.62,35.25,2,113.0,109.0,DELAY_LATE_AIRCRAFT|DELAY_CARRIER|DELAY_NAS
SIT,12,160,-10.75,-10.06,8,38.0,49.5,8,126.0,117.75,DELAY_NAS|DELAY_LATE_AIRCRAFT|DELAY_WEATHER
SJC,1,6310,-3.01,-8.8,888,30.76,24.26,310,121.86,114.31,DELAY_LATE_AIRCRAFT|DELAY_CARRIER|DELAY_NAS
SJC,2,6076,-2.87,-9.71,712,30.92,23.42,248,127.04,120.41,DELAY_LATE_AIRCRAFT|DELAY_CARRIER|DELAY_NAS
SJC,3,6698,-2.58,-7.24,806,30.69,23.99,336,119.48,115.96,DELAY_LATE_AIRCRAFT|DELAY_CARRIER|DELAY_NAS
SJC,4,6796,-2.83,-7.66,778,30.05,23.88,272,132.04,126.18,DELAY_LATE_AIRCRAFT|DELAY_CARRIER|DELAY_NAS
SJC,5,6934,-2.67,-7.84,1000,30.93,25.51,378,125.04,118.1,DELAY_LATE_AIRCRAFT|DELAY_CARRIER|DELAY_NAS
SJC,6,6966,-1.9,-6.52,1256,29.72,25.11,502,116.69,111.63,DELAY_LATE_AIRCRAFT|DELAY_CARRIER|DELAY_NAS
SJC,7,7254,-2.3,-6.18,1066,30.62,26.32,582,126.53,122.51,DELAY_LATE_AIRCRAFT|DELAY_CARRIER|DELAY_NAS
SJC,8,7844,-3.27,-7.9,978,29.79,24.81,338,133.1,127.32,DELAY_LATE_AIRCRAFT|DELAY_NAS|DELAY_CARRIER
SJC,9,7660,-3.77,-7.69,906,31.12,27.43,304,111.7,106.51,DELAY_LATE_AIRCRAFT|DELAY_NAS|DELAY_CARRIER
SJC,10,7712,-3.61,-9.26,972,30.84,24.16,436,127.95,124.6,DELAY_LATE_AIRCRAFT|DELAY_NAS|DELAY_CARRIER
SJC,11,7352,-3.47,-10.44,796,28.79,19.7,286,108.72,101.69,DELAY_LATE_AIRCRAFT|DELAY_CARRIER|DELAY_NAS
SJC,12,6744,-2.66,-9.37,998,30.61,24.08,462,130.26,125.23,DELAY_LATE_AIRCRAFT|DELAY_CARRIER|DELAY_NAS
SJT,1,132,-7.06,-9.45,36,30.11,29.94,14,401.57,396.71,DELAY_LATE_AIRCRAFT|DELAY_WEATHER|DELAY_CARRIER
SJT,2,158,-6.08,-10.37,6,29.0,24.0,10,121.0,119.6,DELAY_LATE_AIRCRAFT|DELAY_NAS|DELAY_CARRIER
SJT,3,162,-6.23,-10.74,14,27.0,23.86,8,89.0,83.0,DELAY_LATE_AIRCRAFT|DELAY_NAS|CANC_WEATHER
SJT,4,142,-5.1,-9.61,16,33.75,27.5,18,127.33,127.22,DELAY_LATE_AIRCRAFT|DELAY_CARRIER|CANC_NAS
SJT,5,128,-5.19,-8.2,16,36.75,41.62,28,219.29,218.14,DELAY_CARRIER|DELAY_LATE_AIRCRAFT|CANC_WEATHER
SJT,6,136,-5.63,-6.1,26,29.23,34.0,12,149.33,152.83,DELAY_CARRIER|DELAY_LATE_AIRCRAFT|DELAY_NAS
SJT,7,146,-4.66,-2.75,16,35.62,31.62,22,136.18,133.36,DELAY_CARRIER|DELAY_NAS|DELAY_LATE_AIRCRAFT
SJT,8,162,-6.01,-6.37,8,28.5,31.0,12,136.67,134.0,DELAY_LATE_AIRCRAFT|DELAY_CARRIER|DELAY_NAS
SJT,9,150,-5.63,-2.19,18,29.67,31.33,10,219.4,213.2,DELAY_CARRIER|DELAY_LATE_AIRCRAFT|DELAY_NAS
SJT,10,164,-5.23,-6.45,16,31.88,26.88,4,98.5,91.5,DELAY_NAS|DELAY_CARRIER|DELAY_LATE_AIRCRAFT
SJT,11,142,-5.46,-4.31,14,29.71,39.71,16,147.62,142.62,DELAY_CARRIER|DELAY_LATE_AIRCRAFT|DELAY_WEATHER
SJT,12,142,-4.52,-11.32,18,30.22,33.89,12,97.5,81.0,DELAY_CARRIER|CANC_WEATHER|DELAY_WEATHER
SJU,1,4336,-2.93,-6.51,1026,31.78,28.85,614,166.63,163.11,DELAY_LATE_AIRCRAFT|DELAY_CARRIER|DELAY_NAS
SJU,2,3998,-3.43,-3.66,722,31.99,28.45,426,179.61,175.98,DELAY_LATE_AIRCRAFT|DELAY_NAS|DELAY_CARRIER
SJU,3,4266,-2.57,-2.68,1024,31.89,31.13,656,189.08,188.7,DELAY_LATE_AIRCRAFT|DELAY_NAS|DELAY_CARRIER
SJU,4,4690,-3.68,-7.12,672,30.85,26.07,396,171.72,166.29,DELAY_LATE_AIRCRAFT|DELAY_NAS|DELAY_CARRIER
SJU,5,4624,-3.1,-7.0,906,31.46,28.75,552,200.36,193.91,DELAY_LATE_AIRCRAFT|DELAY_NAS|DELAY_CARRIER
SJU,6,4790,-2.66,-6.58,1164,31.58,28.23,686,176.13,172.23,DELAY_LATE_AIRCRAFT|DELAY_NAS|DELAY_CARRIER
SJU,7,4920,-2.15,-7.02,1236,33.37,27.75,814,165.95,159.9,DELAY_LATE_AIRCRAFT|DELAY_CARRIER|DELAY_NAS
SJU,8,3988,-2.58,-7.75,1056,33.08,25.98,816,160.78,156.93,DELAY_LATE_AIRCRAFT|DELAY_CARRIER|DELAY_NAS
SJU,9,3464,-3.58,-10.2,380,29.92,21.11,254,154.03,144.07,DELAY_LATE_AIRCRAFT|DELAY_CARRIER|DELAY_NAS
SJU,10,3782,-4.22,-10.26,520,30.39,22.23,220,175.85,167.25,DELAY_LATE_AIRCRAFT|DELAY_CARRIER|DELAY_NAS
SJU,11,4602,-3.64,-11.59,698,31.56,23.71,322,159.2,151.81,DELAY_LATE_AIRCRAFT|DELAY_CARRIER|DELAY_NAS
SJU,12,5236,-4.01,-7.48,1182,31.31,26.88,570,157.91,153.81,DELAY_LATE_AIRCRAFT|DELAY_CARRIER|DELAY_NAS
SLC,1,14842,-2.32,-7.35,2488,31.32,26.33,1320,165.74,161.5,DELAY_CARRIER|DELAY_NAS|DELAY_LATE_AIRCRAFT
SLC,2,14968,-2.99,-9.98,1714,28.89,22.01,690,134.52,129.14,DELAY_CARRIER|DELAY_NAS|DELAY_LATE_AIRCRAFT
SLC,3,16170,-2.66,-8.06,2128,30.81,27.56,1024,148.66,146.2,DELAY_CARRIER|DELAY_NAS|DELAY_LATE_AIRCRAFT
SLC,4,15824,-3.46,-8.99,1846,31.55,26.04,936,134.07,129.67,DELAY_CARRIER|DELAY_LATE_AIRCRAFT|DELAY_NAS
SLC,5,15732,-2.77,-7.88,2278,31.47,25.77,1108,133.07,129.66,DELAY_CARRIER|DELAY_LATE_AIRCRAFT|DELAY_NAS
SLC,6,15184,-2.62,-7.57,2616,31.76,25.44,1286,155.96,148.98,DELAY_CARRIER|DELAY_LATE_AIRCRAFT|DELAY_NAS
SLC,7,14688,-2.58,-6.94,2684,31.24,26.26,1794,154.23,148.3,DELAY_CARRIER|DELAY_LATE_AIRCRAFT|DELAY_NAS
SLC,8,15652,-2.95,-6.66,2450,31.59,27.28,1326,151.69,146.68,DELAY_CARRIER|DELAY_LATE_AIRCRAFT|DELAY_NAS
SLC,9,16128,-3.81,-8.24,1638,30.69,24.86,738,140.27,134.93,DELAY_CARRIER|DELAY_LATE_AIRCRAFT|DELAY_NAS
SLC,10,16806,-4.14,-9.19,1444,31.16,25.02,576,147.94,143.01,DELAY_CARRIER|DELAY_NAS|DELAY_LATE_AIRCRAFT
SLC,11,15572,-4.16,-9.67,1312,30.41,25.0,654,149.24,144.55,DELAY_CARRIER|DELAY_NAS|DELAY_LATE_AIRCRAFT
SLC,12,15642,-3.14,-10.62,2184,31.47,22.78,1058,149.63,142.42,DELAY_CARRIER|DELAY_LATE_AIRCRAFT|DELAY_NAS
SLN,1,84,-8.24,-14.79,12,31.5,26.17,12,145.33,144.33,DELAY_LATE_AIRCRAFT|CANC_WEATHER|DELAY_NAS
SLN,2,104,-10.67,-14.62,8,27.75,25.5,4,64.5,56.0,DELAY_CARRIER|DELAY_LATE_AIRCRAFT|DELAY_WEATHER
SLN,3,104,-9.4,-10.1,6,32.0,34.67,10,139.8,136.8,DELAY_LATE_AIRCRAFT|DELAY_CARRIER|DELAY_NAS
SLN,4,96,-8.62,-14.29,8,48.5,36.25,14,181.29,176.86,DELAY_CARRIER|DELAY_LATE_AIRCRAFT|CANC_WEATHER
SLN,5,74,-6.46,-7.81,10,26.6,21.6,32,243.62,240.69,DELAY_CARRIER|DELAY_LATE_AIRCRAFT|DELAY_NAS
SLN,6,86,-7.79,-14.49,8,41.0,38.5,8,121.5,132.5,DELAY_WEATHER|DELAY_CARRIER|DELAY_LATE_AIRCRAFT
SLN,7,86,-6.05,-14.35,8,29.25,65.75,12,152.67,146.83,DELAY_CARRIER|DELAY_LATE_AIRCRAFT|DELAY_NAS
SLN,8,94,-8.55,-12.3,12,38.67,43.33,12,172.0,164.83,DELAY_LATE_AIRCRAFT|DELAY_CARRIER|CANC_WEATHER
SLN,9,98,-8.57,-13.8,6,31.67,25.0,14,254.86,244.29,DELAY_CARRIER|DELAY_LATE_AIRCRAFT|DELAY_WEATHER
SLN,10,118,-9.03,-11.63,2,16.0,11.0,4,100.5,92.0,DELAY_CARRIER
SLN,11,96,-7.08,-4.88,12,24.67,23.0,8,192.0,197.5,DELAY_CARRIER|CANC_WEATHER|DELAY_LATE_AIRCRAFT
SLN,12,110,-6.62,-5.4,8,42.0,40.0,6,113.0,116.0,DELAY_CARRIER|DELAY_LATE_AIRCRAFT
SMF,1,6802,-2.67,-8.35,948,30.42,23.14,406,128.66,122.23,DELAY_LATE_AIRCRAFT|DELAY_CARRIER|DELAY_NAS
SMF,2,6358,-2.97,-9.17,738,29.4,23.94,286,146.22,142.87,DELAY_LATE_AIRCRAFT|DELAY_CARRIER|DELAY_NAS
SMF,3,7072,-2.29,-6.75,946,30.27,26.2,404,148.84,145.96,DELAY_LATE_AIRCRAFT|DELAY_CARRIER|DELAY_NAS
SMF,4,7232,-2.33,-7.47,1074,31.56,25.59,430,118.54,113.87,DELAY_LATE_AIRCRAFT|DELAY_CARRIER|DELAY_NAS
SMF,5,7354,-1.82,-7.05,1300,30.65,24.41,546,140.76,136.18,DELAY_LATE_AIRCRAFT|DELAY_CARRIER|DELAY_NAS
SMF,6,7332,-1.3,-6.8,1526,30.46,24.2,574,136.44,131.37,DELAY_LATE_AIRCRAFT|DELAY_CARRIER|DELAY_NAS
SMF,7,7678,-1.96,-5.98,1492,31.68,28.18,704,162.78,161.8,DELAY_LATE_AIRCRAFT|DELAY_CARRIER|DELAY_NAS
SMF,8,8312,-2.9,-7.78,1158,30.85,25.5,548,131.07,125.25,DELAY_LATE_AIRCRAFT|DELAY_CARRIER|DELAY_NAS
SMF,9,8310,-3.1,-8.13,992,29.32,24.33,380,136.93,133.11,DELAY_LATE_AIRCRAFT|DELAY_NAS|DELAY_CARRIER
SMF,10,8526,-3.19,-9.61,1042,31.07,25.48,396,134.85,133.12,DELAY_LATE_AIRCRAFT|DELAY_CARRIER|DELAY_NAS
SMF,11,7922,-2.95,-10.03,1022,30.36,22.23,326,139.73,137.33,DELAY_LATE_AIRCRAFT|DELAY_CARRIER|DELAY_NAS
SMF,12,6984,-2.17,-9.08,1360,30.48,23.16,608,156.2,150.61,DELAY_LATE_AIRCRAFT|DELAY_CARRIER|DELAY_NAS
SMX,1,12,-9.5,-6.67,0,,,6,209.0,200.0,DELAY_LATE_AIRCRAFT|DELAY_CARRIER
SMX,2,14,-7.71,-4.86,0,,,4,185.0,184.0,DELAY_LATE_AIRCRAFT|DELAY_NAS
SMX,3,14,5.14,11.29,2,31.0,45.0,2,159.0,184.0,DELAY_LATE_AIRCRAFT|DELAY_NAS
SMX,4,16,-1.12,-0.75,0,,,0,,,N/D
SMX,5,16,-3.5,-3.88,0,,,2,69.0,85.0,DELAY_LATE_AIRCRAFT
SMX,6,12,-0.67,-4.67,4,28.5,23.5,2,67.0,65.0,DELAY_LATE_AIRCRAFT
SMX,7,10,-1.4,-1.8,2,57.0,68.0,4,150.5,150.0,DELAY_LATE_AIRCRAFT|DELAY_CARRIER
SMX,8,12,-7.17,-10.67,2,22.0,33.0,4,93.5,88.0,DELAY_LATE_AIRCRAFT|DELAY_SECURITY
SMX,9,6,-3.33,-16.0,4,44.5,40.5,8,112.75,112.0,DELAY_LATE_AIRCRAFT|DELAY_WEATHER|DELAY_CARRIER
SMX,10,10,0.6,-8.6,2,31.0,39.0,6,513.67,507.33,DELAY_LATE_AIRCRAFT|DELAY_CARRIER|DELAY_NAS
SMX,11,10,-11.8,-18.4,2,16.0,28.0,6,134.33,126.67,DELAY_NAS|DELAY_CARRIER|DELAY_LATE_AIRCRAFT
SMX,12,14,-3.57,-8.0,4,36.5,34.5,0,,,DELAY_LATE_AIRCRAFT
SNA,1,5924,-3.7,-8.52,884,32.36,26.49,384,163.71,158.5,DELAY_LATE_AIRCRAFT|DELAY_NAS|DELAY_CARRIER
SNA,2,5488,-3.29,-11.37,872,30.46,21.86,384,147.77,142.9,DELAY_LATE_AIRCRAFT|DELAY_NAS|DELAY_CARRIER
SNA,3,5918,-3.0,-8.35,1106,31.24,27.84,482,142.58,139.8,DELAY_NAS|DELAY_LATE_AIRCRAFT|DELAY_CARRIER
SNA,4,5728,-3.46,-10.37,982,31.64,25.66,430,151.59,146.94,DELAY_LATE_AIRCRAFT|DELAY_NAS|DELAY_CARRIER
SNA,5,5762,-3.2,-10.24,996,31.63,24.81,520,177.45,169.39,DELAY_LATE_AIRCRAFT|DELAY_NAS|DELAY_CARRIER
SNA,6,5518,-3.05,-9.25,978,31.91,24.57,478,139.94,132.2,DELAY_LATE_AIRCRAFT|DELAY_NAS|DELAY_CARRIER
SNA,7,5702,-3.45,-9.09,926,32.1,25.65,552,180.58,175.61,DELAY_LATE_AIRCRAFT|DELAY_NAS|DELAY_CARRIER
SNA,8,6142,-3.86,-8.42,786,32.21,27.03,404,142.25,139.01,DELAY_LATE_AIRCRAFT|DELAY_NAS|DELAY_CARRIER
SNA,9,6000,-3.82,-9.49,676,30.24,23.76,306,158.19,152.15,DELAY_LATE_AIRCRAFT|DELAY_NAS|DELAY_CARRIER
SNA,10,6272,-4.08,-9.7,748,31.32,24.02,300,151.49,146.23,DELAY_LATE_AIRCRAFT|DELAY_CARRIER|DELAY_NAS
SNA,11,6108,-4.1,-11.37,706,29.33,21.97,290,192.17,187.2,DELAY_LATE_AIRCRAFT|DELAY_NAS|DELAY_CARRIER
SNA,12,5802,-3.67,-9.64,846,30.94,23.63,570,177.94,173.66,DELAY_LATE_AIRCRAFT|DELAY_NAS|DELAY_CARRIER
SPI,1,10,1.2,0.4,10,36.4,36.8,4,97.0,106.5,DELAY_NAS|DELAY_CARRIER|DELAY_LATE_AIRCRAFT
SPI,2,10,4.0,-5.0,6,23.33,19.67,2,71.0,56.0,DELAY_CARRIER|DELAY_LATE_AIRCRAFT|DELAY_NAS
SPI,3,14,0.29,2.57,12,33.5,35.83,2,321.0,314.0,DELAY_NAS|DELAY_CARRIER|DELAY_LATE_AIRCRAFT
SPI,4,14,-2.57,-11.57,2,26.0,7.0,4,208.5,200.0,DELAY_CARRIER|DELAY_LATE_AIRCRAFT
SPI,5,12,-4.67,-13.17,4,22.5,8.5,2,145.0,121.0,DELAY_NAS
SPI,6,10,-3.8,-4.8,2,56.0,38.0,4,153.5,162.0,DELAY_LATE_AIRCRAFT|DELAY_CARRIER
SPI,7,16,3.12,-3.62,0,,,0,,,CANC_CARRIER
SPI,8,6,-9.0,-26.67,2,35.0,142.0,0,,,DELAY_NAS
SPI,10,10,-1.8,-5.4,4,42.0,35.5,2,109.0,215.0,DELAY_NAS|CANC_WEATHER|DELAY_CARRIER
SPI,11,12,-2.33,-2.33,4,40.5,29.5,0,,,DELAY_CARRIER|DELAY_WEATHER
SPI,12,18,-1.44,-8.56,8,27.5,8.25,4,70.5,75.5,DELAY_LATE_AIRCRAFT|DELAY_NAS
SPN,1,60,-14.8,-20.53,2,29.0,28.0,0,,,DELAY_CARRIER
SPN,2,58,-10.69,-15.38,0,,,0,,,N/D
SPN,3,58,-10.9,-15.79,2,29.0,21.0,2,125.0,118.0,DELAY_CARRIER
SPN,4,60,-12.4,-16.97,0,,,0,,,N/D
SPN,5,62,-8.03,-13.71,0,,,0,,,N/D
SPN,6,48,-0.25,-1.54,12,30.83,33.5,0,,,DELAY_CARRIER|DELAY_NAS|DELAY_LATE_AIRCRAFT
SPN,7,54,0.15,-1.78,8,33.25,30.75,0,,,DELAY_CARRIER|DELAY_LATE_AIRCRAFT|DELAY_WEATHER
SPN,8,52,-3.77,-5.0,6,37.67,35.33,4,89.5,97.0,DELAY_LATE_AIRCRAFT
SPN,9,56,-8.21,-8.89,0,,,2,980.0,984.0,CANC_NAS|DELAY_WEATHER
SPN,10,58,-8.97,-11.03,2,23.0,16.0,2,262.0,277.0,DELAY_CARRIER|DELAY_NAS
SPN,11,54,-7.44,-12.07,2,33.0,25.0,2,99.0,94.0,CANC_NAS|DELAY_CARRIER|DELAY_LATE_AIRCRAFT
SPN,12,60,-5.5,-9.13,2,15.0,14.0,0,,,N/D
SPS,1,80,-8.7,-10.45,12,32.67,31.17,22,155.82,152.36,DELAY_CARRIER|DELAY_WEATHER|CANC_WEATHER
SPS,2,106,-7.66,-13.72,6,25.67,32.33,4,166.5,160.5,DELAY_CARRIER|DELAY_NAS|DELAY_WEATHER
SPS,3,108,-6.74,-15.83,10,33.8,31.8,6,224.67,208.33,DELAY_CARRIER|DELAY_WEATHER|DELAY_NAS
SPS,4,92,-7.22,-11.65,8,29.5,23.0,10,205.4,204.8,DELAY_CARRIER|DELAY_WEATHER|CANC_WEATHER
SPS,5,98,-5.1,-6.63,6,44.33,34.67,12,194.17,188.83,DELAY_CARRIER|CANC_WEATHER|DELAY_WEATHER
SPS,6,104,-7.83,-13.65,6,32.33,25.33,8,190.75,187.25,DELAY_WEATHER|DELAY_LATE_AIRCRAFT|CANC_WEATHER
SPS,7,102,-7.98,-8.82,6,38.67,41.67,16,162.88,162.0,DELAY_WEATHER|DELAY_CARRIER|DELAY_NAS
SPS,8,118,-7.69,-11.92,4,29.5,28.5,2,431.0,418.0,DELAY_CARRIER|DELAY_WEATHER
SPS,9,110,-7.65,-9.0,6,33.67,33.33,4,181.5,178.5,DELAY_CARRIER|DELAY_LATE_AIRCRAFT|DELAY_WEATHER
SPS,10,100,-6.9,-13.72,4,31.5,24.5,18,206.0,200.22,DELAY_CARRIER|DELAY_LATE_AIRCRAFT
SPS,11,96,-1.54,-9.98,10,36.6,26.8,8,167.25,157.75,DELAY_CARRIER|DELAY_WEATHER|CANC_WEATHER
SPS,12,102,-2.98,-10.8,14,31.0,34.0,6,122.67,121.67,DELAY_CARRIER|DELAY_LATE_AIRCRAFT|DELAY_NAS
SRQ,1,2352,-4.97,-12.5,416,30.6,22.17,320,173.24,166.03,DELAY_LATE_AIRCRAFT|DELAY_CARRIER|DELAY_NAS
SRQ,2,2648,-5.49,-7.87,274,32.09,24.76,142,172.41,170.0,DELAY_LATE_AIRCRAFT|DELAY_NAS|DELAY_CARRIER
SRQ,3,2982,-4.7,-8.81,478,31.63,24.79,312,173.1,170.49,DELAY_LATE_AIRCRAFT|DELAY_NAS|DELAY_CARRIER
SRQ,4,2670,-4.45,-8.24,290,30.15,26.76,220,167.21,160.83,DELAY_LATE_AIRCRAFT|DELAY_NAS|DELAY_CARRIER
SRQ,5,2042,-3.64,-6.41,350,29.63,31.04,264,166.84,166.72,DELAY_LATE_AIRCRAFT|DELAY_NAS|DELAY_CARRIER
SRQ,6,1830,-4.3,-8.56,268,30.19,24.66,184,203.84,199.96,DELAY_LATE_AIRCRAFT|DELAY_CARRIER|DELAY_NAS
SRQ,7,1632,-4.73,-7.71,354,33.51,30.95,244,182.97,185.75,DELAY_LATE_AIRCRAFT|DELAY_NAS|DELAY_CARRIER
SRQ,8,1476,-4.87,-8.41,238,33.5,31.13,146,155.9,153.08,DELAY_LATE_AIRCRAFT|DELAY_NAS|DELAY_CARRIER
SRQ,9,1440,-6.36,-9.6,118,33.64,26.17,70,154.23,144.83,DELAY_LATE_AIRCRAFT|CANC_WEATHER|DELAY_NAS
SRQ,10,1546,-7.59,-11.19,110,31.84,29.33,76,185.42,179.39,CANC_WEATHER|CANC_NAS|DELAY_LATE_AIRCRAFT
SRQ,11,2290,-6.89,-10.44,202,33.14,30.69,110,151.89,150.69,DELAY_LATE_AIRCRAFT|DELAY_CARRIER|DELAY_NAS
SRQ,12,2386,-5.56,-9.59,418,30.72,27.74,274,215.33,213.16,DELAY_LATE_AIRCRAFT|DELAY_NAS|DELAY_CARRIER
STC,1,26,-3.38,-8.85,6,34.0,39.33,4,576.0,541.0,DELAY_NAS|DELAY_LATE_AIRCRAFT|DELAY_WEATHER
STC,2,32,-9.31,-21.88,4,18.0,-0.5,6,96.67,81.33,DELAY_LATE_AIRCRAFT|DELAY_SECURITY
STC,3,48,-11.88,-24.83,4,16.5,16.0,2,183.0,174.0,DELAY_NAS|DELAY_WEATHER
STC,4,30,-11.73,-25.87,0,,,0,,,N/D
STC,5,18,-6.56,-6.11,0,,,0,,,DELAY_NAS
STC,6,16,-6.38,-12.5,0,,,0,,,N/D
STC,7,16,-2.88,-20.62,0,,,0,,,CANC_CARRIER
STC,8,6,-5.67,-22.33,2,33.0,13.0,0,,,N/D
STC,10,14,1.14,-13.14,4,36.5,21.5,0,,,DELAY_CARRIER
STC,11,20,-0.7,-11.5,4,23.0,15.0,0,,,DELAY_CARRIER|DELAY_NAS
STC,12,18,3.89,-22.78,10,24.0,6.4,4,189.0,190.0,CANC_WEATHER|DELAY_CARRIER|DELAY_LATE_AIRCRAFT
STL,1,7044,-1.99,-6.67,1666,30.5,28.42,692,149.34,152.32,DELAY_LATE_AIRCRAFT|DELAY_CARRIER|DELAY_NAS
STL,2,7782,-2.95,-8.67,1012,29.16,25.65,362,147.06,143.13,DELAY_LATE_AIRCRAFT|DELAY_NAS|DELAY_CARRIER
STL,3,8388,-2.24,-8.6,1758,30.47,24.79,652,147.59,145.55,DELAY_LATE_AIRCRAFT|DELAY_CARRIER|DELAY_NAS
STL,4,8646,-2.19,-7.97,1466,29.95,24.71,686,138.1,134.59,DELAY_LATE_AIRCRAFT|DELAY_CARRIER|DELAY_NAS
STL,5,7916,-1.01,-5.48,2142,30.69,27.63,1118,147.94,147.04,DELAY_LATE_AIRCRAFT|DELAY_CARRIER|DELAY_NAS
STL,6,8572,-1.08,-6.54,2128,30.16,25.42,840,132.25,128.78,DELAY_LATE_AIRCRAFT|DELAY_CARRIER|DELAY_NAS
STL,7,7860,-0.78,-5.9,2668,30.5,27.09,1278,149.57,146.12,DELAY_LATE_AIRCRAFT|DELAY_CARRIER|DELAY_NAS
STL,8,9016,-2.39,-8.46,1570,29.88,24.51,700,145.48,141.6,DELAY_LATE_AIRCRAFT|DELAY_CARRIER|DELAY_NAS
STL,9,9482,-2.95,-8.86,1140,29.24,22.99,314,137.45,131.06,DELAY_LATE_AIRCRAFT|DELAY_CARRIER|DELAY_NAS
STL,10,9914,-3.08,-10.66,1152,29.57,22.05,352,136.2,127.71,DELAY_LATE_AIRCRAFT|DELAY_CARRIER|DELAY_NAS
STL,11,9046,-3.09,-10.4,1104,29.86,24.79,356,149.73,145.99,DELAY_LATE_AIRCRAFT|DELAY_NAS|DELAY_CARRIER
STL,12,8308,-1.5,-9.41,1766,30.04,20.85,638,140.44,135.69,DELAY_LATE_AIRCRAFT|DELAY_CARRIER|DELAY_NAS
STS,1,392,-4.58,-5.62,60,27.8,21.47,40,127.35,119.65,DELAY_LATE_AIRCRAFT|DELAY_NAS|DELAY_WEATHER
STS,2,386,-3.96,-4.11,32,29.19,28.44,44,119.14,120.14,DELAY_LATE_AIRCRAFT|DELAY_NAS|DELAY_CARRIER
STS,3,480,-4.52,-1.46,60,31.3,36.5,18,90.44,95.11,DELAY_CARRIER|DELAY_LATE_AIRCRAFT|DELAY_NAS
STS,4,454,-4.0,-2.04,54,30.07,33.85,22,121.0,124.18,DELAY_LATE_AIRCRAFT|DELAY_NAS|DELAY_CARRIER
STS,5,400,-3.23,0.21,52,25.62,24.69,28,252.43,264.07,DELAY_LATE_AIRCRAFT|DELAY_CARRIER|DELAY_NAS
STS,6,436,-2.0,-0.02,90,29.16,29.24,44,211.77,211.45,DELAY_LATE_AIRCRAFT|DELAY_NAS|DELAY_CARRIER
STS,7,528,-3.04,-1.8,60,28.53,32.27,48,135.29,135.62,DELAY_LATE_AIRCRAFT|DELAY_CARRIER|DELAY_NAS
STS,8,562,-3.21,-2.63,86,31.95,33.14,26,89.69,94.77,DELAY_LATE_AIRCRAFT|DELAY_CARRIER|DELAY_NAS
STS,9,574,-3.83,-3.91,72,28.42,32.61,42,98.95,98.57,DELAY_LATE_AIRCRAFT|DELAY_NAS|DELAY_CARRIER
STS,10,560,-3.62,-3.2,88,32.98,34.66,44,167.73,171.09,DELAY_LATE_AIRCRAFT|DELAY_CARRIER|DELAY_NAS
STS,11,578,-2.6,-1.46,140,31.71,28.89,66,128.58,128.67,DELAY_LATE_AIRCRAFT|DELAY_CARRIER|DELAY_NAS
STS,12,574,-3.4,-2.76,118,32.58,30.98,70,133.03,133.74,DELAY_LATE_AIRCRAFT|DELAY_CARRIER|DELAY_NAS
STT,1,886,-7.01,-6.04,122,33.74,37.49,74,186.86,187.51,DELAY_LATE_AIRCRAFT|DELAY_NAS|DELAY_CARRIER
STT,2,770,-7.65,-4.03,130,29.92,29.88,94,222.6,220.68,DELAY_LATE_AIRCRAFT|DELAY_NAS|DELAY_CARRIER
STT,3,940,-6.07,-4.0,138,31.58,32.14,104,391.29,395.6,DELAY_LATE_AIRCRAFT|DELAY_NAS|DELAY_CARRIER
STT,4,828,-5.85,-6.67,148,31.74,29.38,80,157.43,152.7,DELAY_LATE_AIRCRAFT|DELAY_NAS|DELAY_CARRIER
STT,5,788,-4.52,-5.59,164,31.8,29.27,98,248.96,246.98,DELAY_LATE_AIRCRAFT|DELAY_NAS|DELAY_CARRIER
STT,6,704,-5.2,-10.26,188,31.48,26.91,96,134.02,133.06,DELAY_LATE_AIRCRAFT|DELAY_NAS|DELAY_CARRIER
STT,7,682,-4.66,-7.63,162,31.41,27.79,100,230.2,231.5,DELAY_LATE_AIRCRAFT|DELAY_NAS|DELAY_CARRIER
STT,8,566,-7.15,-11.53,124,30.85,33.16,102,192.1,184.75,DELAY_LATE_AIRCRAFT|DELAY_NAS|DELAY_CARRIER
STT,9,390,-9.14,-17.5,38,30.47,25.79,28,220.0,219.64,DELAY_LATE_AIRCRAFT|DELAY_CARRIER|DELAY_NAS
STT,10,454,-9.04,-16.98,58,29.93,19.52,36,225.89,217.56,DELAY_LATE_AIRCRAFT|DELAY_CARRIER|DELAY_NAS
STT,11,628,-7.62,-17.55,56,31.71,24.21,44,170.68,163.59,DELAY_LATE_AIRCRAFT|DELAY_CARRIER|DELAY_NAS
STT,12,774,-7.71,-17.24,140,33.29,24.24,44,225.27,216.64,DELAY_LATE_AIRCRAFT|DELAY_NAS|DELAY_CARRIER
STX,1,216,-7.96,-5.55,52,29.69,33.35,22,388.27,388.82,DELAY_LATE_AIRCRAFT|DELAY_NAS|DELAY_SECURITY
STX,2,228,-8.89,-4.5,24,31.42,40.25,20,99.3,103.6,DELAY_NAS|DELAY_LATE_AIRCRAFT|DELAY_CARRIER
STX,3,238,-5.96,-1.37,32,35.25,32.31,30,510.53,516.73,DELAY_NAS|DELAY_LATE_AIRCRAFT|DELAY_CARRIER
STX,4,164,-7.95,-3.82,30,32.0,33.13,18,129.67,129.67,DELAY_NAS|DELAY_LATE_AIRCRAFT|CANC_NAS
STX,5,158,-6.35,-7.82,26,29.46,26.62,20,127.8,122.9,DELAY_LATE_AIRCRAFT|DELAY_NAS|DELAY_CARRIER
STX,6,118,-3.58,-3.15,54,35.93,33.59,36,293.39,293.94,DELAY_LATE_AIRCRAFT|DELAY_NAS|DELAY_CARRIER
STX,7,108,-4.2,-6.15,44,33.64,30.55,18,114.22,107.56,DELAY_LATE_AIRCRAFT|DELAY_CARRIER|DELAY_NAS
STX,8,62,-3.0,-4.55,42,35.33,32.76,10,97.2,95.8,DELAY_LATE_AIRCRAFT|DELAY_NAS|DELAY_CARRIER
STX,9,72,-7.72,-12.25,20,27.9,19.4,2,62.0,68.0,DELAY_LATE_AIRCRAFT|DELAY_CARRIER|DELAY_NAS
STX,10,70,-8.37,-14.54,12,28.0,20.0,10,597.6,585.6,DELAY_LATE_AIRCRAFT|DELAY_CARRIER|DELAY_NAS
STX,11,112,-5.75,-13.04,30,27.47,18.67,8,93.0,98.25,DELAY_LATE_AIRCRAFT|DELAY_CARRIER|DELAY_NAS
STX,12,190,-5.24,-8.66,34,29.0,24.12,28,281.79,272.43,DELAY_LATE_AIRCRAFT|DELAY_CARRIER|DELAY_NAS
SUN,1,422,-6.68,-10.22,32,30.0,32.44,64,266.03,265.94,DELAY_LATE_AIRCRAFT|DELAY_WEATHER|DELAY_CARRIER
SUN,2,364,-6.96,-8.45,36,34.39,34.0,34,293.65,297.53,DELAY_CARRIER|DELAY_LATE_AIRCRAFT|DELAY_NAS
SUN,3,368,-5.9,-9.42,54,34.3,33.59,24,218.75,216.0,DELAY_NAS|DELAY_LATE_AIRCRAFT|CANC_WEATHER
SUN,4,184,-8.42,-12.49,4,38.0,24.0,10,174.4,183.8,DELAY_CARRIER|DELAY_WEATHER|DELAY_LATE_AIRCRAFT
SUN,5,206,-9.34,-12.01,4,49.5,48.5,6,104.0,101.0,DELAY_CARRIER|DELAY_NAS
SUN,6,280,-8.67,-12.57,10,28.4,35.2,12,151.5,140.0,DELAY_CARRIER|DELAY_LATE_AIRCRAFT|DELAY_NAS
SUN,7,340,-6.21,-14.02,22,38.91,37.18,24,189.92,182.5,DELAY_CARRIER|DELAY_NAS|DELAY_LATE_AIRCRAFT
SUN,8,324,-7.6,-11.07,32,37.19,34.5,32,257.81,253.0,DELAY_CARRIER|DELAY_NAS|DELAY_WEATHER
SUN,9,258,-8.79,-13.02,6,49.67,42.0,10,262.6,270.6,DELAY_CARRIER|DELAY_NAS
SUN,10,208,-8.21,-15.09,6,34.0,25.0,4,102.0,107.0,DELAY_CARRIER|DELAY_LATE_AIRCRAFT|DELAY_NAS
SUN,11,174,-8.39,-12.52,0,,,2,102.0,95.0,DELAY_CARRIER|CANC_WEATHER
SUN,12,346,-7.24,-12.09,28,33.5,41.07,24,151.25,156.0,DELAY_CARRIER|DELAY_NAS|DELAY_WEATHER
SUX,1,80,-3.8,-23.38,12,29.0,24.17,16,181.0,166.5,CANC_WEATHER|DELAY_LATE_AIRCRAFT|DELAY_CARRIER
SUX,2,100,-5.62,-20.56,8,32.75,25.25,6,244.0,234.67,DELAY_CARRIER|DELAY_LATE_AIRCRAFT
SUX,3,104,-5.33,-16.17,8,41.25,27.25,10,163.2,152.6,DELAY_CARRIER|DELAY_LATE_AIRCRAFT|CANC_WEATHER
SUX,4,112,-7.14,-14.5,2,15.0,-6.0,6,75.0,66.67,DELAY_CARRIER|DELAY_LATE_AIRCRAFT|DELAY_NAS
SUX,5,82,-5.24,-8.46,18,27.89,31.78,22,270.36,263.09,DELAY_CARRIER|DELAY_LATE_AIRCRAFT|DELAY_NAS
SUX,6,98,-3.78,-7.08,12,34.33,31.83,10,173.6,188.6,DELAY_CARRIER|DELAY_WEATHER|DELAY_NAS
SUX,7,90,-4.87,-8.02,14,38.14,37.57,20,274.8,264.6,DELAY_CARRIER|DELAY_LATE_AIRCRAFT|DELAY_NAS
SUX,8,96,-6.81,-5.77,16,28.75,28.88,12,151.83,150.5,DELAY_CARRIER|DELAY_NAS|DELAY_LATE_AIRCRAFT
SUX,9,102,-5.47,-2.31,6,23.33,20.0,12,235.33,234.17,DELAY_CARRIER|DELAY_LATE_AIRCRAFT|DELAY_NAS
SUX,10,100,-6.72,-3.34,16,26.38,28.5,8,317.5,307.0,DELAY_CARRIER|DELAY_LATE_AIRCRAFT|DELAY_NAS
SUX,11,100,-7.18,-1.46,4,29.0,57.5,10,172.8,174.4,DELAY_CARRIER|DELAY_NAS|CANC_WEATHER
SUX,12,106,-6.62,-0.6,6,35.33,23.67,6,265.33,254.0,DELAY_CARRIER|CANC_WEATHER|DELAY_WEATHER
SWF,1,48,-9.58,-10.25,6,43.33,35.67,6,465.0,493.0,DELAY_NAS|DELAY_LATE_AIRCRAFT|DELAY_CARRIER
SWF,2,50,-6.04,-23.92,4,43.0,37.5,6,398.33,386.33,DELAY_LATE_AIRCRAFT|DELAY_CARRIER
SWF,3,54,-5.67,-19.85,14,36.14,29.86,4,78.5,81.0,DELAY_NAS|DELAY_LATE_AIRCRAFT|DELAY_CARRIER
SWF,4,56,-5.46,-20.5,10,21.4,4.2,2,210.0,218.0,DELAY_NAS|DELAY_LATE_AIRCRAFT
SWF,5,42,-8.71,-15.33,12,27.67,25.67,4,107.0,110.5,DELAY_LATE_AIRCRAFT|DELAY_CARRIER|DELAY_NAS
SWF,6,44,-5.14,-14.5,12,24.83,26.33,10,131.8,131.0,DELAY_LATE_AIRCRAFT|DELAY_CARRIER|DELAY_WEATHER
SWF,7,60,-5.03,-1.83,14,23.0,20.43,20,163.2,161.4,DELAY_LATE_AIRCRAFT|DELAY_NAS|DELAY_CARRIER
SWF,8,48,-5.79,-11.46,12,21.33,11.17,14,285.29,287.71,DELAY_LATE_AIRCRAFT|DELAY_NAS|DELAY_WEATHER
SWF,9,28,-8.64,-13.0,2,27.0,-5.0,6,286.33,277.33,DELAY_CARRIER|CANC_WEATHER|DELAY_LATE_AIRCRAFT
SWF,10,50,-9.04,-18.52,10,27.0,22.6,4,131.5,127.0,DELAY_LATE_AIRCRAFT|CANC_WEATHER|DELAY_CARRIER
SWF,11,60,-11.0,-24.43,10,25.2,21.8,2,103.0,88.0,DELAY_CARRIER|DELAY_LATE_AIRCRAFT|DELAY_NAS
SWF,12,92,-7.91,-21.28,4,41.0,38.5,14,113.71,102.14,DELAY_LATE_AIRCRAFT|DELAY_CARRIER|DELAY_NAS
SWO,1,98,-7.63,-17.39,4,26.5,26.5,12,273.5,279.33,CANC_WEATHER|DELAY_WEATHER|DELAY_CARRIER
SWO,2,108,-6.72,-16.72,4,41.5,49.0,4,141.5,124.0,DELAY_CARRIER|DELAY_LATE_AIRCRAFT
SWO,3,114,-5.44,-10.63,4,27.5,19.0,4,124.5,126.5,DELAY_CARRIER|DELAY_LATE_AIRCRAFT|DELAY_WEATHER
SWO,4,96,-3.9,-6.75,10,49.4,57.2,12,155.33,165.33,DELAY_LATE_AIRCRAFT|DELAY_NAS|DELAY_CARRIER
SWO,5,94,-7.17,-12.38,4,48.5,37.0,16,282.5,282.62,CANC_WEATHER|DELAY_CARRIER|DELAY_WEATHER
SWO,6,102,-8.18,-13.88,6,27.67,32.67,12,152.83,159.17,DELAY_CARRIER|DELAY_NAS|DELAY_WEATHER
SWO,7,108,-8.52,-10.43,6,34.33,30.67,8,219.75,215.75,DELAY_CARRIER|DELAY_NAS|DELAY_WEATHER
SWO,8,112,-8.36,-8.3,8,27.25,21.5,4,212.0,211.0,DELAY_CARRIER|DELAY_NAS|DELAY_WEATHER
SWO,9,108,-7.81,-6.8,6,19.67,20.33,6,97.0,103.0,DELAY_CARRIER|DELAY_NAS|DELAY_WEATHER
SWO,10,102,-9.65,-13.35,12,30.17,24.5,10,143.6,139.8,DELAY_CARRIER
SWO,11,94,-7.62,-11.77,16,25.62,24.5,6,217.67,223.67,DELAY_CARRIER|DELAY_NAS|DELAY_WEATHER
SWO,12,104,-6.67,-13.67,6,46.33,44.0,6,268.0,260.67,DELAY_CARRIER|CANC_WEATHER
SYR,1,1734,-5.38,-14.71,212,33.4,26.16,134,168.58,169.01,DELAY_LATE_AIRCRAFT|DELAY_NAS|DELAY_CARRIER
SYR,2,1872,-5.49,-20.46,194,30.45,20.62,114,170.26,166.05,DELAY_LATE_AIRCRAFT|DELAY_NAS|DELAY_CARRIER
SYR,3,1954,-4.84,-15.72,236,31.72,24.42,170,156.88,157.44,DELAY_LATE_AIRCRAFT|DELAY_NAS|DELAY_CARRIER
SYR,4,1910,-5.1,-11.9,180,28.63,19.26,100,145.08,143.9,DELAY_LATE_AIRCRAFT|DELAY_CARRIER|DELAY_NAS
SYR,5,1866,-4.28,-10.29,250,31.46,28.66,164,203.71,203.56,DELAY_LATE_AIRCRAFT|DELAY_CARRIER|DELAY_NAS
SYR,6,1962,-4.95,-11.2,244,31.56,26.89,136,141.35,137.31,DELAY_LATE_AIRCRAFT|DELAY_CARRIER|DELAY_NAS
SYR,7,1794,-3.45,-8.48,308,30.21,28.54,312,155.56,155.09,DELAY_LATE_AIRCRAFT|DELAY_CARRIER|DELAY_NAS
SYR,8,1716,-3.59,-7.55,286,32.02,30.77,164,165.3,168.23,DELAY_LATE_AIRCRAFT|DELAY_NAS|DELAY_CARRIER
SYR,9,1836,-5.34,-9.79,148,31.32,25.38,82,160.05,155.76,DELAY_NAS|DELAY_LATE_AIRCRAFT|DELAY_CARRIER
SYR,10,1916,-4.93,-12.14,154,32.42,21.61,70,167.31,162.4,DELAY_CARRIER|DELAY_LATE_AIRCRAFT|DELAY_NAS
SYR,11,1728,-4.3,-12.46,190,29.47,20.93,76,185.29,176.84,DELAY_CARRIER|DELAY_NAS|DELAY_LATE_AIRCRAFT
SYR,12,1612,-2.97,-6.6,294,29.41,27.46,174,142.05,140.09,DELAY_NAS|DELAY_CARRIER|DELAY_LATE_AIRCRAFT
TLH,1,778,-3.96,-6.27,118,31.2,28.54,48,125.62,124.54,DELAY_LATE_AIRCRAFT|DELAY_NAS|DELAY_CARRIER
TLH,2,818,-4.58,-8.06,72,29.25,26.86,56,144.0,138.29,DELAY_LATE_AIRCRAFT|DELAY_CARRIER|DELAY_NAS
TLH,3,842,-4.49,-8.81,134,31.75,28.9,70,124.09,125.23,DELAY_LATE_AIRCRAFT|DELAY_CARRIER|DELAY_NAS
TLH,4,874,-4.99,-9.09,86,31.72,34.74,40,131.7,126.05,DELAY_LATE_AIRCRAFT|DELAY_NAS|DELAY_CARRIER
TLH,5,822,-3.58,-5.91,132,31.27,30.77,122,137.82,143.13,DELAY_LATE_AIRCRAFT|DELAY_CARRIER|DELAY_NAS
TLH,6,842,-3.89,-8.45,132,31.45,27.91,70,186.34,185.09,DELAY_LATE_AIRCRAFT|DELAY_CARRIER|DELAY_NAS
TLH,7,704,-2.6,-5.3,142,36.14,36.41,84,213.52,215.07,DELAY_LATE_AIRCRAFT|DELAY_CARRIER|DELAY_NAS
TLH,8,872,-5.22,-8.26,104,33.29,31.9,84,117.21,115.6,DELAY_LATE_AIRCRAFT|DELAY_CARRIER|DELAY_NAS
TLH,9,900,-5.09,-8.35,68,31.53,27.38,46,161.26,155.61,DELAY_LATE_AIRCRAFT|CANC_WEATHER|DELAY_NAS
TLH,10,1012,-6.05,-11.16,60,32.1,28.17,54,105.19,98.89,DELAY_CARRIER|DELAY_LATE_AIRCRAFT|DELAY_NAS
TLH,11,836,-4.75,-8.63,62,30.71,25.45,14,178.43,174.86,DELAY_NAS|DELAY_LATE_AIRCRAFT|DELAY_CARRIER
TLH,12,706,-3.74,-5.95,92,29.91,31.61,76,231.63,231.63,DELAY_CARRIER|DELAY_NAS|DELAY_LATE_AIRCRAFT
TOL,1,58,-6.97,-14.17,16,29.88,32.38,2,120.0,121.0,DELAY_LATE_AIRCRAFT|DELAY_CARRIER|DELAY_NAS
TOL,2,54,-1.78,-16.59,20,30.4,21.9,8,128.75,122.5,DELAY_LATE_AIRCRAFT|DELAY_NAS|DELAY_CARRIER
TOL,3,88,-8.45,-15.43,10,34.0,21.2,18,245.56,241.0,DELAY_LATE_AIRCRAFT|DELAY_NAS|DELAY_CARRIER
TOL,4,58,-11.31,-22.07,14,41.86,28.0,8,232.25,247.0,DELAY_LATE_AIRCRAFT|DELAY_CARRIER|DELAY_NAS
TOL,5,38,-5.84,-10.0,14,29.71,29.86,6,163.33,162.67,DELAY_LATE_AIRCRAFT|DELAY_NAS|DELAY_CARRIER
TOL,6,46,-8.52,-7.83,2,24.0,11.0,4,117.0,116.0,DELAY_NAS|DELAY_LATE_AIRCRAFT|DELAY_WEATHER
TOL,7,40,-7.2,-8.7,8,25.75,32.0,4,158.5,185.0,DELAY_CARRIER|DELAY_NAS|DELAY_LATE_AIRCRAFT
TOL,8,26,-6.77,-7.08,4,36.5,36.5,2,170.0,159.0,DELAY_LATE_AIRCRAFT|DELAY_WEATHER
TOL,9,10,2.2,-7.8,2,57.0,42.0,4,111.0,104.0,DELAY_CARRIER|CANC_WEATHER|DELAY_WEATHER
TOL,10,40,-5.9,-4.95,2,15.0,6.0,4,139.0,135.5,CANC_WEATHER|DELAY_LATE_AIRCRAFT|CANC_CARRIER
TOL,11,42,-5.19,-8.86,10,29.4,23.0,4,72.0,65.0,DELAY_CARRIER|DELAY_LATE_AIRCRAFT
TOL,12,50,-8.16,-17.8,12,33.0,42.17,12,91.83,90.83,DELAY_LATE_AIRCRAFT|DELAY_NAS|DELAY_CARRIER
TPA,1,10352,-2.5,-9.58,1876,31.12,23.85,956,146.54,140.0,DELAY_LATE_AIRCRAFT|DELAY_CARRIER|DELAY_NAS
TPA,2,11294,-3.24,-6.74,1308,29.86,23.46,458,149.48,145.66,DELAY_LATE_AIRCRAFT|DELAY_NAS|DELAY_CARRIER
TPA,3,11502,-2.3,-5.13,2436,31.67,30.14,1852,150.75,151.8,DELAY_LATE_AIRCRAFT|DELAY_NAS|DELAY_CARRIER
TPA,4,11524,-2.47,-6.38,1554,30.68,26.27,958,161.38,156.23,DELAY_LATE_AIRCRAFT|DELAY_NAS|DELAY_CARRIER
TPA,5,9912,-1.62,-3.8,1990,30.94,30.24,1570,157.95,163.23,DELAY_LATE_AIRCRAFT|DELAY_NAS|DELAY_CARRIER
TPA,6,9092,-1.52,-6.52,2010,31.55,27.74,1228,144.61,140.5,DELAY_LATE_AIRCRAFT|DELAY_NAS|DELAY_CARRIER
TPA,7,8282,-1.81,-5.26,2286,32.76,31.51,1702,154.12,152.28,DELAY_LATE_AIRCRAFT|DELAY_NAS|DELAY_CARRIER
TPA,8,8374,-2.21,-8.07,1726,30.98,28.2,1168,150.94,149.43,DELAY_LATE_AIRCRAFT|DELAY_NAS|DELAY_CARRIER
TPA,9,8712,-3.29,-7.94,980,30.03,25.84,574,131.19,126.54,DELAY_LATE_AIRCRAFT|DELAY_NAS|CANC_WEATHER
TPA,10,9358,-3.98,-10.94,988,28.91,22.15,476,134.62,128.89,CANC_WEATHER|DELAY_LATE_AIRCRAFT|DELAY_CARRIER
TPA,11,11034,-3.59,-9.62,1142,30.93,25.44,472,151.02,146.43,DELAY_LATE_AIRCRAFT|DELAY_NAS|DELAY_CARRIER
TPA,12,10406,-2.61,-9.3,2060,31.22,25.33,1066,132.89,130.92,DELAY_LATE_AIRCRAFT|DELAY_CARRIER|DELAY_NAS
TRI,1,300,-5.19,-11.43,42,34.33,30.71,32,153.19,153.0,DELAY_LATE_AIRCRAFT|DELAY_CARRIER|DELAY_NAS
TRI,2,294,-5.8,-15.85,18,30.22,15.89,10,236.8,228.4,DELAY_CARRIER|DELAY_LATE_AIRCRAFT|DELAY_NAS
TRI,3,288,-5.8,-17.26,32,33.75,22.19,12,104.67,102.17,DELAY_LATE_AIRCRAFT|CANC_WEATHER|DELAY_CARRIER
TRI,4,300,-5.29,-12.89,12,27.0,15.17,12,92.67,95.67,DELAY_LATE_AIRCRAFT|DELAY_CARRIER|DELAY_NAS
TRI,5,262,-4.31,-12.11,36,33.39,31.0,32,123.69,121.25,DELAY_LATE_AIRCRAFT|DELAY_CARRIER|DELAY_WEATHER
TRI,6,316,-5.65,-13.94,22,44.91,38.27,32,167.88,158.5,DELAY_LATE_AIRCRAFT|DELAY_CARRIER|DELAY_NAS
TRI,7,304,-4.22,-9.32,32,35.31,30.81,42,136.24,139.71,DELAY_LATE_AIRCRAFT|DELAY_CARRIER|CANC_CARRIER
TRI,8,344,-5.94,-15.32,22,35.18,29.0,12,244.17,232.33,DELAY_LATE_AIRCRAFT|DELAY_NAS|DELAY_CARRIER
TRI,9,314,-6.17,-12.59,32,30.0,26.31,14,126.14,122.14,DELAY_CARRIER|DELAY_LATE_AIRCRAFT|DELAY_NAS
TRI,10,456,-5.4,-12.78,38,29.37,16.58,16,172.38,165.75,DELAY_LATE_AIRCRAFT|DELAY_NAS|DELAY_CARRIER
TRI,11,362,-6.25,-16.9,34,32.29,30.71,12,614.83,611.17,DELAY_LATE_AIRCRAFT|DELAY_NAS|DELAY_CARRIER
TRI,12,274,-3.06,-12.01,48,31.21,23.58,38,196.68,193.11,DELAY_LATE_AIRCRAFT|DELAY_CARRIER|DELAY_NAS
TTN,1,358,-7.86,-10.63,66,37.03,37.97,28,149.14,146.64,DELAY_LATE_AIRCRAFT|DELAY_NAS|CANC_WEATHER
TTN,2,374,-6.63,-15.45,66,34.52,23.36,30,122.87,120.4,DELAY_LATE_AIRCRAFT|DELAY_NAS|DELAY_CARRIER
TTN,3,248,-5.52,-17.0,94,32.91,16.26,92,154.04,150.26,DELAY_LATE_AIRCRAFT|DELAY_NAS|DELAY_CARRIER
TTN,4,288,-7.13,-18.04,58,32.1,19.45,50,150.68,148.32,DELAY_LATE_AIRCRAFT|DELAY_NAS|DELAY_CARRIER
TTN,5,224,-8.84,-16.42,52,32.04,19.92,60,120.7,114.37,DELAY_LATE_AIRCRAFT|DELAY_NAS|DELAY_CARRIER
TTN,6,192,-9.38,-17.98,30,33.6,25.0,30,120.67,118.27,DELAY_LATE_AIRCRAFT|CANC_CARRIER|DELAY_NAS
TTN,7,200,-7.96,-13.29,44,37.41,41.14,32,114.19,104.69,DELAY_LATE_AIRCRAFT|DELAY_NAS|DELAY_CARRIER
TTN,8,178,-8.63,-17.76,30,35.4,22.6,40,160.4,149.05,DELAY_LATE_AIRCRAFT|DELAY_CARRIER|DELAY_NAS
TTN,9,116,-11.55,-19.1,10,34.0,33.0,2,88.0,84.0,DELAY_LATE_AIRCRAFT|CANC_WEATHER|CANC_CARRIER
TTN,10,88,-9.23,-17.45,10,33.4,26.8,8,183.25,166.75,CANC_WEATHER|DELAY_LATE_AIRCRAFT|DELAY_CARRIER
TTN,11,142,-9.89,-22.32,4,22.5,-7.0,8,142.5,123.25,DELAY_LATE_AIRCRAFT
TTN,12,168,-7.75,-14.05,20,35.7,27.4,26,97.31,96.85,CANC_WEATHER|DELAY_CARRIER|DELAY_LATE_AIRCRAFT
TUL,1,1958,-3.77,-5.88,238,31.22,33.03,172,177.7,178.9,DELAY_LATE_AIRCRAFT|DELAY_NAS|DELAY_CARRIER
TUL,2,2068,-5.41,-9.72,144,31.58,25.85,76,125.26,118.89,DELAY_LATE_AIRCRAFT|DELAY_NAS|DELAY_CARRIER
TUL,3,2200,-4.65,-10.21,238,31.56,26.04,142,186.39,183.25,DELAY_LATE_AIRCRAFT|DELAY_NAS|DELAY_CARRIER
TUL,4,2352,-4.15,-8.0,258,29.47,25.57,144,162.6,163.35,DELAY_LATE_AIRCRAFT|DELAY_NAS|DELAY_CARRIER
TUL,5,2342,-2.41,-6.26,368,32.07,28.9,246,195.29,201.76,DELAY_LATE_AIRCRAFT|DELAY_NAS|DELAY_CARRIER
TUL,6,2464,-3.46,-9.1,374,30.84,25.62,244,151.25,147.08,DELAY_LATE_AIRCRAFT|DELAY_CARRIER|DELAY_NAS
TUL,7,2410,-3.9,-9.22,366,32.73,29.18,266,148.74,143.99,DELAY_LATE_AIRCRAFT|DELAY_CARRIER|DELAY_NAS
TUL,8,2606,-5.17,-10.58,252,33.14,29.43,170,153.72,147.39,DELAY_LATE_AIRCRAFT|DELAY_NAS|DELAY_CARRIER
TUL,9,2620,-5.44,-10.72,208,33.4,28.87,104,204.37,197.42,DELAY_LATE_AIRCRAFT|DELAY_CARRIER|DELAY_NAS
TUL,10,2958,-5.43,-10.62,152,33.18,23.97,80,119.22,109.9,DELAY_CARRIER|DELAY_LATE_AIRCRAFT|DELAY_NAS
TUL,11,2484,-5.13,-10.44,212,30.7,24.75,96,121.02,116.6,DELAY_LATE_AIRCRAFT|DELAY_CARRIER|DELAY_NAS
TUL,12,2402,-4.16,-9.9,290,30.79,26.25,204,210.55,207.73,DELAY_LATE_AIRCRAFT|DELAY_CARRIER|DELAY_NAS
TUS,1,2618,-3.93,-7.91,324,31.65,26.31,192,168.19,161.84,DELAY_LATE_AIRCRAFT|DELAY_CARRIER|DELAY_NAS
TUS,2,2474,-3.32,-7.75,308,30.75,27.18,148,166.5,162.41,DELAY_LATE_AIRCRAFT|DELAY_CARRIER|DELAY_NAS
TUS,3,2866,-3.49,-7.7,404,32.87,29.18,156,147.08,144.01,DELAY_LATE_AIRCRAFT|DELAY_NAS|DELAY_CARRIER
TUS,4,2758,-3.33,-7.55,380,30.54,25.28,170,155.58,155.85,DELAY_LATE_AIRCRAFT|DELAY_NAS|DELAY_CARRIER
TUS,5,2494,-2.94,-5.59,450,32.31,28.66,272,152.05,152.44,DELAY_LATE_AIRCRAFT|DELAY_NAS|DELAY_CARRIER
TUS,6,2178,-3.45,-6.84,332,31.62,27.75,188,150.57,149.0,DELAY_LATE_AIRCRAFT|DELAY_CARRIER|DELAY_NAS
TUS,7,2212,-4.24,-5.83,330,33.41,33.65,194,175.48,173.98,DELAY_LATE_AIRCRAFT|DELAY_CARRIER|DELAY_NAS
TUS,8,2424,-4.43,-7.04,268,31.21,30.05,154,174.78,173.49,DELAY_LATE_AIRCRAFT|DELAY_CARRIER|DELAY_NAS
TUS,9,2736,-5.26,-10.65,212,30.18,24.91,120,143.97,138.68,DELAY_LATE_AIRCRAFT|DELAY_CARRIER|DELAY_NAS
TUS,10,3058,-4.68,-8.08,242,30.53,25.12,128,182.56,181.03,DELAY_CARRIER|DELAY_LATE_AIRCRAFT|DELAY_NAS
TUS,11,3030,-4.48,-9.25,258,30.89,25.85,140,131.19,128.03,DELAY_CARRIER|DELAY_LATE_AIRCRAFT|DELAY_NAS
TUS,12,3144,-4.47,-9.49,334,31.86,26.68,240,183.14,182.29,DELAY_CARRIER|DELAY_LATE_AIRCRAFT|DELAY_NAS
TVC,1,250,-2.61,-9.34,68,32.47,27.5,66,242.36,243.52,DELAY_CARRIER|DELAY_LATE_AIRCRAFT|DELAY_NAS
TVC,2,376,-2.76,-17.33,36,32.5,26.22,32,177.25,168.88,DELAY_LATE_AIRCRAFT|DELAY_NAS|DELAY_WEATHER
TVC,3,380,-3.13,-13.28,30,31.67,22.8,42,166.48,155.81,DELAY_CARRIER|DELAY_NAS|DELAY_LATE_AIRCRAFT
TVC,4,376,-4.17,-8.6,48,29.88,21.58,22,136.91,128.45,DELAY_LATE_AIRCRAFT|DELAY_NAS|DELAY_CARRIER
TVC,5,442,-4.35,-8.62,62,32.35,33.42,36,143.33,141.72,DELAY_CARRIER|DELAY_LATE_AIRCRAFT|DELAY_NAS
TVC,6,790,-4.16,-7.21,128,31.22,28.59,98,196.37,196.67,DELAY_CARRIER|DELAY_LATE_AIRCRAFT|DELAY_NAS
TVC,7,904,-2.31,-2.16,172,33.87,34.35,110,129.95,127.85,DELAY_CARRIER|DELAY_LATE_AIRCRAFT|DELAY_NAS
TVC,8,896,-2.51,-3.78,166,30.45,31.05,138,139.8,138.28,DELAY_LATE_AIRCRAFT|DELAY_CARRIER|DELAY_NAS
TVC,9,708,-3.33,-5.95,68,32.21,26.0,32,115.81,109.19,DELAY_NAS|DELAY_CARRIER|DELAY_LATE_AIRCRAFT
TVC,10,508,-4.55,-11.36,50,28.4,19.0,20,304.2,300.5,DELAY_CARRIER|DELAY_LATE_AIRCRAFT|DELAY_NAS
TVC,11,362,-6.08,-13.9,32,31.0,25.25,18,124.67,115.78,DELAY_CARRIER|DELAY_NAS|DELAY_LATE_AIRCRAFT
TVC,12,438,-3.0,-3.28,102,32.75,42.98,64,223.59,230.31,DELAY_NAS|DELAY_CARRIER|DELAY_LATE_AIRCRAFT
TWF,1,112,-6.91,-8.71,4,25.5,16.5,4,135.5,153.5,CANC_WEATHER|DELAY_NAS|DELAY_WEATHER
TWF,2,108,-6.76,-8.48,2,25.0,26.0,6,139.0,141.0,DELAY_CARRIER|DELAY_NAS
TWF,3,120,-7.12,-6.33,2,58.0,38.0,2,75.0,64.0,DELAY_CARRIER|DELAY_WEATHER
TWF,4,110,-6.0,-14.27,4,27.5,19.5,6,126.33,116.0,DELAY_CARRIER
TWF,5,114,-5.49,-14.4,0,,,10,120.0,110.2,DELAY_CARRIER|DELAY_WEATHER
TWF,6,112,-6.41,-13.57,2,58.0,45.0,6,85.0,75.33,DELAY_CARRIER
TWF,7,110,-6.84,-13.71,4,32.5,29.0,10,134.0,129.2,DELAY_CARRIER|DELAY_WEATHER
TWF,8,118,-7.56,-12.9,4,22.5,21.0,2,88.0,87.0,DELAY_CARRIER|DELAY_NAS|DELAY_WEATHER
TWF,9,106,-6.79,-13.58,6,31.67,29.33,0,,,DELAY_CARRIER
TWF,10,106,-6.64,-9.09,0,,,0,,,DELAY_CARRIER
TWF,11,90,-5.42,-7.89,2,55.0,48.0,0,,,DELAY_CARRIER
TWF,12,106,-5.21,-15.36,6,29.33,12.0,2,65.0,50.0,DELAY_CARRIER|DELAY_WEATHER
TXK,1,108,-6.22,-1.39,2,23.0,18.0,16,166.38,174.38,DELAY_CARRIER|CANC_WEATHER|DELAY_WEATHER
TXK,2,102,-4.27,-2.9,12,28.33,24.5,2,442.0,427.0,DELAY_CARRIER|DELAY_NAS|DELAY_LATE_AIRCRAFT
TXK,3,106,-3.58,-4.64,6,34.0,37.0,8,125.75,147.25,DELAY_NAS|DELAY_LATE_AIRCRAFT|DELAY_WEATHER
TXK,4,88,-2.93,-0.45,16,32.12,42.25,12,124.83,127.33,DELAY_LATE_AIRCRAFT|DELAY_NAS|DELAY_CARRIER
TXK,5,92,-4.8,-3.96,10,24.4,47.2,14,174.43,180.57,DELAY_CARRIER|CANC_WEATHER|DELAY_NAS
TXK,6,82,-3.39,-5.44,20,35.3,27.9,16,212.25,207.5,DELAY_LATE_AIRCRAFT|DELAY_CARRIER|DELAY_WEATHER
TXK,7,92,-3.39,-4.0,14,30.71,26.0,14,204.29,199.57,DELAY_LATE_AIRCRAFT|DELAY_CARRIER|DELAY_NAS
TXK,8,98,-5.51,-7.2,14,30.0,30.29,12,308.83,303.5,DELAY_CARRIER|DELAY_LATE_AIRCRAFT|DELAY_NAS
TXK,9,102,-6.22,-11.71,10,19.6,15.6,8,179.25,169.25,DELAY_LATE_AIRCRAFT|DELAY_NAS
TXK,10,106,-6.23,-11.62,12,37.5,27.83,6,142.33,143.33,DELAY_CARRIER|DELAY_LATE_AIRCRAFT|DELAY_WEATHER
TXK,11,86,-6.53,-14.65,16,32.12,26.25,8,204.5,195.75,DELAY_CARRIER|CANC_WEATHER|DELAY_LATE_AIRCRAFT
TXK,12,96,-5.46,-11.52,6,42.0,32.33,16,202.62,195.88,DELAY_CARRIER|DELAY_WEATHER|CANC_WEATHER
TYR,1,134,-4.51,-4.06,12,31.0,30.83,24,224.5,235.33,DELAY_CARRIER|CANC_WEATHER|DELAY_LATE_AIRCRAFT
TYR,2,144,-6.35,-12.58,8,44.75,30.25,20,255.2,249.8,DELAY_CARRIER|DELAY_LATE_AIRCRAFT|DELAY_NAS
TYR,3,160,-6.5,-16.15,8,33.25,27.0,16,172.12,162.5,DELAY_WEATHER|DELAY_NAS|DELAY_CARRIER
TYR,4,156,-4.46,-3.79,10,34.8,41.2,8,112.75,113.25,DELAY_NAS|DELAY_WEATHER|CANC_WEATHER
TYR,5,132,-5.59,-11.18,14,40.29,41.14,34,179.47,186.12,DELAY_CARRIER|DELAY_NAS|CANC_WEATHER
TYR,6,144,-6.08,-13.74,14,31.57,19.43,18,176.56,168.56,DELAY_CARRIER|DELAY_WEATHER|DELAY_LATE_AIRCRAFT
TYR,7,132,-2.41,-6.32,36,31.11,23.5,10,127.6,122.4,DELAY_LATE_AIRCRAFT|DELAY_CARRIER|DELAY_NAS
TYR,8,164,-7.3,-12.6,10,35.0,31.2,10,304.0,294.4,DELAY_CARRIER|DELAY_LATE_AIRCRAFT|DELAY_NAS
TYR,9,160,-1.86,-7.04,14,24.14,16.71,6,93.67,109.33,DELAY_NAS|DELAY_LATE_AIRCRAFT|DELAY_CARRIER
TYR,10,150,-6.31,-12.61,24,33.42,23.75,10,183.8,171.4,DELAY_CARRIER|DELAY_LATE_AIRCRAFT|DELAY_NAS
TYR,11,128,-5.22,-11.2,26,34.85,26.92,10,156.4,145.4,DELAY_CARRIER|CANC_WEATHER|DELAY_LATE_AIRCRAFT
TYR,12,108,-4.74,-7.04,30,32.6,33.67,32,152.81,143.31,DELAY_CARRIER|DELAY_NAS|DELAY_WEATHER
TYS,1,1638,-5.57,-10.32,230,32.96,30.93,224,193.26,192.86,DELAY_LATE_AIRCRAFT|DELAY_NAS|DELAY_CARRIER
TYS,2,1878,-6.88,-13.08,144,32.43,24.93,50,121.48,113.32,DELAY_NAS|DELAY_LATE_AIRCRAFT|DELAY_CARRIER
TYS,3,1980,-6.0,-12.63,226,32.81,27.95,146,191.04,187.6,DELAY_LATE_AIRCRAFT|DELAY_NAS|DELAY_CARRIER
TYS,4,2050,-5.69,-10.83,222,32.53,31.56,120,193.98,188.32,DELAY_LATE_AIRCRAFT|DELAY_NAS|DELAY_CARRIER
TYS,5,2030,-4.84,-8.94,324,33.13,30.91,282,168.38,172.28,DELAY_LATE_AIRCRAFT|DELAY_NAS|DELAY_CARRIER
TYS,6,2374,-5.11,-10.52,326,31.13,25.12,190,190.06,184.43,DELAY_LATE_AIRCRAFT|DELAY_CARRIER|DELAY_NAS
TYS,7,2288,-5.66,-10.64,360,32.0,28.75,316,162.85,161.16,DELAY_LATE_AIRCRAFT|DELAY_CARRIER|DELAY_NAS
TYS,8,2394,-6.07,-9.99,260,31.62,32.85,222,182.72,181.46,DELAY_LATE_AIRCRAFT|DELAY_NAS|DELAY_CARRIER
TYS,9,2380,-5.97,-11.72,288,31.06,27.04,122,191.61,186.69,DELAY_LATE_AIRCRAFT|DELAY_CARRIER|DELAY_NAS
TYS,10,2934,-5.92,-12.06,320,29.18,22.02,92,177.35,172.76,DELAY_LATE_AIRCRAFT|DELAY_CARRIER|DELAY_NAS
TYS,11,2488,-6.27,-13.5,190,28.18,22.41,126,152.51,148.73,DELAY_LATE_AIRCRAFT|DELAY_CARRIER|DELAY_NAS
TYS,12,2212,-4.74,-11.65,370,31.59,24.32,168,184.35,180.19,DELAY_LATE_AIRCRAFT|DELAY_NAS|DELAY_CARRIER
USA,1,108,-8.37,-13.15,24,37.17,31.92,4,77.5,103.5,DELAY_LATE_AIRCRAFT|DELAY_CARRIER|DELAY_NAS
USA,2,84,-5.24,-10.6,16,42.88,31.38,14,163.0,172.57,DELAY_LATE_AIRCRAFT|DELAY_CARRIER|CANC_CARRIER
USA,3,76,-5.63,-9.95,22,34.18,30.09,26,212.08,207.08,DELAY_LATE_AIRCRAFT|DELAY_NAS|DELAY_CARRIER
USA,4,78,-7.28,-16.33,26,25.15,16.62,12,256.67,254.5,DELAY_LATE_AIRCRAFT|DELAY_CARRIER|CANC_NAS
USA,5,92,-4.46,-7.67,10,30.2,27.2,20,157.5,152.8,DELAY_LATE_AIRCRAFT|DELAY_NAS|DELAY_CARRIER
USA,6,74,-5.35,-6.86,26,33.77,36.23,18,113.33,109.89,DELAY_LATE_AIRCRAFT|DELAY_CARRIER|CANC_NAS
USA,7,76,0.32,2.11,20,40.4,40.2,22,322.91,333.64,DELAY_LATE_AIRCRAFT|DELAY_NAS|DELAY_CARRIER
USA,8,54,-8.3,-13.33,26,31.62,31.85,16,122.25,119.75,DELAY_LATE_AIRCRAFT|DELAY_CARRIER|CANC_WEATHER
USA,9,76,-8.68,-10.76,8,30.0,27.5,6,169.67,174.67,DELAY_LATE_AIRCRAFT|DELAY_CARRIER|DELAY_WEATHER
USA,10,68,-6.59,-9.94,12,26.67,22.5,6,131.0,124.0,DELAY_LATE_AIRCRAFT|CANC_WEATHER|DELAY_CARRIER
USA,11,82,-4.98,-8.98,26,26.46,21.85,2,76.0,63.0,DELAY_LATE_AIRCRAFT|DELAY_CARRIER|DELAY_WEATHER
USA,12,64,-3.19,-8.84,42,29.71,21.71,34,136.59,137.06,DELAY_LATE_AIRCRAFT|DELAY_NAS|DELAY_CARRIER
VCT,1,86,-7.63,-17.4,6,50.0,47.33,8,386.75,385.25,DELAY_LATE_AIRCRAFT|CANC_WEATHER|DELAY_CARRIER
VCT,2,90,-9.22,-17.78,4,33.0,19.5,6,364.33,363.67,DELAY_CARRIER|DELAY_NAS
VCT,3,94,-6.11,-13.72,4,37.0,38.0,6,209.67,212.0,DELAY_LATE_AIRCRAFT|CANC_WEATHER|DELAY_CARRIER
VCT,4,96,-5.77,-13.08,2,17.0,8.0,4,80.5,83.0,DELAY_LATE_AIRCRAFT
VCT,5,82,-5.51,-11.83,0,,,12,231.17,234.0,CANC_WEATHER|DELAY_LATE_AIRCRAFT|DELAY_CARRIER
VCT,6,90,-4.22,-10.29,4,49.5,44.0,6,234.67,237.0,DELAY_LATE_AIRCRAFT
VCT,7,72,-5.81,-11.64,6,31.67,38.33,20,156.6,159.8,DELAY_LATE_AIRCRAFT|CANC_WEATHER|DELAY_CARRIER
VCT,8,94,-9.62,-17.89,4,34.0,33.0,8,186.0,183.25,DELAY_LATE_AIRCRAFT|DELAY_NAS
VCT,9,96,-9.15,-13.67,4,20.0,12.5,12,198.83,201.83,DELAY_CARRIER|DELAY_LATE_AIRCRAFT|DELAY_WEATHER
VCT,10,78,-6.56,-11.69,8,43.25,34.5,20,159.3,156.9,DELAY_CARRIER|DELAY_LATE_AIRCRAFT|DELAY_WEATHER
VCT,11,82,-6.41,-15.83,0,,,22,160.45,157.55,DELAY_CARRIER|DELAY_LATE_AIRCRAFT|DELAY_NAS
VCT,12,96,-4.27,-9.65,4,25.0,20.0,10,189.0,202.4,DELAY_CARRIER|DELAY_LATE_AIRCRAFT|CANC_WEATHER
VEL,1,94,-7.57,-13.17,4,25.0,8.5,6,473.33,491.33,DELAY_NAS|DELAY_LATE_AIRCRAFT|DELAY_CARRIER
VLD,1,108,-5.35,-13.11,6,37.0,21.0,8,146.25,139.25,DELAY_LATE_AIRCRAFT|DELAY_CARRIER
VLD,2,104,-4.87,-13.27,6,46.0,44.0,6,140.33,131.33,DELAY_LATE_AIRCRAFT|DELAY_WEATHER
VLD,3,104,-3.15,-7.31,12,23.17,22.5,8,155.5,161.75,DELAY_CARRIER|DELAY_WEATHER|DELAY_NAS
VLD,4,108,-3.89,-5.43,6,30.67,31.33,6,75.33,77.67,DELAY_LATE_AIRCRAFT|DELAY_CARRIER|DELAY_WEATHER
VLD,5,96,-3.9,-7.38,18,36.67,36.44,8,246.5,253.75,DELAY_LATE_AIRCRAFT|DELAY_CARRIER|DELAY_NAS
VLD,6,112,-3.66,-10.98,6,37.0,36.33,2,66.0,58.0,DELAY_CARRIER|DELAY_LATE_AIRCRAFT|DELAY_NAS
VLD,7,94,-5.26,-8.91,6,26.67,32.33,16,138.25,143.12,DELAY_LATE_AIRCRAFT|DELAY_NAS|CANC_CARRIER
VLD,8,102,-5.12,-12.02,10,30.8,20.4,6,150.67,142.67,DELAY_LATE_AIRCRAFT|CANC_CARRIER|CANC_NAS
VLD,9,92,-4.37,-3.11,6,23.33,25.0,4,133.0,129.0,CANC_WEATHER|CANC_CARRIER|DELAY_NAS
VLD,10,132,-4.24,-5.65,10,35.4,36.0,14,193.71,195.57,DELAY_LATE_AIRCRAFT|DELAY_NAS|DELAY_CARRIER
VLD,11,146,-5.52,-11.55,6,31.33,20.33,2,161.0,148.0,DELAY_NAS|DELAY_CARRIER|DELAY_LATE_AIRCRAFT
VLD,12,116,-2.74,-9.33,24,35.67,29.08,16,133.75,128.25,DELAY_LATE_AIRCRAFT|DELAY_CARRIER|DELAY_WEATHER
VPS,1,904,-5.67,-11.67,102,31.02,25.73,82,255.9,251.9,DELAY_LATE_AIRCRAFT|DELAY_CARRIER|DELAY_NAS
VPS,2,1066,-5.95,-10.57,62,30.13,23.32,40,226.95,220.25,DELAY_NAS|DELAY_LATE_AIRCRAFT|DELAY_CARRIER
VPS,3,1326,-5.13,-11.52,162,30.12,23.79,124,208.47,206.37,DELAY_LATE_AIRCRAFT|DELAY_CARRIER|DELAY_NAS
VPS,4,1346,-4.48,-9.56,212,30.31,25.58,110,165.27,165.8,DELAY_LATE_AIRCRAFT|DELAY_CARRIER|DELAY_NAS
VPS,5,1276,-3.14,-7.41,296,31.72,27.4,216,155.62,156.92,DELAY_LATE_AIRCRAFT|DELAY_CARRIER|DELAY_NAS
VPS,6,1800,-4.88,-11.67,272,32.57,28.73,182,149.34,146.22,DELAY_LATE_AIRCRAFT|DELAY_CARRIER|DELAY_NAS
VPS,7,1580,-3.49,-7.85,344,31.7,28.94,288,189.39,189.46,DELAY_LATE_AIRCRAFT|DELAY_CARRIER|DELAY_NAS
VPS,8,1526,-4.76,-9.91,278,32.9,33.07,140,172.07,167.0,DELAY_LATE_AIRCRAFT|DELAY_CARRIER|DELAY_NAS
VPS,9,1306,-4.48,-9.48,168,32.08,30.3,64,197.5,190.31,DELAY_LATE_AIRCRAFT|DELAY_CARRIER|DELAY_NAS
VPS,10,1542,-4.94,-8.94,136,28.9,24.84,34,223.76,220.59,DELAY_LATE_AIRCRAFT|DELAY_NAS|DELAY_CARRIER
VPS,11,1148,-5.47,-10.2,110,29.53,24.22,38,146.16,144.47,DELAY_LATE_AIRCRAFT|DELAY_NAS|DELAY_CARRIER
VPS,12,964,-3.88,-7.56,148,30.73,31.26,128,250.08,247.34,DELAY_LATE_AIRCRAFT|DELAY_CARRIER|DELAY_NAS
WRG,1,88,-10.25,-11.25,14,26.86,36.29,12,75.67,71.67,DELAY_LATE_AIRCRAFT|DELAY_NAS|CANC_WEATHER
WRG,2,102,-13.53,-16.43,6,23.67,22.33,2,232.0,224.0,DELAY_LATE_AIRCRAFT|CANC_CARRIER|CANC_WEATHER
WRG,3,110,-12.31,-15.45,10,33.6,32.6,4,119.5,109.0,DELAY_LATE_AIRCRAFT
WRG,4,102,-10.75,-15.63,12,31.33,29.83,4,76.0,74.5,DELAY_LATE_AIRCRAFT|CANC_CARRIER|DELAY_CARRIER
WRG,5,98,-9.0,-12.98,24,31.83,28.75,2,246.0,238.0,DELAY_LATE_AIRCRAFT|DELAY_NAS
WRG,6,110,-6.84,-9.36,8,33.25,31.5,2,85.0,81.0,DELAY_LATE_AIRCRAFT|DELAY_NAS
WRG,7,110,-5.0,-7.38,8,27.25,37.75,4,72.0,64.5,DELAY_LATE_AIRCRAFT|DELAY_NAS
WRG,8,92,-7.37,-10.04,22,28.55,29.82,6,149.33,148.33,DELAY_LATE_AIRCRAFT|DELAY_NAS|CANC_WEATHER
WRG,9,112,-7.43,-8.77,4,25.5,30.5,2,189.0,191.0,DELAY_LATE_AIRCRAFT|DELAY_NAS|CANC_CARRIER
WRG,10,104,-10.52,-12.04,12,27.0,20.17,4,107.0,103.0,DELAY_LATE_AIRCRAFT|DELAY_NAS|DELAY_CARRIER
WRG,11,108,-10.56,-12.7,6,30.67,37.67,0,,,DELAY_LATE_AIRCRAFT|CANC_CARRIER
WRG,12,102,-10.8,-11.2,10,46.0,60.6,4,149.5,151.0,DELAY_LATE_AIRCRAFT|CANC_WEATHER|DELAY_NAS
WYS,5,54,-5.85,-12.0,8,35.75,23.5,6,202.67,192.67,DELAY_WEATHER|DELAY_CARRIER|DELAY_NAS
WYS,6,98,-7.35,-11.29,2,16.0,-2.0,18,311.89,306.78,DELAY_CARRIER|CANC_WEATHER|DELAY_WEATHER
WYS,7,110,-6.25,-8.42,16,29.5,27.25,14,137.0,127.43,DELAY_CARRIER|DELAY_NAS|DELAY_WEATHER
WYS,8,134,-9.58,-11.51,6,25.33,25.33,4,262.5,252.5,DELAY_CARRIER|DELAY_WEATHER
WYS,9,110,-9.07,-14.2,0,,,8,141.75,134.5,DELAY_CARRIER|CANC_WEATHER|DELAY_LATE_AIRCRAFT
WYS,10,30,-10.13,-15.67,0,,,0,,,N/D
XNA,1,1438,-4.16,-4.71,248,31.56,41.27,202,183.45,196.84,DELAY_NAS|DELAY_LATE_AIRCRAFT|DELAY_CARRIER
XNA,2,1632,-4.83,-7.42,152,29.7,24.53,52,250.15,242.92,DELAY_NAS|DELAY_LATE_AIRCRAFT|DELAY_CARRIER
XNA,3,1728,-4.81,-9.76,180,27.78,23.84,142,147.13,145.52,DELAY_LATE_AIRCRAFT|DELAY_NAS|DELAY_CARRIER
XNA,4,1808,-3.61,-8.18,198,29.53,24.23,134,155.94,151.54,DELAY_LATE_AIRCRAFT|DELAY_CARRIER|DELAY_NAS
XNA,5,1730,-3.42,-7.23,294,31.38,33.84,238,160.92,166.83,DELAY_LATE_AIRCRAFT|DELAY_NAS|DELAY_CARRIER
XNA,6,1808,-3.92,-8.84,308,32.7,30.28,198,136.28,134.37,DELAY_LATE_AIRCRAFT|DELAY_CARRIER|DELAY_NAS
XNA,7,1704,-2.88,-5.68,402,31.66,28.22,276,139.37,136.8,DELAY_LATE_AIRCRAFT|DELAY_CARRIER|DELAY_NAS
XNA,8,2050,-4.79,-9.15,254,29.26,24.98,142,177.37,175.97,DELAY_LATE_AIRCRAFT|DELAY_NAS|DELAY_CARRIER
XNA,9,2170,-4.85,-9.69,178,30.79,25.53,108,200.15,193.43,DELAY_LATE_AIRCRAFT|DELAY_CARRIER|DELAY_NAS
XNA,10,2384,-5.02,-9.27,142,31.75,22.97,70,173.66,164.51,DELAY_LATE_AIRCRAFT|DELAY_CARRIER|DELAY_NAS
XNA,11,2176,-4.48,-9.76,212,29.54,22.89,122,218.21,221.66,DELAY_LATE_AIRCRAFT|DELAY_CARRIER|DELAY_NAS
XNA,12,2100,-3.39,-9.27,294,30.67,26.97,170,168.15,168.22,DELAY_LATE_AIRCRAFT|DELAY_NAS|DELAY_CARRIER
XWA,1,210,-4.65,-14.49,32,31.31,22.25,40,194.0,191.75,DELAY_CARRIER|CANC_WEATHER|DELAY_LATE_AIRCRAFT
XWA,2,214,-4.54,-19.71,20,39.0,37.7,32,226.62,220.94,DELAY_CARRIER|DELAY_WEATHER|CANC_WEATHER
XWA,3,248,-3.67,-14.5,16,34.75,32.25,26,310.08,299.15,DELAY_CARRIER|DELAY_NAS|CANC_WEATHER
XWA,4,266,-6.32,-17.35,14,32.14,25.0,12,153.83,152.5,DELAY_CARRIER|DELAY_LATE_AIRCRAFT|DELAY_NAS
XWA,5,320,-5.81,-13.09,12,35.83,26.67,22,189.18,183.27,DELAY_CARRIER|DELAY_NAS|DELAY_LATE_AIRCRAFT
XWA,6,264,-4.92,-6.66,48,30.75,37.29,26,188.69,193.46,DELAY_CARRIER|DELAY_NAS|DELAY_LATE_AIRCRAFT
XWA,7,252,-5.02,-6.52,32,30.5,32.31,46,106.96,106.04,DELAY_CARRIER|DELAY_LATE_AIRCRAFT|DELAY_WEATHER
XWA,8,280,-6.16,-8.53,22,33.64,40.64,34,146.18,142.18,DELAY_CARRIER|DELAY_NAS|DELAY_LATE_AIRCRAFT
XWA,9,304,-6.96,-14.39,28,34.07,29.57,12,197.67,198.0,DELAY_CARRIER|DELAY_NAS|DELAY_SECURITY
XWA,10,334,-7.04,-18.09,16,34.88,26.75,16,330.88,318.5,DELAY_CARRIER|DELAY_LATE_AIRCRAFT|CANC_WEATHER
XWA,11,252,-5.11,-5.96,22,29.45,42.0,48,255.42,254.12,DELAY_CARRIER|DELAY_WEATHER|DELAY_LATE_AIRCRAFT
XWA,12,266,-2.29,-5.24,38,31.79,27.84,50,299.8,288.04,DELAY_CARRIER|DELAY_NAS|DELAY_LATE_AIRCRAFT
YAK,1,82,-14.39,-13.85,18,42.89,44.56,8,80.75,83.5,DELAY_LATE_AIRCRAFT|CANC_WEATHER|DELAY_NAS
YAK,2,96,-17.15,-15.0,10,28.4,27.2,2,237.0,242.0,DELAY_LATE_AIRCRAFT|CANC_CARRIER|CANC_WEATHER
YAK,3,100,-15.66,-15.52,14,30.29,23.29,10,89.4,86.8,DELAY_LATE_AIRCRAFT|DELAY_WEATHER|DELAY_NAS
YAK,4,100,-15.44,-17.52,6,26.67,21.67,6,138.33,140.67,DELAY_LATE_AIRCRAFT|CANC_CARRIER|DELAY_NAS
YAK,5,110,-12.15,-12.82,6,29.67,27.0,4,81.5,121.5,DELAY_LATE_AIRCRAFT|CANC_CARRIER|CANC_WEATHER
YAK,6,100,-10.98,-11.8,18,24.11,19.44,2,61.0,50.0,DELAY_LATE_AIRCRAFT|DELAY_NAS|DELAY_SECURITY
YAK,7,100,-4.56,-7.12,20,29.6,29.9,2,171.0,205.0,DELAY_LATE_AIRCRAFT|DELAY_NAS|CANC_CARRIER
YAK,8,82,-7.76,-9.9,34,26.0,24.59,4,111.0,110.0,DELAY_LATE_AIRCRAFT|DELAY_CARRIER|DELAY_SECURITY
YAK,9,96,-7.56,-8.71,16,31.25,26.25,6,110.33,106.67,DELAY_LATE_AIRCRAFT|DELAY_SECURITY
YAK,10,114,-17.3,-18.19,6,31.33,32.67,2,88.0,78.0,DELAY_LATE_AIRCRAFT|DELAY_NAS
YAK,11,108,-19.28,-19.02,4,40.0,38.5,2,80.0,77.0,DELAY_LATE_AIRCRAFT|DELAY_NAS
YAK,12,94,-16.43,-18.7,14,38.0,37.29,2,156.0,167.0,DELAY_LATE_AIRCRAFT|CANC_WEATHER|DELAY_WEATHER
YUM,1,188,-6.62,-7.41,18,27.89,26.0,16,181.25,185.88,DELAY_CARRIER|DELAY_NAS|DELAY_LATE_AIRCRAFT
YUM,2,226,-6.17,-10.19,16,26.12,27.88,8,142.0,153.0,DELAY_CARRIER|DELAY_LATE_AIRCRAFT|DELAY_NAS
YUM,3,244,-5.2,-9.06,6,33.33,29.0,18,185.33,184.56,DELAY_CARRIER|DELAY_NAS|DELAY_WEATHER
YUM,4,238,-5.59,-7.13,12,44.17,38.33,12,403.67,399.83,DELAY_CARRIER|DELAY_NAS|DELAY_LATE_AIRCRAFT
YUM,5,230,-4.23,-5.61,24,38.67,35.0,22,199.45,195.0,DELAY_CARRIER|DELAY_LATE_AIRCRAFT|CANC_WEATHER
YUM,6,202,-4.53,-4.75,16,30.5,26.88,16,141.0,135.38,DELAY_CARRIER|DELAY_LATE_AIRCRAFT|DELAY_NAS
YUM,7,194,-4.43,-6.78,22,29.09,21.91,16,271.25,267.25,DELAY_CARRIER|DELAY_LATE_AIRCRAFT|DELAY_NAS
YUM,8,308,-6.75,-8.19,12,28.17,23.5,14,104.71,107.86,DELAY_LATE_AIRCRAFT|DELAY_CARRIER|DELAY_NAS
YUM,9,308,-6.06,-12.51,10,28.0,18.4,14,316.57,317.43,DELAY_CARRIER|DELAY_LATE_AIRCRAFT|DELAY_NAS
YUM,10,320,-4.72,-7.17,28,30.64,27.86,12,189.17,185.0,DELAY_CARRIER|DELAY_LATE_AIRCRAFT|DELAY_NAS
YUM,11,306,-5.95,-11.43,14,37.0,37.29,18,309.78,307.89,DELAY_CARRIER|DELAY_LATE_AIRCRAFT|DELAY_NAS
YUM,12,260,-6.33,-8.64,28,35.57,32.36,26,134.31,130.23,DELAY_CARRIER|DELAY_LATE_AIRCRAFT|DELAY_NAS
