compagnia,aeroporto_partenza,numero_voli,ritardo_min_arrivo,ritardo_max_arrivo,ritardo_medio_arrivo,tasso_cancellazione,mesi_operativi
9E,LGA,160055,-69.0,1100.0,-3.05,0.035,1|2|3|4|5|6|7|8|9|10|11|12
9E,ATL,133990,-43.0,1207.0,2.46,0.0109,1|2|3|4|5|6|7|8|9|10|11|12
9E,JFK,85540,-60.0,1082.0,1.1,0.0345,1|2|3|4|5|6|7|8|9|10|11|12
9E,DTW,63560,-46.0,941.0,0.18,0.0093,1|2|3|4|5|6|7|8|9|10|11|12
9E,MSP,37700,-50.0,893.0,3.14,0.0081,1|2|3|4|5|6|7|8|9|10|11|12
9E,CVG,33025,-56.0,1035.0,2.07,0.0174,1|2|3|4|5|6|7|8|9|10|11|12
9E,RDU,32125,-47.0,1018.0,8.06,0.0297,1|2|3|4|5|6|7|8|9|10|11|12
9E,CLT,15665,-53.0,1027.0,9.04,0.0393,1|2|3|4|5|6|7|8|9|10|11|12
9E,TYS,14545,-49.0,781.0,-4.82,0.0172,1|2|3|4|5|6|7|8|9|10|11|12
9E,ROC,13415,-49.0,1184.0,1.37,0.0335,1|2|3|4|5|6|7|8|9|10|11|12
9E,DSM,12960,-42.0,1272.0,0.87,0.0174,1|2|3|4|5|6|7|8|9|10|11|12
9E,CLE,12400,-48.0,1132.0,5.67,0.0278,1|2|3|4|5|6|7|8|9|10|11|12
9E,IND,12050,-48.0,1086.0,-1.08,0.0228,1|2|3|4|5|6|7|8|9|10|11|12
9E,ORF,10965,-43.0,1024.0,6.57,0.0274,1|2|3|4|5|6|7|8|9|10|11|12
9E,RIC,10165,-46.0,1101.0,7.08,0.032,1|2|3|4|5|6|7|8|9|10|11|12
9E,DCA,10080,-44.0,1036.0,8.48,0.0193,1|2|3|4|5|6|7|8|9|10|11|12
9E,SYR,10025,-56.0,677.0,-3.64,0.0249,1|2|3|4|5|6|7|8|9|10|11|12
9E,CHS,9920,-46.0,849.0,3.8,0.0428,1|2|3|4|5|6|7|8|9|10|11|12
9E,XNA,9750,-44.0,894.0,0.3,0.0062,1|2|3|4|5|6|7|8|9|10|11|12
9E,BUF,9605,-49.0,996.0,0.6,0.0302,1|2|3|4|5|6|7|8|9|10|11|12
9E,SAV,9280,-46.0,1159.0,5.9,0.0377,1|2|3|4|5|6|7|8|9|10|11|12
9E,PIT,8990,-50.0,1011.0,7.28,0.0273,1|2|3|4|5|6|7|8|9|10|11|12
9E,CHO,8920,-43.0,1063.0,2.28,0.0269,1|2|3|4|5|6|7|8|9|10|11|12
9E,BTV,8910,-48.0,916.0,1.7,0.0281,1|2|3|4|5|6|7|8|9|10|11|12
9E,EWR,8145,-50.0,1110.0,18.86,0.0387,1|2|3|4|5|6|7|8|9|10|11|12
9E,AGS,8010,-36.0,1091.0,6.97,0.0206,1|2|3|4|5|6|7|8|9|10|11|12
9E,GSO,7765,-46.0,879.0,-2.87,0.0277,1|2|3|4|5|6|7|8|9|10|11|12
9E,CHA,7665,-41.0,1088.0,2.92,0.0065,1|2|3|4|5|6|7|8|9|10|11|12
9E,STL,7375,-42.0,836.0,-2.73,0.0353,1|2|3|4|5|6|7|8|9|10|11|12
9E,GSP,6890,-43.0,829.0,-0.08,0.0218,1|2|3|4|5|6|7|8|9|10|11|12
9E,ILM,6550,-39.0,829.0,1.54,0.0214,1|2|3|4|5|6|7|8|9|10|11|12
9E,BGR,6290,-47.0,459.0,-6.18,0.0405,1|2|3|4|5|6|7|8|9|10|11|12
9E,CAE,6260,-37.0,542.0,1.16,0.0192,1|2|3|4|5|6|7|8|9|10|11|12
9E,MCI,6130,-42.0,1047.0,6.55,0.0424,1|2|3|4|5|6|7|8|9|10|11|12
9E,BNA,5930,-43.0,1214.0,17.46,0.0379,1|2|3|4|5|6|7|8|9|10|11|12
9E,SHV,5850,-37.0,667.0,-1.61,0.0162,1|2|3|4|5|6|7|8|9|10|11|12
9E,TRI,5655,-41.0,685.0,-4.31,0.0071,1|2|3|4|5|6|7|8|9|10|11|12
9E,BHM,5565,-50.0,730.0,-0.67,0.035,1|2|3|4|5|6|7|8|9|10|11|12
9E,ALB,5440,-51.0,394.0,-4.39,0.0193,1|2|3|4|5|6|7|8|9|10|11|12
9E,MEM,5295,-39.0,1305.0,0.3,0.0264,1|2|3|4|5|6|7|8|9|10|11|12
9E,ABE,5075,-47.0,575.0,0.67,0.0138,1|2|3|4|5|6|7|8|9|10|11|12
9E,HPN,4775,-45.0,899.0,1.15,0.0147,1|2|3|4|5|6|7|8|9|10|11|12
9E,ROA,4775,-41.0,830.0,3.75,0.0188,1|2|3|4|5|6|7|8|9|10|11|12
9E,GRR,4675,-42.0,390.0,-2.34,0.0406,1|2|3|4|5|6|7|8|9|10|11|12
9E,MGM,4605,-35.0,1132.0,4.9,0.0065,1|2|3|4|5|6|7|8|9|10|11|12
9E,JAX,4535,-52.0,1147.0,-0.2,0.0276,1|2|3|4|5|6|7|8|9|10|11|12
9E,MKE,4515,-45.0,1114.0,7.81,0.0244,1|2|3|4|5|6|7|8|9|10|11|12
9E,PWM,4465,-44.0,1269.0,13.94,0.0426,1|2|3|4|5|6|7|8|9|10|11|12
9E,AEX,4385,-34.0,979.0,9.61,0.0103,1|2|3|4|5|6|7|8|9|10|11|12
9E,MLU,4345,-42.0,885.0,7.12,0.0081,1|2|3|4|5|6|7|8|9|10|11|12
9E,LFT,3985,-42.0,1171.0,0.74,0.0125,1|2|3|4|5|6|7|8|9|10|11|12
9E,MOB,3845,-33.0,1136.0,-0.21,0.0091,1|2|3|4|5|6|7|8|9|10|11|12
9E,MSN,3755,-58.0,712.0,-0.3,0.0226,1|2|3|4|5|6|7|8|9|10|11|12
9E,PVD,3720,-40.0,1135.0,4.15,0.0228,1|2|3|4|5|6|7|8|9|10|11|12
9E,CWA,3655,-44.0,386.0,-2.9,0.0082,1|2|3|4|5|6|7|8|9|10|11|12
9E,GTR,3645,-38.0,381.0,-3.9,0.011,1|2|3|4|5|6|7|8|9|10|11|12
9E,BMI,3645,-38.0,567.0,0.36,0.0123,1|2|3|4|5|6|7|8|9|10|11|12
9E,ITH,3635,-55.0,1074.0,-3.83,0.0289,1|2|3|4|5|6|7|8|9|10|11|12
9E,MLI,3610,-36.0,477.0,2.49,0.0208,1|2|3|4|5|6|7|8|9|10|11|12
9E,VLD,3600,-34.0,405.0,3.89,0.0236,1|2|3|4|5|6|7|8|9|10|11|12
9E,EVV,3505,-40.0,422.0,-4.27,0.01,1|2|3|6|7|8|9|10|11|12
9E,AVL,3360,-43.0,949.0,1.92,0.0208,1|2|3|4|5|6|7|8|9|10|11|12
9E,SGF,3170,-40.0,339.0,0.72,0.0047,1|2|3|4|5|7|8|9|10|11|12
9E,TLH,3130,-37.0,1143.0,8.5,0.024,1|2|3|4|5|6|7|8|9|10|11|12
9E,CSG,2975,-37.0,1247.0,3.69,0.0303,1|2|3|4|5|6|7|8|9|10|11|12
9E,HSV,2950,-32.0,989.0,2.61,0.0153,1|2|3|4|5|6|7|8|10|11|12
9E,OAJ,2740,-39.0,1157.0,0.57,0.0,1|2|3|4|5|6|7|8|9|10|11|12
9E,MYR,2725,-42.0,1011.0,-1.78,0.0239,1|2|3|4|5|6|7|8|9|10|11|12
9E,DHN,2675,-41.0,937.0,3.57,0.0056,1|2|3|4|5|6|9|10|11|12
9E,BWI,2500,-45.0,494.0,10.34,0.056,1|2|3|4|5|6|7|8|9|10
9E,BTR,2495,-34.0,1015.0,5.55,0.018,1|2|3|5|6|7|8|9|10|11|12
9E,OMA,2480,-39.0,779.0,5.02,0.0302,1|2|3|4|5|6|7|8|9|10|11|12
9E,DAY,2405,-38.0,558.0,-2.41,0.0229,1|2|3|4|5|6|7|8|9|10|11|12
9E,IAD,1940,-55.0,382.0,-5.31,0.0026,1|2|3|4|9|10|11|12
9E,AUS,1895,-35.0,1225.0,14.15,0.0053,1|2|3|4|5|6|7|11
9E,BGM,1830,-50.0,1051.0,7.27,0.0328,1|2|3|4|5|6|7|8|9|10|11|12
9E,BDL,1830,-31.0,303.0,1.55,0.0301,1|2|3|4|5|6|7|8|9|10|12
9E,FSD,1770,-48.0,412.0,5.62,0.0085,1|2|3|4|5|6|7|8|9|10|11|12
9E,FAY,1745,-32.0,949.0,8.37,0.0,1|2|3|4|5|6|9|10|11|12
9E,ORH,1495,-40.0,1027.0,10.19,0.0502,1|2|3|4|5|6|7|8|9|10|11|12
9E,MDT,1440,-50.0,391.0,-2.32,0.0104,1|2|3|4|5|6|11|12
9E,LIT,1420,-39.0,457.0,8.23,0.0141,1|2|3|4|6|7|8|9|10|11|12
9E,PNS,1320,-43.0,1089.0,16.91,0.0114,1|2|3|4|5|6|7|8|9|11|12
9E,TUL,1300,-44.0,156.0,-1.43,0.0,1|2|3|4|5|6|9|10|11|12
9E,CMH,1255,-40.0,344.0,1.48,0.004,1|3|4|5|6|8|9|10|11|12
9E,JAN,1240,-30.0,894.0,3.44,0.004,1|2|9|10|11|12
9E,RST,1220,-35.0,865.0,8.85,0.0205,1|2|3|4|6|7|8|9|10|12
9E,TVC,1200,-37.0,1144.0,6.03,0.0083,1|4|5|6|7|8|9|10|11
9E,FWA,1165,-54.0,351.0,-2.94,0.0343,1|2|3|11
9E,FAR,1120,-36.0,267.0,-2.27,0.0045,1|2|3|4|5|6|7|8|9|10|11
9E,LEX,1075,-38.0,181.0,-1.7,0.0,1|2|3|4|5|11|12
9E,RAP,975,-37.0,951.0,10.47,0.0,6|7|8|11|12
9E,DLH,945,-27.0,241.0,8.02,0.0106,4|5|6|7|8|9
9E,CRW,900,-36.0,149.0,-6.53,0.0,1|3|4|9|10|11|12
9E,ATW,875,-34.0,420.0,9.39,0.0,1|4|5|6|7|8|9|10
9E,SDF,865,-36.0,518.0,9.88,0.0231,1|2|4|5|6|7|8|9|10|12
9E,ICT,840,-34.0,204.0,1.93,0.0,1|2|3|11|12
9E,CID,800,-35.0,129.0,-2.62,0.0,1|4|5|9|10|11
9E,EYW,795,-27.0,561.0,21.96,0.0189,1|2|3|4|5|12
9E,PHL,750,-37.0,371.0,-2.3,0.0,1|2|3|11|12
9E,LAN,730,-32.0,280.0,0.34,0.0205,1|2|3|7|8|9|10
9E,BQK,710,-31.0,508.0,8.09,0.0,3|4|6|7|11|12
9E,GNV,610,-42.0,322.0,1.05,0.0082,1|3|4|6|7|8|11|12
9E,MQT,600,-45.0,87.0,-14.38,0.025,1|2|3|5|6
9E,MBS,480,-27.0,103.0,-4.93,0.0,4|5|6|7|8
9E,GFK,430,-45.0,478.0,10.98,0.0,1|2|3|9|12
9E,ORD,395,-26.0,266.0,10.86,0.0127,1|3|4|6|7|10|11
9E,GRB,365,-42.0,331.0,-10.49,0.0,1|4|5|10
9E,GPT,275,-34.0,221.0,-1.07,0.0,1|4|11|12
9E,ABY,190,-32.0,321.0,4.37,0.0,1|2|3|11|12
9E,ECP,120,-22.0,262.0,35.21,0.0,1
9E,FLL,110,-21.0,89.0,13.86,0.0,1|12
9E,VPS,105,-9.0,102.0,23.5,0.0476,1|2|3|9|10
9E,RSW,95,-28.0,78.0,5.32,0.0,1|12
9E,MIA,75,-23.0,99.0,35.53,0.0,1|12
9E,AZO,70,-22.0,71.0,-2.93,0.0,1
9E,SBN,55,-31.0,-9.0,-16.45,0.0,1|9|10|11|12
9E,BIS,50,-17.0,102.0,16.0,0.0,7|8|9
9E,TPA,40,-3.0,296.0,87.63,0.0,12
9E,BOS,40,-38.0,23.0,-17.86,0.125,1
9E,OKC,20,-12.0,171.0,39.0,0.0,10|11
9E,MSY,10,-42.0,-13.0,-27.5,0.0,1
9E,DFW,10,127.0,133.0,130.0,0.0,12
AA,DFW,829330,-63.0,2114.0,19.29,0.0199,1|2|3|4|5|6|7|8|9|10|11|12
AA,CLT,630890,-65.0,1637.0,17.11,0.0134,1|2|3|4|5|6|7|8|9|10|11|12
AA,MIA,298400,-68.0,1816.0,17.41,0.0168,1|2|3|4|5|6|7|8|9|10|11|12
AA,PHX,275315,-88.0,1479.0,8.34,0.0055,1|2|3|4|5|6|7|8|9|10|11|12
AA,ORD,259090,-71.0,2418.0,16.99,0.0111,1|2|3|4|5|6|7|8|9|10|11|12
AA,PHL,227360,-67.0,2189.0,11.19,0.0168,1|2|3|4|5|6|7|8|9|10|11|12
AA,LAX,151500,-64.0,2627.0,9.76,0.0067,1|2|3|4|5|6|7|8|9|10|11|12
AA,DCA,136990,-82.0,1964.0,9.64,0.0156,1|2|3|4|5|6|7|8|9|10|11|12
AA,MCO,89930,-48.0,1399.0,14.95,0.0192,1|2|3|4|5|6|7|8|9|10|11|12
AA,BOS,85630,-77.0,2251.0,4.68,0.0137,1|2|3|4|5|6|7|8|9|10|11|12
AA,LGA,83095,-66.0,1887.0,8.7,0.0231,1|2|3|4|5|6|7|8|9|10|11|12
AA,JFK,72305,-89.0,1707.0,0.72,0.0113,1|2|3|4|5|6|7|8|9|10|11|12
AA,LAS,69700,-55.0,3023.0,12.32,0.0107,1|2|3|4|5|6|7|8|9|10|11|12
AA,AUS,69195,-47.0,3803.0,19.5,0.0149,1|2|3|4|5|6|7|8|9|10|11|12
AA,TPA,63595,-47.0,1682.0,15.9,0.028,1|2|3|4|5|6|7|8|9|10|11|12
AA,RDU,56585,-60.0,2432.0,14.56,0.017,1|2|3|4|5|6|7|8|9|10|11|12
AA,SFO,53550,-67.0,2972.0,15.84,0.0096,1|2|3|4|5|6|7|8|9|10|11|12
AA,SAN,45865,-52.0,3354.0,13.74,0.0119,1|2|3|4|5|6|7|8|9|10|11|12
AA,DEN,42050,-62.0,2012.0,13.93,0.0163,1|2|3|4|5|6|7|8|9|10|11|12
AA,BNA,42005,-44.0,2989.0,21.61,0.0215,1|2|3|4|5|6|7|8|9|10|11|12
AA,SAT,40010,-44.0,2100.0,14.87,0.018,1|2|3|4|5|6|7|8|9|10|11|12
AA,ATL,38480,-53.0,2390.0,18.26,0.0173,1|2|3|4|5|6|7|8|9|10|11|12
AA,JAX,36750,-55.0,1877.0,15.55,0.0189,1|2|3|4|5|6|7|8|9|10|11|12
AA,STL,35530,-48.0,2334.0,15.29,0.0159,1|2|3|4|5|6|7|8|9|10|11|12
AA,IAH,35360,-56.0,3136.0,19.77,0.028,1|2|3|4|5|6|7|8|9|10|11|12
AA,EWR,33980,-67.0,1606.0,13.54,0.0244,1|2|3|4|5|6|7|8|9|10|11|12
AA,MSY,33745,-41.0,2185.0,19.21,0.016,1|2|3|4|5|6|7|8|9|10|11|12
AA,IND,33445,-57.0,2554.0,11.68,0.0121,1|2|3|4|5|6|7|8|9|10|11|12
AA,SNA,32725,-63.0,2062.0,10.11,0.0121,1|2|3|4|5|6|7|8|9|10|11|12
AA,FLL,32500,-46.0,1940.0,18.85,0.0191,1|2|3|4|5|6|7|8|9|10|11|12
AA,PIT,31555,-71.0,2779.0,13.17,0.0128,1|2|3|4|5|6|7|8|9|10|11|12
AA,PBI,29975,-48.0,2093.0,20.05,0.018,1|2|3|4|5|6|7|8|9|10|11|12
AA,DTW,29235,-63.0,2236.0,9.98,0.018,1|2|3|4|5|6|7|8|9|10|11|12
AA,MCI,28990,-56.0,1762.0,15.27,0.0138,1|2|3|4|5|6|7|8|9|10|11|12
AA,SEA,27840,-54.0,3359.0,10.63,0.0154,1|2|3|4|5|6|7|8|9|10|11|12
AA,RSW,27045,-39.0,1742.0,16.44,0.0233,1|2|3|4|5|6|7|8|9|10|11|12
AA,CHS,24390,-43.0,1991.0,14.68,0.0185,1|2|3|4|5|6|7|8|9|10|11|12
AA,MSP,23400,-59.0,2008.0,10.35,0.0137,1|2|3|4|5|6|7|8|9|10|11|12
AA,CLE,23265,-62.0,1626.0,9.98,0.0193,1|2|3|4|5|6|7|8|9|10|11|12
AA,MEM,21535,-45.0,2223.0,15.7,0.0172,1|2|3|4|5|6|7|8|9|10|11|12
AA,BDL,19835,-57.0,1388.0,10.07,0.0164,1|2|3|4|5|6|7|8|9|10|11|12
AA,SJU,19755,-47.0,3020.0,23.26,0.0043,1|2|3|4|5|6|7|8|9|10|11|12
AA,SLC,19205,-55.0,2071.0,13.1,0.0148,1|2|3|4|5|6|7|8|9|10|11|12
AA,PDX,18905,-49.0,3007.0,12.33,0.0148,1|2|3|4|5|6|7|8|9|10|11|12
AA,BWI,18840,-70.0,1866.0,10.75,0.0175,1|2|3|4|5|6|7|8|9|10|11|12
AA,RIC,18695,-48.0,1250.0,14.25,0.0158,1|2|3|4|5|6|7|8|9|10|11|12
AA,CMH,17600,-65.0,3143.0,16.18,0.0165,1|2|3|4|5|6|7|8|9|10|11|12
AA,SMF,17555,-60.0,3241.0,12.14,0.0159,1|2|3|4|5|6|7|8|9|10|11|12
AA,ONT,17100,-48.0,1482.0,9.34,0.0117,1|2|3|4|5|6|7|8|9|10|11|12
AA,CVG,16665,-55.0,1792.0,14.63,0.0189,1|2|3|4|5|6|7|8|9|10|11|12
AA,TUS,16405,-41.0,1693.0,11.56,0.0171,1|2|3|4|5|6|7|8|9|10|11|12
AA,OMA,15805,-53.0,1619.0,12.83,0.013,1|2|3|4|5|6|7|8|9|10|11|12
AA,ABQ,15040,-44.0,2574.0,17.2,0.0209,1|2|3|4|5|6|7|8|9|10|11|12
AA,ORF,14340,-56.0,2427.0,15.74,0.0202,1|2|3|4|5|6|7|8|9|10|11|12
AA,ELP,13750,-35.0,1771.0,14.85,0.0171,1|2|3|4|5|6|7|8|9|10|11|12
AA,MKE,13525,-44.0,2282.0,20.22,0.017,1|2|3|4|5|6|7|8|9|10|11|12
AA,OKC,13505,-37.0,2161.0,16.41,0.0185,1|2|3|4|5|6|7|8|9|10|11|12
AA,SRQ,13115,-42.0,1630.0,19.32,0.0324,1|2|3|4|5|6|7|8|9|10|11|12
AA,SDF,12880,-43.0,2549.0,22.58,0.0202,1|2|3|4|5|6|7|8|9|10|11|12
AA,GRR,12610,-62.0,3208.0,15.53,0.0123,1|2|3|4|5|6|7|8|9|10|11|12
AA,DSM,12460,-69.0,2833.0,24.76,0.0169,1|2|3|4|5|6|7|8|9|10|11|12
AA,TUL,12165,-37.0,2009.0,19.19,0.0226,1|2|3|4|5|6|7|8|9|10|11|12
AA,RNO,12015,-54.0,1493.0,13.6,0.0125,1|2|3|4|5|6|7|8|9|10|11|12
AA,HNL,11270,-78.0,2270.0,-6.2,4.0E-4,1|2|3|4|5|6|7|8|9|10|11|12
AA,PVD,11025,-37.0,1419.0,11.79,0.0091,1|2|3|4|5|6|7|8|9|10|11|12
AA,BUF,10890,-53.0,1613.0,15.07,0.0138,1|2|3|4|5|6|7|8|9|10|11|12
AA,MSN,10335,-62.0,2709.0,24.21,0.0121,1|2|3|4|5|6|7|8|9|10|11|12
AA,FAT,10225,-42.0,1888.0,16.96,0.0142,1|2|3|4|5|6|7|8|9|10|11|12
AA,STT,9955,-53.0,2346.0,26.77,0.009,1|2|3|4|5|6|7|8|9|10|11|12
AA,SAV,9490,-41.0,1884.0,21.27,0.0253,1|2|3|4|5|6|7|8|9|10|11|12
AA,VPS,9375,-43.0,2868.0,28.16,0.0144,1|2|3|4|5|6|7|8|9|10|11|12
AA,MFE,9070,-37.0,1399.0,19.06,0.0226,1|2|3|4|5|6|7|8|9|10|11|12
AA,PSP,8915,-46.0,1308.0,10.65,0.0123,1|2|3|4|5|6|7|8|9|10|11|12
AA,PNS,8880,-35.0,1526.0,33.62,0.0248,1|2|3|4|5|6|7|8|9|10|11|12
AA,PWM,8830,-49.0,2901.0,20.83,0.0215,1|2|3|4|5|6|7|8|9|10|11|12
AA,EYW,8655,-40.0,2685.0,41.08,0.0295,1|2|3|4|5|6|7|8|9|10|11|12
AA,SYR,8360,-65.0,2710.0,12.47,0.0114,1|2|3|4|5|6|7|8|9|10|11|12
AA,TYS,7560,-58.0,2884.0,17.53,0.0231,1|2|3|4|5|6|7|8|9|10|11|12
AA,ILM,7435,-39.0,1612.0,12.38,0.0215,1|2|3|4|5|6|7|8|9|10|11|12
AA,SJC,7240,-45.0,1645.0,9.3,0.0104,1|2|3|4|5|6|7|8|9|10|11|12
AA,ALB,7225,-80.0,1487.0,13.84,0.0083,1|2|3|4|5|6|7|8|9|10|11|12
AA,GEG,7170,-54.0,2168.0,17.59,0.0084,1|2|3|4|5|6|7|8|9|10|11|12
AA,GSP,6700,-48.0,1578.0,19.57,0.0246,1|2|3|4|5|6|7|8|9|10|11|12
AA,EGE,6630,-55.0,1521.0,36.55,0.0136,1|2|3|4|5|6|7|8|9|10|11|12
AA,GSO,6615,-60.0,1753.0,23.23,0.0272,1|2|3|4|5|6|7|8|9|10|11|12
AA,XNA,6410,-29.0,2307.0,25.17,0.0109,1|2|3|4|5|6|7|8|9|10|11|12
AA,OGG,6285,-70.0,1712.0,-1.36,0.004,1|2|3|4|5|6|7|8|9|10|11|12
AA,CID,6265,-47.0,2070.0,29.4,0.0319,1|2|3|4|5|6|7|8|9|10|11|12
AA,BUR,6145,-45.0,2230.0,15.09,0.0098,1|2|3|4|5|6|7|8|9|10|11|12
AA,MYR,5845,-38.0,893.0,11.1,0.0197,1|2|3|4|5|6|7|8|9|10|11|12
AA,COS,5380,-43.0,1478.0,17.72,0.0251,1|2|3|4|5|6|7|8|9|10|11|12
AA,LEX,5325,-43.0,1679.0,25.62,0.0254,1|2|3|4|5|6|7|8|9|10|11|12
AA,MDT,5275,-54.0,1449.0,16.91,0.0114,1|2|3|4|5|6|7|8|9|10|11|12
AA,JAC,5220,-48.0,2700.0,49.31,0.0115,1|2|3|4|5|6|7|8|9|10|11|12
AA,SBA,5140,-43.0,1418.0,16.65,0.0136,1|2|3|4|5|6|7|8|9|10|11|12
AA,BFL,4590,-40.0,1106.0,7.59,0.0109,1|2|3|4|5|6|7|8|9|10|11|12
AA,BZN,4545,-47.0,1767.0,30.7,0.0033,1|2|3|4|5|6|7|8|9|10|11|12
AA,BOI,4505,-45.0,727.0,6.85,0.0144,1|2|3|4|5|6|7|8|9|10|11|12
AA,ROC,4340,-38.0,1112.0,18.25,0.0161,1|2|3|4|5|6|7|8|9|10|11|12
AA,AVP,4125,-40.0,1141.0,13.48,0.0109,1|2|3|4|5|6|7|8|9|10|11|12
AA,SBP,3995,-41.0,1256.0,24.12,0.0038,1|2|3|4|5|6|7|8|9|10|11|12
AA,EUG,3850,-38.0,1713.0,18.46,0.0169,1|2|3|4|5|6|7|8|9|10|11|12
AA,LIT,3795,-29.0,2579.0,28.66,0.0184,1|2|3|4|5|6|7|8|9|10|11|12
AA,STX,3760,-39.0,2899.0,33.93,0.0066,1|2|3|4|5|6|7|8|9|10|11|12
AA,KOA,3755,-76.0,1535.0,8.13,0.0,1|2|3|4|5|6|7|8|9|10|11|12
AA,LIH,3745,-73.0,1284.0,0.57,0.0,1|2|3|4|5|6|7|8|9|10|11|12
AA,IAD,3695,-49.0,2147.0,9.57,0.0162,1|2|3|4|5|6|7|8|9|10|11|12
AA,BTV,3565,-39.0,1556.0,12.9,0.0126,1|2|3|4|5|6|7|8|9|10|11|12
AA,ECP,3525,-32.0,2218.0,36.47,0.0199,1|2|3|4|5|6|7|8|9|10|11|12
AA,CAE,3480,-38.0,1892.0,25.73,0.0302,1|2|3|4|5|6|7|8|9|10|11|12
AA,FSD,3260,-46.0,1539.0,16.82,0.0138,1|2|3|4|5|6|7|8|9|10|11|12
AA,MRY,3230,-48.0,1530.0,24.89,0.0139,1|2|3|4|5|6|7|8|9|10|11|12
AA,BGR,3030,-37.0,1304.0,24.93,0.0198,6|7|8|9|10|11
AA,ICT,2800,-32.0,1230.0,26.81,0.0286,1|2|3|4|5|6|7|8|9|10|11|12
AA,MTJ,2520,-31.0,1396.0,20.85,0.002,1|2|3|4|6|7|8|9|10|11|12
AA,ANC,2490,-52.0,2236.0,23.16,0.004,1|3|4|5|6|7|8|9|10|11|12
AA,AVL,2420,-39.0,2597.0,46.54,0.0537,1|2|4|5|6|7|8|9|10|11|12
AA,LBB,2120,-37.0,1787.0,28.55,0.0259,1|2|3|4|5|6|7|10|11|12
AA,BHM,1950,-29.0,2577.0,37.52,0.0154,1|2|5|6|9|10|11|12
AA,FCA,1915,-43.0,1672.0,23.76,0.0052,6|7|8|9|10|11
AA,DAB,1575,-27.0,402.0,6.98,0.0095,1|2|3|4|5|6
AA,MSO,1160,-38.0,926.0,11.29,0.0043,1|6|7|8|9|10|11|12
AA,AMA,1025,-31.0,977.0,21.83,0.0244,1|2|10|11|12
AA,HDN,915,-33.0,1561.0,49.46,0.0055,1|2|3|4|12
AA,STS,900,-30.0,1590.0,55.51,0.0056,5|6|7|8|9|10|11
AA,RAP,660,-31.0,1508.0,48.29,0.0152,6|7|8|9|10
AA,RDM,650,-31.0,1380.0,87.43,0.0154,5|6|7|8|9|10
AA,GUC,620,-36.0,1205.0,35.98,0.0161,1|2|3|4|12
AA,MHT,595,-31.0,1331.0,18.61,0.0,4|5|6
AA,TVC,455,-24.0,1139.0,62.25,0.0,6|7|8|9
AA,AGS,115,-20.0,179.0,34.35,0.0,4
AA,HSV,65,-29.0,85.0,15.38,0.0,11|12
AA,DRO,45,-16.0,137.0,36.56,0.0,6|7|8
AA,SBN,10,-37.0,7.0,-15.0,0.0,11
AS,SEA,389630,-70.0,540.0,6.1,0.0154,1|2|3|4|5|6|7|8|9|10|11|12
AS,PDX,84665,-60.0,450.0,3.61,0.0209,1|2|3|4|5|6|7|8|9|10|11|12
AS,ANC,71210,-65.0,499.0,0.99,0.0164,1|2|3|4|5|6|7|8|9|10|11|12
AS,SFO,57330,-65.0,850.0,6.8,0.0259,1|2|3|4|5|6|7|8|9|10|11|12
AS,SAN,51280,-58.0,899.0,7.43,0.027,1|2|3|4|5|6|7|8|9|10|11|12
AS,LAX,46295,-64.0,558.0,1.48,0.0188,1|2|3|4|5|6|7|8|9|10|11|12
AS,LAS,27150,-61.0,603.0,8.96,0.0221,1|2|3|4|5|6|7|8|9|10|11|12
AS,PHX,25045,-56.0,513.0,3.86,0.0194,1|2|3|4|5|6|7|8|9|10|11|12
AS,JNU,22865,-46.0,780.0,0.6,0.0188,1|2|3|4|5|6|7|8|9|10|11|12
AS,HNL,21845,-65.0,678.0,4.28,0.0266,1|2|3|4|5|6|7|8|9|10|11|12
AS,SNA,20555,-43.0,682.0,0.29,0.0122,1|2|3|4|5|6|7|8|9|10|11|12
AS,JFK,18915,-82.0,796.0,-0.22,0.0301,1|2|3|4|5|6|7|8|9|10|11|12
AS,EWR,16315,-70.0,511.0,5.81,0.0291,1|2|3|4|5|6|7|8|9|10|11|12
AS,ORD,15775,-57.0,917.0,8.33,0.0146,1|2|3|4|5|6|7|8|9|10|11|12
AS,SJC,14235,-54.0,658.0,-1.49,0.0228,1|2|3|4|5|6|7|8|9|10|11|12
AS,AUS,14140,-50.0,613.0,8.32,0.0258,1|2|3|4|5|6|7|8|9|10|11|12
AS,MCO,13175,-61.0,439.0,13.28,0.0387,1|2|3|4|5|6|7|8|9|10|11|12
AS,FAI,13055,-53.0,452.0,-1.01,0.0111,1|2|3|4|5|6|7|8|9|10|11|12
AS,BOS,12915,-72.0,735.0,4.28,0.0163,1|2|3|4|5|6|7|8|9|10|11|12
AS,KTN,12060,-65.0,593.0,-2.57,0.0182,1|2|3|4|5|6|7|8|9|10|11|12
AS,DFW,11950,-52.0,540.0,13.61,0.0222,1|2|3|4|5|6|7|8|9|10|11|12
AS,GEG,11465,-37.0,294.0,1.26,0.017,1|2|3|4|5|6|7|8|9|10|11|12
AS,BUR,11180,-39.0,490.0,2.68,0.0219,1|2|3|4|5|6|7|8|9|10|11|12
AS,DEN,11140,-49.0,359.0,4.8,0.0135,1|2|3|4|5|6|7|8|9|10|11|12
AS,OGG,10500,-69.0,521.0,2.25,0.0362,1|2|3|4|5|6|7|8|9|10|11|12
AS,IAD,10465,-67.0,323.0,5.52,0.0153,1|2|3|4|5|6|7|8|9|10|11|12
AS,KOA,10235,-68.0,550.0,1.69,0.0308,1|2|3|4|5|6|7|8|9|10|11|12
AS,DCA,9080,-72.0,309.0,-2.72,0.0077,1|2|3|4|5|6|7|8|9|10|11|12
AS,PSP,7575,-65.0,319.0,0.92,0.037,1|2|3|4|5|6|7|8|9|10|11|12
AS,ATL,7175,-62.0,316.0,4.07,0.0202,1|2|3|4|5|6|7|8|9|10|11|12
AS,ONT,7070,-46.0,480.0,0.38,0.024,1|2|3|4|5|6|7|8|9|10|11|12
AS,SIT,6590,-39.0,498.0,-1.49,0.0152,1|2|3|4|5|6|7|8|9|10|11|12
AS,SLC,6170,-46.0,638.0,3.37,0.0186,1|2|3|4|5|6|7|8|9|10|11|12
AS,BNA,6065,-58.0,436.0,-1.87,0.0107,1|2|3|4|5|6|7|8|9|10|11|12
AS,SMF,5675,-38.0,348.0,3.77,0.0159,1|2|3|4|5|6|7|8|9|10|11|12
AS,LIH,5540,-82.0,486.0,5.64,0.0099,1|2|3|4|5|6|7|8|9|10|11|12
AS,TPA,5485,-59.0,852.0,16.42,0.0447,1|2|3|4|5|6|7|8|9|10|11|12
AS,PAE,5300,-49.0,414.0,-1.24,0.0302,1|2|3|4|5|6|7|8|9|10|11|12
AS,MSP,5250,-58.0,485.0,1.81,0.0143,1|2|3|4|5|6|7|8|9|10|11|12
AS,FLL,4970,-55.0,344.0,11.16,0.0755,1|2|3|4|5|6|7|8|9|10|11|12
AS,IAH,4405,-52.0,323.0,4.79,0.0238,1|2|3|4|5|6|7|8|9|10|11|12
AS,ADQ,4080,-38.0,782.0,1.35,0.0208,1|2|3|4|5|6|7|8|9|10|11|12
AS,STL,3890,-60.0,473.0,-0.75,0.0116,1|2|3|4|5|6|7|8|9|10|11|12
AS,MCI,3860,-41.0,247.0,-1.76,0.0104,1|2|3|4|5|6|7|8|9|10|11|12
AS,BET,3630,-36.0,302.0,12.03,0.011,1|2|3|4|5|6|7|8|9|10|11|12
AS,OAK,3630,-42.0,269.0,-2.57,0.0234,1|2|3|4|5|6|7|8|9|10|11|12
AS,WRG,3605,-39.0,238.0,-3.59,0.0153,1|2|3|4|5|6|7|8|9|10|11|12
AS,PSG,3600,-47.0,252.0,-2.25,0.0153,1|2|3|4|5|6|7|8|9|10|11|12
AS,CDV,3590,-37.0,244.0,-0.67,0.0195,1|2|3|4|5|6|7|8|9|10|11|12
AS,YAK,3575,-52.0,242.0,-4.55,0.0224,1|2|3|4|5|6|7|8|9|10|11|12
AS,MSY,3500,-48.0,704.0,5.64,0.0071,1|2|3|4|5|6|7|8|9|10|11|12
AS,BZN,3255,-50.0,301.0,6.32,0.0123,1|2|3|4|5|6|7|8|9|10|11|12
AS,PHL,3160,-55.0,253.0,8.51,0.0142,1|2|3|4|5|6|7|8|9|10|11|12
AS,SAT,3155,-45.0,303.0,5.71,0.0063,1|2|3|4|5|6|7|8|9|10|11|12
AS,BOI,3125,-41.0,404.0,3.81,0.0064,1|2|3|4|5|6|7|8|9|10|11|12
AS,RNO,2985,-32.0,320.0,5.38,0.0101,1|2|3|4|5|6|7|8|9|10|11|12
AS,BWI,2920,-44.0,650.0,11.02,0.0205,1|2|3|4|5|6|7|8|9|10|11|12
AS,SCC,2850,-44.0,422.0,-8.26,0.0316,1|2|3|4|5|6|7|8|9|10|11|12
AS,IND,2695,-47.0,520.0,6.21,0.0204,1|2|3|4|5|6|7|8|9|10|11|12
AS,MIA,2650,-73.0,359.0,11.47,0.0547,1|2|3|4|5|6|7|8|9|10|11|12
AS,TUS,2625,-52.0,251.0,8.12,0.0038,1|2|3|4|5|6|7|8|9|10|11|12
AS,RDU,2625,-58.0,862.0,8.92,0.0114,1|2|3|4|5|6|7|8|9|10|11|12
AS,DTW,2545,-51.0,336.0,4.75,0.0196,1|2|3|4|5|6|7|8|9|10|11|12
AS,CLE,2385,-47.0,364.0,1.44,0.0168,1|2|3|4|5|6|7|8|9|10|11|12
AS,MKE,2360,-40.0,194.0,-3.41,0.0085,1|2|3|4|5|6|7|8|9|10|11|12
AS,PIT,2350,-82.0,223.0,-3.61,0.0255,1|2|3|4|5|6|7|8|9|10|11|12
AS,CMH,2345,-59.0,175.0,-1.74,0.0192,1|2|3|4|5|6|7|8|9|10|11|12
AS,OMA,2340,-40.0,523.0,2.84,0.015,1|2|3|4|5|6|7|8|9|10|11|12
AS,RDM,2310,-24.0,360.0,9.37,0.026,1|2|3|4|5|6|7|8|9|10|11|12
AS,ABQ,2110,-45.0,266.0,4.53,0.0095,1|2|3|4|5|6|7|8|9|10|11|12
AS,FAT,1885,-35.0,289.0,3.33,0.0239,1|2|3|4|5|6|7|8|9|10|11|12
AS,PSC,1865,-33.0,385.0,9.59,0.0214,1|2|3|4|5|6|7|8|9|10|11|12
AS,OTZ,1825,-32.0,412.0,-1.22,0.0603,1|2|3|4|5|6|7|8|9|10|11|12
AS,BRW,1820,-29.0,285.0,11.36,0.0522,1|2|3|4|5|6|7|8|9|10|11|12
AS,OME,1820,-28.0,196.0,3.37,0.0357,1|2|3|4|5|6|7|8|9|10|11|12
AS,DAL,1810,-41.0,201.0,-2.38,0.0249,1|2|3|4|5|6|7|8|9|10|11|12
AS,CVG,1755,-49.0,239.0,3.87,0.0342,1|2|3|4|5|6|7|8|9|10|11|12
AS,CHS,1735,-58.0,152.0,-1.54,0.0259,1|2|3|4|5|6|7|8|9|10|11|12
AS,OKC,1735,-36.0,201.0,5.33,0.0231,1|2|3|4|5|6|7|8|9|10|11|12
AS,SBA,1645,-44.0,207.0,-2.29,0.0091,1|2|3|4|5|6|7|8|9|10|11|12
AS,STS,1575,-39.0,276.0,9.78,0.0095,1|3|4|5|6|7|8|9|10|11|12
AS,EUG,1490,-30.0,484.0,13.78,0.0235,1|2|3|5|6|7|8|9|10|11|12
AS,MSO,1245,-35.0,268.0,5.7,0.0,4|5|6|7|8|9|10|11|12
AS,AKN,890,-37.0,88.0,-3.27,0.0056,4|5|6|7|8|9
AS,RSW,850,-63.0,225.0,3.13,0.0412,1|2|3|4|5|6|7|8|9|11|12
AS,DLG,550,-36.0,226.0,3.52,0.0273,6|7|8|9
AS,ADK,520,-70.0,217.0,-6.83,0.0769,1|2|3|4|5|6|7|8|9|10|11|12
AS,GST,450,-35.0,220.0,-0.36,0.0667,6|7|8
AS,JAC,405,-49.0,154.0,4.16,0.0617,1|2|3|6|7|8
AS,SBP,310,-24.0,253.0,7.19,0.0,10|11|12
B6,BOS,205335,-82.0,981.0,7.38,0.0135,1|2|3|4|5|6|7|8|9|10|11|12
B6,JFK,180080,-88.0,885.0,10.73,0.0186,1|2|3|4|5|6|7|8|9|10|11|12
B6,FLL,94195,-95.0,1447.0,11.56,0.0126,1|2|3|4|5|6|7|8|9|10|11|12
B6,MCO,86350,-64.0,1029.0,14.53,0.0166,1|2|3|4|5|6|7|8|9|10|11|12
B6,SJU,50195,-62.0,1440.0,15.13,0.011,1|2|3|4|5|6|7|8|9|10|11|12
B6,LGA,47650,-65.0,1196.0,10.46,0.0219,1|2|3|4|5|6|7|8|9|10|11|12
B6,LAX,45785,-68.0,841.0,1.28,0.0034,1|2|3|4|5|6|7|8|9|10|11|12
B6,PBI,42670,-56.0,1150.0,11.02,0.0157,1|2|3|4|5|6|7|8|9|10|11|12
B6,DCA,41745,-51.0,1247.0,6.81,0.015,1|2|3|4|5|6|7|8|9|10|11|12
B6,EWR,27645,-90.0,751.0,9.16,0.0203,1|2|3|4|5|6|7|8|9|10|11|12
B6,HPN,26280,-56.0,972.0,3.6,0.0145,1|2|3|4|5|6|7|8|9|10|11|12
B6,TPA,26055,-54.0,785.0,13.71,0.0269,1|2|3|4|5|6|7|8|9|10|11|12
B6,SFO,21160,-60.0,1203.0,6.14,0.0043,1|2|3|4|5|6|7|8|9|10|11|12
B6,RSW,19095,-53.0,1544.0,16.97,0.0259,1|2|3|4|5|6|7|8|9|10|11|12
B6,BUF,17240,-84.0,1140.0,5.26,0.0209,1|2|3|4|5|6|7|8|9|10|11|12
B6,BDL,16860,-68.0,980.0,7.71,0.0136,1|2|3|4|5|6|7|8|9|10|11|12
B6,RDU,16005,-47.0,1108.0,11.62,0.0159,1|2|3|4|5|6|7|8|9|10|11|12
B6,ATL,14945,-44.0,1263.0,17.67,0.0157,1|2|3|4|5|6|7|8|9|10|11|12
B6,LAS,14810,-68.0,1380.0,9.61,0.0078,1|2|3|4|5|6|7|8|9|10|11|12
B6,MIA,9485,-52.0,960.0,22.34,0.0221,1|2|3|4|5|6|7|8|9|10|11|12
B6,JAX,9175,-45.0,1266.0,15.05,0.0207,1|2|3|4|5|6|7|8|9|10|11|12
B6,CHS,9160,-44.0,1668.0,12.2,0.0164,1|2|3|4|5|6|7|8|9|10|11|12
B6,RIC,8870,-46.0,1311.0,5.54,0.0118,1|2|3|4|5|6|7|8|9|10|11|12
B6,SAN,8785,-65.0,1232.0,14.16,0.0028,1|2|3|4|5|6|7|8|9|10|11|12
B6,PVD,7945,-53.0,947.0,3.14,0.0088,1|2|3|4|5|6|7|8|9|10|11|12
B6,BQN,7895,-53.0,1031.0,11.41,0.0127,1|2|3|4|5|6|7|8|9|10|11|12
B6,SLC,7595,-53.0,1581.0,15.73,0.0072,1|2|3|4|5|6|7|8|9|10|11|12
B6,BNA,6755,-61.0,1031.0,9.08,0.0178,1|2|3|4|5|6|7|8|9|10|11|12
B6,MSY,6755,-48.0,1612.0,19.23,0.0178,1|2|3|4|5|6|7|8|9|10|11|12
B6,SYR,6725,-45.0,1401.0,7.37,0.0223,1|2|3|4|5|6|7|8|9|10|11|12
B6,ORD,6210,-47.0,1833.0,19.33,0.0177,1|2|3|4|5|6|7|8|9|10|11|12
B6,DEN,6150,-52.0,1368.0,26.89,0.0098,1|2|3|4|5|6|7|8|9|10|11|12
B6,PIT,5970,-56.0,604.0,5.49,0.0176,1|2|3|4|5|6|7|8|9|10|11|12
B6,PHL,5395,-46.0,306.0,0.41,0.0167,1|2|3|4|5|6|7|8|9|10|11|12
B6,DTW,5170,-42.0,2512.0,11.79,0.0087,1|2|3|4|5|6|7|8|9|10|11|12
B6,ACK,5030,-41.0,394.0,8.43,0.0388,5|6|7|8|9|10
B6,PHX,4740,-55.0,2108.0,28.94,0.0116,1|2|3|4|5|6|7|8|9|10|11|12
B6,SAV,4555,-48.0,1129.0,12.03,0.011,1|2|3|4|5|6|7|8|9|10|11|12
B6,CLE,4100,-36.0,1050.0,6.28,0.0159,1|2|3|4|5|6|7|8|9|10|11|12
B6,AUS,3930,-48.0,1434.0,24.26,0.0102,1|2|3|4|5|6|7|8|9|10|11|12
B6,ALB,3865,-48.0,1197.0,13.04,0.0129,1|2|3|4|5|6|7|8|9|10|11|12
B6,SRQ,3840,-47.0,1203.0,13.68,0.0391,1|2|3|4|5|6|7|8|9|10|11|12
B6,ROC,3775,-35.0,561.0,15.27,0.0305,1|2|3|4|5|6|7|8|9|10|11|12
B6,SEA,3740,-55.0,1009.0,13.9,0.0067,1|2|3|4|5|6|7|8|9|10|11|12
B6,ORH,3695,-52.0,1335.0,13.98,0.0189,1|2|3|4|5|6|7|8|9|10|11|12
B6,IAH,3655,-48.0,1062.0,20.86,0.0219,1|2|3|4|5|6|7|8|9|10|11|12
B6,STT,3405,-51.0,1368.0,12.43,0.0191,1|2|3|4|5|6|7|8|9|10|11|12
B6,PSE,3220,-52.0,838.0,0.96,0.0233,1|2|3|4|5|6|7|8|9|10|11|12
B6,SAT,2890,-54.0,1493.0,25.66,0.0208,1|2|3|4|5|6|7|8|9|10
B6,MKE,2670,-46.0,1516.0,11.64,0.0112,1|2|3|4|5|6|7|8|9|10
B6,CLT,2640,-43.0,993.0,9.39,0.0189,1|2|3|4|5|6|7|8|9|10
B6,MVY,2585,-43.0,1045.0,20.77,0.0561,5|6|7|8|9|10
B6,SMF,1915,-42.0,1375.0,41.82,0.0131,1|2|3|4|5|6|7|8|9|10
B6,PWM,1825,-50.0,990.0,11.57,0.0466,5|6|7|8|9|10|11|12
B6,DFW,1800,-51.0,1227.0,34.37,0.0111,1|2|3|4|5|6|7|8|9|10|11|12
B6,MSP,1620,-41.0,1056.0,30.57,0.0154,1|2|3|4|5|6|7|8|9|10
B6,ONT,1500,-49.0,1005.0,5.06,0.02,1|2|3|4|5|6|7|8|9|10
B6,TLH,1485,-44.0,496.0,1.24,0.0202,1|2|3|4|5|6|7|8|9|10
B6,BUR,1445,-43.0,1268.0,41.29,0.0208,1|2|3|4|5|6|7|8|9|10
B6,RNO,1370,-49.0,1596.0,34.29,0.0219,1|2|3|4|5|6|7|8|12
B6,ABQ,1275,-41.0,1398.0,45.11,0.0196,2|3|4|5|6|7|8|9|10
B6,BWI,1110,-38.0,316.0,3.6,0.0225,1|2|3|4
B6,PDX,1065,-63.0,1267.0,39.26,0.0094,3|4|5|6|7|8|9|10
B6,MCI,815,-38.0,1186.0,28.61,0.0061,1|2|3|4|5|6
B6,EYW,805,-53.0,1452.0,32.24,0.0311,1|2|3|4|10|11|12
B6,SJC,800,-43.0,1184.0,27.49,0.0188,3|4|5|6|7|8|9
B6,ISP,740,-40.0,1179.0,11.84,0.0,10|11|12
B6,BZN,715,-48.0,1399.0,34.19,0.021,1|2|3|6|7|8|9|12
B6,PQI,585,-41.0,564.0,1.58,0.0085,9|10|11|12
B6,HYA,515,-25.0,1097.0,55.02,0.068,5|6|7|8|9
B6,AVL,410,-33.0,383.0,23.96,0.0122,6|7|8|9
B6,PSP,390,-55.0,1046.0,19.48,0.0128,1|2|3|4
B6,HDN,300,-44.0,1609.0,103.37,0.0167,2|3|4
B6,STX,100,-26.0,137.0,13.55,0.0,12
B6,BTV,30,-12.0,20.0,-0.67,0.0,1
DL,ATL,1135525,-65.0,976.0,5.35,0.0086,1|2|3|4|5|6|7|8|9|10|11|12
DL,MSP,346145,-77.0,1076.0,2.01,0.0083,1|2|3|4|5|6|7|8|9|10|11|12
DL,DTW,293805,-80.0,1148.0,5.09,0.0088,1|2|3|4|5|6|7|8|9|10|11|12
DL,SLC,270155,-64.0,1156.0,4.07,0.0062,1|2|3|4|5|6|7|8|9|10|11|12
DL,LAX,181325,-62.0,1070.0,3.2,0.0067,1|2|3|4|5|6|7|8|9|10|11|12
DL,SEA,158945,-78.0,1206.0,0.94,0.0056,1|2|3|4|5|6|7|8|9|10|11|12
DL,JFK,151810,-91.0,1112.0,1.93,0.0094,1|2|3|4|5|6|7|8|9|10|11|12
DL,LGA,136720,-75.0,1135.0,3.9,0.0139,1|2|3|4|5|6|7|8|9|10|11|12
DL,BOS,128065,-77.0,1117.0,2.47,0.0094,1|2|3|4|5|6|7|8|9|10|11|12
DL,MCO,108640,-71.0,1157.0,10.17,0.0149,1|2|3|4|5|6|7|8|9|10|11|12
DL,LAS,81120,-57.0,1117.0,0.56,0.0073,1|2|3|4|5|6|7|8|9|10|11|12
DL,SFO,64295,-57.0,1101.0,4.5,0.0068,1|2|3|4|5|6|7|8|9|10|11|12
DL,TPA,64295,-58.0,1040.0,8.3,0.0204,1|2|3|4|5|6|7|8|9|10|11|12
DL,DEN,62065,-63.0,1037.0,2.25,0.0086,1|2|3|4|5|6|7|8|9|10|11|12
DL,FLL,61315,-73.0,1198.0,9.93,0.0105,1|2|3|4|5|6|7|8|9|10|11|12
DL,DFW,60875,-58.0,1218.0,6.85,0.0093,1|2|3|4|5|6|7|8|9|10|11|12
DL,MIA,56920,-69.0,1254.0,13.51,0.0114,1|2|3|4|5|6|7|8|9|10|11|12
DL,RDU,56405,-67.0,1093.0,2.31,0.0088,1|2|3|4|5|6|7|8|9|10|11|12
DL,AUS,55860,-49.0,1144.0,6.84,0.0083,1|2|3|4|5|6|7|8|9|10|11|12
DL,ORD,54835,-57.0,1118.0,8.05,0.0112,1|2|3|4|5|6|7|8|9|10|11|12
DL,PHX,52785,-62.0,1075.0,0.39,0.0068,1|2|3|4|5|6|7|8|9|10|11|12
DL,SAN,47270,-62.0,1210.0,4.41,0.0069,1|2|3|4|5|6|7|8|9|10|11|12
DL,DCA,45220,-74.0,1013.0,2.52,0.0117,1|2|3|4|5|6|7|8|9|10|11|12
DL,BNA,41915,-69.0,1170.0,-1.66,0.0087,1|2|3|4|5|6|7|8|9|10|11|12
DL,IAH,40050,-51.0,1158.0,5.8,0.0112,1|2|3|4|5|6|7|8|9|10|11|12
DL,RSW,36175,-49.0,1171.0,6.0,0.0155,1|2|3|4|5|6|7|8|9|10|11|12
DL,MSY,36135,-64.0,1278.0,4.01,0.0095,1|2|3|4|5|6|7|8|9|10|11|12
DL,PDX,35800,-57.0,1067.0,-2.53,0.0084,1|2|3|4|5|6|7|8|9|10|11|12
DL,CVG,35600,-61.0,830.0,1.23,0.0091,1|2|3|4|5|6|7|8|9|10|11|12
DL,PBI,35390,-51.0,1087.0,8.16,0.0136,1|2|3|4|5|6|7|8|9|10|11|12
DL,MCI,35375,-57.0,997.0,-1.85,0.0075,1|2|3|4|5|6|7|8|9|10|11|12
DL,EWR,32860,-54.0,1155.0,14.69,0.0111,1|2|3|4|5|6|7|8|9|10|11|12
DL,CLT,31110,-52.0,1058.0,2.13,0.0064,1|2|3|4|5|6|7|8|9|10|11|12
DL,SAT,30780,-51.0,1137.0,3.95,0.008,1|2|3|4|5|6|7|8|9|10|11|12
DL,PHL,29710,-55.0,1097.0,1.75,0.0091,1|2|3|4|5|6|7|8|9|10|11|12
DL,JAX,29140,-55.0,1205.0,5.43,0.0113,1|2|3|4|5|6|7|8|9|10|11|12
DL,STL,27605,-49.0,1057.0,-0.6,0.0072,1|2|3|4|5|6|7|8|9|10|11|12
DL,BWI,26340,-56.0,918.0,1.7,0.0072,1|2|3|4|5|6|7|8|9|10|11|12
DL,SNA,24060,-55.0,1098.0,2.84,0.0052,1|2|3|4|5|6|7|8|9|10|11|12
DL,IND,22445,-51.0,1003.0,1.49,0.0065,1|2|3|4|5|6|7|8|9|10|11|12
DL,MEM,22115,-45.0,1024.0,-1.82,0.0113,1|2|3|4|5|6|7|8|9|10|11|12
DL,MKE,21685,-54.0,1159.0,0.38,0.0092,1|2|3|4|5|6|7|8|9|10|11|12
DL,BDL,20085,-60.0,992.0,-0.3,0.008,1|2|3|4|5|6|7|8|9|10|11|12
DL,CHS,19450,-54.0,1146.0,4.18,0.009,1|2|3|4|5|6|7|8|9|10|11|12
DL,HNL,18370,-78.0,1025.0,-2.84,0.0068,1|2|3|4|5|6|7|8|9|10|11|12
DL,SJU,17820,-48.0,1132.0,4.42,0.0036,1|2|3|4|5|6|7|8|9|10|11|12
DL,PIT,17005,-51.0,496.0,-1.96,0.0085,1|2|3|4|5|6|7|8|9|10|11|12
DL,CMH,16650,-50.0,1083.0,-1.7,0.0087,1|2|3|4|5|6|7|8|9|10|11|12
DL,SAV,16525,-40.0,1034.0,2.19,0.0079,1|2|3|4|5|6|7|8|9|10|11|12
DL,SMF,16130,-44.0,1100.0,-1.64,0.0074,1|2|3|4|5|6|7|8|9|10|11|12
DL,IAD,16090,-63.0,1087.0,0.93,0.0075,1|2|3|4|5|6|7|8|9|10|11|12
DL,CLE,15910,-43.0,1068.0,-0.25,0.0088,1|2|3|4|5|6|7|8|9|10|11|12
DL,SRQ,15040,-50.0,1057.0,6.86,0.0313,1|2|3|4|5|6|7|8|9|10|11|12
DL,GEG,14985,-49.0,1157.0,2.12,0.0097,1|2|3|4|5|6|7|8|9|10|11|12
DL,BHM,14605,-35.0,728.0,1.18,0.0089,1|2|3|4|5|6|7|8|9|10|11|12
DL,GRR,14270,-55.0,1127.0,-2.75,0.0095,1|2|3|4|5|6|7|8|9|10|11|12
DL,BOI,13705,-52.0,1148.0,2.99,0.0084,1|2|3|4|5|6|7|8|9|10|11|12
DL,RIC,13305,-37.0,703.0,1.37,0.0064,1|2|3|4|5|6|7|8|9|10|11|12
DL,GSP,13090,-47.0,904.0,-4.31,0.0092,1|2|3|4|5|6|7|8|9|10|11|12
DL,VPS,12780,-55.0,717.0,2.11,0.0082,1|2|3|4|5|6|7|8|9|10|11|12
DL,PNS,12755,-39.0,943.0,-2.9,0.0074,1|2|3|4|5|6|7|8|9|10|11|12
DL,ANC,12305,-64.0,1153.0,1.74,0.0073,1|2|3|4|5|6|7|8|9|10|11|12
DL,SDF,12190,-43.0,1010.0,-2.36,0.009,1|2|3|4|5|6|7|8|9|10|11|12
DL,ORF,12185,-44.0,969.0,6.37,0.0103,1|2|3|4|5|6|7|8|9|10|11|12
DL,GSO,12075,-44.0,1069.0,-3.73,0.0066,1|2|3|4|5|6|7|8|9|10|11|12
DL,ECP,11735,-38.0,1094.0,2.49,0.0081,1|2|3|4|5|6|7|8|9|10|11|12
DL,AVL,11335,-50.0,959.0,3.49,0.0251,1|2|3|4|5|6|7|8|9|10|11|12
DL,SJC,11125,-58.0,1054.0,-4.65,0.0072,1|2|3|4|5|6|7|8|9|10|11|12
DL,BUF,10630,-48.0,872.0,2.43,0.0118,1|2|3|4|5|6|7|8|9|10|11|12
DL,DAL,10375,-38.0,998.0,6.77,0.0072,1|2|3|4|5|6|7|8|9|10|11|12
DL,MYR,10190,-43.0,1077.0,-3.98,0.0103,1|2|3|4|5|6|7|8|9|10|11|12
DL,LIT,10150,-45.0,1150.0,-3.27,0.0064,1|2|3|4|5|6|7|8|9|10|11|12
DL,JAN,9985,-35.0,691.0,-2.4,0.006,1|2|3|4|5|6|7|8|9|10|11|12
DL,HSV,9780,-45.0,688.0,-4.27,0.0107,1|2|3|4|5|6|7|8|9|10|11|12
DL,MSN,9610,-48.0,1027.0,-2.47,0.0104,1|2|3|4|5|6|7|8|9|10|11|12
DL,OMA,9490,-43.0,1206.0,-1.24,0.01,1|2|3|4|5|6|7|8|9|10|11|12
DL,LEX,9225,-51.0,1177.0,-5.75,0.0114,1|2|3|4|5|6|7|8|9|10|11|12
DL,ONT,9185,-46.0,1082.0,-5.88,0.0093,1|2|3|4|5|6|7|8|9|10|11|12
DL,BZN,8990,-46.0,997.0,1.97,0.005,1|2|3|4|5|6|7|8|9|10|11|12
DL,OKC,8610,-42.0,1032.0,-5.64,0.0087,1|2|3|4|5|6|7|8|9|10|11|12
DL,HOU,7985,-38.0,1102.0,8.78,0.01,1|2|3|4|5|6|7|8|9|10|11|12
DL,GNV,7850,-40.0,1023.0,-1.69,0.0127,1|2|3|4|5|6|7|8|9|10|11|12
DL,ABQ,7720,-47.0,714.0,-5.6,0.0091,1|2|3|4|5|6|7|8|9|10|11|12
DL,MDW,7700,-41.0,1179.0,1.2,0.0078,1|2|3|4|5|6|7|8|9|10|11|12
DL,CAE,7595,-39.0,844.0,-4.01,0.0072,1|2|3|4|5|6|7|8|9|10|11|12
DL,DAB,7230,-33.0,1071.0,2.14,0.0131,1|2|3|4|5|6|7|8|9|10|11|12
DL,TYS,7085,-47.0,1033.0,-6.78,0.0092,1|2|3|4|5|6|7|8|9|10|11|12
DL,TUL,7060,-44.0,566.0,-3.23,0.0085,1|2|3|4|5|6|7|8|9|10|11|12
DL,TLH,7035,-41.0,1200.0,-4.79,0.01,1|2|3|4|5|6|7|8|9|10|11|12
DL,MLB,6950,-40.0,402.0,-2.35,0.0101,1|2|3|4|5|6|7|8|9|10|11|12
DL,PVD,6815,-46.0,1067.0,4.28,0.0103,1|2|3|4|5|6|7|8|9|10|11|12
DL,ALB,6735,-58.0,1128.0,3.77,0.0141,1|2|3|4|5|6|7|8|9|10|11|12
DL,EYW,6585,-42.0,1149.0,9.8,0.022,1|2|3|4|5|6|7|8|9|10|11|12
DL,JAC,6495,-61.0,1161.0,7.78,0.0085,1|2|3|4|5|6|7|8|9|10|11|12
DL,CHA,6165,-36.0,1049.0,0.01,0.0081,1|2|3|4|5|6|7|8|9|10|11|12
DL,SYR,6115,-57.0,647.0,-3.01,0.0082,1|2|3|4|5|6|7|8|9|10|11|12
DL,GPT,5920,-42.0,989.0,1.85,0.0127,1|2|3|4|5|6|7|8|9|10|11|12
DL,DSM,5900,-45.0,1197.0,1.5,0.0102,1|2|3|4|5|6|7|8|9|10|11|12
DL,DAY,5845,-46.0,1025.0,-8.49,0.0103,1|2|3|4|5|6|7|8|9|10|11|12
DL,TUS,5700,-55.0,1133.0,-2.43,0.007,1|2|3|4|5|6|7|8|9|10|11|12
DL,ROC,5360,-60.0,980.0,3.26,0.0093,1|2|3|4|5|6|7|8|9|10|11|12
DL,RNO,5105,-45.0,843.0,2.92,0.0098,1|2|3|4|5|6|7|8|9|10|11|12
DL,OGG,5100,-74.0,1155.0,-3.75,0.0118,1|2|3|4|5|6|7|8|9|10|11|12
DL,HPN,4880,-47.0,1023.0,2.33,0.0092,1|2|3|4|5|6|7|8|9|10|11|12
DL,BTR,4545,-44.0,706.0,0.74,0.0121,1|2|3|4|5|6|7|8|9|10|11|12
DL,ICT,4415,-42.0,1088.0,0.55,0.0113,1|2|3|4|5|6|7|8|9|10|11|12
DL,STT,4360,-60.0,1181.0,11.29,0.0069,1|2|3|4|5|6|7|8|9|10|11|12
DL,FCA,3975,-47.0,537.0,3.69,0.0075,1|2|3|4|5|6|7|8|9|10|11|12
DL,BIL,3925,-37.0,1039.0,2.27,0.0127,1|2|3|4|5|6|7|8|9|10|11|12
DL,ILM,3905,-40.0,630.0,4.02,0.0141,1|2|3|4|5|6|7|8|9|10|11|12
DL,MDT,3840,-39.0,414.0,-2.89,0.0078,1|3|4|5|6|7|8|9|10|11|12
DL,PWM,3740,-59.0,876.0,3.93,0.012,1|2|3|4|5|6|7|8|9|10|11|12
DL,LIH,3660,-68.0,1151.0,-10.9,0.015,1|2|3|4|5|6|7|8|9|10|11|12
DL,KOA,3655,-68.0,930.0,-4.55,0.0205,1|2|3|4|5|6|7|8|9|10|11|12
DL,MSO,3655,-40.0,521.0,3.87,0.0109,1|2|3|4|5|6|7|8|9|10|11|12
DL,ELP,3560,-37.0,1139.0,1.14,0.0056,1|2|3|4|5|6|7|8|9|10|11|12
DL,FAR,3555,-41.0,814.0,-3.72,0.0056,1|2|3|4|5|6|7|8|9|10|11|12
DL,FSD,3325,-33.0,762.0,14.21,0.0135,1|2|3|4|5|6|7|8|9|10|11|12
DL,PSP,3300,-64.0,284.0,-2.24,0.003,1|2|3|4|5|9|10|11|12
DL,BIS,3150,-50.0,647.0,-0.39,0.0063,1|2|3|4|5|6|7|8|9|10|11|12
DL,SBA,3100,-45.0,793.0,7.04,0.0048,6|7|8|9|10|11|12
DL,FAI,3010,-58.0,1082.0,13.34,0.0116,1|2|3|4|5|6|7|8|9|10|11|12
DL,XNA,2880,-41.0,294.0,-4.67,0.0052,1|2|3|4|5|6|7|8|9|10|11|12
DL,MOB,2850,-38.0,515.0,-2.11,0.014,1|2|3|4|5|6|7|8|9|10|11|12
DL,OAK,2830,-42.0,970.0,-3.86,0.0141,1|2|3|4|5|6|7|8|9|10|11|12
DL,COS,2750,-36.0,1155.0,8.86,0.0073,1|2|3|4|5|6|7|8|9|10|11|12
DL,BTV,2335,-56.0,569.0,1.23,0.0171,1|2|3|4|5|6|7|8|9|10|11|12
DL,TVC,2225,-51.0,715.0,0.77,0.018,1|2|3|4|5|6|7|8|9|10|11|12
DL,BUR,2205,-37.0,1124.0,15.02,0.0068,5|6|7|8|9|10|11|12
DL,LGB,2190,-35.0,1090.0,6.52,0.0068,1|2|3|4|5|6|7|8|9|10|11|12
DL,ROA,2190,-41.0,834.0,1.03,0.0091,1|2|3|4|5|6|7|8|9|10|11|12
DL,PSC,2010,-36.0,796.0,3.66,0.005,1|5|6|7|8|9|10|11|12
DL,SGF,2005,-36.0,520.0,4.37,0.005,3|4|5|6|7|8|9|10|11|12
DL,GRB,1845,-45.0,522.0,9.71,0.0054,1|2|3|4|5|6|7|8|9|10|11|12
DL,CID,1840,-44.0,882.0,12.85,0.0136,1|2|3|4|5|6|7|8|9|10|11|12
DL,FAY,1650,-40.0,582.0,-4.94,0.0091,1|2|3|4|5|6|7|8|9|11|12
DL,ATW,1620,-43.0,507.0,2.76,0.0093,1|3|4|5|6|7|8|9|10|11|12
DL,OAJ,1515,-34.0,732.0,-2.2,0.0132,1|2|3|4|5|6|7|8|9
DL,CHO,1285,-38.0,505.0,-1.29,0.0,1|3|4|5|6|7|8|9|10|11
DL,HRL,1040,-53.0,175.0,-7.45,0.0048,1|2|3|4|5|10|11|12
DL,FAT,1020,-30.0,719.0,11.51,0.0196,6|7|8|9|10|11|12
DL,EGE,890,-38.0,253.0,5.44,0.0056,1|2|3|4|12
DL,AGS,840,-24.0,935.0,12.74,0.0,4|11|12
DL,TRI,760,-41.0,941.0,3.93,0.0,1|5|6|10|11|12
DL,JNU,755,-39.0,802.0,2.87,0.0,6|7|8|9|10|11
DL,HDN,670,-46.0,371.0,7.66,0.0,1|2|3|4|12
DL,STX,600,-43.0,147.0,3.03,0.0083,1|2|3|4|5|6|7|8|11|12
DL,DLH,540,-32.0,390.0,4.41,0.0093,6|7|8|9
DL,MTJ,515,-30.0,242.0,-0.68,0.0,1|2|3|4|12
DL,IDA,480,-30.0,420.0,9.92,0.0,10|11|12
DL,RAP,475,-28.0,400.0,14.2,0.0316,6|7|8|9
DL,EVV,125,-38.0,956.0,26.29,0.04,5|6
F9,DEN,125330,-57.0,1321.0,10.31,0.0152,1|2|3|4|5|6|7|8|9|10|11|12
F9,MCO,89400,-55.0,1130.0,9.34,0.022,1|2|3|4|5|6|7|8|9|10|11|12
F9,LAS,65340,-55.0,1273.0,11.21,0.0141,1|2|3|4|5|6|7|8|9|10|11|12
F9,PHL,59225,-68.0,1090.0,15.46,0.0268,1|2|3|4|5|6|7|8|9|10|11|12
F9,ATL,58300,-52.0,1161.0,20.77,0.025,1|2|3|4|5|6|7|8|9|10|11|12
F9,DFW,50995,-54.0,1165.0,20.14,0.0268,1|2|3|4|5|6|7|8|9|10|11|12
F9,PHX,47615,-51.0,1016.0,9.87,0.012,1|2|3|4|5|6|7|8|9|10|11|12
F9,TPA,33165,-49.0,1156.0,11.33,0.0282,1|2|3|4|5|6|7|8|9|10|11|12
F9,CLE,33140,-69.0,1214.0,13.97,0.0281,1|2|3|4|5|6|7|8|9|10|11|12
F9,SJU,29320,-55.0,1267.0,20.46,0.0217,1|2|3|4|5|6|7|8|9|10|11|12
F9,CVG,23565,-73.0,1280.0,10.39,0.0214,1|2|3|4|5|6|7|8|9|10|11|12
F9,RDU,23525,-54.0,1179.0,14.75,0.031,1|2|3|4|5|6|7|8|9|10|11|12
F9,SFO,22880,-47.0,1283.0,29.96,0.0208,1|2|3|4|5|6|7|8|9|10|11|12
F9,MDW,19095,-60.0,1201.0,14.64,0.0244,1|2|3|4|5|6|7|8|9|10|11|12
F9,MIA,18950,-51.0,1053.0,15.87,0.0251,1|2|3|4|5|6|7|8|9|10|11|12
F9,ONT,17520,-48.0,1212.0,12.31,0.0203,1|2|3|4|5|6|7|8|9|10|11|12
F9,IAH,17090,-50.0,1244.0,28.3,0.0313,1|2|3|4|5|6|7|8|9|10|11|12
F9,SAN,16890,-53.0,1256.0,22.52,0.0213,1|2|3|4|5|6|7|8|9|10|11|12
F9,CLT,16415,-59.0,1279.0,33.42,0.0335,1|2|3|4|5|6|7|8|9|10|11|12
F9,SLC,15835,-50.0,1267.0,15.35,0.0212,1|2|3|4|5|6|7|8|9|10|11|12
F9,BWI,14625,-55.0,1213.0,22.84,0.0356,1|2|3|4|5|6|7|8|9|10|11|12
F9,ORD,13280,-51.0,1159.0,29.0,0.0301,1|2|3|4|5|6|7|8|9|10|11|12
F9,LGA,12495,-53.0,1386.0,23.38,0.036,1|2|3|4|5|6|7|8|9|10|11|12
F9,RSW,12395,-53.0,991.0,12.88,0.0331,1|2|3|4|5|6|7|8|9|10|11|12
F9,DTW,11795,-65.0,1051.0,15.94,0.0339,1|2|3|4|5|6|7|8|9|10|11|12
F9,LAX,11490,-33.0,1087.0,28.58,0.0187,4|5|6|7|8|9|10|11|12
F9,TTN,8960,-57.0,575.0,7.08,0.0329,1|2|3|4|5|6|7|8|9|10|11|12
F9,ISP,8890,-61.0,1000.0,7.89,0.0354,1|2|3|4|5|6|7|8|9|10|11|12
F9,PDX,8820,-38.0,1218.0,16.57,0.0232,1|2|3|4|5|6|7|8|9|10|11|12
F9,MSP,8380,-57.0,1001.0,16.0,0.0197,1|2|3|4|5|6|7|8|9|10|11|12
F9,FLL,8125,-46.0,943.0,21.76,0.04,1|2|3|4|5|6|7|8|9|10|11|12
F9,BOS,7375,-53.0,1345.0,14.5,0.0237,1|2|3|4|5|6|7|8|9|10|11|12
F9,SEA,7295,-47.0,1039.0,14.72,0.0199,1|2|3|4|5|6|7|8|9|10|11|12
F9,STL,5900,-54.0,1120.0,16.79,0.0271,1|2|3|4|5|6|7|8|9|10|11|12
F9,BUF,5770,-65.0,1139.0,12.25,0.039,1|2|3|4|5|6|7|8|9|10|11|12
F9,SNA,5555,-40.0,1295.0,10.39,0.0234,1|2|3|4|5|6|7|8|9|10|11|12
F9,DCA,5480,-67.0,1061.0,2.02,0.0146,1|2|3|4|5|6|7|8|9|10|11|12
F9,BDL,5130,-84.0,1404.0,31.27,0.0292,1|2|3|4|5|6|7|8|9|10|11|12
F9,JAX,4545,-42.0,1340.0,12.45,0.0286,1|2|3|4|5|6|7|8|9|10|11|12
F9,MSY,4275,-44.0,1158.0,17.8,0.0409,1|2|3|4|5|6|7|8|9|10|11|12
F9,IND,4245,-56.0,1381.0,15.84,0.0236,1|2|3|4|5|6|7|8|9|10|11|12
F9,PBI,4155,-51.0,1026.0,24.2,0.0325,1|2|3|4|5|6|7|8|9|10|11|12
F9,SMF,4130,-37.0,1165.0,8.01,0.0145,1|2|3|4|5|6|7|8|9|10|11|12
F9,JFK,4120,-57.0,1432.0,11.26,0.0109,6|7|8|9|10|11|12
F9,BNA,3815,-54.0,1196.0,15.48,0.0183,1|2|3|4|5|6|7|8|9|10|11|12
F9,GRR,3750,-65.0,1316.0,19.69,0.0347,1|2|3|4|5|6|7|8|9|10|11|12
F9,AUS,3525,-44.0,1243.0,20.88,0.017,1|2|3|4|5|6|7|8|9|10|11|12
F9,SAT,3515,-50.0,989.0,11.06,0.0256,1|2|3|4|5|6|7|8|9|10|11|12
F9,ELP,3425,-43.0,962.0,12.07,0.019,1|2|3|4|5|6|7|8|9|10|11|12
F9,SJC,3200,-41.0,520.0,8.29,0.0047,7|8|9|10|11|12
F9,SRQ,2705,-54.0,1257.0,24.71,0.0444,1|2|3|4|5|6|7|8|9|10|11|12
F9,PIT,2680,-48.0,450.0,22.89,0.041,1|2|3|4|5|6|7|8|9|10|11|12
F9,MKE,2650,-54.0,947.0,6.52,0.0151,1|2|3|4|5|6|7|8|9|10|11|12
F9,SYR,2510,-67.0,1012.0,9.88,0.0359,1|2|3|4|5|6|7|8|9|10|11|12
F9,BQN,2475,-54.0,1149.0,6.46,0.0121,1|2|3|4|5|6|7|8|9|10|11|12
F9,OKC,2320,-49.0,1095.0,0.58,0.0151,1|2|3|4|5|6|7|8|9|10|11|12
F9,OMA,2180,-50.0,1229.0,23.1,0.0183,1|2|3|4|5|6|7|8|9|10|11|12
F9,PWM,2155,-72.0,409.0,2.83,0.0534,1|2|3|4|5|6|7|8|9|10|11|12
F9,MYR,2070,-45.0,1291.0,20.27,0.0628,3|4|5|6|7|8|9|10|11|12
F9,PNS,2070,-53.0,876.0,12.08,0.0217,1|2|3|4|5|6|7|8|9|10|11|12
F9,MCI,1930,-51.0,406.0,11.64,0.0104,1|2|3|4|5|6|7|8|9|10|11|12
F9,EWR,1855,-52.0,1242.0,25.78,0.0162,6|7|8|9|10|11|12
F9,HOU,1790,-56.0,1110.0,16.71,0.0475,1|2|3|4|5|6|7|8|9|10|11|12
F9,FAR,1645,-58.0,513.0,5.23,0.0122,1|2|3|4|5|6|7|8|9|10|11|12
F9,MSN,1560,-54.0,745.0,11.18,0.0192,1|2|3|4|5|6|7|8|9|10|11|12
F9,PSE,1500,-47.0,278.0,7.25,0.02,1|2|3|4|5|6|7|8|9|10|11|12
F9,DSM,1455,-49.0,932.0,13.87,0.0172,1|2|3|4|5|6|7|8|9|10|11|12
F9,CID,1375,-48.0,889.0,6.78,0.0218,1|2|3|4|5|6|7|8|9|10|11|12
F9,TYS,1375,-50.0,1135.0,17.6,0.0145,1|2|3|4|5|6|7|8|9|10|11|12
F9,ORF,1285,-50.0,1047.0,30.85,0.0467,1|2|3|4|5|6|7|8|9|10|11|12
F9,FSD,1255,-42.0,537.0,11.56,0.0159,1|2|3|4|5|6|7|8|9|10|11|12
F9,CMH,1210,-45.0,518.0,15.41,0.0289,1|2|3|4|5|6|7|8|9|10|11|12
F9,XNA,1000,-41.0,238.0,6.87,0.005,1|3|4|5|6|7|8|9|10|11|12
F9,CHS,875,-32.0,250.0,14.24,0.0229,3|4|5|6|7|8|9|10|11|12
F9,MEM,855,-37.0,495.0,14.0,0.0058,1|2|3|4|5|6|7|8|9|10|11|12
F9,SAV,810,-37.0,131.0,7.23,0.0247,3|4|5|6|7|8|9|10|11|12
F9,MSO,585,-40.0,159.0,15.24,0.0256,5|6|7|8|9|10|11
F9,LIT,560,-44.0,243.0,6.11,0.0179,1|2|3|4|5|6|7|8|9|10|11|12
F9,GRB,560,-52.0,898.0,17.24,0.0268,1|2|3|4|5|6|7|8
F9,IAD,500,-34.0,320.0,15.76,0.0,3|11|12
F9,MDT,400,-54.0,540.0,20.01,0.025,1|2|3|4|5|12
F9,BUR,370,-41.0,236.0,13.18,0.0,11|12
F9,STT,350,-17.0,225.0,23.0,0.0286,1|2|3|4|5|6
F9,BMI,300,-33.0,131.0,12.97,0.0333,4|5|6|7|8
F9,PSP,100,-27.0,193.0,10.75,0.0,12
F9,STX,95,-11.0,53.0,8.11,0.0,5|6
F9,EGE,60,-7.0,156.0,33.83,0.0,12
F9,BTV,60,-45.0,81.0,-2.42,0.0,12
G4,SFB,47385,-64.0,1203.0,9.57,0.0165,1|2|3|4|5|6|7|8|9|10|11|12
G4,PIE,41400,-60.0,1510.0,7.36,0.0263,1|2|3|4|5|6|7|8|9|10|11|12
G4,LAS,37575,-58.0,1174.0,3.24,0.006,1|2|3|4|5|6|7|8|9|10|11|12
G4,PGD,31585,-64.0,1281.0,8.27,0.0182,1|2|3|4|5|6|7|8|9|10|11|12
G4,AZA,29345,-53.0,1213.0,-0.96,0.0072,1|2|3|4|5|6|7|8|9|10|11|12
G4,FLL,16555,-45.0,1147.0,15.13,0.0184,1|2|3|4|5|6|7|8|9|10|11|12
G4,AVL,16275,-47.0,1275.0,14.41,0.0316,1|2|3|4|5|6|7|8|9|10|11|12
G4,CVG,16255,-52.0,1082.0,9.15,0.0141,1|2|3|4|5|6|7|8|9|10|11|12
G4,BNA,15105,-57.0,1575.0,5.75,0.0146,1|2|3|4|5|6|7|8|9|10|11|12
G4,TYS,13875,-60.0,1540.0,9.24,0.0195,1|2|3|4|5|6|7|8|9|10|11|12
G4,SRQ,13065,-49.0,1307.0,2.31,0.0371,1|2|3|4|5|6|7|8|9|10|11|12
G4,VPS,11630,-55.0,1046.0,6.07,0.015,1|2|3|4|5|6|7|8|9|10|11|12
G4,GRR,10805,-71.0,700.0,2.52,0.0134,1|2|3|4|5|6|7|8|9|10|11|12
G4,PVU,9375,-55.0,1026.0,7.09,0.0048,1|2|3|4|5|6|7|8|9|10|11|12
G4,ABE,9145,-59.0,1205.0,0.64,0.0164,1|2|3|4|5|6|7|8|9|10|11|12
G4,DSM,8605,-47.0,1040.0,14.74,0.0192,1|2|3|4|5|6|7|8|9|10|11|12
G4,IND,7365,-51.0,1098.0,13.23,0.021,1|2|3|4|5|6|7|8|9|10|11|12
G4,PIT,6990,-50.0,863.0,7.04,0.0215,1|2|3|4|5|6|7|8|9|10|11|12
G4,FNT,6895,-62.0,681.0,1.46,0.0109,1|2|3|4|5|6|7|8|9|10|11|12
G4,ATW,6570,-63.0,963.0,0.29,0.0198,1|2|3|4|5|6|7|8|9|10|11|12
G4,MYR,5640,-45.0,1241.0,17.63,0.0301,1|2|3|4|5|6|7|8|9|10|11|12
G4,AUS,5495,-39.0,1281.0,16.89,0.0191,1|2|3|4|5|6|7|8|9|10|11|12
G4,BLV,5470,-52.0,1082.0,15.13,0.0256,1|2|3|4|5|6|7|8|9|10|11|12
G4,PIA,5430,-75.0,843.0,3.9,0.0184,1|2|3|4|5|6|7|8|9|10|11|12
G4,SNA,5395,-42.0,1354.0,25.59,0.0148,1|2|3|4|5|6|7|8|9|10|11|12
G4,LAX,5180,-41.0,1232.0,7.24,0.0077,1|2|3|4|5|6|7|8|9|10|11|12
G4,CID,4885,-67.0,1468.0,6.67,0.0225,1|2|3|4|5|6|7|8|9|10|11|12
G4,LCK,4780,-48.0,1022.0,13.56,0.0251,1|2|3|4|5|6|7|8|9|10|11|12
G4,BLI,4780,-45.0,791.0,-3.79,0.0063,1|2|3|4|5|6|7|8|9|10|11|12
G4,FSD,4760,-55.0,1318.0,9.33,0.0105,1|2|3|4|5|6|7|8|9|10|11|12
G4,MDT,4525,-60.0,1258.0,11.51,0.0188,1|2|3|4|5|6|7|8|9|10|11|12
G4,SGF,4260,-48.0,1362.0,10.0,0.0129,1|2|3|4|5|6|7|8|9|10|11|12
G4,XNA,4260,-43.0,1411.0,16.45,0.0106,1|2|3|4|5|6|7|8|9|10|11|12
G4,RFD,4195,-59.0,1249.0,14.43,0.0167,1|2|3|4|5|6|7|8|9|10|11|12
G4,FWA,4175,-64.0,1118.0,17.04,0.0263,1|2|3|4|5|6|7|8|9|10|11|12
G4,SAV,4105,-36.0,1105.0,12.74,0.0122,1|2|3|4|5|6|7|8|9|10|11|12
G4,LEX,4100,-56.0,1113.0,22.7,0.0232,1|2|3|4|5|6|7|8|9|10|11|12
G4,SBN,4080,-58.0,1232.0,4.55,0.0172,1|2|3|4|5|6|7|8|9|10|11|12
G4,CAK,3775,-65.0,1165.0,10.32,0.0199,1|2|3|4|5|6|7|8|9|10|11|12
G4,JAX,3630,-47.0,870.0,12.22,0.0138,1|2|3|4|5|6|7|8|9|10|11|12
G4,SDF,3530,-43.0,1038.0,15.87,0.0184,1|2|3|4|5|6|7|8|9|10|11|12
G4,USA,3505,-41.0,1059.0,22.19,0.0228,1|2|3|4|5|6|7|8|9|10|11|12
G4,SYR,3485,-65.0,1082.0,11.41,0.0158,1|2|3|4|5|6|7|8|9|10|11|12
G4,FAR,3440,-67.0,1123.0,1.51,0.0044,1|2|3|4|5|6|7|8|9|10|11|12
G4,EWR,3280,-74.0,1197.0,-0.84,0.0091,1|2|3|4|5|6|7|8|9|10|11|12
G4,EYW,3190,-42.0,1283.0,21.77,0.0423,1|2|3|4|5|6|7|8|9|10|11|12
G4,FAT,3175,-38.0,1118.0,12.31,0.0031,1|2|3|4|5|6|7|8|9|10|11|12
G4,ALB,2855,-60.0,1282.0,15.59,0.014,1|2|3|4|5|6|7|8|9|10|11|12
G4,OMA,2780,-48.0,658.0,9.92,0.0216,1|2|3|4|5|6|7|8|9|10|11|12
G4,BIS,2710,-73.0,1185.0,-3.08,0.0148,1|2|3|4|5|6|7|8|9|10|11|12
G4,BGR,2670,-91.0,1206.0,4.0,0.0281,1|2|3|4|5|6|7|8|9|10|11|12
G4,BOS,2595,-73.0,523.0,-4.48,0.025,1|2|3|4|5|6|7|8|9|10|11|12
G4,SCK,2575,-35.0,1143.0,24.65,0.0039,1|2|3|4|5|6|7|8|9|10|11|12
G4,MEM,2505,-48.0,943.0,15.9,0.012,1|2|3|4|5|6|7|8|9|10|11|12
G4,PBG,2495,-59.0,1374.0,21.91,0.0401,1|2|3|4|5|6|7|8|9|10|11|12
G4,IDA,2460,-48.0,1285.0,27.49,0.0041,1|2|3|4|5|6|7|8|9|10|11|12
G4,MFE,2440,-59.0,1051.0,6.82,0.0061,1|2|3|4|5|6|7|8|9|10|11|12
G4,MLI,2320,-56.0,1214.0,9.66,0.0108,1|2|3|4|5|6|7|8|9|10|11|12
G4,RAP,2240,-62.0,1101.0,5.67,0.0112,1|2|3|4|5|6|7|8|9|10|11|12
G4,DEN,2220,-56.0,1106.0,13.92,0.0158,1|2|3|4|5|6|7|8|9|10|11|12
G4,MDW,2210,-49.0,1395.0,17.86,0.0181,1|2|3|4|5|6|7|8|9|10|11|12
G4,PHX,2145,-47.0,1134.0,12.36,0.0093,1|2|3|4|5|6|7|8|9|10|11|12
G4,HTS,2130,-34.0,1026.0,41.86,0.0329,1|2|3|4|5|6|7|8|9|10|11|12
G4,SWF,2120,-53.0,1194.0,12.85,0.0165,1|2|3|4|5|6|7|8|9|10|11|12
G4,TUL,2040,-49.0,1281.0,10.47,0.0049,1|2|3|4|5|6|7|8|9|10|11|12
G4,IAG,1910,-48.0,1199.0,18.19,0.0209,1|2|3|4|5|6|7|8|9|10|11|12
G4,PBI,1880,-45.0,906.0,14.24,0.016,1|2|3|4|5|6|7|8|9|10|11|12
G4,BZN,1870,-51.0,1301.0,7.33,0.0241,1|2|3|4|5|6|7|8|9|10|11|12
G4,TOL,1870,-55.0,819.0,11.36,0.0107,1|2|3|4|5|6|7|8|9|10|11|12
G4,MOT,1870,-59.0,1150.0,6.98,0.0107,1|2|3|4|5|6|7|8|9|10|11|12
G4,PSM,1860,-81.0,1339.0,8.52,0.0215,1|2|3|4|5|6|7|8|9|10|11|12
G4,BIL,1825,-45.0,433.0,16.01,0.0137,1|2|3|4|5|6|7|8|9|10|11|12
G4,ICT,1825,-45.0,890.0,5.01,0.0082,1|2|3|4|5|6|7|8|9|10|11|12
G4,BOI,1765,-44.0,1345.0,31.71,0.0085,1|2|3|4|5|6|7|8|9|10|11|12
G4,EUG,1740,-36.0,1049.0,21.86,0.0345,1|2|3|4|5|6|7|8|9|10|11|12
G4,TVC,1730,-63.0,1046.0,14.59,0.0202,1|2|3|4|5|6|7|8|9|10|11|12
G4,HOU,1730,-34.0,1535.0,33.77,0.0173,1|2|3|4|5|6|7|8|9|10|11|12
G4,IAD,1725,-53.0,1357.0,26.79,0.0174,1|2|3|4|5|6|7|8|9|10|11|12
G4,GSP,1645,-37.0,959.0,25.15,0.0304,1|2|3|4|5|6|7|8|9|10|11|12
G4,PDX,1635,-47.0,1059.0,2.73,0.0,1|2|3|4|5|6|7|8|9|10|11|12
G4,MFR,1605,-30.0,1146.0,27.14,0.0187,1|2|3|4|5|6|7|8|9|10|11|12
G4,MSO,1560,-36.0,1116.0,29.5,0.0192,1|2|3|4|5|6|7|8|9|10|11|12
G4,RIC,1550,-55.0,1345.0,20.31,0.0161,1|2|3|4|5|6|7|8|9|10|11|12
G4,PSC,1545,-36.0,213.0,4.03,0.0065,1|2|3|4|5|6|7|8|9|10|11|12
G4,HGR,1475,-39.0,990.0,32.57,0.0305,1|2|3|4|5|6|7|8|9|10|11|12
G4,ELM,1475,-52.0,963.0,5.56,0.0169,1|2|3|4|5|6|7|8|9|10|11|12
G4,CHA,1395,-54.0,886.0,18.3,0.0323,1|2|3|4|5|6|7|8|9|10|11|12
G4,DAY,1390,-59.0,900.0,15.22,0.0432,1|2|3|4|5|6|7|8|9|10|11|12
G4,MSP,1350,-65.0,960.0,5.19,0.0037,1|2|3|4|5|6|7|8|10|11|12
G4,MLB,1310,-44.0,389.0,0.57,0.0229,1|2|3|4|5|6|7|8|9|10|11|12
G4,FCA,1270,-53.0,1080.0,18.45,0.0118,1|2|3|4|5|6|7|8|9|10|11|12
G4,ROA,1200,-38.0,953.0,20.84,0.0375,1|2|3|4|5|6|7|8|9|10|11|12
G4,GEG,1185,-33.0,302.0,9.9,0.0084,1|2|3|4|5|6|7|8|9|10|11|12
G4,PVD,1180,-60.0,936.0,11.89,0.0042,1|2|3|4|5|6|7|8|9|10|11|12
G4,MCO,1150,-43.0,1212.0,29.21,0.0261,5|6|7|8|9|10|11|12
G4,BMI,1150,-35.0,1067.0,23.46,0.0174,1|2|3|4|5|6|7|8|9|10|11|12
G4,ORF,1130,-39.0,1189.0,23.52,0.0354,1|2|3|4|5|6|7|8
G4,GRI,1125,-38.0,515.0,13.06,0.0178,1|2|3|4|5|6|7|8|9|10|11|12
G4,MCI,1120,-46.0,824.0,11.46,0.0223,1|2|3|4|5|6|7|8|10|11|12
G4,CKB,1035,-31.0,1235.0,35.43,0.0242,1|2|3|4|5|6|7|8|9|10|11|12
G4,CHS,1030,-35.0,844.0,12.18,0.0291,1|2|3|4|5|6|7|8|9|10|11|12
G4,EVV,1005,-49.0,1031.0,34.2,0.0398,1|2|3|4|5|6|7|8|9|10|11|12
G4,GFK,960,-72.0,975.0,0.95,0.0052,1|2|3|4|5|6|7|8|9|10|11|12
G4,GTF,870,-61.0,1185.0,38.39,0.0057,1|2|3|4|5|6|7|8|9|10|11|12
G4,SAN,870,-26.0,472.0,20.35,0.0115,1|2|3|4|5|6|7|8|9|10|11|12
G4,TRI,830,-41.0,864.0,31.53,0.0361,1|2|3|4|5|6|7|8|9|10|11|12
G4,OAK,780,-30.0,161.0,2.9,0.0128,1|5|6|7|8|9|10|11|12
G4,OKC,770,-45.0,434.0,11.84,0.0065,1|2|3|4|5|6|7|8
G4,SHV,755,-40.0,381.0,10.88,0.0199,1|2|3|4|5|6|7|8|9|10|11|12
G4,STC,745,-63.0,1014.0,-0.69,0.0134,1|2|3|4|5|6|7|8|10|11|12
G4,BWI,725,-43.0,1167.0,27.42,0.0138,1|2|3|4|5|6|7|8|9|10|11|12
G4,GSO,710,-39.0,960.0,31.5,0.0282,1|2|3|4|5|6|7|8|9|10|11|12
G4,LRD,665,-50.0,1254.0,19.9,0.015,1|2|3|4|5|6|7|8|9|10|11|12
G4,GJT,635,-42.0,1251.0,29.84,0.0157,1|2|3|4|5|6|7|8|9|10|11|12
G4,LIT,595,-31.0,384.0,31.75,0.0084,1|5|6|7|8|10|11|12
G4,SPI,535,-40.0,335.0,20.98,0.0187,1|2|3|4|5|6|7|8|10|11|12
G4,MRY,530,-23.0,1118.0,51.11,0.0094,1|2|3|4|5|6|7|8|9|10|11|12
G4,SMX,530,-30.0,1169.0,39.3,0.0,1|2|3|4|5|6|7|8|9|10|11|12
G4,PSP,510,-31.0,210.0,5.96,0.0,1|2|3|4|5|10|11|12
G4,ELP,460,-35.0,151.0,15.64,0.0217,1|3|4|5|6|7|8|9|10|11|12
G4,MSY,450,-39.0,1234.0,28.58,0.0111,1|2|3|4|5|6|7|8|10|11|12
G4,ROC,360,-42.0,1066.0,28.72,0.0139,1|2|3|4|10|11|12
G4,GPT,130,-23.0,221.0,41.08,0.0,5|6|7|8
G4,SAT,110,-26.0,1047.0,74.91,0.0,5|6|7|8
G4,RNO,15,6.0,204.0,73.0,0.0,1
G4,BTV,10,15.0,15.0,15.0,0.5,12
HA,HNL,157895,-78.0,737.0,4.46,0.0106,1|2|3|4|5|6|7|8|9|10|11|12
HA,OGG,67880,-70.0,1193.0,2.61,0.0093,1|2|3|4|5|6|7|8|9|10|11|12
HA,LIH,43825,-56.0,427.0,2.14,0.0132,1|2|3|4|5|6|7|8|9|10|11|12
HA,KOA,38855,-59.0,514.0,2.79,0.0082,1|2|3|4|5|6|7|8|9|10|11|12
HA,ITO,24640,-25.0,416.0,3.98,0.0108,1|2|3|4|5|6|7|8|9|10|11|12
HA,LAX,11600,-56.0,1076.0,10.58,0.0125,1|2|3|4|5|6|7|8|9|10|11|12
HA,LAS,7040,-51.0,1175.0,17.8,0.0028,1|2|3|4|5|6|7|8|9|10|11|12
HA,OAK,5040,-46.0,418.0,-2.9,0.0198,1|2|3|4|5|6|7|8|9|10|11|12
HA,SMF,4765,-45.0,1036.0,4.95,0.0084,1|2|3|4|5|6|7|8|9|10|11|12
HA,SEA,3790,-46.0,1084.0,16.87,0.0251,1|2|3|4|5|6|7|8|9|10|11|12
HA,SFO,3780,-43.0,1056.0,4.05,0.0238,1|2|3|4|5|6|7|8|9|10|11|12
HA,PDX,3680,-54.0,1072.0,9.24,0.0068,1|2|3|4|5|6|7|8|9|10|11|12
HA,SAN,3555,-42.0,812.0,15.41,0.007,1|2|3|4|5|6|7|8|9|10|11|12
HA,SJC,3420,-46.0,263.0,-6.24,0.0088,1|2|3|4|5|6|7|8|9|10|11|12
HA,LGB,3315,-63.0,717.0,-4.61,0.006,1|2|3|4|5|6|7|8|9|10|11|12
HA,JFK,1835,-48.0,978.0,8.36,0.0109,1|2|3|4|5|6|7|8|9|10|11|12
HA,ONT,1830,-57.0,919.0,6.34,0.0055,1|2|3|4|5|6|7|8|9|10|11|12
HA,PHX,1825,-58.0,997.0,5.58,0.0027,1|2|3|4|5|6|7|8|9|10|11|12
HA,SLC,1145,-44.0,243.0,-0.21,0.0,5|6|7|8|9|10|11|12
HA,BOS,1105,-48.0,1445.0,16.95,0.009,1|2|3|4|5|6|7|8|9|10|11|12
HA,AUS,830,-60.0,1734.0,36.62,0.006,1|2|3|4|5|6|7|8|9|10|11|12
HA,PPG,625,-25.0,1088.0,15.55,0.0,1|2|3|4|5|6|7|8|9|10|11|12
MQ,DFW,349135,-55.0,857.0,4.74,0.0158,1|2|3|4|5|6|7|8|9|10|11|12
MQ,ORD,169155,-56.0,938.0,7.45,0.0118,1|2|3|4|5|6|7|8|9|10|11|12
MQ,MIA,69925,-48.0,838.0,4.86,0.0148,1|2|3|4|5|6|7|8|9|10|11|12
MQ,PHX,41450,-49.0,693.0,0.27,0.003,1|2|3|4|5|6|7|8|9|10|11|12
MQ,CLT,30555,-41.0,1500.0,11.89,0.0146,1|2|3|4|5|6|7|8|9|10|11|12
MQ,XNA,26680,-40.0,887.0,7.97,0.0079,1|2|3|4|5|6|7|8|9|10|11|12
MQ,DCA,21225,-51.0,1339.0,7.21,0.013,1|2|3|4|5|6|7|8|9|10|11|12
MQ,SGF,19705,-46.0,945.0,11.1,0.015,1|2|3|4|5|6|7|8|9|10|11|12
MQ,LIT,18100,-47.0,828.0,12.8,0.0108,1|2|3|4|5|6|7|8|9|10|11|12
MQ,CMH,15570,-58.0,1709.0,7.1,0.0067,1|2|3|4|5|6|7|8|9|10|11|12
MQ,TLH,14040,-39.0,997.0,8.68,0.0164,1|2|3|4|5|6|7|8|9|10|11|12
MQ,CVG,13395,-38.0,775.0,9.32,0.0071,1|2|3|4|5|6|7|8|9|10|11|12
MQ,MAF,12770,-30.0,1011.0,9.59,0.0204,1|2|3|4|5|6|7|8|9|10|11|12
MQ,BNA,12630,-40.0,788.0,9.68,0.0234,1|2|3|4|5|6|7|8|9|10|11|12
MQ,BHM,12285,-39.0,908.0,6.19,0.0102,1|2|3|4|5|6|7|8|9|10|11|12
MQ,CRP,12185,-30.0,909.0,7.21,0.0197,1|2|3|4|5|6|7|8|9|10|11|12
MQ,ICT,11870,-43.0,846.0,6.13,0.0173,1|2|3|4|5|6|7|8|9|10|11|12
MQ,AUS,11400,-41.0,683.0,10.95,0.0145,1|2|3|4|5|6|7|8|9|10|11|12
MQ,OKC,10625,-36.0,1011.0,4.23,0.0188,1|2|3|4|5|6|7|8|9|10|11|12
MQ,AMA,10320,-32.0,599.0,5.55,0.017,1|2|3|4|5|6|7|8|9|10|11|12
MQ,EYW,10235,-41.0,1001.0,9.92,0.0288,1|2|3|4|5|6|7|8|9|10|11|12
MQ,LBB,9720,-35.0,1043.0,9.16,0.019,1|2|3|4|5|6|7|8|9|10|11|12
MQ,BOS,9650,-52.0,1281.0,5.55,0.015,1|2|3|4|5|6|7|8|9|10|11|12
MQ,HSV,9165,-43.0,710.0,12.19,0.0164,1|2|3|4|5|6|7|8|9|10|11|12
MQ,HOU,8950,-37.0,1554.0,8.67,0.0408,1|2|3|4|5|6|7|8|9|10|11|12
MQ,STL,8820,-41.0,1361.0,7.29,0.021,1|2|3|4|5|6|7|8|9|10|11|12
MQ,ABI,8780,-32.0,512.0,4.41,0.0085,1|2|3|4|5|6|7|8|9|10|11|12
MQ,FAR,8780,-57.0,1564.0,4.79,0.0091,1|2|3|4|5|6|7|8|9|10|11|12
MQ,TUL,8435,-39.0,675.0,2.46,0.013,1|2|3|4|5|6|7|8|9|10|11|12
MQ,COU,8375,-52.0,980.0,10.05,0.0203,1|2|3|4|5|6|7|8|9|10|11|12
MQ,GSP,8315,-48.0,630.0,8.35,0.009,1|2|3|4|5|6|7|8|9|10|11|12
MQ,ELP,8170,-37.0,971.0,7.17,0.008,1|2|3|4|5|6|7|8|9|10|11|12
MQ,LRD,7955,-30.0,1313.0,11.55,0.0163,1|2|3|4|5|6|7|8|9|10|11|12
MQ,SDF,7945,-53.0,927.0,7.21,0.0113,1|2|3|4|5|6|7|8|9|10|11|12
MQ,MEM,7930,-36.0,386.0,2.86,0.0101,1|2|3|4|5|6|7|8|9|10|11|12
MQ,HRL,7885,-31.0,465.0,5.08,0.0152,1|2|3|4|5|6|7|8|9|10|11|12
MQ,PNS,7580,-33.0,2196.0,8.19,0.0139,1|2|3|4|5|6|7|8|9|10|11|12
MQ,IAH,7300,-48.0,1492.0,7.93,0.0329,1|2|3|4|5|6|7|8|9|10|11|12
MQ,CMI,6905,-45.0,1069.0,8.1,0.0152,1|2|3|4|5|6|7|8|9|10|11|12
MQ,GSO,6635,-47.0,1012.0,5.55,0.006,1|2|3|4|5|6|7|8|9|10|11|12
MQ,GRK,6500,-30.0,905.0,9.79,0.0138,1|2|3|4|5|6|7|8|9|10|11|12
MQ,CHA,6230,-44.0,1149.0,12.87,0.0193,1|2|3|4|5|6|7|8|9|10|11|12
MQ,TPA,6225,-33.0,1529.0,14.83,0.0289,1|2|3|4|5|6|7|8|9|10|11|12
MQ,BRO,6205,-30.0,374.0,3.63,0.0145,1|2|3|4|5|6|7|8|9|10|11|12
MQ,RDU,6180,-43.0,1338.0,3.28,0.0105,1|2|3|4|5|6|7|8|9|10|11|12
MQ,MCI,6105,-41.0,489.0,2.46,0.0131,1|2|3|4|5|6|7|8|9|10|11|12
MQ,HPN,6030,-46.0,1035.0,3.25,0.0182,1|2|3|4|5|6|7|8|9|10|11|12
MQ,RAP,5915,-56.0,1483.0,8.02,0.0076,1|2|3|4|5|6|7|8|9|10|11|12
MQ,CID,5885,-49.0,485.0,4.9,0.0195,1|2|3|4|5|6|7|8|9|10|11|12
MQ,JAX,5885,-36.0,945.0,7.33,0.0136,1|2|3|4|5|6|7|8|9|10|11|12
MQ,AVL,5850,-41.0,638.0,19.99,0.0274,1|2|3|4|5|6|7|8|9|10|11|12
MQ,HHH,5520,-36.0,309.0,7.92,0.019,1|2|3|4|5|6|7|8|9|10|11|12
MQ,ILM,5460,-45.0,314.0,3.79,0.0082,1|2|3|4|5|6|7|8|9|10|11|12
MQ,JAN,5390,-34.0,1036.0,13.74,0.0213,1|2|3|4|5|6|7|8|9|10|11|12
MQ,MSY,5360,-36.0,402.0,6.47,0.0168,1|2|3|4|5|6|7|8|9|10|11|12
MQ,IND,5305,-36.0,360.0,3.79,0.0189,1|2|3|4|5|6|7|8|9|10|11|12
MQ,MOB,5205,-38.0,500.0,7.24,0.0192,1|2|3|4|5|6|7|8|9|10|11|12
MQ,TYS,5155,-35.0,488.0,7.36,0.0087,1|2|3|4|5|6|7|8|9|10|11|12
MQ,LEX,5080,-54.0,382.0,2.28,0.0148,1|2|3|4|5|6|7|8|9|10|11|12
MQ,FSM,5060,-50.0,1015.0,6.96,0.0217,1|2|3|4|5|6|7|8|9|10|11|12
MQ,BTR,4950,-38.0,566.0,11.5,0.0212,1|2|3|4|5|6|7|8|9|10|11|12
MQ,MHK,4880,-53.0,642.0,-3.42,0.0164,1|2|3|4|5|6|7|8|9|10|11|12
MQ,SAV,4860,-39.0,941.0,5.19,0.0082,1|2|3|4|5|6|8|9|10|11|12
MQ,MLU,4715,-37.0,461.0,8.77,0.018,1|2|3|4|5|6|7|8|9|10|11|12
MQ,CHS,4595,-49.0,426.0,4.53,0.0152,1|2|3|4|5|6|7|8|9|10|11|12
MQ,DSM,4580,-61.0,876.0,3.34,0.0186,1|2|3|4|5|6|7|8|9|10|11|12
MQ,BIL,4555,-50.0,903.0,9.3,0.0044,1|2|3|4|5|6|7|8|9|10|11|12
MQ,ABQ,4520,-38.0,488.0,3.26,0.0066,1|2|3|4|5|6|7|8|9|10|11|12
MQ,MSP,4485,-45.0,397.0,8.89,0.0078,1|2|3|4|5|6|7|8|9|10|11|12
MQ,FWA,4385,-57.0,249.0,3.58,0.0046,1|2|3|4|5|6|7|8|9|10|11|12
MQ,SYR,4385,-54.0,481.0,-0.09,0.0068,1|2|3|4|5|6|7|8|9|10|11|12
MQ,DTW,4250,-42.0,502.0,4.76,0.0282,1|2|3|4|5|6|7|8|9|10|11|12
MQ,SHV,4195,-34.0,970.0,6.78,0.0179,1|2|3|4|5|6|7|8|9|10|11|12
MQ,ROC,4155,-43.0,306.0,1.36,0.0072,1|2|3|4|5|6|7|8|9|10|11|12
MQ,CLL,4150,-36.0,861.0,6.05,0.0217,1|2|3|4|5|6|7|8|9|10|11|12
MQ,EWR,3965,-53.0,1244.0,11.34,0.0378,1|2|3|4|5|6|7|8|9|11|12
MQ,MLI,3935,-53.0,613.0,3.07,0.0216,1|2|3|4|5|6|7|8|9|10|11|12
MQ,MFE,3885,-31.0,1366.0,8.7,0.0167,1|2|3|4|5|6|7|8|9|10|11|12
MQ,FSD,3875,-46.0,441.0,4.32,0.0335,1|2|3|4|5|6|7|8|9|10|11|12
MQ,TUS,3870,-30.0,187.0,-0.58,0.0078,1|2|3|4|5|6|7|8|9|10|11|12
MQ,ECP,3820,-43.0,371.0,9.85,0.0183,1|2|3|4|5|6|7|8|9|10|11|12
MQ,ATW,3760,-42.0,1102.0,6.84,0.0133,1|2|3|4|5|6|7|8|9|10|11|12
MQ,GRR,3710,-61.0,1521.0,13.82,0.0175,1|2|3|4|5|6|7|8|9|10|11|12
MQ,SJT,3625,-29.0,868.0,9.48,0.0193,1|2|3|4|5|6|7|8|9|10|11
MQ,BMI,3625,-60.0,739.0,2.69,0.0166,1|2|3|4|5|6|7|8|9|10|11|12
MQ,EVV,3615,-48.0,320.0,2.88,0.0083,1|2|3|4|5|6|7|8|9|10|11|12
MQ,PIT,3470,-49.0,261.0,3.21,0.0115,1|2|3|4|5|6|8|9|10|11|12
MQ,MSN,3345,-37.0,454.0,12.33,0.0194,1|2|3|4|5|6|7|8|9|10|11|12
MQ,ATL,3320,-38.0,1547.0,15.18,0.0196,1|2|3|4|5|6|7|8|9|10|11|12
MQ,TVC,3255,-47.0,908.0,6.42,0.0031,1|2|3|4|5|6|7|8|9|10|11|12
MQ,PIA,3080,-55.0,566.0,11.01,0.013,1|2|3|4|5|6|7|8|9|10|11|12
MQ,CLE,3055,-45.0,503.0,2.08,0.0098,1|2|3|4|5|6|7|8|9|10|11|12
MQ,BIS,2995,-57.0,596.0,5.57,0.0033,1|2|3|4|5|6|7|8|9|10|11|12
MQ,YUM,2915,-28.0,464.0,1.12,0.0051,3|4|5|6|7|8|9|10|11|12
MQ,GNV,2915,-41.0,935.0,3.23,0.0206,1|2|3|4|5|6|7|8|9|10|11|12
MQ,MGM,2880,-49.0,734.0,2.13,0.0052,1|2|3|4|6|7|8|9|10|11
MQ,BDL,2800,-50.0,781.0,1.68,0.0143,1|2|3|4|5|6|7|8|9|10|11|12
MQ,OMA,2735,-46.0,287.0,3.21,0.0128,1|2|3|4|5|6|7|8|9|10|11|12
MQ,BWI,2700,-40.0,326.0,-3.7,0.013,1|2|3|4|5|6|7|8|9|10|11|12
MQ,GPT,2665,-41.0,979.0,13.32,0.0263,1|2|3|4|5|6|7|8|9|10|11|12
MQ,GCK,2570,-33.0,931.0,14.64,0.0175,2|3|4|5|6|7|8|9|11|12
MQ,SEA,2555,-59.0,1662.0,6.25,0.0,1|2|3|4|5|6|7|8|9|10|11
MQ,BUF,2480,-40.0,500.0,2.56,0.0101,1|2|3|4|5|6|7|8|9|10|11|12
MQ,GJT,2455,-36.0,1017.0,9.35,0.0061,1|2|3|4|5|6|7|8|9|10|11|12
MQ,AVP,2405,-43.0,917.0,10.71,0.0125,1|2|3|4|5|6|7|8|9|10|11|12
MQ,MQT,2395,-50.0,481.0,11.57,0.0042,2|3|4|5|6|7|8|9|10|11|12
MQ,MRY,2385,-28.0,369.0,2.0,0.0042,1|2|4|5|6|7|8|9|10|11|12
MQ,PVD,2315,-44.0,862.0,10.06,0.0043,1|2|3|4|5|6|7|8|9|10|11|12
MQ,TRI,2185,-42.0,176.0,-3.91,0.0069,1|2|4|5|6|7|8|9|10|11|12
MQ,TXK,2185,-34.0,775.0,16.74,0.0114,2|3|4|5|6|7|8|9|10
MQ,ORF,2085,-38.0,698.0,4.36,0.0072,1|2|3|4|5|6|7|8|9|10|11|12
MQ,LFT,2075,-29.0,547.0,9.82,0.012,1|4|5|6|7|8|9|10|11|12
MQ,RDM,2020,-49.0,1006.0,1.13,0.005,6|7|8|9|10|11|12
MQ,GRB,1970,-44.0,678.0,4.32,0.0178,1|2|3|4|5|6|7|8|9|10|11
MQ,VPS,1910,-38.0,919.0,12.83,0.0288,1|2|4|5|6|7|8|9|10|11|12
MQ,MYR,1910,-50.0,261.0,5.68,0.0105,2|3|4|5|6|7|8|9|10|11|12
MQ,SJC,1810,-32.0,127.0,-3.17,0.0055,1|2|3|4|5|6|7|8|9|10|11|12
MQ,COS,1775,-32.0,1327.0,13.14,0.0028,1|2|3|4|5|6|7|8|9|10|11
MQ,MSO,1720,-39.0,242.0,9.5,0.0087,1|2|3|4|5|6|7|8|9|10|11|12
MQ,BFL,1690,-30.0,190.0,-4.22,0.003,1|2|3|4|5|6|7|8|9|10|11|12
MQ,ACT,1685,-35.0,1031.0,18.01,0.0208,1|2|3|4|5|6|7|8|9
MQ,BTV,1680,-46.0,265.0,10.5,0.0208,6|7|8|9|10|11|12
MQ,LSE,1655,-38.0,1025.0,7.29,0.0181,1|2|5|6|7|8|9|10|11|12
MQ,RST,1645,-48.0,724.0,4.83,0.0,1|2|3|4|5|7|8|9|10|11
MQ,PWM,1500,-42.0,275.0,4.66,0.0067,6|7|8|9|10|11
MQ,MHT,1475,-39.0,647.0,0.79,0.0068,6|7|8|9|10|11
MQ,SBA,1460,-29.0,175.0,-0.82,0.0103,5|6|7|8|11|12
MQ,RNO,1390,-35.0,710.0,10.62,0.0036,1|5|6|7|8|9|10|11|12
MQ,BOI,1335,-31.0,304.0,2.83,0.0037,1|2|3|4|5|6|11|12
MQ,SAT,1300,-33.0,324.0,8.25,0.0115,1|2|3|4|5|6|7|8|9|10|11|12
MQ,BGR,1245,-36.0,174.0,12.59,0.0161,6|7|8|9|10|11
MQ,STS,1185,-36.0,286.0,3.41,0.0,4|5|6|7|8|9|10|11|12
MQ,SMF,1175,-26.0,168.0,-2.86,0.0,1|2|3|4|5|6|7|9|10|12
MQ,GGG,1150,-29.0,420.0,14.8,0.0217,5|6|7|8|9|10
MQ,RIC,1115,-41.0,206.0,1.22,0.0045,1|2|4|5|6|10|11|12
MQ,TYR,955,-27.0,725.0,9.84,0.0157,7|8|9|10
MQ,AGS,950,-34.0,218.0,0.4,0.0263,1|4|5|6|9|10|11|12
MQ,BPT,940,-30.0,433.0,12.91,0.0213,1|2|3|4
MQ,ALB,930,-41.0,193.0,0.95,0.0,2|3|4|5|6|7|9|10
MQ,DAY,920,-44.0,553.0,6.12,0.0163,1|2|3|4|5|6|7|8|11|12
MQ,DEN,905,-28.0,446.0,9.05,0.0,6|7|8|9|10|11|12
MQ,SBP,825,-26.0,179.0,-2.88,0.0,1|2|6|7|9|10|11|12
MQ,ROW,815,-28.0,547.0,7.32,0.0061,2|3|4|5|6
MQ,SWO,800,-30.0,337.0,2.8,0.0063,2|3|4|5
MQ,LAW,755,-33.0,1656.0,9.8,0.0265,1|2|3|4
MQ,SLC,715,-47.0,266.0,-9.94,0.0,1|4|5|7|8|11|12
MQ,PSP,590,-27.0,143.0,4.08,0.0254,1|2|3|4|5|9|10|11
MQ,SPS,555,-34.0,200.0,-0.24,0.009,11|12
MQ,SAF,510,-23.0,515.0,21.83,0.0196,1|2|3|4|5|6
MQ,RSW,445,-39.0,300.0,22.09,0.0112,1|3|4|5
MQ,LCH,380,-21.0,822.0,38.33,0.0526,2|3|4|5|6|7|8
MQ,BZN,340,-35.0,156.0,-0.07,0.0,1|9|10|11|12
MQ,ONT,330,-28.0,46.0,-8.71,0.0,1|11|12
MQ,MTJ,305,-21.0,200.0,16.73,0.0328,4|5|6
MQ,MKE,285,-30.0,66.0,-2.36,0.0351,2|3|4|6|12
MQ,CAE,275,-34.0,242.0,4.8,0.0,6|7|8|9|12
MQ,LAX,275,-25.0,228.0,10.36,0.0,11|12
MQ,SFO,250,-30.0,88.0,8.24,0.0,1|2|4|5
MQ,PDX,235,-36.0,25.0,-10.81,0.0,2|3|4|12
MQ,BUR,235,-25.0,1773.0,33.94,0.0,10|11|12
MQ,FCA,195,-39.0,284.0,27.72,0.0,5|6|7|8
MQ,AEX,165,-21.0,538.0,39.12,0.0,9|10
MQ,DRO,135,-46.0,19.0,-20.3,0.0,12
MQ,LAS,130,-27.0,651.0,60.15,0.0,6|7|8
MQ,EUG,130,-37.0,1128.0,33.5,0.0,12
MQ,IAD,130,-33.0,145.0,8.24,0.0385,1
MQ,HDN,120,-34.0,94.0,6.92,0.0,1|2|3|12
MQ,ACK,110,-17.0,183.0,22.68,0.0,6|7|8
MQ,MVY,110,-18.0,1678.0,103.64,0.0,6|7|8
MQ,FAT,100,-24.0,4.0,-5.85,0.0,2|3|11
MQ,SRQ,85,-41.0,133.0,6.31,0.0588,4|12
MQ,SJU,75,-16.0,171.0,19.07,0.0,8|9
MQ,DAB,45,-11.0,62.0,10.56,0.0,2|3
NK,LAS,131060,-73.0,936.0,4.61,0.0116,1|2|3|4|5|6|7|8|9|10|11|12
NK,FLL,128125,-47.0,602.0,14.19,0.0164,1|2|3|4|5|6|7|8|9|10|11|12
NK,MCO,114360,-45.0,1242.0,9.74,0.018,1|2|3|4|5|6|7|8|9|10|11|12
NK,LAX,57230,-76.0,928.0,2.52,0.0116,1|2|3|4|5|6|7|8|9|10|11|12
NK,EWR,53665,-67.0,756.0,6.47,0.0318,1|2|3|4|5|6|7|8|9|10|11|12
NK,DTW,52730,-61.0,1280.0,0.85,0.014,1|2|3|4|5|6|7|8|9|10|11|12
NK,ATL,50915,-53.0,975.0,13.29,0.0171,1|2|3|4|5|6|7|8|9|10|11|12
NK,DFW,50565,-47.0,784.0,11.74,0.0131,1|2|3|4|5|6|7|8|9|10|11|12
NK,IAH,48825,-47.0,1048.0,9.84,0.0217,1|2|3|4|5|6|7|8|9|10|11|12
NK,ORD,42430,-64.0,938.0,13.42,0.0179,1|2|3|4|5|6|7|8|9|10|11|12
NK,LGA,40445,-60.0,1327.0,2.88,0.0245,1|2|3|4|5|6|7|8|9|10|11|12
NK,BOS,34965,-63.0,1052.0,12.28,0.0329,1|2|3|4|5|6|7|8|9|10|11|12
NK,BWI,33670,-71.0,741.0,8.21,0.0177,1|2|3|4|5|6|7|8|9|10|11|12
NK,TPA,29295,-51.0,854.0,5.07,0.03,1|2|3|4|5|6|7|8|9|10|11|12
NK,MIA,28110,-48.0,870.0,7.48,0.0181,1|2|3|4|5|6|7|8|9|10|11|12
NK,MSY,26115,-47.0,896.0,7.44,0.0211,1|2|3|4|5|6|7|8|9|10|11|12
NK,PHL,24525,-63.0,734.0,5.49,0.0194,1|2|3|4|5|6|7|8|9|10|11|12
NK,CLT,24355,-56.0,847.0,16.52,0.0273,1|2|3|4|5|6|7|8|9|10|11|12
NK,MYR,23880,-48.0,861.0,4.86,0.0255,1|2|3|4|5|6|7|8|9|10|11|12
NK,SJU,23700,-56.0,1388.0,10.03,0.0205,1|2|3|4|5|6|7|8|9|10|11|12
NK,BNA,19015,-48.0,993.0,10.17,0.0284,1|2|3|4|5|6|7|8|9|10|11|12
NK,PIT,17390,-63.0,1060.0,12.06,0.0288,1|2|3|4|5|6|7|8|9|10|11|12
NK,ACY,15195,-53.0,730.0,1.76,0.0184,1|2|3|4|5|6|7|8|9|10|11|12
NK,SAN,14410,-41.0,695.0,9.58,0.0198,1|2|3|4|5|6|7|8|9|10|11|12
NK,OAK,14305,-41.0,806.0,4.94,0.0192,1|2|3|4|5|6|7|8|9|10|11|12
NK,SJC,13150,-43.0,954.0,8.48,0.0133,1|2|3|4|5|6|7|8|9|10|11|12
NK,CMH,12700,-117.0,822.0,4.36,0.0197,1|2|3|4|5|6|7|8|9|10|11|12
NK,RSW,12215,-55.0,753.0,8.94,0.0233,1|2|3|4|5|6|7|8|9|10|11|12
NK,IND,11565,-49.0,1079.0,8.1,0.0264,1|2|3|4|5|6|7|8|9|10|11|12
NK,SAT,10565,-43.0,1003.0,8.37,0.0222,1|2|3|4|5|6|7|8|9|10|11|12
NK,BUR,9595,-34.0,711.0,11.37,0.0177,1|2|3|4|5|6|7|8|9|10|11|12
NK,MCI,9060,-50.0,1421.0,6.7,0.0232,1|2|3|4|5|6|7|8|9|10|11|12
NK,SMF,8920,-38.0,816.0,9.28,0.0157,1|2|3|4|5|6|7|8|9|10|11|12
NK,PDX,8580,-57.0,1027.0,7.8,0.0204,1|2|3|4|5|6|7|8|9|10|11|12
NK,CHS,6420,-43.0,415.0,13.05,0.0312,1|2|3|4|5|6|7|8|9|10|11|12
NK,SLC,6345,-45.0,920.0,7.15,0.011,1|2|3|4|5|6|7|8|9|10|11|12
NK,SNA,6120,-34.0,293.0,4.25,0.018,1|2|3|4|5|6|7|8|9|10|11|12
NK,MSP,5900,-47.0,1139.0,10.96,0.011,1|2|3|4|5|6|7|8|9|10|11|12
NK,RNO,5770,-43.0,1044.0,5.05,0.0182,1|2|3|4|5|6|7|8|9|10|11|12
NK,PHX,5690,-51.0,708.0,15.5,0.0211,1|2|3|4|5|6|7|8|9|10|11|12
NK,RIC,5535,-51.0,931.0,12.17,0.0181,1|2|3|4|5|6|7|8|9|10|11|12
NK,AUS,5445,-47.0,602.0,11.22,0.0248,1|2|3|4|5|6|7|8|9|10|11|12
NK,STT,5195,-52.0,1180.0,6.65,0.0144,1|2|3|4|5|6|7|8|9|10|11|12
NK,CLE,5030,-51.0,900.0,4.89,0.0239,1|2|3|4|5|6|7|8|9|10|11|12
NK,PNS,4800,-41.0,407.0,6.81,0.026,1|2|3|4|5|6|7|8|9|10|11|12
NK,ORF,4745,-55.0,1057.0,13.79,0.0306,1|2|3|4|5|6|7|8|9|10|11|12
NK,SEA,4745,-46.0,794.0,9.16,0.0105,1|2|3|4|5|6|7|8|9|10|11|12
NK,MEM,4695,-56.0,1127.0,2.64,0.016,1|2|3|4|5|6|7|8|9|10|11|12
NK,SDF,4315,-45.0,936.0,11.61,0.0151,1|2|3|4|5|6|7|8|9|10|11|12
NK,MKE,3885,-66.0,891.0,0.08,0.0219,1|2|3|4|5|6|7|8|9|10|11|12
NK,BDL,2970,-126.0,478.0,5.65,0.0185,1|2|3|4|5|6|7|8|9|10|11|12
NK,LBE,2875,-47.0,588.0,-4.21,0.0243,1|2|3|4|5|6|7|8|9|10|11|12
NK,BOI,2710,-37.0,242.0,4.36,0.0203,1|2|3|4|5|6|7|8|9|10|11|12
NK,ABQ,2625,-41.0,512.0,5.21,0.0114,1|2|3|4|5|6|7|8|9|10|11|12
NK,ROC,2485,-49.0,342.0,3.66,0.0161,1|2|3|4|5|6|7|8|9|10|11|12
NK,PBI,2305,-42.0,503.0,1.49,0.0174,1|2|3|4|5|6|7|8|9|10|11|12
NK,RDU,2190,-39.0,518.0,16.21,0.0137,1|2|3|4|5|6|7|8|9|10|11|12
NK,STL,2135,-42.0,936.0,23.09,0.0398,1|2|3|4|5|6|7|8|9|10|11|12
NK,STX,1410,-48.0,337.0,14.16,0.0284,1|2|3|4|5|6|7|8|9|10|11|12
NK,MHT,635,-51.0,1016.0,14.31,0.0394,1|2|3|4|5
NK,BHM,365,-22.0,107.0,11.7,0.0,10|11|12
NK,DEN,180,-36.0,749.0,37.86,0.0,1
NK,LFT,5,59.0,59.0,59.0,0.0,1
OH,CLT,283690,-48.0,1460.0,8.27,0.0119,1|2|3|4|5|6|7|8|9|10|11|12
OH,DCA,183265,-64.0,1719.0,9.26,0.0211,1|2|3|4|5|6|7|8|9|10|11|12
OH,PHL,61905,-51.0,1759.0,8.51,0.0145,1|2|3|4|5|6|7|8|9|10|11|12
OH,DFW,46175,-54.0,1521.0,15.32,0.0253,1|2|3|4|5|6|7|8|9|10|11|12
OH,BHM,19845,-45.0,1466.0,11.32,0.0149,1|2|3|4|5|6|7|8|9|10|11|12
OH,GSP,19475,-48.0,1007.0,6.79,0.01,1|2|3|4|5|6|7|8|9|10|11|12
OH,TYS,18330,-46.0,1391.0,7.86,0.0145,1|2|3|4|5|6|7|8|9|10|11|12
OH,DAY,18080,-53.0,872.0,5.13,0.0102,1|2|3|4|5|6|7|8|9|10|11|12
OH,SAV,17390,-41.0,1858.0,5.45,0.0127,1|2|3|4|5|6|7|8|9|10|11|12
OH,ORF,15495,-43.0,1214.0,6.18,0.011,1|2|3|4|5|6|7|8|9|10|11|12
OH,HPN,13935,-49.0,1207.0,13.69,0.0244,1|2|3|4|5|6|7|8|9|10|11|12
OH,PNS,13125,-42.0,1576.0,17.08,0.0095,1|2|3|4|5|6|7|8|9|10|11|12
OH,GSO,12695,-47.0,1205.0,6.83,0.0114,1|2|3|4|5|6|7|8|9|10|11|12
OH,HSV,12670,-46.0,1590.0,16.31,0.0209,1|2|3|4|5|6|7|8|9|10|11|12
OH,ATL,12415,-53.0,1873.0,15.76,0.0161,1|2|3|4|5|6|7|8|9|10|11|12
OH,CVG,12400,-38.0,1549.0,12.52,0.0105,1|2|3|4|5|6|7|8|9|10|11|12
OH,BNA,11985,-46.0,1067.0,10.34,0.02,1|2|3|4|5|6|7|8|9|10|11|12
OH,MHT,11580,-45.0,1201.0,7.39,0.0177,1|2|3|4|5|6|7|8|9|10|11|12
OH,MYR,11230,-52.0,1412.0,7.07,0.0183,1|2|3|4|5|6|7|8|9|10|11|12
OH,CAE,11075,-42.0,1190.0,8.72,0.0131,1|2|3|4|5|6|7|8|9|10|11|12
OH,AVL,10370,-48.0,1453.0,11.16,0.0284,1|2|3|4|5|6|7|8|9|10|11|12
OH,ILM,9970,-47.0,1555.0,8.84,0.0155,1|2|3|4|5|6|7|8|9|10|11|12
OH,BTR,9570,-45.0,1625.0,11.57,0.0167,1|2|3|4|5|6|7|8|9|10|11|12
OH,BTV,8750,-58.0,1609.0,12.06,0.0183,1|2|3|4|5|6|7|8|9|10|11|12
OH,CHS,8690,-40.0,884.0,5.09,0.0184,1|2|3|4|5|6|7|8|9|10|11|12
OH,SHV,8560,-35.0,1925.0,16.75,0.0269,1|2|3|4|5|6|7|8|9|10|11|12
OH,SDF,8310,-46.0,2319.0,17.4,0.0114,1|2|3|4|5|6|7|8|9|10|11|12
OH,IAD,8280,-69.0,1389.0,5.48,0.0109,1|2|3|4|5|6|7|8|9|10|11|12
OH,CAK,8225,-44.0,1539.0,7.43,0.0073,1|2|3|4|5|6|7|8|9|10|11|12
OH,PVD,8200,-38.0,1253.0,10.35,0.0213,1|2|3|4|5|6|7|8|9|10|11|12
OH,AGS,7850,-44.0,1839.0,19.76,0.0274,1|2|3|4|5|6|7|8|9|10|11|12
OH,LEX,7580,-47.0,1547.0,6.9,0.0099,1|2|3|4|5|6|7|8|9|10|11|12
OH,CLE,7550,-45.0,1473.0,8.89,0.0132,1|2|3|4|5|6|7|8|9|10|11|12
OH,BDL,7430,-44.0,1588.0,12.62,0.0256,1|2|3|4|5|6|7|8|9|10|11|12
OH,CHA,7345,-56.0,587.0,8.15,0.0102,1|2|3|4|5|6|7|8|9|10|11|12
OH,CRW,7180,-54.0,1166.0,10.97,0.0118,1|2|3|4|5|6|7|8|9|10|11|12
OH,JAN,6660,-44.0,905.0,15.89,0.024,1|2|3|4|5|6|7|8|9|10|11|12
OH,CMH,6625,-41.0,1459.0,10.74,0.0106,1|2|3|4|5|6|7|8|9|10|11|12
OH,GPT,6140,-42.0,1336.0,7.74,0.0081,1|2|3|4|5|6|7|8|9|10|11|12
OH,DTW,5905,-47.0,1739.0,7.53,0.0195,1|2|3|4|5|6|7|8|9|10|11|12
OH,SBN,5825,-41.0,1558.0,10.57,0.0086,1|2|3|4|5|6|7|8|9|10|11|12
OH,ABE,5815,-50.0,1513.0,4.45,0.0129,1|2|3|4|5|6|7|8|9|10|11|12
OH,ALB,5810,-57.0,1371.0,13.64,0.031,1|2|3|4|5|6|7|8|9|10|11|12
OH,MLB,5770,-33.0,1569.0,6.97,0.0199,1|2|3|4|5|6|7|8|9|10|11|12
OH,DAB,5490,-45.0,1168.0,2.7,0.0282,1|2|3|4|5|6|7|8|9|10|11|12
OH,MSN,5445,-40.0,1235.0,10.71,0.0101,1|2|3|4|5|6|7|8|9|10|11|12
OH,LFT,5420,-38.0,2108.0,23.36,0.0351,1|2|3|4|5|6|7|8|9|10|11|12
OH,ECP,5290,-41.0,1662.0,14.59,0.0076,1|2|3|4|5|6|7|8|9|10|11|12
OH,JAX,5235,-41.0,1482.0,12.25,0.0143,1|2|3|4|5|6|7|8|9|10|11|12
OH,MKE,4965,-47.0,1270.0,14.1,0.0181,1|2|3|4|5|6|7|8|9|10|11|12
OH,SGF,4870,-32.0,2614.0,26.55,0.0082,1|2|3|4|5|6|7|8|9|10|11|12
OH,OAJ,4725,-35.0,691.0,11.75,0.018,1|2|3|4|5|6|7|8|9|10|11|12
OH,PIA,4700,-45.0,1499.0,13.58,0.0149,1|2|3|4|5|6|7|8|9|10|11|12
OH,TLH,4545,-44.0,1750.0,15.42,0.0231,1|2|3|4|5|6|7|8|9|10|11|12
OH,BUF,4480,-39.0,1307.0,17.21,0.0257,1|2|3|6|7|8|9|10|11|12
OH,RDU,4290,-36.0,1755.0,16.58,0.014,1|2|3|4|5|6|7|8|9|10|11|12
OH,BGR,4035,-55.0,1251.0,-0.09,0.031,1|2|3|4|5|6|7|8|9|10|11|12
OH,PWM,3875,-51.0,1249.0,10.18,0.0155,1|2|3|4|5|6|7|8|9|10|11|12
OH,LIT,3805,-50.0,2684.0,22.58,0.0197,1|2|3|4|5|6|7|8|9|10|11|12
OH,TUL,3795,-42.0,1443.0,15.27,0.0132,1|2|3|4|5|6|7|8|9|10|11|12
OH,MEM,3765,-41.0,1290.0,7.73,0.0093,1|2|3|4|5|6|7|8|9|10|11|12
OH,GNV,3700,-39.0,1464.0,11.38,0.0405,1|4|5|6|7|8|9|10|11|12
OH,MLI,3605,-47.0,1893.0,10.29,0.0194,1|2|3|4|5|6|7|8|9|10|11|12
OH,GRR,3600,-38.0,1085.0,15.19,0.0278,1|2|3|4|5|6|7|8|9|10|11|12
OH,ROC,3590,-37.0,1120.0,9.53,0.0125,1|2|3|4|5|6|7|8|9|10|11|12
OH,VPS,3575,-37.0,1607.0,13.91,0.0196,1|2|3|4|5|6|7|8|9|10|11|12
OH,PIT,3480,-39.0,1130.0,7.59,0.0273,1|2|3|4|5|6|7|8|9|10|11|12
OH,CID,3410,-46.0,1640.0,7.69,0.0337,1|2|3|4|5|6|7|8|9|10|11|12
OH,MSP,3355,-43.0,1579.0,22.35,0.0238,1|2|3|4|5|6|7|8|9|10|11|12
OH,MSY,3290,-40.0,473.0,8.07,0.0228,1|2|3|4|5|6|7|8|9|10|11|12
OH,MDT,3275,-40.0,1237.0,7.85,0.0076,1|2|3|4|5|6|7|8|9|10|11|12
OH,FAY,3200,-52.0,841.0,7.48,0.0141,1|2|3|4|5|6|7|8|9|10|11|12
OH,MGM,2465,-41.0,1186.0,20.42,0.0446,1|2|3|4|5|6|7|8|9|10|11|12
OH,MCI,2465,-54.0,1301.0,20.03,0.0264,1|2|3|4|5|6|10|11|12
OH,SYR,2375,-48.0,1341.0,15.69,0.0105,1|2|3|4|5|6|7|8|9|10|11|12
OH,DSM,2370,-47.0,477.0,10.89,0.019,1|2|3|4|5|6|8|9|10|11|12
OH,RIC,2345,-31.0,386.0,6.12,0.0128,4|5|6|7|8|10|11|12
OH,STL,2245,-40.0,1113.0,14.12,0.0178,1|2|3|4|5|6|7|8|9|10|11|12
OH,SRQ,1920,-40.0,1198.0,10.37,0.0443,1|3|4|5|6|7|8|9|10|11|12
OH,ICT,1575,-30.0,1544.0,22.94,0.0063,8|9|10|11|12
OH,OKC,1525,-43.0,1234.0,22.33,0.0197,1|2|3|4|5|6|7|8|9|10|11|12
OH,LAN,1470,-41.0,1020.0,17.65,0.0306,1|2|3|4|5|6|7|8|9|10|11|12
OH,IND,1470,-37.0,394.0,6.26,0.0102,1|2|3|4|5|6|7|8|11|12
OH,ROA,1245,-30.0,1120.0,17.02,0.012,1|2|4|5|6|8|9|10|11|12
OH,AVP,1190,-48.0,2190.0,11.34,0.0126,1|2|3|4|5|6|7|8|12
OH,XNA,1125,-42.0,1209.0,14.85,0.0267,1|2|3|4|5|6|8|10|11|12
OH,TRI,1070,-54.0,1449.0,7.43,0.0187,1|2|3|4|10|11|12
OH,FWA,835,-40.0,223.0,2.8,0.0,10|11|12
OH,TVC,760,-37.0,211.0,6.95,0.0,6|7|8|9|10|11
OH,HOU,755,-30.0,1060.0,33.31,0.0728,6|7|8
OH,OMA,455,-33.0,1139.0,20.02,0.011,9|10|11|12
OH,CHO,315,-28.0,89.0,-1.38,0.0,3|4|10|11
OH,EWN,255,-31.0,1027.0,58.49,0.0784,7|8|9
OH,IAH,185,-42.0,176.0,9.22,0.0,11|12
OH,RSW,165,-43.0,316.0,15.58,0.0606,1|12
OH,BWI,135,-26.0,101.0,4.37,0.0,2|3|4|5|8|12
OH,MOB,125,-29.0,1305.0,130.09,0.08,12
OH,AUS,125,-32.0,165.0,0.04,0.0,3|4
OH,EVV,110,-35.0,317.0,4.0,0.0,10
OH,SCE,65,-18.0,35.0,-0.27,0.1538,1|8
OO,DEN,298500,-56.0,1425.0,5.72,0.0134,1|2|3|4|5|6|7|8|9|10|11|12
OO,ORD,268025,-69.0,1398.0,12.43,0.0174,1|2|3|4|5|6|7|8|9|10|11|12
OO,LAX,191180,-52.0,1261.0,4.03,0.0036,1|2|3|4|5|6|7|8|9|10|11|12
OO,SFO,158120,-61.0,1325.0,8.17,0.0136,1|2|3|4|5|6|7|8|9|10|11|12
OO,SLC,157485,-61.0,1466.0,-0.26,0.0028,1|2|3|4|5|6|7|8|9|10|11|12
OO,SEA,132400,-49.0,1197.0,4.05,0.004,1|2|3|4|5|6|7|8|9|10|11|12
OO,DTW,130490,-68.0,1541.0,11.24,0.0072,1|2|3|4|5|6|7|8|9|10|11|12
OO,PHX,126515,-49.0,1479.0,1.95,0.0023,1|2|3|4|5|6|7|8|9|10|11|12
OO,MSP,125360,-72.0,1275.0,7.46,0.0074,1|2|3|4|5|6|7|8|9|10|11|12
OO,DFW,121290,-61.0,1136.0,5.72,0.0202,1|2|3|4|5|6|7|8|9|10|11|12
OO,IAH,64735,-62.0,1164.0,13.69,0.0267,1|2|3|4|5|6|7|8|9|10|11|12
OO,SAN,61485,-40.0,1035.0,11.63,0.0093,1|2|3|4|5|6|7|8|9|10|11|12
OO,BOI,56420,-48.0,1299.0,2.87,0.0035,1|2|3|4|5|6|7|8|9|10|11|12
OO,PDX,53110,-43.0,1156.0,3.85,0.0058,1|2|3|4|5|6|7|8|9|10|11|12
OO,SMF,43130,-47.0,1513.0,1.52,0.0037,1|2|3|4|5|6|7|8|9|10|11|12
OO,SJC,42935,-47.0,1099.0,-0.01,0.002,1|2|3|4|5|6|7|8|9|10|11|12
OO,ATL,40850,-46.0,1234.0,17.55,0.0077,1|2|3|4|5|6|7|8|9|10|11|12
OO,TUS,39670,-47.0,1383.0,5.07,0.0035,1|2|3|4|5|6|7|8|9|10|11|12
OO,ASE,39115,-58.0,1523.0,20.62,0.066,1|2|3|4|5|6|7|8|9|10|11|12
OO,OKC,33395,-49.0,1603.0,5.14,0.0064,1|2|3|4|5|6|7|8|9|10|11|12
OO,FAT,33160,-48.0,1394.0,4.26,0.0051,1|2|3|4|5|6|7|8|9|10|11|12
OO,GEG,29750,-57.0,1204.0,0.51,0.0039,1|2|3|4|5|6|7|8|9|10|11|12
OO,PSP,27080,-52.0,1201.0,6.83,0.0076,1|2|3|4|5|6|7|8|9|10|11|12
OO,MKE,26005,-54.0,1232.0,8.63,0.0163,1|2|3|4|5|6|7|8|9|10|11|12
OO,COS,24985,-52.0,1107.0,2.16,0.0116,1|2|3|4|5|6|7|8|9|10|11|12
OO,SBN,22915,-57.0,1210.0,9.41,0.0166,1|2|3|4|5|6|7|8|9|10|11|12
OO,OMA,21485,-58.0,1536.0,7.2,0.0084,1|2|3|4|5|6|7|8|9|10|11|12
OO,RNO,21350,-46.0,1216.0,6.53,0.0068,1|2|3|4|5|6|7|8|9|10|11|12
OO,PSC,20695,-49.0,1107.0,0.1,0.0031,1|2|3|4|5|6|7|8|9|10|11|12
OO,BNA,20605,-46.0,1087.0,9.49,0.017,1|2|3|4|5|6|7|8|9|10|11|12
OO,LGA,20570,-69.0,1264.0,14.55,0.0282,1|2|3|4|5|6|7|8|9|10|11|12
OO,BUR,20525,-41.0,1237.0,9.35,0.01,1|2|3|4|5|6|7|8|9|10|11|12
OO,SNA,20125,-45.0,1049.0,14.47,0.0117,1|2|3|4|5|6|7|8|9|10|11|12
OO,ABQ,19900,-47.0,898.0,-2.05,0.0045,1|2|3|4|5|6|7|8|9|10|11|12
OO,SBP,19285,-40.0,1022.0,6.14,0.0119,1|2|3|4|5|6|7|8|9|10|11|12
OO,RDM,19090,-45.0,1328.0,10.2,0.0204,1|2|3|4|5|6|7|8|9|10|11|12
OO,ATW,18420,-54.0,1212.0,16.0,0.0206,1|2|3|4|5|6|7|8|9|10|11|12
OO,AUS,18395,-55.0,1352.0,17.05,0.0033,1|2|3|4|5|6|7|8|9|10|11|12
OO,TUL,17480,-50.0,1195.0,1.09,0.0069,1|2|3|4|5|6|7|8|9|10|11|12
OO,MRY,17240,-42.0,1254.0,5.82,0.0087,1|2|3|4|5|6|7|8|9|10|11|12
OO,ICT,16165,-51.0,1127.0,9.14,0.0105,1|2|3|4|5|6|7|8|9|10|11|12
OO,MAF,15930,-44.0,930.0,5.98,0.0113,1|2|3|4|5|6|7|8|9|10|11|12
OO,GRB,15360,-42.0,1331.0,8.73,0.015,1|2|3|4|5|6|7|8|9|10|11|12
OO,DRO,15290,-63.0,1361.0,9.1,0.0095,1|2|3|4|5|6|7|8|9|10|11|12
OO,SGU,15090,-49.0,1313.0,0.04,0.003,1|2|3|4|5|6|7|8|9|10|11|12
OO,STS,14750,-34.0,455.0,9.52,0.0047,1|2|3|4|5|6|7|8|9|10|11|12
OO,JFK,14630,-57.0,1213.0,14.11,0.029,1|2|3|4|5|6|7|8|9|10|11|12
OO,FAR,14295,-55.0,1653.0,13.8,0.0122,1|2|3|4|5|6|7|8|9|10|11|12
OO,MFR,14280,-47.0,1299.0,2.87,0.0095,1|2|3|4|5|6|7|8|9|10|11|12
OO,IDA,14195,-77.0,1237.0,1.71,0.0053,1|2|3|4|5|6|7|8|9|10|11|12
OO,SAF,14000,-56.0,1445.0,8.41,0.015,1|2|3|4|5|6|7|8|9|10|11|12
OO,ONT,13530,-47.0,1020.0,2.67,0.0041,1|2|3|4|5|6|7|8|9|10|11|12
OO,IAD,13495,-51.0,1362.0,14.05,0.0141,1|2|3|4|5|6|7|8|9|10|11|12
OO,GJT,13060,-42.0,1257.0,7.23,0.0088,1|2|3|4|5|6|7|8|9|10|11|12
OO,FWA,13010,-51.0,993.0,14.67,0.0111,1|2|3|4|5|6|7|8|9|10|11|12
OO,FSD,12900,-51.0,1493.0,2.66,0.0085,1|2|3|4|5|6|7|8|9|10|11|12
OO,EUG,12730,-46.0,738.0,2.7,0.0137,1|2|3|4|5|6|7|8|9|10|11|12
OO,SGF,12300,-51.0,1166.0,14.23,0.0102,1|2|3|4|5|6|7|8|9|10|11|12
OO,XNA,11890,-53.0,1211.0,3.48,0.0076,1|2|3|4|5|6|7|8|9|10|11|12
OO,ELP,11465,-38.0,1358.0,3.38,0.0065,1|2|3|4|5|6|7|8|9|10|11|12
OO,LAS,11135,-33.0,449.0,17.45,0.0153,1|2|3|4|5|6|7|8|9|10|11|12
OO,MSN,11120,-42.0,1448.0,10.95,0.0148,1|2|3|4|5|6|7|8|9|10|11|12
OO,BIS,10905,-49.0,1278.0,8.41,0.0101,1|2|3|4|5|6|7|8|9|10|11|12
OO,RAP,10710,-58.0,1016.0,5.69,0.0117,1|2|3|4|5|6|7|8|9|10|11|12
OO,GRR,10565,-51.0,1259.0,11.01,0.0189,1|2|3|4|5|6|7|8|9|10|11|12
OO,MBS,10550,-44.0,844.0,10.79,0.0147,1|2|3|4|5|6|7|8|9|10|11|12
OO,BZN,10055,-49.0,1103.0,2.77,0.0055,1|2|3|4|5|6|7|8|9|10|11|12
OO,GTF,10020,-43.0,972.0,-1.44,0.005,1|2|3|4|5|6|7|8|9|10|11|12
OO,SUN,9995,-47.0,1381.0,6.02,0.011,1|2|3|4|5|6|7|8|9|10|11|12
OO,MOT,9945,-59.0,1064.0,10.14,0.0156,1|2|3|4|5|6|7|8|9|10|11|12
OO,MDW,9910,-41.0,1373.0,9.98,0.0071,1|2|3|4|5|6|7|8|9|10|11|12
OO,XWA,9840,-50.0,1386.0,12.4,0.0158,1|2|3|4|5|6|7|8|9|10|11|12
OO,CID,9620,-41.0,1400.0,13.86,0.0234,1|2|3|4|5|6|7|8|9|10|11|12
OO,LIT,9595,-47.0,1206.0,9.36,0.0151,1|2|3|4|5|6|7|8|9|10|11|12
OO,SDF,9445,-44.0,1047.0,7.12,0.0064,1|2|3|4|5|6|7|8|9|10|11|12
OO,LEX,9425,-49.0,935.0,4.07,0.0095,1|2|3|4|5|6|7|8|9|10|11|12
OO,FLG,9230,-41.0,1482.0,9.14,0.0043,1|2|3|4|5|6|7|8|9|10|11|12
OO,LNK,9095,-47.0,1373.0,7.47,0.0066,1|2|3|4|5|6|7|8|9|10|11|12
OO,CRW,9050,-43.0,1224.0,18.64,0.0133,1|2|3|4|5|6|7|8|9|10|11|12
OO,SBA,8875,-39.0,1480.0,8.09,0.0146,1|2|3|4|5|6|7|8|9|10|11|12
OO,CPR,8845,-49.0,521.0,-2.24,0.0073,1|2|3|4|5|6|7|8|9|10|11|12
OO,EGE,8790,-50.0,1731.0,4.0,0.0114,1|2|3|4|5|6|7|8|9|10|11|12
OO,ACV,8670,-43.0,1433.0,17.97,0.019,1|2|3|4|5|6|7|8|9|10|11|12
OO,HSV,8575,-46.0,1407.0,10.96,0.0093,1|2|3|4|5|6|7|8|9|10|11|12
OO,CLE,8365,-38.0,1078.0,5.86,0.0084,1|2|3|4|5|6|7|8|9|10|11|12
OO,BHM,7945,-49.0,953.0,10.08,0.0088,1|2|3|4|5|6|7|8|9|10|11|12
OO,MLI,7875,-42.0,1235.0,13.9,0.0216,1|2|3|4|5|6|7|8|9|10|11|12
OO,TYS,7875,-58.0,1295.0,2.87,0.0146,1|2|3|4|5|6|7|8|9|10|11|12
OO,DAY,7870,-55.0,1134.0,5.75,0.0095,1|2|3|4|5|6|7|8|9|10|11|12
OO,HLN,7765,-53.0,1369.0,7.36,0.0058,1|2|3|4|5|6|7|8|9|10|11|12
OO,RDD,7420,-40.0,1218.0,4.56,0.0047,1|2|3|4|5|6|7|8|9|10|11|12
OO,FCA,7235,-42.0,996.0,1.59,0.0083,1|2|3|4|5|6|7|8|9|10|11|12
OO,DLH,7165,-49.0,1149.0,8.12,0.0119,1|2|3|4|5|6|7|8|9|10|11|12
OO,BFL,7070,-51.0,701.0,-1.51,0.0042,1|2|3|4|5|6|7|8|9|10|11|12
OO,OAK,6745,-33.0,384.0,-1.7,0.003,1|2|3|4|5|6|7|8|9|10|11|12
OO,BIL,6715,-44.0,430.0,-0.82,0.006,1|2|3|4|5|6|7|8|9|10|11|12
OO,CMH,6645,-40.0,1268.0,7.98,0.0015,1|2|3|4|5|6|7|8|9|10|11|12
OO,LBB,5900,-39.0,1655.0,8.79,0.0203,1|2|3|4|5|6|7|8|9|10|11|12
OO,TVC,5900,-43.0,1266.0,17.89,0.0153,1|2|3|4|5|6|7|8|9|10|11|12
OO,IND,5730,-36.0,1484.0,9.99,0.0148,1|2|3|4|5|6|7|8|9|10|11|12
OO,MSO,5690,-39.0,924.0,4.19,0.0079,1|2|3|4|5|6|7|8|9|10|11|12
OO,YUM,5670,-37.0,1123.0,8.51,0.0026,1|2|3|4|5|6|7|8|9|10|11|12
OO,JAC,5650,-57.0,1464.0,3.92,0.0159,1|2|3|4|5|6|7|8|9|10|11|12
OO,MCI,5600,-71.0,1253.0,7.89,0.0179,1|2|3|4|5|6|7|8|9|10|11|12
OO,SYR,5585,-59.0,1127.0,6.96,0.0116,3|4|5|6|7|8|9|10|11|12
OO,LWS,5485,-45.0,1441.0,7.25,0.0055,1|2|3|4|5|6|7|8|9|10|11|12
OO,PIA,5480,-45.0,877.0,13.61,0.0192,1|2|3|4|5|6|7|8|9|10|11|12
OO,CAK,5340,-42.0,1132.0,17.72,0.0159,1|2|3|4|5|6|7|8|9|10|11|12
OO,AEX,5270,-42.0,1350.0,13.56,0.0228,1|2|3|4|5|6|7|8|9|10|11|12
OO,HPN,5210,-40.0,1186.0,23.17,0.0211,1|2|3|4|5|6|7|8|9|10|11|12
OO,MFE,5180,-36.0,823.0,15.27,0.0087,1|2|4|5|6|7|8|9|10|11|12
OO,RDU,5135,-49.0,1137.0,13.93,0.0029,4|5|6|7|8|9|10|11|12
OO,SAT,5110,-54.0,1370.0,7.4,0.0078,1|2|3|4|5|6|7|8|9|10|11|12
OO,GSO,5065,-48.0,1270.0,3.71,0.0059,1|2|3|4|5|6|7|8|9|10|11|12
OO,LCH,5050,-34.0,1433.0,16.52,0.0228,1|2|3|4|5|6|7|8|9|10|11|12
OO,GFK,5025,-42.0,623.0,2.17,0.006,1|2|3|4|5|6|7|8|9|10|11|12
OO,AZO,4955,-48.0,920.0,5.64,0.0161,1|2|3|4|5|6|7|8|9|10|11|12
OO,GSP,4885,-49.0,549.0,2.7,0.0133,1|2|3|4|5|6|7|8|9|10|11|12
OO,BLI,4825,-24.0,921.0,12.4,0.0073,1|2|3|4|5|6|7|8|9|10|11|12
OO,LFT,4730,-39.0,1128.0,8.47,0.0148,1|2|3|4|5|6|7|8|9|10|11|12
OO,CHA,4685,-42.0,1740.0,15.8,0.0181,1|2|3|4|5|6|7|8|9|10|11|12
OO,LAW,4675,-38.0,1024.0,10.73,0.0353,1|2|3|4|5|6|7|8|9|10|11|12
OO,MDT,4605,-37.0,1130.0,7.78,0.0109,1|2|3|4|5|6|7|8|9|10|11|12
OO,PIT,4530,-45.0,944.0,0.11,0.0033,1|2|3|4|5|6|7|8|9|10|11|12
OO,DSM,4495,-42.0,1234.0,8.23,0.0167,1|2|3|4|5|6|7|8|9|10|11|12
OO,HDN,4490,-49.0,1242.0,3.67,0.0111,1|2|3|4|5|6|7|8|9|10|11|12
OO,TYR,4485,-39.0,1170.0,12.1,0.0301,1|2|3|4|5|6|7|8|9|10|11|12
OO,AMA,4335,-49.0,987.0,11.82,0.0173,1|2|3|4|5|6|7|8|9|10|11|12
OO,CVG,4315,-51.0,431.0,5.64,0.0035,1|2|3|4|5|6|7|8|9|10|11|12
OO,LAN,4290,-37.0,1076.0,14.02,0.007,1|2|3|4|5|6|7|8|9|10|11|12
OO,PLN,4230,-72.0,1002.0,5.67,0.0189,1|2|3|4|5|6|7|8|9|10|11|12
OO,ALB,4165,-64.0,851.0,4.01,0.0024,1|2|3|4|5|6|7|8|9|10|11|12
OO,RST,4140,-49.0,519.0,6.46,0.0097,1|2|3|4|5|6|7|8|9|10|11|12
OO,FNT,4135,-56.0,1209.0,22.09,0.0157,1|2|3|4|5|6|7|8|9|10|11|12
OO,RHI,4135,-59.0,546.0,-2.16,0.0085,1|2|3|4|5|6|7|8|9|10|11|12
OO,BUF,4045,-40.0,1280.0,9.71,0.0297,1|2|3|4|5|6|7|8|9|10|11|12
OO,ROW,3990,-40.0,1120.0,21.57,0.0313,1|2|5|6|7|8|9|10|11|12
OO,DEC,3890,-62.0,1256.0,21.99,0.0231,1|2|3|4|5|6|7|8|9|10|11|12
OO,MEM,3790,-40.0,1008.0,10.2,0.0211,1|2|3|4|5|6|7|8|9|10|11|12
OO,ACT,3750,-30.0,417.0,14.08,0.0267,1|2|3|4|5|6|7|8|9|10|11|12
OO,ROA,3725,-32.0,980.0,17.45,0.0215,1|2|3|4|5|6|7|8|9|10|11|12
OO,JST,3655,-53.0,1230.0,12.38,0.0233,1|2|3|4|5|6|7|8|9|10|11|12
OO,BJI,3650,-42.0,717.0,9.92,0.0096,1|2|3|4|5|6|7|8|9|10|11|12
OO,PRC,3645,-42.0,1111.0,20.57,0.0055,1|2|3|4|5|6|7|8|9|10|11|12
OO,SUX,3645,-49.0,984.0,15.54,0.0192,1|2|3|4|5|6|7|8|9|10|11|12
OO,CMX,3645,-44.0,878.0,17.76,0.0412,1|2|3|4|5|6|7|8|9|10|11|12
OO,SHR,3645,-43.0,472.0,1.81,0.0192,1|2|3|4|5|6|7|8|9|10|11|12
OO,IMT,3640,-40.0,430.0,9.37,0.0124,1|2|3|4|5|6|7|8|9|10|11|12
OO,ABR,3640,-50.0,1126.0,10.72,0.0082,1|2|3|4|5|6|7|8|9|10|11|12
OO,CIU,3635,-46.0,1073.0,18.4,0.0138,1|2|3|4|5|6|7|8|9|10|11|12
OO,GCC,3630,-45.0,951.0,4.48,0.0124,1|2|3|4|5|6|7|8|9|10|11|12
OO,ABY,3630,-33.0,1318.0,16.52,0.0096,1|2|3|4|5|6|7|8|9|10|11|12
OO,GUC,3625,-54.0,1224.0,-1.62,0.011,1|2|3|4|5|6|7|8|9|10|11|12
OO,GRI,3620,-50.0,946.0,18.83,0.0166,1|2|3|4|5|6|7|8|9|10|11|12
OO,CAE,3615,-34.0,525.0,3.03,0.0069,1|2|3|4|5|6|7|8|9|10|11|12
OO,AVL,3595,-58.0,1394.0,13.49,0.0403,1|2|3|4|5|6|7|8|9|10|11|12
OO,BRO,3590,-40.0,1354.0,11.05,0.0279,1|3|4|5|6|7|8|9|10|11|12
OO,MTJ,3560,-51.0,1083.0,6.02,0.0169,1|2|3|4|5|6|7|8|9|12
OO,ELM,3555,-42.0,981.0,18.72,0.0028,1|2|3|4|5|6|7|8|9|10|11|12
OO,SLN,3545,-40.0,1509.0,10.49,0.0226,1|2|3|4|5|6|7|8|9|10|11|12
OO,PIH,3500,-40.0,247.0,-9.15,0.0,1|2|3|4|5|6|7|8|9|10|11|12
OO,TWF,3500,-34.0,251.0,-6.34,0.0029,1|2|3|4|5|6|7|8|9|10|11|12
OO,BTM,3450,-64.0,1096.0,-14.18,0.0,1|2|3|4|5|6|7|8|9|10|11|12
OO,RIC,3430,-35.0,1172.0,11.05,0.0,1|2|3|4|5|6|7|8|9|10|11|12
OO,CYS,3395,-50.0,687.0,-1.46,0.0206,1|2|3|4|5|6|7|8|9|10|11|12
OO,DVL,3365,-52.0,1445.0,15.22,0.0431,1|2|3|4|5|6|7|8|9|10|11|12
OO,DIK,3355,-51.0,1200.0,3.24,0.0253,1|2|3|4|5|6|7|8|9|10|11|12
OO,HYS,3350,-38.0,1187.0,4.13,0.0194,1|2|3|4|5|6|7|8|9|10|11|12
OO,INL,3265,-48.0,1284.0,7.16,0.0123,1|2|3|4|5|6|7|8|9|10|11|12
OO,BQK,3265,-31.0,507.0,19.48,0.0031,1|2|3|4|5|6|7|8|9|10|11|12
OO,ESC,3250,-54.0,1101.0,5.0,0.0077,1|2|3|4|5|6|7|8|9|10|11|12
OO,BRD,3245,-52.0,1189.0,2.34,0.0062,1|2|3|4|5|6|7|8|9|10|11|12
OO,LGB,3200,-32.0,343.0,-1.0,0.0,1|2|3|4|5|6|7|8|9|10|11|12
OO,VCT,3170,-33.0,1028.0,11.15,0.0252,1|2|3|4|5|6|7|8|9|10|11|12
OO,CHO,3165,-36.0,971.0,16.58,0.019,1|2|3|4|5|6|7|8|9|10|11|12
OO,CDC,3145,-41.0,867.0,-1.8,0.0079,1|2|3|4|5|6|7|8|9|10|11|12
OO,COD,3145,-45.0,952.0,9.54,0.0079,5|6|7|8|9|10|11|12
OO,APN,3145,-43.0,640.0,9.79,0.0318,1|2|3|4|5|6|7|8|9|10|11|12
OO,HIB,3145,-55.0,1047.0,2.19,0.0111,1|2|3|4|5|6|7|8|9|10|11|12
OO,MGM,3145,-41.0,973.0,15.31,0.0127,1|2|3|4|5|6|7|8|9|10|11|12
OO,LBF,3140,-46.0,1050.0,7.15,0.0191,1|2|3|4|5|6|7|8|9|10|11|12
OO,LAR,3135,-39.0,1289.0,8.04,0.0367,1|2|3|4|5|6|7|8|9|10|11|12
OO,BFF,3135,-41.0,1019.0,9.16,0.0271,1|2|3|4|5|6|7|8|9|10|11|12
OO,MEI,3130,-64.0,1389.0,10.79,0.0304,1|2|3|4|5|6|7|8|9|10|11|12
OO,MCW,3125,-59.0,1106.0,21.33,0.0368,1|2|3|4|5|6|7|8|9|10|11|12
OO,PIB,3120,-57.0,1099.0,8.18,0.0288,1|2|3|4|5|6|7|8|9|10|11|12
OO,FOD,3120,-51.0,1212.0,17.44,0.0224,1|2|3|4|5|6|7|8|9|10|11|12
OO,DDC,3115,-41.0,1074.0,20.64,0.0305,1|2|3|4|5|6|7|8|9|10|11|12
OO,RKS,3110,-39.0,1041.0,10.95,0.0113,1|2|3|4|5|6|7|8|9|10|11|12
OO,JLN,3105,-65.0,1026.0,11.07,0.0193,1|2|3|4|5|6|7|8|9|10|11|12
OO,RIW,3100,-33.0,1010.0,8.75,0.0177,1|2|3|4|5|6|7|8|9|10|11|12
OO,SPS,3070,-35.0,653.0,8.15,0.0195,1|2|3|4|5|6|7|8|9|10|11
OO,SHV,3070,-33.0,923.0,8.51,0.0098,1|2|3|5|6|7|8|9|10|11|12
OO,JMS,3050,-47.0,1418.0,12.32,0.0574,1|2|3|4|5|6|7|8|9|10|11|12
OO,BTR,2940,-36.0,752.0,9.42,0.0289,1|2|3|4|5|6|7|8|9|10|11|12
OO,STL,2845,-52.0,1146.0,11.76,0.0141,1|2|3|4|5|6|7|8|9|10|11|12
OO,SWO,2840,-41.0,1183.0,6.74,0.0246,1|2|5|6|7|8|9|10|11|12
OO,LBL,2825,-32.0,1019.0,6.78,0.0354,1|2|3|4|5|6|7|8|9|10|11|12
OO,PVD,2805,-37.0,1241.0,9.03,0.0053,3|4|5|6|7|8|9|10|11|12
OO,SCE,2750,-44.0,461.0,7.49,0.0145,1|2|3|4|5|6|7|8|9|10|11|12
OO,ALW,2720,-22.0,266.0,2.82,0.0331,1|2|3|4|5|6|7|8|9
OO,BPT,2710,-44.0,607.0,1.14,0.0203,1|4|5|6|7|8|9|10|11|12
OO,ROC,2590,-41.0,340.0,2.9,0.0039,1|2|3|4|5|6|7|8|9|10|11|12
OO,GGG,2495,-34.0,391.0,8.88,0.02,1|2|3|4|5|6|7|9|10|11|12
OO,GRK,2475,-31.0,902.0,11.21,0.0384,1|2|3|4|5|6|7|8|9|10|11|12
OO,JAN,2230,-37.0,1696.0,12.69,0.009,1|2|3|4|5|6|7|8|9|10|11|12
OO,HOB,2215,-43.0,840.0,16.9,0.0135,5|6|7|8|9|10|11|12
OO,PWM,2190,-52.0,1175.0,8.56,0.0068,1|2|3|4|5|9|10|11|12
OO,AGS,2160,-33.0,615.0,20.63,0.0116,1|2|3|4|5|6|9|10|11|12
OO,EVV,2135,-41.0,610.0,15.37,0.007,1|3|4|5|6|9|10|11|12
OO,CSG,2030,-31.0,403.0,13.23,0.0099,1|2|3|4|5|6|7|9
OO,SAV,1940,-40.0,309.0,1.26,0.0206,1|2|3|5|6|7|8|9|10|11|12
OO,HOU,1855,-35.0,360.0,13.26,0.0108,1|2|8|9|10|11|12
OO,CHS,1845,-35.0,371.0,12.93,0.0136,1|2|5|6|7|8|9|10|11|12
OO,EKO,1830,-43.0,696.0,-7.04,0.0055,1|2|3|4|5|6|7|8|9|10|11|12
OO,SJT,1820,-37.0,1058.0,11.25,0.022,1|2|5|6|7|8|9|10|11|12
OO,ORF,1735,-37.0,991.0,20.82,0.0058,5|6|7|8|9|10|11|12
OO,OTH,1715,-41.0,1324.0,29.79,0.0117,1|2|3|4|5|6|7|8|9|10|11|12
OO,GPT,1690,-33.0,567.0,8.24,0.0148,1|2|3|4|5|8|9|10|11|12
OO,MSY,1605,-35.0,459.0,7.01,0.0343,1|2|5|6|7|8|9|12
OO,WYS,1565,-38.0,1094.0,8.2,0.0128,5|6|7|8|9|10
OO,ABE,1555,-50.0,851.0,22.31,0.0386,1|2|3|4|5|6|7|12
OO,PVU,1525,-43.0,437.0,21.2,0.0131,10|11|12
OO,TXK,1490,-34.0,427.0,13.44,0.0537,1|2|5|6|10|11|12
OO,CLL,1450,-28.0,921.0,20.59,0.0345,1|2|5|6|9|10|11|12
OO,ECP,1440,-41.0,283.0,4.17,0.0069,2|3|4|5|6|7|8|9|10|11|12
OO,BIH,1355,-51.0,261.0,9.05,0.0701,1|2|3|4|7|8|9|10|12
OO,CRP,1340,-31.0,608.0,2.79,0.0187,1|2|3|4|6|7|8|9|10|11|12
OO,HRL,1250,-37.0,275.0,0.11,0.016,1|2|3|4|5|10|11|12
OO,BTV,1225,-41.0,344.0,6.67,0.0,4|5|6|9|10|11|12
OO,MQT,1220,-41.0,919.0,3.31,0.0164,4|5|6|7|8|9|10|11|12
OO,DHN,1145,-35.0,621.0,11.54,0.0131,4|5|6|7|8|9
OO,GCK,1075,-40.0,519.0,10.1,0.0465,1|2|9|10|11
OO,MLU,1055,-29.0,456.0,12.08,0.0095,1|2|8|9|10|12
OO,PHL,970,-32.0,1328.0,16.32,0.0103,1|2|3|4|5|6|11|12
OO,MOB,960,-35.0,1161.0,19.14,0.0,1|2|3|5|6|7
OO,FAY,955,-27.0,1080.0,27.44,0.0105,1|5|6|7|8|9|10
OO,PNS,885,-38.0,1287.0,26.34,0.0,1|2|3|4|5|6|9|10|11|12
OO,FSM,860,-31.0,956.0,7.61,0.0349,1|2|3|4|5|6|9|10|11
OO,DCA,860,-60.0,881.0,5.83,0.0058,1|2|3|4|5|6|7|8|10|11|12
OO,JAX,810,-33.0,210.0,3.05,0.0247,1|2|3|4|5|6|7|8
OO,BGR,780,-38.0,918.0,14.63,0.0064,5|6|7|8|9|10
OO,TRI,725,-31.0,327.0,9.61,0.0069,1|2|3|5
OO,EAR,525,-33.0,560.0,17.51,0.0286,11|12
OO,COU,505,-34.0,2018.0,50.67,0.0198,7|8|9|10|11|12
OO,KTN,470,-19.0,420.0,32.22,0.0213,6|7|8|9
OO,SIT,465,-35.0,911.0,42.63,0.043,6|7|8|9
OO,BDL,345,-40.0,1327.0,18.59,0.0145,1|2|3|6|7|8|9|10|11|12
OO,LRD,320,-29.0,195.0,8.67,0.0,3|4|5|6|10|11
OO,VLD,300,-22.0,192.0,4.95,0.0,3|4
OO,CLT,285,-40.0,177.0,9.09,0.0,2|3|4|5|6
OO,VEL,260,-33.0,1053.0,16.77,0.0,1
OO,SRQ,245,-25.0,1231.0,64.73,0.0204,1|3|6|9|10|11|12
OO,AVP,220,-38.0,745.0,52.45,0.0455,1|2|3|10
OO,ILM,195,-31.0,132.0,0.92,0.0,1|2|3|5|6|7|8
OO,MGW,185,-36.0,450.0,69.05,0.0,12
OO,MYR,160,-29.0,87.0,-7.75,0.0,5|6|8|9|10
OO,CNY,155,-34.0,207.0,-1.86,0.0645,1
OO,EAU,155,-32.0,299.0,20.17,0.0645,12
OO,ACK,135,-40.0,350.0,18.04,0.037,5|6|7|8
OO,BWI,45,-18.0,-7.0,-11.11,0.0,10|11
OO,MHK,10,-17.0,-10.0,-13.5,0.0,11
OO,BOS,10,15.0,32.0,23.5,0.0,6
OO,EWR,5,9.0,9.0,9.0,0.0,4
OO,TLH,5,47.0,47.0,47.0,0.0,6
UA,DEN,508455,-56.0,1229.0,7.18,0.012,1|2|3|4|5|6|7|8|9|10|11|12
UA,ORD,447975,-72.0,1330.0,7.14,0.0132,1|2|3|4|5|6|7|8|9|10|11|12
UA,EWR,344910,-74.0,1131.0,7.75,0.0235,1|2|3|4|5|6|7|8|9|10|11|12
UA,IAH,341795,-64.0,1142.0,12.05,0.0186,1|2|3|4|5|6|7|8|9|10|11|12
UA,SFO,254665,-65.0,1012.0,2.66,0.014,1|2|3|4|5|6|7|8|9|10|11|12
UA,IAD,160875,-63.0,1150.0,3.47,0.0147,1|2|3|4|5|6|7|8|9|10|11|12
UA,LAX,136445,-74.0,1042.0,0.42,0.0171,1|2|3|4|5|6|7|8|9|10|11|12
UA,LAS,71225,-54.0,1161.0,3.14,0.0172,1|2|3|4|5|6|7|8|9|10|11|12
UA,MCO,68975,-50.0,1383.0,7.52,0.0282,1|2|3|4|5|6|7|8|9|10|11|12
UA,BOS,62160,-72.0,1170.0,2.38,0.0175,1|2|3|4|5|6|7|8|9|10|11|12
UA,PHX,51220,-49.0,1053.0,1.7,0.0161,1|2|3|4|5|6|7|8|9|10|11|12
UA,SAN,51080,-52.0,1437.0,4.0,0.0203,1|2|3|4|5|6|7|8|9|10|11|12
UA,AUS,47725,-55.0,1524.0,4.6,0.0138,1|2|3|4|5|6|7|8|9|10|11|12
UA,SEA,45245,-61.0,1113.0,4.42,0.0177,1|2|3|4|5|6|7|8|9|10|11|12
UA,TPA,43200,-64.0,1417.0,7.17,0.0303,1|2|3|4|5|6|7|8|9|10|11|12
UA,CLE,42755,-59.0,503.0,-2.22,0.0138,1|2|3|4|5|6|7|8|9|10|11|12
UA,LGA,41335,-72.0,1296.0,2.06,0.0207,1|2|3|4|5|6|7|8|9|10|11|12
UA,DFW,41200,-57.0,1365.0,10.8,0.0157,1|2|3|4|5|6|7|8|9|10|11|12
UA,FLL,41020,-53.0,1225.0,6.36,0.0243,1|2|3|4|5|6|7|8|9|10|11|12
UA,ATL,36635,-53.0,1160.0,7.48,0.0164,1|2|3|4|5|6|7|8|9|10|11|12
UA,PDX,33045,-56.0,1447.0,3.49,0.0141,1|2|3|4|5|6|7|8|9|10|11|12
UA,MSY,32540,-51.0,975.0,4.61,0.0215,1|2|3|4|5|6|7|8|9|10|11|12
UA,MIA,31830,-56.0,1335.0,12.98,0.0281,1|2|3|4|5|6|7|8|9|10|11|12
UA,BNA,31170,-48.0,1816.0,7.07,0.0157,1|2|3|4|5|6|7|8|9|10|11|12
UA,DCA,30580,-68.0,1166.0,5.43,0.0164,1|2|3|4|5|6|7|8|9|10|11|12
UA,SNA,30115,-56.0,1398.0,0.27,0.007,1|2|3|4|5|6|7|8|9|10|11|12
UA,SAT,28010,-50.0,984.0,2.03,0.0173,1|2|3|4|5|6|7|8|9|10|11|12
UA,RSW,27920,-50.0,1240.0,1.91,0.0313,1|2|3|4|5|6|7|8|9|10|11|12
UA,RDU,27810,-58.0,1200.0,4.43,0.0131,1|2|3|4|5|6|7|8|9|10|11|12
UA,MSP,27025,-52.0,718.0,3.9,0.0137,1|2|3|4|5|6|7|8|9|10|11|12
UA,HNL,25135,-85.0,1302.0,-1.48,0.0113,1|2|3|4|5|6|7|8|9|10|11|12
UA,SLC,20355,-48.0,975.0,5.91,0.0162,1|2|3|4|5|6|7|8|9|10|11|12
UA,CLT,20170,-44.0,1131.0,8.96,0.0149,1|2|3|4|5|6|7|8|9|10|11|12
UA,PHL,20155,-72.0,1024.0,0.41,0.0124,1|2|3|4|5|6|7|8|9|10|11|12
UA,SMF,19875,-49.0,958.0,0.11,0.0151,1|2|3|4|5|6|7|8|9|10|11|12
UA,JAX,18945,-42.0,921.0,5.68,0.0143,1|2|3|4|5|6|7|8|9|10|11|12
UA,MCI,18480,-39.0,589.0,1.79,0.0141,1|2|3|4|5|6|7|8|9|10|11|12
UA,BWI,18070,-62.0,1221.0,-0.11,0.018,1|2|3|4|5|6|7|8|9|10|11|12
UA,PBI,17620,-55.0,1220.0,10.18,0.0329,1|2|3|4|5|6|7|8|9|10|11|12
UA,SJU,15415,-56.0,1465.0,9.22,0.0152,1|2|3|4|5|6|7|8|9|10|11|12
UA,STL,15150,-48.0,902.0,11.29,0.0129,1|2|3|4|5|6|7|8|9|10|11|12
UA,PIT,15140,-60.0,1218.0,4.41,0.0096,1|2|3|4|5|6|7|8|9|10|11|12
UA,OMA,14425,-45.0,1145.0,8.0,0.0159,1|2|3|4|5|6|7|8|9|10|11|12
UA,CMH,13375,-42.0,706.0,10.32,0.0146,1|2|3|4|5|6|7|8|9|10|11|12
UA,IND,11815,-52.0,582.0,4.08,0.0186,1|2|3|4|5|6|7|8|9|10|11|12
UA,ORF,11615,-60.0,653.0,3.21,0.0211,1|2|3|4|5|6|7|8|9|10|11|12
UA,DTW,11440,-65.0,1108.0,1.81,0.0109,1|2|3|4|5|6|7|8|9|10|11|12
UA,CHS,11085,-47.0,1011.0,4.76,0.0131,1|2|3|4|5|6|7|8|9|10|11|12
UA,BZN,11030,-49.0,1413.0,7.11,0.0136,1|2|3|4|5|6|7|8|9|10|11|12
UA,RNO,11020,-43.0,1113.0,6.86,0.0123,1|2|3|4|5|6|7|8|9|10|11|12
UA,BDL,10930,-71.0,743.0,1.54,0.0133,1|2|3|4|5|6|7|8|9|10|11|12
UA,SJC,10740,-48.0,1202.0,-4.57,0.0126,1|2|3|4|5|6|7|8|9|10|11|12
UA,CVG,10385,-55.0,1000.0,2.84,0.0101,1|2|3|4|5|6|7|8|9|10|11|12
UA,JAC,10155,-51.0,1144.0,10.88,0.0192,1|2|3|4|5|6|7|8|9|10|11|12
UA,DSM,10030,-49.0,946.0,5.08,0.015,1|2|3|4|5|6|7|8|9|10|11|12
UA,OGG,9320,-76.0,1430.0,-8.28,0.0102,1|2|3|4|5|6|7|8|9|10|11|12
UA,ABQ,9085,-38.0,867.0,-0.32,0.0105,1|2|3|4|5|6|7|8|9|10|11|12
UA,SRQ,8530,-60.0,1200.0,6.24,0.0311,1|2|3|4|5|6|7|8|9|10|11|12
UA,KOA,8035,-83.0,1513.0,-1.49,0.0162,1|2|3|4|5|6|7|8|9|10|11|12
UA,BUR,7945,-40.0,512.0,9.49,0.0157,1|2|3|4|5|6|7|8|9|10|11|12
UA,MEM,7610,-38.0,462.0,3.27,0.0158,1|2|3|4|5|6|7|8|9|10|11|12
UA,MSN,7600,-50.0,1724.0,5.49,0.0132,1|2|3|4|5|6|7|8|9|10|11|12
UA,SBA,7515,-37.0,844.0,10.06,0.0226,1|2|3|4|5|6|7|8|9|10|11|12
UA,EUG,7370,-36.0,1125.0,7.73,0.0176,1|2|3|4|5|6|7|8|9|10|11|12
UA,PSP,7365,-53.0,1047.0,3.89,0.0048,1|2|3|4|5|6|8|9|10|11|12
UA,ONT,7175,-39.0,1122.0,-1.5,0.0084,1|2|3|4|5|6|7|8|9|10|11|12
UA,GRR,7060,-69.0,1207.0,2.82,0.0106,1|2|3|4|5|6|7|8|9|10|11|12
UA,BOI,6835,-40.0,1046.0,2.23,0.0205,1|2|3|4|5|6|7|8|9|10|11|12
UA,SAV,6525,-42.0,1141.0,4.28,0.0153,1|2|3|4|5|6|7|8|9|10|11|12
UA,ANC,6435,-63.0,1346.0,0.67,0.0186,1|2|3|4|5|6|7|8|9|10|11|12
UA,LIH,6225,-65.0,1390.0,-7.25,0.0048,1|2|3|4|5|6|7|8|9|10|11|12
UA,MFR,5940,-39.0,713.0,6.62,0.0101,1|2|3|4|5|6|7|8|9|10|11|12
UA,CID,5735,-37.0,1307.0,6.71,0.0174,1|2|3|4|5|6|7|8|9|10|11|12
UA,BTV,5555,-49.0,965.0,6.55,0.0171,1|2|3|4|5|6|7|8|9|10|11|12
UA,RDM,5460,-40.0,1466.0,19.13,0.0156,1|2|3|4|5|6|7|8|9|10|11|12
UA,TUS,5455,-53.0,1423.0,3.83,0.0092,1|2|3|4|5|8|9|10|11|12
UA,MSO,5190,-49.0,1094.0,5.58,0.0183,1|2|3|4|5|6|7|8|9|10|11|12
UA,RAP,5105,-49.0,271.0,2.79,0.0176,1|2|3|4|5|6|7|8|9|10|11|12
UA,SYR,5040,-70.0,929.0,-0.62,0.0079,1|2|3|4|5|6|7|8|9|10|11|12
UA,ROC,4980,-41.0,960.0,5.63,0.0141,1|2|3|4|5|6|7|8|9|10|11|12
UA,BUF,4970,-46.0,963.0,9.48,0.0211,1|2|3|4|5|6|7|8|9|10|11|12
UA,FCA,4590,-53.0,1013.0,8.43,0.0098,1|2|3|4|5|6|7|8|9|10|11|12
UA,RIC,4540,-46.0,354.0,-2.61,0.011,1|2|3|4|5|6|7|8|9|10|11|12
UA,GEG,4440,-44.0,578.0,-5.07,0.0214,1|2|3|4|5|6|7|8|9|10|11|12
UA,SDF,4220,-56.0,1294.0,4.96,0.0095,1|2|3|4|5|6|7|8|9|10|11|12
UA,MTJ,4220,-51.0,431.0,-0.72,0.013,1|2|3|4|5|6|7|8|9|10|11|12
UA,PWM,4100,-40.0,453.0,3.97,0.0195,1|2|3|4|5|6|7|8|9|10|11|12
UA,STT,3980,-78.0,1237.0,1.08,0.0075,1|2|3|4|5|6|7|8|9|10|11|12
UA,ALB,3720,-48.0,383.0,2.19,0.0121,1|2|3|4|5|6|7|8|9|10|11|12
UA,COS,3720,-36.0,564.0,5.15,0.0255,1|2|3|4|5|6|7|8|9|10|11|12
UA,FSD,3705,-51.0,498.0,0.44,0.0094,1|2|3|4|5|6|7|8|9|10|11|12
UA,EYW,3690,-44.0,320.0,11.64,0.023,1|2|3|4|5|6|7|8|9|10|11|12
UA,BIL,3675,-36.0,363.0,-1.27,0.0068,1|2|3|4|5|6|7|8|9|10|11|12
UA,GUM,3660,-59.0,795.0,-9.86,0.0082,1|2|3|4|5|6|7|8|9|10|11|12
UA,DRO,3625,-47.0,670.0,-3.01,0.011,1|2|3|4|5|6|7|8|9|10|11|12
UA,GJT,3625,-44.0,1485.0,-4.08,0.0069,1|2|3|4|5|6|7|8|9|10|11|12
UA,PNS,3455,-41.0,908.0,-0.1,0.0159,1|2|3|4|5|6|7|8|9|10|11|12
UA,MKE,3335,-48.0,397.0,4.56,0.012,1|2|3|4|5|6|7|8|9|10|11|12
UA,HDN,3015,-59.0,635.0,4.15,0.0133,1|2|3|10|12
UA,ICT,2925,-32.0,812.0,6.16,0.0085,1|2|3|4|5|6|7|8|9|10|11|12
UA,TVC,2920,-46.0,457.0,10.64,0.0137,1|2|3|4|5|6|7|8|9|10|11|12
UA,MFE,2815,-38.0,457.0,-1.97,0.0355,1|2|3|4|5|6|7|8|9|10|11|12
UA,EGE,2550,-45.0,481.0,13.58,0.0157,1|2|3|4|5|6|7|8|9|12
UA,TUL,2475,-32.0,438.0,4.91,0.0101,1|2|3|4|5|6|7|8|9|10|11|12
UA,GSP,2335,-44.0,479.0,2.97,0.015,1|2|3|4|5|6|7|8|9|10|11|12
UA,MDT,2005,-34.0,481.0,4.29,0.01,1|2|3|4|5|6|7|8|9|10|11|12
UA,SPN,1830,-32.0,984.0,-4.5,0.0055,1|2|3|4|5|6|7|8|9|10|11|12
UA,BQN,1825,-51.0,1108.0,12.85,0.0301,1|2|3|4|5|6|7|8|9|10|11|12
UA,FAT,1815,-35.0,675.0,11.8,0.0248,1|5|6|7|8|9|10|11|12
UA,ELP,1765,-29.0,204.0,-2.38,0.0057,1|2|3|4|5|8|9|10|11|12
UA,SBP,1745,-33.0,502.0,2.22,0.0086,1|2|3|4|5|6|7|8|9|10|11|12
UA,TYS,1725,-49.0,275.0,-4.66,0.0087,5|6|7|8|9|10|11|12
UA,MYR,1400,-49.0,463.0,0.4,0.0143,3|4|5|6|7|8|9|10|11|12
UA,GTF,1280,-38.0,895.0,-2.7,0.0234,5|6|7|8|9|12
UA,XNA,1195,-44.0,743.0,5.06,0.0042,5|6|7|8|9|10|11|12
UA,FAI,1180,-54.0,979.0,-0.2,0.0169,5|6|7|8|9
UA,AVL,930,-43.0,166.0,6.06,0.0323,5|6|7|8|9|10
UA,FAR,670,-41.0,748.0,14.82,0.0149,8|9|10|11|12
UA,PVD,665,-45.0,817.0,6.82,0.015,6|7|8|9|10|12
UA,MAF,245,-28.0,126.0,-0.13,0.0204,1|2|4|12
UA,OKC,150,-25.0,453.0,17.83,0.0,2|5|6
UA,SBN,125,-34.0,51.0,0.0,0.0,9|10|11|12
UA,BTR,20,-11.0,57.0,24.0,0.0,1|8|9
UA,BHM,20,-21.0,-7.0,-11.5,0.0,1|3|9
WN,DEN,482045,-51.0,515.0,8.95,0.0082,1|2|3|4|5|6|7|8|9|10|11|12
WN,LAS,426330,-59.0,490.0,5.85,0.0052,1|2|3|4|5|6|7|8|9|10|11|12
WN,BWI,365530,-66.0,665.0,8.43,0.0091,1|2|3|4|5|6|7|8|9|10|11|12
WN,MDW,358135,-59.0,523.0,5.73,0.0112,1|2|3|4|5|6|7|8|9|10|11|12
WN,DAL,350445,-49.0,528.0,8.24,0.0109,1|2|3|4|5|6|7|8|9|10|11|12
WN,PHX,330885,-48.0,570.0,5.19,0.0046,1|2|3|4|5|6|7|8|9|10|11|12
WN,HOU,261745,-49.0,601.0,4.82,0.0109,1|2|3|4|5|6|7|8|9|10|11|12
WN,BNA,254445,-66.0,476.0,3.79,0.0084,1|2|3|4|5|6|7|8|9|10|11|12
WN,MCO,223860,-48.0,815.0,9.36,0.0146,1|2|3|4|5|6|7|8|9|10|11|12
WN,STL,205620,-62.0,503.0,5.04,0.0079,1|2|3|4|5|6|7|8|9|10|11|12
WN,AUS,187220,-56.0,517.0,5.62,0.0064,1|2|3|4|5|6|7|8|9|10|11|12
WN,OAK,173245,-60.0,481.0,2.13,0.0052,1|2|3|4|5|6|7|8|9|10|11|12
WN,SAN,170440,-67.0,875.0,8.89,0.0087,1|2|3|4|5|6|7|8|9|10|11|12
WN,ATL,166660,-41.0,547.0,6.57,0.0066,1|2|3|4|5|6|7|8|9|10|11|12
WN,SMF,151440,-56.0,415.0,3.19,0.0051,1|2|3|4|5|6|7|8|9|10|11|12
WN,SJC,142930,-55.0,399.0,1.37,0.0052,1|2|3|4|5|6|7|8|9|10|11|12
WN,LAX,129115,-57.0,422.0,4.37,0.0044,1|2|3|4|5|6|7|8|9|10|11|12
WN,MCI,120305,-50.0,560.0,3.47,0.0089,1|2|3|4|5|6|7|8|9|10|11|12
WN,TPA,120145,-44.0,626.0,7.74,0.0215,1|2|3|4|5|6|7|8|9|10|11|12
WN,MSY,93560,-41.0,486.0,8.53,0.0099,1|2|3|4|5|6|7|8|9|10|11|12
WN,BUR,93140,-44.0,393.0,0.3,0.0099,1|2|3|4|5|6|7|8|9|10|11|12
WN,SAT,82170,-43.0,508.0,3.31,0.0063,1|2|3|4|5|6|7|8|9|10|11|12
WN,LGB,79400,-50.0,391.0,0.61,0.0053,1|2|3|4|5|6|7|8|9|10|11|12
WN,DCA,78605,-61.0,771.0,3.8,0.0112,1|2|3|4|5|6|7|8|9|10|11|12
WN,HNL,72850,-84.0,327.0,-3.82,0.0037,1|2|3|4|5|6|7|8|9|10|11|12
WN,SNA,72295,-39.0,410.0,0.42,0.0067,1|2|3|4|5|6|7|8|9|10|11|12
WN,FLL,71185,-52.0,503.0,10.93,0.0132,1|2|3|4|5|6|7|8|9|10|11|12
WN,SLC,59775,-49.0,457.0,4.85,0.0035,1|2|3|4|5|6|7|8|9|10|11|12
WN,CMH,59375,-64.0,499.0,2.16,0.0096,1|2|3|4|5|6|7|8|9|10|11|12
WN,LGA,57950,-69.0,454.0,2.48,0.0176,1|2|3|4|5|6|7|8|9|10|11|12
WN,ABQ,57900,-41.0,592.0,4.35,0.0053,1|2|3|4|5|6|7|8|9|10|11|12
WN,IND,56615,-58.0,465.0,4.13,0.0094,1|2|3|4|5|6|7|8|9|10|11|12
WN,ONT,55410,-41.0,370.0,0.14,0.0035,1|2|3|4|5|6|7|8|9|10|11|12
WN,PIT,51010,-60.0,457.0,3.56,0.0094,1|2|3|4|5|6|7|8|9|10|11|12
WN,MKE,48075,-52.0,499.0,1.08,0.0101,1|2|3|4|5|6|7|8|9|10|11|12
WN,PDX,47785,-42.0,381.0,2.93,0.0049,1|2|3|4|5|6|7|8|9|10|11|12
WN,RDU,44920,-44.0,442.0,3.35,0.0056,1|2|3|4|5|6|7|8|9|10|11|12
WN,ELP,44470,-38.0,504.0,2.9,0.0054,1|2|3|4|5|6|7|8|9|10|11|12
WN,RNO,43365,-38.0,679.0,2.83,0.0054,1|2|3|4|5|6|7|8|9|10|11|12
WN,SEA,40480,-48.0,535.0,7.21,0.0021,1|2|3|4|5|6|7|8|9|10|11|12
WN,OMA,39200,-45.0,398.0,3.98,0.0103,1|2|3|4|5|6|7|8|9|10|11|12
WN,SFO,37165,-40.0,498.0,14.96,0.0046,1|2|3|4|5|6|7|8|9|10|11|12
WN,RSW,37020,-47.0,521.0,7.58,0.0192,1|2|3|4|5|6|7|8|9|10|11|12
WN,MSP,36450,-57.0,472.0,1.65,0.007,1|2|3|4|5|6|7|8|9|10|11|12
WN,OKC,36315,-42.0,409.0,2.42,0.0061,1|2|3|4|5|6|7|8|9|10|11|12
WN,ORD,33900,-61.0,762.0,2.93,0.0159,1|2|3|4|5|6|7|8|9|10|11|12
WN,OGG,33410,-76.0,209.0,-6.05,0.0051,1|2|3|4|5|6|7|8|9|10|11|12
WN,BOS,33125,-65.0,455.0,3.51,0.0088,1|2|3|4|5|6|7|8|9|10|11|12
WN,MIA,28580,-45.0,573.0,12.2,0.0143,1|2|3|4|5|6|7|8|9|10|11|12
WN,TUL,27425,-40.0,387.0,0.2,0.0051,1|2|3|4|5|6|7|8|9|10|11|12
WN,BUF,26675,-61.0,589.0,2.34,0.0167,1|2|3|4|5|6|7|8|9|10|11|12
WN,SDF,25375,-63.0,488.0,1.12,0.0077,1|2|3|4|5|6|7|8|9|10|11|12
WN,CLE,25155,-59.0,394.0,0.12,0.007,1|2|3|4|5|6|7|8|9|10|11|12
WN,PHL,24940,-50.0,812.0,5.91,0.0064,1|2|3|4|5|6|7|8|9|10|11|12
WN,COS,24525,-41.0,452.0,3.61,0.0063,1|2|3|4|5|6|7|8|9|10|11|12
WN,PVD,24365,-50.0,470.0,1.33,0.0115,1|2|3|4|5|6|7|8|9|10|11|12
WN,JAX,23735,-45.0,593.0,2.71,0.0099,1|2|3|4|5|6|7|8|9|10|11|12
WN,BOI,23705,-38.0,394.0,0.36,0.0027,1|2|3|4|5|6|7|8|9|10|11|12
WN,TUS,21780,-36.0,394.0,2.73,0.0053,1|2|3|4|5|6|7|8|9|10|11|12
WN,BHM,21445,-40.0,520.0,7.41,0.0084,1|2|3|4|5|6|7|8|9|10|11|12
WN,SRQ,21155,-37.0,406.0,5.28,0.0381,1|2|3|4|5|6|7|8|9|10|11|12
WN,BDL,20455,-53.0,462.0,2.79,0.0066,1|2|3|4|5|6|7|8|9|10|11|12
WN,DTW,20330,-61.0,380.0,1.96,0.0066,1|2|3|4|5|6|7|8|9|10|11|12
WN,SJU,19935,-38.0,420.0,7.98,0.007,1|2|3|4|5|6|7|8|9|10|11|12
WN,GEG,18515,-44.0,312.0,0.09,8.0E-4,1|2|3|4|5|6|7|8|9|10|11|12
WN,MAF,18320,-39.0,555.0,3.37,0.0101,1|2|3|4|5|6|7|8|9|10|11|12
WN,MEM,17725,-43.0,575.0,5.94,0.0065,1|2|3|4|5|6|7|8|9|10|11|12
WN,CHS,17655,-38.0,444.0,2.84,0.0062,1|2|3|4|5|6|7|8|9|10|11|12
WN,ALB,17630,-52.0,646.0,3.82,0.0091,1|2|3|4|5|6|7|8|9|10|11|12
WN,KOA,16990,-69.0,473.0,-6.49,0.0047,1|2|3|4|5|6|7|8|9|10|11|12
WN,LIH,16705,-68.0,259.0,-6.91,0.0012,1|2|3|4|5|6|7|8|9|10|11|12
WN,CLT,16465,-37.0,494.0,11.05,0.0033,1|2|3|4|5|6|7|8|9|10|11|12
WN,ORF,15750,-36.0,509.0,4.25,0.0035,1|2|3|4|5|6|7|8|9|10|11|12
WN,ECP,15720,-38.0,624.0,4.21,0.0076,1|2|3|4|5|6|7|8|9|10|11|12
WN,IAH,14335,-45.0,768.0,7.95,0.0164,1|2|3|4|5|6|7|8
WN,ISP,14210,-50.0,521.0,3.18,0.0102,1|2|3|4|5|6|7|8|9|10|11|12
WN,SAV,14125,-54.0,466.0,5.52,0.0064,1|2|3|4|5|6|7|8|9|10|11|12
WN,MHT,13550,-58.0,354.0,-1.09,0.0048,1|2|3|4|5|6|7|8|9|10|11|12
WN,LBB,13145,-40.0,352.0,-0.74,0.008,1|2|3|4|5|6|7|8|9|10|11|12
WN,PSP,13030,-37.0,370.0,1.82,0.0027,1|2|3|4|5|6|7|8|9|10|11|12
WN,PBI,12875,-41.0,458.0,5.34,0.0078,1|2|3|4|5|6|7|8|9|10|11|12
WN,LIT,12820,-39.0,387.0,0.48,0.0027,1|2|3|4|5|6|7|8|9|10|11|12
WN,MYR,11775,-36.0,415.0,1.71,0.0064,1|2|3|4|5|6|7|8|9|10|11|12
WN,PNS,11340,-59.0,490.0,0.21,0.0035,1|2|3|4|5|6|7|8|9|10|11|12
WN,HRL,11310,-33.0,361.0,5.79,0.0057,1|2|3|4|5|6|7|8|9|10|11|12
WN,CVG,10790,-42.0,449.0,3.06,0.006,1|2|3|4|5|6|7|8|9|10|11|12
WN,BZN,10050,-40.0,348.0,1.82,0.0045,1|2|3|4|5|6|7|8|9|10|11|12
WN,RIC,9800,-47.0,395.0,2.85,5.0E-4,1|2|3|4|5|6|7|8|9|10|11|12
WN,GRR,9790,-38.0,510.0,5.42,0.0051,1|2|3|4|5|6|7|8|9|10|11|12
WN,AMA,9685,-41.0,471.0,0.94,0.0052,1|2|3|4|5|6|7|8|9|10|11|12
WN,SBA,9655,-32.0,423.0,1.05,0.014,1|2|3|4|5|6|7|8|9|10|11|12
WN,VPS,9620,-34.0,708.0,2.24,0.0042,1|2|3|4|5|6|7|8|9|10|11|12
WN,ROC,9550,-51.0,566.0,5.88,0.0052,1|2|3|4|5|6|7|8|9|10|11|12
WN,ITO,9145,-28.0,157.0,-5.26,0.0038,1|2|3|4|5|6|7|8|9|10|11|12
WN,DSM,8895,-46.0,549.0,2.13,0.0096,1|2|3|4|5|6|7|8|9|10|11|12
WN,ICT,8855,-48.0,265.0,-4.71,0.0023,1|2|3|4|5|6|7|8|9|10|11|12
WN,JAN,8760,-33.0,582.0,5.78,0.008,1|2|3|4|5|6|7|8|9|10|11|12
WN,EUG,8645,-39.0,433.0,0.41,0.0179,1|2|3|4|5|6|7|8|9|10|11|12
WN,PWM,7665,-45.0,430.0,6.46,0.0085,1|2|3|4|5|6|7|8|9|10|11|12
WN,GSP,7470,-45.0,472.0,0.34,0.0047,1|2|3|4|5|6|7|8|9|10|11|12
WN,FAT,7435,-31.0,328.0,5.5,7.0E-4,1|2|3|4|5|6|7|8|9|10|11|12
WN,CRP,5810,-39.0,599.0,5.33,0.0112,1|2|3|4|5|6|7|8|9|10|11|12
WN,IAD,5690,-56.0,415.0,2.62,0.0026,1|2|3|4|5|6|7|8|9|10|11|12
WN,SYR,4260,-47.0,417.0,4.24,0.0059,1|2|3|4|5|6|7|8
WN,MTJ,3115,-37.0,371.0,4.17,0.0016,1|2|3|4|5|6|7|8|9|10|11|12
WN,BLI,3090,-33.0,277.0,2.16,0.0065,1|2|3|4|5|6|7|8
WN,HDN,3040,-38.0,234.0,4.03,0.0099,1|2|3|4|5|6|7|8|9|10|11|12
YX,LGA,209675,-70.0,979.0,-4.53,0.0232,1|2|3|4|5|6|7|8|9|10|11|12
YX,DCA,135315,-70.0,1121.0,-1.63,0.0143,1|2|3|4|5|6|7|8|9|10|11|12
YX,BOS,132695,-69.0,973.0,-1.54,0.016,1|2|3|4|5|6|7|8|9|10|11|12
YX,EWR,116765,-66.0,1211.0,-3.67,0.0316,1|2|3|4|5|6|7|8|9|10|11|12
YX,JFK,86080,-73.0,1313.0,-2.42,0.0215,1|2|3|4|5|6|7|8|9|10|11|12
YX,ORD,85380,-52.0,1011.0,-1.7,0.0094,1|2|3|4|5|6|7|8|9|10|11|12
YX,IND,63490,-49.0,848.0,-2.6,0.0121,1|2|3|4|5|6|7|8|9|10|11|12
YX,CMH,57585,-51.0,717.0,-4.36,0.0119,1|2|3|4|5|6|7|8|9|10|11|12
YX,PIT,48255,-52.0,1095.0,-5.6,0.013,1|2|3|4|5|6|7|8|9|10|11|12
YX,PHL,43860,-65.0,1127.0,-1.82,0.0184,1|2|3|4|5|6|7|8|9|10|11|12
YX,IAD,41050,-47.0,927.0,-1.43,0.0132,1|2|3|4|5|6|7|8|9|10|11|12
YX,SDF,31265,-56.0,1069.0,-2.67,0.0094,1|2|3|4|5|6|7|8|9|10|11|12
YX,BNA,28505,-47.0,1149.0,0.69,0.0121,1|2|3|4|5|6|7|8|9|10|11|12
YX,RDU,28160,-51.0,1175.0,2.85,0.0146,1|2|3|4|5|6|7|8|9|10|11|12
YX,CVG,27710,-59.0,1057.0,-1.62,0.0168,1|2|3|4|5|6|7|8|9|10|11|12
YX,DTW,24130,-49.0,943.0,-1.53,0.0162,1|2|3|4|5|6|7|8|9|10|11|12
YX,CLE,22080,-48.0,1237.0,-1.17,0.0217,1|2|3|4|5|6|7|8|9|10|11|12
YX,PWM,17875,-53.0,1173.0,-1.23,0.0227,1|2|3|4|5|6|7|8|9|10|11|12
YX,MEM,15045,-52.0,1012.0,-0.17,0.0153,1|2|3|4|5|6|7|8|9|10|11|12
YX,ORF,13985,-54.0,1209.0,1.64,0.0243,1|2|3|4|5|6|7|8|9|10|11|12
YX,BUF,13835,-47.0,1199.0,1.44,0.0361,1|2|3|4|5|6|7|8|9|10|11|12
YX,CLT,13125,-53.0,901.0,3.69,0.013,1|2|3|4|5|6|7|8|9|10|11|12
YX,RIC,11845,-46.0,1028.0,3.6,0.0186,1|2|3|4|5|6|7|8|9|10|11|12
YX,CHS,11345,-43.0,1056.0,-1.04,0.0132,1|2|3|4|5|6|7|8|9|10|11|12
YX,GSP,10630,-55.0,1122.0,-0.45,0.0254,1|2|3|4|5|6|7|8|9|10|11|12
YX,STL,10245,-42.0,1347.0,-1.06,0.0132,1|2|3|4|5|6|7|8|9|10|11|12
YX,GRR,10235,-50.0,561.0,-3.4,0.0205,1|2|3|4|5|6|7|8|9|10|11|12
YX,MKE,9260,-53.0,1128.0,-0.02,0.0265,1|2|3|4|5|6|7|8|9|10|11|12
YX,MCI,8555,-44.0,869.0,1.91,0.0181,1|2|3|4|5|6|7|8|9|10|11|12
YX,BTV,8405,-57.0,1105.0,-5.92,0.022,1|2|3|4|5|6|7|8|9|10|11|12
YX,JAX,8350,-46.0,1245.0,1.32,0.0174,1|2|3|4|5|6|7|8|9|10|11|12
YX,GSO,8105,-47.0,1059.0,1.7,0.0308,1|2|3|4|5|6|7|8|9|10|11|12
YX,SYR,7875,-68.0,475.0,-5.89,0.0171,1|2|3|4|5|6|7|8|9|10|11|12
YX,ILM,6760,-34.0,1328.0,4.87,0.0222,1|2|3|4|5|6|7|8|9|10|11|12
YX,ATL,6150,-38.0,1243.0,6.11,0.0179,1|2|3|4|5|6|7|8|9|10|11|12
YX,MSN,6040,-48.0,554.0,-3.2,0.0099,1|2|3|4|5|6|7|8|9|10|11|12
YX,MSP,6015,-48.0,1079.0,3.65,0.0175,1|2|3|4|5|6|7|8|9|10|11|12
YX,SAV,5790,-44.0,1034.0,0.47,0.0078,1|2|3|4|5|6|7|8|9|10|11|12
YX,AVL,5610,-47.0,1168.0,2.44,0.0446,1|2|3|4|5|6|7|8|9|10|11|12
YX,EYW,5420,-58.0,1168.0,7.48,0.0231,1|2|3|4|5|6|7|8|9|10|11|12
YX,OMA,5210,-44.0,1230.0,0.49,0.0144,1|2|3|4|5|6|7|8|9|10|11|12
YX,BGR,5055,-49.0,1334.0,3.26,0.0465,1|2|3|4|5|6|7|8|9|10|11|12
YX,PVD,5040,-48.0,549.0,-4.51,0.0079,1|2|3|4|5|6|7|8|9|10|11|12
YX,ROC,4970,-49.0,393.0,-3.71,0.0191,1|2|3|4|5|6|7|8|9|10|11|12
YX,OKC,4760,-46.0,862.0,1.81,0.0158,1|2|3|4|5|6|7|8|9|10|11|12
YX,BWI,4680,-48.0,971.0,1.92,0.015,1|2|3|4|5|6|7|8|9|10|11|12
YX,DSM,4640,-37.0,474.0,1.74,0.0162,1|2|3|4|5|6|7|8|9|10|11|12
YX,XNA,4020,-44.0,851.0,-0.08,0.0174,1|2|3|4|5|6|7|8|9|10|11|12
YX,HHH,3785,-41.0,1211.0,12.28,0.0277,2|3|4|5|6|7|8|9|10
YX,LEX,3760,-37.0,416.0,0.42,0.008,1|2|3|4|5|6|7|8|9|10|11|12
YX,TYS,3670,-42.0,996.0,3.7,0.0177,1|2|3|4|5|6|7|8|9|10|11|12
YX,TUL,3450,-42.0,429.0,1.26,0.0188,1|2|3|4|5|6|7|8|9|10|11|12
YX,ACK,3090,-43.0,1245.0,15.26,0.0841,5|6|7|8|9
YX,MIA,3075,-54.0,716.0,4.21,0.0195,1|2|3|4|5|6|7|8|9|10|11|12
YX,MYR,3065,-44.0,1133.0,0.77,0.0375,1|2|3|4|5|6|7|8|9|10|11|12
YX,MSY,3000,-47.0,1117.0,4.52,0.0067,1|2|3|4|5|6|7|8|9|10|11|12
YX,MVY,2670,-34.0,1219.0,15.14,0.0431,5|6|7|8|9
YX,BDL,2560,-50.0,286.0,-8.02,0.0039,1|2|3|4|5|6|8|9|10|11|12
YX,DLH,2505,-39.0,410.0,-4.29,0.004,3|4|5|6|7|8|9|10|11|12
YX,LIT,2315,-42.0,200.0,1.13,0.013,1|2|3|4|5|6|7|8|9|10|11|12
YX,CHO,2315,-39.0,487.0,8.96,0.0259,1|2|3|4|5|6|7|8|9|10|11|12
YX,TVC,1975,-38.0,280.0,8.28,0.0101,1|2|3|6|7|8|9|11|12
YX,BHM,1920,-39.0,186.0,-3.87,0.0104,1|2|3|4|5|6|7|8|9|10|11|12
YX,ORH,1800,-40.0,226.0,-6.27,0.05,1|2|3|4|5|6|7|8|9|10|11|12
YX,CAE,1700,-32.0,1001.0,10.56,0.0471,1|2|3|4|5|6|7|8|9|10|11|12
YX,ALB,1650,-42.0,773.0,-2.19,0.0152,1|2|3|4|5|6|9|10|11|12
YX,DAY,1595,-33.0,923.0,-2.49,0.0063,1|2|3|4|5|6|9|10|11|12
YX,ROA,1565,-32.0,1189.0,20.02,0.0543,1|2|3|4|5|6|7|8|9|10|11|12
YX,MDT,1415,-49.0,139.0,-12.39,0.0106,1|2|3|4|5|9|10
YX,HSV,1145,-42.0,194.0,0.41,0.0175,1|2|3|4|5|8|9|10|11|12
YX,SRQ,1085,-42.0,597.0,12.92,0.0369,1|2|3|4|5|6|7|8|9|10|11|12
YX,GRB,895,-31.0,304.0,1.08,0.0112,1|2|3|4|5|6|7|8|9
YX,HYA,820,-21.0,377.0,18.71,0.0122,6|7|8|9
YX,CID,770,-34.0,264.0,-4.86,0.0519,1|2|3|4|5|6|8|11|12
YX,CHA,740,-38.0,316.0,1.84,0.0,10|11|12
YX,AUS,605,-38.0,111.0,-3.23,0.0,1|2|3|4|5|8|9|10|11|12
YX,RSW,455,-41.0,881.0,11.13,0.0,1|2|11|12
YX,PNS,425,-37.0,922.0,21.12,0.0235,4|5|6|7|8|9|10|11
YX,ITH,415,-39.0,279.0,-6.88,0.0361,5|6|8
YX,VPS,390,-32.0,111.0,-9.87,0.0,2|3|5|6|7|11|12
YX,MHT,330,-46.0,191.0,-1.38,0.0152,1|2|3|5|11|12
YX,SBN,325,-34.0,298.0,12.81,0.0154,9|10|11|12
YX,HPN,295,-31.0,275.0,1.05,0.0,1|3|4|5
YX,FSD,280,-35.0,333.0,-0.09,0.0,2|3|12
YX,IAH,275,-43.0,1145.0,34.69,0.0,1|4|5|9|10|11|12
YX,DFW,220,-42.0,1033.0,26.28,0.0227,1|2|3|4|5|6|7|8|9|10|12
YX,TLH,210,-22.0,364.0,19.58,0.0476,2|3|8|9|10
YX,LNK,185,-26.0,261.0,4.39,0.027,8
YX,ELP,155,-36.0,198.0,-3.38,0.0645,12
YX,AGS,150,-36.0,129.0,-0.73,0.0,4
YX,ECP,120,-19.0,142.0,16.17,0.0,3|5|6|7|8
YX,TPA,120,-33.0,71.0,4.21,0.0,1|2|4|5|11|12
YX,PBI,80,-29.0,9.0,-6.88,0.0,1|2|5|12
YX,RST,70,-24.0,14.0,-7.36,0.0,12
YX,SAT,55,-37.0,78.0,-1.45,0.0,12
YX,SCE,40,-43.0,65.0,-1.63,0.0,1|11|12
