aeroporto,mese,voli_ritardo_basso,ritardo_medio_dep_basso,ritardo_medio_arr_basso,voli_ritardo_medio,ritardo_medio_dep_medio,ritardo_medio_arr_medio,voli_ritardo_alto,ritardo_medio_dep_alto,ritardo_medio_arr_alto,top_3_cause_ritardo_canc
ABE,1,275,-5.51,-14.56,30,34.9,32.5,30,241.3,234.03,DELAY_LATE_AIRCRAFT|DELAY_NAS|DELAY_CARRIER
ABE,2,296,-6.62,-19.57,19,28.53,10.11,14,227.93,217.93,DELAY_CARRIER|DELAY_NAS|DELAY_LATE_AIRCRAFT
ABE,3,339,-6.19,-18.37,28,30.68,19.89,23,173.43,163.39,DELAY_NAS|DELAY_LATE_AIRCRAFT|DELAY_CARRIER
ABE,4,303,-6.45,-17.3,29,33.45,27.66,29,258.66,250.38,DELAY_CARRIER|DELAY_LATE_AIRCRAFT|DELAY_NAS
ABE,5,320,-6.4,-12.5,26,30.08,29.58,39,183.13,177.13,DELAY_LATE_AIRCRAFT|DELAY_NAS|DELAY_CARRIER
ABE,6,335,-6.85,-16.46,37,26.65,17.22,37,173.24,172.32,DELAY_CARRIER|DELAY_LATE_AIRCRAFT|DELAY_NAS
ABE,7,280,-6.36,-10.59,41,34.61,30.15,37,138.08,137.08,DELAY_LATE_AIRCRAFT|DELAY_CARRIER|DELAY_NAS
ABE,8,289,-6.64,-14.06,42,32.02,27.98,27,146.96,144.3,DELAY_LATE_AIRCRAFT|DELAY_CARRIER|DELAY_NAS
ABE,9,276,-6.86,-15.9,24,38.08,32.88,16,265.06,261.25,DELAY_LATE_AIRCRAFT|DELAY_CARRIER|DELAY_WEATHER
ABE,10,302,-6.03,-17.9,31,26.23,11.97,18,193.17,183.83,DELAY_LATE_AIRCRAFT|CANC_WEATHER|DELAY_CARRIER
ABE,11,279,-6.35,-16.63,24,31.62,21.75,14,165.21,152.43,DELAY_LATE_AIRCRAFT|DELAY_CARRIER|DELAY_NAS
ABE,12,271,-4.88,-12.96,33,31.79,24.58,34,229.03,222.15,DELAY_LATE_AIRCRAFT|DELAY_CARRIER|DELAY_NAS
ABI,1,125,-6.34,-4.06,11,38.91,36.73,13,113.46,123.85,DELAY_LATE_AIRCRAFT|DELAY_NAS|DELAY_WEATHER
ABI,2,132,-6.43,-5.87,8,33.88,33.75,1,99.0,88.0,DELAY_NAS|DELAY_CARRIER|DELAY_LATE_AIRCRAFT
ABI,3,120,-4.21,-6.95,13,24.08,27.08,12,132.67,134.08,DELAY_LATE_AIRCRAFT|DELAY_NAS|DELAY_WEATHER
ABI,4,115,-4.19,-9.9,15,31.47,29.6,12,129.67,126.17,DELAY_LATE_AIRCRAFT|DELAY_WEATHER|DELAY_NAS
ABI,5,93,-2.91,-7.02,26,27.88,25.04,22,190.68,195.59,DELAY_LATE_AIRCRAFT|DELAY_CARRIER|DELAY_WEATHER
ABI,6,112,-4.65,-10.25,18,28.33,25.72,13,116.54,108.77,DELAY_LATE_AIRCRAFT|DELAY_CARRIER|DELAY_NAS
ABI,7,116,-4.23,-8.73,23,30.13,30.87,10,127.0,122.5,DELAY_LATE_AIRCRAFT|DELAY_CARRIER|DELAY_NAS
ABI,8,132,-6.14,-8.8,12,27.25,22.67,2,91.5,89.5,DELAY_LATE_AIRCRAFT|DELAY_CARRIER|DELAY_NAS
ABI,9,124,-5.33,-8.06,14,28.43,23.43,8,108.88,99.12,DELAY_CARRIER|DELAY_LATE_AIRCRAFT|DELAY_NAS
ABI,10,142,-5.69,-12.23,3,32.0,32.0,4,135.5,125.5,DELAY_CARRIER|DELAY_LATE_AIRCRAFT|DELAY_NAS
ABI,11,127,-4.5,-9.21,8,31.12,25.5,6,106.17,105.0,DELAY_WEATHER|DELAY_CARRIER|DELAY_LATE_AIRCRAFT
ABI,12,130,-4.19,-6.19,7,28.71,21.57,12,111.0,117.08,DELAY_LATE_AIRCRAFT|DELAY_CARRIER|DELAY_NAS
ABQ,1,1458,-3.25,-8.49,200,30.94,26.28,116,137.95,134.59,DELAY_LATE_AIRCRAFT|DELAY_NAS|DELAY_CARRIER
ABQ,2,1401,-2.88,-8.38,156,31.13,28.93,64,156.59,155.88,DELAY_LATE_AIRCRAFT|DELAY_NAS|DELAY_CARRIER
ABQ,3,1514,-2.42,-8.1,250,31.2,25.83,117,186.95,185.95,DELAY_LATE_AIRCRAFT|DELAY_NAS|DELAY_CARRIER
ABQ,4,1534,-2.33,-8.72,263,30.96,24.81,93,143.84,142.43,DELAY_LATE_AIRCRAFT|DELAY_CARRIER|DELAY_NAS
ABQ,5,1597,-1.9,-7.44,321,31.05,25.33,159,161.65,158.31,DELAY_LATE_AIRCRAFT|DELAY_CARRIER|DELAY_NAS
ABQ,6,1618,-2.15,-7.1,309,30.57,25.68,126,147.6,143.38,DELAY_LATE_AIRCRAFT|DELAY_CARRIER|DELAY_NAS
ABQ,7,1589,-2.11,-7.26,331,33.08,29.46,168,152.89,150.16,DELAY_LATE_AIRCRAFT|DELAY_CARRIER|DELAY_NAS
ABQ,8,1703,-3.32,-8.27,234,30.08,27.2,126,143.02,141.08,DELAY_LATE_AIRCRAFT|DELAY_CARRIER|DELAY_NAS
ABQ,9,1743,-3.87,-10.21,220,28.97,22.79,66,127.7,122.7,DELAY_LATE_AIRCRAFT|DELAY_CARRIER|DELAY_NAS
ABQ,10,2105,-3.07,-8.12,211,28.39,23.0,75,141.68,137.13,DELAY_LATE_AIRCRAFT|DELAY_CARRIER|DELAY_NAS
ABQ,11,1718,-3.56,-7.27,185,30.1,28.39,71,134.52,133.99,DELAY_LATE_AIRCRAFT|DELAY_NAS|DELAY_CARRIER
ABQ,12,1688,-3.17,-9.33,223,30.12,23.94,87,159.17,161.71,DELAY_LATE_AIRCRAFT|DELAY_CARRIER|DELAY_NAS
ABR,1,47,-3.34,-14.87,5,27.2,7.8,5,130.8,121.4,DELAY_CARRIER|CANC_WEATHER|DELAY_WEATHER
ABR,2,53,-4.94,-22.42,3,34.0,13.67,2,321.0,304.5,DELAY_CARRIER|DELAY_WEATHER
ABR,3,51,-4.1,-21.47,3,27.0,11.67,7,192.29,171.43,DELAY_CARRIER|DELAY_WEATHER|CANC_WEATHER
ABR,4,56,-5.18,-16.05,1,18.0,-4.0,3,365.67,344.0,DELAY_CARRIER|DELAY_WEATHER
ABR,5,53,-4.53,-10.7,3,39.33,36.0,6,140.5,130.67,DELAY_CARRIER|DELAY_WEATHER
ABR,6,42,-3.38,1.38,11,37.82,49.55,7,307.57,308.71,DELAY_CARRIER|DELAY_WEATHER|DELAY_NAS
ABR,7,49,-1.86,-10.18,6,35.67,32.67,7,132.29,138.29,DELAY_CARRIER|DELAY_NAS|DELAY_WEATHER
ABR,8,50,-3.28,-8.62,6,24.5,35.33,6,235.17,249.33,DELAY_CARRIER|DELAY_WEATHER|DELAY_NAS
ABR,9,57,-5.35,-16.53,0,,,3,140.33,132.33,DELAY_CARRIER
ABR,10,50,-4.54,-16.44,6,42.5,29.67,6,193.5,182.33,DELAY_CARRIER|DELAY_WEATHER
ABR,11,51,-4.59,-11.45,5,25.8,17.2,3,106.0,90.0,DELAY_CARRIER
ABR,12,41,-4.32,-8.1,8,34.12,25.5,10,356.8,348.1,DELAY_CARRIER|DELAY_NAS|CANC_WEATHER
ABY,1,50,-4.44,-10.1,5,26.6,18.6,7,304.86,294.14,DELAY_CARRIER|DELAY_WEATHER
ABY,2,45,-5.71,-7.69,7,27.71,15.57,6,199.33,194.83,DELAY_CARRIER|DELAY_WEATHER
ABY,3,56,-5.43,-9.23,2,43.0,39.0,4,140.5,131.0,DELAY_CARRIER|DELAY_WEATHER
ABY,4,49,-6.27,-3.1,7,35.43,39.0,4,130.25,137.0,DELAY_CARRIER|DELAY_NAS|DELAY_WEATHER
ABY,5,47,-6.02,-3.6,6,39.0,39.83,8,118.75,115.5,DELAY_CARRIER|DELAY_WEATHER|DELAY_NAS
ABY,6,50,-5.74,-6.76,5,45.6,40.0,4,72.0,66.25,DELAY_CARRIER|CANC_WEATHER
ABY,7,38,-5.92,3.29,7,29.43,27.43,13,186.23,188.0,DELAY_CARRIER|DELAY_WEATHER|DELAY_NAS
ABY,8,44,-4.55,-5.86,8,29.5,21.12,9,266.44,261.44,DELAY_CARRIER|CANC_WEATHER|DELAY_WEATHER
ABY,9,48,-6.85,-6.67,6,40.17,41.5,5,101.6,95.8,DELAY_CARRIER|DELAY_WEATHER|CANC_WEATHER
ABY,10,59,-6.73,-8.37,2,55.5,42.5,1,130.0,117.0,DELAY_CARRIER|DELAY_NAS
ABY,11,70,-7.83,-7.17,4,38.0,34.75,3,190.0,195.0,DELAY_CARRIER|DELAY_WEATHER
ABY,12,57,-7.19,-14.26,6,26.17,22.5,15,195.67,193.87,DELAY_CARRIER|DELAY_LATE_AIRCRAFT|DELAY_WEATHER
ACK,5,96,-10.22,-10.72,10,33.4,33.2,14,161.07,162.64,DELAY_LATE_AIRCRAFT|DELAY_NAS|CANC_CARRIER
ACK,6,260,-8.7,-13.32,33,36.27,39.27,36,175.81,178.14,DELAY_LATE_AIRCRAFT|DELAY_NAS|DELAY_CARRIER
ACK,7,337,-7.85,-11.22,64,33.41,32.2,51,137.04,140.27,DELAY_LATE_AIRCRAFT|DELAY_NAS|DELAY_CARRIER
ACK,8,351,-5.75,-7.06,34,36.24,35.0,47,179.66,181.4,DELAY_LATE_AIRCRAFT|DELAY_NAS|CANC_NAS
ACK,9,155,-9.64,-11.55,11,37.55,40.0,8,116.12,114.5,DELAY_LATE_AIRCRAFT|DELAY_NAS|DELAY_CARRIER
ACK,10,67,-9.9,-13.55,4,34.5,28.5,3,168.0,162.0,DELAY_LATE_AIRCRAFT|DELAY_NAS|DELAY_CARRIER
ACT,1,64,-6.52,-8.73,12,36.42,34.25,10,272.8,268.8,DELAY_CARRIER|CANC_WEATHER|DELAY_LATE_AIRCRAFT
ACT,2,80,-4.51,-5.96,3,31.0,36.0,4,82.5,70.25,DELAY_NAS|DELAY_LATE_AIRCRAFT|DELAY_CARRIER
ACT,3,79,-3.11,-2.57,7,29.57,29.43,4,75.25,69.75,DELAY_NAS|DELAY_LATE_AIRCRAFT|CANC_WEATHER
ACT,4,70,-3.81,-3.81,10,33.8,30.7,6,171.83,179.67,DELAY_LATE_AIRCRAFT|DELAY_CARRIER|DELAY_WEATHER
ACT,5,68,-6.18,-5.13,7,34.29,31.14,11,187.64,186.91,DELAY_CARRIER|CANC_WEATHER|DELAY_WEATHER
ACT,6,57,-4.09,-3.67,15,34.27,29.67,17,149.94,150.88,DELAY_LATE_AIRCRAFT|DELAY_CARRIER|DELAY_NAS
ACT,7,74,-6.15,-4.49,8,45.75,41.5,10,139.0,143.3,DELAY_CARRIER|DELAY_NAS|DELAY_WEATHER
ACT,8,75,-4.36,-1.88,11,36.73,40.73,5,103.8,107.4,DELAY_CARRIER|DELAY_LATE_AIRCRAFT|DELAY_NAS
ACT,9,75,-4.89,-5.84,11,27.09,29.64,4,174.75,166.5,DELAY_CARRIER|DELAY_LATE_AIRCRAFT|DELAY_NAS
ACT,10,62,-6.16,-7.42,12,33.58,32.5,18,119.56,115.0,DELAY_CARRIER|DELAY_LATE_AIRCRAFT|DELAY_NAS
ACT,11,73,-5.04,-6.81,7,39.86,36.71,4,157.5,153.75,DELAY_CARRIER|DELAY_LATE_AIRCRAFT|CANC_WEATHER
ACT,12,58,-4.9,-3.4,13,33.46,34.46,16,135.06,136.62,DELAY_CARRIER|DELAY_WEATHER|CANC_WEATHER
ACV,1,114,-5.46,-10.39,16,32.88,27.31,15,195.13,190.33,DELAY_LATE_AIRCRAFT|DELAY_NAS|DELAY_CARRIER
ACV,2,96,-5.95,-5.69,22,37.95,40.18,15,360.0,357.87,DELAY_LATE_AIRCRAFT|DELAY_NAS|DELAY_CARRIER
ACV,3,103,-4.86,-7.82,29,32.1,31.0,13,205.92,202.46,DELAY_NAS|DELAY_LATE_AIRCRAFT|DELAY_CARRIER
ACV,4,94,-4.16,-7.59,14,37.07,48.36,12,146.5,145.58,DELAY_NAS|DELAY_CARRIER|DELAY_LATE_AIRCRAFT
ACV,5,96,-3.8,-7.79,13,29.15,30.23,12,168.17,174.42,DELAY_NAS|DELAY_LATE_AIRCRAFT|DELAY_CARRIER
ACV,6,94,-4.09,-7.82,10,34.3,39.0,9,191.11,185.78,DELAY_CARRIER|DELAY_NAS|DELAY_LATE_AIRCRAFT
ACV,7,119,-4.97,-6.76,11,35.18,38.91,10,332.9,337.8,DELAY_CARRIER|DELAY_NAS|DELAY_LATE_AIRCRAFT
ACV,8,113,-4.06,-4.07,16,28.94,30.62,9,184.44,191.11,DELAY_NAS|DELAY_LATE_AIRCRAFT|CANC_WEATHER
ACV,9,117,-5.4,-11.02,8,34.88,31.38,19,285.79,283.37,DELAY_LATE_AIRCRAFT|DELAY_WEATHER|CANC_WEATHER
ACV,10,147,-5.35,-7.61,11,32.91,30.55,20,234.05,234.8,DELAY_CARRIER|DELAY_LATE_AIRCRAFT|DELAY_WEATHER
ACV,11,135,-5.25,-6.07,16,32.69,29.88,18,105.06,107.11,DELAY_CARRIER|DELAY_LATE_AIRCRAFT|DELAY_NAS
ACV,12,137,-5.77,-6.78,11,32.18,39.91,7,169.57,164.29,DELAY_CARRIER|DELAY_NAS|DELAY_WEATHER
ACY,1,223,-5.61,-4.85,24,29.38,30.88,9,138.78,134.56,DELAY_NAS|DELAY_LATE_AIRCRAFT|DELAY_CARRIER
ACY,2,227,-5.04,-11.72,37,34.32,25.43,16,136.0,134.88,DELAY_NAS|DELAY_LATE_AIRCRAFT|DELAY_CARRIER
ACY,3,212,-4.62,-9.36,71,33.18,31.79,34,156.47,157.5,DELAY_NAS|DELAY_LATE_AIRCRAFT|DELAY_CARRIER
ACY,4,257,-6.61,-16.86,25,34.48,28.96,15,132.6,130.53,DELAY_NAS|DELAY_CARRIER|DELAY_LATE_AIRCRAFT
ACY,5,234,-4.97,-11.55,35,30.91,24.94,13,135.54,134.46,DELAY_LATE_AIRCRAFT|DELAY_NAS|DELAY_CARRIER
ACY,6,181,-4.45,-14.98,28,31.46,23.14,29,135.41,129.86,DELAY_NAS|DELAY_CARRIER|DELAY_LATE_AIRCRAFT
ACY,7,166,-3.42,-13.07,37,35.84,27.49,17,181.18,171.47,DELAY_LATE_AIRCRAFT|DELAY_NAS|DELAY_CARRIER
ACY,8,205,-3.63,-9.22,38,31.47,27.79,27,137.96,136.0,DELAY_NAS|DELAY_LATE_AIRCRAFT|DELAY_CARRIER
ACY,9,168,-5.68,-13.92,16,28.94,23.38,8,114.0,113.75,DELAY_LATE_AIRCRAFT|DELAY_NAS|DELAY_CARRIER
ACY,10,184,-5.67,-15.45,13,37.62,27.46,6,112.5,97.83,DELAY_LATE_AIRCRAFT|CANC_WEATHER|DELAY_CARRIER
ACY,11,217,-7.74,-21.13,16,34.38,20.25,6,196.5,179.17,DELAY_LATE_AIRCRAFT|DELAY_NAS|DELAY_CARRIER
ACY,12,147,-6.25,-15.26,25,31.6,23.76,17,98.94,89.29,DELAY_NAS|DELAY_CARRIER|DELAY_LATE_AIRCRAFT
ADK,1,4,-18.25,-10.75,2,29.5,42.0,0,,,CANC_WEATHER|DELAY_SECURITY
ADK,2,7,-42.14,-39.71,0,,,0,,,CANC_WEATHER
ADK,3,8,-42.88,-40.62,0,,,1,103.0,103.0,DELAY_LATE_AIRCRAFT
ADK,4,5,-22.0,-26.4,1,58.0,53.0,1,225.0,217.0,DELAY_LATE_AIRCRAFT|CANC_WEATHER
ADK,5,7,-33.43,-42.57,2,22.0,17.0,0,,,DELAY_LATE_AIRCRAFT|DELAY_SECURITY
ADK,6,8,-22.75,-18.25,0,,,0,,,CANC_WEATHER
ADK,7,7,-7.0,-9.43,2,37.5,36.5,0,,,DELAY_LATE_AIRCRAFT|DELAY_SECURITY
ADK,8,6,1.17,-0.67,2,49.0,33.5,1,170.0,135.0,DELAY_SECURITY|DELAY_LATE_AIRCRAFT
ADK,9,5,-0.8,-7.6,2,31.0,16.5,1,70.0,73.0,DELAY_LATE_AIRCRAFT|DELAY_SECURITY
ADK,10,7,-14.86,-18.14,1,29.0,16.0,0,,,CANC_WEATHER|DELAY_CARRIER
ADK,11,7,-13.43,-5.0,0,,,1,61.0,73.0,CANC_WEATHER|DELAY_LATE_AIRCRAFT
ADK,12,8,-19.38,-15.62,0,,,0,,,DELAY_NAS
ADQ,1,37,-13.78,-16.86,8,30.62,27.75,8,92.38,83.75,DELAY_LATE_AIRCRAFT|DELAY_CARRIER|CANC_WEATHER
ADQ,2,50,-10.08,-13.96,5,33.8,28.6,3,134.33,126.33,DELAY_LATE_AIRCRAFT|DELAY_NAS|DELAY_WEATHER
ADQ,3,47,-11.47,-14.83,7,26.86,22.43,5,164.0,161.8,DELAY_LATE_AIRCRAFT|CANC_CARRIER|DELAY_CARRIER
ADQ,4,46,-11.63,-15.59,8,39.38,33.5,2,168.5,165.0,DELAY_CARRIER|DELAY_LATE_AIRCRAFT|CANC_CARRIER
ADQ,5,66,-9.06,-10.79,4,42.0,40.25,2,62.5,52.5,DELAY_LATE_AIRCRAFT|DELAY_CARRIER
ADQ,6,66,-12.14,-11.8,5,36.2,31.8,2,76.5,74.5,DELAY_LATE_AIRCRAFT|CANC_WEATHER|DELAY_CARRIER
ADQ,7,66,-7.03,-6.95,6,24.67,19.0,6,210.0,212.0,DELAY_CARRIER|DELAY_LATE_AIRCRAFT|DELAY_NAS
ADQ,8,73,-8.38,-8.67,8,27.38,24.25,3,100.0,100.0,DELAY_LATE_AIRCRAFT|DELAY_SECURITY|CANC_CARRIER
ADQ,9,86,-12.55,-11.38,3,43.0,47.67,1,87.0,89.0,DELAY_NAS|DELAY_LATE_AIRCRAFT|DELAY_WEATHER
ADQ,10,51,-5.84,-7.24,7,31.43,32.29,3,130.33,131.67,DELAY_LATE_AIRCRAFT|DELAY_CARRIER|CANC_WEATHER
ADQ,11,41,-4.68,-2.56,13,27.46,28.31,3,358.67,357.33,DELAY_LATE_AIRCRAFT|DELAY_WEATHER|DELAY_CARRIER
ADQ,12,52,-7.15,-9.4,3,30.0,29.67,3,169.67,174.67,DELAY_LATE_AIRCRAFT|DELAY_NAS|CANC_WEATHER
AEX,1,115,-4.9,-4.79,16,38.5,32.44,16,249.38,259.19,DELAY_CARRIER|DELAY_NAS|DELAY_LATE_AIRCRAFT
AEX,2,129,-6.29,-10.56,8,33.62,37.75,6,239.67,234.67,DELAY_CARRIER|DELAY_LATE_AIRCRAFT|DELAY_NAS
AEX,3,137,-4.73,-10.62,7,34.86,41.43,8,165.25,153.88,DELAY_CARRIER|DELAY_WEATHER|DELAY_LATE_AIRCRAFT
AEX,4,119,-5.61,-8.5,10,35.1,33.8,18,266.72,284.56,DELAY_WEATHER|DELAY_CARRIER|DELAY_LATE_AIRCRAFT
AEX,5,117,-4.56,-5.96,9,27.56,33.67,23,169.96,166.96,DELAY_CARRIER|DELAY_WEATHER|CANC_WEATHER
AEX,6,144,-4.78,-10.49,11,26.18,17.18,12,223.17,227.17,DELAY_CARRIER|DELAY_NAS|DELAY_LATE_AIRCRAFT
AEX,7,129,-4.72,-9.82,19,29.95,25.21,23,217.39,214.74,DELAY_CARRIER|DELAY_WEATHER|DELAY_LATE_AIRCRAFT
AEX,8,154,-5.45,-12.08,7,29.14,24.71,15,158.0,148.2,DELAY_CARRIER|DELAY_LATE_AIRCRAFT|DELAY_NAS
AEX,9,140,-4.26,-8.0,16,29.94,29.88,15,165.2,160.87,DELAY_CARRIER|DELAY_LATE_AIRCRAFT|DELAY_NAS
AEX,10,141,-6.7,-15.45,14,34.14,26.5,21,176.19,163.81,DELAY_CARRIER|DELAY_LATE_AIRCRAFT|DELAY_WEATHER
AEX,11,140,-5.64,-11.46,12,28.5,20.17,15,172.73,165.6,DELAY_CARRIER|DELAY_LATE_AIRCRAFT|DELAY_NAS
AEX,12,142,-4.39,-11.08,17,31.18,32.76,6,274.33,262.0,DELAY_NAS|DELAY_CARRIER|DELAY_LATE_AIRCRAFT
AGS,1,165,-2.61,-7.24,32,29.97,29.0,47,178.3,173.43,DELAY_CARRIER|DELAY_LATE_AIRCRAFT|DELAY_NAS
AGS,2,195,-3.47,-13.11,24,30.96,21.92,20,144.1,134.65,DELAY_CARRIER|DELAY_WEATHER|DELAY_LATE_AIRCRAFT
AGS,3,213,-3.82,-8.38,17,28.0,26.82,19,176.74,170.47,DELAY_CARRIER|DELAY_LATE_AIRCRAFT|DELAY_NAS
AGS,4,377,-3.01,-5.85,74,30.93,27.65,32,100.84,101.16,DELAY_LATE_AIRCRAFT|DELAY_CARRIER|DELAY_NAS
AGS,5,246,-3.72,-7.45,28,33.0,30.68,32,177.59,177.41,DELAY_LATE_AIRCRAFT|DELAY_CARRIER|DELAY_NAS
AGS,6,317,-4.76,-9.42,29,28.45,23.38,21,127.38,124.81,DELAY_NAS|DELAY_LATE_AIRCRAFT|DELAY_CARRIER
AGS,7,263,-3.56,-5.45,39,33.69,27.31,60,171.17,171.05,DELAY_LATE_AIRCRAFT|DELAY_NAS|DELAY_CARRIER
AGS,8,294,-4.68,-8.57,32,33.53,26.81,26,183.58,177.15,DELAY_LATE_AIRCRAFT|DELAY_CARRIER|DELAY_NAS
AGS,9,305,-4.67,-7.42,29,33.21,34.0,39,222.56,220.33,CANC_WEATHER|DELAY_LATE_AIRCRAFT|DELAY_CARRIER
AGS,10,264,-3.77,-8.66,32,28.94,23.97,45,204.67,204.84,DELAY_WEATHER|DELAY_CARRIER|DELAY_LATE_AIRCRAFT
AGS,11,282,-2.89,-7.2,27,24.41,21.33,14,134.36,130.64,DELAY_NAS|DELAY_CARRIER|DELAY_LATE_AIRCRAFT
AGS,12,214,-1.4,-7.24,39,30.92,23.69,37,189.54,182.05,DELAY_CARRIER|DELAY_NAS|DELAY_LATE_AIRCRAFT
AKN,4,7,-28.0,-27.0,0,,,0,,,N/D
AKN,5,19,-16.0,-15.11,2,25.0,13.0,0,,,CANC_CARRIER|DELAY_LATE_AIRCRAFT|DELAY_NAS
AKN,6,34,-11.91,-8.59,2,23.0,24.5,0,,,DELAY_NAS|DELAY_LATE_AIRCRAFT
AKN,7,38,-6.18,-0.29,6,33.33,41.5,2,80.0,81.0,DELAY_LATE_AIRCRAFT|DELAY_SECURITY|DELAY_NAS
AKN,8,31,-11.74,-9.48,6,18.33,20.33,0,,,DELAY_LATE_AIRCRAFT|DELAY_NAS|DELAY_CARRIER
AKN,9,24,-15.67,-12.21,6,31.83,30.0,0,,,DELAY_LATE_AIRCRAFT|DELAY_SECURITY
ALB,1,665,-3.58,-9.59,110,28.14,28.25,61,139.36,143.87,DELAY_NAS|DELAY_LATE_AIRCRAFT|DELAY_CARRIER
ALB,2,765,-3.64,-16.75,80,29.84,18.65,35,143.74,134.97,DELAY_LATE_AIRCRAFT|DELAY_NAS|DELAY_CARRIER
ALB,3,809,-3.01,-11.75,128,30.62,25.06,68,178.04,180.82,DELAY_LATE_AIRCRAFT|DELAY_NAS|DELAY_CARRIER
ALB,4,827,-3.81,-11.08,112,29.99,23.83,58,246.76,242.57,DELAY_LATE_AIRCRAFT|DELAY_NAS|DELAY_CARRIER
ALB,5,798,-3.59,-9.99,137,30.73,22.43,72,135.88,131.26,DELAY_LATE_AIRCRAFT|DELAY_NAS|DELAY_CARRIER
ALB,6,799,-3.58,-9.84,134,31.23,23.08,83,174.82,172.11,DELAY_LATE_AIRCRAFT|DELAY_NAS|DELAY_CARRIER
ALB,7,712,-2.56,-6.88,160,32.92,30.29,141,159.25,162.76,DELAY_LATE_AIRCRAFT|DELAY_CARRIER|DELAY_NAS
ALB,8,805,-2.82,-7.68,151,30.22,29.71,101,170.47,172.08,DELAY_LATE_AIRCRAFT|DELAY_NAS|DELAY_CARRIER
ALB,9,917,-4.96,-10.52,95,29.71,24.32,32,230.19,227.03,DELAY_LATE_AIRCRAFT|DELAY_CARRIER|DELAY_NAS
ALB,10,928,-4.1,-12.65,118,27.42,16.56,29,177.41,168.86,DELAY_CARRIER|DELAY_LATE_AIRCRAFT|DELAY_NAS
ALB,11,847,-4.39,-15.36,69,28.45,17.78,33,206.18,193.27,DELAY_LATE_AIRCRAFT|DELAY_CARRIER|DELAY_NAS
ALB,12,733,-2.86,-8.12,141,31.92,25.6,98,203.65,199.54,DELAY_LATE_AIRCRAFT|DELAY_NAS|DELAY_CARRIER
ALW,1,42,-5.07,6.52,3,39.0,47.0,4,172.25,187.25,CANC_WEATHER|DELAY_CARRIER|DELAY_LATE_AIRCRAFT
ALW,2,52,-6.77,-0.15,1,49.0,75.0,2,96.0,95.0,DELAY_NAS|CANC_WEATHER|DELAY_LATE_AIRCRAFT
ALW,3,60,-7.17,-4.13,1,44.0,44.0,1,63.0,80.0,DELAY_CARRIER|DELAY_LATE_AIRCRAFT|DELAY_WEATHER
ALW,4,59,-6.41,-4.75,0,,,1,78.0,74.0,DELAY_CARRIER|DELAY_LATE_AIRCRAFT
ALW,5,57,-5.23,-6.0,3,20.67,20.67,0,,,DELAY_CARRIER|DELAY_LATE_AIRCRAFT
ALW,6,52,-3.56,-3.94,3,37.33,33.33,4,92.0,95.5,DELAY_LATE_AIRCRAFT|DELAY_CARRIER|DELAY_NAS
ALW,7,50,-3.84,-5.88,10,24.9,25.2,0,,,DELAY_LATE_AIRCRAFT|DELAY_CARRIER|DELAY_NAS
ALW,8,53,-6.13,-5.77,6,28.17,31.83,2,94.0,102.5,DELAY_LATE_AIRCRAFT|DELAY_NAS|CANC_CARRIER
ALW,9,52,-5.92,-1.92,6,37.17,44.0,2,91.0,90.5,DELAY_LATE_AIRCRAFT|DELAY_NAS|DELAY_CARRIER
AMA,1,308,-4.44,-6.51,40,31.1,30.95,30,173.9,168.53,DELAY_LATE_AIRCRAFT|DELAY_NAS|CANC_WEATHER
AMA,2,353,-5.73,-10.17,29,32.83,31.48,9,104.44,91.0,DELAY_NAS|DELAY_CARRIER|DELAY_LATE_AIRCRAFT
AMA,3,365,-5.33,-9.15,33,33.12,32.15,24,139.46,139.29,DELAY_LATE_AIRCRAFT|DELAY_NAS|DELAY_CARRIER
AMA,4,307,-4.29,-8.45,29,33.1,30.28,26,147.38,155.54,DELAY_LATE_AIRCRAFT|DELAY_NAS|DELAY_CARRIER
AMA,5,293,-3.78,-7.64,57,34.37,32.4,49,156.02,158.06,DELAY_LATE_AIRCRAFT|DELAY_NAS|DELAY_CARRIER
AMA,6,341,-3.98,-9.09,60,30.65,27.45,39,179.9,177.28,DELAY_LATE_AIRCRAFT|DELAY_CARRIER|DELAY_NAS
AMA,7,362,-3.71,-8.17,71,33.72,29.18,30,140.8,137.27,DELAY_LATE_AIRCRAFT|DELAY_CARRIER|DELAY_NAS
AMA,8,382,-5.19,-9.28,50,34.28,32.46,26,150.12,145.69,DELAY_LATE_AIRCRAFT|DELAY_CARRIER|DELAY_NAS
AMA,9,375,-4.8,-5.73,29,32.45,33.83,21,125.33,126.38,DELAY_LATE_AIRCRAFT|DELAY_NAS|DELAY_CARRIER
AMA,10,406,-4.73,-8.86,42,33.93,28.1,13,140.0,129.85,DELAY_LATE_AIRCRAFT|DELAY_NAS|DELAY_CARRIER
AMA,11,341,-4.02,-8.64,35,31.54,26.89,20,153.35,149.65,DELAY_NAS|DELAY_LATE_AIRCRAFT|DELAY_CARRIER
AMA,12,350,-4.07,-10.4,33,34.27,25.15,30,160.9,161.47,DELAY_LATE_AIRCRAFT|DELAY_CARRIER|DELAY_NAS
ANC,1,760,-3.81,-8.69,163,32.78,25.76,100,135.32,135.0,DELAY_LATE_AIRCRAFT|CANC_CARRIER|DELAY_CARRIER
ANC,2,924,-5.69,-8.22,96,29.7,24.05,41,211.41,207.12,DELAY_NAS|DELAY_CARRIER|DELAY_LATE_AIRCRAFT
ANC,3,1056,-5.26,-9.61,151,30.79,24.66,76,140.8,137.07,DELAY_LATE_AIRCRAFT|DELAY_CARRIER|DELAY_NAS
ANC,4,1092,-6.53,-12.04,148,32.71,25.11,63,114.65,105.98,DELAY_LATE_AIRCRAFT|DELAY_CARRIER|DELAY_NAS
ANC,5,1472,-5.76,-11.57,188,32.59,22.8,54,144.11,133.57,DELAY_LATE_AIRCRAFT|DELAY_CARRIER|DELAY_NAS
ANC,6,1794,-5.17,-7.69,238,30.0,25.93,70,150.31,147.54,DELAY_CARRIER|DELAY_LATE_AIRCRAFT|DELAY_NAS
ANC,7,1761,-3.23,-6.42,377,30.96,26.4,109,178.06,176.04,DELAY_CARRIER|DELAY_LATE_AIRCRAFT|DELAY_NAS
ANC,8,1785,-3.42,-8.35,329,29.22,23.11,85,181.99,175.88,DELAY_LATE_AIRCRAFT|DELAY_CARRIER|DELAY_NAS
ANC,9,1459,-4.67,-9.32,160,28.11,20.38,45,149.91,139.56,DELAY_CARRIER|DELAY_LATE_AIRCRAFT|DELAY_NAS
ANC,10,1153,-5.5,-9.44,106,27.79,28.54,55,159.73,160.49,DELAY_NAS|DELAY_CARRIER|DELAY_LATE_AIRCRAFT
ANC,11,1019,-5.49,-9.73,101,31.77,24.58,26,97.35,89.85,DELAY_CARRIER|DELAY_LATE_AIRCRAFT|DELAY_NAS
ANC,12,986,-4.24,-9.32,127,28.39,22.78,42,167.6,159.83,DELAY_LATE_AIRCRAFT|DELAY_CARRIER|DELAY_NAS
APN,1,27,-7.81,-12.33,3,45.0,37.0,8,178.25,165.38,CANC_WEATHER|DELAY_CARRIER|DELAY_WEATHER
APN,2,42,-10.4,-22.71,1,40.0,56.0,7,113.57,104.29,DELAY_CARRIER|DELAY_WEATHER
APN,3,50,-8.28,-17.06,1,19.0,1.0,3,345.33,328.0,DELAY_WEATHER|DELAY_CARRIER|DELAY_SECURITY
APN,4,44,-8.73,-15.39,1,38.0,42.0,5,210.0,205.2,DELAY_CARRIER|DELAY_WEATHER|CANC_WEATHER
APN,5,43,-8.35,-12.4,5,30.8,25.8,5,154.4,153.8,DELAY_CARRIER|DELAY_WEATHER|DELAY_NAS
APN,6,39,-7.28,-10.36,2,42.5,34.5,9,245.89,238.89,DELAY_CARRIER|DELAY_WEATHER|CANC_WEATHER
APN,7,40,-5.15,-9.88,4,47.0,40.5,6,145.67,140.0,DELAY_CARRIER|CANC_WEATHER|DELAY_NAS
APN,8,43,-8.05,-14.28,2,48.0,34.5,9,139.11,135.22,DELAY_CARRIER|DELAY_NAS|DELAY_WEATHER
APN,9,45,-8.87,-14.98,4,38.25,33.5,4,143.25,138.25,DELAY_CARRIER|DELAY_WEATHER
APN,10,47,-9.68,-16.68,1,16.0,5.0,4,149.0,144.75,DELAY_CARRIER|DELAY_NAS
APN,11,47,-7.49,-14.32,3,27.0,35.67,3,143.33,131.0,DELAY_CARRIER|DELAY_NAS
APN,12,34,-6.62,-10.0,10,37.8,32.1,8,179.75,178.25,DELAY_CARRIER|CANC_WEATHER|DELAY_WEATHER
ASE,1,550,-3.68,-11.93,184,32.97,25.74,129,180.81,173.84,CANC_WEATHER|DELAY_LATE_AIRCRAFT|DELAY_NAS
ASE,2,485,-4.3,-12.41,175,31.81,24.66,165,157.92,151.67,DELAY_CARRIER|DELAY_LATE_AIRCRAFT|CANC_WEATHER
ASE,3,543,-4.74,-11.6,191,34.31,26.97,183,161.83,159.9,CANC_WEATHER|DELAY_WEATHER|DELAY_LATE_AIRCRAFT
ASE,4,350,-5.01,-9.13,58,35.14,31.17,38,209.53,209.39,DELAY_CARRIER|CANC_WEATHER|DELAY_LATE_AIRCRAFT
ASE,5,133,-7.01,-11.48,28,31.86,24.61,36,154.14,149.11,DELAY_CARRIER|DELAY_LATE_AIRCRAFT|DELAY_WEATHER
ASE,6,489,-6.12,-9.51,76,34.04,31.71,72,156.22,153.92,DELAY_CARRIER|DELAY_WEATHER|DELAY_LATE_AIRCRAFT
ASE,7,546,-5.77,-9.43,86,32.65,31.24,62,190.74,192.42,DELAY_CARRIER|DELAY_NAS|DELAY_LATE_AIRCRAFT
ASE,8,464,-5.3,-7.67,100,33.6,30.95,77,146.91,146.21,DELAY_CARRIER|DELAY_LATE_AIRCRAFT|DELAY_NAS
ASE,9,405,-6.58,-12.33,59,34.12,30.34,73,148.52,146.74,DELAY_CARRIER|DELAY_LATE_AIRCRAFT|DELAY_WEATHER
ASE,10,419,-7.27,-13.09,41,33.2,26.76,33,149.27,143.64,DELAY_CARRIER|DELAY_LATE_AIRCRAFT|DELAY_NAS
ASE,11,280,-7.6,-13.34,39,34.33,36.21,44,147.5,147.93,CANC_WEATHER|DELAY_CARRIER|DELAY_WEATHER
ASE,12,430,-5.45,-15.35,117,35.37,29.18,147,202.56,201.14,DELAY_CARRIER|DELAY_LATE_AIRCRAFT|CANC_WEATHER
ATL,1,20582,-1.79,-7.01,3722,31.38,26.49,1659,143.36,140.91,DELAY_CARRIER|DELAY_LATE_AIRCRAFT|DELAY_NAS
ATL,2,21795,-2.56,-7.0,2303,29.5,24.63,652,134.75,129.71,DELAY_CARRIER|DELAY_NAS|DELAY_LATE_AIRCRAFT
ATL,3,22981,-1.76,-6.54,3953,30.99,26.29,1403,126.27,123.99,DELAY_CARRIER|DELAY_LATE_AIRCRAFT|DELAY_NAS
ATL,4,23294,-1.79,-4.89,3638,30.8,27.22,1367,132.53,131.72,DELAY_CARRIER|DELAY_LATE_AIRCRAFT|DELAY_NAS
ATL,5,22112,-1.06,-3.08,4889,31.52,31.21,2592,131.58,133.45,DELAY_CARRIER|DELAY_LATE_AIRCRAFT|DELAY_NAS
ATL,6,22991,-1.66,-6.76,4412,30.71,25.82,1729,134.92,130.83,DELAY_CARRIER|DELAY_LATE_AIRCRAFT|DELAY_NAS
ATL,7,18039,-1.23,-4.48,5538,33.13,32.58,4618,152.51,152.44,DELAY_CARRIER|DELAY_LATE_AIRCRAFT|DELAY_NAS
ATL,8,23127,-2.48,-7.49,3992,31.68,27.32,1966,137.46,134.02,DELAY_CARRIER|DELAY_LATE_AIRCRAFT|DELAY_NAS
ATL,9,23618,-2.85,-7.49,3130,31.22,27.08,1219,140.17,136.23,DELAY_CARRIER|DELAY_LATE_AIRCRAFT|DELAY_NAS
ATL,10,26068,-2.96,-8.51,2744,29.51,22.84,733,130.66,124.67,DELAY_CARRIER|DELAY_LATE_AIRCRAFT|DELAY_NAS
ATL,11,24219,-3.01,-7.39,2881,30.0,25.36,839,125.7,123.7,DELAY_CARRIER|DELAY_NAS|DELAY_LATE_AIRCRAFT
ATL,12,22342,-1.53,-6.34,4720,31.08,26.4,1795,131.54,127.92,DELAY_CARRIER|DELAY_LATE_AIRCRAFT|DELAY_NAS
ATW,1,329,-3.18,-9.01,44,32.59,27.36,61,201.11,192.0,DELAY_CARRIER|DELAY_NAS|CANC_WEATHER
ATW,2,368,-6.26,-15.23,26,34.5,26.92,38,264.55,251.55,DELAY_CARRIER|DELAY_NAS|DELAY_WEATHER
ATW,3,447,-5.57,-13.97,47,29.7,26.34,33,216.61,209.33,DELAY_CARRIER|DELAY_NAS|DELAY_LATE_AIRCRAFT
ATW,4,438,-6.55,-12.17,34,33.44,23.82,36,339.33,344.94,DELAY_CARRIER|DELAY_LATE_AIRCRAFT|DELAY_NAS
ATW,5,428,-5.44,-10.91,47,34.11,32.19,50,177.12,173.92,DELAY_CARRIER|DELAY_LATE_AIRCRAFT|DELAY_NAS
ATW,6,395,-5.56,-8.07,53,32.02,32.6,64,173.81,173.19,DELAY_CARRIER|DELAY_NAS|DELAY_LATE_AIRCRAFT
ATW,7,419,-4.97,-6.86,56,32.88,33.02,43,128.23,132.91,DELAY_CARRIER|DELAY_NAS|DELAY_LATE_AIRCRAFT
ATW,8,411,-5.41,-8.22,37,34.27,30.22,52,157.46,154.27,DELAY_CARRIER|DELAY_NAS|DELAY_LATE_AIRCRAFT
ATW,9,428,-6.32,-12.09,47,35.51,30.51,35,121.2,116.34,DELAY_CARRIER|DELAY_LATE_AIRCRAFT|DELAY_NAS
ATW,10,495,-5.93,-12.76,29,32.97,23.79,33,145.45,134.36,DELAY_CARRIER|DELAY_LATE_AIRCRAFT|DELAY_NAS
ATW,11,459,-5.32,-10.78,46,33.22,27.28,44,167.59,162.43,DELAY_CARRIER|DELAY_WEATHER|DELAY_LATE_AIRCRAFT
ATW,12,424,-3.78,-6.97,62,32.56,32.61,76,187.43,184.59,DELAY_CARRIER|CANC_WEATHER|DELAY_NAS
AUS,1,4827,-2.28,-7.14,1102,30.58,26.0,527,159.03,157.59,DELAY_LATE_AIRCRAFT|DELAY_CARRIER|DELAY_NAS
AUS,2,5019,-3.23,-6.89,607,29.4,24.81,218,152.41,148.46,DELAY_LATE_AIRCRAFT|DELAY_NAS|DELAY_CARRIER
AUS,3,5414,-2.2,-7.67,1141,31.03,25.57,530,137.26,133.52,DELAY_LATE_AIRCRAFT|DELAY_NAS|DELAY_CARRIER
AUS,4,5565,-1.86,-7.86,1189,30.51,25.33,499,154.65,151.27,DELAY_LATE_AIRCRAFT|DELAY_CARRIER|DELAY_NAS
AUS,5,5017,-0.47,-4.91,1618,32.16,29.41,1055,171.11,169.85,DELAY_LATE_AIRCRAFT|DELAY_CARRIER|DELAY_NAS
AUS,6,5341,-0.96,-6.28,1452,31.46,25.42,686,154.81,149.04,DELAY_LATE_AIRCRAFT|DELAY_CARRIER|DELAY_NAS
AUS,7,5025,-1.25,-7.17,1608,31.86,26.35,941,155.61,150.54,DELAY_LATE_AIRCRAFT|DELAY_CARRIER|DELAY_NAS
AUS,8,5688,-3.26,-10.42,899,31.38,25.22,483,170.67,163.47,DELAY_LATE_AIRCRAFT|DELAY_CARRIER|DELAY_NAS
AUS,9,5875,-3.3,-8.57,691,29.71,24.13,220,167.03,161.41,DELAY_LATE_AIRCRAFT|DELAY_CARRIER|DELAY_NAS
AUS,10,6325,-2.89,-8.59,755,29.89,23.99,261,156.93,151.54,DELAY_LATE_AIRCRAFT|DELAY_CARRIER|DELAY_NAS
AUS,11,5787,-2.67,-8.69,733,29.92,23.69,306,149.48,146.03,DELAY_LATE_AIRCRAFT|DELAY_NAS|DELAY_CARRIER
AUS,12,5378,-2.08,-8.9,999,31.17,24.24,515,152.53,149.06,DELAY_LATE_AIRCRAFT|DELAY_CARRIER|DELAY_NAS
AVL,1,662,-4.77,-10.41,112,30.64,28.46,63,154.03,148.29,DELAY_LATE_AIRCRAFT|DELAY_NAS|DELAY_CARRIER
AVL,2,677,-5.57,-10.6,45,29.8,25.13,25,267.72,265.0,DELAY_NAS|DELAY_LATE_AIRCRAFT|DELAY_CARRIER
AVL,3,714,-4.3,-9.57,90,32.16,25.66,51,172.96,171.98,DELAY_NAS|DELAY_LATE_AIRCRAFT|DELAY_CARRIER
AVL,4,812,-4.79,-8.17,125,31.74,26.2,59,158.14,155.42,DELAY_LATE_AIRCRAFT|DELAY_NAS|DELAY_CARRIER
AVL,5,815,-3.24,-6.63,179,31.22,28.31,117,178.71,181.35,DELAY_LATE_AIRCRAFT|DELAY_NAS|DELAY_CARRIER
AVL,6,798,-1.93,-6.97,229,30.49,26.48,133,156.04,155.86,DELAY_LATE_AIRCRAFT|DELAY_CARRIER|DELAY_NAS
AVL,7,758,-2.18,-5.97,233,32.65,31.21,191,168.83,169.01,DELAY_LATE_AIRCRAFT|DELAY_CARRIER|DELAY_NAS
AVL,8,812,-4.0,-8.19,210,31.91,31.02,127,156.99,158.98,DELAY_LATE_AIRCRAFT|DELAY_NAS|DELAY_CARRIER
AVL,9,793,-3.21,-8.24,145,28.61,22.76,71,200.25,194.17,CANC_WEATHER|DELAY_LATE_AIRCRAFT|DELAY_NAS
AVL,10,855,-8.01,-12.92,88,31.89,25.91,63,189.37,179.32,DELAY_LATE_AIRCRAFT|DELAY_NAS|DELAY_CARRIER
AVL,11,734,-5.49,-10.51,75,32.15,26.97,42,196.0,185.52,DELAY_NAS|DELAY_LATE_AIRCRAFT|DELAY_CARRIER
AVL,12,567,-3.38,-10.23,114,31.81,23.98,70,154.73,146.97,DELAY_LATE_AIRCRAFT|DELAY_CARRIER|DELAY_NAS
AVP,1,96,-4.25,-14.94,7,37.29,35.86,21,286.9,277.57,DELAY_LATE_AIRCRAFT|DELAY_CARRIER|DELAY_NAS
AVP,2,104,-4.17,-17.78,8,28.38,7.62,9,220.56,201.78,DELAY_LATE_AIRCRAFT|DELAY_CARRIER|DELAY_NAS
AVP,3,99,-5.33,-12.38,11,28.36,20.18,7,204.86,187.14,DELAY_CARRIER|DELAY_LATE_AIRCRAFT|DELAY_NAS
AVP,4,69,-4.25,-14.25,12,39.08,41.92,11,158.18,149.18,DELAY_LATE_AIRCRAFT|DELAY_CARRIER|DELAY_NAS
AVP,5,88,-2.15,-6.99,27,31.7,25.41,26,174.69,181.08,DELAY_LATE_AIRCRAFT|DELAY_CARRIER|DELAY_NAS
AVP,6,112,-4.42,-12.12,21,33.05,22.24,12,111.0,109.42,DELAY_LATE_AIRCRAFT|DELAY_CARRIER|DELAY_NAS
AVP,7,104,-2.99,-8.53,18,27.39,27.72,20,241.2,237.15,DELAY_LATE_AIRCRAFT|DELAY_NAS|DELAY_CARRIER
AVP,8,101,-4.42,-4.94,23,33.78,48.09,17,173.06,172.18,DELAY_LATE_AIRCRAFT|DELAY_NAS|DELAY_CARRIER
AVP,9,106,-5.5,-12.26,6,27.83,40.0,12,262.17,256.67,DELAY_LATE_AIRCRAFT|DELAY_NAS|DELAY_CARRIER
AVP,10,126,-5.03,-11.55,6,33.0,41.5,5,92.2,91.0,DELAY_NAS|DELAY_CARRIER|DELAY_LATE_AIRCRAFT
AVP,11,123,-4.64,-11.41,13,31.69,22.31,6,227.0,230.5,DELAY_LATE_AIRCRAFT|DELAY_NAS|DELAY_CARRIER
AVP,12,118,-4.88,-11.58,14,27.93,22.21,10,131.2,123.9,DELAY_CARRIER|DELAY_LATE_AIRCRAFT|DELAY_NAS
AZA,1,421,-6.85,-11.57,50,33.22,28.36,26,230.19,226.46,DELAY_CARRIER|DELAY_LATE_AIRCRAFT|DELAY_NAS
AZA,2,439,-6.99,-16.17,25,31.56,19.4,11,186.73,177.82,DELAY_CARRIER|DELAY_NAS|DELAY_LATE_AIRCRAFT
AZA,3,543,-6.6,-14.27,45,30.0,22.51,19,247.11,243.37,DELAY_CARRIER|DELAY_LATE_AIRCRAFT|DELAY_NAS
AZA,4,437,-5.79,-15.19,23,25.57,17.52,3,79.67,74.33,DELAY_CARRIER|DELAY_NAS|DELAY_LATE_AIRCRAFT
AZA,5,426,-6.12,-12.05,29,29.66,26.28,7,107.57,100.57,DELAY_CARRIER|DELAY_LATE_AIRCRAFT|DELAY_NAS
AZA,6,415,-5.94,-8.8,54,29.09,28.83,37,175.08,174.65,DELAY_CARRIER|DELAY_LATE_AIRCRAFT|DELAY_NAS
AZA,7,418,-5.9,-5.85,76,28.36,29.29,46,158.37,162.46,DELAY_CARRIER|DELAY_LATE_AIRCRAFT|DELAY_NAS
AZA,8,317,-6.35,-9.81,54,33.63,30.61,18,101.11,102.56,DELAY_CARRIER|DELAY_LATE_AIRCRAFT|DELAY_NAS
AZA,9,281,-6.6,-12.15,30,30.73,26.77,13,106.15,105.08,DELAY_CARRIER|DELAY_LATE_AIRCRAFT|DELAY_NAS
AZA,10,424,-5.79,-10.85,30,29.33,23.5,8,88.0,82.75,DELAY_LATE_AIRCRAFT|DELAY_CARRIER|DELAY_NAS
AZA,11,420,-5.69,-14.2,45,25.53,19.78,22,118.41,115.05,DELAY_LATE_AIRCRAFT|DELAY_CARRIER|DELAY_NAS
AZA,12,487,-5.32,-9.79,89,32.02,28.01,39,145.62,146.62,DELAY_LATE_AIRCRAFT|DELAY_CARRIER|DELAY_NAS
AZO,1,59,-4.25,-9.02,8,37.88,30.0,7,150.14,137.43,DELAY_CARRIER|CANC_WEATHER|DELAY_WEATHER
AZO,2,74,-5.61,-15.05,2,38.0,29.0,2,101.0,96.0,DELAY_CARRIER|DELAY_NAS|DELAY_WEATHER
AZO,3,83,-6.12,-16.36,3,23.0,21.0,2,154.5,151.0,DELAY_CARRIER|DELAY_NAS|DELAY_WEATHER
AZO,4,81,-5.47,-9.09,2,24.0,32.0,3,173.67,162.0,DELAY_CARRIER|DELAY_WEATHER|DELAY_NAS
AZO,5,76,-4.82,-7.66,4,34.25,32.75,7,123.71,114.57,DELAY_CARRIER|DELAY_NAS|CANC_WEATHER
AZO,6,66,-4.38,-6.71,5,35.0,30.0,11,169.27,161.18,DELAY_CARRIER|DELAY_WEATHER|CANC_WEATHER
AZO,7,64,-4.48,-7.47,11,32.73,22.18,10,253.9,249.4,DELAY_CARRIER|DELAY_WEATHER|DELAY_NAS
AZO,8,61,-4.15,-10.13,8,40.38,32.38,12,138.25,131.33,DELAY_CARRIER|CANC_WEATHER|DELAY_WEATHER
AZO,9,71,-5.62,-8.63,3,42.67,36.67,6,143.33,141.67,DELAY_CARRIER|DELAY_WEATHER
AZO,10,78,-6.62,-10.81,5,39.2,30.4,5,115.0,104.6,DELAY_CARRIER|DELAY_WEATHER
AZO,11,66,-6.3,-15.79,8,40.62,30.12,10,148.0,152.5,DELAY_CARRIER|DELAY_WEATHER
AZO,12,64,-4.11,-11.0,4,30.5,26.5,8,148.88,152.62,DELAY_CARRIER|CANC_WEATHER|DELAY_NAS
BDL,1,1201,-2.72,-5.89,213,30.47,29.75,122,197.19,203.36,DELAY_NAS|DELAY_LATE_AIRCRAFT|DELAY_CARRIER
BDL,2,1340,-3.29,-12.81,155,28.32,18.05,79,169.53,160.58,DELAY_NAS|DELAY_LATE_AIRCRAFT|DELAY_CARRIER
BDL,3,1393,-3.94,-12.74,207,30.2,23.97,141,164.03,160.84,DELAY_LATE_AIRCRAFT|DELAY_NAS|DELAY_CARRIER
BDL,4,1625,-3.57,-11.22,220,30.1,21.42,117,175.86,173.26,DELAY_LATE_AIRCRAFT|DELAY_NAS|DELAY_CARRIER
BDL,5,1451,-3.04,-9.79,275,30.43,25.18,161,180.65,178.53,DELAY_LATE_AIRCRAFT|DELAY_NAS|DELAY_CARRIER
BDL,6,1405,-3.25,-9.69,278,33.01,30.52,169,168.25,168.47,DELAY_LATE_AIRCRAFT|DELAY_NAS|DELAY_CARRIER
BDL,7,1343,-2.53,-6.09,311,33.63,29.95,209,146.93,146.02,DELAY_LATE_AIRCRAFT|DELAY_NAS|DELAY_CARRIER
BDL,8,1492,-2.82,-8.11,301,30.89,25.99,173,142.35,142.43,DELAY_LATE_AIRCRAFT|DELAY_NAS|DELAY_CARRIER
BDL,9,1605,-4.26,-10.75,167,29.59,21.47,66,164.06,156.14,DELAY_LATE_AIRCRAFT|DELAY_CARRIER|DELAY_NAS
BDL,10,1756,-3.59,-11.72,184,28.82,17.42,59,190.53,177.49,DELAY_LATE_AIRCRAFT|DELAY_CARRIER|DELAY_NAS
BDL,11,1585,-4.0,-12.79,191,29.16,19.9,60,158.5,152.12,DELAY_LATE_AIRCRAFT|DELAY_CARRIER|DELAY_NAS
BDL,12,1509,-2.45,-8.29,265,30.54,25.1,118,150.96,147.5,DELAY_LATE_AIRCRAFT|DELAY_NAS|DELAY_CARRIER
BET,1,36,-4.97,-3.94,15,30.47,33.4,7,110.43,114.14,DELAY_LATE_AIRCRAFT|DELAY_SECURITY|DELAY_NAS
BET,2,34,-1.62,2.53,16,35.62,42.88,6,81.83,86.83,DELAY_LATE_AIRCRAFT|DELAY_SECURITY|DELAY_NAS
BET,3,36,-2.08,3.0,16,26.56,25.81,10,132.0,131.9,DELAY_LATE_AIRCRAFT|DELAY_SECURITY|DELAY_NAS
BET,4,46,-3.3,-1.78,10,35.6,33.4,3,97.0,97.33,DELAY_LATE_AIRCRAFT|DELAY_NAS|CANC_WEATHER
BET,5,44,-2.89,-1.39,17,27.35,24.35,1,72.0,60.0,DELAY_SECURITY|DELAY_LATE_AIRCRAFT|DELAY_CARRIER
BET,6,49,-9.04,-1.53,9,23.22,29.11,2,143.0,162.5,DELAY_LATE_AIRCRAFT|DELAY_NAS|DELAY_SECURITY
BET,7,45,-6.24,0.51,15,28.87,29.53,1,72.0,72.0,DELAY_LATE_AIRCRAFT|DELAY_NAS|DELAY_CARRIER
BET,8,50,-4.84,-0.96,7,30.86,33.86,5,150.2,156.0,DELAY_LATE_AIRCRAFT|DELAY_NAS|DELAY_CARRIER
BET,9,53,-8.57,-2.87,4,24.5,24.75,3,82.67,88.33,DELAY_LATE_AIRCRAFT|DELAY_CARRIER|DELAY_NAS
BET,10,53,-4.34,-1.6,7,28.0,28.86,2,69.5,79.0,DELAY_LATE_AIRCRAFT|DELAY_NAS|DELAY_CARRIER
BET,11,50,-6.44,-0.4,3,25.33,21.33,3,86.33,88.0,CANC_WEATHER|DELAY_CARRIER|DELAY_NAS
BET,12,43,-5.63,-1.91,14,27.79,29.43,3,82.67,82.33,DELAY_LATE_AIRCRAFT|DELAY_NAS|DELAY_SECURITY
BFF,1,45,-8.11,-10.53,2,25.0,47.0,2,247.5,252.0,CANC_WEATHER|DELAY_LATE_AIRCRAFT|DELAY_NAS
BFF,2,40,-8.57,-10.9,5,42.8,33.4,4,336.75,342.75,DELAY_CARRIER|DELAY_LATE_AIRCRAFT|DELAY_WEATHER
BFF,3,50,-8.6,-15.36,0,,,1,108.0,111.0,CANC_WEATHER|DELAY_NAS|DELAY_WEATHER
BFF,4,41,-7.78,-4.56,6,36.5,39.17,2,529.0,551.5,DELAY_CARRIER|DELAY_LATE_AIRCRAFT|CANC_WEATHER
BFF,5,48,-9.38,-6.92,2,54.5,43.0,2,154.0,142.0,DELAY_NAS|CANC_WEATHER|DELAY_CARRIER
BFF,6,43,-7.72,-7.3,6,34.33,27.67,2,85.5,84.0,DELAY_CARRIER|DELAY_LATE_AIRCRAFT|DELAY_NAS
BFF,7,46,-8.67,-11.54,3,22.0,14.67,3,321.67,322.33,DELAY_CARRIER|DELAY_LATE_AIRCRAFT|DELAY_NAS
BFF,8,44,-7.43,-9.77,2,49.5,41.5,7,340.29,339.14,DELAY_LATE_AIRCRAFT|DELAY_CARRIER|DELAY_NAS
BFF,9,45,-8.93,-8.42,4,34.5,25.25,2,140.5,136.0,DELAY_CARRIER|CANC_WEATHER|DELAY_NAS
BFF,10,45,-8.96,-8.49,1,37.0,28.0,5,284.4,272.4,DELAY_LATE_AIRCRAFT|DELAY_CARRIER|CANC_NAS
BFF,11,41,-7.41,-5.05,4,49.75,54.0,4,117.5,114.75,DELAY_CARRIER|CANC_WEATHER|DELAY_LATE_AIRCRAFT
BFF,12,49,-7.16,-6.45,3,23.0,22.67,1,93.0,82.0,DELAY_CARRIER|DELAY_NAS
BFL,1,157,-5.73,-11.85,11,37.18,34.27,10,191.2,184.6,DELAY_CARRIER|DELAY_NAS|DELAY_LATE_AIRCRAFT
BFL,2,157,-6.34,-15.52,14,30.86,24.86,6,165.0,155.5,DELAY_CARRIER|DELAY_NAS|DELAY_LATE_AIRCRAFT
BFL,3,159,-5.03,-12.56,12,25.67,17.33,14,167.29,155.71,DELAY_NAS|DELAY_CARRIER|DELAY_LATE_AIRCRAFT
BFL,4,140,-4.85,-11.43,19,33.47,29.84,8,163.38,157.12,DELAY_NAS|DELAY_CARRIER|DELAY_LATE_AIRCRAFT
BFL,5,160,-3.46,-9.34,18,30.72,25.61,23,148.17,144.3,DELAY_CARRIER|DELAY_NAS|DELAY_LATE_AIRCRAFT
BFL,6,185,-4.66,-3.9,19,36.47,38.0,14,130.07,129.93,DELAY_CARRIER|DELAY_LATE_AIRCRAFT|DELAY_NAS
BFL,7,234,-5.59,-8.96,14,33.29,28.43,16,188.94,184.5,DELAY_LATE_AIRCRAFT|DELAY_CARRIER|DELAY_NAS
BFL,8,237,-5.31,-8.21,13,30.54,32.69,14,139.64,137.79,DELAY_NAS|DELAY_LATE_AIRCRAFT|DELAY_CARRIER
BFL,9,199,-5.78,-14.37,17,31.24,24.41,7,177.57,174.86,DELAY_CARRIER|DELAY_LATE_AIRCRAFT|DELAY_NAS
BFL,10,237,-5.06,-11.9,15,34.8,24.8,7,266.57,254.57,DELAY_CARRIER|DELAY_LATE_AIRCRAFT|DELAY_NAS
BFL,11,219,-5.88,-11.82,26,40.54,31.73,12,145.67,138.58,DELAY_CARRIER|DELAY_LATE_AIRCRAFT|DELAY_NAS
BFL,12,231,-4.65,-12.16,11,36.64,36.09,18,125.17,120.11,DELAY_CARRIER|DELAY_LATE_AIRCRAFT|DELAY_NAS
BGM,1,25,-3.84,-9.64,0,,,2,169.5,176.5,DELAY_NAS|CANC_WEATHER|DELAY_LATE_AIRCRAFT
BGM,2,27,-5.44,-27.93,1,28.0,127.0,1,337.0,317.0,DELAY_LATE_AIRCRAFT|DELAY_NAS
BGM,3,28,-2.93,-10.93,0,,,3,623.67,592.67,DELAY_LATE_AIRCRAFT|DELAY_NAS|DELAY_CARRIER
BGM,4,27,-3.11,-5.07,2,22.0,7.5,1,248.0,239.0,DELAY_NAS|DELAY_CARRIER
BGM,5,27,-5.19,-3.59,1,29.0,14.0,3,202.67,206.0,DELAY_CARRIER|DELAY_NAS|DELAY_LATE_AIRCRAFT
BGM,6,25,-4.24,-2.56,3,30.0,22.0,1,316.0,327.0,DELAY_CARRIER
BGM,7,25,-1.4,0.16,1,45.0,44.0,3,281.67,274.0,DELAY_CARRIER|CANC_CARRIER
BGM,8,25,-3.2,-7.2,2,29.0,18.5,0,,,CANC_CARRIER|CANC_NAS|DELAY_NAS
BGM,9,30,-4.57,-13.23,0,,,0,,,N/D
BGM,10,31,-5.9,-10.58,0,,,0,,,N/D
BGM,11,24,-5.5,-14.21,4,33.5,59.75,2,128.0,117.5,DELAY_NAS|DELAY_CARRIER|DELAY_LATE_AIRCRAFT
BGM,12,22,-4.82,-17.77,6,31.33,48.33,2,121.5,141.5,DELAY_LATE_AIRCRAFT|DELAY_NAS|DELAY_CARRIER
BGR,1,182,-7.45,-18.89,23,30.22,26.04,12,172.67,168.5,CANC_WEATHER|DELAY_LATE_AIRCRAFT|DELAY_NAS
BGR,2,196,-6.96,-22.09,19,25.84,11.95,14,193.71,190.5,DELAY_NAS|DELAY_LATE_AIRCRAFT|DELAY_CARRIER
BGR,3,201,-6.88,-22.13,26,32.73,26.08,22,198.36,192.68,DELAY_LATE_AIRCRAFT|DELAY_NAS|DELAY_CARRIER
BGR,4,199,-7.49,-16.74,14,31.57,36.71,7,176.71,168.57,DELAY_LATE_AIRCRAFT|DELAY_NAS|DELAY_CARRIER
BGR,5,194,-7.35,-16.57,7,32.14,38.0,13,141.77,138.0,DELAY_NAS|DELAY_LATE_AIRCRAFT|DELAY_CARRIER
BGR,6,383,-5.48,-9.32,59,35.66,37.31,45,198.31,196.42,DELAY_LATE_AIRCRAFT|DELAY_NAS|DELAY_CARRIER
BGR,7,415,-3.93,-7.11,82,33.65,34.99,58,175.22,175.28,DELAY_LATE_AIRCRAFT|DELAY_NAS|DELAY_CARRIER
BGR,8,478,-3.78,-8.68,78,32.83,37.87,42,237.79,236.29,DELAY_NAS|DELAY_LATE_AIRCRAFT|CANC_NAS
BGR,9,520,-5.79,-12.66,45,29.16,24.87,22,136.09,125.68,DELAY_LATE_AIRCRAFT|DELAY_NAS|DELAY_CARRIER
BGR,10,465,-5.44,-16.3,44,29.93,19.2,31,199.39,191.29,DELAY_LATE_AIRCRAFT|DELAY_CARRIER|DELAY_NAS
BGR,11,281,-7.14,-19.44,15,31.4,23.2,12,156.33,151.83,DELAY_NAS|DELAY_LATE_AIRCRAFT|DELAY_CARRIER
BGR,12,212,-6.51,-14.41,23,29.52,25.35,27,204.52,200.3,DELAY_LATE_AIRCRAFT|DELAY_NAS|DELAY_CARRIER
BHM,1,1010,-4.42,-9.17,129,31.16,26.57,120,157.11,154.18,DELAY_LATE_AIRCRAFT|DELAY_NAS|DELAY_CARRIER
BHM,2,1078,-4.51,-9.28,100,29.08,23.98,45,146.76,141.82,DELAY_LATE_AIRCRAFT|DELAY_CARRIER|DELAY_NAS
BHM,3,1149,-3.96,-8.85,137,29.01,23.5,74,127.05,125.43,DELAY_LATE_AIRCRAFT|DELAY_NAS|DELAY_CARRIER
BHM,4,1200,-3.93,-7.39,144,31.31,29.23,71,147.14,146.39,DELAY_LATE_AIRCRAFT|DELAY_NAS|DELAY_CARRIER
BHM,5,1075,-2.5,-6.33,215,31.52,29.94,190,166.91,167.45,DELAY_LATE_AIRCRAFT|DELAY_NAS|DELAY_CARRIER
BHM,6,1138,-2.69,-7.85,198,31.96,26.9,107,144.07,140.83,DELAY_LATE_AIRCRAFT|DELAY_CARRIER|DELAY_NAS
BHM,7,983,-2.28,-6.2,246,33.25,30.43,170,149.68,148.08,DELAY_LATE_AIRCRAFT|DELAY_CARRIER|DELAY_NAS
BHM,8,1153,-3.42,-7.82,140,30.79,26.85,107,203.04,198.32,DELAY_LATE_AIRCRAFT|DELAY_CARRIER|DELAY_NAS
BHM,9,1206,-3.91,-7.4,149,30.81,28.34,62,136.21,133.58,DELAY_LATE_AIRCRAFT|DELAY_NAS|DELAY_CARRIER
BHM,10,1448,-4.14,-8.83,107,31.44,24.07,58,142.57,135.84,DELAY_LATE_AIRCRAFT|DELAY_CARRIER|DELAY_NAS
BHM,11,1343,-4.21,-9.12,115,31.85,27.13,65,182.85,177.34,DELAY_CARRIER|DELAY_LATE_AIRCRAFT|DELAY_NAS
BHM,12,1151,-2.49,-8.08,176,30.57,23.19,121,169.02,163.07,DELAY_LATE_AIRCRAFT|DELAY_CARRIER|DELAY_NAS
BIH,1,37,-5.46,-26.05,7,31.71,26.71,7,102.0,87.86,DELAY_LATE_AIRCRAFT|DELAY_NAS|DELAY_CARRIER
BIH,2,20,1.9,-6.15,13,35.54,29.15,9,109.56,93.67,DELAY_LATE_AIRCRAFT|DELAY_NAS|CANC_WEATHER
BIH,3,30,-2.9,-4.0,14,31.29,20.93,4,113.0,125.75,DELAY_NAS|CANC_NAS|DELAY_LATE_AIRCRAFT
BIH,4,2,-9.5,-16.0,2,51.0,40.0,1,226.0,217.0,DELAY_LATE_AIRCRAFT|DELAY_NAS
BIH,7,24,-7.75,-27.62,1,46.0,30.0,5,240.6,217.0,DELAY_LATE_AIRCRAFT|CANC_WEATHER|DELAY_WEATHER
BIH,8,31,-9.74,-20.58,0,,,0,,,N/D
BIH,9,8,-4.38,-7.25,0,,,2,75.0,62.0,DELAY_LATE_AIRCRAFT
BIH,10,2,-4.5,-11.5,0,,,0,,,N/D
BIH,12,24,-2.62,-11.08,3,34.0,18.0,6,131.0,126.17,DELAY_LATE_AIRCRAFT|DELAY_NAS|DELAY_WEATHER
BIL,1,226,-6.14,-4.12,22,31.36,32.36,26,133.88,152.92,DELAY_NAS|DELAY_LATE_AIRCRAFT|DELAY_CARRIER
BIL,2,228,-6.56,-4.26,16,32.88,42.31,4,95.75,110.5,DELAY_NAS|DELAY_CARRIER|DELAY_LATE_AIRCRAFT
BIL,3,244,-6.47,-7.81,12,28.75,29.75,17,150.59,153.76,DELAY_NAS|DELAY_CARRIER|DELAY_LATE_AIRCRAFT
BIL,4,288,-7.87,-12.72,22,39.05,38.41,9,156.0,157.89,DELAY_LATE_AIRCRAFT|DELAY_CARRIER|DELAY_NAS
BIL,5,282,-5.73,-9.12,24,35.67,32.58,32,239.66,236.69,DELAY_CARRIER|DELAY_LATE_AIRCRAFT|DELAY_WEATHER
BIL,6,326,-5.29,-8.52,39,31.38,30.15,25,151.04,151.96,DELAY_LATE_AIRCRAFT|DELAY_CARRIER|DELAY_NAS
BIL,7,330,-5.37,-8.54,45,30.2,27.76,32,103.81,96.69,DELAY_LATE_AIRCRAFT|DELAY_CARRIER|DELAY_NAS
BIL,8,359,-5.34,-7.94,32,33.81,34.06,18,194.44,194.44,DELAY_CARRIER|DELAY_NAS|DELAY_LATE_AIRCRAFT
BIL,9,345,-6.79,-9.92,19,34.84,26.84,10,225.2,219.8,DELAY_CARRIER|DELAY_LATE_AIRCRAFT|DELAY_NAS
BIL,10,327,-6.11,-8.59,25,29.12,29.52,15,212.13,208.6,DELAY_CARRIER|DELAY_LATE_AIRCRAFT|DELAY_NAS
BIL,11,292,-5.76,-10.0,27,32.0,30.81,17,133.71,137.35,DELAY_CARRIER|DELAY_LATE_AIRCRAFT|DELAY_NAS
BIL,12,330,-6.55,-14.29,25,32.28,23.36,17,169.06,156.53,DELAY_CARRIER|DELAY_LATE_AIRCRAFT|DELAY_NAS
BIS,1,207,-3.97,-8.02,33,27.21,31.24,27,325.15,319.89,DELAY_CARRIER|DELAY_NAS|DELAY_LATE_AIRCRAFT
BIS,2,213,-4.61,-15.26,24,28.42,18.0,21,202.48,200.24,DELAY_CARRIER|DELAY_NAS|DELAY_WEATHER
BIS,3,250,-4.4,-13.15,27,28.74,23.19,7,103.29,96.57,DELAY_NAS|DELAY_CARRIER|CANC_WEATHER
BIS,4,247,-5.86,-13.96,17,31.12,21.65,12,132.92,133.08,DELAY_CARRIER|DELAY_LATE_AIRCRAFT|DELAY_WEATHER
BIS,5,295,-5.19,-11.5,20,31.9,24.15,27,160.07,154.22,DELAY_CARRIER|DELAY_NAS|DELAY_WEATHER
BIS,6,265,-4.83,-8.91,40,34.15,34.88,33,167.27,167.73,DELAY_CARRIER|DELAY_NAS|DELAY_LATE_AIRCRAFT
BIS,7,280,-3.73,-6.2,41,30.51,31.22,31,157.0,153.0,DELAY_CARRIER|DELAY_NAS|DELAY_LATE_AIRCRAFT
BIS,8,299,-4.88,-8.57,34,34.29,36.41,19,140.16,132.79,DELAY_CARRIER|DELAY_NAS|DELAY_LATE_AIRCRAFT
BIS,9,301,-5.33,-13.16,37,35.16,26.08,11,111.36,92.0,DELAY_CARRIER|DELAY_NAS|DELAY_LATE_AIRCRAFT
BIS,10,340,-5.22,-16.3,19,30.84,18.47,14,184.64,173.5,DELAY_CARRIER|DELAY_LATE_AIRCRAFT|DELAY_WEATHER
BIS,11,283,-3.37,-7.37,40,29.05,28.98,26,162.42,160.54,DELAY_CARRIER|DELAY_NAS|DELAY_LATE_AIRCRAFT
BIS,12,296,-3.74,-11.55,47,31.77,29.72,43,146.49,140.23,DELAY_CARRIER|DELAY_NAS|DELAY_LATE_AIRCRAFT
BJI,1,43,-4.81,-8.05,11,35.91,33.18,7,228.71,240.86,DELAY_CARRIER|DELAY_WEATHER|DELAY_NAS
BJI,2,52,-6.29,-12.98,1,24.0,-2.0,3,292.0,293.67,CANC_WEATHER|DELAY_CARRIER|DELAY_WEATHER
BJI,3,54,-7.5,-16.61,2,38.0,41.0,5,169.6,163.2,DELAY_CARRIER|DELAY_WEATHER|CANC_WEATHER
BJI,4,55,-8.4,-20.2,2,47.0,42.5,3,151.33,140.33,DELAY_CARRIER|DELAY_WEATHER
BJI,5,55,-7.6,-17.44,4,32.25,23.25,3,245.0,239.67,DELAY_CARRIER|DELAY_WEATHER
BJI,6,45,-6.56,-3.73,3,35.67,29.33,11,257.55,259.73,DELAY_CARRIER|DELAY_WEATHER|CANC_WEATHER
BJI,7,50,-3.06,-4.44,6,23.33,26.0,6,171.0,162.67,DELAY_CARRIER|DELAY_WEATHER|DELAY_NAS
BJI,8,53,-5.09,-7.11,6,19.5,28.67,3,175.0,181.0,DELAY_CARRIER|DELAY_NAS|DELAY_WEATHER
BJI,9,52,-8.13,-18.19,3,29.67,16.0,5,104.6,97.6,DELAY_CARRIER|DELAY_NAS|DELAY_WEATHER
BJI,10,53,-7.0,-22.38,3,34.0,18.33,6,268.0,252.17,DELAY_CARRIER
BJI,11,51,-7.39,-13.75,5,23.2,20.2,3,264.0,253.0,DELAY_CARRIER
BJI,12,38,-5.18,-7.58,12,32.83,37.92,9,194.22,187.56,DELAY_CARRIER|DELAY_NAS|CANC_WEATHER
BLI,1,165,-2.65,-6.02,20,29.8,31.1,16,230.25,243.69,DELAY_NAS|DELAY_CARRIER|DELAY_LATE_AIRCRAFT
BLI,2,186,-4.05,-4.82,9,26.56,22.78,3,157.0,162.0,DELAY_NAS|DELAY_CARRIER|DELAY_LATE_AIRCRAFT
BLI,3,220,-3.54,-2.71,20,27.45,23.55,13,116.92,110.31,DELAY_CARRIER|DELAY_LATE_AIRCRAFT|DELAY_NAS
BLI,4,208,-3.57,-7.53,24,23.83,18.21,12,123.42,120.0,DELAY_CARRIER|DELAY_LATE_AIRCRAFT|DELAY_NAS
BLI,5,217,-3.41,-9.18,21,24.71,16.86,6,169.83,167.33,DELAY_LATE_AIRCRAFT|DELAY_CARRIER|DELAY_NAS
BLI,6,219,-2.27,-5.02,42,26.0,17.95,3,140.0,131.67,DELAY_LATE_AIRCRAFT|DELAY_NAS|DELAY_CARRIER
BLI,7,230,-1.96,-7.14,35,25.94,18.49,10,116.9,117.1,DELAY_LATE_AIRCRAFT|DELAY_CARRIER|DELAY_NAS
BLI,8,155,-2.5,-3.7,24,33.25,32.96,4,115.5,112.75,DELAY_LATE_AIRCRAFT|DELAY_CARRIER|DELAY_NAS
BLI,9,123,-3.74,-4.2,20,35.9,34.3,9,216.22,223.33,DELAY_LATE_AIRCRAFT|DELAY_NAS|DELAY_CARRIER
BLI,10,142,-4.37,-5.25,22,31.91,31.77,10,137.2,135.4,DELAY_CARRIER|DELAY_LATE_AIRCRAFT|DELAY_NAS
BLI,11,148,-4.39,-7.85,10,32.7,28.8,4,129.75,126.25,DELAY_CARRIER|DELAY_LATE_AIRCRAFT|DELAY_NAS
BLI,12,144,-3.74,-8.03,18,30.94,21.22,10,209.2,206.4,DELAY_CARRIER|DELAY_LATE_AIRCRAFT|CANC_WEATHER
BLV,1,44,-7.52,-15.14,9,33.11,34.44,5,169.0,185.8,DELAY_LATE_AIRCRAFT|CANC_WEATHER|DELAY_NAS
BLV,2,40,-9.28,-16.32,4,33.75,27.0,11,306.36,314.36,DELAY_LATE_AIRCRAFT|DELAY_CARRIER|DELAY_WEATHER
BLV,3,65,-7.06,-16.45,13,28.31,25.23,14,182.71,182.14,DELAY_LATE_AIRCRAFT|DELAY_NAS|CANC_CARRIER
BLV,4,77,-8.36,-21.86,5,26.8,20.2,3,231.33,233.67,DELAY_CARRIER|DELAY_LATE_AIRCRAFT|DELAY_NAS
BLV,5,76,-5.49,-14.68,16,34.38,29.38,5,144.8,166.0,DELAY_LATE_AIRCRAFT|DELAY_CARRIER|DELAY_NAS
BLV,6,107,-6.75,-9.43,20,39.1,34.4,16,158.0,149.44,DELAY_LATE_AIRCRAFT|DELAY_CARRIER|DELAY_NAS
BLV,7,89,-7.72,-7.78,33,32.76,35.82,20,190.7,190.0,DELAY_LATE_AIRCRAFT|DELAY_CARRIER|DELAY_NAS
BLV,8,72,-10.43,-15.43,13,36.38,33.46,16,178.56,169.94,DELAY_LATE_AIRCRAFT|DELAY_CARRIER|CANC_CARRIER
BLV,9,56,-11.98,-19.07,4,40.25,31.0,6,203.0,198.0,DELAY_LATE_AIRCRAFT|DELAY_CARRIER|DELAY_WEATHER
BLV,10,64,-11.56,-17.62,4,33.0,42.75,5,357.2,350.2,DELAY_LATE_AIRCRAFT|CANC_WEATHER|DELAY_NAS
BLV,11,61,-10.85,-22.23,10,35.1,33.3,2,91.0,109.0,DELAY_LATE_AIRCRAFT|DELAY_CARRIER
BLV,12,52,-6.87,-18.42,16,34.38,23.81,13,274.23,267.08,DELAY_LATE_AIRCRAFT|DELAY_CARRIER|DELAY_NAS
BMI,1,102,-3.54,-4.53,13,38.46,53.54,16,185.75,179.94,DELAY_LATE_AIRCRAFT|DELAY_NAS|CANC_WEATHER
BMI,2,115,-5.67,-13.1,11,27.91,26.18,7,165.43,155.29,DELAY_LATE_AIRCRAFT|DELAY_NAS|DELAY_CARRIER
BMI,3,120,-5.48,-7.97,12,31.08,28.58,10,130.9,134.1,DELAY_LATE_AIRCRAFT|DELAY_CARRIER|DELAY_NAS
BMI,4,123,-5.63,-9.94,6,33.17,37.83,8,129.12,135.88,DELAY_LATE_AIRCRAFT|DELAY_NAS|CANC_NAS
BMI,5,119,-4.82,-5.32,19,35.21,36.42,17,117.47,129.24,DELAY_LATE_AIRCRAFT|DELAY_NAS|DELAY_WEATHER
BMI,6,125,-4.58,-12.42,17,34.88,29.82,14,149.57,144.86,DELAY_LATE_AIRCRAFT|DELAY_CARRIER|DELAY_NAS
BMI,7,119,-5.68,-10.22,17,29.0,28.24,20,221.9,218.25,DELAY_LATE_AIRCRAFT|DELAY_CARRIER|DELAY_NAS
BMI,8,133,-6.05,-13.17,8,34.5,33.88,9,210.56,198.89,DELAY_LATE_AIRCRAFT|DELAY_CARRIER|DELAY_NAS
BMI,9,129,-4.99,-11.49,7,34.71,28.43,1,465.0,471.0,DELAY_NAS|DELAY_LATE_AIRCRAFT|CANC_CARRIER
BMI,10,130,-5.78,-18.4,3,29.67,15.67,6,188.33,174.83,DELAY_CARRIER|CANC_WEATHER|DELAY_LATE_AIRCRAFT
BMI,11,116,-5.48,-15.98,12,27.58,18.75,5,220.8,214.6,DELAY_CARRIER|DELAY_NAS|DELAY_LATE_AIRCRAFT
BMI,12,131,-2.98,-9.94,10,31.3,27.3,7,138.14,135.29,DELAY_NAS|DELAY_LATE_AIRCRAFT|DELAY_CARRIER
BNA,1,5338,-2.5,-8.13,1108,31.07,27.18,574,183.74,190.19,DELAY_LATE_AIRCRAFT|CANC_WEATHER|DELAY_NAS
BNA,2,6118,-3.3,-9.59,662,28.53,22.03,203,162.58,156.96,DELAY_LATE_AIRCRAFT|DELAY_NAS|DELAY_CARRIER
BNA,3,6625,-2.95,-9.57,1090,30.17,24.0,493,139.96,135.55,DELAY_LATE_AIRCRAFT|DELAY_NAS|DELAY_CARRIER
BNA,4,6779,-2.77,-9.0,1039,30.44,23.69,419,152.71,148.33,DELAY_LATE_AIRCRAFT|DELAY_CARRIER|DELAY_NAS
BNA,5,6117,-1.16,-5.86,1594,31.62,28.22,993,144.9,144.44,DELAY_LATE_AIRCRAFT|DELAY_NAS|DELAY_CARRIER
BNA,6,6510,-1.39,-7.03,1487,30.88,25.48,783,139.55,136.36,DELAY_LATE_AIRCRAFT|DELAY_CARRIER|DELAY_NAS
BNA,7,6285,-1.6,-6.65,1775,31.31,25.98,900,140.41,136.66,DELAY_LATE_AIRCRAFT|DELAY_CARRIER|DELAY_NAS
BNA,8,6905,-2.46,-7.33,1150,31.05,26.0,529,157.41,153.32,DELAY_LATE_AIRCRAFT|DELAY_NAS|DELAY_CARRIER
BNA,9,6949,-2.66,-7.84,944,30.57,24.81,341,139.18,134.45,DELAY_LATE_AIRCRAFT|DELAY_CARRIER|DELAY_NAS
BNA,10,7729,-2.47,-9.36,927,29.23,21.68,250,144.37,137.83,DELAY_LATE_AIRCRAFT|DELAY_CARRIER|DELAY_NAS
BNA,11,7028,-3.08,-10.4,794,30.04,21.88,260,139.41,133.03,DELAY_LATE_AIRCRAFT|DELAY_CARRIER|DELAY_NAS
BNA,12,6360,-1.85,-9.25,1220,30.0,23.18,438,144.43,140.75,DELAY_LATE_AIRCRAFT|DELAY_CARRIER|DELAY_NAS
BOI,1,1267,-3.09,-5.16,194,32.03,34.19,108,160.32,163.93,DELAY_NAS|DELAY_LATE_AIRCRAFT|DELAY_CARRIER
BOI,2,1277,-3.76,-9.21,118,30.25,24.64,71,161.11,161.44,DELAY_NAS|DELAY_LATE_AIRCRAFT|DELAY_CARRIER
BOI,3,1513,-4.03,-6.45,138,30.89,27.71,62,123.95,123.05,DELAY_NAS|DELAY_CARRIER|DELAY_LATE_AIRCRAFT
BOI,4,1551,-4.06,-7.08,173,30.05,27.45,62,154.73,150.94,DELAY_CARRIER|DELAY_NAS|DELAY_LATE_AIRCRAFT
BOI,5,1685,-3.65,-6.67,234,30.29,26.89,81,139.86,138.16,DELAY_LATE_AIRCRAFT|DELAY_NAS|DELAY_CARRIER
BOI,6,1690,-3.62,-6.63,250,31.41,27.85,109,152.82,149.88,DELAY_LATE_AIRCRAFT|DELAY_CARRIER|DELAY_NAS
BOI,7,1743,-3.06,-6.71,223,30.09,26.79,134,145.48,141.2,DELAY_LATE_AIRCRAFT|DELAY_CARRIER|DELAY_NAS
BOI,8,1771,-4.09,-6.65,211,30.82,29.57,103,130.86,130.0,DELAY_CARRIER|DELAY_LATE_AIRCRAFT|DELAY_NAS
BOI,9,1749,-3.91,-8.31,205,31.58,27.78,80,125.44,121.96,DELAY_LATE_AIRCRAFT|DELAY_CARRIER|DELAY_NAS
BOI,10,1794,-4.42,-8.99,138,30.74,27.77,58,166.95,164.53,DELAY_CARRIER|DELAY_LATE_AIRCRAFT|DELAY_NAS
BOI,11,1734,-4.41,-9.08,149,29.92,25.41,62,173.27,173.58,DELAY_CARRIER|DELAY_LATE_AIRCRAFT|DELAY_NAS
BOI,12,1606,-3.29,-9.97,228,30.04,22.89,115,148.89,146.88,DELAY_LATE_AIRCRAFT|DELAY_CARRIER|DELAY_NAS
BOS,1,7546,-3.33,-11.29,1305,32.3,27.27,924,150.17,150.9,DELAY_NAS|DELAY_CARRIER|DELAY_LATE_AIRCRAFT
BOS,2,8499,-3.74,-17.23,1005,30.87,17.66,485,136.17,126.83,DELAY_CARRIER|DELAY_NAS|DELAY_LATE_AIRCRAFT
BOS,3,9206,-3.93,-15.25,1316,31.47,20.41,710,136.29,125.97,DELAY_CARRIER|DELAY_NAS|DELAY_LATE_AIRCRAFT
BOS,4,9325,-3.81,-10.63,1275,31.78,23.91,843,137.03,130.99,DELAY_NAS|DELAY_LATE_AIRCRAFT|DELAY_CARRIER
BOS,5,9749,-3.4,-10.35,1742,32.08,25.75,1041,142.07,137.39,DELAY_LATE_AIRCRAFT|DELAY_NAS|DELAY_CARRIER
BOS,6,9428,-3.27,-9.12,1692,31.75,27.72,1214,141.36,137.77,DELAY_NAS|DELAY_LATE_AIRCRAFT|DELAY_CARRIER
BOS,7,9198,-2.98,-9.18,1859,32.73,28.21,1474,138.74,133.5,DELAY_LATE_AIRCRAFT|DELAY_CARRIER|DELAY_NAS
BOS,8,9294,-2.86,-9.33,1888,32.27,27.53,1506,141.97,138.25,DELAY_LATE_AIRCRAFT|DELAY_CARRIER|DELAY_NAS
BOS,9,10311,-4.26,-12.2,1234,31.85,22.64,743,132.01,121.42,DELAY_LATE_AIRCRAFT|DELAY_CARRIER|DELAY_NAS
BOS,10,11191,-3.74,-12.2,1230,31.22,21.81,497,129.18,121.91,DELAY_CARRIER|DELAY_LATE_AIRCRAFT|DELAY_NAS
BOS,11,10098,-4.52,-14.25,1070,31.37,21.03,563,126.06,115.53,DELAY_CARRIER|DELAY_NAS|DELAY_LATE_AIRCRAFT
BOS,12,8852,-2.79,-9.96,1692,32.19,25.92,1047,139.36,136.74,DELAY_LATE_AIRCRAFT|DELAY_NAS|DELAY_CARRIER
BPT,1,43,-2.47,-8.4,10,32.0,24.1,7,218.29,216.71,DELAY_LATE_AIRCRAFT|DELAY_WEATHER|CANC_WEATHER
BPT,2,56,-5.5,-5.98,1,17.0,16.0,1,168.0,149.0,DELAY_NAS|DELAY_CARRIER|DELAY_LATE_AIRCRAFT
BPT,3,47,-4.79,-9.98,4,29.25,19.75,9,178.89,176.78,DELAY_LATE_AIRCRAFT|DELAY_WEATHER|CANC_WEATHER
BPT,4,43,-7.28,-15.93,5,42.0,37.8,10,144.8,160.5,DELAY_WEATHER|DELAY_CARRIER|DELAY_NAS
BPT,5,51,-6.53,-7.43,1,15.0,6.0,8,207.38,209.88,DELAY_CARRIER|DELAY_WEATHER|CANC_WEATHER
BPT,6,55,-9.15,-16.56,1,20.0,18.0,4,123.75,124.25,DELAY_CARRIER|DELAY_LATE_AIRCRAFT|DELAY_WEATHER
BPT,7,55,-8.15,-8.69,3,30.67,21.0,1,362.0,344.0,DELAY_NAS|CANC_WEATHER|DELAY_CARRIER
BPT,8,58,-7.71,-9.09,2,26.0,15.0,2,76.5,86.0,DELAY_CARRIER|DELAY_LATE_AIRCRAFT
BPT,9,55,-8.07,-20.0,5,33.6,24.0,0,,,DELAY_CARRIER|DELAY_LATE_AIRCRAFT|DELAY_WEATHER
BPT,10,53,-7.43,-22.72,4,43.25,35.75,5,271.0,255.2,DELAY_CARRIER|DELAY_LATE_AIRCRAFT|DELAY_WEATHER
BPT,11,54,-7.5,-14.56,1,18.0,8.0,2,232.0,223.0,CANC_WEATHER|DELAY_CARRIER|DELAY_LATE_AIRCRAFT
BPT,12,55,-6.62,-9.16,2,49.5,43.0,2,223.0,222.0,DELAY_CARRIER|DELAY_NAS|DELAY_WEATHER
BQK,1,41,-5.02,-7.54,6,40.5,35.17,15,106.4,116.2,DELAY_CARRIER|DELAY_WEATHER|DELAY_NAS
BQK,2,52,-4.63,-4.42,2,31.0,35.5,4,224.75,221.5,DELAY_CARRIER|DELAY_NAS|DELAY_WEATHER
BQK,3,56,-5.73,-2.21,2,28.5,52.0,4,103.5,98.75,DELAY_CARRIER|DELAY_LATE_AIRCRAFT|DELAY_NAS
BQK,4,51,-3.51,2.92,4,37.25,32.5,5,187.6,184.4,DELAY_CARRIER|DELAY_WEATHER|DELAY_NAS
BQK,5,38,-5.74,-0.47,9,32.11,30.44,14,193.29,194.71,DELAY_CARRIER|DELAY_NAS|DELAY_WEATHER
BQK,6,48,-4.73,-5.9,5,43.6,33.0,7,146.43,141.29,DELAY_CARRIER|DELAY_WEATHER|DELAY_LATE_AIRCRAFT
BQK,7,51,-5.61,-3.41,1,16.0,39.0,10,149.1,163.0,DELAY_CARRIER|DELAY_WEATHER|DELAY_NAS
BQK,8,49,-5.94,-6.96,5,39.4,33.0,8,182.62,177.62,DELAY_CARRIER|DELAY_NAS|DELAY_WEATHER
BQK,9,55,-5.47,2.71,4,32.25,21.75,0,,,DELAY_CARRIER|DELAY_NAS|CANC_WEATHER
BQK,10,68,-7.32,-10.38,5,32.2,25.6,8,132.12,127.38,DELAY_CARRIER|DELAY_WEATHER
BQK,11,74,-7.35,-5.91,5,36.2,45.2,7,127.86,130.86,DELAY_CARRIER|DELAY_NAS|DELAY_WEATHER
BQK,12,65,-6.28,-2.0,7,33.71,37.57,8,213.38,222.0,DELAY_CARRIER|DELAY_NAS|DELAY_WEATHER
BQN,1,183,-8.09,-10.62,30,28.73,27.1,15,215.4,213.53,DELAY_LATE_AIRCRAFT|DELAY_NAS|DELAY_CARRIER
BQN,2,161,-8.79,-9.61,18,32.33,32.0,15,154.73,159.07,DELAY_LATE_AIRCRAFT|DELAY_NAS|CANC_CARRIER
BQN,3,163,-7.58,-11.17,48,29.9,26.48,30,159.77,155.93,DELAY_LATE_AIRCRAFT|DELAY_CARRIER|DELAY_NAS
BQN,4,195,-7.53,-14.52,24,30.54,24.75,14,161.36,156.5,DELAY_LATE_AIRCRAFT|DELAY_CARRIER|DELAY_NAS
BQN,5,191,-4.55,-13.36,37,30.7,19.3,21,122.1,115.24,DELAY_LATE_AIRCRAFT|DELAY_CARRIER|CANC_NAS
BQN,6,119,-3.75,-12.2,46,33.85,27.76,37,174.32,167.43,DELAY_LATE_AIRCRAFT|DELAY_NAS|DELAY_CARRIER
BQN,7,139,-5.53,-15.17,33,28.42,17.48,23,162.78,156.26,DELAY_LATE_AIRCRAFT|DELAY_CARRIER|DELAY_NAS
BQN,8,121,-4.5,-12.98,40,30.12,22.5,22,175.73,171.18,DELAY_LATE_AIRCRAFT|DELAY_NAS|DELAY_CARRIER
BQN,9,112,-5.41,-14.59,15,27.27,18.4,17,229.47,222.88,DELAY_LATE_AIRCRAFT|DELAY_CARRIER|DELAY_NAS
BQN,10,118,-6.47,-12.19,16,30.44,21.62,7,121.86,114.71,DELAY_LATE_AIRCRAFT|CANC_WEATHER|DELAY_CARRIER
BQN,11,124,-3.84,-10.91,32,33.44,30.25,12,140.0,129.67,DELAY_LATE_AIRCRAFT|DELAY_CARRIER|DELAY_NAS
BQN,12,159,-7.12,-12.82,40,30.25,23.5,25,164.72,158.4,DELAY_LATE_AIRCRAFT|DELAY_NAS|DELAY_CARRIER
BRD,1,39,-8.26,-18.21,1,17.0,3.0,12,107.83,96.0,DELAY_CARRIER|DELAY_WEATHER
BRD,2,47,-9.09,-24.98,1,21.0,11.0,2,157.0,140.0,DELAY_CARRIER|DELAY_WEATHER
BRD,3,44,-7.57,-16.86,5,42.4,43.6,3,104.33,106.33,DELAY_CARRIER|DELAY_WEATHER|CANC_WEATHER
BRD,4,48,-9.71,-20.56,2,30.0,14.0,1,119.0,105.0,DELAY_CARRIER
BRD,5,50,-9.22,-17.58,2,32.5,14.0,1,119.0,119.0,DELAY_CARRIER
BRD,6,41,-8.27,4.9,6,33.33,51.67,5,308.8,316.4,DELAY_CARRIER|DELAY_NAS|DELAY_WEATHER
BRD,7,48,-5.69,-0.58,11,30.0,30.91,3,93.0,91.67,DELAY_CARRIER|DELAY_WEATHER|DELAY_NAS
BRD,8,57,-7.09,-4.75,4,31.5,48.0,1,351.0,358.0,DELAY_CARRIER|DELAY_NAS|DELAY_WEATHER
BRD,9,50,-10.16,-14.7,1,31.0,37.0,4,93.0,95.0,DELAY_CARRIER|DELAY_NAS|DELAY_WEATHER
BRD,10,47,-10.04,-22.64,3,23.67,15.33,2,68.5,69.5,DELAY_CARRIER|DELAY_SECURITY|DELAY_WEATHER
BRD,11,47,-11.23,-21.02,4,29.0,25.0,2,554.5,570.0,DELAY_CARRIER|DELAY_WEATHER
BRD,12,36,-8.61,-16.14,5,27.4,27.0,10,221.4,216.9,DELAY_CARRIER|CANC_WEATHER|DELAY_WEATHER
BRO,1,88,-4.4,-9.36,12,23.0,19.67,8,107.38,111.38,DELAY_LATE_AIRCRAFT|DELAY_CARRIER|DELAY_NAS
BRO,2,104,-6.08,-7.81,4,29.25,24.25,0,,,DELAY_LATE_AIRCRAFT|DELAY_NAS|DELAY_CARRIER
BRO,3,158,-3.78,-7.68,14,29.14,22.5,12,214.75,210.75,DELAY_LATE_AIRCRAFT|DELAY_CARRIER|DELAY_NAS
BRO,4,120,-5.53,-9.1,13,31.38,30.31,16,186.56,197.88,DELAY_LATE_AIRCRAFT|DELAY_WEATHER|DELAY_CARRIER
BRO,5,132,-4.61,-5.59,24,31.54,34.54,21,193.14,200.05,DELAY_CARRIER|DELAY_LATE_AIRCRAFT|DELAY_WEATHER
BRO,6,163,-5.4,-9.52,17,30.88,27.76,20,141.75,142.65,DELAY_LATE_AIRCRAFT|DELAY_CARRIER|DELAY_NAS
BRO,7,151,-4.68,-6.93,27,30.22,33.19,16,161.5,162.25,DELAY_LATE_AIRCRAFT|DELAY_CARRIER|CANC_WEATHER
BRO,8,175,-6.63,-11.03,19,32.79,31.79,2,182.5,175.0,DELAY_LATE_AIRCRAFT|DELAY_NAS|DELAY_CARRIER
BRO,9,140,-6.08,-8.73,11,34.91,29.64,4,126.25,119.25,DELAY_LATE_AIRCRAFT|DELAY_CARRIER|DELAY_NAS
BRO,10,180,-6.22,-10.81,11,32.36,24.73,5,135.8,126.4,DELAY_CARRIER|DELAY_LATE_AIRCRAFT|DELAY_NAS
BRO,11,109,-6.26,-9.4,12,36.17,33.83,6,177.17,182.17,DELAY_CARRIER|DELAY_LATE_AIRCRAFT|DELAY_WEATHER
BRO,12,98,-4.55,-6.49,13,36.23,37.23,16,122.5,129.62,DELAY_CARRIER|DELAY_LATE_AIRCRAFT|CANC_WEATHER
BRW,1,13,-6.08,-7.77,6,44.17,45.5,3,206.0,206.0,DELAY_LATE_AIRCRAFT|CANC_CARRIER|CANC_WEATHER
BRW,2,22,-6.32,-1.91,3,42.67,48.0,3,113.67,117.33,DELAY_LATE_AIRCRAFT|DELAY_NAS|CANC_WEATHER
BRW,3,20,-3.2,-1.9,7,29.43,32.43,1,234.0,240.0,CANC_CARRIER|DELAY_CARRIER|DELAY_LATE_AIRCRAFT
BRW,4,25,-8.36,-5.36,5,41.0,41.2,1,90.0,90.0,DELAY_SECURITY|DELAY_LATE_AIRCRAFT|DELAY_CARRIER
BRW,5,24,-7.29,-3.83,6,28.33,29.17,1,291.0,285.0,DELAY_LATE_AIRCRAFT|DELAY_SECURITY|DELAY_NAS
BRW,6,22,-3.77,-1.68,7,31.14,32.14,0,,,DELAY_LATE_AIRCRAFT|DELAY_SECURITY|CANC_WEATHER
BRW,7,23,-2.57,-1.09,6,22.0,22.83,0,,,DELAY_SECURITY|CANC_WEATHER|DELAY_LATE_AIRCRAFT
BRW,8,22,-4.27,1.36,9,29.89,36.33,0,,,DELAY_LATE_AIRCRAFT|DELAY_SECURITY|DELAY_NAS
BRW,9,22,-5.64,-2.68,6,23.0,27.0,2,85.0,81.5,DELAY_LATE_AIRCRAFT
BRW,10,22,-2.95,-3.64,7,34.0,34.29,1,66.0,70.0,DELAY_LATE_AIRCRAFT|CANC_WEATHER
BRW,11,18,-9.44,-9.78,8,27.5,21.0,1,83.0,77.0,DELAY_LATE_AIRCRAFT|CANC_WEATHER|DELAY_CARRIER
BRW,12,16,0.56,-0.94,11,27.18,29.91,2,90.5,90.0,DELAY_LATE_AIRCRAFT|DELAY_CARRIER|CANC_WEATHER
BTM,1,51,-13.59,-19.22,3,30.67,28.33,2,302.0,290.5,DELAY_CARRIER|DELAY_WEATHER|DELAY_NAS
BTM,2,53,-13.51,-15.92,0,,,1,100.0,105.0,DELAY_NAS|DELAY_WEATHER
BTM,3,53,-12.72,-24.42,4,33.25,29.0,1,202.0,237.0,DELAY_CARRIER|DELAY_WEATHER
BTM,4,52,-14.02,-28.67,2,35.5,22.0,1,67.0,49.0,DELAY_CARRIER|DELAY_SECURITY
BTM,5,56,-11.07,-22.2,2,40.5,30.5,0,,,DELAY_CARRIER
BTM,6,46,-13.28,-19.11,7,37.0,29.29,3,428.67,430.67,DELAY_CARRIER|DELAY_WEATHER
BTM,7,56,-11.54,-20.48,3,38.67,30.33,3,115.0,107.0,DELAY_CARRIER|DELAY_WEATHER
BTM,8,61,-12.62,-20.08,0,,,1,103.0,80.0,DELAY_CARRIER|DELAY_WEATHER
BTM,9,56,-12.32,-15.61,1,35.0,26.0,1,80.0,69.0,DELAY_CARRIER|DELAY_WEATHER
BTM,10,57,-12.88,-24.47,0,,,0,,,N/D
BTM,11,55,-12.89,-25.15,0,,,1,84.0,69.0,DELAY_CARRIER|DELAY_NAS
BTM,12,54,-13.57,-30.02,2,28.5,4.5,2,588.5,576.5,DELAY_CARRIER
BTR,1,268,-4.91,-7.73,49,33.16,29.39,49,156.1,154.65,DELAY_LATE_AIRCRAFT|DELAY_CARRIER|DELAY_NAS
BTR,2,337,-4.99,-8.44,27,28.11,25.7,20,211.6,207.6,DELAY_CARRIER|DELAY_LATE_AIRCRAFT|DELAY_NAS
BTR,3,306,-3.64,-9.11,41,24.63,18.68,22,162.68,170.09,DELAY_CARRIER|DELAY_LATE_AIRCRAFT|DELAY_NAS
BTR,4,336,-5.0,-8.01,45,28.13,30.38,40,187.53,183.38,DELAY_NAS|DELAY_CARRIER|DELAY_LATE_AIRCRAFT
BTR,5,329,-3.03,-3.58,49,32.14,33.92,49,146.35,154.61,DELAY_LATE_AIRCRAFT|DELAY_NAS|DELAY_CARRIER
BTR,6,347,-4.7,-8.96,42,28.31,23.21,35,227.71,224.63,DELAY_LATE_AIRCRAFT|DELAY_CARRIER|DELAY_NAS
BTR,7,303,-2.91,-8.03,56,34.57,30.38,50,156.0,157.76,DELAY_LATE_AIRCRAFT|DELAY_CARRIER|CANC_CARRIER
BTR,8,341,-5.32,-10.01,40,32.67,27.88,27,107.0,100.04,DELAY_LATE_AIRCRAFT|DELAY_CARRIER|DELAY_NAS
BTR,9,325,-4.0,-10.0,40,32.85,25.43,27,126.67,123.78,DELAY_LATE_AIRCRAFT|DELAY_NAS|DELAY_CARRIER
BTR,10,382,-5.09,-11.32,28,29.29,23.54,18,170.78,167.06,DELAY_CARRIER|DELAY_LATE_AIRCRAFT|DELAY_NAS
BTR,11,365,-3.92,-10.82,42,26.4,23.14,17,101.29,100.59,DELAY_CARRIER|DELAY_LATE_AIRCRAFT|DELAY_NAS
BTR,12,284,-2.11,-6.94,49,28.45,22.51,29,189.66,187.62,DELAY_LATE_AIRCRAFT|DELAY_NAS|DELAY_CARRIER
BTV,1,405,-4.55,-12.06,44,31.95,31.3,51,198.39,195.35,DELAY_LATE_AIRCRAFT|DELAY_NAS|DELAY_CARRIER
BTV,2,417,-4.81,-18.71,28,33.64,22.54,25,174.84,157.0,DELAY_NAS|DELAY_CARRIER|DELAY_LATE_AIRCRAFT
BTV,3,425,-5.59,-15.38,29,33.93,28.86,17,203.94,203.94,DELAY_NAS|DELAY_CARRIER|DELAY_LATE_AIRCRAFT
BTV,4,449,-6.66,-12.68,23,34.39,29.78,26,167.81,166.27,DELAY_NAS|DELAY_LATE_AIRCRAFT|DELAY_CARRIER
BTV,5,537,-6.07,-12.56,41,32.34,29.22,42,172.52,176.17,DELAY_LATE_AIRCRAFT|DELAY_NAS|DELAY_CARRIER
BTV,6,600,-5.31,-11.77,73,32.44,28.75,62,159.47,156.02,DELAY_LATE_AIRCRAFT|DELAY_CARRIER|DELAY_NAS
BTV,7,579,-4.49,-7.42,82,30.85,28.23,86,220.52,223.26,DELAY_LATE_AIRCRAFT|DELAY_NAS|DELAY_CARRIER
BTV,8,668,-4.12,-6.76,86,30.78,35.37,64,168.67,172.0,DELAY_NAS|DELAY_LATE_AIRCRAFT|DELAY_CARRIER
BTV,9,785,-5.9,-9.5,49,31.53,27.27,36,151.19,145.67,DELAY_NAS|DELAY_LATE_AIRCRAFT|DELAY_CARRIER
BTV,10,798,-5.56,-12.53,68,33.53,27.74,36,205.67,193.31,DELAY_LATE_AIRCRAFT|DELAY_NAS|DELAY_CARRIER
BTV,11,578,-5.65,-15.35,31,38.13,31.87,33,158.39,147.09,DELAY_NAS|DELAY_CARRIER|DELAY_LATE_AIRCRAFT
BTV,12,536,-3.75,-7.89,83,32.12,29.35,50,183.8,180.96,DELAY_NAS|DELAY_LATE_AIRCRAFT|DELAY_CARRIER
BUF,1,1048,-3.22,-7.33,166,31.45,33.4,138,175.04,181.19,CANC_WEATHER|DELAY_NAS|DELAY_LATE_AIRCRAFT
BUF,2,1339,-4.1,-14.78,152,27.44,18.01,65,201.46,194.02,DELAY_NAS|DELAY_LATE_AIRCRAFT|DELAY_CARRIER
BUF,3,1514,-3.95,-10.67,182,30.3,24.52,128,138.85,137.0,DELAY_LATE_AIRCRAFT|DELAY_NAS|DELAY_CARRIER
BUF,4,1509,-3.95,-10.9,173,31.62,26.69,86,159.26,155.88,DELAY_LATE_AIRCRAFT|DELAY_NAS|DELAY_CARRIER
BUF,5,1494,-3.79,-9.94,217,32.51,30.11,142,157.04,154.15,DELAY_LATE_AIRCRAFT|DELAY_NAS|DELAY_CARRIER
BUF,6,1468,-3.36,-8.68,245,31.96,30.0,167,163.46,160.44,DELAY_LATE_AIRCRAFT|DELAY_NAS|DELAY_CARRIER
BUF,7,1448,-2.71,-5.23,312,32.76,31.44,200,165.3,168.34,DELAY_LATE_AIRCRAFT|DELAY_NAS|DELAY_CARRIER
BUF,8,1501,-2.42,-6.71,310,31.09,28.06,166,147.1,148.29,DELAY_LATE_AIRCRAFT|DELAY_NAS|DELAY_CARRIER
BUF,9,1743,-4.49,-9.6,168,29.15,24.5,63,148.25,146.6,DELAY_LATE_AIRCRAFT|DELAY_NAS|DELAY_CARRIER
BUF,10,1777,-4.24,-12.27,173,29.79,20.69,62,131.48,121.85,DELAY_LATE_AIRCRAFT|DELAY_CARRIER|DELAY_NAS
BUF,11,1553,-3.8,-12.84,134,30.96,21.66,69,128.13,118.52,DELAY_LATE_AIRCRAFT|DELAY_NAS|DELAY_CARRIER
BUF,12,1311,-2.54,-7.24,254,31.13,29.78,155,153.23,155.08,DELAY_LATE_AIRCRAFT|DELAY_NAS|DELAY_CARRIER
BUR,1,1909,-3.49,-8.25,243,31.84,25.85,125,126.08,121.71,DELAY_LATE_AIRCRAFT|DELAY_NAS|DELAY_CARRIER
BUR,2,1645,-3.14,-9.99,242,31.78,24.65,123,154.0,148.41,DELAY_LATE_AIRCRAFT|DELAY_NAS|DELAY_CARRIER
BUR,3,1709,-2.56,-7.11,318,33.16,29.43,174,129.36,127.89,DELAY_NAS|DELAY_LATE_AIRCRAFT|DELAY_CARRIER
BUR,4,1822,-3.18,-8.95,260,31.62,26.08,139,122.9,124.25,DELAY_NAS|DELAY_LATE_AIRCRAFT|DELAY_CARRIER
BUR,5,1842,-2.76,-8.24,306,32.56,28.39,157,112.81,108.68,DELAY_LATE_AIRCRAFT|DELAY_NAS|DELAY_CARRIER
BUR,6,2035,-1.78,-7.66,439,31.14,24.31,172,133.28,127.61,DELAY_LATE_AIRCRAFT|DELAY_CARRIER|DELAY_NAS
BUR,7,2218,-2.77,-8.73,417,31.28,25.22,189,137.13,131.44,DELAY_LATE_AIRCRAFT|DELAY_NAS|DELAY_CARRIER
BUR,8,2269,-3.71,-8.32,297,32.27,27.68,138,138.39,134.67,DELAY_LATE_AIRCRAFT|DELAY_NAS|DELAY_CARRIER
BUR,9,2167,-3.81,-8.63,326,31.57,28.04,180,138.74,134.8,DELAY_LATE_AIRCRAFT|DELAY_NAS|DELAY_CARRIER
BUR,10,2381,-3.37,-8.14,333,30.97,27.29,152,142.81,139.99,DELAY_LATE_AIRCRAFT|DELAY_NAS|DELAY_CARRIER
BUR,11,2339,-3.6,-9.88,292,30.73,24.26,106,141.92,140.15,DELAY_LATE_AIRCRAFT|DELAY_NAS|DELAY_CARRIER
BUR,12,2181,-2.82,-9.61,382,30.08,23.24,176,120.47,114.01,DELAY_LATE_AIRCRAFT|DELAY_NAS|DELAY_CARRIER
BWI,1,4982,0.19,-6.58,1732,30.26,26.05,547,123.56,128.17,DELAY_CARRIER|DELAY_LATE_AIRCRAFT|DELAY_NAS
BWI,2,5684,-0.93,-11.13,982,28.25,18.33,205,125.26,115.11,DELAY_CARRIER|DELAY_LATE_AIRCRAFT|DELAY_NAS
BWI,3,5617,-0.1,-8.87,1765,30.68,24.07,623,123.34,120.59,DELAY_LATE_AIRCRAFT|DELAY_CARRIER|DELAY_NAS
BWI,4,5974,-0.03,-6.09,1670,29.41,23.44,518,124.8,120.55,DELAY_CARRIER|DELAY_LATE_AIRCRAFT|DELAY_NAS
BWI,5,5561,0.39,-4.92,2201,30.32,25.57,809,121.99,118.8,DELAY_LATE_AIRCRAFT|DELAY_CARRIER|DELAY_NAS
BWI,6,5617,0.74,-5.72,2294,30.45,24.13,759,125.74,120.06,DELAY_CARRIER|DELAY_LATE_AIRCRAFT|DELAY_NAS
BWI,7,4977,1.17,-3.6,2680,31.39,27.76,1234,130.29,126.34,DELAY_LATE_AIRCRAFT|DELAY_CARRIER|DELAY_NAS
BWI,8,5570,0.66,-5.62,2210,30.47,26.84,910,136.53,135.28,DELAY_LATE_AIRCRAFT|DELAY_CARRIER|DELAY_NAS
BWI,9,6599,-0.52,-7.5,1343,28.4,20.55,276,127.45,121.07,DELAY_CARRIER|DELAY_LATE_AIRCRAFT|DELAY_NAS
BWI,10,6671,-0.22,-9.93,1383,28.26,16.87,217,122.26,110.35,DELAY_CARRIER|DELAY_LATE_AIRCRAFT|DELAY_NAS
BWI,11,6503,-1.13,-11.01,1027,28.13,18.16,249,120.84,109.86,DELAY_CARRIER|DELAY_LATE_AIRCRAFT|DELAY_NAS
BWI,12,5745,0.13,-9.45,1644,29.55,19.65,473,117.27,108.81,DELAY_CARRIER|DELAY_LATE_AIRCRAFT|DELAY_NAS
BZN,1,640,-5.24,-9.66,97,32.09,30.93,78,276.94,277.23,DELAY_LATE_AIRCRAFT|DELAY_NAS|DELAY_CARRIER
BZN,2,674,-5.48,-6.47,55,34.93,38.4,65,182.97,195.23,DELAY_NAS|DELAY_LATE_AIRCRAFT|DELAY_CARRIER
BZN,3,731,-4.47,-7.79,92,31.78,25.23,49,130.63,128.65,DELAY_NAS|DELAY_LATE_AIRCRAFT|DELAY_CARRIER
BZN,4,563,-5.45,-8.21,49,33.12,28.02,26,110.23,107.46,DELAY_LATE_AIRCRAFT|DELAY_NAS|DELAY_CARRIER
BZN,5,591,-4.51,-8.66,71,30.0,26.37,52,186.96,187.12,DELAY_NAS|DELAY_LATE_AIRCRAFT|DELAY_CARRIER
BZN,6,825,-3.6,-9.33,133,31.57,25.46,72,121.83,114.94,DELAY_LATE_AIRCRAFT|DELAY_NAS|DELAY_CARRIER
BZN,7,868,-3.63,-7.68,169,32.92,32.47,99,159.47,158.44,DELAY_LATE_AIRCRAFT|DELAY_NAS|DELAY_CARRIER
BZN,8,862,-3.02,-7.35,151,32.99,29.77,78,166.58,163.13,DELAY_LATE_AIRCRAFT|DELAY_NAS|DELAY_CARRIER
BZN,9,789,-3.53,-8.69,82,30.07,25.83,29,109.9,104.86,DELAY_LATE_AIRCRAFT|DELAY_NAS|DELAY_CARRIER
BZN,10,647,-5.09,-11.96,61,28.84,22.11,20,152.2,143.7,DELAY_LATE_AIRCRAFT|DELAY_NAS|DELAY_CARRIER
BZN,11,500,-5.44,-9.96,52,31.56,26.21,30,178.9,186.73,DELAY_NAS|DELAY_CARRIER|DELAY_LATE_AIRCRAFT
BZN,12,660,-4.55,-13.25,82,32.39,23.33,46,233.61,226.11,DELAY_LATE_AIRCRAFT|DELAY_CARRIER|DELAY_NAS
CAE,1,386,-5.12,-10.75,40,33.7,29.43,42,157.93,153.6,DELAY_LATE_AIRCRAFT|DELAY_NAS|CANC_WEATHER
CAE,2,434,-5.56,-11.51,29,32.17,24.62,16,163.69,157.12,DELAY_LATE_AIRCRAFT|DELAY_CARRIER|DELAY_NAS
CAE,3,442,-4.9,-10.99,51,31.45,23.84,28,167.36,157.5,DELAY_LATE_AIRCRAFT|DELAY_CARRIER|DELAY_NAS
CAE,4,476,-4.84,-7.72,44,31.64,34.18,22,127.41,125.73,DELAY_LATE_AIRCRAFT|DELAY_NAS|DELAY_CARRIER
CAE,5,467,-4.85,-7.7,62,32.89,30.48,50,141.4,145.76,DELAY_LATE_AIRCRAFT|DELAY_NAS|DELAY_CARRIER
CAE,6,467,-4.51,-10.09,51,34.59,31.02,30,192.6,193.17,DELAY_LATE_AIRCRAFT|DELAY_CARRIER|DELAY_NAS
CAE,7,417,-4.76,-7.71,53,32.25,31.64,71,210.51,213.62,DELAY_LATE_AIRCRAFT|DELAY_CARRIER|DELAY_NAS
CAE,8,487,-4.99,-7.77,50,32.98,32.68,35,156.83,157.2,DELAY_LATE_AIRCRAFT|DELAY_NAS|DELAY_CARRIER
CAE,9,497,-5.22,-6.87,47,35.02,30.6,46,160.61,160.5,DELAY_LATE_AIRCRAFT|DELAY_CARRIER|DELAY_NAS
CAE,10,583,-5.57,-8.83,55,31.15,24.02,18,131.67,123.39,DELAY_LATE_AIRCRAFT|DELAY_NAS|DELAY_CARRIER
CAE,11,522,-4.44,-7.18,57,27.91,22.46,27,175.04,172.52,DELAY_NAS|DELAY_LATE_AIRCRAFT|DELAY_CARRIER
CAE,12,499,-3.5,-6.62,63,35.59,30.38,30,165.57,158.43,DELAY_NAS|DELAY_LATE_AIRCRAFT|DELAY_CARRIER
CAK,1,204,-6.73,-11.75,21,33.38,28.48,32,148.34,143.62,DELAY_LATE_AIRCRAFT|DELAY_CARRIER|DELAY_NAS
CAK,2,220,-7.74,-15.65,16,32.06,19.75,13,139.54,126.54,DELAY_CARRIER|DELAY_LATE_AIRCRAFT|DELAY_NAS
CAK,3,236,-7.77,-11.53,21,38.1,26.95,12,144.08,142.5,DELAY_NAS|DELAY_LATE_AIRCRAFT|DELAY_CARRIER
CAK,4,242,-6.55,-7.48,20,32.55,32.0,23,185.13,179.35,DELAY_LATE_AIRCRAFT|DELAY_CARRIER|DELAY_NAS
CAK,5,240,-7.44,-8.2,22,37.77,41.36,38,138.63,142.66,DELAY_LATE_AIRCRAFT|DELAY_CARRIER|DELAY_NAS
CAK,6,245,-5.07,-8.45,36,32.83,30.03,41,148.61,144.0,DELAY_LATE_AIRCRAFT|DELAY_CARRIER|DELAY_NAS
CAK,7,227,-6.34,-6.3,40,34.17,32.45,60,154.18,156.08,DELAY_LATE_AIRCRAFT|DELAY_CARRIER|DELAY_NAS
CAK,8,237,-7.17,-6.03,22,33.05,30.5,40,185.62,180.47,DELAY_LATE_AIRCRAFT|DELAY_NAS|DELAY_CARRIER
CAK,9,218,-7.12,-10.27,21,30.05,25.33,34,163.74,159.32,DELAY_LATE_AIRCRAFT|DELAY_CARRIER|DELAY_NAS
CAK,10,242,-7.62,-12.04,15,27.13,19.0,17,123.0,116.88,DELAY_CARRIER|DELAY_LATE_AIRCRAFT|DELAY_NAS
CAK,11,236,-6.25,-11.19,12,33.42,23.08,23,160.7,154.61,DELAY_CARRIER|DELAY_LATE_AIRCRAFT|DELAY_NAS
CAK,12,221,-5.09,-12.24,37,32.86,26.62,40,186.32,176.65,DELAY_LATE_AIRCRAFT|DELAY_CARRIER|DELAY_NAS
CDC,1,45,-7.29,-14.29,3,25.67,18.67,4,154.25,151.0,DELAY_WEATHER|DELAY_CARRIER|DELAY_NAS
CDC,2,48,-6.73,-17.94,2,38.5,18.0,0,,,DELAY_CARRIER
CDC,3,44,-7.68,-11.3,1,36.0,33.0,3,83.33,75.0,CANC_WEATHER|DELAY_CARRIER|DELAY_WEATHER
CDC,4,45,-6.53,-10.0,2,48.5,40.5,4,138.5,126.75,DELAY_CARRIER|DELAY_SECURITY
CDC,5,47,-6.17,-9.13,4,42.5,33.75,2,475.5,462.5,DELAY_CARRIER|DELAY_WEATHER
CDC,6,43,-7.07,-13.49,3,28.67,32.33,6,225.17,219.0,DELAY_CARRIER|DELAY_WEATHER
CDC,7,43,-8.33,-14.09,3,26.33,18.33,6,175.67,172.0,DELAY_CARRIER|DELAY_WEATHER
CDC,8,52,-8.88,-14.83,1,30.0,18.0,1,92.0,87.0,DELAY_CARRIER|DELAY_WEATHER
CDC,9,50,-10.62,-12.28,1,59.0,44.0,2,110.5,101.0,DELAY_CARRIER
CDC,10,48,-10.67,-14.27,1,17.0,5.0,3,132.0,136.67,DELAY_CARRIER|DELAY_WEATHER
CDC,11,47,-10.11,-13.47,3,37.0,29.33,3,106.33,109.0,DELAY_CARRIER
CDC,12,48,-10.6,-21.44,3,29.0,19.67,3,124.33,110.67,DELAY_CARRIER|DELAY_WEATHER
CDV,1,42,-13.38,-12.57,9,31.0,40.78,5,85.6,90.4,DELAY_LATE_AIRCRAFT|DELAY_NAS|CANC_WEATHER
CDV,2,47,-16.6,-16.11,6,28.17,25.83,1,213.0,206.0,DELAY_LATE_AIRCRAFT|CANC_CARRIER
CDV,3,51,-14.02,-14.98,7,36.14,34.57,4,95.75,94.0,DELAY_LATE_AIRCRAFT
CDV,4,51,-15.57,-17.88,4,37.75,31.75,2,178.0,173.5,DELAY_LATE_AIRCRAFT|CANC_CARRIER|CANC_WEATHER
CDV,5,54,-12.06,-11.69,4,33.25,36.75,2,100.0,92.0,DELAY_LATE_AIRCRAFT|CANC_CARRIER|DELAY_CARRIER
CDV,6,54,-6.63,-5.56,4,34.75,45.5,2,73.0,62.0,DELAY_LATE_AIRCRAFT|DELAY_NAS|DELAY_SECURITY
CDV,7,49,-6.31,-4.76,11,31.82,33.27,1,228.0,233.0,DELAY_LATE_AIRCRAFT|DELAY_CARRIER|DELAY_SECURITY
CDV,8,42,-4.31,-5.1,16,31.06,31.69,2,133.0,133.5,DELAY_LATE_AIRCRAFT|DELAY_CARRIER|CANC_CARRIER
CDV,9,47,-4.28,-2.89,10,27.9,21.5,3,104.67,101.0,DELAY_LATE_AIRCRAFT|DELAY_NAS|DELAY_CARRIER
CDV,10,53,-11.32,-10.4,7,22.43,21.86,1,118.0,109.0,DELAY_LATE_AIRCRAFT|CANC_WEATHER|DELAY_NAS
CDV,11,52,-13.19,-14.94,3,34.67,41.33,1,73.0,84.0,DELAY_LATE_AIRCRAFT|CANC_CARRIER|CANC_WEATHER
CDV,12,46,-9.89,-10.5,9,31.33,32.33,2,116.0,126.0,DELAY_LATE_AIRCRAFT|DELAY_SECURITY|CANC_CARRIER
CHA,1,331,-3.28,-6.38,68,32.07,28.32,47,144.02,142.17,DELAY_LATE_AIRCRAFT|DELAY_NAS|CANC_WEATHER
CHA,2,441,-4.94,-9.79,36,31.47,23.61,18,132.22,123.78,DELAY_CARRIER|DELAY_LATE_AIRCRAFT|DELAY_NAS
CHA,3,474,-4.43,-11.0,53,31.98,25.66,43,173.88,168.51,DELAY_LATE_AIRCRAFT|DELAY_CARRIER|DELAY_NAS
CHA,4,469,-3.81,-4.97,72,29.89,26.89,41,166.88,162.05,DELAY_LATE_AIRCRAFT|DELAY_CARRIER|DELAY_NAS
CHA,5,414,-3.53,-6.94,99,29.85,26.84,61,166.57,167.66,DELAY_LATE_AIRCRAFT|DELAY_CARRIER|DELAY_NAS
CHA,6,436,-3.18,-9.6,67,30.51,26.06,40,111.42,106.95,DELAY_LATE_AIRCRAFT|DELAY_CARRIER|DELAY_NAS
CHA,7,365,-2.62,-7.1,82,36.32,35.38,63,208.52,202.59,DELAY_LATE_AIRCRAFT|DELAY_CARRIER|DELAY_NAS
CHA,8,443,-4.4,-8.57,64,32.5,28.08,33,186.55,185.45,DELAY_LATE_AIRCRAFT|DELAY_CARRIER|DELAY_NAS
CHA,9,499,-4.9,-10.56,48,32.46,28.52,36,205.25,201.81,DELAY_LATE_AIRCRAFT|DELAY_CARRIER|DELAY_NAS
CHA,10,554,-3.83,-11.05,53,31.53,25.23,18,179.11,169.5,DELAY_CARRIER|DELAY_LATE_AIRCRAFT|DELAY_NAS
CHA,11,611,-5.12,-11.02,52,28.63,20.98,32,201.09,201.53,DELAY_NAS|DELAY_LATE_AIRCRAFT|DELAY_CARRIER
CHA,12,463,-2.97,-9.43,77,30.08,25.66,57,139.11,136.75,DELAY_LATE_AIRCRAFT|DELAY_NAS|DELAY_CARRIER
CHO,1,180,-6.11,-8.79,15,33.27,35.33,23,126.96,125.3,DELAY_NAS|CANC_WEATHER|DELAY_CARRIER
CHO,2,215,-5.67,-8.92,9,30.56,22.89,8,219.38,217.5,DELAY_NAS|DELAY_CARRIER|DELAY_LATE_AIRCRAFT
CHO,3,228,-5.57,-14.95,12,33.67,32.42,13,125.0,120.23,DELAY_NAS|DELAY_CARRIER|DELAY_LATE_AIRCRAFT
CHO,4,232,-5.56,-10.55,23,37.3,33.87,16,222.94,218.12,DELAY_NAS|DELAY_LATE_AIRCRAFT|DELAY_CARRIER
CHO,5,229,-3.6,-8.89,20,29.0,26.9,27,182.85,179.85,DELAY_NAS|DELAY_LATE_AIRCRAFT|DELAY_CARRIER
CHO,6,212,-3.99,-10.19,18,37.22,31.56,12,227.17,223.42,DELAY_NAS|DELAY_CARRIER|DELAY_LATE_AIRCRAFT
CHO,7,185,-4.29,-9.22,29,32.86,32.72,31,178.58,174.81,DELAY_NAS|DELAY_LATE_AIRCRAFT|DELAY_CARRIER
CHO,8,193,-4.63,-8.14,25,34.88,41.8,25,145.8,140.32,DELAY_NAS|DELAY_LATE_AIRCRAFT|CANC_NAS
CHO,9,223,-5.22,-9.61,16,33.62,33.0,12,226.33,219.08,DELAY_CARRIER|DELAY_NAS|DELAY_LATE_AIRCRAFT
CHO,10,325,-4.49,-7.74,22,32.32,32.32,12,116.92,114.17,DELAY_NAS|DELAY_CARRIER|DELAY_LATE_AIRCRAFT
CHO,11,266,-4.85,-9.88,10,27.1,24.3,11,183.91,180.73,DELAY_NAS|DELAY_CARRIER|DELAY_LATE_AIRCRAFT
CHO,12,194,-3.49,-8.85,32,28.31,26.12,25,170.28,170.12,DELAY_NAS|DELAY_CARRIER|DELAY_LATE_AIRCRAFT
CHS,1,1369,-4.42,-11.05,180,33.99,29.39,152,176.82,176.18,DELAY_LATE_AIRCRAFT|DELAY_NAS|DELAY_CARRIER
CHS,2,1478,-4.74,-10.21,142,30.93,24.14,77,177.4,171.43,DELAY_LATE_AIRCRAFT|DELAY_NAS|DELAY_CARRIER
CHS,3,1668,-3.9,-9.56,233,30.43,22.85,134,164.22,160.49,DELAY_LATE_AIRCRAFT|DELAY_NAS|DELAY_CARRIER
CHS,4,1820,-3.85,-8.3,230,31.09,26.1,139,155.43,152.86,DELAY_LATE_AIRCRAFT|DELAY_NAS|DELAY_CARRIER
CHS,5,1862,-3.35,-7.3,295,31.09,29.44,210,162.5,164.23,DELAY_LATE_AIRCRAFT|DELAY_NAS|DELAY_CARRIER
CHS,6,1854,-3.31,-8.03,313,31.17,28.42,167,175.86,175.5,DELAY_LATE_AIRCRAFT|DELAY_NAS|DELAY_CARRIER
CHS,7,1734,-3.17,-6.96,349,32.5,32.81,291,161.56,162.99,DELAY_LATE_AIRCRAFT|DELAY_NAS|DELAY_CARRIER
CHS,8,1693,-4.18,-8.98,301,30.75,26.88,198,148.97,147.47,DELAY_LATE_AIRCRAFT|DELAY_NAS|DELAY_CARRIER
CHS,9,1885,-4.86,-9.86,208,30.47,27.41,92,179.95,177.36,DELAY_LATE_AIRCRAFT|DELAY_NAS|DELAY_CARRIER
CHS,10,2021,-4.21,-10.24,168,28.58,19.77,60,171.02,165.0,DELAY_LATE_AIRCRAFT|DELAY_NAS|DELAY_CARRIER
CHS,11,1732,-4.44,-8.53,151,30.06,25.4,71,149.14,146.63,DELAY_LATE_AIRCRAFT|DELAY_NAS|DELAY_CARRIER
CHS,12,1559,-3.26,-7.54,236,32.31,26.69,136,139.87,135.27,DELAY_LATE_AIRCRAFT|DELAY_NAS|DELAY_CARRIER
CID,1,349,-3.0,-7.9,78,32.22,25.49,96,245.08,243.91,DELAY_LATE_AIRCRAFT|CANC_WEATHER|DELAY_CARRIER
CID,2,490,-5.41,-15.98,48,30.62,22.0,21,185.48,170.43,DELAY_LATE_AIRCRAFT|DELAY_CARRIER|DELAY_NAS
CID,3,550,-5.45,-15.28,49,31.2,24.43,37,180.97,175.89,DELAY_LATE_AIRCRAFT|DELAY_NAS|DELAY_CARRIER
CID,4,525,-5.0,-9.47,54,31.31,32.04,36,177.56,181.75,DELAY_NAS|DELAY_LATE_AIRCRAFT|DELAY_CARRIER
CID,5,490,-4.1,-6.41,73,29.75,28.62,92,170.25,173.88,DELAY_NAS|DELAY_LATE_AIRCRAFT|DELAY_CARRIER
CID,6,533,-3.9,-4.3,77,34.03,31.95,63,231.24,230.25,DELAY_LATE_AIRCRAFT|DELAY_CARRIER|DELAY_NAS
CID,7,544,-3.72,-4.16,96,32.51,34.44,69,216.22,215.93,DELAY_CARRIER|DELAY_LATE_AIRCRAFT|DELAY_NAS
CID,8,629,-4.31,-4.63,87,31.83,36.77,57,179.33,178.25,DELAY_CARRIER|DELAY_NAS|DELAY_LATE_AIRCRAFT
CID,9,651,-5.06,-9.57,55,30.62,24.0,28,177.07,174.0,DELAY_CARRIER|DELAY_NAS|DELAY_LATE_AIRCRAFT
CID,10,659,-4.89,-9.35,47,29.94,24.77,43,132.7,122.81,DELAY_CARRIER|DELAY_LATE_AIRCRAFT|DELAY_NAS
CID,11,587,-4.52,-7.43,45,31.47,30.02,34,189.68,186.62,DELAY_CARRIER|DELAY_NAS|DELAY_LATE_AIRCRAFT
CID,12,472,-2.61,-9.97,102,29.9,20.88,59,219.47,214.32,DELAY_LATE_AIRCRAFT|DELAY_CARRIER|CANC_WEATHER
CIU,1,39,-4.64,-10.08,2,31.5,14.5,13,249.46,250.08,DELAY_CARRIER|CANC_WEATHER|DELAY_WEATHER
CIU,2,43,-4.91,-12.12,5,31.0,20.2,9,299.0,278.78,DELAY_CARRIER|CANC_WEATHER|DELAY_NAS
CIU,3,54,-4.15,-14.74,1,21.0,19.0,7,229.43,214.0,DELAY_CARRIER|DELAY_WEATHER|DELAY_NAS
CIU,4,51,-5.94,-12.76,2,15.5,1.0,7,161.43,145.86,DELAY_CARRIER
CIU,5,54,-5.31,-14.3,3,31.67,22.67,5,202.6,197.6,DELAY_CARRIER|DELAY_WEATHER
CIU,6,46,-5.54,-10.43,7,28.14,27.14,7,256.29,260.86,DELAY_CARRIER|DELAY_WEATHER
CIU,7,51,-3.57,-5.1,4,35.25,30.5,7,167.71,159.57,DELAY_CARRIER|DELAY_WEATHER
CIU,8,56,-4.62,-3.75,5,29.2,29.8,1,113.0,119.0,DELAY_CARRIER|DELAY_NAS|DELAY_WEATHER
CIU,9,52,-4.62,-11.9,0,,,8,113.0,110.25,DELAY_CARRIER|DELAY_WEATHER
CIU,10,51,-4.94,-10.31,4,42.0,33.75,7,204.86,196.57,DELAY_CARRIER|DELAY_WEATHER
CIU,11,53,-6.34,-11.49,4,31.25,32.25,2,125.0,121.0,DELAY_CARRIER|DELAY_NAS|DELAY_WEATHER
CIU,12,28,-2.39,-1.82,12,29.75,25.5,17,181.59,176.76,DELAY_CARRIER|CANC_WEATHER|DELAY_NAS
CKB,1,13,-5.85,-5.77,1,36.0,31.0,1,1220.0,1235.0,DELAY_LATE_AIRCRAFT|DELAY_NAS
CKB,2,9,-3.56,-11.22,3,29.33,25.33,1,202.0,200.0,DELAY_LATE_AIRCRAFT|DELAY_CARRIER
CKB,3,14,-1.43,-9.0,2,20.5,4.5,2,110.5,105.0,DELAY_NAS|DELAY_LATE_AIRCRAFT
CKB,4,13,-2.15,-10.15,1,37.0,23.0,3,103.67,117.33,DELAY_CARRIER|DELAY_LATE_AIRCRAFT|DELAY_NAS
CKB,5,11,3.73,2.18,5,33.0,33.6,3,105.67,113.67,DELAY_LATE_AIRCRAFT|DELAY_NAS|DELAY_CARRIER
CKB,6,21,-5.76,-5.81,8,43.0,45.0,2,120.5,117.0,DELAY_LATE_AIRCRAFT|DELAY_CARRIER|DELAY_NAS
CKB,7,18,-4.72,-9.06,9,31.11,36.0,6,280.67,284.0,DELAY_LATE_AIRCRAFT|DELAY_NAS|CANC_CARRIER
CKB,8,11,-0.64,1.55,6,31.83,31.17,3,549.33,560.33,DELAY_LATE_AIRCRAFT|DELAY_NAS|DELAY_CARRIER
CKB,9,6,-2.67,3.83,3,21.33,24.67,0,,,DELAY_CARRIER|DELAY_NAS|DELAY_WEATHER
CKB,10,4,1.75,-2.25,2,25.0,12.5,2,72.0,76.0,DELAY_LATE_AIRCRAFT|CANC_WEATHER|DELAY_CARRIER
CKB,11,7,5.0,-2.43,1,17.0,12.0,1,78.0,79.0,DELAY_CARRIER|DELAY_NAS
CKB,12,4,0.25,-6.0,3,20.33,16.67,3,113.33,111.33,DELAY_LATE_AIRCRAFT|CANC_NAS|DELAY_CARRIER
CLE,1,2273,-4.01,-10.09,388,31.58,27.98,273,174.95,171.82,DELAY_LATE_AIRCRAFT|DELAY_NAS|DELAY_CARRIER
CLE,2,2595,-4.82,-14.74,249,30.63,19.28,102,131.73,122.57,DELAY_LATE_AIRCRAFT|DELAY_NAS|DELAY_CARRIER
CLE,3,2757,-4.06,-11.51,376,32.49,24.52,248,143.85,139.24,DELAY_LATE_AIRCRAFT|DELAY_NAS|DELAY_CARRIER
CLE,4,2778,-4.0,-11.1,338,32.02,24.29,188,167.72,162.43,DELAY_LATE_AIRCRAFT|DELAY_NAS|DELAY_CARRIER
CLE,5,2912,-3.41,-8.32,404,32.26,28.66,287,148.99,147.53,DELAY_LATE_AIRCRAFT|DELAY_NAS|DELAY_CARRIER
CLE,6,2828,-2.82,-8.5,490,31.42,26.47,328,156.29,150.52,DELAY_LATE_AIRCRAFT|DELAY_CARRIER|DELAY_NAS
CLE,7,2742,-3.22,-8.02,515,31.77,27.61,394,162.09,158.33,DELAY_LATE_AIRCRAFT|DELAY_NAS|DELAY_CARRIER
CLE,8,2808,-3.56,-8.86,433,31.07,26.89,234,168.68,168.91,DELAY_LATE_AIRCRAFT|DELAY_NAS|DELAY_CARRIER
CLE,9,3117,-4.52,-10.54,249,31.36,27.4,100,166.27,162.28,DELAY_LATE_AIRCRAFT|DELAY_NAS|DELAY_CARRIER
CLE,10,3197,-4.86,-12.2,229,30.48,22.82,117,143.07,134.56,DELAY_LATE_AIRCRAFT|DELAY_NAS|DELAY_CARRIER
CLE,11,2801,-4.82,-12.1,245,30.79,21.96,139,139.77,133.8,DELAY_NAS|DELAY_LATE_AIRCRAFT|DELAY_CARRIER
CLE,12,2546,-2.76,-8.93,430,31.07,25.05,221,124.78,122.18,DELAY_NAS|DELAY_LATE_AIRCRAFT|DELAY_CARRIER
CLL,1,71,-5.66,-8.45,7,27.71,32.57,10,178.8,183.1,DELAY_WEATHER|CANC_WEATHER|DELAY_CARRIER
CLL,2,82,-6.66,-8.21,3,21.0,30.33,2,174.0,163.0,DELAY_NAS|DELAY_CARRIER
CLL,3,85,-6.88,-15.26,3,41.0,34.33,3,147.67,161.67,DELAY_LATE_AIRCRAFT|CANC_WEATHER|DELAY_CARRIER
CLL,4,71,-5.2,-10.76,3,24.67,26.0,11,179.73,189.82,DELAY_LATE_AIRCRAFT|DELAY_NAS|DELAY_WEATHER
CLL,5,65,-5.25,-6.88,7,31.43,31.14,14,262.43,264.07,DELAY_LATE_AIRCRAFT|DELAY_CARRIER|CANC_WEATHER
CLL,6,70,-5.49,-10.77,11,33.27,32.82,7,146.14,148.0,DELAY_LATE_AIRCRAFT|DELAY_NAS|CANC_WEATHER
CLL,7,59,-4.27,-7.68,19,29.21,22.68,11,119.36,116.45,DELAY_LATE_AIRCRAFT|DELAY_NAS|CANC_WEATHER
CLL,8,76,-7.08,-8.97,11,31.64,26.45,6,222.83,218.5,DELAY_LATE_AIRCRAFT|DELAY_NAS|DELAY_CARRIER
CLL,9,76,-6.09,-9.68,10,26.3,20.6,6,135.33,127.5,DELAY_LATE_AIRCRAFT|DELAY_NAS|DELAY_WEATHER
CLL,10,103,-7.04,-12.3,5,36.4,35.6,9,187.89,183.0,DELAY_CARRIER|DELAY_NAS|DELAY_LATE_AIRCRAFT
CLL,11,71,-6.96,-11.85,10,31.1,21.7,7,156.71,148.29,DELAY_LATE_AIRCRAFT|DELAY_CARRIER|DELAY_WEATHER
CLL,12,66,-7.48,-10.95,9,35.78,28.89,13,137.85,134.69,DELAY_CARRIER|DELAY_LATE_AIRCRAFT|DELAY_WEATHER
CLT,1,11767,-1.94,-6.79,2623,32.29,27.94,1647,136.16,132.78,DELAY_LATE_AIRCRAFT|DELAY_CARRIER|DELAY_NAS
CLT,2,13125,-2.45,-7.43,1883,30.87,25.97,708,125.76,120.13,DELAY_LATE_AIRCRAFT|DELAY_CARRIER|DELAY_NAS
CLT,3,13126,-1.61,-6.4,2780,31.1,26.53,1398,136.55,132.14,DELAY_LATE_AIRCRAFT|DELAY_CARRIER|DELAY_NAS
CLT,4,13713,-1.66,-4.7,2838,31.49,28.8,1481,133.22,130.54,DELAY_LATE_AIRCRAFT|DELAY_CARRIER|DELAY_NAS
CLT,5,12084,-0.9,-1.74,3987,32.68,33.66,2800,143.17,143.49,DELAY_LATE_AIRCRAFT|DELAY_CARRIER|DELAY_NAS
CLT,6,12659,-1.17,-6.58,3429,32.53,27.94,2244,146.04,141.31,DELAY_LATE_AIRCRAFT|DELAY_CARRIER|DELAY_NAS
CLT,7,9952,-0.78,-5.07,4002,33.84,31.08,4328,154.34,151.14,DELAY_LATE_AIRCRAFT|DELAY_CARRIER|DELAY_NAS
CLT,8,12540,-1.44,-6.4,3552,32.12,28.67,2395,149.47,145.1,DELAY_LATE_AIRCRAFT|DELAY_CARRIER|DELAY_NAS
CLT,9,14230,-2.05,-7.42,2550,31.47,26.46,1480,141.35,135.55,DELAY_LATE_AIRCRAFT|DELAY_CARRIER|DELAY_NAS
CLT,10,15927,-1.85,-8.94,2672,29.87,22.79,958,146.98,138.86,DELAY_LATE_AIRCRAFT|DELAY_CARRIER|DELAY_NAS
CLT,11,15083,-2.59,-7.68,1763,30.6,26.35,642,122.42,117.55,DELAY_CARRIER|DELAY_LATE_AIRCRAFT|DELAY_NAS
CLT,12,13366,-1.5,-6.19,2899,31.7,26.79,1465,132.65,127.11,DELAY_LATE_AIRCRAFT|DELAY_CARRIER|DELAY_NAS
CMH,1,2553,-3.37,-9.37,349,31.15,26.3,171,154.78,154.37,DELAY_NAS|DELAY_LATE_AIRCRAFT|DELAY_CARRIER
CMH,2,2609,-3.71,-11.54,306,30.19,24.08,108,132.0,126.94,DELAY_NAS|DELAY_LATE_AIRCRAFT|DELAY_CARRIER
CMH,3,2843,-3.07,-10.52,397,31.89,23.78,194,151.41,149.36,DELAY_LATE_AIRCRAFT|DELAY_NAS|DELAY_CARRIER
CMH,4,2862,-3.22,-9.28,299,30.73,23.73,175,136.75,133.85,DELAY_LATE_AIRCRAFT|DELAY_NAS|DELAY_CARRIER
CMH,5,2820,-2.57,-7.93,427,32.16,28.79,282,131.59,133.9,DELAY_LATE_AIRCRAFT|DELAY_NAS|DELAY_CARRIER
CMH,6,2919,-2.59,-9.04,403,30.67,24.54,243,145.4,142.66,DELAY_LATE_AIRCRAFT|DELAY_NAS|DELAY_CARRIER
CMH,7,2851,-3.25,-8.27,483,31.41,27.72,347,157.0,154.57,DELAY_LATE_AIRCRAFT|DELAY_CARRIER|DELAY_NAS
CMH,8,2950,-3.18,-8.92,402,31.18,27.44,266,169.73,168.31,DELAY_LATE_AIRCRAFT|DELAY_NAS|DELAY_CARRIER
CMH,9,3140,-4.16,-9.3,265,30.42,25.59,134,186.86,183.61,DELAY_NAS|DELAY_LATE_AIRCRAFT|DELAY_CARRIER
CMH,10,3435,-4.28,-11.6,268,29.53,20.66,98,180.83,173.17,DELAY_LATE_AIRCRAFT|DELAY_NAS|DELAY_CARRIER
CMH,11,3193,-3.93,-11.41,271,29.89,22.61,133,125.85,124.62,DELAY_NAS|DELAY_LATE_AIRCRAFT|DELAY_CARRIER
CMH,12,2855,-2.05,-10.2,474,31.13,24.31,181,153.71,147.83,DELAY_LATE_AIRCRAFT|DELAY_CARRIER|DELAY_NAS
CMI,1,78,-4.01,-11.58,17,30.29,28.88,12,179.08,173.58,CANC_WEATHER|DELAY_LATE_AIRCRAFT|DELAY_NAS
CMI,2,103,-4.48,-13.08,11,35.55,34.0,2,141.0,139.5,DELAY_LATE_AIRCRAFT|DELAY_NAS|DELAY_CARRIER
CMI,3,102,-3.81,-12.31,12,30.0,34.25,10,264.8,250.0,DELAY_LATE_AIRCRAFT|DELAY_NAS|DELAY_CARRIER
CMI,4,99,-3.49,-9.94,12,29.58,18.58,8,314.38,316.25,DELAY_CARRIER|DELAY_LATE_AIRCRAFT|DELAY_NAS
CMI,5,81,-3.7,-5.78,19,32.89,28.58,21,171.38,176.24,DELAY_LATE_AIRCRAFT|DELAY_CARRIER|DELAY_NAS
CMI,6,87,-4.01,-14.59,15,31.67,28.6,14,200.07,191.21,DELAY_LATE_AIRCRAFT|DELAY_CARRIER|DELAY_NAS
CMI,7,94,-4.8,-11.74,21,34.81,33.24,5,128.4,124.2,DELAY_LATE_AIRCRAFT|DELAY_CARRIER|DELAY_NAS
CMI,8,104,-4.13,-13.85,13,28.85,17.69,9,123.22,114.89,DELAY_LATE_AIRCRAFT|DELAY_CARRIER|DELAY_NAS
CMI,9,96,-3.99,-9.43,8,32.0,17.38,13,229.15,223.62,DELAY_LATE_AIRCRAFT|DELAY_NAS|DELAY_CARRIER
CMI,10,112,-5.15,-15.99,5,33.2,31.8,1,244.0,254.0,DELAY_CARRIER|DELAY_NAS|DELAY_LATE_AIRCRAFT
CMI,11,79,-5.24,-16.78,6,34.67,28.33,4,194.25,205.5,DELAY_LATE_AIRCRAFT|DELAY_CARRIER|DELAY_NAS
CMI,12,71,-3.59,-9.87,9,41.44,33.0,7,143.29,133.57,DELAY_CARRIER|DELAY_LATE_AIRCRAFT|DELAY_NAS
CMX,1,37,-6.41,-11.84,2,24.5,33.0,9,112.78,97.22,CANC_WEATHER|DELAY_CARRIER|DELAY_LATE_AIRCRAFT
CMX,2,49,-9.02,-13.88,3,42.0,29.67,3,82.0,79.33,DELAY_CARRIER|CANC_WEATHER|DELAY_NAS
CMX,3,51,-8.25,-13.35,5,38.4,28.6,4,254.75,247.0,DELAY_CARRIER|DELAY_NAS|DELAY_LATE_AIRCRAFT
CMX,4,40,-9.0,-11.6,5,40.8,29.6,12,111.08,104.08,DELAY_LATE_AIRCRAFT|DELAY_CARRIER|DELAY_WEATHER
CMX,5,37,-6.59,-8.78,10,30.5,26.4,11,221.64,217.91,DELAY_LATE_AIRCRAFT|DELAY_CARRIER|CANC_WEATHER
CMX,6,48,-7.69,-10.15,5,44.8,33.4,6,121.5,121.5,DELAY_LATE_AIRCRAFT|DELAY_CARRIER|CANC_NAS
CMX,7,54,-8.13,-6.09,2,56.0,45.5,6,177.67,178.17,DELAY_CARRIER|DELAY_LATE_AIRCRAFT|DELAY_WEATHER
CMX,8,38,-7.16,-6.16,13,38.46,35.62,11,98.91,98.09,DELAY_CARRIER|DELAY_LATE_AIRCRAFT|DELAY_NAS
CMX,9,44,-7.3,-3.95,12,30.83,30.08,4,188.0,176.5,DELAY_CARRIER|DELAY_LATE_AIRCRAFT
CMX,10,53,-6.11,-1.45,7,35.29,28.71,2,156.0,141.0,DELAY_CARRIER|DELAY_LATE_AIRCRAFT|DELAY_NAS
CMX,11,45,-8.82,-10.44,6,34.0,37.0,7,353.43,348.14,DELAY_CARRIER|DELAY_WEATHER|CANC_WEATHER
CMX,12,39,-5.82,1.79,9,35.22,38.22,10,217.5,209.5,DELAY_CARRIER|DELAY_NAS|DELAY_WEATHER
CNY,1,26,-10.42,-14.62,1,47.0,35.0,2,161.5,145.5,CANC_WEATHER|DELAY_LATE_AIRCRAFT|DELAY_CARRIER
COD,5,20,-2.5,-6.05,5,30.4,23.2,3,98.0,93.67,DELAY_LATE_AIRCRAFT|DELAY_NAS|DELAY_WEATHER
COD,6,69,-4.65,-8.0,14,32.64,36.14,11,156.73,147.82,DELAY_CARRIER|DELAY_LATE_AIRCRAFT|DELAY_NAS
COD,7,93,-5.25,-14.54,16,31.94,23.31,12,188.42,182.83,DELAY_LATE_AIRCRAFT|DELAY_CARRIER|DELAY_WEATHER
COD,8,78,-5.42,-10.44,17,28.94,22.94,18,162.56,158.22,DELAY_CARRIER|DELAY_NAS|DELAY_LATE_AIRCRAFT
COD,9,62,-4.35,-15.56,16,31.62,23.0,10,171.9,160.1,DELAY_CARRIER|DELAY_LATE_AIRCRAFT|DELAY_NAS
COD,10,54,-4.37,-15.8,7,32.43,30.0,1,83.0,91.0,DELAY_CARRIER|DELAY_WEATHER|DELAY_NAS
COD,11,44,-5.34,-12.23,4,41.5,29.25,8,167.62,168.12,DELAY_CARRIER|DELAY_LATE_AIRCRAFT|CANC_WEATHER
COD,12,57,-6.42,-18.28,4,25.5,11.5,1,96.0,78.0,DELAY_CARRIER|DELAY_NAS|DELAY_LATE_AIRCRAFT
COS,1,771,-3.42,-6.6,106,31.06,24.68,63,174.92,170.98,DELAY_LATE_AIRCRAFT|DELAY_NAS|DELAY_CARRIER
COS,2,718,-3.56,-8.86,76,35.88,35.72,47,188.0,191.04,DELAY_NAS|DELAY_LATE_AIRCRAFT|DELAY_CARRIER
COS,3,805,-3.35,-8.43,96,30.57,30.77,45,125.29,120.82,DELAY_LATE_AIRCRAFT|DELAY_NAS|DELAY_CARRIER
COS,4,817,-3.74,-9.24,96,32.03,29.56,51,132.73,131.88,DELAY_LATE_AIRCRAFT|DELAY_CARRIER|DELAY_NAS
COS,5,805,-2.83,-9.38,138,32.23,28.78,103,155.52,154.25,DELAY_LATE_AIRCRAFT|DELAY_NAS|DELAY_CARRIER
COS,6,931,-3.34,-7.84,145,30.89,26.76,76,146.88,146.5,DELAY_LATE_AIRCRAFT|DELAY_CARRIER|DELAY_NAS
COS,7,933,-2.98,-8.34,179,30.44,26.5,91,158.02,156.58,DELAY_LATE_AIRCRAFT|DELAY_CARRIER|DELAY_NAS
COS,8,894,-3.96,-9.77,122,32.31,26.96,106,150.78,142.14,DELAY_LATE_AIRCRAFT|DELAY_CARRIER|DELAY_NAS
COS,9,915,-4.32,-10.65,112,32.13,23.18,50,186.68,181.32,DELAY_CARRIER|DELAY_LATE_AIRCRAFT|DELAY_NAS
COS,10,998,-4.13,-10.87,87,31.32,23.13,56,142.59,133.98,DELAY_CARRIER|DELAY_LATE_AIRCRAFT|DELAY_NAS
COS,11,881,-3.82,-8.27,78,33.55,32.22,53,131.02,131.13,DELAY_CARRIER|DELAY_NAS|DELAY_LATE_AIRCRAFT
COS,12,874,-4.36,-13.09,118,30.21,22.36,51,157.76,156.76,DELAY_LATE_AIRCRAFT|DELAY_CARRIER|DELAY_NAS
COU,1,82,-3.34,-9.05,12,29.5,31.92,17,151.18,149.94,CANC_WEATHER|DELAY_NAS|DELAY_LATE_AIRCRAFT
COU,2,113,-4.43,-10.61,12,22.42,13.5,4,106.25,102.5,DELAY_NAS|DELAY_LATE_AIRCRAFT|DELAY_CARRIER
COU,3,122,-4.37,-8.39,15,31.07,26.53,9,98.22,106.56,DELAY_CARRIER|DELAY_LATE_AIRCRAFT|DELAY_NAS
COU,4,103,-4.15,-4.31,11,38.36,38.36,6,102.17,115.5,DELAY_WEATHER|DELAY_LATE_AIRCRAFT|DELAY_NAS
COU,5,102,-2.8,0.7,21,30.0,42.81,19,138.84,144.53,DELAY_LATE_AIRCRAFT|DELAY_NAS|DELAY_WEATHER
COU,6,106,-3.7,-9.75,31,29.77,23.39,27,102.41,97.7,DELAY_LATE_AIRCRAFT|DELAY_CARRIER|DELAY_WEATHER
COU,7,128,-3.22,-2.88,30,33.47,29.97,23,120.17,121.04,DELAY_LATE_AIRCRAFT|DELAY_NAS|DELAY_CARRIER
COU,8,149,-5.52,-8.4,23,28.39,21.61,6,250.5,246.0,DELAY_LATE_AIRCRAFT|DELAY_NAS|DELAY_CARRIER
COU,9,109,-3.94,-7.63,17,31.88,22.88,6,156.83,152.67,DELAY_LATE_AIRCRAFT|DELAY_NAS|DELAY_CARRIER
COU,10,145,-4.68,-12.11,16,29.25,20.69,7,397.57,386.14,DELAY_CARRIER|DELAY_NAS|DELAY_LATE_AIRCRAFT
COU,11,101,-2.46,-6.49,23,29.04,36.0,8,218.88,213.38,DELAY_NAS|DELAY_LATE_AIRCRAFT|DELAY_CARRIER
COU,12,90,-1.12,-5.23,26,30.92,34.04,21,229.71,229.0,DELAY_CARRIER|DELAY_LATE_AIRCRAFT|DELAY_NAS
CPR,1,60,-5.05,-10.63,2,23.0,7.0,2,146.5,131.5,DELAY_CARRIER|DELAY_LATE_AIRCRAFT|DELAY_NAS
CPR,2,29,-4.0,-19.59,0,,,0,,,N/D
CPR,3,28,-3.18,-13.96,3,27.0,17.67,0,,,DELAY_CARRIER
CPR,4,30,-2.83,-16.2,0,,,0,,,N/D
CPR,5,90,-5.36,-16.57,6,26.0,11.17,6,224.0,206.5,DELAY_CARRIER|DELAY_WEATHER|DELAY_NAS
CPR,6,154,-3.97,-12.11,38,28.95,18.45,17,159.06,152.47,DELAY_CARRIER|DELAY_LATE_AIRCRAFT|DELAY_NAS
CPR,7,214,-5.71,-15.1,17,36.47,22.65,13,157.31,145.23,DELAY_CARRIER|DELAY_LATE_AIRCRAFT|DELAY_NAS
CPR,8,186,-4.17,-12.47,25,29.72,17.0,21,142.81,137.33,DELAY_CARRIER|DELAY_LATE_AIRCRAFT|DELAY_NAS
CPR,9,189,-6.17,-15.38,11,28.64,21.09,10,128.7,112.5,DELAY_CARRIER|DELAY_LATE_AIRCRAFT|DELAY_NAS
CPR,10,189,-5.86,-14.86,19,35.95,30.37,7,250.43,253.43,DELAY_CARRIER|DELAY_NAS|DELAY_LATE_AIRCRAFT
CPR,11,176,-5.71,-12.49,13,37.08,35.77,13,134.38,132.85,DELAY_CARRIER|DELAY_LATE_AIRCRAFT|CANC_WEATHER
CPR,12,172,-6.1,-14.45,11,31.0,13.18,5,182.0,180.0,DELAY_CARRIER|DELAY_NAS|DELAY_LATE_AIRCRAFT
CRP,1,250,-5.24,-8.55,27,29.0,32.41,33,141.3,151.06,DELAY_LATE_AIRCRAFT|DELAY_NAS|DELAY_WEATHER
CRP,2,286,-6.4,-8.03,23,31.57,28.3,4,128.75,119.25,DELAY_CARRIER|DELAY_LATE_AIRCRAFT|DELAY_NAS
CRP,3,284,-5.7,-9.98,32,33.0,27.78,14,156.43,160.93,DELAY_LATE_AIRCRAFT|DELAY_CARRIER|DELAY_NAS
CRP,4,268,-4.51,-8.85,22,33.18,33.05,22,141.14,148.05,DELAY_LATE_AIRCRAFT|DELAY_NAS|CANC_NAS
CRP,5,217,-3.14,-3.23,48,33.73,33.15,47,152.6,159.55,DELAY_LATE_AIRCRAFT|DELAY_NAS|DELAY_CARRIER
CRP,6,231,-3.85,-5.91,50,32.88,29.54,27,154.37,158.11,DELAY_LATE_AIRCRAFT|DELAY_NAS|DELAY_CARRIER
CRP,7,278,-3.49,-4.83,46,31.35,30.17,31,125.65,134.42,DELAY_LATE_AIRCRAFT|DELAY_NAS|DELAY_CARRIER
CRP,8,293,-4.79,-6.07,15,34.07,30.33,10,157.9,156.2,DELAY_LATE_AIRCRAFT|DELAY_NAS|DELAY_CARRIER
CRP,9,278,-5.17,-7.05,19,28.05,24.05,7,210.71,210.43,DELAY_NAS|DELAY_LATE_AIRCRAFT|DELAY_CARRIER
CRP,10,296,-4.98,-9.35,21,30.19,23.62,7,96.29,89.71,DELAY_LATE_AIRCRAFT|DELAY_NAS|DELAY_CARRIER
CRP,11,289,-4.81,-9.4,26,32.92,28.42,11,170.0,170.82,DELAY_CARRIER|DELAY_LATE_AIRCRAFT|CANC_WEATHER
CRP,12,234,-3.39,-7.84,28,33.32,29.04,27,185.44,191.74,DELAY_LATE_AIRCRAFT|DELAY_CARRIER|DELAY_NAS
CRW,1,164,-4.19,-5.83,34,30.38,28.88,46,218.91,223.28,DELAY_CARRIER|DELAY_NAS|DELAY_LATE_AIRCRAFT
CRW,2,210,-5.24,-10.71,20,23.6,18.05,22,223.82,212.27,DELAY_CARRIER|DELAY_LATE_AIRCRAFT|DELAY_NAS
CRW,3,234,-5.41,-13.0,23,28.17,23.35,16,188.06,180.0,DELAY_LATE_AIRCRAFT|DELAY_NAS|DELAY_CARRIER
CRW,4,213,-4.49,-7.99,35,32.43,25.09,17,159.53,151.88,DELAY_CARRIER|DELAY_LATE_AIRCRAFT|DELAY_NAS
CRW,5,223,-4.5,-10.37,43,35.26,32.07,31,209.16,211.13,DELAY_CARRIER|DELAY_LATE_AIRCRAFT|DELAY_NAS
CRW,6,233,-4.73,-11.38,21,32.9,27.05,35,207.51,199.26,DELAY_CARRIER|DELAY_LATE_AIRCRAFT|DELAY_WEATHER
CRW,7,186,-4.51,-9.74,41,34.27,34.78,56,185.39,180.96,DELAY_CARRIER|DELAY_LATE_AIRCRAFT|DELAY_NAS
CRW,8,205,-4.64,-7.21,45,31.33,26.8,33,134.67,132.06,DELAY_CARRIER|DELAY_LATE_AIRCRAFT|DELAY_NAS
CRW,9,238,-6.65,-13.45,25,32.16,28.4,38,182.76,181.05,DELAY_CARRIER|DELAY_LATE_AIRCRAFT|DELAY_WEATHER
CRW,10,284,-6.44,-9.08,26,30.5,23.31,18,145.89,133.0,DELAY_NAS|DELAY_CARRIER|DELAY_LATE_AIRCRAFT
CRW,11,247,-5.87,-11.4,40,31.35,23.52,14,187.0,180.79,DELAY_CARRIER|DELAY_LATE_AIRCRAFT|DELAY_NAS
CRW,12,201,-4.43,-12.88,31,28.97,21.58,37,131.46,124.3,DELAY_CARRIER|DELAY_LATE_AIRCRAFT|DELAY_NAS
CSG,1,59,-2.36,-3.27,7,37.43,36.43,14,211.5,211.29,DELAY_CARRIER|DELAY_NAS|DELAY_WEATHER
CSG,2,67,-3.24,-6.45,4,31.75,26.25,7,184.57,177.0,DELAY_CARRIER|DELAY_WEATHER|DELAY_NAS
CSG,3,79,-3.56,-9.35,6,25.33,21.0,3,103.33,99.33,DELAY_CARRIER|DELAY_NAS|DELAY_LATE_AIRCRAFT
CSG,4,76,-3.96,-12.49,4,34.75,30.75,6,157.17,156.33,DELAY_CARRIER
CSG,5,65,-3.09,-11.28,10,38.4,31.4,12,136.92,135.83,DELAY_CARRIER|DELAY_WEATHER|DELAY_LATE_AIRCRAFT
CSG,6,69,-4.07,-8.33,9,30.56,24.89,6,113.83,111.33,DELAY_CARRIER|DELAY_LATE_AIRCRAFT|DELAY_NAS
CSG,7,59,-3.75,-7.15,7,32.43,32.0,13,138.77,135.69,DELAY_LATE_AIRCRAFT|CANC_CARRIER|DELAY_NAS
CSG,8,67,-5.63,-12.0,8,35.0,29.62,5,130.8,133.6,DELAY_LATE_AIRCRAFT|CANC_CARRIER|DELAY_CARRIER
CSG,9,69,-4.61,-11.72,4,25.0,23.0,4,135.25,126.75,DELAY_LATE_AIRCRAFT|CANC_WEATHER|DELAY_CARRIER
CSG,10,77,-4.84,-12.55,4,26.25,14.5,3,141.0,131.0,DELAY_CARRIER|DELAY_LATE_AIRCRAFT
CSG,11,71,-5.46,-10.07,5,42.0,41.4,4,489.0,498.75,DELAY_LATE_AIRCRAFT|CANC_WEATHER|DELAY_CARRIER
CSG,12,68,-3.76,-11.44,4,32.0,26.75,4,106.0,109.0,DELAY_LATE_AIRCRAFT|CANC_CARRIER|CANC_NAS
CVG,1,2502,-3.98,-9.69,304,32.34,27.69,223,160.04,165.29,DELAY_NAS|DELAY_LATE_AIRCRAFT|DELAY_CARRIER
CVG,2,2656,-4.47,-12.52,225,28.9,21.65,104,132.47,128.47,DELAY_NAS|DELAY_LATE_AIRCRAFT|DELAY_CARRIER
CVG,3,3006,-4.12,-10.92,325,32.07,27.18,196,145.05,142.53,DELAY_LATE_AIRCRAFT|DELAY_NAS|DELAY_CARRIER
CVG,4,3012,-3.86,-10.31,352,32.09,25.66,196,159.9,157.03,DELAY_LATE_AIRCRAFT|DELAY_NAS|DELAY_CARRIER
CVG,5,2889,-3.03,-7.81,462,31.47,27.81,298,152.84,152.48,DELAY_LATE_AIRCRAFT|DELAY_NAS|DELAY_CARRIER
CVG,6,2844,-3.04,-7.81,439,32.75,28.59,284,165.73,163.79,DELAY_LATE_AIRCRAFT|DELAY_NAS|DELAY_CARRIER
CVG,7,2658,-3.28,-7.07,502,32.69,30.56,436,170.1,168.34,DELAY_LATE_AIRCRAFT|DELAY_CARRIER|DELAY_NAS
CVG,8,2761,-4.04,-8.6,405,32.58,31.74,306,143.12,142.88,DELAY_LATE_AIRCRAFT|DELAY_CARRIER|DELAY_NAS
CVG,9,2874,-4.11,-8.3,280,32.43,28.41,151,151.97,150.74,DELAY_NAS|DELAY_LATE_AIRCRAFT|DELAY_CARRIER
CVG,10,3177,-4.36,-10.33,232,30.18,25.2,125,143.53,138.36,DELAY_CARRIER|DELAY_LATE_AIRCRAFT|DELAY_NAS
CVG,11,2827,-4.65,-10.68,231,30.65,26.87,146,140.38,140.35,DELAY_NAS|DELAY_CARRIER|DELAY_LATE_AIRCRAFT
CVG,12,2542,-2.72,-8.64,412,31.3,25.51,213,174.08,169.45,DELAY_NAS|DELAY_LATE_AIRCRAFT|DELAY_CARRIER
CWA,1,54,-5.52,-15.63,0,,,6,175.67,160.83,DELAY_LATE_AIRCRAFT|CANC_WEATHER|DELAY_CARRIER
CWA,2,54,-6.85,-21.02,3,44.0,41.33,1,157.0,181.0,DELAY_CARRIER|DELAY_LATE_AIRCRAFT|DELAY_WEATHER
CWA,3,58,-5.53,-17.6,0,,,3,211.33,203.0,DELAY_CARRIER|CANC_WEATHER|DELAY_LATE_AIRCRAFT
CWA,4,58,-7.02,-17.12,2,36.0,17.5,0,,,DELAY_CARRIER|DELAY_NAS
CWA,5,59,-5.44,-11.17,2,37.0,41.0,1,91.0,109.0,DELAY_NAS|DELAY_WEATHER|DELAY_LATE_AIRCRAFT
CWA,6,48,-4.85,2.35,5,26.0,35.0,7,118.14,123.29,DELAY_LATE_AIRCRAFT|DELAY_NAS|DELAY_WEATHER
CWA,7,55,-4.27,-0.98,3,40.33,39.0,3,127.0,116.67,DELAY_CARRIER|DELAY_NAS|DELAY_LATE_AIRCRAFT
CWA,8,51,-5.55,-1.73,7,27.29,20.0,3,162.67,153.0,DELAY_NAS|DELAY_LATE_AIRCRAFT|DELAY_CARRIER
CWA,9,58,-5.19,-11.17,1,17.0,12.0,1,201.0,186.0,DELAY_NAS|DELAY_LATE_AIRCRAFT
CWA,10,55,-7.09,-18.67,6,28.17,17.17,1,91.0,70.0,DELAY_CARRIER|DELAY_LATE_AIRCRAFT|DELAY_NAS
CWA,11,56,-6.93,-16.32,2,33.5,19.5,1,155.0,126.0,DELAY_CARRIER|DELAY_NAS
CWA,12,47,-6.23,-18.04,7,28.29,30.29,7,166.86,150.86,DELAY_LATE_AIRCRAFT|DELAY_CARRIER|DELAY_NAS
CYS,1,46,-6.78,-28.28,5,30.2,5.0,2,170.0,149.5,CANC_WEATHER|DELAY_CARRIER|DELAY_LATE_AIRCRAFT
CYS,2,45,-6.18,-24.89,2,32.5,31.5,5,158.2,165.2,CANC_WEATHER|DELAY_LATE_AIRCRAFT|DELAY_WEATHER
CYS,3,52,-6.92,-16.6,0,,,2,292.5,287.0,CANC_WEATHER|DELAY_CARRIER|DELAY_NAS
CYS,4,48,-6.1,-8.21,4,30.25,32.5,3,341.0,359.67,DELAY_WEATHER|DELAY_LATE_AIRCRAFT|CANC_WEATHER
CYS,5,51,-6.37,-11.41,3,32.33,27.0,4,180.75,172.75,DELAY_CARRIER|DELAY_NAS|DELAY_WEATHER
CYS,6,48,-5.52,-21.33,3,25.67,23.0,3,512.0,501.0,DELAY_CARRIER|CANC_WEATHER|DELAY_LATE_AIRCRAFT
CYS,7,52,-6.58,-19.38,1,27.0,9.0,5,168.2,155.8,DELAY_CARRIER|DELAY_LATE_AIRCRAFT|DELAY_WEATHER
CYS,8,50,-6.42,-16.92,1,30.0,15.0,5,187.0,186.6,DELAY_LATE_AIRCRAFT|CANC_WEATHER|DELAY_CARRIER
CYS,9,49,-6.9,-14.27,2,27.0,31.5,5,166.2,159.4,DELAY_LATE_AIRCRAFT|DELAY_CARRIER
CYS,10,53,-7.36,-15.92,1,37.0,48.0,4,135.25,128.25,DELAY_CARRIER|DELAY_LATE_AIRCRAFT|DELAY_WEATHER
CYS,11,49,-6.18,-11.18,3,38.33,36.67,1,140.0,130.0,DELAY_CARRIER|CANC_WEATHER|DELAY_LATE_AIRCRAFT
CYS,12,56,-7.34,-13.64,1,26.0,7.0,1,284.0,281.0,DELAY_LATE_AIRCRAFT|DELAY_NAS
DAB,1,170,-3.38,-11.92,13,32.15,23.69,15,213.6,204.4,DELAY_LATE_AIRCRAFT|DELAY_CARRIER|DELAY_NAS
DAB,2,199,-5.03,-11.36,21,31.05,21.9,9,167.0,157.56,DELAY_CARRIER|DELAY_LATE_AIRCRAFT|DELAY_NAS
DAB,3,218,-4.25,-7.98,25,36.48,27.08,14,131.5,134.71,DELAY_LATE_AIRCRAFT|DELAY_CARRIER|DELAY_NAS
DAB,4,218,-5.33,-9.79,13,31.0,26.15,13,296.23,287.23,DELAY_LATE_AIRCRAFT|DELAY_CARRIER|DELAY_NAS
DAB,5,201,-3.8,-7.69,38,29.63,28.71,31,126.39,124.97,DELAY_LATE_AIRCRAFT|DELAY_CARRIER|DELAY_NAS
DAB,6,215,-5.1,-13.2,18,34.22,29.0,12,135.33,126.75,DELAY_LATE_AIRCRAFT|DELAY_CARRIER|DELAY_WEATHER
DAB,7,169,-5.53,-9.65,33,36.06,36.82,29,193.97,198.28,DELAY_LATE_AIRCRAFT|DELAY_NAS|CANC_CARRIER
DAB,8,198,-5.36,-12.53,17,37.88,29.47,17,147.18,144.88,DELAY_LATE_AIRCRAFT|CANC_WEATHER|DELAY_WEATHER
DAB,9,189,-6.27,-13.47,21,31.9,25.76,14,145.07,133.5,DELAY_LATE_AIRCRAFT|DELAY_CARRIER|DELAY_WEATHER
DAB,10,208,-7.85,-14.33,6,31.0,18.83,6,128.0,111.83,CANC_WEATHER|DELAY_LATE_AIRCRAFT|DELAY_NAS
DAB,11,204,-7.06,-13.99,11,30.09,22.18,4,134.0,131.5,DELAY_LATE_AIRCRAFT|DELAY_NAS|DELAY_CARRIER
DAB,12,205,-5.58,-12.48,26,33.96,26.88,15,161.27,154.47,DELAY_LATE_AIRCRAFT|DELAY_CARRIER|DELAY_NAS
DAL,1,4245,0.09,-7.39,1231,30.71,24.41,336,113.16,110.42,DELAY_LATE_AIRCRAFT|DELAY_CARRIER|DELAY_NAS
DAL,2,4584,-0.64,-6.89,775,28.87,22.57,150,103.15,96.84,DELAY_LATE_AIRCRAFT|DELAY_CARRIER|DELAY_NAS
DAL,3,4585,-0.16,-7.63,1219,30.2,24.96,413,110.72,106.4,DELAY_LATE_AIRCRAFT|DELAY_CARRIER|DELAY_NAS
DAL,4,4417,0.18,-7.07,1102,30.3,25.01,495,136.74,133.63,DELAY_LATE_AIRCRAFT|DELAY_CARRIER|DELAY_NAS
DAL,5,3708,1.22,-3.63,1466,31.73,28.46,809,137.2,135.59,DELAY_LATE_AIRCRAFT|DELAY_CARRIER|DELAY_NAS
DAL,6,4254,0.86,-4.11,1422,30.57,25.37,565,119.33,115.36,DELAY_LATE_AIRCRAFT|DELAY_CARRIER|DELAY_NAS
DAL,7,4224,0.73,-5.42,1571,30.31,24.92,574,111.86,107.93,DELAY_LATE_AIRCRAFT|DELAY_CARRIER|DELAY_NAS
DAL,8,4589,-0.78,-7.08,963,30.73,24.68,291,109.11,105.22,DELAY_LATE_AIRCRAFT|DELAY_CARRIER|DELAY_NAS
DAL,9,4605,-0.86,-5.44,795,29.66,24.58,179,96.06,89.79,DELAY_LATE_AIRCRAFT|DELAY_CARRIER|DELAY_NAS
DAL,10,5102,-0.77,-6.13,835,27.94,23.12,158,99.42,93.21,DELAY_LATE_AIRCRAFT|DELAY_CARRIER|DELAY_NAS
DAL,11,4784,-0.89,-7.26,903,29.28,24.87,221,134.86,130.73,DELAY_LATE_AIRCRAFT|DELAY_CARRIER|DELAY_NAS
DAL,12,4409,0.06,-6.65,1118,30.52,25.38,643,150.68,148.13,DELAY_LATE_AIRCRAFT|DELAY_CARRIER|DELAY_NAS
DAY,1,464,-5.91,-9.63,38,35.95,35.37,61,143.18,142.21,DELAY_LATE_AIRCRAFT|DELAY_NAS|DELAY_CARRIER
DAY,2,484,-6.2,-12.81,35,28.71,27.4,32,158.91,155.12,DELAY_CARRIER|DELAY_LATE_AIRCRAFT|DELAY_NAS
DAY,3,593,-6.68,-13.47,27,29.89,30.33,33,148.24,146.76,DELAY_LATE_AIRCRAFT|DELAY_NAS|DELAY_CARRIER
DAY,4,599,-6.28,-9.86,40,34.12,30.77,43,162.65,158.21,DELAY_LATE_AIRCRAFT|DELAY_NAS|DELAY_CARRIER
DAY,5,568,-5.47,-10.13,54,33.89,36.48,73,160.82,160.07,DELAY_LATE_AIRCRAFT|DELAY_NAS|DELAY_CARRIER
DAY,6,511,-5.98,-13.9,66,31.3,26.08,40,204.18,199.28,DELAY_LATE_AIRCRAFT|DELAY_CARRIER|DELAY_NAS
DAY,7,485,-5.79,-11.55,59,32.59,30.46,70,165.86,163.33,DELAY_LATE_AIRCRAFT|DELAY_NAS|DELAY_CARRIER
DAY,8,524,-6.25,-12.8,50,32.9,27.28,54,154.74,149.56,DELAY_LATE_AIRCRAFT|DELAY_CARRIER|DELAY_NAS
DAY,9,584,-7.41,-12.69,47,30.0,27.19,32,164.81,160.47,DELAY_LATE_AIRCRAFT|DELAY_CARRIER|DELAY_NAS
DAY,10,626,-7.24,-15.73,25,33.44,23.4,24,179.29,169.17,DELAY_CARRIER|DELAY_LATE_AIRCRAFT|DELAY_NAS
DAY,11,555,-6.29,-12.83,33,28.48,21.55,22,172.95,164.59,DELAY_LATE_AIRCRAFT|DELAY_CARRIER|DELAY_NAS
DAY,12,459,-4.67,-11.8,66,33.27,24.48,53,150.83,143.57,DELAY_LATE_AIRCRAFT|DELAY_CARRIER|DELAY_NAS
DCA,1,8384,-4.01,-11.53,1327,32.15,28.07,1100,146.21,153.24,DELAY_LATE_AIRCRAFT|DELAY_NAS|DELAY_CARRIER
DCA,2,9739,-4.51,-14.93,1028,30.71,20.04,471,143.59,133.96,DELAY_LATE_AIRCRAFT|DELAY_CARRIER|DELAY_NAS
DCA,3,9790,-3.72,-12.62,1376,30.58,22.47,732,151.59,143.61,DELAY_LATE_AIRCRAFT|DELAY_NAS|DELAY_CARRIER
DCA,4,9321,-3.94,-10.0,1307,31.81,26.32,815,147.38,143.71,DELAY_LATE_AIRCRAFT|DELAY_NAS|DELAY_CARRIER
DCA,5,8947,-3.21,-6.56,1747,32.08,30.69,1130,148.01,148.48,DELAY_LATE_AIRCRAFT|DELAY_NAS|DELAY_CARRIER
DCA,6,8816,-3.03,-9.74,1451,31.06,25.64,965,153.32,147.84,DELAY_LATE_AIRCRAFT|DELAY_NAS|DELAY_CARRIER
DCA,7,8228,-2.77,-7.08,1759,32.3,29.49,1524,155.19,154.03,DELAY_LATE_AIRCRAFT|DELAY_NAS|DELAY_CARRIER
DCA,8,8592,-3.47,-8.01,1590,33.03,30.29,1210,157.83,154.72,DELAY_LATE_AIRCRAFT|DELAY_NAS|DELAY_CARRIER
DCA,9,9888,-4.55,-10.33,1029,30.62,26.0,522,148.25,143.27,DELAY_LATE_AIRCRAFT|DELAY_NAS|DELAY_CARRIER
DCA,10,10446,-4.37,-12.97,1026,31.02,20.63,466,137.05,128.88,DELAY_LATE_AIRCRAFT|DELAY_CARRIER|DELAY_NAS
DCA,11,9978,-4.5,-12.94,1043,31.37,22.76,498,142.35,133.8,DELAY_LATE_AIRCRAFT|DELAY_CARRIER|DELAY_NAS
DCA,12,8500,-2.78,-10.66,1684,32.19,25.48,1038,136.22,130.9,DELAY_LATE_AIRCRAFT|DELAY_CARRIER|DELAY_NAS
DDC,1,38,-6.61,-7.0,1,27.0,39.0,4,331.25,333.25,CANC_WEATHER|DELAY_NAS|DELAY_LATE_AIRCRAFT
DDC,2,45,-8.6,-9.91,1,31.0,24.0,3,244.0,243.33,DELAY_CARRIER|DELAY_LATE_AIRCRAFT|CANC_WEATHER
DDC,3,45,-4.84,-6.44,3,22.33,18.33,2,165.0,153.0,DELAY_NAS|DELAY_LATE_AIRCRAFT|CANC_WEATHER
DDC,4,49,-6.29,-10.65,0,,,2,457.5,456.0,DELAY_CARRIER|DELAY_NAS
DDC,5,43,-6.37,-5.95,4,31.75,24.25,7,379.86,379.43,DELAY_LATE_AIRCRAFT|DELAY_NAS|DELAY_CARRIER
DDC,6,39,-5.49,-5.46,9,39.78,52.67,2,616.0,605.5,DELAY_LATE_AIRCRAFT|DELAY_NAS|DELAY_CARRIER
DDC,7,43,-6.72,-7.58,3,22.0,23.33,3,96.0,83.0,DELAY_CARRIER|DELAY_LATE_AIRCRAFT|CANC_NAS
DDC,8,36,-6.36,-10.14,9,35.22,40.22,7,159.43,163.71,DELAY_LATE_AIRCRAFT|DELAY_CARRIER|DELAY_NAS
DDC,9,44,-9.14,-12.61,4,41.0,36.25,3,602.0,594.33,DELAY_CARRIER|DELAY_LATE_AIRCRAFT|CANC_WEATHER
DDC,10,41,-8.44,-13.07,4,31.0,19.75,8,314.75,309.5,DELAY_CARRIER|DELAY_LATE_AIRCRAFT|DELAY_NAS
DDC,11,42,-8.5,-10.5,3,31.67,30.0,5,366.2,359.2,DELAY_CARRIER|DELAY_LATE_AIRCRAFT|CANC_WEATHER
DDC,12,42,-8.9,-9.24,3,24.0,31.33,7,149.57,134.43,DELAY_LATE_AIRCRAFT|DELAY_CARRIER|DELAY_NAS
DEC,1,55,-9.35,-22.71,6,34.33,25.5,9,405.56,405.33,CANC_WEATHER|DELAY_LATE_AIRCRAFT|DELAY_CARRIER
DEC,2,69,-10.03,-21.51,3,27.0,8.67,7,284.57,283.43,DELAY_CARRIER|DELAY_LATE_AIRCRAFT|DELAY_WEATHER
DEC,3,72,-9.72,-18.78,4,27.0,18.75,8,331.62,327.12,DELAY_LATE_AIRCRAFT|DELAY_CARRIER|DELAY_WEATHER
DEC,4,67,-8.96,-12.91,7,40.71,37.86,7,119.29,123.14,DELAY_LATE_AIRCRAFT|DELAY_CARRIER
DEC,5,55,-8.44,-13.35,5,37.4,36.0,20,332.0,330.05,DELAY_LATE_AIRCRAFT|DELAY_CARRIER|CANC_WEATHER
DEC,6,39,-10.26,-10.21,2,39.0,37.0,10,184.0,182.0,DELAY_LATE_AIRCRAFT|DELAY_CARRIER|DELAY_WEATHER
DEC,7,40,-8.65,-9.8,5,40.0,44.8,8,233.75,232.62,DELAY_LATE_AIRCRAFT|DELAY_CARRIER|DELAY_NAS
DEC,8,38,-7.13,-5.39,6,36.67,47.67,8,196.0,205.25,DELAY_LATE_AIRCRAFT|DELAY_NAS|DELAY_CARRIER
DEC,9,43,-9.05,-9.37,4,29.75,31.5,5,212.6,213.2,DELAY_LATE_AIRCRAFT|DELAY_CARRIER
DEC,10,51,-9.14,-10.67,2,19.0,42.0,0,,,DELAY_NAS|DELAY_CARRIER|DELAY_LATE_AIRCRAFT
DEC,11,43,-7.0,-13.19,5,35.6,34.2,4,172.75,180.75,DELAY_LATE_AIRCRAFT|DELAY_CARRIER|DELAY_NAS
DEC,12,40,-7.12,-11.0,9,33.56,34.33,4,134.75,137.25,DELAY_LATE_AIRCRAFT|DELAY_CARRIER
DEN,1,16047,-1.07,-7.92,4394,31.08,25.01,1868,131.68,126.18,DELAY_CARRIER|DELAY_LATE_AIRCRAFT|DELAY_NAS
DEN,2,16522,-1.3,-6.37,3416,30.12,29.0,1560,135.6,141.09,DELAY_CARRIER|DELAY_NAS|DELAY_LATE_AIRCRAFT
DEN,3,18992,-1.31,-6.87,3922,30.91,25.42,1493,126.58,122.12,DELAY_LATE_AIRCRAFT|DELAY_CARRIER|DELAY_NAS
DEN,4,19035,-1.33,-7.03,3951,30.83,26.35,1516,127.19,123.14,DELAY_LATE_AIRCRAFT|DELAY_CARRIER|DELAY_NAS
DEN,5,18468,-1.07,-6.42,4853,31.78,26.12,2756,128.39,123.64,DELAY_LATE_AIRCRAFT|DELAY_CARRIER|DELAY_NAS
DEN,6,19153,-0.87,-4.98,5354,31.46,27.09,2776,126.08,120.86,DELAY_LATE_AIRCRAFT|DELAY_CARRIER|DELAY_NAS
DEN,7,19772,-1.07,-6.31,5146,32.12,26.56,2908,129.36,123.55,DELAY_LATE_AIRCRAFT|DELAY_CARRIER|DELAY_NAS
DEN,8,19926,-1.42,-5.47,4583,32.2,28.08,2532,131.91,127.31,DELAY_LATE_AIRCRAFT|DELAY_CARRIER|DELAY_NAS
DEN,9,21750,-2.5,-8.34,3074,30.24,23.12,1232,122.0,114.36,DELAY_LATE_AIRCRAFT|DELAY_CARRIER|DELAY_NAS
DEN,10,22963,-2.53,-8.82,2774,30.19,22.7,1041,123.54,115.65,DELAY_CARRIER|DELAY_LATE_AIRCRAFT|DELAY_NAS
DEN,11,20242,-2.07,-7.16,3215,30.85,32.04,1361,129.85,131.5,DELAY_NAS|DELAY_CARRIER|DELAY_LATE_AIRCRAFT
DEN,12,21041,-1.83,-9.85,3374,30.03,21.05,1313,132.73,125.15,DELAY_LATE_AIRCRAFT|DELAY_CARRIER|DELAY_NAS
DFW,1,16019,-1.85,-6.19,4090,32.12,29.45,2699,136.9,137.19,DELAY_LATE_AIRCRAFT|DELAY_CARRIER|DELAY_NAS
DFW,2,18743,-2.7,-7.82,2867,30.82,25.71,996,125.95,120.44,DELAY_CARRIER|DELAY_LATE_AIRCRAFT|DELAY_NAS
DFW,3,17817,-2.02,-7.07,4497,32.67,28.16,2741,142.54,139.03,DELAY_LATE_AIRCRAFT|DELAY_CARRIER|DELAY_NAS
DFW,4,17771,-2.19,-6.18,3998,32.41,29.47,2533,141.68,139.65,DELAY_LATE_AIRCRAFT|DELAY_CARRIER|DELAY_NAS
DFW,5,15257,-0.94,-2.76,5380,33.19,31.97,4645,156.04,155.42,DELAY_LATE_AIRCRAFT|DELAY_CARRIER|DELAY_NAS
DFW,6,17304,-1.0,-6.58,5956,32.88,28.44,3835,138.53,135.2,DELAY_LATE_AIRCRAFT|DELAY_CARRIER|DELAY_NAS
DFW,7,17851,-1.02,-5.63,6223,32.97,29.25,4390,141.95,137.85,DELAY_LATE_AIRCRAFT|DELAY_CARRIER|DELAY_NAS
DFW,8,19962,-1.99,-8.44,4822,32.61,26.05,2739,144.94,137.57,DELAY_LATE_AIRCRAFT|DELAY_CARRIER|DELAY_NAS
DFW,9,20985,-2.52,-8.29,3660,31.42,25.65,1441,120.68,114.27,DELAY_LATE_AIRCRAFT|DELAY_CARRIER|DELAY_NAS
DFW,10,22801,-2.81,-9.83,3493,31.29,23.11,1434,130.9,123.08,DELAY_CARRIER|DELAY_LATE_AIRCRAFT|DELAY_NAS
DFW,11,19588,-2.75,-8.7,3424,31.7,27.32,1700,141.14,138.23,DELAY_LATE_AIRCRAFT|DELAY_CARRIER|DELAY_NAS
DFW,12,18515,-1.65,-7.61,4250,31.81,25.57,2446,164.96,161.78,DELAY_LATE_AIRCRAFT|DELAY_CARRIER|DELAY_NAS
DHN,1,52,-2.69,-5.1,5,34.4,26.4,5,344.0,335.6,DELAY_NAS|DELAY_LATE_AIRCRAFT|DELAY_CARRIER
DHN,2,53,-4.4,-13.75,3,34.67,21.0,2,139.0,118.0,DELAY_LATE_AIRCRAFT|DELAY_NAS
DHN,3,56,-3.45,-7.98,5,38.4,31.2,1,115.0,123.0,DELAY_NAS|DELAY_LATE_AIRCRAFT|DELAY_CARRIER
DHN,4,55,-4.78,-3.65,2,42.0,57.0,3,216.67,210.33,DELAY_CARRIER|DELAY_NAS|DELAY_WEATHER
DHN,5,48,-5.33,-3.5,9,32.44,28.56,5,110.0,113.0,DELAY_LATE_AIRCRAFT|DELAY_NAS|DELAY_CARRIER
DHN,6,53,-3.91,-4.89,1,18.0,4.0,6,169.5,156.83,DELAY_CARRIER|DELAY_WEATHER|DELAY_LATE_AIRCRAFT
DHN,7,48,-5.58,-8.58,6,37.0,30.0,6,326.33,324.17,DELAY_CARRIER|DELAY_NAS|CANC_NAS
DHN,8,56,-6.5,-16.05,3,37.33,25.33,1,198.0,190.0,DELAY_CARRIER|CANC_WEATHER
DHN,9,47,-6.34,-10.7,8,28.25,29.25,2,211.0,221.5,DELAY_LATE_AIRCRAFT|CANC_WEATHER|DELAY_CARRIER
DHN,10,53,-6.45,-11.6,5,44.2,38.0,4,195.25,184.5,DELAY_LATE_AIRCRAFT|DELAY_CARRIER|DELAY_NAS
DHN,11,70,-7.39,-10.49,4,27.25,25.25,4,177.75,173.5,DELAY_LATE_AIRCRAFT|DELAY_NAS|DELAY_WEATHER
DHN,12,68,-6.38,-11.66,5,28.0,16.0,4,210.75,190.0,DELAY_LATE_AIRCRAFT|DELAY_NAS|DELAY_CARRIER
DIK,1,41,-8.27,-25.8,4,28.25,16.75,4,304.5,284.0,CANC_WEATHER|DELAY_CARRIER|DELAY_LATE_AIRCRAFT
DIK,2,42,-9.71,-26.33,4,36.75,20.5,2,131.5,108.0,CANC_WEATHER|DELAY_CARRIER|DELAY_LATE_AIRCRAFT
DIK,3,49,-7.82,-25.67,0,,,3,352.67,342.67,CANC_WEATHER|DELAY_NAS|DELAY_WEATHER
DIK,4,51,-9.41,-22.73,2,28.0,13.0,3,322.33,303.33,DELAY_CARRIER|DELAY_LATE_AIRCRAFT
DIK,5,50,-9.26,-15.58,2,28.0,36.0,5,229.4,225.2,DELAY_NAS|DELAY_CARRIER|DELAY_WEATHER
DIK,6,49,-9.37,-19.57,4,43.0,45.0,2,642.5,639.5,DELAY_CARRIER|DELAY_LATE_AIRCRAFT|DELAY_NAS
DIK,7,54,-9.5,-19.28,1,41.0,27.0,3,285.0,271.0,DELAY_CARRIER|DELAY_LATE_AIRCRAFT
DIK,8,54,-10.28,-18.89,0,,,3,135.67,123.33,DELAY_NAS|DELAY_CARRIER|DELAY_LATE_AIRCRAFT
DIK,9,52,-9.46,-14.62,1,32.0,16.0,2,287.5,294.5,DELAY_CARRIER|DELAY_LATE_AIRCRAFT|DELAY_WEATHER
DIK,10,55,-8.24,-7.78,2,40.0,25.0,1,177.0,158.0,DELAY_CARRIER|DELAY_LATE_AIRCRAFT|DELAY_WEATHER
DIK,11,42,-6.93,-1.76,3,46.0,31.0,7,390.86,377.0,DELAY_CARRIER|CANC_WEATHER|DELAY_LATE_AIRCRAFT
DIK,12,48,-7.6,-12.38,2,36.0,23.0,7,214.86,204.14,DELAY_LATE_AIRCRAFT|DELAY_CARRIER|CANC_CARRIER
DLG,6,15,-8.47,-8.53,2,28.5,56.5,0,,,CANC_WEATHER|DELAY_LATE_AIRCRAFT|DELAY_NAS
DLG,7,26,-13.31,-9.12,1,31.0,25.0,4,168.75,175.75,DELAY_LATE_AIRCRAFT|DELAY_NAS|DELAY_SECURITY
DLG,8,29,-13.62,-14.24,0,,,1,228.0,218.0,CANC_WEATHER|DELAY_LATE_AIRCRAFT|DELAY_NAS
DLG,9,24,-13.29,-14.62,3,22.67,26.33,2,180.5,184.0,DELAY_LATE_AIRCRAFT|CANC_WEATHER
DLH,1,100,-3.47,-10.09,17,34.82,22.29,28,200.68,189.54,DELAY_CARRIER|DELAY_WEATHER|DELAY_LATE_AIRCRAFT
DLH,2,122,-5.2,-15.86,9,26.78,23.22,5,143.2,131.0,DELAY_CARRIER|DELAY_LATE_AIRCRAFT|DELAY_WEATHER
DLH,3,134,-5.04,-13.55,5,34.8,24.6,8,214.75,232.88,DELAY_CARRIER|DELAY_NAS|CANC_WEATHER
DLH,4,159,-7.0,-14.46,9,29.89,20.0,4,150.25,148.5,DELAY_CARRIER|DELAY_WEATHER|DELAY_NAS
DLH,5,141,-6.0,-12.16,11,26.09,20.0,21,150.48,151.76,DELAY_WEATHER|DELAY_CARRIER|DELAY_NAS
DLH,6,140,-3.72,-5.71,19,28.84,34.26,21,245.9,247.1,DELAY_CARRIER|DELAY_NAS|DELAY_LATE_AIRCRAFT
DLH,7,173,-4.08,-7.69,13,40.46,37.38,20,133.35,129.2,DELAY_LATE_AIRCRAFT|DELAY_CARRIER|DELAY_NAS
DLH,8,190,-3.34,-2.66,28,26.96,29.14,17,119.82,121.82,DELAY_LATE_AIRCRAFT|DELAY_NAS|DELAY_CARRIER
DLH,9,208,-5.52,-13.08,15,30.13,22.13,6,152.33,149.0,DELAY_LATE_AIRCRAFT|DELAY_CARRIER|DELAY_WEATHER
DLH,10,214,-5.87,-15.29,11,31.18,18.73,4,134.75,115.0,DELAY_CARRIER|DELAY_NAS|DELAY_LATE_AIRCRAFT
DLH,11,174,-5.08,-15.78,10,31.3,18.9,9,219.89,208.0,DELAY_CARRIER|DELAY_WEATHER|DELAY_LATE_AIRCRAFT
DLH,12,118,-4.28,-10.92,22,32.91,24.14,24,154.75,156.75,DELAY_CARRIER|DELAY_WEATHER|CANC_WEATHER
DRO,1,216,-6.28,-7.04,21,35.33,41.76,33,189.12,188.88,DELAY_CARRIER|DELAY_LATE_AIRCRAFT|DELAY_NAS
DRO,2,222,-5.36,-8.49,19,31.05,31.32,11,200.27,194.18,DELAY_CARRIER|DELAY_NAS|DELAY_WEATHER
DRO,3,243,-4.4,-7.65,25,30.08,29.32,7,147.43,153.43,DELAY_CARRIER|DELAY_NAS|DELAY_LATE_AIRCRAFT
DRO,4,206,-6.28,-6.79,16,32.19,31.62,18,204.56,197.28,DELAY_CARRIER|DELAY_NAS|DELAY_LATE_AIRCRAFT
DRO,5,227,-5.22,-7.67,26,29.65,23.81,23,162.57,161.91,DELAY_CARRIER|DELAY_NAS|DELAY_LATE_AIRCRAFT
DRO,6,285,-5.35,-10.13,38,31.92,24.82,31,175.77,164.32,DELAY_CARRIER|DELAY_LATE_AIRCRAFT|DELAY_WEATHER
DRO,7,300,-4.86,-10.8,45,30.6,28.36,26,174.54,169.19,DELAY_CARRIER|DELAY_LATE_AIRCRAFT|DELAY_NAS
DRO,8,298,-5.48,-10.27,31,34.84,28.84,30,204.97,198.83,DELAY_CARRIER|DELAY_NAS|DELAY_LATE_AIRCRAFT
DRO,9,307,-6.3,-13.16,24,34.79,23.83,19,104.16,92.89,DELAY_CARRIER|DELAY_LATE_AIRCRAFT|DELAY_NAS
DRO,10,305,-5.2,-12.96,26,28.58,19.31,25,205.76,198.12,DELAY_CARRIER|DELAY_LATE_AIRCRAFT|DELAY_NAS
DRO,11,258,-5.23,-13.13,29,37.31,31.55,42,178.1,178.48,DELAY_CARRIER|DELAY_LATE_AIRCRAFT|DELAY_WEATHER
DRO,12,299,-5.17,-14.15,27,35.7,22.63,24,123.75,123.54,DELAY_CARRIER|DELAY_LATE_AIRCRAFT|DELAY_WEATHER
DSM,1,824,-3.41,-8.0,161,32.83,35.67,166,206.99,211.25,DELAY_CARRIER|DELAY_NAS|DELAY_LATE_AIRCRAFT
DSM,2,998,-4.44,-13.23,93,31.05,24.78,78,224.67,220.51,DELAY_CARRIER|DELAY_LATE_AIRCRAFT|DELAY_NAS
DSM,3,1129,-5.03,-11.81,124,31.98,23.75,71,244.49,238.66,DELAY_LATE_AIRCRAFT|DELAY_NAS|DELAY_CARRIER
DSM,4,1096,-4.39,-9.92,106,28.99,25.17,54,190.46,186.48,DELAY_CARRIER|DELAY_LATE_AIRCRAFT|DELAY_NAS
DSM,5,954,-3.17,-7.21,172,33.12,29.97,103,169.28,169.39,DELAY_LATE_AIRCRAFT|DELAY_CARRIER|DELAY_NAS
DSM,6,974,-3.49,-7.32,181,33.54,28.39,113,173.69,167.31,DELAY_LATE_AIRCRAFT|DELAY_NAS|DELAY_CARRIER
DSM,7,966,-3.76,-6.24,184,31.54,30.3,144,171.59,167.88,DELAY_LATE_AIRCRAFT|DELAY_CARRIER|DELAY_NAS
DSM,8,1049,-4.38,-7.24,139,31.37,26.88,104,165.54,159.74,DELAY_LATE_AIRCRAFT|DELAY_NAS|DELAY_CARRIER
DSM,9,1096,-5.15,-10.65,80,30.24,25.23,35,170.2,163.77,DELAY_NAS|DELAY_CARRIER|DELAY_LATE_AIRCRAFT
DSM,10,1180,-5.49,-10.99,92,34.08,25.88,54,203.43,196.44,DELAY_CARRIER|DELAY_LATE_AIRCRAFT|DELAY_NAS
DSM,11,1135,-5.38,-11.15,72,29.0,23.28,48,170.38,162.58,DELAY_NAS|DELAY_CARRIER|DELAY_LATE_AIRCRAFT
DSM,12,1013,-3.68,-11.18,142,30.96,22.58,108,194.12,197.6,DELAY_CARRIER|DELAY_NAS|DELAY_LATE_AIRCRAFT
DTW,1,6758,-2.05,-7.15,1280,31.44,28.82,1088,171.06,171.77,DELAY_CARRIER|DELAY_NAS|DELAY_LATE_AIRCRAFT
DTW,2,8046,-3.18,-14.47,710,29.99,17.96,312,138.43,125.98,DELAY_CARRIER|DELAY_NAS|DELAY_LATE_AIRCRAFT
DTW,3,8952,-2.93,-10.53,1140,30.77,23.06,621,135.02,128.79,DELAY_CARRIER|DELAY_NAS|DELAY_LATE_AIRCRAFT
DTW,4,9074,-3.26,-8.7,1056,31.61,26.56,570,143.57,140.4,DELAY_CARRIER|DELAY_NAS|DELAY_LATE_AIRCRAFT
DTW,5,9037,-2.82,-6.06,1326,31.59,29.66,833,143.14,140.87,DELAY_CARRIER|DELAY_NAS|DELAY_LATE_AIRCRAFT
DTW,6,8744,-2.71,-6.61,1538,32.06,29.49,1017,150.9,148.52,DELAY_CARRIER|DELAY_LATE_AIRCRAFT|DELAY_NAS
DTW,7,8269,-2.42,-6.06,1605,31.85,27.69,1363,148.75,145.66,DELAY_CARRIER|DELAY_LATE_AIRCRAFT|DELAY_NAS
DTW,8,8958,-2.78,-7.43,1580,32.05,28.04,1081,140.48,137.16,DELAY_CARRIER|DELAY_NAS|DELAY_LATE_AIRCRAFT
DTW,9,9792,-4.15,-10.25,921,31.67,25.42,406,131.5,125.93,DELAY_CARRIER|DELAY_NAS|DELAY_LATE_AIRCRAFT
DTW,10,10215,-4.0,-10.59,1006,30.87,23.45,445,126.07,119.32,DELAY_CARRIER|DELAY_NAS|DELAY_LATE_AIRCRAFT
DTW,11,9573,-4.43,-10.69,905,31.17,27.23,485,128.1,125.44,DELAY_CARRIER|DELAY_NAS|DELAY_LATE_AIRCRAFT
DTW,12,8545,-2.38,-8.75,1584,31.63,25.86,888,141.28,136.0,DELAY_CARRIER|DELAY_NAS|DELAY_LATE_AIRCRAFT
DVL,1,42,-9.52,-22.26,1,33.0,13.0,3,97.0,80.67,CANC_WEATHER|DELAY_CARRIER|DELAY_LATE_AIRCRAFT
DVL,2,39,-9.21,-20.18,3,32.0,25.67,6,605.0,639.5,CANC_WEATHER|DELAY_LATE_AIRCRAFT|DELAY_CARRIER
DVL,3,50,-8.68,-14.34,2,29.5,23.0,4,304.25,295.0,CANC_WEATHER|DELAY_CARRIER|DELAY_NAS
DVL,4,54,-7.63,-13.11,0,,,1,78.0,86.0,DELAY_LATE_AIRCRAFT|DELAY_CARRIER|DELAY_NAS
DVL,5,53,-7.96,-7.28,0,,,5,135.0,123.2,DELAY_LATE_AIRCRAFT|DELAY_NAS|DELAY_WEATHER
DVL,6,40,-6.25,-6.45,4,45.75,42.0,8,246.62,242.38,DELAY_LATE_AIRCRAFT|DELAY_CARRIER|DELAY_NAS
DVL,7,44,-6.05,-10.66,10,26.0,17.9,3,93.33,86.67,DELAY_CARRIER|DELAY_LATE_AIRCRAFT|DELAY_NAS
DVL,8,51,-8.55,-7.63,2,27.5,21.0,2,466.5,446.0,DELAY_NAS|CANC_NAS|DELAY_LATE_AIRCRAFT
DVL,9,50,-8.26,-13.52,3,29.67,32.33,3,93.33,91.67,DELAY_CARRIER|DELAY_LATE_AIRCRAFT|DELAY_NAS
DVL,10,50,-9.2,-15.58,5,25.2,25.0,2,570.0,565.0,DELAY_CARRIER|DELAY_LATE_AIRCRAFT|DELAY_NAS
DVL,11,38,-4.16,-4.82,3,32.33,17.0,9,256.78,248.22,DELAY_LATE_AIRCRAFT|CANC_WEATHER|DELAY_CARRIER
DVL,12,45,-6.91,-10.69,2,29.5,22.0,7,438.0,433.57,DELAY_LATE_AIRCRAFT|DELAY_WEATHER|CANC_WEATHER
EAR,11,46,-5.52,-10.22,2,35.5,35.5,2,539.0,540.0,DELAY_CARRIER|CANC_WEATHER|DELAY_LATE_AIRCRAFT
EAR,12,42,-5.21,-13.0,4,22.75,11.25,6,269.17,267.67,DELAY_CARRIER|DELAY_LATE_AIRCRAFT|CANC_WEATHER
EAU,12,22,-5.64,-9.77,4,39.5,27.25,3,237.0,230.33,DELAY_LATE_AIRCRAFT|DELAY_CARRIER|CANC_WEATHER
ECP,1,336,-4.51,-10.34,42,29.29,29.81,34,143.26,143.15,DELAY_LATE_AIRCRAFT|DELAY_CARRIER|DELAY_NAS
ECP,2,400,-5.39,-9.03,21,29.52,24.14,17,137.41,132.47,DELAY_LATE_AIRCRAFT|DELAY_NAS|DELAY_CARRIER
ECP,3,568,-3.77,-8.54,93,30.73,27.54,47,166.49,161.28,DELAY_LATE_AIRCRAFT|DELAY_CARRIER|DELAY_NAS
ECP,4,610,-3.76,-6.06,77,30.13,29.0,43,198.74,196.77,DELAY_LATE_AIRCRAFT|DELAY_NAS|DELAY_CARRIER
ECP,5,571,-2.27,-3.44,154,32.5,34.14,83,139.16,144.3,DELAY_LATE_AIRCRAFT|DELAY_NAS|DELAY_CARRIER
ECP,6,710,-2.26,-8.03,207,32.15,26.15,91,122.25,118.66,DELAY_LATE_AIRCRAFT|DELAY_CARRIER|DELAY_NAS
ECP,7,683,-2.17,-6.33,201,31.05,27.28,116,179.92,181.11,DELAY_LATE_AIRCRAFT|DELAY_CARRIER|DELAY_NAS
ECP,8,695,-3.54,-9.45,110,30.09,24.52,50,175.76,173.3,DELAY_LATE_AIRCRAFT|DELAY_CARRIER|DELAY_NAS
ECP,9,594,-4.07,-9.85,70,28.84,27.33,32,135.91,129.59,DELAY_LATE_AIRCRAFT|DELAY_CARRIER|CANC_WEATHER
ECP,10,569,-3.57,-9.76,68,30.21,20.65,14,210.36,208.86,DELAY_LATE_AIRCRAFT|DELAY_CARRIER|DELAY_NAS
ECP,11,438,-3.89,-8.75,36,31.58,31.97,16,139.62,132.44,DELAY_CARRIER|DELAY_LATE_AIRCRAFT|DELAY_NAS
ECP,12,389,-2.99,-6.3,58,32.86,28.28,30,160.07,161.53,DELAY_LATE_AIRCRAFT|DELAY_NAS|DELAY_CARRIER
EGE,1,429,-3.87,-7.2,121,35.1,34.77,72,244.11,242.83,DELAY_LATE_AIRCRAFT|DELAY_CARRIER|DELAY_NAS
EGE,2,483,-5.16,-10.57,74,28.93,23.39,36,269.83,270.75,DELAY_LATE_AIRCRAFT|DELAY_CARRIER|DELAY_NAS
EGE,3,487,-4.88,-9.02,78,32.03,31.67,67,231.46,233.63,DELAY_LATE_AIRCRAFT|DELAY_NAS|DELAY_CARRIER
EGE,4,177,-5.71,-9.71,12,33.33,28.75,13,117.46,124.23,DELAY_NAS|DELAY_CARRIER|DELAY_LATE_AIRCRAFT
EGE,5,122,-5.54,-11.25,11,37.64,27.64,14,145.79,138.86,DELAY_NAS|DELAY_CARRIER|DELAY_LATE_AIRCRAFT
EGE,6,173,-5.76,-11.23,19,32.47,20.89,23,138.65,139.48,DELAY_CARRIER|DELAY_LATE_AIRCRAFT|DELAY_NAS
EGE,7,172,-5.19,-10.79,43,30.23,24.63,23,184.39,181.04,DELAY_LATE_AIRCRAFT|DELAY_CARRIER|DELAY_NAS
EGE,8,187,-5.72,-11.99,24,35.21,26.5,27,208.48,198.74,DELAY_LATE_AIRCRAFT|DELAY_CARRIER|DELAY_NAS
EGE,9,169,-6.21,-12.76,15,34.4,25.6,3,76.33,67.0,DELAY_LATE_AIRCRAFT|DELAY_CARRIER|DELAY_NAS
EGE,10,111,-5.17,-16.28,11,31.18,16.27,4,147.25,135.0,DELAY_CARRIER|DELAY_LATE_AIRCRAFT|DELAY_NAS
EGE,11,90,-3.24,-8.9,9,34.22,32.0,10,160.6,151.9,DELAY_LATE_AIRCRAFT|DELAY_CARRIER|DELAY_NAS
EGE,12,290,-3.85,-9.79,64,32.02,25.47,74,228.39,232.45,DELAY_LATE_AIRCRAFT|DELAY_CARRIER|DELAY_NAS
EKO,1,27,-6.52,-14.52,1,60.0,144.0,2,148.0,149.5,CANC_WEATHER|DELAY_CARRIER|DELAY_NAS
EKO,2,28,-8.0,-15.39,0,,,1,125.0,110.0,DELAY_WEATHER
EKO,3,30,-6.8,-4.47,1,60.0,49.0,0,,,DELAY_CARRIER|DELAY_NAS
EKO,4,27,-9.0,-12.89,3,41.33,24.0,0,,,DELAY_CARRIER
EKO,5,31,-9.32,-15.65,0,,,0,,,N/D
EKO,6,25,-6.4,-17.88,2,40.0,28.0,3,262.0,249.67,DELAY_CARRIER
EKO,7,28,-7.82,-15.57,0,,,2,566.0,557.0,DELAY_CARRIER|CANC_NAS
EKO,8,30,-8.97,-15.27,1,39.0,26.0,0,,,DELAY_CARRIER|DELAY_WEATHER
EKO,9,29,-7.62,-17.59,0,,,1,95.0,88.0,DELAY_CARRIER
EKO,10,31,-9.06,-21.87,0,,,0,,,N/D
EKO,11,30,-8.53,-11.97,0,,,0,,,N/D
EKO,12,31,-8.94,-19.1,0,,,0,,,DELAY_CARRIER
ELM,1,44,-5.77,-16.7,11,29.45,18.82,20,296.35,291.25,DELAY_CARRIER|DELAY_WEATHER|DELAY_LATE_AIRCRAFT
ELM,2,75,-6.68,-20.52,7,28.71,6.86,6,85.33,67.17,DELAY_CARRIER|DELAY_LATE_AIRCRAFT|DELAY_NAS
ELM,3,70,-5.4,-13.9,6,26.33,15.33,13,229.85,234.23,DELAY_CARRIER|DELAY_NAS|DELAY_LATE_AIRCRAFT
ELM,4,75,-8.23,-16.0,2,32.5,22.0,8,187.38,194.38,DELAY_CARRIER|DELAY_WEATHER|DELAY_LATE_AIRCRAFT
ELM,5,66,-4.3,-8.67,7,32.14,25.71,7,251.0,245.86,DELAY_CARRIER|DELAY_LATE_AIRCRAFT|DELAY_WEATHER
ELM,6,56,-5.11,-6.91,6,40.0,36.83,16,177.38,177.75,DELAY_CARRIER|DELAY_WEATHER|DELAY_LATE_AIRCRAFT
ELM,7,64,-4.62,-4.89,8,31.62,27.0,15,116.67,112.33,DELAY_CARRIER|DELAY_LATE_AIRCRAFT|DELAY_WEATHER
ELM,8,71,-5.7,-10.49,8,28.75,24.0,6,127.0,116.33,DELAY_CARRIER|DELAY_NAS|DELAY_LATE_AIRCRAFT
ELM,9,65,-7.35,-11.42,9,34.11,23.78,3,190.0,183.0,DELAY_CARRIER|DELAY_LATE_AIRCRAFT|DELAY_WEATHER
ELM,10,69,-7.45,-12.07,6,31.83,27.17,9,180.67,173.33,DELAY_CARRIER|DELAY_LATE_AIRCRAFT|DELAY_WEATHER
ELM,11,69,-7.03,-16.9,8,42.5,33.0,9,132.78,131.44,DELAY_CARRIER|DELAY_LATE_AIRCRAFT|DELAY_SECURITY
ELM,12,64,-5.45,-12.17,13,31.54,26.38,8,208.38,202.0,DELAY_CARRIER|DELAY_LATE_AIRCRAFT|DELAY_NAS
ELP,1,1048,-3.08,-7.15,150,31.19,26.38,64,164.67,164.89,DELAY_LATE_AIRCRAFT|DELAY_CARRIER|DELAY_NAS
ELP,2,1003,-2.88,-7.65,110,30.24,25.83,39,175.51,175.1,DELAY_LATE_AIRCRAFT|DELAY_NAS|DELAY_CARRIER
ELP,3,1060,-1.97,-6.58,167,30.88,25.08,81,155.47,151.85,DELAY_LATE_AIRCRAFT|DELAY_CARRIER|DELAY_NAS
ELP,4,1160,-2.8,-7.57,174,30.21,24.44,83,150.99,149.92,DELAY_LATE_AIRCRAFT|DELAY_CARRIER|DELAY_NAS
ELP,5,1040,-1.89,-6.19,235,31.22,26.61,153,150.98,149.41,DELAY_LATE_AIRCRAFT|DELAY_CARRIER|DELAY_NAS
ELP,6,1176,-2.41,-6.4,209,30.8,28.4,112,149.4,146.05,DELAY_LATE_AIRCRAFT|DELAY_CARRIER|DELAY_NAS
ELP,7,1141,-2.62,-6.97,234,31.59,25.41,144,141.81,137.66,DELAY_LATE_AIRCRAFT|DELAY_CARRIER|DELAY_NAS
ELP,8,1347,-4.41,-8.2,148,33.35,29.15,84,153.02,149.58,DELAY_LATE_AIRCRAFT|DELAY_CARRIER|DELAY_NAS
ELP,9,1302,-4.64,-10.49,133,32.3,26.31,57,130.81,127.16,DELAY_LATE_AIRCRAFT|DELAY_CARRIER|DELAY_NAS
ELP,10,1443,-4.33,-9.21,114,31.29,26.72,51,156.45,153.29,DELAY_LATE_AIRCRAFT|DELAY_CARRIER|DELAY_NAS
ELP,11,1303,-4.25,-9.06,141,31.88,29.69,62,160.82,158.92,DELAY_LATE_AIRCRAFT|DELAY_CARRIER|DELAY_NAS
ELP,12,1267,-3.47,-8.31,158,32.29,26.85,105,156.46,155.9,DELAY_LATE_AIRCRAFT|DELAY_CARRIER|DELAY_NAS
ESC,1,41,-6.63,-19.73,2,24.0,18.0,6,128.33,114.5,DELAY_CARRIER|CANC_WEATHER|DELAY_NAS
ESC,2,47,-9.53,-28.3,1,20.0,-4.0,2,86.5,64.5,DELAY_CARRIER
ESC,3,43,-9.33,-23.16,3,40.33,18.0,7,200.71,188.0,DELAY_CARRIER|DELAY_WEATHER
ESC,4,45,-7.49,-16.84,1,57.0,60.0,4,137.75,129.5,DELAY_CARRIER|CANC_CARRIER|DELAY_WEATHER
ESC,5,50,-8.3,-14.64,0,,,3,101.67,95.0,DELAY_CARRIER|DELAY_NAS|DELAY_WEATHER
ESC,6,39,-6.46,-4.1,6,31.0,34.83,7,159.57,162.14,DELAY_CARRIER|DELAY_NAS|DELAY_WEATHER
ESC,7,42,-6.67,-3.38,5,30.4,29.2,5,388.6,411.2,DELAY_CARRIER|DELAY_WEATHER|DELAY_NAS
ESC,8,47,-8.13,-3.83,4,34.75,39.0,3,254.33,252.33,DELAY_CARRIER|DELAY_WEATHER
ESC,9,51,-11.37,-12.84,5,30.0,26.6,2,331.5,323.5,DELAY_CARRIER|DELAY_WEATHER
ESC,10,55,-8.67,-13.87,2,43.5,38.0,5,107.4,96.4,DELAY_CARRIER
ESC,11,48,-10.15,-13.17,8,34.25,21.62,3,190.33,179.67,DELAY_CARRIER|DELAY_WEATHER
ESC,12,42,-5.38,-8.62,5,36.0,42.8,6,160.5,156.33,DELAY_CARRIER|CANC_WEATHER
EUG,1,371,-3.21,-9.79,71,32.01,21.03,56,207.89,199.23,CANC_WEATHER|DELAY_CARRIER|DELAY_LATE_AIRCRAFT
EUG,2,463,-4.38,-10.92,35,35.83,28.71,37,182.35,180.49,DELAY_NAS|DELAY_LATE_AIRCRAFT|DELAY_CARRIER
EUG,3,528,-3.66,-6.0,61,33.18,36.41,38,125.0,121.39,DELAY_NAS|DELAY_CARRIER|DELAY_LATE_AIRCRAFT
EUG,4,510,-3.84,-7.69,56,30.89,26.34,28,128.82,123.86,DELAY_CARRIER|DELAY_LATE_AIRCRAFT|DELAY_NAS
EUG,5,476,-4.02,-9.66,64,32.08,26.98,41,114.0,109.59,DELAY_CARRIER|DELAY_LATE_AIRCRAFT|DELAY_NAS
EUG,6,493,-1.95,-7.73,77,30.35,24.58,32,108.25,105.56,DELAY_CARRIER|DELAY_LATE_AIRCRAFT|DELAY_NAS
EUG,7,512,-2.34,-8.45,78,32.85,25.53,44,220.09,213.55,DELAY_LATE_AIRCRAFT|DELAY_CARRIER|DELAY_NAS
EUG,8,471,-3.44,-7.41,56,27.77,27.41,31,178.35,177.42,DELAY_CARRIER|DELAY_LATE_AIRCRAFT|DELAY_NAS
EUG,9,448,-3.89,-7.9,42,36.4,28.95,34,159.53,150.59,DELAY_CARRIER|DELAY_LATE_AIRCRAFT|DELAY_NAS
EUG,10,565,-3.76,-8.91,52,28.87,22.69,32,187.28,183.12,DELAY_CARRIER|DELAY_LATE_AIRCRAFT|DELAY_NAS
EUG,11,525,-3.6,-9.31,61,30.66,22.33,32,209.28,205.88,DELAY_LATE_AIRCRAFT|DELAY_CARRIER|DELAY_NAS
EUG,12,503,-2.25,-8.5,96,29.92,23.12,48,193.5,188.23,DELAY_CARRIER|DELAY_LATE_AIRCRAFT|DELAY_NAS
EVV,1,112,-4.52,-10.06,15,30.27,24.87,20,149.5,149.5,DELAY_LATE_AIRCRAFT|DELAY_CARRIER|DELAY_NAS
EVV,2,130,-5.72,-12.24,13,35.08,30.54,2,95.5,84.0,DELAY_NAS|DELAY_LATE_AIRCRAFT|DELAY_CARRIER
EVV,3,128,-5.59,-9.77,12,30.67,27.5,17,175.94,173.88,DELAY_CARRIER|DELAY_NAS|DELAY_LATE_AIRCRAFT
EVV,4,127,-5.8,-5.31,13,32.77,31.92,12,180.25,182.08,DELAY_CARRIER|DELAY_LATE_AIRCRAFT|DELAY_NAS
EVV,5,125,-4.33,-4.22,13,26.31,24.23,21,202.05,203.62,DELAY_NAS|DELAY_CARRIER|DELAY_WEATHER
EVV,6,160,-5.64,-12.24,20,32.95,30.15,13,118.38,107.69,DELAY_LATE_AIRCRAFT|DELAY_CARRIER|DELAY_NAS
EVV,7,150,-5.87,-9.89,35,31.34,33.54,14,193.21,200.0,DELAY_LATE_AIRCRAFT|DELAY_NAS|DELAY_CARRIER
EVV,8,150,-5.99,-16.21,13,40.54,33.15,10,122.2,116.1,DELAY_LATE_AIRCRAFT|DELAY_NAS|DELAY_WEATHER
EVV,9,160,-6.6,-8.51,13,34.15,33.92,12,134.08,133.0,DELAY_NAS|DELAY_CARRIER|DELAY_LATE_AIRCRAFT
EVV,10,198,-7.28,-17.05,12,30.42,18.67,8,293.25,278.12,DELAY_CARRIER|DELAY_LATE_AIRCRAFT|CANC_WEATHER
EVV,11,164,-6.2,-12.6,7,27.43,26.14,13,189.85,182.92,DELAY_NAS|DELAY_CARRIER|DELAY_LATE_AIRCRAFT
EVV,12,124,-3.68,-12.74,19,35.21,24.53,19,165.74,151.63,DELAY_NAS|DELAY_CARRIER|DELAY_LATE_AIRCRAFT
EWN,7,8,-5.5,-21.12,6,35.0,19.0,5,302.4,288.0,DELAY_LATE_AIRCRAFT|CANC_WEATHER|CANC_CARRIER
EWN,8,18,-2.89,-8.56,3,47.0,43.33,4,325.25,314.25,DELAY_LATE_AIRCRAFT|DELAY_CARRIER|CANC_WEATHER
EWN,9,2,-8.0,-14.0,0,,,1,163.0,159.0,DELAY_LATE_AIRCRAFT
EWR,1,7508,-3.46,-13.23,1190,32.06,22.77,744,139.12,134.98,DELAY_LATE_AIRCRAFT|DELAY_NAS|CANC_CARRIER
EWR,2,8408,-4.4,-18.07,930,31.35,19.47,412,129.78,118.31,DELAY_NAS|DELAY_LATE_AIRCRAFT|DELAY_CARRIER
EWR,3,8493,-3.89,-16.4,1317,31.93,19.68,801,134.33,123.46,DELAY_LATE_AIRCRAFT|DELAY_NAS|DELAY_CARRIER
EWR,4,8391,-3.91,-10.67,1335,32.3,25.67,831,142.25,136.54,DELAY_LATE_AIRCRAFT|DELAY_NAS|DELAY_CARRIER
EWR,5,8533,-3.5,-10.44,1577,33.32,28.83,1063,129.12,127.04,DELAY_LATE_AIRCRAFT|DELAY_NAS|DELAY_CARRIER
EWR,6,7633,-2.92,-10.78,1467,32.31,28.8,1248,156.96,157.57,DELAY_LATE_AIRCRAFT|DELAY_CARRIER|DELAY_NAS
EWR,7,7133,-2.48,-6.78,1686,33.28,34.55,1701,161.95,161.74,DELAY_LATE_AIRCRAFT|DELAY_NAS|DELAY_CARRIER
EWR,8,7415,-2.97,-8.74,1419,31.55,27.93,1193,171.06,168.93,DELAY_LATE_AIRCRAFT|DELAY_NAS|DELAY_CARRIER
EWR,9,8969,-4.57,-11.4,1013,31.59,26.59,489,146.29,146.09,DELAY_NAS|DELAY_LATE_AIRCRAFT|DELAY_CARRIER
EWR,10,9431,-4.34,-12.78,1045,31.79,23.17,645,125.96,115.15,DELAY_LATE_AIRCRAFT|DELAY_NAS|DELAY_CARRIER
EWR,11,8372,-3.8,-11.02,1329,33.01,26.93,948,118.44,111.05,DELAY_LATE_AIRCRAFT|DELAY_NAS|DELAY_CARRIER
EWR,12,8030,-2.27,-8.97,1782,31.79,25.51,947,127.91,120.76,DELAY_LATE_AIRCRAFT|DELAY_NAS|DELAY_CARRIER
EYW,1,584,-4.39,-9.5,149,30.39,24.9,97,178.48,175.09,DELAY_LATE_AIRCRAFT|DELAY_CARRIER|DELAY_NAS
EYW,2,614,-3.78,-2.83,109,30.42,28.16,63,201.05,198.33,DELAY_LATE_AIRCRAFT|DELAY_NAS|DELAY_CARRIER
EYW,3,553,-3.33,-4.2,166,32.09,29.52,109,208.41,205.81,DELAY_LATE_AIRCRAFT|DELAY_CARRIER|DELAY_NAS
EYW,4,543,-3.98,-5.02,134,29.45,25.94,74,185.04,182.86,DELAY_LATE_AIRCRAFT|DELAY_CARRIER|DELAY_NAS
EYW,5,421,-4.17,-5.14,93,32.78,38.65,101,185.1,190.15,DELAY_LATE_AIRCRAFT|DELAY_NAS|DELAY_CARRIER
EYW,6,352,-4.19,-6.93,76,32.18,32.64,58,175.0,172.36,DELAY_LATE_AIRCRAFT|DELAY_NAS|DELAY_CARRIER
EYW,7,333,-3.93,-6.85,79,33.9,33.22,77,177.45,175.21,DELAY_LATE_AIRCRAFT|DELAY_NAS|DELAY_CARRIER
EYW,8,347,-7.03,-9.59,53,32.42,33.09,52,169.88,164.38,DELAY_LATE_AIRCRAFT|CANC_WEATHER|DELAY_NAS
EYW,9,394,-6.86,-8.6,44,31.34,27.27,16,195.62,196.69,DELAY_LATE_AIRCRAFT|CANC_WEATHER|DELAY_NAS
EYW,10,476,-7.34,-11.09,42,30.48,24.74,14,209.71,204.71,DELAY_LATE_AIRCRAFT|CANC_WEATHER|DELAY_CARRIER
EYW,11,577,-5.42,-7.59,76,27.87,26.46,34,177.32,172.59,DELAY_LATE_AIRCRAFT|DELAY_CARRIER|DELAY_NAS
EYW,12,548,-5.15,-8.56,114,32.55,28.06,87,207.64,207.71,DELAY_LATE_AIRCRAFT|DELAY_CARRIER|DELAY_NAS
FAI,1,139,-5.72,-9.12,23,33.17,22.87,20,105.75,101.5,DELAY_LATE_AIRCRAFT|DELAY_NAS|CANC_CARRIER
FAI,2,169,-5.63,-8.17,10,29.1,22.8,7,85.0,90.0,DELAY_NAS|DELAY_CARRIER|DELAY_LATE_AIRCRAFT
FAI,3,261,-6.51,-7.56,30,28.2,22.3,13,104.31,102.23,DELAY_LATE_AIRCRAFT|DELAY_NAS|DELAY_CARRIER
FAI,4,221,-7.92,-13.54,32,35.94,24.31,6,217.67,217.67,DELAY_LATE_AIRCRAFT|DELAY_CARRIER|DELAY_NAS
FAI,5,253,-7.11,-14.04,42,28.62,18.33,11,134.82,120.09,DELAY_LATE_AIRCRAFT|DELAY_CARRIER|DELAY_NAS
FAI,6,308,-4.74,-8.03,43,29.16,22.7,19,182.05,178.68,DELAY_LATE_AIRCRAFT|DELAY_CARRIER|DELAY_NAS
FAI,7,281,-3.73,-7.96,69,28.59,20.88,27,216.93,217.41,DELAY_LATE_AIRCRAFT|DELAY_NAS|DELAY_CARRIER
FAI,8,309,-4.26,-10.1,66,30.55,20.36,15,125.27,116.6,DELAY_LATE_AIRCRAFT|DELAY_CARRIER|DELAY_NAS
FAI,9,286,-5.84,-12.87,49,26.41,7.14,10,149.5,134.7,DELAY_LATE_AIRCRAFT|DELAY_CARRIER|DELAY_NAS
FAI,10,231,-6.1,-6.68,26,31.88,27.54,6,252.5,246.5,DELAY_NAS|DELAY_LATE_AIRCRAFT|DELAY_CARRIER
FAI,11,183,-3.98,-9.77,16,25.0,11.88,9,186.11,178.33,DELAY_NAS|DELAY_CARRIER|DELAY_LATE_AIRCRAFT
FAI,12,184,-4.21,-7.24,21,28.43,25.05,14,149.93,147.29,DELAY_NAS|DELAY_CARRIER|DELAY_LATE_AIRCRAFT
FAR,1,408,-4.02,-12.43,52,34.54,30.08,54,184.85,180.43,DELAY_LATE_AIRCRAFT|DELAY_CARRIER|DELAY_NAS
FAR,2,444,-6.01,-18.75,26,22.27,15.38,35,309.8,296.51,DELAY_CARRIER|DELAY_NAS|DELAY_LATE_AIRCRAFT
FAR,3,484,-5.68,-14.9,37,31.22,16.7,27,148.41,142.96,DELAY_NAS|DELAY_LATE_AIRCRAFT|DELAY_CARRIER
FAR,4,477,-6.46,-12.93,32,27.03,20.19,19,141.47,133.68,DELAY_CARRIER|DELAY_LATE_AIRCRAFT|DELAY_NAS
FAR,5,442,-4.97,-9.49,50,33.92,34.2,42,146.71,140.64,DELAY_LATE_AIRCRAFT|DELAY_CARRIER|DELAY_NAS
FAR,6,425,-3.6,-5.3,68,34.81,35.59,66,175.56,175.68,DELAY_CARRIER|DELAY_NAS|DELAY_LATE_AIRCRAFT
FAR,7,449,-3.92,-6.41,72,30.24,28.07,57,159.84,156.54,DELAY_CARRIER|DELAY_LATE_AIRCRAFT|DELAY_NAS
FAR,8,469,-4.88,-6.35,57,30.95,33.04,47,178.66,175.26,DELAY_CARRIER|DELAY_NAS|DELAY_LATE_AIRCRAFT
FAR,9,493,-6.15,-12.8,43,30.21,25.6,21,148.9,137.24,DELAY_CARRIER|DELAY_LATE_AIRCRAFT|DELAY_NAS
FAR,10,513,-6.38,-15.44,41,31.61,21.17,28,112.39,104.96,DELAY_CARRIER|DELAY_LATE_AIRCRAFT|DELAY_NAS
FAR,11,465,-4.09,-8.28,59,31.51,29.19,40,185.4,186.93,DELAY_CARRIER|DELAY_NAS|DELAY_LATE_AIRCRAFT
FAR,12,439,-4.33,-7.52,84,28.77,23.95,71,254.52,251.89,DELAY_CARRIER|DELAY_LATE_AIRCRAFT|DELAY_NAS
FAT,1,701,-3.7,-8.03,104,32.71,26.66,57,121.07,115.07,DELAY_LATE_AIRCRAFT|DELAY_CARRIER|DELAY_NAS
FAT,2,694,-3.68,-9.19,93,31.44,25.46,43,148.91,144.6,DELAY_CARRIER|DELAY_NAS|DELAY_LATE_AIRCRAFT
FAT,3,778,-4.11,-8.67,108,30.59,26.02,59,153.51,151.76,DELAY_LATE_AIRCRAFT|DELAY_NAS|DELAY_CARRIER
FAT,4,751,-3.27,-7.19,95,31.67,28.39,61,178.64,179.18,DELAY_LATE_AIRCRAFT|DELAY_CARRIER|DELAY_NAS
FAT,5,773,-2.78,-6.62,139,31.11,26.61,73,227.85,227.14,DELAY_LATE_AIRCRAFT|DELAY_CARRIER|DELAY_NAS
FAT,6,774,-2.52,-5.92,140,30.89,27.78,59,159.05,155.51,DELAY_CARRIER|DELAY_LATE_AIRCRAFT|DELAY_NAS
FAT,7,781,-2.92,-7.18,139,32.31,29.42,87,165.95,164.93,DELAY_CARRIER|DELAY_LATE_AIRCRAFT|DELAY_NAS
FAT,8,834,-3.66,-7.12,101,30.95,26.22,65,127.85,128.12,DELAY_CARRIER|DELAY_LATE_AIRCRAFT|DELAY_NAS
FAT,9,866,-4.18,-9.0,95,31.76,25.52,47,134.17,131.51,DELAY_CARRIER|DELAY_LATE_AIRCRAFT|DELAY_NAS
FAT,10,964,-3.74,-8.8,90,30.63,26.14,38,162.74,163.45,DELAY_CARRIER|DELAY_LATE_AIRCRAFT|DELAY_NAS
FAT,11,873,-3.69,-8.41,108,29.81,25.94,54,195.15,194.19,DELAY_CARRIER|DELAY_LATE_AIRCRAFT|DELAY_NAS
FAT,12,748,-2.25,-6.95,179,32.27,28.18,104,176.91,178.03,DELAY_CARRIER|DELAY_LATE_AIRCRAFT|DELAY_WEATHER
FAY,1,102,-4.42,-11.95,7,25.71,19.29,10,154.0,160.4,DELAY_CARRIER|DELAY_NAS|DELAY_WEATHER
FAY,2,91,-4.6,-17.49,8,25.5,16.25,2,194.0,158.0,DELAY_CARRIER|DELAY_LATE_AIRCRAFT|DELAY_NAS
FAY,3,77,-4.79,-12.47,11,30.09,31.73,5,141.8,130.6,DELAY_LATE_AIRCRAFT|DELAY_CARRIER|DELAY_NAS
FAY,4,75,-3.51,-8.63,9,23.56,13.33,2,456.5,466.0,DELAY_LATE_AIRCRAFT|DELAY_NAS|DELAY_CARRIER
FAY,5,75,-2.75,-7.17,4,28.0,25.0,12,166.42,165.25,DELAY_CARRIER|DELAY_LATE_AIRCRAFT|DELAY_WEATHER
FAY,6,129,-6.95,-14.22,8,29.25,21.75,6,299.17,296.33,DELAY_CARRIER|DELAY_WEATHER|CANC_WEATHER
FAY,7,72,-4.94,-12.01,9,26.89,41.11,14,181.21,182.71,DELAY_CARRIER|DELAY_WEATHER|DELAY_NAS
FAY,8,101,-4.87,-4.75,6,26.17,28.0,9,177.11,176.89,DELAY_CARRIER|DELAY_NAS|DELAY_LATE_AIRCRAFT
FAY,9,157,-6.31,-4.41,15,33.13,32.47,15,214.73,221.27,DELAY_LATE_AIRCRAFT|DELAY_NAS|DELAY_CARRIER
FAY,10,173,-5.43,-3.76,16,29.06,21.06,13,232.46,221.69,DELAY_NAS|DELAY_CARRIER|DELAY_LATE_AIRCRAFT
FAY,11,116,-5.51,-11.27,7,24.86,15.0,6,246.17,235.33,DELAY_LATE_AIRCRAFT|DELAY_NAS|DELAY_CARRIER
FAY,12,110,-3.2,-11.72,15,34.93,25.6,9,166.78,154.67,DELAY_LATE_AIRCRAFT|DELAY_CARRIER|DELAY_NAS
FCA,1,177,-2.36,-4.16,28,33.04,34.11,28,192.79,185.57,DELAY_CARRIER|DELAY_NAS|DELAY_LATE_AIRCRAFT
FCA,2,196,-3.41,-4.1,14,37.93,45.79,9,226.56,231.22,DELAY_NAS|DELAY_LATE_AIRCRAFT|DELAY_CARRIER
FCA,3,222,-3.13,-8.06,13,30.77,17.46,8,191.0,184.5,DELAY_NAS|DELAY_CARRIER|DELAY_LATE_AIRCRAFT
FCA,4,173,-4.54,-9.07,15,33.67,25.13,6,202.17,202.83,DELAY_CARRIER|DELAY_NAS|DELAY_LATE_AIRCRAFT
FCA,5,209,-4.13,-9.15,26,33.0,23.73,19,147.89,136.21,DELAY_LATE_AIRCRAFT|DELAY_NAS|DELAY_CARRIER
FCA,6,378,-3.66,-10.05,59,31.98,24.44,30,242.63,234.93,DELAY_LATE_AIRCRAFT|DELAY_NAS|DELAY_CARRIER
FCA,7,438,-2.82,-7.05,73,29.49,23.52,49,178.18,175.8,DELAY_LATE_AIRCRAFT|DELAY_CARRIER|DELAY_NAS
FCA,8,439,-2.87,-5.73,74,30.16,29.61,36,248.22,241.64,DELAY_LATE_AIRCRAFT|DELAY_CARRIER|DELAY_NAS
FCA,9,319,-3.2,-8.76,28,30.68,20.57,12,146.83,143.83,DELAY_LATE_AIRCRAFT|DELAY_NAS|DELAY_CARRIER
FCA,10,244,-5.05,-11.68,16,30.5,18.75,7,188.29,177.14,DELAY_CARRIER|DELAY_LATE_AIRCRAFT|DELAY_NAS
FCA,11,181,-5.65,-7.59,13,37.69,46.08,6,132.83,152.17,DELAY_NAS|DELAY_CARRIER|DELAY_LATE_AIRCRAFT
FCA,12,221,-5.07,-13.47,21,33.48,25.71,17,177.53,167.24,DELAY_CARRIER|DELAY_LATE_AIRCRAFT|DELAY_NAS
FLG,1,93,-6.4,-6.04,7,36.0,43.57,10,205.9,208.6,DELAY_CARRIER|DELAY_WEATHER|DELAY_NAS
FLG,2,102,-7.0,-12.68,9,35.0,31.67,13,260.38,263.15,DELAY_CARRIER|DELAY_WEATHER|DELAY_LATE_AIRCRAFT
FLG,3,107,-6.53,-8.9,9,45.67,50.89,16,292.38,296.06,DELAY_CARRIER|DELAY_WEATHER|DELAY_NAS
FLG,4,128,-7.05,-9.39,5,30.4,31.4,9,118.33,114.89,DELAY_NAS|DELAY_CARRIER|DELAY_LATE_AIRCRAFT
FLG,5,142,-7.03,-9.32,2,18.0,9.5,8,138.5,145.75,DELAY_CARRIER|CANC_WEATHER|DELAY_LATE_AIRCRAFT
FLG,6,119,-6.65,-7.7,12,30.92,32.75,14,183.79,178.29,DELAY_CARRIER|DELAY_LATE_AIRCRAFT|DELAY_NAS
FLG,7,140,-6.97,-7.26,6,38.83,32.83,4,181.5,183.0,DELAY_NAS|DELAY_CARRIER|DELAY_WEATHER
FLG,8,133,-8.3,-7.98,8,32.5,27.88,5,189.4,190.4,DELAY_CARRIER|DELAY_LATE_AIRCRAFT
FLG,9,127,-7.72,-9.35,5,36.6,40.8,4,248.5,243.25,DELAY_CARRIER|DELAY_NAS|DELAY_LATE_AIRCRAFT
FLG,10,163,-6.9,-10.8,19,36.74,30.42,23,152.3,154.26,DELAY_CARRIER|DELAY_LATE_AIRCRAFT|DELAY_WEATHER
FLG,11,156,-7.18,-9.92,26,34.04,32.62,22,165.18,151.91,DELAY_CARRIER|DELAY_LATE_AIRCRAFT|DELAY_NAS
FLG,12,167,-7.28,-11.71,12,38.83,33.33,13,239.77,233.0,DELAY_CARRIER|DELAY_LATE_AIRCRAFT|CANC_WEATHER
FLL,1,5470,-1.36,-8.14,1844,31.38,25.45,842,132.74,127.95,DELAY_LATE_AIRCRAFT|DELAY_CARRIER|DELAY_NAS
FLL,2,5985,-2.18,-5.11,1400,30.75,26.01,664,139.16,132.61,DELAY_LATE_AIRCRAFT|DELAY_CARRIER|DELAY_NAS
FLL,3,5948,-1.72,-5.29,1870,32.74,29.7,1255,144.41,143.21,DELAY_LATE_AIRCRAFT|DELAY_NAS|DELAY_CARRIER
FLL,4,6259,-2.61,-7.66,1226,31.27,25.52,713,141.51,136.65,DELAY_LATE_AIRCRAFT|DELAY_CARRIER|DELAY_NAS
FLL,5,5586,-2.08,-5.32,1374,31.68,30.29,821,140.32,140.53,DELAY_NAS|DELAY_LATE_AIRCRAFT|DELAY_CARRIER
FLL,6,4843,-1.53,-6.84,1353,32.95,28.77,773,135.36,133.98,DELAY_LATE_AIRCRAFT|DELAY_NAS|DELAY_CARRIER
FLL,7,4706,-1.48,-7.11,1487,32.54,28.91,964,139.94,136.51,DELAY_LATE_AIRCRAFT|DELAY_CARRIER|DELAY_NAS
FLL,8,4368,-1.68,-6.81,1374,32.01,29.94,880,141.18,139.07,DELAY_LATE_AIRCRAFT|DELAY_NAS|DELAY_CARRIER
FLL,9,4768,-3.08,-6.88,870,30.47,29.72,354,129.02,128.44,DELAY_NAS|DELAY_CARRIER|DELAY_LATE_AIRCRAFT
FLL,10,5614,-3.27,-9.5,768,30.01,23.42,303,128.88,122.25,DELAY_CARRIER|DELAY_LATE_AIRCRAFT|DELAY_NAS
FLL,11,6183,-3.55,-11.07,798,30.35,22.31,303,137.73,132.77,DELAY_CARRIER|DELAY_NAS|DELAY_LATE_AIRCRAFT
FLL,12,5930,-1.97,-8.81,1450,31.58,25.33,775,129.05,125.49,DELAY_LATE_AIRCRAFT|DELAY_CARRIER|DELAY_NAS
FNT,1,118,-5.54,-6.09,21,32.71,47.38,13,220.31,221.23,DELAY_NAS|DELAY_LATE_AIRCRAFT|DELAY_WEATHER
FNT,2,166,-5.4,-13.46,19,31.16,21.0,9,135.67,131.11,DELAY_NAS|DELAY_CARRIER|DELAY_LATE_AIRCRAFT
FNT,3,206,-6.24,-15.72,22,31.32,32.41,20,127.75,127.7,DELAY_NAS|DELAY_LATE_AIRCRAFT|DELAY_CARRIER
FNT,4,166,-8.02,-20.64,15,32.4,23.0,11,225.91,217.91,DELAY_CARRIER|DELAY_LATE_AIRCRAFT|DELAY_NAS
FNT,5,125,-6.4,-9.31,19,31.16,27.26,20,184.8,182.05,DELAY_NAS|DELAY_CARRIER|DELAY_LATE_AIRCRAFT
FNT,6,129,-4.94,-9.02,14,27.43,18.36,15,170.27,161.53,DELAY_CARRIER|DELAY_LATE_AIRCRAFT|DELAY_WEATHER
FNT,7,130,-4.03,-6.7,12,34.33,37.08,21,221.76,218.57,DELAY_CARRIER|DELAY_LATE_AIRCRAFT|DELAY_NAS
FNT,8,126,-5.44,-7.6,19,35.16,32.47,21,161.67,168.62,DELAY_LATE_AIRCRAFT|DELAY_NAS|DELAY_CARRIER
FNT,9,128,-4.41,-7.99,17,31.47,29.59,13,117.0,109.0,DELAY_CARRIER|DELAY_LATE_AIRCRAFT|DELAY_WEATHER
FNT,10,143,-3.66,-7.22,17,30.47,27.76,11,168.73,164.45,DELAY_CARRIER|DELAY_LATE_AIRCRAFT|CANC_WEATHER
FNT,11,159,-4.67,-7.48,13,28.15,27.69,18,145.83,150.83,DELAY_CARRIER|DELAY_LATE_AIRCRAFT|DELAY_NAS
FNT,12,170,-3.39,-7.92,35,34.23,27.77,17,165.06,152.82,DELAY_NAS|DELAY_CARRIER|DELAY_LATE_AIRCRAFT
FOD,1,32,-6.22,-14.06,6,28.83,19.17,6,160.33,145.17,CANC_WEATHER|DELAY_LATE_AIRCRAFT|DELAY_CARRIER
FOD,2,46,-10.48,-19.52,1,27.0,17.0,3,82.33,68.0,DELAY_LATE_AIRCRAFT|DELAY_WEATHER
FOD,3,39,-8.15,-10.95,6,40.83,45.17,8,269.12,267.75,DELAY_LATE_AIRCRAFT|DELAY_CARRIER|DELAY_NAS
FOD,4,45,-7.51,-10.58,2,21.5,19.5,3,142.0,140.67,DELAY_LATE_AIRCRAFT
FOD,5,40,-7.2,-10.38,6,24.17,27.67,5,181.6,186.6,DELAY_LATE_AIRCRAFT|CANC_WEATHER|DELAY_CARRIER
FOD,6,37,-9.78,-15.59,9,37.33,31.22,5,334.2,331.8,DELAY_LATE_AIRCRAFT|DELAY_CARRIER|DELAY_NAS
FOD,7,35,-10.49,-17.17,10,34.5,31.4,7,361.71,359.43,DELAY_LATE_AIRCRAFT|DELAY_NAS|CANC_WEATHER
FOD,8,32,-8.78,-10.47,10,40.0,36.3,10,158.9,158.3,DELAY_LATE_AIRCRAFT|DELAY_NAS|CANC_WEATHER
FOD,9,36,-10.42,-10.14,11,30.91,36.64,4,350.5,344.5,DELAY_LATE_AIRCRAFT|DELAY_CARRIER|DELAY_NAS
FOD,10,45,-8.96,-11.84,5,55.2,51.4,3,463.67,460.67,DELAY_CARRIER|DELAY_LATE_AIRCRAFT|DELAY_NAS
FOD,11,45,-8.24,-11.24,2,25.0,13.0,4,132.0,134.0,DELAY_CARRIER|DELAY_LATE_AIRCRAFT|CANC_WEATHER
FOD,12,44,-10.16,-6.25,5,33.6,23.6,3,154.0,166.67,DELAY_LATE_AIRCRAFT|DELAY_CARRIER|CANC_WEATHER
FSD,1,403,-3.52,-6.06,84,30.45,30.92,61,158.95,162.9,DELAY_NAS|DELAY_CARRIER|DELAY_LATE_AIRCRAFT
FSD,2,481,-4.58,-14.13,58,33.43,21.38,34,173.94,169.59,DELAY_CARRIER|DELAY_LATE_AIRCRAFT|DELAY_NAS
FSD,3,531,-5.35,-15.16,49,32.73,24.43,21,182.86,183.57,DELAY_LATE_AIRCRAFT|DELAY_NAS|DELAY_CARRIER
FSD,4,534,-5.48,-13.32,44,33.39,28.27,17,179.53,182.59,DELAY_CARRIER|DELAY_LATE_AIRCRAFT|DELAY_NAS
FSD,5,480,-4.01,-9.62,45,35.67,28.49,41,185.93,187.68,DELAY_NAS|DELAY_LATE_AIRCRAFT|DELAY_CARRIER
FSD,6,426,-3.51,-6.85,80,30.49,29.46,64,172.02,173.72,DELAY_NAS|DELAY_CARRIER|DELAY_LATE_AIRCRAFT
FSD,7,397,-4.41,-7.53,85,31.31,28.49,56,173.2,170.14,DELAY_CARRIER|DELAY_LATE_AIRCRAFT|DELAY_NAS
FSD,8,424,-4.7,-7.09,80,31.21,31.34,32,182.16,179.91,DELAY_CARRIER|DELAY_LATE_AIRCRAFT|DELAY_NAS
FSD,9,479,-5.38,-10.69,53,29.96,23.92,16,124.75,114.81,DELAY_CARRIER|DELAY_LATE_AIRCRAFT|DELAY_NAS
FSD,10,542,-5.12,-10.89,55,28.36,18.87,18,116.83,106.83,DELAY_CARRIER|DELAY_LATE_AIRCRAFT|DELAY_NAS
FSD,11,506,-4.0,-8.25,60,29.28,24.27,41,178.34,174.54,DELAY_NAS|DELAY_CARRIER|DELAY_LATE_AIRCRAFT
FSD,12,495,-3.4,-8.47,78,31.99,26.24,66,202.0,198.92,DELAY_CARRIER|DELAY_LATE_AIRCRAFT|DELAY_NAS
FSM,1,59,-5.46,-1.2,12,27.92,31.0,11,319.09,324.45,CANC_WEATHER|DELAY_NAS|DELAY_LATE_AIRCRAFT
FSM,2,81,-4.38,-1.02,5,36.4,39.8,1,126.0,124.0,DELAY_NAS|DELAY_LATE_AIRCRAFT|DELAY_WEATHER
FSM,3,75,-4.6,-8.2,11,28.73,21.82,5,144.4,138.2,DELAY_NAS|DELAY_CARRIER|DELAY_LATE_AIRCRAFT
FSM,4,71,-5.76,-12.15,11,26.45,21.73,5,139.6,148.6,DELAY_WEATHER|DELAY_LATE_AIRCRAFT|CANC_WEATHER
FSM,5,56,-1.34,-1.32,20,27.35,28.95,13,132.08,134.38,DELAY_LATE_AIRCRAFT|DELAY_NAS|DELAY_WEATHER
FSM,6,68,-3.28,-9.09,22,32.68,24.5,19,131.53,122.74,DELAY_LATE_AIRCRAFT|DELAY_NAS|DELAY_CARRIER
FSM,7,81,-5.12,-8.57,15,32.47,25.0,13,135.0,132.38,DELAY_LATE_AIRCRAFT|DELAY_CARRIER|DELAY_NAS
FSM,8,102,-5.57,-12.5,10,37.2,35.7,5,145.6,135.4,DELAY_LATE_AIRCRAFT|DELAY_CARRIER|DELAY_NAS
FSM,9,87,-5.68,-13.11,8,31.88,22.75,4,135.5,114.75,DELAY_LATE_AIRCRAFT|DELAY_NAS|DELAY_CARRIER
FSM,10,104,-6.69,-14.09,7,31.57,17.71,2,102.5,103.5,DELAY_NAS|DELAY_LATE_AIRCRAFT|DELAY_CARRIER
FSM,11,74,-3.95,-20.08,5,25.0,16.8,4,114.0,90.0,DELAY_LATE_AIRCRAFT|CANC_WEATHER|DELAY_CARRIER
FSM,12,78,-4.82,-14.01,7,42.0,29.71,5,295.8,301.4,DELAY_LATE_AIRCRAFT|DELAY_CARRIER|DELAY_NAS
FWA,1,200,-3.77,-9.6,47,31.64,39.02,43,162.12,158.28,DELAY_CARRIER|DELAY_NAS|DELAY_LATE_AIRCRAFT
FWA,2,256,-4.08,-14.46,37,29.32,20.84,18,182.72,171.72,DELAY_CARRIER|DELAY_NAS|DELAY_LATE_AIRCRAFT
FWA,3,289,-4.21,-13.92,44,30.43,21.86,30,150.7,149.2,DELAY_CARRIER|DELAY_NAS|DELAY_LATE_AIRCRAFT
FWA,4,272,-4.71,-12.4,40,33.25,26.3,34,148.41,148.29,DELAY_CARRIER|DELAY_LATE_AIRCRAFT|DELAY_NAS
FWA,5,234,-4.71,-9.61,44,33.05,25.91,50,198.84,197.94,DELAY_CARRIER|DELAY_LATE_AIRCRAFT|DELAY_NAS
FWA,6,287,-3.9,-9.35,53,33.68,30.26,51,162.2,154.63,DELAY_CARRIER|DELAY_LATE_AIRCRAFT|DELAY_NAS
FWA,7,289,-4.04,-5.48,63,31.57,32.9,58,136.91,139.4,DELAY_CARRIER|DELAY_LATE_AIRCRAFT|DELAY_NAS
FWA,8,266,-4.27,-8.64,52,32.85,29.0,45,163.82,164.93,DELAY_CARRIER|DELAY_LATE_AIRCRAFT|DELAY_NAS
FWA,9,342,-5.57,-9.63,39,31.9,30.49,32,164.59,163.06,DELAY_CARRIER|DELAY_LATE_AIRCRAFT|DELAY_NAS
FWA,10,416,-6.09,-13.79,42,29.79,22.19,43,137.02,127.0,DELAY_CARRIER|DELAY_LATE_AIRCRAFT|CANC_WEATHER
FWA,11,395,-5.12,-11.74,45,29.98,21.36,24,192.71,182.21,DELAY_CARRIER|DELAY_NAS|DELAY_LATE_AIRCRAFT
FWA,12,352,-4.31,-10.36,60,32.62,26.35,59,176.92,174.75,DELAY_CARRIER|DELAY_LATE_AIRCRAFT|DELAY_NAS
GCC,1,49,-6.45,-15.2,3,32.33,34.33,6,183.0,185.5,CANC_WEATHER|DELAY_CARRIER|DELAY_LATE_AIRCRAFT
GCC,2,51,-5.59,-17.24,3,21.33,10.0,2,124.5,131.0,DELAY_CARRIER|DELAY_NAS|CANC_WEATHER
GCC,3,56,-7.52,-21.34,1,15.0,1.0,3,176.0,203.0,CANC_WEATHER|DELAY_NAS|DELAY_CARRIER
GCC,4,54,-5.76,-13.31,0,,,4,297.75,296.5,DELAY_CARRIER|DELAY_LATE_AIRCRAFT|DELAY_NAS
GCC,5,57,-7.33,-11.58,2,36.5,26.0,3,244.67,242.0,DELAY_NAS|DELAY_WEATHER|DELAY_CARRIER
GCC,6,51,-6.18,-9.16,4,34.25,29.75,4,165.25,170.75,DELAY_CARRIER|DELAY_NAS|DELAY_LATE_AIRCRAFT
GCC,7,56,-7.16,-9.52,2,34.0,37.0,4,203.75,206.25,DELAY_CARRIER|DELAY_LATE_AIRCRAFT|DELAY_NAS
GCC,8,55,-4.91,-9.05,3,17.33,43.33,5,288.6,301.6,DELAY_CARRIER|DELAY_NAS|DELAY_LATE_AIRCRAFT
GCC,9,55,-8.07,-11.38,2,30.5,32.5,2,93.0,82.0,DELAY_LATE_AIRCRAFT|DELAY_CARRIER
GCC,10,53,-5.79,-12.55,3,26.67,18.67,5,266.8,263.6,DELAY_WEATHER|DELAY_CARRIER|CANC_WEATHER
GCC,11,47,-6.94,-11.53,5,24.8,14.4,6,91.17,100.0,DELAY_CARRIER|DELAY_NAS|DELAY_LATE_AIRCRAFT
GCC,12,53,-6.58,-14.96,4,37.75,28.75,4,437.0,430.25,DELAY_CARRIER|DELAY_LATE_AIRCRAFT
GCK,1,43,-5.72,-5.37,5,28.4,42.4,6,295.83,299.67,CANC_WEATHER|DELAY_CARRIER|DELAY_WEATHER
GCK,2,51,-5.45,-10.98,6,27.67,33.5,1,207.0,210.0,DELAY_CARRIER|DELAY_NAS|DELAY_LATE_AIRCRAFT
GCK,3,41,-1.59,-5.46,14,32.43,30.93,5,118.0,118.2,DELAY_CARRIER|DELAY_LATE_AIRCRAFT|DELAY_NAS
GCK,4,46,-3.11,-7.59,6,28.83,37.17,7,230.71,226.86,DELAY_CARRIER|DELAY_LATE_AIRCRAFT|DELAY_NAS
GCK,5,46,-3.98,-6.09,8,25.25,32.62,6,187.0,189.5,DELAY_LATE_AIRCRAFT|DELAY_NAS|DELAY_CARRIER
GCK,6,50,-3.6,0.08,1,59.0,61.0,7,107.0,107.57,DELAY_LATE_AIRCRAFT|DELAY_NAS|DELAY_WEATHER
GCK,7,52,-1.94,1.85,7,30.43,38.43,3,93.33,96.33,DELAY_NAS|DELAY_CARRIER|DELAY_LATE_AIRCRAFT
GCK,8,49,-2.18,-1.12,8,22.5,25.0,5,199.8,203.8,DELAY_LATE_AIRCRAFT|DELAY_NAS|DELAY_CARRIER
GCK,9,55,-4.22,-7.36,3,32.0,24.0,1,117.0,129.0,DELAY_CARRIER|DELAY_LATE_AIRCRAFT|DELAY_WEATHER
GCK,10,53,-5.81,-12.57,2,32.0,22.0,7,157.29,155.29,DELAY_CARRIER|DELAY_LATE_AIRCRAFT|DELAY_NAS
GCK,11,46,-2.2,-4.87,6,29.33,20.67,4,185.5,177.0,DELAY_CARRIER|DELAY_NAS|CANC_WEATHER
GCK,12,47,-2.45,-10.94,6,31.0,33.83,7,173.71,179.71,DELAY_CARRIER|DELAY_LATE_AIRCRAFT|CANC_NAS
GEG,1,1009,-2.87,-8.36,153,32.23,28.73,80,211.25,208.95,DELAY_LATE_AIRCRAFT|DELAY_CARRIER|DELAY_NAS
GEG,2,1048,-4.2,-9.84,86,31.85,28.91,43,167.91,164.28,DELAY_NAS|DELAY_LATE_AIRCRAFT|DELAY_CARRIER
GEG,3,1244,-4.18,-8.94,117,33.88,27.91,48,201.79,190.85,DELAY_LATE_AIRCRAFT|DELAY_NAS|DELAY_CARRIER
GEG,4,1327,-4.78,-8.47,105,29.86,24.56,36,113.19,113.25,DELAY_LATE_AIRCRAFT|DELAY_CARRIER|DELAY_NAS
GEG,5,1260,-3.81,-8.97,150,31.63,23.89,57,162.39,158.72,DELAY_LATE_AIRCRAFT|DELAY_CARRIER|DELAY_NAS
GEG,6,1239,-3.14,-8.75,178,29.06,21.04,83,121.51,114.72,DELAY_LATE_AIRCRAFT|DELAY_CARRIER|DELAY_NAS
GEG,7,1269,-2.52,-7.04,191,30.62,24.2,108,171.05,167.58,DELAY_LATE_AIRCRAFT|DELAY_CARRIER|DELAY_NAS
GEG,8,1389,-3.45,-5.66,178,31.02,27.89,66,143.82,143.21,DELAY_LATE_AIRCRAFT|DELAY_CARRIER|DELAY_NAS
GEG,9,1334,-3.99,-7.78,130,30.4,24.78,45,151.91,148.4,DELAY_LATE_AIRCRAFT|DELAY_NAS|DELAY_CARRIER
GEG,10,1345,-4.23,-7.77,80,29.14,23.96,46,177.26,173.22,DELAY_CARRIER|DELAY_LATE_AIRCRAFT|DELAY_NAS
GEG,11,1300,-4.18,-8.55,124,28.43,22.14,45,143.69,139.69,DELAY_NAS|DELAY_LATE_AIRCRAFT|DELAY_CARRIER
GEG,12,1204,-2.8,-8.04,180,29.91,24.46,78,145.56,141.58,DELAY_CARRIER|DELAY_LATE_AIRCRAFT|DELAY_NAS
GFK,1,96,-5.44,-10.41,9,31.78,26.67,14,150.86,144.21,DELAY_CARRIER|DELAY_LATE_AIRCRAFT|DELAY_NAS
GFK,2,96,-7.33,-18.28,4,39.5,49.5,7,241.43,233.29,DELAY_CARRIER|CANC_WEATHER|DELAY_WEATHER
GFK,3,105,-5.59,-13.72,6,34.83,40.67,4,78.25,71.0,DELAY_CARRIER|DELAY_WEATHER|CANC_WEATHER
GFK,4,100,-8.45,-18.54,3,39.0,29.33,5,98.8,87.8,DELAY_CARRIER|DELAY_LATE_AIRCRAFT|DELAY_WEATHER
GFK,5,91,-6.89,-13.18,8,32.62,24.75,3,160.0,153.33,DELAY_CARRIER|DELAY_LATE_AIRCRAFT|DELAY_WEATHER
GFK,6,74,-5.09,-1.54,14,36.86,50.0,10,156.3,162.5,DELAY_NAS|DELAY_CARRIER|DELAY_WEATHER
GFK,7,79,-6.28,-6.15,11,33.0,31.73,11,152.36,148.55,DELAY_CARRIER|DELAY_WEATHER|DELAY_NAS
GFK,8,81,-6.72,-6.85,12,35.25,45.5,9,152.22,160.0,DELAY_CARRIER|DELAY_NAS|DELAY_WEATHER
GFK,9,87,-7.95,-10.08,11,28.55,22.18,1,642.0,623.0,DELAY_CARRIER|DELAY_NAS|DELAY_WEATHER
GFK,10,105,-7.17,-17.47,1,52.0,33.0,5,102.2,96.0,DELAY_CARRIER|DELAY_NAS|DELAY_WEATHER
GFK,11,98,-6.97,-12.02,5,28.4,17.2,3,105.0,103.33,DELAY_CARRIER|DELAY_NAS|DELAY_WEATHER
GFK,12,83,-5.0,-13.9,11,37.45,38.55,14,181.93,174.29,DELAY_CARRIER|DELAY_LATE_AIRCRAFT|DELAY_NAS
GGG,1,48,-6.4,-7.08,4,34.0,40.5,6,133.67,142.0,DELAY_CARRIER|DELAY_WEATHER|CANC_WEATHER
GGG,2,49,-8.92,-15.94,2,22.5,21.0,7,169.57,169.43,DELAY_CARRIER|DELAY_LATE_AIRCRAFT
GGG,3,54,-8.17,-12.2,4,37.0,35.25,4,227.5,232.5,DELAY_WEATHER|DELAY_CARRIER|DELAY_LATE_AIRCRAFT
GGG,4,50,-6.32,-8.46,0,,,10,150.2,149.0,DELAY_WEATHER|DELAY_NAS|DELAY_CARRIER
GGG,5,44,-4.73,-3.25,4,28.5,22.25,11,175.45,175.64,DELAY_CARRIER|DELAY_LATE_AIRCRAFT|DELAY_WEATHER
GGG,6,51,-7.04,-14.02,3,37.0,35.0,6,142.67,122.5,DELAY_LATE_AIRCRAFT|DELAY_CARRIER|DELAY_WEATHER
GGG,7,47,-4.34,-11.83,8,35.25,31.38,5,98.4,86.4,DELAY_LATE_AIRCRAFT|CANC_WEATHER|DELAY_CARRIER
GGG,8,50,-3.18,-3.28,7,36.14,31.0,5,113.2,104.2,DELAY_LATE_AIRCRAFT|DELAY_CARRIER|DELAY_NAS
GGG,9,51,-4.04,-8.39,4,38.25,33.5,5,145.2,135.0,DELAY_CARRIER|DELAY_LATE_AIRCRAFT|DELAY_NAS
GGG,10,50,-6.38,-9.88,9,34.22,31.0,3,164.67,153.0,DELAY_CARRIER|DELAY_NAS
GGG,11,39,-4.79,-5.77,10,34.3,23.4,7,108.57,111.57,DELAY_CARRIER|DELAY_LATE_AIRCRAFT|CANC_WEATHER
GGG,12,44,-4.36,-6.86,5,35.0,23.8,8,147.5,141.88,DELAY_CARRIER|CANC_WEATHER|DELAY_LATE_AIRCRAFT
GJT,1,227,-5.94,-12.45,28,31.71,23.61,19,228.58,223.32,DELAY_CARRIER|DELAY_LATE_AIRCRAFT|DELAY_NAS
GJT,2,248,-6.34,-10.92,23,31.48,27.17,17,166.12,161.88,DELAY_CARRIER|DELAY_NAS|DELAY_LATE_AIRCRAFT
GJT,3,256,-6.39,-6.96,29,30.9,35.83,7,383.0,381.57,DELAY_NAS|DELAY_LATE_AIRCRAFT|DELAY_CARRIER
GJT,4,217,-5.85,-6.59,14,37.57,36.14,10,232.3,236.5,DELAY_NAS|DELAY_CARRIER|DELAY_LATE_AIRCRAFT
GJT,5,236,-5.61,-7.45,25,34.4,28.44,31,158.19,159.58,DELAY_CARRIER|DELAY_LATE_AIRCRAFT|DELAY_NAS
GJT,6,283,-6.02,-7.89,33,34.09,25.97,28,247.32,246.11,DELAY_CARRIER|DELAY_LATE_AIRCRAFT|DELAY_NAS
GJT,7,285,-6.39,-11.84,43,29.6,25.23,24,249.04,246.46,DELAY_LATE_AIRCRAFT|DELAY_CARRIER|DELAY_NAS
GJT,8,287,-6.02,-9.71,34,31.88,31.03,17,217.94,215.29,DELAY_CARRIER|DELAY_LATE_AIRCRAFT|DELAY_NAS
GJT,9,314,-6.33,-10.76,26,28.92,25.85,16,238.81,230.94,DELAY_CARRIER|DELAY_NAS|DELAY_LATE_AIRCRAFT
GJT,10,358,-6.72,-14.54,20,30.05,19.4,25,197.92,185.84,DELAY_CARRIER|DELAY_LATE_AIRCRAFT|DELAY_NAS
GJT,11,281,-5.26,-11.05,31,34.13,29.32,33,155.52,157.12,DELAY_LATE_AIRCRAFT|DELAY_CARRIER|DELAY_NAS
GJT,12,356,-4.92,-10.49,28,35.64,28.71,13,173.15,162.77,DELAY_CARRIER|DELAY_NAS|DELAY_LATE_AIRCRAFT
GNV,1,167,-4.66,-11.71,24,30.96,22.17,9,99.78,102.33,DELAY_LATE_AIRCRAFT|DELAY_CARRIER|CANC_WEATHER
GNV,2,171,-5.67,-13.18,11,42.73,37.09,2,275.5,244.5,DELAY_LATE_AIRCRAFT|DELAY_CARRIER|DELAY_NAS
GNV,3,178,-5.15,-10.35,23,29.43,23.57,10,153.7,145.2,DELAY_LATE_AIRCRAFT|DELAY_CARRIER|DELAY_NAS
GNV,4,220,-5.91,-10.07,14,38.86,31.36,19,172.21,170.89,DELAY_LATE_AIRCRAFT|DELAY_CARRIER|DELAY_NAS
GNV,5,203,-5.41,-9.11,15,29.8,27.13,23,255.91,257.13,DELAY_LATE_AIRCRAFT|DELAY_CARRIER|DELAY_NAS
GNV,6,233,-5.84,-13.64,30,29.77,21.0,19,111.11,108.26,DELAY_LATE_AIRCRAFT|DELAY_CARRIER|DELAY_WEATHER
GNV,7,196,-6.04,-10.97,42,33.76,29.76,42,144.57,143.76,DELAY_LATE_AIRCRAFT|DELAY_NAS|DELAY_CARRIER
GNV,8,235,-6.69,-10.7,27,30.78,25.3,20,182.7,174.9,DELAY_LATE_AIRCRAFT|CANC_WEATHER|DELAY_NAS
GNV,9,235,-7.83,-15.24,18,32.72,25.78,15,122.73,117.4,DELAY_LATE_AIRCRAFT|CANC_WEATHER|DELAY_CARRIER
GNV,10,258,-8.04,-14.24,10,32.5,23.6,7,147.86,140.29,CANC_WEATHER|DELAY_LATE_AIRCRAFT|DELAY_NAS
GNV,11,205,-7.36,-14.15,23,34.17,24.87,9,263.56,260.78,DELAY_CARRIER|DELAY_LATE_AIRCRAFT|DELAY_NAS
GNV,12,200,-5.14,-11.21,22,24.91,19.36,17,152.29,146.65,DELAY_LATE_AIRCRAFT|DELAY_NAS|DELAY_CARRIER
GPT,1,183,-5.95,-10.32,25,31.92,25.16,21,204.19,208.0,DELAY_LATE_AIRCRAFT|DELAY_WEATHER|DELAY_NAS
GPT,2,215,-7.3,-11.26,16,29.38,25.38,7,287.14,276.43,DELAY_CARRIER|DELAY_LATE_AIRCRAFT|DELAY_NAS
GPT,3,251,-6.51,-9.69,15,28.93,26.0,11,200.45,200.36,DELAY_LATE_AIRCRAFT|DELAY_NAS|DELAY_CARRIER
GPT,4,232,-6.51,-9.47,18,31.5,30.61,16,234.12,238.5,DELAY_LATE_AIRCRAFT|DELAY_NAS|DELAY_CARRIER
GPT,5,218,-4.02,-6.89,27,32.48,32.96,28,171.82,172.71,DELAY_LATE_AIRCRAFT|DELAY_NAS|DELAY_CARRIER
GPT,6,236,-6.76,-12.98,42,30.52,25.4,20,207.65,197.95,DELAY_LATE_AIRCRAFT|DELAY_CARRIER|DELAY_NAS
GPT,7,223,-7.26,-10.63,39,36.59,33.69,33,222.48,218.36,DELAY_LATE_AIRCRAFT|DELAY_CARRIER|DELAY_NAS
GPT,8,259,-8.47,-13.75,20,30.15,26.25,17,198.29,189.53,DELAY_LATE_AIRCRAFT|DELAY_CARRIER|DELAY_NAS
GPT,9,233,-7.72,-8.91,26,32.08,27.46,23,200.96,193.74,DELAY_LATE_AIRCRAFT|DELAY_CARRIER|DELAY_NAS
GPT,10,272,-7.39,-11.38,22,32.95,27.18,5,117.6,111.6,DELAY_LATE_AIRCRAFT|DELAY_CARRIER|DELAY_NAS
GPT,11,247,-7.23,-9.19,18,32.22,27.28,7,232.71,250.71,DELAY_CARRIER|DELAY_NAS|DELAY_LATE_AIRCRAFT
GPT,12,242,-6.1,-8.41,29,33.21,32.21,24,173.0,180.79,DELAY_LATE_AIRCRAFT|DELAY_CARRIER|DELAY_NAS
GRB,1,233,-3.8,-10.88,27,35.93,26.11,52,191.58,182.44,DELAY_CARRIER|DELAY_NAS|CANC_WEATHER
GRB,2,312,-6.09,-17.03,12,30.25,26.92,24,232.96,218.0,DELAY_WEATHER|DELAY_CARRIER|DELAY_NAS
GRB,3,340,-5.76,-13.56,29,36.9,30.76,22,146.14,135.86,DELAY_CARRIER|DELAY_WEATHER|DELAY_LATE_AIRCRAFT
GRB,4,338,-5.15,-7.51,20,30.95,30.2,29,198.93,195.66,DELAY_CARRIER|DELAY_LATE_AIRCRAFT|DELAY_NAS
GRB,5,277,-5.19,-10.1,31,35.48,29.55,40,177.28,177.47,DELAY_CARRIER|DELAY_LATE_AIRCRAFT|DELAY_WEATHER
GRB,6,286,-5.45,-6.18,44,31.27,38.16,36,187.0,189.06,DELAY_CARRIER|DELAY_NAS|DELAY_LATE_AIRCRAFT
GRB,7,224,-5.61,-6.72,26,33.73,34.77,30,142.97,143.93,DELAY_CARRIER|DELAY_NAS|DELAY_LATE_AIRCRAFT
GRB,8,307,-5.03,-5.71,47,33.53,31.74,25,122.0,121.96,DELAY_CARRIER|DELAY_NAS|DELAY_LATE_AIRCRAFT
GRB,9,343,-5.54,-10.54,43,28.23,23.28,17,117.18,116.18,DELAY_CARRIER|DELAY_LATE_AIRCRAFT|DELAY_NAS
GRB,10,338,-5.45,-12.05,20,35.0,30.2,12,102.67,90.67,DELAY_CARRIER|DELAY_LATE_AIRCRAFT|DELAY_NAS
GRB,11,241,-5.08,-12.49,32,31.94,24.78,20,153.7,147.7,DELAY_CARRIER|DELAY_WEATHER|DELAY_NAS
GRB,12,199,-4.37,-10.11,27,30.33,23.41,36,211.08,201.64,DELAY_CARRIER|DELAY_WEATHER|DELAY_LATE_AIRCRAFT
GRI,1,55,-5.8,-6.38,8,26.0,33.75,13,191.23,197.31,DELAY_CARRIER|DELAY_NAS|CANC_WEATHER
GRI,2,69,-7.04,-15.38,6,35.0,25.67,1,410.0,408.0,DELAY_CARRIER|DELAY_LATE_AIRCRAFT|DELAY_NAS
GRI,3,70,-5.83,-16.83,6,36.5,27.33,4,133.25,155.0,DELAY_NAS|DELAY_LATE_AIRCRAFT|DELAY_CARRIER
GRI,4,61,-5.54,-11.61,4,28.75,23.25,8,216.88,223.88,DELAY_CARRIER|DELAY_LATE_AIRCRAFT|CANC_WEATHER
GRI,5,60,-3.22,-9.3,10,30.2,22.5,7,297.86,293.71,DELAY_CARRIER|DELAY_WEATHER|CANC_WEATHER
GRI,6,56,-5.66,-10.11,5,26.0,17.2,15,132.87,131.73,DELAY_CARRIER|DELAY_LATE_AIRCRAFT|DELAY_WEATHER
GRI,7,66,-7.62,-4.61,7,29.43,26.71,3,221.67,214.0,DELAY_CARRIER|DELAY_NAS|CANC_CARRIER
GRI,8,61,-5.82,-8.05,14,28.57,29.29,5,238.0,236.4,DELAY_CARRIER|DELAY_NAS|DELAY_LATE_AIRCRAFT
GRI,9,60,-5.2,-1.15,11,30.73,33.09,7,192.43,186.86,DELAY_CARRIER|DELAY_WEATHER|DELAY_LATE_AIRCRAFT
GRI,10,63,-3.56,-9.1,12,36.42,30.0,5,159.2,161.2,DELAY_CARRIER|DELAY_LATE_AIRCRAFT
GRI,11,56,-4.84,-7.09,4,33.5,43.0,16,274.69,273.81,DELAY_CARRIER|DELAY_NAS|CANC_WEATHER
GRI,12,52,-4.6,-15.04,19,31.05,28.42,14,187.07,183.71,DELAY_CARRIER|DELAY_NAS|CANC_WEATHER
GRK,1,90,-5.31,-6.8,15,33.07,40.0,15,122.93,118.47,DELAY_CARRIER|DELAY_LATE_AIRCRAFT|CANC_WEATHER
GRK,2,108,-5.31,-7.68,6,21.33,22.83,2,89.0,86.5,DELAY_CARRIER|DELAY_LATE_AIRCRAFT|DELAY_WEATHER
GRK,3,98,-4.41,-7.65,13,26.31,28.77,9,84.44,78.11,DELAY_LATE_AIRCRAFT|DELAY_CARRIER|DELAY_NAS
GRK,4,115,-5.54,-9.11,9,37.33,41.0,16,215.31,222.62,DELAY_WEATHER|DELAY_LATE_AIRCRAFT|DELAY_NAS
GRK,5,100,-4.08,-6.13,26,33.0,31.27,22,163.05,168.05,DELAY_LATE_AIRCRAFT|DELAY_WEATHER|DELAY_CARRIER
GRK,6,94,-2.36,-4.45,28,32.89,32.82,22,151.68,146.5,DELAY_LATE_AIRCRAFT|DELAY_CARRIER|DELAY_NAS
GRK,7,122,-4.43,-8.46,30,35.4,31.07,23,133.74,131.61,DELAY_LATE_AIRCRAFT|DELAY_CARRIER|DELAY_NAS
GRK,8,122,-4.64,-8.16,21,31.71,28.81,7,244.57,237.71,DELAY_LATE_AIRCRAFT|DELAY_CARRIER
GRK,9,121,-3.8,-5.28,19,32.63,32.53,9,124.0,119.22,DELAY_LATE_AIRCRAFT|DELAY_CARRIER|DELAY_NAS
GRK,10,154,-5.31,-8.9,14,27.0,19.43,7,122.0,116.29,DELAY_LATE_AIRCRAFT|DELAY_CARRIER|DELAY_NAS
GRK,11,136,-5.43,-10.9,20,28.85,28.85,13,109.46,104.15,DELAY_LATE_AIRCRAFT|DELAY_CARRIER|CANC_WEATHER
GRK,12,130,-4.62,-6.03,17,31.06,28.94,5,137.4,136.8,DELAY_LATE_AIRCRAFT|DELAY_NAS|CANC_WEATHER
GRR,1,1097,-4.22,-8.52,192,31.62,32.23,178,199.56,207.4,DELAY_NAS|DELAY_LATE_AIRCRAFT|DELAY_CARRIER
GRR,2,1311,-5.95,-18.6,110,30.66,20.89,70,179.66,175.71,DELAY_LATE_AIRCRAFT|DELAY_NAS|DELAY_CARRIER
GRR,3,1408,-6.07,-12.52,167,31.38,27.68,100,197.54,199.44,DELAY_NAS|DELAY_LATE_AIRCRAFT|DELAY_CARRIER
GRR,4,1328,-6.49,-14.03,123,32.45,26.02,66,154.59,148.21,DELAY_LATE_AIRCRAFT|DELAY_CARRIER|DELAY_NAS
GRR,5,1167,-4.81,-10.35,139,31.82,29.18,111,148.14,151.13,DELAY_LATE_AIRCRAFT|DELAY_NAS|DELAY_CARRIER
GRR,6,1166,-4.3,-8.77,206,31.69,27.83,128,149.98,150.09,DELAY_LATE_AIRCRAFT|DELAY_NAS|DELAY_CARRIER
GRR,7,1134,-3.82,-6.73,200,33.74,32.89,150,160.11,158.63,DELAY_LATE_AIRCRAFT|DELAY_CARRIER|DELAY_NAS
GRR,8,1139,-3.82,-7.86,201,31.21,31.02,95,160.03,162.33,DELAY_LATE_AIRCRAFT|DELAY_CARRIER|DELAY_NAS
GRR,9,1267,-4.57,-9.46,121,29.62,25.53,45,160.84,156.93,DELAY_NAS|DELAY_CARRIER|DELAY_LATE_AIRCRAFT
GRR,10,1322,-4.85,-10.97,105,31.02,25.3,47,173.91,168.57,DELAY_LATE_AIRCRAFT|DELAY_CARRIER|DELAY_NAS
GRR,11,1228,-5.67,-9.88,126,30.9,29.9,74,159.04,160.0,DELAY_NAS|DELAY_LATE_AIRCRAFT|DELAY_CARRIER
GRR,12,1287,-4.48,-8.62,192,31.68,31.07,123,188.11,186.33,DELAY_NAS|DELAY_CARRIER|DELAY_LATE_AIRCRAFT
GSO,1,759,-5.68,-12.45,63,34.25,31.84,70,176.79,170.46,DELAY_LATE_AIRCRAFT|DELAY_NAS|DELAY_CARRIER
GSO,2,815,-6.16,-13.98,47,29.89,22.38,31,191.58,184.87,DELAY_NAS|DELAY_LATE_AIRCRAFT|DELAY_CARRIER
GSO,3,880,-5.66,-12.05,49,30.94,25.16,36,163.61,161.97,DELAY_LATE_AIRCRAFT|DELAY_NAS|DELAY_CARRIER
GSO,4,853,-5.07,-7.6,54,27.48,27.15,41,178.63,177.73,DELAY_NAS|DELAY_LATE_AIRCRAFT|DELAY_CARRIER
GSO,5,812,-4.77,-7.98,91,34.98,31.64,88,161.66,162.44,DELAY_LATE_AIRCRAFT|DELAY_CARRIER|DELAY_NAS
GSO,6,845,-4.89,-10.85,91,32.87,29.05,66,166.36,165.44,DELAY_LATE_AIRCRAFT|DELAY_NAS|DELAY_CARRIER
GSO,7,729,-4.2,-7.09,140,34.68,34.05,131,160.6,163.81,DELAY_LATE_AIRCRAFT|DELAY_CARRIER|DELAY_NAS
GSO,8,864,-5.25,-8.76,90,32.68,31.84,104,186.13,184.35,DELAY_LATE_AIRCRAFT|DELAY_NAS|DELAY_CARRIER
GSO,9,916,-5.12,-10.09,87,31.68,26.06,49,160.31,161.31,DELAY_LATE_AIRCRAFT|DELAY_NAS|DELAY_CARRIER
GSO,10,987,-5.2,-10.41,68,28.75,21.1,30,149.3,141.8,DELAY_NAS|DELAY_LATE_AIRCRAFT|DELAY_CARRIER
GSO,11,858,-4.37,-7.38,54,31.41,30.44,28,208.61,210.86,DELAY_NAS|DELAY_CARRIER|DELAY_LATE_AIRCRAFT
GSO,12,752,-2.82,-7.24,103,31.66,26.76,60,133.83,128.73,DELAY_NAS|DELAY_LATE_AIRCRAFT|DELAY_CARRIER
GSP,1,955,-4.3,-10.72,119,33.2,27.59,93,153.78,146.68,DELAY_LATE_AIRCRAFT|DELAY_CARRIER|DELAY_NAS
GSP,2,1052,-5.18,-11.19,63,29.59,20.56,37,161.65,154.62,DELAY_CARRIER|DELAY_NAS|DELAY_LATE_AIRCRAFT
GSP,3,1120,-4.78,-10.4,99,30.0,23.71,45,164.93,159.18,DELAY_LATE_AIRCRAFT|DELAY_NAS|DELAY_CARRIER
GSP,4,1150,-4.49,-8.7,114,30.12,28.05,54,139.13,137.07,DELAY_LATE_AIRCRAFT|DELAY_NAS|DELAY_CARRIER
GSP,5,1105,-3.4,-8.08,173,32.5,28.56,148,149.66,148.78,DELAY_LATE_AIRCRAFT|DELAY_NAS|DELAY_CARRIER
GSP,6,1169,-3.98,-8.8,127,31.54,25.97,89,191.57,189.2,DELAY_LATE_AIRCRAFT|DELAY_NAS|DELAY_CARRIER
GSP,7,1078,-3.81,-7.86,177,35.65,36.06,183,157.04,154.13,DELAY_LATE_AIRCRAFT|DELAY_NAS|DELAY_CARRIER
GSP,8,1197,-4.55,-9.19,145,32.54,29.92,101,153.91,152.9,DELAY_LATE_AIRCRAFT|DELAY_NAS|DELAY_CARRIER
GSP,9,1147,-4.57,-9.94,111,32.22,26.37,76,168.32,164.04,DELAY_LATE_AIRCRAFT|DELAY_CARRIER|DELAY_NAS
GSP,10,1309,-5.27,-10.15,99,30.07,23.48,54,157.56,153.17,DELAY_NAS|DELAY_LATE_AIRCRAFT|DELAY_CARRIER
GSP,11,1212,-4.43,-9.19,98,29.35,23.43,29,127.9,123.1,DELAY_NAS|DELAY_LATE_AIRCRAFT|DELAY_CARRIER
GSP,12,1073,-3.37,-9.05,166,31.09,23.2,88,147.7,141.6,DELAY_LATE_AIRCRAFT|DELAY_CARRIER|DELAY_NAS
GST,6,30,-13.3,-15.0,0,,,0,,,N/D
GST,7,22,0.23,-2.05,4,33.0,24.75,3,123.33,120.0,DELAY_LATE_AIRCRAFT|DELAY_SECURITY|CANC_WEATHER
GST,8,21,-9.71,-12.43,3,24.67,15.67,1,224.0,220.0,CANC_WEATHER|CANC_CARRIER|DELAY_CARRIER
GTF,1,171,-5.75,-10.92,18,31.56,23.61,24,225.67,229.42,DELAY_CARRIER|DELAY_LATE_AIRCRAFT|DELAY_WEATHER
GTF,2,180,-4.91,-7.61,11,33.18,32.27,17,291.94,296.12,DELAY_CARRIER|DELAY_NAS|DELAY_WEATHER
GTF,3,206,-5.57,-9.67,11,35.27,28.55,11,218.18,221.36,DELAY_CARRIER|DELAY_LATE_AIRCRAFT|DELAY_NAS
GTF,4,204,-5.16,-10.12,10,38.8,29.7,9,263.78,259.44,DELAY_CARRIER|DELAY_LATE_AIRCRAFT|DELAY_NAS
GTF,5,190,-5.84,-11.81,12,36.17,29.08,8,132.5,125.38,DELAY_CARRIER|DELAY_NAS|DELAY_LATE_AIRCRAFT
GTF,6,171,-4.56,-10.72,12,32.42,25.0,6,185.83,174.33,DELAY_CARRIER|DELAY_LATE_AIRCRAFT|DELAY_NAS
GTF,7,175,-4.38,-11.63,10,30.7,17.5,5,327.2,317.6,DELAY_CARRIER|DELAY_LATE_AIRCRAFT|DELAY_NAS
GTF,8,180,-5.42,-10.02,8,36.75,35.12,4,120.25,127.5,DELAY_NAS|DELAY_CARRIER|DELAY_LATE_AIRCRAFT
GTF,9,168,-5.49,-13.38,9,29.22,16.89,3,123.67,109.67,DELAY_CARRIER|DELAY_LATE_AIRCRAFT|DELAY_NAS
GTF,10,177,-4.89,-12.73,10,30.5,18.2,7,153.14,137.14,DELAY_CARRIER|DELAY_LATE_AIRCRAFT|DELAY_NAS
GTF,11,171,-5.2,-5.95,12,33.25,35.5,5,84.8,86.0,DELAY_CARRIER|DELAY_NAS|CANC_WEATHER
GTF,12,183,-5.83,-14.91,11,33.82,24.64,8,236.25,232.0,DELAY_CARRIER|DELAY_LATE_AIRCRAFT|DELAY_NAS
GTR,1,46,-5.0,-19.46,2,32.0,32.0,8,156.12,160.12,DELAY_LATE_AIRCRAFT|CANC_NAS|CANC_WEATHER
GTR,2,55,-5.84,-18.56,3,25.0,9.67,0,,,DELAY_CARRIER
GTR,3,58,-4.76,-11.48,3,21.67,3.33,1,384.0,381.0,DELAY_CARRIER|DELAY_LATE_AIRCRAFT|DELAY_NAS
GTR,4,54,-5.74,-11.26,3,37.67,28.33,3,118.33,112.0,DELAY_CARRIER|DELAY_LATE_AIRCRAFT|DELAY_NAS
GTR,5,57,-3.79,-7.68,3,40.0,43.33,2,163.5,163.0,DELAY_LATE_AIRCRAFT|DELAY_CARRIER|DELAY_NAS
GTR,6,56,-6.02,-10.8,3,42.0,42.33,1,126.0,127.0,DELAY_LATE_AIRCRAFT|DELAY_NAS|DELAY_CARRIER
GTR,7,47,-4.96,-5.83,5,28.6,23.2,7,175.43,170.71,DELAY_LATE_AIRCRAFT|DELAY_NAS|DELAY_WEATHER
GTR,8,59,-6.9,-16.95,1,23.0,21.0,1,99.0,95.0,DELAY_LATE_AIRCRAFT
GTR,9,56,-5.64,-11.2,2,22.0,10.0,2,65.0,99.0,DELAY_NAS|DELAY_CARRIER
GTR,10,62,-7.31,-13.11,0,,,0,,,DELAY_NAS
GTR,11,57,-6.16,-9.56,2,29.5,29.5,1,292.0,285.0,DELAY_NAS|DELAY_CARRIER|DELAY_LATE_AIRCRAFT
GTR,12,54,-5.54,-12.7,4,33.0,46.25,3,101.33,99.0,DELAY_NAS|DELAY_LATE_AIRCRAFT|DELAY_CARRIER
GUC,1,71,-6.23,-7.34,10,34.3,27.4,17,181.06,186.12,DELAY_LATE_AIRCRAFT|DELAY_CARRIER|DELAY_WEATHER
GUC,2,75,-5.65,-11.55,5,33.2,27.6,8,101.75,93.88,DELAY_CARRIER|DELAY_LATE_AIRCRAFT|DELAY_NAS
GUC,3,79,-7.09,-11.87,7,35.57,37.14,11,171.55,169.82,DELAY_CARRIER|DELAY_LATE_AIRCRAFT|DELAY_NAS
GUC,4,40,-7.45,-11.7,2,24.0,6.5,0,,,DELAY_NAS
GUC,5,34,-7.62,-12.24,1,20.0,16.0,5,112.4,109.0,DELAY_CARRIER|DELAY_NAS|DELAY_WEATHER
GUC,6,52,-7.27,-7.19,10,36.1,31.3,3,127.0,121.0,DELAY_CARRIER|DELAY_LATE_AIRCRAFT|DELAY_NAS
GUC,7,59,-6.47,-11.49,4,28.75,20.75,3,115.67,104.0,DELAY_CARRIER|DELAY_NAS|DELAY_LATE_AIRCRAFT
GUC,8,54,-6.52,-18.59,7,40.57,27.43,6,142.67,136.33,DELAY_CARRIER|DELAY_LATE_AIRCRAFT
GUC,9,62,-7.56,-24.34,0,,,1,63.0,57.0,DELAY_CARRIER|DELAY_NAS
GUC,10,59,-8.46,-22.22,1,22.0,20.0,2,94.5,90.5,DELAY_CARRIER|DELAY_LATE_AIRCRAFT|DELAY_WEATHER
GUC,11,47,-6.43,-20.51,5,43.2,28.0,3,194.33,194.0,DELAY_CARRIER|CANC_WEATHER|CANC_NAS
GUC,12,81,-6.63,-19.32,6,35.83,21.67,9,402.22,402.33,DELAY_LATE_AIRCRAFT|DELAY_CARRIER|CANC_WEATHER
GUM,1,59,-6.15,-18.73,2,17.0,-8.5,1,374.0,344.0,DELAY_LATE_AIRCRAFT
GUM,2,56,-5.46,-21.16,2,28.5,12.5,0,,,DELAY_CARRIER
GUM,3,61,-4.26,-19.49,1,32.0,-6.0,0,,,N/D
GUM,4,53,-7.87,-20.55,7,21.57,-9.14,0,,,N/D
GUM,5,55,-3.35,-16.07,5,30.6,2.4,1,829.0,795.0,CANC_CARRIER|DELAY_LATE_AIRCRAFT
GUM,6,48,0.15,-6.35,9,27.78,19.78,3,93.67,77.67,DELAY_CARRIER
GUM,7,55,-1.67,-11.56,7,29.29,11.14,0,,,DELAY_CARRIER
GUM,8,54,-1.65,-8.43,5,33.8,29.0,3,91.67,80.67,DELAY_CARRIER
GUM,9,51,-6.06,-16.43,3,43.0,14.67,2,130.0,109.5,DELAY_CARRIER|CANC_WEATHER|CANC_CARRIER
GUM,10,59,-6.44,-16.86,3,23.67,16.67,0,,,DELAY_CARRIER
GUM,11,56,-3.89,-7.86,2,32.5,16.5,1,112.0,111.0,DELAY_CARRIER|CANC_NAS
GUM,12,59,-3.66,-9.73,2,31.0,15.0,1,95.0,82.0,DELAY_NAS|DELAY_CARRIER
HDN,1,316,-4.02,-9.24,60,33.18,29.43,41,193.46,191.27,DELAY_LATE_AIRCRAFT|DELAY_NAS|DELAY_CARRIER
HDN,2,304,-4.0,-10.74,83,31.14,30.83,33,155.18,160.67,DELAY_LATE_AIRCRAFT|DELAY_NAS|DELAY_CARRIER
HDN,3,340,-5.68,-10.32,52,30.81,28.48,34,329.15,336.38,DELAY_NAS|DELAY_LATE_AIRCRAFT|DELAY_CARRIER
HDN,4,108,-4.82,-9.48,10,31.7,22.3,2,99.5,93.0,DELAY_LATE_AIRCRAFT|DELAY_CARRIER|DELAY_NAS
HDN,5,85,-7.06,-12.71,10,31.3,15.9,7,114.29,125.71,DELAY_LATE_AIRCRAFT|DELAY_NAS|DELAY_CARRIER
HDN,6,98,-4.3,-8.53,16,28.19,17.19,7,99.71,94.57,DELAY_CARRIER|DELAY_LATE_AIRCRAFT|DELAY_NAS
HDN,7,94,-3.1,-12.69,25,37.12,24.04,12,140.17,132.58,DELAY_CARRIER|DELAY_LATE_AIRCRAFT|DELAY_NAS
HDN,8,101,-2.01,-10.73,20,34.4,28.35,11,188.73,176.55,DELAY_CARRIER|DELAY_NAS|DELAY_LATE_AIRCRAFT
HDN,9,110,-5.76,-13.88,6,21.33,8.5,5,145.4,135.8,DELAY_CARRIER|DELAY_LATE_AIRCRAFT|DELAY_NAS
HDN,10,108,-5.64,-14.0,4,41.25,26.0,2,103.5,84.0,DELAY_CARRIER|DELAY_LATE_AIRCRAFT|DELAY_NAS
HDN,11,89,-4.3,-14.26,13,35.77,21.08,11,140.45,148.73,DELAY_LATE_AIRCRAFT|DELAY_CARRIER|CANC_WEATHER
HDN,12,192,-4.56,-14.26,48,32.08,25.88,27,175.33,176.85,DELAY_LATE_AIRCRAFT|DELAY_NAS|DELAY_CARRIER
HGR,1,12,-7.83,-16.08,4,28.75,37.25,1,112.0,107.0,DELAY_CARRIER|DELAY_NAS
HGR,2,12,-3.33,-5.33,2,36.5,37.5,3,298.33,303.0,DELAY_CARRIER|DELAY_LATE_AIRCRAFT|DELAY_NAS
HGR,3,12,2.0,-1.08,4,40.0,45.5,2,78.0,98.0,DELAY_LATE_AIRCRAFT|DELAY_NAS
HGR,4,7,-10.43,-21.86,8,35.75,27.5,1,129.0,131.0,DELAY_LATE_AIRCRAFT|DELAY_CARRIER|CANC_CARRIER
HGR,5,13,-8.38,-13.15,5,25.0,22.4,3,120.67,133.33,DELAY_LATE_AIRCRAFT|DELAY_NAS
HGR,6,16,-8.75,-12.12,15,38.13,31.93,4,97.75,91.5,DELAY_LATE_AIRCRAFT|DELAY_CARRIER|CANC_NAS
HGR,7,19,-9.11,-11.0,14,32.21,26.86,10,283.7,283.6,DELAY_LATE_AIRCRAFT|DELAY_CARRIER|CANC_CARRIER
HGR,8,24,-3.79,-1.29,6,27.17,23.17,2,113.5,137.5,DELAY_LATE_AIRCRAFT|DELAY_NAS|CANC_WEATHER
HGR,9,18,-6.44,-5.56,1,52.0,76.0,0,,,DELAY_LATE_AIRCRAFT
HGR,10,19,-7.68,-7.05,3,22.0,18.33,3,172.33,169.0,DELAY_LATE_AIRCRAFT|CANC_WEATHER|DELAY_CARRIER
HGR,11,17,-8.18,-18.18,2,39.0,35.5,3,390.67,388.0,DELAY_LATE_AIRCRAFT|DELAY_CARRIER
HGR,12,9,2.11,-5.67,3,37.33,26.33,9,234.78,226.0,DELAY_LATE_AIRCRAFT|DELAY_CARRIER|CANC_WEATHER
HHH,1,49,-5.59,-12.55,5,38.0,35.4,3,101.0,100.33,CANC_WEATHER|DELAY_LATE_AIRCRAFT|DELAY_NAS
HHH,2,62,-6.29,-10.61,7,31.71,28.29,3,100.0,98.67,DELAY_LATE_AIRCRAFT|DELAY_NAS|CANC_WEATHER
HHH,3,77,-4.97,-6.71,14,38.29,31.5,3,112.67,103.0,DELAY_LATE_AIRCRAFT|DELAY_NAS
HHH,4,136,-3.63,-5.79,26,26.12,18.23,12,135.75,126.42,DELAY_LATE_AIRCRAFT|DELAY_NAS|DELAY_CARRIER
HHH,5,144,-3.74,-7.32,39,30.41,28.79,46,144.91,142.0,DELAY_LATE_AIRCRAFT|DELAY_CARRIER|DELAY_NAS
HHH,6,184,-4.87,-10.02,28,29.14,22.61,16,119.81,111.88,DELAY_LATE_AIRCRAFT|DELAY_NAS|DELAY_CARRIER
HHH,7,172,-4.9,-9.14,34,30.26,29.29,22,187.91,196.05,DELAY_LATE_AIRCRAFT|DELAY_NAS|DELAY_CARRIER
HHH,8,178,-4.84,-10.79,27,33.96,26.74,12,294.67,301.17,DELAY_LATE_AIRCRAFT|DELAY_NAS|CANC_WEATHER
HHH,9,148,-5.42,-8.33,16,32.94,33.62,21,121.33,120.9,DELAY_LATE_AIRCRAFT|DELAY_NAS|DELAY_CARRIER
HHH,10,151,-6.54,-6.09,15,31.53,32.4,7,97.29,91.0,DELAY_NAS|DELAY_LATE_AIRCRAFT|DELAY_CARRIER
HHH,11,73,-3.75,-2.1,12,31.08,21.67,1,166.0,146.0,DELAY_NAS|DELAY_LATE_AIRCRAFT|DELAY_CARRIER
HHH,12,58,-3.64,-2.6,14,32.93,30.86,4,135.25,142.75,DELAY_LATE_AIRCRAFT|DELAY_NAS|CANC_WEATHER
HIB,1,42,-7.02,-12.36,4,33.25,34.0,5,111.6,101.0,DELAY_CARRIER|DELAY_WEATHER|DELAY_NAS
HIB,2,42,-9.31,-12.45,4,33.0,20.25,3,224.33,232.33,DELAY_CARRIER|DELAY_WEATHER|CANC_WEATHER
HIB,3,47,-9.83,-23.15,1,15.0,-6.0,5,78.8,72.8,DELAY_CARRIER|DELAY_NAS|CANC_WEATHER
HIB,4,46,-9.52,-24.33,4,38.75,23.0,1,92.0,75.0,DELAY_CARRIER|DELAY_WEATHER
HIB,5,48,-8.52,-20.58,3,34.67,22.67,2,196.5,182.0,DELAY_CARRIER|DELAY_WEATHER
HIB,6,41,-6.83,-3.22,3,29.67,46.67,8,366.38,373.38,DELAY_CARRIER|DELAY_NAS|DELAY_WEATHER
HIB,7,46,-7.22,-3.54,5,30.8,34.0,1,68.0,71.0,DELAY_CARRIER|DELAY_NAS|DELAY_WEATHER
HIB,8,46,-7.89,-5.67,4,45.5,68.5,4,346.0,350.5,DELAY_CARRIER|DELAY_NAS
HIB,9,50,-8.3,-16.76,0,,,3,137.33,145.33,DELAY_CARRIER|DELAY_NAS
HIB,10,46,-9.52,-19.24,2,45.5,32.5,4,166.75,151.5,DELAY_CARRIER|DELAY_WEATHER
HIB,11,51,-10.73,-24.43,2,37.0,17.5,0,,,DELAY_CARRIER|DELAY_WEATHER
HIB,12,34,-6.18,-10.65,8,32.88,12.38,7,129.14,118.0,DELAY_CARRIER|CANC_WEATHER|DELAY_NAS
HLN,1,119,-4.24,-6.19,16,29.25,37.19,21,266.24,273.57,DELAY_CARRIER|DELAY_LATE_AIRCRAFT|DELAY_NAS
HLN,2,130,-5.54,-3.81,7,32.0,37.0,7,171.71,169.43,DELAY_CARRIER|DELAY_NAS|DELAY_WEATHER
HLN,3,127,-5.64,-6.97,4,17.25,22.5,4,172.25,175.0,DELAY_CARRIER|DELAY_NAS|CANC_WEATHER
HLN,4,109,-6.19,-15.75,5,25.0,9.2,6,243.67,242.83,DELAY_CARRIER|DELAY_LATE_AIRCRAFT|DELAY_WEATHER
HLN,5,109,-5.75,-12.99,4,22.0,11.75,11,179.36,174.82,DELAY_CARRIER|DELAY_NAS|DELAY_LATE_AIRCRAFT
HLN,6,105,-5.91,-10.34,6,28.67,33.83,7,298.0,295.14,DELAY_CARRIER|DELAY_NAS|DELAY_LATE_AIRCRAFT
HLN,7,109,-5.41,-9.94,3,29.0,24.0,11,205.27,207.55,DELAY_CARRIER|DELAY_LATE_AIRCRAFT|DELAY_NAS
HLN,8,111,-5.69,-8.65,7,29.43,33.14,6,464.17,466.33,DELAY_CARRIER|DELAY_NAS|DELAY_LATE_AIRCRAFT
HLN,9,108,-6.43,-13.56,5,41.8,40.2,7,147.86,150.71,DELAY_CARRIER|DELAY_WEATHER|DELAY_LATE_AIRCRAFT
HLN,10,135,-6.42,-10.44,3,23.0,16.0,5,322.4,318.6,DELAY_CARRIER|DELAY_LATE_AIRCRAFT|DELAY_WEATHER
HLN,11,103,-4.69,-10.59,8,31.25,28.12,5,279.2,283.8,DELAY_CARRIER|DELAY_NAS|DELAY_LATE_AIRCRAFT
HLN,12,107,-6.31,-19.07,7,28.71,21.43,7,199.14,193.43,DELAY_CARRIER|DELAY_WEATHER|DELAY_LATE_AIRCRAFT
HNL,1,3836,-0.55,-8.36,909,29.69,20.71,276,121.53,107.6,DELAY_LATE_AIRCRAFT|DELAY_CARRIER|CANC_CARRIER
HNL,2,3924,-1.12,-8.53,597,29.12,15.85,214,150.69,132.32,DELAY_CARRIER|DELAY_LATE_AIRCRAFT|DELAY_NAS
HNL,3,4634,-1.39,-6.14,504,27.51,21.46,90,124.2,113.36,DELAY_CARRIER|DELAY_LATE_AIRCRAFT|DELAY_NAS
HNL,4,4395,-1.47,-5.67,482,28.74,23.53,172,136.08,128.02,DELAY_CARRIER|DELAY_LATE_AIRCRAFT|DELAY_NAS
HNL,5,4331,-1.14,-3.4,598,30.09,28.76,209,126.62,125.39,DELAY_CARRIER|DELAY_LATE_AIRCRAFT|CANC_CARRIER
HNL,6,4467,-1.45,-3.94,574,28.26,25.34,146,119.01,113.27,DELAY_CARRIER|DELAY_LATE_AIRCRAFT|DELAY_NAS
HNL,7,4596,-1.22,-3.43,648,28.51,25.91,191,123.03,119.44,DELAY_CARRIER|DELAY_LATE_AIRCRAFT|DELAY_NAS
HNL,8,4598,-1.65,-7.43,465,29.49,20.58,141,149.31,136.53,DELAY_CARRIER|DELAY_LATE_AIRCRAFT|CANC_CARRIER
HNL,9,4427,-2.53,-6.22,327,27.99,21.77,67,147.94,143.24,DELAY_CARRIER|DELAY_LATE_AIRCRAFT|DELAY_NAS
HNL,10,4335,-1.72,-5.81,461,28.67,22.13,129,125.28,115.53,DELAY_CARRIER|DELAY_LATE_AIRCRAFT|DELAY_NAS
HNL,11,4460,-2.65,-6.23,329,28.97,21.81,112,117.91,107.98,DELAY_CARRIER|DELAY_LATE_AIRCRAFT|DELAY_NAS
HNL,12,4531,-1.96,-5.55,558,29.06,22.93,152,138.97,129.61,DELAY_CARRIER|DELAY_LATE_AIRCRAFT|DELAY_NAS
HOB,5,7,-1.71,-11.29,4,20.5,26.75,4,200.25,189.5,DELAY_CARRIER|DELAY_LATE_AIRCRAFT|DELAY_NAS
HOB,6,42,-6.26,-8.12,6,39.33,32.17,10,209.8,210.6,DELAY_CARRIER|CANC_WEATHER|DELAY_WEATHER
HOB,7,49,-4.49,-6.02,3,37.33,33.33,7,157.86,156.86,DELAY_CARRIER|CANC_WEATHER|DELAY_LATE_AIRCRAFT
HOB,8,40,-6.85,-12.03,15,34.27,29.8,7,218.86,202.29,DELAY_CARRIER|DELAY_LATE_AIRCRAFT|DELAY_NAS
HOB,9,55,-5.2,-13.42,3,29.33,20.67,2,467.5,450.0,DELAY_CARRIER|DELAY_LATE_AIRCRAFT
HOB,10,57,-4.75,-14.14,3,33.0,20.33,2,473.5,458.0,DELAY_CARRIER|DELAY_LATE_AIRCRAFT
HOB,11,41,-5.2,-17.56,11,27.45,10.0,7,200.0,191.0,DELAY_CARRIER|CANC_WEATHER|DELAY_LATE_AIRCRAFT
HOB,12,47,-3.09,-10.47,9,33.0,15.89,6,278.0,263.67,DELAY_CARRIER|DELAY_NAS
HOU,1,3345,-0.36,-6.35,843,29.42,26.66,315,127.12,134.05,DELAY_LATE_AIRCRAFT|DELAY_CARRIER|DELAY_NAS
HOU,2,3630,-1.55,-6.33,477,27.98,22.08,81,105.68,100.26,DELAY_CARRIER|DELAY_LATE_AIRCRAFT|DELAY_NAS
HOU,3,3801,-0.95,-8.82,814,29.71,22.97,264,119.23,113.05,DELAY_LATE_AIRCRAFT|DELAY_CARRIER|DELAY_NAS
HOU,4,3725,-0.82,-10.48,839,30.06,22.26,263,134.25,128.51,DELAY_LATE_AIRCRAFT|DELAY_CARRIER|DELAY_NAS
HOU,5,3040,0.49,-7.33,1161,31.43,26.36,671,150.96,145.67,DELAY_LATE_AIRCRAFT|DELAY_CARRIER|DELAY_NAS
HOU,6,3387,0.63,-7.42,1191,30.65,22.85,454,128.26,121.83,DELAY_LATE_AIRCRAFT|DELAY_CARRIER|DELAY_NAS
HOU,7,2950,0.75,-7.53,1356,31.59,23.85,680,130.04,124.14,DELAY_LATE_AIRCRAFT|DELAY_CARRIER|CANC_WEATHER
HOU,8,3772,-1.37,-12.18,674,30.05,19.0,212,129.64,119.98,DELAY_LATE_AIRCRAFT|DELAY_CARRIER|DELAY_NAS
HOU,9,3758,-1.54,-11.86,545,28.9,18.27,79,97.47,87.18,DELAY_LATE_AIRCRAFT|DELAY_CARRIER|DELAY_NAS
HOU,10,4063,-1.34,-12.44,604,29.55,19.05,171,123.4,117.2,DELAY_LATE_AIRCRAFT|DELAY_CARRIER|DELAY_NAS
HOU,11,3865,-1.75,-8.74,505,29.62,22.63,131,108.95,107.08,DELAY_LATE_AIRCRAFT|DELAY_CARRIER|DELAY_NAS
HOU,12,3502,-0.73,-7.24,744,30.35,25.18,352,137.74,139.06,DELAY_LATE_AIRCRAFT|DELAY_CARRIER|DELAY_NAS
HPN,1,765,-4.36,-7.16,151,33.7,34.12,118,186.94,185.48,DELAY_LATE_AIRCRAFT|DELAY_NAS|DELAY_CARRIER
HPN,2,839,-4.84,-16.81,111,31.13,24.19,51,160.29,152.86,DELAY_CARRIER|DELAY_LATE_AIRCRAFT|DELAY_NAS
HPN,3,897,-4.52,-12.71,121,31.12,24.93,63,166.56,162.49,DELAY_LATE_AIRCRAFT|DELAY_NAS|DELAY_CARRIER
HPN,4,849,-5.21,-13.34,95,33.44,31.88,85,192.34,193.59,DELAY_LATE_AIRCRAFT|DELAY_CARRIER|DELAY_NAS
HPN,5,812,-5.45,-11.97,116,32.8,29.4,75,150.41,152.11,DELAY_LATE_AIRCRAFT|DELAY_NAS|DELAY_CARRIER
HPN,6,807,-5.74,-13.31,89,33.28,30.76,73,203.07,200.25,DELAY_LATE_AIRCRAFT|DELAY_CARRIER|DELAY_NAS
HPN,7,754,-4.65,-7.6,108,33.58,35.38,134,184.93,187.13,DELAY_LATE_AIRCRAFT|DELAY_CARRIER|DELAY_NAS
HPN,8,738,-5.26,-10.42,138,31.5,32.48,117,167.66,172.38,DELAY_LATE_AIRCRAFT|DELAY_CARRIER|DELAY_NAS
HPN,9,867,-7.9,-12.48,58,34.24,32.52,57,168.81,165.44,DELAY_CARRIER|DELAY_LATE_AIRCRAFT|DELAY_NAS
HPN,10,901,-6.44,-15.11,67,33.61,25.97,42,157.67,149.6,DELAY_CARRIER|DELAY_LATE_AIRCRAFT|CANC_WEATHER
HPN,11,837,-6.59,-17.19,86,32.4,24.02,47,133.36,123.62,DELAY_CARRIER|DELAY_LATE_AIRCRAFT|DELAY_NAS
HPN,12,721,-3.81,-8.77,147,31.58,30.07,134,152.73,152.67,DELAY_LATE_AIRCRAFT|DELAY_NAS|DELAY_CARRIER
HRL,1,273,-3.38,-8.26,37,33.22,27.27,23,136.57,139.43,DELAY_LATE_AIRCRAFT|DELAY_NAS|DELAY_CARRIER
HRL,2,296,-4.41,-8.2,21,28.86,21.33,4,90.5,87.25,DELAY_LATE_AIRCRAFT|DELAY_NAS|DELAY_CARRIER
HRL,3,290,-4.02,-9.56,35,30.91,22.34,22,131.18,126.64,DELAY_LATE_AIRCRAFT|DELAY_NAS|DELAY_CARRIER
HRL,4,317,-4.34,-8.82,37,31.24,30.86,22,138.86,141.5,DELAY_LATE_AIRCRAFT|DELAY_NAS|DELAY_WEATHER
HRL,5,246,-2.66,-3.93,67,31.43,33.1,30,174.1,180.2,DELAY_LATE_AIRCRAFT|DELAY_NAS|DELAY_CARRIER
HRL,6,243,-1.44,-1.61,49,28.08,28.02,24,145.04,142.12,DELAY_LATE_AIRCRAFT|DELAY_NAS|DELAY_CARRIER
HRL,7,239,-1.9,-1.02,70,31.49,33.14,29,133.62,138.48,DELAY_LATE_AIRCRAFT|DELAY_NAS|DELAY_CARRIER
HRL,8,310,-4.82,-7.5,25,28.24,24.76,12,100.42,98.92,DELAY_LATE_AIRCRAFT|DELAY_NAS|DELAY_CARRIER
HRL,9,296,-3.65,-7.35,33,27.39,25.88,11,140.18,138.27,DELAY_LATE_AIRCRAFT|DELAY_NAS|DELAY_CARRIER
HRL,10,359,-4.96,-9.21,32,28.78,24.22,10,135.8,128.8,DELAY_LATE_AIRCRAFT|DELAY_NAS|DELAY_CARRIER
HRL,11,362,-4.49,-9.88,23,30.7,27.0,10,142.9,144.3,DELAY_CARRIER|DELAY_LATE_AIRCRAFT|DELAY_NAS
HRL,12,331,-2.91,-7.91,39,34.56,33.92,28,144.18,144.29,DELAY_LATE_AIRCRAFT|DELAY_CARRIER|DELAY_NAS
HSV,1,482,-4.09,-7.37,74,31.7,30.82,70,153.07,150.1,DELAY_LATE_AIRCRAFT|DELAY_CARRIER|CANC_WEATHER
HSV,2,581,-5.34,-10.61,57,28.33,23.21,28,111.25,100.5,DELAY_LATE_AIRCRAFT|DELAY_CARRIER|DELAY_NAS
HSV,3,638,-4.54,-10.27,84,30.12,23.13,44,178.91,177.2,DELAY_LATE_AIRCRAFT|DELAY_CARRIER|DELAY_NAS
HSV,4,661,-4.53,-7.35,76,32.8,29.45,57,155.91,147.93,DELAY_LATE_AIRCRAFT|DELAY_CARRIER|DELAY_NAS
HSV,5,594,-3.06,-4.11,113,30.44,29.49,80,140.65,143.76,DELAY_LATE_AIRCRAFT|DELAY_NAS|DELAY_CARRIER
HSV,6,570,-3.7,-8.58,107,31.09,25.89,56,147.04,143.73,DELAY_CARRIER|DELAY_LATE_AIRCRAFT|DELAY_NAS
HSV,7,517,-2.13,-5.28,112,31.33,27.46,97,168.18,162.69,DELAY_CARRIER|DELAY_LATE_AIRCRAFT|DELAY_NAS
HSV,8,596,-3.73,-7.7,88,32.43,27.51,55,147.76,141.55,DELAY_CARRIER|DELAY_LATE_AIRCRAFT|DELAY_NAS
HSV,9,634,-4.13,-7.71,86,31.64,28.41,51,170.9,166.0,DELAY_CARRIER|DELAY_LATE_AIRCRAFT|DELAY_NAS
HSV,10,647,-4.18,-9.58,100,29.17,19.12,41,126.12,115.17,DELAY_CARRIER|DELAY_LATE_AIRCRAFT|DELAY_NAS
HSV,11,570,-3.58,-9.3,69,28.39,21.46,44,195.98,189.36,DELAY_CARRIER|DELAY_LATE_AIRCRAFT|DELAY_NAS
HSV,12,481,-2.09,-7.61,122,30.93,24.66,55,143.15,146.11,DELAY_CARRIER|DELAY_LATE_AIRCRAFT|DELAY_NAS
HTS,1,15,-4.47,-0.13,5,33.6,28.0,0,,,DELAY_CARRIER|DELAY_LATE_AIRCRAFT|DELAY_NAS
HTS,2,8,2.38,-3.12,6,21.17,24.83,3,65.0,56.33,DELAY_LATE_AIRCRAFT|DELAY_CARRIER|DELAY_NAS
HTS,3,8,1.75,3.5,5,37.8,36.2,4,446.0,446.75,DELAY_CARRIER|DELAY_LATE_AIRCRAFT|CANC_CARRIER
HTS,4,10,3.7,-4.3,4,22.25,14.25,3,109.67,114.0,DELAY_CARRIER|DELAY_LATE_AIRCRAFT|DELAY_NAS
HTS,5,12,-3.25,-12.25,7,28.43,28.14,12,173.75,173.0,DELAY_LATE_AIRCRAFT|DELAY_CARRIER|DELAY_NAS
HTS,6,47,-2.6,-2.89,22,33.18,31.45,19,175.16,174.53,DELAY_LATE_AIRCRAFT|DELAY_CARRIER|DELAY_NAS
HTS,7,57,-4.96,-1.47,18,34.17,32.83,9,226.78,225.78,DELAY_LATE_AIRCRAFT|CANC_CARRIER|DELAY_CARRIER
HTS,8,32,-6.72,-7.19,11,37.55,37.0,11,254.64,263.18,DELAY_LATE_AIRCRAFT|DELAY_CARRIER|DELAY_NAS
HTS,9,15,-6.33,-11.13,3,32.33,23.33,5,167.4,160.6,DELAY_CARRIER|DELAY_LATE_AIRCRAFT
HTS,10,9,-2.11,-2.78,5,33.6,29.8,1,63.0,63.0,CANC_WEATHER|DELAY_CARRIER|DELAY_LATE_AIRCRAFT
HTS,11,10,1.7,-4.1,5,33.4,32.8,5,162.4,159.2,DELAY_CARRIER|DELAY_LATE_AIRCRAFT|DELAY_NAS
HTS,12,11,4.64,1.82,8,30.25,26.75,7,121.71,115.71,DELAY_LATE_AIRCRAFT|DELAY_NAS|CANC_WEATHER
HYA,5,6,-11.33,-15.17,0,,,3,216.33,216.0,DELAY_LATE_AIRCRAFT
HYA,6,47,-6.23,0.3,8,37.62,41.38,8,177.0,182.62,DELAY_NAS|DELAY_LATE_AIRCRAFT|CANC_CARRIER
HYA,7,67,-4.09,1.64,11,34.45,37.09,11,163.73,167.27,DELAY_LATE_AIRCRAFT|DELAY_NAS|DELAY_CARRIER
HYA,8,69,-4.3,2.72,6,34.83,37.83,13,225.23,234.77,DELAY_NAS|DELAY_LATE_AIRCRAFT|DELAY_CARRIER
HYA,9,8,-4.0,8.0,0,,,1,64.0,61.0,DELAY_NAS|DELAY_LATE_AIRCRAFT
HYS,1,39,-8.51,-11.23,9,29.0,26.33,6,147.5,145.67,DELAY_LATE_AIRCRAFT|CANC_WEATHER|DELAY_CARRIER
HYS,2,53,-9.09,-13.85,3,38.0,46.0,2,122.5,128.0,DELAY_LATE_AIRCRAFT|DELAY_CARRIER|DELAY_NAS
HYS,3,54,-9.07,-17.07,2,50.0,38.0,4,108.5,106.75,DELAY_CARRIER|CANC_WEATHER|DELAY_LATE_AIRCRAFT
HYS,4,54,-6.54,-9.59,1,30.0,20.0,4,95.5,95.5,DELAY_LATE_AIRCRAFT|DELAY_NAS|CANC_WEATHER
HYS,5,44,-4.0,-11.3,6,34.83,31.17,12,323.58,318.33,DELAY_LATE_AIRCRAFT|DELAY_WEATHER|DELAY_CARRIER
HYS,6,48,-5.6,-15.1,1,44.0,49.0,2,229.5,212.0,DELAY_LATE_AIRCRAFT|DELAY_CARRIER|DELAY_NAS
HYS,7,47,-6.57,-18.09,0,,,6,234.33,228.0,DELAY_CARRIER|DELAY_LATE_AIRCRAFT|DELAY_NAS
HYS,8,47,-6.91,-18.94,2,21.5,7.0,4,182.5,169.0,DELAY_CARRIER|DELAY_LATE_AIRCRAFT|DELAY_NAS
HYS,9,48,-7.6,-21.19,0,,,4,221.0,209.0,DELAY_CARRIER
HYS,10,50,-8.18,-16.18,1,50.0,40.0,2,201.0,186.5,DELAY_LATE_AIRCRAFT|DELAY_CARRIER
HYS,11,45,-7.56,-8.33,2,50.5,37.5,3,125.67,121.33,DELAY_CARRIER|CANC_WEATHER|DELAY_LATE_AIRCRAFT
HYS,12,49,-6.49,-9.94,1,27.0,18.0,2,168.0,159.5,DELAY_CARRIER|CANC_WEATHER|DELAY_LATE_AIRCRAFT
IAD,1,3020,-2.56,-8.04,427,29.9,30.7,254,152.22,153.59,DELAY_NAS|CANC_CARRIER|DELAY_CARRIER
IAD,2,3406,-3.89,-12.28,227,31.22,20.58,111,137.16,125.15,DELAY_NAS|DELAY_CARRIER|DELAY_LATE_AIRCRAFT
IAD,3,3602,-3.42,-13.0,423,31.39,21.01,234,134.53,125.74,DELAY_NAS|DELAY_CARRIER|DELAY_LATE_AIRCRAFT
IAD,4,3640,-3.34,-8.82,399,29.48,23.62,236,143.46,133.89,DELAY_NAS|DELAY_CARRIER|DELAY_LATE_AIRCRAFT
IAD,5,3791,-2.8,-6.4,473,30.75,26.74,343,152.07,147.07,DELAY_NAS|DELAY_LATE_AIRCRAFT|DELAY_CARRIER
IAD,6,3657,-2.44,-7.52,492,31.23,25.29,313,162.81,155.98,DELAY_CARRIER|DELAY_NAS|DELAY_LATE_AIRCRAFT
IAD,7,3482,-1.78,-6.77,670,30.61,26.04,424,162.39,155.19,DELAY_CARRIER|DELAY_NAS|DELAY_LATE_AIRCRAFT
IAD,8,3459,-2.33,-8.82,506,31.39,26.95,478,187.63,180.0,DELAY_CARRIER|DELAY_NAS|DELAY_LATE_AIRCRAFT
IAD,9,3803,-3.53,-10.25,322,29.24,20.89,160,153.0,142.81,DELAY_NAS|DELAY_CARRIER|DELAY_LATE_AIRCRAFT
IAD,10,4195,-3.62,-12.32,305,29.72,17.3,127,130.32,116.71,DELAY_CARRIER|DELAY_NAS|DELAY_LATE_AIRCRAFT
IAD,11,4119,-3.87,-11.1,345,29.84,21.02,177,166.2,152.81,DELAY_NAS|DELAY_CARRIER|DELAY_LATE_AIRCRAFT
IAD,12,3587,-1.86,-8.73,561,30.03,22.38,303,150.56,140.27,DELAY_CARRIER|DELAY_LATE_AIRCRAFT|DELAY_NAS
IAG,1,26,-6.15,-9.08,5,32.6,46.6,4,179.75,167.5,DELAY_NAS|DELAY_CARRIER|CANC_WEATHER
IAG,2,23,-2.3,-14.3,8,20.0,0.12,10,121.5,101.3,DELAY_LATE_AIRCRAFT|DELAY_CARRIER|DELAY_WEATHER
IAG,3,40,-5.97,-11.97,9,33.56,31.11,5,103.8,115.4,DELAY_NAS|DELAY_LATE_AIRCRAFT|DELAY_CARRIER
IAG,4,31,-2.32,-16.0,6,25.5,9.83,5,244.6,267.6,DELAY_LATE_AIRCRAFT|DELAY_CARRIER|DELAY_NAS
IAG,5,19,-3.47,-9.0,6,32.33,19.5,2,98.5,98.0,DELAY_CARRIER|DELAY_NAS|DELAY_LATE_AIRCRAFT
IAG,6,17,-4.71,-7.24,8,24.38,23.12,3,200.0,196.33,DELAY_LATE_AIRCRAFT|DELAY_CARRIER|DELAY_NAS
IAG,7,15,-2.07,3.2,14,34.57,33.36,4,142.5,148.5,DELAY_LATE_AIRCRAFT|DELAY_CARRIER|CANC_CARRIER
IAG,8,13,-2.69,-4.31,8,25.12,34.25,2,118.0,105.5,DELAY_NAS|DELAY_LATE_AIRCRAFT|CANC_NAS
IAG,9,13,-3.31,-12.23,3,21.33,14.33,1,371.0,352.0,DELAY_CARRIER|CANC_WEATHER|DELAY_NAS
IAG,10,14,-5.36,-10.93,4,29.25,29.5,2,778.5,777.0,DELAY_CARRIER|DELAY_NAS|CANC_WEATHER
IAG,11,19,-5.58,-15.11,3,30.0,16.0,1,142.0,145.0,DELAY_CARRIER|DELAY_LATE_AIRCRAFT|DELAY_NAS
IAG,12,23,-8.78,-13.91,4,26.0,27.0,4,106.25,97.75,DELAY_LATE_AIRCRAFT|DELAY_NAS|DELAY_WEATHER
IAH,1,6216,-1.7,-7.86,1243,31.2,25.61,880,162.55,160.89,DELAY_LATE_AIRCRAFT|DELAY_CARRIER|DELAY_NAS
IAH,2,7240,-3.15,-7.89,804,31.06,25.27,384,127.45,121.26,DELAY_CARRIER|DELAY_NAS|DELAY_LATE_AIRCRAFT
IAH,3,7266,-2.24,-8.29,1391,31.45,24.33,812,151.91,145.45,DELAY_LATE_AIRCRAFT|DELAY_CARRIER|DELAY_NAS
IAH,4,7233,-2.17,-7.14,1283,31.49,26.45,702,130.89,124.98,DELAY_LATE_AIRCRAFT|DELAY_CARRIER|DELAY_NAS
IAH,5,6085,-1.0,-3.79,1691,32.6,30.3,1970,161.51,161.58,DELAY_LATE_AIRCRAFT|DELAY_CARRIER|DELAY_NAS
IAH,6,6778,-0.65,-4.37,1755,32.24,28.54,1314,145.26,141.56,DELAY_LATE_AIRCRAFT|DELAY_CARRIER|DELAY_NAS
IAH,7,5536,-0.47,-4.2,2060,33.45,29.79,1948,146.03,141.21,DELAY_LATE_AIRCRAFT|DELAY_CARRIER|DELAY_NAS
IAH,8,7590,-2.02,-7.45,1545,31.47,24.87,955,143.31,137.72,DELAY_LATE_AIRCRAFT|DELAY_CARRIER|DELAY_NAS
IAH,9,7858,-3.55,-9.68,1035,31.69,24.09,537,119.6,110.57,DELAY_LATE_AIRCRAFT|DELAY_CARRIER|DELAY_NAS
IAH,10,8705,-3.1,-10.5,973,30.62,22.9,486,138.18,128.46,DELAY_CARRIER|DELAY_LATE_AIRCRAFT|DELAY_NAS
IAH,11,8058,-2.83,-8.53,987,30.92,24.16,499,133.01,127.15,DELAY_CARRIER|DELAY_NAS|DELAY_LATE_AIRCRAFT
IAH,12,7146,-1.37,-7.92,1428,31.4,24.95,855,153.98,153.23,DELAY_CARRIER|DELAY_LATE_AIRCRAFT|DELAY_NAS
ICT,1,588,-4.3,-6.56,72,30.42,32.9,65,178.54,181.52,DELAY_LATE_AIRCRAFT|DELAY_NAS|DELAY_CARRIER
ICT,2,625,-5.73,-10.92,48,34.62,28.17,24,129.75,125.38,DELAY_CARRIER|DELAY_LATE_AIRCRAFT|DELAY_NAS
ICT,3,655,-4.63,-9.72,61,32.18,25.9,45,159.4,155.47,DELAY_LATE_AIRCRAFT|DELAY_CARRIER|DELAY_NAS
ICT,4,704,-4.73,-10.16,79,33.71,32.04,48,192.08,190.19,DELAY_LATE_AIRCRAFT|DELAY_CARRIER|DELAY_NAS
ICT,5,654,-2.85,-6.07,112,31.13,29.95,81,184.78,188.65,DELAY_LATE_AIRCRAFT|DELAY_CARRIER|DELAY_NAS
ICT,6,721,-4.19,-9.07,109,32.01,28.11,90,174.34,169.41,DELAY_LATE_AIRCRAFT|DELAY_CARRIER|DELAY_NAS
ICT,7,741,-3.79,-6.63,114,32.86,31.11,69,135.78,131.62,DELAY_LATE_AIRCRAFT|DELAY_CARRIER|DELAY_NAS
ICT,8,756,-5.25,-9.41,89,33.31,29.25,71,161.03,148.8,DELAY_LATE_AIRCRAFT|DELAY_CARRIER|DELAY_NAS
ICT,9,740,-5.42,-8.41,48,34.15,31.81,31,203.81,200.9,DELAY_LATE_AIRCRAFT|DELAY_NAS|DELAY_CARRIER
ICT,10,778,-5.46,-11.23,69,32.32,26.99,35,152.34,145.26,DELAY_CARRIER|DELAY_LATE_AIRCRAFT|DELAY_NAS
ICT,11,785,-4.9,-9.67,102,33.82,29.58,66,147.24,145.38,DELAY_CARRIER|DELAY_LATE_AIRCRAFT|DELAY_NAS
ICT,12,729,-4.06,-9.5,91,30.55,23.7,44,196.09,190.98,DELAY_CARRIER|DELAY_LATE_AIRCRAFT|DELAY_NAS
IDA,1,188,-6.14,-13.85,24,30.38,25.29,13,370.54,363.77,DELAY_CARRIER|DELAY_LATE_AIRCRAFT|DELAY_NAS
IDA,2,160,-7.07,-16.38,9,31.89,20.11,16,311.94,307.06,DELAY_CARRIER|DELAY_NAS|DELAY_LATE_AIRCRAFT
IDA,3,180,-6.09,-13.06,17,30.12,34.65,16,218.06,217.81,DELAY_CARRIER|DELAY_LATE_AIRCRAFT|DELAY_NAS
IDA,4,239,-7.09,-12.49,14,25.29,20.71,13,161.54,151.23,DELAY_CARRIER|DELAY_NAS|DELAY_WEATHER
IDA,5,285,-6.24,-12.68,25,31.56,23.2,22,143.0,137.45,DELAY_CARRIER|DELAY_LATE_AIRCRAFT|DELAY_NAS
IDA,6,280,-6.21,-12.68,21,30.76,24.05,24,203.5,198.25,DELAY_CARRIER|DELAY_LATE_AIRCRAFT|DELAY_NAS
IDA,7,264,-5.71,-10.75,27,34.59,28.96,29,117.03,112.45,DELAY_CARRIER|DELAY_LATE_AIRCRAFT|DELAY_NAS
IDA,8,267,-5.87,-9.39,35,34.6,33.37,10,102.6,98.8,DELAY_CARRIER|DELAY_LATE_AIRCRAFT|DELAY_NAS
IDA,9,273,-6.43,-10.65,20,37.15,33.0,8,154.5,145.25,DELAY_CARRIER|DELAY_LATE_AIRCRAFT|DELAY_NAS
IDA,10,258,-5.78,-12.27,27,35.07,29.81,21,187.76,181.38,DELAY_CARRIER|DELAY_NAS|DELAY_LATE_AIRCRAFT
IDA,11,261,-6.25,-8.74,26,30.0,32.0,13,192.92,187.69,DELAY_CARRIER|DELAY_NAS|DELAY_LATE_AIRCRAFT
IDA,12,272,-5.51,-10.68,24,29.38,16.33,29,399.93,402.03,DELAY_CARRIER|DELAY_LATE_AIRCRAFT|DELAY_NAS
ILM,1,400,-5.37,-9.76,50,33.94,28.74,34,164.91,169.24,DELAY_LATE_AIRCRAFT|DELAY_CARRIER|DELAY_NAS
ILM,2,424,-5.76,-11.85,31,35.32,25.13,12,171.83,172.92,DELAY_LATE_AIRCRAFT|DELAY_CARRIER|DELAY_NAS
ILM,3,439,-5.26,-11.9,32,33.22,26.5,28,159.82,153.57,DELAY_LATE_AIRCRAFT|DELAY_CARRIER|DELAY_NAS
ILM,4,487,-4.68,-5.91,66,30.0,29.32,36,127.22,129.56,DELAY_LATE_AIRCRAFT|DELAY_NAS|DELAY_CARRIER
ILM,5,556,-5.19,-7.26,66,31.86,32.41,53,160.98,163.49,DELAY_LATE_AIRCRAFT|DELAY_NAS|DELAY_WEATHER
ILM,6,580,-4.65,-9.84,80,31.82,28.26,59,187.34,183.53,DELAY_LATE_AIRCRAFT|DELAY_NAS|DELAY_CARRIER
ILM,7,592,-3.84,-6.77,113,33.19,33.58,109,174.41,179.69,DELAY_LATE_AIRCRAFT|DELAY_NAS|DELAY_CARRIER
ILM,8,639,-4.01,-7.95,113,33.07,34.94,72,152.81,148.38,DELAY_LATE_AIRCRAFT|DELAY_NAS|DELAY_CARRIER
ILM,9,606,-5.03,-10.72,57,30.89,26.67,41,120.46,118.41,DELAY_LATE_AIRCRAFT|DELAY_NAS|DELAY_CARRIER
ILM,10,707,-5.4,-9.92,46,32.33,24.67,24,185.71,183.0,DELAY_NAS|DELAY_LATE_AIRCRAFT|DELAY_CARRIER
ILM,11,590,-5.39,-9.16,46,32.57,27.96,21,115.19,124.29,DELAY_NAS|DELAY_LATE_AIRCRAFT|DELAY_CARRIER
ILM,12,555,-4.17,-7.93,92,30.37,25.16,58,146.26,144.6,DELAY_LATE_AIRCRAFT|DELAY_NAS|DELAY_CARRIER
IMT,1,39,-7.15,-9.46,5,25.8,29.4,16,206.88,203.81,DELAY_CARRIER|DELAY_WEATHER|DELAY_NAS
IMT,2,55,-8.31,-20.09,2,28.0,21.5,1,409.0,409.0,DELAY_CARRIER|DELAY_WEATHER
IMT,3,55,-7.91,-16.0,5,37.6,34.8,2,282.5,255.5,DELAY_CARRIER|DELAY_WEATHER|DELAY_NAS
IMT,4,54,-8.41,-14.7,4,37.75,30.25,2,222.5,231.5,DELAY_CARRIER|DELAY_WEATHER
IMT,5,55,-9.25,-14.62,4,36.25,31.0,3,183.67,173.0,DELAY_CARRIER|DELAY_WEATHER
IMT,6,46,-7.0,5.04,5,31.2,28.6,8,164.12,170.88,DELAY_CARRIER|DELAY_WEATHER|CANC_WEATHER
IMT,7,51,-6.25,-1.98,5,29.8,23.2,6,208.17,200.0,DELAY_CARRIER|DELAY_WEATHER
IMT,8,49,-6.98,-9.84,1,20.0,27.0,8,136.5,132.75,DELAY_CARRIER|CANC_WEATHER|DELAY_NAS
IMT,9,56,-7.36,-9.93,3,30.67,39.67,1,85.0,63.0,DELAY_CARRIER|DELAY_NAS|DELAY_WEATHER
IMT,10,55,-8.73,-17.75,1,38.0,26.0,6,151.0,143.83,DELAY_CARRIER
IMT,11,52,-7.58,-13.35,2,27.5,7.5,5,209.0,196.4,DELAY_CARRIER|DELAY_NAS|DELAY_WEATHER
IMT,12,36,-6.97,-11.72,11,30.0,35.0,10,157.3,154.6,DELAY_CARRIER|CANC_WEATHER|DELAY_WEATHER
IND,1,2798,-3.03,-9.0,423,31.91,29.6,233,140.09,139.36,DELAY_NAS|DELAY_LATE_AIRCRAFT|DELAY_CARRIER
IND,2,2990,-3.45,-11.35,290,30.32,26.19,127,170.55,171.17,DELAY_NAS|DELAY_LATE_AIRCRAFT|DELAY_CARRIER
IND,3,3470,-3.2,-10.42,459,29.99,24.36,280,133.45,129.79,DELAY_LATE_AIRCRAFT|DELAY_NAS|DELAY_CARRIER
IND,4,3370,-3.4,-9.72,347,29.71,23.54,197,149.91,146.82,DELAY_LATE_AIRCRAFT|DELAY_NAS|DELAY_CARRIER
IND,5,3230,-2.16,-6.8,517,30.29,25.86,322,149.83,149.12,DELAY_LATE_AIRCRAFT|DELAY_NAS|DELAY_CARRIER
IND,6,3277,-2.15,-6.94,501,30.99,26.12,306,140.62,137.39,DELAY_LATE_AIRCRAFT|DELAY_NAS|DELAY_CARRIER
IND,7,3054,-2.37,-6.45,624,31.56,28.68,405,158.56,157.61,DELAY_LATE_AIRCRAFT|DELAY_NAS|DELAY_CARRIER
IND,8,3117,-3.07,-7.57,418,31.75,28.55,249,153.18,151.86,DELAY_LATE_AIRCRAFT|DELAY_NAS|DELAY_CARRIER
IND,9,3347,-3.88,-9.4,318,31.13,25.3,133,135.19,130.59,DELAY_LATE_AIRCRAFT|DELAY_NAS|DELAY_CARRIER
IND,10,3943,-3.7,-10.25,328,29.57,20.62,118,163.17,155.12,DELAY_LATE_AIRCRAFT|DELAY_CARRIER|DELAY_NAS
IND,11,3520,-3.71,-9.76,274,30.0,27.5,130,143.25,146.39,DELAY_NAS|DELAY_LATE_AIRCRAFT|DELAY_CARRIER
IND,12,3236,-2.68,-9.72,425,30.78,26.0,239,145.67,141.61,DELAY_NAS|DELAY_LATE_AIRCRAFT|DELAY_CARRIER
INL,1,45,-9.16,-20.29,3,32.33,25.0,2,120.5,106.0,DELAY_CARRIER|CANC_WEATHER|DELAY_WEATHER
INL,2,42,-8.19,-25.45,3,22.67,17.0,3,104.0,84.67,DELAY_WEATHER|CANC_WEATHER|DELAY_CARRIER
INL,3,48,-8.29,-15.62,4,30.25,24.0,2,116.5,130.5,DELAY_CARRIER|DELAY_WEATHER
INL,4,48,-9.79,-22.6,1,54.0,37.0,2,501.5,493.5,DELAY_CARRIER|DELAY_WEATHER
INL,5,48,-8.19,-18.08,2,31.0,30.0,3,170.0,161.33,DELAY_CARRIER|DELAY_WEATHER
INL,6,38,-4.76,-2.84,10,33.7,37.9,6,176.17,186.83,DELAY_CARRIER|DELAY_WEATHER|DELAY_NAS
INL,7,47,-4.62,1.15,9,28.78,26.11,6,283.33,284.0,DELAY_CARRIER|DELAY_WEATHER|DELAY_NAS
INL,8,52,-7.27,-2.5,5,35.8,44.4,5,254.4,252.8,DELAY_CARRIER|DELAY_WEATHER|DELAY_NAS
INL,9,46,-9.67,-16.54,5,35.2,36.8,4,249.5,235.5,DELAY_CARRIER|DELAY_NAS|DELAY_WEATHER
INL,10,44,-11.25,-26.98,2,22.0,5.5,6,226.0,217.17,DELAY_CARRIER
INL,11,47,-9.53,-22.38,1,23.0,15.0,5,94.6,78.6,DELAY_CARRIER|DELAY_WEATHER
INL,12,35,-8.49,-15.54,6,26.33,10.5,10,269.0,267.9,DELAY_CARRIER|DELAY_WEATHER|CANC_WEATHER
ISP,1,365,-4.24,-8.87,72,30.65,30.97,32,173.69,173.25,DELAY_LATE_AIRCRAFT|DELAY_NAS|DELAY_CARRIER
ISP,2,385,-4.97,-18.84,45,33.11,27.49,20,226.75,211.35,DELAY_NAS|DELAY_LATE_AIRCRAFT|DELAY_CARRIER
ISP,3,330,-2.74,-14.18,70,35.16,26.93,58,115.31,109.98,DELAY_LATE_AIRCRAFT|DELAY_NAS|DELAY_CARRIER
ISP,4,329,-2.11,-14.59,56,32.75,23.59,38,163.71,161.37,DELAY_LATE_AIRCRAFT|DELAY_CARRIER|DELAY_NAS
ISP,5,308,-2.97,-15.78,62,29.76,19.85,38,125.08,117.71,DELAY_LATE_AIRCRAFT|DELAY_NAS|DELAY_CARRIER
ISP,6,298,-2.94,-15.48,57,29.96,18.54,34,140.85,129.03,DELAY_LATE_AIRCRAFT|DELAY_CARRIER|DELAY_NAS
ISP,7,265,-0.6,-12.11,85,29.92,20.02,39,140.92,129.72,DELAY_LATE_AIRCRAFT|DELAY_CARRIER|DELAY_NAS
ISP,8,253,-0.79,-6.73,57,28.32,25.25,55,138.02,132.22,DELAY_LATE_AIRCRAFT|DELAY_NAS|DELAY_CARRIER
ISP,9,248,-2.31,-9.52,31,29.26,19.29,10,163.7,152.6,DELAY_LATE_AIRCRAFT|DELAY_CARRIER|DELAY_NAS
ISP,10,215,-0.86,-11.92,35,24.26,12.74,9,119.33,103.67,DELAY_CARRIER|DELAY_LATE_AIRCRAFT|CANC_WEATHER
ISP,11,303,-2.6,-16.65,34,27.97,11.74,12,177.5,160.0,DELAY_LATE_AIRCRAFT|DELAY_CARRIER|DELAY_NAS
ISP,12,293,-2.22,-8.74,86,31.48,24.81,49,163.9,154.76,DELAY_LATE_AIRCRAFT|DELAY_NAS|DELAY_CARRIER
ITH,1,50,-6.44,-23.6,2,40.0,24.5,5,212.0,192.0,CANC_WEATHER|DELAY_LATE_AIRCRAFT|DELAY_NAS
ITH,2,53,-6.85,-31.42,3,52.67,36.0,1,216.0,225.0,DELAY_LATE_AIRCRAFT|CANC_WEATHER|DELAY_CARRIER
ITH,3,52,-6.21,-26.96,3,26.33,3.0,7,139.29,121.43,DELAY_LATE_AIRCRAFT|DELAY_CARRIER|DELAY_NAS
ITH,4,55,-6.8,-19.58,0,,,5,87.4,68.6,DELAY_NAS|DELAY_LATE_AIRCRAFT|DELAY_WEATHER
ITH,5,107,-5.18,-19.07,6,30.0,15.33,6,157.67,136.67,DELAY_LATE_AIRCRAFT|DELAY_NAS|DELAY_CARRIER
ITH,6,45,-6.07,-11.31,6,36.67,38.83,4,112.25,101.0,CANC_NAS|DELAY_LATE_AIRCRAFT|DELAY_NAS
ITH,7,45,-6.07,-9.78,6,34.67,40.17,10,168.1,176.7,DELAY_LATE_AIRCRAFT|DELAY_NAS|DELAY_CARRIER
ITH,8,63,-6.17,-16.37,4,24.5,18.0,9,128.22,140.56,CANC_NAS|DELAY_LATE_AIRCRAFT|DELAY_WEATHER
ITH,9,58,-8.34,-19.71,1,17.0,10.0,1,461.0,453.0,DELAY_WEATHER
ITH,10,59,-7.24,-16.05,1,55.0,48.0,2,148.0,140.5,DELAY_LATE_AIRCRAFT|DELAY_CARRIER
ITH,11,57,-7.37,-18.05,0,,,1,73.0,126.0,DELAY_LATE_AIRCRAFT|DELAY_WEATHER
ITH,12,52,-5.6,-17.37,2,35.5,31.5,5,350.8,339.4,DELAY_LATE_AIRCRAFT|DELAY_NAS|DELAY_CARRIER
ITO,1,494,-2.68,0.62,77,28.83,33.09,20,95.5,99.05,DELAY_LATE_AIRCRAFT|DELAY_NAS|DELAY_CARRIER
ITO,2,512,-2.61,-1.63,28,27.04,29.5,7,92.29,94.14,DELAY_LATE_AIRCRAFT|DELAY_CARRIER|DELAY_NAS
ITO,3,514,-1.43,-2.48,53,23.26,20.6,6,135.17,134.67,DELAY_LATE_AIRCRAFT|DELAY_CARRIER|DELAY_NAS
ITO,4,510,-1.77,-3.39,50,27.24,25.76,11,102.09,100.82,DELAY_LATE_AIRCRAFT|DELAY_CARRIER|DELAY_NAS
ITO,5,472,-2.11,-1.06,70,31.87,32.19,27,98.89,103.44,DELAY_LATE_AIRCRAFT|DELAY_CARRIER|DELAY_NAS
ITO,6,478,-2.18,-2.11,63,25.56,26.83,6,82.33,84.67,DELAY_LATE_AIRCRAFT|DELAY_CARRIER|DELAY_NAS
ITO,7,508,-2.16,-3.41,44,26.18,24.57,14,109.0,107.0,DELAY_LATE_AIRCRAFT|DELAY_CARRIER|DELAY_NAS
ITO,8,503,-2.92,-5.97,35,23.77,21.09,13,107.15,104.31,DELAY_LATE_AIRCRAFT|CANC_WEATHER|DELAY_CARRIER
ITO,9,510,-3.38,-4.9,27,25.63,23.85,2,84.0,82.0,DELAY_LATE_AIRCRAFT|DELAY_CARRIER|CANC_CARRIER
ITO,10,492,-1.76,-3.17,48,27.12,26.21,6,88.33,85.67,DELAY_LATE_AIRCRAFT|DELAY_CARRIER|CANC_CARRIER
ITO,11,502,-1.95,-4.03,37,29.16,26.35,2,81.5,83.0,DELAY_LATE_AIRCRAFT|DELAY_CARRIER|DELAY_NAS
ITO,12,509,-1.59,-3.64,40,23.9,22.68,7,94.14,95.43,DELAY_LATE_AIRCRAFT|DELAY_CARRIER|DELAY_WEATHER
JAC,1,406,-4.66,-13.3,86,32.88,26.14,53,192.85,182.28,DELAY_LATE_AIRCRAFT|DELAY_NAS|DELAY_CARRIER
JAC,2,361,-4.02,-11.41,89,32.25,30.99,56,241.82,245.82,DELAY_NAS|DELAY_LATE_AIRCRAFT|DELAY_CARRIER
JAC,3,376,-3.86,-9.45,67,27.75,21.42,69,270.78,266.64,DELAY_NAS|DELAY_LATE_AIRCRAFT|DELAY_CARRIER
JAC,4,214,-7.03,-12.49,19,24.42,19.58,12,348.08,348.08,DELAY_NAS|DELAY_CARRIER|DELAY_LATE_AIRCRAFT
JAC,5,270,-5.4,-7.51,20,37.7,32.4,28,164.86,165.14,DELAY_NAS|DELAY_LATE_AIRCRAFT|DELAY_CARRIER
JAC,6,460,-3.61,-11.04,66,31.61,23.73,41,189.68,183.15,DELAY_LATE_AIRCRAFT|DELAY_NAS|DELAY_CARRIER
JAC,7,494,-4.02,-9.42,75,32.03,26.51,72,175.76,173.71,DELAY_LATE_AIRCRAFT|DELAY_CARRIER|DELAY_NAS
JAC,8,507,-3.63,-7.33,75,32.73,27.67,61,179.89,173.77,DELAY_LATE_AIRCRAFT|DELAY_CARRIER|DELAY_NAS
JAC,9,429,-4.0,-9.33,58,31.64,28.19,33,227.94,220.61,DELAY_LATE_AIRCRAFT|DELAY_CARRIER|DELAY_NAS
JAC,10,350,-6.84,-14.53,16,30.25,22.25,11,312.73,305.82,DELAY_CARRIER|DELAY_LATE_AIRCRAFT|DELAY_NAS
JAC,11,183,-7.08,-18.53,19,35.95,31.74,22,349.05,352.18,DELAY_CARRIER|DELAY_LATE_AIRCRAFT|DELAY_NAS
JAC,12,303,-6.08,-14.44,40,31.15,29.88,59,322.88,318.92,DELAY_LATE_AIRCRAFT|DELAY_CARRIER|DELAY_NAS
JAN,1,426,-4.21,-9.81,51,35.41,35.1,35,174.89,175.6,DELAY_LATE_AIRCRAFT|DELAY_NAS|DELAY_CARRIER
JAN,2,447,-5.06,-11.66,38,31.79,26.76,10,114.5,104.0,DELAY_LATE_AIRCRAFT|DELAY_CARRIER|DELAY_NAS
JAN,3,449,-4.7,-10.76,57,28.79,26.23,43,159.53,152.21,DELAY_LATE_AIRCRAFT|DELAY_NAS|DELAY_CARRIER
JAN,4,496,-5.49,-10.26,60,30.5,25.52,44,193.18,192.86,DELAY_LATE_AIRCRAFT|DELAY_CARRIER|DELAY_NAS
JAN,5,478,-3.34,-6.17,100,31.89,29.18,71,175.7,179.17,DELAY_LATE_AIRCRAFT|DELAY_NAS|DELAY_CARRIER
JAN,6,454,-3.43,-9.13,84,32.06,27.73,39,152.15,149.18,DELAY_LATE_AIRCRAFT|DELAY_CARRIER|DELAY_NAS
JAN,7,393,-3.3,-6.63,113,33.61,33.66,77,159.56,158.18,DELAY_LATE_AIRCRAFT|DELAY_CARRIER|DELAY_NAS
JAN,8,441,-4.49,-9.8,58,32.24,24.6,30,173.73,167.5,DELAY_LATE_AIRCRAFT|DELAY_CARRIER|DELAY_NAS
JAN,9,461,-4.49,-7.57,43,32.33,27.79,16,162.56,154.69,DELAY_NAS|DELAY_LATE_AIRCRAFT|DELAY_CARRIER
JAN,10,557,-4.44,-8.62,38,26.0,19.18,19,184.11,178.89,DELAY_CARRIER|DELAY_LATE_AIRCRAFT|DELAY_NAS
JAN,11,515,-3.56,-8.88,46,28.98,23.76,17,245.65,246.35,DELAY_LATE_AIRCRAFT|DELAY_CARRIER|DELAY_NAS
JAN,12,459,-3.53,-8.85,57,29.68,25.51,45,184.22,185.62,DELAY_LATE_AIRCRAFT|DELAY_NAS|DELAY_CARRIER
JAX,1,1813,-3.9,-9.53,282,32.71,27.51,167,153.1,148.63,DELAY_LATE_AIRCRAFT|DELAY_NAS|DELAY_CARRIER
JAX,2,1880,-4.49,-9.41,188,31.3,26.28,98,165.39,159.47,DELAY_LATE_AIRCRAFT|DELAY_NAS|DELAY_CARRIER
JAX,3,2139,-3.97,-8.19,315,31.42,27.14,157,172.67,171.05,DELAY_LATE_AIRCRAFT|DELAY_NAS|DELAY_CARRIER
JAX,4,2152,-3.78,-6.95,281,31.8,29.66,136,163.47,160.77,DELAY_LATE_AIRCRAFT|DELAY_NAS|DELAY_CARRIER
JAX,5,2039,-2.71,-5.53,387,32.4,30.44,260,161.05,162.55,DELAY_LATE_AIRCRAFT|DELAY_NAS|DELAY_CARRIER
JAX,6,1950,-3.31,-8.73,325,33.01,27.35,251,168.41,164.96,DELAY_LATE_AIRCRAFT|DELAY_NAS|DELAY_CARRIER
JAX,7,1724,-2.94,-8.45,395,34.46,32.11,384,184.18,184.5,DELAY_LATE_AIRCRAFT|DELAY_CARRIER|DELAY_NAS
JAX,8,1840,-3.39,-8.52,331,31.63,30.36,211,183.58,180.42,DELAY_LATE_AIRCRAFT|DELAY_NAS|DELAY_CARRIER
JAX,9,2014,-3.94,-8.45,207,31.11,27.12,91,159.43,155.32,DELAY_LATE_AIRCRAFT|DELAY_NAS|DELAY_CARRIER
JAX,10,2284,-4.6,-9.57,206,30.02,23.43,76,171.18,165.5,DELAY_LATE_AIRCRAFT|DELAY_NAS|DELAY_CARRIER
JAX,11,2204,-4.31,-8.76,206,30.6,25.04,100,148.1,145.1,DELAY_LATE_AIRCRAFT|DELAY_NAS|DELAY_CARRIER
JAX,12,2056,-2.57,-6.22,379,30.51,25.49,150,159.66,157.15,DELAY_LATE_AIRCRAFT|DELAY_NAS|DELAY_CARRIER
JFK,1,7217,-2.82,-14.05,1180,31.77,25.85,780,141.55,141.31,DELAY_CARRIER|DELAY_NAS|DELAY_LATE_AIRCRAFT
JFK,2,7615,-3.49,-16.97,919,31.36,21.85,561,130.61,125.5,DELAY_CARRIER|DELAY_NAS|DELAY_LATE_AIRCRAFT
JFK,3,7952,-3.14,-15.8,1222,32.97,22.16,887,138.52,130.05,DELAY_CARRIER|DELAY_NAS|DELAY_LATE_AIRCRAFT
JFK,4,8049,-3.31,-12.54,1281,31.47,23.68,707,137.65,131.83,DELAY_CARRIER|DELAY_NAS|DELAY_LATE_AIRCRAFT
JFK,5,8236,-3.08,-9.96,1429,32.2,26.18,840,146.71,142.74,DELAY_NAS|DELAY_CARRIER|DELAY_LATE_AIRCRAFT
JFK,6,7604,-2.83,-11.06,1443,32.98,27.95,1010,154.17,149.97,DELAY_CARRIER|DELAY_NAS|DELAY_LATE_AIRCRAFT
JFK,7,7368,-2.17,-8.65,1661,32.5,27.19,1381,163.09,157.87,DELAY_CARRIER|DELAY_NAS|DELAY_LATE_AIRCRAFT
JFK,8,7375,-2.65,-7.58,1560,33.03,30.76,1193,152.58,152.33,DELAY_NAS|DELAY_CARRIER|DELAY_LATE_AIRCRAFT
JFK,9,8924,-4.12,-13.13,933,30.63,22.5,480,139.11,131.55,DELAY_NAS|DELAY_CARRIER|DELAY_LATE_AIRCRAFT
JFK,10,9448,-3.8,-14.92,874,29.54,15.83,329,140.56,128.52,DELAY_CARRIER|DELAY_NAS|DELAY_LATE_AIRCRAFT
JFK,11,8918,-4.28,-14.09,837,30.3,19.47,367,120.62,109.82,DELAY_CARRIER|DELAY_NAS|DELAY_LATE_AIRCRAFT
JFK,12,7707,-2.18,-11.42,1552,31.79,24.19,931,132.53,126.35,DELAY_LATE_AIRCRAFT|DELAY_CARRIER|DELAY_NAS
JLN,1,36,-7.94,-24.25,4,21.75,22.75,5,337.6,328.6,DELAY_CARRIER|CANC_WEATHER|DELAY_NAS
JLN,2,45,-8.58,-14.64,1,53.0,35.0,2,128.5,97.0,DELAY_CARRIER|CANC_WEATHER|DELAY_WEATHER
JLN,3,45,-7.24,-13.8,3,37.0,32.67,5,228.2,220.2,DELAY_CARRIER|DELAY_LATE_AIRCRAFT|CANC_WEATHER
JLN,4,43,-6.6,-11.77,4,33.5,37.0,4,103.75,95.75,DELAY_CARRIER|DELAY_NAS
JLN,5,42,-7.26,-9.24,2,29.0,33.5,9,185.78,180.89,DELAY_CARRIER|DELAY_LATE_AIRCRAFT|DELAY_NAS
JLN,6,38,-5.47,-18.11,2,52.0,44.0,9,207.78,206.78,DELAY_LATE_AIRCRAFT|DELAY_NAS|DELAY_WEATHER
JLN,7,43,-5.6,-16.44,5,38.2,29.0,1,72.0,79.0,CANC_WEATHER|DELAY_CARRIER|DELAY_LATE_AIRCRAFT
JLN,8,46,-5.8,-13.59,2,21.5,-2.0,4,370.25,371.25,DELAY_CARRIER|CANC_WEATHER|DELAY_LATE_AIRCRAFT
JLN,9,40,-5.72,-15.65,5,25.4,13.2,7,168.86,163.57,DELAY_CARRIER|DELAY_LATE_AIRCRAFT|DELAY_WEATHER
JLN,10,43,-7.02,-12.67,7,37.29,23.14,2,67.5,53.5,DELAY_CARRIER|DELAY_LATE_AIRCRAFT|DELAY_NAS
JLN,11,43,-6.09,-8.63,3,28.67,13.67,6,355.33,348.0,DELAY_CARRIER|DELAY_LATE_AIRCRAFT|CANC_WEATHER
JLN,12,46,-6.3,-10.54,2,30.0,24.5,5,241.2,227.0,DELAY_CARRIER|DELAY_LATE_AIRCRAFT|DELAY_WEATHER
JMS,1,44,-7.68,-14.39,2,45.0,34.0,1,99.0,71.0,CANC_WEATHER|DELAY_LATE_AIRCRAFT|DELAY_NAS
JMS,2,37,-8.27,-17.14,5,32.8,28.8,4,651.75,649.0,CANC_WEATHER|DELAY_WEATHER|CANC_NAS
JMS,3,49,-7.18,-13.24,2,43.0,35.0,5,290.8,291.0,DELAY_CARRIER|DELAY_LATE_AIRCRAFT|CANC_WEATHER
JMS,4,53,-7.34,-12.06,1,15.0,14.0,1,111.0,101.0,DELAY_CARRIER|DELAY_LATE_AIRCRAFT
JMS,5,10,-10.2,-12.0,0,,,2,95.5,111.0,DELAY_LATE_AIRCRAFT|DELAY_NAS|DELAY_WEATHER
JMS,6,26,-5.31,-5.58,2,17.5,38.0,4,127.0,138.75,CANC_NAS|DELAY_CARRIER|DELAY_LATE_AIRCRAFT
JMS,7,48,-6.73,-10.04,7,31.57,25.29,2,167.0,169.0,DELAY_CARRIER|DELAY_LATE_AIRCRAFT|DELAY_NAS
JMS,8,50,-8.44,-11.0,4,30.25,25.25,1,151.0,151.0,DELAY_CARRIER|DELAY_LATE_AIRCRAFT|CANC_NAS
JMS,9,49,-10.24,-13.59,5,30.8,24.8,2,113.5,127.0,DELAY_CARRIER|DELAY_LATE_AIRCRAFT
JMS,10,52,-8.65,-12.1,3,43.33,37.33,2,590.5,587.0,DELAY_CARRIER|DELAY_LATE_AIRCRAFT
JMS,11,36,-6.72,-9.19,4,22.75,22.25,8,249.25,246.12,CANC_WEATHER|DELAY_LATE_AIRCRAFT|DELAY_CARRIER
JMS,12,44,-6.48,-10.7,4,33.0,42.5,6,501.17,500.17,DELAY_LATE_AIRCRAFT|DELAY_WEATHER|DELAY_CARRIER
JNU,1,228,-8.44,-7.68,55,31.38,39.25,32,149.72,162.78,DELAY_LATE_AIRCRAFT|DELAY_NAS|DELAY_CARRIER
JNU,2,280,-10.24,-10.69,19,35.63,31.84,12,143.5,146.0,DELAY_LATE_AIRCRAFT|DELAY_CARRIER|DELAY_NAS
JNU,3,299,-10.09,-11.08,25,35.32,35.92,11,138.36,134.0,DELAY_LATE_AIRCRAFT|DELAY_NAS|DELAY_CARRIER
JNU,4,301,-11.18,-12.7,26,28.85,25.5,11,104.0,100.55,DELAY_LATE_AIRCRAFT|DELAY_CARRIER|CANC_CARRIER
JNU,5,346,-8.56,-10.67,32,26.59,26.47,12,140.17,140.25,DELAY_LATE_AIRCRAFT|DELAY_CARRIER|CANC_CARRIER
JNU,6,420,-8.02,-9.93,45,29.47,27.87,17,159.12,156.41,DELAY_LATE_AIRCRAFT|DELAY_CARRIER|DELAY_NAS
JNU,7,414,-6.29,-6.42,88,28.42,27.41,19,115.79,118.21,DELAY_LATE_AIRCRAFT|DELAY_CARRIER|DELAY_NAS
JNU,8,418,-7.14,-8.46,64,30.5,30.09,26,171.73,171.58,DELAY_LATE_AIRCRAFT|DELAY_CARRIER|DELAY_NAS
JNU,9,388,-9.27,-11.26,26,28.73,23.65,17,160.76,157.06,DELAY_LATE_AIRCRAFT|DELAY_CARRIER|DELAY_NAS
JNU,10,326,-10.49,-12.18,19,35.21,34.79,16,156.06,154.75,DELAY_CARRIER|DELAY_LATE_AIRCRAFT|DELAY_NAS
JNU,11,293,-11.12,-11.74,21,27.57,32.62,7,117.29,120.14,DELAY_NAS|DELAY_LATE_AIRCRAFT|DELAY_CARRIER
JNU,12,276,-8.42,-10.68,29,33.28,39.34,20,146.85,168.3,DELAY_LATE_AIRCRAFT|DELAY_NAS|DELAY_CARRIER
JST,1,37,-6.7,-22.84,6,30.83,25.33,10,150.6,144.0,DELAY_LATE_AIRCRAFT|CANC_WEATHER|DELAY_CARRIER
JST,2,48,-8.62,-28.17,6,30.0,7.83,1,66.0,52.0,CANC_WEATHER|DELAY_CARRIER|DELAY_LATE_AIRCRAFT
JST,3,55,-9.25,-21.45,2,34.0,35.5,3,106.67,96.0,DELAY_CARRIER|CANC_WEATHER|DELAY_LATE_AIRCRAFT
JST,4,43,-8.72,-11.7,7,37.43,50.71,10,178.4,172.1,DELAY_CARRIER|DELAY_LATE_AIRCRAFT|DELAY_NAS
JST,5,45,-9.16,-11.93,4,34.0,27.75,12,175.92,174.33,DELAY_LATE_AIRCRAFT|DELAY_CARRIER|DELAY_NAS
JST,6,50,-7.54,-16.0,7,45.29,39.43,3,237.33,235.67,DELAY_CARRIER|DELAY_LATE_AIRCRAFT
JST,7,52,-8.4,-14.48,7,31.43,27.0,3,233.33,230.33,DELAY_CARRIER|DELAY_LATE_AIRCRAFT
JST,8,54,-7.17,-9.33,4,36.5,37.75,4,97.25,92.5,DELAY_CARRIER|DELAY_NAS|DELAY_LATE_AIRCRAFT
JST,9,51,-7.49,-11.12,3,33.67,31.0,6,284.0,282.17,DELAY_CARRIER|DELAY_LATE_AIRCRAFT
JST,10,52,-9.29,-18.5,4,36.5,43.5,6,135.33,134.33,DELAY_LATE_AIRCRAFT|DELAY_CARRIER|DELAY_NAS
JST,11,47,-8.77,-17.34,5,23.6,14.2,5,154.4,151.8,DELAY_CARRIER|DELAY_LATE_AIRCRAFT|CANC_WEATHER
JST,12,47,-5.89,-11.32,3,23.0,20.33,12,486.33,484.75,DELAY_LATE_AIRCRAFT|DELAY_CARRIER|DELAY_WEATHER
KOA,1,1092,-2.29,-6.85,176,29.26,26.62,60,218.18,201.92,DELAY_LATE_AIRCRAFT|CANC_CARRIER|DELAY_CARRIER
KOA,2,1075,-2.95,-9.47,131,26.97,17.85,58,181.43,173.4,DELAY_LATE_AIRCRAFT|DELAY_CARRIER|DELAY_NAS
KOA,3,1271,-3.17,-8.69,79,28.75,25.08,28,192.75,184.68,DELAY_LATE_AIRCRAFT|DELAY_CARRIER|DELAY_NAS
KOA,4,1134,-3.52,-7.84,96,29.51,23.4,46,161.59,157.87,DELAY_LATE_AIRCRAFT|DELAY_CARRIER|DELAY_NAS
KOA,5,1123,-3.45,-5.05,140,29.09,27.59,42,146.81,143.86,DELAY_LATE_AIRCRAFT|DELAY_CARRIER|DELAY_NAS
KOA,6,1254,-3.61,-5.75,110,28.55,25.9,28,229.43,226.29,DELAY_LATE_AIRCRAFT|DELAY_CARRIER|DELAY_NAS
KOA,7,1273,-2.99,-5.8,129,27.06,24.03,41,244.51,240.98,DELAY_LATE_AIRCRAFT|DELAY_CARRIER|DELAY_NAS
KOA,8,1244,-3.28,-9.06,109,28.04,20.18,45,157.76,148.78,DELAY_LATE_AIRCRAFT|DELAY_CARRIER|CANC_CARRIER
KOA,9,1228,-4.9,-8.41,72,29.85,24.19,26,116.96,109.12,DELAY_LATE_AIRCRAFT|DELAY_CARRIER|DELAY_NAS
KOA,10,1221,-4.3,-8.24,96,30.6,29.49,37,140.81,135.32,DELAY_LATE_AIRCRAFT|DELAY_CARRIER|DELAY_NAS
KOA,11,1176,-4.37,-7.62,78,28.9,23.4,23,199.3,193.17,DELAY_LATE_AIRCRAFT|DELAY_CARRIER|DELAY_NAS
KOA,12,1224,-3.7,-8.08,128,27.22,19.29,28,144.57,135.0,DELAY_LATE_AIRCRAFT|DELAY_CARRIER|DELAY_NAS
KTN,1,130,-12.21,-17.34,24,33.25,30.54,12,130.5,127.25,DELAY_LATE_AIRCRAFT|CANC_CARRIER|DELAY_CARRIER
KTN,2,157,-13.39,-16.54,12,36.25,50.5,2,175.0,168.5,DELAY_LATE_AIRCRAFT|DELAY_NAS|CANC_CARRIER
KTN,3,160,-12.16,-14.25,13,34.69,32.31,8,86.25,88.38,DELAY_LATE_AIRCRAFT|CANC_CARRIER|DELAY_CARRIER
KTN,4,171,-11.78,-16.64,13,24.92,21.85,8,78.25,74.38,DELAY_LATE_AIRCRAFT|DELAY_CARRIER|CANC_CARRIER
KTN,5,176,-9.57,-14.82,27,30.3,26.41,9,166.89,161.44,DELAY_LATE_AIRCRAFT|DELAY_CARRIER|CANC_CARRIER
KTN,6,207,-7.93,-8.98,31,27.0,24.26,10,124.9,125.0,DELAY_LATE_AIRCRAFT|DELAY_CARRIER|DELAY_NAS
KTN,7,221,-5.69,-7.46,40,32.05,32.7,15,131.8,128.53,DELAY_LATE_AIRCRAFT|DELAY_CARRIER|DELAY_NAS
KTN,8,202,-2.84,-4.32,48,26.42,25.79,19,165.68,158.16,DELAY_LATE_AIRCRAFT|DELAY_CARRIER|DELAY_NAS
KTN,9,189,-7.97,-9.69,15,32.87,33.13,6,118.5,111.33,DELAY_LATE_AIRCRAFT|DELAY_CARRIER|DELAY_NAS
KTN,10,161,-9.71,-12.75,12,33.0,32.25,6,112.83,114.67,DELAY_LATE_AIRCRAFT|CANC_WEATHER|DELAY_CARRIER
KTN,11,152,-10.65,-14.47,19,30.0,28.47,4,78.25,85.25,DELAY_LATE_AIRCRAFT|DELAY_CARRIER|DELAY_NAS
KTN,12,148,-9.28,-13.76,22,26.45,22.86,11,143.91,134.64,DELAY_LATE_AIRCRAFT|DELAY_CARRIER|DELAY_NAS
LAN,1,68,-3.93,-4.51,8,26.12,21.0,19,179.89,193.89,DELAY_CARRIER|DELAY_LATE_AIRCRAFT|CANC_WEATHER
LAN,2,92,-5.9,-13.43,7,34.71,29.14,4,86.5,79.5,DELAY_LATE_AIRCRAFT|DELAY_NAS|DELAY_CARRIER
LAN,3,90,-5.0,-10.81,13,35.85,31.0,11,269.09,270.82,DELAY_CARRIER|DELAY_LATE_AIRCRAFT|DELAY_WEATHER
LAN,4,84,-5.54,-7.87,9,22.89,20.11,18,140.39,139.61,DELAY_CARRIER|DELAY_LATE_AIRCRAFT|DELAY_WEATHER
LAN,5,91,-6.4,-11.05,11,41.18,47.55,12,137.25,134.75,DELAY_CARRIER|DELAY_LATE_AIRCRAFT|DELAY_WEATHER
LAN,6,70,-6.46,-8.93,18,34.44,33.5,21,142.48,139.24,DELAY_CARRIER|DELAY_WEATHER|DELAY_LATE_AIRCRAFT
LAN,7,80,-5.25,-7.96,14,29.36,32.07,14,131.71,134.21,DELAY_LATE_AIRCRAFT|DELAY_CARRIER|DELAY_NAS
LAN,8,78,-5.51,-8.68,14,35.57,37.57,14,213.21,217.86,DELAY_CARRIER|DELAY_LATE_AIRCRAFT|DELAY_WEATHER
LAN,9,90,-7.34,-16.1,11,39.82,32.0,5,116.6,129.4,DELAY_CARRIER|DELAY_WEATHER|DELAY_LATE_AIRCRAFT
LAN,10,94,-5.63,-10.74,15,36.8,32.33,5,102.6,105.8,DELAY_CARRIER|DELAY_LATE_AIRCRAFT|DELAY_WEATHER
LAN,11,87,-6.23,-10.1,12,26.0,22.42,8,146.5,155.38,DELAY_CARRIER|DELAY_NAS|CANC_WEATHER
LAN,12,76,-6.61,-5.45,11,42.45,41.55,6,146.0,148.67,DELAY_CARRIER|DELAY_WEATHER|DELAY_LATE_AIRCRAFT
LAR,1,42,-8.48,-7.26,3,42.0,58.0,1,118.0,112.0,CANC_WEATHER|DELAY_LATE_AIRCRAFT|CANC_NAS
LAR,2,43,-7.21,-6.28,2,24.0,36.0,3,108.67,97.67,DELAY_CARRIER|CANC_WEATHER|DELAY_LATE_AIRCRAFT
LAR,3,42,-8.07,-9.57,4,31.5,40.25,4,328.75,318.5,CANC_WEATHER|DELAY_CARRIER|DELAY_WEATHER
LAR,4,46,-9.02,-8.24,1,15.0,18.0,1,65.0,69.0,DELAY_CARRIER|CANC_WEATHER|CANC_NAS
LAR,5,49,-7.9,-8.63,2,44.5,40.5,3,102.0,95.33,DELAY_NAS|DELAY_WEATHER|DELAY_CARRIER
LAR,6,40,-7.17,-6.4,2,26.5,21.0,7,290.29,285.29,DELAY_CARRIER|DELAY_LATE_AIRCRAFT|DELAY_NAS
LAR,7,44,-6.73,-10.55,1,18.0,5.0,4,124.0,119.25,CANC_NAS|DELAY_WEATHER|DELAY_LATE_AIRCRAFT
LAR,8,39,-7.92,-9.77,9,36.22,32.44,5,275.8,269.4,DELAY_LATE_AIRCRAFT|DELAY_NAS|DELAY_CARRIER
LAR,9,44,-7.95,-10.98,4,40.75,34.25,4,93.5,77.0,DELAY_LATE_AIRCRAFT|DELAY_CARRIER|DELAY_NAS
LAR,10,45,-9.22,-12.4,4,35.25,18.75,4,375.5,371.75,DELAY_CARRIER|DELAY_LATE_AIRCRAFT|DELAY_WEATHER
LAR,11,39,-6.87,-9.18,4,33.75,21.75,6,125.0,108.83,DELAY_CARRIER|DELAY_LATE_AIRCRAFT|CANC_WEATHER
LAR,12,48,-7.56,-12.17,2,28.0,13.5,3,104.67,82.0,DELAY_CARRIER|DELAY_LATE_AIRCRAFT|DELAY_NAS
LAS,1,11325,-2.09,-7.12,2319,31.22,25.4,895,127.98,122.3,DELAY_LATE_AIRCRAFT|DELAY_CARRIER|DELAY_NAS
LAS,2,10976,-2.25,-9.62,2076,30.94,23.94,868,123.39,118.1,DELAY_LATE_AIRCRAFT|DELAY_CARRIER|DELAY_NAS
LAS,3,11582,-1.97,-7.13,2736,31.71,26.91,1563,132.81,129.07,DELAY_LATE_AIRCRAFT|DELAY_CARRIER|DELAY_NAS
LAS,4,12017,-2.08,-9.22,2538,31.0,23.78,950,127.53,120.6,DELAY_LATE_AIRCRAFT|DELAY_CARRIER|DELAY_NAS
LAS,5,11864,-1.44,-8.86,3074,31.55,23.8,1235,135.72,129.63,DELAY_LATE_AIRCRAFT|DELAY_CARRIER|DELAY_NAS
LAS,6,11007,-1.0,-6.42,3190,30.92,24.94,1273,137.84,132.53,DELAY_LATE_AIRCRAFT|DELAY_CARRIER|DELAY_NAS
LAS,7,10112,-0.88,-6.34,3633,32.17,27.46,1931,139.58,136.69,DELAY_LATE_AIRCRAFT|DELAY_CARRIER|DELAY_NAS
LAS,8,11946,-2.31,-8.11,2564,31.21,25.82,1341,128.23,122.85,DELAY_LATE_AIRCRAFT|DELAY_CARRIER|DELAY_NAS
LAS,9,12429,-2.65,-9.54,2176,30.73,23.42,979,118.44,111.37,DELAY_LATE_AIRCRAFT|DELAY_CARRIER|DELAY_NAS
LAS,10,14141,-2.38,-9.68,2261,29.77,23.79,710,127.41,123.67,DELAY_LATE_AIRCRAFT|DELAY_NAS|DELAY_CARRIER
LAS,11,13127,-2.74,-12.51,1927,29.6,19.16,618,124.73,117.59,DELAY_LATE_AIRCRAFT|DELAY_CARRIER|DELAY_NAS
LAS,12,12418,-2.3,-10.51,2200,30.21,21.62,852,133.51,127.18,DELAY_LATE_AIRCRAFT|DELAY_CARRIER|DELAY_NAS
LAW,1,69,-7.49,-9.74,5,41.0,33.6,12,218.5,219.17,DELAY_CARRIER|DELAY_WEATHER|CANC_WEATHER
LAW,2,80,-7.79,-16.19,2,34.5,38.0,3,220.33,220.33,DELAY_CARRIER|DELAY_WEATHER|CANC_WEATHER
LAW,3,76,-4.83,-11.34,4,31.25,25.0,10,276.6,268.3,DELAY_CARRIER|CANC_WEATHER|DELAY_LATE_AIRCRAFT
LAW,4,66,-6.32,-9.45,11,38.82,42.73,7,212.43,208.86,DELAY_CARRIER|CANC_WEATHER|DELAY_WEATHER
LAW,5,64,-7.81,-12.69,11,37.64,37.0,8,144.38,139.5,DELAY_CARRIER|CANC_WEATHER|DELAY_WEATHER
LAW,6,76,-9.09,-11.93,3,44.33,48.0,11,110.55,109.55,DELAY_CARRIER|DELAY_WEATHER|DELAY_LATE_AIRCRAFT
LAW,7,71,-5.21,-6.51,7,25.57,30.29,12,263.33,270.58,DELAY_CARRIER|DELAY_NAS|DELAY_WEATHER
LAW,8,84,-8.37,-12.75,5,27.2,24.8,3,108.67,108.67,DELAY_CARRIER|DELAY_LATE_AIRCRAFT|DELAY_NAS
LAW,9,82,-7.72,-5.35,4,44.0,51.0,4,178.0,179.5,DELAY_CARRIER|DELAY_NAS|DELAY_WEATHER
LAW,10,79,-6.22,-14.24,8,36.5,34.0,5,291.2,282.8,DELAY_CARRIER|DELAY_LATE_AIRCRAFT|DELAY_NAS
LAW,11,68,-5.5,-7.29,8,43.25,54.25,5,126.8,124.2,DELAY_CARRIER|DELAY_WEATHER|CANC_WEATHER
LAW,12,66,-5.27,-8.14,14,29.93,28.64,6,195.17,220.33,DELAY_CARRIER|CANC_WEATHER|DELAY_WEATHER
LAX,1,12269,-2.88,-6.99,1626,31.58,25.9,816,153.83,147.8,DELAY_CARRIER|DELAY_LATE_AIRCRAFT|DELAY_NAS
LAX,2,11544,-2.7,-10.01,1729,30.87,23.58,783,146.04,141.31,DELAY_CARRIER|DELAY_LATE_AIRCRAFT|DELAY_NAS
LAX,3,12571,-2.29,-5.8,2152,31.53,27.32,1068,141.92,139.24,DELAY_CARRIER|DELAY_LATE_AIRCRAFT|DELAY_NAS
LAX,4,12886,-2.86,-8.25,1787,31.64,26.95,950,149.85,146.52,DELAY_NAS|DELAY_LATE_AIRCRAFT|DELAY_CARRIER
LAX,5,12744,-2.29,-7.45,2379,31.84,26.75,1290,144.63,140.03,DELAY_LATE_AIRCRAFT|DELAY_CARRIER|DELAY_NAS
LAX,6,12812,-2.11,-5.98,2455,31.09,26.5,1240,135.49,131.35,DELAY_LATE_AIRCRAFT|DELAY_CARRIER|DELAY_NAS
LAX,7,13008,-2.39,-7.06,2556,31.32,26.39,1469,150.9,145.47,DELAY_LATE_AIRCRAFT|DELAY_CARRIER|DELAY_NAS
LAX,8,14018,-2.95,-8.24,1939,31.37,26.35,1029,147.81,144.56,DELAY_LATE_AIRCRAFT|DELAY_CARRIER|DELAY_NAS
LAX,9,13842,-3.7,-11.14,1386,30.78,23.09,679,153.18,146.11,DELAY_LATE_AIRCRAFT|DELAY_CARRIER|DELAY_NAS
LAX,10,14664,-3.79,-9.64,1473,29.9,24.23,653,140.99,136.26,DELAY_CARRIER|DELAY_LATE_AIRCRAFT|DELAY_NAS
LAX,11,13534,-3.43,-13.53,1455,30.95,19.87,702,137.99,130.51,DELAY_CARRIER|DELAY_LATE_AIRCRAFT|DELAY_NAS
LAX,12,13453,-2.95,-10.66,1942,31.38,23.06,1000,140.38,134.56,DELAY_CARRIER|DELAY_LATE_AIRCRAFT|DELAY_NAS
LBB,1,359,-5.39,-11.32,51,31.75,23.98,48,166.96,162.94,DELAY_LATE_AIRCRAFT|CANC_WEATHER|DELAY_NAS
LBB,2,389,-5.28,-10.36,33,30.97,26.36,18,115.61,115.67,DELAY_NAS|DELAY_CARRIER|DELAY_LATE_AIRCRAFT
LBB,3,453,-5.52,-8.76,53,32.15,29.94,28,266.29,264.29,DELAY_LATE_AIRCRAFT|DELAY_NAS|DELAY_CARRIER
LBB,4,390,-4.49,-7.6,62,33.32,28.81,25,166.6,165.84,DELAY_LATE_AIRCRAFT|DELAY_NAS|DELAY_CARRIER
LBB,5,400,-3.42,-8.68,67,36.85,34.43,56,200.62,197.86,DELAY_LATE_AIRCRAFT|DELAY_CARRIER|DELAY_NAS
LBB,6,407,-4.18,-7.15,54,31.54,27.65,37,186.62,183.76,DELAY_LATE_AIRCRAFT|DELAY_CARRIER|DELAY_NAS
LBB,7,429,-4.27,-7.79,59,31.34,27.76,31,151.61,150.61,DELAY_LATE_AIRCRAFT|DELAY_CARRIER|DELAY_NAS
LBB,8,485,-5.13,-8.95,36,34.28,27.78,21,178.52,178.95,DELAY_LATE_AIRCRAFT|DELAY_CARRIER|DELAY_NAS
LBB,9,456,-5.01,-8.38,47,33.26,32.98,12,97.75,92.08,DELAY_LATE_AIRCRAFT|DELAY_NAS|DELAY_CARRIER
LBB,10,465,-4.58,-9.06,36,33.25,25.92,20,191.8,189.45,DELAY_LATE_AIRCRAFT|DELAY_NAS|DELAY_CARRIER
LBB,11,401,-3.23,-8.77,57,32.21,29.14,37,149.95,150.43,DELAY_LATE_AIRCRAFT|DELAY_CARRIER|DELAY_NAS
LBB,12,451,-3.45,-11.06,62,32.85,25.06,49,148.02,148.9,DELAY_LATE_AIRCRAFT|DELAY_CARRIER|DELAY_NAS
LBE,1,25,-5.88,-11.56,2,28.5,36.0,3,133.0,129.67,DELAY_LATE_AIRCRAFT|DELAY_NAS|CANC_WEATHER
LBE,2,19,-2.74,-17.21,8,31.38,24.38,2,77.0,61.0,DELAY_LATE_AIRCRAFT|DELAY_CARRIER|DELAY_NAS
LBE,3,21,-3.86,-13.05,8,27.5,40.75,1,86.0,93.0,DELAY_NAS|CANC_WEATHER|DELAY_LATE_AIRCRAFT
LBE,4,43,-9.47,-20.14,6,32.5,25.17,2,429.0,416.0,DELAY_NAS|DELAY_CARRIER|DELAY_LATE_AIRCRAFT
LBE,5,49,-6.33,-14.84,8,33.25,21.12,4,123.75,113.75,DELAY_NAS|DELAY_LATE_AIRCRAFT|DELAY_CARRIER
LBE,6,52,-6.83,-16.87,6,25.5,17.33,2,125.0,116.0,DELAY_LATE_AIRCRAFT|DELAY_CARRIER|DELAY_NAS
LBE,7,43,-6.65,-13.44,10,35.0,27.0,7,92.29,80.57,DELAY_CARRIER|DELAY_LATE_AIRCRAFT|DELAY_NAS
LBE,8,37,-9.05,-15.92,3,31.0,17.33,3,102.33,98.0,CANC_WEATHER|DELAY_CARRIER|DELAY_LATE_AIRCRAFT
LBE,9,54,-10.39,-18.19,1,25.0,13.0,5,128.2,120.8,DELAY_LATE_AIRCRAFT|CANC_CARRIER
LBE,10,68,-10.56,-19.28,2,36.5,31.5,0,,,CANC_WEATHER|CANC_NAS|DELAY_CARRIER
LBE,11,33,-7.0,-23.61,1,34.0,54.0,3,152.67,136.33,DELAY_NAS|DELAY_LATE_AIRCRAFT|CANC_CARRIER
LBE,12,25,-3.88,-21.64,2,33.0,11.5,3,102.0,98.0,DELAY_NAS|CANC_NAS|DELAY_WEATHER
LBF,1,41,-5.98,-10.85,4,29.0,23.0,5,346.0,352.2,DELAY_LATE_AIRCRAFT|DELAY_CARRIER|DELAY_NAS
LBF,2,45,-7.49,-14.56,2,47.5,37.0,1,62.0,116.0,DELAY_CARRIER|CANC_WEATHER|DELAY_LATE_AIRCRAFT
LBF,3,44,-7.75,-14.39,4,24.5,18.5,2,693.5,688.5,CANC_WEATHER|DELAY_WEATHER|DELAY_NAS
LBF,4,45,-8.78,-3.67,5,20.4,23.6,2,68.0,67.0,DELAY_CARRIER|DELAY_NAS
LBF,5,50,-9.54,-6.82,1,43.0,41.0,1,815.0,821.0,DELAY_NAS|CANC_WEATHER|DELAY_CARRIER
LBF,6,41,-9.63,-2.37,5,29.2,27.8,4,142.75,143.0,DELAY_LATE_AIRCRAFT|DELAY_CARRIER|CANC_WEATHER
LBF,7,47,-8.87,-4.09,2,27.5,24.5,3,92.0,109.33,DELAY_CARRIER|DELAY_LATE_AIRCRAFT|DELAY_WEATHER
LBF,8,47,-7.4,-1.6,3,39.0,46.67,4,87.0,81.75,DELAY_LATE_AIRCRAFT|DELAY_NAS|DELAY_CARRIER
LBF,9,43,-7.77,-5.16,5,35.8,34.6,4,320.0,318.25,DELAY_LATE_AIRCRAFT|DELAY_CARRIER|DELAY_NAS
LBF,10,49,-7.76,-8.14,3,31.67,29.0,0,,,DELAY_CARRIER|DELAY_LATE_AIRCRAFT
LBF,11,44,-7.7,-12.02,3,32.67,28.33,4,172.75,165.0,DELAY_CARRIER|DELAY_LATE_AIRCRAFT|CANC_WEATHER
LBF,12,47,-9.23,-17.6,3,24.0,14.67,3,183.0,166.67,DELAY_CARRIER|DELAY_LATE_AIRCRAFT
LBL,1,8,-5.25,-15.12,1,26.0,34.0,0,,,CANC_WEATHER|DELAY_CARRIER
LBL,2,25,-8.84,-13.72,3,40.0,38.67,2,317.0,309.5,DELAY_LATE_AIRCRAFT|DELAY_CARRIER
LBL,3,44,-7.86,-11.5,5,21.4,24.8,1,195.0,212.0,DELAY_LATE_AIRCRAFT|CANC_WEATHER|DELAY_NAS
LBL,4,46,-7.35,-10.41,3,22.67,20.0,2,281.5,279.0,DELAY_CARRIER|DELAY_WEATHER|DELAY_LATE_AIRCRAFT
LBL,5,41,-8.07,-11.54,3,32.0,26.33,9,212.89,211.89,DELAY_LATE_AIRCRAFT|DELAY_CARRIER|DELAY_NAS
LBL,6,43,-5.44,-8.84,4,27.0,22.25,3,458.67,487.0,DELAY_CARRIER|DELAY_LATE_AIRCRAFT|CANC_WEATHER
LBL,7,37,-8.38,-12.84,6,26.33,20.17,2,106.0,107.0,CANC_NAS|DELAY_CARRIER|DELAY_LATE_AIRCRAFT
LBL,8,34,-6.24,-11.12,10,36.6,31.9,8,169.0,167.38,DELAY_CARRIER|DELAY_LATE_AIRCRAFT|CANC_NAS
LBL,9,41,-8.12,-13.1,7,27.57,21.71,3,137.0,128.0,DELAY_LATE_AIRCRAFT|DELAY_CARRIER|CANC_NAS
LBL,10,45,-9.49,-15.2,6,37.17,36.5,2,113.5,101.5,DELAY_LATE_AIRCRAFT|DELAY_WEATHER|DELAY_CARRIER
LBL,11,40,-8.35,-12.0,5,39.4,47.2,3,80.67,79.0,DELAY_LATE_AIRCRAFT|CANC_WEATHER|DELAY_CARRIER
LBL,12,49,-8.73,-11.16,1,50.0,45.0,3,133.33,122.67,DELAY_CARRIER|DELAY_LATE_AIRCRAFT|DELAY_WEATHER
LCH,1,73,-7.7,-2.38,4,28.75,25.25,11,326.27,327.27,DELAY_CARRIER|CANC_WEATHER|DELAY_LATE_AIRCRAFT
LCH,2,74,-7.55,-3.82,6,33.0,30.67,7,231.71,224.29,DELAY_CARRIER|DELAY_LATE_AIRCRAFT|DELAY_WEATHER
LCH,3,78,-6.94,-9.28,3,34.67,26.0,6,274.83,273.17,DELAY_CARRIER|DELAY_WEATHER|CANC_WEATHER
LCH,4,72,-7.53,-16.0,3,29.33,25.0,10,186.3,187.7,DELAY_CARRIER|CANC_WEATHER|DELAY_NAS
LCH,5,62,-5.98,-12.76,8,31.0,27.75,17,304.88,310.24,DELAY_WEATHER|DELAY_LATE_AIRCRAFT|DELAY_CARRIER
LCH,6,74,-8.16,-14.57,5,39.8,29.6,11,166.73,171.73,DELAY_CARRIER|DELAY_WEATHER|DELAY_LATE_AIRCRAFT
LCH,7,72,-5.14,-9.06,10,33.5,27.3,9,156.67,159.0,DELAY_LATE_AIRCRAFT|DELAY_CARRIER|DELAY_NAS
LCH,8,79,-7.78,-13.77,6,45.67,35.83,7,199.43,192.86,DELAY_CARRIER|DELAY_LATE_AIRCRAFT|DELAY_WEATHER
LCH,9,71,-5.7,-6.06,10,26.8,22.7,9,233.22,225.89,DELAY_CARRIER|DELAY_LATE_AIRCRAFT|DELAY_NAS
LCH,10,73,-6.99,-12.12,10,34.8,25.8,9,203.11,192.11,DELAY_CARRIER|DELAY_LATE_AIRCRAFT|DELAY_WEATHER
LCH,11,65,-7.08,-11.25,6,37.17,27.67,11,178.82,169.64,DELAY_CARRIER|CANC_WEATHER|DELAY_WEATHER
LCH,12,71,-7.79,-10.62,9,34.56,33.56,8,160.5,162.75,DELAY_CARRIER|DELAY_LATE_AIRCRAFT|DELAY_WEATHER
LCK,1,47,-6.23,-15.36,7,36.0,30.14,3,84.0,93.33,DELAY_LATE_AIRCRAFT|DELAY_CARRIER|DELAY_NAS
LCK,2,45,-6.36,-12.67,6,23.67,13.5,4,84.0,76.25,DELAY_LATE_AIRCRAFT|DELAY_CARRIER|DELAY_NAS
LCK,3,56,-7.82,-14.86,15,27.6,20.87,11,113.45,116.91,DELAY_LATE_AIRCRAFT|DELAY_NAS|CANC_NAS
LCK,4,57,-8.23,-17.16,7,29.71,19.29,6,164.83,168.0,DELAY_LATE_AIRCRAFT|DELAY_CARRIER|CANC_NAS
LCK,5,67,-7.24,-12.49,9,28.11,23.78,9,304.67,300.22,DELAY_LATE_AIRCRAFT|DELAY_CARRIER|DELAY_WEATHER
LCK,6,103,-6.53,-8.79,22,35.82,38.45,9,126.67,126.33,DELAY_LATE_AIRCRAFT|DELAY_NAS|DELAY_CARRIER
LCK,7,93,-7.29,-2.51,17,33.18,35.94,16,175.75,178.88,DELAY_LATE_AIRCRAFT|DELAY_CARRIER|DELAY_NAS
LCK,8,58,-7.57,-7.57,14,34.43,33.71,14,115.36,117.0,DELAY_LATE_AIRCRAFT|CANC_NAS|DELAY_NAS
LCK,9,44,-9.52,-13.77,10,31.6,33.7,8,138.88,135.62,DELAY_LATE_AIRCRAFT|DELAY_CARRIER|CANC_WEATHER
LCK,10,52,-7.08,-10.02,4,35.0,33.0,2,107.5,107.5,DELAY_LATE_AIRCRAFT|CANC_WEATHER|CANC_CARRIER
LCK,11,41,-3.73,-9.27,7,41.43,27.71,3,86.67,77.33,DELAY_LATE_AIRCRAFT|DELAY_NAS
LCK,12,38,-6.29,-12.08,11,31.55,32.09,17,204.76,204.29,DELAY_LATE_AIRCRAFT|DELAY_CARRIER|DELAY_NAS
LEX,1,486,-5.19,-10.28,67,32.72,32.6,64,185.41,182.45,DELAY_LATE_AIRCRAFT|DELAY_NAS|DELAY_CARRIER
LEX,2,544,-5.05,-13.63,59,32.22,22.69,22,194.32,183.09,DELAY_CARRIER|DELAY_LATE_AIRCRAFT|DELAY_NAS
LEX,3,658,-5.29,-11.13,70,31.8,23.59,42,183.21,175.86,DELAY_LATE_AIRCRAFT|DELAY_NAS|DELAY_CARRIER
LEX,4,678,-5.02,-9.5,56,28.25,26.14,40,155.82,149.25,DELAY_LATE_AIRCRAFT|DELAY_NAS|DELAY_CARRIER
LEX,5,585,-3.99,-9.68,89,34.03,29.09,82,152.13,157.73,DELAY_LATE_AIRCRAFT|DELAY_NAS|DELAY_CARRIER
LEX,6,638,-3.83,-11.18,100,30.2,23.98,66,223.85,220.76,DELAY_LATE_AIRCRAFT|DELAY_CARRIER|DELAY_NAS
LEX,7,593,-4.76,-10.1,110,31.21,29.21,117,171.95,169.73,DELAY_LATE_AIRCRAFT|DELAY_CARRIER|DELAY_NAS
LEX,8,625,-5.31,-10.16,85,32.76,31.45,61,167.05,160.74,DELAY_LATE_AIRCRAFT|DELAY_NAS|DELAY_CARRIER
LEX,9,655,-5.15,-10.23,91,31.16,25.04,35,149.43,150.11,DELAY_LATE_AIRCRAFT|DELAY_CARRIER|DELAY_NAS
LEX,10,710,-5.23,-10.77,69,30.2,21.41,29,150.86,142.21,DELAY_NAS|DELAY_LATE_AIRCRAFT|DELAY_CARRIER
LEX,11,682,-6.11,-12.72,48,32.25,24.65,28,153.68,160.32,DELAY_CARRIER|DELAY_NAS|DELAY_LATE_AIRCRAFT
LEX,12,572,-4.17,-12.04,84,32.19,27.77,53,211.49,203.85,DELAY_LATE_AIRCRAFT|DELAY_NAS|DELAY_CARRIER
LFT,1,148,-4.11,-7.64,24,32.33,28.08,28,185.43,191.5,DELAY_LATE_AIRCRAFT|DELAY_WEATHER|CANC_WEATHER
LFT,2,179,-5.19,-7.09,24,30.62,23.25,9,133.0,129.89,DELAY_LATE_AIRCRAFT|DELAY_WEATHER|DELAY_CARRIER
LFT,3,275,-5.44,-10.49,27,32.63,26.93,22,174.68,172.27,DELAY_CARRIER|DELAY_LATE_AIRCRAFT|DELAY_NAS
LFT,4,224,-4.92,-6.6,14,34.86,39.36,23,166.13,176.48,DELAY_LATE_AIRCRAFT|DELAY_NAS|DELAY_WEATHER
LFT,5,175,-4.24,-6.55,26,28.35,28.12,29,191.97,190.62,DELAY_LATE_AIRCRAFT|DELAY_NAS|DELAY_CARRIER
LFT,6,210,-4.23,-9.5,28,30.25,27.0,30,208.6,204.57,DELAY_CARRIER|DELAY_LATE_AIRCRAFT|DELAY_NAS
LFT,7,215,-3.79,-7.66,43,32.05,27.95,45,196.44,195.78,DELAY_CARRIER|DELAY_LATE_AIRCRAFT|DELAY_WEATHER
LFT,8,252,-5.92,-13.08,28,33.89,28.0,20,194.35,188.1,DELAY_CARRIER|DELAY_LATE_AIRCRAFT|DELAY_WEATHER
LFT,9,192,-5.28,-8.89,25,28.56,26.36,14,269.86,266.43,DELAY_LATE_AIRCRAFT|DELAY_CARRIER|CANC_WEATHER
LFT,10,246,-5.25,-13.05,18,28.56,18.39,19,151.84,142.74,DELAY_CARRIER|DELAY_LATE_AIRCRAFT|DELAY_NAS
LFT,11,236,-5.55,-11.55,21,33.71,25.62,22,192.36,191.77,DELAY_LATE_AIRCRAFT|DELAY_CARRIER|DELAY_WEATHER
LFT,12,243,-4.5,-8.54,19,29.47,23.11,23,181.35,188.09,DELAY_NAS|DELAY_LATE_AIRCRAFT|DELAY_CARRIER
LGA,1,9527,-4.24,-15.19,1446,32.68,27.39,1113,144.43,147.52,DELAY_LATE_AIRCRAFT|DELAY_NAS|DELAY_CARRIER
LGA,2,10605,-4.64,-18.79,1094,31.09,17.24,668,149.09,135.97,DELAY_LATE_AIRCRAFT|DELAY_NAS|DELAY_CARRIER
LGA,3,11044,-4.44,-17.32,1417,32.5,20.82,834,133.32,123.7,DELAY_LATE_AIRCRAFT|DELAY_CARRIER|DELAY_NAS
LGA,4,11207,-4.53,-14.78,1267,31.71,23.07,821,153.11,146.16,DELAY_LATE_AIRCRAFT|DELAY_CARRIER|DELAY_NAS
LGA,5,10977,-4.2,-12.03,1560,31.76,27.07,1261,143.63,142.46,DELAY_LATE_AIRCRAFT|DELAY_NAS|DELAY_CARRIER
LGA,6,10230,-4.0,-13.57,1576,32.87,27.99,1233,157.49,153.26,DELAY_LATE_AIRCRAFT|DELAY_NAS|DELAY_CARRIER
LGA,7,9889,-3.5,-10.0,1879,32.91,31.12,1738,155.06,152.15,DELAY_LATE_AIRCRAFT|DELAY_NAS|DELAY_CARRIER
LGA,8,9948,-3.57,-10.35,1618,32.11,30.67,1423,160.34,157.87,DELAY_NAS|DELAY_LATE_AIRCRAFT|DELAY_CARRIER
LGA,9,12016,-5.24,-13.64,984,30.94,23.01,466,134.37,126.11,DELAY_CARRIER|DELAY_LATE_AIRCRAFT|DELAY_NAS
LGA,10,12486,-4.99,-15.42,1063,30.54,21.05,497,148.12,139.88,DELAY_CARRIER|DELAY_LATE_AIRCRAFT|DELAY_NAS
LGA,11,11779,-4.91,-14.97,1054,31.06,19.78,501,120.75,109.29,DELAY_LATE_AIRCRAFT|DELAY_CARRIER|DELAY_NAS
LGA,12,10088,-3.3,-11.52,1845,32.24,25.26,998,131.44,125.92,DELAY_LATE_AIRCRAFT|DELAY_CARRIER|DELAY_NAS
LGB,1,1211,-2.1,-6.47,179,29.32,24.98,69,104.33,102.42,DELAY_LATE_AIRCRAFT|DELAY_CARRIER|DELAY_NAS
LGB,2,1149,-1.3,-8.77,174,28.7,20.91,58,103.34,94.62,DELAY_LATE_AIRCRAFT|DELAY_NAS|DELAY_CARRIER
LGB,3,1226,-1.08,-6.77,197,29.8,25.05,66,110.95,104.68,DELAY_LATE_AIRCRAFT|DELAY_CARRIER|DELAY_NAS
LGB,4,1232,-1.4,-8.51,180,29.52,21.46,55,113.27,103.85,DELAY_LATE_AIRCRAFT|DELAY_NAS|DELAY_CARRIER
LGB,5,1206,-0.83,-9.34,232,30.7,22.64,75,122.91,117.51,DELAY_LATE_AIRCRAFT|DELAY_CARRIER|DELAY_NAS
LGB,6,1223,-0.41,-8.11,200,30.75,23.3,57,121.42,113.72,DELAY_LATE_AIRCRAFT|DELAY_CARRIER|DELAY_NAS
LGB,7,1179,-1.05,-8.03,271,30.15,23.65,79,112.84,105.51,DELAY_LATE_AIRCRAFT|DELAY_CARRIER|DELAY_NAS
LGB,8,1279,-2.47,-7.57,122,30.77,26.93,40,109.7,104.17,DELAY_LATE_AIRCRAFT|DELAY_NAS|DELAY_CARRIER
LGB,9,1206,-2.48,-9.32,126,28.54,21.95,46,131.87,125.83,DELAY_LATE_AIRCRAFT|DELAY_CARRIER|DELAY_NAS
LGB,10,1240,-2.62,-9.53,150,31.28,23.89,74,115.49,107.42,DELAY_LATE_AIRCRAFT|DELAY_CARRIER|DELAY_NAS
LGB,11,1300,-3.34,-12.02,116,30.97,21.66,37,112.08,102.3,DELAY_LATE_AIRCRAFT|DELAY_CARRIER|DELAY_NAS
LGB,12,1155,-2.33,-9.81,202,31.3,25.13,119,132.24,124.8,DELAY_LATE_AIRCRAFT|DELAY_CARRIER|DELAY_NAS
LIH,1,1031,-2.4,-5.85,215,29.8,27.67,66,171.8,158.83,DELAY_LATE_AIRCRAFT|DELAY_NAS|DELAY_CARRIER
LIH,2,1046,-2.13,-7.53,130,29.58,18.66,26,197.04,181.77,DELAY_LATE_AIRCRAFT|DELAY_CARRIER|DELAY_NAS
LIH,3,1207,-3.06,-7.72,110,25.85,21.15,15,164.87,154.67,DELAY_LATE_AIRCRAFT|DELAY_CARRIER|DELAY_NAS
LIH,4,1121,-3.44,-8.12,114,29.98,25.12,33,166.15,163.33,DELAY_LATE_AIRCRAFT|DELAY_CARRIER|DELAY_NAS
LIH,5,1127,-3.02,-5.58,140,29.18,27.98,47,128.26,124.66,DELAY_LATE_AIRCRAFT|DELAY_CARRIER|CANC_CARRIER
LIH,6,1223,-2.99,-5.7,114,27.46,26.11,39,112.97,109.64,DELAY_LATE_AIRCRAFT|DELAY_CARRIER|DELAY_NAS
LIH,7,1266,-2.86,-5.36,140,31.72,29.55,33,154.0,151.55,DELAY_LATE_AIRCRAFT|DELAY_CARRIER|DELAY_NAS
LIH,8,1267,-3.43,-10.39,88,31.26,22.83,23,190.87,185.61,DELAY_LATE_AIRCRAFT|DELAY_CARRIER|CANC_CARRIER
LIH,9,1154,-3.87,-7.92,81,28.77,23.8,16,243.12,238.31,DELAY_LATE_AIRCRAFT|DELAY_CARRIER|DELAY_NAS
LIH,10,1189,-3.43,-8.02,89,26.1,22.37,17,110.12,104.65,DELAY_LATE_AIRCRAFT|DELAY_CARRIER|DELAY_NAS
LIH,11,1177,-4.3,-8.86,70,32.67,24.19,21,103.62,96.33,DELAY_LATE_AIRCRAFT|DELAY_CARRIER|DELAY_NAS
LIH,12,1212,-3.5,-8.24,111,29.41,23.76,34,156.47,147.47,DELAY_LATE_AIRCRAFT|DELAY_CARRIER|DELAY_NAS
LIT,1,668,-3.71,-6.06,120,33.12,28.27,86,149.17,154.14,DELAY_LATE_AIRCRAFT|DELAY_NAS|DELAY_CARRIER
LIT,2,768,-4.86,-8.6,62,31.23,26.03,26,185.5,176.77,DELAY_LATE_AIRCRAFT|DELAY_NAS|DELAY_CARRIER
LIT,3,819,-4.42,-9.69,89,31.79,26.46,66,131.92,129.0,DELAY_LATE_AIRCRAFT|DELAY_NAS|DELAY_CARRIER
LIT,4,880,-3.59,-8.97,116,28.03,23.41,75,185.69,186.89,DELAY_LATE_AIRCRAFT|DELAY_CARRIER|DELAY_NAS
LIT,5,752,-1.94,-6.63,191,31.31,28.34,138,149.51,157.36,DELAY_LATE_AIRCRAFT|DELAY_CARRIER|DELAY_NAS
LIT,6,856,-2.38,-5.99,166,31.14,27.43,107,161.35,161.43,DELAY_LATE_AIRCRAFT|DELAY_CARRIER|DELAY_NAS
LIT,7,819,-1.63,-4.43,218,32.03,31.93,128,158.96,158.51,DELAY_LATE_AIRCRAFT|DELAY_NAS|DELAY_CARRIER
LIT,8,914,-3.68,-8.9,120,30.98,27.06,63,160.3,156.44,DELAY_LATE_AIRCRAFT|DELAY_NAS|DELAY_CARRIER
LIT,9,888,-3.99,-8.88,111,30.75,24.66,56,160.64,156.38,DELAY_LATE_AIRCRAFT|DELAY_CARRIER|DELAY_NAS
LIT,10,1039,-3.52,-9.07,91,30.53,24.21,46,201.76,195.65,DELAY_CARRIER|DELAY_LATE_AIRCRAFT|DELAY_NAS
LIT,11,903,-4.14,-9.23,90,32.88,30.22,36,165.61,168.08,DELAY_LATE_AIRCRAFT|DELAY_CARRIER|DELAY_NAS
LIT,12,791,-2.88,-8.59,133,30.59,26.02,70,137.11,138.17,DELAY_LATE_AIRCRAFT|DELAY_CARRIER|DELAY_NAS
LNK,1,27,-1.3,-4.04,9,23.89,26.44,9,160.44,172.67,DELAY_LATE_AIRCRAFT|DELAY_NAS|CANC_WEATHER
LNK,2,47,-7.77,-15.45,6,20.33,9.5,2,71.5,62.0,DELAY_CARRIER
LNK,3,38,-6.11,-13.68,3,36.67,22.33,2,282.5,265.5,DELAY_CARRIER|DELAY_LATE_AIRCRAFT|DELAY_NAS
LNK,4,72,-4.82,-9.04,8,42.5,36.88,10,350.4,342.9,DELAY_CARRIER|DELAY_LATE_AIRCRAFT|DELAY_WEATHER
LNK,5,85,-5.04,-9.15,21,33.71,34.95,20,197.1,192.95,DELAY_CARRIER|DELAY_LATE_AIRCRAFT|DELAY_NAS
LNK,6,175,-5.82,-10.11,19,34.05,26.16,15,162.07,158.07,DELAY_CARRIER|DELAY_LATE_AIRCRAFT|DELAY_NAS
LNK,7,172,-6.47,-9.86,20,32.7,27.65,23,153.61,147.48,DELAY_CARRIER|DELAY_LATE_AIRCRAFT|DELAY_NAS
LNK,8,163,-5.61,-9.52,33,36.21,28.67,18,205.78,204.44,DELAY_CARRIER|DELAY_LATE_AIRCRAFT|DELAY_NAS
LNK,9,185,-6.2,-14.53,14,36.14,21.43,15,217.4,203.0,DELAY_CARRIER|DELAY_LATE_AIRCRAFT|DELAY_NAS
LNK,10,220,-6.6,-12.99,10,37.6,27.7,10,133.2,113.1,DELAY_CARRIER|DELAY_WEATHER|DELAY_LATE_AIRCRAFT
LNK,11,194,-5.83,-12.81,16,31.62,20.88,11,126.55,115.09,DELAY_CARRIER|DELAY_LATE_AIRCRAFT|CANC_WEATHER
LNK,12,141,-5.82,-11.3,15,33.13,22.87,15,155.73,137.27,DELAY_CARRIER|DELAY_LATE_AIRCRAFT|DELAY_NAS
LRD,1,96,-4.75,-6.82,15,22.87,24.13,16,152.88,145.5,DELAY_LATE_AIRCRAFT|DELAY_NAS|DELAY_CARRIER
LRD,2,107,-6.05,-5.29,12,32.42,34.17,2,150.0,150.5,DELAY_LATE_AIRCRAFT|DELAY_NAS|DELAY_CARRIER
LRD,3,102,-4.2,-3.52,12,30.08,30.5,11,129.64,128.09,DELAY_LATE_AIRCRAFT|DELAY_NAS|CANC_WEATHER
LRD,4,122,-5.62,-8.02,9,37.11,30.67,18,142.5,143.5,DELAY_LATE_AIRCRAFT|DELAY_NAS|DELAY_CARRIER
LRD,5,106,-3.36,-3.93,19,35.42,33.0,25,224.28,231.2,DELAY_LATE_AIRCRAFT|DELAY_NAS|CANC_WEATHER
LRD,6,118,-3.07,-4.29,31,30.87,29.68,11,109.91,105.09,DELAY_LATE_AIRCRAFT|DELAY_CARRIER|DELAY_NAS
LRD,7,126,-3.32,-2.17,24,33.33,32.67,20,209.1,207.0,DELAY_LATE_AIRCRAFT|DELAY_NAS|DELAY_CARRIER
LRD,8,142,-6.8,-9.07,15,32.07,30.93,5,156.8,153.6,DELAY_LATE_AIRCRAFT|DELAY_NAS|DELAY_CARRIER
LRD,9,126,-4.54,-7.4,10,35.4,30.3,5,388.2,383.0,DELAY_LATE_AIRCRAFT|DELAY_NAS|DELAY_CARRIER
LRD,10,135,-5.96,-11.3,8,28.38,24.12,8,136.25,132.88,DELAY_LATE_AIRCRAFT|DELAY_CARRIER|DELAY_NAS
LRD,11,126,-6.05,-8.84,9,25.22,17.56,12,128.58,126.67,DELAY_LATE_AIRCRAFT|DELAY_NAS|DELAY_CARRIER
LRD,12,130,-4.37,-5.25,15,24.8,19.33,12,197.33,201.17,DELAY_LATE_AIRCRAFT|DELAY_NAS|CANC_WEATHER
LSE,1,2,-2.0,-15.5,2,28.5,5.5,1,113.0,99.0,CANC_WEATHER|DELAY_CARRIER
LSE,2,4,-6.0,-20.0,0,,,0,,,N/D
LSE,5,38,-2.79,-5.24,4,37.5,35.25,6,145.33,149.17,DELAY_LATE_AIRCRAFT|DELAY_NAS|DELAY_CARRIER
LSE,6,12,-3.75,-11.42,1,15.0,16.0,0,,,DELAY_LATE_AIRCRAFT
LSE,7,39,-3.72,-4.03,7,25.0,21.43,4,158.0,150.75,DELAY_LATE_AIRCRAFT|DELAY_CARRIER|DELAY_NAS
LSE,8,30,-2.63,-5.2,2,30.5,23.5,2,227.5,221.0,DELAY_CARRIER|DELAY_NAS|CANC_WEATHER
LSE,9,62,-4.82,-4.05,6,36.83,47.5,3,81.33,86.33,DELAY_NAS|DELAY_LATE_AIRCRAFT|DELAY_CARRIER
LSE,10,37,-6.14,-6.92,1,17.0,17.0,2,95.5,88.0,DELAY_CARRIER|DELAY_NAS|DELAY_LATE_AIRCRAFT
LSE,11,47,-4.57,-14.17,2,24.0,19.5,2,581.5,584.5,DELAY_LATE_AIRCRAFT|DELAY_NAS|CANC_CARRIER
LSE,12,8,-3.62,-9.12,1,15.0,26.0,0,,,DELAY_LATE_AIRCRAFT
LWS,1,65,-3.42,-2.48,11,33.82,21.36,14,233.43,231.0,DELAY_CARRIER|DELAY_LATE_AIRCRAFT|CANC_WEATHER
LWS,2,74,-3.78,-10.2,4,27.0,26.0,8,231.88,225.62,DELAY_CARRIER|DELAY_LATE_AIRCRAFT|DELAY_WEATHER
LWS,3,85,-4.22,-4.05,3,39.33,31.0,3,220.67,221.33,DELAY_CARRIER|DELAY_LATE_AIRCRAFT|CANC_WEATHER
LWS,4,83,-4.75,-6.82,3,24.67,14.67,4,120.25,108.5,DELAY_CARRIER|DELAY_WEATHER
LWS,5,85,-3.76,-7.64,6,27.5,26.0,2,376.5,365.0,DELAY_CARRIER|DELAY_WEATHER
LWS,6,81,-3.26,-11.96,4,18.75,1.75,5,243.2,224.2,DELAY_CARRIER
LWS,7,83,-2.64,-9.43,7,34.14,23.29,3,447.0,437.67,DELAY_CARRIER|DELAY_WEATHER
LWS,8,84,-4.31,-9.82,6,25.17,19.17,3,104.33,100.33,DELAY_CARRIER|DELAY_NAS|DELAY_WEATHER
LWS,9,81,-4.21,-7.28,5,35.6,33.2,4,351.0,342.5,DELAY_CARRIER|DELAY_LATE_AIRCRAFT|DELAY_NAS
LWS,10,83,-4.14,-6.06,8,26.12,20.5,2,269.0,258.0,DELAY_CARRIER|DELAY_NAS|DELAY_SECURITY
LWS,11,84,-4.3,-6.18,6,27.33,16.5,0,,,DELAY_CARRIER|DELAY_WEATHER
LWS,12,83,-3.49,-7.35,1,57.0,89.0,8,290.75,283.12,DELAY_CARRIER|DELAY_WEATHER|CANC_WEATHER
MAF,1,558,-4.41,-8.12,66,34.17,30.76,46,139.85,140.59,DELAY_LATE_AIRCRAFT|DELAY_CARRIER|DELAY_NAS
MAF,2,580,-4.76,-8.28,39,31.03,26.28,16,169.25,162.81,DELAY_CARRIER|DELAY_LATE_AIRCRAFT|DELAY_NAS
MAF,3,613,-3.91,-8.18,58,31.69,28.26,37,148.19,142.46,DELAY_LATE_AIRCRAFT|DELAY_NAS|DELAY_CARRIER
MAF,4,692,-4.95,-9.57,69,35.1,31.42,55,150.93,148.27,DELAY_LATE_AIRCRAFT|DELAY_NAS|DELAY_CARRIER
MAF,5,569,-2.19,-5.85,134,32.96,31.9,110,174.82,176.1,DELAY_LATE_AIRCRAFT|DELAY_CARRIER|DELAY_NAS
MAF,6,603,-3.18,-5.92,135,31.36,30.92,83,136.13,134.45,DELAY_CARRIER|DELAY_LATE_AIRCRAFT|DELAY_NAS
MAF,7,597,-2.93,-5.32,129,31.16,28.43,74,140.26,136.64,DELAY_LATE_AIRCRAFT|DELAY_CARRIER|DELAY_NAS
MAF,8,716,-4.65,-7.46,74,29.86,27.11,44,155.05,149.93,DELAY_LATE_AIRCRAFT|DELAY_CARRIER|DELAY_NAS
MAF,9,676,-4.82,-9.22,74,32.54,26.92,25,157.16,149.6,DELAY_CARRIER|DELAY_LATE_AIRCRAFT|DELAY_NAS
MAF,10,744,-5.09,-9.26,54,31.35,24.94,27,161.48,154.48,DELAY_CARRIER|DELAY_LATE_AIRCRAFT|DELAY_NAS
MAF,11,715,-4.88,-10.57,59,32.2,28.73,36,136.42,128.33,DELAY_LATE_AIRCRAFT|DELAY_CARRIER|DELAY_NAS
MAF,12,692,-4.39,-9.51,74,29.74,24.95,54,161.76,158.59,DELAY_CARRIER|DELAY_LATE_AIRCRAFT|DELAY_NAS
MBS,1,82,-4.44,-9.32,22,36.95,43.45,38,146.61,145.11,DELAY_CARRIER|CANC_WEATHER|DELAY_WEATHER
MBS,2,144,-6.61,-16.33,6,34.33,39.17,9,231.11,223.0,DELAY_CARRIER|DELAY_LATE_AIRCRAFT|DELAY_WEATHER
MBS,3,156,-5.99,-10.85,7,26.86,33.43,9,210.78,199.67,DELAY_CARRIER|DELAY_LATE_AIRCRAFT|DELAY_NAS
MBS,4,147,-7.16,-12.05,9,37.0,34.78,11,134.45,134.64,DELAY_CARRIER|DELAY_LATE_AIRCRAFT|DELAY_NAS
MBS,5,136,-6.24,-9.54,17,36.53,33.12,22,127.68,127.09,DELAY_CARRIER|DELAY_LATE_AIRCRAFT|DELAY_NAS
MBS,6,152,-5.16,-8.12,13,31.85,32.23,22,176.23,173.45,DELAY_CARRIER|DELAY_WEATHER|CANC_WEATHER
MBS,7,152,-5.65,-9.89,23,34.26,28.91,21,121.14,121.52,DELAY_CARRIER|DELAY_LATE_AIRCRAFT|DELAY_WEATHER
MBS,8,161,-4.52,-7.53,17,33.94,30.18,20,176.35,174.9,DELAY_CARRIER|DELAY_LATE_AIRCRAFT|DELAY_NAS
MBS,9,171,-6.87,-10.7,13,36.69,29.15,8,124.62,122.38,DELAY_CARRIER|DELAY_LATE_AIRCRAFT|DELAY_NAS
MBS,10,171,-5.78,-9.51,18,28.39,25.22,16,183.06,177.38,DELAY_CARRIER|DELAY_LATE_AIRCRAFT|DELAY_WEATHER
MBS,11,159,-5.47,-10.18,14,32.21,24.14,18,145.28,141.78,DELAY_CARRIER|DELAY_WEATHER|DELAY_NAS
MBS,12,135,-3.27,-5.45,31,31.74,31.23,25,148.92,149.0,DELAY_CARRIER|DELAY_LATE_AIRCRAFT|DELAY_WEATHER
MCI,1,2741,-2.37,-4.38,555,30.84,31.85,290,158.1,167.8,DELAY_NAS|DELAY_LATE_AIRCRAFT|DELAY_CARRIER
MCI,2,3060,-3.27,-9.12,293,28.75,23.25,123,180.54,176.45,DELAY_NAS|DELAY_LATE_AIRCRAFT|DELAY_CARRIER
MCI,3,3493,-2.84,-9.42,466,30.32,24.11,174,139.73,137.95,DELAY_LATE_AIRCRAFT|DELAY_NAS|DELAY_CARRIER
MCI,4,3365,-2.73,-8.89,503,30.53,24.09,211,156.27,152.84,DELAY_LATE_AIRCRAFT|DELAY_CARRIER|DELAY_NAS
MCI,5,3312,-1.73,-6.01,597,31.31,27.69,359,150.04,149.38,DELAY_LATE_AIRCRAFT|DELAY_NAS|DELAY_CARRIER
MCI,6,3485,-1.99,-6.69,627,30.94,27.21,287,162.13,158.83,DELAY_LATE_AIRCRAFT|DELAY_NAS|DELAY_CARRIER
MCI,7,3362,-2.1,-5.75,693,31.39,28.47,403,155.29,152.95,DELAY_LATE_AIRCRAFT|DELAY_NAS|DELAY_CARRIER
MCI,8,3570,-3.34,-7.84,477,30.42,26.5,245,142.39,138.44,DELAY_LATE_AIRCRAFT|DELAY_NAS|DELAY_CARRIER
MCI,9,3684,-3.74,-8.55,323,29.95,23.83,120,142.37,136.03,DELAY_LATE_AIRCRAFT|DELAY_NAS|DELAY_CARRIER
MCI,10,3943,-3.79,-9.57,323,29.19,22.39,117,170.11,163.66,DELAY_LATE_AIRCRAFT|DELAY_CARRIER|DELAY_NAS
MCI,11,3535,-3.62,-9.96,338,29.83,22.18,153,143.04,139.62,DELAY_LATE_AIRCRAFT|DELAY_NAS|DELAY_CARRIER
MCI,12,3230,-2.53,-11.33,519,29.02,19.28,191,153.73,144.82,DELAY_LATE_AIRCRAFT|DELAY_CARRIER|DELAY_NAS
MCO,1,10076,-1.49,-7.15,2543,30.75,26.32,1225,146.99,145.12,DELAY_LATE_AIRCRAFT|DELAY_CARRIER|DELAY_NAS
MCO,2,10945,-2.52,-5.83,1774,30.52,26.17,799,126.51,120.16,DELAY_LATE_AIRCRAFT|DELAY_NAS|DELAY_CARRIER
MCO,3,10773,-1.68,-5.08,2782,31.97,29.83,1828,141.12,140.64,DELAY_LATE_AIRCRAFT|DELAY_NAS|DELAY_CARRIER
MCO,4,11063,-2.18,-7.71,1896,30.94,24.42,1025,143.15,137.71,DELAY_LATE_AIRCRAFT|DELAY_CARRIER|DELAY_NAS
MCO,5,9772,-1.48,-5.06,2389,31.94,30.3,1497,138.39,138.28,DELAY_LATE_AIRCRAFT|DELAY_NAS|DELAY_CARRIER
MCO,6,9028,-1.72,-8.27,2272,32.44,26.75,1674,147.33,142.79,DELAY_LATE_AIRCRAFT|DELAY_CARRIER|DELAY_NAS
MCO,7,8360,-1.3,-6.44,2595,32.59,28.32,1982,150.36,146.44,DELAY_LATE_AIRCRAFT|DELAY_CARRIER|DELAY_NAS
MCO,8,8064,-1.75,-7.19,2182,32.51,29.16,1513,136.55,132.48,DELAY_LATE_AIRCRAFT|DELAY_NAS|DELAY_CARRIER
MCO,9,9010,-2.87,-8.06,1230,29.97,25.93,458,127.1,122.04,DELAY_NAS|DELAY_LATE_AIRCRAFT|DELAY_CARRIER
MCO,10,9716,-3.07,-10.9,1205,29.25,20.6,426,125.54,117.21,CANC_WEATHER|DELAY_CARRIER|DELAY_LATE_AIRCRAFT
MCO,11,10749,-3.17,-10.5,1351,30.05,22.93,512,122.4,117.23,DELAY_CARRIER|DELAY_LATE_AIRCRAFT|DELAY_NAS
MCO,12,10390,-2.06,-9.32,2028,30.87,22.97,1126,132.02,126.37,DELAY_LATE_AIRCRAFT|DELAY_CARRIER|DELAY_NAS
MCW,1,29,-6.34,-15.07,6,31.5,22.33,7,178.86,171.57,DELAY_LATE_AIRCRAFT|CANC_WEATHER|DELAY_NAS
MCW,2,45,-8.91,-21.58,0,,,3,127.0,122.0,CANC_WEATHER|DELAY_CARRIER|DELAY_LATE_AIRCRAFT
MCW,3,41,-8.83,-13.88,5,39.2,44.6,7,312.71,300.57,DELAY_LATE_AIRCRAFT|DELAY_CARRIER|DELAY_NAS
MCW,4,43,-9.09,-9.77,3,39.33,32.67,4,303.75,295.5,DELAY_LATE_AIRCRAFT|DELAY_CARRIER|CANC_CARRIER
MCW,5,42,-7.6,-2.57,4,32.0,33.0,5,172.4,169.2,DELAY_LATE_AIRCRAFT|DELAY_NAS|CANC_WEATHER
MCW,6,38,-8.13,-11.34,6,21.0,19.0,7,251.29,250.71,DELAY_LATE_AIRCRAFT|DELAY_NAS
MCW,7,39,-7.54,-5.1,6,45.83,50.83,7,358.71,361.29,DELAY_LATE_AIRCRAFT|DELAY_NAS|DELAY_CARRIER
MCW,8,34,-6.41,-8.68,10,34.6,39.9,8,169.62,171.75,DELAY_LATE_AIRCRAFT|DELAY_NAS|DELAY_CARRIER
MCW,9,45,-8.98,-16.49,2,41.5,28.5,5,279.0,264.2,DELAY_LATE_AIRCRAFT|DELAY_CARRIER|DELAY_WEATHER
MCW,10,48,-9.83,-16.81,3,41.67,26.0,2,68.5,45.5,DELAY_CARRIER|DELAY_LATE_AIRCRAFT
MCW,11,38,-9.11,-9.95,4,46.75,43.75,9,397.89,394.56,DELAY_LATE_AIRCRAFT|DELAY_CARRIER|DELAY_WEATHER
MCW,12,40,-10.3,-11.43,3,22.33,24.67,4,130.5,136.75,CANC_WEATHER|DELAY_LATE_AIRCRAFT|DELAY_CARRIER
MDT,1,289,-5.75,-11.34,31,31.77,34.81,31,187.77,186.74,DELAY_NAS|DELAY_LATE_AIRCRAFT|DELAY_CARRIER
MDT,2,311,-5.41,-18.76,27,30.89,21.74,17,204.06,198.76,DELAY_LATE_AIRCRAFT|DELAY_CARRIER|DELAY_NAS
MDT,3,338,-5.14,-14.82,38,32.11,27.97,17,176.65,176.47,DELAY_LATE_AIRCRAFT|DELAY_NAS|DELAY_CARRIER
MDT,4,444,-5.08,-13.23,42,33.67,26.6,15,144.67,144.27,DELAY_LATE_AIRCRAFT|DELAY_CARRIER|DELAY_NAS
MDT,5,373,-3.78,-9.04,58,32.98,30.12,44,137.66,137.2,DELAY_LATE_AIRCRAFT|DELAY_CARRIER|DELAY_NAS
MDT,6,389,-4.3,-10.08,67,30.28,25.76,41,195.39,192.29,DELAY_CARRIER|DELAY_LATE_AIRCRAFT|DELAY_NAS
MDT,7,350,-4.48,-7.96,74,33.93,32.32,64,161.62,163.5,DELAY_CARRIER|DELAY_LATE_AIRCRAFT|DELAY_NAS
MDT,8,351,-3.34,-6.44,62,31.11,33.9,48,248.52,245.98,DELAY_CARRIER|DELAY_LATE_AIRCRAFT|DELAY_NAS
MDT,9,346,-4.86,-10.02,48,30.48,25.4,30,189.53,183.5,DELAY_CARRIER|DELAY_LATE_AIRCRAFT|DELAY_NAS
MDT,10,424,-4.37,-12.36,36,29.0,18.5,20,234.95,227.85,DELAY_CARRIER|DELAY_LATE_AIRCRAFT|DELAY_NAS
MDT,11,388,-4.63,-13.84,42,31.69,22.95,28,143.93,129.93,DELAY_CARRIER|DELAY_LATE_AIRCRAFT|DELAY_NAS
MDT,12,310,-2.84,-10.31,55,28.49,22.15,46,146.91,140.93,DELAY_CARRIER|DELAY_LATE_AIRCRAFT|DELAY_NAS
MDW,1,3957,-0.44,-5.97,1022,30.55,26.31,406,137.5,135.26,DELAY_LATE_AIRCRAFT|DELAY_CARRIER|CANC_WEATHER
MDW,2,4517,-1.4,-10.87,559,28.77,20.77,144,121.78,112.68,DELAY_CARRIER|DELAY_LATE_AIRCRAFT|DELAY_NAS
MDW,3,5026,-0.71,-8.82,1194,30.49,22.86,407,118.59,112.51,DELAY_LATE_AIRCRAFT|DELAY_CARRIER|DELAY_NAS
MDW,4,5271,-0.66,-7.36,1136,30.33,24.13,353,128.07,122.25,DELAY_LATE_AIRCRAFT|DELAY_CARRIER|DELAY_NAS
MDW,5,4504,0.12,-4.6,1617,31.39,28.83,766,118.45,117.16,DELAY_LATE_AIRCRAFT|DELAY_CARRIER|DELAY_NAS
MDW,6,4956,0.66,-4.72,1812,30.55,26.69,704,129.23,128.17,DELAY_LATE_AIRCRAFT|DELAY_CARRIER|DELAY_NAS
MDW,7,5021,0.87,-3.8,1917,30.84,26.6,803,120.3,116.08,DELAY_LATE_AIRCRAFT|DELAY_CARRIER|DELAY_NAS
MDW,8,5281,-0.23,-6.8,1353,30.29,26.8,489,113.05,109.76,DELAY_LATE_AIRCRAFT|DELAY_CARRIER|DELAY_NAS
MDW,9,5672,-0.78,-7.84,962,28.37,21.45,177,113.21,107.04,DELAY_CARRIER|DELAY_LATE_AIRCRAFT|DELAY_NAS
MDW,10,5669,-1.24,-10.13,828,28.62,18.72,182,111.94,101.31,DELAY_CARRIER|DELAY_LATE_AIRCRAFT|DELAY_NAS
MDW,11,5005,-1.7,-10.21,640,29.38,20.9,233,140.8,133.24,DELAY_LATE_AIRCRAFT|DELAY_CARRIER|DELAY_NAS
MDW,12,4449,-0.32,-9.79,1114,29.88,21.89,334,116.49,108.94,DELAY_LATE_AIRCRAFT|DELAY_CARRIER|DELAY_NAS
MEI,1,39,-7.82,-33.28,3,22.67,-0.67,4,93.25,59.75,CANC_WEATHER|DELAY_CARRIER|DELAY_LATE_AIRCRAFT
MEI,2,42,-8.5,-25.24,3,40.33,17.0,5,160.8,140.0,DELAY_LATE_AIRCRAFT|DELAY_CARRIER|DELAY_WEATHER
MEI,3,46,-7.22,-10.96,2,30.5,38.5,4,338.25,330.5,DELAY_NAS|DELAY_WEATHER|CANC_WEATHER
MEI,4,44,-8.25,-9.11,3,30.0,25.0,4,358.75,358.25,DELAY_CARRIER|DELAY_LATE_AIRCRAFT
MEI,5,37,-5.7,0.35,5,30.0,36.4,10,217.9,245.3,DELAY_NAS|DELAY_LATE_AIRCRAFT|DELAY_WEATHER
MEI,6,44,-5.84,0.7,1,21.0,31.0,4,465.0,466.0,DELAY_CARRIER|DELAY_LATE_AIRCRAFT|DELAY_NAS
MEI,7,33,-5.52,-1.21,4,42.5,58.5,9,126.78,124.22,DELAY_CARRIER|CANC_WEATHER|DELAY_LATE_AIRCRAFT
MEI,8,46,-6.7,-8.54,7,25.57,21.29,0,,,DELAY_LATE_AIRCRAFT|DELAY_CARRIER|DELAY_NAS
MEI,9,46,-7.87,-7.67,2,20.5,18.0,3,237.0,237.0,DELAY_CARRIER|DELAY_LATE_AIRCRAFT|CANC_WEATHER
MEI,10,48,-6.1,-6.0,3,33.0,24.33,2,87.0,88.5,DELAY_CARRIER
MEI,11,47,-7.4,-8.4,4,30.0,29.75,1,61.0,73.0,DELAY_CARRIER|DELAY_NAS
MEI,12,44,-5.55,-6.77,7,29.86,32.57,1,164.0,193.0,DELAY_CARRIER|DELAY_LATE_AIRCRAFT|CANC_WEATHER
MEM,1,1279,-4.01,-7.53,213,32.24,29.53,115,189.2,197.37,DELAY_NAS|DELAY_LATE_AIRCRAFT|DELAY_CARRIER
MEM,2,1412,-4.67,-10.6,110,30.66,25.5,46,164.93,157.7,DELAY_CARRIER|DELAY_NAS|DELAY_LATE_AIRCRAFT
MEM,3,1522,-3.96,-10.35,192,31.16,23.35,90,148.88,144.63,DELAY_LATE_AIRCRAFT|DELAY_NAS|DELAY_CARRIER
MEM,4,1584,-3.9,-10.21,152,30.75,24.28,99,226.08,222.24,DELAY_LATE_AIRCRAFT|DELAY_CARRIER|DELAY_NAS
MEM,5,1478,-2.42,-7.94,302,31.13,26.3,181,173.55,175.54,DELAY_LATE_AIRCRAFT|DELAY_CARRIER|DELAY_NAS
MEM,6,1636,-2.93,-9.19,266,31.18,25.91,159,171.02,168.22,DELAY_LATE_AIRCRAFT|DELAY_CARRIER|DELAY_NAS
MEM,7,1512,-2.63,-7.81,293,31.57,26.8,242,162.57,160.38,DELAY_LATE_AIRCRAFT|DELAY_CARRIER|DELAY_NAS
MEM,8,1698,-4.16,-9.88,189,32.84,28.9,106,183.16,182.29,DELAY_LATE_AIRCRAFT|DELAY_NAS|DELAY_CARRIER
MEM,9,1621,-3.79,-9.91,169,30.56,26.34,71,156.46,151.7,DELAY_LATE_AIRCRAFT|DELAY_NAS|DELAY_CARRIER
MEM,10,1764,-3.88,-10.78,151,29.11,19.17,71,169.27,160.76,DELAY_LATE_AIRCRAFT|DELAY_CARRIER|DELAY_NAS
MEM,11,1569,-3.74,-10.58,138,32.14,26.27,76,119.17,116.72,DELAY_NAS|DELAY_LATE_AIRCRAFT|DELAY_CARRIER
MEM,12,1439,-2.75,-8.84,224,31.31,23.12,98,172.74,170.0,DELAY_LATE_AIRCRAFT|DELAY_NAS|DELAY_CARRIER
MFE,1,222,-4.47,-8.88,32,32.5,29.5,22,288.73,286.36,DELAY_LATE_AIRCRAFT|DELAY_NAS|DELAY_CARRIER
MFE,2,252,-5.2,-7.08,22,33.73,29.68,12,134.75,141.42,DELAY_LATE_AIRCRAFT|DELAY_CARRIER|DELAY_NAS
MFE,3,233,-4.16,-6.5,26,33.08,31.58,26,133.96,136.96,DELAY_LATE_AIRCRAFT|DELAY_NAS|DELAY_CARRIER
MFE,4,239,-3.87,-8.26,29,31.38,30.66,30,155.07,157.17,DELAY_LATE_AIRCRAFT|DELAY_CARRIER|DELAY_NAS
MFE,5,255,-3.67,-5.38,39,33.59,29.74,74,176.15,178.72,DELAY_CARRIER|DELAY_LATE_AIRCRAFT|DELAY_NAS
MFE,6,288,-3.19,-3.55,53,32.36,27.85,57,183.61,184.93,DELAY_LATE_AIRCRAFT|DELAY_CARRIER|DELAY_NAS
MFE,7,328,-3.99,-3.92,64,32.05,34.28,66,158.33,158.58,DELAY_LATE_AIRCRAFT|DELAY_CARRIER|DELAY_NAS
MFE,8,366,-5.11,-7.9,38,31.58,29.84,46,156.91,155.5,DELAY_LATE_AIRCRAFT|DELAY_CARRIER|DELAY_NAS
MFE,9,380,-5.47,-8.66,33,31.42,27.48,23,126.83,117.65,DELAY_LATE_AIRCRAFT|DELAY_CARRIER|DELAY_NAS
MFE,10,436,-6.3,-9.98,34,33.91,30.21,13,248.0,244.69,DELAY_LATE_AIRCRAFT|DELAY_CARRIER|DELAY_NAS
MFE,11,334,-5.79,-10.51,40,33.42,28.35,31,146.81,150.74,DELAY_LATE_AIRCRAFT|DELAY_CARRIER|DELAY_NAS
MFE,12,375,-5.38,-10.23,38,32.11,25.95,36,143.44,156.33,DELAY_CARRIER|DELAY_LATE_AIRCRAFT|DELAY_NAS
MFR,1,306,-5.3,-14.88,25,30.2,19.44,29,207.07,198.69,DELAY_CARRIER|DELAY_LATE_AIRCRAFT|DELAY_WEATHER
MFR,2,287,-5.17,-12.85,26,32.12,23.04,28,131.25,131.64,DELAY_NAS|DELAY_CARRIER|DELAY_LATE_AIRCRAFT
MFR,3,300,-4.4,-8.38,36,33.06,25.36,22,152.59,154.05,DELAY_NAS|DELAY_CARRIER|DELAY_LATE_AIRCRAFT
MFR,4,301,-4.87,-6.9,23,32.0,29.39,19,204.95,202.37,DELAY_CARRIER|DELAY_NAS|DELAY_LATE_AIRCRAFT
MFR,5,304,-5.03,-9.42,36,32.25,28.64,21,209.33,203.29,DELAY_CARRIER|DELAY_LATE_AIRCRAFT|DELAY_NAS
MFR,6,300,-2.72,-6.73,46,30.33,25.65,24,106.67,101.21,DELAY_CARRIER|DELAY_NAS|DELAY_LATE_AIRCRAFT
MFR,7,299,-3.26,-8.06,42,31.52,26.05,36,147.39,143.61,DELAY_CARRIER|DELAY_LATE_AIRCRAFT|CANC_CARRIER
MFR,8,312,-4.06,-7.79,31,30.1,23.39,23,237.57,235.91,DELAY_CARRIER|DELAY_LATE_AIRCRAFT|DELAY_NAS
MFR,9,302,-4.52,-8.82,32,27.62,20.25,18,159.11,153.33,DELAY_CARRIER|DELAY_LATE_AIRCRAFT|DELAY_NAS
MFR,10,340,-5.47,-10.16,30,26.3,23.67,11,124.18,119.82,DELAY_CARRIER|DELAY_NAS|DELAY_LATE_AIRCRAFT
MFR,11,307,-5.4,-10.31,27,32.85,28.93,21,316.43,312.57,DELAY_CARRIER|DELAY_NAS|DELAY_WEATHER
MFR,12,296,-3.92,-10.57,34,34.68,26.18,26,204.92,195.23,DELAY_CARRIER|DELAY_LATE_AIRCRAFT|CANC_WEATHER
MGM,1,131,-2.4,-8.56,31,32.16,28.29,21,202.38,194.67,DELAY_LATE_AIRCRAFT|DELAY_CARRIER|DELAY_NAS
MGM,2,158,-4.67,-10.25,23,32.87,27.65,8,153.88,152.25,DELAY_CARRIER|DELAY_LATE_AIRCRAFT|DELAY_NAS
MGM,3,172,-4.13,-7.67,24,31.29,25.79,11,209.82,200.91,DELAY_LATE_AIRCRAFT|DELAY_CARRIER|DELAY_NAS
MGM,4,171,-4.56,-8.16,15,26.33,27.53,12,136.17,130.42,DELAY_NAS|DELAY_LATE_AIRCRAFT|DELAY_CARRIER
MGM,5,161,-4.02,-5.01,18,31.0,29.06,26,236.31,233.12,DELAY_CARRIER|DELAY_NAS|DELAY_WEATHER
MGM,6,174,-5.22,-9.78,31,30.61,21.32,16,185.38,178.94,DELAY_LATE_AIRCRAFT|DELAY_CARRIER|DELAY_NAS
MGM,7,158,-2.69,-3.94,27,30.15,33.33,38,155.16,155.32,DELAY_LATE_AIRCRAFT|DELAY_CARRIER|DELAY_NAS
MGM,8,198,-4.54,-8.48,25,29.72,23.48,8,282.5,281.12,DELAY_LATE_AIRCRAFT|DELAY_CARRIER|DELAY_NAS
MGM,9,190,-4.21,-9.18,18,30.94,29.11,15,115.07,112.33,DELAY_LATE_AIRCRAFT|DELAY_NAS|DELAY_CARRIER
MGM,10,207,-5.42,-16.02,17,32.29,26.88,8,136.88,132.38,DELAY_LATE_AIRCRAFT|DELAY_CARRIER|DELAY_NAS
MGM,11,192,-4.43,-12.0,30,31.47,27.4,9,165.44,153.67,DELAY_CARRIER|DELAY_NAS|DELAY_LATE_AIRCRAFT
MGM,12,167,-3.77,-8.69,44,35.16,32.36,26,201.81,199.23,DELAY_CARRIER|DELAY_LATE_AIRCRAFT|DELAY_NAS
MGW,12,22,-5.23,-5.5,4,27.75,34.5,11,244.64,230.73,DELAY_CARRIER|DELAY_LATE_AIRCRAFT|DELAY_NAS
MHK,1,72,-3.54,-9.61,11,31.45,25.64,8,167.38,168.88,DELAY_LATE_AIRCRAFT|DELAY_NAS|CANC_WEATHER
MHK,2,69,-5.74,-13.54,1,15.0,-11.0,2,126.5,108.0,DELAY_NAS|DELAY_CARRIER
MHK,3,54,-4.09,-15.8,4,24.75,12.75,2,401.0,393.5,DELAY_LATE_AIRCRAFT|CANC_WEATHER|DELAY_NAS
MHK,4,49,-4.29,-16.2,5,30.8,20.2,3,100.33,82.33,DELAY_CARRIER|DELAY_NAS|CANC_NAS
MHK,5,43,-3.16,-6.58,7,27.14,20.14,9,120.56,129.67,DELAY_LATE_AIRCRAFT|DELAY_NAS|DELAY_CARRIER
MHK,6,68,-4.59,-12.99,10,31.9,38.5,5,277.6,275.4,DELAY_LATE_AIRCRAFT|DELAY_NAS|DELAY_WEATHER
MHK,7,79,-3.86,-13.13,9,27.33,16.0,5,128.4,118.6,DELAY_LATE_AIRCRAFT|DELAY_NAS|DELAY_CARRIER
MHK,8,81,-6.35,-14.58,9,35.11,23.78,3,125.0,113.0,DELAY_LATE_AIRCRAFT|DELAY_NAS|DELAY_CARRIER
MHK,9,83,-5.75,-20.07,5,29.0,12.8,2,78.0,63.0,DELAY_NAS|DELAY_CARRIER|DELAY_LATE_AIRCRAFT
MHK,10,83,-3.93,-21.1,5,23.6,4.4,4,91.5,75.5,DELAY_LATE_AIRCRAFT|DELAY_NAS
MHK,11,77,-3.16,-18.81,4,23.25,19.5,4,157.75,175.25,DELAY_LATE_AIRCRAFT|CANC_WEATHER|DELAY_NAS
MHK,12,75,-2.15,-16.37,8,20.5,7.0,4,193.25,177.75,CANC_WEATHER|DELAY_NAS|DELAY_CARRIER
MHT,1,274,-4.2,-9.96,41,29.29,26.61,33,138.58,150.76,DELAY_LATE_AIRCRAFT|DELAY_NAS|CANC_WEATHER
MHT,2,288,-4.62,-16.28,28,29.29,18.14,12,123.92,121.67,DELAY_LATE_AIRCRAFT|DELAY_NAS|DELAY_CARRIER
MHT,3,327,-3.89,-13.14,52,32.63,28.06,30,162.3,161.87,DELAY_LATE_AIRCRAFT|DELAY_NAS|DELAY_CARRIER
MHT,4,381,-3.87,-9.39,52,34.58,29.04,23,167.78,177.35,DELAY_LATE_AIRCRAFT|DELAY_NAS|DELAY_CARRIER
MHT,5,370,-3.58,-6.8,66,32.27,29.73,37,177.3,180.3,DELAY_LATE_AIRCRAFT|DELAY_NAS|DELAY_CARRIER
MHT,6,421,-3.84,-9.44,51,30.94,28.96,24,191.17,186.25,DELAY_LATE_AIRCRAFT|DELAY_NAS|DELAY_CARRIER
MHT,7,354,-3.64,-9.08,93,30.34,26.0,53,151.36,152.26,DELAY_LATE_AIRCRAFT|DELAY_CARRIER|DELAY_NAS
MHT,8,454,-3.54,-8.81,63,32.73,30.43,45,206.49,208.27,DELAY_LATE_AIRCRAFT|DELAY_NAS|DELAY_CARRIER
MHT,9,508,-5.03,-13.82,36,31.0,23.92,19,175.63,164.89,DELAY_LATE_AIRCRAFT|DELAY_NAS|DELAY_CARRIER
MHT,10,495,-4.01,-13.73,63,28.06,17.83,25,124.32,112.28,DELAY_LATE_AIRCRAFT|DELAY_CARRIER|DELAY_NAS
MHT,11,397,-4.87,-15.57,22,28.45,13.77,13,145.38,134.31,DELAY_LATE_AIRCRAFT|DELAY_NAS|DELAY_CARRIER
MHT,12,347,-4.92,-12.53,51,31.31,23.63,23,164.04,166.52,DELAY_LATE_AIRCRAFT|DELAY_NAS|DELAY_CARRIER
MIA,1,6867,-0.97,-5.28,2074,31.87,29.66,970,145.5,143.71,DELAY_LATE_AIRCRAFT|DELAY_CARRIER|DELAY_NAS
MIA,2,7429,-1.92,-3.41,1403,30.85,29.0,677,145.75,142.61,DELAY_NAS|DELAY_LATE_AIRCRAFT|DELAY_CARRIER
MIA,3,7033,-1.36,-4.6,1895,32.65,31.4,1355,163.12,163.89,DELAY_LATE_AIRCRAFT|DELAY_NAS|DELAY_CARRIER
MIA,4,7366,-1.95,-6.87,1365,31.67,26.5,753,153.08,148.0,DELAY_LATE_AIRCRAFT|DELAY_CARRIER|DELAY_NAS
MIA,5,6312,-1.04,-4.2,1828,32.76,30.64,1224,145.17,144.63,DELAY_LATE_AIRCRAFT|DELAY_CARRIER|DELAY_NAS
MIA,6,5098,-1.11,-7.75,1703,33.16,29.1,1319,162.25,157.05,DELAY_LATE_AIRCRAFT|DELAY_CARRIER|DELAY_NAS
MIA,7,5464,-1.18,-7.6,1725,32.83,27.78,1321,158.59,152.78,DELAY_LATE_AIRCRAFT|DELAY_CARRIER|DELAY_NAS
MIA,8,5078,-1.19,-6.97,1619,33.26,28.83,1384,144.33,139.25,DELAY_LATE_AIRCRAFT|DELAY_CARRIER|DELAY_NAS
MIA,9,6202,-2.96,-9.39,901,31.38,27.47,426,136.49,133.61,DELAY_NAS|DELAY_CARRIER|DELAY_LATE_AIRCRAFT
MIA,10,6919,-3.25,-11.8,820,31.45,22.35,392,133.62,124.64,DELAY_LATE_AIRCRAFT|DELAY_CARRIER|DELAY_NAS
MIA,11,7507,-2.78,-11.63,970,30.93,21.22,466,128.77,120.39,DELAY_CARRIER|DELAY_LATE_AIRCRAFT|DELAY_NAS
MIA,12,7294,-1.67,-9.56,1705,32.19,26.22,858,131.35,125.91,DELAY_LATE_AIRCRAFT|DELAY_CARRIER|DELAY_NAS
MKE,1,1554,-2.7,-7.24,264,33.76,31.67,195,199.5,200.34,DELAY_NAS|DELAY_LATE_AIRCRAFT|DELAY_CARRIER
MKE,2,1857,-4.42,-13.63,186,31.76,19.88,64,186.75,178.09,DELAY_LATE_AIRCRAFT|DELAY_NAS|DELAY_CARRIER
MKE,3,2090,-3.73,-10.46,301,32.43,28.49,187,137.33,133.58,DELAY_LATE_AIRCRAFT|DELAY_NAS|DELAY_CARRIER
MKE,4,2018,-4.03,-9.56,198,30.63,24.17,139,171.37,169.81,DELAY_LATE_AIRCRAFT|DELAY_CARRIER|DELAY_NAS
MKE,5,1883,-3.42,-7.9,273,32.28,27.97,219,170.96,171.86,DELAY_LATE_AIRCRAFT|DELAY_NAS|DELAY_CARRIER
MKE,6,1947,-3.49,-8.45,292,31.01,27.57,166,151.86,148.29,DELAY_LATE_AIRCRAFT|DELAY_NAS|DELAY_CARRIER
MKE,7,1930,-3.18,-8.17,358,32.55,30.94,251,159.0,158.81,DELAY_LATE_AIRCRAFT|DELAY_CARRIER|DELAY_NAS
MKE,8,2116,-3.49,-8.59,255,32.24,28.39,168,129.69,128.49,DELAY_LATE_AIRCRAFT|DELAY_NAS|DELAY_CARRIER
MKE,9,2097,-4.14,-10.48,202,29.91,24.42,91,167.82,164.38,DELAY_CARRIER|DELAY_NAS|DELAY_LATE_AIRCRAFT
MKE,10,2253,-4.01,-12.26,198,29.96,22.04,94,189.31,179.5,DELAY_CARRIER|DELAY_LATE_AIRCRAFT|DELAY_NAS
MKE,11,1924,-4.31,-11.68,192,31.47,24.03,88,160.18,152.8,DELAY_CARRIER|DELAY_LATE_AIRCRAFT|DELAY_NAS
MKE,12,1755,-2.97,-10.0,277,30.5,25.11,159,162.18,161.19,DELAY_LATE_AIRCRAFT|DELAY_CARRIER|DELAY_NAS
MLB,1,181,-8.1,-15.71,22,33.32,23.27,19,159.32,156.95,DELAY_LATE_AIRCRAFT|DELAY_CARRIER|DELAY_NAS
MLB,2,199,-8.12,-12.73,21,34.19,31.43,3,130.0,123.33,DELAY_LATE_AIRCRAFT|DELAY_CARRIER|DELAY_NAS
MLB,3,202,-6.93,-11.68,37,28.89,25.38,10,131.1,122.1,DELAY_LATE_AIRCRAFT|DELAY_CARRIER|DELAY_NAS
MLB,4,208,-6.82,-11.77,19,29.0,21.63,14,183.14,179.5,DELAY_LATE_AIRCRAFT|DELAY_CARRIER|DELAY_NAS
MLB,5,198,-6.87,-11.17,22,36.77,36.95,21,201.1,201.29,DELAY_LATE_AIRCRAFT|DELAY_NAS|DELAY_CARRIER
MLB,6,194,-6.41,-13.23,16,32.38,21.56,13,133.0,125.77,DELAY_LATE_AIRCRAFT|DELAY_CARRIER|DELAY_NAS
MLB,7,171,-4.59,-6.88,24,36.25,33.12,27,122.07,133.67,DELAY_LATE_AIRCRAFT|DELAY_NAS|DELAY_CARRIER
MLB,8,174,-6.24,-10.9,23,36.83,28.52,20,117.8,129.35,DELAY_LATE_AIRCRAFT|CANC_WEATHER|DELAY_CARRIER
MLB,9,200,-6.35,-10.94,12,25.5,32.92,8,118.62,126.75,DELAY_NAS|DELAY_LATE_AIRCRAFT|DELAY_CARRIER
MLB,10,198,-7.35,-10.63,7,26.29,20.86,7,120.29,110.29,CANC_WEATHER|DELAY_NAS|DELAY_LATE_AIRCRAFT
MLB,11,215,-7.13,-10.61,17,29.76,23.24,5,131.2,135.8,DELAY_LATE_AIRCRAFT|DELAY_CARRIER|DELAY_NAS
MLB,12,209,-5.68,-9.31,33,31.55,25.52,14,197.64,201.57,DELAY_LATE_AIRCRAFT|DELAY_NAS|DELAY_CARRIER
MLI,1,214,-3.88,-8.09,41,30.32,37.0,44,212.16,217.05,CANC_WEATHER|DELAY_LATE_AIRCRAFT|DELAY_NAS
MLI,2,284,-5.54,-14.77,21,29.71,21.33,16,209.25,196.62,DELAY_CARRIER|DELAY_NAS|DELAY_LATE_AIRCRAFT
MLI,3,309,-5.51,-12.47,32,32.0,25.25,22,137.18,135.05,DELAY_NAS|DELAY_LATE_AIRCRAFT|DELAY_CARRIER
MLI,4,251,-4.92,-8.9,36,33.64,30.69,14,287.0,282.93,DELAY_LATE_AIRCRAFT|DELAY_CARRIER|DELAY_NAS
MLI,5,270,-4.29,-8.73,42,32.9,31.1,52,203.56,206.79,DELAY_LATE_AIRCRAFT|DELAY_NAS|DELAY_CARRIER
MLI,6,290,-5.22,-9.61,36,36.08,32.42,31,167.26,165.87,DELAY_LATE_AIRCRAFT|DELAY_CARRIER|DELAY_NAS
MLI,7,268,-4.71,-6.2,56,30.82,30.66,46,132.83,130.17,DELAY_LATE_AIRCRAFT|DELAY_CARRIER|DELAY_NAS
MLI,8,286,-5.05,-7.41,35,31.86,35.23,29,126.31,122.59,DELAY_LATE_AIRCRAFT|DELAY_CARRIER|DELAY_NAS
MLI,9,293,-5.66,-9.61,30,35.83,28.8,16,153.69,155.5,DELAY_CARRIER|DELAY_LATE_AIRCRAFT|DELAY_NAS
MLI,10,375,-5.95,-12.43,22,35.23,30.36,9,145.67,138.0,DELAY_CARRIER|DELAY_LATE_AIRCRAFT|DELAY_NAS
MLI,11,315,-5.55,-9.26,31,31.61,26.55,20,139.2,140.55,DELAY_CARRIER|DELAY_LATE_AIRCRAFT|DELAY_NAS
MLI,12,285,-3.56,-13.38,30,35.07,22.5,33,258.36,256.24,DELAY_CARRIER|DELAY_LATE_AIRCRAFT|DELAY_NAS
MLU,1,107,-5.72,-5.48,21,28.62,27.95,20,177.15,183.65,DELAY_LATE_AIRCRAFT|DELAY_NAS|DELAY_CARRIER
MLU,2,132,-5.34,-3.8,8,33.5,30.12,5,124.2,119.0,DELAY_LATE_AIRCRAFT|DELAY_NAS|DELAY_CARRIER
MLU,3,128,-4.45,-5.83,21,33.38,27.14,5,160.6,157.8,DELAY_LATE_AIRCRAFT|DELAY_CARRIER|DELAY_NAS
MLU,4,119,-4.03,-3.99,17,32.06,26.41,10,126.5,123.9,DELAY_LATE_AIRCRAFT|DELAY_NAS|DELAY_WEATHER
MLU,5,117,-2.67,-5.89,10,27.1,21.6,24,175.0,172.92,DELAY_LATE_AIRCRAFT|DELAY_NAS|DELAY_CARRIER
MLU,6,138,-4.78,-10.1,16,30.12,17.88,15,117.33,115.0,DELAY_LATE_AIRCRAFT|DELAY_CARRIER|DELAY_NAS
MLU,7,154,-3.97,-8.89,19,35.32,38.68,26,144.96,141.35,DELAY_LATE_AIRCRAFT|DELAY_NAS|DELAY_CARRIER
MLU,8,160,-5.88,-8.89,8,26.62,23.5,11,214.09,202.18,DELAY_CARRIER|DELAY_LATE_AIRCRAFT|DELAY_NAS
MLU,9,159,-6.16,-9.53,24,31.83,31.46,14,153.57,150.86,DELAY_LATE_AIRCRAFT|DELAY_CARRIER|DELAY_NAS
MLU,10,172,-6.0,-12.19,7,40.0,30.71,3,203.0,191.67,DELAY_LATE_AIRCRAFT|DELAY_CARRIER|DELAY_NAS
MLU,11,133,-3.43,-9.23,11,32.91,23.82,18,181.17,175.72,DELAY_LATE_AIRCRAFT|DELAY_CARRIER|DELAY_NAS
MLU,12,140,-5.25,-10.6,12,35.67,31.17,13,124.0,114.77,DELAY_CARRIER|DELAY_NAS|DELAY_LATE_AIRCRAFT
MOB,1,152,-4.24,-9.95,20,32.45,30.85,16,187.5,185.88,DELAY_LATE_AIRCRAFT|DELAY_CARRIER|DELAY_NAS
MOB,2,203,-4.76,-10.77,17,30.0,25.12,9,291.78,291.56,DELAY_CARRIER|DELAY_LATE_AIRCRAFT|DELAY_NAS
MOB,3,173,-4.68,-7.79,20,32.15,26.45,13,122.38,117.77,DELAY_LATE_AIRCRAFT|DELAY_NAS|DELAY_CARRIER
MOB,4,180,-4.62,-8.38,20,25.0,30.9,3,150.33,200.33,DELAY_NAS|DELAY_LATE_AIRCRAFT|CANC_NAS
MOB,5,164,-3.53,-4.8,24,37.46,38.29,16,219.25,240.44,DELAY_NAS|DELAY_LATE_AIRCRAFT|DELAY_WEATHER
MOB,6,171,-5.07,-10.8,28,34.25,27.79,15,123.4,117.67,DELAY_LATE_AIRCRAFT|DELAY_CARRIER|DELAY_NAS
MOB,7,162,-4.04,-7.4,24,36.08,32.71,27,117.63,114.78,DELAY_LATE_AIRCRAFT|DELAY_NAS|CANC_CARRIER
MOB,8,211,-4.27,-9.6,11,24.64,18.73,7,137.57,127.0,DELAY_LATE_AIRCRAFT|DELAY_NAS|DELAY_CARRIER
MOB,9,196,-5.12,-9.94,16,29.25,24.69,10,228.9,226.2,DELAY_NAS|DELAY_LATE_AIRCRAFT|DELAY_CARRIER
MOB,10,212,-5.04,-11.76,9,27.67,29.11,3,72.67,67.33,DELAY_CARRIER|DELAY_NAS|DELAY_LATE_AIRCRAFT
MOB,11,177,-4.43,-8.41,18,30.11,26.39,8,124.12,130.5,DELAY_LATE_AIRCRAFT|DELAY_NAS|DELAY_CARRIER
MOB,12,181,-3.8,-8.66,24,31.08,30.88,20,248.0,251.6,DELAY_LATE_AIRCRAFT|DELAY_NAS|DELAY_CARRIER
MOT,1,125,-3.69,-11.14,13,39.23,38.85,29,256.1,257.41,DELAY_CARRIER|CANC_WEATHER|DELAY_WEATHER
MOT,2,144,-5.33,-15.0,12,31.75,23.92,11,227.73,227.64,DELAY_CARRIER|CANC_WEATHER|DELAY_WEATHER
MOT,3,168,-5.04,-13.4,9,27.78,27.44,7,201.29,205.0,DELAY_CARRIER|DELAY_NAS|CANC_WEATHER
MOT,4,163,-6.07,-12.98,9,28.89,17.11,9,164.22,153.11,DELAY_CARRIER|DELAY_NAS|DELAY_LATE_AIRCRAFT
MOT,5,162,-4.48,-12.04,17,30.94,18.65,7,127.14,123.29,DELAY_CARRIER|DELAY_NAS|DELAY_LATE_AIRCRAFT
MOT,6,145,-3.72,-3.84,30,33.67,34.47,21,239.52,243.52,DELAY_CARRIER|DELAY_NAS|DELAY_WEATHER
MOT,7,191,-3.77,-6.64,23,37.87,38.26,17,173.47,169.53,DELAY_CARRIER|DELAY_WEATHER|DELAY_NAS
MOT,8,167,-5.12,-5.87,29,31.93,30.97,13,199.92,199.77,DELAY_CARRIER|DELAY_NAS|DELAY_WEATHER
MOT,9,164,-5.09,-8.52,19,34.89,30.63,4,321.25,320.75,DELAY_CARRIER|DELAY_NAS|DELAY_LATE_AIRCRAFT
MOT,10,184,-5.4,-14.45,17,26.06,23.59,4,204.0,202.0,DELAY_CARRIER|DELAY_NAS|DELAY_LATE_AIRCRAFT
MOT,11,164,-3.63,-8.49,13,36.85,46.38,17,181.47,184.82,DELAY_CARRIER|DELAY_NAS|DELAY_WEATHER
MOT,12,166,-3.93,-6.69,28,35.46,29.93,27,205.74,201.7,DELAY_CARRIER|DELAY_WEATHER|DELAY_NAS
MQT,1,25,-5.16,-18.0,1,31.0,14.0,1,65.0,44.0,CANC_WEATHER|DELAY_LATE_AIRCRAFT
MQT,2,47,-5.91,-23.32,4,33.0,10.75,6,155.0,123.67,DELAY_LATE_AIRCRAFT|DELAY_CARRIER|DELAY_WEATHER
MQT,3,58,-6.62,-12.91,2,21.0,4.5,2,101.5,73.0,DELAY_NAS|DELAY_LATE_AIRCRAFT
MQT,4,43,-8.02,-10.51,5,36.0,29.6,10,209.0,205.5,DELAY_CARRIER|DELAY_WEATHER|CANC_WEATHER
MQT,5,70,-7.03,-6.59,10,41.4,46.5,5,133.0,135.2,DELAY_NAS|DELAY_WEATHER|DELAY_CARRIER
MQT,6,71,-4.08,-8.34,10,37.0,48.4,6,152.5,161.67,DELAY_LATE_AIRCRAFT|DELAY_CARRIER|DELAY_NAS
MQT,7,68,-3.84,-6.56,15,30.27,27.6,9,143.22,142.11,DELAY_CARRIER|DELAY_LATE_AIRCRAFT|DELAY_WEATHER
MQT,8,66,-4.3,-7.94,18,28.0,28.61,6,181.33,189.33,DELAY_LATE_AIRCRAFT|DELAY_CARRIER|DELAY_NAS
MQT,9,81,-6.15,-9.94,6,24.83,23.0,3,115.67,111.0,DELAY_CARRIER|DELAY_NAS|DELAY_LATE_AIRCRAFT
MQT,10,62,-6.79,-13.74,2,42.5,37.5,4,133.5,124.0,DELAY_CARRIER|DELAY_LATE_AIRCRAFT|DELAY_NAS
MQT,11,51,-5.55,-16.76,7,41.71,36.14,1,97.0,79.0,DELAY_CARRIER|DELAY_NAS|DELAY_WEATHER
MQT,12,36,-4.14,-17.17,13,27.23,14.08,10,190.9,183.4,DELAY_CARRIER|DELAY_WEATHER|CANC_WEATHER
MRY,1,263,-5.48,-12.53,25,26.8,22.64,20,134.8,129.5,DELAY_LATE_AIRCRAFT|DELAY_CARRIER|DELAY_NAS
MRY,2,251,-5.19,-10.23,20,30.85,30.4,20,270.3,263.95,DELAY_CARRIER|DELAY_LATE_AIRCRAFT|DELAY_NAS
MRY,3,253,-5.5,-6.36,33,32.88,32.09,10,464.8,465.6,DELAY_NAS|DELAY_CARRIER|DELAY_LATE_AIRCRAFT
MRY,4,304,-5.56,-6.26,25,31.92,30.04,19,181.16,179.68,DELAY_CARRIER|DELAY_LATE_AIRCRAFT|DELAY_NAS
MRY,5,356,-6.5,-9.17,43,36.33,33.84,26,142.38,156.5,DELAY_LATE_AIRCRAFT|DELAY_CARRIER|DELAY_NAS
MRY,6,343,-4.83,-5.63,46,30.04,31.13,34,147.24,144.5,DELAY_LATE_AIRCRAFT|DELAY_CARRIER|DELAY_NAS
MRY,7,337,-4.37,-5.53,58,31.48,30.88,37,242.81,247.97,DELAY_LATE_AIRCRAFT|DELAY_CARRIER|DELAY_NAS
MRY,8,372,-5.18,-7.05,35,33.14,31.51,32,130.56,128.12,DELAY_LATE_AIRCRAFT|DELAY_CARRIER|DELAY_NAS
MRY,9,334,-5.08,-7.33,35,37.26,36.03,21,186.38,184.33,DELAY_CARRIER|DELAY_LATE_AIRCRAFT|DELAY_NAS
MRY,10,401,-5.89,-7.15,33,33.55,31.79,26,144.38,144.42,DELAY_CARRIER|DELAY_LATE_AIRCRAFT|DELAY_NAS
MRY,11,353,-5.41,-8.66,45,32.76,28.91,24,175.83,175.5,DELAY_LATE_AIRCRAFT|DELAY_CARRIER|DELAY_NAS
MRY,12,319,-4.62,-7.36,44,36.52,33.07,38,214.47,210.08,DELAY_CARRIER|DELAY_LATE_AIRCRAFT|DELAY_WEATHER
MSN,1,602,-3.9,-8.23,83,34.6,33.92,109,177.97,178.59,DELAY_CARRIER|DELAY_NAS|DELAY_LATE_AIRCRAFT
MSN,2,754,-5.55,-14.82,49,34.16,27.71,38,165.37,150.0,DELAY_CARRIER|DELAY_NAS|DELAY_LATE_AIRCRAFT
MSN,3,807,-5.2,-12.39,85,34.06,26.2,54,230.89,222.46,DELAY_LATE_AIRCRAFT|DELAY_CARRIER|DELAY_NAS
MSN,4,849,-6.09,-10.12,79,29.81,25.09,76,207.84,209.93,DELAY_CARRIER|DELAY_LATE_AIRCRAFT|DELAY_NAS
MSN,5,782,-4.63,-8.26,109,33.8,35.07,117,207.51,205.23,DELAY_LATE_AIRCRAFT|DELAY_CARRIER|DELAY_NAS
MSN,6,815,-4.73,-7.16,113,33.26,31.31,104,184.82,185.5,DELAY_LATE_AIRCRAFT|DELAY_CARRIER|DELAY_NAS
MSN,7,770,-4.85,-6.39,110,35.44,35.05,94,157.71,156.99,DELAY_LATE_AIRCRAFT|DELAY_CARRIER|DELAY_NAS
MSN,8,916,-5.63,-6.86,105,32.07,30.61,93,160.45,159.29,DELAY_LATE_AIRCRAFT|DELAY_CARRIER|DELAY_NAS
MSN,9,855,-6.25,-9.36,76,30.42,27.24,49,173.82,167.12,DELAY_CARRIER|DELAY_NAS|DELAY_LATE_AIRCRAFT
MSN,10,936,-6.11,-11.73,58,30.45,22.07,31,143.61,136.52,DELAY_CARRIER|DELAY_NAS|DELAY_LATE_AIRCRAFT
MSN,11,850,-6.1,-10.92,66,32.35,26.82,39,137.44,138.87,DELAY_NAS|DELAY_CARRIER|DELAY_LATE_AIRCRAFT
MSN,12,731,-4.18,-8.42,119,31.55,24.73,82,171.6,169.43,DELAY_CARRIER|DELAY_LATE_AIRCRAFT|DELAY_NAS
MSO,1,166,-2.36,-5.92,28,29.75,26.64,30,231.07,236.37,DELAY_NAS|DELAY_LATE_AIRCRAFT|DELAY_WEATHER
MSO,2,187,-4.9,-10.33,16,29.19,22.94,10,126.9,127.7,DELAY_CARRIER|DELAY_NAS|DELAY_LATE_AIRCRAFT
MSO,3,220,-4.91,-7.75,16,26.62,25.06,11,139.36,136.91,DELAY_LATE_AIRCRAFT|DELAY_NAS|DELAY_CARRIER
MSO,4,208,-5.18,-8.43,21,33.57,25.29,11,215.91,210.36,DELAY_CARRIER|DELAY_LATE_AIRCRAFT|DELAY_NAS
MSO,5,303,-3.1,-7.25,35,33.97,30.4,21,122.9,122.43,DELAY_NAS|DELAY_LATE_AIRCRAFT|DELAY_CARRIER
MSO,6,396,-3.68,-9.86,64,31.83,23.47,42,177.71,174.02,DELAY_CARRIER|DELAY_LATE_AIRCRAFT|DELAY_NAS
MSO,7,414,-2.29,-7.07,81,32.36,28.69,53,192.28,187.34,DELAY_LATE_AIRCRAFT|DELAY_CARRIER|DELAY_NAS
MSO,8,392,-2.84,-6.58,73,31.64,26.08,31,130.9,126.19,DELAY_CARRIER|DELAY_LATE_AIRCRAFT|DELAY_NAS
MSO,9,323,-3.4,-7.99,35,29.83,21.0,18,122.28,117.78,DELAY_LATE_AIRCRAFT|DELAY_CARRIER|DELAY_NAS
MSO,10,280,-4.38,-7.62,27,32.37,32.0,12,198.08,194.25,DELAY_LATE_AIRCRAFT|DELAY_CARRIER|DELAY_NAS
MSO,11,260,-4.87,-8.92,13,34.23,30.23,15,162.67,159.0,DELAY_CARRIER|DELAY_NAS|DELAY_LATE_AIRCRAFT
MSO,12,252,-4.38,-9.19,28,24.57,18.43,20,225.05,224.6,DELAY_CARRIER|DELAY_LATE_AIRCRAFT|DELAY_NAS
MSP,1,7531,-2.58,-12.57,1027,31.61,23.54,674,170.96,164.12,DELAY_CARRIER|DELAY_NAS|DELAY_LATE_AIRCRAFT
MSP,2,7755,-3.34,-15.14,679,30.88,18.79,319,145.21,134.76,DELAY_CARRIER|DELAY_NAS|DELAY_LATE_AIRCRAFT
MSP,3,8586,-3.05,-10.39,1001,31.08,27.4,539,145.37,145.13,DELAY_CARRIER|DELAY_NAS|DELAY_LATE_AIRCRAFT
MSP,4,8916,-3.37,-9.49,894,31.19,24.6,415,136.66,132.23,DELAY_CARRIER|DELAY_NAS|DELAY_LATE_AIRCRAFT
MSP,5,8893,-2.72,-5.92,1187,31.2,29.05,699,135.43,134.35,DELAY_CARRIER|DELAY_NAS|DELAY_LATE_AIRCRAFT
MSP,6,7919,-1.4,-3.39,2128,32.7,31.82,1134,135.02,134.53,DELAY_CARRIER|DELAY_LATE_AIRCRAFT|DELAY_NAS
MSP,7,7884,-1.5,-5.74,1994,32.73,27.75,1383,148.23,143.67,DELAY_CARRIER|DELAY_LATE_AIRCRAFT|DELAY_NAS
MSP,8,9032,-1.92,-6.75,1781,32.41,29.22,814,134.86,132.19,DELAY_CARRIER|DELAY_NAS|DELAY_LATE_AIRCRAFT
MSP,9,9512,-3.65,-11.15,850,30.81,22.39,292,121.16,113.55,DELAY_CARRIER|DELAY_NAS|DELAY_LATE_AIRCRAFT
MSP,10,9995,-4.07,-11.21,710,31.64,23.97,287,132.18,122.93,DELAY_CARRIER|DELAY_NAS|DELAY_LATE_AIRCRAFT
MSP,11,9104,-3.83,-9.41,720,30.95,25.33,331,133.62,131.74,DELAY_CARRIER|DELAY_NAS|DELAY_LATE_AIRCRAFT
MSP,12,8313,-2.07,-8.13,1300,31.87,26.7,767,150.82,147.73,DELAY_CARRIER|DELAY_NAS|DELAY_LATE_AIRCRAFT
MSY,1,2946,-2.27,-7.49,651,31.6,25.5,346,158.71,156.62,DELAY_LATE_AIRCRAFT|DELAY_NAS|DELAY_CARRIER
MSY,2,3439,-2.78,-7.56,439,30.26,24.36,153,129.36,123.71,DELAY_LATE_AIRCRAFT|DELAY_NAS|DELAY_CARRIER
MSY,3,3404,-2.17,-7.82,717,31.32,26.09,332,157.86,154.52,DELAY_LATE_AIRCRAFT|DELAY_NAS|DELAY_CARRIER
MSY,4,3443,-2.56,-8.41,537,30.6,25.97,301,180.5,178.97,DELAY_LATE_AIRCRAFT|DELAY_NAS|DELAY_CARRIER
MSY,5,3109,-1.12,-4.46,796,30.95,28.86,530,156.51,157.8,DELAY_LATE_AIRCRAFT|DELAY_NAS|DELAY_CARRIER
MSY,6,3094,-2.01,-6.63,714,30.9,27.31,329,167.33,166.11,DELAY_LATE_AIRCRAFT|DELAY_NAS|DELAY_CARRIER
MSY,7,2630,-1.29,-6.55,833,32.65,29.58,581,149.74,146.66,DELAY_LATE_AIRCRAFT|DELAY_CARRIER|DELAY_NAS
MSY,8,2853,-2.68,-8.71,540,31.46,26.19,293,154.57,148.84,DELAY_LATE_AIRCRAFT|DELAY_NAS|DELAY_CARRIER
MSY,9,2962,-3.05,-8.44,428,30.81,25.15,135,140.69,133.72,DELAY_LATE_AIRCRAFT|DELAY_NAS|DELAY_CARRIER
MSY,10,3809,-2.34,-8.79,446,28.56,21.59,168,139.32,131.54,DELAY_LATE_AIRCRAFT|DELAY_CARRIER|DELAY_NAS
MSY,11,3565,-2.66,-8.51,463,30.19,24.38,181,143.64,140.41,DELAY_LATE_AIRCRAFT|DELAY_NAS|DELAY_CARRIER
MSY,12,3274,-2.72,-8.44,610,30.8,24.82,292,147.21,146.15,DELAY_LATE_AIRCRAFT|DELAY_NAS|DELAY_CARRIER
MTJ,1,286,-4.37,-9.62,52,30.98,25.46,34,159.29,160.59,DELAY_LATE_AIRCRAFT|DELAY_CARRIER|DELAY_NAS
MTJ,2,266,-3.54,-11.66,58,30.79,23.09,28,128.5,134.71,DELAY_LATE_AIRCRAFT|DELAY_NAS|DELAY_CARRIER
MTJ,3,311,-4.78,-9.75,52,32.33,28.81,19,168.42,162.32,DELAY_LATE_AIRCRAFT|DELAY_NAS|DELAY_CARRIER
MTJ,4,134,-5.35,-10.72,13,32.69,23.92,5,164.0,161.0,DELAY_LATE_AIRCRAFT|DELAY_NAS|DELAY_CARRIER
MTJ,5,112,-5.57,-11.94,19,28.74,25.26,17,117.29,127.76,DELAY_LATE_AIRCRAFT|DELAY_NAS|DELAY_CARRIER
MTJ,6,182,-4.89,-9.25,32,36.03,27.72,21,289.95,280.9,DELAY_LATE_AIRCRAFT|DELAY_NAS|DELAY_CARRIER
MTJ,7,183,-4.55,-10.13,30,28.37,23.63,30,132.3,128.63,DELAY_LATE_AIRCRAFT|DELAY_CARRIER|DELAY_NAS
MTJ,8,217,-4.79,-11.12,18,35.28,34.22,13,143.85,140.92,DELAY_LATE_AIRCRAFT|DELAY_NAS|DELAY_CARRIER
MTJ,9,173,-4.88,-14.14,13,29.77,14.62,9,253.11,242.33,DELAY_LATE_AIRCRAFT|DELAY_NAS|DELAY_CARRIER
MTJ,10,121,-4.98,-17.2,8,26.25,10.75,1,119.0,115.0,DELAY_LATE_AIRCRAFT|DELAY_NAS|DELAY_CARRIER
MTJ,11,91,-4.12,-13.27,14,30.86,18.64,11,130.0,133.45,DELAY_LATE_AIRCRAFT|DELAY_CARRIER|DELAY_NAS
MTJ,12,184,-4.65,-12.66,38,29.89,29.76,25,145.8,152.12,DELAY_LATE_AIRCRAFT|DELAY_NAS|DELAY_CARRIER
MVY,5,32,-8.66,-10.84,1,52.0,47.0,4,216.0,223.5,DELAY_LATE_AIRCRAFT|CANC_CARRIER|DELAY_NAS
MVY,6,177,-7.79,-10.46,21,33.48,44.57,25,225.68,228.56,DELAY_NAS|DELAY_LATE_AIRCRAFT|DELAY_CARRIER
MVY,7,261,-6.42,-8.0,39,31.69,31.36,39,203.69,201.97,DELAY_LATE_AIRCRAFT|DELAY_NAS|DELAY_CARRIER
MVY,8,234,-4.41,-5.34,51,31.29,32.98,36,191.86,196.33,DELAY_LATE_AIRCRAFT|DELAY_NAS|CANC_NAS
MVY,9,61,-9.03,-9.18,3,27.33,31.0,4,136.75,158.0,DELAY_NAS|DELAY_LATE_AIRCRAFT|DELAY_CARRIER
MVY,10,29,-13.31,-10.66,3,40.0,40.33,1,290.0,274.0,DELAY_LATE_AIRCRAFT
MYR,1,649,-7.45,-14.89,66,31.8,20.39,54,146.24,143.8,DELAY_LATE_AIRCRAFT|DELAY_NAS|DELAY_CARRIER
MYR,2,744,-7.39,-13.82,48,30.67,20.25,39,222.28,216.79,DELAY_LATE_AIRCRAFT|DELAY_NAS|DELAY_CARRIER
MYR,3,894,-5.56,-11.43,109,32.16,26.48,55,143.71,138.67,DELAY_LATE_AIRCRAFT|DELAY_NAS|DELAY_CARRIER
MYR,4,1160,-6.96,-11.14,123,30.86,26.76,78,135.99,130.21,DELAY_LATE_AIRCRAFT|DELAY_NAS|DELAY_CARRIER
MYR,5,1268,-5.29,-9.01,211,31.08,28.59,112,143.33,142.17,DELAY_LATE_AIRCRAFT|DELAY_NAS|DELAY_CARRIER
MYR,6,1485,-5.58,-10.54,241,32.08,29.11,185,173.4,169.47,DELAY_LATE_AIRCRAFT|DELAY_NAS|DELAY_CARRIER
MYR,7,1270,-5.07,-9.61,322,31.66,27.6,232,168.14,163.98,DELAY_LATE_AIRCRAFT|DELAY_NAS|DELAY_CARRIER
MYR,8,1255,-4.89,-9.55,227,31.67,30.05,159,136.66,137.03,DELAY_LATE_AIRCRAFT|DELAY_NAS|CANC_WEATHER
MYR,9,1232,-5.86,-12.39,110,29.65,24.48,67,132.12,127.21,DELAY_LATE_AIRCRAFT|DELAY_NAS|DELAY_CARRIER
MYR,10,1233,-6.31,-11.35,88,30.5,24.33,57,142.61,135.77,DELAY_LATE_AIRCRAFT|DELAY_NAS|DELAY_CARRIER
MYR,11,882,-6.95,-12.4,90,29.88,27.02,39,132.23,127.74,DELAY_NAS|DELAY_LATE_AIRCRAFT|DELAY_CARRIER
MYR,12,705,-5.4,-11.81,97,32.48,27.84,66,139.36,134.42,DELAY_LATE_AIRCRAFT|DELAY_NAS|DELAY_CARRIER
OAJ,1,61,-4.44,-8.72,2,23.5,28.5,6,317.0,305.83,DELAY_LATE_AIRCRAFT|DELAY_NAS|CANC_WEATHER
OAJ,2,70,-5.23,-13.21,3,33.0,18.0,2,208.0,196.5,DELAY_CARRIER|DELAY_LATE_AIRCRAFT
OAJ,3,83,-3.52,-12.24,6,20.17,14.0,4,140.25,141.0,DELAY_CARRIER|DELAY_LATE_AIRCRAFT|DELAY_NAS
OAJ,4,134,-5.68,-11.17,9,29.33,15.78,3,83.0,73.67,DELAY_LATE_AIRCRAFT|DELAY_NAS|DELAY_CARRIER
OAJ,5,80,-4.72,-8.97,11,31.0,27.82,12,136.92,136.42,DELAY_LATE_AIRCRAFT|DELAY_NAS|DELAY_CARRIER
OAJ,6,141,-4.82,-10.15,1,19.0,7.0,4,95.75,83.5,DELAY_NAS|DELAY_LATE_AIRCRAFT|DELAY_WEATHER
OAJ,7,140,-3.83,-7.31,22,34.91,32.95,33,152.94,156.0,DELAY_LATE_AIRCRAFT|DELAY_NAS|DELAY_CARRIER
OAJ,8,168,-4.53,-7.04,18,31.5,21.61,16,236.5,235.62,DELAY_LATE_AIRCRAFT|DELAY_CARRIER|DELAY_NAS
OAJ,9,194,-4.28,-9.39,17,31.29,32.18,16,195.44,188.62,DELAY_LATE_AIRCRAFT|DELAY_NAS|DELAY_CARRIER
OAJ,10,186,-4.35,-6.04,15,24.87,21.13,11,98.64,94.0,DELAY_NAS|DELAY_LATE_AIRCRAFT|DELAY_WEATHER
OAJ,11,146,-6.4,-11.25,8,26.12,10.25,8,203.25,190.75,DELAY_NAS|DELAY_LATE_AIRCRAFT|DELAY_CARRIER
OAJ,12,118,-4.59,-11.8,14,30.07,26.14,13,184.46,177.46,DELAY_LATE_AIRCRAFT|DELAY_NAS|DELAY_CARRIER
OAK,1,2791,-1.41,-7.44,534,29.54,22.78,146,110.18,103.81,DELAY_LATE_AIRCRAFT|DELAY_CARRIER|DELAY_NAS
OAK,2,2554,-1.06,-8.17,455,29.24,22.18,141,113.96,109.14,DELAY_LATE_AIRCRAFT|DELAY_CARRIER|DELAY_NAS
OAK,3,2794,-1.28,-7.49,520,30.47,25.62,173,113.36,110.01,DELAY_LATE_AIRCRAFT|DELAY_CARRIER|DELAY_NAS
OAK,4,2927,-1.36,-7.73,439,28.84,22.38,127,101.26,94.97,DELAY_LATE_AIRCRAFT|DELAY_CARRIER|DELAY_NAS
OAK,5,2856,-0.68,-7.26,552,29.43,22.31,185,113.45,106.25,DELAY_LATE_AIRCRAFT|DELAY_CARRIER|DELAY_NAS
OAK,6,2701,-0.65,-7.04,704,30.55,23.62,197,105.37,98.87,DELAY_LATE_AIRCRAFT|DELAY_CARRIER|DELAY_NAS
OAK,7,2794,-0.82,-5.92,641,30.1,25.16,245,110.08,107.09,DELAY_LATE_AIRCRAFT|DELAY_CARRIER|DELAY_NAS
OAK,8,2864,-1.69,-8.21,491,30.79,24.33,175,110.7,104.93,DELAY_LATE_AIRCRAFT|DELAY_CARRIER|DELAY_NAS
OAK,9,2795,-1.83,-8.66,422,29.06,22.08,161,112.39,107.32,DELAY_LATE_AIRCRAFT|DELAY_CARRIER|DELAY_NAS
OAK,10,2823,-1.98,-9.06,402,29.87,24.05,137,120.49,116.72,DELAY_LATE_AIRCRAFT|DELAY_CARRIER|DELAY_NAS
OAK,11,2720,-2.13,-10.61,342,29.29,20.5,78,96.26,90.44,DELAY_LATE_AIRCRAFT|DELAY_CARRIER|DELAY_NAS
OAK,12,2455,-1.36,-9.46,510,30.02,21.61,179,117.44,112.41,DELAY_LATE_AIRCRAFT|DELAY_CARRIER|DELAY_NAS
OGG,1,1728,-1.82,-7.49,326,29.6,25.97,94,132.44,122.91,DELAY_LATE_AIRCRAFT|DELAY_CARRIER|CANC_CARRIER
OGG,2,1749,-2.74,-10.25,235,29.17,17.98,66,139.3,125.42,DELAY_LATE_AIRCRAFT|DELAY_CARRIER|DELAY_NAS
OGG,3,2024,-2.96,-8.23,211,28.64,22.12,50,150.16,143.32,DELAY_LATE_AIRCRAFT|DELAY_CARRIER|DELAY_NAS
OGG,4,1901,-2.9,-8.0,175,31.23,27.86,59,156.0,149.8,DELAY_LATE_AIRCRAFT|DELAY_CARRIER|DELAY_NAS
OGG,5,1818,-2.25,-4.07,253,29.83,29.13,64,122.22,122.41,DELAY_LATE_AIRCRAFT|DELAY_CARRIER|DELAY_NAS
OGG,6,2050,-2.62,-4.43,159,28.4,25.33,47,164.79,157.26,DELAY_LATE_AIRCRAFT|DELAY_CARRIER|DELAY_NAS
OGG,7,2088,-2.6,-5.54,235,29.72,25.56,67,184.63,179.12,DELAY_LATE_AIRCRAFT|DELAY_CARRIER|CANC_CARRIER
OGG,8,2013,-2.88,-9.26,189,28.69,20.95,55,166.2,156.25,DELAY_LATE_AIRCRAFT|DELAY_CARRIER|CANC_CARRIER
OGG,9,1920,-4.02,-7.98,122,27.45,23.17,33,136.55,125.85,DELAY_LATE_AIRCRAFT|DELAY_CARRIER|DELAY_NAS
OGG,10,1898,-3.03,-7.19,174,28.33,23.9,38,118.42,109.97,DELAY_LATE_AIRCRAFT|DELAY_CARRIER|DELAY_NAS
OGG,11,1953,-3.99,-8.0,115,28.48,22.63,39,137.23,129.15,DELAY_LATE_AIRCRAFT|DELAY_CARRIER|DELAY_NAS
OGG,12,2026,-3.57,-8.88,195,28.75,21.97,58,151.97,143.16,DELAY_LATE_AIRCRAFT|DELAY_CARRIER|DELAY_NAS
OKC,1,1392,-4.21,-6.6,165,32.4,30.67,112,187.91,187.48,DELAY_LATE_AIRCRAFT|DELAY_NAS|DELAY_CARRIER
OKC,2,1430,-4.71,-7.6,99,31.9,28.98,62,148.9,145.79,DELAY_NAS|DELAY_CARRIER|DELAY_LATE_AIRCRAFT
OKC,3,1506,-4.24,-9.78,177,30.7,25.03,74,133.15,127.12,DELAY_LATE_AIRCRAFT|DELAY_NAS|DELAY_CARRIER
OKC,4,1598,-3.58,-8.67,176,30.46,26.07,79,160.33,152.62,DELAY_LATE_AIRCRAFT|DELAY_CARRIER|DELAY_NAS
OKC,5,1484,-2.18,-5.33,274,31.27,28.08,162,151.3,150.93,DELAY_LATE_AIRCRAFT|DELAY_NAS|DELAY_CARRIER
OKC,6,1619,-3.28,-7.81,273,29.67,25.11,126,175.73,173.62,DELAY_LATE_AIRCRAFT|DELAY_CARRIER|DELAY_NAS
OKC,7,1569,-3.15,-6.89,281,30.99,27.92,180,139.1,136.17,DELAY_LATE_AIRCRAFT|DELAY_CARRIER|DELAY_NAS
OKC,8,1618,-3.92,-8.39,202,31.8,28.25,137,171.33,168.24,DELAY_LATE_AIRCRAFT|DELAY_CARRIER|DELAY_NAS
OKC,9,1658,-4.3,-8.03,177,29.61,24.26,75,207.85,201.95,DELAY_CARRIER|DELAY_LATE_AIRCRAFT|DELAY_NAS
OKC,10,1828,-4.4,-9.2,144,31.78,26.48,86,146.97,142.34,DELAY_CARRIER|DELAY_LATE_AIRCRAFT|DELAY_NAS
OKC,11,1622,-4.19,-9.65,175,30.95,26.22,81,140.56,137.35,DELAY_LATE_AIRCRAFT|DELAY_CARRIER|DELAY_NAS
OKC,12,1595,-3.71,-9.56,181,31.56,25.92,100,156.6,155.64,DELAY_LATE_AIRCRAFT|DELAY_CARRIER|DELAY_NAS
OMA,1,1362,-2.89,-6.34,231,32.8,34.63,199,175.18,185.1,DELAY_LATE_AIRCRAFT|DELAY_CARRIER|DELAY_NAS
OMA,2,1580,-4.55,-12.24,138,32.02,23.64,69,155.17,148.64,DELAY_LATE_AIRCRAFT|DELAY_NAS|DELAY_CARRIER
OMA,3,1640,-3.42,-9.81,234,30.88,23.93,117,143.02,137.91,DELAY_LATE_AIRCRAFT|DELAY_CARRIER|DELAY_NAS
OMA,4,1630,-3.45,-8.17,181,29.49,22.66,104,163.16,160.12,DELAY_LATE_AIRCRAFT|DELAY_CARRIER|DELAY_NAS
OMA,5,1467,-2.11,-5.36,353,31.91,28.78,225,176.81,175.35,DELAY_LATE_AIRCRAFT|DELAY_NAS|DELAY_CARRIER
OMA,6,1527,-2.18,-5.76,332,31.25,27.34,174,161.95,159.29,DELAY_LATE_AIRCRAFT|DELAY_CARRIER|DELAY_NAS
OMA,7,1536,-2.16,-5.76,312,31.07,28.72,189,156.42,156.92,DELAY_LATE_AIRCRAFT|DELAY_CARRIER|DELAY_NAS
OMA,8,1625,-3.35,-7.47,226,30.94,28.07,118,128.9,128.1,DELAY_LATE_AIRCRAFT|DELAY_NAS|DELAY_CARRIER
OMA,9,1710,-3.99,-9.11,134,31.13,24.72,55,144.75,142.11,DELAY_LATE_AIRCRAFT|DELAY_CARRIER|DELAY_NAS
OMA,10,1836,-3.91,-9.52,159,28.96,22.22,62,163.79,157.32,DELAY_CARRIER|DELAY_LATE_AIRCRAFT|DELAY_NAS
OMA,11,1709,-3.62,-10.06,155,29.52,22.3,61,195.43,189.69,DELAY_LATE_AIRCRAFT|DELAY_CARRIER|DELAY_NAS
OMA,12,1623,-2.81,-11.43,246,29.7,19.9,110,161.13,155.65,DELAY_CARRIER|DELAY_LATE_AIRCRAFT|DELAY_NAS
OME,1,20,-10.25,-14.25,4,27.75,26.25,2,79.5,81.5,DELAY_LATE_AIRCRAFT|CANC_WEATHER
OME,2,21,-10.19,-9.57,5,40.2,38.8,0,,,DELAY_LATE_AIRCRAFT|CANC_CARRIER|CANC_WEATHER
OME,3,22,-9.86,-6.14,7,26.43,30.43,1,172.0,171.0,DELAY_LATE_AIRCRAFT|CANC_WEATHER|DELAY_SECURITY
OME,4,23,-13.39,-8.52,3,48.67,51.33,2,144.5,157.0,DELAY_LATE_AIRCRAFT|CANC_WEATHER|DELAY_NAS
OME,5,30,-12.37,-7.47,1,31.0,30.0,0,,,DELAY_CARRIER|DELAY_LATE_AIRCRAFT
OME,6,25,-10.64,0.0,4,30.5,36.75,1,132.0,139.0,DELAY_LATE_AIRCRAFT|DELAY_NAS|DELAY_CARRIER
OME,7,25,-6.6,-0.36,6,28.33,36.83,0,,,DELAY_LATE_AIRCRAFT|DELAY_NAS
OME,8,20,-2.6,5.05,8,31.25,36.0,2,94.5,112.5,DELAY_LATE_AIRCRAFT|DELAY_CARRIER|DELAY_NAS
OME,9,29,-11.69,-5.66,2,20.0,25.0,0,,,DELAY_LATE_AIRCRAFT|DELAY_NAS
OME,10,24,-13.62,-9.92,4,31.25,34.0,2,83.5,91.5,DELAY_LATE_AIRCRAFT|CANC_WEATHER|DELAY_NAS
OME,11,26,-15.0,-11.69,0,,,2,69.5,68.0,DELAY_LATE_AIRCRAFT|DELAY_NAS
OME,12,25,-11.56,-7.52,5,28.6,31.2,0,,,DELAY_LATE_AIRCRAFT|DELAY_CARRIER
ONT,1,1547,-3.37,-10.8,189,32.28,25.14,109,173.16,167.44,DELAY_LATE_AIRCRAFT|DELAY_CARRIER|DELAY_NAS
ONT,2,1442,-3.18,-12.22,189,30.96,24.46,87,173.21,166.77,DELAY_LATE_AIRCRAFT|DELAY_NAS|DELAY_CARRIER
ONT,3,1634,-2.63,-8.64,259,32.59,28.38,119,166.71,166.41,DELAY_LATE_AIRCRAFT|DELAY_NAS|DELAY_CARRIER
ONT,4,1718,-2.74,-8.62,272,30.38,26.71,96,158.59,153.91,DELAY_LATE_AIRCRAFT|DELAY_NAS|DELAY_CARRIER
ONT,5,1755,-2.29,-7.72,325,30.84,26.92,148,159.39,155.19,DELAY_LATE_AIRCRAFT|DELAY_NAS|DELAY_CARRIER
ONT,6,1840,-2.3,-7.21,301,30.48,25.03,129,167.96,163.74,DELAY_LATE_AIRCRAFT|DELAY_CARRIER|DELAY_NAS
ONT,7,1901,-2.49,-7.25,316,32.27,27.56,136,145.43,138.74,DELAY_LATE_AIRCRAFT|DELAY_CARRIER|DELAY_NAS
ONT,8,2063,-3.77,-8.58,221,31.33,27.53,120,130.45,127.64,DELAY_LATE_AIRCRAFT|DELAY_CARRIER|DELAY_NAS
ONT,9,1979,-3.66,-10.28,221,30.11,22.62,107,144.26,139.54,DELAY_LATE_AIRCRAFT|DELAY_CARRIER|DELAY_NAS
ONT,10,2103,-3.36,-10.02,193,29.76,23.82,83,148.23,136.95,DELAY_LATE_AIRCRAFT|DELAY_CARRIER|DELAY_NAS
ONT,11,1917,-3.27,-10.31,202,31.18,23.88,77,155.1,149.82,DELAY_LATE_AIRCRAFT|DELAY_CARRIER|DELAY_NAS
ONT,12,1777,-2.7,-9.54,220,30.18,23.94,103,149.17,144.93,DELAY_LATE_AIRCRAFT|DELAY_CARRIER|DELAY_NAS
ORD,1,13456,-1.92,-6.9,2913,32.16,30.5,2447,151.9,150.67,DELAY_LATE_AIRCRAFT|DELAY_NAS|DELAY_CARRIER
ORD,2,16968,-3.31,-11.58,1650,30.93,23.01,843,138.99,132.19,DELAY_CARRIER|DELAY_LATE_AIRCRAFT|DELAY_NAS
ORD,3,18262,-2.79,-9.4,2510,31.66,25.23,1359,128.03,121.93,DELAY_LATE_AIRCRAFT|DELAY_NAS|DELAY_CARRIER
ORD,4,19189,-2.38,-8.06,2842,31.38,27.07,1478,141.88,138.02,DELAY_LATE_AIRCRAFT|DELAY_CARRIER|DELAY_NAS
ORD,5,16899,-1.53,-4.55,3885,33.01,33.37,3553,159.41,160.35,DELAY_LATE_AIRCRAFT|DELAY_NAS|DELAY_CARRIER
ORD,6,16854,-1.31,-5.65,3962,32.64,29.45,2969,143.54,140.89,DELAY_LATE_AIRCRAFT|DELAY_CARRIER|DELAY_NAS
ORD,7,16261,-1.08,-5.69,4254,32.6,30.16,3268,147.8,143.77,DELAY_LATE_AIRCRAFT|DELAY_CARRIER|DELAY_NAS
ORD,8,17810,-1.45,-5.89,4281,32.75,30.7,2959,137.27,133.87,DELAY_LATE_AIRCRAFT|DELAY_CARRIER|DELAY_NAS
ORD,9,20782,-2.76,-8.92,2734,31.41,24.53,1229,131.98,123.21,DELAY_CARRIER|DELAY_LATE_AIRCRAFT|DELAY_NAS
ORD,10,21555,-2.66,-10.11,2517,30.7,21.57,1011,127.42,118.14,DELAY_CARRIER|DELAY_LATE_AIRCRAFT|DELAY_NAS
ORD,11,19022,-2.9,-8.09,2174,31.7,29.01,1148,135.49,134.71,DELAY_CARRIER|DELAY_NAS|DELAY_LATE_AIRCRAFT
ORD,12,17554,-1.35,-8.2,3118,31.46,25.12,1789,141.8,135.32,DELAY_LATE_AIRCRAFT|DELAY_CARRIER|DELAY_NAS
ORF,1,1208,-4.41,-9.41,143,33.8,29.91,95,166.29,162.28,DELAY_LATE_AIRCRAFT|DELAY_NAS|DELAY_CARRIER
ORF,2,1267,-4.57,-10.22,98,30.14,22.28,47,150.6,145.47,DELAY_NAS|DELAY_LATE_AIRCRAFT|DELAY_CARRIER
ORF,3,1342,-3.79,-11.49,157,32.21,24.7,107,169.82,164.87,DELAY_LATE_AIRCRAFT|DELAY_NAS|DELAY_CARRIER
ORF,4,1392,-3.68,-8.25,184,31.78,25.99,103,157.79,152.24,DELAY_LATE_AIRCRAFT|DELAY_NAS|DELAY_CARRIER
ORF,5,1318,-2.7,-7.75,248,30.03,26.22,168,158.7,155.3,DELAY_LATE_AIRCRAFT|DELAY_NAS|DELAY_CARRIER
ORF,6,1352,-2.35,-7.95,297,31.2,24.6,157,187.15,183.61,DELAY_LATE_AIRCRAFT|DELAY_CARRIER|DELAY_NAS
ORF,7,1220,-1.84,-6.29,344,32.75,30.39,264,174.45,174.08,DELAY_LATE_AIRCRAFT|DELAY_CARRIER|DELAY_NAS
ORF,8,1449,-2.77,-6.98,265,32.04,28.69,176,173.97,171.62,DELAY_LATE_AIRCRAFT|DELAY_NAS|DELAY_CARRIER
ORF,9,1634,-4.03,-8.44,155,30.79,28.02,91,127.46,129.14,DELAY_LATE_AIRCRAFT|DELAY_NAS|DELAY_CARRIER
ORF,10,1683,-4.3,-9.16,183,30.04,22.16,58,193.22,191.12,DELAY_LATE_AIRCRAFT|DELAY_NAS|DELAY_CARRIER
ORF,11,1566,-4.33,-11.11,150,29.15,21.37,69,139.87,133.72,DELAY_NAS|DELAY_CARRIER|DELAY_LATE_AIRCRAFT
ORF,12,1365,-2.44,-9.39,229,30.55,23.46,120,163.97,156.33,DELAY_LATE_AIRCRAFT|DELAY_CARRIER|DELAY_NAS
ORH,1,70,-5.37,-11.17,15,29.67,29.0,7,219.71,222.14,DELAY_NAS|DELAY_LATE_AIRCRAFT|CANC_WEATHER
ORH,2,82,-4.48,-18.18,26,32.46,14.42,12,112.58,119.83,DELAY_LATE_AIRCRAFT|DELAY_CARRIER|DELAY_NAS
ORH,3,91,-5.1,-12.15,32,33.59,30.12,22,120.14,118.64,DELAY_LATE_AIRCRAFT|DELAY_NAS|CANC_CARRIER
ORH,4,101,-7.19,-15.42,9,32.89,30.22,7,111.57,123.29,DELAY_LATE_AIRCRAFT|DELAY_NAS|CANC_WEATHER
ORH,5,89,-4.82,-19.52,14,28.14,29.21,14,254.0,250.43,DELAY_LATE_AIRCRAFT|DELAY_NAS|DELAY_CARRIER
ORH,6,86,-5.17,-20.86,12,34.25,22.33,10,252.5,243.4,DELAY_NAS|DELAY_LATE_AIRCRAFT|CANC_NAS
ORH,7,80,-6.35,-14.19,16,34.81,24.12,20,169.65,172.35,DELAY_LATE_AIRCRAFT|DELAY_NAS|DELAY_CARRIER
ORH,8,77,-7.51,-15.62,13,34.31,30.38,18,139.83,140.72,DELAY_LATE_AIRCRAFT|DELAY_NAS|CANC_NAS
ORH,9,91,-7.74,-12.6,4,25.75,29.0,2,195.0,172.5,DELAY_NAS|DELAY_CARRIER|DELAY_LATE_AIRCRAFT
ORH,10,88,-7.98,-18.02,8,34.75,29.0,3,115.33,106.0,DELAY_LATE_AIRCRAFT|DELAY_NAS|CANC_WEATHER
ORH,11,102,-6.04,-14.8,7,34.29,12.29,6,181.33,174.33,DELAY_CARRIER|DELAY_LATE_AIRCRAFT|DELAY_NAS
ORH,12,91,-6.65,-8.14,15,34.4,26.87,11,207.36,203.36,DELAY_LATE_AIRCRAFT|DELAY_NAS|CANC_WEATHER
OTH,1,13,-2.08,-7.54,1,19.0,19.0,2,132.0,127.5,CANC_WEATHER|DELAY_CARRIER|DELAY_LATE_AIRCRAFT
OTH,2,7,-0.14,2.0,4,42.75,41.75,3,149.0,153.0,DELAY_NAS|CANC_WEATHER|DELAY_LATE_AIRCRAFT
OTH,3,9,-2.33,-0.67,5,31.4,33.6,2,120.0,132.5,DELAY_NAS|DELAY_LATE_AIRCRAFT|CANC_WEATHER
OTH,4,14,-1.29,0.14,13,36.08,42.15,3,89.0,93.0,DELAY_NAS|DELAY_CARRIER|DELAY_LATE_AIRCRAFT
OTH,5,23,-1.78,-6.3,7,39.71,41.86,4,572.0,558.25,DELAY_NAS|DELAY_CARRIER|DELAY_WEATHER
OTH,6,34,-3.03,-15.41,2,25.0,10.0,3,89.33,86.33,DELAY_NAS|DELAY_LATE_AIRCRAFT
OTH,7,29,-2.86,-13.31,4,43.5,30.75,7,280.14,271.57,DELAY_LATE_AIRCRAFT|DELAY_CARRIER|DELAY_WEATHER
OTH,8,22,-3.14,-10.73,9,27.56,21.11,7,118.14,106.57,DELAY_LATE_AIRCRAFT|DELAY_CARRIER|DELAY_NAS
OTH,9,19,-1.11,-5.11,16,27.5,18.38,3,435.33,424.67,DELAY_LATE_AIRCRAFT|DELAY_CARRIER|DELAY_NAS
OTH,10,28,-4.04,-7.68,3,39.33,32.33,5,403.2,397.4,DELAY_CARRIER|DELAY_LATE_AIRCRAFT|DELAY_WEATHER
OTH,11,12,-3.67,-6.25,5,33.2,32.4,0,,,DELAY_NAS|DELAY_CARRIER|DELAY_LATE_AIRCRAFT
OTH,12,15,-2.6,-16.33,4,33.5,25.5,2,140.5,135.0,DELAY_LATE_AIRCRAFT|DELAY_CARRIER|DELAY_NAS
OTZ,1,23,-14.26,-18.3,2,43.0,43.0,1,82.0,98.0,CANC_WEATHER|DELAY_LATE_AIRCRAFT|DELAY_NAS
OTZ,2,22,-14.5,-11.09,4,28.25,29.25,0,,,DELAY_LATE_AIRCRAFT|CANC_CARRIER
OTZ,3,25,-7.04,-8.04,0,,,2,235.5,231.5,CANC_WEATHER|DELAY_LATE_AIRCRAFT
OTZ,4,21,-9.0,-5.86,3,30.67,26.0,2,142.5,144.0,CANC_WEATHER|DELAY_LATE_AIRCRAFT|DELAY_NAS
OTZ,5,30,-10.9,-8.67,1,34.0,31.0,0,,,DELAY_LATE_AIRCRAFT
OTZ,6,26,-10.65,-6.19,2,23.5,24.5,2,157.0,164.0,DELAY_LATE_AIRCRAFT
OTZ,7,27,-11.41,-8.07,3,37.0,40.0,1,421.0,412.0,DELAY_LATE_AIRCRAFT|DELAY_NAS
OTZ,8,31,-7.87,-4.55,0,,,0,,,DELAY_NAS
OTZ,9,28,-12.43,-13.46,2,39.5,49.0,0,,,DELAY_CARRIER|DELAY_LATE_AIRCRAFT
OTZ,10,26,-11.23,-10.96,3,34.67,34.0,0,,,CANC_WEATHER|DELAY_LATE_AIRCRAFT|DELAY_SECURITY
OTZ,11,25,-11.48,-13.64,2,38.0,39.0,0,,,CANC_WEATHER|DELAY_LATE_AIRCRAFT
OTZ,12,24,-10.38,-10.42,4,35.5,37.5,1,105.0,105.0,DELAY_LATE_AIRCRAFT|CANC_WEATHER
PAE,1,63,-4.51,-5.67,11,30.55,35.36,2,83.0,72.0,CANC_CARRIER|DELAY_NAS|DELAY_LATE_AIRCRAFT
PAE,2,102,-5.5,-1.55,11,28.27,41.64,1,231.0,266.0,DELAY_NAS|DELAY_CARRIER|CANC_CARRIER
PAE,3,125,-5.53,-6.28,11,35.45,37.0,5,194.8,209.2,DELAY_NAS|DELAY_CARRIER|DELAY_LATE_AIRCRAFT
PAE,4,118,-5.36,-6.74,8,39.25,39.0,4,134.25,131.0,DELAY_NAS|DELAY_CARRIER|DELAY_LATE_AIRCRAFT
PAE,5,84,-6.11,-10.18,6,33.0,29.83,2,135.0,115.5,DELAY_LATE_AIRCRAFT|DELAY_NAS|DELAY_CARRIER
PAE,6,51,-3.49,-12.92,2,40.0,35.0,4,87.5,68.0,DELAY_LATE_AIRCRAFT|DELAY_CARRIER
PAE,7,46,-3.61,-16.2,12,34.42,24.67,0,,,DELAY_LATE_AIRCRAFT|DELAY_NAS
PAE,8,50,-5.46,-9.96,7,28.86,16.14,2,69.5,52.5,DELAY_NAS|DELAY_LATE_AIRCRAFT|DELAY_CARRIER
PAE,9,52,-8.48,-15.6,2,38.0,25.0,4,73.75,62.75,DELAY_LATE_AIRCRAFT|DELAY_CARRIER
PAE,10,59,-3.24,-6.25,4,25.0,23.25,1,71.0,68.0,DELAY_NAS|DELAY_LATE_AIRCRAFT|DELAY_CARRIER
PAE,11,68,-4.25,-8.38,7,33.0,31.29,3,106.67,116.0,DELAY_LATE_AIRCRAFT|DELAY_CARRIER|DELAY_NAS
PAE,12,83,-3.45,-13.98,13,27.46,14.77,5,93.2,90.4,DELAY_LATE_AIRCRAFT|DELAY_NAS|DELAY_CARRIER
PBG,1,26,-7.69,-13.38,8,37.12,23.88,6,178.33,185.5,DELAY_LATE_AIRCRAFT|DELAY_NAS|DELAY_WEATHER
PBG,2,32,-4.38,-11.09,11,37.0,24.09,6,111.0,125.5,DELAY_LATE_AIRCRAFT|DELAY_NAS|DELAY_CARRIER
PBG,3,23,1.7,4.26,12,27.33,17.25,6,139.33,132.5,DELAY_LATE_AIRCRAFT|DELAY_NAS|CANC_CARRIER
PBG,4,39,-6.64,-23.72,9,26.78,13.33,3,146.0,151.67,DELAY_NAS|DELAY_CARRIER|DELAY_WEATHER
PBG,5,16,-10.38,-12.19,6,35.67,35.33,3,507.67,515.67,DELAY_CARRIER|DELAY_LATE_AIRCRAFT|CANC_CARRIER
PBG,6,21,-5.33,-11.38,5,39.6,39.8,5,324.4,330.4,DELAY_LATE_AIRCRAFT|DELAY_CARRIER|DELAY_NAS
PBG,7,33,-4.82,-10.42,9,30.89,26.89,4,138.5,144.0,DELAY_LATE_AIRCRAFT|DELAY_NAS|DELAY_CARRIER
PBG,8,19,-3.37,2.37,7,37.0,31.14,7,181.0,186.43,DELAY_LATE_AIRCRAFT|DELAY_NAS|DELAY_CARRIER
PBG,9,15,-10.8,-16.0,3,33.67,32.33,0,,,CANC_WEATHER|DELAY_CARRIER|DELAY_LATE_AIRCRAFT
PBG,10,33,-10.7,-22.33,2,23.0,23.0,2,103.5,78.5,CANC_WEATHER|DELAY_CARRIER|DELAY_LATE_AIRCRAFT
PBG,11,41,-11.05,-22.78,2,16.5,15.0,2,118.5,91.5,DELAY_CARRIER|DELAY_NAS|DELAY_WEATHER
PBG,12,37,-6.59,-14.16,16,31.5,38.62,10,417.2,421.1,DELAY_NAS|DELAY_LATE_AIRCRAFT|CANC_NAS
PBI,1,2063,-3.48,-12.21,449,31.56,25.24,278,171.42,166.09,DELAY_LATE_AIRCRAFT|DELAY_CARRIER|DELAY_NAS
PBI,2,2293,-4.4,-8.45,321,30.84,22.89,183,167.31,159.27,DELAY_LATE_AIRCRAFT|DELAY_CARRIER|DELAY_NAS
PBI,3,2251,-2.92,-7.98,502,32.31,25.72,359,151.76,146.97,DELAY_LATE_AIRCRAFT|DELAY_NAS|DELAY_CARRIER
PBI,4,2152,-3.59,-8.13,329,31.95,26.04,247,163.12,155.09,DELAY_LATE_AIRCRAFT|DELAY_CARRIER|DELAY_NAS
PBI,5,1785,-2.64,-6.63,325,32.35,30.02,280,164.14,164.06,DELAY_LATE_AIRCRAFT|DELAY_NAS|DELAY_CARRIER
PBI,6,1457,-3.29,-8.09,259,32.16,27.51,231,164.3,160.28,DELAY_LATE_AIRCRAFT|DELAY_NAS|DELAY_CARRIER
PBI,7,1381,-3.1,-6.78,307,31.06,30.81,281,163.41,164.47,DELAY_LATE_AIRCRAFT|DELAY_NAS|DELAY_CARRIER
PBI,8,1302,-2.81,-6.44,307,34.04,33.49,246,155.8,154.68,DELAY_LATE_AIRCRAFT|DELAY_NAS|DELAY_CARRIER
PBI,9,1492,-4.33,-9.9,209,31.59,25.66,83,175.51,169.78,DELAY_LATE_AIRCRAFT|DELAY_CARRIER|DELAY_NAS
PBI,10,1752,-4.68,-10.75,193,29.74,20.83,93,149.73,141.02,DELAY_LATE_AIRCRAFT|CANC_WEATHER|DELAY_CARRIER
PBI,11,2147,-4.55,-10.13,258,30.99,24.69,121,130.48,126.35,DELAY_LATE_AIRCRAFT|DELAY_NAS|DELAY_CARRIER
PBI,12,2061,-3.35,-7.86,522,32.81,28.64,356,145.8,141.83,DELAY_LATE_AIRCRAFT|DELAY_NAS|DELAY_CARRIER
PDX,1,3023,-2.38,-5.93,519,31.65,28.26,330,157.21,155.04,DELAY_LATE_AIRCRAFT|DELAY_CARRIER|CANC_CARRIER
PDX,2,3462,-3.78,-6.99,355,32.05,29.69,176,136.88,136.68,DELAY_NAS|DELAY_CARRIER|DELAY_LATE_AIRCRAFT
PDX,3,3952,-3.4,-6.95,483,31.81,29.81,203,140.28,138.99,DELAY_NAS|DELAY_LATE_AIRCRAFT|DELAY_CARRIER
PDX,4,4024,-4.0,-7.7,490,32.48,28.51,227,153.07,150.3,DELAY_LATE_AIRCRAFT|DELAY_NAS|DELAY_CARRIER
PDX,5,4133,-3.42,-7.98,619,31.09,24.91,304,146.29,142.76,DELAY_LATE_AIRCRAFT|DELAY_NAS|DELAY_CARRIER
PDX,6,4079,-2.11,-8.37,805,30.6,22.83,340,137.69,131.02,DELAY_LATE_AIRCRAFT|DELAY_NAS|DELAY_CARRIER
PDX,7,4247,-2.49,-6.72,754,31.17,26.23,356,147.4,143.12,DELAY_LATE_AIRCRAFT|DELAY_CARRIER|DELAY_NAS
PDX,8,4575,-2.84,-5.97,620,30.82,27.17,293,147.25,144.48,DELAY_LATE_AIRCRAFT|DELAY_NAS|DELAY_CARRIER
PDX,9,4583,-3.64,-6.85,447,30.06,26.32,193,137.56,134.42,DELAY_LATE_AIRCRAFT|DELAY_NAS|DELAY_CARRIER
PDX,10,4688,-3.58,-7.36,405,30.66,26.71,143,140.76,135.92,DELAY_LATE_AIRCRAFT|DELAY_CARRIER|DELAY_NAS
PDX,11,4291,-3.65,-8.02,410,29.3,24.95,143,144.45,145.68,DELAY_NAS|DELAY_LATE_AIRCRAFT|DELAY_CARRIER
PDX,12,4153,-2.12,-7.46,625,29.56,22.32,260,143.14,135.67,DELAY_LATE_AIRCRAFT|DELAY_NAS|DELAY_CARRIER
PGD,1,402,-6.04,-12.71,83,33.65,25.94,43,133.16,133.65,DELAY_LATE_AIRCRAFT|DELAY_CARRIER|DELAY_NAS
PGD,2,491,-6.76,-6.51,68,32.57,31.22,25,195.52,204.04,DELAY_NAS|DELAY_CARRIER|DELAY_LATE_AIRCRAFT
PGD,3,580,-6.67,-9.63,109,34.01,33.02,68,155.53,153.81,DELAY_LATE_AIRCRAFT|DELAY_CARRIER|DELAY_NAS
PGD,4,466,-7.03,-10.05,33,35.39,31.94,38,163.76,160.05,DELAY_CARRIER|DELAY_LATE_AIRCRAFT|DELAY_NAS
PGD,5,326,-5.54,-8.8,56,28.84,29.5,36,170.89,178.42,DELAY_LATE_AIRCRAFT|DELAY_CARRIER|DELAY_NAS
PGD,6,378,-5.46,-9.66,58,29.52,27.22,49,141.35,146.0,DELAY_LATE_AIRCRAFT|DELAY_CARRIER|DELAY_NAS
PGD,7,370,-5.28,-8.48,74,32.31,36.05,49,145.35,146.69,DELAY_LATE_AIRCRAFT|DELAY_CARRIER|DELAY_WEATHER
PGD,8,253,-7.56,-11.01,50,32.64,28.96,47,165.83,166.06,DELAY_LATE_AIRCRAFT|DELAY_CARRIER|DELAY_WEATHER
PGD,9,229,-7.28,-13.83,32,31.0,27.22,20,133.05,131.15,DELAY_CARRIER|DELAY_LATE_AIRCRAFT|DELAY_WEATHER
PGD,10,374,-6.96,-13.2,59,28.92,22.86,30,161.53,154.63,CANC_WEATHER|DELAY_CARRIER|DELAY_LATE_AIRCRAFT
PGD,11,471,-6.68,-10.42,54,26.52,23.81,14,126.64,123.86,DELAY_CARRIER|DELAY_LATE_AIRCRAFT|DELAY_NAS
PGD,12,571,-6.74,-11.57,108,32.52,28.74,88,162.65,159.77,DELAY_LATE_AIRCRAFT|DELAY_CARRIER|DELAY_NAS
PHL,1,5218,-3.64,-8.32,880,32.46,35.15,637,159.89,172.31,DELAY_NAS|DELAY_LATE_AIRCRAFT|DELAY_CARRIER
PHL,2,5626,-3.96,-13.53,581,30.49,21.63,326,138.91,130.96,DELAY_LATE_AIRCRAFT|DELAY_NAS|DELAY_CARRIER
PHL,3,5873,-3.44,-13.21,961,30.82,21.04,572,146.01,138.04,DELAY_LATE_AIRCRAFT|DELAY_NAS|DELAY_CARRIER
PHL,4,6453,-3.48,-10.68,831,30.29,22.17,549,155.09,149.19,DELAY_LATE_AIRCRAFT|DELAY_NAS|DELAY_CARRIER
PHL,5,6599,-2.84,-7.81,1185,32.22,27.83,838,147.71,143.05,DELAY_LATE_AIRCRAFT|DELAY_NAS|DELAY_CARRIER
PHL,6,6666,-2.44,-10.18,1425,32.45,25.8,1000,160.87,153.92,DELAY_LATE_AIRCRAFT|DELAY_CARRIER|DELAY_NAS
PHL,7,6329,-2.31,-7.98,1758,32.82,28.52,1481,153.71,148.21,DELAY_LATE_AIRCRAFT|DELAY_CARRIER|DELAY_NAS
PHL,8,6657,-2.26,-6.77,1745,32.41,33.26,1306,164.02,165.84,DELAY_LATE_AIRCRAFT|DELAY_CARRIER|DELAY_NAS
PHL,9,7536,-4.29,-9.74,931,31.35,27.11,501,135.01,125.79,DELAY_LATE_AIRCRAFT|DELAY_NAS|DELAY_CARRIER
PHL,10,8033,-4.04,-11.83,824,30.03,21.72,407,163.59,154.12,DELAY_LATE_AIRCRAFT|DELAY_CARRIER|DELAY_NAS
PHL,11,6581,-4.46,-13.27,641,32.09,21.99,355,146.16,135.44,DELAY_LATE_AIRCRAFT|DELAY_CARRIER|DELAY_NAS
PHL,12,5739,-2.44,-9.09,1042,31.04,24.78,624,152.92,146.2,DELAY_LATE_AIRCRAFT|DELAY_CARRIER|DELAY_NAS
PHX,1,11951,-2.17,-6.11,2172,31.19,25.7,906,147.9,142.83,DELAY_LATE_AIRCRAFT|DELAY_CARRIER|DELAY_NAS
PHX,2,12441,-2.2,-8.16,1778,29.97,23.03,545,127.83,122.77,DELAY_LATE_AIRCRAFT|DELAY_CARRIER|DELAY_NAS
PHX,3,13576,-1.61,-6.37,2582,31.47,25.69,1100,137.72,133.1,DELAY_LATE_AIRCRAFT|DELAY_CARRIER|DELAY_NAS
PHX,4,13216,-1.52,-7.91,2334,30.63,23.31,896,130.49,123.96,DELAY_LATE_AIRCRAFT|DELAY_CARRIER|DELAY_NAS
PHX,5,12398,-1.25,-6.7,2777,31.82,25.23,1387,131.05,124.59,DELAY_LATE_AIRCRAFT|DELAY_CARRIER|DELAY_NAS
PHX,6,11420,-1.38,-5.11,2625,31.11,26.7,1169,127.49,122.95,DELAY_LATE_AIRCRAFT|DELAY_CARRIER|DELAY_NAS
PHX,7,11174,-1.67,-5.67,2698,31.83,27.04,1542,149.47,145.35,DELAY_LATE_AIRCRAFT|DELAY_CARRIER|DELAY_NAS
PHX,8,12126,-2.37,-6.72,2045,31.57,28.2,1073,136.43,135.3,DELAY_LATE_AIRCRAFT|DELAY_CARRIER|DELAY_NAS
PHX,9,12798,-2.83,-8.92,1632,30.72,23.09,600,130.31,123.61,DELAY_LATE_AIRCRAFT|DELAY_CARRIER|DELAY_NAS
PHX,10,14213,-2.53,-7.86,1932,30.64,24.73,769,127.53,122.83,DELAY_CARRIER|DELAY_LATE_AIRCRAFT|DELAY_NAS
PHX,11,14139,-2.55,-10.58,1928,30.23,21.28,686,124.19,117.08,DELAY_LATE_AIRCRAFT|DELAY_CARRIER|DELAY_NAS
PHX,12,13962,-2.11,-8.49,2288,30.83,23.84,990,128.92,123.98,DELAY_LATE_AIRCRAFT|DELAY_CARRIER|DELAY_NAS
PIA,1,174,-4.39,-11.08,40,30.05,29.38,36,178.44,174.56,CANC_WEATHER|DELAY_LATE_AIRCRAFT|DELAY_NAS
PIA,2,250,-5.84,-13.51,12,29.92,27.92,17,157.0,144.76,DELAY_NAS|DELAY_CARRIER|DELAY_LATE_AIRCRAFT
PIA,3,256,-5.13,-13.75,31,30.23,27.13,30,157.33,155.67,DELAY_LATE_AIRCRAFT|DELAY_NAS|DELAY_CARRIER
PIA,4,235,-6.17,-9.73,30,31.23,29.4,19,187.95,184.58,DELAY_LATE_AIRCRAFT|DELAY_NAS|DELAY_CARRIER
PIA,5,216,-5.48,-7.19,37,35.27,35.92,40,152.5,157.18,DELAY_LATE_AIRCRAFT|DELAY_NAS|DELAY_CARRIER
PIA,6,229,-4.95,-7.96,53,28.47,24.94,34,185.0,180.65,DELAY_LATE_AIRCRAFT|DELAY_CARRIER|DELAY_NAS
PIA,7,245,-5.66,-6.42,50,33.56,35.9,22,222.68,224.77,DELAY_LATE_AIRCRAFT|DELAY_NAS|DELAY_CARRIER
PIA,8,237,-6.01,-7.27,37,31.0,27.22,25,196.12,195.2,DELAY_LATE_AIRCRAFT|DELAY_CARRIER|DELAY_NAS
PIA,9,267,-6.71,-8.84,26,29.15,28.23,26,192.65,193.19,DELAY_LATE_AIRCRAFT|DELAY_NAS|DELAY_CARRIER
PIA,10,272,-6.55,-12.26,31,33.06,26.9,13,169.23,153.23,DELAY_CARRIER|DELAY_LATE_AIRCRAFT|DELAY_NAS
PIA,11,255,-7.03,-14.35,31,30.87,27.71,25,158.32,153.48,DELAY_LATE_AIRCRAFT|DELAY_CARRIER|DELAY_NAS
PIA,12,286,-5.05,-12.24,52,30.44,32.38,36,166.78,163.08,DELAY_LATE_AIRCRAFT|DELAY_NAS|DELAY_CARRIER
PIB,1,41,-6.78,-28.83,4,40.0,18.5,3,180.0,164.67,CANC_WEATHER|DELAY_LATE_AIRCRAFT|DELAY_CARRIER
PIB,2,42,-10.0,-24.67,4,44.5,34.25,4,141.25,130.5,DELAY_LATE_AIRCRAFT|DELAY_CARRIER
PIB,3,40,-7.12,-7.12,7,32.71,33.0,5,317.2,313.4,DELAY_LATE_AIRCRAFT|DELAY_CARRIER|DELAY_NAS
PIB,4,43,-8.42,-7.44,6,29.67,26.5,2,160.5,188.5,DELAY_LATE_AIRCRAFT|DELAY_CARRIER
PIB,5,34,-6.65,-2.94,7,32.57,32.14,6,278.5,281.83,DELAY_LATE_AIRCRAFT|CANC_WEATHER|DELAY_CARRIER
PIB,6,44,-5.73,-6.68,3,29.67,28.0,2,183.5,187.0,DELAY_CARRIER|DELAY_LATE_AIRCRAFT|CANC_WEATHER
PIB,7,38,-7.5,1.0,4,25.75,27.0,7,139.57,140.71,DELAY_LATE_AIRCRAFT|DELAY_CARRIER|CANC_WEATHER
PIB,8,42,-7.71,-13.5,7,38.14,33.29,3,424.33,417.67,DELAY_LATE_AIRCRAFT|DELAY_CARRIER|DELAY_NAS
PIB,9,45,-10.13,-12.91,4,24.25,16.25,3,214.67,210.0,DELAY_LATE_AIRCRAFT|DELAY_CARRIER
PIB,10,45,-7.13,-10.24,4,33.0,26.25,4,142.0,131.5,DELAY_LATE_AIRCRAFT|DELAY_CARRIER
PIB,11,47,-8.11,-9.09,3,38.33,43.33,2,95.5,90.5,DELAY_CARRIER|DELAY_LATE_AIRCRAFT|DELAY_WEATHER
PIB,12,46,-5.83,-5.24,2,25.5,23.0,3,76.33,71.33,DELAY_CARRIER|DELAY_LATE_AIRCRAFT|CANC_WEATHER
PIE,1,467,-7.65,-15.23,66,34.02,29.48,41,181.29,175.51,DELAY_LATE_AIRCRAFT|DELAY_CARRIER|DELAY_NAS
PIE,2,495,-7.99,-9.65,62,30.53,29.92,33,139.61,143.12,DELAY_LATE_AIRCRAFT|DELAY_NAS|DELAY_CARRIER
PIE,3,636,-7.72,-9.56,100,32.08,32.47,40,141.3,137.2,DELAY_LATE_AIRCRAFT|DELAY_NAS|DELAY_CARRIER
PIE,4,561,-7.63,-10.64,51,33.37,30.35,24,152.0,149.62,DELAY_LATE_AIRCRAFT|DELAY_CARRIER|DELAY_NAS
PIE,5,519,-5.85,-9.16,93,30.33,27.67,53,190.49,189.09,DELAY_LATE_AIRCRAFT|DELAY_CARRIER|DELAY_NAS
PIE,6,640,-5.49,-8.83,132,33.11,32.76,85,149.8,153.15,DELAY_LATE_AIRCRAFT|DELAY_CARRIER|DELAY_WEATHER
PIE,7,637,-4.26,-6.47,176,34.2,34.05,115,132.51,133.47,DELAY_WEATHER|DELAY_LATE_AIRCRAFT|DELAY_CARRIER
PIE,8,495,-6.21,-10.85,83,32.43,31.28,70,164.7,164.7,DELAY_LATE_AIRCRAFT|DELAY_CARRIER|DELAY_WEATHER
PIE,9,352,-7.33,-11.61,60,28.8,25.45,29,183.76,183.34,CANC_WEATHER|DELAY_LATE_AIRCRAFT|DELAY_CARRIER
PIE,10,464,-8.19,-12.44,47,31.53,26.23,22,143.41,138.55,CANC_WEATHER|DELAY_CARRIER|DELAY_NAS
PIE,11,540,-8.84,-11.18,58,27.83,28.57,28,123.96,125.21,DELAY_CARRIER|DELAY_LATE_AIRCRAFT|DELAY_NAS
PIE,12,603,-7.61,-10.35,108,30.36,30.15,77,135.81,139.57,DELAY_LATE_AIRCRAFT|DELAY_CARRIER|DELAY_NAS
PIH,1,58,-7.21,-8.05,2,32.5,31.5,2,101.5,105.0,DELAY_CARRIER|DELAY_WEATHER|DELAY_NAS
PIH,2,57,-9.65,-13.51,0,,,1,240.0,230.0,DELAY_CARRIER
PIH,3,59,-6.86,-11.2,0,,,3,133.0,130.33,DELAY_CARRIER|DELAY_NAS|DELAY_WEATHER
PIH,4,56,-8.7,-16.59,0,,,4,136.0,122.5,DELAY_CARRIER|DELAY_WEATHER
PIH,5,57,-7.33,-13.89,1,43.0,29.0,4,103.25,96.0,DELAY_CARRIER|DELAY_WEATHER
PIH,6,54,-6.39,-12.0,2,24.5,21.5,4,137.0,133.0,DELAY_CARRIER
PIH,7,59,-7.08,-14.73,1,53.0,50.0,2,97.0,89.5,DELAY_CARRIER
PIH,8,60,-9.15,-16.35,0,,,2,71.0,62.0,DELAY_CARRIER|DELAY_WEATHER
PIH,9,55,-8.82,-17.15,0,,,1,255.0,247.0,DELAY_CARRIER
PIH,10,52,-8.96,-16.46,1,18.0,5.0,0,,,DELAY_CARRIER
PIH,11,46,-9.07,-12.52,0,,,0,,,DELAY_CARRIER
PIH,12,54,-8.35,-17.81,3,29.33,25.0,0,,,DELAY_CARRIER|DELAY_WEATHER
PIT,1,2678,-4.01,-9.89,309,31.28,27.95,184,175.35,174.7,DELAY_NAS|DELAY_LATE_AIRCRAFT|DELAY_CARRIER
PIT,2,2747,-4.6,-15.41,250,30.65,20.28,106,147.59,143.78,DELAY_NAS|DELAY_LATE_AIRCRAFT|DELAY_CARRIER
PIT,3,3010,-4.02,-12.11,363,30.22,24.06,212,151.18,147.78,DELAY_NAS|DELAY_LATE_AIRCRAFT|DELAY_CARRIER
PIT,4,3008,-4.06,-8.77,341,31.01,25.01,161,176.54,174.89,DELAY_NAS|DELAY_LATE_AIRCRAFT|DELAY_CARRIER
PIT,5,2973,-3.35,-6.36,472,31.71,29.08,293,145.42,147.09,DELAY_LATE_AIRCRAFT|DELAY_NAS|DELAY_CARRIER
PIT,6,3035,-3.23,-7.31,520,32.42,28.85,305,140.01,136.95,DELAY_LATE_AIRCRAFT|DELAY_NAS|DELAY_CARRIER
PIT,7,2978,-3.31,-6.61,566,31.75,29.41,398,150.26,150.28,DELAY_LATE_AIRCRAFT|DELAY_NAS|DELAY_CARRIER
PIT,8,3057,-3.57,-7.81,473,33.29,31.5,332,163.32,163.0,DELAY_LATE_AIRCRAFT|DELAY_NAS|DELAY_CARRIER
PIT,9,3348,-4.56,-10.77,274,30.57,26.77,129,174.02,167.79,DELAY_NAS|DELAY_LATE_AIRCRAFT|DELAY_CARRIER
PIT,10,3486,-4.01,-11.62,275,28.29,18.73,114,158.17,151.5,DELAY_NAS|DELAY_LATE_AIRCRAFT|DELAY_CARRIER
PIT,11,3026,-4.2,-10.77,238,29.82,23.37,112,110.13,107.56,DELAY_NAS|DELAY_CARRIER|DELAY_LATE_AIRCRAFT
PIT,12,2740,-2.37,-8.05,417,30.86,25.97,209,141.46,139.32,DELAY_NAS|DELAY_LATE_AIRCRAFT|DELAY_CARRIER
PLN,1,27,-12.59,-24.89,5,34.0,26.0,8,277.38,271.38,CANC_WEATHER|DELAY_CARRIER|DELAY_WEATHER
PLN,2,44,-16.0,-37.39,1,28.0,1.0,5,149.6,135.0,DELAY_CARRIER|DELAY_WEATHER
PLN,3,47,-11.6,-23.57,4,32.5,26.0,3,157.67,144.33,DELAY_CARRIER|DELAY_WEATHER
PLN,4,38,-10.84,-15.26,3,22.33,27.67,10,133.6,136.1,DELAY_CARRIER|DELAY_WEATHER|DELAY_NAS
PLN,5,54,-9.33,-14.52,7,39.57,31.14,8,174.25,171.25,DELAY_CARRIER|DELAY_WEATHER
PLN,6,91,-9.38,-13.71,10,38.2,33.6,10,134.2,130.9,DELAY_CARRIER|DELAY_WEATHER|DELAY_NAS
PLN,7,86,-8.64,-13.95,13,31.38,25.38,14,103.93,98.36,DELAY_CARRIER|DELAY_WEATHER|CANC_CARRIER
PLN,8,98,-7.56,-12.39,7,36.71,33.0,11,116.91,108.27,DELAY_CARRIER|DELAY_WEATHER|DELAY_NAS
PLN,9,60,-8.72,-15.7,4,38.5,32.5,5,246.2,242.6,DELAY_CARRIER|DELAY_WEATHER|DELAY_NAS
PLN,10,45,-7.42,-13.4,4,38.75,28.25,3,228.0,225.0,DELAY_CARRIER|DELAY_NAS|DELAY_WEATHER
PLN,11,43,-8.7,-11.28,3,27.67,23.0,7,167.86,166.86,DELAY_CARRIER|DELAY_NAS|DELAY_SECURITY
PLN,12,40,-9.47,-19.7,7,36.71,32.0,5,218.6,213.0,DELAY_CARRIER|CANC_WEATHER
PNS,1,664,-4.25,-10.0,99,30.59,27.11,75,170.0,166.8,DELAY_LATE_AIRCRAFT|DELAY_CARRIER|DELAY_NAS
PNS,2,773,-5.18,-10.19,74,29.59,23.03,41,247.05,247.0,DELAY_LATE_AIRCRAFT|DELAY_CARRIER|DELAY_NAS
PNS,3,877,-4.42,-9.64,163,32.9,26.33,87,158.99,158.82,DELAY_LATE_AIRCRAFT|DELAY_NAS|DELAY_CARRIER
PNS,4,928,-3.87,-7.17,120,32.27,26.38,70,206.4,204.5,DELAY_LATE_AIRCRAFT|DELAY_NAS|DELAY_CARRIER
PNS,5,831,-2.82,-4.91,198,32.45,30.62,158,197.85,198.8,DELAY_LATE_AIRCRAFT|DELAY_NAS|DELAY_CARRIER
PNS,6,1035,-3.67,-7.95,203,31.93,27.04,114,175.96,172.53,DELAY_LATE_AIRCRAFT|DELAY_NAS|DELAY_CARRIER
PNS,7,945,-3.89,-7.59,242,31.99,26.67,185,174.82,175.14,DELAY_LATE_AIRCRAFT|DELAY_CARRIER|DELAY_NAS
PNS,8,950,-4.13,-8.88,131,32.94,30.19,74,182.77,182.03,DELAY_LATE_AIRCRAFT|DELAY_NAS|DELAY_CARRIER
PNS,9,962,-4.8,-9.7,92,29.92,26.37,37,147.35,141.14,DELAY_LATE_AIRCRAFT|DELAY_NAS|DELAY_CARRIER
PNS,10,948,-3.9,-10.02,92,28.39,22.93,31,175.97,172.29,DELAY_LATE_AIRCRAFT|DELAY_CARRIER|DELAY_NAS
PNS,11,871,-4.61,-8.93,67,28.97,22.7,27,167.15,174.22,DELAY_LATE_AIRCRAFT|DELAY_CARRIER|DELAY_NAS
PNS,12,787,-3.36,-8.0,135,33.74,30.55,74,183.66,182.18,DELAY_LATE_AIRCRAFT|DELAY_NAS|DELAY_CARRIER
PPG,1,8,-3.25,-1.62,2,32.5,32.5,0,,,DELAY_LATE_AIRCRAFT
PPG,2,5,-1.6,-12.8,4,26.0,28.25,0,,,DELAY_CARRIER|DELAY_LATE_AIRCRAFT
PPG,3,8,-0.38,-3.12,0,,,0,,,DELAY_CARRIER
PPG,4,7,-0.29,1.14,2,42.0,37.5,0,,,DELAY_CARRIER|DELAY_LATE_AIRCRAFT
PPG,5,10,4.3,3.5,1,50.0,42.0,0,,,DELAY_CARRIER|DELAY_LATE_AIRCRAFT
PPG,6,9,-4.33,-1.11,2,31.0,32.0,1,70.0,66.0,DELAY_CARRIER
PPG,7,10,4.0,-0.2,3,23.0,16.0,1,1087.0,1088.0,DELAY_CARRIER
PPG,8,10,-1.5,-12.1,0,,,3,248.67,236.67,DELAY_LATE_AIRCRAFT|DELAY_CARRIER
PPG,9,8,-1.0,-10.12,1,21.0,9.0,1,123.0,127.0,DELAY_CARRIER
PPG,10,9,4.56,-5.67,0,,,0,,,N/D
PPG,11,5,5.6,-6.8,3,15.67,8.33,0,,,N/D
PPG,12,12,-6.67,-10.83,0,,,0,,,N/D
PQI,9,21,-2.81,-13.33,3,28.0,15.33,1,575.0,564.0,DELAY_CARRIER
PQI,10,27,-2.93,-9.96,4,18.0,12.25,0,,,DELAY_CARRIER|DELAY_NAS
PQI,11,26,-4.92,-8.23,4,23.0,9.5,0,,,DELAY_NAS|DELAY_CARRIER
PQI,12,27,-2.96,-1.19,1,16.0,20.0,2,138.5,130.5,DELAY_NAS|CANC_NAS|DELAY_CARRIER
PRC,1,51,-5.88,-9.1,5,29.4,18.8,5,187.6,184.2,DELAY_CARRIER|DELAY_LATE_AIRCRAFT|DELAY_NAS
PRC,2,44,-7.05,-6.32,6,28.83,23.5,6,432.17,422.83,DELAY_CARRIER|DELAY_LATE_AIRCRAFT|DELAY_WEATHER
PRC,3,52,-5.54,-7.88,3,32.67,28.33,6,145.5,134.0,DELAY_CARRIER|DELAY_LATE_AIRCRAFT|DELAY_NAS
PRC,4,47,-5.85,-5.57,6,31.67,34.67,7,362.57,356.43,DELAY_CARRIER|DELAY_NAS|DELAY_LATE_AIRCRAFT
PRC,5,45,-7.02,-8.44,10,29.8,31.8,7,244.0,241.14,DELAY_WEATHER|DELAY_CARRIER|DELAY_LATE_AIRCRAFT
PRC,6,45,-5.4,-9.24,6,35.17,31.33,9,104.22,110.89,DELAY_CARRIER|DELAY_LATE_AIRCRAFT|DELAY_WEATHER
PRC,7,48,-4.08,-10.69,7,35.14,28.14,7,127.29,125.71,DELAY_CARRIER|DELAY_LATE_AIRCRAFT
PRC,8,36,-7.17,-12.33,9,28.67,29.44,17,276.65,271.71,DELAY_CARRIER|DELAY_LATE_AIRCRAFT|DELAY_NAS
PRC,9,54,-7.28,-10.54,4,27.25,19.5,1,179.0,177.0,DELAY_CARRIER|DELAY_LATE_AIRCRAFT|DELAY_WEATHER
PRC,10,55,-7.13,-10.73,3,37.0,33.0,4,442.25,444.75,DELAY_CARRIER|DELAY_LATE_AIRCRAFT
PRC,11,48,-7.17,-10.62,6,46.67,45.0,4,118.75,107.5,DELAY_CARRIER|DELAY_LATE_AIRCRAFT|CANC_WEATHER
PRC,12,51,-7.27,-11.43,4,44.75,32.5,7,136.43,132.71,DELAY_CARRIER|DELAY_LATE_AIRCRAFT
PSC,1,270,-3.85,-7.9,40,29.18,32.08,51,177.12,174.27,DELAY_WEATHER|DELAY_CARRIER|DELAY_NAS
PSC,2,308,-5.36,-10.84,27,32.67,30.33,14,169.93,159.57,DELAY_CARRIER|DELAY_NAS|DELAY_LATE_AIRCRAFT
PSC,3,358,-5.43,-11.11,21,35.05,30.38,10,110.9,113.7,DELAY_CARRIER|DELAY_NAS|DELAY_LATE_AIRCRAFT
PSC,4,357,-5.95,-10.42,34,28.44,25.53,9,107.56,103.78,DELAY_CARRIER|DELAY_NAS|DELAY_LATE_AIRCRAFT
PSC,5,380,-4.63,-9.79,30,28.9,24.4,15,117.6,115.07,DELAY_CARRIER|DELAY_NAS|DELAY_LATE_AIRCRAFT
PSC,6,352,-3.85,-8.03,39,29.21,27.85,18,154.89,147.44,DELAY_CARRIER|DELAY_LATE_AIRCRAFT|DELAY_NAS
PSC,7,391,-3.63,-8.27,49,30.33,27.76,18,300.67,300.61,DELAY_CARRIER|DELAY_NAS|DELAY_LATE_AIRCRAFT
PSC,8,368,-3.85,-6.65,39,30.74,32.85,16,121.81,122.5,DELAY_CARRIER|DELAY_NAS|DELAY_LATE_AIRCRAFT
PSC,9,374,-4.84,-9.15,28,33.11,27.07,20,160.05,157.3,DELAY_CARRIER|DELAY_WEATHER|DELAY_LATE_AIRCRAFT
PSC,10,453,-4.62,-11.16,25,30.84,23.8,22,95.18,85.05,DELAY_CARRIER|DELAY_LATE_AIRCRAFT|DELAY_NAS
PSC,11,439,-3.82,-10.89,44,30.16,22.43,15,137.6,132.93,DELAY_CARRIER|DELAY_NAS|DELAY_LATE_AIRCRAFT
PSC,12,479,-3.82,-10.13,47,30.89,24.28,38,184.45,174.32,DELAY_CARRIER|DELAY_NAS|DELAY_WEATHER
PSE,1,75,-7.89,-11.17,7,31.29,29.86,9,189.78,194.67,DELAY_LATE_AIRCRAFT|DELAY_CARRIER|DELAY_NAS
PSE,2,72,-10.68,-11.76,12,40.67,38.42,0,,,DELAY_LATE_AIRCRAFT|DELAY_CARRIER|DELAY_NAS
PSE,3,90,-9.4,-12.58,13,26.92,23.38,9,133.89,133.11,DELAY_LATE_AIRCRAFT|DELAY_CARRIER|DELAY_NAS
PSE,4,98,-11.04,-19.13,7,39.57,28.86,7,96.29,91.71,DELAY_LATE_AIRCRAFT|DELAY_NAS|DELAY_CARRIER
PSE,5,72,-8.44,-20.56,14,33.21,26.36,6,98.83,87.0,DELAY_LATE_AIRCRAFT|CANC_WEATHER|DELAY_NAS
PSE,6,57,-7.44,-13.11,12,38.75,31.67,10,158.0,144.9,DELAY_LATE_AIRCRAFT|DELAY_NAS|DELAY_CARRIER
PSE,7,66,-6.36,-10.21,11,33.55,25.82,12,107.92,97.0,DELAY_LATE_AIRCRAFT|DELAY_CARRIER|CANC_CARRIER
PSE,8,48,-4.69,-10.04,9,32.67,28.22,15,117.47,111.47,DELAY_LATE_AIRCRAFT|CANC_WEATHER|CANC_CARRIER
PSE,9,46,-7.96,-8.59,2,30.0,16.5,1,75.0,69.0,DELAY_LATE_AIRCRAFT|DELAY_NAS
PSE,10,31,-7.48,-5.39,2,18.5,21.5,1,79.0,58.0,CANC_WEATHER|DELAY_LATE_AIRCRAFT|DELAY_NAS
PSE,11,30,-7.53,-17.03,1,36.0,27.0,1,71.0,69.0,DELAY_CARRIER|DELAY_LATE_AIRCRAFT
PSE,12,60,-6.45,-12.05,11,28.0,23.45,6,203.5,198.17,DELAY_LATE_AIRCRAFT|DELAY_NAS|CANC_WEATHER
PSG,1,44,-11.73,-11.16,10,37.0,47.2,2,88.0,86.0,DELAY_LATE_AIRCRAFT|CANC_WEATHER|DELAY_CARRIER
PSG,2,49,-15.78,-17.1,4,32.25,29.5,1,211.0,211.0,DELAY_LATE_AIRCRAFT|CANC_WEATHER|CANC_CARRIER
PSG,3,57,-12.07,-11.56,3,36.0,39.0,2,120.0,116.5,DELAY_LATE_AIRCRAFT|DELAY_NAS
PSG,4,52,-9.29,-10.98,6,33.67,39.83,1,80.0,75.0,DELAY_LATE_AIRCRAFT
PSG,5,48,-8.19,-8.71,11,27.91,29.18,3,186.67,183.0,DELAY_LATE_AIRCRAFT|DELAY_CARRIER
PSG,6,51,-5.14,-7.63,7,30.29,27.71,2,94.5,97.0,DELAY_LATE_AIRCRAFT|DELAY_CARRIER|DELAY_NAS
PSG,7,55,-5.75,-6.78,6,34.17,32.0,0,,,DELAY_LATE_AIRCRAFT|CANC_WEATHER|DELAY_CARRIER
PSG,8,48,-7.23,-9.29,10,30.0,28.4,3,137.67,147.0,DELAY_LATE_AIRCRAFT|CANC_WEATHER|DELAY_CARRIER
PSG,9,53,-8.13,-10.02,5,22.4,18.0,1,209.0,207.0,DELAY_LATE_AIRCRAFT|DELAY_NAS|CANC_CARRIER
PSG,10,56,-11.54,-13.18,3,42.33,48.67,2,117.5,117.0,DELAY_LATE_AIRCRAFT|CANC_WEATHER
PSG,11,54,-13.31,-15.09,2,39.5,49.5,1,234.0,231.0,DELAY_CARRIER|DELAY_LATE_AIRCRAFT
PSG,12,51,-13.02,-14.27,1,36.0,30.0,5,107.0,111.0,DELAY_LATE_AIRCRAFT|CANC_WEATHER|DELAY_NAS
PSM,1,15,-9.2,-14.2,4,28.75,15.5,4,296.5,312.25,DELAY_CARRIER|DELAY_LATE_AIRCRAFT|DELAY_NAS
PSM,2,29,-4.62,-21.62,4,24.5,1.0,1,1075.0,1048.0,DELAY_CARRIER|DELAY_NAS
PSM,3,23,-8.57,-22.09,2,38.0,45.0,4,170.0,164.0,DELAY_NAS|DELAY_LATE_AIRCRAFT
PSM,4,44,-13.02,-36.86,5,24.0,16.8,3,122.67,154.33,DELAY_NAS|CANC_NAS|DELAY_CARRIER
PSM,5,22,-3.18,-12.09,2,43.0,39.5,3,164.0,172.67,DELAY_CARRIER|DELAY_NAS|CANC_WEATHER
PSM,6,20,-9.55,-14.9,3,45.0,56.0,3,134.0,127.33,DELAY_LATE_AIRCRAFT|DELAY_NAS|CANC_WEATHER
PSM,7,23,-6.26,2.65,4,47.25,43.75,4,155.0,144.5,DELAY_LATE_AIRCRAFT|DELAY_NAS|DELAY_CARRIER
PSM,8,19,-7.84,-15.05,1,35.0,18.0,5,375.0,371.2,DELAY_LATE_AIRCRAFT|DELAY_WEATHER|DELAY_CARRIER
PSM,9,17,-6.82,-20.12,3,28.33,7.67,2,138.0,126.5,DELAY_LATE_AIRCRAFT|DELAY_NAS|DELAY_WEATHER
PSM,10,21,-4.14,1.48,1,46.0,35.0,1,110.0,105.0,DELAY_NAS|CANC_WEATHER|DELAY_CARRIER
PSM,11,27,-10.59,-14.22,2,28.5,11.0,0,,,DELAY_LATE_AIRCRAFT
PSM,12,36,-11.81,-19.81,4,41.25,21.0,3,114.67,105.33,DELAY_LATE_AIRCRAFT|DELAY_CARRIER|DELAY_NAS
PSP,1,1130,-4.66,-8.29,144,32.62,30.03,98,130.89,126.18,DELAY_LATE_AIRCRAFT|DELAY_NAS|DELAY_CARRIER
PSP,2,1120,-3.74,-9.09,188,31.28,24.68,100,156.35,155.49,DELAY_NAS|DELAY_CARRIER|DELAY_LATE_AIRCRAFT
PSP,3,1318,-3.08,-6.76,267,31.75,28.78,120,153.82,152.1,DELAY_NAS|DELAY_LATE_AIRCRAFT|DELAY_CARRIER
PSP,4,1305,-4.08,-7.99,197,31.06,30.37,99,152.03,149.05,DELAY_NAS|DELAY_LATE_AIRCRAFT|DELAY_CARRIER
PSP,5,913,-4.24,-8.04,147,33.33,30.02,74,147.82,148.77,DELAY_LATE_AIRCRAFT|DELAY_NAS|DELAY_CARRIER
PSP,6,548,-4.28,-5.86,69,33.75,29.78,37,120.78,121.49,DELAY_LATE_AIRCRAFT|DELAY_CARRIER|DELAY_NAS
PSP,7,489,-4.01,-6.61,68,33.31,32.41,39,139.97,138.46,DELAY_CARRIER|DELAY_NAS|DELAY_LATE_AIRCRAFT
PSP,8,522,-4.96,-6.93,73,33.78,32.05,32,138.34,140.22,DELAY_CARRIER|DELAY_NAS|DELAY_LATE_AIRCRAFT
PSP,9,620,-5.68,-9.55,69,32.91,32.2,29,103.83,98.93,DELAY_CARRIER|DELAY_NAS|DELAY_LATE_AIRCRAFT
PSP,10,1023,-5.35,-8.78,76,33.84,29.87,42,167.64,166.4,DELAY_CARRIER|DELAY_LATE_AIRCRAFT|DELAY_NAS
PSP,11,1129,-4.6,-8.26,114,30.75,27.46,45,145.76,149.62,DELAY_CARRIER|DELAY_LATE_AIRCRAFT|DELAY_NAS
PSP,12,1171,-4.48,-9.23,149,30.59,26.89,68,176.29,171.97,DELAY_LATE_AIRCRAFT|DELAY_CARRIER|DELAY_NAS
PVD,1,712,-3.48,-10.01,120,30.49,27.32,91,161.62,166.22,DELAY_LATE_AIRCRAFT|DELAY_NAS|DELAY_CARRIER
PVD,2,813,-3.86,-14.67,74,26.66,19.41,26,164.58,156.15,DELAY_LATE_AIRCRAFT|DELAY_NAS|DELAY_CARRIER
PVD,3,908,-4.36,-12.55,105,31.76,27.13,63,159.73,157.33,DELAY_LATE_AIRCRAFT|DELAY_NAS|DELAY_CARRIER
PVD,4,1034,-3.96,-11.15,101,30.93,24.88,62,168.55,167.39,DELAY_LATE_AIRCRAFT|DELAY_NAS|DELAY_CARRIER
PVD,5,954,-3.46,-10.69,162,32.15,25.49,116,169.3,167.01,DELAY_LATE_AIRCRAFT|DELAY_NAS|DELAY_CARRIER
PVD,6,1004,-3.88,-10.39,156,30.26,24.7,105,203.89,200.71,DELAY_LATE_AIRCRAFT|DELAY_NAS|DELAY_CARRIER
PVD,7,926,-2.66,-7.27,188,31.97,29.85,166,188.19,185.64,DELAY_LATE_AIRCRAFT|DELAY_NAS|DELAY_CARRIER
PVD,8,1048,-3.14,-7.81,174,31.93,32.37,119,176.92,179.06,DELAY_LATE_AIRCRAFT|DELAY_NAS|DELAY_CARRIER
PVD,9,1199,-4.67,-9.75,96,26.79,22.99,50,170.0,164.68,DELAY_NAS|DELAY_LATE_AIRCRAFT|DELAY_CARRIER
PVD,10,1273,-4.05,-12.1,113,29.65,22.43,42,186.07,176.24,DELAY_LATE_AIRCRAFT|DELAY_CARRIER|DELAY_NAS
PVD,11,1218,-4.62,-14.84,88,30.73,17.82,38,136.58,122.21,DELAY_LATE_AIRCRAFT|DELAY_NAS|DELAY_CARRIER
PVD,12,1073,-2.97,-9.74,153,32.39,27.95,73,174.78,169.04,DELAY_LATE_AIRCRAFT|DELAY_NAS|DELAY_CARRIER
PVU,1,137,-5.87,-15.55,17,33.53,21.24,10,173.8,173.1,DELAY_CARRIER|DELAY_NAS|DELAY_WEATHER
PVU,2,144,-6.68,-14.39,8,33.12,21.25,3,178.67,163.33,DELAY_NAS|DELAY_CARRIER|DELAY_LATE_AIRCRAFT
PVU,3,147,-5.99,-7.48,14,37.79,35.36,13,283.46,286.38,DELAY_CARRIER|DELAY_NAS|DELAY_LATE_AIRCRAFT
PVU,4,140,-8.49,-11.69,8,34.5,33.75,8,188.88,186.5,DELAY_NAS|DELAY_CARRIER|DELAY_LATE_AIRCRAFT
PVU,5,142,-5.58,-6.37,14,28.07,20.86,6,134.83,134.0,DELAY_CARRIER|DELAY_NAS|DELAY_LATE_AIRCRAFT
PVU,6,136,-6.12,-6.29,14,32.0,32.21,9,196.11,196.44,DELAY_CARRIER|DELAY_LATE_AIRCRAFT|DELAY_NAS
PVU,7,119,-6.02,-6.22,18,35.0,32.33,20,248.1,246.4,DELAY_CARRIER|DELAY_LATE_AIRCRAFT|DELAY_NAS
PVU,8,133,-7.26,-7.93,9,33.89,33.89,3,115.67,126.33,DELAY_CARRIER|DELAY_NAS|DELAY_LATE_AIRCRAFT
PVU,9,121,-6.74,-10.76,10,32.4,30.6,11,113.36,115.55,DELAY_CARRIER|DELAY_LATE_AIRCRAFT|DELAY_NAS
PVU,10,174,-6.1,-7.19,20,31.85,27.15,23,170.78,176.52,DELAY_CARRIER|DELAY_LATE_AIRCRAFT|DELAY_NAS
PVU,11,202,-4.89,-10.02,35,35.2,28.46,28,195.64,193.54,DELAY_CARRIER|DELAY_NAS|DELAY_LATE_AIRCRAFT
PVU,12,222,-5.06,-10.42,27,33.96,23.89,22,263.91,250.68,DELAY_CARRIER|DELAY_NAS|DELAY_LATE_AIRCRAFT
PWM,1,446,-3.66,-13.44,61,31.52,28.54,49,251.76,256.61,DELAY_LATE_AIRCRAFT|CANC_WEATHER|DELAY_NAS
PWM,2,506,-3.92,-18.49,46,26.46,9.07,17,238.24,226.06,DELAY_LATE_AIRCRAFT|DELAY_CARRIER|DELAY_NAS
PWM,3,507,-3.93,-15.14,44,29.27,20.39,39,176.26,166.26,DELAY_LATE_AIRCRAFT|DELAY_NAS|DELAY_CARRIER
PWM,4,521,-4.19,-10.21,50,33.5,27.08,30,230.67,234.23,DELAY_LATE_AIRCRAFT|DELAY_NAS|DELAY_CARRIER
PWM,5,701,-4.62,-11.63,84,33.44,28.48,54,197.41,190.59,DELAY_LATE_AIRCRAFT|DELAY_CARRIER|DELAY_NAS
PWM,6,969,-3.95,-8.95,150,33.99,33.16,117,172.9,171.32,DELAY_LATE_AIRCRAFT|DELAY_NAS|DELAY_CARRIER
PWM,7,994,-3.13,-6.42,188,32.06,33.97,128,167.23,167.04,DELAY_LATE_AIRCRAFT|DELAY_NAS|DELAY_CARRIER
PWM,8,1079,-2.97,-6.36,201,29.9,31.54,114,168.36,170.38,DELAY_NAS|DELAY_LATE_AIRCRAFT|DELAY_CARRIER
PWM,9,1228,-4.15,-9.36,107,31.56,24.98,55,232.49,226.15,DELAY_LATE_AIRCRAFT|DELAY_NAS|DELAY_CARRIER
PWM,10,1097,-3.27,-11.17,135,31.69,22.7,70,202.63,192.74,DELAY_CARRIER|DELAY_LATE_AIRCRAFT|DELAY_NAS
PWM,11,711,-4.99,-14.73,77,29.58,18.17,37,146.16,134.32,DELAY_LATE_AIRCRAFT|DELAY_NAS|DELAY_CARRIER
PWM,12,647,-4.03,-11.3,82,28.94,18.8,51,247.45,242.76,DELAY_NAS|DELAY_LATE_AIRCRAFT|DELAY_CARRIER
RAP,1,237,-4.92,-13.12,26,37.31,34.62,25,181.84,169.64,DELAY_CARRIER|DELAY_WEATHER|DELAY_LATE_AIRCRAFT
RAP,2,238,-4.49,-11.9,14,33.36,31.07,24,396.67,388.25,DELAY_NAS|CANC_WEATHER|DELAY_LATE_AIRCRAFT
RAP,3,274,-5.46,-13.59,22,31.14,25.95,19,167.32,162.32,DELAY_NAS|DELAY_LATE_AIRCRAFT|DELAY_WEATHER
RAP,4,268,-4.96,-8.68,27,30.59,24.78,16,155.38,153.0,DELAY_NAS|DELAY_CARRIER|DELAY_WEATHER
RAP,5,310,-4.35,-10.09,28,32.11,26.57,37,150.22,145.7,DELAY_LATE_AIRCRAFT|DELAY_NAS|DELAY_CARRIER
RAP,6,394,-3.63,-9.69,80,31.38,26.82,50,173.78,171.72,DELAY_LATE_AIRCRAFT|DELAY_CARRIER|DELAY_NAS
RAP,7,399,-2.72,-4.86,100,33.28,32.09,51,170.92,166.37,DELAY_LATE_AIRCRAFT|DELAY_NAS|DELAY_CARRIER
RAP,8,478,-3.54,-6.64,70,31.67,29.31,31,178.52,178.16,DELAY_LATE_AIRCRAFT|DELAY_CARRIER|DELAY_NAS
RAP,9,477,-4.85,-10.03,53,28.26,25.0,16,276.25,270.94,DELAY_CARRIER|DELAY_LATE_AIRCRAFT|DELAY_NAS
RAP,10,452,-4.45,-11.77,28,28.75,18.36,17,136.18,130.18,DELAY_CARRIER|DELAY_NAS|DELAY_LATE_AIRCRAFT
RAP,11,377,-4.53,-8.03,30,30.37,20.9,32,134.47,131.28,DELAY_NAS|DELAY_CARRIER|DELAY_LATE_AIRCRAFT
RAP,12,395,-3.8,-8.64,26,29.08,20.38,33,174.09,165.06,DELAY_CARRIER|DELAY_NAS|DELAY_LATE_AIRCRAFT
RDD,1,84,-6.54,-17.27,4,19.75,4.0,5,207.8,204.4,DELAY_LATE_AIRCRAFT|DELAY_CARRIER|DELAY_NAS
RDD,2,76,-5.43,-11.2,7,38.0,31.71,3,143.33,140.0,DELAY_CARRIER|DELAY_LATE_AIRCRAFT|DELAY_NAS
RDD,3,103,-5.74,-8.69,3,32.33,25.33,2,246.0,238.5,DELAY_CARRIER|DELAY_NAS|CANC_WEATHER
RDD,4,105,-5.3,-7.4,6,35.5,33.0,2,109.0,105.0,DELAY_CARRIER|DELAY_NAS|DELAY_LATE_AIRCRAFT
RDD,5,100,-5.36,-8.24,12,28.25,35.42,5,245.6,243.8,DELAY_NAS|DELAY_LATE_AIRCRAFT|DELAY_CARRIER
RDD,6,92,-4.07,-10.33,16,30.12,24.38,7,206.86,203.29,DELAY_LATE_AIRCRAFT|DELAY_CARRIER|DELAY_NAS
RDD,7,102,-5.24,-9.43,12,38.08,30.67,8,143.25,135.88,DELAY_LATE_AIRCRAFT|DELAY_CARRIER|DELAY_NAS
RDD,8,116,-6.2,-11.16,12,33.33,38.5,9,146.56,137.44,DELAY_LATE_AIRCRAFT|DELAY_CARRIER|DELAY_NAS
RDD,9,128,-6.95,-13.63,15,28.4,33.07,7,216.0,210.14,DELAY_LATE_AIRCRAFT|DELAY_NAS|DELAY_CARRIER
RDD,10,127,-6.65,-10.09,13,34.62,31.77,11,300.45,290.36,DELAY_CARRIER|DELAY_LATE_AIRCRAFT|DELAY_NAS
RDD,11,122,-5.25,-6.57,10,32.6,35.0,9,276.11,276.33,DELAY_CARRIER|DELAY_LATE_AIRCRAFT|DELAY_NAS
RDD,12,120,-5.88,-9.19,13,25.62,26.69,11,157.36,151.55,DELAY_CARRIER|DELAY_LATE_AIRCRAFT|DELAY_NAS
RDM,1,324,-3.5,-7.02,52,30.33,39.81,66,298.48,303.08,CANC_WEATHER|DELAY_CARRIER|DELAY_WEATHER
RDM,2,364,-4.61,-5.34,56,31.0,40.07,48,258.4,260.81,DELAY_NAS|DELAY_CARRIER|DELAY_WEATHER
RDM,3,414,-4.27,-5.2,65,32.75,28.82,39,177.87,175.03,DELAY_NAS|DELAY_CARRIER|DELAY_LATE_AIRCRAFT
RDM,4,380,-5.07,-7.68,35,35.46,36.94,32,212.66,212.91,DELAY_CARRIER|DELAY_NAS|DELAY_LATE_AIRCRAFT
RDM,5,380,-5.56,-10.2,52,33.58,28.92,22,239.41,233.68,DELAY_NAS|DELAY_CARRIER|DELAY_LATE_AIRCRAFT
RDM,6,382,-3.3,-7.0,56,28.68,24.89,31,131.52,129.52,DELAY_CARRIER|DELAY_LATE_AIRCRAFT|DELAY_NAS
RDM,7,375,-2.9,-6.32,83,31.1,27.17,44,169.91,165.57,DELAY_CARRIER|DELAY_LATE_AIRCRAFT|DELAY_NAS
RDM,8,452,-3.62,-4.63,51,32.37,32.02,32,250.78,249.75,DELAY_CARRIER|DELAY_NAS|DELAY_LATE_AIRCRAFT
RDM,9,456,-3.65,-3.93,43,30.42,31.51,30,156.13,158.2,DELAY_CARRIER|DELAY_NAS|DELAY_LATE_AIRCRAFT
RDM,10,435,-4.75,-7.84,36,35.72,32.03,29,129.9,130.72,DELAY_CARRIER|DELAY_LATE_AIRCRAFT|DELAY_NAS
RDM,11,430,-4.93,-10.26,28,33.36,33.96,14,126.79,126.43,DELAY_CARRIER|DELAY_NAS|DELAY_LATE_AIRCRAFT
RDM,12,369,-3.31,-8.79,51,32.49,24.59,39,206.0,201.49,DELAY_CARRIER|CANC_WEATHER|DELAY_LATE_AIRCRAFT
RDU,1,3505,-3.6,-9.12,527,32.44,27.56,333,163.01,160.31,DELAY_LATE_AIRCRAFT|DELAY_NAS|DELAY_CARRIER
RDU,2,3701,-3.81,-10.31,362,29.38,22.59,156,155.93,148.59,DELAY_LATE_AIRCRAFT|DELAY_NAS|DELAY_CARRIER
RDU,3,3889,-2.82,-9.83,603,30.51,23.14,304,178.95,175.69,DELAY_LATE_AIRCRAFT|DELAY_NAS|DELAY_CARRIER
RDU,4,4099,-3.16,-7.69,542,31.0,28.21,330,161.16,158.95,DELAY_LATE_AIRCRAFT|DELAY_NAS|DELAY_CARRIER
RDU,5,4134,-2.61,-5.95,739,32.25,29.74,539,150.78,150.86,DELAY_LATE_AIRCRAFT|DELAY_NAS|DELAY_CARRIER
RDU,6,4104,-2.36,-8.0,800,32.42,28.13,464,158.72,154.06,DELAY_LATE_AIRCRAFT|DELAY_NAS|DELAY_CARRIER
RDU,7,3764,-2.92,-7.72,931,32.71,30.51,715,153.94,152.03,DELAY_LATE_AIRCRAFT|DELAY_CARRIER|DELAY_NAS
RDU,8,3984,-2.99,-8.84,769,32.22,28.1,583,183.63,180.04,DELAY_LATE_AIRCRAFT|DELAY_NAS|DELAY_CARRIER
RDU,9,4287,-4.04,-9.14,471,30.64,24.52,281,170.32,164.77,DELAY_LATE_AIRCRAFT|DELAY_NAS|DELAY_CARRIER
RDU,10,4641,-3.5,-9.82,474,29.97,22.42,193,172.5,165.81,DELAY_NAS|DELAY_LATE_AIRCRAFT|DELAY_CARRIER
RDU,11,4422,-4.36,-10.58,426,31.05,23.33,211,142.91,136.59,DELAY_NAS|DELAY_LATE_AIRCRAFT|DELAY_CARRIER
RDU,12,4032,-2.59,-9.37,650,30.86,22.46,302,129.86,124.63,DELAY_LATE_AIRCRAFT|DELAY_NAS|DELAY_CARRIER
RFD,1,55,-5.55,-9.91,8,32.0,24.62,2,664.0,654.5,DELAY_NAS|DELAY_LATE_AIRCRAFT|DELAY_CARRIER
RFD,2,50,-4.8,-15.46,9,31.56,19.0,4,73.75,73.5,DELAY_NAS|DELAY_CARRIER|DELAY_LATE_AIRCRAFT
RFD,3,65,-8.0,-18.0,15,38.6,41.07,7,289.0,294.29,DELAY_LATE_AIRCRAFT|DELAY_NAS|DELAY_CARRIER
RFD,4,56,-8.8,-22.88,3,39.33,30.0,7,300.71,294.57,DELAY_LATE_AIRCRAFT|DELAY_NAS|DELAY_CARRIER
RFD,5,48,-7.98,-14.81,12,31.92,30.5,5,110.2,114.8,DELAY_LATE_AIRCRAFT|DELAY_NAS|DELAY_CARRIER
RFD,6,55,-6.65,-13.53,11,28.09,26.82,5,209.4,206.6,DELAY_LATE_AIRCRAFT|DELAY_NAS|CANC_CARRIER
RFD,7,52,-1.79,-4.5,12,32.75,27.83,13,134.92,137.85,DELAY_LATE_AIRCRAFT|DELAY_CARRIER|DELAY_NAS
RFD,8,46,-6.93,-11.24,8,35.0,28.75,10,116.9,117.1,DELAY_LATE_AIRCRAFT|DELAY_CARRIER|DELAY_NAS
RFD,9,56,-6.62,-13.43,3,27.0,15.33,6,565.0,565.67,DELAY_NAS|DELAY_CARRIER|DELAY_LATE_AIRCRAFT
RFD,10,47,-4.23,-11.83,12,32.75,34.08,6,132.33,129.67,DELAY_LATE_AIRCRAFT|CANC_WEATHER|DELAY_CARRIER
RFD,11,44,-6.27,-8.98,10,26.9,26.0,2,213.0,208.0,DELAY_LATE_AIRCRAFT|DELAY_NAS|DELAY_CARRIER
RFD,12,64,-3.56,-11.97,9,30.67,21.56,8,285.75,281.88,DELAY_LATE_AIRCRAFT|DELAY_CARRIER|DELAY_NAS
RHI,1,51,-5.12,-18.84,5,28.4,12.0,4,133.0,115.75,DELAY_CARRIER|CANC_WEATHER|DELAY_NAS
RHI,2,53,-8.77,-21.23,2,25.0,28.0,3,172.0,149.0,DELAY_CARRIER|DELAY_NAS|DELAY_WEATHER
RHI,3,55,-6.45,-31.4,2,26.0,-2.5,3,83.67,61.67,CANC_WEATHER|DELAY_CARRIER|DELAY_NAS
RHI,4,55,-9.4,-28.38,4,30.5,12.5,1,234.0,224.0,DELAY_WEATHER|DELAY_CARRIER
RHI,5,65,-8.2,-22.54,2,45.0,32.5,3,117.67,105.33,DELAY_CARRIER|DELAY_WEATHER
RHI,6,58,-6.55,-1.17,12,34.83,49.25,12,152.25,153.17,DELAY_CARRIER|DELAY_NAS|DELAY_WEATHER
RHI,7,59,-3.08,-6.78,20,36.5,43.95,11,119.73,116.82,DELAY_CARRIER|DELAY_WEATHER|DELAY_NAS
RHI,8,70,-5.09,-7.94,19,33.95,34.89,3,145.33,144.67,DELAY_CARRIER|DELAY_WEATHER|DELAY_NAS
RHI,9,63,-7.86,-18.6,4,20.75,21.75,2,266.0,259.0,DELAY_WEATHER|DELAY_NAS|DELAY_CARRIER
RHI,10,55,-7.8,-28.91,3,31.33,18.67,4,118.0,95.0,DELAY_CARRIER
RHI,11,52,-8.6,-28.38,4,36.5,23.75,3,83.33,69.0,DELAY_CARRIER|DELAY_WEATHER
RHI,12,42,-6.76,-23.93,6,30.83,20.5,10,233.1,231.4,DELAY_CARRIER|CANC_WEATHER|CANC_CARRIER
RIC,1,1057,-4.42,-7.97,160,32.24,30.02,93,209.28,208.05,DELAY_NAS|DELAY_LATE_AIRCRAFT|DELAY_CARRIER
RIC,2,1087,-3.81,-9.19,126,29.63,22.37,58,178.81,170.64,DELAY_NAS|DELAY_LATE_AIRCRAFT|DELAY_CARRIER
RIC,3,1154,-3.4,-9.16,180,33.17,27.98,103,159.61,157.36,DELAY_LATE_AIRCRAFT|DELAY_NAS|DELAY_CARRIER
RIC,4,1266,-3.84,-8.52,190,31.81,25.17,100,155.27,152.71,DELAY_LATE_AIRCRAFT|DELAY_NAS|DELAY_CARRIER
RIC,5,1348,-3.1,-8.71,243,32.86,27.29,159,177.13,177.58,DELAY_LATE_AIRCRAFT|DELAY_NAS|DELAY_CARRIER
RIC,6,1233,-2.66,-9.64,215,31.37,23.57,146,178.06,173.18,DELAY_LATE_AIRCRAFT|DELAY_CARRIER|DELAY_NAS
RIC,7,1079,-2.27,-8.44,272,33.39,29.52,196,170.47,167.74,DELAY_LATE_AIRCRAFT|DELAY_CARRIER|DELAY_NAS
RIC,8,1151,-2.97,-8.02,214,31.41,26.49,120,162.35,157.87,DELAY_LATE_AIRCRAFT|DELAY_CARRIER|DELAY_NAS
RIC,9,1290,-3.94,-9.08,120,31.07,26.17,53,141.19,140.91,DELAY_NAS|DELAY_LATE_AIRCRAFT|DELAY_CARRIER
RIC,10,1435,-3.92,-10.58,125,31.02,23.32,36,187.28,178.78,DELAY_NAS|DELAY_LATE_AIRCRAFT|DELAY_CARRIER
RIC,11,1290,-4.0,-11.1,129,29.67,19.91,51,128.14,120.12,DELAY_NAS|DELAY_CARRIER|DELAY_LATE_AIRCRAFT
RIC,12,1169,-2.23,-9.34,245,30.62,23.47,97,129.68,123.63,DELAY_LATE_AIRCRAFT|DELAY_CARRIER|DELAY_NAS
RIW,1,34,-6.44,-6.35,0,,,3,199.0,184.0,CANC_WEATHER|DELAY_LATE_AIRCRAFT|DELAY_NAS
RIW,2,28,-7.46,-9.04,5,29.6,19.4,1,321.0,317.0,DELAY_CARRIER|CANC_WEATHER
RIW,3,36,-6.31,-15.47,1,21.0,-3.0,1,529.0,514.0,CANC_WEATHER|DELAY_CARRIER
RIW,4,34,-7.65,-13.21,1,54.0,46.0,4,244.5,247.75,DELAY_CARRIER|DELAY_LATE_AIRCRAFT|DELAY_WEATHER
RIW,5,36,-5.33,-12.86,1,28.0,6.0,2,584.0,584.0,DELAY_NAS|DELAY_LATE_AIRCRAFT
RIW,6,52,-7.02,-12.17,3,31.33,36.0,2,214.0,217.5,DELAY_CARRIER|DELAY_LATE_AIRCRAFT|CANC_NAS
RIW,7,56,-7.07,-9.39,2,44.0,45.5,4,148.5,150.5,DELAY_CARRIER|DELAY_LATE_AIRCRAFT|DELAY_NAS
RIW,8,51,-5.1,-5.31,4,42.75,53.0,7,319.14,324.71,DELAY_LATE_AIRCRAFT|DELAY_NAS|DELAY_CARRIER
RIW,9,53,-5.32,-10.11,2,25.0,20.5,5,162.8,169.8,DELAY_LATE_AIRCRAFT|DELAY_CARRIER|DELAY_NAS
RIW,10,55,-7.25,-4.85,4,22.75,28.0,3,325.67,326.33,DELAY_CARRIER|DELAY_LATE_AIRCRAFT|DELAY_WEATHER
RIW,11,49,-4.59,-7.84,4,22.5,10.75,4,317.25,314.25,DELAY_LATE_AIRCRAFT|DELAY_NAS|CANC_WEATHER
RIW,12,58,-6.31,-16.17,3,21.0,7.33,1,124.0,111.0,DELAY_CARRIER|DELAY_LATE_AIRCRAFT
RKS,1,35,-3.94,-7.29,1,26.0,11.0,2,176.0,176.0,DELAY_NAS|DELAY_LATE_AIRCRAFT|CANC_WEATHER
RKS,2,34,-3.53,-12.5,1,16.0,7.0,2,136.0,128.5,DELAY_CARRIER|DELAY_LATE_AIRCRAFT|DELAY_NAS
RKS,3,34,-3.85,-13.0,0,,,3,321.0,303.0,CANC_WEATHER|CANC_NAS|DELAY_CARRIER
RKS,4,34,-4.74,-12.38,3,23.67,22.0,2,188.0,188.0,DELAY_NAS|DELAY_LATE_AIRCRAFT
RKS,5,34,-4.56,-12.32,1,57.0,55.0,5,369.2,364.2,DELAY_CARRIER|DELAY_NAS|DELAY_LATE_AIRCRAFT
RKS,6,59,-7.12,-9.58,0,,,1,149.0,154.0,DELAY_CARRIER
RKS,7,54,-5.41,-8.85,1,37.0,30.0,6,217.5,218.83,DELAY_CARRIER|DELAY_LATE_AIRCRAFT|CANC_WEATHER
RKS,8,55,-5.47,-8.84,1,37.0,39.0,6,314.0,334.83,DELAY_CARRIER
RKS,9,54,-3.83,-8.96,3,26.67,24.67,3,128.33,135.33,DELAY_CARRIER|DELAY_LATE_AIRCRAFT
RKS,10,53,-4.32,-8.68,2,33.5,20.0,7,454.0,462.0,DELAY_CARRIER|DELAY_LATE_AIRCRAFT|DELAY_NAS
RKS,11,49,-4.53,-15.33,3,38.67,44.0,5,121.2,132.2,DELAY_CARRIER|CANC_WEATHER|DELAY_LATE_AIRCRAFT
RKS,12,53,-4.68,-22.6,6,21.83,11.17,3,378.0,369.33,DELAY_LATE_AIRCRAFT|DELAY_CARRIER|DELAY_WEATHER
RNO,1,1236,-3.4,-10.46,179,29.82,24.17,107,159.72,157.55,DELAY_LATE_AIRCRAFT|DELAY_NAS|DELAY_CARRIER
RNO,2,1157,-2.9,-9.22,150,31.51,28.91,111,169.86,174.49,DELAY_LATE_AIRCRAFT|DELAY_NAS|DELAY_CARRIER
RNO,3,1326,-3.28,-6.52,212,32.26,33.16,122,170.34,172.78,DELAY_NAS|DELAY_LATE_AIRCRAFT|DELAY_CARRIER
RNO,4,1359,-4.41,-8.34,186,31.38,28.62,86,191.33,193.41,DELAY_NAS|DELAY_LATE_AIRCRAFT|DELAY_CARRIER
RNO,5,1405,-3.77,-9.38,173,32.15,27.55,107,165.74,165.12,DELAY_LATE_AIRCRAFT|DELAY_NAS|DELAY_CARRIER
RNO,6,1442,-3.18,-9.0,244,31.52,24.29,102,183.24,177.27,DELAY_LATE_AIRCRAFT|DELAY_CARRIER|DELAY_NAS
RNO,7,1458,-3.06,-7.64,257,31.32,26.8,170,168.22,165.24,DELAY_LATE_AIRCRAFT|DELAY_CARRIER|DELAY_NAS
RNO,8,1555,-3.15,-7.82,244,30.29,24.78,128,138.5,134.29,DELAY_LATE_AIRCRAFT|DELAY_NAS|DELAY_CARRIER
RNO,9,1588,-3.08,-6.77,188,31.44,27.5,88,135.23,130.82,DELAY_LATE_AIRCRAFT|DELAY_NAS|DELAY_CARRIER
RNO,10,1612,-3.61,-7.29,179,31.97,29.32,64,125.06,124.39,DELAY_NAS|DELAY_LATE_AIRCRAFT|DELAY_CARRIER
RNO,11,1505,-4.27,-8.66,134,31.16,29.03,74,176.0,172.19,DELAY_NAS|DELAY_LATE_AIRCRAFT|DELAY_CARRIER
RNO,12,1446,-3.4,-8.22,204,29.81,23.28,102,134.41,128.6,DELAY_LATE_AIRCRAFT|DELAY_CARRIER|DELAY_NAS
ROA,1,181,-4.21,-8.66,29,36.24,38.24,31,202.42,203.29,DELAY_LATE_AIRCRAFT|DELAY_CARRIER|DELAY_NAS
ROA,2,204,-3.56,-6.77,21,28.52,21.95,4,281.0,275.75,DELAY_LATE_AIRCRAFT|DELAY_NAS|DELAY_CARRIER
ROA,3,194,-2.74,-7.35,23,28.35,27.09,7,193.43,184.14,DELAY_LATE_AIRCRAFT|DELAY_NAS|DELAY_CARRIER
ROA,4,188,-4.63,-9.86,26,29.92,28.54,10,302.1,292.6,DELAY_LATE_AIRCRAFT|DELAY_CARRIER|DELAY_NAS
ROA,5,194,-2.3,-7.32,31,30.61,29.03,18,189.11,195.83,DELAY_CARRIER|DELAY_LATE_AIRCRAFT|DELAY_NAS
ROA,6,168,-3.07,-8.03,33,31.94,27.18,27,250.19,246.67,DELAY_CARRIER|DELAY_LATE_AIRCRAFT|DELAY_NAS
ROA,7,156,-2.76,-8.26,32,36.81,40.47,29,154.41,145.79,DELAY_CARRIER|DELAY_LATE_AIRCRAFT|DELAY_NAS
ROA,8,197,-4.69,-9.5,22,27.91,27.5,20,190.25,182.8,DELAY_CARRIER|DELAY_NAS|DELAY_LATE_AIRCRAFT
ROA,9,191,-4.14,-9.43,15,30.2,26.87,10,206.0,199.4,DELAY_CARRIER|DELAY_LATE_AIRCRAFT|DELAY_NAS
ROA,10,234,-5.0,-9.59,34,29.82,27.74,9,254.78,251.44,DELAY_CARRIER|DELAY_LATE_AIRCRAFT|DELAY_NAS
ROA,11,250,-4.25,-8.39,25,28.32,22.28,19,124.74,119.63,DELAY_LATE_AIRCRAFT|DELAY_CARRIER|DELAY_NAS
ROA,12,159,-1.72,-9.94,52,30.38,28.37,30,185.77,175.73,DELAY_LATE_AIRCRAFT|DELAY_CARRIER|CANC_WEATHER
ROC,1,700,-2.47,-9.47,127,31.13,30.08,82,164.89,169.48,DELAY_LATE_AIRCRAFT|DELAY_NAS|DELAY_CARRIER
ROC,2,755,-3.14,-15.55,76,29.5,21.37,45,202.2,196.36,DELAY_LATE_AIRCRAFT|DELAY_NAS|DELAY_CARRIER
ROC,3,814,-3.75,-12.89,75,29.23,22.83,44,150.41,149.61,DELAY_NAS|DELAY_LATE_AIRCRAFT|DELAY_CARRIER
ROC,4,794,-3.58,-10.84,93,29.03,21.08,49,176.27,172.39,DELAY_LATE_AIRCRAFT|DELAY_CARRIER|DELAY_NAS
ROC,5,814,-3.33,-9.66,127,31.53,26.41,73,155.4,153.04,DELAY_LATE_AIRCRAFT|DELAY_NAS|DELAY_CARRIER
ROC,6,787,-3.49,-10.51,125,30.5,23.5,75,144.36,138.55,DELAY_LATE_AIRCRAFT|DELAY_CARRIER|DELAY_NAS
ROC,7,788,-2.14,-7.86,155,30.57,24.72,129,168.71,166.23,DELAY_LATE_AIRCRAFT|DELAY_CARRIER|DELAY_NAS
ROC,8,739,-2.01,-6.29,161,28.41,23.61,110,155.49,154.85,DELAY_LATE_AIRCRAFT|DELAY_NAS|DELAY_CARRIER
ROC,9,917,-4.16,-9.34,83,29.04,23.73,37,176.08,171.7,DELAY_CARRIER|DELAY_NAS|DELAY_LATE_AIRCRAFT
ROC,10,925,-3.87,-10.84,100,27.21,22.23,25,152.32,150.88,DELAY_CARRIER|DELAY_LATE_AIRCRAFT|DELAY_NAS
ROC,11,802,-3.9,-12.06,88,30.31,22.43,32,113.88,106.09,DELAY_LATE_AIRCRAFT|DELAY_CARRIER|DELAY_NAS
ROC,12,713,-1.51,-6.07,167,30.16,24.76,82,153.98,151.56,DELAY_NAS|DELAY_CARRIER|DELAY_LATE_AIRCRAFT
ROW,1,46,-7.11,-10.54,4,34.25,27.5,9,201.89,198.33,DELAY_CARRIER|CANC_WEATHER|DELAY_NAS
ROW,2,52,-2.38,-9.17,0,,,6,229.67,227.17,DELAY_CARRIER|DELAY_WEATHER|DELAY_NAS
ROW,3,49,-2.73,-11.35,8,24.25,16.0,5,152.2,147.0,DELAY_NAS|DELAY_CARRIER|DELAY_LATE_AIRCRAFT
ROW,4,47,-3.55,-8.04,9,28.44,24.78,3,274.67,276.0,DELAY_LATE_AIRCRAFT|DELAY_CARRIER|DELAY_NAS
ROW,5,62,-4.53,-7.73,7,39.71,33.71,11,181.45,174.55,DELAY_CARRIER|CANC_WEATHER|DELAY_WEATHER
ROW,6,65,-4.22,-7.77,11,38.73,38.55,13,267.23,267.85,DELAY_CARRIER|DELAY_WEATHER|DELAY_NAS
ROW,7,67,-4.33,-6.46,8,28.12,20.38,15,205.13,201.0,DELAY_CARRIER|DELAY_LATE_AIRCRAFT|DELAY_WEATHER
ROW,8,75,-5.93,-11.27,6,33.17,27.33,10,304.2,300.9,DELAY_CARRIER|DELAY_NAS|DELAY_WEATHER
ROW,9,74,-4.58,-3.89,9,30.11,31.67,7,167.43,167.0,DELAY_CARRIER|DELAY_WEATHER|DELAY_LATE_AIRCRAFT
ROW,10,67,-4.45,-8.4,13,34.92,32.85,8,222.12,215.75,DELAY_CARRIER|CANC_WEATHER|DELAY_WEATHER
ROW,11,60,-4.27,-6.78,16,29.44,31.88,8,125.12,126.38,DELAY_CARRIER|DELAY_WEATHER|CANC_WEATHER
ROW,12,68,-5.06,-7.62,9,33.89,28.22,8,106.0,102.88,DELAY_CARRIER|CANC_WEATHER|DELAY_LATE_AIRCRAFT
RST,1,73,-4.67,-17.01,2,36.0,23.0,9,133.44,121.11,CANC_WEATHER|DELAY_LATE_AIRCRAFT|DELAY_CARRIER
RST,2,95,-5.56,-19.28,5,27.0,7.4,3,80.33,66.33,DELAY_CARRIER|DELAY_LATE_AIRCRAFT|DELAY_WEATHER
RST,3,131,-5.26,-15.62,13,27.77,23.69,10,160.9,156.9,DELAY_CARRIER|DELAY_LATE_AIRCRAFT|DELAY_NAS
RST,4,100,-3.97,-6.8,15,27.6,21.87,9,187.0,190.56,DELAY_CARRIER|DELAY_LATE_AIRCRAFT|DELAY_NAS
RST,5,109,-4.43,-6.58,16,34.44,32.06,18,134.5,136.17,DELAY_CARRIER|DELAY_WEATHER|DELAY_NAS
RST,6,64,-4.59,-8.25,15,32.0,35.93,15,159.67,159.0,DELAY_CARRIER|DELAY_NAS|DELAY_LATE_AIRCRAFT
RST,7,95,-5.24,-6.33,12,27.25,31.58,15,205.2,211.73,DELAY_LATE_AIRCRAFT|DELAY_CARRIER|DELAY_NAS
RST,8,98,-4.12,-3.43,14,30.5,33.71,4,76.75,88.5,DELAY_LATE_AIRCRAFT|DELAY_NAS|DELAY_CARRIER
RST,9,120,-6.07,-9.69,13,34.15,35.69,5,265.4,258.8,DELAY_CARRIER|DELAY_LATE_AIRCRAFT|DELAY_NAS
RST,10,123,-6.08,-14.24,10,27.6,26.0,2,116.0,105.0,DELAY_CARRIER|DELAY_LATE_AIRCRAFT|DELAY_WEATHER
RST,11,80,-5.16,-10.96,6,33.67,34.17,4,155.25,154.25,DELAY_CARRIER|DELAY_WEATHER|DELAY_SECURITY
RST,12,73,-5.1,-10.84,11,31.82,22.45,15,182.2,174.0,DELAY_CARRIER|DELAY_WEATHER|CANC_WEATHER
RSW,1,2808,-4.19,-10.52,532,32.32,25.33,332,143.68,138.53,DELAY_LATE_AIRCRAFT|DELAY_NAS|DELAY_CARRIER
RSW,2,3180,-4.64,-6.3,400,31.44,28.58,185,157.69,151.81,DELAY_LATE_AIRCRAFT|DELAY_NAS|DELAY_CARRIER
RSW,3,3240,-3.42,-6.88,718,31.65,29.81,475,153.57,151.42,DELAY_LATE_AIRCRAFT|DELAY_NAS|DELAY_CARRIER
RSW,4,2864,-4.12,-8.47,345,30.75,26.14,251,165.97,160.12,DELAY_LATE_AIRCRAFT|DELAY_NAS|DELAY_CARRIER
RSW,5,1957,-3.17,-5.83,352,33.25,33.14,264,134.2,135.73,DELAY_LATE_AIRCRAFT|DELAY_NAS|DELAY_CARRIER
RSW,6,1595,-3.45,-8.82,241,32.35,29.85,196,200.31,195.0,DELAY_LATE_AIRCRAFT|DELAY_NAS|DELAY_CARRIER
RSW,7,1340,-3.23,-7.32,351,33.15,30.43,271,159.79,158.55,DELAY_LATE_AIRCRAFT|DELAY_NAS|DELAY_CARRIER
RSW,8,1379,-4.18,-7.74,262,32.28,30.51,190,191.75,188.96,DELAY_LATE_AIRCRAFT|DELAY_NAS|DELAY_CARRIER
RSW,9,1519,-5.66,-10.25,149,28.77,25.17,65,154.58,148.4,DELAY_LATE_AIRCRAFT|DELAY_NAS|CANC_WEATHER
RSW,10,1950,-6.63,-13.12,149,29.56,21.9,74,169.12,162.32,CANC_WEATHER|DELAY_LATE_AIRCRAFT|DELAY_CARRIER
RSW,11,2539,-5.56,-11.38,202,31.9,26.16,101,139.6,136.43,DELAY_LATE_AIRCRAFT|DELAY_NAS|DELAY_CARRIER
RSW,12,2674,-4.95,-9.68,470,32.37,30.04,352,169.24,166.54,DELAY_LATE_AIRCRAFT|DELAY_NAS|DELAY_CARRIER
SAF,1,107,-7.26,-2.85,8,28.88,44.62,7,137.0,143.71,DELAY_CARRIER|DELAY_NAS|DELAY_WEATHER
SAF,2,105,-8.15,-10.64,4,24.0,21.25,7,188.0,183.0,DELAY_CARRIER|DELAY_LATE_AIRCRAFT|DELAY_WEATHER
SAF,3,105,-6.15,-6.28,11,37.64,37.36,6,160.33,159.0,DELAY_CARRIER|DELAY_LATE_AIRCRAFT|DELAY_WEATHER
SAF,4,135,-6.5,-4.39,16,38.56,35.12,14,319.0,314.21,DELAY_CARRIER|DELAY_NAS|DELAY_LATE_AIRCRAFT
SAF,5,164,-6.24,-9.31,15,35.93,29.6,32,172.88,168.09,DELAY_CARRIER|DELAY_WEATHER|DELAY_LATE_AIRCRAFT
SAF,6,224,-6.38,-10.99,27,34.52,28.33,46,143.35,138.87,DELAY_CARRIER|DELAY_NAS|DELAY_LATE_AIRCRAFT
SAF,7,238,-7.64,-12.03,38,35.24,32.79,28,152.04,145.64,DELAY_CARRIER|DELAY_LATE_AIRCRAFT|DELAY_NAS
SAF,8,253,-7.04,-12.74,25,29.56,26.36,29,142.1,136.66,DELAY_CARRIER|DELAY_LATE_AIRCRAFT|DELAY_WEATHER
SAF,9,280,-7.12,-10.67,27,34.07,31.7,20,118.3,114.85,DELAY_CARRIER|DELAY_LATE_AIRCRAFT|DELAY_NAS
SAF,10,273,-7.55,-15.98,46,33.83,25.3,21,117.52,105.81,DELAY_CARRIER|DELAY_LATE_AIRCRAFT|DELAY_WEATHER
SAF,11,206,-6.45,-13.14,26,31.54,30.5,35,226.49,230.23,DELAY_CARRIER|CANC_WEATHER|DELAY_NAS
SAF,12,228,-5.27,-19.27,28,30.0,15.46,24,205.88,199.0,DELAY_CARRIER|DELAY_LATE_AIRCRAFT|DELAY_WEATHER
SAN,1,5525,-2.78,-7.46,819,30.0,25.36,362,143.32,137.91,DELAY_LATE_AIRCRAFT|DELAY_NAS|CANC_CARRIER
SAN,2,5296,-2.75,-10.01,861,30.84,24.46,350,140.21,134.77,DELAY_LATE_AIRCRAFT|DELAY_NAS|DELAY_CARRIER
SAN,3,5913,-2.24,-7.39,1112,32.1,27.33,479,137.38,133.86,DELAY_LATE_AIRCRAFT|DELAY_NAS|DELAY_CARRIER
SAN,4,6010,-2.35,-8.12,1067,31.12,25.73,459,148.37,146.59,DELAY_LATE_AIRCRAFT|DELAY_NAS|DELAY_CARRIER
SAN,5,6033,-2.24,-7.56,1265,31.92,26.33,536,151.21,146.27,DELAY_LATE_AIRCRAFT|DELAY_NAS|DELAY_CARRIER
SAN,6,6018,-1.42,-4.97,1527,31.61,29.38,666,136.33,135.66,DELAY_LATE_AIRCRAFT|DELAY_NAS|DELAY_CARRIER
SAN,7,6120,-1.83,-4.2,1601,31.74,30.07,802,140.7,139.98,DELAY_LATE_AIRCRAFT|DELAY_NAS|DELAY_CARRIER
SAN,8,6838,-2.7,-4.31,1182,30.53,29.75,453,131.98,131.2,DELAY_LATE_AIRCRAFT|DELAY_NAS|DELAY_CARRIER
SAN,9,6511,-3.08,-6.22,1003,31.63,30.04,391,119.47,118.24,DELAY_LATE_AIRCRAFT|DELAY_NAS|DELAY_CARRIER
SAN,10,6389,-2.57,-3.48,1239,31.9,34.3,628,144.33,147.86,DELAY_LATE_AIRCRAFT|DELAY_NAS|DELAY_CARRIER
SAN,11,6417,-2.89,-7.81,1017,30.54,27.64,427,133.64,132.71,DELAY_LATE_AIRCRAFT|DELAY_NAS|DELAY_CARRIER
SAN,12,5735,-2.19,-5.1,1238,31.97,32.01,886,173.29,176.39,DELAY_LATE_AIRCRAFT|DELAY_NAS|DELAY_CARRIER
SAT,1,2593,-3.3,-8.93,385,32.04,25.62,195,163.34,159.55,DELAY_LATE_AIRCRAFT|DELAY_NAS|DELAY_CARRIER
SAT,2,2640,-4.24,-7.97,273,28.77,24.83,102,163.09,159.12,DELAY_LATE_AIRCRAFT|DELAY_NAS|DELAY_CARRIER
SAT,3,2708,-2.89,-8.88,469,32.14,25.19,218,156.4,153.84,DELAY_LATE_AIRCRAFT|DELAY_NAS|DELAY_CARRIER
SAT,4,2736,-2.99,-9.01,423,30.23,23.9,220,172.84,174.31,DELAY_LATE_AIRCRAFT|DELAY_NAS|DELAY_CARRIER
SAT,5,2610,-1.97,-6.72,509,31.11,27.31,328,158.21,157.18,DELAY_LATE_AIRCRAFT|DELAY_NAS|DELAY_CARRIER
SAT,6,2689,-2.07,-7.09,539,30.82,25.99,288,156.76,151.87,DELAY_LATE_AIRCRAFT|DELAY_CARRIER|DELAY_NAS
SAT,7,2570,-2.22,-6.36,600,31.5,28.54,455,162.39,159.86,DELAY_LATE_AIRCRAFT|DELAY_CARRIER|DELAY_NAS
SAT,8,2974,-4.0,-9.38,392,30.6,26.53,219,154.19,149.74,DELAY_LATE_AIRCRAFT|DELAY_NAS|DELAY_CARRIER
SAT,9,2972,-4.09,-10.14,317,30.76,23.98,146,172.64,164.33,DELAY_LATE_AIRCRAFT|DELAY_CARRIER|DELAY_NAS
SAT,10,3247,-3.45,-9.31,323,29.84,21.51,131,162.5,153.08,DELAY_LATE_AIRCRAFT|DELAY_CARRIER|DELAY_NAS
SAT,11,2930,-3.64,-9.48,293,30.31,23.12,130,162.28,157.2,DELAY_LATE_AIRCRAFT|DELAY_CARRIER|DELAY_NAS
SAT,12,2798,-2.86,-8.61,416,30.15,24.98,210,174.6,172.53,DELAY_LATE_AIRCRAFT|DELAY_CARRIER|DELAY_NAS
SAV,1,1065,-4.16,-11.71,151,32.37,24.77,89,225.03,219.6,DELAY_LATE_AIRCRAFT|DELAY_CARRIER|DELAY_NAS
SAV,2,1163,-4.93,-12.2,95,30.97,23.48,39,155.36,148.59,DELAY_LATE_AIRCRAFT|DELAY_CARRIER|DELAY_NAS
SAV,3,1318,-3.55,-10.05,175,29.63,23.19,80,158.0,153.35,DELAY_LATE_AIRCRAFT|DELAY_NAS|DELAY_CARRIER
SAV,4,1360,-3.3,-7.53,211,29.62,25.19,77,169.0,163.66,DELAY_LATE_AIRCRAFT|DELAY_NAS|DELAY_CARRIER
SAV,5,1329,-2.7,-6.52,274,32.24,27.12,168,158.14,157.45,DELAY_LATE_AIRCRAFT|DELAY_NAS|DELAY_CARRIER
SAV,6,1349,-2.94,-9.41,218,29.6,24.05,100,166.98,162.52,DELAY_LATE_AIRCRAFT|DELAY_CARRIER|DELAY_NAS
SAV,7,1117,-3.07,-8.63,301,32.0,28.45,228,178.59,176.98,DELAY_LATE_AIRCRAFT|DELAY_CARRIER|DELAY_NAS
SAV,8,1228,-3.85,-9.27,185,31.78,27.31,125,166.5,165.28,DELAY_LATE_AIRCRAFT|DELAY_NAS|DELAY_CARRIER
SAV,9,1261,-3.54,-9.48,137,29.97,23.48,81,162.91,159.25,DELAY_LATE_AIRCRAFT|DELAY_CARRIER|DELAY_NAS
SAV,10,1481,-3.59,-9.96,167,29.77,21.96,46,165.54,157.41,DELAY_LATE_AIRCRAFT|DELAY_CARRIER|DELAY_NAS
SAV,11,1367,-3.47,-9.13,163,29.89,25.37,73,159.75,158.34,DELAY_LATE_AIRCRAFT|DELAY_NAS|DELAY_CARRIER
SAV,12,1221,-2.31,-7.0,244,32.03,27.74,118,175.4,172.38,DELAY_LATE_AIRCRAFT|DELAY_NAS|DELAY_CARRIER
SBA,1,448,-5.19,-7.87,52,31.79,27.83,37,150.32,143.78,DELAY_LATE_AIRCRAFT|DELAY_NAS|DELAY_CARRIER
SBA,2,367,-4.59,-9.5,66,30.95,30.06,39,173.13,172.23,DELAY_NAS|DELAY_LATE_AIRCRAFT|DELAY_CARRIER
SBA,3,433,-4.82,-8.85,67,32.57,29.84,51,169.14,172.69,DELAY_NAS|DELAY_LATE_AIRCRAFT|DELAY_CARRIER
SBA,4,413,-4.33,-6.99,62,34.66,33.66,68,252.56,250.56,DELAY_LATE_AIRCRAFT|DELAY_NAS|DELAY_CARRIER
SBA,5,539,-4.84,-9.39,66,33.27,28.67,42,127.21,122.55,DELAY_LATE_AIRCRAFT|DELAY_NAS|DELAY_CARRIER
SBA,6,546,-3.41,-8.66,64,28.95,23.78,40,152.15,146.9,DELAY_LATE_AIRCRAFT|DELAY_CARRIER|DELAY_NAS
SBA,7,619,-4.15,-9.51,62,33.73,30.05,55,166.78,162.64,DELAY_LATE_AIRCRAFT|DELAY_CARRIER|DELAY_NAS
SBA,8,605,-5.2,-9.62,58,27.34,22.24,23,180.96,176.96,DELAY_LATE_AIRCRAFT|DELAY_NAS|DELAY_CARRIER
SBA,9,549,-5.84,-11.56,58,29.53,25.66,29,230.17,223.34,DELAY_LATE_AIRCRAFT|DELAY_CARRIER|DELAY_NAS
SBA,10,551,-5.05,-10.43,60,31.57,26.7,36,206.06,207.08,DELAY_LATE_AIRCRAFT|DELAY_CARRIER|DELAY_NAS
SBA,11,548,-5.25,-12.08,50,30.78,23.3,43,202.0,198.07,DELAY_LATE_AIRCRAFT|DELAY_NAS|DELAY_CARRIER
SBA,12,523,-3.99,-10.25,57,30.16,23.54,42,160.36,153.19,DELAY_LATE_AIRCRAFT|DELAY_CARRIER|DELAY_NAS
SBN,1,308,-4.29,-11.08,73,33.33,35.82,78,187.33,190.0,DELAY_CARRIER|CANC_WEATHER|DELAY_NAS
SBN,2,410,-4.5,-15.92,49,28.45,14.84,25,143.92,133.32,DELAY_CARRIER|DELAY_NAS|DELAY_LATE_AIRCRAFT
SBN,3,459,-4.77,-12.83,52,31.6,21.08,29,165.86,164.07,DELAY_CARRIER|DELAY_NAS|DELAY_LATE_AIRCRAFT
SBN,4,456,-5.23,-11.71,47,28.47,23.15,34,160.59,161.38,DELAY_CARRIER|DELAY_LATE_AIRCRAFT|DELAY_NAS
SBN,5,352,-3.6,-7.89,86,33.51,25.65,85,168.56,165.73,DELAY_CARRIER|DELAY_LATE_AIRCRAFT|DELAY_NAS
SBN,6,385,-5.19,-9.15,61,32.8,22.49,48,163.35,157.42,DELAY_CARRIER|DELAY_LATE_AIRCRAFT|DELAY_NAS
SBN,7,383,-4.51,-5.61,80,31.66,27.36,70,139.66,139.89,DELAY_CARRIER|DELAY_NAS|DELAY_LATE_AIRCRAFT
SBN,8,430,-4.02,-8.58,74,29.5,26.14,65,143.02,138.83,DELAY_CARRIER|DELAY_LATE_AIRCRAFT|DELAY_NAS
SBN,9,483,-5.28,-9.43,61,33.46,25.89,33,167.73,165.24,DELAY_CARRIER|DELAY_LATE_AIRCRAFT|DELAY_NAS
SBN,10,528,-4.94,-13.21,64,29.45,17.69,30,151.63,144.6,DELAY_CARRIER|DELAY_LATE_AIRCRAFT|DELAY_NAS
SBN,11,519,-5.25,-12.47,43,28.74,21.26,42,182.67,176.52,DELAY_CARRIER|DELAY_LATE_AIRCRAFT|DELAY_NAS
SBN,12,480,-4.27,-11.16,83,31.33,28.3,61,171.72,168.9,DELAY_CARRIER|DELAY_LATE_AIRCRAFT|DELAY_NAS
SBP,1,293,-5.97,-9.91,34,35.38,35.88,23,172.04,170.48,DELAY_CARRIER|DELAY_LATE_AIRCRAFT|DELAY_NAS
SBP,2,258,-5.17,-10.82,32,34.94,37.44,26,226.73,225.31,DELAY_NAS|DELAY_CARRIER|DELAY_LATE_AIRCRAFT
SBP,3,320,-4.55,-7.26,32,28.5,26.62,24,149.62,152.0,DELAY_NAS|DELAY_CARRIER|DELAY_LATE_AIRCRAFT
SBP,4,342,-4.06,-6.6,44,32.5,26.43,17,124.24,122.29,DELAY_CARRIER|DELAY_LATE_AIRCRAFT|DELAY_NAS
SBP,5,345,-4.72,-8.27,24,35.88,30.46,29,177.07,179.48,DELAY_LATE_AIRCRAFT|DELAY_CARRIER|DELAY_NAS
SBP,6,344,-4.92,-7.59,45,30.4,28.27,22,152.91,153.73,DELAY_CARRIER|DELAY_LATE_AIRCRAFT|DELAY_NAS
SBP,7,394,-5.24,-7.15,34,34.41,29.29,34,181.32,176.47,DELAY_CARRIER|DELAY_LATE_AIRCRAFT|DELAY_NAS
SBP,8,412,-5.06,-5.92,25,32.48,32.0,34,165.0,166.26,DELAY_CARRIER|DELAY_LATE_AIRCRAFT|DELAY_NAS
SBP,9,414,-4.93,-6.21,39,30.26,28.03,27,266.93,262.33,DELAY_CARRIER|DELAY_LATE_AIRCRAFT|DELAY_NAS
SBP,10,434,-5.77,-7.17,45,31.44,29.29,37,222.57,221.62,DELAY_CARRIER|DELAY_LATE_AIRCRAFT|DELAY_NAS
SBP,11,434,-5.41,-7.71,53,32.62,24.49,25,123.68,119.52,DELAY_CARRIER|DELAY_LATE_AIRCRAFT|DELAY_NAS
SBP,12,384,-5.05,-9.25,43,31.16,24.19,58,172.78,170.74,DELAY_LATE_AIRCRAFT|DELAY_CARRIER|CANC_WEATHER
SCC,1,34,-15.0,-17.71,2,26.5,20.0,4,112.5,119.5,CANC_WEATHER|DELAY_LATE_AIRCRAFT
SCC,2,41,-15.98,-15.17,1,22.0,24.0,3,114.67,119.0,DELAY_LATE_AIRCRAFT|CANC_WEATHER
SCC,3,43,-11.84,-12.72,1,19.0,20.0,2,116.5,117.0,DELAY_LATE_AIRCRAFT|CANC_WEATHER|DELAY_CARRIER
SCC,4,38,-14.92,-15.34,5,39.6,42.4,3,152.33,158.67,DELAY_LATE_AIRCRAFT|CANC_CARRIER|CANC_WEATHER
SCC,5,42,-19.86,-21.81,6,37.33,34.83,1,63.0,59.0,DELAY_LATE_AIRCRAFT|CANC_CARRIER|DELAY_WEATHER
SCC,6,40,-17.55,-19.62,3,37.33,33.67,1,66.0,61.0,DELAY_LATE_AIRCRAFT|CANC_WEATHER|DELAY_CARRIER
SCC,7,46,-16.28,-16.83,2,35.5,26.0,1,185.0,189.0,DELAY_LATE_AIRCRAFT|CANC_WEATHER
SCC,8,42,-13.93,-12.67,5,23.8,23.2,2,157.5,150.0,DELAY_LATE_AIRCRAFT|DELAY_NAS|DELAY_CARRIER
SCC,9,45,-15.04,-18.47,1,35.0,29.0,0,,,DELAY_LATE_AIRCRAFT
SCC,10,42,-17.83,-21.14,4,38.25,42.25,2,251.5,247.5,DELAY_LATE_AIRCRAFT|CANC_WEATHER|DELAY_CARRIER
SCC,11,45,-14.02,-17.2,2,47.0,46.0,0,,,DELAY_CARRIER|DELAY_LATE_AIRCRAFT
SCC,12,40,-14.8,-14.38,2,18.0,16.5,1,126.0,125.0,CANC_WEATHER|DELAY_LATE_AIRCRAFT|DELAY_NAS
SCE,1,17,-6.29,-17.71,3,35.67,31.0,0,,,CANC_WEATHER|DELAY_CARRIER
SCE,2,25,-7.48,-15.4,3,23.33,27.0,1,166.0,167.0,DELAY_CARRIER|CANC_WEATHER|DELAY_WEATHER
SCE,3,59,-6.95,-10.93,2,22.0,10.5,2,116.5,111.5,DELAY_NAS|DELAY_CARRIER|DELAY_LATE_AIRCRAFT
SCE,4,47,-6.66,-6.96,7,37.14,32.0,5,143.2,129.2,DELAY_CARRIER|DELAY_LATE_AIRCRAFT
SCE,5,62,-5.37,-10.37,11,34.27,30.73,10,144.8,142.0,DELAY_LATE_AIRCRAFT|DELAY_NAS|DELAY_CARRIER
SCE,6,60,-6.35,-11.4,9,29.0,27.33,11,151.45,139.36,DELAY_CARRIER|DELAY_LATE_AIRCRAFT|DELAY_WEATHER
SCE,7,30,-8.27,-11.93,2,46.5,70.5,2,91.0,82.5,DELAY_NAS|DELAY_CARRIER|DELAY_WEATHER
SCE,8,36,-6.0,-9.97,5,31.6,33.0,3,73.67,72.33,DELAY_LATE_AIRCRAFT|DELAY_NAS|DELAY_WEATHER
SCE,9,28,-7.96,-10.14,0,,,2,169.5,160.5,DELAY_CARRIER|DELAY_LATE_AIRCRAFT
SCE,10,50,-5.4,-7.12,5,32.6,34.2,4,213.0,211.5,DELAY_LATE_AIRCRAFT|DELAY_CARRIER|DELAY_NAS
SCE,11,29,-6.62,-9.14,5,33.6,36.8,7,172.71,164.43,DELAY_CARRIER|DELAY_LATE_AIRCRAFT
SCE,12,11,-7.45,-11.64,5,29.6,38.6,3,71.67,76.67,DELAY_LATE_AIRCRAFT|DELAY_CARRIER|DELAY_NAS
SCK,1,26,-4.58,-2.85,8,27.25,26.62,5,128.0,129.6,DELAY_LATE_AIRCRAFT|DELAY_NAS|DELAY_CARRIER
SCK,2,33,-5.76,-7.18,1,27.0,15.0,5,202.6,205.4,DELAY_LATE_AIRCRAFT|DELAY_NAS|DELAY_CARRIER
SCK,3,35,-5.69,-1.74,9,37.22,46.56,5,121.6,127.0,DELAY_NAS|DELAY_LATE_AIRCRAFT|DELAY_CARRIER
SCK,4,28,-4.18,-3.21,6,25.5,37.0,2,93.5,94.0,DELAY_LATE_AIRCRAFT|DELAY_CARRIER|DELAY_NAS
SCK,5,34,-5.44,0.82,5,41.0,40.2,2,85.5,81.5,DELAY_NAS|DELAY_LATE_AIRCRAFT
SCK,6,25,-4.64,-2.92,17,32.12,29.82,2,98.0,97.0,DELAY_CARRIER|DELAY_LATE_AIRCRAFT|DELAY_NAS
SCK,7,30,2.1,1.83,12,32.08,32.25,6,456.33,461.5,DELAY_CARRIER|DELAY_LATE_AIRCRAFT|DELAY_NAS
SCK,8,26,-1.42,-2.15,8,37.62,40.88,6,195.0,192.83,DELAY_LATE_AIRCRAFT|DELAY_NAS|DELAY_CARRIER
SCK,9,23,-0.39,-4.61,10,37.2,38.4,6,187.0,186.5,DELAY_CARRIER|DELAY_LATE_AIRCRAFT|DELAY_NAS
SCK,10,29,0.03,-0.38,11,26.82,27.82,5,90.6,83.0,DELAY_CARRIER|DELAY_LATE_AIRCRAFT|DELAY_NAS
SCK,11,23,0.65,-6.26,17,33.12,33.35,0,,,DELAY_LATE_AIRCRAFT|DELAY_CARRIER|DELAY_NAS
SCK,12,24,0.38,-3.21,17,33.59,24.35,12,102.67,101.42,DELAY_LATE_AIRCRAFT|DELAY_CARRIER|DELAY_WEATHER
SDF,1,1379,-4.6,-9.34,192,31.42,29.54,143,183.03,185.2,DELAY_LATE_AIRCRAFT|DELAY_NAS|DELAY_CARRIER
SDF,2,1498,-4.81,-10.86,127,31.44,23.5,51,141.73,142.51,DELAY_NAS|DELAY_LATE_AIRCRAFT|DELAY_CARRIER
SDF,3,1700,-4.64,-10.22,212,32.25,26.18,104,156.78,153.62,DELAY_LATE_AIRCRAFT|DELAY_NAS|DELAY_CARRIER
SDF,4,1740,-4.34,-9.07,196,30.28,25.33,97,136.57,133.96,DELAY_LATE_AIRCRAFT|DELAY_NAS|DELAY_CARRIER
SDF,5,1739,-2.91,-6.45,321,30.94,27.98,195,159.71,161.01,DELAY_LATE_AIRCRAFT|DELAY_NAS|DELAY_CARRIER
SDF,6,1747,-3.95,-9.38,236,30.04,27.23,142,186.38,183.2,DELAY_LATE_AIRCRAFT|DELAY_NAS|DELAY_CARRIER
SDF,7,1591,-3.66,-7.03,300,32.6,31.83,225,174.37,175.04,DELAY_LATE_AIRCRAFT|DELAY_CARRIER|DELAY_NAS
SDF,8,1658,-4.57,-8.48,207,31.05,29.05,137,183.68,180.15,DELAY_LATE_AIRCRAFT|DELAY_NAS|DELAY_CARRIER
SDF,9,1752,-4.51,-8.33,170,31.88,29.55,92,157.8,156.59,DELAY_LATE_AIRCRAFT|DELAY_NAS|DELAY_CARRIER
SDF,10,1958,-4.79,-10.5,139,32.76,23.85,65,182.75,179.37,DELAY_LATE_AIRCRAFT|DELAY_NAS|DELAY_CARRIER
SDF,11,1694,-5.29,-11.34,135,33.42,29.83,69,163.3,161.54,DELAY_NAS|DELAY_CARRIER|DELAY_LATE_AIRCRAFT
SDF,12,1500,-3.88,-10.55,195,30.46,24.99,103,168.84,164.39,DELAY_LATE_AIRCRAFT|DELAY_NAS|DELAY_CARRIER
SEA,1,7928,-1.82,-7.65,1805,31.58,24.66,956,137.17,130.62,DELAY_LATE_AIRCRAFT|DELAY_CARRIER|CANC_CARRIER
SEA,2,9550,-3.47,-7.14,1114,30.35,25.03,385,135.88,132.69,DELAY_NAS|DELAY_CARRIER|DELAY_LATE_AIRCRAFT
SEA,3,10137,-2.58,-6.66,1809,30.75,26.01,611,139.15,135.92,DELAY_CARRIER|DELAY_NAS|DELAY_LATE_AIRCRAFT
SEA,4,10463,-2.58,-6.67,1822,30.59,25.62,602,120.54,116.19,DELAY_CARRIER|DELAY_NAS|DELAY_LATE_AIRCRAFT
SEA,5,10959,-1.66,-6.09,2508,30.6,25.46,771,121.54,116.86,DELAY_LATE_AIRCRAFT|DELAY_CARRIER|DELAY_NAS
SEA,6,11035,-0.8,-6.18,3161,30.01,24.0,884,130.26,122.35,DELAY_LATE_AIRCRAFT|DELAY_CARRIER|DELAY_NAS
SEA,7,11930,-1.19,-4.33,3019,30.21,26.58,941,135.73,131.5,DELAY_LATE_AIRCRAFT|DELAY_CARRIER|DELAY_NAS
SEA,8,11954,-1.4,-3.5,2877,30.35,28.19,981,122.8,120.55,DELAY_LATE_AIRCRAFT|DELAY_CARRIER|DELAY_NAS
SEA,9,11993,-2.23,-4.91,2159,30.08,26.46,585,117.43,112.82,DELAY_CARRIER|DELAY_NAS|DELAY_LATE_AIRCRAFT
SEA,10,11748,-2.94,-6.97,1522,29.51,24.78,417,123.89,118.34,DELAY_CARRIER|DELAY_NAS|DELAY_LATE_AIRCRAFT
SEA,11,10732,-3.3,-9.31,1302,29.19,22.38,364,135.82,130.39,DELAY_CARRIER|DELAY_NAS|DELAY_LATE_AIRCRAFT
SEA,12,9954,-1.99,-9.34,1883,30.27,23.11,659,124.4,118.08,DELAY_CARRIER|DELAY_LATE_AIRCRAFT|DELAY_NAS
SFB,1,594,-7.22,-14.24,90,30.27,25.13,47,149.34,143.85,DELAY_LATE_AIRCRAFT|DELAY_CARRIER|DELAY_NAS
SFB,2,625,-6.04,-5.97,102,32.34,32.03,30,147.1,145.9,DELAY_LATE_AIRCRAFT|DELAY_CARRIER|DELAY_NAS
SFB,3,691,-5.73,-7.65,146,32.27,30.86,72,136.5,138.76,DELAY_LATE_AIRCRAFT|DELAY_CARRIER|DELAY_NAS
SFB,4,633,-6.34,-8.76,68,29.07,29.57,42,205.12,203.14,DELAY_LATE_AIRCRAFT|DELAY_CARRIER|DELAY_NAS
SFB,5,607,-5.17,-7.22,104,29.87,30.35,60,126.5,124.87,DELAY_LATE_AIRCRAFT|DELAY_NAS|DELAY_CARRIER
SFB,6,683,-3.99,-7.6,169,31.17,30.54,104,140.1,138.58,DELAY_LATE_AIRCRAFT|DELAY_CARRIER|DELAY_NAS
SFB,7,712,-3.91,-6.81,168,31.64,31.52,110,131.69,133.75,DELAY_LATE_AIRCRAFT|DELAY_CARRIER|DELAY_NAS
SFB,8,499,-5.36,-9.18,100,33.72,32.07,77,154.65,152.75,DELAY_LATE_AIRCRAFT|DELAY_CARRIER|DELAY_WEATHER
SFB,9,399,-5.57,-10.64,61,32.54,27.49,36,124.5,122.81,DELAY_CARRIER|DELAY_LATE_AIRCRAFT|DELAY_WEATHER
SFB,10,560,-5.0,-9.96,78,27.32,24.13,49,160.0,158.53,CANC_WEATHER|DELAY_CARRIER|DELAY_LATE_AIRCRAFT
SFB,11,559,-6.28,-9.46,105,29.71,32.29,30,98.4,100.47,DELAY_CARRIER|DELAY_LATE_AIRCRAFT|DELAY_NAS
SFB,12,596,-4.02,-7.31,203,32.13,28.86,112,143.14,140.71,DELAY_CARRIER|DELAY_LATE_AIRCRAFT|DELAY_NAS
SFO,1,7460,-2.4,-8.6,1351,31.1,23.29,723,148.0,138.13,DELAY_LATE_AIRCRAFT|DELAY_CARRIER|CANC_CARRIER
SFO,2,6843,-1.97,-10.29,1626,31.44,22.27,964,158.73,150.3,DELAY_LATE_AIRCRAFT|DELAY_CARRIER|DELAY_NAS
SFO,3,7618,-1.85,-7.38,2096,32.84,26.58,1063,136.45,129.77,DELAY_LATE_AIRCRAFT|DELAY_NAS|DELAY_CARRIER
SFO,4,7460,-1.92,-11.34,1953,32.37,24.11,1104,130.06,121.17,DELAY_LATE_AIRCRAFT|DELAY_NAS|DELAY_CARRIER
SFO,5,7787,-1.76,-11.37,2081,32.54,22.01,982,133.82,123.3,DELAY_LATE_AIRCRAFT|DELAY_CARRIER|DELAY_NAS
SFO,6,7556,-1.89,-12.01,1670,31.49,22.71,925,142.67,132.62,DELAY_LATE_AIRCRAFT|DELAY_CARRIER|DELAY_NAS
SFO,7,8797,-2.24,-7.77,1714,31.26,24.72,999,148.73,142.09,DELAY_LATE_AIRCRAFT|DELAY_CARRIER|DELAY_NAS
SFO,8,9367,-2.17,-8.25,1703,31.82,24.88,816,138.95,131.58,DELAY_LATE_AIRCRAFT|DELAY_CARRIER|DELAY_NAS
SFO,9,9766,-3.11,-7.8,1387,31.47,26.95,549,151.52,146.26,DELAY_LATE_AIRCRAFT|DELAY_CARRIER|DELAY_NAS
SFO,10,10484,-3.01,-9.32,1398,30.62,24.45,619,138.53,131.85,DELAY_LATE_AIRCRAFT|DELAY_CARRIER|DELAY_NAS
SFO,11,9439,-2.88,-10.17,1579,31.36,22.99,992,138.86,131.85,DELAY_LATE_AIRCRAFT|DELAY_CARRIER|DELAY_NAS
SFO,12,9285,-2.19,-8.82,1730,32.2,24.39,960,137.49,129.98,DELAY_LATE_AIRCRAFT|DELAY_CARRIER|DELAY_NAS
SGF,1,412,-2.7,-6.43,84,30.77,36.93,78,241.6,258.49,DELAY_NAS|DELAY_LATE_AIRCRAFT|DELAY_CARRIER
SGF,2,474,-3.83,-9.78,52,27.81,17.75,21,93.57,84.71,DELAY_CARRIER|DELAY_NAS|DELAY_LATE_AIRCRAFT
SGF,3,513,-3.67,-9.37,60,30.38,21.63,47,155.11,151.66,DELAY_LATE_AIRCRAFT|DELAY_NAS|DELAY_CARRIER
SGF,4,530,-3.25,-8.47,74,29.16,27.55,51,193.29,197.78,DELAY_LATE_AIRCRAFT|DELAY_NAS|DELAY_CARRIER
SGF,5,501,-1.77,-5.41,115,31.24,31.58,94,164.29,166.93,DELAY_LATE_AIRCRAFT|DELAY_CARRIER|DELAY_NAS
SGF,6,646,-3.17,-7.7,147,30.72,25.4,87,164.2,162.44,DELAY_LATE_AIRCRAFT|DELAY_CARRIER|DELAY_NAS
SGF,7,628,-2.18,-5.37,138,29.5,26.43,104,159.43,158.5,DELAY_LATE_AIRCRAFT|DELAY_CARRIER|DELAY_NAS
SGF,8,707,-3.21,-7.7,124,31.99,27.81,77,181.82,176.1,DELAY_LATE_AIRCRAFT|DELAY_CARRIER|DELAY_NAS
SGF,9,741,-4.12,-8.99,100,29.46,26.77,55,157.13,153.98,DELAY_LATE_AIRCRAFT|DELAY_CARRIER|DELAY_NAS
SGF,10,767,-3.94,-8.66,88,28.92,21.75,40,216.25,207.0,DELAY_CARRIER|DELAY_LATE_AIRCRAFT|DELAY_NAS
SGF,11,654,-3.62,-8.12,76,30.71,26.95,48,160.62,160.02,DELAY_CARRIER|DELAY_LATE_AIRCRAFT|DELAY_NAS
SGF,12,608,-2.0,-6.21,138,32.4,28.11,75,186.08,182.72,DELAY_LATE_AIRCRAFT|DELAY_CARRIER|DELAY_NAS
SGU,1,183,-6.11,-7.56,18,30.61,28.17,6,175.5,167.83,DELAY_CARRIER|DELAY_NAS|DELAY_LATE_AIRCRAFT
SGU,2,170,-5.81,-7.52,16,28.81,25.94,8,202.0,199.25,DELAY_CARRIER|DELAY_NAS|DELAY_LATE_AIRCRAFT
SGU,3,210,-6.56,-11.2,7,28.14,18.29,5,160.2,165.2,DELAY_CARRIER|DELAY_WEATHER|CANC_WEATHER
SGU,4,231,-5.73,-9.8,14,31.29,32.43,9,325.89,324.89,DELAY_CARRIER|DELAY_NAS|DELAY_WEATHER
SGU,5,208,-4.87,-10.13,11,31.36,24.64,10,177.5,175.7,DELAY_CARRIER|DELAY_WEATHER|DELAY_NAS
SGU,6,178,-5.8,-10.47,13,39.38,32.15,13,166.0,158.62,DELAY_CARRIER|DELAY_WEATHER|DELAY_LATE_AIRCRAFT
SGU,7,198,-6.63,-12.82,22,37.5,31.86,14,147.36,137.57,DELAY_CARRIER|DELAY_WEATHER|DELAY_LATE_AIRCRAFT
SGU,8,201,-6.54,-13.95,17,36.41,31.47,17,364.94,362.0,DELAY_CARRIER|DELAY_WEATHER|DELAY_LATE_AIRCRAFT
SGU,9,254,-7.13,-11.98,6,23.0,25.33,5,151.4,141.4,DELAY_CARRIER|DELAY_NAS|DELAY_LATE_AIRCRAFT
SGU,10,309,-7.61,-14.48,26,29.54,26.31,13,145.15,140.46,DELAY_CARRIER|DELAY_NAS|DELAY_LATE_AIRCRAFT
SGU,11,266,-6.84,-16.21,16,33.31,28.06,24,156.92,150.25,DELAY_CARRIER|DELAY_LATE_AIRCRAFT|DELAY_WEATHER
SGU,12,280,-6.46,-15.35,15,36.4,26.67,16,212.31,207.88,DELAY_CARRIER|DELAY_LATE_AIRCRAFT|DELAY_NAS
SHR,1,47,-6.74,-17.74,3,20.0,5.0,6,178.67,168.0,CANC_WEATHER|DELAY_CARRIER|DELAY_LATE_AIRCRAFT
SHR,2,50,-8.06,-17.74,2,35.5,67.0,2,108.5,118.0,CANC_WEATHER|DELAY_CARRIER|DELAY_NAS
SHR,3,58,-7.84,-17.31,1,23.0,3.0,1,112.0,138.0,CANC_WEATHER|DELAY_NAS|DELAY_LATE_AIRCRAFT
SHR,4,59,-8.27,-2.73,0,,,1,403.0,412.0,DELAY_CARRIER
SHR,5,55,-8.44,-7.71,4,32.5,25.25,2,220.0,220.5,DELAY_CARRIER|DELAY_LATE_AIRCRAFT|CANC_WEATHER
SHR,6,54,-7.07,-6.0,3,41.0,38.33,3,214.67,211.33,DELAY_CARRIER|DELAY_LATE_AIRCRAFT
SHR,7,53,-8.34,-6.43,4,45.0,44.5,5,138.4,137.6,DELAY_CARRIER|DELAY_LATE_AIRCRAFT
SHR,8,56,-7.3,-4.91,2,39.5,39.0,3,247.0,261.0,DELAY_NAS|DELAY_CARRIER|DELAY_LATE_AIRCRAFT
SHR,9,55,-6.58,-4.55,2,28.0,25.0,3,259.0,258.0,DELAY_CARRIER
SHR,10,57,-8.16,-5.0,2,34.0,35.5,3,260.67,254.0,DELAY_CARRIER|DELAY_LATE_AIRCRAFT|DELAY_NAS
SHR,11,53,-8.02,-8.17,2,47.0,53.0,2,140.5,134.0,DELAY_CARRIER|CANC_WEATHER
SHR,12,59,-9.08,-12.93,2,18.0,5.5,1,261.0,271.0,DELAY_CARRIER|DELAY_LATE_AIRCRAFT
SHV,1,228,-4.13,-4.93,26,33.81,30.88,26,276.15,280.19,DELAY_LATE_AIRCRAFT|CANC_WEATHER|DELAY_NAS
SHV,2,254,-5.05,-6.51,21,30.38,28.19,10,124.5,118.1,DELAY_LATE_AIRCRAFT|DELAY_NAS|DELAY_CARRIER
SHV,3,274,-4.7,-9.93,32,29.09,23.59,18,139.17,141.61,DELAY_LATE_AIRCRAFT|DELAY_NAS|DELAY_CARRIER
SHV,4,267,-3.28,-8.93,29,27.76,21.55,25,258.32,261.6,DELAY_LATE_AIRCRAFT|DELAY_NAS|CANC_WEATHER
SHV,5,240,-2.26,-6.71,49,31.16,29.92,44,170.09,170.32,DELAY_LATE_AIRCRAFT|DELAY_CARRIER|DELAY_NAS
SHV,6,308,-4.14,-9.5,52,36.42,34.17,35,149.03,145.83,DELAY_LATE_AIRCRAFT|DELAY_CARRIER|DELAY_WEATHER
SHV,7,267,-3.19,-8.6,71,33.7,33.37,52,198.25,191.06,DELAY_LATE_AIRCRAFT|DELAY_CARRIER|DELAY_NAS
SHV,8,345,-4.73,-10.17,34,35.0,29.38,25,154.72,152.8,DELAY_LATE_AIRCRAFT|DELAY_CARRIER|DELAY_NAS
SHV,9,332,-5.04,-10.27,31,32.48,29.87,24,151.92,146.08,DELAY_LATE_AIRCRAFT|DELAY_CARRIER|DELAY_NAS
SHV,10,371,-4.79,-11.11,39,31.69,21.82,8,125.88,120.38,DELAY_LATE_AIRCRAFT|DELAY_CARRIER|DELAY_NAS
SHV,11,377,-5.1,-10.99,25,27.16,21.48,12,189.42,191.33,DELAY_CARRIER|DELAY_NAS|DELAY_LATE_AIRCRAFT
SHV,12,352,-2.8,-8.21,55,31.36,27.09,39,190.72,188.41,DELAY_CARRIER|DELAY_LATE_AIRCRAFT|DELAY_NAS
SIT,1,67,-12.72,-14.42,15,27.67,31.8,4,189.0,197.0,DELAY_LATE_AIRCRAFT|DELAY_CARRIER|CANC_CARRIER
SIT,2,77,-14.14,-14.03,6,34.33,31.5,3,132.33,137.67,DELAY_LATE_AIRCRAFT|DELAY_CARRIER|DELAY_NAS
SIT,3,80,-11.1,-11.41,8,33.12,35.38,1,71.0,77.0,DELAY_LATE_AIRCRAFT|CANC_CARRIER|DELAY_NAS
SIT,4,81,-10.96,-11.78,6,33.83,40.83,2,106.5,108.5,DELAY_CARRIER|DELAY_LATE_AIRCRAFT|DELAY_NAS
SIT,5,109,-9.46,-10.31,12,26.25,21.42,2,173.0,177.0,DELAY_LATE_AIRCRAFT|DELAY_CARRIER|DELAY_NAS
SIT,6,146,-10.29,-8.42,13,34.15,36.23,11,207.27,201.64,DELAY_CARRIER|DELAY_LATE_AIRCRAFT|DELAY_NAS
SIT,7,159,-8.35,-8.53,18,36.11,32.78,8,272.5,272.88,DELAY_LATE_AIRCRAFT|DELAY_CARRIER|DELAY_NAS
SIT,8,132,-7.55,-7.7,20,32.7,29.65,14,192.86,186.14,DELAY_LATE_AIRCRAFT|DELAY_CARRIER|DELAY_WEATHER
SIT,9,111,-9.82,-9.67,12,30.25,32.08,3,119.33,113.33,DELAY_LATE_AIRCRAFT|DELAY_CARRIER|DELAY_NAS
SIT,10,80,-12.07,-13.51,8,40.25,40.12,3,111.33,108.67,DELAY_LATE_AIRCRAFT|DELAY_WEATHER|CANC_CARRIER
SIT,11,79,-11.48,-11.87,8,31.62,35.25,1,113.0,109.0,DELAY_LATE_AIRCRAFT|DELAY_CARRIER|DELAY_NAS
SIT,12,80,-10.75,-10.06,4,38.0,49.5,4,126.0,117.75,DELAY_NAS|DELAY_LATE_AIRCRAFT|DELAY_WEATHER
SJC,1,3155,-3.01,-8.8,444,30.76,24.26,155,121.86,114.31,DELAY_LATE_AIRCRAFT|DELAY_CARRIER|DELAY_NAS
SJC,2,3038,-2.87,-9.71,356,30.92,23.42,124,127.04,120.41,DELAY_LATE_AIRCRAFT|DELAY_CARRIER|DELAY_NAS
SJC,3,3349,-2.58,-7.24,403,30.69,23.99,168,119.48,115.96,DELAY_LATE_AIRCRAFT|DELAY_CARRIER|DELAY_NAS
SJC,4,3398,-2.83,-7.66,389,30.05,23.88,136,132.04,126.18,DELAY_LATE_AIRCRAFT|DELAY_CARRIER|DELAY_NAS
SJC,5,3467,-2.67,-7.84,500,30.93,25.51,189,125.04,118.1,DELAY_LATE_AIRCRAFT|DELAY_CARRIER|DELAY_NAS
SJC,6,3483,-1.9,-6.52,628,29.72,25.11,251,116.69,111.63,DELAY_LATE_AIRCRAFT|DELAY_CARRIER|DELAY_NAS
SJC,7,3627,-2.3,-6.18,533,30.62,26.32,291,126.53,122.51,DELAY_LATE_AIRCRAFT|DELAY_CARRIER|DELAY_NAS
SJC,8,3922,-3.27,-7.9,489,29.79,24.81,169,133.1,127.32,DELAY_LATE_AIRCRAFT|DELAY_NAS|DELAY_CARRIER
SJC,9,3830,-3.77,-7.69,453,31.12,27.43,152,111.7,106.51,DELAY_LATE_AIRCRAFT|DELAY_NAS|DELAY_CARRIER
SJC,10,3856,-3.61,-9.26,486,30.84,24.16,218,127.95,124.6,DELAY_LATE_AIRCRAFT|DELAY_NAS|DELAY_CARRIER
SJC,11,3676,-3.47,-10.44,398,28.79,19.7,143,108.72,101.69,DELAY_LATE_AIRCRAFT|DELAY_CARRIER|DELAY_NAS
SJC,12,3372,-2.66,-9.37,499,30.61,24.08,231,130.26,125.23,DELAY_LATE_AIRCRAFT|DELAY_CARRIER|DELAY_NAS
SJT,1,66,-7.06,-9.45,18,30.11,29.94,7,401.57,396.71,DELAY_LATE_AIRCRAFT|DELAY_WEATHER|DELAY_CARRIER
SJT,2,79,-6.08,-10.37,3,29.0,24.0,5,121.0,119.6,DELAY_LATE_AIRCRAFT|DELAY_NAS|DELAY_CARRIER
SJT,3,81,-6.23,-10.74,7,27.0,23.86,4,89.0,83.0,DELAY_LATE_AIRCRAFT|DELAY_NAS|CANC_WEATHER
SJT,4,71,-5.1,-9.61,8,33.75,27.5,9,127.33,127.22,DELAY_LATE_AIRCRAFT|DELAY_CARRIER|CANC_NAS
SJT,5,64,-5.19,-8.2,8,36.75,41.62,14,219.29,218.14,DELAY_CARRIER|DELAY_LATE_AIRCRAFT|CANC_WEATHER
SJT,6,68,-5.63,-6.1,13,29.23,34.0,6,149.33,152.83,DELAY_CARRIER|DELAY_LATE_AIRCRAFT|DELAY_NAS
SJT,7,73,-4.66,-2.75,8,35.62,31.62,11,136.18,133.36,DELAY_CARRIER|DELAY_NAS|DELAY_LATE_AIRCRAFT
SJT,8,81,-6.01,-6.37,4,28.5,31.0,6,136.67,134.0,DELAY_LATE_AIRCRAFT|DELAY_CARRIER|DELAY_NAS
SJT,9,75,-5.63,-2.19,9,29.67,31.33,5,219.4,213.2,DELAY_CARRIER|DELAY_LATE_AIRCRAFT|DELAY_NAS
SJT,10,82,-5.23,-6.45,8,31.88,26.88,2,98.5,91.5,DELAY_NAS|DELAY_CARRIER|DELAY_LATE_AIRCRAFT
SJT,11,71,-5.46,-4.31,7,29.71,39.71,8,147.62,142.62,DELAY_CARRIER|DELAY_LATE_AIRCRAFT|DELAY_WEATHER
SJT,12,71,-4.52,-11.32,9,30.22,33.89,6,97.5,81.0,DELAY_CARRIER|CANC_WEATHER|DELAY_WEATHER
SJU,1,2168,-2.93,-6.51,513,31.78,28.85,307,166.63,163.11,DELAY_LATE_AIRCRAFT|DELAY_CARRIER|DELAY_NAS
SJU,2,1999,-3.43,-3.66,361,31.99,28.45,213,179.61,175.98,DELAY_LATE_AIRCRAFT|DELAY_NAS|DELAY_CARRIER
SJU,3,2133,-2.57,-2.68,512,31.89,31.13,328,189.08,188.7,DELAY_LATE_AIRCRAFT|DELAY_NAS|DELAY_CARRIER
SJU,4,2345,-3.68,-7.12,336,30.85,26.07,198,171.72,166.29,DELAY_LATE_AIRCRAFT|DELAY_NAS|DELAY_CARRIER
SJU,5,2312,-3.1,-7.0,453,31.46,28.75,276,200.36,193.91,DELAY_LATE_AIRCRAFT|DELAY_NAS|DELAY_CARRIER
SJU,6,2395,-2.66,-6.58,582,31.58,28.23,343,176.13,172.23,DELAY_LATE_AIRCRAFT|DELAY_NAS|DELAY_CARRIER
SJU,7,2460,-2.15,-7.02,618,33.37,27.75,407,165.95,159.9,DELAY_LATE_AIRCRAFT|DELAY_CARRIER|DELAY_NAS
SJU,8,1994,-2.58,-7.75,528,33.08,25.98,408,160.78,156.93,DELAY_LATE_AIRCRAFT|DELAY_CARRIER|DELAY_NAS
SJU,9,1732,-3.58,-10.2,190,29.92,21.11,127,154.03,144.07,DELAY_LATE_AIRCRAFT|DELAY_CARRIER|DELAY_NAS
SJU,10,1891,-4.22,-10.26,260,30.39,22.23,110,175.85,167.25,DELAY_LATE_AIRCRAFT|DELAY_CARRIER|DELAY_NAS
SJU,11,2301,-3.64,-11.59,349,31.56,23.71,161,159.2,151.81,DELAY_LATE_AIRCRAFT|DELAY_CARRIER|DELAY_NAS
SJU,12,2618,-4.01,-7.48,591,31.31,26.88,285,157.91,153.81,DELAY_LATE_AIRCRAFT|DELAY_CARRIER|DELAY_NAS
SLC,1,7421,-2.32,-7.35,1244,31.32,26.33,660,165.74,161.5,DELAY_CARRIER|DELAY_NAS|DELAY_LATE_AIRCRAFT
SLC,2,7484,-2.99,-9.98,857,28.89,22.01,345,134.52,129.14,DELAY_CARRIER|DELAY_NAS|DELAY_LATE_AIRCRAFT
SLC,3,8085,-2.66,-8.06,1064,30.81,27.56,512,148.66,146.2,DELAY_CARRIER|DELAY_NAS|DELAY_LATE_AIRCRAFT
SLC,4,7912,-3.46,-8.99,923,31.55,26.04,468,134.07,129.67,DELAY_CARRIER|DELAY_LATE_AIRCRAFT|DELAY_NAS
SLC,5,7866,-2.77,-7.88,1139,31.47,25.77,554,133.07,129.66,DELAY_CARRIER|DELAY_LATE_AIRCRAFT|DELAY_NAS
SLC,6,7592,-2.62,-7.57,1308,31.76,25.44,643,155.96,148.98,DELAY_CARRIER|DELAY_LATE_AIRCRAFT|DELAY_NAS
SLC,7,7344,-2.58,-6.94,1342,31.24,26.26,897,154.23,148.3,DELAY_CARRIER|DELAY_LATE_AIRCRAFT|DELAY_NAS
SLC,8,7826,-2.95,-6.66,1225,31.59,27.28,663,151.69,146.68,DELAY_CARRIER|DELAY_LATE_AIRCRAFT|DELAY_NAS
SLC,9,8064,-3.81,-8.24,819,30.69,24.86,369,140.27,134.93,DELAY_CARRIER|DELAY_LATE_AIRCRAFT|DELAY_NAS
SLC,10,8403,-4.14,-9.19,722,31.16,25.02,288,147.94,143.01,DELAY_CARRIER|DELAY_NAS|DELAY_LATE_AIRCRAFT
SLC,11,7786,-4.16,-9.67,656,30.41,25.0,327,149.24,144.55,DELAY_CARRIER|DELAY_NAS|DELAY_LATE_AIRCRAFT
SLC,12,7821,-3.14,-10.62,1092,31.47,22.78,529,149.63,142.42,DELAY_CARRIER|DELAY_LATE_AIRCRAFT|DELAY_NAS
SLN,1,42,-8.24,-14.79,6,31.5,26.17,6,145.33,144.33,DELAY_LATE_AIRCRAFT|CANC_WEATHER|DELAY_NAS
SLN,2,52,-10.67,-14.62,4,27.75,25.5,2,64.5,56.0,DELAY_CARRIER|DELAY_LATE_AIRCRAFT|DELAY_WEATHER
SLN,3,52,-9.4,-10.1,3,32.0,34.67,5,139.8,136.8,DELAY_LATE_AIRCRAFT|DELAY_CARRIER|DELAY_NAS
SLN,4,48,-8.62,-14.29,4,48.5,36.25,7,181.29,176.86,DELAY_CARRIER|DELAY_LATE_AIRCRAFT|CANC_WEATHER
SLN,5,37,-6.46,-7.81,5,26.6,21.6,16,243.62,240.69,DELAY_CARRIER|DELAY_LATE_AIRCRAFT|DELAY_NAS
SLN,6,43,-7.79,-14.49,4,41.0,38.5,4,121.5,132.5,DELAY_WEATHER|DELAY_CARRIER|DELAY_LATE_AIRCRAFT
SLN,7,43,-6.05,-14.35,4,29.25,65.75,6,152.67,146.83,DELAY_CARRIER|DELAY_LATE_AIRCRAFT|DELAY_NAS
SLN,8,47,-8.55,-12.3,6,38.67,43.33,6,172.0,164.83,DELAY_LATE_AIRCRAFT|DELAY_CARRIER|CANC_WEATHER
SLN,9,49,-8.57,-13.8,3,31.67,25.0,7,254.86,244.29,DELAY_CARRIER|DELAY_LATE_AIRCRAFT|DELAY_WEATHER
SLN,10,59,-9.03,-11.63,1,16.0,11.0,2,100.5,92.0,DELAY_CARRIER
SLN,11,48,-7.08,-4.88,6,24.67,23.0,4,192.0,197.5,DELAY_CARRIER|CANC_WEATHER|DELAY_LATE_AIRCRAFT
SLN,12,55,-6.62,-5.4,4,42.0,40.0,3,113.0,116.0,DELAY_CARRIER|DELAY_LATE_AIRCRAFT
SMF,1,3401,-2.67,-8.35,474,30.42,23.14,203,128.66,122.23,DELAY_LATE_AIRCRAFT|DELAY_CARRIER|DELAY_NAS
SMF,2,3179,-2.97,-9.17,369,29.4,23.94,143,146.22,142.87,DELAY_LATE_AIRCRAFT|DELAY_CARRIER|DELAY_NAS
SMF,3,3536,-2.29,-6.75,473,30.27,26.2,202,148.84,145.96,DELAY_LATE_AIRCRAFT|DELAY_CARRIER|DELAY_NAS
SMF,4,3616,-2.33,-7.47,537,31.56,25.59,215,118.54,113.87,DELAY_LATE_AIRCRAFT|DELAY_CARRIER|DELAY_NAS
SMF,5,3677,-1.82,-7.05,650,30.65,24.41,273,140.76,136.18,DELAY_LATE_AIRCRAFT|DELAY_CARRIER|DELAY_NAS
SMF,6,3666,-1.3,-6.8,763,30.46,24.2,287,136.44,131.37,DELAY_LATE_AIRCRAFT|DELAY_CARRIER|DELAY_NAS
SMF,7,3839,-1.96,-5.98,746,31.68,28.18,352,162.78,161.8,DELAY_LATE_AIRCRAFT|DELAY_CARRIER|DELAY_NAS
SMF,8,4156,-2.9,-7.78,579,30.85,25.5,274,131.07,125.25,DELAY_LATE_AIRCRAFT|DELAY_CARRIER|DELAY_NAS
SMF,9,4155,-3.1,-8.13,496,29.32,24.33,190,136.93,133.11,DELAY_LATE_AIRCRAFT|DELAY_NAS|DELAY_CARRIER
SMF,10,4263,-3.19,-9.61,521,31.07,25.48,198,134.85,133.12,DELAY_LATE_AIRCRAFT|DELAY_CARRIER|DELAY_NAS
SMF,11,3961,-2.95,-10.03,511,30.36,22.23,163,139.73,137.33,DELAY_LATE_AIRCRAFT|DELAY_CARRIER|DELAY_NAS
SMF,12,3492,-2.17,-9.08,680,30.48,23.16,304,156.2,150.61,DELAY_LATE_AIRCRAFT|DELAY_CARRIER|DELAY_NAS
SMX,1,6,-9.5,-6.67,0,,,3,209.0,200.0,DELAY_LATE_AIRCRAFT|DELAY_CARRIER
SMX,2,7,-7.71,-4.86,0,,,2,185.0,184.0,DELAY_LATE_AIRCRAFT|DELAY_NAS
SMX,3,7,5.14,11.29,1,31.0,45.0,1,159.0,184.0,DELAY_LATE_AIRCRAFT|DELAY_NAS
SMX,4,8,-1.12,-0.75,0,,,0,,,N/D
SMX,5,8,-3.5,-3.88,0,,,1,69.0,85.0,DELAY_LATE_AIRCRAFT
SMX,6,6,-0.67,-4.67,2,28.5,23.5,1,67.0,65.0,DELAY_LATE_AIRCRAFT
SMX,7,5,-1.4,-1.8,1,57.0,68.0,2,150.5,150.0,DELAY_LATE_AIRCRAFT|DELAY_CARRIER
SMX,8,6,-7.17,-10.67,1,22.0,33.0,2,93.5,88.0,DELAY_LATE_AIRCRAFT|DELAY_SECURITY
SMX,9,3,-3.33,-16.0,2,44.5,40.5,4,112.75,112.0,DELAY_LATE_AIRCRAFT|DELAY_WEATHER|DELAY_CARRIER
SMX,10,5,0.6,-8.6,1,31.0,39.0,3,513.67,507.33,DELAY_LATE_AIRCRAFT|DELAY_CARRIER|DELAY_NAS
SMX,11,5,-11.8,-18.4,1,16.0,28.0,3,134.33,126.67,DELAY_NAS|DELAY_CARRIER|DELAY_LATE_AIRCRAFT
SMX,12,7,-3.57,-8.0,2,36.5,34.5,0,,,DELAY_LATE_AIRCRAFT
SNA,1,2962,-3.7,-8.52,442,32.36,26.49,192,163.71,158.5,DELAY_LATE_AIRCRAFT|DELAY_NAS|DELAY_CARRIER
SNA,2,2744,-3.29,-11.37,436,30.46,21.86,192,147.77,142.9,DELAY_LATE_AIRCRAFT|DELAY_NAS|DELAY_CARRIER
SNA,3,2959,-3.0,-8.35,553,31.24,27.84,241,142.58,139.8,DELAY_NAS|DELAY_LATE_AIRCRAFT|DELAY_CARRIER
SNA,4,2864,-3.46,-10.37,491,31.64,25.66,215,151.59,146.94,DELAY_LATE_AIRCRAFT|DELAY_NAS|DELAY_CARRIER
SNA,5,2881,-3.2,-10.24,498,31.63,24.81,260,177.45,169.39,DELAY_LATE_AIRCRAFT|DELAY_NAS|DELAY_CARRIER
SNA,6,2759,-3.05,-9.25,489,31.91,24.57,239,139.94,132.2,DELAY_LATE_AIRCRAFT|DELAY_NAS|DELAY_CARRIER
SNA,7,2851,-3.45,-9.09,463,32.1,25.65,276,180.58,175.61,DELAY_LATE_AIRCRAFT|DELAY_NAS|DELAY_CARRIER
SNA,8,3071,-3.86,-8.42,393,32.21,27.03,202,142.25,139.01,DELAY_LATE_AIRCRAFT|DELAY_NAS|DELAY_CARRIER
SNA,9,3000,-3.82,-9.49,338,30.24,23.76,153,158.19,152.15,DELAY_LATE_AIRCRAFT|DELAY_NAS|DELAY_CARRIER
SNA,10,3136,-4.08,-9.7,374,31.32,24.02,150,151.49,146.23,DELAY_LATE_AIRCRAFT|DELAY_CARRIER|DELAY_NAS
SNA,11,3054,-4.1,-11.37,353,29.33,21.97,145,192.17,187.2,DELAY_LATE_AIRCRAFT|DELAY_NAS|DELAY_CARRIER
SNA,12,2901,-3.67,-9.64,423,30.94,23.63,285,177.94,173.66,DELAY_LATE_AIRCRAFT|DELAY_NAS|DELAY_CARRIER
SPI,1,5,1.2,0.4,5,36.4,36.8,2,97.0,106.5,DELAY_NAS|DELAY_CARRIER|DELAY_LATE_AIRCRAFT
SPI,2,5,4.0,-5.0,3,23.33,19.67,1,71.0,56.0,DELAY_CARRIER|DELAY_LATE_AIRCRAFT|DELAY_NAS
SPI,3,7,0.29,2.57,6,33.5,35.83,1,321.0,314.0,DELAY_NAS|DELAY_CARRIER|DELAY_LATE_AIRCRAFT
SPI,4,7,-2.57,-11.57,1,26.0,7.0,2,208.5,200.0,DELAY_CARRIER|DELAY_LATE_AIRCRAFT
SPI,5,6,-4.67,-13.17,2,22.5,8.5,1,145.0,121.0,DELAY_NAS
SPI,6,5,-3.8,-4.8,1,56.0,38.0,2,153.5,162.0,DELAY_LATE_AIRCRAFT|DELAY_CARRIER
SPI,7,8,3.12,-3.62,0,,,0,,,CANC_CARRIER
SPI,8,3,-9.0,-26.67,1,35.0,142.0,0,,,DELAY_NAS
SPI,10,5,-1.8,-5.4,2,42.0,35.5,1,109.0,215.0,DELAY_NAS|CANC_WEATHER|DELAY_CARRIER
SPI,11,6,-2.33,-2.33,2,40.5,29.5,0,,,DELAY_CARRIER|DELAY_WEATHER
SPI,12,9,-1.44,-8.56,4,27.5,8.25,2,70.5,75.5,DELAY_LATE_AIRCRAFT|DELAY_NAS
SPN,1,30,-14.8,-20.53,1,29.0,28.0,0,,,DELAY_CARRIER
SPN,2,29,-10.69,-15.38,0,,,0,,,N/D
SPN,3,29,-10.9,-15.79,1,29.0,21.0,1,125.0,118.0,DELAY_CARRIER
SPN,4,30,-12.4,-16.97,0,,,0,,,N/D
SPN,5,31,-8.03,-13.71,0,,,0,,,N/D
SPN,6,24,-0.25,-1.54,6,30.83,33.5,0,,,DELAY_CARRIER|DELAY_NAS|DELAY_LATE_AIRCRAFT
SPN,7,27,0.15,-1.78,4,33.25,30.75,0,,,DELAY_CARRIER|DELAY_LATE_AIRCRAFT|DELAY_WEATHER
SPN,8,26,-3.77,-5.0,3,37.67,35.33,2,89.5,97.0,DELAY_LATE_AIRCRAFT
SPN,9,28,-8.21,-8.89,0,,,1,980.0,984.0,CANC_NAS|DELAY_WEATHER
SPN,10,29,-8.97,-11.03,1,23.0,16.0,1,262.0,277.0,DELAY_CARRIER|DELAY_NAS
SPN,11,27,-7.44,-12.07,1,33.0,25.0,1,99.0,94.0,CANC_NAS|DELAY_CARRIER|DELAY_LATE_AIRCRAFT
SPN,12,30,-5.5,-9.13,1,15.0,14.0,0,,,N/D
SPS,1,40,-8.7,-10.45,6,32.67,31.17,11,155.82,152.36,DELAY_CARRIER|DELAY_WEATHER|CANC_WEATHER
SPS,2,53,-7.66,-13.72,3,25.67,32.33,2,166.5,160.5,DELAY_CARRIER|DELAY_NAS|DELAY_WEATHER
SPS,3,54,-6.74,-15.83,5,33.8,31.8,3,224.67,208.33,DELAY_CARRIER|DELAY_WEATHER|DELAY_NAS
SPS,4,46,-7.22,-11.65,4,29.5,23.0,5,205.4,204.8,DELAY_CARRIER|DELAY_WEATHER|CANC_WEATHER
SPS,5,49,-5.1,-6.63,3,44.33,34.67,6,194.17,188.83,DELAY_CARRIER|CANC_WEATHER|DELAY_WEATHER
SPS,6,52,-7.83,-13.65,3,32.33,25.33,4,190.75,187.25,DELAY_WEATHER|DELAY_LATE_AIRCRAFT|CANC_WEATHER
SPS,7,51,-7.98,-8.82,3,38.67,41.67,8,162.88,162.0,DELAY_WEATHER|DELAY_CARRIER|DELAY_NAS
SPS,8,59,-7.69,-11.92,2,29.5,28.5,1,431.0,418.0,DELAY_CARRIER|DELAY_WEATHER
SPS,9,55,-7.65,-9.0,3,33.67,33.33,2,181.5,178.5,DELAY_CARRIER|DELAY_LATE_AIRCRAFT|DELAY_WEATHER
SPS,10,50,-6.9,-13.72,2,31.5,24.5,9,206.0,200.22,DELAY_CARRIER|DELAY_LATE_AIRCRAFT
SPS,11,48,-1.54,-9.98,5,36.6,26.8,4,167.25,157.75,DELAY_CARRIER|DELAY_WEATHER|CANC_WEATHER
SPS,12,51,-2.98,-10.8,7,31.0,34.0,3,122.67,121.67,DELAY_CARRIER|DELAY_LATE_AIRCRAFT|DELAY_NAS
SRQ,1,1176,-4.97,-12.5,208,30.6,22.17,160,173.24,166.03,DELAY_LATE_AIRCRAFT|DELAY_CARRIER|DELAY_NAS
SRQ,2,1324,-5.49,-7.87,137,32.09,24.76,71,172.41,170.0,DELAY_LATE_AIRCRAFT|DELAY_NAS|DELAY_CARRIER
SRQ,3,1491,-4.7,-8.81,239,31.63,24.79,156,173.1,170.49,DELAY_LATE_AIRCRAFT|DELAY_NAS|DELAY_CARRIER
SRQ,4,1335,-4.45,-8.24,145,30.15,26.76,110,167.21,160.83,DELAY_LATE_AIRCRAFT|DELAY_NAS|DELAY_CARRIER
SRQ,5,1021,-3.64,-6.41,175,29.63,31.04,132,166.84,166.72,DELAY_LATE_AIRCRAFT|DELAY_NAS|DELAY_CARRIER
SRQ,6,915,-4.3,-8.56,134,30.19,24.66,92,203.84,199.96,DELAY_LATE_AIRCRAFT|DELAY_CARRIER|DELAY_NAS
SRQ,7,816,-4.73,-7.71,177,33.51,30.95,122,182.97,185.75,DELAY_LATE_AIRCRAFT|DELAY_NAS|DELAY_CARRIER
SRQ,8,738,-4.87,-8.41,119,33.5,31.13,73,155.9,153.08,DELAY_LATE_AIRCRAFT|DELAY_NAS|DELAY_CARRIER
SRQ,9,720,-6.36,-9.6,59,33.64,26.17,35,154.23,144.83,DELAY_LATE_AIRCRAFT|CANC_WEATHER|DELAY_NAS
SRQ,10,773,-7.59,-11.19,55,31.84,29.33,38,185.42,179.39,CANC_WEATHER|CANC_NAS|DELAY_LATE_AIRCRAFT
SRQ,11,1145,-6.89,-10.44,101,33.14,30.69,55,151.89,150.69,DELAY_LATE_AIRCRAFT|DELAY_CARRIER|DELAY_NAS
SRQ,12,1193,-5.56,-9.59,209,30.72,27.74,137,215.33,213.16,DELAY_LATE_AIRCRAFT|DELAY_NAS|DELAY_CARRIER
STC,1,13,-3.38,-8.85,3,34.0,39.33,2,576.0,541.0,DELAY_NAS|DELAY_LATE_AIRCRAFT|DELAY_WEATHER
STC,2,16,-9.31,-21.88,2,18.0,-0.5,3,96.67,81.33,DELAY_LATE_AIRCRAFT|DELAY_SECURITY
STC,3,24,-11.88,-24.83,2,16.5,16.0,1,183.0,174.0,DELAY_NAS|DELAY_WEATHER
STC,4,15,-11.73,-25.87,0,,,0,,,N/D
STC,5,9,-6.56,-6.11,0,,,0,,,DELAY_NAS
STC,6,8,-6.38,-12.5,0,,,0,,,N/D
STC,7,8,-2.88,-20.62,0,,,0,,,CANC_CARRIER
STC,8,3,-5.67,-22.33,1,33.0,13.0,0,,,N/D
STC,10,7,1.14,-13.14,2,36.5,21.5,0,,,DELAY_CARRIER
STC,11,10,-0.7,-11.5,2,23.0,15.0,0,,,DELAY_CARRIER|DELAY_NAS
STC,12,9,3.89,-22.78,5,24.0,6.4,2,189.0,190.0,CANC_WEATHER|DELAY_CARRIER|DELAY_LATE_AIRCRAFT
STL,1,3522,-1.99,-6.67,833,30.5,28.42,346,149.34,152.32,DELAY_LATE_AIRCRAFT|DELAY_CARRIER|DELAY_NAS
STL,2,3891,-2.95,-8.67,506,29.16,25.65,181,147.06,143.13,DELAY_LATE_AIRCRAFT|DELAY_NAS|DELAY_CARRIER
STL,3,4194,-2.24,-8.6,879,30.47,24.79,326,147.59,145.55,DELAY_LATE_AIRCRAFT|DELAY_CARRIER|DELAY_NAS
STL,4,4323,-2.19,-7.97,733,29.95,24.71,343,138.1,134.59,DELAY_LATE_AIRCRAFT|DELAY_CARRIER|DELAY_NAS
STL,5,3958,-1.01,-5.48,1071,30.69,27.63,559,147.94,147.04,DELAY_LATE_AIRCRAFT|DELAY_CARRIER|DELAY_NAS
STL,6,4286,-1.08,-6.54,1064,30.16,25.42,420,132.25,128.78,DELAY_LATE_AIRCRAFT|DELAY_CARRIER|DELAY_NAS
STL,7,3930,-0.78,-5.9,1334,30.5,27.09,639,149.57,146.12,DELAY_LATE_AIRCRAFT|DELAY_CARRIER|DELAY_NAS
STL,8,4508,-2.39,-8.46,785,29.88,24.51,350,145.48,141.6,DELAY_LATE_AIRCRAFT|DELAY_CARRIER|DELAY_NAS
STL,9,4741,-2.95,-8.86,570,29.24,22.99,157,137.45,131.06,DELAY_LATE_AIRCRAFT|DELAY_CARRIER|DELAY_NAS
STL,10,4957,-3.08,-10.66,576,29.57,22.05,176,136.2,127.71,DELAY_LATE_AIRCRAFT|DELAY_CARRIER|DELAY_NAS
STL,11,4523,-3.09,-10.4,552,29.86,24.79,178,149.73,145.99,DELAY_LATE_AIRCRAFT|DELAY_NAS|DELAY_CARRIER
STL,12,4154,-1.5,-9.41,883,30.04,20.85,319,140.44,135.69,DELAY_LATE_AIRCRAFT|DELAY_CARRIER|DELAY_NAS
STS,1,196,-4.58,-5.62,30,27.8,21.47,20,127.35,119.65,DELAY_LATE_AIRCRAFT|DELAY_NAS|DELAY_WEATHER
STS,2,193,-3.96,-4.11,16,29.19,28.44,22,119.14,120.14,DELAY_LATE_AIRCRAFT|DELAY_NAS|DELAY_CARRIER
STS,3,240,-4.52,-1.46,30,31.3,36.5,9,90.44,95.11,DELAY_CARRIER|DELAY_LATE_AIRCRAFT|DELAY_NAS
STS,4,227,-4.0,-2.04,27,30.07,33.85,11,121.0,124.18,DELAY_LATE_AIRCRAFT|DELAY_NAS|DELAY_CARRIER
STS,5,200,-3.23,0.21,26,25.62,24.69,14,252.43,264.07,DELAY_LATE_AIRCRAFT|DELAY_CARRIER|DELAY_NAS
STS,6,218,-2.0,-0.02,45,29.16,29.24,22,211.77,211.45,DELAY_LATE_AIRCRAFT|DELAY_NAS|DELAY_CARRIER
STS,7,264,-3.04,-1.8,30,28.53,32.27,24,135.29,135.62,DELAY_LATE_AIRCRAFT|DELAY_CARRIER|DELAY_NAS
STS,8,281,-3.21,-2.63,43,31.95,33.14,13,89.69,94.77,DELAY_LATE_AIRCRAFT|DELAY_CARRIER|DELAY_NAS
STS,9,287,-3.83,-3.91,36,28.42,32.61,21,98.95,98.57,DELAY_LATE_AIRCRAFT|DELAY_NAS|DELAY_CARRIER
STS,10,280,-3.62,-3.2,44,32.98,34.66,22,167.73,171.09,DELAY_LATE_AIRCRAFT|DELAY_CARRIER|DELAY_NAS
STS,11,289,-2.6,-1.46,70,31.71,28.89,33,128.58,128.67,DELAY_LATE_AIRCRAFT|DELAY_CARRIER|DELAY_NAS
STS,12,287,-3.4,-2.76,59,32.58,30.98,35,133.03,133.74,DELAY_LATE_AIRCRAFT|DELAY_CARRIER|DELAY_NAS
STT,1,443,-7.01,-6.04,61,33.74,37.49,37,186.86,187.51,DELAY_LATE_AIRCRAFT|DELAY_NAS|DELAY_CARRIER
STT,2,385,-7.65,-4.03,65,29.92,29.88,47,222.6,220.68,DELAY_LATE_AIRCRAFT|DELAY_NAS|DELAY_CARRIER
STT,3,470,-6.07,-4.0,69,31.58,32.14,52,391.29,395.6,DELAY_LATE_AIRCRAFT|DELAY_NAS|DELAY_CARRIER
STT,4,414,-5.85,-6.67,74,31.74,29.38,40,157.43,152.7,DELAY_LATE_AIRCRAFT|DELAY_NAS|DELAY_CARRIER
STT,5,394,-4.52,-5.59,82,31.8,29.27,49,248.96,246.98,DELAY_LATE_AIRCRAFT|DELAY_NAS|DELAY_CARRIER
STT,6,352,-5.2,-10.26,94,31.48,26.91,48,134.02,133.06,DELAY_LATE_AIRCRAFT|DELAY_NAS|DELAY_CARRIER
STT,7,341,-4.66,-7.63,81,31.41,27.79,50,230.2,231.5,DELAY_LATE_AIRCRAFT|DELAY_NAS|DELAY_CARRIER
STT,8,283,-7.15,-11.53,62,30.85,33.16,51,192.1,184.75,DELAY_LATE_AIRCRAFT|DELAY_NAS|DELAY_CARRIER
STT,9,195,-9.14,-17.5,19,30.47,25.79,14,220.0,219.64,DELAY_LATE_AIRCRAFT|DELAY_CARRIER|DELAY_NAS
STT,10,227,-9.04,-16.98,29,29.93,19.52,18,225.89,217.56,DELAY_LATE_AIRCRAFT|DELAY_CARRIER|DELAY_NAS
STT,11,314,-7.62,-17.55,28,31.71,24.21,22,170.68,163.59,DELAY_LATE_AIRCRAFT|DELAY_CARRIER|DELAY_NAS
STT,12,387,-7.71,-17.24,70,33.29,24.24,22,225.27,216.64,DELAY_LATE_AIRCRAFT|DELAY_NAS|DELAY_CARRIER
STX,1,108,-7.96,-5.55,26,29.69,33.35,11,388.27,388.82,DELAY_LATE_AIRCRAFT|DELAY_NAS|DELAY_SECURITY
STX,2,114,-8.89,-4.5,12,31.42,40.25,10,99.3,103.6,DELAY_NAS|DELAY_LATE_AIRCRAFT|DELAY_CARRIER
STX,3,119,-5.96,-1.37,16,35.25,32.31,15,510.53,516.73,DELAY_NAS|DELAY_LATE_AIRCRAFT|DELAY_CARRIER
STX,4,82,-7.95,-3.82,15,32.0,33.13,9,129.67,129.67,DELAY_NAS|DELAY_LATE_AIRCRAFT|CANC_NAS
STX,5,79,-6.35,-7.82,13,29.46,26.62,10,127.8,122.9,DELAY_LATE_AIRCRAFT|DELAY_NAS|DELAY_CARRIER
STX,6,59,-3.58,-3.15,27,35.93,33.59,18,293.39,293.94,DELAY_LATE_AIRCRAFT|DELAY_NAS|DELAY_CARRIER
STX,7,54,-4.2,-6.15,22,33.64,30.55,9,114.22,107.56,DELAY_LATE_AIRCRAFT|DELAY_CARRIER|DELAY_NAS
STX,8,31,-3.0,-4.55,21,35.33,32.76,5,97.2,95.8,DELAY_LATE_AIRCRAFT|DELAY_NAS|DELAY_CARRIER
STX,9,36,-7.72,-12.25,10,27.9,19.4,1,62.0,68.0,DELAY_LATE_AIRCRAFT|DELAY_CARRIER|DELAY_NAS
STX,10,35,-8.37,-14.54,6,28.0,20.0,5,597.6,585.6,DELAY_LATE_AIRCRAFT|DELAY_CARRIER|DELAY_NAS
STX,11,56,-5.75,-13.04,15,27.47,18.67,4,93.0,98.25,DELAY_LATE_AIRCRAFT|DELAY_CARRIER|DELAY_NAS
STX,12,95,-5.24,-8.66,17,29.0,24.12,14,281.79,272.43,DELAY_LATE_AIRCRAFT|DELAY_CARRIER|DELAY_NAS
SUN,1,211,-6.68,-10.22,16,30.0,32.44,32,266.03,265.94,DELAY_LATE_AIRCRAFT|DELAY_WEATHER|DELAY_CARRIER
SUN,2,182,-6.96,-8.45,18,34.39,34.0,17,293.65,297.53,DELAY_CARRIER|DELAY_LATE_AIRCRAFT|DELAY_NAS
SUN,3,184,-5.9,-9.42,27,34.3,33.59,12,218.75,216.0,DELAY_NAS|DELAY_LATE_AIRCRAFT|CANC_WEATHER
SUN,4,92,-8.42,-12.49,2,38.0,24.0,5,174.4,183.8,DELAY_CARRIER|DELAY_WEATHER|DELAY_LATE_AIRCRAFT
SUN,5,103,-9.34,-12.01,2,49.5,48.5,3,104.0,101.0,DELAY_CARRIER|DELAY_NAS
SUN,6,140,-8.67,-12.57,5,28.4,35.2,6,151.5,140.0,DELAY_CARRIER|DELAY_LATE_AIRCRAFT|DELAY_NAS
SUN,7,170,-6.21,-14.02,11,38.91,37.18,12,189.92,182.5,DELAY_CARRIER|DELAY_NAS|DELAY_LATE_AIRCRAFT
SUN,8,162,-7.6,-11.07,16,37.19,34.5,16,257.81,253.0,DELAY_CARRIER|DELAY_NAS|DELAY_WEATHER
SUN,9,129,-8.79,-13.02,3,49.67,42.0,5,262.6,270.6,DELAY_CARRIER|DELAY_NAS
SUN,10,104,-8.21,-15.09,3,34.0,25.0,2,102.0,107.0,DELAY_CARRIER|DELAY_LATE_AIRCRAFT|DELAY_NAS
SUN,11,87,-8.39,-12.52,0,,,1,102.0,95.0,DELAY_CARRIER|CANC_WEATHER
SUN,12,173,-7.24,-12.09,14,33.5,41.07,12,151.25,156.0,DELAY_CARRIER|DELAY_NAS|DELAY_WEATHER
SUX,1,40,-3.8,-23.38,6,29.0,24.17,8,181.0,166.5,CANC_WEATHER|DELAY_LATE_AIRCRAFT|DELAY_CARRIER
SUX,2,50,-5.62,-20.56,4,32.75,25.25,3,244.0,234.67,DELAY_CARRIER|DELAY_LATE_AIRCRAFT
SUX,3,52,-5.33,-16.17,4,41.25,27.25,5,163.2,152.6,DELAY_CARRIER|DELAY_LATE_AIRCRAFT|CANC_WEATHER
SUX,4,56,-7.14,-14.5,1,15.0,-6.0,3,75.0,66.67,DELAY_CARRIER|DELAY_LATE_AIRCRAFT|DELAY_NAS
SUX,5,41,-5.24,-8.46,9,27.89,31.78,11,270.36,263.09,DELAY_CARRIER|DELAY_LATE_AIRCRAFT|DELAY_NAS
SUX,6,49,-3.78,-7.08,6,34.33,31.83,5,173.6,188.6,DELAY_CARRIER|DELAY_WEATHER|DELAY_NAS
SUX,7,45,-4.87,-8.02,7,38.14,37.57,10,274.8,264.6,DELAY_CARRIER|DELAY_LATE_AIRCRAFT|DELAY_NAS
SUX,8,48,-6.81,-5.77,8,28.75,28.88,6,151.83,150.5,DELAY_CARRIER|DELAY_NAS|DELAY_LATE_AIRCRAFT
SUX,9,51,-5.47,-2.31,3,23.33,20.0,6,235.33,234.17,DELAY_CARRIER|DELAY_LATE_AIRCRAFT|DELAY_NAS
SUX,10,50,-6.72,-3.34,8,26.38,28.5,4,317.5,307.0,DELAY_CARRIER|DELAY_LATE_AIRCRAFT|DELAY_NAS
SUX,11,50,-7.18,-1.46,2,29.0,57.5,5,172.8,174.4,DELAY_CARRIER|DELAY_NAS|CANC_WEATHER
SUX,12,53,-6.62,-0.6,3,35.33,23.67,3,265.33,254.0,DELAY_CARRIER|CANC_WEATHER|DELAY_WEATHER
SWF,1,24,-9.58,-10.25,3,43.33,35.67,3,465.0,493.0,DELAY_NAS|DELAY_LATE_AIRCRAFT|DELAY_CARRIER
SWF,2,25,-6.04,-23.92,2,43.0,37.5,3,398.33,386.33,DELAY_LATE_AIRCRAFT|DELAY_CARRIER
SWF,3,27,-5.67,-19.85,7,36.14,29.86,2,78.5,81.0,DELAY_NAS|DELAY_LATE_AIRCRAFT|DELAY_CARRIER
SWF,4,28,-5.46,-20.5,5,21.4,4.2,1,210.0,218.0,DELAY_NAS|DELAY_LATE_AIRCRAFT
SWF,5,21,-8.71,-15.33,6,27.67,25.67,2,107.0,110.5,DELAY_LATE_AIRCRAFT|DELAY_CARRIER|DELAY_NAS
SWF,6,22,-5.14,-14.5,6,24.83,26.33,5,131.8,131.0,DELAY_LATE_AIRCRAFT|DELAY_CARRIER|DELAY_WEATHER
SWF,7,30,-5.03,-1.83,7,23.0,20.43,10,163.2,161.4,DELAY_LATE_AIRCRAFT|DELAY_NAS|DELAY_CARRIER
SWF,8,24,-5.79,-11.46,6,21.33,11.17,7,285.29,287.71,DELAY_LATE_AIRCRAFT|DELAY_NAS|DELAY_WEATHER
SWF,9,14,-8.64,-13.0,1,27.0,-5.0,3,286.33,277.33,DELAY_CARRIER|CANC_WEATHER|DELAY_LATE_AIRCRAFT
SWF,10,25,-9.04,-18.52,5,27.0,22.6,2,131.5,127.0,DELAY_LATE_AIRCRAFT|CANC_WEATHER|DELAY_CARRIER
SWF,11,30,-11.0,-24.43,5,25.2,21.8,1,103.0,88.0,DELAY_CARRIER|DELAY_LATE_AIRCRAFT|DELAY_NAS
SWF,12,46,-7.91,-21.28,2,41.0,38.5,7,113.71,102.14,DELAY_LATE_AIRCRAFT|DELAY_CARRIER|DELAY_NAS
SWO,1,49,-7.63,-17.39,2,26.5,26.5,6,273.5,279.33,CANC_WEATHER|DELAY_WEATHER|DELAY_CARRIER
SWO,2,54,-6.72,-16.72,2,41.5,49.0,2,141.5,124.0,DELAY_CARRIER|DELAY_LATE_AIRCRAFT
SWO,3,57,-5.44,-10.63,2,27.5,19.0,2,124.5,126.5,DELAY_CARRIER|DELAY_LATE_AIRCRAFT|DELAY_WEATHER
SWO,4,48,-3.9,-6.75,5,49.4,57.2,6,155.33,165.33,DELAY_LATE_AIRCRAFT|DELAY_NAS|DELAY_CARRIER
SWO,5,47,-7.17,-12.38,2,48.5,37.0,8,282.5,282.62,CANC_WEATHER|DELAY_CARRIER|DELAY_WEATHER
SWO,6,51,-8.18,-13.88,3,27.67,32.67,6,152.83,159.17,DELAY_CARRIER|DELAY_NAS|DELAY_WEATHER
SWO,7,54,-8.52,-10.43,3,34.33,30.67,4,219.75,215.75,DELAY_CARRIER|DELAY_NAS|DELAY_WEATHER
SWO,8,56,-8.36,-8.3,4,27.25,21.5,2,212.0,211.0,DELAY_CARRIER|DELAY_NAS|DELAY_WEATHER
SWO,9,54,-7.81,-6.8,3,19.67,20.33,3,97.0,103.0,DELAY_CARRIER|DELAY_NAS|DELAY_WEATHER
SWO,10,51,-9.65,-13.35,6,30.17,24.5,5,143.6,139.8,DELAY_CARRIER
SWO,11,47,-7.62,-11.77,8,25.62,24.5,3,217.67,223.67,DELAY_CARRIER|DELAY_NAS|DELAY_WEATHER
SWO,12,52,-6.67,-13.67,3,46.33,44.0,3,268.0,260.67,DELAY_CARRIER|CANC_WEATHER
SYR,1,867,-5.38,-14.71,106,33.4,26.16,67,168.58,169.01,DELAY_LATE_AIRCRAFT|DELAY_NAS|DELAY_CARRIER
SYR,2,936,-5.49,-20.46,97,30.45,20.62,57,170.26,166.05,DELAY_LATE_AIRCRAFT|DELAY_NAS|DELAY_CARRIER
SYR,3,977,-4.84,-15.72,118,31.72,24.42,85,156.88,157.44,DELAY_LATE_AIRCRAFT|DELAY_NAS|DELAY_CARRIER
SYR,4,955,-5.1,-11.9,90,28.63,19.26,50,145.08,143.9,DELAY_LATE_AIRCRAFT|DELAY_CARRIER|DELAY_NAS
SYR,5,933,-4.28,-10.29,125,31.46,28.66,82,203.71,203.56,DELAY_LATE_AIRCRAFT|DELAY_CARRIER|DELAY_NAS
SYR,6,981,-4.95,-11.2,122,31.56,26.89,68,141.35,137.31,DELAY_LATE_AIRCRAFT|DELAY_CARRIER|DELAY_NAS
SYR,7,897,-3.45,-8.48,154,30.21,28.54,156,155.56,155.09,DELAY_LATE_AIRCRAFT|DELAY_CARRIER|DELAY_NAS
SYR,8,858,-3.59,-7.55,143,32.02,30.77,82,165.3,168.23,DELAY_LATE_AIRCRAFT|DELAY_NAS|DELAY_CARRIER
SYR,9,918,-5.34,-9.79,74,31.32,25.38,41,160.05,155.76,DELAY_NAS|DELAY_LATE_AIRCRAFT|DELAY_CARRIER
SYR,10,958,-4.93,-12.14,77,32.42,21.61,35,167.31,162.4,DELAY_CARRIER|DELAY_LATE_AIRCRAFT|DELAY_NAS
SYR,11,864,-4.3,-12.46,95,29.47,20.93,38,185.29,176.84,DELAY_CARRIER|DELAY_NAS|DELAY_LATE_AIRCRAFT
SYR,12,806,-2.97,-6.6,147,29.41,27.46,87,142.05,140.09,DELAY_NAS|DELAY_CARRIER|DELAY_LATE_AIRCRAFT
TLH,1,389,-3.96,-6.27,59,31.2,28.54,24,125.62,124.54,DELAY_LATE_AIRCRAFT|DELAY_NAS|DELAY_CARRIER
TLH,2,409,-4.58,-8.06,36,29.25,26.86,28,144.0,138.29,DELAY_LATE_AIRCRAFT|DELAY_CARRIER|DELAY_NAS
TLH,3,421,-4.49,-8.81,67,31.75,28.9,35,124.09,125.23,DELAY_LATE_AIRCRAFT|DELAY_CARRIER|DELAY_NAS
TLH,4,437,-4.99,-9.09,43,31.72,34.74,20,131.7,126.05,DELAY_LATE_AIRCRAFT|DELAY_NAS|DELAY_CARRIER
TLH,5,411,-3.58,-5.91,66,31.27,30.77,61,137.82,143.13,DELAY_LATE_AIRCRAFT|DELAY_CARRIER|DELAY_NAS
TLH,6,421,-3.89,-8.45,66,31.45,27.91,35,186.34,185.09,DELAY_LATE_AIRCRAFT|DELAY_CARRIER|DELAY_NAS
TLH,7,352,-2.6,-5.3,71,36.14,36.41,42,213.52,215.07,DELAY_LATE_AIRCRAFT|DELAY_CARRIER|DELAY_NAS
TLH,8,436,-5.22,-8.26,52,33.29,31.9,42,117.21,115.6,DELAY_LATE_AIRCRAFT|DELAY_CARRIER|DELAY_NAS
TLH,9,450,-5.09,-8.35,34,31.53,27.38,23,161.26,155.61,DELAY_LATE_AIRCRAFT|CANC_WEATHER|DELAY_NAS
TLH,10,506,-6.05,-11.16,30,32.1,28.17,27,105.19,98.89,DELAY_CARRIER|DELAY_LATE_AIRCRAFT|DELAY_NAS
TLH,11,418,-4.75,-8.63,31,30.71,25.45,7,178.43,174.86,DELAY_NAS|DELAY_LATE_AIRCRAFT|DELAY_CARRIER
TLH,12,353,-3.74,-5.95,46,29.91,31.61,38,231.63,231.63,DELAY_CARRIER|DELAY_NAS|DELAY_LATE_AIRCRAFT
TOL,1,29,-6.97,-14.17,8,29.88,32.38,1,120.0,121.0,DELAY_LATE_AIRCRAFT|DELAY_CARRIER|DELAY_NAS
TOL,2,27,-1.78,-16.59,10,30.4,21.9,4,128.75,122.5,DELAY_LATE_AIRCRAFT|DELAY_NAS|DELAY_CARRIER
TOL,3,44,-8.45,-15.43,5,34.0,21.2,9,245.56,241.0,DELAY_LATE_AIRCRAFT|DELAY_NAS|DELAY_CARRIER
TOL,4,29,-11.31,-22.07,7,41.86,28.0,4,232.25,247.0,DELAY_LATE_AIRCRAFT|DELAY_CARRIER|DELAY_NAS
TOL,5,19,-5.84,-10.0,7,29.71,29.86,3,163.33,162.67,DELAY_LATE_AIRCRAFT|DELAY_NAS|DELAY_CARRIER
TOL,6,23,-8.52,-7.83,1,24.0,11.0,2,117.0,116.0,DELAY_NAS|DELAY_LATE_AIRCRAFT|DELAY_WEATHER
TOL,7,20,-7.2,-8.7,4,25.75,32.0,2,158.5,185.0,DELAY_CARRIER|DELAY_NAS|DELAY_LATE_AIRCRAFT
TOL,8,13,-6.77,-7.08,2,36.5,36.5,1,170.0,159.0,DELAY_LATE_AIRCRAFT|DELAY_WEATHER
TOL,9,5,2.2,-7.8,1,57.0,42.0,2,111.0,104.0,DELAY_CARRIER|CANC_WEATHER|DELAY_WEATHER
TOL,10,20,-5.9,-4.95,1,15.0,6.0,2,139.0,135.5,CANC_WEATHER|DELAY_LATE_AIRCRAFT|CANC_CARRIER
TOL,11,21,-5.19,-8.86,5,29.4,23.0,2,72.0,65.0,DELAY_CARRIER|DELAY_LATE_AIRCRAFT
TOL,12,25,-8.16,-17.8,6,33.0,42.17,6,91.83,90.83,DELAY_LATE_AIRCRAFT|DELAY_NAS|DELAY_CARRIER
TPA,1,5176,-2.5,-9.58,938,31.12,23.85,478,146.54,140.0,DELAY_LATE_AIRCRAFT|DELAY_CARRIER|DELAY_NAS
TPA,2,5647,-3.24,-6.74,654,29.86,23.46,229,149.48,145.66,DELAY_LATE_AIRCRAFT|DELAY_NAS|DELAY_CARRIER
TPA,3,5751,-2.3,-5.13,1218,31.67,30.14,926,150.75,151.8,DELAY_LATE_AIRCRAFT|DELAY_NAS|DELAY_CARRIER
TPA,4,5762,-2.47,-6.38,777,30.68,26.27,479,161.38,156.23,DELAY_LATE_AIRCRAFT|DELAY_NAS|DELAY_CARRIER
TPA,5,4956,-1.62,-3.8,995,30.94,30.24,785,157.95,163.23,DELAY_LATE_AIRCRAFT|DELAY_NAS|DELAY_CARRIER
TPA,6,4546,-1.52,-6.52,1005,31.55,27.74,614,144.61,140.5,DELAY_LATE_AIRCRAFT|DELAY_NAS|DELAY_CARRIER
TPA,7,4141,-1.81,-5.26,1143,32.76,31.51,851,154.12,152.28,DELAY_LATE_AIRCRAFT|DELAY_NAS|DELAY_CARRIER
TPA,8,4187,-2.21,-8.07,863,30.98,28.2,584,150.94,149.43,DELAY_LATE_AIRCRAFT|DELAY_NAS|DELAY_CARRIER
TPA,9,4356,-3.29,-7.94,490,30.03,25.84,287,131.19,126.54,DELAY_LATE_AIRCRAFT|DELAY_NAS|CANC_WEATHER
TPA,10,4679,-3.98,-10.94,494,28.91,22.15,238,134.62,128.89,CANC_WEATHER|DELAY_LATE_AIRCRAFT|DELAY_CARRIER
TPA,11,5517,-3.59,-9.62,571,30.93,25.44,236,151.02,146.43,DELAY_LATE_AIRCRAFT|DELAY_NAS|DELAY_CARRIER
TPA,12,5203,-2.61,-9.3,1030,31.22,25.33,533,132.89,130.92,DELAY_LATE_AIRCRAFT|DELAY_CARRIER|DELAY_NAS
TRI,1,150,-5.19,-11.43,21,34.33,30.71,16,153.19,153.0,DELAY_LATE_AIRCRAFT|DELAY_CARRIER|DELAY_NAS
TRI,2,147,-5.8,-15.85,9,30.22,15.89,5,236.8,228.4,DELAY_CARRIER|DELAY_LATE_AIRCRAFT|DELAY_NAS
TRI,3,144,-5.8,-17.26,16,33.75,22.19,6,104.67,102.17,DELAY_LATE_AIRCRAFT|CANC_WEATHER|DELAY_CARRIER
TRI,4,150,-5.29,-12.89,6,27.0,15.17,6,92.67,95.67,DELAY_LATE_AIRCRAFT|DELAY_CARRIER|DELAY_NAS
TRI,5,131,-4.31,-12.11,18,33.39,31.0,16,123.69,121.25,DELAY_LATE_AIRCRAFT|DELAY_CARRIER|DELAY_WEATHER
TRI,6,158,-5.65,-13.94,11,44.91,38.27,16,167.88,158.5,DELAY_LATE_AIRCRAFT|DELAY_CARRIER|DELAY_NAS
TRI,7,152,-4.22,-9.32,16,35.31,30.81,21,136.24,139.71,DELAY_LATE_AIRCRAFT|DELAY_CARRIER|CANC_CARRIER
TRI,8,172,-5.94,-15.32,11,35.18,29.0,6,244.17,232.33,DELAY_LATE_AIRCRAFT|DELAY_NAS|DELAY_CARRIER
TRI,9,157,-6.17,-12.59,16,30.0,26.31,7,126.14,122.14,DELAY_CARRIER|DELAY_LATE_AIRCRAFT|DELAY_NAS
TRI,10,228,-5.4,-12.78,19,29.37,16.58,8,172.38,165.75,DELAY_LATE_AIRCRAFT|DELAY_NAS|DELAY_CARRIER
TRI,11,181,-6.25,-16.9,17,32.29,30.71,6,614.83,611.17,DELAY_LATE_AIRCRAFT|DELAY_NAS|DELAY_CARRIER
TRI,12,137,-3.06,-12.01,24,31.21,23.58,19,196.68,193.11,DELAY_LATE_AIRCRAFT|DELAY_CARRIER|DELAY_NAS
TTN,1,179,-7.86,-10.63,33,37.03,37.97,14,149.14,146.64,DELAY_LATE_AIRCRAFT|DELAY_NAS|CANC_WEATHER
TTN,2,187,-6.63,-15.45,33,34.52,23.36,15,122.87,120.4,DELAY_LATE_AIRCRAFT|DELAY_NAS|DELAY_CARRIER
TTN,3,124,-5.52,-17.0,47,32.91,16.26,46,154.04,150.26,DELAY_LATE_AIRCRAFT|DELAY_NAS|DELAY_CARRIER
TTN,4,144,-7.13,-18.04,29,32.1,19.45,25,150.68,148.32,DELAY_LATE_AIRCRAFT|DELAY_NAS|DELAY_CARRIER
TTN,5,112,-8.84,-16.42,26,32.04,19.92,30,120.7,114.37,DELAY_LATE_AIRCRAFT|DELAY_NAS|DELAY_CARRIER
TTN,6,96,-9.38,-17.98,15,33.6,25.0,15,120.67,118.27,DELAY_LATE_AIRCRAFT|CANC_CARRIER|DELAY_NAS
TTN,7,100,-7.96,-13.29,22,37.41,41.14,16,114.19,104.69,DELAY_LATE_AIRCRAFT|DELAY_NAS|DELAY_CARRIER
TTN,8,89,-8.63,-17.76,15,35.4,22.6,20,160.4,149.05,DELAY_LATE_AIRCRAFT|DELAY_CARRIER|DELAY_NAS
TTN,9,58,-11.55,-19.1,5,34.0,33.0,1,88.0,84.0,DELAY_LATE_AIRCRAFT|CANC_WEATHER|CANC_CARRIER
TTN,10,44,-9.23,-17.45,5,33.4,26.8,4,183.25,166.75,CANC_WEATHER|DELAY_LATE_AIRCRAFT|DELAY_CARRIER
TTN,11,71,-9.89,-22.32,2,22.5,-7.0,4,142.5,123.25,DELAY_LATE_AIRCRAFT
TTN,12,84,-7.75,-14.05,10,35.7,27.4,13,97.31,96.85,CANC_WEATHER|DELAY_CARRIER|DELAY_LATE_AIRCRAFT
TUL,1,979,-3.77,-5.88,119,31.22,33.03,86,177.7,178.9,DELAY_LATE_AIRCRAFT|DELAY_NAS|DELAY_CARRIER
TUL,2,1034,-5.41,-9.72,72,31.58,25.85,38,125.26,118.89,DELAY_LATE_AIRCRAFT|DELAY_NAS|DELAY_CARRIER
TUL,3,1100,-4.65,-10.21,119,31.56,26.04,71,186.39,183.25,DELAY_LATE_AIRCRAFT|DELAY_NAS|DELAY_CARRIER
TUL,4,1176,-4.15,-8.0,129,29.47,25.57,72,162.6,163.35,DELAY_LATE_AIRCRAFT|DELAY_NAS|DELAY_CARRIER
TUL,5,1171,-2.41,-6.26,184,32.07,28.9,123,195.29,201.76,DELAY_LATE_AIRCRAFT|DELAY_NAS|DELAY_CARRIER
TUL,6,1232,-3.46,-9.1,187,30.84,25.62,122,151.25,147.08,DELAY_LATE_AIRCRAFT|DELAY_CARRIER|DELAY_NAS
TUL,7,1205,-3.9,-9.22,183,32.73,29.18,133,148.74,143.99,DELAY_LATE_AIRCRAFT|DELAY_CARRIER|DELAY_NAS
TUL,8,1303,-5.17,-10.58,126,33.14,29.43,85,153.72,147.39,DELAY_LATE_AIRCRAFT|DELAY_NAS|DELAY_CARRIER
TUL,9,1310,-5.44,-10.72,104,33.4,28.87,52,204.37,197.42,DELAY_LATE_AIRCRAFT|DELAY_CARRIER|DELAY_NAS
TUL,10,1479,-5.43,-10.62,76,33.18,23.97,40,119.22,109.9,DELAY_CARRIER|DELAY_LATE_AIRCRAFT|DELAY_NAS
TUL,11,1242,-5.13,-10.44,106,30.7,24.75,48,121.02,116.6,DELAY_LATE_AIRCRAFT|DELAY_CARRIER|DELAY_NAS
TUL,12,1201,-4.16,-9.9,145,30.79,26.25,102,210.55,207.73,DELAY_LATE_AIRCRAFT|DELAY_CARRIER|DELAY_NAS
TUS,1,1309,-3.93,-7.91,162,31.65,26.31,96,168.19,161.84,DELAY_LATE_AIRCRAFT|DELAY_CARRIER|DELAY_NAS
TUS,2,1237,-3.32,-7.75,154,30.75,27.18,74,166.5,162.41,DELAY_LATE_AIRCRAFT|DELAY_CARRIER|DELAY_NAS
TUS,3,1433,-3.49,-7.7,202,32.87,29.18,78,147.08,144.01,DELAY_LATE_AIRCRAFT|DELAY_NAS|DELAY_CARRIER
TUS,4,1379,-3.33,-7.55,190,30.54,25.28,85,155.58,155.85,DELAY_LATE_AIRCRAFT|DELAY_NAS|DELAY_CARRIER
TUS,5,1247,-2.94,-5.59,225,32.31,28.66,136,152.05,152.44,DELAY_LATE_AIRCRAFT|DELAY_NAS|DELAY_CARRIER
TUS,6,1089,-3.45,-6.84,166,31.62,27.75,94,150.57,149.0,DELAY_LATE_AIRCRAFT|DELAY_CARRIER|DELAY_NAS
TUS,7,1106,-4.24,-5.83,165,33.41,33.65,97,175.48,173.98,DELAY_LATE_AIRCRAFT|DELAY_CARRIER|DELAY_NAS
TUS,8,1212,-4.43,-7.04,134,31.21,30.05,77,174.78,173.49,DELAY_LATE_AIRCRAFT|DELAY_CARRIER|DELAY_NAS
TUS,9,1368,-5.26,-10.65,106,30.18,24.91,60,143.97,138.68,DELAY_LATE_AIRCRAFT|DELAY_CARRIER|DELAY_NAS
TUS,10,1529,-4.68,-8.08,121,30.53,25.12,64,182.56,181.03,DELAY_CARRIER|DELAY_LATE_AIRCRAFT|DELAY_NAS
TUS,11,1515,-4.48,-9.25,129,30.89,25.85,70,131.19,128.03,DELAY_CARRIER|DELAY_LATE_AIRCRAFT|DELAY_NAS
TUS,12,1572,-4.47,-9.49,167,31.86,26.68,120,183.14,182.29,DELAY_CARRIER|DELAY_LATE_AIRCRAFT|DELAY_NAS
TVC,1,125,-2.61,-9.34,34,32.47,27.5,33,242.36,243.52,DELAY_CARRIER|DELAY_LATE_AIRCRAFT|DELAY_NAS
TVC,2,188,-2.76,-17.33,18,32.5,26.22,16,177.25,168.88,DELAY_LATE_AIRCRAFT|DELAY_NAS|DELAY_WEATHER
TVC,3,190,-3.13,-13.28,15,31.67,22.8,21,166.48,155.81,DELAY_CARRIER|DELAY_NAS|DELAY_LATE_AIRCRAFT
TVC,4,188,-4.17,-8.6,24,29.88,21.58,11,136.91,128.45,DELAY_LATE_AIRCRAFT|DELAY_NAS|DELAY_CARRIER
TVC,5,221,-4.35,-8.62,31,32.35,33.42,18,143.33,141.72,DELAY_CARRIER|DELAY_LATE_AIRCRAFT|DELAY_NAS
TVC,6,395,-4.16,-7.21,64,31.22,28.59,49,196.37,196.67,DELAY_CARRIER|DELAY_LATE_AIRCRAFT|DELAY_NAS
TVC,7,452,-2.31,-2.16,86,33.87,34.35,55,129.95,127.85,DELAY_CARRIER|DELAY_LATE_AIRCRAFT|DELAY_NAS
TVC,8,448,-2.51,-3.78,83,30.45,31.05,69,139.8,138.28,DELAY_LATE_AIRCRAFT|DELAY_CARRIER|DELAY_NAS
TVC,9,354,-3.33,-5.95,34,32.21,26.0,16,115.81,109.19,DELAY_NAS|DELAY_CARRIER|DELAY_LATE_AIRCRAFT
TVC,10,254,-4.55,-11.36,25,28.4,19.0,10,304.2,300.5,DELAY_CARRIER|DELAY_LATE_AIRCRAFT|DELAY_NAS
TVC,11,181,-6.08,-13.9,16,31.0,25.25,9,124.67,115.78,DELAY_CARRIER|DELAY_NAS|DELAY_LATE_AIRCRAFT
TVC,12,219,-3.0,-3.28,51,32.75,42.98,32,223.59,230.31,DELAY_NAS|DELAY_CARRIER|DELAY_LATE_AIRCRAFT
TWF,1,56,-6.91,-8.71,2,25.5,16.5,2,135.5,153.5,CANC_WEATHER|DELAY_NAS|DELAY_WEATHER
TWF,2,54,-6.76,-8.48,1,25.0,26.0,3,139.0,141.0,DELAY_CARRIER|DELAY_NAS
TWF,3,60,-7.12,-6.33,1,58.0,38.0,1,75.0,64.0,DELAY_CARRIER|DELAY_WEATHER
TWF,4,55,-6.0,-14.27,2,27.5,19.5,3,126.33,116.0,DELAY_CARRIER
TWF,5,57,-5.49,-14.4,0,,,5,120.0,110.2,DELAY_CARRIER|DELAY_WEATHER
TWF,6,56,-6.41,-13.57,1,58.0,45.0,3,85.0,75.33,DELAY_CARRIER
TWF,7,55,-6.84,-13.71,2,32.5,29.0,5,134.0,129.2,DELAY_CARRIER|DELAY_WEATHER
TWF,8,59,-7.56,-12.9,2,22.5,21.0,1,88.0,87.0,DELAY_CARRIER|DELAY_NAS|DELAY_WEATHER
TWF,9,53,-6.79,-13.58,3,31.67,29.33,0,,,DELAY_CARRIER
TWF,10,53,-6.64,-9.09,0,,,0,,,DELAY_CARRIER
TWF,11,45,-5.42,-7.89,1,55.0,48.0,0,,,DELAY_CARRIER
TWF,12,53,-5.21,-15.36,3,29.33,12.0,1,65.0,50.0,DELAY_CARRIER|DELAY_WEATHER
TXK,1,54,-6.22,-1.39,1,23.0,18.0,8,166.38,174.38,DELAY_CARRIER|CANC_WEATHER|DELAY_WEATHER
TXK,2,51,-4.27,-2.9,6,28.33,24.5,1,442.0,427.0,DELAY_CARRIER|DELAY_NAS|DELAY_LATE_AIRCRAFT
TXK,3,53,-3.58,-4.64,3,34.0,37.0,4,125.75,147.25,DELAY_NAS|DELAY_LATE_AIRCRAFT|DELAY_WEATHER
TXK,4,44,-2.93,-0.45,8,32.12,42.25,6,124.83,127.33,DELAY_LATE_AIRCRAFT|DELAY_NAS|DELAY_CARRIER
TXK,5,46,-4.8,-3.96,5,24.4,47.2,7,174.43,180.57,DELAY_CARRIER|CANC_WEATHER|DELAY_NAS
TXK,6,41,-3.39,-5.44,10,35.3,27.9,8,212.25,207.5,DELAY_LATE_AIRCRAFT|DELAY_CARRIER|DELAY_WEATHER
TXK,7,46,-3.39,-4.0,7,30.71,26.0,7,204.29,199.57,DELAY_LATE_AIRCRAFT|DELAY_CARRIER|DELAY_NAS
TXK,8,49,-5.51,-7.2,7,30.0,30.29,6,308.83,303.5,DELAY_CARRIER|DELAY_LATE_AIRCRAFT|DELAY_NAS
TXK,9,51,-6.22,-11.71,5,19.6,15.6,4,179.25,169.25,DELAY_LATE_AIRCRAFT|DELAY_NAS
TXK,10,53,-6.23,-11.62,6,37.5,27.83,3,142.33,143.33,DELAY_CARRIER|DELAY_LATE_AIRCRAFT|DELAY_WEATHER
TXK,11,43,-6.53,-14.65,8,32.12,26.25,4,204.5,195.75,DELAY_CARRIER|CANC_WEATHER|DELAY_LATE_AIRCRAFT
TXK,12,48,-5.46,-11.52,3,42.0,32.33,8,202.62,195.88,DELAY_CARRIER|DELAY_WEATHER|CANC_WEATHER
TYR,1,67,-4.51,-4.06,6,31.0,30.83,12,224.5,235.33,DELAY_CARRIER|CANC_WEATHER|DELAY_LATE_AIRCRAFT
TYR,2,72,-6.35,-12.58,4,44.75,30.25,10,255.2,249.8,DELAY_CARRIER|DELAY_LATE_AIRCRAFT|DELAY_NAS
TYR,3,80,-6.5,-16.15,4,33.25,27.0,8,172.12,162.5,DELAY_WEATHER|DELAY_NAS|DELAY_CARRIER
TYR,4,78,-4.46,-3.79,5,34.8,41.2,4,112.75,113.25,DELAY_NAS|DELAY_WEATHER|CANC_WEATHER
TYR,5,66,-5.59,-11.18,7,40.29,41.14,17,179.47,186.12,DELAY_CARRIER|DELAY_NAS|CANC_WEATHER
TYR,6,72,-6.08,-13.74,7,31.57,19.43,9,176.56,168.56,DELAY_CARRIER|DELAY_WEATHER|DELAY_LATE_AIRCRAFT
TYR,7,66,-2.41,-6.32,18,31.11,23.5,5,127.6,122.4,DELAY_LATE_AIRCRAFT|DELAY_CARRIER|DELAY_NAS
TYR,8,82,-7.3,-12.6,5,35.0,31.2,5,304.0,294.4,DELAY_CARRIER|DELAY_LATE_AIRCRAFT|DELAY_NAS
TYR,9,80,-1.86,-7.04,7,24.14,16.71,3,93.67,109.33,DELAY_NAS|DELAY_LATE_AIRCRAFT|DELAY_CARRIER
TYR,10,75,-6.31,-12.61,12,33.42,23.75,5,183.8,171.4,DELAY_CARRIER|DELAY_LATE_AIRCRAFT|DELAY_NAS
TYR,11,64,-5.22,-11.2,13,34.85,26.92,5,156.4,145.4,DELAY_CARRIER|CANC_WEATHER|DELAY_LATE_AIRCRAFT
TYR,12,54,-4.74,-7.04,15,32.6,33.67,16,152.81,143.31,DELAY_CARRIER|DELAY_NAS|DELAY_WEATHER
TYS,1,819,-5.57,-10.32,115,32.96,30.93,112,193.26,192.86,DELAY_LATE_AIRCRAFT|DELAY_NAS|DELAY_CARRIER
TYS,2,939,-6.88,-13.08,72,32.43,24.93,25,121.48,113.32,DELAY_NAS|DELAY_LATE_AIRCRAFT|DELAY_CARRIER
TYS,3,990,-6.0,-12.63,113,32.81,27.95,73,191.04,187.6,DELAY_LATE_AIRCRAFT|DELAY_NAS|DELAY_CARRIER
TYS,4,1025,-5.69,-10.83,111,32.53,31.56,60,193.98,188.32,DELAY_LATE_AIRCRAFT|DELAY_NAS|DELAY_CARRIER
TYS,5,1015,-4.84,-8.94,162,33.13,30.91,141,168.38,172.28,DELAY_LATE_AIRCRAFT|DELAY_NAS|DELAY_CARRIER
TYS,6,1187,-5.11,-10.52,163,31.13,25.12,95,190.06,184.43,DELAY_LATE_AIRCRAFT|DELAY_CARRIER|DELAY_NAS
TYS,7,1144,-5.66,-10.64,180,32.0,28.75,158,162.85,161.16,DELAY_LATE_AIRCRAFT|DELAY_CARRIER|DELAY_NAS
TYS,8,1197,-6.07,-9.99,130,31.62,32.85,111,182.72,181.46,DELAY_LATE_AIRCRAFT|DELAY_NAS|DELAY_CARRIER
TYS,9,1190,-5.97,-11.72,144,31.06,27.04,61,191.61,186.69,DELAY_LATE_AIRCRAFT|DELAY_CARRIER|DELAY_NAS
TYS,10,1467,-5.92,-12.06,160,29.18,22.02,46,177.35,172.76,DELAY_LATE_AIRCRAFT|DELAY_CARRIER|DELAY_NAS
TYS,11,1244,-6.27,-13.5,95,28.18,22.41,63,152.51,148.73,DELAY_LATE_AIRCRAFT|DELAY_CARRIER|DELAY_NAS
TYS,12,1106,-4.74,-11.65,185,31.59,24.32,84,184.35,180.19,DELAY_LATE_AIRCRAFT|DELAY_NAS|DELAY_CARRIER
USA,1,54,-8.37,-13.15,12,37.17,31.92,2,77.5,103.5,DELAY_LATE_AIRCRAFT|DELAY_CARRIER|DELAY_NAS
USA,2,42,-5.24,-10.6,8,42.88,31.38,7,163.0,172.57,DELAY_LATE_AIRCRAFT|DELAY_CARRIER|CANC_CARRIER
USA,3,38,-5.63,-9.95,11,34.18,30.09,13,212.08,207.08,DELAY_LATE_AIRCRAFT|DELAY_NAS|DELAY_CARRIER
USA,4,39,-7.28,-16.33,13,25.15,16.62,6,256.67,254.5,DELAY_LATE_AIRCRAFT|DELAY_CARRIER|CANC_NAS
USA,5,46,-4.46,-7.67,5,30.2,27.2,10,157.5,152.8,DELAY_LATE_AIRCRAFT|DELAY_NAS|DELAY_CARRIER
USA,6,37,-5.35,-6.86,13,33.77,36.23,9,113.33,109.89,DELAY_LATE_AIRCRAFT|DELAY_CARRIER|CANC_NAS
USA,7,38,0.32,2.11,10,40.4,40.2,11,322.91,333.64,DELAY_LATE_AIRCRAFT|DELAY_NAS|DELAY_CARRIER
USA,8,27,-8.3,-13.33,13,31.62,31.85,8,122.25,119.75,DELAY_LATE_AIRCRAFT|DELAY_CARRIER|CANC_WEATHER
USA,9,38,-8.68,-10.76,4,30.0,27.5,3,169.67,174.67,DELAY_LATE_AIRCRAFT|DELAY_CARRIER|DELAY_WEATHER
USA,10,34,-6.59,-9.94,6,26.67,22.5,3,131.0,124.0,DELAY_LATE_AIRCRAFT|CANC_WEATHER|DELAY_CARRIER
USA,11,41,-4.98,-8.98,13,26.46,21.85,1,76.0,63.0,DELAY_LATE_AIRCRAFT|DELAY_CARRIER|DELAY_WEATHER
USA,12,32,-3.19,-8.84,21,29.71,21.71,17,136.59,137.06,DELAY_LATE_AIRCRAFT|DELAY_NAS|DELAY_CARRIER
VCT,1,43,-7.63,-17.4,3,50.0,47.33,4,386.75,385.25,DELAY_LATE_AIRCRAFT|CANC_WEATHER|DELAY_CARRIER
VCT,2,45,-9.22,-17.78,2,33.0,19.5,3,364.33,363.67,DELAY_CARRIER|DELAY_NAS
VCT,3,47,-6.11,-13.72,2,37.0,38.0,3,209.67,212.0,DELAY_LATE_AIRCRAFT|CANC_WEATHER|DELAY_CARRIER
VCT,4,48,-5.77,-13.08,1,17.0,8.0,2,80.5,83.0,DELAY_LATE_AIRCRAFT
VCT,5,41,-5.51,-11.83,0,,,6,231.17,234.0,CANC_WEATHER|DELAY_LATE_AIRCRAFT|DELAY_CARRIER
VCT,6,45,-4.22,-10.29,2,49.5,44.0,3,234.67,237.0,DELAY_LATE_AIRCRAFT
VCT,7,36,-5.81,-11.64,3,31.67,38.33,10,156.6,159.8,DELAY_LATE_AIRCRAFT|CANC_WEATHER|DELAY_CARRIER
VCT,8,47,-9.62,-17.89,2,34.0,33.0,4,186.0,183.25,DELAY_LATE_AIRCRAFT|DELAY_NAS
VCT,9,48,-9.15,-13.67,2,20.0,12.5,6,198.83,201.83,DELAY_CARRIER|DELAY_LATE_AIRCRAFT|DELAY_WEATHER
VCT,10,39,-6.56,-11.69,4,43.25,34.5,10,159.3,156.9,DELAY_CARRIER|DELAY_LATE_AIRCRAFT|DELAY_WEATHER
VCT,11,41,-6.41,-15.83,0,,,11,160.45,157.55,DELAY_CARRIER|DELAY_LATE_AIRCRAFT|DELAY_NAS
VCT,12,48,-4.27,-9.65,2,25.0,20.0,5,189.0,202.4,DELAY_CARRIER|DELAY_LATE_AIRCRAFT|CANC_WEATHER
VEL,1,47,-7.57,-13.17,2,25.0,8.5,3,473.33,491.33,DELAY_NAS|DELAY_LATE_AIRCRAFT|DELAY_CARRIER
VLD,1,54,-5.35,-13.11,3,37.0,21.0,4,146.25,139.25,DELAY_LATE_AIRCRAFT|DELAY_CARRIER
VLD,2,52,-4.87,-13.27,3,46.0,44.0,3,140.33,131.33,DELAY_LATE_AIRCRAFT|DELAY_WEATHER
VLD,3,52,-3.15,-7.31,6,23.17,22.5,4,155.5,161.75,DELAY_CARRIER|DELAY_WEATHER|DELAY_NAS
VLD,4,54,-3.89,-5.43,3,30.67,31.33,3,75.33,77.67,DELAY_LATE_AIRCRAFT|DELAY_CARRIER|DELAY_WEATHER
VLD,5,48,-3.9,-7.38,9,36.67,36.44,4,246.5,253.75,DELAY_LATE_AIRCRAFT|DELAY_CARRIER|DELAY_NAS
VLD,6,56,-3.66,-10.98,3,37.0,36.33,1,66.0,58.0,DELAY_CARRIER|DELAY_LATE_AIRCRAFT|DELAY_NAS
VLD,7,47,-5.26,-8.91,3,26.67,32.33,8,138.25,143.12,DELAY_LATE_AIRCRAFT|DELAY_NAS|CANC_CARRIER
VLD,8,51,-5.12,-12.02,5,30.8,20.4,3,150.67,142.67,DELAY_LATE_AIRCRAFT|CANC_CARRIER|CANC_NAS
VLD,9,46,-4.37,-3.11,3,23.33,25.0,2,133.0,129.0,CANC_WEATHER|CANC_CARRIER|DELAY_NAS
VLD,10,66,-4.24,-5.65,5,35.4,36.0,7,193.71,195.57,DELAY_LATE_AIRCRAFT|DELAY_NAS|DELAY_CARRIER
VLD,11,73,-5.52,-11.55,3,31.33,20.33,1,161.0,148.0,DELAY_NAS|DELAY_CARRIER|DELAY_LATE_AIRCRAFT
VLD,12,58,-2.74,-9.33,12,35.67,29.08,8,133.75,128.25,DELAY_LATE_AIRCRAFT|DELAY_CARRIER|DELAY_WEATHER
VPS,1,452,-5.67,-11.67,51,31.02,25.73,41,255.9,251.9,DELAY_LATE_AIRCRAFT|DELAY_CARRIER|DELAY_NAS
VPS,2,533,-5.95,-10.57,31,30.13,23.32,20,226.95,220.25,DELAY_NAS|DELAY_LATE_AIRCRAFT|DELAY_CARRIER
VPS,3,663,-5.13,-11.52,81,30.12,23.79,62,208.47,206.37,DELAY_LATE_AIRCRAFT|DELAY_CARRIER|DELAY_NAS
VPS,4,673,-4.48,-9.56,106,30.31,25.58,55,165.27,165.8,DELAY_LATE_AIRCRAFT|DELAY_CARRIER|DELAY_NAS
VPS,5,638,-3.14,-7.41,148,31.72,27.4,108,155.62,156.92,DELAY_LATE_AIRCRAFT|DELAY_CARRIER|DELAY_NAS
VPS,6,900,-4.88,-11.67,136,32.57,28.73,91,149.34,146.22,DELAY_LATE_AIRCRAFT|DELAY_CARRIER|DELAY_NAS
VPS,7,790,-3.49,-7.85,172,31.7,28.94,144,189.39,189.46,DELAY_LATE_AIRCRAFT|DELAY_CARRIER|DELAY_NAS
VPS,8,763,-4.76,-9.91,139,32.9,33.07,70,172.07,167.0,DELAY_LATE_AIRCRAFT|DELAY_CARRIER|DELAY_NAS
VPS,9,653,-4.48,-9.48,84,32.08,30.3,32,197.5,190.31,DELAY_LATE_AIRCRAFT|DELAY_CARRIER|DELAY_NAS
VPS,10,771,-4.94,-8.94,68,28.9,24.84,17,223.76,220.59,DELAY_LATE_AIRCRAFT|DELAY_NAS|DELAY_CARRIER
VPS,11,574,-5.47,-10.2,55,29.53,24.22,19,146.16,144.47,DELAY_LATE_AIRCRAFT|DELAY_NAS|DELAY_CARRIER
VPS,12,482,-3.88,-7.56,74,30.73,31.26,64,250.08,247.34,DELAY_LATE_AIRCRAFT|DELAY_CARRIER|DELAY_NAS
WRG,1,44,-10.25,-11.25,7,26.86,36.29,6,75.67,71.67,DELAY_LATE_AIRCRAFT|DELAY_NAS|CANC_WEATHER
WRG,2,51,-13.53,-16.43,3,23.67,22.33,1,232.0,224.0,DELAY_LATE_AIRCRAFT|CANC_CARRIER|CANC_WEATHER
WRG,3,55,-12.31,-15.45,5,33.6,32.6,2,119.5,109.0,DELAY_LATE_AIRCRAFT
WRG,4,51,-10.75,-15.63,6,31.33,29.83,2,76.0,74.5,DELAY_LATE_AIRCRAFT|CANC_CARRIER|DELAY_CARRIER
WRG,5,49,-9.0,-12.98,12,31.83,28.75,1,246.0,238.0,DELAY_LATE_AIRCRAFT|DELAY_NAS
WRG,6,55,-6.84,-9.36,4,33.25,31.5,1,85.0,81.0,DELAY_LATE_AIRCRAFT|DELAY_NAS
WRG,7,55,-5.0,-7.38,4,27.25,37.75,2,72.0,64.5,DELAY_LATE_AIRCRAFT|DELAY_NAS
WRG,8,46,-7.37,-10.04,11,28.55,29.82,3,149.33,148.33,DELAY_LATE_AIRCRAFT|DELAY_NAS|CANC_WEATHER
WRG,9,56,-7.43,-8.77,2,25.5,30.5,1,189.0,191.0,DELAY_LATE_AIRCRAFT|DELAY_NAS|CANC_CARRIER
WRG,10,52,-10.52,-12.04,6,27.0,20.17,2,107.0,103.0,DELAY_LATE_AIRCRAFT|DELAY_NAS|DELAY_CARRIER
WRG,11,54,-10.56,-12.7,3,30.67,37.67,0,,,DELAY_LATE_AIRCRAFT|CANC_CARRIER
WRG,12,51,-10.8,-11.2,5,46.0,60.6,2,149.5,151.0,DELAY_LATE_AIRCRAFT|CANC_WEATHER|DELAY_NAS
WYS,5,27,-5.85,-12.0,4,35.75,23.5,3,202.67,192.67,DELAY_WEATHER|DELAY_CARRIER|DELAY_NAS
WYS,6,49,-7.35,-11.29,1,16.0,-2.0,9,311.89,306.78,DELAY_CARRIER|CANC_WEATHER|DELAY_WEATHER
WYS,7,55,-6.25,-8.42,8,29.5,27.25,7,137.0,127.43,DELAY_CARRIER|DELAY_NAS|DELAY_WEATHER
WYS,8,67,-9.58,-11.51,3,25.33,25.33,2,262.5,252.5,DELAY_CARRIER|DELAY_WEATHER
WYS,9,55,-9.07,-14.2,0,,,4,141.75,134.5,DELAY_CARRIER|CANC_WEATHER|DELAY_LATE_AIRCRAFT
WYS,10,15,-10.13,-15.67,0,,,0,,,N/D
XNA,1,719,-4.16,-4.71,124,31.56,41.27,101,183.45,196.84,DELAY_NAS|DELAY_LATE_AIRCRAFT|DELAY_CARRIER
XNA,2,816,-4.83,-7.42,76,29.7,24.53,26,250.15,242.92,DELAY_NAS|DELAY_LATE_AIRCRAFT|DELAY_CARRIER
XNA,3,864,-4.81,-9.76,90,27.78,23.84,71,147.13,145.52,DELAY_LATE_AIRCRAFT|DELAY_NAS|DELAY_CARRIER
XNA,4,904,-3.61,-8.18,99,29.53,24.23,67,155.94,151.54,DELAY_LATE_AIRCRAFT|DELAY_CARRIER|DELAY_NAS
XNA,5,865,-3.42,-7.23,147,31.38,33.84,119,160.92,166.83,DELAY_LATE_AIRCRAFT|DELAY_NAS|DELAY_CARRIER
XNA,6,904,-3.92,-8.84,154,32.7,30.28,99,136.28,134.37,DELAY_LATE_AIRCRAFT|DELAY_CARRIER|DELAY_NAS
XNA,7,852,-2.88,-5.68,201,31.66,28.22,138,139.37,136.8,DELAY_LATE_AIRCRAFT|DELAY_CARRIER|DELAY_NAS
XNA,8,1025,-4.79,-9.15,127,29.26,24.98,71,177.37,175.97,DELAY_LATE_AIRCRAFT|DELAY_NAS|DELAY_CARRIER
XNA,9,1085,-4.85,-9.69,89,30.79,25.53,54,200.15,193.43,DELAY_LATE_AIRCRAFT|DELAY_CARRIER|DELAY_NAS
XNA,10,1192,-5.02,-9.27,71,31.75,22.97,35,173.66,164.51,DELAY_LATE_AIRCRAFT|DELAY_CARRIER|DELAY_NAS
XNA,11,1088,-4.48,-9.76,106,29.54,22.89,61,218.21,221.66,DELAY_LATE_AIRCRAFT|DELAY_CARRIER|DELAY_NAS
XNA,12,1050,-3.39,-9.27,147,30.67,26.97,85,168.15,168.22,DELAY_LATE_AIRCRAFT|DELAY_NAS|DELAY_CARRIER
XWA,1,105,-4.65,-14.49,16,31.31,22.25,20,194.0,191.75,DELAY_CARRIER|CANC_WEATHER|DELAY_LATE_AIRCRAFT
XWA,2,107,-4.54,-19.71,10,39.0,37.7,16,226.62,220.94,DELAY_CARRIER|DELAY_WEATHER|CANC_WEATHER
XWA,3,124,-3.67,-14.5,8,34.75,32.25,13,310.08,299.15,DELAY_CARRIER|DELAY_NAS|CANC_WEATHER
XWA,4,133,-6.32,-17.35,7,32.14,25.0,6,153.83,152.5,DELAY_CARRIER|DELAY_LATE_AIRCRAFT|DELAY_NAS
XWA,5,160,-5.81,-13.09,6,35.83,26.67,11,189.18,183.27,DELAY_CARRIER|DELAY_NAS|DELAY_LATE_AIRCRAFT
XWA,6,132,-4.92,-6.66,24,30.75,37.29,13,188.69,193.46,DELAY_CARRIER|DELAY_NAS|DELAY_LATE_AIRCRAFT
XWA,7,126,-5.02,-6.52,16,30.5,32.31,23,106.96,106.04,DELAY_CARRIER|DELAY_LATE_AIRCRAFT|DELAY_WEATHER
XWA,8,140,-6.16,-8.53,11,33.64,40.64,17,146.18,142.18,DELAY_CARRIER|DELAY_NAS|DELAY_LATE_AIRCRAFT
XWA,9,152,-6.96,-14.39,14,34.07,29.57,6,197.67,198.0,DELAY_CARRIER|DELAY_NAS|DELAY_SECURITY
XWA,10,167,-7.04,-18.09,8,34.88,26.75,8,330.88,318.5,DELAY_CARRIER|DELAY_LATE_AIRCRAFT|CANC_WEATHER
XWA,11,126,-5.11,-5.96,11,29.45,42.0,24,255.42,254.12,DELAY_CARRIER|DELAY_WEATHER|DELAY_LATE_AIRCRAFT
XWA,12,133,-2.29,-5.24,19,31.79,27.84,25,299.8,288.04,DELAY_CARRIER|DELAY_NAS|DELAY_LATE_AIRCRAFT
YAK,1,41,-14.39,-13.85,9,42.89,44.56,4,80.75,83.5,DELAY_LATE_AIRCRAFT|CANC_WEATHER|DELAY_NAS
YAK,2,48,-17.15,-15.0,5,28.4,27.2,1,237.0,242.0,DELAY_LATE_AIRCRAFT|CANC_CARRIER|CANC_WEATHER
YAK,3,50,-15.66,-15.52,7,30.29,23.29,5,89.4,86.8,DELAY_LATE_AIRCRAFT|DELAY_WEATHER|DELAY_NAS
YAK,4,50,-15.44,-17.52,3,26.67,21.67,3,138.33,140.67,DELAY_LATE_AIRCRAFT|CANC_CARRIER|DELAY_NAS
YAK,5,55,-12.15,-12.82,3,29.67,27.0,2,81.5,121.5,DELAY_LATE_AIRCRAFT|CANC_CARRIER|CANC_WEATHER
YAK,6,50,-10.98,-11.8,9,24.11,19.44,1,61.0,50.0,DELAY_LATE_AIRCRAFT|DELAY_NAS|DELAY_SECURITY
YAK,7,50,-4.56,-7.12,10,29.6,29.9,1,171.0,205.0,DELAY_LATE_AIRCRAFT|DELAY_NAS|CANC_CARRIER
YAK,8,41,-7.76,-9.9,17,26.0,24.59,2,111.0,110.0,DELAY_LATE_AIRCRAFT|DELAY_CARRIER|DELAY_SECURITY
YAK,9,48,-7.56,-8.71,8,31.25,26.25,3,110.33,106.67,DELAY_LATE_AIRCRAFT|DELAY_SECURITY
YAK,10,57,-17.3,-18.19,3,31.33,32.67,1,88.0,78.0,DELAY_LATE_AIRCRAFT|DELAY_NAS
YAK,11,54,-19.28,-19.02,2,40.0,38.5,1,80.0,77.0,DELAY_LATE_AIRCRAFT|DELAY_NAS
YAK,12,47,-16.43,-18.7,7,38.0,37.29,1,156.0,167.0,DELAY_LATE_AIRCRAFT|CANC_WEATHER|DELAY_WEATHER
YUM,1,94,-6.62,-7.41,9,27.89,26.0,8,181.25,185.88,DELAY_CARRIER|DELAY_NAS|DELAY_LATE_AIRCRAFT
YUM,2,113,-6.17,-10.19,8,26.12,27.88,4,142.0,153.0,DELAY_CARRIER|DELAY_LATE_AIRCRAFT|DELAY_NAS
YUM,3,122,-5.2,-9.06,3,33.33,29.0,9,185.33,184.56,DELAY_CARRIER|DELAY_NAS|DELAY_WEATHER
YUM,4,119,-5.59,-7.13,6,44.17,38.33,6,403.67,399.83,DELAY_CARRIER|DELAY_NAS|DELAY_LATE_AIRCRAFT
YUM,5,115,-4.23,-5.61,12,38.67,35.0,11,199.45,195.0,DELAY_CARRIER|DELAY_LATE_AIRCRAFT|CANC_WEATHER
YUM,6,101,-4.53,-4.75,8,30.5,26.88,8,141.0,135.38,DELAY_CARRIER|DELAY_LATE_AIRCRAFT|DELAY_NAS
YUM,7,97,-4.43,-6.78,11,29.09,21.91,8,271.25,267.25,DELAY_CARRIER|DELAY_LATE_AIRCRAFT|DELAY_NAS
YUM,8,154,-6.75,-8.19,6,28.17,23.5,7,104.71,107.86,DELAY_LATE_AIRCRAFT|DELAY_CARRIER|DELAY_NAS
YUM,9,154,-6.06,-12.51,5,28.0,18.4,7,316.57,317.43,DELAY_CARRIER|DELAY_LATE_AIRCRAFT|DELAY_NAS
YUM,10,160,-4.72,-7.17,14,30.64,27.86,6,189.17,185.0,DELAY_CARRIER|DELAY_LATE_AIRCRAFT|DELAY_NAS
YUM,11,153,-5.95,-11.43,7,37.0,37.29,9,309.78,307.89,DELAY_CARRIER|DELAY_LATE_AIRCRAFT|DELAY_NAS
YUM,12,130,-6.33,-8.64,14,35.57,32.36,13,134.31,130.23,DELAY_CARRIER|DELAY_LATE_AIRCRAFT|DELAY_NAS
