compagnia,aeroporto_partenza,numero_voli,ritardo_min_arrivo,ritardo_max_arrivo,ritardo_medio_arrivo,tasso_cancellazione,mesi_operativi
9E,LGA,22363,-62.0,1100.0,-3.04,0.0352,1|2|3|4|5|6|7|8|9|10|11|12
9E,ATL,18726,-43.0,991.0,2.57,0.0117,1|2|3|4|5|6|7|8|9|10|11|12
9E,JFK,11890,-60.0,994.0,0.46,0.0354,1|2|3|4|5|6|7|8|9|10|11|12
9E,DTW,8929,-46.0,941.0,0.49,0.0099,1|2|3|4|5|6|7|8|9|10|11|12
9E,MSP,5307,-50.0,849.0,3.15,0.0072,1|2|3|4|5|6|7|8|9|10|11|12
9E,CVG,4662,-56.0,732.0,1.8,0.0169,1|2|3|4|5|6|7|8|9|10|11|12
9E,RDU,4533,-46.0,1018.0,8.03,0.0315,1|2|3|4|5|6|7|8|9|10|11|12
9E,CLT,2195,-53.0,1027.0,9.38,0.0364,1|2|3|4|5|6|7|8|9|10|11|12
9E,TYS,2022,-49.0,475.0,-4.86,0.0148,1|2|3|4|5|6|7|8|9|10|11|12
9E,ROC,1891,-49.0,912.0,-0.12,0.0338,1|2|3|4|5|6|7|8|9|10|11|12
9E,DSM,1804,-42.0,1272.0,1.48,0.0183,1|2|3|4|5|6|7|8|9|10|11|12
9E,CLE,1716,-48.0,1132.0,6.42,0.0274,1|2|3|4|5|6|7|8|9|10|11|12
9E,IND,1698,-48.0,1086.0,-0.9,0.0224,1|2|3|4|5|6|7|8|9|10|11|12
9E,ORF,1551,-43.0,919.0,6.78,0.0239,1|2|3|4|5|6|7|8|9|10|11|12
9E,RIC,1453,-43.0,1101.0,8.45,0.031,1|2|3|4|5|6|7|8|9|10|11|12
9E,DCA,1406,-41.0,1036.0,8.3,0.0192,1|2|3|4|5|6|7|8|9|10|11|12
9E,XNA,1402,-44.0,894.0,-0.71,0.0064,1|2|3|4|5|6|7|8|9|10|11|12
9E,SYR,1398,-56.0,677.0,-2.32,0.0215,1|2|3|4|5|6|7|8|9|10|11|12
9E,CHS,1387,-46.0,849.0,5.55,0.0404,1|2|3|4|5|6|7|8|9|10|11|12
9E,BUF,1332,-49.0,854.0,0.51,0.0278,1|2|3|4|5|6|7|8|9|10|11|12
9E,SAV,1329,-46.0,904.0,5.57,0.0316,1|2|3|4|5|6|7|8|9|10|11|12
9E,PIT,1277,-47.0,942.0,6.03,0.0305,1|2|3|4|5|6|7|8|9|10|11|12
9E,BTV,1242,-46.0,916.0,2.44,0.0258,1|2|3|4|5|6|7|8|9|10|11|12
9E,CHO,1233,-43.0,1063.0,3.15,0.0276,1|2|3|4|5|6|7|8|9|10|11|12
9E,EWR,1135,-50.0,1110.0,16.32,0.0379,1|2|3|4|5|6|7|8|9|10|11|12
9E,AGS,1127,-35.0,534.0,5.66,0.024,1|2|3|4|5|6|7|8|9|10|11|12
9E,GSO,1074,-46.0,879.0,-0.65,0.0261,1|2|3|4|5|6|7|8|9|10|11|12
9E,CHA,1060,-41.0,1088.0,3.22,0.0066,1|2|3|4|5|6|7|8|9|10|11|12
9E,STL,1020,-40.0,801.0,-3.88,0.0373,1|2|3|4|5|6|7|8|9|10|11|12
9E,GSP,975,-43.0,829.0,0.85,0.0226,1|2|3|4|5|6|7|8|9|10|11|12
9E,ILM,893,-39.0,829.0,2.21,0.0213,1|2|3|4|5|6|7|8|9|10|11|12
9E,BGR,889,-47.0,395.0,-7.59,0.0405,1|2|3|4|5|6|7|8|9|10|11|12
9E,BNA,858,-36.0,1132.0,15.85,0.0385,1|2|3|4|5|6|7|8|9|10|11|12
9E,CAE,856,-35.0,542.0,1.96,0.0164,1|2|3|4|5|6|7|8|9|10|11|12
9E,MCI,844,-42.0,1047.0,5.47,0.045,1|2|3|4|5|6|7|8|9|10|11|12
9E,SHV,822,-37.0,667.0,-2.09,0.0134,1|2|3|4|5|6|7|8|9|10|11|12
9E,BHM,804,-50.0,730.0,-1.34,0.041,1|2|3|4|5|6|7|8|9|10|11|12
9E,TRI,797,-41.0,685.0,-4.35,0.0063,1|2|3|4|5|6|7|8|9|10|11|12
9E,MEM,760,-39.0,1305.0,0.58,0.0316,1|2|3|4|5|6|7|8|9|10|11|12
9E,ALB,741,-51.0,380.0,-3.9,0.0175,1|2|3|4|5|6|7|8|9|10|11|12
9E,ABE,700,-47.0,575.0,0.91,0.0157,1|2|3|4|5|6|7|8|9|10|11|12
9E,HPN,680,-45.0,899.0,0.38,0.0162,1|2|3|4|5|6|7|8|9|10|11|12
9E,ROA,668,-41.0,777.0,4.71,0.0165,1|2|3|4|5|6|7|8|9|10|11|12
9E,MKE,647,-42.0,1114.0,9.73,0.0216,1|2|3|4|5|6|7|8|9|10|11|12
9E,GRR,642,-42.0,390.0,-2.1,0.0358,1|2|3|4|5|6|7|8|9|10|11|12
9E,JAX,640,-52.0,1147.0,-0.87,0.0234,1|2|3|4|5|6|7|8|9|10|11|12
9E,PWM,623,-44.0,1151.0,15.47,0.0465,1|2|3|4|5|6|7|8|9|10|11|12
9E,MGM,617,-35.0,1132.0,5.73,0.0065,1|2|3|4|5|6|7|8|9|10|11|12
9E,AEX,612,-33.0,979.0,12.05,0.0082,1|2|3|4|5|6|7|8|9|10|11|12
9E,MLU,602,-37.0,885.0,5.42,0.0083,1|2|3|4|5|6|7|8|9|10|11|12
9E,LFT,571,-42.0,1171.0,0.9,0.014,1|2|3|4|5|6|7|8|9|10|11|12
9E,MOB,562,-32.0,1136.0,-0.25,0.0089,1|2|3|4|5|6|7|8|9|10|11|12
9E,MSN,530,-58.0,395.0,-1.47,0.0264,1|2|3|4|5|6|7|8|9|10|11|12
9E,BMI,523,-38.0,567.0,2.02,0.0096,1|2|3|4|5|6|7|8|9|10|11|12
9E,VLD,518,-34.0,405.0,3.2,0.0232,1|2|3|4|5|6|7|8|9|10|11|12
9E,ITH,514,-55.0,1074.0,-3.34,0.0311,1|2|3|4|5|6|7|8|9|10|11|12
9E,PVD,513,-38.0,1135.0,6.18,0.0253,1|2|3|4|5|6|7|8|9|10|11|12
9E,MLI,504,-36.0,350.0,1.9,0.0218,1|2|3|4|5|6|7|8|9|10|11|12
9E,CWA,503,-44.0,386.0,-4.13,0.0099,1|2|3|4|5|6|7|8|9|10|11|12
9E,GTR,488,-38.0,381.0,-5.72,0.0102,1|2|3|4|5|6|7|8|9|10|11|12
9E,EVV,480,-40.0,289.0,-5.59,0.0146,1|2|3|6|7|8|9|10|11|12
9E,AVL,474,-43.0,835.0,2.85,0.0169,1|2|3|4|5|6|7|8|9|10|11|12
9E,SGF,438,-36.0,339.0,-0.52,0.0023,1|2|3|4|5|7|8|9|10|11|12
9E,TLH,431,-37.0,1143.0,9.24,0.0232,1|2|3|4|5|6|7|8|9|10|11|12
9E,CSG,422,-37.0,456.0,2.35,0.0308,1|2|3|4|5|6|7|8|9|10|11|12
9E,HSV,412,-32.0,989.0,3.19,0.017,1|2|3|4|5|6|7|8|10|11|12
9E,DHN,378,-41.0,937.0,5.52,0.0026,1|2|3|4|5|6|9|10|11|12
9E,MYR,375,-42.0,1011.0,-4.96,0.0293,1|2|3|4|5|6|7|8|9|10|11|12
9E,OAJ,368,-35.0,951.0,-0.05,0.0,1|2|3|4|5|6|7|8|9|10|11|12
9E,DAY,355,-38.0,558.0,-4.84,0.0197,1|2|3|4|5|6|7|8|9|10|11|12
9E,BWI,347,-45.0,368.0,6.68,0.0519,1|2|3|4|5|6|7|8|9|10
9E,BTR,345,-34.0,1015.0,9.28,0.0145,1|2|3|5|6|7|8|9|10|11|12
9E,OMA,344,-39.0,779.0,3.43,0.0262,1|2|3|4|5|6|7|8|9|10|11|12
9E,AUS,277,-35.0,1225.0,15.25,0.0036,1|2|3|4|5|6|7|11
9E,BGM,267,-50.0,1051.0,11.72,0.0375,1|2|3|4|5|6|7|8|9|10|11|12
9E,IAD,265,-55.0,202.0,-5.99,0.0038,1|2|3|4|9|10|11|12
9E,BDL,250,-31.0,303.0,3.4,0.024,1|2|3|4|5|6|7|8|9|10|12
9E,FAY,247,-30.0,949.0,7.63,0.0,1|2|3|4|5|6|9|10|11|12
9E,FSD,236,-48.0,412.0,4.1,0.0127,1|2|3|4|5|6|7|8|9|10|11|12
9E,ORH,207,-40.0,951.0,10.73,0.0435,1|2|3|4|5|6|7|8|9|10|11|12
9E,MDT,194,-49.0,391.0,-0.3,0.0103,1|2|3|4|5|6|11|12
9E,LIT,192,-39.0,457.0,8.96,0.0156,1|2|3|4|6|7|8|9|10|11|12
9E,PNS,190,-42.0,961.0,9.28,0.0105,1|2|3|4|5|6|7|8|9|11|12
9E,JAN,180,-30.0,261.0,0.18,0.0,1|2|9|10|11|12
9E,CMH,179,-40.0,344.0,4.36,0.0,1|3|4|5|6|8|9|10|11|12
9E,TUL,178,-44.0,156.0,-1.01,0.0,1|2|3|4|5|6|9|10|11|12
9E,TVC,171,-37.0,1144.0,9.01,0.0058,1|4|5|6|7|8|9|10|11
9E,FWA,163,-54.0,351.0,1.86,0.0368,1|2|3|11
9E,RST,161,-35.0,865.0,11.96,0.0248,1|2|3|4|6|7|8|9|10|12
9E,FAR,160,-36.0,267.0,-1.86,0.0063,1|2|3|4|5|6|7|8|9|10|11
9E,LEX,145,-38.0,181.0,0.35,0.0,1|2|3|4|5|11|12
9E,RAP,145,-37.0,951.0,12.39,0.0,6|7|8|11|12
9E,ATW,141,-34.0,328.0,8.11,0.0,1|4|5|6|7|8|9|10
9E,CRW,134,-36.0,149.0,-6.2,0.0,1|3|4|9|10|11|12
9E,DLH,130,-26.0,151.0,6.64,0.0077,4|5|6|7|8|9
9E,SDF,117,-35.0,397.0,4.07,0.0342,1|2|4|5|6|7|8|9|10|12
9E,EYW,115,-25.0,334.0,14.0,0.0261,1|2|3|4|5|12
9E,ICT,114,-32.0,204.0,1.32,0.0,1|2|3|11|12
9E,CID,112,-30.0,129.0,-1.04,0.0,1|4|5|9|10|11
9E,LAN,111,-32.0,280.0,-0.06,0.018,1|2|3|7|8|9|10
9E,PHL,109,-37.0,144.0,-6.67,0.0,1|2|3|11|12
9E,BQK,101,-31.0,508.0,7.47,0.0,3|4|6|7|11|12
9E,GNV,88,-42.0,166.0,-0.2,0.0114,1|3|4|6|7|8|11|12
9E,MQT,78,-45.0,87.0,-16.41,0.0256,1|2|3|5|6
9E,MBS,70,-26.0,103.0,-4.31,0.0,4|5|6|7|8
9E,GFK,61,-45.0,355.0,7.43,0.0,1|2|3|9|12
9E,ORD,57,-26.0,266.0,14.8,0.0175,1|3|4|6|7|10|11
9E,GRB,48,-41.0,331.0,-10.1,0.0,1|4|5|10
9E,GPT,38,-34.0,221.0,-3.39,0.0,1|4|11|12
9E,ABY,29,-31.0,321.0,8.45,0.0,1|2|3|11|12
9E,FLL,18,-21.0,89.0,15.67,0.0,1|12
9E,ECP,16,-12.0,262.0,58.88,0.0,1
9E,RSW,13,-28.0,78.0,9.69,0.0,1|12
9E,VPS,11,-6.0,102.0,33.9,0.0909,1|2|3|9|10
9E,BIS,8,-14.0,102.0,20.13,0.0,7|8
9E,MIA,8,-7.0,82.0,34.75,0.0,1|12
9E,AZO,7,-16.0,18.0,-5.71,0.0,1
9E,SBN,7,-31.0,-9.0,-15.86,0.0,9|11|12
9E,BOS,5,-38.0,23.0,-15.2,0.0,1
9E,TPA,5,-1.0,296.0,123.4,0.0,12
9E,DFW,2,127.0,133.0,130.0,0.0,12
9E,OKC,2,-11.0,171.0,80.0,0.0,10
AA,DFW,116082,-57.0,1490.0,19.19,0.0198,1|2|3|4|5|6|7|8|9|10|11|12
AA,CLT,88241,-65.0,1637.0,17.13,0.0136,1|2|3|4|5|6|7|8|9|10|11|12
AA,MIA,41945,-58.0,1750.0,17.64,0.017,1|2|3|4|5|6|7|8|9|10|11|12
AA,PHX,38587,-88.0,1479.0,8.42,0.0056,1|2|3|4|5|6|7|8|9|10|11|12
AA,ORD,36169,-71.0,1958.0,17.19,0.011,1|2|3|4|5|6|7|8|9|10|11|12
AA,PHL,31970,-67.0,2189.0,11.13,0.0171,1|2|3|4|5|6|7|8|9|10|11|12
AA,LAX,21258,-64.0,2627.0,9.49,0.0067,1|2|3|4|5|6|7|8|9|10|11|12
AA,DCA,19134,-82.0,1964.0,9.33,0.0161,1|2|3|4|5|6|7|8|9|10|11|12
AA,MCO,12644,-48.0,1385.0,15.16,0.0199,1|2|3|4|5|6|7|8|9|10|11|12
AA,BOS,12013,-77.0,2251.0,4.57,0.0147,1|2|3|4|5|6|7|8|9|10|11|12
AA,LGA,11593,-64.0,1887.0,8.6,0.0232,1|2|3|4|5|6|7|8|9|10|11|12
AA,JFK,10094,-89.0,1707.0,1.37,0.0113,1|2|3|4|5|6|7|8|9|10|11|12
AA,AUS,9727,-46.0,3803.0,20.14,0.0155,1|2|3|4|5|6|7|8|9|10|11|12
AA,LAS,9695,-55.0,3023.0,11.03,0.0092,1|2|3|4|5|6|7|8|9|10|11|12
AA,TPA,8856,-47.0,1682.0,15.82,0.0281,1|2|3|4|5|6|7|8|9|10|11|12
AA,RDU,7895,-60.0,2071.0,14.55,0.0163,1|2|3|4|5|6|7|8|9|10|11|12
AA,SFO,7499,-67.0,2972.0,15.36,0.0111,1|2|3|4|5|6|7|8|9|10|11|12
AA,SAN,6400,-50.0,3354.0,14.12,0.0111,1|2|3|4|5|6|7|8|9|10|11|12
AA,DEN,5908,-62.0,2012.0,12.96,0.0166,1|2|3|4|5|6|7|8|9|10|11|12
AA,BNA,5887,-44.0,2989.0,22.3,0.0211,1|2|3|4|5|6|7|8|9|10|11|12
AA,SAT,5586,-44.0,1394.0,13.81,0.019,1|2|3|4|5|6|7|8|9|10|11|12
AA,ATL,5409,-53.0,2390.0,18.37,0.0174,1|2|3|4|5|6|7|8|9|10|11|12
AA,JAX,5079,-55.0,1877.0,15.27,0.0189,1|2|3|4|5|6|7|8|9|10|11|12
AA,STL,5015,-48.0,2334.0,15.26,0.015,1|2|3|4|5|6|7|8|9|10|11|12
AA,IAH,4944,-56.0,3136.0,20.39,0.0281,1|2|3|4|5|6|7|8|9|10|11|12
AA,IND,4731,-57.0,2554.0,12.65,0.0127,1|2|3|4|5|6|7|8|9|10|11|12
AA,EWR,4724,-66.0,1598.0,13.5,0.0256,1|2|3|4|5|6|7|8|9|10|11|12
AA,MSY,4723,-41.0,1462.0,17.52,0.0157,1|2|3|4|5|6|7|8|9|10|11|12
AA,SNA,4587,-63.0,1382.0,9.85,0.0118,1|2|3|4|5|6|7|8|9|10|11|12
AA,FLL,4556,-46.0,1940.0,18.97,0.0195,1|2|3|4|5|6|7|8|9|10|11|12
AA,PIT,4461,-49.0,2779.0,13.7,0.0123,1|2|3|4|5|6|7|8|9|10|11|12
AA,PBI,4159,-48.0,2093.0,19.82,0.0178,1|2|3|4|5|6|7|8|9|10|11|12
AA,DTW,4095,-63.0,2236.0,9.76,0.0183,1|2|3|4|5|6|7|8|9|10|11|12
AA,MCI,4050,-56.0,1741.0,14.37,0.0133,1|2|3|4|5|6|7|8|9|10|11|12
AA,SEA,3872,-51.0,1765.0,10.51,0.0147,1|2|3|4|5|6|7|8|9|10|11|12
AA,RSW,3779,-39.0,1742.0,17.62,0.023,1|2|3|4|5|6|7|8|9|10|11|12
AA,CHS,3430,-43.0,1991.0,14.55,0.016,1|2|3|4|5|6|7|8|9|10|11|12
AA,MSP,3332,-59.0,1797.0,10.54,0.0126,1|2|3|4|5|6|7|8|9|10|11|12
AA,CLE,3276,-62.0,1626.0,10.76,0.0226,1|2|3|4|5|6|7|8|9|10|11|12
AA,MEM,3071,-45.0,2223.0,17.19,0.0176,1|2|3|4|5|6|7|8|9|10|11|12
AA,SJU,2792,-47.0,2949.0,22.63,0.0036,1|2|3|4|5|6|7|8|9|10|11|12
AA,BDL,2774,-57.0,1388.0,10.19,0.0173,1|2|3|4|5|6|7|8|9|10|11|12
AA,SLC,2726,-55.0,1227.0,12.38,0.015,1|2|3|4|5|6|7|8|9|10|11|12
AA,BWI,2641,-61.0,1866.0,11.22,0.0178,1|2|3|4|5|6|7|8|9|10|11|12
AA,RIC,2619,-48.0,1203.0,12.63,0.0157,1|2|3|4|5|6|7|8|9|10|11|12
AA,PDX,2594,-49.0,2048.0,9.96,0.015,1|2|3|4|5|6|7|8|9|10|11|12
AA,CMH,2491,-59.0,3143.0,16.82,0.0177,1|2|3|4|5|6|7|8|9|10|11|12
AA,SMF,2441,-60.0,2117.0,10.27,0.0135,1|2|3|4|5|6|7|8|9|10|11|12
AA,CVG,2376,-55.0,1760.0,14.29,0.0168,1|2|3|4|5|6|7|8|9|10|11|12
AA,ONT,2369,-46.0,1482.0,7.52,0.0122,1|2|3|4|5|6|7|8|9|10|11|12
AA,TUS,2256,-41.0,1678.0,10.79,0.0173,1|2|3|4|5|6|7|8|9|10|11|12
AA,OMA,2247,-53.0,1619.0,12.12,0.0151,1|2|3|4|5|6|7|8|9|10|11|12
AA,ABQ,2133,-44.0,1864.0,16.45,0.0192,1|2|3|4|5|6|7|8|9|10|11|12
AA,ORF,2022,-56.0,2427.0,15.02,0.0227,1|2|3|4|5|6|7|8|9|10|11|12
AA,ELP,1931,-30.0,1771.0,15.43,0.0161,1|2|3|4|5|6|7|8|9|10|11|12
AA,MKE,1892,-44.0,1456.0,18.38,0.0159,1|2|3|4|5|6|7|8|9|10|11|12
AA,OKC,1890,-36.0,1368.0,16.03,0.019,1|2|3|4|5|6|7|8|9|10|11|12
AA,SRQ,1854,-41.0,1535.0,17.94,0.0297,1|2|3|4|5|6|7|8|9|10|11|12
AA,SDF,1810,-43.0,2549.0,23.87,0.0204,1|2|3|4|5|6|7|8|9|10|11|12
AA,GRR,1772,-62.0,1602.0,15.57,0.0096,1|2|3|4|5|6|7|8|9|10|11|12
AA,TUL,1750,-37.0,2009.0,20.08,0.02,1|2|3|4|5|6|7|8|9|10|11|12
AA,DSM,1716,-69.0,2478.0,22.42,0.0157,1|2|3|4|5|6|7|8|9|10|11|12
AA,RNO,1686,-54.0,1331.0,13.96,0.0125,1|2|3|4|5|6|7|8|9|10|11|12
AA,HNL,1589,-78.0,1517.0,-6.94,6.0E-4,1|2|3|4|5|6|7|8|9|10|11|12
AA,PVD,1555,-37.0,1419.0,10.95,0.0084,1|2|3|4|5|6|7|8|9|10|11|12
AA,BUF,1521,-53.0,1613.0,12.98,0.0164,1|2|3|4|5|6|7|8|9|10|11|12
AA,MSN,1482,-62.0,2709.0,24.35,0.0108,1|2|3|4|5|6|7|8|9|10|11|12
AA,STT,1399,-53.0,2346.0,22.85,0.01,1|2|3|4|5|6|7|8|9|10|11|12
AA,FAT,1396,-39.0,1888.0,16.05,0.015,1|2|3|4|5|6|7|8|9|10|11|12
AA,VPS,1338,-43.0,2127.0,26.65,0.0157,1|2|3|4|5|6|7|8|9|10|11|12
AA,SAV,1324,-41.0,1884.0,22.13,0.0249,1|2|3|4|5|6|7|8|9|10|11|12
AA,MFE,1279,-30.0,895.0,17.36,0.0203,1|2|3|4|5|6|7|8|9|10|11|12
AA,PSP,1254,-46.0,1308.0,12.29,0.0144,1|2|3|4|5|6|7|8|9|10|11|12
AA,PWM,1247,-49.0,2901.0,17.95,0.0241,1|2|3|4|5|6|7|8|9|10|11|12
AA,EYW,1241,-40.0,2685.0,44.75,0.029,1|2|3|4|5|6|7|8|9|10|11|12
AA,PNS,1237,-30.0,1320.0,34.71,0.0226,1|2|3|4|5|6|7|8|9|10|11|12
AA,SYR,1150,-59.0,913.0,11.32,0.0113,1|2|3|4|5|6|7|8|9|10|11|12
AA,TYS,1069,-58.0,2884.0,16.67,0.0215,1|2|3|4|5|6|7|8|9|10|11|12
AA,ILM,1048,-39.0,1612.0,11.06,0.02,1|2|3|4|5|6|7|8|9|10|11|12
AA,SJC,1027,-45.0,1645.0,7.87,0.0127,1|2|3|4|5|6|7|8|9|10|11|12
AA,GEG,1019,-54.0,1596.0,13.95,0.0088,1|2|3|4|5|6|7|8|9|10|11|12
AA,ALB,1016,-80.0,1487.0,12.16,0.0079,1|2|3|4|5|6|7|8|9|10|11|12
AA,GSP,972,-48.0,1578.0,20.33,0.0247,1|2|3|4|5|6|7|8|9|10|11|12
AA,GSO,927,-60.0,1753.0,23.61,0.0259,1|2|3|4|5|6|7|8|9|10|11|12
AA,EGE,909,-55.0,1521.0,33.98,0.0121,1|2|3|4|5|6|7|8|9|10|11|12
AA,XNA,908,-29.0,2307.0,23.76,0.0088,1|2|3|4|5|6|7|8|9|10|11|12
AA,OGG,898,-70.0,1549.0,-1.03,0.0045,1|2|3|4|5|6|7|8|9|10|11|12
AA,BUR,880,-45.0,2200.0,14.99,0.0125,1|2|3|4|5|6|7|8|9|10|11|12
AA,CID,869,-47.0,2070.0,27.67,0.0368,1|2|3|4|5|6|7|8|9|10|11|12
AA,MYR,840,-38.0,893.0,10.66,0.0179,1|2|3|4|5|6|7|8|9|10|11|12
AA,COS,754,-43.0,1478.0,17.5,0.0252,1|2|3|4|5|6|7|8|9|10|11|12
AA,MDT,744,-52.0,1221.0,14.78,0.0134,1|2|3|4|5|6|7|8|9|10|11|12
AA,LEX,730,-40.0,1679.0,22.33,0.0205,1|2|3|4|5|6|7|8|9|10|11|12
AA,SBA,727,-43.0,1418.0,19.91,0.011,1|2|3|4|5|6|7|8|9|10|11|12
AA,JAC,718,-48.0,2700.0,53.76,0.0084,1|2|3|4|5|6|7|8|9|10|11|12
AA,BZN,663,-39.0,1767.0,30.67,0.003,1|2|3|4|5|6|7|8|9|10|11|12
AA,BOI,630,-45.0,727.0,9.14,0.0159,1|2|3|4|5|6|7|8|9|10|11|12
AA,BFL,627,-40.0,569.0,6.38,0.0144,1|2|3|4|5|6|7|8|9|10|11|12
AA,ROC,592,-38.0,997.0,18.67,0.0186,1|2|3|4|5|6|7|8|9|10|11|12
AA,AVP,585,-40.0,746.0,13.34,0.0137,1|2|3|4|5|6|7|8|9|10|11|12
AA,SBP,563,-41.0,1206.0,21.88,0.0036,1|2|3|4|5|6|7|8|9|10|11|12
AA,KOA,543,-76.0,1535.0,10.29,0.0,1|2|3|4|5|6|7|8|9|10|11|12
AA,LIT,539,-29.0,2579.0,30.94,0.0186,1|2|3|4|5|6|7|8|9|10|11|12
AA,LIH,519,-72.0,1189.0,-2.07,0.0,1|2|3|4|5|6|7|8|9|10|11|12
AA,EUG,517,-38.0,1713.0,17.7,0.0213,1|2|3|4|5|6|7|8|9|10|11|12
AA,STX,513,-39.0,1676.0,27.18,0.0058,1|2|3|4|5|6|7|8|9|10|11|12
AA,ECP,507,-32.0,2218.0,35.28,0.0197,1|2|3|4|5|6|7|8|9|10|11|12
AA,BTV,504,-39.0,1556.0,8.43,0.0099,1|2|3|4|5|6|7|8|9|10|11|12
AA,IAD,498,-49.0,2147.0,10.53,0.01,1|2|3|4|5|6|7|8|9|10|11|12
AA,CAE,489,-38.0,1892.0,28.55,0.0286,1|2|3|4|5|6|7|8|9|10|11|12
AA,MRY,469,-48.0,1530.0,29.17,0.0192,1|2|3|4|5|6|7|8|9|10|11|12
AA,FSD,455,-46.0,648.0,12.68,0.0132,1|2|3|4|5|6|7|8|9|10|11|12
AA,BGR,418,-37.0,1304.0,22.6,0.0144,6|7|8|9|10|11
AA,ICT,392,-32.0,1230.0,27.38,0.0281,1|2|3|4|5|6|7|8|9|10|11|12
AA,AVL,351,-39.0,1417.0,42.6,0.0541,1|2|4|5|6|7|8|9|10|11|12
AA,ANC,346,-49.0,741.0,6.41,0.0,1|3|4|5|6|7|8|9|10|11|12
AA,MTJ,340,-31.0,1396.0,20.18,0.0029,1|2|3|4|6|7|8|9|10|11|12
AA,LBB,289,-37.0,1787.0,30.87,0.0138,1|2|3|4|5|6|7|10|11|12
AA,BHM,273,-29.0,2354.0,32.96,0.0147,1|2|5|6|9|10|11|12
AA,FCA,264,-41.0,1672.0,27.27,0.0076,6|7|8|9|10|11
AA,DAB,232,-26.0,402.0,5.41,0.0129,1|2|3|4|5|6
AA,MSO,174,-38.0,926.0,12.1,0.0057,1|6|7|8|9|10|11|12
AA,AMA,142,-29.0,267.0,13.12,0.0282,1|2|10|11|12
AA,STS,124,-30.0,1590.0,58.67,0.0081,5|6|7|8|9|10|11
AA,HDN,121,-33.0,1561.0,53.48,0.0083,1|2|3|4|12
AA,RDM,89,-31.0,1380.0,62.61,0.0225,5|6|7|8|9|10
AA,RAP,88,-31.0,1508.0,57.47,0.0227,6|7|8|9|10
AA,GUC,87,-36.0,350.0,23.16,0.023,1|2|3|4|12
AA,MHT,75,-28.0,1331.0,27.43,0.0,4|5|6
AA,TVC,70,-24.0,1139.0,73.61,0.0,6|7|8|9
AA,AGS,14,-20.0,91.0,19.5,0.0,4
AA,HSV,8,-29.0,30.0,0.5,0.0,11|12
AA,DRO,5,-9.0,116.0,33.0,0.0,6|7|8
AA,SBN,1,-37.0,-37.0,-37.0,0.0,11
AS,SEA,54619,-70.0,540.0,6.04,0.015,1|2|3|4|5|6|7|8|9|10|11|12
AS,PDX,11837,-60.0,423.0,3.53,0.022,1|2|3|4|5|6|7|8|9|10|11|12
AS,ANC,9934,-65.0,499.0,0.86,0.0167,1|2|3|4|5|6|7|8|9|10|11|12
AS,SFO,7977,-65.0,850.0,6.96,0.0266,1|2|3|4|5|6|7|8|9|10|11|12
AS,SAN,7146,-57.0,899.0,7.61,0.0256,1|2|3|4|5|6|7|8|9|10|11|12
AS,LAX,6460,-56.0,558.0,1.41,0.0184,1|2|3|4|5|6|7|8|9|10|11|12
AS,LAS,3828,-61.0,603.0,9.17,0.0217,1|2|3|4|5|6|7|8|9|10|11|12
AS,PHX,3489,-56.0,513.0,4.06,0.0206,1|2|3|4|5|6|7|8|9|10|11|12
AS,JNU,3195,-46.0,780.0,0.8,0.0178,1|2|3|4|5|6|7|8|9|10|11|12
AS,HNL,3086,-63.0,678.0,4.15,0.0269,1|2|3|4|5|6|7|8|9|10|11|12
AS,SNA,2914,-43.0,682.0,0.93,0.0113,1|2|3|4|5|6|7|8|9|10|11|12
AS,JFK,2682,-82.0,796.0,0.77,0.028,1|2|3|4|5|6|7|8|9|10|11|12
AS,EWR,2245,-70.0,511.0,7.18,0.0312,1|2|3|4|5|6|7|8|9|10|11|12
AS,ORD,2202,-57.0,917.0,9.54,0.0141,1|2|3|4|5|6|7|8|9|10|11|12
AS,AUS,1987,-50.0,613.0,8.52,0.0247,1|2|3|4|5|6|7|8|9|10|11|12
AS,SJC,1959,-54.0,414.0,-1.29,0.0255,1|2|3|4|5|6|7|8|9|10|11|12
AS,BOS,1840,-67.0,735.0,4.7,0.0179,1|2|3|4|5|6|7|8|9|10|11|12
AS,MCO,1839,-58.0,432.0,13.85,0.0386,1|2|3|4|5|6|7|8|9|10|11|12
AS,FAI,1829,-53.0,324.0,-1.32,0.0098,1|2|3|4|5|6|7|8|9|10|11|12
AS,DFW,1703,-52.0,540.0,14.19,0.0247,1|2|3|4|5|6|7|8|9|10|11|12
AS,KTN,1670,-54.0,593.0,-1.8,0.0186,1|2|3|4|5|6|7|8|9|10|11|12
AS,GEG,1589,-37.0,294.0,1.21,0.0157,1|2|3|4|5|6|7|8|9|10|11|12
AS,BUR,1572,-37.0,311.0,2.53,0.0204,1|2|3|4|5|6|7|8|9|10|11|12
AS,DEN,1546,-42.0,306.0,5.32,0.0142,1|2|3|4|5|6|7|8|9|10|11|12
AS,IAD,1481,-67.0,323.0,6.57,0.0169,1|2|3|4|5|6|7|8|9|10|11|12
AS,KOA,1466,-62.0,550.0,2.46,0.0334,1|2|3|4|5|6|7|8|9|10|11|12
AS,OGG,1450,-69.0,383.0,1.44,0.0345,1|2|3|4|5|6|7|8|9|10|11|12
AS,DCA,1295,-67.0,309.0,-2.77,0.0077,1|2|3|4|5|6|7|8|9|10|11|12
AS,PSP,1068,-47.0,319.0,0.53,0.0375,1|2|3|4|5|6|7|8|9|10|11|12
AS,ATL,1029,-62.0,316.0,4.3,0.0185,1|2|3|4|5|6|7|8|9|10|11|12
AS,ONT,999,-41.0,480.0,0.2,0.025,1|2|3|4|5|6|7|8|9|10|11|12
AS,SIT,914,-39.0,498.0,-2.38,0.0175,1|2|3|4|5|6|7|8|9|10|11|12
AS,BNA,875,-57.0,436.0,-2.11,0.0103,1|2|3|4|5|6|7|8|9|10|11|12
AS,SLC,857,-45.0,638.0,4.96,0.0163,1|2|3|4|5|6|7|8|9|10|11|12
AS,SMF,780,-36.0,348.0,3.32,0.0141,1|2|3|4|5|6|7|8|9|10|11|12
AS,TPA,766,-54.0,852.0,16.97,0.0444,1|2|3|4|5|6|7|8|9|10|11|12
AS,LIH,762,-82.0,486.0,4.11,0.0118,1|2|3|4|5|6|7|8|9|10|11|12
AS,MSP,746,-58.0,485.0,2.5,0.0161,1|2|3|4|5|6|7|8|9|10|11|12
AS,PAE,745,-44.0,266.0,-1.89,0.0295,1|2|3|4|5|6|7|8|9|10|11|12
AS,FLL,722,-55.0,344.0,11.19,0.0706,1|2|3|4|5|6|7|8|9|10|11|12
AS,IAH,618,-52.0,318.0,5.21,0.0259,1|2|3|4|5|6|7|8|9|10|11|12
AS,ADQ,553,-38.0,402.0,-1.44,0.0199,1|2|3|4|5|6|7|8|9|10|11|12
AS,MCI,539,-41.0,247.0,-1.33,0.013,1|2|3|4|5|6|7|8|9|10|11|12
AS,STL,536,-51.0,473.0,-0.87,0.0131,1|2|3|4|5|6|7|8|9|10|11|12
AS,BET,516,-27.0,212.0,11.29,0.0116,1|2|3|4|5|6|7|8|9|10|11|12
AS,OAK,513,-42.0,269.0,-2.35,0.0253,1|2|3|4|5|6|7|8|9|10|11|12
AS,WRG,512,-39.0,228.0,-3.3,0.0176,1|2|3|4|5|6|7|8|9|10|11|12
AS,YAK,508,-52.0,231.0,-5.13,0.0197,1|2|3|4|5|6|7|8|9|10|11|12
AS,MSY,504,-48.0,273.0,2.67,0.006,1|2|3|4|5|6|7|8|9|10|11|12
AS,PSG,500,-47.0,252.0,-1.97,0.014,1|2|3|4|5|6|7|8|9|10|11|12
AS,CDV,479,-37.0,244.0,-2.01,0.0209,1|2|3|4|5|6|7|8|9|10|11|12
AS,BZN,461,-50.0,263.0,5.7,0.0152,1|2|3|4|5|6|7|8|9|10|11|12
AS,SAT,461,-41.0,303.0,5.54,0.0087,1|2|3|4|5|6|7|8|9|10|11|12
AS,PHL,452,-55.0,240.0,8.24,0.0133,1|2|3|4|5|6|7|8|9|10|11|12
AS,BOI,436,-41.0,263.0,2.81,0.0046,1|2|3|4|5|6|7|8|9|10|11|12
AS,BWI,412,-44.0,650.0,10.3,0.0194,1|2|3|4|5|6|7|8|9|10|11|12
AS,SCC,411,-43.0,422.0,-6.83,0.0292,1|2|3|4|5|6|7|8|9|10|11|12
AS,RNO,398,-32.0,215.0,5.72,0.0075,1|2|3|4|5|6|7|8|9|10|11|12
AS,RDU,380,-50.0,862.0,9.8,0.0105,1|2|3|4|5|6|7|8|9|10|11|12
AS,TUS,358,-52.0,175.0,7.67,0.0056,1|2|3|4|5|6|7|8|9|10|11|12
AS,MIA,356,-73.0,305.0,13.7,0.0562,1|2|3|4|5|6|7|8|9|10|11|12
AS,IND,353,-46.0,520.0,6.8,0.017,1|2|3|4|5|6|7|8|9|10|11|12
AS,CLE,348,-47.0,364.0,1.85,0.0172,1|2|3|4|5|6|7|8|9|10|11|12
AS,PIT,342,-54.0,215.0,-3.11,0.0234,1|2|3|4|5|6|7|8|9|10|11|12
AS,DTW,339,-51.0,286.0,5.12,0.0206,1|2|3|4|5|6|7|8|9|10|11|12
AS,CMH,338,-59.0,175.0,-1.89,0.0178,1|2|3|4|5|6|7|8|9|10|11|12
AS,OMA,332,-40.0,202.0,1.21,0.0151,1|2|3|4|5|6|7|8|9|10|11|12
AS,MKE,328,-40.0,194.0,-2.69,0.0122,1|2|3|4|5|6|7|8|9|10|11|12
AS,RDM,318,-24.0,360.0,9.67,0.0252,1|2|3|4|5|6|7|8|9|10|11|12
AS,ABQ,280,-45.0,266.0,2.76,0.0071,1|2|3|4|5|6|7|8|9|10|11|12
AS,PSC,267,-33.0,385.0,10.57,0.0225,1|2|3|4|5|6|7|8|9|10|11|12
AS,FAT,265,-35.0,267.0,1.98,0.0226,1|2|3|4|5|6|7|8|9|10|11|12
AS,OME,260,-28.0,196.0,2.61,0.0308,1|2|3|4|5|6|7|8|9|10|11|12
AS,BRW,256,-29.0,273.0,8.54,0.0547,1|2|3|4|5|6|7|8|9|10|11|12
AS,OTZ,255,-30.0,311.0,-3.58,0.0667,1|2|3|4|5|6|7|8|9|10|11|12
AS,CVG,251,-46.0,239.0,4.61,0.0359,1|2|3|4|5|6|7|8|9|10|11|12
AS,CHS,246,-58.0,152.0,-0.61,0.0325,1|2|3|4|5|6|7|8|9|10|11|12
AS,DAL,243,-39.0,201.0,-2.06,0.0082,1|2|3|4|5|6|7|8|9|10|11|12
AS,OKC,237,-36.0,201.0,4.77,0.0042,1|2|3|4|5|6|7|8|9|10|11|12
AS,SBA,230,-44.0,129.0,-2.38,0.0087,1|2|3|4|5|6|7|8|9|10|11|12
AS,EUG,220,-30.0,424.0,9.69,0.0273,1|2|3|5|6|7|8|9|10|11|12
AS,STS,220,-39.0,276.0,11.95,0.0091,1|3|4|5|6|7|8|9|10|11|12
AS,MSO,174,-33.0,268.0,5.91,0.0,4|5|6|7|8|9|10|11|12
AS,AKN,130,-36.0,88.0,-2.71,0.0077,4|5|6|7|8|9
AS,RSW,105,-63.0,204.0,2.05,0.0476,1|2|3|4|5|6|7|8|9|11|12
AS,DLG,71,-36.0,218.0,0.12,0.0423,6|7|8|9
AS,ADK,68,-70.0,217.0,-4.74,0.0882,1|2|3|4|5|6|7|8|9|10|11|12
AS,GST,62,-35.0,153.0,-3.79,0.0645,6|7|8
AS,JAC,58,-39.0,154.0,3.8,0.069,1|2|3|6|7|8
AS,SBP,42,-24.0,253.0,8.86,0.0,10|11|12
B6,BOS,28697,-82.0,981.0,7.46,0.0139,1|2|3|4|5|6|7|8|9|10|11|12
B6,JFK,25196,-88.0,885.0,10.97,0.0179,1|2|3|4|5|6|7|8|9|10|11|12
B6,FLL,13193,-95.0,816.0,11.34,0.0122,1|2|3|4|5|6|7|8|9|10|11|12
B6,MCO,12059,-64.0,1029.0,14.46,0.017,1|2|3|4|5|6|7|8|9|10|11|12
B6,SJU,7094,-62.0,1440.0,15.7,0.011,1|2|3|4|5|6|7|8|9|10|11|12
B6,LGA,6654,-62.0,931.0,10.2,0.0224,1|2|3|4|5|6|7|8|9|10|11|12
B6,LAX,6377,-68.0,841.0,1.73,0.0038,1|2|3|4|5|6|7|8|9|10|11|12
B6,PBI,5903,-56.0,1150.0,10.98,0.0149,1|2|3|4|5|6|7|8|9|10|11|12
B6,DCA,5833,-51.0,1247.0,7.29,0.0144,1|2|3|4|5|6|7|8|9|10|11|12
B6,EWR,3884,-84.0,751.0,9.76,0.0206,1|2|3|4|5|6|7|8|9|10|11|12
B6,HPN,3687,-56.0,972.0,4.44,0.0165,1|2|3|4|5|6|7|8|9|10|11|12
B6,TPA,3658,-54.0,785.0,14.04,0.0279,1|2|3|4|5|6|7|8|9|10|11|12
B6,SFO,2944,-60.0,1203.0,5.95,0.0041,1|2|3|4|5|6|7|8|9|10|11|12
B6,RSW,2677,-53.0,1330.0,16.19,0.0247,1|2|3|4|5|6|7|8|9|10|11|12
B6,BUF,2436,-64.0,1140.0,5.16,0.0213,1|2|3|4|5|6|7|8|9|10|11|12
B6,BDL,2356,-68.0,980.0,7.72,0.014,1|2|3|4|5|6|7|8|9|10|11|12
B6,RDU,2274,-47.0,1108.0,11.58,0.0176,1|2|3|4|5|6|7|8|9|10|11|12
B6,ATL,2088,-44.0,1263.0,17.99,0.0144,1|2|3|4|5|6|7|8|9|10|11|12
B6,LAS,2071,-68.0,1380.0,9.62,0.0077,1|2|3|4|5|6|7|8|9|10|11|12
B6,MIA,1329,-52.0,960.0,21.87,0.0256,1|2|3|4|5|6|7|8|9|10|11|12
B6,JAX,1294,-45.0,630.0,12.68,0.0216,1|2|3|4|5|6|7|8|9|10|11|12
B6,CHS,1275,-42.0,1119.0,10.78,0.0173,1|2|3|4|5|6|7|8|9|10|11|12
B6,RIC,1268,-46.0,1311.0,5.96,0.0126,1|2|3|4|5|6|7|8|9|10|11|12
B6,SAN,1227,-65.0,1232.0,13.86,0.0041,1|2|3|4|5|6|7|8|9|10|11|12
B6,PVD,1125,-53.0,947.0,3.61,0.0089,1|2|3|4|5|6|7|8|9|10|11|12
B6,SLC,1086,-53.0,1581.0,17.15,0.0074,1|2|3|4|5|6|7|8|9|10|11|12
B6,BQN,1073,-53.0,1031.0,10.8,0.0149,1|2|3|4|5|6|7|8|9|10|11|12
B6,BNA,964,-48.0,1031.0,10.18,0.0176,1|2|3|4|5|6|7|8|9|10|11|12
B6,SYR,943,-44.0,1401.0,7.37,0.0212,1|2|3|4|5|6|7|8|9|10|11|12
B6,MSY,932,-48.0,1282.0,17.72,0.0215,1|2|3|4|5|6|7|8|9|10|11|12
B6,DEN,897,-49.0,1368.0,26.52,0.0111,1|2|3|4|5|6|7|8|9|10|11|12
B6,ORD,875,-47.0,1833.0,21.17,0.0194,1|2|3|4|5|6|7|8|9|10|11|12
B6,PIT,808,-50.0,471.0,5.45,0.0186,1|2|3|4|5|6|7|8|9|10|11|12
B6,PHL,772,-46.0,306.0,1.44,0.0168,1|2|3|4|5|6|7|8|9|10|11|12
B6,DTW,722,-41.0,797.0,7.12,0.0097,1|2|3|4|5|6|7|8|9|10|11|12
B6,ACK,691,-41.0,394.0,6.02,0.0347,5|6|7|8|9|10
B6,PHX,661,-55.0,2108.0,32.58,0.0121,1|2|3|4|5|6|7|8|9|10|11|12
B6,SAV,653,-48.0,1129.0,12.06,0.0123,1|2|3|4|5|6|7|8|9|10|11|12
B6,CLE,575,-36.0,1050.0,8.47,0.0191,1|2|3|4|5|6|7|8|9|10|11|12
B6,AUS,551,-44.0,1434.0,25.11,0.0073,1|2|3|4|5|6|7|8|9|10|11|12
B6,ALB,541,-48.0,471.0,12.09,0.0092,1|2|3|4|5|6|7|8|9|10|11|12
B6,SRQ,540,-47.0,1203.0,14.83,0.0444,1|2|3|4|5|6|7|8|9|10|11|12
B6,ROC,537,-35.0,561.0,14.3,0.0242,1|2|3|4|5|6|7|8|9|10|11|12
B6,ORH,510,-51.0,1335.0,15.26,0.0196,1|2|3|4|5|6|7|8|9|10|11|12
B6,SEA,507,-55.0,261.0,12.99,0.0059,1|2|3|4|5|6|7|8|9|10|11|12
B6,IAH,490,-48.0,1062.0,22.18,0.0204,1|2|3|4|5|6|7|8|9|10|11|12
B6,STT,479,-51.0,1368.0,13.29,0.0125,1|2|3|4|5|6|7|8|9|10|11|12
B6,PSE,453,-52.0,838.0,1.08,0.0265,1|2|3|4|5|6|7|8|9|10|11|12
B6,SAT,424,-47.0,1493.0,26.07,0.0212,1|2|3|4|5|6|7|8|9|10
B6,CLT,372,-43.0,993.0,8.88,0.0188,1|2|3|4|5|6|7|8|9|10
B6,MKE,372,-46.0,1003.0,7.48,0.0081,1|2|3|4|5|6|7|8|9|10
B6,MVY,372,-43.0,1045.0,20.95,0.0618,5|6|7|8|9|10
B6,SMF,271,-42.0,1350.0,40.2,0.0111,1|2|3|4|5|6|7|8|9|10
B6,PWM,249,-50.0,990.0,13.02,0.0482,5|6|7|8|9|10|11|12
B6,DFW,236,-51.0,1080.0,25.26,0.0127,1|2|3|4|5|6|7|8|9|10|11|12
B6,ONT,217,-49.0,1005.0,4.66,0.0276,1|2|3|4|5|6|7|8|9|10
B6,MSP,215,-41.0,987.0,33.65,0.0186,1|2|3|4|5|6|7|8|9|10
B6,TLH,205,-44.0,496.0,1.99,0.0244,1|2|3|4|5|6|7|8|9|10
B6,BUR,196,-43.0,1207.0,35.89,0.0153,1|2|3|4|5|6|7|8|9|10
B6,RNO,192,-44.0,1596.0,38.24,0.0208,1|2|3|4|5|6|7|8|12
B6,ABQ,177,-35.0,1398.0,41.55,0.0226,2|3|4|5|6|7|8|9|10
B6,PDX,147,-47.0,1267.0,51.71,0.0068,3|4|5|6|7|8|9|10
B6,BWI,138,-38.0,316.0,5.89,0.0217,1|2|3|4
B6,EYW,114,-53.0,1452.0,27.72,0.0175,1|2|3|4|10|11|12
B6,MCI,114,-38.0,259.0,18.1,0.0,1|2|3|4|5|6
B6,ISP,107,-40.0,323.0,5.59,0.0,10|11|12
B6,SJC,107,-43.0,1184.0,25.75,0.028,3|4|5|6|7|8|9
B6,BZN,104,-48.0,312.0,23.56,0.0192,1|2|3|6|7|8|9|12
B6,PQI,87,-41.0,564.0,2.92,0.0,9|10|11|12
B6,HYA,68,-25.0,1097.0,66.88,0.0441,5|6|7|8|9
B6,PSP,62,-55.0,233.0,9.95,0.0161,1|2|3|4
B6,AVL,55,-33.0,383.0,29.17,0.0182,6|7|8|9
B6,HDN,39,-44.0,1279.0,87.68,0.0256,2|3
B6,STX,14,-26.0,137.0,9.93,0.0,12
B6,BTV,3,-7.0,10.0,-0.67,0.0,1
DL,ATL,158826,-65.0,935.0,5.36,0.0085,1|2|3|4|5|6|7|8|9|10|11|12
DL,MSP,48637,-77.0,1076.0,2.06,0.0086,1|2|3|4|5|6|7|8|9|10|11|12
DL,DTW,41259,-80.0,1148.0,5.38,0.0086,1|2|3|4|5|6|7|8|9|10|11|12
DL,SLC,37790,-64.0,1135.0,4.16,0.0063,1|2|3|4|5|6|7|8|9|10|11|12
DL,LAX,25441,-62.0,1070.0,3.3,0.0071,1|2|3|4|5|6|7|8|9|10|11|12
DL,SEA,22340,-78.0,1206.0,1.06,0.0056,1|2|3|4|5|6|7|8|9|10|11|12
DL,JFK,21318,-91.0,1112.0,1.74,0.0088,1|2|3|4|5|6|7|8|9|10|11|12
DL,LGA,19148,-73.0,958.0,3.63,0.0139,1|2|3|4|5|6|7|8|9|10|11|12
DL,BOS,17949,-77.0,1117.0,2.45,0.0095,1|2|3|4|5|6|7|8|9|10|11|12
DL,MCO,15364,-71.0,1157.0,10.44,0.0144,1|2|3|4|5|6|7|8|9|10|11|12
DL,LAS,11294,-57.0,1117.0,0.91,0.0072,1|2|3|4|5|6|7|8|9|10|11|12
DL,SFO,8999,-56.0,1101.0,4.68,0.0069,1|2|3|4|5|6|7|8|9|10|11|12
DL,TPA,8970,-58.0,1033.0,8.64,0.0212,1|2|3|4|5|6|7|8|9|10|11|12
DL,DEN,8706,-63.0,1037.0,2.14,0.0083,1|2|3|4|5|6|7|8|9|10|11|12
DL,FLL,8505,-73.0,1198.0,10.02,0.0112,1|2|3|4|5|6|7|8|9|10|11|12
DL,DFW,8500,-58.0,1218.0,6.38,0.0087,1|2|3|4|5|6|7|8|9|10|11|12
DL,MIA,8053,-69.0,1254.0,13.62,0.0114,1|2|3|4|5|6|7|8|9|10|11|12
DL,RDU,7884,-63.0,1093.0,1.9,0.0084,1|2|3|4|5|6|7|8|9|10|11|12
DL,AUS,7848,-48.0,1144.0,6.94,0.0083,1|2|3|4|5|6|7|8|9|10|11|12
DL,ORD,7687,-57.0,1118.0,8.79,0.012,1|2|3|4|5|6|7|8|9|10|11|12
DL,PHX,7379,-62.0,1075.0,1.21,0.0075,1|2|3|4|5|6|7|8|9|10|11|12
DL,SAN,6549,-62.0,1210.0,4.56,0.0064,1|2|3|4|5|6|7|8|9|10|11|12
DL,DCA,6404,-64.0,1013.0,2.87,0.0117,1|2|3|4|5|6|7|8|9|10|11|12
DL,BNA,5866,-65.0,1170.0,-1.65,0.0082,1|2|3|4|5|6|7|8|9|10|11|12
DL,IAH,5589,-50.0,1119.0,6.01,0.0104,1|2|3|4|5|6|7|8|9|10|11|12
DL,MSY,5084,-64.0,1136.0,3.88,0.0098,1|2|3|4|5|6|7|8|9|10|11|12
DL,RSW,5046,-47.0,1171.0,6.37,0.0155,1|2|3|4|5|6|7|8|9|10|11|12
DL,PDX,4994,-57.0,1067.0,-2.53,0.0094,1|2|3|4|5|6|7|8|9|10|11|12
DL,CVG,4991,-61.0,830.0,1.12,0.0106,1|2|3|4|5|6|7|8|9|10|11|12
DL,MCI,4991,-57.0,926.0,-1.27,0.0076,1|2|3|4|5|6|7|8|9|10|11|12
DL,PBI,4921,-51.0,1087.0,7.93,0.013,1|2|3|4|5|6|7|8|9|10|11|12
DL,EWR,4610,-54.0,1155.0,14.79,0.0115,1|2|3|4|5|6|7|8|9|10|11|12
DL,SAT,4393,-51.0,1137.0,4.17,0.0073,1|2|3|4|5|6|7|8|9|10|11|12
DL,CLT,4310,-52.0,935.0,2.01,0.0051,1|2|3|4|5|6|7|8|9|10|11|12
DL,PHL,4192,-55.0,1097.0,1.41,0.0081,1|2|3|4|5|6|7|8|9|10|11|12
DL,JAX,4061,-55.0,1205.0,5.31,0.0116,1|2|3|4|5|6|7|8|9|10|11|12
DL,STL,3862,-49.0,1052.0,-1.16,0.0075,1|2|3|4|5|6|7|8|9|10|11|12
DL,BWI,3706,-56.0,918.0,1.44,0.0067,1|2|3|4|5|6|7|8|9|10|11|12
DL,SNA,3342,-55.0,1098.0,3.17,0.0048,1|2|3|4|5|6|7|8|9|10|11|12
DL,MEM,3114,-45.0,1024.0,-1.59,0.01,1|2|3|4|5|6|7|8|9|10|11|12
DL,IND,3093,-51.0,1003.0,0.67,0.0068,1|2|3|4|5|6|7|8|9|10|11|12
DL,MKE,3086,-54.0,1159.0,1.9,0.0094,1|2|3|4|5|6|7|8|9|10|11|12
DL,BDL,2795,-60.0,992.0,0.32,0.0072,1|2|3|4|5|6|7|8|9|10|11|12
DL,CHS,2750,-54.0,1146.0,3.81,0.0091,1|2|3|4|5|6|7|8|9|10|11|12
DL,HNL,2564,-78.0,913.0,-3.23,0.0055,1|2|3|4|5|6|7|8|9|10|11|12
DL,SJU,2480,-48.0,1044.0,4.59,0.0036,1|2|3|4|5|6|7|8|9|10|11|12
DL,CMH,2330,-50.0,927.0,-2.58,0.0094,1|2|3|4|5|6|7|8|9|10|11|12
DL,PIT,2329,-51.0,493.0,-1.29,0.0082,1|2|3|4|5|6|7|8|9|10|11|12
DL,SAV,2328,-40.0,1034.0,1.99,0.0077,1|2|3|4|5|6|7|8|9|10|11|12
DL,IAD,2259,-63.0,1087.0,1.57,0.0058,1|2|3|4|5|6|7|8|9|10|11|12
DL,CLE,2257,-42.0,1068.0,-0.6,0.0084,1|2|3|4|5|6|7|8|9|10|11|12
DL,SMF,2246,-44.0,1100.0,-1.16,0.0062,1|2|3|4|5|6|7|8|9|10|11|12
DL,GEG,2107,-49.0,1157.0,2.79,0.0104,1|2|3|4|5|6|7|8|9|10|11|12
DL,SRQ,2087,-50.0,1057.0,6.34,0.0335,1|2|3|4|5|6|7|8|9|10|11|12
DL,BHM,2077,-35.0,728.0,1.2,0.0082,1|2|3|4|5|6|7|8|9|10|11|12
DL,GRR,2002,-55.0,1068.0,-3.48,0.007,1|2|3|4|5|6|7|8|9|10|11|12
DL,BOI,1906,-45.0,637.0,2.64,0.0068,1|2|3|4|5|6|7|8|9|10|11|12
DL,GSP,1865,-47.0,904.0,-4.57,0.008,1|2|3|4|5|6|7|8|9|10|11|12
DL,RIC,1839,-37.0,571.0,1.46,0.0065,1|2|3|4|5|6|7|8|9|10|11|12
DL,PNS,1757,-39.0,943.0,-2.25,0.0057,1|2|3|4|5|6|7|8|9|10|11|12
DL,SDF,1755,-43.0,1010.0,-2.57,0.0103,1|2|3|4|5|6|7|8|9|10|11|12
DL,VPS,1730,-44.0,717.0,1.74,0.0081,1|2|3|4|5|6|7|8|9|10|11|12
DL,ANC,1718,-64.0,1146.0,2.36,0.0093,1|2|3|4|5|6|7|8|9|10|11|12
DL,ORF,1703,-44.0,969.0,7.07,0.0117,1|2|3|4|5|6|7|8|9|10|11|12
DL,GSO,1669,-43.0,1069.0,-3.11,0.0066,1|2|3|4|5|6|7|8|9|10|11|12
DL,ECP,1614,-38.0,547.0,0.64,0.0087,1|2|3|4|5|6|7|8|9|10|11|12
DL,AVL,1578,-50.0,959.0,3.41,0.0215,1|2|3|4|5|6|7|8|9|10|11|12
DL,SJC,1558,-58.0,1054.0,-4.6,0.0077,1|2|3|4|5|6|7|8|9|10|11|12
DL,DAL,1463,-37.0,998.0,7.62,0.0075,1|2|3|4|5|6|7|8|9|10|11|12
DL,BUF,1458,-48.0,872.0,3.09,0.0144,1|2|3|4|5|6|7|8|9|10|11|12
DL,MYR,1450,-37.0,1056.0,-3.73,0.0103,1|2|3|4|5|6|7|8|9|10|11|12
DL,LIT,1386,-45.0,376.0,-4.64,0.0065,1|2|3|4|5|6|7|8|9|10|11|12
DL,JAN,1363,-35.0,691.0,-1.92,0.0044,1|2|3|4|5|6|7|8|9|10|11|12
DL,OMA,1356,-43.0,1206.0,-2.23,0.0111,1|2|3|4|5|6|7|8|9|10|11|12
DL,HSV,1338,-44.0,688.0,-3.78,0.0112,1|2|3|4|5|6|7|8|9|10|11|12
DL,MSN,1332,-48.0,1027.0,-3.66,0.0105,1|2|3|4|5|6|7|8|9|10|11|12
DL,ONT,1281,-46.0,1037.0,-8.05,0.0101,1|2|3|4|5|6|7|8|9|10|11|12
DL,BZN,1269,-39.0,997.0,2.25,0.0047,1|2|3|4|5|6|7|8|9|10|11|12
DL,LEX,1268,-45.0,1177.0,-6.27,0.0118,1|2|3|4|5|6|7|8|9|10|11|12
DL,OKC,1169,-42.0,1032.0,-5.15,0.0086,1|2|3|4|5|6|7|8|9|10|11|12
DL,HOU,1147,-34.0,1102.0,10.33,0.0113,1|2|3|4|5|6|7|8|9|10|11|12
DL,ABQ,1110,-43.0,714.0,-4.86,0.009,1|2|3|4|5|6|7|8|9|10|11|12
DL,GNV,1103,-39.0,1023.0,-1.78,0.0118,1|2|3|4|5|6|7|8|9|10|11|12
DL,CAE,1079,-39.0,844.0,-4.06,0.0065,1|2|3|4|5|6|7|8|9|10|11|12
DL,MDW,1078,-41.0,1179.0,3.19,0.0083,1|2|3|4|5|6|7|8|9|10|11|12
DL,DAB,1045,-33.0,1071.0,2.36,0.0144,1|2|3|4|5|6|7|8|9|10|11|12
DL,TYS,1030,-47.0,488.0,-6.33,0.0097,1|2|3|4|5|6|7|8|9|10|11|12
DL,TUL,989,-38.0,566.0,-3.55,0.0081,1|2|3|4|5|6|7|8|9|10|11|12
DL,TLH,986,-41.0,1200.0,-5.32,0.0142,1|2|3|4|5|6|7|8|9|10|11|12
DL,MLB,954,-38.0,402.0,-2.87,0.0126,1|2|3|4|5|6|7|8|9|10|11|12
DL,PVD,950,-46.0,1067.0,3.58,0.0116,1|2|3|4|5|6|7|8|9|10|11|12
DL,ALB,946,-58.0,1128.0,4.52,0.0106,1|2|3|4|5|6|7|8|9|10|11|12
DL,EYW,912,-42.0,1149.0,11.94,0.0219,1|2|3|4|5|6|7|8|9|10|11|12
DL,JAC,906,-52.0,1057.0,7.54,0.0077,1|2|3|4|5|6|7|8|9|10|11|12
DL,SYR,888,-57.0,647.0,-4.82,0.0068,1|2|3|4|5|6|7|8|9|10|11|12
DL,CHA,875,-36.0,1049.0,0.25,0.0091,1|2|3|4|5|6|7|8|9|10|11|12
DL,DAY,830,-46.0,1025.0,-9.26,0.0108,1|2|3|4|5|6|7|8|9|10|11|12
DL,DSM,825,-43.0,987.0,1.13,0.0133,1|2|3|4|5|6|7|8|9|10|11|12
DL,GPT,824,-42.0,989.0,4.34,0.0121,1|2|3|4|5|6|7|8|9|10|11|12
DL,TUS,806,-55.0,929.0,-3.31,0.0074,1|2|3|4|5|6|7|8|9|10|11|12
DL,ROC,774,-46.0,980.0,3.46,0.009,1|2|3|4|5|6|7|8|9|10|11|12
DL,OGG,736,-74.0,1155.0,-1.3,0.0109,1|2|3|4|5|6|7|8|9|10|11|12
DL,RNO,726,-45.0,672.0,-0.01,0.0096,1|2|3|4|5|6|7|8|9|10|11|12
DL,HPN,678,-46.0,1023.0,-0.37,0.0103,1|2|3|4|5|6|7|8|9|10|11|12
DL,BTR,654,-44.0,706.0,-0.28,0.0153,1|2|3|4|5|6|7|8|9|10|11|12
DL,ICT,620,-42.0,1088.0,0.5,0.0113,1|2|3|4|5|6|7|8|9|10|11|12
DL,STT,597,-60.0,1181.0,7.7,0.0084,1|2|3|4|5|6|7|8|9|10|11|12
DL,MDT,558,-39.0,414.0,-3.57,0.0108,1|3|4|5|6|7|8|9|10|11|12
DL,BIL,552,-37.0,861.0,3.01,0.0091,1|2|3|4|5|6|7|8|9|10|11|12
DL,FCA,541,-47.0,475.0,1.23,0.0074,1|2|3|4|5|6|7|8|9|10|11|12
DL,KOA,532,-68.0,930.0,-4.39,0.0244,1|2|3|4|5|6|7|8|9|10|11|12
DL,ELP,529,-35.0,1139.0,1.49,0.0057,1|2|3|4|5|6|7|8|9|10|11|12
DL,PWM,529,-59.0,876.0,4.65,0.0132,1|2|3|4|5|6|7|8|9|10|11|12
DL,MSO,512,-36.0,521.0,4.68,0.0117,1|2|3|4|5|6|7|8|9|10|11|12
DL,ILM,498,-36.0,624.0,5.53,0.012,1|2|3|4|5|6|7|8|9|10|11|12
DL,FAR,492,-41.0,328.0,-4.49,0.0041,1|2|3|4|5|6|7|8|9|10|11|12
DL,LIH,491,-68.0,1151.0,-9.84,0.0102,1|2|3|4|5|6|7|8|9|10|11|12
DL,FSD,454,-33.0,762.0,17.13,0.0132,1|2|3|4|5|6|7|8|9|10|11|12
DL,BIS,452,-50.0,405.0,-1.47,0.0088,1|2|3|4|5|6|7|8|9|10|11|12
DL,FAI,433,-58.0,1082.0,13.5,0.0092,1|2|3|4|5|6|7|8|9|10|11|12
DL,SBA,433,-45.0,586.0,4.8,0.0069,6|7|8|9|10|11|12
DL,PSP,432,-64.0,284.0,-2.89,0.0023,1|2|3|4|5|9|10|11|12
DL,MOB,420,-37.0,515.0,-1.23,0.0143,1|2|3|4|5|6|7|8|9|10|11|12
DL,XNA,402,-41.0,294.0,-5.08,0.0025,1|2|3|4|5|6|7|8|9|10|11
DL,COS,399,-35.0,1155.0,10.52,0.0025,1|2|3|4|5|6|7|8|9|10|11|12
DL,OAK,392,-42.0,970.0,-2.67,0.0179,1|2|3|4|5|6|7|8|9|10|11|12
DL,BTV,328,-56.0,569.0,2.64,0.0183,1|2|3|4|5|6|7|8|9|10|11|12
DL,TVC,305,-43.0,397.0,-0.07,0.0131,1|2|3|4|5|6|7|8|9|10|11|12
DL,BUR,303,-37.0,1124.0,19.26,0.0066,5|6|7|8|9|10|11|12
DL,LGB,303,-35.0,439.0,6.29,0.0066,1|2|3|4|5|6|7|8|9|10|11|12
DL,ROA,300,-41.0,431.0,-3.59,0.0133,1|2|3|4|5|6|7|8|9|10|11|12
DL,SGF,281,-36.0,520.0,4.59,0.0071,3|4|5|6|7|8|9|10|11|12
DL,PSC,269,-35.0,796.0,-1.01,0.0037,1|5|6|7|8|9|10|11|12
DL,GRB,261,-45.0,522.0,12.85,0.0038,1|2|3|4|5|6|7|8|9|10|11|12
DL,CID,257,-44.0,882.0,15.38,0.0117,1|2|3|4|5|6|7|8|9|10|11|12
DL,FAY,236,-40.0,582.0,-4.7,0.0127,1|2|3|4|5|6|7|8|9|11|12
DL,ATW,224,-43.0,458.0,1.67,0.0089,1|3|4|5|6|7|8|9|10|11|12
DL,OAJ,224,-34.0,321.0,-2.32,0.0134,1|2|3|4|5|6|7|8|9
DL,CHO,192,-38.0,505.0,-0.91,0.0,1|3|4|5|6|7|8|9|10|11
DL,HRL,153,-53.0,175.0,-6.48,0.0,1|2|3|4|5|10|11|12
DL,FAT,140,-30.0,310.0,8.34,0.0214,6|7|8|9|10|11|12
DL,EGE,127,-38.0,226.0,1.59,0.0079,1|2|3|4|12
DL,JNU,114,-39.0,788.0,0.59,0.0,6|7|8|9|10|11
DL,AGS,104,-24.0,935.0,13.38,0.0,4|11|12
DL,TRI,99,-34.0,941.0,4.76,0.0,1|5|6|10|11|12
DL,STX,89,-39.0,147.0,4.15,0.0112,1|2|3|4|5|6|7|8|11|12
DL,HDN,86,-46.0,147.0,9.8,0.0,1|2|3|4|12
DL,MTJ,77,-30.0,242.0,1.17,0.0,1|2|3|4|12
DL,DLH,70,-32.0,390.0,8.42,0.0143,6|7|8|9
DL,IDA,66,-26.0,420.0,13.27,0.0,10|11|12
DL,RAP,66,-28.0,95.0,2.25,0.0303,6|7|8|9
DL,EVV,17,-38.0,64.0,-11.81,0.0588,5|6
F9,DEN,17491,-57.0,1176.0,10.29,0.0148,1|2|3|4|5|6|7|8|9|10|11|12
F9,MCO,12516,-55.0,1130.0,9.49,0.0229,1|2|3|4|5|6|7|8|9|10|11|12
F9,LAS,9143,-55.0,1273.0,11.12,0.0152,1|2|3|4|5|6|7|8|9|10|11|12
F9,PHL,8307,-68.0,1090.0,15.43,0.0254,1|2|3|4|5|6|7|8|9|10|11|12
F9,ATL,8193,-52.0,1161.0,19.75,0.0259,1|2|3|4|5|6|7|8|9|10|11|12
F9,DFW,7150,-54.0,1165.0,20.07,0.0263,1|2|3|4|5|6|7|8|9|10|11|12
F9,PHX,6675,-51.0,1016.0,9.79,0.0126,1|2|3|4|5|6|7|8|9|10|11|12
F9,CLE,4617,-69.0,934.0,14.05,0.0282,1|2|3|4|5|6|7|8|9|10|11|12
F9,TPA,4609,-49.0,1156.0,11.66,0.0284,1|2|3|4|5|6|7|8|9|10|11|12
F9,SJU,4083,-48.0,1267.0,20.3,0.022,1|2|3|4|5|6|7|8|9|10|11|12
F9,RDU,3285,-48.0,1087.0,14.2,0.0286,1|2|3|4|5|6|7|8|9|10|11|12
F9,CVG,3262,-73.0,1280.0,10.77,0.0218,1|2|3|4|5|6|7|8|9|10|11|12
F9,SFO,3195,-47.0,1195.0,30.22,0.021,1|2|3|4|5|6|7|8|9|10|11|12
F9,MDW,2705,-57.0,964.0,12.33,0.0274,1|2|3|4|5|6|7|8|9|10|11|12
F9,MIA,2688,-50.0,1053.0,15.61,0.0234,1|2|3|4|5|6|7|8|9|10|11|12
F9,ONT,2450,-48.0,1212.0,13.22,0.0233,1|2|3|4|5|6|7|8|9|10|11|12
F9,IAH,2365,-47.0,1244.0,28.09,0.0296,1|2|3|4|5|6|7|8|9|10|11|12
F9,SAN,2358,-53.0,1149.0,22.82,0.0204,1|2|3|4|5|6|7|8|9|10|11|12
F9,CLT,2309,-59.0,1279.0,32.82,0.0338,1|2|3|4|5|6|7|8|9|10|11|12
F9,SLC,2235,-50.0,1267.0,15.94,0.0201,1|2|3|4|5|6|7|8|9|10|11|12
F9,BWI,2060,-55.0,1213.0,23.04,0.0379,1|2|3|4|5|6|7|8|9|10|11|12
F9,ORD,1845,-51.0,1159.0,28.47,0.0298,1|2|3|4|5|6|7|8|9|10|11|12
F9,LGA,1769,-53.0,1386.0,23.63,0.0356,1|2|3|4|5|6|7|8|9|10|11|12
F9,RSW,1714,-52.0,897.0,12.46,0.0356,1|2|3|4|5|6|7|8|9|10|11|12
F9,LAX,1621,-33.0,1087.0,28.86,0.0191,4|5|6|7|8|9|10|11|12
F9,DTW,1614,-63.0,1051.0,16.53,0.0328,1|2|3|4|5|6|7|8|9|10|11|12
F9,ISP,1259,-61.0,851.0,8.42,0.0342,1|2|3|4|5|6|7|8|9|10|11|12
F9,TTN,1230,-55.0,575.0,6.95,0.0317,1|2|3|4|5|6|7|8|9|10|11|12
F9,PDX,1206,-38.0,1218.0,15.22,0.0224,1|2|3|4|5|6|7|8|9|10|11|12
F9,MSP,1171,-57.0,975.0,14.87,0.0222,1|2|3|4|5|6|7|8|9|10|11|12
F9,FLL,1154,-42.0,943.0,22.21,0.0407,1|2|3|4|5|6|7|8|9|10|11|12
F9,SEA,1033,-46.0,1039.0,13.32,0.0242,1|2|3|4|5|6|7|8|9|10|11|12
F9,BOS,994,-53.0,1345.0,14.68,0.0231,1|2|3|4|5|6|7|8|9|10|11|12
F9,STL,823,-54.0,1115.0,15.11,0.0267,1|2|3|4|5|6|7|8|9|10|11|12
F9,BUF,796,-57.0,1139.0,11.73,0.0352,1|2|3|4|5|6|7|8|9|10|11|12
F9,SNA,793,-38.0,1285.0,7.47,0.024,1|2|3|4|5|6|7|8|9|10|11|12
F9,DCA,770,-57.0,1061.0,2.08,0.0104,1|2|3|4|5|6|7|8|9|10|11|12
F9,BDL,735,-69.0,1404.0,29.98,0.019,1|2|3|4|5|6|7|8|9|10|11|12
F9,JAX,649,-42.0,1340.0,12.8,0.0277,1|2|3|4|5|6|7|8|9|10|11|12
F9,PBI,593,-51.0,1026.0,24.6,0.0371,1|2|3|4|5|6|7|8|9|10|11|12
F9,MSY,588,-44.0,1158.0,16.46,0.0442,1|2|3|4|5|6|7|8|9|10|11|12
F9,JFK,579,-57.0,1432.0,11.47,0.0121,6|7|8|9|10|11|12
F9,IND,574,-48.0,1381.0,14.81,0.0174,1|2|3|4|5|6|7|8|9|10|11|12
F9,SMF,567,-37.0,1165.0,7.25,0.0194,1|2|3|4|5|6|7|8|9|10|11|12
F9,BNA,539,-54.0,886.0,14.96,0.0167,1|2|3|4|5|6|7|8|9|10|11|12
F9,GRR,522,-65.0,1316.0,15.5,0.0383,1|2|3|4|5|6|7|8|9|10|11|12
F9,AUS,500,-44.0,1243.0,25.16,0.016,1|2|3|4|5|6|7|8|9|10|11|12
F9,SAT,494,-47.0,872.0,10.34,0.0223,1|2|3|4|5|6|7|8|9|10|11|12
F9,ELP,454,-43.0,962.0,13.94,0.0198,1|2|3|4|5|6|7|8|9|10|11|12
F9,SJC,443,-41.0,520.0,9.07,0.0045,7|8|9|10|11|12
F9,SRQ,403,-54.0,1257.0,28.36,0.0471,1|2|3|4|5|6|7|8|9|10|11|12
F9,PIT,377,-48.0,450.0,21.99,0.0451,1|2|3|4|5|6|7|8|9|10|11|12
F9,MKE,371,-54.0,947.0,6.72,0.0108,1|2|3|4|5|6|7|8|9|10|11|12
F9,BQN,358,-54.0,1149.0,6.72,0.014,1|2|3|4|5|6|7|8|9|10|11|12
F9,SYR,338,-59.0,1012.0,8.51,0.0385,1|2|3|4|5|6|7|8|9|10|11|12
F9,OKC,331,-43.0,1095.0,1.39,0.0151,1|2|3|4|5|6|7|8|9|10|11|12
F9,OMA,309,-45.0,1229.0,21.04,0.0194,1|2|3|4|5|6|7|8|9|10|11|12
F9,PWM,306,-68.0,409.0,2.37,0.0654,1|2|3|4|5|6|7|8|9|10|11|12
F9,PNS,303,-53.0,876.0,8.34,0.0165,1|2|3|4|5|6|7|8|9|10|11|12
F9,MYR,296,-45.0,1102.0,13.85,0.0676,3|4|5|6|7|8|9|10|11
F9,MCI,274,-44.0,307.0,9.18,0.0036,1|2|3|4|5|6|7|8|9|10|11|12
F9,EWR,267,-52.0,1242.0,30.39,0.0225,6|7|8|9|10|11|12
F9,FAR,246,-56.0,513.0,7.98,0.0122,1|2|3|4|5|6|7|8|9|10|11|12
F9,HOU,245,-56.0,912.0,17.31,0.049,1|2|3|4|5|6|7|8|9|10|11|12
F9,DSM,214,-49.0,932.0,14.27,0.0234,1|2|3|4|5|6|7|8|9|10|11|12
F9,MSN,210,-54.0,250.0,6.99,0.019,1|2|3|4|5|6|7|8|9|10|11|12
F9,TYS,207,-50.0,966.0,15.65,0.0097,1|2|3|4|5|6|7|8|9|10|11|12
F9,PSE,206,-47.0,278.0,5.68,0.0194,1|2|3|4|5|6|7|8|9|10|11|12
F9,CID,202,-48.0,524.0,4.42,0.0198,1|2|3|4|5|6|7|8|9|10|11|12
F9,ORF,183,-50.0,779.0,30.38,0.0273,1|2|3|4|5|6|7|8|9|10|11|12
F9,FSD,174,-42.0,537.0,9.68,0.0057,1|2|3|4|5|6|7|8|9|10|11|12
F9,CMH,171,-45.0,518.0,14.43,0.0351,1|2|3|4|5|6|7|8|9|10|11|12
F9,XNA,143,-41.0,153.0,4.66,0.007,1|3|4|5|6|7|8|9|10|11|12
F9,MEM,131,-37.0,495.0,15.95,0.0076,1|2|3|4|5|6|7|8|9|10|11|12
F9,CHS,128,-32.0,250.0,14.95,0.0313,3|4|5|6|7|8|9|10|11|12
F9,SAV,107,-37.0,131.0,4.94,0.0374,3|4|5|6|7|8|9|10|11
F9,MSO,93,-40.0,159.0,16.43,0.0215,5|6|7|8|9|10|11
F9,GRB,84,-52.0,898.0,17.49,0.0119,1|2|3|4|5|6|7|8
F9,LIT,78,-36.0,141.0,1.84,0.0128,1|2|3|4|5|6|7|8|9|10|11|12
F9,IAD,69,-34.0,320.0,17.64,0.0,3|11|12
F9,MDT,63,-54.0,205.0,11.13,0.0317,1|2|3|4|5|12
F9,STT,54,-17.0,225.0,24.63,0.0,1|2|3|4|5|6
F9,BUR,47,-27.0,236.0,21.3,0.0,11|12
F9,BMI,40,-33.0,131.0,16.5,0.05,4|5|6|7|8
F9,PSP,14,-24.0,81.0,6.5,0.0,12
F9,STX,12,-9.0,53.0,11.17,0.0,6
F9,BTV,10,-45.0,42.0,-8.9,0.0,12
F9,EGE,8,-1.0,156.0,40.63,0.0,12
G4,SFB,6646,-64.0,1110.0,9.32,0.0166,1|2|3|4|5|6|7|8|9|10|11|12
G4,PIE,5725,-60.0,1202.0,6.6,0.0264,1|2|3|4|5|6|7|8|9|10|11|12
G4,LAS,5285,-53.0,1129.0,2.84,0.0068,1|2|3|4|5|6|7|8|9|10|11|12
G4,PGD,4399,-64.0,1281.0,8.62,0.0173,1|2|3|4|5|6|7|8|9|10|11|12
G4,AZA,4094,-53.0,1209.0,-0.78,0.0061,1|2|3|4|5|6|7|8|9|10|11|12
G4,AVL,2290,-47.0,1101.0,12.73,0.0319,1|2|3|4|5|6|7|8|9|10|11|12
G4,FLL,2277,-44.0,1147.0,13.97,0.0184,1|2|3|4|5|6|7|8|9|10|11|12
G4,CVG,2258,-48.0,1082.0,9.52,0.0146,1|2|3|4|5|6|7|8|9|10|11|12
G4,BNA,2164,-57.0,1575.0,7.57,0.0157,1|2|3|4|5|6|7|8|9|10|11|12
G4,TYS,1974,-60.0,1221.0,5.89,0.0198,1|2|3|4|5|6|7|8|9|10|11|12
G4,SRQ,1821,-47.0,1307.0,2.82,0.0428,1|2|3|4|5|6|7|8|9|10|11|12
G4,VPS,1609,-55.0,1046.0,4.73,0.0174,1|2|3|4|5|6|7|8|9|10|11|12
G4,GRR,1487,-64.0,700.0,3.1,0.0128,1|2|3|4|5|6|7|8|9|10|11|12
G4,PVU,1316,-55.0,1026.0,6.54,0.0038,1|2|3|4|5|6|7|8|9|10|11|12
G4,ABE,1277,-59.0,904.0,-1.01,0.0172,1|2|3|4|5|6|7|8|9|10|11|12
G4,DSM,1204,-47.0,991.0,14.14,0.0183,1|2|3|4|5|6|7|8|9|10|11|12
G4,IND,1000,-51.0,1098.0,13.15,0.019,1|2|3|4|5|6|7|8|9|10|11|12
G4,FNT,991,-60.0,681.0,2.06,0.0091,1|2|3|4|5|6|7|8|9|10|11|12
G4,PIT,984,-50.0,524.0,7.63,0.0213,1|2|3|4|5|6|7|8|9|10|11|12
G4,ATW,909,-63.0,963.0,1.25,0.0209,1|2|3|4|5|6|7|8|9|10|11|12
G4,PIA,794,-75.0,843.0,4.03,0.0139,1|2|3|4|5|6|7|8|9|10|11|12
G4,AUS,793,-38.0,1281.0,17.13,0.0177,1|2|3|4|5|6|7|8|9|10|11|12
G4,MYR,791,-45.0,1045.0,14.03,0.0291,1|2|3|4|5|6|7|8|9|10|11|12
G4,BLV,779,-52.0,1082.0,14.22,0.0244,1|2|3|4|5|6|7|8|9|10|11|12
G4,SNA,755,-42.0,1354.0,19.68,0.0159,1|2|3|4|5|6|7|8|9|10|11|12
G4,LAX,713,-41.0,1232.0,7.86,0.007,1|2|3|4|5|6|7|8|9|10|11|12
G4,BLI,669,-45.0,791.0,-2.93,0.006,1|2|3|4|5|6|7|8|9|10|11|12
G4,CID,668,-67.0,1215.0,5.12,0.024,1|2|3|4|5|6|7|8|9|10|11|12
G4,LCK,666,-48.0,1022.0,13.59,0.024,1|2|3|4|5|6|7|8|9|10|11|12
G4,FSD,663,-55.0,1053.0,10.08,0.009,1|2|3|4|5|6|7|8|9|10|11|12
G4,MDT,627,-60.0,1258.0,13.68,0.0207,1|2|3|4|5|6|7|8|9|10|11|12
G4,SGF,612,-48.0,1362.0,11.64,0.0131,1|2|3|4|5|6|7|8|9|10|11|12
G4,XNA,594,-39.0,1178.0,13.84,0.0118,1|2|3|4|5|6|7|8|9|10|11|12
G4,SAV,593,-31.0,1105.0,14.59,0.0152,1|2|3|4|5|6|7|8|9|10|11|12
G4,FWA,592,-50.0,1118.0,12.97,0.0253,1|2|3|4|5|6|7|8|9|10|11|12
G4,LEX,591,-56.0,965.0,19.78,0.0237,1|2|3|4|5|6|7|8|9|10|11|12
G4,RFD,575,-59.0,1219.0,13.48,0.0191,1|2|3|4|5|6|7|8|9|10|11|12
G4,SBN,567,-58.0,1232.0,7.32,0.0159,1|2|3|4|5|6|7|8|9|10|11|12
G4,CAK,544,-65.0,1032.0,9.85,0.0202,1|2|3|4|5|6|7|8|9|10|11|12
G4,JAX,521,-47.0,550.0,9.73,0.0173,1|2|3|4|5|6|7|8|9|10|11|12
G4,SDF,494,-43.0,1038.0,17.06,0.0142,1|2|3|4|5|6|7|8|9|10|11|12
G4,FAR,490,-53.0,1123.0,2.66,0.0061,1|2|3|4|5|6|7|8|9|10|11|12
G4,SYR,481,-58.0,1082.0,11.09,0.0187,1|2|3|4|5|6|7|8|9|10|11|12
G4,USA,470,-41.0,1059.0,24.95,0.0277,1|2|3|4|5|6|7|8|9|10|11|12
G4,FAT,459,-38.0,1118.0,12.62,0.0044,1|2|3|4|5|6|7|8|9|10|11|12
G4,EWR,451,-74.0,1197.0,0.93,0.0022,1|2|3|4|5|6|7|8|9|10|11|12
G4,EYW,445,-42.0,1283.0,22.67,0.0494,1|2|3|4|5|6|7|8|9|10|11|12
G4,ALB,414,-60.0,1277.0,17.07,0.0169,1|2|3|4|5|6|7|8|9|10|11|12
G4,OMA,412,-48.0,300.0,6.76,0.0243,1|2|3|4|5|6|7|8|9|10|11|12
G4,BGR,386,-91.0,1206.0,1.91,0.0337,1|2|3|4|5|6|7|8|9|10|11|12
G4,BIS,368,-71.0,454.0,-5.67,0.0136,1|2|3|4|5|6|7|8|9|10|11|12
G4,SCK,359,-32.0,1143.0,26.15,0.0056,1|2|3|4|5|6|7|8|9|10|11|12
G4,BOS,357,-61.0,523.0,-4.4,0.0196,1|2|3|4|5|6|7|8|9|10|11|12
G4,MFE,348,-59.0,291.0,5.45,0.0057,1|2|3|4|5|6|7|8|9|10|11|12
G4,IDA,347,-48.0,1285.0,27.92,0.0029,1|2|3|4|5|6|7|8|9|10|11|12
G4,PBG,340,-59.0,1374.0,23.75,0.0412,1|2|3|4|5|6|7|8|9|10|11|12
G4,MEM,335,-48.0,943.0,18.42,0.006,1|2|3|4|5|6|7|8|9|10|11|12
G4,DEN,327,-56.0,513.0,12.62,0.0183,1|2|3|4|5|6|7|8|9|10|11|12
G4,MLI,325,-53.0,1037.0,6.43,0.0154,1|2|3|4|5|6|7|8|9|10|11|12
G4,MDW,317,-49.0,1395.0,22.25,0.0221,1|2|3|4|5|6|7|8|9|10|11|12
G4,HTS,310,-34.0,1026.0,44.67,0.0323,1|2|3|4|5|6|7|8|9|10|11|12
G4,PHX,310,-47.0,1134.0,15.4,0.0097,1|2|3|4|5|6|7|8|9|10|11|12
G4,RAP,304,-62.0,1101.0,7.9,0.0066,1|2|3|4|5|6|7|8|9|10|11|12
G4,SWF,296,-49.0,1053.0,7.71,0.0169,1|2|3|4|5|6|7|8|9|10|11|12
G4,TUL,286,-49.0,941.0,6.79,0.007,1|2|3|4|5|6|7|8|9|10|11|12
G4,BZN,263,-46.0,1301.0,8.13,0.0266,1|2|3|4|5|6|7|8|9|10|11|12
G4,PBI,263,-45.0,906.0,17.71,0.019,1|2|3|4|5|6|7|8|9|10|11|12
G4,IAG,261,-46.0,1199.0,18.93,0.023,1|2|3|4|5|6|7|8|9|10|11|12
G4,PSM,258,-81.0,963.0,1.01,0.0271,1|2|3|4|5|6|7|8|9|10|11|12
G4,MOT,255,-55.0,1150.0,10.69,0.0157,1|2|3|4|5|6|7|8|9|10|11|12
G4,IAD,253,-53.0,1357.0,29.29,0.0198,1|2|3|4|5|6|7|8|9|10|11|12
G4,EUG,249,-36.0,1049.0,18.73,0.0402,1|2|3|4|5|6|7|8|9|10|11|12
G4,ICT,243,-44.0,890.0,6.2,0.0123,1|2|3|4|5|6|7|8|9|10|11|12
G4,TOL,242,-55.0,819.0,11.14,0.0165,1|2|3|4|5|6|7|8|9|10|11|12
G4,BOI,239,-44.0,1345.0,33.06,0.0,1|2|3|4|5|6|7|8|9|10|11|12
G4,TVC,238,-56.0,1046.0,5.52,0.0168,1|2|3|4|5|6|7|8|9|10|11|12
G4,GSP,237,-37.0,959.0,26.97,0.0211,1|2|3|4|5|6|7|8|9|10|11|12
G4,BIL,236,-45.0,411.0,14.84,0.0169,1|2|3|4|5|6|7|8|9|10|11|12
G4,HOU,233,-34.0,1535.0,37.04,0.0129,1|2|3|4|5|6|7|8|9|10|11|12
G4,MFR,231,-30.0,1027.0,20.54,0.0216,1|2|3|4|5|6|7|8|9|10|11|12
G4,PDX,227,-47.0,1059.0,2.05,0.0,1|2|3|4|5|6|7|8|9|10|11|12
G4,RIC,224,-55.0,1345.0,21.58,0.0089,1|2|3|4|5|6|7|8|9|10|11|12
G4,PSC,221,-36.0,189.0,4.23,0.0045,1|2|3|4|5|6|7|8|9|10|11|12
G4,MSO,219,-36.0,971.0,23.51,0.0183,1|2|3|4|5|6|7|8|9|10|11|12
G4,ELM,215,-47.0,368.0,8.05,0.0186,1|2|3|4|5|6|7|8|9|10|11|12
G4,HGR,207,-39.0,990.0,34.22,0.0386,1|2|3|4|5|6|7|8|9|10|11|12
G4,CHA,192,-54.0,886.0,22.15,0.0417,1|2|3|4|5|6|7|8|9|10|11|12
G4,MSP,187,-65.0,960.0,2.68,0.0053,1|2|3|4|5|6|7|8|10|11|12
G4,MLB,184,-44.0,228.0,1.38,0.0326,1|2|3|4|5|6|7|8|9|10|11|12
G4,DAY,181,-59.0,900.0,19.71,0.0552,1|2|3|4|5|6|7|8|9|10|11|12
G4,GEG,179,-33.0,302.0,11.78,0.0056,1|2|3|4|5|6|7|8|9|10|11|12
G4,FCA,177,-53.0,1080.0,18.75,0.0169,1|2|3|4|5|6|7|8|9|10|11|12
G4,PVD,167,-60.0,936.0,9.83,0.006,1|2|3|4|5|6|7|8|9|10|11|12
G4,ROA,165,-38.0,170.0,15.6,0.0424,1|2|3|4|5|6|7|8|9|10|11|12
G4,MCI,164,-46.0,352.0,7.3,0.0183,1|2|3|4|5|6|7|8|10|11|12
G4,MCO,162,-43.0,1212.0,33.07,0.0185,5|6|7|8|9|10|11|12
G4,ORF,162,-36.0,1189.0,26.89,0.0247,1|2|3|4|5|6|7|8
G4,BMI,160,-30.0,1008.0,17.37,0.0125,1|2|3|4|5|6|7|8|9|10|11|12
G4,CKB,154,-30.0,1235.0,38.21,0.026,1|2|3|4|5|6|7|8|9|10|11|12
G4,GRI,149,-38.0,489.0,13.36,0.0201,1|2|3|4|5|6|7|8|9|10|11|12
G4,EVV,142,-49.0,1031.0,26.91,0.0423,1|2|3|4|5|6|7|8|9|10|11|12
G4,CHS,135,-35.0,844.0,14.48,0.037,1|2|3|4|5|6|7|8|9|10|11|12
G4,GFK,132,-72.0,975.0,1.53,0.0076,1|2|3|4|5|6|7|8|9|10|11|12
G4,OAK,124,-30.0,133.0,2.99,0.0161,1|5|6|7|8|9|10|11|12
G4,SAN,116,-26.0,472.0,19.92,0.0086,1|2|3|4|5|6|7|8|9|10|11|12
G4,TRI,115,-41.0,279.0,29.04,0.0261,1|2|3|4|5|6|7|8|9|10|11|12
G4,GTF,113,-61.0,982.0,25.73,0.0088,1|2|3|4|5|6|7|8|9|10|11|12
G4,OKC,111,-45.0,434.0,14.54,0.009,1|2|3|4|5|6|7|8
G4,SHV,106,-40.0,381.0,13.99,0.0189,1|2|3|4|5|6|7|8|9|10|11|12
G4,BWI,102,-33.0,1167.0,36.63,0.0196,1|2|3|4|5|6|7|8|9|10|11|12
G4,GSO,98,-39.0,960.0,32.65,0.0306,1|2|3|4|5|6|7|8|9|10|11|12
G4,STC,97,-52.0,1014.0,3.94,0.0206,1|2|3|4|5|6|7|8|10|11|12
G4,LRD,95,-50.0,1254.0,20.13,0.0105,1|2|3|4|5|6|7|8|9|10|11|12
G4,LIT,82,-31.0,384.0,31.35,0.0122,1|5|6|7|8|10|11|12
G4,GJT,77,-42.0,1251.0,34.27,0.0,1|2|3|4|5|6|7|8|9|10|11|12
G4,MRY,76,-22.0,1118.0,58.26,0.0,1|2|3|4|5|6|7|8|9|10|11|12
G4,SMX,75,-30.0,1169.0,44.63,0.0,1|2|3|4|5|6|7|8|9|10|11|12
G4,SPI,71,-30.0,215.0,15.36,0.0282,1|2|3|4|5|6|7|8|10|11|12
G4,PSP,70,-31.0,210.0,8.39,0.0,1|2|3|4|5|10|11|12
G4,ELP,65,-35.0,151.0,12.52,0.0308,1|3|4|5|6|7|8|9|10|11|12
G4,MSY,64,-39.0,1061.0,17.17,0.0156,1|2|3|4|5|6|7|8|10|11|12
G4,ROC,53,-37.0,287.0,19.33,0.0189,1|2|3|4|10|11|12
G4,GPT,19,-23.0,221.0,50.37,0.0,5|6|7|8
G4,SAT,16,-26.0,1047.0,84.31,0.0,5|6|7|8
G4,BTV,2,15.0,15.0,15.0,0.5,12
G4,RNO,2,6.0,204.0,105.0,0.0,1
HA,HNL,22026,-78.0,737.0,4.17,0.01,1|2|3|4|5|6|7|8|9|10|11|12
HA,OGG,9500,-70.0,1193.0,2.89,0.0095,1|2|3|4|5|6|7|8|9|10|11|12
HA,LIH,6054,-56.0,427.0,2.12,0.0139,1|2|3|4|5|6|7|8|9|10|11|12
HA,KOA,5458,-55.0,392.0,2.64,0.0075,1|2|3|4|5|6|7|8|9|10|11|12
HA,ITO,3420,-25.0,416.0,4.13,0.0114,1|2|3|4|5|6|7|8|9|10|11|12
HA,LAX,1630,-45.0,1076.0,11.03,0.0129,1|2|3|4|5|6|7|8|9|10|11|12
HA,LAS,970,-51.0,1175.0,18.94,0.0021,1|2|3|4|5|6|7|8|9|10|11|12
HA,OAK,706,-46.0,418.0,-2.57,0.0156,1|2|3|4|5|6|7|8|9|10|11|12
HA,SMF,659,-45.0,1036.0,5.2,0.0091,1|2|3|4|5|6|7|8|9|10|11|12
HA,SEA,544,-46.0,1084.0,19.08,0.0257,1|2|3|4|5|6|7|8|9|10|11|12
HA,SFO,523,-43.0,1056.0,5.52,0.0249,1|2|3|4|5|6|7|8|9|10|11|12
HA,PDX,519,-43.0,1072.0,9.96,0.0096,1|2|3|4|5|6|7|8|9|10|11|12
HA,SAN,495,-42.0,812.0,15.34,0.004,1|2|3|4|5|6|7|8|9|10|11|12
HA,LGB,482,-57.0,717.0,-4.58,0.0062,1|2|3|4|5|6|7|8|9|10|11|12
HA,SJC,462,-46.0,163.0,-6.35,0.0043,1|2|3|4|5|6|7|8|9|10|11|12
HA,PHX,258,-46.0,997.0,8.63,0.0039,1|2|3|4|5|6|7|8|9|10|11|12
HA,ONT,257,-57.0,919.0,6.26,0.0078,1|2|3|4|5|6|7|8|9|10|11|12
HA,JFK,244,-45.0,978.0,9.87,0.0164,1|2|3|4|5|6|7|8|9|10|11|12
HA,BOS,163,-39.0,243.0,10.87,0.0061,1|2|3|4|5|6|7|8|9|10|11|12
HA,SLC,134,-44.0,243.0,-0.14,0.0,5|6|7|8|9|10|11|12
HA,AUS,115,-29.0,1734.0,47.13,0.0,1|2|3|4|5|6|7|8|9|10|11|12
HA,PPG,87,-25.0,319.0,2.74,0.0,1|2|3|4|5|6|7|8|9|10|11|12
MQ,DFW,48742,-55.0,857.0,4.68,0.0154,1|2|3|4|5|6|7|8|9|10|11|12
MQ,ORD,23701,-56.0,900.0,7.03,0.0121,1|2|3|4|5|6|7|8|9|10|11|12
MQ,MIA,9796,-48.0,689.0,5.04,0.0136,1|2|3|4|5|6|7|8|9|10|11|12
MQ,PHX,5837,-43.0,661.0,0.46,0.0022,1|2|3|4|5|6|7|8|9|10|11|12
MQ,CLT,4220,-41.0,1500.0,12.28,0.0149,1|2|3|4|5|6|7|8|9|10|11|12
MQ,XNA,3709,-40.0,887.0,7.69,0.0086,1|2|3|4|5|6|7|8|9|10|11|12
MQ,DCA,2933,-51.0,1339.0,7.66,0.014,1|2|3|4|5|6|7|8|9|10|11|12
MQ,SGF,2764,-38.0,884.0,10.39,0.0174,1|2|3|4|5|6|7|8|9|10|11|12
MQ,LIT,2514,-47.0,732.0,12.32,0.0119,1|2|3|4|5|6|7|8|9|10|11|12
MQ,CMH,2159,-58.0,1709.0,7.63,0.0065,1|2|3|4|5|6|7|8|9|10|11|12
MQ,TLH,2004,-39.0,411.0,8.42,0.017,1|2|3|4|5|6|7|8|9|10|11|12
MQ,CVG,1844,-38.0,775.0,9.36,0.0076,1|2|3|4|5|6|7|8|9|10|11|12
MQ,MAF,1778,-30.0,1011.0,9.28,0.0214,1|2|3|4|5|6|7|8|9|10|11|12
MQ,BNA,1766,-38.0,788.0,9.65,0.0221,1|2|3|4|5|6|7|8|9|10|11|12
MQ,BHM,1723,-37.0,908.0,6.81,0.011,1|2|3|4|5|6|7|8|9|10|11|12
MQ,CRP,1718,-30.0,909.0,7.48,0.0175,1|2|3|4|5|6|7|8|9|10|11|12
MQ,ICT,1668,-43.0,846.0,6.38,0.0186,1|2|3|4|5|6|7|8|9|10|11|12
MQ,AUS,1598,-41.0,655.0,10.56,0.0144,1|2|3|4|5|6|7|8|9|10|11|12
MQ,OKC,1491,-36.0,1011.0,4.94,0.0161,1|2|3|4|5|6|7|8|9|10|11|12
MQ,AMA,1464,-32.0,599.0,6.84,0.0171,1|2|3|4|5|6|7|8|9|10|11|12
MQ,EYW,1441,-41.0,1001.0,11.29,0.0278,1|2|3|4|5|6|7|8|9|10|11|12
MQ,LBB,1373,-35.0,1008.0,8.49,0.0204,1|2|3|4|5|6|7|8|9|10|11|12
MQ,BOS,1352,-52.0,1281.0,5.66,0.017,1|2|3|4|5|6|7|8|9|10|11|12
MQ,HSV,1277,-37.0,393.0,11.32,0.0164,1|2|3|4|5|6|7|8|9|10|11|12
MQ,FAR,1250,-57.0,1564.0,3.93,0.0104,1|2|3|4|5|6|7|8|9|10|11|12
MQ,HOU,1237,-37.0,1554.0,9.33,0.0453,1|2|3|4|5|6|7|8|9|10|11|12
MQ,ABI,1236,-32.0,512.0,4.82,0.0049,1|2|3|4|5|6|7|8|9|10|11|12
MQ,STL,1198,-37.0,1361.0,8.47,0.0242,1|2|3|4|5|6|7|8|9|10|11|12
MQ,TUL,1189,-39.0,675.0,2.28,0.0143,1|2|3|4|5|6|7|8|9|10|11|12
MQ,ELP,1184,-37.0,971.0,6.76,0.0093,1|2|3|4|5|6|7|8|9|10|11|12
MQ,GSP,1182,-42.0,630.0,7.78,0.0102,1|2|3|4|5|6|7|8|9|10|11|12
MQ,COU,1170,-52.0,980.0,10.01,0.0239,1|2|3|4|5|6|7|8|9|10|11|12
MQ,SDF,1126,-53.0,927.0,7.85,0.0115,1|2|3|4|5|6|7|8|9|10|11|12
MQ,LRD,1105,-28.0,961.0,11.9,0.0136,1|2|3|4|5|6|7|8|9|10|11|12
MQ,HRL,1104,-31.0,465.0,4.84,0.0136,1|2|3|4|5|6|7|8|9|10|11|12
MQ,MEM,1103,-35.0,344.0,2.48,0.0082,1|2|3|4|5|6|7|8|9|10|11|12
MQ,PNS,1080,-33.0,929.0,7.56,0.0148,1|2|3|4|5|6|7|8|9|10|11|12
MQ,IAH,1029,-47.0,1492.0,7.38,0.0369,1|2|3|4|5|6|7|8|9|10|11|12
MQ,GSO,983,-47.0,1012.0,5.22,0.0071,1|2|3|4|5|6|7|8|9|10|11|12
MQ,CMI,953,-41.0,946.0,5.69,0.0168,1|2|3|4|5|6|7|8|9|10|11|12
MQ,BRO,911,-27.0,374.0,2.85,0.0154,1|2|3|4|5|6|7|8|9|10|11|12
MQ,GRK,895,-30.0,414.0,9.93,0.0168,1|2|3|4|5|6|7|8|9|10|11|12
MQ,CHA,888,-44.0,1149.0,12.99,0.0225,1|2|3|4|5|6|7|8|9|10|11|12
MQ,RDU,877,-43.0,1338.0,4.06,0.008,1|2|3|4|5|6|7|8|9|10|11|12
MQ,TPA,862,-33.0,1529.0,16.31,0.0325,1|2|3|4|5|6|7|8|9|10|11|12
MQ,HPN,848,-46.0,1035.0,3.69,0.0224,1|2|3|4|5|6|7|8|9|10|11|12
MQ,MCI,841,-39.0,489.0,4.08,0.0107,1|2|3|4|5|6|7|8|9|10|11|12
MQ,CID,836,-49.0,485.0,5.65,0.0191,1|2|3|4|5|6|7|8|9|10|11|12
MQ,RAP,833,-56.0,1467.0,7.04,0.0084,1|2|3|4|5|6|7|8|9|10|11|12
MQ,JAX,817,-34.0,362.0,6.8,0.0135,1|2|3|4|5|6|7|8|9|10|11|12
MQ,AVL,802,-41.0,439.0,18.14,0.0224,1|2|3|4|5|6|7|8|9|10|11|12
MQ,ILM,781,-40.0,314.0,4.25,0.009,1|2|3|4|5|6|7|8|9|10|11|12
MQ,JAN,764,-34.0,970.0,12.13,0.0183,1|2|3|4|5|6|7|8|9|10|11|12
MQ,HHH,761,-36.0,309.0,7.69,0.0184,1|2|3|4|5|6|7|8|9|10|11|12
MQ,IND,754,-36.0,360.0,4.3,0.0172,1|2|3|4|5|6|7|8|9|10|11|12
MQ,MSY,750,-35.0,220.0,6.24,0.02,1|2|3|4|5|6|7|8|9|10|11|12
MQ,MOB,738,-38.0,500.0,8.51,0.0149,1|2|3|4|5|6|7|8|9|10|11|12
MQ,LEX,709,-54.0,382.0,2.66,0.0155,1|2|3|4|5|6|7|8|9|10|11|12
MQ,BTR,706,-38.0,418.0,11.39,0.0212,1|2|3|4|5|6|7|8|9|10|11|12
MQ,FSM,699,-50.0,1015.0,9.16,0.0229,1|2|3|4|5|6|7|8|9|10|11|12
MQ,SAV,698,-39.0,941.0,5.75,0.01,1|2|3|4|5|6|8|9|10|11|12
MQ,TYS,698,-35.0,488.0,8.23,0.0086,1|2|3|4|5|6|7|8|9|10|11|12
MQ,MHK,674,-53.0,492.0,-5.24,0.0163,1|2|3|4|5|6|7|8|9|10|11|12
MQ,MLU,663,-37.0,461.0,7.76,0.0196,1|2|3|4|5|6|7|8|9|10|11|12
MQ,CHS,657,-49.0,426.0,4.98,0.0152,1|2|3|4|5|6|7|8|9|10|11|12
MQ,DSM,646,-61.0,876.0,3.4,0.0186,1|2|3|4|5|6|7|8|9|10|11|12
MQ,ABQ,635,-38.0,488.0,3.33,0.0063,1|2|3|4|5|6|7|8|9|10|11|12
MQ,FWA,629,-53.0,243.0,3.15,0.0048,1|2|3|4|5|6|7|8|9|10|11|12
MQ,MSP,622,-45.0,397.0,9.96,0.008,1|2|3|4|5|6|7|8|9|10|11|12
MQ,SYR,616,-53.0,481.0,-0.87,0.0065,1|2|3|4|5|6|7|8|9|10|11|12
MQ,BIL,614,-50.0,903.0,10.51,0.0033,1|2|3|4|5|6|7|8|9|10|11|12
MQ,SHV,606,-34.0,970.0,6.83,0.0132,1|2|3|4|5|6|7|8|9|10|11|12
MQ,CLL,599,-36.0,861.0,7.11,0.0217,1|2|3|4|5|6|7|8|9|10|11|12
MQ,ROC,576,-37.0,306.0,1.18,0.0069,1|2|3|4|5|6|7|8|9|10|11|12
MQ,MLI,567,-53.0,613.0,1.26,0.0247,1|2|3|4|5|6|7|8|9|10|11|12
MQ,DTW,565,-34.0,399.0,4.74,0.0301,1|2|3|4|5|6|7|8|9|10|11|12
MQ,EWR,562,-53.0,1244.0,12.4,0.0374,1|2|3|4|5|6|7|8|9|11|12
MQ,TUS,559,-30.0,183.0,-1.14,0.0036,1|2|3|4|5|6|7|8|9|10|11|12
MQ,MFE,539,-31.0,1366.0,10.15,0.0148,1|2|3|4|5|6|7|8|9|10|11|12
MQ,FSD,532,-46.0,441.0,3.38,0.0338,1|2|3|4|5|6|7|8|9|10|11|12
MQ,GRR,532,-61.0,1521.0,14.0,0.0169,1|2|3|4|5|6|7|8|9|10|11|12
MQ,ATW,521,-40.0,1102.0,9.29,0.0096,1|2|3|4|5|6|7|8|9|10|11|12
MQ,ECP,518,-43.0,371.0,11.34,0.0154,1|2|3|4|5|6|7|8|9|10|11|12
MQ,BMI,506,-45.0,385.0,1.17,0.0217,1|2|3|4|5|6|7|8|9|10|11|12
MQ,EVV,496,-43.0,320.0,3.53,0.006,1|2|3|4|5|6|7|8|9|10|11|12
MQ,PIT,473,-49.0,261.0,4.08,0.0169,1|2|3|4|5|6|8|9|10|11|12
MQ,SJT,473,-29.0,868.0,9.08,0.0275,1|2|3|4|5|6|7|8|9|10|11
MQ,ATL,465,-38.0,1547.0,16.78,0.0215,1|2|3|4|5|6|7|8|9|10|11|12
MQ,MSN,457,-31.0,454.0,13.06,0.0131,1|2|3|4|5|6|7|8|9|10|11|12
MQ,TVC,453,-43.0,908.0,4.78,0.0044,1|2|3|4|5|6|7|8|9|10|11|12
MQ,PIA,434,-55.0,566.0,10.88,0.0138,1|2|3|4|5|6|7|8|9|10|11|12
MQ,CLE,430,-45.0,503.0,1.6,0.0116,1|2|3|4|5|6|7|8|9|10|11|12
MQ,BIS,421,-57.0,318.0,6.28,0.0048,1|2|3|4|5|6|7|8|9|10|11|12
MQ,GNV,404,-41.0,935.0,4.9,0.0173,1|2|3|4|5|6|7|8|9|10|11|12
MQ,BDL,403,-50.0,260.0,0.84,0.0124,1|2|3|4|5|6|7|8|9|10|11|12
MQ,MGM,401,-49.0,734.0,1.16,0.005,1|2|3|4|6|7|8|9|10|11
MQ,YUM,394,-28.0,464.0,1.34,0.0051,3|4|5|6|7|8|9|10|11|12
MQ,OMA,380,-37.0,266.0,3.55,0.0132,1|2|3|4|5|6|7|8|9|10|11|12
MQ,GCK,370,-33.0,931.0,16.64,0.0135,2|3|4|5|6|7|8|9|11|12
MQ,BWI,369,-40.0,326.0,-3.95,0.0136,1|2|3|4|5|6|7|8|9|10|11|12
MQ,SEA,364,-59.0,1662.0,8.71,0.0,1|2|3|4|5|6|7|8|9|10|11
MQ,BUF,362,-40.0,500.0,3.52,0.0028,1|2|3|4|5|6|7|8|9|10|11|12
MQ,GPT,358,-41.0,979.0,13.02,0.0168,1|2|3|4|5|6|7|8|9|10|11|12
MQ,GJT,344,-36.0,1017.0,11.87,0.0058,1|2|3|4|5|6|7|8|9|10|11|12
MQ,MRY,337,-28.0,369.0,0.86,0.003,1|2|4|5|6|7|8|9|10|11|12
MQ,AVP,325,-43.0,917.0,11.87,0.0123,1|2|3|4|5|6|7|8|9|10|11|12
MQ,MQT,321,-50.0,481.0,12.59,0.0062,2|3|4|5|6|7|8|9|10|11|12
MQ,PVD,318,-44.0,862.0,8.16,0.0063,1|2|3|4|5|6|7|8|9|10|11|12
MQ,TXK,317,-34.0,775.0,19.36,0.0095,2|3|4|5|6|7|8|9|10
MQ,ORF,298,-37.0,478.0,2.42,0.0067,1|2|3|4|5|6|7|8|9|10|11|12
MQ,TRI,291,-41.0,176.0,-3.4,0.0103,1|2|4|5|6|7|8|9|10|11|12
MQ,LFT,277,-29.0,300.0,9.19,0.0108,1|4|5|6|7|8|9|10|11|12
MQ,GRB,275,-44.0,678.0,6.71,0.0145,1|2|3|4|5|6|7|8|9|10|11
MQ,RDM,275,-49.0,1006.0,0.86,0.0036,6|7|8|9|10|11|12
MQ,VPS,271,-38.0,919.0,11.14,0.0221,1|2|4|5|6|7|8|9|10|11|12
MQ,MYR,269,-50.0,208.0,4.28,0.0149,2|3|4|5|6|7|8|9|10|11|12
MQ,COS,252,-32.0,1327.0,16.86,0.0,1|2|3|4|5|6|7|8|9|10|11
MQ,SJC,251,-32.0,127.0,-3.08,0.004,1|2|3|4|5|6|7|8|9|10|11|12
MQ,MSO,241,-39.0,242.0,7.31,0.0083,1|2|3|4|5|6|7|8|9|10|11|12
MQ,LSE,238,-38.0,1025.0,9.48,0.021,1|2|5|6|7|8|9|10|11|12
MQ,BFL,235,-30.0,190.0,-3.64,0.0,1|2|3|4|5|6|7|8|9|10|11|12
MQ,BTV,226,-46.0,265.0,11.49,0.0221,6|7|8|9|10|11|12
MQ,RST,224,-48.0,724.0,3.52,0.0,1|2|3|4|5|7|8|9|10|11
MQ,ACT,222,-29.0,1031.0,20.01,0.018,1|2|3|4|5|6|7|8|9
MQ,PWM,212,-42.0,275.0,4.16,0.0094,6|7|8|9|10|11
MQ,MHT,209,-39.0,139.0,-1.91,0.0,6|7|8|9|10|11
MQ,SBA,208,-29.0,164.0,-1.58,0.0144,5|6|7|8|11|12
MQ,RNO,196,-24.0,710.0,14.52,0.0051,1|5|6|7|8|9|10|11|12
MQ,SAT,190,-33.0,243.0,7.76,0.0158,1|2|3|4|5|6|7|8|9|10|11|12
MQ,BOI,185,-31.0,304.0,3.43,0.0054,1|2|3|4|5|6|11|12
MQ,BGR,178,-36.0,174.0,12.07,0.0112,6|7|8|9|10|11
MQ,SMF,174,-26.0,168.0,-1.92,0.0,1|2|3|4|5|6|7|9|10|12
MQ,GGG,165,-25.0,420.0,17.26,0.0182,5|6|7|8|9|10
MQ,STS,164,-32.0,286.0,4.45,0.0,4|5|6|7|8|9|10|11|12
MQ,RIC,155,-41.0,206.0,1.61,0.0065,1|2|4|5|6|10|11|12
MQ,TYR,136,-27.0,725.0,7.59,0.0147,7|8|9|10
MQ,BPT,132,-30.0,375.0,9.44,0.0152,1|2|3|4
MQ,ALB,128,-41.0,193.0,2.57,0.0,2|3|4|5|6|9|10
MQ,DAY,128,-35.0,301.0,6.75,0.0156,1|2|3|4|5|6|7|8|11|12
MQ,DEN,125,-28.0,446.0,8.24,0.0,6|7|8|9|10|11|12
MQ,SBP,122,-26.0,154.0,-3.7,0.0,1|2|6|7|9|10|11|12
MQ,ROW,119,-28.0,231.0,5.04,0.0084,2|3|4|5|6
MQ,AGS,117,-34.0,218.0,2.68,0.0256,4|5|6|9|10|11|12
MQ,LAW,114,-30.0,1656.0,14.01,0.0351,1|2|3|4
MQ,SWO,111,-30.0,337.0,3.83,0.009,2|3|4|5
MQ,PSP,95,-21.0,143.0,4.23,0.0,1|2|3|4|5|9|10|11
MQ,SLC,94,-47.0,266.0,-10.33,0.0,1|4|5|7|11|12
MQ,SPS,82,-34.0,200.0,-1.58,0.0122,11|12
MQ,SAF,72,-23.0,204.0,17.13,0.0278,1|2|3|4|5|6
MQ,RSW,59,-38.0,203.0,19.74,0.0169,1|3|4|5
MQ,BZN,50,-30.0,156.0,2.08,0.0,1|9|10|11|12
MQ,MTJ,48,-21.0,200.0,18.02,0.0417,4|5|6
MQ,ONT,45,-28.0,46.0,-9.58,0.0,1|11|12
MQ,LCH,44,-21.0,822.0,50.09,0.0227,2|3|4|5|6|7|8
MQ,LAX,41,-25.0,228.0,11.44,0.0,11|12
MQ,MKE,40,-30.0,66.0,-3.05,0.05,2|3|6|12
MQ,CAE,35,-34.0,48.0,-3.11,0.0,6|7|8|12
MQ,SFO,34,-30.0,88.0,13.09,0.0,1|2|4|5
MQ,PDX,33,-36.0,25.0,-10.73,0.0,2|3|4|12
MQ,FCA,31,-39.0,284.0,32.97,0.0,5|6|7
MQ,BUR,30,-25.0,1773.0,56.2,0.0,10|11|12
MQ,AEX,24,-21.0,538.0,46.5,0.0,9|10
MQ,EUG,21,-32.0,114.0,-7.48,0.0,12
MQ,DRO,19,-44.0,19.0,-19.21,0.0,12
MQ,IAD,19,-23.0,145.0,13.61,0.0526,1
MQ,LAS,17,-27.0,506.0,51.76,0.0,6|7|8
MQ,HDN,16,-34.0,80.0,4.63,0.0,1|2|3|12
MQ,MVY,14,-15.0,190.0,29.79,0.0,6|7|8
MQ,FAT,13,-16.0,4.0,-6.0,0.0,2|3
MQ,ACK,12,-17.0,67.0,13.33,0.0,6|7|8
MQ,SJU,12,-16.0,171.0,23.0,0.0,8|9
MQ,SRQ,11,-35.0,133.0,8.91,0.0,4|12
MQ,DAB,7,-11.0,62.0,14.57,0.0,2|3
NK,LAS,18432,-71.0,936.0,4.6,0.0118,1|2|3|4|5|6|7|8|9|10|11|12
NK,FLL,17999,-47.0,582.0,14.21,0.0178,1|2|3|4|5|6|7|8|9|10|11|12
NK,MCO,15929,-43.0,1242.0,9.81,0.0177,1|2|3|4|5|6|7|8|9|10|11|12
NK,LAX,8111,-76.0,928.0,2.59,0.0131,1|2|3|4|5|6|7|8|9|10|11|12
NK,EWR,7556,-59.0,739.0,6.43,0.0318,1|2|3|4|5|6|7|8|9|10|11|12
NK,DTW,7449,-58.0,1280.0,1.26,0.0144,1|2|3|4|5|6|7|8|9|10|11|12
NK,ATL,7145,-50.0,975.0,13.36,0.0162,1|2|3|4|5|6|7|8|9|10|11|12
NK,DFW,7086,-44.0,784.0,11.45,0.0119,1|2|3|4|5|6|7|8|9|10|11|12
NK,IAH,6819,-45.0,1048.0,10.18,0.0213,1|2|3|4|5|6|7|8|9|10|11|12
NK,ORD,5896,-64.0,796.0,13.45,0.0159,1|2|3|4|5|6|7|8|9|10|11|12
NK,LGA,5696,-60.0,835.0,2.75,0.0256,1|2|3|4|5|6|7|8|9|10|11|12
NK,BOS,4827,-63.0,1052.0,12.21,0.0336,1|2|3|4|5|6|7|8|9|10|11|12
NK,BWI,4742,-71.0,741.0,7.96,0.0171,1|2|3|4|5|6|7|8|9|10|11|12
NK,TPA,4066,-51.0,854.0,4.51,0.0315,1|2|3|4|5|6|7|8|9|10|11|12
NK,MIA,3842,-48.0,870.0,7.58,0.0193,1|2|3|4|5|6|7|8|9|10|11|12
NK,MSY,3643,-47.0,796.0,6.8,0.0198,1|2|3|4|5|6|7|8|9|10|11|12
NK,PHL,3446,-62.0,492.0,5.6,0.0174,1|2|3|4|5|6|7|8|9|10|11|12
NK,CLT,3432,-56.0,822.0,16.64,0.0283,1|2|3|4|5|6|7|8|9|10|11|12
NK,MYR,3327,-48.0,861.0,5.74,0.0249,1|2|3|4|5|6|7|8|9|10|11|12
NK,SJU,3305,-56.0,1388.0,9.12,0.0179,1|2|3|4|5|6|7|8|9|10|11|12
NK,BNA,2654,-48.0,993.0,10.61,0.0268,1|2|3|4|5|6|7|8|9|10|11|12
NK,PIT,2473,-63.0,1048.0,11.02,0.0271,1|2|3|4|5|6|7|8|9|10|11|12
NK,ACY,2161,-53.0,730.0,0.87,0.018,1|2|3|4|5|6|7|8|9|10|11|12
NK,SAN,1978,-41.0,660.0,9.16,0.0207,1|2|3|4|5|6|7|8|9|10|11|12
NK,OAK,1975,-41.0,806.0,5.23,0.0203,1|2|3|4|5|6|7|8|9|10|11|12
NK,SJC,1825,-43.0,954.0,8.43,0.0132,1|2|3|4|5|6|7|8|9|10|11|12
NK,CMH,1762,-53.0,822.0,4.04,0.0187,1|2|3|4|5|6|7|8|9|10|11|12
NK,RSW,1739,-55.0,753.0,9.14,0.023,1|2|3|4|5|6|7|8|9|10|11|12
NK,IND,1645,-49.0,1079.0,6.96,0.0243,1|2|3|4|5|6|7|8|9|10|11|12
NK,SAT,1482,-41.0,1003.0,9.71,0.0229,1|2|3|4|5|6|7|8|9|10|11|12
NK,BUR,1374,-34.0,711.0,11.01,0.0175,1|2|3|4|5|6|7|8|9|10|11|12
NK,SMF,1267,-38.0,816.0,9.15,0.0166,1|2|3|4|5|6|7|8|9|10|11|12
NK,MCI,1244,-50.0,1421.0,7.47,0.0257,1|2|3|4|5|6|7|8|9|10|11|12
NK,PDX,1193,-57.0,1027.0,9.52,0.021,1|2|3|4|5|6|7|8|9|10|11|12
NK,CHS,898,-43.0,380.0,15.75,0.0345,1|2|3|4|5|6|7|8|9|10|11|12
NK,SLC,869,-45.0,920.0,8.87,0.0104,1|2|3|4|5|6|7|8|9|10|11|12
NK,SNA,863,-34.0,291.0,4.15,0.0139,1|2|3|4|5|6|7|8|9|10|11|12
NK,MSP,827,-47.0,1139.0,10.93,0.0109,1|2|3|4|5|6|7|8|9|10|11|12
NK,RNO,815,-43.0,362.0,3.23,0.0196,1|2|3|4|5|6|7|8|9|10|11|12
NK,PHX,809,-51.0,524.0,13.63,0.0185,1|2|3|4|5|6|7|8|9|10|11|12
NK,RIC,757,-51.0,341.0,11.2,0.0185,1|2|3|4|5|6|7|8|9|10|11|12
NK,AUS,746,-47.0,602.0,10.59,0.0282,1|2|3|4|5|6|7|8|9|10|11|12
NK,STT,721,-50.0,1180.0,7.14,0.0139,1|2|3|4|5|6|7|8|9|10|11|12
NK,CLE,705,-51.0,900.0,6.45,0.027,1|2|3|4|5|6|7|8|9|10|11|12
NK,SEA,675,-46.0,794.0,9.04,0.0119,1|2|3|4|5|6|7|8|9|10|11|12
NK,PNS,670,-41.0,405.0,6.26,0.0313,1|2|3|4|5|6|7|8|9|10|11|12
NK,ORF,669,-55.0,1057.0,13.01,0.0299,1|2|3|4|5|6|7|8|9|10|11|12
NK,MEM,655,-56.0,1127.0,2.77,0.0198,1|2|3|4|5|6|7|8|9|10|11|12
NK,SDF,592,-45.0,936.0,10.88,0.0169,1|2|3|4|5|6|7|8|9|10|11|12
NK,MKE,543,-48.0,891.0,0.9,0.0203,1|2|3|4|5|6|7|8|9|10|11|12
NK,BDL,405,-126.0,402.0,5.02,0.0222,1|2|3|4|5|6|7|8|9|10|11|12
NK,LBE,399,-47.0,588.0,-2.23,0.0201,1|2|3|4|5|6|7|8|9|10|11|12
NK,ABQ,378,-41.0,512.0,4.41,0.0079,1|2|3|4|5|6|7|8|9|10|11|12
NK,BOI,374,-36.0,242.0,4.46,0.0187,1|2|3|4|5|6|7|8|9|10|11|12
NK,ROC,350,-49.0,188.0,1.17,0.0171,1|2|3|4|5|6|7|8|9|10|11|12
NK,PBI,334,-42.0,503.0,2.54,0.015,1|2|3|4|5|6|7|8|9|10|11|12
NK,RDU,297,-38.0,518.0,16.97,0.0168,1|2|3|4|5|6|7|8|9|10|11|12
NK,STL,297,-42.0,926.0,18.45,0.0438,1|2|3|4|5|6|7|8|9|10|11|12
NK,STX,202,-41.0,337.0,13.92,0.0347,1|2|3|4|5|6|7|8|9|10|11|12
NK,MHT,88,-51.0,306.0,7.16,0.0341,1|2|3|4|5
NK,BHM,49,-21.0,107.0,9.1,0.0,10|11|12
NK,DEN,21,-36.0,749.0,48.0,0.0,1
NK,LFT,1,59.0,59.0,59.0,0.0,1
OH,CLT,39720,-48.0,1460.0,8.17,0.0115,1|2|3|4|5|6|7|8|9|10|11|12
OH,DCA,25584,-64.0,1719.0,8.81,0.021,1|2|3|4|5|6|7|8|9|10|11|12
OH,PHL,8689,-51.0,1457.0,8.71,0.0143,1|2|3|4|5|6|7|8|9|10|11|12
OH,DFW,6431,-54.0,1521.0,15.01,0.0261,1|2|3|4|5|6|7|8|9|10|11|12
OH,BHM,2802,-41.0,1466.0,10.47,0.0146,1|2|3|4|5|6|7|8|9|10|11|12
OH,GSP,2747,-48.0,1007.0,6.66,0.0116,1|2|3|4|5|6|7|8|9|10|11|12
OH,TYS,2588,-46.0,1391.0,8.46,0.012,1|2|3|4|5|6|7|8|9|10|11|12
OH,DAY,2570,-52.0,872.0,6.07,0.0117,1|2|3|4|5|6|7|8|9|10|11|12
OH,SAV,2442,-41.0,1858.0,5.74,0.0131,1|2|3|4|5|6|7|8|9|10|11|12
OH,ORF,2195,-43.0,1113.0,6.68,0.0109,1|2|3|4|5|6|7|8|9|10|11|12
OH,HPN,1949,-49.0,1207.0,15.02,0.0257,1|2|3|4|5|6|7|8|9|10|11|12
OH,PNS,1864,-42.0,1238.0,16.83,0.0102,1|2|3|4|5|6|7|8|9|10|11|12
OH,HSV,1775,-46.0,1561.0,16.51,0.0186,1|2|3|4|5|6|7|8|9|10|11|12
OH,GSO,1760,-47.0,1026.0,7.47,0.0119,1|2|3|4|5|6|7|8|9|10|11|12
OH,ATL,1747,-53.0,1873.0,14.54,0.0166,1|2|3|4|5|6|7|8|9|10|11|12
OH,CVG,1733,-38.0,1549.0,13.23,0.011,1|2|3|4|5|6|7|8|9|10|11|12
OH,BNA,1653,-46.0,1067.0,10.49,0.023,1|2|3|4|5|6|7|8|9|10|11|12
OH,MHT,1579,-45.0,1152.0,7.19,0.0139,1|2|3|4|5|6|7|8|9|10|11|12
OH,MYR,1566,-47.0,1412.0,7.17,0.0179,1|2|3|4|5|6|7|8|9|10|11|12
OH,CAE,1534,-42.0,1190.0,9.11,0.0156,1|2|3|4|5|6|7|8|9|10|11|12
OH,AVL,1440,-48.0,1453.0,12.19,0.0306,1|2|3|4|5|6|7|8|9|10|11|12
OH,ILM,1407,-39.0,1312.0,8.83,0.0142,1|2|3|4|5|6|7|8|9|10|11|12
OH,BTR,1320,-45.0,1625.0,12.9,0.0182,1|2|3|4|5|6|7|8|9|10|11|12
OH,BTV,1249,-58.0,1484.0,11.98,0.0192,1|2|3|4|5|6|7|8|9|10|11|12
OH,SHV,1206,-35.0,1466.0,17.36,0.0307,1|2|3|4|5|6|7|8|9|10|11|12
OH,SDF,1200,-46.0,2319.0,16.1,0.0117,1|2|3|4|5|6|7|8|9|10|11|12
OH,CHS,1188,-38.0,884.0,5.01,0.0143,1|2|3|4|5|6|7|8|9|10|11|12
OH,CAK,1158,-44.0,1539.0,7.83,0.0078,1|2|3|4|5|6|7|8|9|10|11|12
OH,IAD,1152,-69.0,1127.0,5.61,0.013,1|2|3|4|5|6|7|8|9|10|11|12
OH,PVD,1142,-38.0,1253.0,8.98,0.0219,1|2|3|4|5|6|7|8|9|10|11|12
OH,AGS,1096,-44.0,1839.0,21.15,0.0219,1|2|3|4|5|6|7|8|9|10|11|12
OH,LEX,1084,-45.0,1547.0,6.89,0.0111,1|2|3|4|5|6|7|8|9|10|11|12
OH,CLE,1046,-45.0,1197.0,8.97,0.0143,1|2|3|4|5|6|7|8|9|10|11|12
OH,CHA,1037,-56.0,587.0,7.35,0.0087,1|2|3|4|5|6|7|8|9|10|11|12
OH,BDL,1036,-41.0,1263.0,9.56,0.0203,1|2|3|4|5|6|7|8|9|10|11|12
OH,CRW,992,-54.0,1166.0,11.15,0.0071,1|2|3|4|5|6|7|8|9|10|11|12
OH,JAN,942,-44.0,905.0,17.09,0.0255,1|2|3|4|5|6|7|8|9|10|11|12
OH,CMH,930,-41.0,1459.0,12.53,0.0108,1|2|3|4|5|6|7|8|9|10|11|12
OH,GPT,854,-37.0,1065.0,6.49,0.0094,1|2|3|4|5|6|7|8|9|10|11|12
OH,DTW,844,-47.0,1446.0,6.09,0.0166,1|2|3|4|5|6|7|8|9|10|11|12
OH,ALB,840,-57.0,1371.0,13.55,0.0286,1|2|3|4|5|6|7|8|9|10|11|12
OH,SBN,835,-41.0,519.0,8.57,0.0072,1|2|3|4|5|6|7|8|9|10|11|12
OH,MLB,808,-33.0,1569.0,6.66,0.0235,1|2|3|4|5|6|7|8|9|10|11|12
OH,ABE,805,-50.0,1064.0,2.55,0.0099,1|2|3|4|5|6|7|8|9|10|11|12
OH,DAB,761,-39.0,933.0,-0.1,0.0276,1|2|3|4|5|6|7|8|9|10|11|12
OH,JAX,756,-36.0,1168.0,9.74,0.0172,1|2|3|4|5|6|7|8|9|10|11|12
OH,MSN,754,-40.0,668.0,9.36,0.008,1|2|3|4|5|6|7|8|9|10|11|12
OH,LFT,738,-38.0,2108.0,25.83,0.0339,1|2|3|4|5|6|7|8|9|10|11|12
OH,ECP,734,-41.0,685.0,10.23,0.0068,1|2|3|4|5|6|7|8|9|10|11|12
OH,MKE,697,-47.0,712.0,11.43,0.0187,1|2|3|4|5|6|7|8|9|10|11|12
OH,OAJ,668,-35.0,503.0,9.5,0.018,1|2|3|4|5|6|7|8|9|10|11|12
OH,SGF,666,-32.0,1456.0,23.89,0.0075,1|2|3|4|5|6|7|8|9|10|11|12
OH,PIA,658,-45.0,1499.0,15.44,0.0122,1|2|3|4|5|6|7|8|9|10|11|12
OH,TLH,638,-44.0,1750.0,16.45,0.0204,1|2|3|4|5|6|7|8|9|10|11|12
OH,BUF,623,-39.0,527.0,12.93,0.0241,1|2|6|7|8|9|10|11|12
OH,RDU,584,-36.0,1755.0,18.36,0.0154,1|2|3|4|5|6|7|8|9|10|11|12
OH,BGR,572,-55.0,1251.0,2.11,0.0367,1|2|3|4|5|6|7|8|9|10|11|12
OH,TUL,549,-42.0,1212.0,12.95,0.0146,1|2|3|4|5|6|7|8|9|10|11|12
OH,PWM,546,-51.0,1249.0,11.94,0.0128,1|2|3|4|5|6|7|8|9|10|11|12
OH,LIT,540,-50.0,2684.0,18.2,0.0222,1|2|3|4|5|6|7|8|9|10|11|12
OH,GNV,528,-39.0,482.0,9.2,0.0398,1|4|5|6|7|8|9|10|11|12
OH,MEM,521,-41.0,481.0,6.15,0.0077,1|2|3|4|5|6|7|8|9|10|11|12
OH,ROC,507,-37.0,1120.0,9.64,0.0099,1|2|3|4|5|6|7|8|9|10|11|12
OH,GRR,505,-38.0,949.0,14.54,0.0277,1|2|3|4|5|6|7|8|9|10|11|12
OH,VPS,496,-37.0,361.0,12.65,0.0161,1|2|3|4|5|6|7|8|9|10|11|12
OH,MLI,494,-47.0,1893.0,9.24,0.0142,1|2|3|4|5|6|7|8|9|10|11|12
OH,PIT,485,-39.0,1130.0,8.71,0.0247,1|2|3|4|5|6|7|8|9|10|11|12
OH,MSY,481,-40.0,276.0,5.83,0.0187,1|2|3|4|5|6|7|8|9|10|11|12
OH,MSP,466,-39.0,1579.0,24.28,0.0193,1|2|3|4|5|6|7|8|9|10|11|12
OH,CID,463,-46.0,1640.0,6.48,0.0389,1|2|3|4|5|6|7|8|9|10|11|12
OH,FAY,456,-52.0,521.0,6.24,0.0132,1|2|3|4|5|6|7|8|9|10|11|12
OH,MDT,442,-40.0,1237.0,9.31,0.0113,1|2|3|4|5|6|7|8|9|10|11|12
OH,MGM,357,-41.0,1186.0,22.49,0.0588,1|2|3|4|5|6|7|8|9|10|11|12
OH,MCI,344,-54.0,871.0,23.17,0.0291,1|2|3|4|5|6|10|11|12
OH,RIC,341,-31.0,386.0,7.46,0.0088,4|5|6|7|8|10|11|12
OH,SYR,322,-38.0,348.0,15.38,0.0124,1|2|3|4|5|6|7|8|9|10|11|12
OH,DSM,320,-46.0,477.0,10.62,0.0188,1|2|3|4|5|6|8|9|10|11|12
OH,STL,296,-40.0,1113.0,14.89,0.0169,1|2|3|4|5|6|7|8|9|10|11|12
OH,SRQ,274,-40.0,1198.0,12.9,0.0438,1|3|4|5|6|7|8|9|10|11|12
OH,ICT,216,-30.0,1544.0,24.14,0.0093,8|9|10|11|12
OH,IND,205,-36.0,394.0,6.99,0.0098,1|2|3|4|5|6|7|8|11|12
OH,OKC,205,-43.0,857.0,12.43,0.0098,1|2|3|4|5|6|7|8|9|10|11|12
OH,LAN,193,-41.0,871.0,17.65,0.0311,1|2|3|4|5|6|7|8|9|10|11|12
OH,ROA,169,-30.0,257.0,13.19,0.0178,1|2|4|5|6|8|9|10|11|12
OH,AVP,162,-47.0,1255.0,4.33,0.0185,1|2|3|4|5|6|7|8|12
OH,XNA,154,-42.0,1209.0,18.23,0.0325,1|2|3|4|5|8|10|11|12
OH,TRI,152,-54.0,1449.0,10.75,0.0197,1|2|3|4|10|11|12
OH,HOU,109,-30.0,1060.0,31.56,0.0917,6|7|8
OH,FWA,103,-39.0,223.0,7.5,0.0,10|11|12
OH,TVC,100,-27.0,101.0,4.64,0.0,6|7|8|9|10|11
OH,OMA,69,-33.0,1139.0,26.91,0.0145,9|10|11|12
OH,CHO,40,-25.0,89.0,0.3,0.0,3|4|10|11
OH,EWN,39,-31.0,1016.0,45.71,0.1026,7|8|9
OH,IAH,29,-42.0,176.0,5.14,0.0,11|12
OH,RSW,23,-43.0,316.0,21.64,0.0435,1|12
OH,BWI,20,-26.0,101.0,2.4,0.0,2|3|4|8|12
OH,MOB,18,-29.0,1305.0,168.13,0.1111,12
OH,EVV,16,-31.0,317.0,7.63,0.0,10
OH,AUS,15,-32.0,165.0,6.87,0.0,3|4
OH,SCE,9,-18.0,17.0,-5.38,0.1111,1|8
OO,DEN,41825,-56.0,1425.0,5.82,0.0136,1|2|3|4|5|6|7|8|9|10|11|12
OO,ORD,37527,-69.0,1357.0,12.62,0.017,1|2|3|4|5|6|7|8|9|10|11|12
OO,LAX,26734,-52.0,1261.0,3.98,0.0031,1|2|3|4|5|6|7|8|9|10|11|12
OO,SFO,22265,-57.0,1313.0,8.33,0.0131,1|2|3|4|5|6|7|8|9|10|11|12
OO,SLC,22105,-58.0,1466.0,-0.04,0.0029,1|2|3|4|5|6|7|8|9|10|11|12
OO,SEA,18554,-49.0,956.0,3.9,0.0043,1|2|3|4|5|6|7|8|9|10|11|12
OO,DTW,18298,-60.0,1541.0,10.97,0.0072,1|2|3|4|5|6|7|8|9|10|11|12
OO,PHX,17816,-49.0,1479.0,2.11,0.0024,1|2|3|4|5|6|7|8|9|10|11|12
OO,MSP,17426,-72.0,1275.0,7.82,0.0074,1|2|3|4|5|6|7|8|9|10|11|12
OO,DFW,17045,-61.0,991.0,6.17,0.0192,1|2|3|4|5|6|7|8|9|10|11|12
OO,IAH,9046,-62.0,1164.0,13.44,0.0271,1|2|3|4|5|6|7|8|9|10|11|12
OO,SAN,8684,-37.0,1035.0,11.7,0.0097,1|2|3|4|5|6|7|8|9|10|11|12
OO,BOI,7903,-48.0,1117.0,2.88,0.0025,1|2|3|4|5|6|7|8|9|10|11|12
OO,PDX,7420,-43.0,1156.0,4.25,0.0054,1|2|3|4|5|6|7|8|9|10|11|12
OO,SMF,6061,-43.0,1399.0,1.52,0.0035,1|2|3|4|5|6|7|8|9|10|11|12
OO,SJC,6015,-47.0,1099.0,0.19,0.0022,1|2|3|4|5|6|7|8|9|10|11|12
OO,ATL,5755,-46.0,1234.0,17.12,0.0087,1|2|3|4|5|6|7|8|9|10|11|12
OO,TUS,5561,-47.0,1383.0,5.37,0.0036,1|2|3|4|5|6|7|8|9|10|11|12
OO,ASE,5490,-58.0,1523.0,19.77,0.0639,1|2|3|4|5|6|7|8|9|10|11|12
OO,FAT,4684,-48.0,1114.0,4.53,0.0047,1|2|3|4|5|6|7|8|9|10|11|12
OO,OKC,4626,-49.0,1052.0,4.54,0.0069,1|2|3|4|5|6|7|8|9|10|11|12
OO,GEG,4187,-57.0,1069.0,0.63,0.0019,1|2|3|4|5|6|7|8|9|10|11|12
OO,PSP,3829,-52.0,1201.0,7.14,0.0086,1|2|3|4|5|6|7|8|9|10|11|12
OO,MKE,3646,-54.0,1232.0,9.09,0.014,1|2|3|4|5|6|7|8|9|10|11|12
OO,COS,3503,-52.0,1100.0,2.38,0.0117,1|2|3|4|5|6|7|8|9|10|11|12
OO,SBN,3194,-57.0,823.0,9.33,0.0182,1|2|3|4|5|6|7|8|9|10|11|12
OO,RNO,3014,-46.0,1216.0,5.88,0.007,1|2|3|4|5|6|7|8|9|10|11|12
OO,OMA,2970,-55.0,1336.0,7.58,0.0088,1|2|3|4|5|6|7|8|9|10|11|12
OO,PSC,2891,-49.0,1107.0,0.26,0.0031,1|2|3|4|5|6|7|8|9|10|11|12
OO,LGA,2886,-69.0,1264.0,14.11,0.0274,1|2|3|4|5|6|7|8|9|10|11|12
OO,BNA,2860,-45.0,920.0,9.91,0.0178,1|2|3|4|5|6|7|8|9|10|11|12
OO,BUR,2856,-40.0,1192.0,8.99,0.0112,1|2|3|4|5|6|7|8|9|10|11|12
OO,SNA,2822,-45.0,1049.0,14.04,0.0128,1|2|3|4|5|6|7|8|9|10|11|12
OO,ABQ,2788,-47.0,898.0,-1.78,0.0047,1|2|3|4|5|6|7|8|9|10|11|12
OO,SBP,2738,-40.0,1022.0,6.08,0.0124,1|2|3|4|5|6|7|8|9|10|11|12
OO,RDM,2635,-45.0,1238.0,10.72,0.0209,1|2|3|4|5|6|7|8|9|10|11|12
OO,AUS,2591,-54.0,1352.0,18.46,0.0035,1|2|3|4|5|6|7|8|9|10|11|12
OO,ATW,2564,-54.0,1166.0,13.9,0.0211,1|2|3|4|5|6|7|8|9|10|11|12
OO,TUL,2494,-50.0,1195.0,0.94,0.0076,1|2|3|4|5|6|7|8|9|10|11|12
OO,MRY,2458,-42.0,1254.0,4.99,0.0085,1|2|3|4|5|6|7|8|9|10|11|12
OO,ICT,2255,-51.0,1127.0,10.05,0.0124,1|2|3|4|5|6|7|8|9|10|11|12
OO,MAF,2222,-41.0,930.0,6.96,0.0126,1|2|3|4|5|6|7|8|9|10|11|12
OO,GRB,2184,-42.0,1331.0,10.81,0.0133,1|2|3|4|5|6|7|8|9|10|11|12
OO,DRO,2146,-63.0,1361.0,10.26,0.0098,1|2|3|4|5|6|7|8|9|10|11|12
OO,SGU,2099,-43.0,1313.0,0.14,0.0024,1|2|3|4|5|6|7|8|9|10|11|12
OO,STS,2056,-34.0,402.0,9.06,0.0044,1|2|3|4|5|6|7|8|9|10|11|12
OO,JFK,2026,-57.0,1213.0,13.2,0.0286,1|2|3|4|5|6|7|8|9|10|11|12
OO,FAR,2013,-50.0,1653.0,13.76,0.0124,1|2|3|4|5|6|7|8|9|10|11|12
OO,MFR,1986,-45.0,1299.0,3.37,0.0101,1|2|3|4|5|6|7|8|9|10|11|12
OO,IDA,1972,-77.0,1237.0,1.09,0.0061,1|2|3|4|5|6|7|8|9|10|11|12
OO,SAF,1932,-56.0,1411.0,9.26,0.0176,1|2|3|4|5|6|7|8|9|10|11|12
OO,ONT,1905,-47.0,508.0,1.75,0.0031,1|2|3|4|5|6|7|8|9|10|11|12
OO,IAD,1885,-51.0,1362.0,13.96,0.0122,1|2|3|4|5|6|7|8|9|10|11|12
OO,FWA,1842,-51.0,993.0,14.01,0.013,1|2|3|4|5|6|7|8|9|10|11|12
OO,GJT,1808,-42.0,1257.0,7.48,0.0088,1|2|3|4|5|6|7|8|9|10|11|12
OO,FSD,1799,-51.0,1493.0,3.19,0.0072,1|2|3|4|5|6|7|8|9|10|11|12
OO,EUG,1775,-46.0,577.0,2.0,0.013,1|2|3|4|5|6|7|8|9|10|11|12
OO,SGF,1702,-49.0,1139.0,14.02,0.0118,1|2|3|4|5|6|7|8|9|10|11|12
OO,XNA,1660,-53.0,1211.0,3.81,0.006,1|2|3|4|5|6|7|8|9|10|11|12
OO,ELP,1616,-38.0,898.0,2.08,0.0068,1|2|3|4|5|6|7|8|9|10|11|12
OO,LAS,1570,-32.0,449.0,17.81,0.0166,1|2|3|4|5|6|7|8|9|10|11|12
OO,MSN,1548,-41.0,1448.0,11.11,0.0142,1|2|3|4|5|6|7|8|9|10|11|12
OO,RAP,1543,-58.0,1016.0,6.65,0.011,1|2|3|4|5|6|7|8|9|10|11|12
OO,BIS,1509,-49.0,1278.0,7.89,0.0099,1|2|3|4|5|6|7|8|9|10|11|12
OO,MBS,1463,-44.0,844.0,10.94,0.0144,1|2|3|4|5|6|7|8|9|10|11|12
OO,GRR,1462,-51.0,1259.0,11.86,0.0198,1|2|3|4|5|6|7|8|9|10|11|12
OO,SUN,1427,-47.0,1381.0,8.22,0.0098,1|2|3|4|5|6|7|8|9|10|11|12
OO,BZN,1423,-49.0,1103.0,2.67,0.0042,1|2|3|4|5|6|7|8|9|10|11|12
OO,MOT,1397,-59.0,983.0,8.88,0.0157,1|2|3|4|5|6|7|8|9|10|11|12
OO,MDW,1392,-41.0,751.0,9.03,0.0065,1|2|3|4|5|6|7|8|9|10|11|12
OO,GTF,1372,-43.0,972.0,-1.63,0.0051,1|2|3|4|5|6|7|8|9|10|11|12
OO,XWA,1370,-50.0,1386.0,10.29,0.0153,1|2|3|4|5|6|7|8|9|10|11|12
OO,CID,1343,-41.0,1400.0,13.81,0.0223,1|2|3|4|5|6|7|8|9|10|11|12
OO,LIT,1337,-47.0,1127.0,9.54,0.0127,1|2|3|4|5|6|7|8|9|10|11|12
OO,LEX,1323,-47.0,935.0,5.14,0.0098,1|2|3|4|5|6|7|8|9|10|11|12
OO,CRW,1292,-43.0,1224.0,19.87,0.0147,1|2|3|4|5|6|7|8|9|10|11|12
OO,FLG,1292,-41.0,1482.0,8.43,0.0039,1|2|3|4|5|6|7|8|9|10|11|12
OO,SDF,1288,-44.0,1045.0,7.99,0.0085,1|2|3|4|5|6|7|8|9|10|11|12
OO,EGE,1240,-50.0,1731.0,4.14,0.0113,1|2|3|4|5|6|7|8|9|10|11|12
OO,LNK,1240,-47.0,1373.0,8.48,0.0048,1|2|3|4|5|6|7|8|9|10|11|12
OO,CPR,1236,-49.0,459.0,-1.85,0.0049,1|2|3|4|5|6|7|8|9|10|11|12
OO,ACV,1231,-43.0,1192.0,18.3,0.0162,1|2|3|4|5|6|7|8|9|10|11|12
OO,SBA,1219,-39.0,1082.0,5.73,0.0115,1|2|3|4|5|6|7|8|9|10|11|12
OO,HSV,1192,-46.0,1407.0,11.33,0.0084,1|2|3|4|5|6|7|8|9|10|11|12
OO,CLE,1168,-36.0,1078.0,6.53,0.0086,1|2|3|4|5|6|7|8|9|10|11|12
OO,DAY,1125,-50.0,469.0,3.92,0.0089,1|2|3|4|5|6|7|8|9|10|11|12
OO,MLI,1116,-42.0,750.0,13.23,0.0152,1|2|3|4|5|6|7|8|9|10|11|12
OO,TYS,1113,-58.0,1295.0,1.98,0.0153,1|2|3|4|5|6|7|8|9|10|11|12
OO,BHM,1106,-49.0,834.0,8.26,0.0054,1|2|3|4|5|6|7|8|9|10|11|12
OO,RDD,1073,-40.0,1076.0,4.61,0.0056,1|2|3|4|5|6|7|8|9|10|11|12
OO,HLN,1068,-45.0,1041.0,8.02,0.0056,1|2|3|4|5|6|7|8|9|10|11|12
OO,FCA,1020,-42.0,996.0,1.11,0.0049,1|2|3|4|5|6|7|8|9|10|11|12
OO,DLH,992,-49.0,889.0,8.03,0.0141,1|2|3|4|5|6|7|8|9|10|11|12
OO,BFL,974,-51.0,701.0,-0.58,0.0051,1|2|3|4|5|6|7|8|9|10|11|12
OO,OAK,944,-33.0,384.0,-1.04,0.0042,1|2|3|4|5|6|7|8|9|10|11|12
OO,BIL,943,-42.0,360.0,-2.29,0.0042,1|2|3|4|5|6|7|8|9|10|11|12
OO,CMH,919,-35.0,1268.0,7.45,0.0022,1|2|3|4|5|6|7|8|9|10|11|12
OO,LBB,845,-39.0,1655.0,9.49,0.0201,1|2|3|4|5|6|7|8|9|10|11|12
OO,TVC,815,-43.0,1266.0,15.93,0.0209,1|2|3|4|5|6|7|8|9|10|11|12
OO,MCI,803,-71.0,1253.0,7.8,0.0187,1|2|3|4|5|6|7|8|9|10|11|12
OO,JAC,800,-57.0,1464.0,5.0,0.0188,1|2|3|4|5|6|7|8|9|10|11|12
OO,YUM,799,-37.0,1123.0,7.65,0.0038,1|2|3|4|5|6|7|8|9|10|11|12
OO,SYR,795,-59.0,654.0,5.18,0.0088,3|4|5|6|7|8|9|10|11|12
OO,IND,790,-36.0,1484.0,7.7,0.0152,1|2|3|4|5|6|7|8|9|10|11|12
OO,MSO,788,-35.0,433.0,2.36,0.0063,1|2|3|4|5|6|7|8|9|10|11|12
OO,LWS,773,-36.0,1008.0,5.06,0.0065,1|2|3|4|5|6|7|8|9|10|11|12
OO,CAK,771,-38.0,1002.0,17.05,0.0182,1|2|3|4|5|6|7|8|9|10|11|12
OO,AEX,757,-40.0,1350.0,13.68,0.0291,1|2|3|4|5|6|7|8|9|10|11|12
OO,PIA,757,-45.0,877.0,13.47,0.0106,1|2|3|4|5|6|7|8|9|10|11|12
OO,HPN,737,-39.0,1186.0,21.38,0.0217,1|2|3|4|5|6|7|8|9|10|11|12
OO,SAT,732,-54.0,1370.0,7.11,0.0096,1|2|3|4|5|6|7|8|9|10|11|12
OO,RDU,720,-49.0,1137.0,14.28,0.0014,4|5|6|7|8|9|10|11|12
OO,LCH,705,-34.0,1064.0,17.84,0.0255,1|2|3|4|5|6|7|8|9|10|11|12
OO,GFK,704,-42.0,623.0,0.66,0.0071,1|2|3|4|5|6|7|8|9|10|11|12
OO,MFE,695,-35.0,823.0,15.39,0.0101,1|2|4|5|6|7|8|9|10|11|12
OO,GSO,694,-48.0,344.0,2.37,0.0072,1|2|3|4|5|6|7|8|9|10|11|12
OO,AZO,684,-48.0,920.0,6.12,0.0219,1|2|3|4|5|6|7|8|9|10|11|12
OO,BLI,677,-24.0,921.0,13.29,0.0074,1|2|3|4|5|6|7|8|9|10|11|12
OO,GSP,677,-49.0,321.0,1.58,0.0162,1|2|3|4|5|6|7|8|9|10|11|12
OO,CHA,670,-42.0,1740.0,19.66,0.0209,1|2|3|4|5|6|7|8|9|10|11|12
OO,LAW,656,-31.0,1024.0,10.93,0.0381,1|2|3|4|5|6|7|8|9|10|11|12
OO,MDT,655,-37.0,561.0,6.73,0.0107,1|2|3|4|5|6|7|8|9|10|11|12
OO,LFT,650,-39.0,1128.0,8.59,0.0138,1|2|3|4|5|6|7|8|9|10|11|12
OO,PIT,646,-45.0,944.0,0.58,0.0015,1|2|3|4|5|6|7|8|9|10|11|12
OO,TYR,632,-39.0,1170.0,12.24,0.0269,1|2|3|4|5|6|7|8|9|10|11|12
OO,CVG,626,-51.0,420.0,5.32,0.0016,1|2|3|4|5|6|7|8|9|10|11|12
OO,DSM,625,-40.0,1234.0,8.38,0.0064,1|2|3|4|5|6|7|8|9|10|11|12
OO,HDN,625,-49.0,1146.0,1.94,0.0096,1|2|3|4|5|6|7|8|9|10|11|12
OO,RHI,593,-52.0,414.0,-3.87,0.0101,1|2|3|4|5|6|7|8|9|10|11|12
OO,AMA,592,-41.0,987.0,13.43,0.0152,1|2|3|4|5|6|7|8|9|10|11|12
OO,FNT,588,-53.0,684.0,18.04,0.0187,1|2|3|4|5|6|7|8|9|10|11|12
OO,LAN,575,-37.0,1076.0,13.54,0.007,1|2|3|4|5|6|7|8|9|10|11|12
OO,PLN,572,-67.0,645.0,4.74,0.021,1|2|3|4|5|6|7|8|9|10|11|12
OO,ROW,568,-40.0,1120.0,22.31,0.0246,1|2|5|6|7|8|9|10|11|12
OO,ALB,567,-64.0,840.0,2.12,0.0018,1|2|3|4|5|6|7|8|9|10|11|12
OO,RST,564,-49.0,519.0,8.75,0.0106,1|2|3|4|5|6|7|8|9|10|11|12
OO,BUF,562,-40.0,364.0,6.04,0.0338,1|2|3|4|5|6|7|8|9|10|11|12
OO,DEC,547,-62.0,1065.0,16.78,0.0311,1|2|3|4|5|6|7|8|9|10|11|12
OO,MEM,546,-40.0,1008.0,10.24,0.0183,1|2|3|4|5|6|7|8|9|10|11|12
OO,ACT,531,-30.0,417.0,12.62,0.0358,1|2|3|4|5|6|7|8|9|10|11|12
OO,JST,531,-53.0,1230.0,10.85,0.0169,1|2|3|4|5|6|7|8|9|10|11|12
OO,ROA,527,-31.0,908.0,17.07,0.0209,1|2|3|4|5|6|7|8|9|10|11|12
OO,ABR,521,-50.0,1126.0,12.58,0.0058,1|2|3|4|5|6|7|8|9|10|11|12
OO,SHR,519,-43.0,472.0,-0.55,0.0193,1|2|3|4|5|6|7|8|9|10|11|12
OO,GUC,518,-54.0,1224.0,-0.16,0.0135,1|2|3|4|5|6|7|8|9|10|11|12
OO,PIH,516,-40.0,230.0,-8.62,0.0,1|2|3|4|5|6|7|8|9|10|11|12
OO,GRI,515,-49.0,946.0,17.24,0.0214,1|2|3|4|5|6|7|8|9|10|11|12
OO,IMT,514,-40.0,413.0,9.79,0.0136,1|2|3|4|5|6|7|8|9|10|11|12
OO,BRO,512,-40.0,1354.0,13.05,0.0215,1|3|4|5|6|7|8|9|10|11|12
OO,GCC,512,-44.0,951.0,1.62,0.0137,1|2|3|4|5|6|7|8|9|10|11|12
OO,SUX,511,-49.0,984.0,17.61,0.0196,1|2|3|4|5|6|7|8|9|10|11|12
OO,BJI,509,-42.0,717.0,7.26,0.0098,1|2|3|4|5|6|7|8|9|10|11|12
OO,PRC,509,-42.0,1012.0,21.28,0.0079,1|2|3|4|5|6|7|8|9|10|11|12
OO,CAE,508,-34.0,525.0,3.33,0.0039,1|2|3|4|5|6|7|8|9|10|11|12
OO,RIC,507,-35.0,1172.0,9.83,0.0,1|2|3|4|5|6|7|8|9|10|11|12
OO,MTJ,506,-51.0,290.0,2.87,0.0158,1|2|3|4|5|6|7|8|9|12
OO,AVL,502,-58.0,1394.0,12.48,0.0438,1|2|3|4|5|6|7|8|9|10|11|12
OO,SLN,502,-40.0,1509.0,9.75,0.0259,1|2|3|4|5|6|7|8|9|10|11|12
OO,ABY,498,-33.0,1318.0,15.83,0.01,1|2|3|4|5|6|7|8|9|10|11|12
OO,CIU,493,-46.0,539.0,17.01,0.0122,1|2|3|4|5|6|7|8|9|10|11|12
OO,CMX,489,-44.0,878.0,16.1,0.0307,1|2|3|4|5|6|7|8|9|10|11|12
OO,BTM,486,-56.0,1096.0,-12.33,0.0,1|2|3|4|5|6|7|8|9|10|11|12
OO,HYS,486,-38.0,1187.0,6.52,0.0206,1|2|3|4|5|6|7|8|9|10|11|12
OO,TWF,486,-32.0,238.0,-6.42,0.0021,1|2|3|4|5|6|7|8|9|10|11|12
OO,ELM,485,-42.0,981.0,19.77,0.0041,1|2|3|4|5|6|7|8|9|10|11|12
OO,DVL,481,-52.0,1445.0,15.41,0.0457,1|2|3|4|5|6|7|8|9|10|11|12
OO,CYS,478,-50.0,687.0,-3.48,0.0251,1|2|3|4|5|6|7|8|9|10|11|12
OO,BRD,469,-42.0,1189.0,5.2,0.0064,1|2|3|4|5|6|7|8|9|10|11|12
OO,BQK,468,-31.0,507.0,20.73,0.0021,1|2|3|4|5|6|7|8|9|10|11|12
OO,DIK,462,-51.0,1200.0,1.25,0.026,1|2|3|4|5|6|7|8|9|10|11|12
OO,HIB,457,-47.0,796.0,-0.38,0.0109,1|2|3|4|5|6|7|8|9|10|11|12
OO,ESC,455,-54.0,486.0,3.73,0.0088,1|2|3|4|5|6|7|8|9|10|11|12
OO,BFF,451,-41.0,1019.0,8.1,0.031,1|2|3|4|5|6|7|8|9|10|11|12
OO,CDC,451,-41.0,867.0,-1.03,0.0111,1|2|3|4|5|6|7|8|9|10|11|12
OO,CHO,451,-36.0,413.0,15.99,0.0177,1|2|3|4|5|6|7|8|9|10|11|12
OO,DDC,451,-41.0,1074.0,24.83,0.031,1|2|3|4|5|6|7|8|9|10|11|12
OO,INL,449,-48.0,1284.0,4.86,0.0134,1|2|3|4|5|6|7|8|9|10|11|12
OO,APN,442,-42.0,640.0,10.06,0.0249,1|2|3|4|5|6|7|8|9|10|11|12
OO,FOD,441,-51.0,1212.0,19.1,0.0181,1|2|3|4|5|6|7|8|9|10|11|12
OO,COD,440,-45.0,952.0,12.25,0.0091,5|6|7|8|9|10|11|12
OO,MEI,440,-64.0,1389.0,10.83,0.0318,1|2|3|4|5|6|7|8|9|10|11|12
OO,MCW,435,-59.0,1083.0,23.12,0.0299,1|2|3|4|5|6|7|8|9|10|11|12
OO,RKS,433,-38.0,1041.0,14.65,0.0069,1|2|3|4|5|6|7|8|9|10|11|12
OO,VCT,433,-33.0,1028.0,7.94,0.0277,1|2|3|4|5|6|7|8|9|10|11|12
OO,LAR,431,-38.0,1289.0,6.79,0.0394,1|2|3|4|5|6|7|8|9|10|11|12
OO,SPS,430,-35.0,653.0,5.5,0.0209,1|2|3|4|5|6|7|8|9|10|11
OO,LGB,428,-30.0,343.0,0.43,0.0,1|2|3|4|5|6|7|8|9|10|11|12
OO,JMS,427,-42.0,1418.0,12.84,0.0468,1|2|3|4|5|6|7|8|9|10|11|12
OO,PIB,427,-56.0,1099.0,7.57,0.0304,1|2|3|4|5|6|7|8|9|10|11|12
OO,PVD,427,-36.0,411.0,3.06,0.0047,3|4|5|6|7|8|9|10|11|12
OO,SHV,425,-31.0,923.0,4.79,0.0094,1|2|3|5|6|7|8|9|10|11|12
OO,LBF,424,-46.0,1050.0,5.86,0.0165,1|2|3|4|5|6|7|8|9|10|11|12
OO,MGM,422,-39.0,973.0,17.73,0.0071,1|2|3|4|5|6|7|8|9|10|11|12
OO,RIW,422,-33.0,1010.0,11.75,0.0213,1|2|3|4|5|6|7|8|9|10|11|12
OO,JLN,419,-65.0,1026.0,8.65,0.0191,1|2|3|4|5|6|7|8|9|10|11|12
OO,BTR,414,-36.0,752.0,8.95,0.0266,1|2|3|4|5|6|7|8|9|10|11|12
OO,LBL,407,-32.0,1019.0,8.61,0.0442,1|2|3|4|5|6|7|8|9|10|11|12
OO,STL,391,-52.0,1146.0,14.87,0.0128,1|2|3|4|5|6|7|8|9|10|11|12
OO,ALW,385,-21.0,135.0,2.23,0.0286,1|2|3|4|5|6|7|8|9
OO,SCE,385,-41.0,461.0,9.88,0.0182,1|2|3|4|5|6|7|8|9|10|11|12
OO,SWO,379,-41.0,1183.0,11.31,0.0317,1|2|5|6|7|8|9|10|11|12
OO,BPT,369,-40.0,555.0,2.0,0.0217,1|4|5|6|7|8|9|10|11|12
OO,GRK,365,-30.0,902.0,12.52,0.0356,1|2|3|4|5|6|7|8|9|10|11|12
OO,ROC,359,-38.0,284.0,3.81,0.0,1|2|3|4|5|6|7|8|9|10|11|12
OO,GGG,348,-32.0,391.0,10.62,0.023,1|2|3|4|5|6|7|9|10|11|12
OO,JAN,328,-37.0,1696.0,14.16,0.003,1|2|3|4|5|6|7|8|9|10|11
OO,HOB,306,-43.0,840.0,17.73,0.0131,5|6|7|8|9|10|11|12
OO,PWM,304,-52.0,1175.0,12.83,0.0033,1|2|3|4|5|9|10|11|12
OO,AGS,300,-33.0,352.0,19.22,0.0133,1|2|3|4|5|6|9|10|11|12
OO,CSG,294,-28.0,403.0,14.42,0.0136,1|2|3|4|5|6|7|9
OO,EVV,289,-41.0,610.0,19.24,0.0069,1|3|4|5|6|9|10|11|12
OO,SAV,277,-40.0,290.0,1.86,0.0253,1|2|3|5|6|7|8|9|10|11|12
OO,CHS,263,-35.0,371.0,12.66,0.0152,1|2|5|6|7|8|9|10|11|12
OO,HOU,260,-34.0,360.0,16.91,0.0115,1|2|8|9|10|11|12
OO,EKO,257,-43.0,696.0,-6.01,0.0078,1|2|3|4|5|6|7|8|9|10|11|12
OO,ORF,255,-37.0,991.0,18.91,0.0039,5|6|7|8|9|10|11|12
OO,OTH,244,-41.0,1324.0,26.04,0.0123,1|2|3|4|5|6|7|8|9|10|11|12
OO,SJT,242,-37.0,1058.0,12.51,0.0165,1|2|5|6|7|8|9|10|11|12
OO,GPT,234,-30.0,567.0,11.53,0.0128,1|2|3|4|5|8|9|10|11|12
OO,PVU,231,-43.0,437.0,21.37,0.0087,10|11|12
OO,ABE,227,-47.0,851.0,26.58,0.0352,1|2|3|4|5|6|12
OO,MSY,226,-35.0,459.0,9.89,0.031,1|2|5|6|7|8|9|12
OO,WYS,223,-38.0,396.0,3.45,0.0135,5|6|7|8|9|10
OO,TXK,218,-32.0,403.0,11.2,0.0413,1|2|5|6|10|11|12
OO,BIH,196,-51.0,261.0,10.0,0.0663,1|2|3|4|7|8|9|10|12
OO,ECP,196,-41.0,283.0,0.52,0.0,2|3|4|5|6|7|8|9|10|11|12
OO,CLL,187,-27.0,345.0,15.81,0.0374,1|2|5|6|9|10|11|12
OO,CRP,181,-31.0,608.0,4.68,0.0221,1|2|3|4|6|7|8|9|10|11|12
OO,MQT,179,-41.0,919.0,5.92,0.0112,4|5|6|7|8|9|10|11|12
OO,HRL,172,-37.0,275.0,-2.6,0.0233,1|2|3|4|5|10|11|12
OO,BTV,166,-41.0,344.0,7.28,0.0,4|5|6|9|10|11|12
OO,GCK,155,-40.0,519.0,15.07,0.0452,1|2|9|10|11
OO,DHN,154,-35.0,621.0,10.45,0.0065,4|5|6|7|8|9
OO,MLU,153,-29.0,456.0,14.36,0.0131,1|2|8|9|10|12
OO,PHL,143,-32.0,1328.0,19.54,0.007,1|2|3|4|5|6|11|12
OO,FAY,137,-27.0,1080.0,32.9,0.0073,1|5|6|7|8|9|10
OO,MOB,132,-35.0,928.0,15.73,0.0,1|2|3|5|6|7
OO,FSM,125,-31.0,956.0,8.21,0.048,1|2|3|4|5|9|10|11
OO,DCA,122,-60.0,881.0,7.31,0.0082,1|2|3|4|5|6|7|8|10|11|12
OO,PNS,122,-38.0,1287.0,28.79,0.0,1|2|3|4|5|6|10|11|12
OO,JAX,116,-33.0,210.0,2.76,0.0172,1|2|3|4|5|6|7|8
OO,BGR,113,-38.0,918.0,16.78,0.0,5|6|7|8|9|10
OO,TRI,102,-31.0,307.0,7.85,0.0,1|2|3|5
OO,EAR,73,-33.0,560.0,7.19,0.0137,11|12
OO,KTN,69,-19.0,420.0,37.42,0.029,6|7|8|9
OO,COU,65,-33.0,919.0,38.53,0.0154,7|8|9|10|11|12
OO,SIT,65,-35.0,911.0,41.66,0.0615,6|7|8|9
OO,BDL,53,-32.0,1327.0,24.06,0.0,2|3|6|7|8|9|10|11|12
OO,CLT,43,-40.0,116.0,2.21,0.0,2|3|4|5|6
OO,LRD,39,-28.0,195.0,5.28,0.0,4|5|6|10|11
OO,VLD,39,-22.0,68.0,1.41,0.0,3|4
OO,VEL,38,-33.0,1053.0,23.08,0.0,1
OO,AVP,34,-38.0,745.0,57.67,0.0294,1|2|3|10
OO,SRQ,28,-21.0,1231.0,105.11,0.0,1|3|6|9|10|11|12
OO,MGW,25,-36.0,450.0,72.64,0.0,12
OO,EAU,24,-31.0,299.0,10.05,0.0833,12
OO,CNY,22,-30.0,207.0,5.4,0.0909,1
OO,MYR,22,-29.0,28.0,-12.09,0.0,5|6|8|9|10
OO,ACK,21,-40.0,350.0,27.55,0.0476,5|6|7|8
OO,ILM,20,-31.0,128.0,-0.95,0.0,1|2|3|5|6|7|8
OO,BWI,6,-18.0,-7.0,-11.5,0.0,10|11
OO,MHK,2,-17.0,-10.0,-13.5,0.0,11
OO,BOS,1,15.0,15.0,15.0,0.0,6
OO,TLH,1,47.0,47.0,47.0,0.0,6
UA,DEN,71174,-56.0,1229.0,7.22,0.0117,1|2|3|4|5|6|7|8|9|10|11|12
UA,ORD,62856,-72.0,1330.0,6.96,0.0132,1|2|3|4|5|6|7|8|9|10|11|12
UA,EWR,48203,-74.0,1131.0,7.73,0.024,1|2|3|4|5|6|7|8|9|10|11|12
UA,IAH,47792,-64.0,1138.0,11.85,0.0187,1|2|3|4|5|6|7|8|9|10|11|12
UA,SFO,35606,-61.0,1012.0,2.84,0.0142,1|2|3|4|5|6|7|8|9|10|11|12
UA,IAD,22442,-63.0,1150.0,3.27,0.0151,1|2|3|4|5|6|7|8|9|10|11|12
UA,LAX,19078,-74.0,985.0,0.66,0.0167,1|2|3|4|5|6|7|8|9|10|11|12
UA,LAS,10013,-54.0,1161.0,3.3,0.0191,1|2|3|4|5|6|7|8|9|10|11|12
UA,MCO,9671,-50.0,1383.0,7.95,0.0279,1|2|3|4|5|6|7|8|9|10|11|12
UA,BOS,8627,-70.0,1170.0,2.03,0.0183,1|2|3|4|5|6|7|8|9|10|11|12
UA,SAN,7150,-52.0,1106.0,4.01,0.0186,1|2|3|4|5|6|7|8|9|10|11|12
UA,PHX,7124,-49.0,1053.0,1.34,0.0167,1|2|3|4|5|6|7|8|9|10|11|12
UA,AUS,6674,-55.0,1524.0,5.08,0.0132,1|2|3|4|5|6|7|8|9|10|11|12
UA,SEA,6284,-61.0,794.0,3.91,0.0169,1|2|3|4|5|6|7|8|9|10|11|12
UA,CLE,6021,-59.0,503.0,-2.19,0.0143,1|2|3|4|5|6|7|8|9|10|11|12
UA,TPA,6011,-58.0,1417.0,7.64,0.0298,1|2|3|4|5|6|7|8|9|10|11|12
UA,DFW,5809,-57.0,1365.0,10.53,0.0164,1|2|3|4|5|6|7|8|9|10|11|12
UA,LGA,5787,-72.0,1296.0,1.38,0.0206,1|2|3|4|5|6|7|8|9|10|11|12
UA,FLL,5747,-53.0,1208.0,5.95,0.0247,1|2|3|4|5|6|7|8|9|10|11|12
UA,ATL,5043,-53.0,1160.0,7.52,0.0163,1|2|3|4|5|6|7|8|9|10|11|12
UA,PDX,4615,-56.0,1447.0,4.13,0.0145,1|2|3|4|5|6|7|8|9|10|11|12
UA,MSY,4508,-46.0,975.0,4.32,0.0215,1|2|3|4|5|6|7|8|9|10|11|12
UA,MIA,4450,-56.0,1335.0,13.71,0.0256,1|2|3|4|5|6|7|8|9|10|11|12
UA,BNA,4344,-48.0,1816.0,7.05,0.0157,1|2|3|4|5|6|7|8|9|10|11|12
UA,DCA,4265,-64.0,1166.0,5.18,0.0176,1|2|3|4|5|6|7|8|9|10|11|12
UA,SNA,4249,-56.0,1398.0,0.49,0.0073,1|2|3|4|5|6|7|8|9|10|11|12
UA,SAT,3962,-50.0,773.0,1.81,0.0189,1|2|3|4|5|6|7|8|9|10|11|12
UA,RDU,3887,-58.0,1200.0,5.14,0.0134,1|2|3|4|5|6|7|8|9|10|11|12
UA,RSW,3874,-50.0,1240.0,2.33,0.0341,1|2|3|4|5|6|7|8|9|10|11|12
UA,MSP,3745,-50.0,718.0,4.46,0.0128,1|2|3|4|5|6|7|8|9|10|11|12
UA,HNL,3532,-85.0,1302.0,-0.86,0.0119,1|2|3|4|5|6|7|8|9|10|11|12
UA,PHL,2837,-72.0,1024.0,1.45,0.013,1|2|3|4|5|6|7|8|9|10|11|12
UA,CLT,2831,-44.0,986.0,8.46,0.0145,1|2|3|4|5|6|7|8|9|10|11|12
UA,SLC,2818,-48.0,975.0,6.39,0.017,1|2|3|4|5|6|7|8|9|10|11|12
UA,SMF,2772,-49.0,944.0,0.4,0.0152,1|2|3|4|5|6|7|8|9|10|11|12
UA,JAX,2675,-42.0,921.0,5.78,0.0153,1|2|3|4|5|6|7|8|9|10|11|12
UA,MCI,2577,-39.0,589.0,1.93,0.0136,1|2|3|4|5|6|7|8|9|10|11|12
UA,PBI,2479,-55.0,1220.0,10.04,0.0315,1|2|3|4|5|6|7|8|9|10|11|12
UA,BWI,2472,-62.0,1221.0,-0.24,0.0166,1|2|3|4|5|6|7|8|9|10|11|12
UA,SJU,2167,-56.0,1465.0,9.22,0.0125,1|2|3|4|5|6|7|8|9|10|11|12
UA,STL,2143,-48.0,902.0,10.9,0.0117,1|2|3|4|5|6|7|8|9|10|11|12
UA,PIT,2138,-60.0,1179.0,3.86,0.0103,1|2|3|4|5|6|7|8|9|10|11|12
UA,OMA,2045,-45.0,1145.0,6.92,0.0156,1|2|3|4|5|6|7|8|9|10|11|12
UA,CMH,1865,-42.0,706.0,10.52,0.0145,1|2|3|4|5|6|7|8|9|10|11|12
UA,IND,1686,-52.0,380.0,4.0,0.0225,1|2|3|4|5|6|7|8|9|10|11|12
UA,ORF,1645,-60.0,653.0,2.5,0.0237,1|2|3|4|5|6|7|8|9|10|11|12
UA,DTW,1579,-51.0,1108.0,1.79,0.0089,1|2|3|4|5|6|7|8|9|10|11|12
UA,RNO,1568,-43.0,1113.0,7.56,0.0121,1|2|3|4|5|6|7|8|9|10|11|12
UA,CHS,1548,-44.0,1011.0,5.77,0.0123,1|2|3|4|5|6|7|8|9|10|11|12
UA,BZN,1537,-42.0,1091.0,6.95,0.0143,1|2|3|4|5|6|7|8|9|10|11|12
UA,BDL,1534,-71.0,743.0,1.34,0.0137,1|2|3|4|5|6|7|8|9|10|11|12
UA,SJC,1474,-45.0,1202.0,-4.58,0.0115,1|2|3|4|5|6|7|8|9|10|11|12
UA,CVG,1456,-55.0,810.0,2.66,0.011,1|2|3|4|5|6|7|8|9|10|11|12
UA,JAC,1408,-51.0,1054.0,11.4,0.0213,1|2|3|4|5|6|7|8|9|10|11|12
UA,DSM,1390,-41.0,946.0,5.14,0.0122,1|2|3|4|5|6|7|8|9|10|11|12
UA,OGG,1311,-76.0,770.0,-10.21,0.0099,1|2|3|4|5|6|7|8|9|10|11|12
UA,ABQ,1290,-38.0,364.0,-1.51,0.0116,1|2|3|4|5|6|7|8|9|10|11|12
UA,SRQ,1198,-60.0,1200.0,6.91,0.0376,1|2|3|4|5|6|7|8|9|10|11|12
UA,KOA,1140,-83.0,1513.0,-0.12,0.014,1|2|3|4|5|6|7|8|9|10|11|12
UA,BUR,1116,-40.0,512.0,9.86,0.0152,1|2|3|4|5|6|7|8|9|10|11|12
UA,MEM,1073,-38.0,462.0,2.95,0.0149,1|2|3|4|5|6|7|8|9|10|11|12
UA,MSN,1073,-50.0,1724.0,4.99,0.0149,1|2|3|4|5|6|7|8|9|10|11|12
UA,SBA,1051,-36.0,663.0,11.14,0.02,1|2|3|4|5|6|7|8|9|10|11|12
UA,PSP,1042,-53.0,1047.0,3.46,0.0058,1|2|3|4|5|6|8|9|10|11|12
UA,EUG,1028,-36.0,1125.0,7.34,0.0156,1|2|3|4|5|6|7|8|9|10|11|12
UA,ONT,1005,-39.0,1122.0,-0.31,0.008,1|2|3|4|5|6|7|8|9|10|11|12
UA,GRR,996,-57.0,422.0,1.93,0.0131,1|2|3|4|5|6|7|8|9|10|11|12
UA,BOI,946,-40.0,1046.0,2.5,0.0201,1|2|3|4|5|6|7|8|9|10|11|12
UA,ANC,907,-63.0,1346.0,1.51,0.0165,1|2|3|4|5|6|7|8|9|10|11|12
UA,SAV,906,-42.0,1141.0,4.92,0.0166,1|2|3|4|5|6|7|8|9|10|11|12
UA,MFR,841,-39.0,713.0,4.19,0.0119,1|2|3|4|5|6|7|8|9|10|11|12
UA,LIH,832,-64.0,1390.0,-5.71,0.0036,1|2|3|4|5|6|7|8|9|10|11|12
UA,CID,801,-37.0,1307.0,7.63,0.0175,1|2|3|4|5|6|7|8|9|10|11|12
UA,BTV,779,-49.0,965.0,8.23,0.018,1|2|3|4|5|6|7|8|9|10|11|12
UA,TUS,761,-53.0,1423.0,4.05,0.0079,1|2|3|4|5|8|9|10|11|12
UA,MSO,734,-49.0,1094.0,3.55,0.0163,1|2|3|4|5|6|7|8|9|10|11|12
UA,RDM,720,-40.0,1466.0,22.11,0.0125,1|2|3|4|5|6|7|8|9|10|11|12
UA,RAP,712,-49.0,239.0,1.77,0.0126,1|2|3|4|5|6|7|8|9|10|11|12
UA,SYR,700,-70.0,929.0,0.18,0.01,1|2|3|4|5|6|7|8|9|10|11|12
UA,ROC,686,-41.0,960.0,6.11,0.0131,1|2|3|4|5|6|7|8|9|10|11|12
UA,BUF,679,-46.0,963.0,10.68,0.0191,1|2|3|4|5|6|7|8|9|10|11|12
UA,FCA,635,-53.0,1013.0,7.75,0.0094,1|2|3|4|5|6|7|8|9|10|11|12
UA,GEG,615,-42.0,578.0,-4.76,0.0211,1|2|3|4|5|6|7|8|9|10|11|12
UA,RIC,609,-46.0,321.0,-2.49,0.0115,1|2|3|4|5|6|7|8|9|10|11|12
UA,MTJ,608,-51.0,431.0,-0.29,0.0132,1|2|3|4|5|6|7|8|9|10|11|12
UA,SDF,604,-56.0,1294.0,6.26,0.0066,1|2|3|4|5|6|7|8|9|10|11|12
UA,PWM,572,-36.0,269.0,3.54,0.021,1|2|3|4|5|6|7|8|9|10|11|12
UA,STT,557,-61.0,1237.0,1.05,0.009,1|2|3|4|5|6|7|8|9|10|11|12
UA,ALB,531,-48.0,383.0,3.79,0.0151,1|2|3|4|5|6|7|8|9|10|11|12
UA,EYW,531,-44.0,320.0,13.66,0.0282,1|2|3|4|5|6|7|8|9|10|11|12
UA,COS,530,-36.0,564.0,6.41,0.0189,1|2|3|4|5|6|7|8|9|10|11|12
UA,FSD,514,-51.0,498.0,0.27,0.0058,1|2|3|4|5|6|7|8|9|10|11|12
UA,BIL,512,-36.0,235.0,-1.88,0.0078,1|2|3|4|5|6|7|8|9|10|11|12
UA,GJT,510,-44.0,848.0,-4.42,0.0059,1|2|3|4|5|6|7|8|9|10|11|12
UA,GUM,494,-58.0,152.0,-11.41,0.002,1|2|3|4|5|6|7|8|9|10|11|12
UA,PNS,475,-41.0,908.0,-0.32,0.0189,1|2|3|4|5|6|7|8|9|10|11|12
UA,DRO,474,-47.0,670.0,-3.84,0.0105,1|2|3|4|5|6|7|8|9|10|11|12
UA,MKE,459,-48.0,397.0,4.52,0.0153,1|2|3|4|5|6|7|8|9|10|11|12
UA,ICT,426,-32.0,812.0,8.03,0.0094,1|2|3|4|5|6|7|8|9|10|11|12
UA,TVC,414,-46.0,407.0,8.49,0.0072,1|2|3|4|5|6|7|8|9|10|11|12
UA,HDN,412,-49.0,635.0,3.99,0.0121,1|2|3|12
UA,MFE,405,-37.0,343.0,-3.75,0.0444,1|2|3|4|5|6|7|8|9|10|11|12
UA,EGE,370,-45.0,481.0,13.14,0.0108,1|2|3|4|5|6|7|8|12
UA,TUL,336,-30.0,355.0,4.58,0.0089,1|2|3|4|5|6|7|8|9|10|11|12
UA,GSP,320,-44.0,479.0,5.72,0.0094,1|2|3|4|5|6|7|8|9|10|11|12
UA,MDT,290,-34.0,371.0,3.78,0.0069,1|2|3|4|5|6|7|8|9|10|11|12
UA,BQN,256,-51.0,1108.0,17.15,0.0313,1|2|3|4|5|6|7|8|9|10|11|12
UA,FAT,254,-35.0,675.0,14.03,0.0315,1|5|6|7|8|9|10|11|12
UA,ELP,248,-29.0,204.0,-2.7,0.004,1|2|3|4|5|8|9|10|11|12
UA,SPN,248,-32.0,277.0,-5.87,0.0081,1|2|3|4|5|6|7|8|9|10|11|12
UA,SBP,240,-33.0,502.0,5.7,0.0083,1|2|3|4|5|6|7|8|9|10|11|12
UA,TYS,230,-49.0,231.0,-5.84,0.0,5|6|7|8|9|10|11|12
UA,MYR,190,-49.0,230.0,-1.25,0.0053,4|5|6|7|8|9|10|11|12
UA,GTF,174,-38.0,196.0,-8.37,0.0287,5|6|7|8|9|12
UA,XNA,167,-44.0,743.0,8.0,0.006,5|6|7|8|9|10|11|12
UA,FAI,150,-44.0,979.0,2.1,0.0267,5|6|7|8|9
UA,AVL,138,-43.0,166.0,6.95,0.0145,5|6|7|8|9|10
UA,PVD,100,-35.0,817.0,3.12,0.0,6|7|8|9|10|12
UA,FAR,88,-41.0,748.0,12.95,0.0227,8|9|10|11|12
UA,MAF,40,-28.0,126.0,0.28,0.025,1|2|4|12
UA,OKC,20,-25.0,453.0,19.05,0.0,2|5|6
UA,SBN,20,-27.0,51.0,2.45,0.0,9|10|11|12
UA,BTR,3,-11.0,57.0,28.67,0.0,1|9
UA,BHM,2,-21.0,-7.0,-14.0,0.0,1|3
WN,DEN,67588,-51.0,515.0,8.98,0.008,1|2|3|4|5|6|7|8|9|10|11|12
WN,LAS,59754,-59.0,490.0,5.87,0.0053,1|2|3|4|5|6|7|8|9|10|11|12
WN,BWI,51243,-66.0,665.0,8.36,0.0094,1|2|3|4|5|6|7|8|9|10|11|12
WN,MDW,50236,-59.0,523.0,5.67,0.0116,1|2|3|4|5|6|7|8|9|10|11|12
WN,DAL,49076,-49.0,528.0,8.31,0.0107,1|2|3|4|5|6|7|8|9|10|11|12
WN,PHX,46208,-47.0,570.0,5.3,0.0048,1|2|3|4|5|6|7|8|9|10|11|12
WN,HOU,36652,-49.0,601.0,4.74,0.0111,1|2|3|4|5|6|7|8|9|10|11|12
WN,BNA,35789,-66.0,476.0,3.8,0.0088,1|2|3|4|5|6|7|8|9|10|11|12
WN,MCO,31341,-48.0,628.0,9.13,0.0152,1|2|3|4|5|6|7|8|9|10|11|12
WN,STL,28732,-62.0,503.0,4.99,0.0083,1|2|3|4|5|6|7|8|9|10|11|12
WN,AUS,26223,-56.0,517.0,5.6,0.0063,1|2|3|4|5|6|7|8|9|10|11|12
WN,OAK,24076,-60.0,481.0,2.35,0.0053,1|2|3|4|5|6|7|8|9|10|11|12
WN,SAN,23974,-67.0,680.0,8.85,0.009,1|2|3|4|5|6|7|8|9|10|11|12
WN,ATL,23317,-41.0,534.0,6.46,0.0065,1|2|3|4|5|6|7|8|9|10|11|12
WN,SMF,21194,-56.0,415.0,3.03,0.0051,1|2|3|4|5|6|7|8|9|10|11|12
WN,SJC,20053,-48.0,399.0,1.32,0.0055,1|2|3|4|5|6|7|8|9|10|11|12
WN,LAX,18007,-57.0,422.0,4.38,0.0046,1|2|3|4|5|6|7|8|9|10|11|12
WN,MCI,16876,-50.0,560.0,3.67,0.0088,1|2|3|4|5|6|7|8|9|10|11|12
WN,TPA,16767,-44.0,523.0,7.5,0.0218,1|2|3|4|5|6|7|8|9|10|11|12
WN,MSY,13123,-39.0,486.0,8.42,0.0102,1|2|3|4|5|6|7|8|9|10|11|12
WN,BUR,13030,-44.0,393.0,0.32,0.01,1|2|3|4|5|6|7|8|9|10|11|12
WN,SAT,11406,-43.0,461.0,3.0,0.0067,1|2|3|4|5|6|7|8|9|10|11|12
WN,LGB,11106,-50.0,391.0,0.8,0.0049,1|2|3|4|5|6|7|8|9|10|11|12
WN,DCA,11055,-61.0,533.0,3.81,0.0115,1|2|3|4|5|6|7|8|9|10|11|12
WN,HNL,10197,-84.0,327.0,-3.95,0.0035,1|2|3|4|5|6|7|8|9|10|11|12
WN,SNA,10047,-39.0,410.0,0.54,0.0069,1|2|3|4|5|6|7|8|9|10|11|12
WN,FLL,10039,-52.0,465.0,11.18,0.0143,1|2|3|4|5|6|7|8|9|10|11|12
WN,SLC,8399,-49.0,457.0,4.49,0.0033,1|2|3|4|5|6|7|8|9|10|11|12
WN,CMH,8292,-64.0,499.0,2.71,0.0098,1|2|3|4|5|6|7|8|9|10|11|12
WN,ABQ,8117,-41.0,450.0,4.07,0.0063,1|2|3|4|5|6|7|8|9|10|11|12
WN,LGA,8073,-69.0,419.0,3.05,0.0168,1|2|3|4|5|6|7|8|9|10|11|12
WN,IND,7869,-53.0,465.0,3.88,0.0098,1|2|3|4|5|6|7|8|9|10|11|12
WN,ONT,7745,-38.0,370.0,0.02,0.0034,1|2|3|4|5|6|7|8|9|10|11|12
WN,PIT,7119,-60.0,457.0,3.37,0.0084,1|2|3|4|5|6|7|8|9|10|11|12
WN,PDX,6750,-36.0,381.0,2.94,0.0046,1|2|3|4|5|6|7|8|9|10|11|12
WN,MKE,6721,-52.0,391.0,0.97,0.0095,1|2|3|4|5|6|7|8|9|10|11|12
WN,RDU,6212,-40.0,442.0,3.58,0.0043,1|2|3|4|5|6|7|8|9|10|11|12
WN,ELP,6204,-38.0,504.0,2.63,0.0055,1|2|3|4|5|6|7|8|9|10|11|12
WN,RNO,6056,-38.0,679.0,2.72,0.0068,1|2|3|4|5|6|7|8|9|10|11|12
WN,SEA,5676,-48.0,535.0,7.05,0.0025,1|2|3|4|5|6|7|8|9|10|11|12
WN,OMA,5426,-45.0,398.0,3.89,0.0112,1|2|3|4|5|6|7|8|9|10|11|12
WN,SFO,5238,-40.0,498.0,14.78,0.0044,1|2|3|4|5|6|7|8|9|10|11|12
WN,RSW,5125,-47.0,501.0,7.67,0.0187,1|2|3|4|5|6|7|8|9|10|11|12
WN,MSP,5107,-57.0,472.0,1.74,0.0086,1|2|3|4|5|6|7|8|9|10|11|12
WN,OKC,5050,-42.0,409.0,2.56,0.005,1|2|3|4|5|6|7|8|9|10|11|12
WN,ORD,4698,-58.0,762.0,3.26,0.0158,1|2|3|4|5|6|7|8|9|10|11|12
WN,OGG,4677,-70.0,209.0,-5.81,0.0045,1|2|3|4|5|6|7|8|9|10|11|12
WN,BOS,4630,-65.0,447.0,3.36,0.0091,1|2|3|4|5|6|7|8|9|10|11|12
WN,MIA,4015,-45.0,573.0,12.91,0.0152,1|2|3|4|5|6|7|8|9|10|11|12
WN,TUL,3848,-40.0,387.0,0.22,0.0057,1|2|3|4|5|6|7|8|9|10|11|12
WN,BUF,3697,-61.0,401.0,1.97,0.0157,1|2|3|4|5|6|7|8|9|10|11|12
WN,SDF,3574,-47.0,488.0,1.37,0.0081,1|2|3|4|5|6|7|8|9|10|11|12
WN,CLE,3522,-59.0,394.0,0.19,0.008,1|2|3|4|5|6|7|8|9|10|11|12
WN,PHL,3514,-48.0,812.0,5.8,0.0054,1|2|3|4|5|6|7|8|9|10|11|12
WN,COS,3424,-41.0,452.0,3.56,0.0067,1|2|3|4|5|6|7|8|9|10|11|12
WN,BOI,3403,-38.0,394.0,0.36,0.0029,1|2|3|4|5|6|7|8|9|10|11|12
WN,PVD,3390,-46.0,470.0,1.51,0.0118,1|2|3|4|5|6|7|8|9|10|11|12
WN,JAX,3298,-45.0,593.0,2.79,0.0088,1|2|3|4|5|6|7|8|9|10|11|12
WN,TUS,3001,-36.0,394.0,2.82,0.0047,1|2|3|4|5|6|7|8|9|10|11|12
WN,BHM,2991,-40.0,520.0,7.55,0.009,1|2|3|4|5|6|7|8|9|10|11|12
WN,SRQ,2981,-37.0,406.0,5.42,0.0376,1|2|3|4|5|6|7|8|9|10|11|12
WN,BDL,2876,-53.0,462.0,3.06,0.0083,1|2|3|4|5|6|7|8|9|10|11|12
WN,SJU,2837,-38.0,420.0,7.62,0.007,1|2|3|4|5|6|7|8|9|10|11|12
WN,DTW,2821,-50.0,380.0,2.54,0.0067,1|2|3|4|5|6|7|8|9|10|11|12
WN,GEG,2609,-44.0,278.0,-0.1,8.0E-4,1|2|3|4|5|6|7|8|9|10|11|12
WN,MAF,2538,-35.0,555.0,3.29,0.0102,1|2|3|4|5|6|7|8|9|10|11|12
WN,MEM,2484,-43.0,511.0,5.51,0.0072,1|2|3|4|5|6|7|8|9|10|11|12
WN,CHS,2477,-38.0,444.0,3.21,0.0061,1|2|3|4|5|6|7|8|9|10|11|12
WN,ALB,2464,-47.0,646.0,4.65,0.0097,1|2|3|4|5|6|7|8|9|10|11|12
WN,KOA,2382,-69.0,473.0,-6.69,0.0055,1|2|3|4|5|6|7|8|9|10|11|12
WN,CLT,2335,-37.0,446.0,11.06,0.0039,1|2|3|4|5|6|7|8|9|10|11|12
WN,LIH,2325,-68.0,259.0,-7.07,9.0E-4,1|2|3|4|5|6|7|8|9|10|11|12
WN,ECP,2227,-38.0,624.0,4.19,0.0072,1|2|3|4|5|6|7|8|9|10|11|12
WN,ORF,2210,-36.0,432.0,4.7,0.0041,1|2|3|4|5|6|7|8|9|10|11|12
WN,IAH,1999,-45.0,768.0,7.49,0.017,1|2|3|4|5|6|7|8
WN,ISP,1963,-50.0,521.0,3.53,0.0082,1|2|3|4|5|6|7|8|9|10|11|12
WN,MHT,1923,-58.0,354.0,-1.09,0.0047,1|2|3|4|5|6|7|8|9|10|11|12
WN,SAV,1917,-54.0,466.0,5.69,0.0073,1|2|3|4|5|6|7|8|9|10|11|12
WN,LBB,1851,-40.0,352.0,0.12,0.0059,1|2|3|4|5|6|7|8|9|10|11|12
WN,LIT,1827,-39.0,387.0,1.05,0.0033,1|2|3|4|5|6|7|8|9|10|11|12
WN,PSP,1827,-37.0,255.0,1.63,0.0027,1|2|3|4|5|6|7|8|9|10|11|12
WN,PBI,1748,-35.0,333.0,5.46,0.0086,1|2|3|4|5|6|7|8|9|10|11|12
WN,MYR,1640,-36.0,415.0,1.98,0.0061,1|2|3|4|5|6|7|8|9|10|11|12
WN,HRL,1592,-33.0,361.0,5.71,0.0038,1|2|3|4|5|6|7|8|9|10|11|12
WN,PNS,1558,-59.0,490.0,0.1,0.0039,1|2|3|4|5|6|7|8|9|10|11|12
WN,CVG,1532,-42.0,449.0,3.59,0.0052,1|2|3|4|5|6|7|8|9|10|11|12
WN,BZN,1431,-37.0,348.0,1.8,0.0042,1|2|3|4|5|6|7|8|9|10|11|12
WN,SBA,1378,-32.0,365.0,-0.02,0.0145,1|2|3|4|5|6|7|8|9|10|11|12
WN,GRR,1369,-38.0,510.0,5.79,0.0058,1|2|3|4|5|6|7|8|9|10|11|12
WN,RIC,1364,-47.0,395.0,2.85,0.0,1|2|3|4|5|6|7|8|9|10|11|12
WN,VPS,1358,-34.0,708.0,2.39,0.0037,1|2|3|4|5|6|7|8|9|10|11|12
WN,ROC,1329,-51.0,459.0,6.6,0.0053,1|2|3|4|5|6|7|8|9|10|11|12
WN,AMA,1315,-41.0,471.0,0.62,0.003,1|2|3|4|5|6|7|8|9|10|11|12
WN,ITO,1261,-28.0,118.0,-5.49,0.0032,1|2|3|4|5|6|7|8|9|10|11|12
WN,DSM,1256,-46.0,380.0,1.39,0.0088,1|2|3|4|5|6|7|8|9|10|11|12
WN,JAN,1254,-33.0,431.0,5.96,0.0064,1|2|3|4|5|6|7|8|9|10|11|12
WN,ICT,1228,-42.0,225.0,-5.41,0.0033,1|2|3|4|5|6|7|8|9|10|11|12
WN,EUG,1224,-39.0,433.0,0.01,0.0204,1|2|3|4|5|6|7|8|9|10|11|12
WN,GSP,1078,-41.0,472.0,0.35,0.0046,1|2|3|4|5|6|7|8|9|10|11|12
WN,PWM,1071,-35.0,430.0,6.77,0.0084,1|2|3|4|5|6|7|8|9|10|11|12
WN,FAT,1028,-31.0,287.0,5.3,0.001,1|2|3|4|5|6|7|8|9|10|11|12
WN,CRP,801,-39.0,434.0,4.94,0.0112,1|2|3|4|5|6|7|8|9|10|11|12
WN,IAD,788,-47.0,415.0,1.61,0.0038,1|2|3|4|5|6|7|8|9|10|11|12
WN,SYR,586,-47.0,316.0,4.38,0.0068,1|2|3|4|5|6|7|8
WN,HDN,448,-38.0,234.0,4.29,0.0112,1|2|3|4|5|6|7|8|9|10|11|12
WN,MTJ,445,-37.0,333.0,3.36,0.0,1|2|3|4|5|6|7|8|9|10|11|12
WN,BLI,426,-29.0,277.0,3.3,0.0047,1|2|3|4|5|6|7|8
YX,LGA,29446,-70.0,955.0,-4.59,0.0234,1|2|3|4|5|6|7|8|9|10|11|12
YX,DCA,19107,-70.0,1121.0,-1.74,0.0143,1|2|3|4|5|6|7|8|9|10|11|12
YX,BOS,18619,-69.0,973.0,-1.43,0.0164,1|2|3|4|5|6|7|8|9|10|11|12
YX,EWR,16245,-60.0,1211.0,-3.77,0.0327,1|2|3|4|5|6|7|8|9|10|11|12
YX,ORD,12044,-52.0,923.0,-1.88,0.0094,1|2|3|4|5|6|7|8|9|10|11|12
YX,JFK,11934,-73.0,1313.0,-2.38,0.0215,1|2|3|4|5|6|7|8|9|10|11|12
YX,IND,8885,-49.0,848.0,-2.4,0.0126,1|2|3|4|5|6|7|8|9|10|11|12
YX,CMH,8098,-51.0,717.0,-4.45,0.0119,1|2|3|4|5|6|7|8|9|10|11|12
YX,PIT,6840,-49.0,1095.0,-5.46,0.0117,1|2|3|4|5|6|7|8|9|10|11|12
YX,PHL,6182,-48.0,1127.0,-2.0,0.0202,1|2|3|4|5|6|7|8|9|10|11|12
YX,IAD,5721,-47.0,927.0,-1.65,0.0145,1|2|3|4|5|6|7|8|9|10|11|12
YX,SDF,4348,-56.0,440.0,-2.17,0.0097,1|2|3|4|5|6|7|8|9|10|11|12
YX,RDU,3955,-51.0,1050.0,2.5,0.0134,1|2|3|4|5|6|7|8|9|10|11|12
YX,BNA,3947,-47.0,1149.0,1.02,0.0129,1|2|3|4|5|6|7|8|9|10|11|12
YX,CVG,3837,-54.0,1057.0,-0.82,0.0185,1|2|3|4|5|6|7|8|9|10|11|12
YX,DTW,3384,-49.0,943.0,-1.32,0.016,1|2|3|4|5|6|7|8|9|10|11|12
YX,CLE,3127,-46.0,725.0,-1.47,0.0221,1|2|3|4|5|6|7|8|9|10|11|12
YX,PWM,2474,-53.0,1173.0,-0.69,0.023,1|2|3|4|5|6|7|8|9|10|11|12
YX,MEM,2114,-52.0,1012.0,-0.63,0.0161,1|2|3|4|5|6|7|8|9|10|11|12
YX,ORF,1957,-49.0,1209.0,1.66,0.0215,1|2|3|4|5|6|7|8|9|10|11|12
YX,BUF,1911,-47.0,1199.0,1.35,0.0366,1|2|3|4|5|6|7|8|9|10|11|12
YX,CLT,1818,-53.0,901.0,4.1,0.0127,1|2|3|4|5|6|7|8|9|10|11|12
YX,RIC,1653,-46.0,1028.0,2.63,0.0212,1|2|3|4|5|6|7|8|9|10|11|12
YX,CHS,1601,-43.0,1056.0,-0.79,0.0131,1|2|3|4|5|6|7|8|9|10|11|12
YX,GSP,1486,-55.0,408.0,-0.29,0.0236,1|2|3|4|5|6|7|8|9|10|11|12
YX,GRR,1443,-46.0,254.0,-3.55,0.0166,1|2|3|4|5|6|7|8|9|10|11|12
YX,STL,1378,-40.0,1347.0,0.48,0.0145,1|2|3|4|5|6|7|8|9|10|11|12
YX,MKE,1338,-53.0,1128.0,1.21,0.0239,1|2|3|4|5|6|7|8|9|10|11|12
YX,MCI,1220,-44.0,869.0,1.66,0.0189,1|2|3|4|5|6|7|8|9|10|11|12
YX,BTV,1197,-57.0,1105.0,-5.87,0.0251,1|2|3|4|5|6|7|8|9|10|11|12
YX,JAX,1169,-46.0,938.0,0.23,0.0154,1|2|3|4|5|6|7|8|9|10|11|12
YX,GSO,1127,-47.0,1059.0,1.75,0.0302,1|2|3|4|5|6|7|8|9|10|11|12
YX,SYR,1121,-68.0,475.0,-7.26,0.0143,1|2|3|4|5|6|7|8|9|10|11|12
YX,ILM,938,-34.0,1328.0,5.78,0.0245,1|2|3|4|5|6|7|8|9|10|11|12
YX,ATL,870,-38.0,1243.0,3.57,0.0241,1|2|3|4|5|6|7|8|9|10|11|12
YX,MSN,843,-48.0,554.0,-3.14,0.0095,1|2|3|4|5|6|7|8|9|10|11|12
YX,MSP,833,-48.0,1079.0,3.25,0.0192,1|2|3|4|5|6|7|8|9|10|11|12
YX,SAV,819,-44.0,1034.0,-0.23,0.0061,1|2|3|4|5|6|7|8|9|10|11|12
YX,AVL,772,-47.0,1168.0,4.0,0.0492,1|2|3|4|5|6|7|8|9|10|11|12
YX,EYW,759,-53.0,1168.0,6.84,0.0211,1|2|3|4|5|6|7|8|9|10|11|12
YX,BGR,732,-49.0,944.0,0.11,0.0492,1|2|3|4|5|6|7|8|9|10|11|12
YX,OMA,729,-44.0,1230.0,1.62,0.0137,1|2|3|4|5|6|7|8|9|10|11|12
YX,ROC,688,-38.0,337.0,-3.06,0.0203,1|2|3|4|5|6|7|8|9|10|11|12
YX,PVD,685,-48.0,549.0,-4.72,0.0073,1|2|3|4|5|6|7|8|9|10|11|12
YX,DSM,664,-37.0,474.0,1.83,0.0181,1|2|3|4|5|6|7|8|9|10|11|12
YX,OKC,657,-46.0,862.0,1.88,0.0137,1|2|3|4|5|6|7|8|9|10|11|12
YX,BWI,637,-48.0,971.0,3.28,0.0204,1|2|3|4|5|6|7|8|9|10|11|12
YX,XNA,557,-44.0,851.0,-0.68,0.0108,1|2|3|4|5|6|7|8|9|10|11|12
YX,LEX,529,-37.0,345.0,0.17,0.0076,1|2|3|4|5|6|7|8|9|10|11|12
YX,HHH,514,-41.0,1211.0,12.25,0.0311,2|3|4|5|6|7|8|9|10
YX,TYS,514,-40.0,996.0,1.56,0.0214,1|2|3|4|5|6|7|8|9|10|11|12
YX,TUL,481,-40.0,429.0,2.03,0.0208,1|2|3|4|5|6|7|8|9|10|11|12
YX,MSY,432,-45.0,1117.0,5.62,0.0069,1|2|3|4|5|6|7|8|9|10|11|12
YX,MYR,422,-42.0,1133.0,0.37,0.0355,1|2|3|4|5|6|7|8|9|10|11|12
YX,ACK,415,-43.0,1245.0,14.11,0.0892,5|6|7|8|9
YX,MIA,406,-51.0,716.0,5.15,0.0123,1|2|3|4|5|6|7|8|9|10|11|12
YX,MVY,374,-34.0,1174.0,14.48,0.0428,5|6|7|8|9
YX,DLH,360,-39.0,410.0,-4.24,0.0,3|4|5|6|7|8|9|10|11|12
YX,BDL,345,-50.0,286.0,-6.18,0.0,1|2|3|4|5|6|8|9|10|11|12
YX,CHO,324,-39.0,487.0,8.13,0.0278,1|2|3|4|5|6|7|8|9|10|11|12
YX,LIT,313,-42.0,191.0,1.36,0.0096,1|2|3|4|5|6|7|8|9|10|11|12
YX,TVC,292,-38.0,280.0,7.17,0.0068,1|2|3|6|7|8|9|11|12
YX,BHM,269,-39.0,186.0,-3.84,0.0112,1|2|3|4|5|6|7|8|9|10|11|12
YX,ORH,260,-40.0,226.0,-6.24,0.0423,1|2|3|4|5|6|7|8|9|10|11|12
YX,CAE,248,-30.0,227.0,4.9,0.0484,1|2|3|4|5|6|7|8|9|10|11|12
YX,ALB,235,-42.0,773.0,0.96,0.0085,1|2|3|4|5|6|9|10|11|12
YX,ROA,223,-32.0,892.0,14.45,0.0538,1|2|3|4|5|6|7|8|9|10|11|12
YX,DAY,213,-33.0,202.0,-4.65,0.0094,1|2|3|4|5|6|9|10|11|12
YX,MDT,201,-46.0,126.0,-12.87,0.01,1|2|3|4|5|9|10
YX,HSV,154,-31.0,194.0,1.09,0.0195,1|2|3|4|5|8|9|10|11|12
YX,SRQ,146,-42.0,597.0,16.19,0.0342,1|2|3|4|6|7|8|9|10|11|12
YX,GRB,121,-31.0,304.0,0.45,0.0165,1|2|3|4|5|6|7|8|9
YX,HYA,113,-21.0,377.0,22.45,0.0,6|7|8|9
YX,CHA,105,-38.0,286.0,-0.25,0.0,10|11|12
YX,CID,103,-34.0,159.0,-8.42,0.0388,1|2|3|4|5|6|8|11|12
YX,AUS,87,-36.0,111.0,-3.06,0.0,1|2|3|4|5|8|9|10|11|12
YX,RSW,69,-41.0,338.0,-1.17,0.0,1|2|11|12
YX,PNS,63,-37.0,922.0,27.84,0.0317,4|5|6|7|8|9|10|11
YX,ITH,61,-39.0,279.0,-4.29,0.0328,5|8
YX,VPS,53,-32.0,111.0,-9.6,0.0,3|5|6|7|11|12
YX,SBN,48,-23.0,288.0,5.15,0.0208,9|10|11|12
YX,FSD,44,-35.0,333.0,3.61,0.0,2|3|12
YX,HPN,43,-31.0,129.0,-4.47,0.0,1|3|4|5
YX,MHT,41,-43.0,77.0,-5.15,0.0244,1|2|3|5|11|12
YX,DFW,33,-42.0,1033.0,38.75,0.0303,1|2|3|4|5|6|7|8|9|10|12
YX,IAH,30,-43.0,1145.0,39.7,0.0,1|4|5|9|12
YX,TLH,29,-22.0,148.0,3.37,0.069,2|3|8|9|10
YX,LNK,24,-18.0,261.0,5.74,0.0417,8
YX,AGS,23,-36.0,30.0,-6.57,0.0,4
YX,ELP,19,-36.0,63.0,-6.41,0.1053,12
YX,ECP,16,-19.0,142.0,16.81,0.0,3|5|6|7|8
YX,TPA,13,-33.0,50.0,3.85,0.0,1|2|4|5|11|12
YX,RST,11,-24.0,14.0,-9.18,0.0,12
YX,PBI,10,-24.0,9.0,-4.8,0.0,1|2|5|12
YX,SAT,8,-37.0,46.0,-9.38,0.0,12
YX,SCE,4,-43.0,65.0,-4.5,0.0,11|12
