compagnia,aeroporto_partenza,numero_voli,ritardo_min_arrivo,ritardo_max_arrivo,ritardo_medio_arrivo,tasso_cancellazione,mesi_operativi
9E,LGA,64022,-69.0,1100.0,-3.05,0.035,1|2|3|4|5|6|7|8|9|10|11|12
9E,ATL,53596,-43.0,1207.0,2.46,0.0109,1|2|3|4|5|6|7|8|9|10|11|12
9E,JFK,34216,-60.0,1082.0,1.1,0.0345,1|2|3|4|5|6|7|8|9|10|11|12
9E,DTW,25424,-46.0,941.0,0.18,0.0093,1|2|3|4|5|6|7|8|9|10|11|12
9E,MSP,15080,-50.0,893.0,3.14,0.0081,1|2|3|4|5|6|7|8|9|10|11|12
9E,CVG,13210,-56.0,1035.0,2.07,0.0174,1|2|3|4|5|6|7|8|9|10|11|12
9E,RDU,12850,-47.0,1018.0,8.06,0.0297,1|2|3|4|5|6|7|8|9|10|11|12
9E,CLT,6266,-53.0,1027.0,9.04,0.0393,1|2|3|4|5|6|7|8|9|10|11|12
9E,TYS,5818,-49.0,781.0,-4.82,0.0172,1|2|3|4|5|6|7|8|9|10|11|12
9E,ROC,5366,-49.0,1184.0,1.37,0.0335,1|2|3|4|5|6|7|8|9|10|11|12
9E,DSM,5184,-42.0,1272.0,0.87,0.0174,1|2|3|4|5|6|7|8|9|10|11|12
9E,CLE,4960,-48.0,1132.0,5.67,0.0278,1|2|3|4|5|6|7|8|9|10|11|12
9E,IND,4820,-48.0,1086.0,-1.08,0.0228,1|2|3|4|5|6|7|8|9|10|11|12
9E,ORF,4386,-43.0,1024.0,6.57,0.0274,1|2|3|4|5|6|7|8|9|10|11|12
9E,RIC,4066,-46.0,1101.0,7.08,0.032,1|2|3|4|5|6|7|8|9|10|11|12
9E,DCA,4032,-44.0,1036.0,8.48,0.0193,1|2|3|4|5|6|7|8|9|10|11|12
9E,SYR,4010,-56.0,677.0,-3.64,0.0249,1|2|3|4|5|6|7|8|9|10|11|12
9E,CHS,3968,-46.0,849.0,3.8,0.0428,1|2|3|4|5|6|7|8|9|10|11|12
9E,XNA,3900,-44.0,894.0,0.3,0.0062,1|2|3|4|5|6|7|8|9|10|11|12
9E,BUF,3842,-49.0,996.0,0.6,0.0302,1|2|3|4|5|6|7|8|9|10|11|12
9E,SAV,3712,-46.0,1159.0,5.9,0.0377,1|2|3|4|5|6|7|8|9|10|11|12
9E,PIT,3596,-50.0,1011.0,7.28,0.0273,1|2|3|4|5|6|7|8|9|10|11|12
9E,CHO,3568,-43.0,1063.0,2.28,0.0269,1|2|3|4|5|6|7|8|9|10|11|12
9E,BTV,3564,-48.0,916.0,1.7,0.0281,1|2|3|4|5|6|7|8|9|10|11|12
9E,EWR,3258,-50.0,1110.0,18.86,0.0387,1|2|3|4|5|6|7|8|9|10|11|12
9E,AGS,3204,-36.0,1091.0,6.97,0.0206,1|2|3|4|5|6|7|8|9|10|11|12
9E,GSO,3106,-46.0,879.0,-2.87,0.0277,1|2|3|4|5|6|7|8|9|10|11|12
9E,CHA,3066,-41.0,1088.0,2.92,0.0065,1|2|3|4|5|6|7|8|9|10|11|12
9E,STL,2950,-42.0,836.0,-2.73,0.0353,1|2|3|4|5|6|7|8|9|10|11|12
9E,GSP,2756,-43.0,829.0,-0.08,0.0218,1|2|3|4|5|6|7|8|9|10|11|12
9E,ILM,2620,-39.0,829.0,1.54,0.0214,1|2|3|4|5|6|7|8|9|10|11|12
9E,BGR,2516,-47.0,459.0,-6.18,0.0405,1|2|3|4|5|6|7|8|9|10|11|12
9E,CAE,2504,-37.0,542.0,1.16,0.0192,1|2|3|4|5|6|7|8|9|10|11|12
9E,MCI,2452,-42.0,1047.0,6.55,0.0424,1|2|3|4|5|6|7|8|9|10|11|12
9E,BNA,2372,-43.0,1214.0,17.46,0.0379,1|2|3|4|5|6|7|8|9|10|11|12
9E,SHV,2340,-37.0,667.0,-1.61,0.0162,1|2|3|4|5|6|7|8|9|10|11|12
9E,TRI,2262,-41.0,685.0,-4.31,0.0071,1|2|3|4|5|6|7|8|9|10|11|12
9E,BHM,2226,-50.0,730.0,-0.67,0.035,1|2|3|4|5|6|7|8|9|10|11|12
9E,ALB,2176,-51.0,394.0,-4.39,0.0193,1|2|3|4|5|6|7|8|9|10|11|12
9E,MEM,2118,-39.0,1305.0,0.3,0.0264,1|2|3|4|5|6|7|8|9|10|11|12
9E,ABE,2030,-47.0,575.0,0.67,0.0138,1|2|3|4|5|6|7|8|9|10|11|12
9E,HPN,1910,-45.0,899.0,1.15,0.0147,1|2|3|4|5|6|7|8|9|10|11|12
9E,ROA,1910,-41.0,830.0,3.75,0.0188,1|2|3|4|5|6|7|8|9|10|11|12
9E,GRR,1870,-42.0,390.0,-2.34,0.0406,1|2|3|4|5|6|7|8|9|10|11|12
9E,MGM,1842,-35.0,1132.0,4.9,0.0065,1|2|3|4|5|6|7|8|9|10|11|12
9E,JAX,1814,-52.0,1147.0,-0.2,0.0276,1|2|3|4|5|6|7|8|9|10|11|12
9E,MKE,1806,-45.0,1114.0,7.81,0.0244,1|2|3|4|5|6|7|8|9|10|11|12
9E,PWM,1786,-44.0,1269.0,13.94,0.0426,1|2|3|4|5|6|7|8|9|10|11|12
9E,AEX,1754,-34.0,979.0,9.61,0.0103,1|2|3|4|5|6|7|8|9|10|11|12
9E,MLU,1738,-42.0,885.0,7.12,0.0081,1|2|3|4|5|6|7|8|9|10|11|12
9E,LFT,1594,-42.0,1171.0,0.74,0.0125,1|2|3|4|5|6|7|8|9|10|11|12
9E,MOB,1538,-33.0,1136.0,-0.21,0.0091,1|2|3|4|5|6|7|8|9|10|11|12
9E,MSN,1502,-58.0,712.0,-0.3,0.0226,1|2|3|4|5|6|7|8|9|10|11|12
9E,PVD,1488,-40.0,1135.0,4.15,0.0228,1|2|3|4|5|6|7|8|9|10|11|12
9E,CWA,1462,-44.0,386.0,-2.9,0.0082,1|2|3|4|5|6|7|8|9|10|11|12
9E,GTR,1458,-38.0,381.0,-3.9,0.011,1|2|3|4|5|6|7|8|9|10|11|12
9E,BMI,1458,-38.0,567.0,0.36,0.0123,1|2|3|4|5|6|7|8|9|10|11|12
9E,ITH,1454,-55.0,1074.0,-3.83,0.0289,1|2|3|4|5|6|7|8|9|10|11|12
9E,MLI,1444,-36.0,477.0,2.49,0.0208,1|2|3|4|5|6|7|8|9|10|11|12
9E,VLD,1440,-34.0,405.0,3.89,0.0236,1|2|3|4|5|6|7|8|9|10|11|12
9E,EVV,1402,-40.0,422.0,-4.27,0.01,1|2|3|6|7|8|9|10|11|12
9E,AVL,1344,-43.0,949.0,1.92,0.0208,1|2|3|4|5|6|7|8|9|10|11|12
9E,SGF,1268,-40.0,339.0,0.72,0.0047,1|2|3|4|5|7|8|9|10|11|12
9E,TLH,1252,-37.0,1143.0,8.5,0.024,1|2|3|4|5|6|7|8|9|10|11|12
9E,CSG,1190,-37.0,1247.0,3.69,0.0303,1|2|3|4|5|6|7|8|9|10|11|12
9E,HSV,1180,-32.0,989.0,2.61,0.0153,1|2|3|4|5|6|7|8|10|11|12
9E,OAJ,1096,-39.0,1157.0,0.57,0.0,1|2|3|4|5|6|7|8|9|10|11|12
9E,MYR,1090,-42.0,1011.0,-1.78,0.0239,1|2|3|4|5|6|7|8|9|10|11|12
9E,DHN,1070,-41.0,937.0,3.57,0.0056,1|2|3|4|5|6|9|10|11|12
9E,BWI,1000,-45.0,494.0,10.34,0.056,1|2|3|4|5|6|7|8|9|10
9E,BTR,998,-34.0,1015.0,5.55,0.018,1|2|3|5|6|7|8|9|10|11|12
9E,OMA,992,-39.0,779.0,5.02,0.0302,1|2|3|4|5|6|7|8|9|10|11|12
9E,DAY,962,-38.0,558.0,-2.41,0.0229,1|2|3|4|5|6|7|8|9|10|11|12
9E,IAD,776,-55.0,382.0,-5.31,0.0026,1|2|3|4|9|10|11|12
9E,AUS,758,-35.0,1225.0,14.15,0.0053,1|2|3|4|5|6|7|11
9E,BDL,732,-31.0,303.0,1.55,0.0301,1|2|3|4|5|6|7|8|9|10|12
9E,BGM,732,-50.0,1051.0,7.27,0.0328,1|2|3|4|5|6|7|8|9|10|11|12
9E,FSD,708,-48.0,412.0,5.62,0.0085,1|2|3|4|5|6|7|8|9|10|11|12
9E,FAY,698,-32.0,949.0,8.37,0.0,1|2|3|4|5|6|9|10|11|12
9E,ORH,598,-40.0,1027.0,10.19,0.0502,1|2|3|4|5|6|7|8|9|10|11|12
9E,MDT,576,-50.0,391.0,-2.32,0.0104,1|2|3|4|5|6|11|12
9E,LIT,568,-39.0,457.0,8.23,0.0141,1|2|3|4|6|7|8|9|10|11|12
9E,PNS,528,-43.0,1089.0,16.91,0.0114,1|2|3|4|5|6|7|8|9|11|12
9E,TUL,520,-44.0,156.0,-1.43,0.0,1|2|3|4|5|6|9|10|11|12
9E,CMH,502,-40.0,344.0,1.48,0.004,1|3|4|5|6|8|9|10|11|12
9E,JAN,496,-30.0,894.0,3.44,0.004,1|2|9|10|11|12
9E,RST,488,-35.0,865.0,8.85,0.0205,1|2|3|4|6|7|8|9|10|12
9E,TVC,480,-37.0,1144.0,6.03,0.0083,1|4|5|6|7|8|9|10|11
9E,FWA,466,-54.0,351.0,-2.94,0.0343,1|2|3|11
9E,FAR,448,-36.0,267.0,-2.27,0.0045,1|2|3|4|5|6|7|8|9|10|11
9E,LEX,430,-38.0,181.0,-1.7,0.0,1|2|3|4|5|11|12
9E,RAP,390,-37.0,951.0,10.47,0.0,6|7|8|11|12
9E,DLH,378,-27.0,241.0,8.02,0.0106,4|5|6|7|8|9
9E,CRW,360,-36.0,149.0,-6.53,0.0,1|3|4|9|10|11|12
9E,ATW,350,-34.0,420.0,9.39,0.0,1|4|5|6|7|8|9|10
9E,SDF,346,-36.0,518.0,9.88,0.0231,1|2|4|5|6|7|8|9|10|12
9E,ICT,336,-34.0,204.0,1.93,0.0,1|2|3|11|12
9E,CID,320,-35.0,129.0,-2.62,0.0,1|4|5|9|10|11
9E,EYW,318,-27.0,561.0,21.96,0.0189,1|2|3|4|5|12
9E,PHL,300,-37.0,371.0,-2.3,0.0,1|2|3|11|12
9E,LAN,292,-32.0,280.0,0.34,0.0205,1|2|3|7|8|9|10
9E,BQK,284,-31.0,508.0,8.09,0.0,3|4|6|7|11|12
9E,GNV,244,-42.0,322.0,1.05,0.0082,1|3|4|6|7|8|11|12
9E,MQT,240,-45.0,87.0,-14.38,0.025,1|2|3|5|6
9E,MBS,192,-27.0,103.0,-4.93,0.0,4|5|6|7|8
9E,GFK,172,-45.0,478.0,10.98,0.0,1|2|3|9|12
9E,ORD,158,-26.0,266.0,10.86,0.0127,1|3|4|6|7|10|11
9E,GRB,146,-42.0,331.0,-10.49,0.0,1|4|5|10
9E,GPT,110,-34.0,221.0,-1.07,0.0,1|4|11|12
9E,ABY,76,-32.0,321.0,4.37,0.0,1|2|3|11|12
9E,ECP,48,-22.0,262.0,35.21,0.0,1
9E,FLL,44,-21.0,89.0,13.86,0.0,1|12
9E,VPS,42,-9.0,102.0,23.5,0.0476,1|2|3|9|10
9E,RSW,38,-28.0,78.0,5.32,0.0,1|12
9E,MIA,30,-23.0,99.0,35.53,0.0,1|12
9E,AZO,28,-22.0,71.0,-2.93,0.0,1
9E,SBN,22,-31.0,-9.0,-16.45,0.0,1|9|10|11|12
9E,BIS,20,-17.0,102.0,16.0,0.0,7|8|9
9E,TPA,16,-3.0,296.0,87.63,0.0,12
9E,BOS,16,-38.0,23.0,-17.86,0.125,1
9E,OKC,8,-12.0,171.0,39.0,0.0,10|11
9E,MSY,4,-42.0,-13.0,-27.5,0.0,1
9E,DFW,4,127.0,133.0,130.0,0.0,12
AA,DFW,331732,-63.0,2114.0,19.29,0.0199,1|2|3|4|5|6|7|8|9|10|11|12
AA,CLT,252356,-65.0,1637.0,17.11,0.0134,1|2|3|4|5|6|7|8|9|10|11|12
AA,MIA,119360,-68.0,1816.0,17.41,0.0168,1|2|3|4|5|6|7|8|9|10|11|12
AA,PHX,110126,-88.0,1479.0,8.34,0.0055,1|2|3|4|5|6|7|8|9|10|11|12
AA,ORD,103636,-71.0,2418.0,16.99,0.0111,1|2|3|4|5|6|7|8|9|10|11|12
AA,PHL,90944,-67.0,2189.0,11.19,0.0168,1|2|3|4|5|6|7|8|9|10|11|12
AA,LAX,60600,-64.0,2627.0,9.76,0.0067,1|2|3|4|5|6|7|8|9|10|11|12
AA,DCA,54796,-82.0,1964.0,9.64,0.0156,1|2|3|4|5|6|7|8|9|10|11|12
AA,MCO,35972,-48.0,1399.0,14.95,0.0192,1|2|3|4|5|6|7|8|9|10|11|12
AA,BOS,34252,-77.0,2251.0,4.68,0.0137,1|2|3|4|5|6|7|8|9|10|11|12
AA,LGA,33238,-66.0,1887.0,8.7,0.0231,1|2|3|4|5|6|7|8|9|10|11|12
AA,JFK,28922,-89.0,1707.0,0.72,0.0113,1|2|3|4|5|6|7|8|9|10|11|12
AA,LAS,27880,-55.0,3023.0,12.32,0.0107,1|2|3|4|5|6|7|8|9|10|11|12
AA,AUS,27678,-47.0,3803.0,19.5,0.0149,1|2|3|4|5|6|7|8|9|10|11|12
AA,TPA,25438,-47.0,1682.0,15.9,0.028,1|2|3|4|5|6|7|8|9|10|11|12
AA,RDU,22634,-60.0,2432.0,14.56,0.017,1|2|3|4|5|6|7|8|9|10|11|12
AA,SFO,21420,-67.0,2972.0,15.84,0.0096,1|2|3|4|5|6|7|8|9|10|11|12
AA,SAN,18346,-52.0,3354.0,13.74,0.0119,1|2|3|4|5|6|7|8|9|10|11|12
AA,DEN,16820,-62.0,2012.0,13.93,0.0163,1|2|3|4|5|6|7|8|9|10|11|12
AA,BNA,16802,-44.0,2989.0,21.61,0.0215,1|2|3|4|5|6|7|8|9|10|11|12
AA,SAT,16004,-44.0,2100.0,14.87,0.018,1|2|3|4|5|6|7|8|9|10|11|12
AA,ATL,15392,-53.0,2390.0,18.26,0.0173,1|2|3|4|5|6|7|8|9|10|11|12
AA,JAX,14700,-55.0,1877.0,15.55,0.0189,1|2|3|4|5|6|7|8|9|10|11|12
AA,STL,14212,-48.0,2334.0,15.29,0.0159,1|2|3|4|5|6|7|8|9|10|11|12
AA,IAH,14144,-56.0,3136.0,19.77,0.028,1|2|3|4|5|6|7|8|9|10|11|12
AA,EWR,13592,-67.0,1606.0,13.54,0.0244,1|2|3|4|5|6|7|8|9|10|11|12
AA,MSY,13498,-41.0,2185.0,19.21,0.016,1|2|3|4|5|6|7|8|9|10|11|12
AA,IND,13378,-57.0,2554.0,11.68,0.0121,1|2|3|4|5|6|7|8|9|10|11|12
AA,SNA,13090,-63.0,2062.0,10.11,0.0121,1|2|3|4|5|6|7|8|9|10|11|12
AA,FLL,13000,-46.0,1940.0,18.85,0.0191,1|2|3|4|5|6|7|8|9|10|11|12
AA,PIT,12622,-71.0,2779.0,13.17,0.0128,1|2|3|4|5|6|7|8|9|10|11|12
AA,PBI,11990,-48.0,2093.0,20.05,0.018,1|2|3|4|5|6|7|8|9|10|11|12
AA,DTW,11694,-63.0,2236.0,9.98,0.018,1|2|3|4|5|6|7|8|9|10|11|12
AA,MCI,11596,-56.0,1762.0,15.27,0.0138,1|2|3|4|5|6|7|8|9|10|11|12
AA,SEA,11136,-54.0,3359.0,10.63,0.0154,1|2|3|4|5|6|7|8|9|10|11|12
AA,RSW,10818,-39.0,1742.0,16.44,0.0233,1|2|3|4|5|6|7|8|9|10|11|12
AA,CHS,9756,-43.0,1991.0,14.68,0.0185,1|2|3|4|5|6|7|8|9|10|11|12
AA,MSP,9360,-59.0,2008.0,10.35,0.0137,1|2|3|4|5|6|7|8|9|10|11|12
AA,CLE,9306,-62.0,1626.0,9.98,0.0193,1|2|3|4|5|6|7|8|9|10|11|12
AA,MEM,8614,-45.0,2223.0,15.7,0.0172,1|2|3|4|5|6|7|8|9|10|11|12
AA,BDL,7934,-57.0,1388.0,10.07,0.0164,1|2|3|4|5|6|7|8|9|10|11|12
AA,SJU,7902,-47.0,3020.0,23.26,0.0043,1|2|3|4|5|6|7|8|9|10|11|12
AA,SLC,7682,-55.0,2071.0,13.1,0.0148,1|2|3|4|5|6|7|8|9|10|11|12
AA,PDX,7562,-49.0,3007.0,12.33,0.0148,1|2|3|4|5|6|7|8|9|10|11|12
AA,BWI,7536,-70.0,1866.0,10.75,0.0175,1|2|3|4|5|6|7|8|9|10|11|12
AA,RIC,7478,-48.0,1250.0,14.25,0.0158,1|2|3|4|5|6|7|8|9|10|11|12
AA,CMH,7040,-65.0,3143.0,16.18,0.0165,1|2|3|4|5|6|7|8|9|10|11|12
AA,SMF,7022,-60.0,3241.0,12.14,0.0159,1|2|3|4|5|6|7|8|9|10|11|12
AA,ONT,6840,-48.0,1482.0,9.34,0.0117,1|2|3|4|5|6|7|8|9|10|11|12
AA,CVG,6666,-55.0,1792.0,14.63,0.0189,1|2|3|4|5|6|7|8|9|10|11|12
AA,TUS,6562,-41.0,1693.0,11.56,0.0171,1|2|3|4|5|6|7|8|9|10|11|12
AA,OMA,6322,-53.0,1619.0,12.83,0.013,1|2|3|4|5|6|7|8|9|10|11|12
AA,ABQ,6016,-44.0,2574.0,17.2,0.0209,1|2|3|4|5|6|7|8|9|10|11|12
AA,ORF,5736,-56.0,2427.0,15.74,0.0202,1|2|3|4|5|6|7|8|9|10|11|12
AA,ELP,5500,-35.0,1771.0,14.85,0.0171,1|2|3|4|5|6|7|8|9|10|11|12
AA,MKE,5410,-44.0,2282.0,20.22,0.017,1|2|3|4|5|6|7|8|9|10|11|12
AA,OKC,5402,-37.0,2161.0,16.41,0.0185,1|2|3|4|5|6|7|8|9|10|11|12
AA,SRQ,5246,-42.0,1630.0,19.32,0.0324,1|2|3|4|5|6|7|8|9|10|11|12
AA,SDF,5152,-43.0,2549.0,22.58,0.0202,1|2|3|4|5|6|7|8|9|10|11|12
AA,GRR,5044,-62.0,3208.0,15.53,0.0123,1|2|3|4|5|6|7|8|9|10|11|12
AA,DSM,4984,-69.0,2833.0,24.76,0.0169,1|2|3|4|5|6|7|8|9|10|11|12
AA,TUL,4866,-37.0,2009.0,19.19,0.0226,1|2|3|4|5|6|7|8|9|10|11|12
AA,RNO,4806,-54.0,1493.0,13.6,0.0125,1|2|3|4|5|6|7|8|9|10|11|12
AA,HNL,4508,-78.0,2270.0,-6.2,4.0E-4,1|2|3|4|5|6|7|8|9|10|11|12
AA,PVD,4410,-37.0,1419.0,11.79,0.0091,1|2|3|4|5|6|7|8|9|10|11|12
AA,BUF,4356,-53.0,1613.0,15.07,0.0138,1|2|3|4|5|6|7|8|9|10|11|12
AA,MSN,4134,-62.0,2709.0,24.21,0.0121,1|2|3|4|5|6|7|8|9|10|11|12
AA,FAT,4090,-42.0,1888.0,16.96,0.0142,1|2|3|4|5|6|7|8|9|10|11|12
AA,STT,3982,-53.0,2346.0,26.77,0.009,1|2|3|4|5|6|7|8|9|10|11|12
AA,SAV,3796,-41.0,1884.0,21.27,0.0253,1|2|3|4|5|6|7|8|9|10|11|12
AA,VPS,3750,-43.0,2868.0,28.16,0.0144,1|2|3|4|5|6|7|8|9|10|11|12
AA,MFE,3628,-37.0,1399.0,19.06,0.0226,1|2|3|4|5|6|7|8|9|10|11|12
AA,PSP,3566,-46.0,1308.0,10.65,0.0123,1|2|3|4|5|6|7|8|9|10|11|12
AA,PNS,3552,-35.0,1526.0,33.62,0.0248,1|2|3|4|5|6|7|8|9|10|11|12
AA,PWM,3532,-49.0,2901.0,20.83,0.0215,1|2|3|4|5|6|7|8|9|10|11|12
AA,EYW,3462,-40.0,2685.0,41.08,0.0295,1|2|3|4|5|6|7|8|9|10|11|12
AA,SYR,3344,-65.0,2710.0,12.47,0.0114,1|2|3|4|5|6|7|8|9|10|11|12
AA,TYS,3024,-58.0,2884.0,17.53,0.0231,1|2|3|4|5|6|7|8|9|10|11|12
AA,ILM,2974,-39.0,1612.0,12.38,0.0215,1|2|3|4|5|6|7|8|9|10|11|12
AA,SJC,2896,-45.0,1645.0,9.3,0.0104,1|2|3|4|5|6|7|8|9|10|11|12
AA,ALB,2890,-80.0,1487.0,13.84,0.0083,1|2|3|4|5|6|7|8|9|10|11|12
AA,GEG,2868,-54.0,2168.0,17.59,0.0084,1|2|3|4|5|6|7|8|9|10|11|12
AA,GSP,2680,-48.0,1578.0,19.57,0.0246,1|2|3|4|5|6|7|8|9|10|11|12
AA,EGE,2652,-55.0,1521.0,36.55,0.0136,1|2|3|4|5|6|7|8|9|10|11|12
AA,GSO,2646,-60.0,1753.0,23.23,0.0272,1|2|3|4|5|6|7|8|9|10|11|12
AA,XNA,2564,-29.0,2307.0,25.17,0.0109,1|2|3|4|5|6|7|8|9|10|11|12
AA,OGG,2514,-70.0,1712.0,-1.36,0.004,1|2|3|4|5|6|7|8|9|10|11|12
AA,CID,2506,-47.0,2070.0,29.4,0.0319,1|2|3|4|5|6|7|8|9|10|11|12
AA,BUR,2458,-45.0,2230.0,15.09,0.0098,1|2|3|4|5|6|7|8|9|10|11|12
AA,MYR,2338,-38.0,893.0,11.1,0.0197,1|2|3|4|5|6|7|8|9|10|11|12
AA,COS,2152,-43.0,1478.0,17.72,0.0251,1|2|3|4|5|6|7|8|9|10|11|12
AA,LEX,2130,-43.0,1679.0,25.62,0.0254,1|2|3|4|5|6|7|8|9|10|11|12
AA,MDT,2110,-54.0,1449.0,16.91,0.0114,1|2|3|4|5|6|7|8|9|10|11|12
AA,JAC,2088,-48.0,2700.0,49.31,0.0115,1|2|3|4|5|6|7|8|9|10|11|12
AA,SBA,2056,-43.0,1418.0,16.65,0.0136,1|2|3|4|5|6|7|8|9|10|11|12
AA,BFL,1836,-40.0,1106.0,7.59,0.0109,1|2|3|4|5|6|7|8|9|10|11|12
AA,BZN,1818,-47.0,1767.0,30.7,0.0033,1|2|3|4|5|6|7|8|9|10|11|12
AA,BOI,1802,-45.0,727.0,6.85,0.0144,1|2|3|4|5|6|7|8|9|10|11|12
AA,ROC,1736,-38.0,1112.0,18.25,0.0161,1|2|3|4|5|6|7|8|9|10|11|12
AA,AVP,1650,-40.0,1141.0,13.48,0.0109,1|2|3|4|5|6|7|8|9|10|11|12
AA,SBP,1598,-41.0,1256.0,24.12,0.0038,1|2|3|4|5|6|7|8|9|10|11|12
AA,EUG,1540,-38.0,1713.0,18.46,0.0169,1|2|3|4|5|6|7|8|9|10|11|12
AA,LIT,1518,-29.0,2579.0,28.66,0.0184,1|2|3|4|5|6|7|8|9|10|11|12
AA,STX,1504,-39.0,2899.0,33.93,0.0066,1|2|3|4|5|6|7|8|9|10|11|12
AA,KOA,1502,-76.0,1535.0,8.13,0.0,1|2|3|4|5|6|7|8|9|10|11|12
AA,LIH,1498,-73.0,1284.0,0.57,0.0,1|2|3|4|5|6|7|8|9|10|11|12
AA,IAD,1478,-49.0,2147.0,9.57,0.0162,1|2|3|4|5|6|7|8|9|10|11|12
AA,BTV,1426,-39.0,1556.0,12.9,0.0126,1|2|3|4|5|6|7|8|9|10|11|12
AA,ECP,1410,-32.0,2218.0,36.47,0.0199,1|2|3|4|5|6|7|8|9|10|11|12
AA,CAE,1392,-38.0,1892.0,25.73,0.0302,1|2|3|4|5|6|7|8|9|10|11|12
AA,FSD,1304,-46.0,1539.0,16.82,0.0138,1|2|3|4|5|6|7|8|9|10|11|12
AA,MRY,1292,-48.0,1530.0,24.89,0.0139,1|2|3|4|5|6|7|8|9|10|11|12
AA,BGR,1212,-37.0,1304.0,24.93,0.0198,6|7|8|9|10|11
AA,ICT,1120,-32.0,1230.0,26.81,0.0286,1|2|3|4|5|6|7|8|9|10|11|12
AA,MTJ,1008,-31.0,1396.0,20.85,0.002,1|2|3|4|6|7|8|9|10|11|12
AA,ANC,996,-52.0,2236.0,23.16,0.004,1|3|4|5|6|7|8|9|10|11|12
AA,AVL,968,-39.0,2597.0,46.54,0.0537,1|2|4|5|6|7|8|9|10|11|12
AA,LBB,848,-37.0,1787.0,28.55,0.0259,1|2|3|4|5|6|7|10|11|12
AA,BHM,780,-29.0,2577.0,37.52,0.0154,1|2|5|6|9|10|11|12
AA,FCA,766,-43.0,1672.0,23.76,0.0052,6|7|8|9|10|11
AA,DAB,630,-27.0,402.0,6.98,0.0095,1|2|3|4|5|6
AA,MSO,464,-38.0,926.0,11.29,0.0043,1|6|7|8|9|10|11|12
AA,AMA,410,-31.0,977.0,21.83,0.0244,1|2|10|11|12
AA,HDN,366,-33.0,1561.0,49.46,0.0055,1|2|3|4|12
AA,STS,360,-30.0,1590.0,55.51,0.0056,5|6|7|8|9|10|11
AA,RAP,264,-31.0,1508.0,48.29,0.0152,6|7|8|9|10
AA,RDM,260,-31.0,1380.0,87.43,0.0154,5|6|7|8|9|10
AA,GUC,248,-36.0,1205.0,35.98,0.0161,1|2|3|4|12
AA,MHT,238,-31.0,1331.0,18.61,0.0,4|5|6
AA,TVC,182,-24.0,1139.0,62.25,0.0,6|7|8|9
AA,AGS,46,-20.0,179.0,34.35,0.0,4
AA,HSV,26,-29.0,85.0,15.38,0.0,11|12
AA,DRO,18,-16.0,137.0,36.56,0.0,6|7|8
AA,SBN,4,-37.0,7.0,-15.0,0.0,11
AS,SEA,155852,-70.0,540.0,6.1,0.0154,1|2|3|4|5|6|7|8|9|10|11|12
AS,PDX,33866,-60.0,450.0,3.61,0.0209,1|2|3|4|5|6|7|8|9|10|11|12
AS,ANC,28484,-65.0,499.0,0.99,0.0164,1|2|3|4|5|6|7|8|9|10|11|12
AS,SFO,22932,-65.0,850.0,6.8,0.0259,1|2|3|4|5|6|7|8|9|10|11|12
AS,SAN,20512,-58.0,899.0,7.43,0.027,1|2|3|4|5|6|7|8|9|10|11|12
AS,LAX,18518,-64.0,558.0,1.48,0.0188,1|2|3|4|5|6|7|8|9|10|11|12
AS,LAS,10860,-61.0,603.0,8.96,0.0221,1|2|3|4|5|6|7|8|9|10|11|12
AS,PHX,10018,-56.0,513.0,3.86,0.0194,1|2|3|4|5|6|7|8|9|10|11|12
AS,JNU,9146,-46.0,780.0,0.6,0.0188,1|2|3|4|5|6|7|8|9|10|11|12
AS,HNL,8738,-65.0,678.0,4.28,0.0266,1|2|3|4|5|6|7|8|9|10|11|12
AS,SNA,8222,-43.0,682.0,0.29,0.0122,1|2|3|4|5|6|7|8|9|10|11|12
AS,JFK,7566,-82.0,796.0,-0.22,0.0301,1|2|3|4|5|6|7|8|9|10|11|12
AS,EWR,6526,-70.0,511.0,5.81,0.0291,1|2|3|4|5|6|7|8|9|10|11|12
AS,ORD,6310,-57.0,917.0,8.33,0.0146,1|2|3|4|5|6|7|8|9|10|11|12
AS,SJC,5694,-54.0,658.0,-1.49,0.0228,1|2|3|4|5|6|7|8|9|10|11|12
AS,AUS,5656,-50.0,613.0,8.32,0.0258,1|2|3|4|5|6|7|8|9|10|11|12
AS,MCO,5270,-61.0,439.0,13.28,0.0387,1|2|3|4|5|6|7|8|9|10|11|12
AS,FAI,5222,-53.0,452.0,-1.01,0.0111,1|2|3|4|5|6|7|8|9|10|11|12
AS,BOS,5166,-72.0,735.0,4.28,0.0163,1|2|3|4|5|6|7|8|9|10|11|12
AS,KTN,4824,-65.0,593.0,-2.57,0.0182,1|2|3|4|5|6|7|8|9|10|11|12
AS,DFW,4780,-52.0,540.0,13.61,0.0222,1|2|3|4|5|6|7|8|9|10|11|12
AS,GEG,4586,-37.0,294.0,1.26,0.017,1|2|3|4|5|6|7|8|9|10|11|12
AS,BUR,4472,-39.0,490.0,2.68,0.0219,1|2|3|4|5|6|7|8|9|10|11|12
AS,DEN,4456,-49.0,359.0,4.8,0.0135,1|2|3|4|5|6|7|8|9|10|11|12
AS,OGG,4200,-69.0,521.0,2.25,0.0362,1|2|3|4|5|6|7|8|9|10|11|12
AS,IAD,4186,-67.0,323.0,5.52,0.0153,1|2|3|4|5|6|7|8|9|10|11|12
AS,KOA,4094,-68.0,550.0,1.69,0.0308,1|2|3|4|5|6|7|8|9|10|11|12
AS,DCA,3632,-72.0,309.0,-2.72,0.0077,1|2|3|4|5|6|7|8|9|10|11|12
AS,PSP,3030,-65.0,319.0,0.92,0.037,1|2|3|4|5|6|7|8|9|10|11|12
AS,ATL,2870,-62.0,316.0,4.07,0.0202,1|2|3|4|5|6|7|8|9|10|11|12
AS,ONT,2828,-46.0,480.0,0.38,0.024,1|2|3|4|5|6|7|8|9|10|11|12
AS,SIT,2636,-39.0,498.0,-1.49,0.0152,1|2|3|4|5|6|7|8|9|10|11|12
AS,SLC,2468,-46.0,638.0,3.37,0.0186,1|2|3|4|5|6|7|8|9|10|11|12
AS,BNA,2426,-58.0,436.0,-1.87,0.0107,1|2|3|4|5|6|7|8|9|10|11|12
AS,SMF,2270,-38.0,348.0,3.77,0.0159,1|2|3|4|5|6|7|8|9|10|11|12
AS,LIH,2216,-82.0,486.0,5.64,0.0099,1|2|3|4|5|6|7|8|9|10|11|12
AS,TPA,2194,-59.0,852.0,16.42,0.0447,1|2|3|4|5|6|7|8|9|10|11|12
AS,PAE,2120,-49.0,414.0,-1.24,0.0302,1|2|3|4|5|6|7|8|9|10|11|12
AS,MSP,2100,-58.0,485.0,1.81,0.0143,1|2|3|4|5|6|7|8|9|10|11|12
AS,FLL,1988,-55.0,344.0,11.16,0.0755,1|2|3|4|5|6|7|8|9|10|11|12
AS,IAH,1762,-52.0,323.0,4.79,0.0238,1|2|3|4|5|6|7|8|9|10|11|12
AS,ADQ,1632,-38.0,782.0,1.35,0.0208,1|2|3|4|5|6|7|8|9|10|11|12
AS,STL,1556,-60.0,473.0,-0.75,0.0116,1|2|3|4|5|6|7|8|9|10|11|12
AS,MCI,1544,-41.0,247.0,-1.76,0.0104,1|2|3|4|5|6|7|8|9|10|11|12
AS,OAK,1452,-42.0,269.0,-2.57,0.0234,1|2|3|4|5|6|7|8|9|10|11|12
AS,BET,1452,-36.0,302.0,12.03,0.011,1|2|3|4|5|6|7|8|9|10|11|12
AS,WRG,1442,-39.0,238.0,-3.59,0.0153,1|2|3|4|5|6|7|8|9|10|11|12
AS,PSG,1440,-47.0,252.0,-2.25,0.0153,1|2|3|4|5|6|7|8|9|10|11|12
AS,CDV,1436,-37.0,244.0,-0.67,0.0195,1|2|3|4|5|6|7|8|9|10|11|12
AS,YAK,1430,-52.0,242.0,-4.55,0.0224,1|2|3|4|5|6|7|8|9|10|11|12
AS,MSY,1400,-48.0,704.0,5.64,0.0071,1|2|3|4|5|6|7|8|9|10|11|12
AS,BZN,1302,-50.0,301.0,6.32,0.0123,1|2|3|4|5|6|7|8|9|10|11|12
AS,PHL,1264,-55.0,253.0,8.51,0.0142,1|2|3|4|5|6|7|8|9|10|11|12
AS,SAT,1262,-45.0,303.0,5.71,0.0063,1|2|3|4|5|6|7|8|9|10|11|12
AS,BOI,1250,-41.0,404.0,3.81,0.0064,1|2|3|4|5|6|7|8|9|10|11|12
AS,RNO,1194,-32.0,320.0,5.38,0.0101,1|2|3|4|5|6|7|8|9|10|11|12
AS,BWI,1168,-44.0,650.0,11.02,0.0205,1|2|3|4|5|6|7|8|9|10|11|12
AS,SCC,1140,-44.0,422.0,-8.26,0.0316,1|2|3|4|5|6|7|8|9|10|11|12
AS,IND,1078,-47.0,520.0,6.21,0.0204,1|2|3|4|5|6|7|8|9|10|11|12
AS,MIA,1060,-73.0,359.0,11.47,0.0547,1|2|3|4|5|6|7|8|9|10|11|12
AS,TUS,1050,-52.0,251.0,8.12,0.0038,1|2|3|4|5|6|7|8|9|10|11|12
AS,RDU,1050,-58.0,862.0,8.92,0.0114,1|2|3|4|5|6|7|8|9|10|11|12
AS,DTW,1018,-51.0,336.0,4.75,0.0196,1|2|3|4|5|6|7|8|9|10|11|12
AS,CLE,954,-47.0,364.0,1.44,0.0168,1|2|3|4|5|6|7|8|9|10|11|12
AS,MKE,944,-40.0,194.0,-3.41,0.0085,1|2|3|4|5|6|7|8|9|10|11|12
AS,PIT,940,-82.0,223.0,-3.61,0.0255,1|2|3|4|5|6|7|8|9|10|11|12
AS,CMH,938,-59.0,175.0,-1.74,0.0192,1|2|3|4|5|6|7|8|9|10|11|12
AS,OMA,936,-40.0,523.0,2.84,0.015,1|2|3|4|5|6|7|8|9|10|11|12
AS,RDM,924,-24.0,360.0,9.37,0.026,1|2|3|4|5|6|7|8|9|10|11|12
AS,ABQ,844,-45.0,266.0,4.53,0.0095,1|2|3|4|5|6|7|8|9|10|11|12
AS,FAT,754,-35.0,289.0,3.33,0.0239,1|2|3|4|5|6|7|8|9|10|11|12
AS,PSC,746,-33.0,385.0,9.59,0.0214,1|2|3|4|5|6|7|8|9|10|11|12
AS,OTZ,730,-32.0,412.0,-1.22,0.0603,1|2|3|4|5|6|7|8|9|10|11|12
AS,OME,728,-28.0,196.0,3.37,0.0357,1|2|3|4|5|6|7|8|9|10|11|12
AS,BRW,728,-29.0,285.0,11.36,0.0522,1|2|3|4|5|6|7|8|9|10|11|12
AS,DAL,724,-41.0,201.0,-2.38,0.0249,1|2|3|4|5|6|7|8|9|10|11|12
AS,CVG,702,-49.0,239.0,3.87,0.0342,1|2|3|4|5|6|7|8|9|10|11|12
AS,CHS,694,-58.0,152.0,-1.54,0.0259,1|2|3|4|5|6|7|8|9|10|11|12
AS,OKC,694,-36.0,201.0,5.33,0.0231,1|2|3|4|5|6|7|8|9|10|11|12
AS,SBA,658,-44.0,207.0,-2.29,0.0091,1|2|3|4|5|6|7|8|9|10|11|12
AS,STS,630,-39.0,276.0,9.78,0.0095,1|3|4|5|6|7|8|9|10|11|12
AS,EUG,596,-30.0,484.0,13.78,0.0235,1|2|3|5|6|7|8|9|10|11|12
AS,MSO,498,-35.0,268.0,5.7,0.0,4|5|6|7|8|9|10|11|12
AS,AKN,356,-37.0,88.0,-3.27,0.0056,4|5|6|7|8|9
AS,RSW,340,-63.0,225.0,3.13,0.0412,1|2|3|4|5|6|7|8|9|11|12
AS,DLG,220,-36.0,226.0,3.52,0.0273,6|7|8|9
AS,ADK,208,-70.0,217.0,-6.83,0.0769,1|2|3|4|5|6|7|8|9|10|11|12
AS,GST,180,-35.0,220.0,-0.36,0.0667,6|7|8
AS,JAC,162,-49.0,154.0,4.16,0.0617,1|2|3|6|7|8
AS,SBP,124,-24.0,253.0,7.19,0.0,10|11|12
B6,BOS,82134,-82.0,981.0,7.38,0.0135,1|2|3|4|5|6|7|8|9|10|11|12
B6,JFK,72032,-88.0,885.0,10.73,0.0186,1|2|3|4|5|6|7|8|9|10|11|12
B6,FLL,37678,-95.0,1447.0,11.56,0.0126,1|2|3|4|5|6|7|8|9|10|11|12
B6,MCO,34540,-64.0,1029.0,14.53,0.0166,1|2|3|4|5|6|7|8|9|10|11|12
B6,SJU,20078,-62.0,1440.0,15.13,0.011,1|2|3|4|5|6|7|8|9|10|11|12
B6,LGA,19060,-65.0,1196.0,10.46,0.0219,1|2|3|4|5|6|7|8|9|10|11|12
B6,LAX,18314,-68.0,841.0,1.28,0.0034,1|2|3|4|5|6|7|8|9|10|11|12
B6,PBI,17068,-56.0,1150.0,11.02,0.0157,1|2|3|4|5|6|7|8|9|10|11|12
B6,DCA,16698,-51.0,1247.0,6.81,0.015,1|2|3|4|5|6|7|8|9|10|11|12
B6,EWR,11058,-90.0,751.0,9.16,0.0203,1|2|3|4|5|6|7|8|9|10|11|12
B6,HPN,10512,-56.0,972.0,3.6,0.0145,1|2|3|4|5|6|7|8|9|10|11|12
B6,TPA,10422,-54.0,785.0,13.71,0.0269,1|2|3|4|5|6|7|8|9|10|11|12
B6,SFO,8464,-60.0,1203.0,6.14,0.0043,1|2|3|4|5|6|7|8|9|10|11|12
B6,RSW,7638,-53.0,1544.0,16.97,0.0259,1|2|3|4|5|6|7|8|9|10|11|12
B6,BUF,6896,-84.0,1140.0,5.26,0.0209,1|2|3|4|5|6|7|8|9|10|11|12
B6,BDL,6744,-68.0,980.0,7.71,0.0136,1|2|3|4|5|6|7|8|9|10|11|12
B6,RDU,6402,-47.0,1108.0,11.62,0.0159,1|2|3|4|5|6|7|8|9|10|11|12
B6,ATL,5978,-44.0,1263.0,17.67,0.0157,1|2|3|4|5|6|7|8|9|10|11|12
B6,LAS,5924,-68.0,1380.0,9.61,0.0078,1|2|3|4|5|6|7|8|9|10|11|12
B6,MIA,3794,-52.0,960.0,22.34,0.0221,1|2|3|4|5|6|7|8|9|10|11|12
B6,JAX,3670,-45.0,1266.0,15.05,0.0207,1|2|3|4|5|6|7|8|9|10|11|12
B6,CHS,3664,-44.0,1668.0,12.2,0.0164,1|2|3|4|5|6|7|8|9|10|11|12
B6,RIC,3548,-46.0,1311.0,5.54,0.0118,1|2|3|4|5|6|7|8|9|10|11|12
B6,SAN,3514,-65.0,1232.0,14.16,0.0028,1|2|3|4|5|6|7|8|9|10|11|12
B6,PVD,3178,-53.0,947.0,3.14,0.0088,1|2|3|4|5|6|7|8|9|10|11|12
B6,BQN,3158,-53.0,1031.0,11.41,0.0127,1|2|3|4|5|6|7|8|9|10|11|12
B6,SLC,3038,-53.0,1581.0,15.73,0.0072,1|2|3|4|5|6|7|8|9|10|11|12
B6,MSY,2702,-48.0,1612.0,19.23,0.0178,1|2|3|4|5|6|7|8|9|10|11|12
B6,BNA,2702,-61.0,1031.0,9.08,0.0178,1|2|3|4|5|6|7|8|9|10|11|12
B6,SYR,2690,-45.0,1401.0,7.37,0.0223,1|2|3|4|5|6|7|8|9|10|11|12
B6,ORD,2484,-47.0,1833.0,19.33,0.0177,1|2|3|4|5|6|7|8|9|10|11|12
B6,DEN,2460,-52.0,1368.0,26.89,0.0098,1|2|3|4|5|6|7|8|9|10|11|12
B6,PIT,2388,-56.0,604.0,5.49,0.0176,1|2|3|4|5|6|7|8|9|10|11|12
B6,PHL,2158,-46.0,306.0,0.41,0.0167,1|2|3|4|5|6|7|8|9|10|11|12
B6,DTW,2068,-42.0,2512.0,11.79,0.0087,1|2|3|4|5|6|7|8|9|10|11|12
B6,ACK,2012,-41.0,394.0,8.43,0.0388,5|6|7|8|9|10
B6,PHX,1896,-55.0,2108.0,28.94,0.0116,1|2|3|4|5|6|7|8|9|10|11|12
B6,SAV,1822,-48.0,1129.0,12.03,0.011,1|2|3|4|5|6|7|8|9|10|11|12
B6,CLE,1640,-36.0,1050.0,6.28,0.0159,1|2|3|4|5|6|7|8|9|10|11|12
B6,AUS,1572,-48.0,1434.0,24.26,0.0102,1|2|3|4|5|6|7|8|9|10|11|12
B6,ALB,1546,-48.0,1197.0,13.04,0.0129,1|2|3|4|5|6|7|8|9|10|11|12
B6,SRQ,1536,-47.0,1203.0,13.68,0.0391,1|2|3|4|5|6|7|8|9|10|11|12
B6,ROC,1510,-35.0,561.0,15.27,0.0305,1|2|3|4|5|6|7|8|9|10|11|12
B6,SEA,1496,-55.0,1009.0,13.9,0.0067,1|2|3|4|5|6|7|8|9|10|11|12
B6,ORH,1478,-52.0,1335.0,13.98,0.0189,1|2|3|4|5|6|7|8|9|10|11|12
B6,IAH,1462,-48.0,1062.0,20.86,0.0219,1|2|3|4|5|6|7|8|9|10|11|12
B6,STT,1362,-51.0,1368.0,12.43,0.0191,1|2|3|4|5|6|7|8|9|10|11|12
B6,PSE,1288,-52.0,838.0,0.96,0.0233,1|2|3|4|5|6|7|8|9|10|11|12
B6,SAT,1156,-54.0,1493.0,25.66,0.0208,1|2|3|4|5|6|7|8|9|10
B6,MKE,1068,-46.0,1516.0,11.64,0.0112,1|2|3|4|5|6|7|8|9|10
B6,CLT,1056,-43.0,993.0,9.39,0.0189,1|2|3|4|5|6|7|8|9|10
B6,MVY,1034,-43.0,1045.0,20.77,0.0561,5|6|7|8|9|10
B6,SMF,766,-42.0,1375.0,41.82,0.0131,1|2|3|4|5|6|7|8|9|10
B6,PWM,730,-50.0,990.0,11.57,0.0466,5|6|7|8|9|10|11|12
B6,DFW,720,-51.0,1227.0,34.37,0.0111,1|2|3|4|5|6|7|8|9|10|11|12
B6,MSP,648,-41.0,1056.0,30.57,0.0154,1|2|3|4|5|6|7|8|9|10
B6,ONT,600,-49.0,1005.0,5.06,0.02,1|2|3|4|5|6|7|8|9|10
B6,TLH,594,-44.0,496.0,1.24,0.0202,1|2|3|4|5|6|7|8|9|10
B6,BUR,578,-43.0,1268.0,41.29,0.0208,1|2|3|4|5|6|7|8|9|10
B6,RNO,548,-49.0,1596.0,34.29,0.0219,1|2|3|4|5|6|7|8|12
B6,ABQ,510,-41.0,1398.0,45.11,0.0196,2|3|4|5|6|7|8|9|10
B6,BWI,444,-38.0,316.0,3.6,0.0225,1|2|3|4
B6,PDX,426,-63.0,1267.0,39.26,0.0094,3|4|5|6|7|8|9|10
B6,MCI,326,-38.0,1186.0,28.61,0.0061,1|2|3|4|5|6
B6,EYW,322,-53.0,1452.0,32.24,0.0311,1|2|3|4|10|11|12
B6,SJC,320,-43.0,1184.0,27.49,0.0188,3|4|5|6|7|8|9
B6,ISP,296,-40.0,1179.0,11.84,0.0,10|11|12
B6,BZN,286,-48.0,1399.0,34.19,0.021,1|2|3|6|7|8|9|12
B6,PQI,234,-41.0,564.0,1.58,0.0085,9|10|11|12
B6,HYA,206,-25.0,1097.0,55.02,0.068,5|6|7|8|9
B6,AVL,164,-33.0,383.0,23.96,0.0122,6|7|8|9
B6,PSP,156,-55.0,1046.0,19.48,0.0128,1|2|3|4
B6,HDN,120,-44.0,1609.0,103.37,0.0167,2|3|4
B6,STX,40,-26.0,137.0,13.55,0.0,12
B6,BTV,12,-12.0,20.0,-0.67,0.0,1
DL,ATL,454210,-65.0,976.0,5.35,0.0086,1|2|3|4|5|6|7|8|9|10|11|12
DL,MSP,138458,-77.0,1076.0,2.01,0.0083,1|2|3|4|5|6|7|8|9|10|11|12
DL,DTW,117522,-80.0,1148.0,5.09,0.0088,1|2|3|4|5|6|7|8|9|10|11|12
DL,SLC,108062,-64.0,1156.0,4.07,0.0062,1|2|3|4|5|6|7|8|9|10|11|12
DL,LAX,72530,-62.0,1070.0,3.2,0.0067,1|2|3|4|5|6|7|8|9|10|11|12
DL,SEA,63578,-78.0,1206.0,0.94,0.0056,1|2|3|4|5|6|7|8|9|10|11|12
DL,JFK,60724,-91.0,1112.0,1.93,0.0094,1|2|3|4|5|6|7|8|9|10|11|12
DL,LGA,54688,-75.0,1135.0,3.9,0.0139,1|2|3|4|5|6|7|8|9|10|11|12
DL,BOS,51226,-77.0,1117.0,2.47,0.0094,1|2|3|4|5|6|7|8|9|10|11|12
DL,MCO,43456,-71.0,1157.0,10.17,0.0149,1|2|3|4|5|6|7|8|9|10|11|12
DL,LAS,32448,-57.0,1117.0,0.56,0.0073,1|2|3|4|5|6|7|8|9|10|11|12
DL,TPA,25718,-58.0,1040.0,8.3,0.0204,1|2|3|4|5|6|7|8|9|10|11|12
DL,SFO,25718,-57.0,1101.0,4.5,0.0068,1|2|3|4|5|6|7|8|9|10|11|12
DL,DEN,24826,-63.0,1037.0,2.25,0.0086,1|2|3|4|5|6|7|8|9|10|11|12
DL,FLL,24526,-73.0,1198.0,9.93,0.0105,1|2|3|4|5|6|7|8|9|10|11|12
DL,DFW,24350,-58.0,1218.0,6.85,0.0093,1|2|3|4|5|6|7|8|9|10|11|12
DL,MIA,22768,-69.0,1254.0,13.51,0.0114,1|2|3|4|5|6|7|8|9|10|11|12
DL,RDU,22562,-67.0,1093.0,2.31,0.0088,1|2|3|4|5|6|7|8|9|10|11|12
DL,AUS,22344,-49.0,1144.0,6.84,0.0083,1|2|3|4|5|6|7|8|9|10|11|12
DL,ORD,21934,-57.0,1118.0,8.05,0.0112,1|2|3|4|5|6|7|8|9|10|11|12
DL,PHX,21114,-62.0,1075.0,0.39,0.0068,1|2|3|4|5|6|7|8|9|10|11|12
DL,SAN,18908,-62.0,1210.0,4.41,0.0069,1|2|3|4|5|6|7|8|9|10|11|12
DL,DCA,18088,-74.0,1013.0,2.52,0.0117,1|2|3|4|5|6|7|8|9|10|11|12
DL,BNA,16766,-69.0,1170.0,-1.66,0.0087,1|2|3|4|5|6|7|8|9|10|11|12
DL,IAH,16020,-51.0,1158.0,5.8,0.0112,1|2|3|4|5|6|7|8|9|10|11|12
DL,RSW,14470,-49.0,1171.0,6.0,0.0155,1|2|3|4|5|6|7|8|9|10|11|12
DL,MSY,14454,-64.0,1278.0,4.01,0.0095,1|2|3|4|5|6|7|8|9|10|11|12
DL,PDX,14320,-57.0,1067.0,-2.53,0.0084,1|2|3|4|5|6|7|8|9|10|11|12
DL,CVG,14240,-61.0,830.0,1.23,0.0091,1|2|3|4|5|6|7|8|9|10|11|12
DL,PBI,14156,-51.0,1087.0,8.16,0.0136,1|2|3|4|5|6|7|8|9|10|11|12
DL,MCI,14150,-57.0,997.0,-1.85,0.0075,1|2|3|4|5|6|7|8|9|10|11|12
DL,EWR,13144,-54.0,1155.0,14.69,0.0111,1|2|3|4|5|6|7|8|9|10|11|12
DL,CLT,12444,-52.0,1058.0,2.13,0.0064,1|2|3|4|5|6|7|8|9|10|11|12
DL,SAT,12312,-51.0,1137.0,3.95,0.008,1|2|3|4|5|6|7|8|9|10|11|12
DL,PHL,11884,-55.0,1097.0,1.75,0.0091,1|2|3|4|5|6|7|8|9|10|11|12
DL,JAX,11656,-55.0,1205.0,5.43,0.0113,1|2|3|4|5|6|7|8|9|10|11|12
DL,STL,11042,-49.0,1057.0,-0.6,0.0072,1|2|3|4|5|6|7|8|9|10|11|12
DL,BWI,10536,-56.0,918.0,1.7,0.0072,1|2|3|4|5|6|7|8|9|10|11|12
DL,SNA,9624,-55.0,1098.0,2.84,0.0052,1|2|3|4|5|6|7|8|9|10|11|12
DL,IND,8978,-51.0,1003.0,1.49,0.0065,1|2|3|4|5|6|7|8|9|10|11|12
DL,MEM,8846,-45.0,1024.0,-1.82,0.0113,1|2|3|4|5|6|7|8|9|10|11|12
DL,MKE,8674,-54.0,1159.0,0.38,0.0092,1|2|3|4|5|6|7|8|9|10|11|12
DL,BDL,8034,-60.0,992.0,-0.3,0.008,1|2|3|4|5|6|7|8|9|10|11|12
DL,CHS,7780,-54.0,1146.0,4.18,0.009,1|2|3|4|5|6|7|8|9|10|11|12
DL,HNL,7348,-78.0,1025.0,-2.84,0.0068,1|2|3|4|5|6|7|8|9|10|11|12
DL,SJU,7128,-48.0,1132.0,4.42,0.0036,1|2|3|4|5|6|7|8|9|10|11|12
DL,PIT,6802,-51.0,496.0,-1.96,0.0085,1|2|3|4|5|6|7|8|9|10|11|12
DL,CMH,6660,-50.0,1083.0,-1.7,0.0087,1|2|3|4|5|6|7|8|9|10|11|12
DL,SAV,6610,-40.0,1034.0,2.19,0.0079,1|2|3|4|5|6|7|8|9|10|11|12
DL,SMF,6452,-44.0,1100.0,-1.64,0.0074,1|2|3|4|5|6|7|8|9|10|11|12
DL,IAD,6436,-63.0,1087.0,0.93,0.0075,1|2|3|4|5|6|7|8|9|10|11|12
DL,CLE,6364,-43.0,1068.0,-0.25,0.0088,1|2|3|4|5|6|7|8|9|10|11|12
DL,SRQ,6016,-50.0,1057.0,6.86,0.0313,1|2|3|4|5|6|7|8|9|10|11|12
DL,GEG,5994,-49.0,1157.0,2.12,0.0097,1|2|3|4|5|6|7|8|9|10|11|12
DL,BHM,5842,-35.0,728.0,1.18,0.0089,1|2|3|4|5|6|7|8|9|10|11|12
DL,GRR,5708,-55.0,1127.0,-2.75,0.0095,1|2|3|4|5|6|7|8|9|10|11|12
DL,BOI,5482,-52.0,1148.0,2.99,0.0084,1|2|3|4|5|6|7|8|9|10|11|12
DL,RIC,5322,-37.0,703.0,1.37,0.0064,1|2|3|4|5|6|7|8|9|10|11|12
DL,GSP,5236,-47.0,904.0,-4.31,0.0092,1|2|3|4|5|6|7|8|9|10|11|12
DL,VPS,5112,-55.0,717.0,2.11,0.0082,1|2|3|4|5|6|7|8|9|10|11|12
DL,PNS,5102,-39.0,943.0,-2.9,0.0074,1|2|3|4|5|6|7|8|9|10|11|12
DL,ANC,4922,-64.0,1153.0,1.74,0.0073,1|2|3|4|5|6|7|8|9|10|11|12
DL,SDF,4876,-43.0,1010.0,-2.36,0.009,1|2|3|4|5|6|7|8|9|10|11|12
DL,ORF,4874,-44.0,969.0,6.37,0.0103,1|2|3|4|5|6|7|8|9|10|11|12
DL,GSO,4830,-44.0,1069.0,-3.73,0.0066,1|2|3|4|5|6|7|8|9|10|11|12
DL,ECP,4694,-38.0,1094.0,2.49,0.0081,1|2|3|4|5|6|7|8|9|10|11|12
DL,AVL,4534,-50.0,959.0,3.49,0.0251,1|2|3|4|5|6|7|8|9|10|11|12
DL,SJC,4450,-58.0,1054.0,-4.65,0.0072,1|2|3|4|5|6|7|8|9|10|11|12
DL,BUF,4252,-48.0,872.0,2.43,0.0118,1|2|3|4|5|6|7|8|9|10|11|12
DL,DAL,4150,-38.0,998.0,6.77,0.0072,1|2|3|4|5|6|7|8|9|10|11|12
DL,MYR,4076,-43.0,1077.0,-3.98,0.0103,1|2|3|4|5|6|7|8|9|10|11|12
DL,LIT,4060,-45.0,1150.0,-3.27,0.0064,1|2|3|4|5|6|7|8|9|10|11|12
DL,JAN,3994,-35.0,691.0,-2.4,0.006,1|2|3|4|5|6|7|8|9|10|11|12
DL,HSV,3912,-45.0,688.0,-4.27,0.0107,1|2|3|4|5|6|7|8|9|10|11|12
DL,MSN,3844,-48.0,1027.0,-2.47,0.0104,1|2|3|4|5|6|7|8|9|10|11|12
DL,OMA,3796,-43.0,1206.0,-1.24,0.01,1|2|3|4|5|6|7|8|9|10|11|12
DL,LEX,3690,-51.0,1177.0,-5.75,0.0114,1|2|3|4|5|6|7|8|9|10|11|12
DL,ONT,3674,-46.0,1082.0,-5.88,0.0093,1|2|3|4|5|6|7|8|9|10|11|12
DL,BZN,3596,-46.0,997.0,1.97,0.005,1|2|3|4|5|6|7|8|9|10|11|12
DL,OKC,3444,-42.0,1032.0,-5.64,0.0087,1|2|3|4|5|6|7|8|9|10|11|12
DL,HOU,3194,-38.0,1102.0,8.78,0.01,1|2|3|4|5|6|7|8|9|10|11|12
DL,GNV,3140,-40.0,1023.0,-1.69,0.0127,1|2|3|4|5|6|7|8|9|10|11|12
DL,ABQ,3088,-47.0,714.0,-5.6,0.0091,1|2|3|4|5|6|7|8|9|10|11|12
DL,MDW,3080,-41.0,1179.0,1.2,0.0078,1|2|3|4|5|6|7|8|9|10|11|12
DL,CAE,3038,-39.0,844.0,-4.01,0.0072,1|2|3|4|5|6|7|8|9|10|11|12
DL,DAB,2892,-33.0,1071.0,2.14,0.0131,1|2|3|4|5|6|7|8|9|10|11|12
DL,TYS,2834,-47.0,1033.0,-6.78,0.0092,1|2|3|4|5|6|7|8|9|10|11|12
DL,TUL,2824,-44.0,566.0,-3.23,0.0085,1|2|3|4|5|6|7|8|9|10|11|12
DL,TLH,2814,-41.0,1200.0,-4.79,0.01,1|2|3|4|5|6|7|8|9|10|11|12
DL,MLB,2780,-40.0,402.0,-2.35,0.0101,1|2|3|4|5|6|7|8|9|10|11|12
DL,PVD,2726,-46.0,1067.0,4.28,0.0103,1|2|3|4|5|6|7|8|9|10|11|12
DL,ALB,2694,-58.0,1128.0,3.77,0.0141,1|2|3|4|5|6|7|8|9|10|11|12
DL,EYW,2634,-42.0,1149.0,9.8,0.022,1|2|3|4|5|6|7|8|9|10|11|12
DL,JAC,2598,-61.0,1161.0,7.78,0.0085,1|2|3|4|5|6|7|8|9|10|11|12
DL,CHA,2466,-36.0,1049.0,0.01,0.0081,1|2|3|4|5|6|7|8|9|10|11|12
DL,SYR,2446,-57.0,647.0,-3.01,0.0082,1|2|3|4|5|6|7|8|9|10|11|12
DL,GPT,2368,-42.0,989.0,1.85,0.0127,1|2|3|4|5|6|7|8|9|10|11|12
DL,DSM,2360,-45.0,1197.0,1.5,0.0102,1|2|3|4|5|6|7|8|9|10|11|12
DL,DAY,2338,-46.0,1025.0,-8.49,0.0103,1|2|3|4|5|6|7|8|9|10|11|12
DL,TUS,2280,-55.0,1133.0,-2.43,0.007,1|2|3|4|5|6|7|8|9|10|11|12
DL,ROC,2144,-60.0,980.0,3.26,0.0093,1|2|3|4|5|6|7|8|9|10|11|12
DL,RNO,2042,-45.0,843.0,2.92,0.0098,1|2|3|4|5|6|7|8|9|10|11|12
DL,OGG,2040,-74.0,1155.0,-3.75,0.0118,1|2|3|4|5|6|7|8|9|10|11|12
DL,HPN,1952,-47.0,1023.0,2.33,0.0092,1|2|3|4|5|6|7|8|9|10|11|12
DL,BTR,1818,-44.0,706.0,0.74,0.0121,1|2|3|4|5|6|7|8|9|10|11|12
DL,ICT,1766,-42.0,1088.0,0.55,0.0113,1|2|3|4|5|6|7|8|9|10|11|12
DL,STT,1744,-60.0,1181.0,11.29,0.0069,1|2|3|4|5|6|7|8|9|10|11|12
DL,FCA,1590,-47.0,537.0,3.69,0.0075,1|2|3|4|5|6|7|8|9|10|11|12
DL,BIL,1570,-37.0,1039.0,2.27,0.0127,1|2|3|4|5|6|7|8|9|10|11|12
DL,ILM,1562,-40.0,630.0,4.02,0.0141,1|2|3|4|5|6|7|8|9|10|11|12
DL,MDT,1536,-39.0,414.0,-2.89,0.0078,1|3|4|5|6|7|8|9|10|11|12
DL,PWM,1496,-59.0,876.0,3.93,0.012,1|2|3|4|5|6|7|8|9|10|11|12
DL,LIH,1464,-68.0,1151.0,-10.9,0.015,1|2|3|4|5|6|7|8|9|10|11|12
DL,KOA,1462,-68.0,930.0,-4.55,0.0205,1|2|3|4|5|6|7|8|9|10|11|12
DL,MSO,1462,-40.0,521.0,3.87,0.0109,1|2|3|4|5|6|7|8|9|10|11|12
DL,ELP,1424,-37.0,1139.0,1.14,0.0056,1|2|3|4|5|6|7|8|9|10|11|12
DL,FAR,1422,-41.0,814.0,-3.72,0.0056,1|2|3|4|5|6|7|8|9|10|11|12
DL,FSD,1330,-33.0,762.0,14.21,0.0135,1|2|3|4|5|6|7|8|9|10|11|12
DL,PSP,1320,-64.0,284.0,-2.24,0.003,1|2|3|4|5|9|10|11|12
DL,BIS,1260,-50.0,647.0,-0.39,0.0063,1|2|3|4|5|6|7|8|9|10|11|12
DL,SBA,1240,-45.0,793.0,7.04,0.0048,6|7|8|9|10|11|12
DL,FAI,1204,-58.0,1082.0,13.34,0.0116,1|2|3|4|5|6|7|8|9|10|11|12
DL,XNA,1152,-41.0,294.0,-4.67,0.0052,1|2|3|4|5|6|7|8|9|10|11|12
DL,MOB,1140,-38.0,515.0,-2.11,0.014,1|2|3|4|5|6|7|8|9|10|11|12
DL,OAK,1132,-42.0,970.0,-3.86,0.0141,1|2|3|4|5|6|7|8|9|10|11|12
DL,COS,1100,-36.0,1155.0,8.86,0.0073,1|2|3|4|5|6|7|8|9|10|11|12
DL,BTV,934,-56.0,569.0,1.23,0.0171,1|2|3|4|5|6|7|8|9|10|11|12
DL,TVC,890,-51.0,715.0,0.77,0.018,1|2|3|4|5|6|7|8|9|10|11|12
DL,BUR,882,-37.0,1124.0,15.02,0.0068,5|6|7|8|9|10|11|12
DL,LGB,876,-35.0,1090.0,6.52,0.0068,1|2|3|4|5|6|7|8|9|10|11|12
DL,ROA,876,-41.0,834.0,1.03,0.0091,1|2|3|4|5|6|7|8|9|10|11|12
DL,PSC,804,-36.0,796.0,3.66,0.005,1|5|6|7|8|9|10|11|12
DL,SGF,802,-36.0,520.0,4.37,0.005,3|4|5|6|7|8|9|10|11|12
DL,GRB,738,-45.0,522.0,9.71,0.0054,1|2|3|4|5|6|7|8|9|10|11|12
DL,CID,736,-44.0,882.0,12.85,0.0136,1|2|3|4|5|6|7|8|9|10|11|12
DL,FAY,660,-40.0,582.0,-4.94,0.0091,1|2|3|4|5|6|7|8|9|11|12
DL,ATW,648,-43.0,507.0,2.76,0.0093,1|3|4|5|6|7|8|9|10|11|12
DL,OAJ,606,-34.0,732.0,-2.2,0.0132,1|2|3|4|5|6|7|8|9
DL,CHO,514,-38.0,505.0,-1.29,0.0,1|3|4|5|6|7|8|9|10|11
DL,HRL,416,-53.0,175.0,-7.45,0.0048,1|2|3|4|5|10|11|12
DL,FAT,408,-30.0,719.0,11.51,0.0196,6|7|8|9|10|11|12
DL,EGE,356,-38.0,253.0,5.44,0.0056,1|2|3|4|12
DL,AGS,336,-24.0,935.0,12.74,0.0,4|11|12
DL,TRI,304,-41.0,941.0,3.93,0.0,1|5|6|10|11|12
DL,JNU,302,-39.0,802.0,2.87,0.0,6|7|8|9|10|11
DL,HDN,268,-46.0,371.0,7.66,0.0,1|2|3|4|12
DL,STX,240,-43.0,147.0,3.03,0.0083,1|2|3|4|5|6|7|8|11|12
DL,DLH,216,-32.0,390.0,4.41,0.0093,6|7|8|9
DL,MTJ,206,-30.0,242.0,-0.68,0.0,1|2|3|4|12
DL,IDA,192,-30.0,420.0,9.92,0.0,10|11|12
DL,RAP,190,-28.0,400.0,14.2,0.0316,6|7|8|9
DL,EVV,50,-38.0,956.0,26.29,0.04,5|6
F9,DEN,50132,-57.0,1321.0,10.31,0.0152,1|2|3|4|5|6|7|8|9|10|11|12
F9,MCO,35760,-55.0,1130.0,9.34,0.022,1|2|3|4|5|6|7|8|9|10|11|12
F9,LAS,26136,-55.0,1273.0,11.21,0.0141,1|2|3|4|5|6|7|8|9|10|11|12
F9,PHL,23690,-68.0,1090.0,15.46,0.0268,1|2|3|4|5|6|7|8|9|10|11|12
F9,ATL,23320,-52.0,1161.0,20.77,0.025,1|2|3|4|5|6|7|8|9|10|11|12
F9,DFW,20398,-54.0,1165.0,20.14,0.0268,1|2|3|4|5|6|7|8|9|10|11|12
F9,PHX,19046,-51.0,1016.0,9.87,0.012,1|2|3|4|5|6|7|8|9|10|11|12
F9,TPA,13266,-49.0,1156.0,11.33,0.0282,1|2|3|4|5|6|7|8|9|10|11|12
F9,CLE,13256,-69.0,1214.0,13.97,0.0281,1|2|3|4|5|6|7|8|9|10|11|12
F9,SJU,11728,-55.0,1267.0,20.46,0.0217,1|2|3|4|5|6|7|8|9|10|11|12
F9,CVG,9426,-73.0,1280.0,10.39,0.0214,1|2|3|4|5|6|7|8|9|10|11|12
F9,RDU,9410,-54.0,1179.0,14.75,0.031,1|2|3|4|5|6|7|8|9|10|11|12
F9,SFO,9152,-47.0,1283.0,29.96,0.0208,1|2|3|4|5|6|7|8|9|10|11|12
F9,MDW,7638,-60.0,1201.0,14.64,0.0244,1|2|3|4|5|6|7|8|9|10|11|12
F9,MIA,7580,-51.0,1053.0,15.87,0.0251,1|2|3|4|5|6|7|8|9|10|11|12
F9,ONT,7008,-48.0,1212.0,12.31,0.0203,1|2|3|4|5|6|7|8|9|10|11|12
F9,IAH,6836,-50.0,1244.0,28.3,0.0313,1|2|3|4|5|6|7|8|9|10|11|12
F9,SAN,6756,-53.0,1256.0,22.52,0.0213,1|2|3|4|5|6|7|8|9|10|11|12
F9,CLT,6566,-59.0,1279.0,33.42,0.0335,1|2|3|4|5|6|7|8|9|10|11|12
F9,SLC,6334,-50.0,1267.0,15.35,0.0212,1|2|3|4|5|6|7|8|9|10|11|12
F9,BWI,5850,-55.0,1213.0,22.84,0.0356,1|2|3|4|5|6|7|8|9|10|11|12
F9,ORD,5312,-51.0,1159.0,29.0,0.0301,1|2|3|4|5|6|7|8|9|10|11|12
F9,LGA,4998,-53.0,1386.0,23.38,0.036,1|2|3|4|5|6|7|8|9|10|11|12
F9,RSW,4958,-53.0,991.0,12.88,0.0331,1|2|3|4|5|6|7|8|9|10|11|12
F9,DTW,4718,-65.0,1051.0,15.94,0.0339,1|2|3|4|5|6|7|8|9|10|11|12
F9,LAX,4596,-33.0,1087.0,28.58,0.0187,4|5|6|7|8|9|10|11|12
F9,TTN,3584,-57.0,575.0,7.08,0.0329,1|2|3|4|5|6|7|8|9|10|11|12
F9,ISP,3556,-61.0,1000.0,7.89,0.0354,1|2|3|4|5|6|7|8|9|10|11|12
F9,PDX,3528,-38.0,1218.0,16.57,0.0232,1|2|3|4|5|6|7|8|9|10|11|12
F9,MSP,3352,-57.0,1001.0,16.0,0.0197,1|2|3|4|5|6|7|8|9|10|11|12
F9,FLL,3250,-46.0,943.0,21.76,0.04,1|2|3|4|5|6|7|8|9|10|11|12
F9,BOS,2950,-53.0,1345.0,14.5,0.0237,1|2|3|4|5|6|7|8|9|10|11|12
F9,SEA,2918,-47.0,1039.0,14.72,0.0199,1|2|3|4|5|6|7|8|9|10|11|12
F9,STL,2360,-54.0,1120.0,16.79,0.0271,1|2|3|4|5|6|7|8|9|10|11|12
F9,BUF,2308,-65.0,1139.0,12.25,0.039,1|2|3|4|5|6|7|8|9|10|11|12
F9,SNA,2222,-40.0,1295.0,10.39,0.0234,1|2|3|4|5|6|7|8|9|10|11|12
F9,DCA,2192,-67.0,1061.0,2.02,0.0146,1|2|3|4|5|6|7|8|9|10|11|12
F9,BDL,2052,-84.0,1404.0,31.27,0.0292,1|2|3|4|5|6|7|8|9|10|11|12
F9,JAX,1818,-42.0,1340.0,12.45,0.0286,1|2|3|4|5|6|7|8|9|10|11|12
F9,MSY,1710,-44.0,1158.0,17.8,0.0409,1|2|3|4|5|6|7|8|9|10|11|12
F9,IND,1698,-56.0,1381.0,15.84,0.0236,1|2|3|4|5|6|7|8|9|10|11|12
F9,PBI,1662,-51.0,1026.0,24.2,0.0325,1|2|3|4|5|6|7|8|9|10|11|12
F9,SMF,1652,-37.0,1165.0,8.01,0.0145,1|2|3|4|5|6|7|8|9|10|11|12
F9,JFK,1648,-57.0,1432.0,11.26,0.0109,6|7|8|9|10|11|12
F9,BNA,1526,-54.0,1196.0,15.48,0.0183,1|2|3|4|5|6|7|8|9|10|11|12
F9,GRR,1500,-65.0,1316.0,19.69,0.0347,1|2|3|4|5|6|7|8|9|10|11|12
F9,AUS,1410,-44.0,1243.0,20.88,0.017,1|2|3|4|5|6|7|8|9|10|11|12
F9,SAT,1406,-50.0,989.0,11.06,0.0256,1|2|3|4|5|6|7|8|9|10|11|12
F9,ELP,1370,-43.0,962.0,12.07,0.019,1|2|3|4|5|6|7|8|9|10|11|12
F9,SJC,1280,-41.0,520.0,8.29,0.0047,7|8|9|10|11|12
F9,SRQ,1082,-54.0,1257.0,24.71,0.0444,1|2|3|4|5|6|7|8|9|10|11|12
F9,PIT,1072,-48.0,450.0,22.89,0.041,1|2|3|4|5|6|7|8|9|10|11|12
F9,MKE,1060,-54.0,947.0,6.52,0.0151,1|2|3|4|5|6|7|8|9|10|11|12
F9,SYR,1004,-67.0,1012.0,9.88,0.0359,1|2|3|4|5|6|7|8|9|10|11|12
F9,BQN,990,-54.0,1149.0,6.46,0.0121,1|2|3|4|5|6|7|8|9|10|11|12
F9,OKC,928,-49.0,1095.0,0.58,0.0151,1|2|3|4|5|6|7|8|9|10|11|12
F9,OMA,872,-50.0,1229.0,23.1,0.0183,1|2|3|4|5|6|7|8|9|10|11|12
F9,PWM,862,-72.0,409.0,2.83,0.0534,1|2|3|4|5|6|7|8|9|10|11|12
F9,MYR,828,-45.0,1291.0,20.27,0.0628,3|4|5|6|7|8|9|10|11|12
F9,PNS,828,-53.0,876.0,12.08,0.0217,1|2|3|4|5|6|7|8|9|10|11|12
F9,MCI,772,-51.0,406.0,11.64,0.0104,1|2|3|4|5|6|7|8|9|10|11|12
F9,EWR,742,-52.0,1242.0,25.78,0.0162,6|7|8|9|10|11|12
F9,HOU,716,-56.0,1110.0,16.71,0.0475,1|2|3|4|5|6|7|8|9|10|11|12
F9,FAR,658,-58.0,513.0,5.23,0.0122,1|2|3|4|5|6|7|8|9|10|11|12
F9,MSN,624,-54.0,745.0,11.18,0.0192,1|2|3|4|5|6|7|8|9|10|11|12
F9,PSE,600,-47.0,278.0,7.25,0.02,1|2|3|4|5|6|7|8|9|10|11|12
F9,DSM,582,-49.0,932.0,13.87,0.0172,1|2|3|4|5|6|7|8|9|10|11|12
F9,TYS,550,-50.0,1135.0,17.6,0.0145,1|2|3|4|5|6|7|8|9|10|11|12
F9,CID,550,-48.0,889.0,6.78,0.0218,1|2|3|4|5|6|7|8|9|10|11|12
F9,ORF,514,-50.0,1047.0,30.85,0.0467,1|2|3|4|5|6|7|8|9|10|11|12
F9,FSD,502,-42.0,537.0,11.56,0.0159,1|2|3|4|5|6|7|8|9|10|11|12
F9,CMH,484,-45.0,518.0,15.41,0.0289,1|2|3|4|5|6|7|8|9|10|11|12
F9,XNA,400,-41.0,238.0,6.87,0.005,1|3|4|5|6|7|8|9|10|11|12
F9,CHS,350,-32.0,250.0,14.24,0.0229,3|4|5|6|7|8|9|10|11|12
F9,MEM,342,-37.0,495.0,14.0,0.0058,1|2|3|4|5|6|7|8|9|10|11|12
F9,SAV,324,-37.0,131.0,7.23,0.0247,3|4|5|6|7|8|9|10|11|12
F9,MSO,234,-40.0,159.0,15.24,0.0256,5|6|7|8|9|10|11
F9,GRB,224,-52.0,898.0,17.24,0.0268,1|2|3|4|5|6|7|8
F9,LIT,224,-44.0,243.0,6.11,0.0179,1|2|3|4|5|6|7|8|9|10|11|12
F9,IAD,200,-34.0,320.0,15.76,0.0,3|11|12
F9,MDT,160,-54.0,540.0,20.01,0.025,1|2|3|4|5|12
F9,BUR,148,-41.0,236.0,13.18,0.0,11|12
F9,STT,140,-17.0,225.0,23.0,0.0286,1|2|3|4|5|6
F9,BMI,120,-33.0,131.0,12.97,0.0333,4|5|6|7|8
F9,PSP,40,-27.0,193.0,10.75,0.0,12
F9,STX,38,-11.0,53.0,8.11,0.0,5|6
F9,EGE,24,-7.0,156.0,33.83,0.0,12
F9,BTV,24,-45.0,81.0,-2.42,0.0,12
G4,SFB,18954,-64.0,1203.0,9.57,0.0165,1|2|3|4|5|6|7|8|9|10|11|12
G4,PIE,16560,-60.0,1510.0,7.36,0.0263,1|2|3|4|5|6|7|8|9|10|11|12
G4,LAS,15030,-58.0,1174.0,3.24,0.006,1|2|3|4|5|6|7|8|9|10|11|12
G4,PGD,12634,-64.0,1281.0,8.27,0.0182,1|2|3|4|5|6|7|8|9|10|11|12
G4,AZA,11738,-53.0,1213.0,-0.96,0.0072,1|2|3|4|5|6|7|8|9|10|11|12
G4,FLL,6622,-45.0,1147.0,15.13,0.0184,1|2|3|4|5|6|7|8|9|10|11|12
G4,AVL,6510,-47.0,1275.0,14.41,0.0316,1|2|3|4|5|6|7|8|9|10|11|12
G4,CVG,6502,-52.0,1082.0,9.15,0.0141,1|2|3|4|5|6|7|8|9|10|11|12
G4,BNA,6042,-57.0,1575.0,5.75,0.0146,1|2|3|4|5|6|7|8|9|10|11|12
G4,TYS,5550,-60.0,1540.0,9.24,0.0195,1|2|3|4|5|6|7|8|9|10|11|12
G4,SRQ,5226,-49.0,1307.0,2.31,0.0371,1|2|3|4|5|6|7|8|9|10|11|12
G4,VPS,4652,-55.0,1046.0,6.07,0.015,1|2|3|4|5|6|7|8|9|10|11|12
G4,GRR,4322,-71.0,700.0,2.52,0.0134,1|2|3|4|5|6|7|8|9|10|11|12
G4,PVU,3750,-55.0,1026.0,7.09,0.0048,1|2|3|4|5|6|7|8|9|10|11|12
G4,ABE,3658,-59.0,1205.0,0.64,0.0164,1|2|3|4|5|6|7|8|9|10|11|12
G4,DSM,3442,-47.0,1040.0,14.74,0.0192,1|2|3|4|5|6|7|8|9|10|11|12
G4,IND,2946,-51.0,1098.0,13.23,0.021,1|2|3|4|5|6|7|8|9|10|11|12
G4,PIT,2796,-50.0,863.0,7.04,0.0215,1|2|3|4|5|6|7|8|9|10|11|12
G4,FNT,2758,-62.0,681.0,1.46,0.0109,1|2|3|4|5|6|7|8|9|10|11|12
G4,ATW,2628,-63.0,963.0,0.29,0.0198,1|2|3|4|5|6|7|8|9|10|11|12
G4,MYR,2256,-45.0,1241.0,17.63,0.0301,1|2|3|4|5|6|7|8|9|10|11|12
G4,AUS,2198,-39.0,1281.0,16.89,0.0191,1|2|3|4|5|6|7|8|9|10|11|12
G4,BLV,2188,-52.0,1082.0,15.13,0.0256,1|2|3|4|5|6|7|8|9|10|11|12
G4,PIA,2172,-75.0,843.0,3.9,0.0184,1|2|3|4|5|6|7|8|9|10|11|12
G4,SNA,2158,-42.0,1354.0,25.59,0.0148,1|2|3|4|5|6|7|8|9|10|11|12
G4,LAX,2072,-41.0,1232.0,7.24,0.0077,1|2|3|4|5|6|7|8|9|10|11|12
G4,CID,1954,-67.0,1468.0,6.67,0.0225,1|2|3|4|5|6|7|8|9|10|11|12
G4,LCK,1912,-48.0,1022.0,13.56,0.0251,1|2|3|4|5|6|7|8|9|10|11|12
G4,BLI,1912,-45.0,791.0,-3.79,0.0063,1|2|3|4|5|6|7|8|9|10|11|12
G4,FSD,1904,-55.0,1318.0,9.33,0.0105,1|2|3|4|5|6|7|8|9|10|11|12
G4,MDT,1810,-60.0,1258.0,11.51,0.0188,1|2|3|4|5|6|7|8|9|10|11|12
G4,XNA,1704,-43.0,1411.0,16.45,0.0106,1|2|3|4|5|6|7|8|9|10|11|12
G4,SGF,1704,-48.0,1362.0,10.0,0.0129,1|2|3|4|5|6|7|8|9|10|11|12
G4,RFD,1678,-59.0,1249.0,14.43,0.0167,1|2|3|4|5|6|7|8|9|10|11|12
G4,FWA,1670,-64.0,1118.0,17.04,0.0263,1|2|3|4|5|6|7|8|9|10|11|12
G4,SAV,1642,-36.0,1105.0,12.74,0.0122,1|2|3|4|5|6|7|8|9|10|11|12
G4,LEX,1640,-56.0,1113.0,22.7,0.0232,1|2|3|4|5|6|7|8|9|10|11|12
G4,SBN,1632,-58.0,1232.0,4.55,0.0172,1|2|3|4|5|6|7|8|9|10|11|12
G4,CAK,1510,-65.0,1165.0,10.32,0.0199,1|2|3|4|5|6|7|8|9|10|11|12
G4,JAX,1452,-47.0,870.0,12.22,0.0138,1|2|3|4|5|6|7|8|9|10|11|12
G4,SDF,1412,-43.0,1038.0,15.87,0.0184,1|2|3|4|5|6|7|8|9|10|11|12
G4,USA,1402,-41.0,1059.0,22.19,0.0228,1|2|3|4|5|6|7|8|9|10|11|12
G4,SYR,1394,-65.0,1082.0,11.41,0.0158,1|2|3|4|5|6|7|8|9|10|11|12
G4,FAR,1376,-67.0,1123.0,1.51,0.0044,1|2|3|4|5|6|7|8|9|10|11|12
G4,EWR,1312,-74.0,1197.0,-0.84,0.0091,1|2|3|4|5|6|7|8|9|10|11|12
G4,EYW,1276,-42.0,1283.0,21.77,0.0423,1|2|3|4|5|6|7|8|9|10|11|12
G4,FAT,1270,-38.0,1118.0,12.31,0.0031,1|2|3|4|5|6|7|8|9|10|11|12
G4,ALB,1142,-60.0,1282.0,15.59,0.014,1|2|3|4|5|6|7|8|9|10|11|12
G4,OMA,1112,-48.0,658.0,9.92,0.0216,1|2|3|4|5|6|7|8|9|10|11|12
G4,BIS,1084,-73.0,1185.0,-3.08,0.0148,1|2|3|4|5|6|7|8|9|10|11|12
G4,BGR,1068,-91.0,1206.0,4.0,0.0281,1|2|3|4|5|6|7|8|9|10|11|12
G4,BOS,1038,-73.0,523.0,-4.48,0.025,1|2|3|4|5|6|7|8|9|10|11|12
G4,SCK,1030,-35.0,1143.0,24.65,0.0039,1|2|3|4|5|6|7|8|9|10|11|12
G4,MEM,1002,-48.0,943.0,15.9,0.012,1|2|3|4|5|6|7|8|9|10|11|12
G4,PBG,998,-59.0,1374.0,21.91,0.0401,1|2|3|4|5|6|7|8|9|10|11|12
G4,IDA,984,-48.0,1285.0,27.49,0.0041,1|2|3|4|5|6|7|8|9|10|11|12
G4,MFE,976,-59.0,1051.0,6.82,0.0061,1|2|3|4|5|6|7|8|9|10|11|12
G4,MLI,928,-56.0,1214.0,9.66,0.0108,1|2|3|4|5|6|7|8|9|10|11|12
G4,RAP,896,-62.0,1101.0,5.67,0.0112,1|2|3|4|5|6|7|8|9|10|11|12
G4,DEN,888,-56.0,1106.0,13.92,0.0158,1|2|3|4|5|6|7|8|9|10|11|12
G4,MDW,884,-49.0,1395.0,17.86,0.0181,1|2|3|4|5|6|7|8|9|10|11|12
G4,PHX,858,-47.0,1134.0,12.36,0.0093,1|2|3|4|5|6|7|8|9|10|11|12
G4,HTS,852,-34.0,1026.0,41.86,0.0329,1|2|3|4|5|6|7|8|9|10|11|12
G4,SWF,848,-53.0,1194.0,12.85,0.0165,1|2|3|4|5|6|7|8|9|10|11|12
G4,TUL,816,-49.0,1281.0,10.47,0.0049,1|2|3|4|5|6|7|8|9|10|11|12
G4,IAG,764,-48.0,1199.0,18.19,0.0209,1|2|3|4|5|6|7|8|9|10|11|12
G4,PBI,752,-45.0,906.0,14.24,0.016,1|2|3|4|5|6|7|8|9|10|11|12
G4,TOL,748,-55.0,819.0,11.36,0.0107,1|2|3|4|5|6|7|8|9|10|11|12
G4,MOT,748,-59.0,1150.0,6.98,0.0107,1|2|3|4|5|6|7|8|9|10|11|12
G4,BZN,748,-51.0,1301.0,7.33,0.0241,1|2|3|4|5|6|7|8|9|10|11|12
G4,PSM,744,-81.0,1339.0,8.52,0.0215,1|2|3|4|5|6|7|8|9|10|11|12
G4,ICT,730,-45.0,890.0,5.01,0.0082,1|2|3|4|5|6|7|8|9|10|11|12
G4,BIL,730,-45.0,433.0,16.01,0.0137,1|2|3|4|5|6|7|8|9|10|11|12
G4,BOI,706,-44.0,1345.0,31.71,0.0085,1|2|3|4|5|6|7|8|9|10|11|12
G4,EUG,696,-36.0,1049.0,21.86,0.0345,1|2|3|4|5|6|7|8|9|10|11|12
G4,HOU,692,-34.0,1535.0,33.77,0.0173,1|2|3|4|5|6|7|8|9|10|11|12
G4,TVC,692,-63.0,1046.0,14.59,0.0202,1|2|3|4|5|6|7|8|9|10|11|12
G4,IAD,690,-53.0,1357.0,26.79,0.0174,1|2|3|4|5|6|7|8|9|10|11|12
G4,GSP,658,-37.0,959.0,25.15,0.0304,1|2|3|4|5|6|7|8|9|10|11|12
G4,PDX,654,-47.0,1059.0,2.73,0.0,1|2|3|4|5|6|7|8|9|10|11|12
G4,MFR,642,-30.0,1146.0,27.14,0.0187,1|2|3|4|5|6|7|8|9|10|11|12
G4,MSO,624,-36.0,1116.0,29.5,0.0192,1|2|3|4|5|6|7|8|9|10|11|12
G4,RIC,620,-55.0,1345.0,20.31,0.0161,1|2|3|4|5|6|7|8|9|10|11|12
G4,PSC,618,-36.0,213.0,4.03,0.0065,1|2|3|4|5|6|7|8|9|10|11|12
G4,ELM,590,-52.0,963.0,5.56,0.0169,1|2|3|4|5|6|7|8|9|10|11|12
G4,HGR,590,-39.0,990.0,32.57,0.0305,1|2|3|4|5|6|7|8|9|10|11|12
G4,CHA,558,-54.0,886.0,18.3,0.0323,1|2|3|4|5|6|7|8|9|10|11|12
G4,DAY,556,-59.0,900.0,15.22,0.0432,1|2|3|4|5|6|7|8|9|10|11|12
G4,MSP,540,-65.0,960.0,5.19,0.0037,1|2|3|4|5|6|7|8|10|11|12
G4,MLB,524,-44.0,389.0,0.57,0.0229,1|2|3|4|5|6|7|8|9|10|11|12
G4,FCA,508,-53.0,1080.0,18.45,0.0118,1|2|3|4|5|6|7|8|9|10|11|12
G4,ROA,480,-38.0,953.0,20.84,0.0375,1|2|3|4|5|6|7|8|9|10|11|12
G4,GEG,474,-33.0,302.0,9.9,0.0084,1|2|3|4|5|6|7|8|9|10|11|12
G4,PVD,472,-60.0,936.0,11.89,0.0042,1|2|3|4|5|6|7|8|9|10|11|12
G4,MCO,460,-43.0,1212.0,29.21,0.0261,5|6|7|8|9|10|11|12
G4,BMI,460,-35.0,1067.0,23.46,0.0174,1|2|3|4|5|6|7|8|9|10|11|12
G4,ORF,452,-39.0,1189.0,23.52,0.0354,1|2|3|4|5|6|7|8
G4,GRI,450,-38.0,515.0,13.06,0.0178,1|2|3|4|5|6|7|8|9|10|11|12
G4,MCI,448,-46.0,824.0,11.46,0.0223,1|2|3|4|5|6|7|8|10|11|12
G4,CKB,414,-31.0,1235.0,35.43,0.0242,1|2|3|4|5|6|7|8|9|10|11|12
G4,CHS,412,-35.0,844.0,12.18,0.0291,1|2|3|4|5|6|7|8|9|10|11|12
G4,EVV,402,-49.0,1031.0,34.2,0.0398,1|2|3|4|5|6|7|8|9|10|11|12
G4,GFK,384,-72.0,975.0,0.95,0.0052,1|2|3|4|5|6|7|8|9|10|11|12
G4,GTF,348,-61.0,1185.0,38.39,0.0057,1|2|3|4|5|6|7|8|9|10|11|12
G4,SAN,348,-26.0,472.0,20.35,0.0115,1|2|3|4|5|6|7|8|9|10|11|12
G4,TRI,332,-41.0,864.0,31.53,0.0361,1|2|3|4|5|6|7|8|9|10|11|12
G4,OAK,312,-30.0,161.0,2.9,0.0128,1|5|6|7|8|9|10|11|12
G4,OKC,308,-45.0,434.0,11.84,0.0065,1|2|3|4|5|6|7|8
G4,SHV,302,-40.0,381.0,10.88,0.0199,1|2|3|4|5|6|7|8|9|10|11|12
G4,STC,298,-63.0,1014.0,-0.69,0.0134,1|2|3|4|5|6|7|8|10|11|12
G4,BWI,290,-43.0,1167.0,27.42,0.0138,1|2|3|4|5|6|7|8|9|10|11|12
G4,GSO,284,-39.0,960.0,31.5,0.0282,1|2|3|4|5|6|7|8|9|10|11|12
G4,LRD,266,-50.0,1254.0,19.9,0.015,1|2|3|4|5|6|7|8|9|10|11|12
G4,GJT,254,-42.0,1251.0,29.84,0.0157,1|2|3|4|5|6|7|8|9|10|11|12
G4,LIT,238,-31.0,384.0,31.75,0.0084,1|5|6|7|8|10|11|12
G4,SPI,214,-40.0,335.0,20.98,0.0187,1|2|3|4|5|6|7|8|10|11|12
G4,SMX,212,-30.0,1169.0,39.3,0.0,1|2|3|4|5|6|7|8|9|10|11|12
G4,MRY,212,-23.0,1118.0,51.11,0.0094,1|2|3|4|5|6|7|8|9|10|11|12
G4,PSP,204,-31.0,210.0,5.96,0.0,1|2|3|4|5|10|11|12
G4,ELP,184,-35.0,151.0,15.64,0.0217,1|3|4|5|6|7|8|9|10|11|12
G4,MSY,180,-39.0,1234.0,28.58,0.0111,1|2|3|4|5|6|7|8|10|11|12
G4,ROC,144,-42.0,1066.0,28.72,0.0139,1|2|3|4|10|11|12
G4,GPT,52,-23.0,221.0,41.08,0.0,5|6|7|8
G4,SAT,44,-26.0,1047.0,74.91,0.0,5|6|7|8
G4,RNO,6,6.0,204.0,73.0,0.0,1
G4,BTV,4,15.0,15.0,15.0,0.5,12
HA,HNL,63158,-78.0,737.0,4.46,0.0106,1|2|3|4|5|6|7|8|9|10|11|12
HA,OGG,27152,-70.0,1193.0,2.61,0.0093,1|2|3|4|5|6|7|8|9|10|11|12
HA,LIH,17530,-56.0,427.0,2.14,0.0132,1|2|3|4|5|6|7|8|9|10|11|12
HA,KOA,15542,-59.0,514.0,2.79,0.0082,1|2|3|4|5|6|7|8|9|10|11|12
HA,ITO,9856,-25.0,416.0,3.98,0.0108,1|2|3|4|5|6|7|8|9|10|11|12
HA,LAX,4640,-56.0,1076.0,10.58,0.0125,1|2|3|4|5|6|7|8|9|10|11|12
HA,LAS,2816,-51.0,1175.0,17.8,0.0028,1|2|3|4|5|6|7|8|9|10|11|12
HA,OAK,2016,-46.0,418.0,-2.9,0.0198,1|2|3|4|5|6|7|8|9|10|11|12
HA,SMF,1906,-45.0,1036.0,4.95,0.0084,1|2|3|4|5|6|7|8|9|10|11|12
HA,SEA,1516,-46.0,1084.0,16.87,0.0251,1|2|3|4|5|6|7|8|9|10|11|12
HA,SFO,1512,-43.0,1056.0,4.05,0.0238,1|2|3|4|5|6|7|8|9|10|11|12
HA,PDX,1472,-54.0,1072.0,9.24,0.0068,1|2|3|4|5|6|7|8|9|10|11|12
HA,SAN,1422,-42.0,812.0,15.41,0.007,1|2|3|4|5|6|7|8|9|10|11|12
HA,SJC,1368,-46.0,263.0,-6.24,0.0088,1|2|3|4|5|6|7|8|9|10|11|12
HA,LGB,1326,-63.0,717.0,-4.61,0.006,1|2|3|4|5|6|7|8|9|10|11|12
HA,JFK,734,-48.0,978.0,8.36,0.0109,1|2|3|4|5|6|7|8|9|10|11|12
HA,ONT,732,-57.0,919.0,6.34,0.0055,1|2|3|4|5|6|7|8|9|10|11|12
HA,PHX,730,-58.0,997.0,5.58,0.0027,1|2|3|4|5|6|7|8|9|10|11|12
HA,SLC,458,-44.0,243.0,-0.21,0.0,5|6|7|8|9|10|11|12
HA,BOS,442,-48.0,1445.0,16.95,0.009,1|2|3|4|5|6|7|8|9|10|11|12
HA,AUS,332,-60.0,1734.0,36.62,0.006,1|2|3|4|5|6|7|8|9|10|11|12
HA,PPG,250,-25.0,1088.0,15.55,0.0,1|2|3|4|5|6|7|8|9|10|11|12
MQ,DFW,139654,-55.0,857.0,4.74,0.0158,1|2|3|4|5|6|7|8|9|10|11|12
MQ,ORD,67662,-56.0,938.0,7.45,0.0118,1|2|3|4|5|6|7|8|9|10|11|12
MQ,MIA,27970,-48.0,838.0,4.86,0.0148,1|2|3|4|5|6|7|8|9|10|11|12
MQ,PHX,16580,-49.0,693.0,0.27,0.003,1|2|3|4|5|6|7|8|9|10|11|12
MQ,CLT,12222,-41.0,1500.0,11.89,0.0146,1|2|3|4|5|6|7|8|9|10|11|12
MQ,XNA,10672,-40.0,887.0,7.97,0.0079,1|2|3|4|5|6|7|8|9|10|11|12
MQ,DCA,8490,-51.0,1339.0,7.21,0.013,1|2|3|4|5|6|7|8|9|10|11|12
MQ,SGF,7882,-46.0,945.0,11.1,0.015,1|2|3|4|5|6|7|8|9|10|11|12
MQ,LIT,7240,-47.0,828.0,12.8,0.0108,1|2|3|4|5|6|7|8|9|10|11|12
MQ,CMH,6228,-58.0,1709.0,7.1,0.0067,1|2|3|4|5|6|7|8|9|10|11|12
MQ,TLH,5616,-39.0,997.0,8.68,0.0164,1|2|3|4|5|6|7|8|9|10|11|12
MQ,CVG,5358,-38.0,775.0,9.32,0.0071,1|2|3|4|5|6|7|8|9|10|11|12
MQ,MAF,5108,-30.0,1011.0,9.59,0.0204,1|2|3|4|5|6|7|8|9|10|11|12
MQ,BNA,5052,-40.0,788.0,9.68,0.0234,1|2|3|4|5|6|7|8|9|10|11|12
MQ,BHM,4914,-39.0,908.0,6.19,0.0102,1|2|3|4|5|6|7|8|9|10|11|12
MQ,CRP,4874,-30.0,909.0,7.21,0.0197,1|2|3|4|5|6|7|8|9|10|11|12
MQ,ICT,4748,-43.0,846.0,6.13,0.0173,1|2|3|4|5|6|7|8|9|10|11|12
MQ,AUS,4560,-41.0,683.0,10.95,0.0145,1|2|3|4|5|6|7|8|9|10|11|12
MQ,OKC,4250,-36.0,1011.0,4.23,0.0188,1|2|3|4|5|6|7|8|9|10|11|12
MQ,AMA,4128,-32.0,599.0,5.55,0.017,1|2|3|4|5|6|7|8|9|10|11|12
MQ,EYW,4094,-41.0,1001.0,9.92,0.0288,1|2|3|4|5|6|7|8|9|10|11|12
MQ,LBB,3888,-35.0,1043.0,9.16,0.019,1|2|3|4|5|6|7|8|9|10|11|12
MQ,BOS,3860,-52.0,1281.0,5.55,0.015,1|2|3|4|5|6|7|8|9|10|11|12
MQ,HSV,3666,-43.0,710.0,12.19,0.0164,1|2|3|4|5|6|7|8|9|10|11|12
MQ,HOU,3580,-37.0,1554.0,8.67,0.0408,1|2|3|4|5|6|7|8|9|10|11|12
MQ,STL,3528,-41.0,1361.0,7.29,0.021,1|2|3|4|5|6|7|8|9|10|11|12
MQ,FAR,3512,-57.0,1564.0,4.79,0.0091,1|2|3|4|5|6|7|8|9|10|11|12
MQ,ABI,3512,-32.0,512.0,4.41,0.0085,1|2|3|4|5|6|7|8|9|10|11|12
MQ,TUL,3374,-39.0,675.0,2.46,0.013,1|2|3|4|5|6|7|8|9|10|11|12
MQ,COU,3350,-52.0,980.0,10.05,0.0203,1|2|3|4|5|6|7|8|9|10|11|12
MQ,GSP,3326,-48.0,630.0,8.35,0.009,1|2|3|4|5|6|7|8|9|10|11|12
MQ,ELP,3268,-37.0,971.0,7.17,0.008,1|2|3|4|5|6|7|8|9|10|11|12
MQ,LRD,3182,-30.0,1313.0,11.55,0.0163,1|2|3|4|5|6|7|8|9|10|11|12
MQ,SDF,3178,-53.0,927.0,7.21,0.0113,1|2|3|4|5|6|7|8|9|10|11|12
MQ,MEM,3172,-36.0,386.0,2.86,0.0101,1|2|3|4|5|6|7|8|9|10|11|12
MQ,HRL,3154,-31.0,465.0,5.08,0.0152,1|2|3|4|5|6|7|8|9|10|11|12
MQ,PNS,3032,-33.0,2196.0,8.19,0.0139,1|2|3|4|5|6|7|8|9|10|11|12
MQ,IAH,2920,-48.0,1492.0,7.93,0.0329,1|2|3|4|5|6|7|8|9|10|11|12
MQ,CMI,2762,-45.0,1069.0,8.1,0.0152,1|2|3|4|5|6|7|8|9|10|11|12
MQ,GSO,2654,-47.0,1012.0,5.55,0.006,1|2|3|4|5|6|7|8|9|10|11|12
MQ,GRK,2600,-30.0,905.0,9.79,0.0138,1|2|3|4|5|6|7|8|9|10|11|12
MQ,CHA,2492,-44.0,1149.0,12.87,0.0193,1|2|3|4|5|6|7|8|9|10|11|12
MQ,TPA,2490,-33.0,1529.0,14.83,0.0289,1|2|3|4|5|6|7|8|9|10|11|12
MQ,BRO,2482,-30.0,374.0,3.63,0.0145,1|2|3|4|5|6|7|8|9|10|11|12
MQ,RDU,2472,-43.0,1338.0,3.28,0.0105,1|2|3|4|5|6|7|8|9|10|11|12
MQ,MCI,2442,-41.0,489.0,2.46,0.0131,1|2|3|4|5|6|7|8|9|10|11|12
MQ,HPN,2412,-46.0,1035.0,3.25,0.0182,1|2|3|4|5|6|7|8|9|10|11|12
MQ,RAP,2366,-56.0,1483.0,8.02,0.0076,1|2|3|4|5|6|7|8|9|10|11|12
MQ,CID,2354,-49.0,485.0,4.9,0.0195,1|2|3|4|5|6|7|8|9|10|11|12
MQ,JAX,2354,-36.0,945.0,7.33,0.0136,1|2|3|4|5|6|7|8|9|10|11|12
MQ,AVL,2340,-41.0,638.0,19.99,0.0274,1|2|3|4|5|6|7|8|9|10|11|12
MQ,HHH,2208,-36.0,309.0,7.92,0.019,1|2|3|4|5|6|7|8|9|10|11|12
MQ,ILM,2184,-45.0,314.0,3.79,0.0082,1|2|3|4|5|6|7|8|9|10|11|12
MQ,JAN,2156,-34.0,1036.0,13.74,0.0213,1|2|3|4|5|6|7|8|9|10|11|12
MQ,MSY,2144,-36.0,402.0,6.47,0.0168,1|2|3|4|5|6|7|8|9|10|11|12
MQ,IND,2122,-36.0,360.0,3.79,0.0189,1|2|3|4|5|6|7|8|9|10|11|12
MQ,MOB,2082,-38.0,500.0,7.24,0.0192,1|2|3|4|5|6|7|8|9|10|11|12
MQ,TYS,2062,-35.0,488.0,7.36,0.0087,1|2|3|4|5|6|7|8|9|10|11|12
MQ,LEX,2032,-54.0,382.0,2.28,0.0148,1|2|3|4|5|6|7|8|9|10|11|12
MQ,FSM,2024,-50.0,1015.0,6.96,0.0217,1|2|3|4|5|6|7|8|9|10|11|12
MQ,BTR,1980,-38.0,566.0,11.5,0.0212,1|2|3|4|5|6|7|8|9|10|11|12
MQ,MHK,1952,-53.0,642.0,-3.42,0.0164,1|2|3|4|5|6|7|8|9|10|11|12
MQ,SAV,1944,-39.0,941.0,5.19,0.0082,1|2|3|4|5|6|8|9|10|11|12
MQ,MLU,1886,-37.0,461.0,8.77,0.018,1|2|3|4|5|6|7|8|9|10|11|12
MQ,CHS,1838,-49.0,426.0,4.53,0.0152,1|2|3|4|5|6|7|8|9|10|11|12
MQ,DSM,1832,-61.0,876.0,3.34,0.0186,1|2|3|4|5|6|7|8|9|10|11|12
MQ,BIL,1822,-50.0,903.0,9.3,0.0044,1|2|3|4|5|6|7|8|9|10|11|12
MQ,ABQ,1808,-38.0,488.0,3.26,0.0066,1|2|3|4|5|6|7|8|9|10|11|12
MQ,MSP,1794,-45.0,397.0,8.89,0.0078,1|2|3|4|5|6|7|8|9|10|11|12
MQ,FWA,1754,-57.0,249.0,3.58,0.0046,1|2|3|4|5|6|7|8|9|10|11|12
MQ,SYR,1754,-54.0,481.0,-0.09,0.0068,1|2|3|4|5|6|7|8|9|10|11|12
MQ,DTW,1700,-42.0,502.0,4.76,0.0282,1|2|3|4|5|6|7|8|9|10|11|12
MQ,SHV,1678,-34.0,970.0,6.78,0.0179,1|2|3|4|5|6|7|8|9|10|11|12
MQ,ROC,1662,-43.0,306.0,1.36,0.0072,1|2|3|4|5|6|7|8|9|10|11|12
MQ,CLL,1660,-36.0,861.0,6.05,0.0217,1|2|3|4|5|6|7|8|9|10|11|12
MQ,EWR,1586,-53.0,1244.0,11.34,0.0378,1|2|3|4|5|6|7|8|9|11|12
MQ,MLI,1574,-53.0,613.0,3.07,0.0216,1|2|3|4|5|6|7|8|9|10|11|12
MQ,MFE,1554,-31.0,1366.0,8.7,0.0167,1|2|3|4|5|6|7|8|9|10|11|12
MQ,FSD,1550,-46.0,441.0,4.32,0.0335,1|2|3|4|5|6|7|8|9|10|11|12
MQ,TUS,1548,-30.0,187.0,-0.58,0.0078,1|2|3|4|5|6|7|8|9|10|11|12
MQ,ECP,1528,-43.0,371.0,9.85,0.0183,1|2|3|4|5|6|7|8|9|10|11|12
MQ,ATW,1504,-42.0,1102.0,6.84,0.0133,1|2|3|4|5|6|7|8|9|10|11|12
MQ,GRR,1484,-61.0,1521.0,13.82,0.0175,1|2|3|4|5|6|7|8|9|10|11|12
MQ,BMI,1450,-60.0,739.0,2.69,0.0166,1|2|3|4|5|6|7|8|9|10|11|12
MQ,SJT,1450,-29.0,868.0,9.48,0.0193,1|2|3|4|5|6|7|8|9|10|11
MQ,EVV,1446,-48.0,320.0,2.88,0.0083,1|2|3|4|5|6|7|8|9|10|11|12
MQ,PIT,1388,-49.0,261.0,3.21,0.0115,1|2|3|4|5|6|8|9|10|11|12
MQ,MSN,1338,-37.0,454.0,12.33,0.0194,1|2|3|4|5|6|7|8|9|10|11|12
MQ,ATL,1328,-38.0,1547.0,15.18,0.0196,1|2|3|4|5|6|7|8|9|10|11|12
MQ,TVC,1302,-47.0,908.0,6.42,0.0031,1|2|3|4|5|6|7|8|9|10|11|12
MQ,PIA,1232,-55.0,566.0,11.01,0.013,1|2|3|4|5|6|7|8|9|10|11|12
MQ,CLE,1222,-45.0,503.0,2.08,0.0098,1|2|3|4|5|6|7|8|9|10|11|12
MQ,BIS,1198,-57.0,596.0,5.57,0.0033,1|2|3|4|5|6|7|8|9|10|11|12
MQ,YUM,1166,-28.0,464.0,1.12,0.0051,3|4|5|6|7|8|9|10|11|12
MQ,GNV,1166,-41.0,935.0,3.23,0.0206,1|2|3|4|5|6|7|8|9|10|11|12
MQ,MGM,1152,-49.0,734.0,2.13,0.0052,1|2|3|4|6|7|8|9|10|11
MQ,BDL,1120,-50.0,781.0,1.68,0.0143,1|2|3|4|5|6|7|8|9|10|11|12
MQ,OMA,1094,-46.0,287.0,3.21,0.0128,1|2|3|4|5|6|7|8|9|10|11|12
MQ,BWI,1080,-40.0,326.0,-3.7,0.013,1|2|3|4|5|6|7|8|9|10|11|12
MQ,GPT,1066,-41.0,979.0,13.32,0.0263,1|2|3|4|5|6|7|8|9|10|11|12
MQ,GCK,1028,-33.0,931.0,14.64,0.0175,2|3|4|5|6|7|8|9|11|12
MQ,SEA,1022,-59.0,1662.0,6.25,0.0,1|2|3|4|5|6|7|8|9|10|11
MQ,BUF,992,-40.0,500.0,2.56,0.0101,1|2|3|4|5|6|7|8|9|10|11|12
MQ,GJT,982,-36.0,1017.0,9.35,0.0061,1|2|3|4|5|6|7|8|9|10|11|12
MQ,AVP,962,-43.0,917.0,10.71,0.0125,1|2|3|4|5|6|7|8|9|10|11|12
MQ,MQT,958,-50.0,481.0,11.57,0.0042,2|3|4|5|6|7|8|9|10|11|12
MQ,MRY,954,-28.0,369.0,2.0,0.0042,1|2|4|5|6|7|8|9|10|11|12
MQ,PVD,926,-44.0,862.0,10.06,0.0043,1|2|3|4|5|6|7|8|9|10|11|12
MQ,TRI,874,-42.0,176.0,-3.91,0.0069,1|2|4|5|6|7|8|9|10|11|12
MQ,TXK,874,-34.0,775.0,16.74,0.0114,2|3|4|5|6|7|8|9|10
MQ,ORF,834,-38.0,698.0,4.36,0.0072,1|2|3|4|5|6|7|8|9|10|11|12
MQ,LFT,830,-29.0,547.0,9.82,0.012,1|4|5|6|7|8|9|10|11|12
MQ,RDM,808,-49.0,1006.0,1.13,0.005,6|7|8|9|10|11|12
MQ,GRB,788,-44.0,678.0,4.32,0.0178,1|2|3|4|5|6|7|8|9|10|11
MQ,VPS,764,-38.0,919.0,12.83,0.0288,1|2|4|5|6|7|8|9|10|11|12
MQ,MYR,764,-50.0,261.0,5.68,0.0105,2|3|4|5|6|7|8|9|10|11|12
MQ,SJC,724,-32.0,127.0,-3.17,0.0055,1|2|3|4|5|6|7|8|9|10|11|12
MQ,COS,710,-32.0,1327.0,13.14,0.0028,1|2|3|4|5|6|7|8|9|10|11
MQ,MSO,688,-39.0,242.0,9.5,0.0087,1|2|3|4|5|6|7|8|9|10|11|12
MQ,BFL,676,-30.0,190.0,-4.22,0.003,1|2|3|4|5|6|7|8|9|10|11|12
MQ,ACT,674,-35.0,1031.0,18.01,0.0208,1|2|3|4|5|6|7|8|9
MQ,BTV,672,-46.0,265.0,10.5,0.0208,6|7|8|9|10|11|12
MQ,LSE,662,-38.0,1025.0,7.29,0.0181,1|2|5|6|7|8|9|10|11|12
MQ,RST,658,-48.0,724.0,4.83,0.0,1|2|3|4|5|7|8|9|10|11
MQ,PWM,600,-42.0,275.0,4.66,0.0067,6|7|8|9|10|11
MQ,MHT,590,-39.0,647.0,0.79,0.0068,6|7|8|9|10|11
MQ,SBA,584,-29.0,175.0,-0.82,0.0103,5|6|7|8|11|12
MQ,RNO,556,-35.0,710.0,10.62,0.0036,1|5|6|7|8|9|10|11|12
MQ,BOI,534,-31.0,304.0,2.83,0.0037,1|2|3|4|5|6|11|12
MQ,SAT,520,-33.0,324.0,8.25,0.0115,1|2|3|4|5|6|7|8|9|10|11|12
MQ,BGR,498,-36.0,174.0,12.59,0.0161,6|7|8|9|10|11
MQ,STS,474,-36.0,286.0,3.41,0.0,4|5|6|7|8|9|10|11|12
MQ,SMF,470,-26.0,168.0,-2.86,0.0,1|2|3|4|5|6|7|9|10|12
MQ,GGG,460,-29.0,420.0,14.8,0.0217,5|6|7|8|9|10
MQ,RIC,446,-41.0,206.0,1.22,0.0045,1|2|4|5|6|10|11|12
MQ,TYR,382,-27.0,725.0,9.84,0.0157,7|8|9|10
MQ,AGS,380,-34.0,218.0,0.4,0.0263,1|4|5|6|9|10|11|12
MQ,BPT,376,-30.0,433.0,12.91,0.0213,1|2|3|4
MQ,ALB,372,-41.0,193.0,0.95,0.0,2|3|4|5|6|7|9|10
MQ,DAY,368,-44.0,553.0,6.12,0.0163,1|2|3|4|5|6|7|8|11|12
MQ,DEN,362,-28.0,446.0,9.05,0.0,6|7|8|9|10|11|12
MQ,SBP,330,-26.0,179.0,-2.88,0.0,1|2|6|7|9|10|11|12
MQ,ROW,326,-28.0,547.0,7.32,0.0061,2|3|4|5|6
MQ,SWO,320,-30.0,337.0,2.8,0.0063,2|3|4|5
MQ,LAW,302,-33.0,1656.0,9.8,0.0265,1|2|3|4
MQ,SLC,286,-47.0,266.0,-9.94,0.0,1|4|5|7|8|11|12
MQ,PSP,236,-27.0,143.0,4.08,0.0254,1|2|3|4|5|9|10|11
MQ,SPS,222,-34.0,200.0,-0.24,0.009,11|12
MQ,SAF,204,-23.0,515.0,21.83,0.0196,1|2|3|4|5|6
MQ,RSW,178,-39.0,300.0,22.09,0.0112,1|3|4|5
MQ,LCH,152,-21.0,822.0,38.33,0.0526,2|3|4|5|6|7|8
MQ,BZN,136,-35.0,156.0,-0.07,0.0,1|9|10|11|12
MQ,ONT,132,-28.0,46.0,-8.71,0.0,1|11|12
MQ,MTJ,122,-21.0,200.0,16.73,0.0328,4|5|6
MQ,MKE,114,-30.0,66.0,-2.36,0.0351,2|3|4|6|12
MQ,CAE,110,-34.0,242.0,4.8,0.0,6|7|8|9|12
MQ,LAX,110,-25.0,228.0,10.36,0.0,11|12
MQ,SFO,100,-30.0,88.0,8.24,0.0,1|2|4|5
MQ,PDX,94,-36.0,25.0,-10.81,0.0,2|3|4|12
MQ,BUR,94,-25.0,1773.0,33.94,0.0,10|11|12
MQ,FCA,78,-39.0,284.0,27.72,0.0,5|6|7|8
MQ,AEX,66,-21.0,538.0,39.12,0.0,9|10
MQ,DRO,54,-46.0,19.0,-20.3,0.0,12
MQ,IAD,52,-33.0,145.0,8.24,0.0385,1
MQ,EUG,52,-37.0,1128.0,33.5,0.0,12
MQ,LAS,52,-27.0,651.0,60.15,0.0,6|7|8
MQ,HDN,48,-34.0,94.0,6.92,0.0,1|2|3|12
MQ,ACK,44,-17.0,183.0,22.68,0.0,6|7|8
MQ,MVY,44,-18.0,1678.0,103.64,0.0,6|7|8
MQ,FAT,40,-24.0,4.0,-5.85,0.0,2|3|11
MQ,SRQ,34,-41.0,133.0,6.31,0.0588,4|12
MQ,SJU,30,-16.0,171.0,19.07,0.0,8|9
MQ,DAB,18,-11.0,62.0,10.56,0.0,2|3
NK,LAS,52424,-73.0,936.0,4.61,0.0116,1|2|3|4|5|6|7|8|9|10|11|12
NK,FLL,51250,-47.0,602.0,14.19,0.0164,1|2|3|4|5|6|7|8|9|10|11|12
NK,MCO,45744,-45.0,1242.0,9.74,0.018,1|2|3|4|5|6|7|8|9|10|11|12
NK,LAX,22892,-76.0,928.0,2.52,0.0116,1|2|3|4|5|6|7|8|9|10|11|12
NK,EWR,21466,-67.0,756.0,6.47,0.0318,1|2|3|4|5|6|7|8|9|10|11|12
NK,DTW,21092,-61.0,1280.0,0.85,0.014,1|2|3|4|5|6|7|8|9|10|11|12
NK,ATL,20366,-53.0,975.0,13.29,0.0171,1|2|3|4|5|6|7|8|9|10|11|12
NK,DFW,20226,-47.0,784.0,11.74,0.0131,1|2|3|4|5|6|7|8|9|10|11|12
NK,IAH,19530,-47.0,1048.0,9.84,0.0217,1|2|3|4|5|6|7|8|9|10|11|12
NK,ORD,16972,-64.0,938.0,13.42,0.0179,1|2|3|4|5|6|7|8|9|10|11|12
NK,LGA,16178,-60.0,1327.0,2.88,0.0245,1|2|3|4|5|6|7|8|9|10|11|12
NK,BOS,13986,-63.0,1052.0,12.28,0.0329,1|2|3|4|5|6|7|8|9|10|11|12
NK,BWI,13468,-71.0,741.0,8.21,0.0177,1|2|3|4|5|6|7|8|9|10|11|12
NK,TPA,11718,-51.0,854.0,5.07,0.03,1|2|3|4|5|6|7|8|9|10|11|12
NK,MIA,11244,-48.0,870.0,7.48,0.0181,1|2|3|4|5|6|7|8|9|10|11|12
NK,MSY,10446,-47.0,896.0,7.44,0.0211,1|2|3|4|5|6|7|8|9|10|11|12
NK,PHL,9810,-63.0,734.0,5.49,0.0194,1|2|3|4|5|6|7|8|9|10|11|12
NK,CLT,9742,-56.0,847.0,16.52,0.0273,1|2|3|4|5|6|7|8|9|10|11|12
NK,MYR,9552,-48.0,861.0,4.86,0.0255,1|2|3|4|5|6|7|8|9|10|11|12
NK,SJU,9480,-56.0,1388.0,10.03,0.0205,1|2|3|4|5|6|7|8|9|10|11|12
NK,BNA,7606,-48.0,993.0,10.17,0.0284,1|2|3|4|5|6|7|8|9|10|11|12
NK,PIT,6956,-63.0,1060.0,12.06,0.0288,1|2|3|4|5|6|7|8|9|10|11|12
NK,ACY,6078,-53.0,730.0,1.76,0.0184,1|2|3|4|5|6|7|8|9|10|11|12
NK,SAN,5764,-41.0,695.0,9.58,0.0198,1|2|3|4|5|6|7|8|9|10|11|12
NK,OAK,5722,-41.0,806.0,4.94,0.0192,1|2|3|4|5|6|7|8|9|10|11|12
NK,SJC,5260,-43.0,954.0,8.48,0.0133,1|2|3|4|5|6|7|8|9|10|11|12
NK,CMH,5080,-117.0,822.0,4.36,0.0197,1|2|3|4|5|6|7|8|9|10|11|12
NK,RSW,4886,-55.0,753.0,8.94,0.0233,1|2|3|4|5|6|7|8|9|10|11|12
NK,IND,4626,-49.0,1079.0,8.1,0.0264,1|2|3|4|5|6|7|8|9|10|11|12
NK,SAT,4226,-43.0,1003.0,8.37,0.0222,1|2|3|4|5|6|7|8|9|10|11|12
NK,BUR,3838,-34.0,711.0,11.37,0.0177,1|2|3|4|5|6|7|8|9|10|11|12
NK,MCI,3624,-50.0,1421.0,6.7,0.0232,1|2|3|4|5|6|7|8|9|10|11|12
NK,SMF,3568,-38.0,816.0,9.28,0.0157,1|2|3|4|5|6|7|8|9|10|11|12
NK,PDX,3432,-57.0,1027.0,7.8,0.0204,1|2|3|4|5|6|7|8|9|10|11|12
NK,CHS,2568,-43.0,415.0,13.05,0.0312,1|2|3|4|5|6|7|8|9|10|11|12
NK,SLC,2538,-45.0,920.0,7.15,0.011,1|2|3|4|5|6|7|8|9|10|11|12
NK,SNA,2448,-34.0,293.0,4.25,0.018,1|2|3|4|5|6|7|8|9|10|11|12
NK,MSP,2360,-47.0,1139.0,10.96,0.011,1|2|3|4|5|6|7|8|9|10|11|12
NK,RNO,2308,-43.0,1044.0,5.05,0.0182,1|2|3|4|5|6|7|8|9|10|11|12
NK,PHX,2276,-51.0,708.0,15.5,0.0211,1|2|3|4|5|6|7|8|9|10|11|12
NK,RIC,2214,-51.0,931.0,12.17,0.0181,1|2|3|4|5|6|7|8|9|10|11|12
NK,AUS,2178,-47.0,602.0,11.22,0.0248,1|2|3|4|5|6|7|8|9|10|11|12
NK,STT,2078,-52.0,1180.0,6.65,0.0144,1|2|3|4|5|6|7|8|9|10|11|12
NK,CLE,2012,-51.0,900.0,4.89,0.0239,1|2|3|4|5|6|7|8|9|10|11|12
NK,PNS,1920,-41.0,407.0,6.81,0.026,1|2|3|4|5|6|7|8|9|10|11|12
NK,ORF,1898,-55.0,1057.0,13.79,0.0306,1|2|3|4|5|6|7|8|9|10|11|12
NK,SEA,1898,-46.0,794.0,9.16,0.0105,1|2|3|4|5|6|7|8|9|10|11|12
NK,MEM,1878,-56.0,1127.0,2.64,0.016,1|2|3|4|5|6|7|8|9|10|11|12
NK,SDF,1726,-45.0,936.0,11.61,0.0151,1|2|3|4|5|6|7|8|9|10|11|12
NK,MKE,1554,-66.0,891.0,0.08,0.0219,1|2|3|4|5|6|7|8|9|10|11|12
NK,BDL,1188,-126.0,478.0,5.65,0.0185,1|2|3|4|5|6|7|8|9|10|11|12
NK,LBE,1150,-47.0,588.0,-4.21,0.0243,1|2|3|4|5|6|7|8|9|10|11|12
NK,BOI,1084,-37.0,242.0,4.36,0.0203,1|2|3|4|5|6|7|8|9|10|11|12
NK,ABQ,1050,-41.0,512.0,5.21,0.0114,1|2|3|4|5|6|7|8|9|10|11|12
NK,ROC,994,-49.0,342.0,3.66,0.0161,1|2|3|4|5|6|7|8|9|10|11|12
NK,PBI,922,-42.0,503.0,1.49,0.0174,1|2|3|4|5|6|7|8|9|10|11|12
NK,RDU,876,-39.0,518.0,16.21,0.0137,1|2|3|4|5|6|7|8|9|10|11|12
NK,STL,854,-42.0,936.0,23.09,0.0398,1|2|3|4|5|6|7|8|9|10|11|12
NK,STX,564,-48.0,337.0,14.16,0.0284,1|2|3|4|5|6|7|8|9|10|11|12
NK,MHT,254,-51.0,1016.0,14.31,0.0394,1|2|3|4|5
NK,BHM,146,-22.0,107.0,11.7,0.0,10|11|12
NK,DEN,72,-36.0,749.0,37.86,0.0,1
NK,LFT,2,59.0,59.0,59.0,0.0,1
OH,CLT,113476,-48.0,1460.0,8.27,0.0119,1|2|3|4|5|6|7|8|9|10|11|12
OH,DCA,73306,-64.0,1719.0,9.26,0.0211,1|2|3|4|5|6|7|8|9|10|11|12
OH,PHL,24762,-51.0,1759.0,8.51,0.0145,1|2|3|4|5|6|7|8|9|10|11|12
OH,DFW,18470,-54.0,1521.0,15.32,0.0253,1|2|3|4|5|6|7|8|9|10|11|12
OH,BHM,7938,-45.0,1466.0,11.32,0.0149,1|2|3|4|5|6|7|8|9|10|11|12
OH,GSP,7790,-48.0,1007.0,6.79,0.01,1|2|3|4|5|6|7|8|9|10|11|12
OH,TYS,7332,-46.0,1391.0,7.86,0.0145,1|2|3|4|5|6|7|8|9|10|11|12
OH,DAY,7232,-53.0,872.0,5.13,0.0102,1|2|3|4|5|6|7|8|9|10|11|12
OH,SAV,6956,-41.0,1858.0,5.45,0.0127,1|2|3|4|5|6|7|8|9|10|11|12
OH,ORF,6198,-43.0,1214.0,6.18,0.011,1|2|3|4|5|6|7|8|9|10|11|12
OH,HPN,5574,-49.0,1207.0,13.69,0.0244,1|2|3|4|5|6|7|8|9|10|11|12
OH,PNS,5250,-42.0,1576.0,17.08,0.0095,1|2|3|4|5|6|7|8|9|10|11|12
OH,GSO,5078,-47.0,1205.0,6.83,0.0114,1|2|3|4|5|6|7|8|9|10|11|12
OH,HSV,5068,-46.0,1590.0,16.31,0.0209,1|2|3|4|5|6|7|8|9|10|11|12
OH,ATL,4966,-53.0,1873.0,15.76,0.0161,1|2|3|4|5|6|7|8|9|10|11|12
OH,CVG,4960,-38.0,1549.0,12.52,0.0105,1|2|3|4|5|6|7|8|9|10|11|12
OH,BNA,4794,-46.0,1067.0,10.34,0.02,1|2|3|4|5|6|7|8|9|10|11|12
OH,MHT,4632,-45.0,1201.0,7.39,0.0177,1|2|3|4|5|6|7|8|9|10|11|12
OH,MYR,4492,-52.0,1412.0,7.07,0.0183,1|2|3|4|5|6|7|8|9|10|11|12
OH,CAE,4430,-42.0,1190.0,8.72,0.0131,1|2|3|4|5|6|7|8|9|10|11|12
OH,AVL,4148,-48.0,1453.0,11.16,0.0284,1|2|3|4|5|6|7|8|9|10|11|12
OH,ILM,3988,-47.0,1555.0,8.84,0.0155,1|2|3|4|5|6|7|8|9|10|11|12
OH,BTR,3828,-45.0,1625.0,11.57,0.0167,1|2|3|4|5|6|7|8|9|10|11|12
OH,BTV,3500,-58.0,1609.0,12.06,0.0183,1|2|3|4|5|6|7|8|9|10|11|12
OH,CHS,3476,-40.0,884.0,5.09,0.0184,1|2|3|4|5|6|7|8|9|10|11|12
OH,SHV,3424,-35.0,1925.0,16.75,0.0269,1|2|3|4|5|6|7|8|9|10|11|12
OH,SDF,3324,-46.0,2319.0,17.4,0.0114,1|2|3|4|5|6|7|8|9|10|11|12
OH,IAD,3312,-69.0,1389.0,5.48,0.0109,1|2|3|4|5|6|7|8|9|10|11|12
OH,CAK,3290,-44.0,1539.0,7.43,0.0073,1|2|3|4|5|6|7|8|9|10|11|12
OH,PVD,3280,-38.0,1253.0,10.35,0.0213,1|2|3|4|5|6|7|8|9|10|11|12
OH,AGS,3140,-44.0,1839.0,19.76,0.0274,1|2|3|4|5|6|7|8|9|10|11|12
OH,LEX,3032,-47.0,1547.0,6.9,0.0099,1|2|3|4|5|6|7|8|9|10|11|12
OH,CLE,3020,-45.0,1473.0,8.89,0.0132,1|2|3|4|5|6|7|8|9|10|11|12
OH,BDL,2972,-44.0,1588.0,12.62,0.0256,1|2|3|4|5|6|7|8|9|10|11|12
OH,CHA,2938,-56.0,587.0,8.15,0.0102,1|2|3|4|5|6|7|8|9|10|11|12
OH,CRW,2872,-54.0,1166.0,10.97,0.0118,1|2|3|4|5|6|7|8|9|10|11|12
OH,JAN,2664,-44.0,905.0,15.89,0.024,1|2|3|4|5|6|7|8|9|10|11|12
OH,CMH,2650,-41.0,1459.0,10.74,0.0106,1|2|3|4|5|6|7|8|9|10|11|12
OH,GPT,2456,-42.0,1336.0,7.74,0.0081,1|2|3|4|5|6|7|8|9|10|11|12
OH,DTW,2362,-47.0,1739.0,7.53,0.0195,1|2|3|4|5|6|7|8|9|10|11|12
OH,SBN,2330,-41.0,1558.0,10.57,0.0086,1|2|3|4|5|6|7|8|9|10|11|12
OH,ABE,2326,-50.0,1513.0,4.45,0.0129,1|2|3|4|5|6|7|8|9|10|11|12
OH,ALB,2324,-57.0,1371.0,13.64,0.031,1|2|3|4|5|6|7|8|9|10|11|12
OH,MLB,2308,-33.0,1569.0,6.97,0.0199,1|2|3|4|5|6|7|8|9|10|11|12
OH,DAB,2196,-45.0,1168.0,2.7,0.0282,1|2|3|4|5|6|7|8|9|10|11|12
OH,MSN,2178,-40.0,1235.0,10.71,0.0101,1|2|3|4|5|6|7|8|9|10|11|12
OH,LFT,2168,-38.0,2108.0,23.36,0.0351,1|2|3|4|5|6|7|8|9|10|11|12
OH,ECP,2116,-41.0,1662.0,14.59,0.0076,1|2|3|4|5|6|7|8|9|10|11|12
OH,JAX,2094,-41.0,1482.0,12.25,0.0143,1|2|3|4|5|6|7|8|9|10|11|12
OH,MKE,1986,-47.0,1270.0,14.1,0.0181,1|2|3|4|5|6|7|8|9|10|11|12
OH,SGF,1948,-32.0,2614.0,26.55,0.0082,1|2|3|4|5|6|7|8|9|10|11|12
OH,OAJ,1890,-35.0,691.0,11.75,0.018,1|2|3|4|5|6|7|8|9|10|11|12
OH,PIA,1880,-45.0,1499.0,13.58,0.0149,1|2|3|4|5|6|7|8|9|10|11|12
OH,TLH,1818,-44.0,1750.0,15.42,0.0231,1|2|3|4|5|6|7|8|9|10|11|12
OH,BUF,1792,-39.0,1307.0,17.21,0.0257,1|2|3|6|7|8|9|10|11|12
OH,RDU,1716,-36.0,1755.0,16.58,0.014,1|2|3|4|5|6|7|8|9|10|11|12
OH,BGR,1614,-55.0,1251.0,-0.09,0.031,1|2|3|4|5|6|7|8|9|10|11|12
OH,PWM,1550,-51.0,1249.0,10.18,0.0155,1|2|3|4|5|6|7|8|9|10|11|12
OH,LIT,1522,-50.0,2684.0,22.58,0.0197,1|2|3|4|5|6|7|8|9|10|11|12
OH,TUL,1518,-42.0,1443.0,15.27,0.0132,1|2|3|4|5|6|7|8|9|10|11|12
OH,MEM,1506,-41.0,1290.0,7.73,0.0093,1|2|3|4|5|6|7|8|9|10|11|12
OH,GNV,1480,-39.0,1464.0,11.38,0.0405,1|4|5|6|7|8|9|10|11|12
OH,MLI,1442,-47.0,1893.0,10.29,0.0194,1|2|3|4|5|6|7|8|9|10|11|12
OH,GRR,1440,-38.0,1085.0,15.19,0.0278,1|2|3|4|5|6|7|8|9|10|11|12
OH,ROC,1436,-37.0,1120.0,9.53,0.0125,1|2|3|4|5|6|7|8|9|10|11|12
OH,VPS,1430,-37.0,1607.0,13.91,0.0196,1|2|3|4|5|6|7|8|9|10|11|12
OH,PIT,1392,-39.0,1130.0,7.59,0.0273,1|2|3|4|5|6|7|8|9|10|11|12
OH,CID,1364,-46.0,1640.0,7.69,0.0337,1|2|3|4|5|6|7|8|9|10|11|12
OH,MSP,1342,-43.0,1579.0,22.35,0.0238,1|2|3|4|5|6|7|8|9|10|11|12
OH,MSY,1316,-40.0,473.0,8.07,0.0228,1|2|3|4|5|6|7|8|9|10|11|12
OH,MDT,1310,-40.0,1237.0,7.85,0.0076,1|2|3|4|5|6|7|8|9|10|11|12
OH,FAY,1280,-52.0,841.0,7.48,0.0141,1|2|3|4|5|6|7|8|9|10|11|12
OH,MCI,986,-54.0,1301.0,20.03,0.0264,1|2|3|4|5|6|10|11|12
OH,MGM,986,-41.0,1186.0,20.42,0.0446,1|2|3|4|5|6|7|8|9|10|11|12
OH,SYR,950,-48.0,1341.0,15.69,0.0105,1|2|3|4|5|6|7|8|9|10|11|12
OH,DSM,948,-47.0,477.0,10.89,0.019,1|2|3|4|5|6|8|9|10|11|12
OH,RIC,938,-31.0,386.0,6.12,0.0128,4|5|6|7|8|10|11|12
OH,STL,898,-40.0,1113.0,14.12,0.0178,1|2|3|4|5|6|7|8|9|10|11|12
OH,SRQ,768,-40.0,1198.0,10.37,0.0443,1|3|4|5|6|7|8|9|10|11|12
OH,ICT,630,-30.0,1544.0,22.94,0.0063,8|9|10|11|12
OH,OKC,610,-43.0,1234.0,22.33,0.0197,1|2|3|4|5|6|7|8|9|10|11|12
OH,IND,588,-37.0,394.0,6.26,0.0102,1|2|3|4|5|6|7|8|11|12
OH,LAN,588,-41.0,1020.0,17.65,0.0306,1|2|3|4|5|6|7|8|9|10|11|12
OH,ROA,498,-30.0,1120.0,17.02,0.012,1|2|4|5|6|8|9|10|11|12
OH,AVP,476,-48.0,2190.0,11.34,0.0126,1|2|3|4|5|6|7|8|12
OH,XNA,450,-42.0,1209.0,14.85,0.0267,1|2|3|4|5|6|8|10|11|12
OH,TRI,428,-54.0,1449.0,7.43,0.0187,1|2|3|4|10|11|12
OH,FWA,334,-40.0,223.0,2.8,0.0,10|11|12
OH,TVC,304,-37.0,211.0,6.95,0.0,6|7|8|9|10|11
OH,HOU,302,-30.0,1060.0,33.31,0.0728,6|7|8
OH,OMA,182,-33.0,1139.0,20.02,0.011,9|10|11|12
OH,CHO,126,-28.0,89.0,-1.38,0.0,3|4|10|11
OH,EWN,102,-31.0,1027.0,58.49,0.0784,7|8|9
OH,IAH,74,-42.0,176.0,9.22,0.0,11|12
OH,RSW,66,-43.0,316.0,15.58,0.0606,1|12
OH,BWI,54,-26.0,101.0,4.37,0.0,2|3|4|5|8|12
OH,MOB,50,-29.0,1305.0,130.09,0.08,12
OH,AUS,50,-32.0,165.0,0.04,0.0,3|4
OH,EVV,44,-35.0,317.0,4.0,0.0,10
OH,SCE,26,-18.0,35.0,-0.27,0.1538,1|8
OO,DEN,119400,-56.0,1425.0,5.72,0.0134,1|2|3|4|5|6|7|8|9|10|11|12
OO,ORD,107210,-69.0,1398.0,12.43,0.0174,1|2|3|4|5|6|7|8|9|10|11|12
OO,LAX,76472,-52.0,1261.0,4.03,0.0036,1|2|3|4|5|6|7|8|9|10|11|12
OO,SFO,63248,-61.0,1325.0,8.17,0.0136,1|2|3|4|5|6|7|8|9|10|11|12
OO,SLC,62994,-61.0,1466.0,-0.26,0.0028,1|2|3|4|5|6|7|8|9|10|11|12
OO,SEA,52960,-49.0,1197.0,4.05,0.004,1|2|3|4|5|6|7|8|9|10|11|12
OO,DTW,52196,-68.0,1541.0,11.24,0.0072,1|2|3|4|5|6|7|8|9|10|11|12
OO,PHX,50606,-49.0,1479.0,1.95,0.0023,1|2|3|4|5|6|7|8|9|10|11|12
OO,MSP,50144,-72.0,1275.0,7.46,0.0074,1|2|3|4|5|6|7|8|9|10|11|12
OO,DFW,48516,-61.0,1136.0,5.72,0.0202,1|2|3|4|5|6|7|8|9|10|11|12
OO,IAH,25894,-62.0,1164.0,13.69,0.0267,1|2|3|4|5|6|7|8|9|10|11|12
OO,SAN,24594,-40.0,1035.0,11.63,0.0093,1|2|3|4|5|6|7|8|9|10|11|12
OO,BOI,22568,-48.0,1299.0,2.87,0.0035,1|2|3|4|5|6|7|8|9|10|11|12
OO,PDX,21244,-43.0,1156.0,3.85,0.0058,1|2|3|4|5|6|7|8|9|10|11|12
OO,SMF,17252,-47.0,1513.0,1.52,0.0037,1|2|3|4|5|6|7|8|9|10|11|12
OO,SJC,17174,-47.0,1099.0,-0.01,0.002,1|2|3|4|5|6|7|8|9|10|11|12
OO,ATL,16340,-46.0,1234.0,17.55,0.0077,1|2|3|4|5|6|7|8|9|10|11|12
OO,TUS,15868,-47.0,1383.0,5.07,0.0035,1|2|3|4|5|6|7|8|9|10|11|12
OO,ASE,15646,-58.0,1523.0,20.62,0.066,1|2|3|4|5|6|7|8|9|10|11|12
OO,OKC,13358,-49.0,1603.0,5.14,0.0064,1|2|3|4|5|6|7|8|9|10|11|12
OO,FAT,13264,-48.0,1394.0,4.26,0.0051,1|2|3|4|5|6|7|8|9|10|11|12
OO,GEG,11900,-57.0,1204.0,0.51,0.0039,1|2|3|4|5|6|7|8|9|10|11|12
OO,PSP,10832,-52.0,1201.0,6.83,0.0076,1|2|3|4|5|6|7|8|9|10|11|12
OO,MKE,10402,-54.0,1232.0,8.63,0.0163,1|2|3|4|5|6|7|8|9|10|11|12
OO,COS,9994,-52.0,1107.0,2.16,0.0116,1|2|3|4|5|6|7|8|9|10|11|12
OO,SBN,9166,-57.0,1210.0,9.41,0.0166,1|2|3|4|5|6|7|8|9|10|11|12
OO,OMA,8594,-58.0,1536.0,7.2,0.0084,1|2|3|4|5|6|7|8|9|10|11|12
OO,RNO,8540,-46.0,1216.0,6.53,0.0068,1|2|3|4|5|6|7|8|9|10|11|12
OO,PSC,8278,-49.0,1107.0,0.1,0.0031,1|2|3|4|5|6|7|8|9|10|11|12
OO,BNA,8242,-46.0,1087.0,9.49,0.017,1|2|3|4|5|6|7|8|9|10|11|12
OO,LGA,8228,-69.0,1264.0,14.55,0.0282,1|2|3|4|5|6|7|8|9|10|11|12
OO,BUR,8210,-41.0,1237.0,9.35,0.01,1|2|3|4|5|6|7|8|9|10|11|12
OO,SNA,8050,-45.0,1049.0,14.47,0.0117,1|2|3|4|5|6|7|8|9|10|11|12
OO,ABQ,7960,-47.0,898.0,-2.05,0.0045,1|2|3|4|5|6|7|8|9|10|11|12
OO,SBP,7714,-40.0,1022.0,6.14,0.0119,1|2|3|4|5|6|7|8|9|10|11|12
OO,RDM,7636,-45.0,1328.0,10.2,0.0204,1|2|3|4|5|6|7|8|9|10|11|12
OO,ATW,7368,-54.0,1212.0,16.0,0.0206,1|2|3|4|5|6|7|8|9|10|11|12
OO,AUS,7358,-55.0,1352.0,17.05,0.0033,1|2|3|4|5|6|7|8|9|10|11|12
OO,TUL,6992,-50.0,1195.0,1.09,0.0069,1|2|3|4|5|6|7|8|9|10|11|12
OO,MRY,6896,-42.0,1254.0,5.82,0.0087,1|2|3|4|5|6|7|8|9|10|11|12
OO,ICT,6466,-51.0,1127.0,9.14,0.0105,1|2|3|4|5|6|7|8|9|10|11|12
OO,MAF,6372,-44.0,930.0,5.98,0.0113,1|2|3|4|5|6|7|8|9|10|11|12
OO,GRB,6144,-42.0,1331.0,8.73,0.015,1|2|3|4|5|6|7|8|9|10|11|12
OO,DRO,6116,-63.0,1361.0,9.1,0.0095,1|2|3|4|5|6|7|8|9|10|11|12
OO,SGU,6036,-49.0,1313.0,0.04,0.003,1|2|3|4|5|6|7|8|9|10|11|12
OO,STS,5900,-34.0,455.0,9.52,0.0047,1|2|3|4|5|6|7|8|9|10|11|12
OO,JFK,5852,-57.0,1213.0,14.11,0.029,1|2|3|4|5|6|7|8|9|10|11|12
OO,FAR,5718,-55.0,1653.0,13.8,0.0122,1|2|3|4|5|6|7|8|9|10|11|12
OO,MFR,5712,-47.0,1299.0,2.87,0.0095,1|2|3|4|5|6|7|8|9|10|11|12
OO,IDA,5678,-77.0,1237.0,1.71,0.0053,1|2|3|4|5|6|7|8|9|10|11|12
OO,SAF,5600,-56.0,1445.0,8.41,0.015,1|2|3|4|5|6|7|8|9|10|11|12
OO,ONT,5412,-47.0,1020.0,2.67,0.0041,1|2|3|4|5|6|7|8|9|10|11|12
OO,IAD,5398,-51.0,1362.0,14.05,0.0141,1|2|3|4|5|6|7|8|9|10|11|12
OO,GJT,5224,-42.0,1257.0,7.23,0.0088,1|2|3|4|5|6|7|8|9|10|11|12
OO,FWA,5204,-51.0,993.0,14.67,0.0111,1|2|3|4|5|6|7|8|9|10|11|12
OO,FSD,5160,-51.0,1493.0,2.66,0.0085,1|2|3|4|5|6|7|8|9|10|11|12
OO,EUG,5092,-46.0,738.0,2.7,0.0137,1|2|3|4|5|6|7|8|9|10|11|12
OO,SGF,4920,-51.0,1166.0,14.23,0.0102,1|2|3|4|5|6|7|8|9|10|11|12
OO,XNA,4756,-53.0,1211.0,3.48,0.0076,1|2|3|4|5|6|7|8|9|10|11|12
OO,ELP,4586,-38.0,1358.0,3.38,0.0065,1|2|3|4|5|6|7|8|9|10|11|12
OO,LAS,4454,-33.0,449.0,17.45,0.0153,1|2|3|4|5|6|7|8|9|10|11|12
OO,MSN,4448,-42.0,1448.0,10.95,0.0148,1|2|3|4|5|6|7|8|9|10|11|12
OO,BIS,4362,-49.0,1278.0,8.41,0.0101,1|2|3|4|5|6|7|8|9|10|11|12
OO,RAP,4284,-58.0,1016.0,5.69,0.0117,1|2|3|4|5|6|7|8|9|10|11|12
OO,GRR,4226,-51.0,1259.0,11.01,0.0189,1|2|3|4|5|6|7|8|9|10|11|12
OO,MBS,4220,-44.0,844.0,10.79,0.0147,1|2|3|4|5|6|7|8|9|10|11|12
OO,BZN,4022,-49.0,1103.0,2.77,0.0055,1|2|3|4|5|6|7|8|9|10|11|12
OO,GTF,4008,-43.0,972.0,-1.44,0.005,1|2|3|4|5|6|7|8|9|10|11|12
OO,SUN,3998,-47.0,1381.0,6.02,0.011,1|2|3|4|5|6|7|8|9|10|11|12
OO,MOT,3978,-59.0,1064.0,10.14,0.0156,1|2|3|4|5|6|7|8|9|10|11|12
OO,MDW,3964,-41.0,1373.0,9.98,0.0071,1|2|3|4|5|6|7|8|9|10|11|12
OO,XWA,3936,-50.0,1386.0,12.4,0.0158,1|2|3|4|5|6|7|8|9|10|11|12
OO,CID,3848,-41.0,1400.0,13.86,0.0234,1|2|3|4|5|6|7|8|9|10|11|12
OO,LIT,3838,-47.0,1206.0,9.36,0.0151,1|2|3|4|5|6|7|8|9|10|11|12
OO,SDF,3778,-44.0,1047.0,7.12,0.0064,1|2|3|4|5|6|7|8|9|10|11|12
OO,LEX,3770,-49.0,935.0,4.07,0.0095,1|2|3|4|5|6|7|8|9|10|11|12
OO,FLG,3692,-41.0,1482.0,9.14,0.0043,1|2|3|4|5|6|7|8|9|10|11|12
OO,LNK,3638,-47.0,1373.0,7.47,0.0066,1|2|3|4|5|6|7|8|9|10|11|12
OO,CRW,3620,-43.0,1224.0,18.64,0.0133,1|2|3|4|5|6|7|8|9|10|11|12
OO,SBA,3550,-39.0,1480.0,8.09,0.0146,1|2|3|4|5|6|7|8|9|10|11|12
OO,CPR,3538,-49.0,521.0,-2.24,0.0073,1|2|3|4|5|6|7|8|9|10|11|12
OO,EGE,3516,-50.0,1731.0,4.0,0.0114,1|2|3|4|5|6|7|8|9|10|11|12
OO,ACV,3468,-43.0,1433.0,17.97,0.019,1|2|3|4|5|6|7|8|9|10|11|12
OO,HSV,3430,-46.0,1407.0,10.96,0.0093,1|2|3|4|5|6|7|8|9|10|11|12
OO,CLE,3346,-38.0,1078.0,5.86,0.0084,1|2|3|4|5|6|7|8|9|10|11|12
OO,BHM,3178,-49.0,953.0,10.08,0.0088,1|2|3|4|5|6|7|8|9|10|11|12
OO,TYS,3150,-58.0,1295.0,2.87,0.0146,1|2|3|4|5|6|7|8|9|10|11|12
OO,MLI,3150,-42.0,1235.0,13.9,0.0216,1|2|3|4|5|6|7|8|9|10|11|12
OO,DAY,3148,-55.0,1134.0,5.75,0.0095,1|2|3|4|5|6|7|8|9|10|11|12
OO,HLN,3106,-53.0,1369.0,7.36,0.0058,1|2|3|4|5|6|7|8|9|10|11|12
OO,RDD,2968,-40.0,1218.0,4.56,0.0047,1|2|3|4|5|6|7|8|9|10|11|12
OO,FCA,2894,-42.0,996.0,1.59,0.0083,1|2|3|4|5|6|7|8|9|10|11|12
OO,DLH,2866,-49.0,1149.0,8.12,0.0119,1|2|3|4|5|6|7|8|9|10|11|12
OO,BFL,2828,-51.0,701.0,-1.51,0.0042,1|2|3|4|5|6|7|8|9|10|11|12
OO,OAK,2698,-33.0,384.0,-1.7,0.003,1|2|3|4|5|6|7|8|9|10|11|12
OO,BIL,2686,-44.0,430.0,-0.82,0.006,1|2|3|4|5|6|7|8|9|10|11|12
OO,CMH,2658,-40.0,1268.0,7.98,0.0015,1|2|3|4|5|6|7|8|9|10|11|12
OO,TVC,2360,-43.0,1266.0,17.89,0.0153,1|2|3|4|5|6|7|8|9|10|11|12
OO,LBB,2360,-39.0,1655.0,8.79,0.0203,1|2|3|4|5|6|7|8|9|10|11|12
OO,IND,2292,-36.0,1484.0,9.99,0.0148,1|2|3|4|5|6|7|8|9|10|11|12
OO,MSO,2276,-39.0,924.0,4.19,0.0079,1|2|3|4|5|6|7|8|9|10|11|12
OO,YUM,2268,-37.0,1123.0,8.51,0.0026,1|2|3|4|5|6|7|8|9|10|11|12
OO,JAC,2260,-57.0,1464.0,3.92,0.0159,1|2|3|4|5|6|7|8|9|10|11|12
OO,MCI,2240,-71.0,1253.0,7.89,0.0179,1|2|3|4|5|6|7|8|9|10|11|12
OO,SYR,2234,-59.0,1127.0,6.96,0.0116,3|4|5|6|7|8|9|10|11|12
OO,LWS,2194,-45.0,1441.0,7.25,0.0055,1|2|3|4|5|6|7|8|9|10|11|12
OO,PIA,2192,-45.0,877.0,13.61,0.0192,1|2|3|4|5|6|7|8|9|10|11|12
OO,CAK,2136,-42.0,1132.0,17.72,0.0159,1|2|3|4|5|6|7|8|9|10|11|12
OO,AEX,2108,-42.0,1350.0,13.56,0.0228,1|2|3|4|5|6|7|8|9|10|11|12
OO,HPN,2084,-40.0,1186.0,23.17,0.0211,1|2|3|4|5|6|7|8|9|10|11|12
OO,MFE,2072,-36.0,823.0,15.27,0.0087,1|2|4|5|6|7|8|9|10|11|12
OO,RDU,2054,-49.0,1137.0,13.93,0.0029,4|5|6|7|8|9|10|11|12
OO,SAT,2044,-54.0,1370.0,7.4,0.0078,1|2|3|4|5|6|7|8|9|10|11|12
OO,GSO,2026,-48.0,1270.0,3.71,0.0059,1|2|3|4|5|6|7|8|9|10|11|12
OO,LCH,2020,-34.0,1433.0,16.52,0.0228,1|2|3|4|5|6|7|8|9|10|11|12
OO,GFK,2010,-42.0,623.0,2.17,0.006,1|2|3|4|5|6|7|8|9|10|11|12
OO,AZO,1982,-48.0,920.0,5.64,0.0161,1|2|3|4|5|6|7|8|9|10|11|12
OO,GSP,1954,-49.0,549.0,2.7,0.0133,1|2|3|4|5|6|7|8|9|10|11|12
OO,BLI,1930,-24.0,921.0,12.4,0.0073,1|2|3|4|5|6|7|8|9|10|11|12
OO,LFT,1892,-39.0,1128.0,8.47,0.0148,1|2|3|4|5|6|7|8|9|10|11|12
OO,CHA,1874,-42.0,1740.0,15.8,0.0181,1|2|3|4|5|6|7|8|9|10|11|12
OO,LAW,1870,-38.0,1024.0,10.73,0.0353,1|2|3|4|5|6|7|8|9|10|11|12
OO,MDT,1842,-37.0,1130.0,7.78,0.0109,1|2|3|4|5|6|7|8|9|10|11|12
OO,PIT,1812,-45.0,944.0,0.11,0.0033,1|2|3|4|5|6|7|8|9|10|11|12
OO,DSM,1798,-42.0,1234.0,8.23,0.0167,1|2|3|4|5|6|7|8|9|10|11|12
OO,HDN,1796,-49.0,1242.0,3.67,0.0111,1|2|3|4|5|6|7|8|9|10|11|12
OO,TYR,1794,-39.0,1170.0,12.1,0.0301,1|2|3|4|5|6|7|8|9|10|11|12
OO,AMA,1734,-49.0,987.0,11.82,0.0173,1|2|3|4|5|6|7|8|9|10|11|12
OO,CVG,1726,-51.0,431.0,5.64,0.0035,1|2|3|4|5|6|7|8|9|10|11|12
OO,LAN,1716,-37.0,1076.0,14.02,0.007,1|2|3|4|5|6|7|8|9|10|11|12
OO,PLN,1692,-72.0,1002.0,5.67,0.0189,1|2|3|4|5|6|7|8|9|10|11|12
OO,ALB,1666,-64.0,851.0,4.01,0.0024,1|2|3|4|5|6|7|8|9|10|11|12
OO,RST,1656,-49.0,519.0,6.46,0.0097,1|2|3|4|5|6|7|8|9|10|11|12
OO,RHI,1654,-59.0,546.0,-2.16,0.0085,1|2|3|4|5|6|7|8|9|10|11|12
OO,FNT,1654,-56.0,1209.0,22.09,0.0157,1|2|3|4|5|6|7|8|9|10|11|12
OO,BUF,1618,-40.0,1280.0,9.71,0.0297,1|2|3|4|5|6|7|8|9|10|11|12
OO,ROW,1596,-40.0,1120.0,21.57,0.0313,1|2|5|6|7|8|9|10|11|12
OO,DEC,1556,-62.0,1256.0,21.99,0.0231,1|2|3|4|5|6|7|8|9|10|11|12
OO,MEM,1516,-40.0,1008.0,10.2,0.0211,1|2|3|4|5|6|7|8|9|10|11|12
OO,ACT,1500,-30.0,417.0,14.08,0.0267,1|2|3|4|5|6|7|8|9|10|11|12
OO,ROA,1490,-32.0,980.0,17.45,0.0215,1|2|3|4|5|6|7|8|9|10|11|12
OO,JST,1462,-53.0,1230.0,12.38,0.0233,1|2|3|4|5|6|7|8|9|10|11|12
OO,BJI,1460,-42.0,717.0,9.92,0.0096,1|2|3|4|5|6|7|8|9|10|11|12
OO,PRC,1458,-42.0,1111.0,20.57,0.0055,1|2|3|4|5|6|7|8|9|10|11|12
OO,SUX,1458,-49.0,984.0,15.54,0.0192,1|2|3|4|5|6|7|8|9|10|11|12
OO,SHR,1458,-43.0,472.0,1.81,0.0192,1|2|3|4|5|6|7|8|9|10|11|12
OO,CMX,1458,-44.0,878.0,17.76,0.0412,1|2|3|4|5|6|7|8|9|10|11|12
OO,ABR,1456,-50.0,1126.0,10.72,0.0082,1|2|3|4|5|6|7|8|9|10|11|12
OO,IMT,1456,-40.0,430.0,9.37,0.0124,1|2|3|4|5|6|7|8|9|10|11|12
OO,CIU,1454,-46.0,1073.0,18.4,0.0138,1|2|3|4|5|6|7|8|9|10|11|12
OO,GCC,1452,-45.0,951.0,4.48,0.0124,1|2|3|4|5|6|7|8|9|10|11|12
OO,ABY,1452,-33.0,1318.0,16.52,0.0096,1|2|3|4|5|6|7|8|9|10|11|12
OO,GUC,1450,-54.0,1224.0,-1.62,0.011,1|2|3|4|5|6|7|8|9|10|11|12
OO,GRI,1448,-50.0,946.0,18.83,0.0166,1|2|3|4|5|6|7|8|9|10|11|12
OO,CAE,1446,-34.0,525.0,3.03,0.0069,1|2|3|4|5|6|7|8|9|10|11|12
OO,AVL,1438,-58.0,1394.0,13.49,0.0403,1|2|3|4|5|6|7|8|9|10|11|12
OO,BRO,1436,-40.0,1354.0,11.05,0.0279,1|3|4|5|6|7|8|9|10|11|12
OO,MTJ,1424,-51.0,1083.0,6.02,0.0169,1|2|3|4|5|6|7|8|9|12
OO,ELM,1422,-42.0,981.0,18.72,0.0028,1|2|3|4|5|6|7|8|9|10|11|12
OO,SLN,1418,-40.0,1509.0,10.49,0.0226,1|2|3|4|5|6|7|8|9|10|11|12
OO,TWF,1400,-34.0,251.0,-6.34,0.0029,1|2|3|4|5|6|7|8|9|10|11|12
OO,PIH,1400,-40.0,247.0,-9.15,0.0,1|2|3|4|5|6|7|8|9|10|11|12
OO,BTM,1380,-64.0,1096.0,-14.18,0.0,1|2|3|4|5|6|7|8|9|10|11|12
OO,RIC,1372,-35.0,1172.0,11.05,0.0,1|2|3|4|5|6|7|8|9|10|11|12
OO,CYS,1358,-50.0,687.0,-1.46,0.0206,1|2|3|4|5|6|7|8|9|10|11|12
OO,DVL,1346,-52.0,1445.0,15.22,0.0431,1|2|3|4|5|6|7|8|9|10|11|12
OO,DIK,1342,-51.0,1200.0,3.24,0.0253,1|2|3|4|5|6|7|8|9|10|11|12
OO,HYS,1340,-38.0,1187.0,4.13,0.0194,1|2|3|4|5|6|7|8|9|10|11|12
OO,INL,1306,-48.0,1284.0,7.16,0.0123,1|2|3|4|5|6|7|8|9|10|11|12
OO,BQK,1306,-31.0,507.0,19.48,0.0031,1|2|3|4|5|6|7|8|9|10|11|12
OO,ESC,1300,-54.0,1101.0,5.0,0.0077,1|2|3|4|5|6|7|8|9|10|11|12
OO,BRD,1298,-52.0,1189.0,2.34,0.0062,1|2|3|4|5|6|7|8|9|10|11|12
OO,LGB,1280,-32.0,343.0,-1.0,0.0,1|2|3|4|5|6|7|8|9|10|11|12
OO,VCT,1268,-33.0,1028.0,11.15,0.0252,1|2|3|4|5|6|7|8|9|10|11|12
OO,CHO,1266,-36.0,971.0,16.58,0.019,1|2|3|4|5|6|7|8|9|10|11|12
OO,MGM,1258,-41.0,973.0,15.31,0.0127,1|2|3|4|5|6|7|8|9|10|11|12
OO,APN,1258,-43.0,640.0,9.79,0.0318,1|2|3|4|5|6|7|8|9|10|11|12
OO,HIB,1258,-55.0,1047.0,2.19,0.0111,1|2|3|4|5|6|7|8|9|10|11|12
OO,COD,1258,-45.0,952.0,9.54,0.0079,5|6|7|8|9|10|11|12
OO,CDC,1258,-41.0,867.0,-1.8,0.0079,1|2|3|4|5|6|7|8|9|10|11|12
OO,LBF,1256,-46.0,1050.0,7.15,0.0191,1|2|3|4|5|6|7|8|9|10|11|12
OO,LAR,1254,-39.0,1289.0,8.04,0.0367,1|2|3|4|5|6|7|8|9|10|11|12
OO,BFF,1254,-41.0,1019.0,9.16,0.0271,1|2|3|4|5|6|7|8|9|10|11|12
OO,MEI,1252,-64.0,1389.0,10.79,0.0304,1|2|3|4|5|6|7|8|9|10|11|12
OO,MCW,1250,-59.0,1106.0,21.33,0.0368,1|2|3|4|5|6|7|8|9|10|11|12
OO,PIB,1248,-57.0,1099.0,8.18,0.0288,1|2|3|4|5|6|7|8|9|10|11|12
OO,FOD,1248,-51.0,1212.0,17.44,0.0224,1|2|3|4|5|6|7|8|9|10|11|12
OO,DDC,1246,-41.0,1074.0,20.64,0.0305,1|2|3|4|5|6|7|8|9|10|11|12
OO,RKS,1244,-39.0,1041.0,10.95,0.0113,1|2|3|4|5|6|7|8|9|10|11|12
OO,JLN,1242,-65.0,1026.0,11.07,0.0193,1|2|3|4|5|6|7|8|9|10|11|12
OO,RIW,1240,-33.0,1010.0,8.75,0.0177,1|2|3|4|5|6|7|8|9|10|11|12
OO,SHV,1228,-33.0,923.0,8.51,0.0098,1|2|3|5|6|7|8|9|10|11|12
OO,SPS,1228,-35.0,653.0,8.15,0.0195,1|2|3|4|5|6|7|8|9|10|11
OO,JMS,1220,-47.0,1418.0,12.32,0.0574,1|2|3|4|5|6|7|8|9|10|11|12
OO,BTR,1176,-36.0,752.0,9.42,0.0289,1|2|3|4|5|6|7|8|9|10|11|12
OO,STL,1138,-52.0,1146.0,11.76,0.0141,1|2|3|4|5|6|7|8|9|10|11|12
OO,SWO,1136,-41.0,1183.0,6.74,0.0246,1|2|5|6|7|8|9|10|11|12
OO,LBL,1130,-32.0,1019.0,6.78,0.0354,1|2|3|4|5|6|7|8|9|10|11|12
OO,PVD,1122,-37.0,1241.0,9.03,0.0053,3|4|5|6|7|8|9|10|11|12
OO,SCE,1100,-44.0,461.0,7.49,0.0145,1|2|3|4|5|6|7|8|9|10|11|12
OO,ALW,1088,-22.0,266.0,2.82,0.0331,1|2|3|4|5|6|7|8|9
OO,BPT,1084,-44.0,607.0,1.14,0.0203,1|4|5|6|7|8|9|10|11|12
OO,ROC,1036,-41.0,340.0,2.9,0.0039,1|2|3|4|5|6|7|8|9|10|11|12
OO,GGG,998,-34.0,391.0,8.88,0.02,1|2|3|4|5|6|7|9|10|11|12
OO,GRK,990,-31.0,902.0,11.21,0.0384,1|2|3|4|5|6|7|8|9|10|11|12
OO,JAN,892,-37.0,1696.0,12.69,0.009,1|2|3|4|5|6|7|8|9|10|11|12
OO,HOB,886,-43.0,840.0,16.9,0.0135,5|6|7|8|9|10|11|12
OO,PWM,876,-52.0,1175.0,8.56,0.0068,1|2|3|4|5|9|10|11|12
OO,AGS,864,-33.0,615.0,20.63,0.0116,1|2|3|4|5|6|9|10|11|12
OO,EVV,854,-41.0,610.0,15.37,0.007,1|3|4|5|6|9|10|11|12
OO,CSG,812,-31.0,403.0,13.23,0.0099,1|2|3|4|5|6|7|9
OO,SAV,776,-40.0,309.0,1.26,0.0206,1|2|3|5|6|7|8|9|10|11|12
OO,HOU,742,-35.0,360.0,13.26,0.0108,1|2|8|9|10|11|12
OO,CHS,738,-35.0,371.0,12.93,0.0136,1|2|5|6|7|8|9|10|11|12
OO,EKO,732,-43.0,696.0,-7.04,0.0055,1|2|3|4|5|6|7|8|9|10|11|12
OO,SJT,728,-37.0,1058.0,11.25,0.022,1|2|5|6|7|8|9|10|11|12
OO,ORF,694,-37.0,991.0,20.82,0.0058,5|6|7|8|9|10|11|12
OO,OTH,686,-41.0,1324.0,29.79,0.0117,1|2|3|4|5|6|7|8|9|10|11|12
OO,GPT,676,-33.0,567.0,8.24,0.0148,1|2|3|4|5|8|9|10|11|12
OO,MSY,642,-35.0,459.0,7.01,0.0343,1|2|5|6|7|8|9|12
OO,WYS,626,-38.0,1094.0,8.2,0.0128,5|6|7|8|9|10
OO,ABE,622,-50.0,851.0,22.31,0.0386,1|2|3|4|5|6|7|12
OO,PVU,610,-43.0,437.0,21.2,0.0131,10|11|12
OO,TXK,596,-34.0,427.0,13.44,0.0537,1|2|5|6|10|11|12
OO,CLL,580,-28.0,921.0,20.59,0.0345,1|2|5|6|9|10|11|12
OO,ECP,576,-41.0,283.0,4.17,0.0069,2|3|4|5|6|7|8|9|10|11|12
OO,BIH,542,-51.0,261.0,9.05,0.0701,1|2|3|4|7|8|9|10|12
OO,CRP,536,-31.0,608.0,2.79,0.0187,1|2|3|4|6|7|8|9|10|11|12
OO,HRL,500,-37.0,275.0,0.11,0.016,1|2|3|4|5|10|11|12
OO,BTV,490,-41.0,344.0,6.67,0.0,4|5|6|9|10|11|12
OO,MQT,488,-41.0,919.0,3.31,0.0164,4|5|6|7|8|9|10|11|12
OO,DHN,458,-35.0,621.0,11.54,0.0131,4|5|6|7|8|9
OO,GCK,430,-40.0,519.0,10.1,0.0465,1|2|9|10|11
OO,MLU,422,-29.0,456.0,12.08,0.0095,1|2|8|9|10|12
OO,PHL,388,-32.0,1328.0,16.32,0.0103,1|2|3|4|5|6|11|12
OO,MOB,384,-35.0,1161.0,19.14,0.0,1|2|3|5|6|7
OO,FAY,382,-27.0,1080.0,27.44,0.0105,1|5|6|7|8|9|10
OO,PNS,354,-38.0,1287.0,26.34,0.0,1|2|3|4|5|6|9|10|11|12
OO,FSM,344,-31.0,956.0,7.61,0.0349,1|2|3|4|5|6|9|10|11
OO,DCA,344,-60.0,881.0,5.83,0.0058,1|2|3|4|5|6|7|8|10|11|12
OO,JAX,324,-33.0,210.0,3.05,0.0247,1|2|3|4|5|6|7|8
OO,BGR,312,-38.0,918.0,14.63,0.0064,5|6|7|8|9|10
OO,TRI,290,-31.0,327.0,9.61,0.0069,1|2|3|5
OO,EAR,210,-33.0,560.0,17.51,0.0286,11|12
OO,COU,202,-34.0,2018.0,50.67,0.0198,7|8|9|10|11|12
OO,KTN,188,-19.0,420.0,32.22,0.0213,6|7|8|9
OO,SIT,186,-35.0,911.0,42.63,0.043,6|7|8|9
OO,BDL,138,-40.0,1327.0,18.59,0.0145,1|2|3|6|7|8|9|10|11|12
OO,LRD,128,-29.0,195.0,8.67,0.0,3|4|5|6|10|11
OO,VLD,120,-22.0,192.0,4.95,0.0,3|4
OO,CLT,114,-40.0,177.0,9.09,0.0,2|3|4|5|6
OO,VEL,104,-33.0,1053.0,16.77,0.0,1
OO,SRQ,98,-25.0,1231.0,64.73,0.0204,1|3|6|9|10|11|12
OO,AVP,88,-38.0,745.0,52.45,0.0455,1|2|3|10
OO,ILM,78,-31.0,132.0,0.92,0.0,1|2|3|5|6|7|8
OO,MGW,74,-36.0,450.0,69.05,0.0,12
OO,MYR,64,-29.0,87.0,-7.75,0.0,5|6|8|9|10
OO,EAU,62,-32.0,299.0,20.17,0.0645,12
OO,CNY,62,-34.0,207.0,-1.86,0.0645,1
OO,ACK,54,-40.0,350.0,18.04,0.037,5|6|7|8
OO,BWI,18,-18.0,-7.0,-11.11,0.0,10|11
OO,BOS,4,15.0,32.0,23.5,0.0,6
OO,MHK,4,-17.0,-10.0,-13.5,0.0,11
OO,TLH,2,47.0,47.0,47.0,0.0,6
OO,EWR,2,9.0,9.0,9.0,0.0,4
UA,DEN,203382,-56.0,1229.0,7.18,0.012,1|2|3|4|5|6|7|8|9|10|11|12
UA,ORD,179190,-72.0,1330.0,7.14,0.0132,1|2|3|4|5|6|7|8|9|10|11|12
UA,EWR,137964,-74.0,1131.0,7.75,0.0235,1|2|3|4|5|6|7|8|9|10|11|12
UA,IAH,136718,-64.0,1142.0,12.05,0.0186,1|2|3|4|5|6|7|8|9|10|11|12
UA,SFO,101866,-65.0,1012.0,2.66,0.014,1|2|3|4|5|6|7|8|9|10|11|12
UA,IAD,64350,-63.0,1150.0,3.47,0.0147,1|2|3|4|5|6|7|8|9|10|11|12
UA,LAX,54578,-74.0,1042.0,0.42,0.0171,1|2|3|4|5|6|7|8|9|10|11|12
UA,LAS,28490,-54.0,1161.0,3.14,0.0172,1|2|3|4|5|6|7|8|9|10|11|12
UA,MCO,27590,-50.0,1383.0,7.52,0.0282,1|2|3|4|5|6|7|8|9|10|11|12
UA,BOS,24864,-72.0,1170.0,2.38,0.0175,1|2|3|4|5|6|7|8|9|10|11|12
UA,PHX,20488,-49.0,1053.0,1.7,0.0161,1|2|3|4|5|6|7|8|9|10|11|12
UA,SAN,20432,-52.0,1437.0,4.0,0.0203,1|2|3|4|5|6|7|8|9|10|11|12
UA,AUS,19090,-55.0,1524.0,4.6,0.0138,1|2|3|4|5|6|7|8|9|10|11|12
UA,SEA,18098,-61.0,1113.0,4.42,0.0177,1|2|3|4|5|6|7|8|9|10|11|12
UA,TPA,17280,-64.0,1417.0,7.17,0.0303,1|2|3|4|5|6|7|8|9|10|11|12
UA,CLE,17102,-59.0,503.0,-2.22,0.0138,1|2|3|4|5|6|7|8|9|10|11|12
UA,LGA,16534,-72.0,1296.0,2.06,0.0207,1|2|3|4|5|6|7|8|9|10|11|12
UA,DFW,16480,-57.0,1365.0,10.8,0.0157,1|2|3|4|5|6|7|8|9|10|11|12
UA,FLL,16408,-53.0,1225.0,6.36,0.0243,1|2|3|4|5|6|7|8|9|10|11|12
UA,ATL,14654,-53.0,1160.0,7.48,0.0164,1|2|3|4|5|6|7|8|9|10|11|12
UA,PDX,13218,-56.0,1447.0,3.49,0.0141,1|2|3|4|5|6|7|8|9|10|11|12
UA,MSY,13016,-51.0,975.0,4.61,0.0215,1|2|3|4|5|6|7|8|9|10|11|12
UA,MIA,12732,-56.0,1335.0,12.98,0.0281,1|2|3|4|5|6|7|8|9|10|11|12
UA,BNA,12468,-48.0,1816.0,7.07,0.0157,1|2|3|4|5|6|7|8|9|10|11|12
UA,DCA,12232,-68.0,1166.0,5.43,0.0164,1|2|3|4|5|6|7|8|9|10|11|12
UA,SNA,12046,-56.0,1398.0,0.27,0.007,1|2|3|4|5|6|7|8|9|10|11|12
UA,SAT,11204,-50.0,984.0,2.03,0.0173,1|2|3|4|5|6|7|8|9|10|11|12
UA,RSW,11168,-50.0,1240.0,1.91,0.0313,1|2|3|4|5|6|7|8|9|10|11|12
UA,RDU,11124,-58.0,1200.0,4.43,0.0131,1|2|3|4|5|6|7|8|9|10|11|12
UA,MSP,10810,-52.0,718.0,3.9,0.0137,1|2|3|4|5|6|7|8|9|10|11|12
UA,HNL,10054,-85.0,1302.0,-1.48,0.0113,1|2|3|4|5|6|7|8|9|10|11|12
UA,SLC,8142,-48.0,975.0,5.91,0.0162,1|2|3|4|5|6|7|8|9|10|11|12
UA,CLT,8068,-44.0,1131.0,8.96,0.0149,1|2|3|4|5|6|7|8|9|10|11|12
UA,PHL,8062,-72.0,1024.0,0.41,0.0124,1|2|3|4|5|6|7|8|9|10|11|12
UA,SMF,7950,-49.0,958.0,0.11,0.0151,1|2|3|4|5|6|7|8|9|10|11|12
UA,JAX,7578,-42.0,921.0,5.68,0.0143,1|2|3|4|5|6|7|8|9|10|11|12
UA,MCI,7392,-39.0,589.0,1.79,0.0141,1|2|3|4|5|6|7|8|9|10|11|12
UA,BWI,7228,-62.0,1221.0,-0.11,0.018,1|2|3|4|5|6|7|8|9|10|11|12
UA,PBI,7048,-55.0,1220.0,10.18,0.0329,1|2|3|4|5|6|7|8|9|10|11|12
UA,SJU,6166,-56.0,1465.0,9.22,0.0152,1|2|3|4|5|6|7|8|9|10|11|12
UA,STL,6060,-48.0,902.0,11.29,0.0129,1|2|3|4|5|6|7|8|9|10|11|12
UA,PIT,6056,-60.0,1218.0,4.41,0.0096,1|2|3|4|5|6|7|8|9|10|11|12
UA,OMA,5770,-45.0,1145.0,8.0,0.0159,1|2|3|4|5|6|7|8|9|10|11|12
UA,CMH,5350,-42.0,706.0,10.32,0.0146,1|2|3|4|5|6|7|8|9|10|11|12
UA,IND,4726,-52.0,582.0,4.08,0.0186,1|2|3|4|5|6|7|8|9|10|11|12
UA,ORF,4646,-60.0,653.0,3.21,0.0211,1|2|3|4|5|6|7|8|9|10|11|12
UA,DTW,4576,-65.0,1108.0,1.81,0.0109,1|2|3|4|5|6|7|8|9|10|11|12
UA,CHS,4434,-47.0,1011.0,4.76,0.0131,1|2|3|4|5|6|7|8|9|10|11|12
UA,BZN,4412,-49.0,1413.0,7.11,0.0136,1|2|3|4|5|6|7|8|9|10|11|12
UA,RNO,4408,-43.0,1113.0,6.86,0.0123,1|2|3|4|5|6|7|8|9|10|11|12
UA,BDL,4372,-71.0,743.0,1.54,0.0133,1|2|3|4|5|6|7|8|9|10|11|12
UA,SJC,4296,-48.0,1202.0,-4.57,0.0126,1|2|3|4|5|6|7|8|9|10|11|12
UA,CVG,4154,-55.0,1000.0,2.84,0.0101,1|2|3|4|5|6|7|8|9|10|11|12
UA,JAC,4062,-51.0,1144.0,10.88,0.0192,1|2|3|4|5|6|7|8|9|10|11|12
UA,DSM,4012,-49.0,946.0,5.08,0.015,1|2|3|4|5|6|7|8|9|10|11|12
UA,OGG,3728,-76.0,1430.0,-8.28,0.0102,1|2|3|4|5|6|7|8|9|10|11|12
UA,ABQ,3634,-38.0,867.0,-0.32,0.0105,1|2|3|4|5|6|7|8|9|10|11|12
UA,SRQ,3412,-60.0,1200.0,6.24,0.0311,1|2|3|4|5|6|7|8|9|10|11|12
UA,KOA,3214,-83.0,1513.0,-1.49,0.0162,1|2|3|4|5|6|7|8|9|10|11|12
UA,BUR,3178,-40.0,512.0,9.49,0.0157,1|2|3|4|5|6|7|8|9|10|11|12
UA,MEM,3044,-38.0,462.0,3.27,0.0158,1|2|3|4|5|6|7|8|9|10|11|12
UA,MSN,3040,-50.0,1724.0,5.49,0.0132,1|2|3|4|5|6|7|8|9|10|11|12
UA,SBA,3006,-37.0,844.0,10.06,0.0226,1|2|3|4|5|6|7|8|9|10|11|12
UA,EUG,2948,-36.0,1125.0,7.73,0.0176,1|2|3|4|5|6|7|8|9|10|11|12
UA,PSP,2946,-53.0,1047.0,3.89,0.0048,1|2|3|4|5|6|8|9|10|11|12
UA,ONT,2870,-39.0,1122.0,-1.5,0.0084,1|2|3|4|5|6|7|8|9|10|11|12
UA,GRR,2824,-69.0,1207.0,2.82,0.0106,1|2|3|4|5|6|7|8|9|10|11|12
UA,BOI,2734,-40.0,1046.0,2.23,0.0205,1|2|3|4|5|6|7|8|9|10|11|12
UA,SAV,2610,-42.0,1141.0,4.28,0.0153,1|2|3|4|5|6|7|8|9|10|11|12
UA,ANC,2574,-63.0,1346.0,0.67,0.0186,1|2|3|4|5|6|7|8|9|10|11|12
UA,LIH,2490,-65.0,1390.0,-7.25,0.0048,1|2|3|4|5|6|7|8|9|10|11|12
UA,MFR,2376,-39.0,713.0,6.62,0.0101,1|2|3|4|5|6|7|8|9|10|11|12
UA,CID,2294,-37.0,1307.0,6.71,0.0174,1|2|3|4|5|6|7|8|9|10|11|12
UA,BTV,2222,-49.0,965.0,6.55,0.0171,1|2|3|4|5|6|7|8|9|10|11|12
UA,RDM,2184,-40.0,1466.0,19.13,0.0156,1|2|3|4|5|6|7|8|9|10|11|12
UA,TUS,2182,-53.0,1423.0,3.83,0.0092,1|2|3|4|5|8|9|10|11|12
UA,MSO,2076,-49.0,1094.0,5.58,0.0183,1|2|3|4|5|6|7|8|9|10|11|12
UA,RAP,2042,-49.0,271.0,2.79,0.0176,1|2|3|4|5|6|7|8|9|10|11|12
UA,SYR,2016,-70.0,929.0,-0.62,0.0079,1|2|3|4|5|6|7|8|9|10|11|12
UA,ROC,1992,-41.0,960.0,5.63,0.0141,1|2|3|4|5|6|7|8|9|10|11|12
UA,BUF,1988,-46.0,963.0,9.48,0.0211,1|2|3|4|5|6|7|8|9|10|11|12
UA,FCA,1836,-53.0,1013.0,8.43,0.0098,1|2|3|4|5|6|7|8|9|10|11|12
UA,RIC,1816,-46.0,354.0,-2.61,0.011,1|2|3|4|5|6|7|8|9|10|11|12
UA,GEG,1776,-44.0,578.0,-5.07,0.0214,1|2|3|4|5|6|7|8|9|10|11|12
UA,SDF,1688,-56.0,1294.0,4.96,0.0095,1|2|3|4|5|6|7|8|9|10|11|12
UA,MTJ,1688,-51.0,431.0,-0.72,0.013,1|2|3|4|5|6|7|8|9|10|11|12
UA,PWM,1640,-40.0,453.0,3.97,0.0195,1|2|3|4|5|6|7|8|9|10|11|12
UA,STT,1592,-78.0,1237.0,1.08,0.0075,1|2|3|4|5|6|7|8|9|10|11|12
UA,COS,1488,-36.0,564.0,5.15,0.0255,1|2|3|4|5|6|7|8|9|10|11|12
UA,ALB,1488,-48.0,383.0,2.19,0.0121,1|2|3|4|5|6|7|8|9|10|11|12
UA,FSD,1482,-51.0,498.0,0.44,0.0094,1|2|3|4|5|6|7|8|9|10|11|12
UA,EYW,1476,-44.0,320.0,11.64,0.023,1|2|3|4|5|6|7|8|9|10|11|12
UA,BIL,1470,-36.0,363.0,-1.27,0.0068,1|2|3|4|5|6|7|8|9|10|11|12
UA,GUM,1464,-59.0,795.0,-9.86,0.0082,1|2|3|4|5|6|7|8|9|10|11|12
UA,GJT,1450,-44.0,1485.0,-4.08,0.0069,1|2|3|4|5|6|7|8|9|10|11|12
UA,DRO,1450,-47.0,670.0,-3.01,0.011,1|2|3|4|5|6|7|8|9|10|11|12
UA,PNS,1382,-41.0,908.0,-0.1,0.0159,1|2|3|4|5|6|7|8|9|10|11|12
UA,MKE,1334,-48.0,397.0,4.56,0.012,1|2|3|4|5|6|7|8|9|10|11|12
UA,HDN,1206,-59.0,635.0,4.15,0.0133,1|2|3|10|12
UA,ICT,1170,-32.0,812.0,6.16,0.0085,1|2|3|4|5|6|7|8|9|10|11|12
UA,TVC,1168,-46.0,457.0,10.64,0.0137,1|2|3|4|5|6|7|8|9|10|11|12
UA,MFE,1126,-38.0,457.0,-1.97,0.0355,1|2|3|4|5|6|7|8|9|10|11|12
UA,EGE,1020,-45.0,481.0,13.58,0.0157,1|2|3|4|5|6|7|8|9|12
UA,TUL,990,-32.0,438.0,4.91,0.0101,1|2|3|4|5|6|7|8|9|10|11|12
UA,GSP,934,-44.0,479.0,2.97,0.015,1|2|3|4|5|6|7|8|9|10|11|12
UA,MDT,802,-34.0,481.0,4.29,0.01,1|2|3|4|5|6|7|8|9|10|11|12
UA,SPN,732,-32.0,984.0,-4.5,0.0055,1|2|3|4|5|6|7|8|9|10|11|12
UA,BQN,730,-51.0,1108.0,12.85,0.0301,1|2|3|4|5|6|7|8|9|10|11|12
UA,FAT,726,-35.0,675.0,11.8,0.0248,1|5|6|7|8|9|10|11|12
UA,ELP,706,-29.0,204.0,-2.38,0.0057,1|2|3|4|5|8|9|10|11|12
UA,SBP,698,-33.0,502.0,2.22,0.0086,1|2|3|4|5|6|7|8|9|10|11|12
UA,TYS,690,-49.0,275.0,-4.66,0.0087,5|6|7|8|9|10|11|12
UA,MYR,560,-49.0,463.0,0.4,0.0143,3|4|5|6|7|8|9|10|11|12
UA,GTF,512,-38.0,895.0,-2.7,0.0234,5|6|7|8|9|12
UA,XNA,478,-44.0,743.0,5.06,0.0042,5|6|7|8|9|10|11|12
UA,FAI,472,-54.0,979.0,-0.2,0.0169,5|6|7|8|9
UA,AVL,372,-43.0,166.0,6.06,0.0323,5|6|7|8|9|10
UA,FAR,268,-41.0,748.0,14.82,0.0149,8|9|10|11|12
UA,PVD,266,-45.0,817.0,6.82,0.015,6|7|8|9|10|12
UA,MAF,98,-28.0,126.0,-0.13,0.0204,1|2|4|12
UA,OKC,60,-25.0,453.0,17.83,0.0,2|5|6
UA,SBN,50,-34.0,51.0,0.0,0.0,9|10|11|12
UA,BTR,8,-11.0,57.0,24.0,0.0,1|8|9
UA,BHM,8,-21.0,-7.0,-11.5,0.0,1|3|9
WN,DEN,192818,-51.0,515.0,8.95,0.0082,1|2|3|4|5|6|7|8|9|10|11|12
WN,LAS,170532,-59.0,490.0,5.85,0.0052,1|2|3|4|5|6|7|8|9|10|11|12
WN,BWI,146212,-66.0,665.0,8.43,0.0091,1|2|3|4|5|6|7|8|9|10|11|12
WN,MDW,143254,-59.0,523.0,5.73,0.0112,1|2|3|4|5|6|7|8|9|10|11|12
WN,DAL,140178,-49.0,528.0,8.24,0.0109,1|2|3|4|5|6|7|8|9|10|11|12
WN,PHX,132354,-48.0,570.0,5.19,0.0046,1|2|3|4|5|6|7|8|9|10|11|12
WN,HOU,104698,-49.0,601.0,4.82,0.0109,1|2|3|4|5|6|7|8|9|10|11|12
WN,BNA,101778,-66.0,476.0,3.79,0.0084,1|2|3|4|5|6|7|8|9|10|11|12
WN,MCO,89544,-48.0,815.0,9.36,0.0146,1|2|3|4|5|6|7|8|9|10|11|12
WN,STL,82248,-62.0,503.0,5.04,0.0079,1|2|3|4|5|6|7|8|9|10|11|12
WN,AUS,74888,-56.0,517.0,5.62,0.0064,1|2|3|4|5|6|7|8|9|10|11|12
WN,OAK,69298,-60.0,481.0,2.13,0.0052,1|2|3|4|5|6|7|8|9|10|11|12
WN,SAN,68176,-67.0,875.0,8.89,0.0087,1|2|3|4|5|6|7|8|9|10|11|12
WN,ATL,66664,-41.0,547.0,6.57,0.0066,1|2|3|4|5|6|7|8|9|10|11|12
WN,SMF,60576,-56.0,415.0,3.19,0.0051,1|2|3|4|5|6|7|8|9|10|11|12
WN,SJC,57172,-55.0,399.0,1.37,0.0052,1|2|3|4|5|6|7|8|9|10|11|12
WN,LAX,51646,-57.0,422.0,4.37,0.0044,1|2|3|4|5|6|7|8|9|10|11|12
WN,MCI,48122,-50.0,560.0,3.47,0.0089,1|2|3|4|5|6|7|8|9|10|11|12
WN,TPA,48058,-44.0,626.0,7.74,0.0215,1|2|3|4|5|6|7|8|9|10|11|12
WN,MSY,37424,-41.0,486.0,8.53,0.0099,1|2|3|4|5|6|7|8|9|10|11|12
WN,BUR,37256,-44.0,393.0,0.3,0.0099,1|2|3|4|5|6|7|8|9|10|11|12
WN,SAT,32868,-43.0,508.0,3.31,0.0063,1|2|3|4|5|6|7|8|9|10|11|12
WN,LGB,31760,-50.0,391.0,0.61,0.0053,1|2|3|4|5|6|7|8|9|10|11|12
WN,DCA,31442,-61.0,771.0,3.8,0.0112,1|2|3|4|5|6|7|8|9|10|11|12
WN,HNL,29140,-84.0,327.0,-3.82,0.0037,1|2|3|4|5|6|7|8|9|10|11|12
WN,SNA,28918,-39.0,410.0,0.42,0.0067,1|2|3|4|5|6|7|8|9|10|11|12
WN,FLL,28474,-52.0,503.0,10.93,0.0132,1|2|3|4|5|6|7|8|9|10|11|12
WN,SLC,23910,-49.0,457.0,4.85,0.0035,1|2|3|4|5|6|7|8|9|10|11|12
WN,CMH,23750,-64.0,499.0,2.16,0.0096,1|2|3|4|5|6|7|8|9|10|11|12
WN,LGA,23180,-69.0,454.0,2.48,0.0176,1|2|3|4|5|6|7|8|9|10|11|12
WN,ABQ,23160,-41.0,592.0,4.35,0.0053,1|2|3|4|5|6|7|8|9|10|11|12
WN,IND,22646,-58.0,465.0,4.13,0.0094,1|2|3|4|5|6|7|8|9|10|11|12
WN,ONT,22164,-41.0,370.0,0.14,0.0035,1|2|3|4|5|6|7|8|9|10|11|12
WN,PIT,20404,-60.0,457.0,3.56,0.0094,1|2|3|4|5|6|7|8|9|10|11|12
WN,MKE,19230,-52.0,499.0,1.08,0.0101,1|2|3|4|5|6|7|8|9|10|11|12
WN,PDX,19114,-42.0,381.0,2.93,0.0049,1|2|3|4|5|6|7|8|9|10|11|12
WN,RDU,17968,-44.0,442.0,3.35,0.0056,1|2|3|4|5|6|7|8|9|10|11|12
WN,ELP,17788,-38.0,504.0,2.9,0.0054,1|2|3|4|5|6|7|8|9|10|11|12
WN,RNO,17346,-38.0,679.0,2.83,0.0054,1|2|3|4|5|6|7|8|9|10|11|12
WN,SEA,16192,-48.0,535.0,7.21,0.0021,1|2|3|4|5|6|7|8|9|10|11|12
WN,OMA,15680,-45.0,398.0,3.98,0.0103,1|2|3|4|5|6|7|8|9|10|11|12
WN,SFO,14866,-40.0,498.0,14.96,0.0046,1|2|3|4|5|6|7|8|9|10|11|12
WN,RSW,14808,-47.0,521.0,7.58,0.0192,1|2|3|4|5|6|7|8|9|10|11|12
WN,MSP,14580,-57.0,472.0,1.65,0.007,1|2|3|4|5|6|7|8|9|10|11|12
WN,OKC,14526,-42.0,409.0,2.42,0.0061,1|2|3|4|5|6|7|8|9|10|11|12
WN,ORD,13560,-61.0,762.0,2.93,0.0159,1|2|3|4|5|6|7|8|9|10|11|12
WN,OGG,13364,-76.0,209.0,-6.05,0.0051,1|2|3|4|5|6|7|8|9|10|11|12
WN,BOS,13250,-65.0,455.0,3.51,0.0088,1|2|3|4|5|6|7|8|9|10|11|12
WN,MIA,11432,-45.0,573.0,12.2,0.0143,1|2|3|4|5|6|7|8|9|10|11|12
WN,TUL,10970,-40.0,387.0,0.2,0.0051,1|2|3|4|5|6|7|8|9|10|11|12
WN,BUF,10670,-61.0,589.0,2.34,0.0167,1|2|3|4|5|6|7|8|9|10|11|12
WN,SDF,10150,-63.0,488.0,1.12,0.0077,1|2|3|4|5|6|7|8|9|10|11|12
WN,CLE,10062,-59.0,394.0,0.12,0.007,1|2|3|4|5|6|7|8|9|10|11|12
WN,PHL,9976,-50.0,812.0,5.91,0.0064,1|2|3|4|5|6|7|8|9|10|11|12
WN,COS,9810,-41.0,452.0,3.61,0.0063,1|2|3|4|5|6|7|8|9|10|11|12
WN,PVD,9746,-50.0,470.0,1.33,0.0115,1|2|3|4|5|6|7|8|9|10|11|12
WN,JAX,9494,-45.0,593.0,2.71,0.0099,1|2|3|4|5|6|7|8|9|10|11|12
WN,BOI,9482,-38.0,394.0,0.36,0.0027,1|2|3|4|5|6|7|8|9|10|11|12
WN,TUS,8712,-36.0,394.0,2.73,0.0053,1|2|3|4|5|6|7|8|9|10|11|12
WN,BHM,8578,-40.0,520.0,7.41,0.0084,1|2|3|4|5|6|7|8|9|10|11|12
WN,SRQ,8462,-37.0,406.0,5.28,0.0381,1|2|3|4|5|6|7|8|9|10|11|12
WN,BDL,8182,-53.0,462.0,2.79,0.0066,1|2|3|4|5|6|7|8|9|10|11|12
WN,DTW,8132,-61.0,380.0,1.96,0.0066,1|2|3|4|5|6|7|8|9|10|11|12
WN,SJU,7974,-38.0,420.0,7.98,0.007,1|2|3|4|5|6|7|8|9|10|11|12
WN,GEG,7406,-44.0,312.0,0.09,8.0E-4,1|2|3|4|5|6|7|8|9|10|11|12
WN,MAF,7328,-39.0,555.0,3.37,0.0101,1|2|3|4|5|6|7|8|9|10|11|12
WN,MEM,7090,-43.0,575.0,5.94,0.0065,1|2|3|4|5|6|7|8|9|10|11|12
WN,CHS,7062,-38.0,444.0,2.84,0.0062,1|2|3|4|5|6|7|8|9|10|11|12
WN,ALB,7052,-52.0,646.0,3.82,0.0091,1|2|3|4|5|6|7|8|9|10|11|12
WN,KOA,6796,-69.0,473.0,-6.49,0.0047,1|2|3|4|5|6|7|8|9|10|11|12
WN,LIH,6682,-68.0,259.0,-6.91,0.0012,1|2|3|4|5|6|7|8|9|10|11|12
WN,CLT,6586,-37.0,494.0,11.05,0.0033,1|2|3|4|5|6|7|8|9|10|11|12
WN,ORF,6300,-36.0,509.0,4.25,0.0035,1|2|3|4|5|6|7|8|9|10|11|12
WN,ECP,6288,-38.0,624.0,4.21,0.0076,1|2|3|4|5|6|7|8|9|10|11|12
WN,IAH,5734,-45.0,768.0,7.95,0.0164,1|2|3|4|5|6|7|8
WN,ISP,5684,-50.0,521.0,3.18,0.0102,1|2|3|4|5|6|7|8|9|10|11|12
WN,SAV,5650,-54.0,466.0,5.52,0.0064,1|2|3|4|5|6|7|8|9|10|11|12
WN,MHT,5420,-58.0,354.0,-1.09,0.0048,1|2|3|4|5|6|7|8|9|10|11|12
WN,LBB,5258,-40.0,352.0,-0.74,0.008,1|2|3|4|5|6|7|8|9|10|11|12
WN,PSP,5212,-37.0,370.0,1.82,0.0027,1|2|3|4|5|6|7|8|9|10|11|12
WN,PBI,5150,-41.0,458.0,5.34,0.0078,1|2|3|4|5|6|7|8|9|10|11|12
WN,LIT,5128,-39.0,387.0,0.48,0.0027,1|2|3|4|5|6|7|8|9|10|11|12
WN,MYR,4710,-36.0,415.0,1.71,0.0064,1|2|3|4|5|6|7|8|9|10|11|12
WN,PNS,4536,-59.0,490.0,0.21,0.0035,1|2|3|4|5|6|7|8|9|10|11|12
WN,HRL,4524,-33.0,361.0,5.79,0.0057,1|2|3|4|5|6|7|8|9|10|11|12
WN,CVG,4316,-42.0,449.0,3.06,0.006,1|2|3|4|5|6|7|8|9|10|11|12
WN,BZN,4020,-40.0,348.0,1.82,0.0045,1|2|3|4|5|6|7|8|9|10|11|12
WN,RIC,3920,-47.0,395.0,2.85,5.0E-4,1|2|3|4|5|6|7|8|9|10|11|12
WN,GRR,3916,-38.0,510.0,5.42,0.0051,1|2|3|4|5|6|7|8|9|10|11|12
WN,AMA,3874,-41.0,471.0,0.94,0.0052,1|2|3|4|5|6|7|8|9|10|11|12
WN,SBA,3862,-32.0,423.0,1.05,0.014,1|2|3|4|5|6|7|8|9|10|11|12
WN,VPS,3848,-34.0,708.0,2.24,0.0042,1|2|3|4|5|6|7|8|9|10|11|12
WN,ROC,3820,-51.0,566.0,5.88,0.0052,1|2|3|4|5|6|7|8|9|10|11|12
WN,ITO,3658,-28.0,157.0,-5.26,0.0038,1|2|3|4|5|6|7|8|9|10|11|12
WN,DSM,3558,-46.0,549.0,2.13,0.0096,1|2|3|4|5|6|7|8|9|10|11|12
WN,ICT,3542,-48.0,265.0,-4.71,0.0023,1|2|3|4|5|6|7|8|9|10|11|12
WN,JAN,3504,-33.0,582.0,5.78,0.008,1|2|3|4|5|6|7|8|9|10|11|12
WN,EUG,3458,-39.0,433.0,0.41,0.0179,1|2|3|4|5|6|7|8|9|10|11|12
WN,PWM,3066,-45.0,430.0,6.46,0.0085,1|2|3|4|5|6|7|8|9|10|11|12
WN,GSP,2988,-45.0,472.0,0.34,0.0047,1|2|3|4|5|6|7|8|9|10|11|12
WN,FAT,2974,-31.0,328.0,5.5,7.0E-4,1|2|3|4|5|6|7|8|9|10|11|12
WN,CRP,2324,-39.0,599.0,5.33,0.0112,1|2|3|4|5|6|7|8|9|10|11|12
WN,IAD,2276,-56.0,415.0,2.62,0.0026,1|2|3|4|5|6|7|8|9|10|11|12
WN,SYR,1704,-47.0,417.0,4.24,0.0059,1|2|3|4|5|6|7|8
WN,MTJ,1246,-37.0,371.0,4.17,0.0016,1|2|3|4|5|6|7|8|9|10|11|12
WN,BLI,1236,-33.0,277.0,2.16,0.0065,1|2|3|4|5|6|7|8
WN,HDN,1216,-38.0,234.0,4.03,0.0099,1|2|3|4|5|6|7|8|9|10|11|12
YX,LGA,83870,-70.0,979.0,-4.53,0.0232,1|2|3|4|5|6|7|8|9|10|11|12
YX,DCA,54126,-70.0,1121.0,-1.63,0.0143,1|2|3|4|5|6|7|8|9|10|11|12
YX,BOS,53078,-69.0,973.0,-1.54,0.016,1|2|3|4|5|6|7|8|9|10|11|12
YX,EWR,46706,-66.0,1211.0,-3.67,0.0316,1|2|3|4|5|6|7|8|9|10|11|12
YX,JFK,34432,-73.0,1313.0,-2.42,0.0215,1|2|3|4|5|6|7|8|9|10|11|12
YX,ORD,34152,-52.0,1011.0,-1.7,0.0094,1|2|3|4|5|6|7|8|9|10|11|12
YX,IND,25396,-49.0,848.0,-2.6,0.0121,1|2|3|4|5|6|7|8|9|10|11|12
YX,CMH,23034,-51.0,717.0,-4.36,0.0119,1|2|3|4|5|6|7|8|9|10|11|12
YX,PIT,19302,-52.0,1095.0,-5.6,0.013,1|2|3|4|5|6|7|8|9|10|11|12
YX,PHL,17544,-65.0,1127.0,-1.82,0.0184,1|2|3|4|5|6|7|8|9|10|11|12
YX,IAD,16420,-47.0,927.0,-1.43,0.0132,1|2|3|4|5|6|7|8|9|10|11|12
YX,SDF,12506,-56.0,1069.0,-2.67,0.0094,1|2|3|4|5|6|7|8|9|10|11|12
YX,BNA,11402,-47.0,1149.0,0.69,0.0121,1|2|3|4|5|6|7|8|9|10|11|12
YX,RDU,11264,-51.0,1175.0,2.85,0.0146,1|2|3|4|5|6|7|8|9|10|11|12
YX,CVG,11084,-59.0,1057.0,-1.62,0.0168,1|2|3|4|5|6|7|8|9|10|11|12
YX,DTW,9652,-49.0,943.0,-1.53,0.0162,1|2|3|4|5|6|7|8|9|10|11|12
YX,CLE,8832,-48.0,1237.0,-1.17,0.0217,1|2|3|4|5|6|7|8|9|10|11|12
YX,PWM,7150,-53.0,1173.0,-1.23,0.0227,1|2|3|4|5|6|7|8|9|10|11|12
YX,MEM,6018,-52.0,1012.0,-0.17,0.0153,1|2|3|4|5|6|7|8|9|10|11|12
YX,ORF,5594,-54.0,1209.0,1.64,0.0243,1|2|3|4|5|6|7|8|9|10|11|12
YX,BUF,5534,-47.0,1199.0,1.44,0.0361,1|2|3|4|5|6|7|8|9|10|11|12
YX,CLT,5250,-53.0,901.0,3.69,0.013,1|2|3|4|5|6|7|8|9|10|11|12
YX,RIC,4738,-46.0,1028.0,3.6,0.0186,1|2|3|4|5|6|7|8|9|10|11|12
YX,CHS,4538,-43.0,1056.0,-1.04,0.0132,1|2|3|4|5|6|7|8|9|10|11|12
YX,GSP,4252,-55.0,1122.0,-0.45,0.0254,1|2|3|4|5|6|7|8|9|10|11|12
YX,STL,4098,-42.0,1347.0,-1.06,0.0132,1|2|3|4|5|6|7|8|9|10|11|12
YX,GRR,4094,-50.0,561.0,-3.4,0.0205,1|2|3|4|5|6|7|8|9|10|11|12
YX,MKE,3704,-53.0,1128.0,-0.02,0.0265,1|2|3|4|5|6|7|8|9|10|11|12
YX,MCI,3422,-44.0,869.0,1.91,0.0181,1|2|3|4|5|6|7|8|9|10|11|12
YX,BTV,3362,-57.0,1105.0,-5.92,0.022,1|2|3|4|5|6|7|8|9|10|11|12
YX,JAX,3340,-46.0,1245.0,1.32,0.0174,1|2|3|4|5|6|7|8|9|10|11|12
YX,GSO,3242,-47.0,1059.0,1.7,0.0308,1|2|3|4|5|6|7|8|9|10|11|12
YX,SYR,3150,-68.0,475.0,-5.89,0.0171,1|2|3|4|5|6|7|8|9|10|11|12
YX,ILM,2704,-34.0,1328.0,4.87,0.0222,1|2|3|4|5|6|7|8|9|10|11|12
YX,ATL,2460,-38.0,1243.0,6.11,0.0179,1|2|3|4|5|6|7|8|9|10|11|12
YX,MSN,2416,-48.0,554.0,-3.2,0.0099,1|2|3|4|5|6|7|8|9|10|11|12
YX,MSP,2406,-48.0,1079.0,3.65,0.0175,1|2|3|4|5|6|7|8|9|10|11|12
YX,SAV,2316,-44.0,1034.0,0.47,0.0078,1|2|3|4|5|6|7|8|9|10|11|12
YX,AVL,2244,-47.0,1168.0,2.44,0.0446,1|2|3|4|5|6|7|8|9|10|11|12
YX,EYW,2168,-58.0,1168.0,7.48,0.0231,1|2|3|4|5|6|7|8|9|10|11|12
YX,OMA,2084,-44.0,1230.0,0.49,0.0144,1|2|3|4|5|6|7|8|9|10|11|12
YX,BGR,2022,-49.0,1334.0,3.26,0.0465,1|2|3|4|5|6|7|8|9|10|11|12
YX,PVD,2016,-48.0,549.0,-4.51,0.0079,1|2|3|4|5|6|7|8|9|10|11|12
YX,ROC,1988,-49.0,393.0,-3.71,0.0191,1|2|3|4|5|6|7|8|9|10|11|12
YX,OKC,1904,-46.0,862.0,1.81,0.0158,1|2|3|4|5|6|7|8|9|10|11|12
YX,BWI,1872,-48.0,971.0,1.92,0.015,1|2|3|4|5|6|7|8|9|10|11|12
YX,DSM,1856,-37.0,474.0,1.74,0.0162,1|2|3|4|5|6|7|8|9|10|11|12
YX,XNA,1608,-44.0,851.0,-0.08,0.0174,1|2|3|4|5|6|7|8|9|10|11|12
YX,HHH,1514,-41.0,1211.0,12.28,0.0277,2|3|4|5|6|7|8|9|10
YX,LEX,1504,-37.0,416.0,0.42,0.008,1|2|3|4|5|6|7|8|9|10|11|12
YX,TYS,1468,-42.0,996.0,3.7,0.0177,1|2|3|4|5|6|7|8|9|10|11|12
YX,TUL,1380,-42.0,429.0,1.26,0.0188,1|2|3|4|5|6|7|8|9|10|11|12
YX,ACK,1236,-43.0,1245.0,15.26,0.0841,5|6|7|8|9
YX,MIA,1230,-54.0,716.0,4.21,0.0195,1|2|3|4|5|6|7|8|9|10|11|12
YX,MYR,1226,-44.0,1133.0,0.77,0.0375,1|2|3|4|5|6|7|8|9|10|11|12
YX,MSY,1200,-47.0,1117.0,4.52,0.0067,1|2|3|4|5|6|7|8|9|10|11|12
YX,MVY,1068,-34.0,1219.0,15.14,0.0431,5|6|7|8|9
YX,BDL,1024,-50.0,286.0,-8.02,0.0039,1|2|3|4|5|6|8|9|10|11|12
YX,DLH,1002,-39.0,410.0,-4.29,0.004,3|4|5|6|7|8|9|10|11|12
YX,CHO,926,-39.0,487.0,8.96,0.0259,1|2|3|4|5|6|7|8|9|10|11|12
YX,LIT,926,-42.0,200.0,1.13,0.013,1|2|3|4|5|6|7|8|9|10|11|12
YX,TVC,790,-38.0,280.0,8.28,0.0101,1|2|3|6|7|8|9|11|12
YX,BHM,768,-39.0,186.0,-3.87,0.0104,1|2|3|4|5|6|7|8|9|10|11|12
YX,ORH,720,-40.0,226.0,-6.27,0.05,1|2|3|4|5|6|7|8|9|10|11|12
YX,CAE,680,-32.0,1001.0,10.56,0.0471,1|2|3|4|5|6|7|8|9|10|11|12
YX,ALB,660,-42.0,773.0,-2.19,0.0152,1|2|3|4|5|6|9|10|11|12
YX,DAY,638,-33.0,923.0,-2.49,0.0063,1|2|3|4|5|6|9|10|11|12
YX,ROA,626,-32.0,1189.0,20.02,0.0543,1|2|3|4|5|6|7|8|9|10|11|12
YX,MDT,566,-49.0,139.0,-12.39,0.0106,1|2|3|4|5|9|10
YX,HSV,458,-42.0,194.0,0.41,0.0175,1|2|3|4|5|8|9|10|11|12
YX,SRQ,434,-42.0,597.0,12.92,0.0369,1|2|3|4|5|6|7|8|9|10|11|12
YX,GRB,358,-31.0,304.0,1.08,0.0112,1|2|3|4|5|6|7|8|9
YX,HYA,328,-21.0,377.0,18.71,0.0122,6|7|8|9
YX,CID,308,-34.0,264.0,-4.86,0.0519,1|2|3|4|5|6|8|11|12
YX,CHA,296,-38.0,316.0,1.84,0.0,10|11|12
YX,AUS,242,-38.0,111.0,-3.23,0.0,1|2|3|4|5|8|9|10|11|12
YX,RSW,182,-41.0,881.0,11.13,0.0,1|2|11|12
YX,PNS,170,-37.0,922.0,21.12,0.0235,4|5|6|7|8|9|10|11
YX,ITH,166,-39.0,279.0,-6.88,0.0361,5|6|8
YX,VPS,156,-32.0,111.0,-9.87,0.0,2|3|5|6|7|11|12
YX,MHT,132,-46.0,191.0,-1.38,0.0152,1|2|3|5|11|12
YX,SBN,130,-34.0,298.0,12.81,0.0154,9|10|11|12
YX,HPN,118,-31.0,275.0,1.05,0.0,1|3|4|5
YX,FSD,112,-35.0,333.0,-0.09,0.0,2|3|12
YX,IAH,110,-43.0,1145.0,34.69,0.0,1|4|5|9|10|11|12
YX,DFW,88,-42.0,1033.0,26.28,0.0227,1|2|3|4|5|6|7|8|9|10|12
YX,TLH,84,-22.0,364.0,19.58,0.0476,2|3|8|9|10
YX,LNK,74,-26.0,261.0,4.39,0.027,8
YX,ELP,62,-36.0,198.0,-3.38,0.0645,12
YX,AGS,60,-36.0,129.0,-0.73,0.0,4
YX,ECP,48,-19.0,142.0,16.17,0.0,3|5|6|7|8
YX,TPA,48,-33.0,71.0,4.21,0.0,1|2|4|5|11|12
YX,PBI,32,-29.0,9.0,-6.88,0.0,1|2|5|12
YX,RST,28,-24.0,14.0,-7.36,0.0,12
YX,SAT,22,-37.0,78.0,-1.45,0.0,12
YX,SCE,16,-43.0,65.0,-1.63,0.0,1|11|12
