compagnia,aeroporto_partenza,numero_voli,ritardo_min_arrivo,ritardo_max_arrivo,ritardo_medio_arrivo,tasso_cancellazione,mesi_operativi
9E,LGA,32011,-69.0,1100.0,-3.05,0.035,1|2|3|4|5|6|7|8|9|10|11|12
9E,ATL,26798,-43.0,1207.0,2.46,0.0109,1|2|3|4|5|6|7|8|9|10|11|12
9E,JFK,17108,-60.0,1082.0,1.1,0.0345,1|2|3|4|5|6|7|8|9|10|11|12
9E,DTW,12712,-46.0,941.0,0.18,0.0093,1|2|3|4|5|6|7|8|9|10|11|12
9E,MSP,7540,-50.0,893.0,3.14,0.0081,1|2|3|4|5|6|7|8|9|10|11|12
9E,CVG,6605,-56.0,1035.0,2.07,0.0174,1|2|3|4|5|6|7|8|9|10|11|12
9E,RDU,6425,-47.0,1018.0,8.06,0.0297,1|2|3|4|5|6|7|8|9|10|11|12
9E,CLT,3133,-53.0,1027.0,9.04,0.0393,1|2|3|4|5|6|7|8|9|10|11|12
9E,TYS,2909,-49.0,781.0,-4.82,0.0172,1|2|3|4|5|6|7|8|9|10|11|12
9E,ROC,2683,-49.0,1184.0,1.37,0.0335,1|2|3|4|5|6|7|8|9|10|11|12
9E,DSM,2592,-42.0,1272.0,0.87,0.0174,1|2|3|4|5|6|7|8|9|10|11|12
9E,CLE,2480,-48.0,1132.0,5.67,0.0278,1|2|3|4|5|6|7|8|9|10|11|12
9E,IND,2410,-48.0,1086.0,-1.08,0.0228,1|2|3|4|5|6|7|8|9|10|11|12
9E,ORF,2193,-43.0,1024.0,6.57,0.0274,1|2|3|4|5|6|7|8|9|10|11|12
9E,RIC,2033,-46.0,1101.0,7.08,0.032,1|2|3|4|5|6|7|8|9|10|11|12
9E,DCA,2016,-44.0,1036.0,8.48,0.0193,1|2|3|4|5|6|7|8|9|10|11|12
9E,SYR,2005,-56.0,677.0,-3.64,0.0249,1|2|3|4|5|6|7|8|9|10|11|12
9E,CHS,1984,-46.0,849.0,3.8,0.0428,1|2|3|4|5|6|7|8|9|10|11|12
9E,XNA,1950,-44.0,894.0,0.3,0.0062,1|2|3|4|5|6|7|8|9|10|11|12
9E,BUF,1921,-49.0,996.0,0.6,0.0302,1|2|3|4|5|6|7|8|9|10|11|12
9E,SAV,1856,-46.0,1159.0,5.9,0.0377,1|2|3|4|5|6|7|8|9|10|11|12
9E,PIT,1798,-50.0,1011.0,7.28,0.0273,1|2|3|4|5|6|7|8|9|10|11|12
9E,CHO,1784,-43.0,1063.0,2.28,0.0269,1|2|3|4|5|6|7|8|9|10|11|12
9E,BTV,1782,-48.0,916.0,1.7,0.0281,1|2|3|4|5|6|7|8|9|10|11|12
9E,EWR,1629,-50.0,1110.0,18.86,0.0387,1|2|3|4|5|6|7|8|9|10|11|12
9E,AGS,1602,-36.0,1091.0,6.97,0.0206,1|2|3|4|5|6|7|8|9|10|11|12
9E,GSO,1553,-46.0,879.0,-2.87,0.0277,1|2|3|4|5|6|7|8|9|10|11|12
9E,CHA,1533,-41.0,1088.0,2.92,0.0065,1|2|3|4|5|6|7|8|9|10|11|12
9E,STL,1475,-42.0,836.0,-2.73,0.0353,1|2|3|4|5|6|7|8|9|10|11|12
9E,GSP,1378,-43.0,829.0,-0.08,0.0218,1|2|3|4|5|6|7|8|9|10|11|12
9E,ILM,1310,-39.0,829.0,1.54,0.0214,1|2|3|4|5|6|7|8|9|10|11|12
9E,BGR,1258,-47.0,459.0,-6.18,0.0405,1|2|3|4|5|6|7|8|9|10|11|12
9E,CAE,1252,-37.0,542.0,1.16,0.0192,1|2|3|4|5|6|7|8|9|10|11|12
9E,MCI,1226,-42.0,1047.0,6.55,0.0424,1|2|3|4|5|6|7|8|9|10|11|12
9E,BNA,1186,-43.0,1214.0,17.46,0.0379,1|2|3|4|5|6|7|8|9|10|11|12
9E,SHV,1170,-37.0,667.0,-1.61,0.0162,1|2|3|4|5|6|7|8|9|10|11|12
9E,TRI,1131,-41.0,685.0,-4.31,0.0071,1|2|3|4|5|6|7|8|9|10|11|12
9E,BHM,1113,-50.0,730.0,-0.67,0.035,1|2|3|4|5|6|7|8|9|10|11|12
9E,ALB,1088,-51.0,394.0,-4.39,0.0193,1|2|3|4|5|6|7|8|9|10|11|12
9E,MEM,1059,-39.0,1305.0,0.3,0.0264,1|2|3|4|5|6|7|8|9|10|11|12
9E,ABE,1015,-47.0,575.0,0.67,0.0138,1|2|3|4|5|6|7|8|9|10|11|12
9E,HPN,955,-45.0,899.0,1.15,0.0147,1|2|3|4|5|6|7|8|9|10|11|12
9E,ROA,955,-41.0,830.0,3.75,0.0188,1|2|3|4|5|6|7|8|9|10|11|12
9E,GRR,935,-42.0,390.0,-2.34,0.0406,1|2|3|4|5|6|7|8|9|10|11|12
9E,MGM,921,-35.0,1132.0,4.9,0.0065,1|2|3|4|5|6|7|8|9|10|11|12
9E,JAX,907,-52.0,1147.0,-0.2,0.0276,1|2|3|4|5|6|7|8|9|10|11|12
9E,MKE,903,-45.0,1114.0,7.81,0.0244,1|2|3|4|5|6|7|8|9|10|11|12
9E,PWM,893,-44.0,1269.0,13.94,0.0426,1|2|3|4|5|6|7|8|9|10|11|12
9E,AEX,877,-34.0,979.0,9.61,0.0103,1|2|3|4|5|6|7|8|9|10|11|12
9E,MLU,869,-42.0,885.0,7.12,0.0081,1|2|3|4|5|6|7|8|9|10|11|12
9E,LFT,797,-42.0,1171.0,0.74,0.0125,1|2|3|4|5|6|7|8|9|10|11|12
9E,MOB,769,-33.0,1136.0,-0.21,0.0091,1|2|3|4|5|6|7|8|9|10|11|12
9E,MSN,751,-58.0,712.0,-0.3,0.0226,1|2|3|4|5|6|7|8|9|10|11|12
9E,PVD,744,-40.0,1135.0,4.15,0.0228,1|2|3|4|5|6|7|8|9|10|11|12
9E,CWA,731,-44.0,386.0,-2.9,0.0082,1|2|3|4|5|6|7|8|9|10|11|12
9E,GTR,729,-38.0,381.0,-3.9,0.011,1|2|3|4|5|6|7|8|9|10|11|12
9E,BMI,729,-38.0,567.0,0.36,0.0123,1|2|3|4|5|6|7|8|9|10|11|12
9E,ITH,727,-55.0,1074.0,-3.83,0.0289,1|2|3|4|5|6|7|8|9|10|11|12
9E,MLI,722,-36.0,477.0,2.49,0.0208,1|2|3|4|5|6|7|8|9|10|11|12
9E,VLD,720,-34.0,405.0,3.89,0.0236,1|2|3|4|5|6|7|8|9|10|11|12
9E,EVV,701,-40.0,422.0,-4.27,0.01,1|2|3|6|7|8|9|10|11|12
9E,AVL,672,-43.0,949.0,1.92,0.0208,1|2|3|4|5|6|7|8|9|10|11|12
9E,SGF,634,-40.0,339.0,0.72,0.0047,1|2|3|4|5|7|8|9|10|11|12
9E,TLH,626,-37.0,1143.0,8.5,0.024,1|2|3|4|5|6|7|8|9|10|11|12
9E,CSG,595,-37.0,1247.0,3.69,0.0303,1|2|3|4|5|6|7|8|9|10|11|12
9E,HSV,590,-32.0,989.0,2.61,0.0153,1|2|3|4|5|6|7|8|10|11|12
9E,OAJ,548,-39.0,1157.0,0.57,0.0,1|2|3|4|5|6|7|8|9|10|11|12
9E,MYR,545,-42.0,1011.0,-1.78,0.0239,1|2|3|4|5|6|7|8|9|10|11|12
9E,DHN,535,-41.0,937.0,3.57,0.0056,1|2|3|4|5|6|9|10|11|12
9E,BWI,500,-45.0,494.0,10.34,0.056,1|2|3|4|5|6|7|8|9|10
9E,BTR,499,-34.0,1015.0,5.55,0.018,1|2|3|5|6|7|8|9|10|11|12
9E,OMA,496,-39.0,779.0,5.02,0.0302,1|2|3|4|5|6|7|8|9|10|11|12
9E,DAY,481,-38.0,558.0,-2.41,0.0229,1|2|3|4|5|6|7|8|9|10|11|12
9E,IAD,388,-55.0,382.0,-5.31,0.0026,1|2|3|4|9|10|11|12
9E,AUS,379,-35.0,1225.0,14.15,0.0053,1|2|3|4|5|6|7|11
9E,BGM,366,-50.0,1051.0,7.27,0.0328,1|2|3|4|5|6|7|8|9|10|11|12
9E,BDL,366,-31.0,303.0,1.55,0.0301,1|2|3|4|5|6|7|8|9|10|12
9E,FSD,354,-48.0,412.0,5.62,0.0085,1|2|3|4|5|6|7|8|9|10|11|12
9E,FAY,349,-32.0,949.0,8.37,0.0,1|2|3|4|5|6|9|10|11|12
9E,ORH,299,-40.0,1027.0,10.19,0.0502,1|2|3|4|5|6|7|8|9|10|11|12
9E,MDT,288,-50.0,391.0,-2.32,0.0104,1|2|3|4|5|6|11|12
9E,LIT,284,-39.0,457.0,8.23,0.0141,1|2|3|4|6|7|8|9|10|11|12
9E,PNS,264,-43.0,1089.0,16.91,0.0114,1|2|3|4|5|6|7|8|9|11|12
9E,TUL,260,-44.0,156.0,-1.43,0.0,1|2|3|4|5|6|9|10|11|12
9E,CMH,251,-40.0,344.0,1.48,0.004,1|3|4|5|6|8|9|10|11|12
9E,JAN,248,-30.0,894.0,3.44,0.004,1|2|9|10|11|12
9E,RST,244,-35.0,865.0,8.85,0.0205,1|2|3|4|6|7|8|9|10|12
9E,TVC,240,-37.0,1144.0,6.03,0.0083,1|4|5|6|7|8|9|10|11
9E,FWA,233,-54.0,351.0,-2.94,0.0343,1|2|3|11
9E,FAR,224,-36.0,267.0,-2.27,0.0045,1|2|3|4|5|6|7|8|9|10|11
9E,LEX,215,-38.0,181.0,-1.7,0.0,1|2|3|4|5|11|12
9E,RAP,195,-37.0,951.0,10.47,0.0,6|7|8|11|12
9E,DLH,189,-27.0,241.0,8.02,0.0106,4|5|6|7|8|9
9E,CRW,180,-36.0,149.0,-6.53,0.0,1|3|4|9|10|11|12
9E,ATW,175,-34.0,420.0,9.39,0.0,1|4|5|6|7|8|9|10
9E,SDF,173,-36.0,518.0,9.88,0.0231,1|2|4|5|6|7|8|9|10|12
9E,ICT,168,-34.0,204.0,1.93,0.0,1|2|3|11|12
9E,CID,160,-35.0,129.0,-2.62,0.0,1|4|5|9|10|11
9E,EYW,159,-27.0,561.0,21.96,0.0189,1|2|3|4|5|12
9E,PHL,150,-37.0,371.0,-2.3,0.0,1|2|3|11|12
9E,LAN,146,-32.0,280.0,0.34,0.0205,1|2|3|7|8|9|10
9E,BQK,142,-31.0,508.0,8.09,0.0,3|4|6|7|11|12
9E,GNV,122,-42.0,322.0,1.05,0.0082,1|3|4|6|7|8|11|12
9E,MQT,120,-45.0,87.0,-14.38,0.025,1|2|3|5|6
9E,MBS,96,-27.0,103.0,-4.93,0.0,4|5|6|7|8
9E,GFK,86,-45.0,478.0,10.98,0.0,1|2|3|9|12
9E,ORD,79,-26.0,266.0,10.86,0.0127,1|3|4|6|7|10|11
9E,GRB,73,-42.0,331.0,-10.49,0.0,1|4|5|10
9E,GPT,55,-34.0,221.0,-1.07,0.0,1|4|11|12
9E,ABY,38,-32.0,321.0,4.37,0.0,1|2|3|11|12
9E,ECP,24,-22.0,262.0,35.21,0.0,1
9E,FLL,22,-21.0,89.0,13.86,0.0,1|12
9E,VPS,21,-9.0,102.0,23.5,0.0476,1|2|3|9|10
9E,RSW,19,-28.0,78.0,5.32,0.0,1|12
9E,MIA,15,-23.0,99.0,35.53,0.0,1|12
9E,AZO,14,-22.0,71.0,-2.93,0.0,1
9E,SBN,11,-31.0,-9.0,-16.45,0.0,1|9|10|11|12
9E,BIS,10,-17.0,102.0,16.0,0.0,7|8|9
9E,BOS,8,-38.0,23.0,-17.86,0.125,1
9E,TPA,8,-3.0,296.0,87.62,0.0,12
9E,OKC,4,-12.0,171.0,39.0,0.0,10|11
9E,DFW,2,127.0,133.0,130.0,0.0,12
9E,MSY,2,-42.0,-13.0,-27.5,0.0,1
AA,DFW,165866,-63.0,2114.0,19.29,0.0199,1|2|3|4|5|6|7|8|9|10|11|12
AA,CLT,126178,-65.0,1637.0,17.11,0.0134,1|2|3|4|5|6|7|8|9|10|11|12
AA,MIA,59680,-68.0,1816.0,17.41,0.0168,1|2|3|4|5|6|7|8|9|10|11|12
AA,PHX,55063,-88.0,1479.0,8.34,0.0055,1|2|3|4|5|6|7|8|9|10|11|12
AA,ORD,51818,-71.0,2418.0,16.99,0.0111,1|2|3|4|5|6|7|8|9|10|11|12
AA,PHL,45472,-67.0,2189.0,11.19,0.0168,1|2|3|4|5|6|7|8|9|10|11|12
AA,LAX,30300,-64.0,2627.0,9.76,0.0067,1|2|3|4|5|6|7|8|9|10|11|12
AA,DCA,27398,-82.0,1964.0,9.64,0.0156,1|2|3|4|5|6|7|8|9|10|11|12
AA,MCO,17986,-48.0,1399.0,14.95,0.0192,1|2|3|4|5|6|7|8|9|10|11|12
AA,BOS,17126,-77.0,2251.0,4.68,0.0137,1|2|3|4|5|6|7|8|9|10|11|12
AA,LGA,16619,-66.0,1887.0,8.7,0.0231,1|2|3|4|5|6|7|8|9|10|11|12
AA,JFK,14461,-89.0,1707.0,0.72,0.0113,1|2|3|4|5|6|7|8|9|10|11|12
AA,LAS,13940,-55.0,3023.0,12.32,0.0107,1|2|3|4|5|6|7|8|9|10|11|12
AA,AUS,13839,-47.0,3803.0,19.5,0.0149,1|2|3|4|5|6|7|8|9|10|11|12
AA,TPA,12719,-47.0,1682.0,15.9,0.028,1|2|3|4|5|6|7|8|9|10|11|12
AA,RDU,11317,-60.0,2432.0,14.56,0.017,1|2|3|4|5|6|7|8|9|10|11|12
AA,SFO,10710,-67.0,2972.0,15.84,0.0096,1|2|3|4|5|6|7|8|9|10|11|12
AA,SAN,9173,-52.0,3354.0,13.74,0.0119,1|2|3|4|5|6|7|8|9|10|11|12
AA,DEN,8410,-62.0,2012.0,13.93,0.0163,1|2|3|4|5|6|7|8|9|10|11|12
AA,BNA,8401,-44.0,2989.0,21.61,0.0215,1|2|3|4|5|6|7|8|9|10|11|12
AA,SAT,8002,-44.0,2100.0,14.87,0.018,1|2|3|4|5|6|7|8|9|10|11|12
AA,ATL,7696,-53.0,2390.0,18.26,0.0173,1|2|3|4|5|6|7|8|9|10|11|12
AA,JAX,7350,-55.0,1877.0,15.55,0.0189,1|2|3|4|5|6|7|8|9|10|11|12
AA,STL,7106,-48.0,2334.0,15.29,0.0159,1|2|3|4|5|6|7|8|9|10|11|12
AA,IAH,7072,-56.0,3136.0,19.77,0.028,1|2|3|4|5|6|7|8|9|10|11|12
AA,EWR,6796,-67.0,1606.0,13.54,0.0244,1|2|3|4|5|6|7|8|9|10|11|12
AA,MSY,6749,-41.0,2185.0,19.21,0.016,1|2|3|4|5|6|7|8|9|10|11|12
AA,IND,6689,-57.0,2554.0,11.68,0.0121,1|2|3|4|5|6|7|8|9|10|11|12
AA,SNA,6545,-63.0,2062.0,10.11,0.0121,1|2|3|4|5|6|7|8|9|10|11|12
AA,FLL,6500,-46.0,1940.0,18.85,0.0191,1|2|3|4|5|6|7|8|9|10|11|12
AA,PIT,6311,-71.0,2779.0,13.17,0.0128,1|2|3|4|5|6|7|8|9|10|11|12
AA,PBI,5995,-48.0,2093.0,20.05,0.018,1|2|3|4|5|6|7|8|9|10|11|12
AA,DTW,5847,-63.0,2236.0,9.98,0.018,1|2|3|4|5|6|7|8|9|10|11|12
AA,MCI,5798,-56.0,1762.0,15.27,0.0138,1|2|3|4|5|6|7|8|9|10|11|12
AA,SEA,5568,-54.0,3359.0,10.63,0.0154,1|2|3|4|5|6|7|8|9|10|11|12
AA,RSW,5409,-39.0,1742.0,16.44,0.0233,1|2|3|4|5|6|7|8|9|10|11|12
AA,CHS,4878,-43.0,1991.0,14.68,0.0185,1|2|3|4|5|6|7|8|9|10|11|12
AA,MSP,4680,-59.0,2008.0,10.35,0.0137,1|2|3|4|5|6|7|8|9|10|11|12
AA,CLE,4653,-62.0,1626.0,9.98,0.0193,1|2|3|4|5|6|7|8|9|10|11|12
AA,MEM,4307,-45.0,2223.0,15.7,0.0172,1|2|3|4|5|6|7|8|9|10|11|12
AA,BDL,3967,-57.0,1388.0,10.07,0.0164,1|2|3|4|5|6|7|8|9|10|11|12
AA,SJU,3951,-47.0,3020.0,23.26,0.0043,1|2|3|4|5|6|7|8|9|10|11|12
AA,SLC,3841,-55.0,2071.0,13.1,0.0148,1|2|3|4|5|6|7|8|9|10|11|12
AA,PDX,3781,-49.0,3007.0,12.33,0.0148,1|2|3|4|5|6|7|8|9|10|11|12
AA,BWI,3768,-70.0,1866.0,10.75,0.0175,1|2|3|4|5|6|7|8|9|10|11|12
AA,RIC,3739,-48.0,1250.0,14.25,0.0158,1|2|3|4|5|6|7|8|9|10|11|12
AA,CMH,3520,-65.0,3143.0,16.18,0.0165,1|2|3|4|5|6|7|8|9|10|11|12
AA,SMF,3511,-60.0,3241.0,12.14,0.0159,1|2|3|4|5|6|7|8|9|10|11|12
AA,ONT,3420,-48.0,1482.0,9.34,0.0117,1|2|3|4|5|6|7|8|9|10|11|12
AA,CVG,3333,-55.0,1792.0,14.63,0.0189,1|2|3|4|5|6|7|8|9|10|11|12
AA,TUS,3281,-41.0,1693.0,11.56,0.0171,1|2|3|4|5|6|7|8|9|10|11|12
AA,OMA,3161,-53.0,1619.0,12.83,0.013,1|2|3|4|5|6|7|8|9|10|11|12
AA,ABQ,3008,-44.0,2574.0,17.2,0.0209,1|2|3|4|5|6|7|8|9|10|11|12
AA,ORF,2868,-56.0,2427.0,15.74,0.0202,1|2|3|4|5|6|7|8|9|10|11|12
AA,ELP,2750,-35.0,1771.0,14.85,0.0171,1|2|3|4|5|6|7|8|9|10|11|12
AA,MKE,2705,-44.0,2282.0,20.22,0.017,1|2|3|4|5|6|7|8|9|10|11|12
AA,OKC,2701,-37.0,2161.0,16.41,0.0185,1|2|3|4|5|6|7|8|9|10|11|12
AA,SRQ,2623,-42.0,1630.0,19.32,0.0324,1|2|3|4|5|6|7|8|9|10|11|12
AA,SDF,2576,-43.0,2549.0,22.58,0.0202,1|2|3|4|5|6|7|8|9|10|11|12
AA,GRR,2522,-62.0,3208.0,15.53,0.0123,1|2|3|4|5|6|7|8|9|10|11|12
AA,DSM,2492,-69.0,2833.0,24.76,0.0169,1|2|3|4|5|6|7|8|9|10|11|12
AA,TUL,2433,-37.0,2009.0,19.19,0.0226,1|2|3|4|5|6|7|8|9|10|11|12
AA,RNO,2403,-54.0,1493.0,13.6,0.0125,1|2|3|4|5|6|7|8|9|10|11|12
AA,HNL,2254,-78.0,2270.0,-6.2,0.0004,1|2|3|4|5|6|7|8|9|10|11|12
AA,PVD,2205,-37.0,1419.0,11.79,0.0091,1|2|3|4|5|6|7|8|9|10|11|12
AA,BUF,2178,-53.0,1613.0,15.07,0.0138,1|2|3|4|5|6|7|8|9|10|11|12
AA,MSN,2067,-62.0,2709.0,24.21,0.0121,1|2|3|4|5|6|7|8|9|10|11|12
AA,FAT,2045,-42.0,1888.0,16.96,0.0142,1|2|3|4|5|6|7|8|9|10|11|12
AA,STT,1991,-53.0,2346.0,26.77,0.009,1|2|3|4|5|6|7|8|9|10|11|12
AA,SAV,1898,-41.0,1884.0,21.27,0.0253,1|2|3|4|5|6|7|8|9|10|11|12
AA,VPS,1875,-43.0,2868.0,28.16,0.0144,1|2|3|4|5|6|7|8|9|10|11|12
AA,MFE,1814,-37.0,1399.0,19.06,0.0226,1|2|3|4|5|6|7|8|9|10|11|12
AA,PSP,1783,-46.0,1308.0,10.65,0.0123,1|2|3|4|5|6|7|8|9|10|11|12
AA,PNS,1776,-35.0,1526.0,33.62,0.0248,1|2|3|4|5|6|7|8|9|10|11|12
AA,PWM,1766,-49.0,2901.0,20.83,0.0215,1|2|3|4|5|6|7|8|9|10|11|12
AA,EYW,1731,-40.0,2685.0,41.08,0.0295,1|2|3|4|5|6|7|8|9|10|11|12
AA,SYR,1672,-65.0,2710.0,12.47,0.0114,1|2|3|4|5|6|7|8|9|10|11|12
AA,TYS,1512,-58.0,2884.0,17.53,0.0231,1|2|3|4|5|6|7|8|9|10|11|12
AA,ILM,1487,-39.0,1612.0,12.38,0.0215,1|2|3|4|5|6|7|8|9|10|11|12
AA,SJC,1448,-45.0,1645.0,9.3,0.0104,1|2|3|4|5|6|7|8|9|10|11|12
AA,ALB,1445,-80.0,1487.0,13.84,0.0083,1|2|3|4|5|6|7|8|9|10|11|12
AA,GEG,1434,-54.0,2168.0,17.59,0.0084,1|2|3|4|5|6|7|8|9|10|11|12
AA,GSP,1340,-48.0,1578.0,19.57,0.0246,1|2|3|4|5|6|7|8|9|10|11|12
AA,EGE,1326,-55.0,1521.0,36.55,0.0136,1|2|3|4|5|6|7|8|9|10|11|12
AA,GSO,1323,-60.0,1753.0,23.23,0.0272,1|2|3|4|5|6|7|8|9|10|11|12
AA,XNA,1282,-29.0,2307.0,25.17,0.0109,1|2|3|4|5|6|7|8|9|10|11|12
AA,OGG,1257,-70.0,1712.0,-1.36,0.004,1|2|3|4|5|6|7|8|9|10|11|12
AA,CID,1253,-47.0,2070.0,29.4,0.0319,1|2|3|4|5|6|7|8|9|10|11|12
AA,BUR,1229,-45.0,2230.0,15.09,0.0098,1|2|3|4|5|6|7|8|9|10|11|12
AA,MYR,1169,-38.0,893.0,11.1,0.0197,1|2|3|4|5|6|7|8|9|10|11|12
AA,COS,1076,-43.0,1478.0,17.72,0.0251,1|2|3|4|5|6|7|8|9|10|11|12
AA,LEX,1065,-43.0,1679.0,25.62,0.0254,1|2|3|4|5|6|7|8|9|10|11|12
AA,MDT,1055,-54.0,1449.0,16.91,0.0114,1|2|3|4|5|6|7|8|9|10|11|12
AA,JAC,1044,-48.0,2700.0,49.31,0.0115,1|2|3|4|5|6|7|8|9|10|11|12
AA,SBA,1028,-43.0,1418.0,16.65,0.0136,1|2|3|4|5|6|7|8|9|10|11|12
AA,BFL,918,-40.0,1106.0,7.59,0.0109,1|2|3|4|5|6|7|8|9|10|11|12
AA,BZN,909,-47.0,1767.0,30.7,0.0033,1|2|3|4|5|6|7|8|9|10|11|12
AA,BOI,901,-45.0,727.0,6.85,0.0144,1|2|3|4|5|6|7|8|9|10|11|12
AA,ROC,868,-38.0,1112.0,18.25,0.0161,1|2|3|4|5|6|7|8|9|10|11|12
AA,AVP,825,-40.0,1141.0,13.48,0.0109,1|2|3|4|5|6|7|8|9|10|11|12
AA,SBP,799,-41.0,1256.0,24.12,0.0038,1|2|3|4|5|6|7|8|9|10|11|12
AA,EUG,770,-38.0,1713.0,18.46,0.0169,1|2|3|4|5|6|7|8|9|10|11|12
AA,LIT,759,-29.0,2579.0,28.66,0.0184,1|2|3|4|5|6|7|8|9|10|11|12
AA,STX,752,-39.0,2899.0,33.93,0.0066,1|2|3|4|5|6|7|8|9|10|11|12
AA,KOA,751,-76.0,1535.0,8.13,0.0,1|2|3|4|5|6|7|8|9|10|11|12
AA,LIH,749,-73.0,1284.0,0.57,0.0,1|2|3|4|5|6|7|8|9|10|11|12
AA,IAD,739,-49.0,2147.0,9.57,0.0162,1|2|3|4|5|6|7|8|9|10|11|12
AA,BTV,713,-39.0,1556.0,12.9,0.0126,1|2|3|4|5|6|7|8|9|10|11|12
AA,ECP,705,-32.0,2218.0,36.47,0.0199,1|2|3|4|5|6|7|8|9|10|11|12
AA,CAE,696,-38.0,1892.0,25.73,0.0302,1|2|3|4|5|6|7|8|9|10|11|12
AA,FSD,652,-46.0,1539.0,16.82,0.0138,1|2|3|4|5|6|7|8|9|10|11|12
AA,MRY,646,-48.0,1530.0,24.89,0.0139,1|2|3|4|5|6|7|8|9|10|11|12
AA,BGR,606,-37.0,1304.0,24.93,0.0198,6|7|8|9|10|11
AA,ICT,560,-32.0,1230.0,26.81,0.0286,1|2|3|4|5|6|7|8|9|10|11|12
AA,MTJ,504,-31.0,1396.0,20.85,0.002,1|2|3|4|6|7|8|9|10|11|12
AA,ANC,498,-52.0,2236.0,23.16,0.004,1|3|4|5|6|7|8|9|10|11|12
AA,AVL,484,-39.0,2597.0,46.54,0.0537,1|2|4|5|6|7|8|9|10|11|12
AA,LBB,424,-37.0,1787.0,28.55,0.0259,1|2|3|4|5|6|7|10|11|12
AA,BHM,390,-29.0,2577.0,37.52,0.0154,1|2|5|6|9|10|11|12
AA,FCA,383,-43.0,1672.0,23.76,0.0052,6|7|8|9|10|11
AA,DAB,315,-27.0,402.0,6.98,0.0095,1|2|3|4|5|6
AA,MSO,232,-38.0,926.0,11.29,0.0043,1|6|7|8|9|10|11|12
AA,AMA,205,-31.0,977.0,21.82,0.0244,1|2|10|11|12
AA,HDN,183,-33.0,1561.0,49.46,0.0055,1|2|3|4|12
AA,STS,180,-30.0,1590.0,55.51,0.0056,5|6|7|8|9|10|11
AA,RAP,132,-31.0,1508.0,48.29,0.0152,6|7|8|9|10
AA,RDM,130,-31.0,1380.0,87.43,0.0154,5|6|7|8|9|10
AA,GUC,124,-36.0,1205.0,35.98,0.0161,1|2|3|4|12
AA,MHT,119,-31.0,1331.0,18.61,0.0,4|5|6
AA,TVC,91,-24.0,1139.0,62.25,0.0,6|7|8|9
AA,AGS,23,-20.0,179.0,34.35,0.0,4
AA,HSV,13,-29.0,85.0,15.38,0.0,11|12
AA,DRO,9,-16.0,137.0,36.56,0.0,6|7|8
AA,SBN,2,-37.0,7.0,-15.0,0.0,11
AS,SEA,77926,-70.0,540.0,6.1,0.0154,1|2|3|4|5|6|7|8|9|10|11|12
AS,PDX,16933,-60.0,450.0,3.61,0.0209,1|2|3|4|5|6|7|8|9|10|11|12
AS,ANC,14242,-65.0,499.0,0.99,0.0164,1|2|3|4|5|6|7|8|9|10|11|12
AS,SFO,11466,-65.0,850.0,6.8,0.0259,1|2|3|4|5|6|7|8|9|10|11|12
AS,SAN,10256,-58.0,899.0,7.43,0.027,1|2|3|4|5|6|7|8|9|10|11|12
AS,LAX,9259,-64.0,558.0,1.48,0.0188,1|2|3|4|5|6|7|8|9|10|11|12
AS,LAS,5430,-61.0,603.0,8.96,0.0221,1|2|3|4|5|6|7|8|9|10|11|12
AS,PHX,5009,-56.0,513.0,3.86,0.0194,1|2|3|4|5|6|7|8|9|10|11|12
AS,JNU,4573,-46.0,780.0,0.6,0.0188,1|2|3|4|5|6|7|8|9|10|11|12
AS,HNL,4369,-65.0,678.0,4.28,0.0266,1|2|3|4|5|6|7|8|9|10|11|12
AS,SNA,4111,-43.0,682.0,0.29,0.0122,1|2|3|4|5|6|7|8|9|10|11|12
AS,JFK,3783,-82.0,796.0,-0.22,0.0301,1|2|3|4|5|6|7|8|9|10|11|12
AS,EWR,3263,-70.0,511.0,5.81,0.0291,1|2|3|4|5|6|7|8|9|10|11|12
AS,ORD,3155,-57.0,917.0,8.33,0.0146,1|2|3|4|5|6|7|8|9|10|11|12
AS,SJC,2847,-54.0,658.0,-1.49,0.0228,1|2|3|4|5|6|7|8|9|10|11|12
AS,AUS,2828,-50.0,613.0,8.32,0.0258,1|2|3|4|5|6|7|8|9|10|11|12
AS,MCO,2635,-61.0,439.0,13.28,0.0387,1|2|3|4|5|6|7|8|9|10|11|12
AS,FAI,2611,-53.0,452.0,-1.01,0.0111,1|2|3|4|5|6|7|8|9|10|11|12
AS,BOS,2583,-72.0,735.0,4.28,0.0163,1|2|3|4|5|6|7|8|9|10|11|12
AS,KTN,2412,-65.0,593.0,-2.57,0.0182,1|2|3|4|5|6|7|8|9|10|11|12
AS,DFW,2390,-52.0,540.0,13.61,0.0222,1|2|3|4|5|6|7|8|9|10|11|12
AS,GEG,2293,-37.0,294.0,1.26,0.017,1|2|3|4|5|6|7|8|9|10|11|12
AS,BUR,2236,-39.0,490.0,2.68,0.0219,1|2|3|4|5|6|7|8|9|10|11|12
AS,DEN,2228,-49.0,359.0,4.8,0.0135,1|2|3|4|5|6|7|8|9|10|11|12
AS,OGG,2100,-69.0,521.0,2.25,0.0362,1|2|3|4|5|6|7|8|9|10|11|12
AS,IAD,2093,-67.0,323.0,5.52,0.0153,1|2|3|4|5|6|7|8|9|10|11|12
AS,KOA,2047,-68.0,550.0,1.69,0.0308,1|2|3|4|5|6|7|8|9|10|11|12
AS,DCA,1816,-72.0,309.0,-2.72,0.0077,1|2|3|4|5|6|7|8|9|10|11|12
AS,PSP,1515,-65.0,319.0,0.92,0.037,1|2|3|4|5|6|7|8|9|10|11|12
AS,ATL,1435,-62.0,316.0,4.07,0.0202,1|2|3|4|5|6|7|8|9|10|11|12
AS,ONT,1414,-46.0,480.0,0.38,0.024,1|2|3|4|5|6|7|8|9|10|11|12
AS,SIT,1318,-39.0,498.0,-1.49,0.0152,1|2|3|4|5|6|7|8|9|10|11|12
AS,SLC,1234,-46.0,638.0,3.37,0.0186,1|2|3|4|5|6|7|8|9|10|11|12
AS,BNA,1213,-58.0,436.0,-1.87,0.0107,1|2|3|4|5|6|7|8|9|10|11|12
AS,SMF,1135,-38.0,348.0,3.77,0.0159,1|2|3|4|5|6|7|8|9|10|11|12
AS,LIH,1108,-82.0,486.0,5.64,0.0099,1|2|3|4|5|6|7|8|9|10|11|12
AS,TPA,1097,-59.0,852.0,16.42,0.0447,1|2|3|4|5|6|7|8|9|10|11|12
AS,PAE,1060,-49.0,414.0,-1.24,0.0302,1|2|3|4|5|6|7|8|9|10|11|12
AS,MSP,1050,-58.0,485.0,1.81,0.0143,1|2|3|4|5|6|7|8|9|10|11|12
AS,FLL,994,-55.0,344.0,11.16,0.0755,1|2|3|4|5|6|7|8|9|10|11|12
AS,IAH,881,-52.0,323.0,4.79,0.0238,1|2|3|4|5|6|7|8|9|10|11|12
AS,ADQ,816,-38.0,782.0,1.35,0.0208,1|2|3|4|5|6|7|8|9|10|11|12
AS,STL,778,-60.0,473.0,-0.75,0.0116,1|2|3|4|5|6|7|8|9|10|11|12
AS,MCI,772,-41.0,247.0,-1.76,0.0104,1|2|3|4|5|6|7|8|9|10|11|12
AS,BET,726,-36.0,302.0,12.03,0.011,1|2|3|4|5|6|7|8|9|10|11|12
AS,OAK,726,-42.0,269.0,-2.57,0.0234,1|2|3|4|5|6|7|8|9|10|11|12
AS,WRG,721,-39.0,238.0,-3.59,0.0153,1|2|3|4|5|6|7|8|9|10|11|12
AS,PSG,720,-47.0,252.0,-2.25,0.0153,1|2|3|4|5|6|7|8|9|10|11|12
AS,CDV,718,-37.0,244.0,-0.67,0.0195,1|2|3|4|5|6|7|8|9|10|11|12
AS,YAK,715,-52.0,242.0,-4.55,0.0224,1|2|3|4|5|6|7|8|9|10|11|12
AS,MSY,700,-48.0,704.0,5.64,0.0071,1|2|3|4|5|6|7|8|9|10|11|12
AS,BZN,651,-50.0,301.0,6.32,0.0123,1|2|3|4|5|6|7|8|9|10|11|12
AS,PHL,632,-55.0,253.0,8.51,0.0142,1|2|3|4|5|6|7|8|9|10|11|12
AS,SAT,631,-45.0,303.0,5.71,0.0063,1|2|3|4|5|6|7|8|9|10|11|12
AS,BOI,625,-41.0,404.0,3.81,0.0064,1|2|3|4|5|6|7|8|9|10|11|12
AS,RNO,597,-32.0,320.0,5.38,0.0101,1|2|3|4|5|6|7|8|9|10|11|12
AS,BWI,584,-44.0,650.0,11.02,0.0205,1|2|3|4|5|6|7|8|9|10|11|12
AS,SCC,570,-44.0,422.0,-8.26,0.0316,1|2|3|4|5|6|7|8|9|10|11|12
AS,IND,539,-47.0,520.0,6.21,0.0204,1|2|3|4|5|6|7|8|9|10|11|12
AS,MIA,530,-73.0,359.0,11.47,0.0547,1|2|3|4|5|6|7|8|9|10|11|12
AS,TUS,525,-52.0,251.0,8.12,0.0038,1|2|3|4|5|6|7|8|9|10|11|12
AS,RDU,525,-58.0,862.0,8.92,0.0114,1|2|3|4|5|6|7|8|9|10|11|12
AS,DTW,509,-51.0,336.0,4.75,0.0196,1|2|3|4|5|6|7|8|9|10|11|12
AS,CLE,477,-47.0,364.0,1.44,0.0168,1|2|3|4|5|6|7|8|9|10|11|12
AS,MKE,472,-40.0,194.0,-3.41,0.0085,1|2|3|4|5|6|7|8|9|10|11|12
AS,PIT,470,-82.0,223.0,-3.61,0.0255,1|2|3|4|5|6|7|8|9|10|11|12
AS,CMH,469,-59.0,175.0,-1.74,0.0192,1|2|3|4|5|6|7|8|9|10|11|12
AS,OMA,468,-40.0,523.0,2.84,0.015,1|2|3|4|5|6|7|8|9|10|11|12
AS,RDM,462,-24.0,360.0,9.37,0.026,1|2|3|4|5|6|7|8|9|10|11|12
AS,ABQ,422,-45.0,266.0,4.53,0.0095,1|2|3|4|5|6|7|8|9|10|11|12
AS,FAT,377,-35.0,289.0,3.33,0.0239,1|2|3|4|5|6|7|8|9|10|11|12
AS,PSC,373,-33.0,385.0,9.59,0.0214,1|2|3|4|5|6|7|8|9|10|11|12
AS,OTZ,365,-32.0,412.0,-1.22,0.0603,1|2|3|4|5|6|7|8|9|10|11|12
AS,OME,364,-28.0,196.0,3.37,0.0357,1|2|3|4|5|6|7|8|9|10|11|12
AS,BRW,364,-29.0,285.0,11.36,0.0522,1|2|3|4|5|6|7|8|9|10|11|12
AS,DAL,362,-41.0,201.0,-2.38,0.0249,1|2|3|4|5|6|7|8|9|10|11|12
AS,CVG,351,-49.0,239.0,3.87,0.0342,1|2|3|4|5|6|7|8|9|10|11|12
AS,CHS,347,-58.0,152.0,-1.54,0.0259,1|2|3|4|5|6|7|8|9|10|11|12
AS,OKC,347,-36.0,201.0,5.33,0.0231,1|2|3|4|5|6|7|8|9|10|11|12
AS,SBA,329,-44.0,207.0,-2.29,0.0091,1|2|3|4|5|6|7|8|9|10|11|12
AS,STS,315,-39.0,276.0,9.78,0.0095,1|3|4|5|6|7|8|9|10|11|12
AS,EUG,298,-30.0,484.0,13.78,0.0235,1|2|3|5|6|7|8|9|10|11|12
AS,MSO,249,-35.0,268.0,5.7,0.0,4|5|6|7|8|9|10|11|12
AS,AKN,178,-37.0,88.0,-3.27,0.0056,4|5|6|7|8|9
AS,RSW,170,-63.0,225.0,3.13,0.0412,1|2|3|4|5|6|7|8|9|11|12
AS,DLG,110,-36.0,226.0,3.52,0.0273,6|7|8|9
AS,ADK,104,-70.0,217.0,-6.83,0.0769,1|2|3|4|5|6|7|8|9|10|11|12
AS,GST,90,-35.0,220.0,-0.36,0.0667,6|7|8
AS,JAC,81,-49.0,154.0,4.16,0.0617,1|2|3|6|7|8
AS,SBP,62,-24.0,253.0,7.19,0.0,10|11|12
B6,BOS,41067,-82.0,981.0,7.38,0.0135,1|2|3|4|5|6|7|8|9|10|11|12
B6,JFK,36016,-88.0,885.0,10.73,0.0186,1|2|3|4|5|6|7|8|9|10|11|12
B6,FLL,18839,-95.0,1447.0,11.56,0.0126,1|2|3|4|5|6|7|8|9|10|11|12
B6,MCO,17270,-64.0,1029.0,14.53,0.0166,1|2|3|4|5|6|7|8|9|10|11|12
B6,SJU,10039,-62.0,1440.0,15.13,0.011,1|2|3|4|5|6|7|8|9|10|11|12
B6,LGA,9530,-65.0,1196.0,10.46,0.0219,1|2|3|4|5|6|7|8|9|10|11|12
B6,LAX,9157,-68.0,841.0,1.28,0.0034,1|2|3|4|5|6|7|8|9|10|11|12
B6,PBI,8534,-56.0,1150.0,11.02,0.0157,1|2|3|4|5|6|7|8|9|10|11|12
B6,DCA,8349,-51.0,1247.0,6.81,0.015,1|2|3|4|5|6|7|8|9|10|11|12
B6,EWR,5529,-90.0,751.0,9.16,0.0203,1|2|3|4|5|6|7|8|9|10|11|12
B6,HPN,5256,-56.0,972.0,3.6,0.0145,1|2|3|4|5|6|7|8|9|10|11|12
B6,TPA,5211,-54.0,785.0,13.71,0.0269,1|2|3|4|5|6|7|8|9|10|11|12
B6,SFO,4232,-60.0,1203.0,6.14,0.0043,1|2|3|4|5|6|7|8|9|10|11|12
B6,RSW,3819,-53.0,1544.0,16.97,0.0259,1|2|3|4|5|6|7|8|9|10|11|12
B6,BUF,3448,-84.0,1140.0,5.26,0.0209,1|2|3|4|5|6|7|8|9|10|11|12
B6,BDL,3372,-68.0,980.0,7.71,0.0136,1|2|3|4|5|6|7|8|9|10|11|12
B6,RDU,3201,-47.0,1108.0,11.62,0.0159,1|2|3|4|5|6|7|8|9|10|11|12
B6,ATL,2989,-44.0,1263.0,17.67,0.0157,1|2|3|4|5|6|7|8|9|10|11|12
B6,LAS,2962,-68.0,1380.0,9.61,0.0078,1|2|3|4|5|6|7|8|9|10|11|12
B6,MIA,1897,-52.0,960.0,22.34,0.0221,1|2|3|4|5|6|7|8|9|10|11|12
B6,JAX,1835,-45.0,1266.0,15.05,0.0207,1|2|3|4|5|6|7|8|9|10|11|12
B6,CHS,1832,-44.0,1668.0,12.2,0.0164,1|2|3|4|5|6|7|8|9|10|11|12
B6,RIC,1774,-46.0,1311.0,5.54,0.0118,1|2|3|4|5|6|7|8|9|10|11|12
B6,SAN,1757,-65.0,1232.0,14.16,0.0028,1|2|3|4|5|6|7|8|9|10|11|12
B6,PVD,1589,-53.0,947.0,3.14,0.0088,1|2|3|4|5|6|7|8|9|10|11|12
B6,BQN,1579,-53.0,1031.0,11.41,0.0127,1|2|3|4|5|6|7|8|9|10|11|12
B6,SLC,1519,-53.0,1581.0,15.73,0.0072,1|2|3|4|5|6|7|8|9|10|11|12
B6,MSY,1351,-48.0,1612.0,19.23,0.0178,1|2|3|4|5|6|7|8|9|10|11|12
B6,BNA,1351,-61.0,1031.0,9.08,0.0178,1|2|3|4|5|6|7|8|9|10|11|12
B6,SYR,1345,-45.0,1401.0,7.37,0.0223,1|2|3|4|5|6|7|8|9|10|11|12
B6,ORD,1242,-47.0,1833.0,19.33,0.0177,1|2|3|4|5|6|7|8|9|10|11|12
B6,DEN,1230,-52.0,1368.0,26.89,0.0098,1|2|3|4|5|6|7|8|9|10|11|12
B6,PIT,1194,-56.0,604.0,5.49,0.0176,1|2|3|4|5|6|7|8|9|10|11|12
B6,PHL,1079,-46.0,306.0,0.41,0.0167,1|2|3|4|5|6|7|8|9|10|11|12
B6,DTW,1034,-42.0,2512.0,11.79,0.0087,1|2|3|4|5|6|7|8|9|10|11|12
B6,ACK,1006,-41.0,394.0,8.43,0.0388,5|6|7|8|9|10
B6,PHX,948,-55.0,2108.0,28.94,0.0116,1|2|3|4|5|6|7|8|9|10|11|12
B6,SAV,911,-48.0,1129.0,12.03,0.011,1|2|3|4|5|6|7|8|9|10|11|12
B6,CLE,820,-36.0,1050.0,6.28,0.0159,1|2|3|4|5|6|7|8|9|10|11|12
B6,AUS,786,-48.0,1434.0,24.26,0.0102,1|2|3|4|5|6|7|8|9|10|11|12
B6,ALB,773,-48.0,1197.0,13.04,0.0129,1|2|3|4|5|6|7|8|9|10|11|12
B6,SRQ,768,-47.0,1203.0,13.68,0.0391,1|2|3|4|5|6|7|8|9|10|11|12
B6,ROC,755,-35.0,561.0,15.27,0.0305,1|2|3|4|5|6|7|8|9|10|11|12
B6,SEA,748,-55.0,1009.0,13.9,0.0067,1|2|3|4|5|6|7|8|9|10|11|12
B6,ORH,739,-52.0,1335.0,13.98,0.0189,1|2|3|4|5|6|7|8|9|10|11|12
B6,IAH,731,-48.0,1062.0,20.86,0.0219,1|2|3|4|5|6|7|8|9|10|11|12
B6,STT,681,-51.0,1368.0,12.43,0.0191,1|2|3|4|5|6|7|8|9|10|11|12
B6,PSE,644,-52.0,838.0,0.96,0.0233,1|2|3|4|5|6|7|8|9|10|11|12
B6,SAT,578,-54.0,1493.0,25.66,0.0208,1|2|3|4|5|6|7|8|9|10
B6,MKE,534,-46.0,1516.0,11.64,0.0112,1|2|3|4|5|6|7|8|9|10
B6,CLT,528,-43.0,993.0,9.39,0.0189,1|2|3|4|5|6|7|8|9|10
B6,MVY,517,-43.0,1045.0,20.77,0.0561,5|6|7|8|9|10
B6,SMF,383,-42.0,1375.0,41.82,0.0131,1|2|3|4|5|6|7|8|9|10
B6,PWM,365,-50.0,990.0,11.57,0.0466,5|6|7|8|9|10|11|12
B6,DFW,360,-51.0,1227.0,34.37,0.0111,1|2|3|4|5|6|7|8|9|10|11|12
B6,MSP,324,-41.0,1056.0,30.57,0.0154,1|2|3|4|5|6|7|8|9|10
B6,ONT,300,-49.0,1005.0,5.06,0.02,1|2|3|4|5|6|7|8|9|10
B6,TLH,297,-44.0,496.0,1.24,0.0202,1|2|3|4|5|6|7|8|9|10
B6,BUR,289,-43.0,1268.0,41.29,0.0208,1|2|3|4|5|6|7|8|9|10
B6,RNO,274,-49.0,1596.0,34.29,0.0219,1|2|3|4|5|6|7|8|12
B6,ABQ,255,-41.0,1398.0,45.11,0.0196,2|3|4|5|6|7|8|9|10
B6,BWI,222,-38.0,316.0,3.6,0.0225,1|2|3|4
B6,PDX,213,-63.0,1267.0,39.26,0.0094,3|4|5|6|7|8|9|10
B6,MCI,163,-38.0,1186.0,28.61,0.0061,1|2|3|4|5|6
B6,EYW,161,-53.0,1452.0,32.24,0.0311,1|2|3|4|10|11|12
B6,SJC,160,-43.0,1184.0,27.49,0.0187,3|4|5|6|7|8|9
B6,ISP,148,-40.0,1179.0,11.84,0.0,10|11|12
B6,BZN,143,-48.0,1399.0,34.19,0.021,1|2|3|6|7|8|9|12
B6,PQI,117,-41.0,564.0,1.58,0.0085,9|10|11|12
B6,HYA,103,-25.0,1097.0,55.02,0.068,5|6|7|8|9
B6,AVL,82,-33.0,383.0,23.96,0.0122,6|7|8|9
B6,PSP,78,-55.0,1046.0,19.48,0.0128,1|2|3|4
B6,HDN,60,-44.0,1609.0,103.37,0.0167,2|3|4
B6,STX,20,-26.0,137.0,13.55,0.0,12
B6,BTV,6,-12.0,20.0,-0.67,0.0,1
DL,ATL,227105,-65.0,976.0,5.35,0.0086,1|2|3|4|5|6|7|8|9|10|11|12
DL,MSP,69229,-77.0,1076.0,2.01,0.0083,1|2|3|4|5|6|7|8|9|10|11|12
DL,DTW,58761,-80.0,1148.0,5.09,0.0088,1|2|3|4|5|6|7|8|9|10|11|12
DL,SLC,54031,-64.0,1156.0,4.07,0.0062,1|2|3|4|5|6|7|8|9|10|11|12
DL,LAX,36265,-62.0,1070.0,3.2,0.0067,1|2|3|4|5|6|7|8|9|10|11|12
DL,SEA,31789,-78.0,1206.0,0.94,0.0056,1|2|3|4|5|6|7|8|9|10|11|12
DL,JFK,30362,-91.0,1112.0,1.93,0.0094,1|2|3|4|5|6|7|8|9|10|11|12
DL,LGA,27344,-75.0,1135.0,3.9,0.0139,1|2|3|4|5|6|7|8|9|10|11|12
DL,BOS,25613,-77.0,1117.0,2.47,0.0094,1|2|3|4|5|6|7|8|9|10|11|12
DL,MCO,21728,-71.0,1157.0,10.17,0.0149,1|2|3|4|5|6|7|8|9|10|11|12
DL,LAS,16224,-57.0,1117.0,0.56,0.0073,1|2|3|4|5|6|7|8|9|10|11|12
DL,TPA,12859,-58.0,1040.0,8.3,0.0204,1|2|3|4|5|6|7|8|9|10|11|12
DL,SFO,12859,-57.0,1101.0,4.5,0.0068,1|2|3|4|5|6|7|8|9|10|11|12
DL,DEN,12413,-63.0,1037.0,2.25,0.0086,1|2|3|4|5|6|7|8|9|10|11|12
DL,FLL,12263,-73.0,1198.0,9.93,0.0105,1|2|3|4|5|6|7|8|9|10|11|12
DL,DFW,12175,-58.0,1218.0,6.85,0.0093,1|2|3|4|5|6|7|8|9|10|11|12
DL,MIA,11384,-69.0,1254.0,13.51,0.0114,1|2|3|4|5|6|7|8|9|10|11|12
DL,RDU,11281,-67.0,1093.0,2.31,0.0088,1|2|3|4|5|6|7|8|9|10|11|12
DL,AUS,11172,-49.0,1144.0,6.84,0.0083,1|2|3|4|5|6|7|8|9|10|11|12
DL,ORD,10967,-57.0,1118.0,8.05,0.0112,1|2|3|4|5|6|7|8|9|10|11|12
DL,PHX,10557,-62.0,1075.0,0.39,0.0068,1|2|3|4|5|6|7|8|9|10|11|12
DL,SAN,9454,-62.0,1210.0,4.41,0.0069,1|2|3|4|5|6|7|8|9|10|11|12
DL,DCA,9044,-74.0,1013.0,2.52,0.0117,1|2|3|4|5|6|7|8|9|10|11|12
DL,BNA,8383,-69.0,1170.0,-1.66,0.0087,1|2|3|4|5|6|7|8|9|10|11|12
DL,IAH,8010,-51.0,1158.0,5.8,0.0112,1|2|3|4|5|6|7|8|9|10|11|12
DL,RSW,7235,-49.0,1171.0,6.0,0.0155,1|2|3|4|5|6|7|8|9|10|11|12
DL,MSY,7227,-64.0,1278.0,4.01,0.0095,1|2|3|4|5|6|7|8|9|10|11|12
DL,PDX,7160,-57.0,1067.0,-2.53,0.0084,1|2|3|4|5|6|7|8|9|10|11|12
DL,CVG,7120,-61.0,830.0,1.23,0.0091,1|2|3|4|5|6|7|8|9|10|11|12
DL,PBI,7078,-51.0,1087.0,8.16,0.0136,1|2|3|4|5|6|7|8|9|10|11|12
DL,MCI,7075,-57.0,997.0,-1.85,0.0075,1|2|3|4|5|6|7|8|9|10|11|12
DL,EWR,6572,-54.0,1155.0,14.69,0.0111,1|2|3|4|5|6|7|8|9|10|11|12
DL,CLT,6222,-52.0,1058.0,2.13,0.0064,1|2|3|4|5|6|7|8|9|10|11|12
DL,SAT,6156,-51.0,1137.0,3.95,0.008,1|2|3|4|5|6|7|8|9|10|11|12
DL,PHL,5942,-55.0,1097.0,1.75,0.0091,1|2|3|4|5|6|7|8|9|10|11|12
DL,JAX,5828,-55.0,1205.0,5.43,0.0113,1|2|3|4|5|6|7|8|9|10|11|12
DL,STL,5521,-49.0,1057.0,-0.6,0.0072,1|2|3|4|5|6|7|8|9|10|11|12
DL,BWI,5268,-56.0,918.0,1.7,0.0072,1|2|3|4|5|6|7|8|9|10|11|12
DL,SNA,4812,-55.0,1098.0,2.84,0.0052,1|2|3|4|5|6|7|8|9|10|11|12
DL,IND,4489,-51.0,1003.0,1.49,0.0065,1|2|3|4|5|6|7|8|9|10|11|12
DL,MEM,4423,-45.0,1024.0,-1.82,0.0113,1|2|3|4|5|6|7|8|9|10|11|12
DL,MKE,4337,-54.0,1159.0,0.38,0.0092,1|2|3|4|5|6|7|8|9|10|11|12
DL,BDL,4017,-60.0,992.0,-0.3,0.008,1|2|3|4|5|6|7|8|9|10|11|12
DL,CHS,3890,-54.0,1146.0,4.18,0.009,1|2|3|4|5|6|7|8|9|10|11|12
DL,HNL,3674,-78.0,1025.0,-2.84,0.0068,1|2|3|4|5|6|7|8|9|10|11|12
DL,SJU,3564,-48.0,1132.0,4.42,0.0036,1|2|3|4|5|6|7|8|9|10|11|12
DL,PIT,3401,-51.0,496.0,-1.96,0.0085,1|2|3|4|5|6|7|8|9|10|11|12
DL,CMH,3330,-50.0,1083.0,-1.7,0.0087,1|2|3|4|5|6|7|8|9|10|11|12
DL,SAV,3305,-40.0,1034.0,2.19,0.0079,1|2|3|4|5|6|7|8|9|10|11|12
DL,SMF,3226,-44.0,1100.0,-1.64,0.0074,1|2|3|4|5|6|7|8|9|10|11|12
DL,IAD,3218,-63.0,1087.0,0.93,0.0075,1|2|3|4|5|6|7|8|9|10|11|12
DL,CLE,3182,-43.0,1068.0,-0.25,0.0088,1|2|3|4|5|6|7|8|9|10|11|12
DL,SRQ,3008,-50.0,1057.0,6.86,0.0312,1|2|3|4|5|6|7|8|9|10|11|12
DL,GEG,2997,-49.0,1157.0,2.12,0.0097,1|2|3|4|5|6|7|8|9|10|11|12
DL,BHM,2921,-35.0,728.0,1.18,0.0089,1|2|3|4|5|6|7|8|9|10|11|12
DL,GRR,2854,-55.0,1127.0,-2.75,0.0095,1|2|3|4|5|6|7|8|9|10|11|12
DL,BOI,2741,-52.0,1148.0,2.99,0.0084,1|2|3|4|5|6|7|8|9|10|11|12
DL,RIC,2661,-37.0,703.0,1.37,0.0064,1|2|3|4|5|6|7|8|9|10|11|12
DL,GSP,2618,-47.0,904.0,-4.31,0.0092,1|2|3|4|5|6|7|8|9|10|11|12
DL,VPS,2556,-55.0,717.0,2.11,0.0082,1|2|3|4|5|6|7|8|9|10|11|12
DL,PNS,2551,-39.0,943.0,-2.9,0.0074,1|2|3|4|5|6|7|8|9|10|11|12
DL,ANC,2461,-64.0,1153.0,1.74,0.0073,1|2|3|4|5|6|7|8|9|10|11|12
DL,SDF,2438,-43.0,1010.0,-2.36,0.009,1|2|3|4|5|6|7|8|9|10|11|12
DL,ORF,2437,-44.0,969.0,6.37,0.0103,1|2|3|4|5|6|7|8|9|10|11|12
DL,GSO,2415,-44.0,1069.0,-3.73,0.0066,1|2|3|4|5|6|7|8|9|10|11|12
DL,ECP,2347,-38.0,1094.0,2.49,0.0081,1|2|3|4|5|6|7|8|9|10|11|12
DL,AVL,2267,-50.0,959.0,3.49,0.0251,1|2|3|4|5|6|7|8|9|10|11|12
DL,SJC,2225,-58.0,1054.0,-4.65,0.0072,1|2|3|4|5|6|7|8|9|10|11|12
DL,BUF,2126,-48.0,872.0,2.43,0.0118,1|2|3|4|5|6|7|8|9|10|11|12
DL,DAL,2075,-38.0,998.0,6.77,0.0072,1|2|3|4|5|6|7|8|9|10|11|12
DL,MYR,2038,-43.0,1077.0,-3.98,0.0103,1|2|3|4|5|6|7|8|9|10|11|12
DL,LIT,2030,-45.0,1150.0,-3.27,0.0064,1|2|3|4|5|6|7|8|9|10|11|12
DL,JAN,1997,-35.0,691.0,-2.4,0.006,1|2|3|4|5|6|7|8|9|10|11|12
DL,HSV,1956,-45.0,688.0,-4.27,0.0107,1|2|3|4|5|6|7|8|9|10|11|12
DL,MSN,1922,-48.0,1027.0,-2.47,0.0104,1|2|3|4|5|6|7|8|9|10|11|12
DL,OMA,1898,-43.0,1206.0,-1.24,0.01,1|2|3|4|5|6|7|8|9|10|11|12
DL,LEX,1845,-51.0,1177.0,-5.75,0.0114,1|2|3|4|5|6|7|8|9|10|11|12
DL,ONT,1837,-46.0,1082.0,-5.88,0.0093,1|2|3|4|5|6|7|8|9|10|11|12
DL,BZN,1798,-46.0,997.0,1.97,0.005,1|2|3|4|5|6|7|8|9|10|11|12
DL,OKC,1722,-42.0,1032.0,-5.64,0.0087,1|2|3|4|5|6|7|8|9|10|11|12
DL,HOU,1597,-38.0,1102.0,8.78,0.01,1|2|3|4|5|6|7|8|9|10|11|12
DL,GNV,1570,-40.0,1023.0,-1.69,0.0127,1|2|3|4|5|6|7|8|9|10|11|12
DL,ABQ,1544,-47.0,714.0,-5.6,0.0091,1|2|3|4|5|6|7|8|9|10|11|12
DL,MDW,1540,-41.0,1179.0,1.2,0.0078,1|2|3|4|5|6|7|8|9|10|11|12
DL,CAE,1519,-39.0,844.0,-4.01,0.0072,1|2|3|4|5|6|7|8|9|10|11|12
DL,DAB,1446,-33.0,1071.0,2.14,0.0131,1|2|3|4|5|6|7|8|9|10|11|12
DL,TYS,1417,-47.0,1033.0,-6.78,0.0092,1|2|3|4|5|6|7|8|9|10|11|12
DL,TUL,1412,-44.0,566.0,-3.23,0.0085,1|2|3|4|5|6|7|8|9|10|11|12
DL,TLH,1407,-41.0,1200.0,-4.79,0.01,1|2|3|4|5|6|7|8|9|10|11|12
DL,MLB,1390,-40.0,402.0,-2.35,0.0101,1|2|3|4|5|6|7|8|9|10|11|12
DL,PVD,1363,-46.0,1067.0,4.28,0.0103,1|2|3|4|5|6|7|8|9|10|11|12
DL,ALB,1347,-58.0,1128.0,3.77,0.0141,1|2|3|4|5|6|7|8|9|10|11|12
DL,EYW,1317,-42.0,1149.0,9.8,0.022,1|2|3|4|5|6|7|8|9|10|11|12
DL,JAC,1299,-61.0,1161.0,7.78,0.0085,1|2|3|4|5|6|7|8|9|10|11|12
DL,CHA,1233,-36.0,1049.0,0.01,0.0081,1|2|3|4|5|6|7|8|9|10|11|12
DL,SYR,1223,-57.0,647.0,-3.01,0.0082,1|2|3|4|5|6|7|8|9|10|11|12
DL,GPT,1184,-42.0,989.0,1.85,0.0127,1|2|3|4|5|6|7|8|9|10|11|12
DL,DSM,1180,-45.0,1197.0,1.5,0.0102,1|2|3|4|5|6|7|8|9|10|11|12
DL,DAY,1169,-46.0,1025.0,-8.49,0.0103,1|2|3|4|5|6|7|8|9|10|11|12
DL,TUS,1140,-55.0,1133.0,-2.43,0.007,1|2|3|4|5|6|7|8|9|10|11|12
DL,ROC,1072,-60.0,980.0,3.26,0.0093,1|2|3|4|5|6|7|8|9|10|11|12
DL,RNO,1021,-45.0,843.0,2.92,0.0098,1|2|3|4|5|6|7|8|9|10|11|12
DL,OGG,1020,-74.0,1155.0,-3.75,0.0118,1|2|3|4|5|6|7|8|9|10|11|12
DL,HPN,976,-47.0,1023.0,2.33,0.0092,1|2|3|4|5|6|7|8|9|10|11|12
DL,BTR,909,-44.0,706.0,0.74,0.0121,1|2|3|4|5|6|7|8|9|10|11|12
DL,ICT,883,-42.0,1088.0,0.55,0.0113,1|2|3|4|5|6|7|8|9|10|11|12
DL,STT,872,-60.0,1181.0,11.29,0.0069,1|2|3|4|5|6|7|8|9|10|11|12
DL,FCA,795,-47.0,537.0,3.69,0.0075,1|2|3|4|5|6|7|8|9|10|11|12
DL,BIL,785,-37.0,1039.0,2.27,0.0127,1|2|3|4|5|6|7|8|9|10|11|12
DL,ILM,781,-40.0,630.0,4.02,0.0141,1|2|3|4|5|6|7|8|9|10|11|12
DL,MDT,768,-39.0,414.0,-2.89,0.0078,1|3|4|5|6|7|8|9|10|11|12
DL,PWM,748,-59.0,876.0,3.93,0.012,1|2|3|4|5|6|7|8|9|10|11|12
DL,LIH,732,-68.0,1151.0,-10.9,0.015,1|2|3|4|5|6|7|8|9|10|11|12
DL,KOA,731,-68.0,930.0,-4.55,0.0205,1|2|3|4|5|6|7|8|9|10|11|12
DL,MSO,731,-40.0,521.0,3.87,0.0109,1|2|3|4|5|6|7|8|9|10|11|12
DL,ELP,712,-37.0,1139.0,1.14,0.0056,1|2|3|4|5|6|7|8|9|10|11|12
DL,FAR,711,-41.0,814.0,-3.72,0.0056,1|2|3|4|5|6|7|8|9|10|11|12
DL,FSD,665,-33.0,762.0,14.21,0.0135,1|2|3|4|5|6|7|8|9|10|11|12
DL,PSP,660,-64.0,284.0,-2.24,0.003,1|2|3|4|5|9|10|11|12
DL,BIS,630,-50.0,647.0,-0.39,0.0063,1|2|3|4|5|6|7|8|9|10|11|12
DL,SBA,620,-45.0,793.0,7.04,0.0048,6|7|8|9|10|11|12
DL,FAI,602,-58.0,1082.0,13.34,0.0116,1|2|3|4|5|6|7|8|9|10|11|12
DL,XNA,576,-41.0,294.0,-4.67,0.0052,1|2|3|4|5|6|7|8|9|10|11|12
DL,MOB,570,-38.0,515.0,-2.11,0.014,1|2|3|4|5|6|7|8|9|10|11|12
DL,OAK,566,-42.0,970.0,-3.86,0.0141,1|2|3|4|5|6|7|8|9|10|11|12
DL,COS,550,-36.0,1155.0,8.86,0.0073,1|2|3|4|5|6|7|8|9|10|11|12
DL,BTV,467,-56.0,569.0,1.23,0.0171,1|2|3|4|5|6|7|8|9|10|11|12
DL,TVC,445,-51.0,715.0,0.77,0.018,1|2|3|4|5|6|7|8|9|10|11|12
DL,BUR,441,-37.0,1124.0,15.02,0.0068,5|6|7|8|9|10|11|12
DL,ROA,438,-41.0,834.0,1.03,0.0091,1|2|3|4|5|6|7|8|9|10|11|12
DL,LGB,438,-35.0,1090.0,6.52,0.0068,1|2|3|4|5|6|7|8|9|10|11|12
DL,PSC,402,-36.0,796.0,3.66,0.005,1|5|6|7|8|9|10|11|12
DL,SGF,401,-36.0,520.0,4.37,0.005,3|4|5|6|7|8|9|10|11|12
DL,GRB,369,-45.0,522.0,9.71,0.0054,1|2|3|4|5|6|7|8|9|10|11|12
DL,CID,368,-44.0,882.0,12.85,0.0136,1|2|3|4|5|6|7|8|9|10|11|12
DL,FAY,330,-40.0,582.0,-4.94,0.0091,1|2|3|4|5|6|7|8|9|11|12
DL,ATW,324,-43.0,507.0,2.76,0.0093,1|3|4|5|6|7|8|9|10|11|12
DL,OAJ,303,-34.0,732.0,-2.2,0.0132,1|2|3|4|5|6|7|8|9
DL,CHO,257,-38.0,505.0,-1.29,0.0,1|3|4|5|6|7|8|9|10|11
DL,HRL,208,-53.0,175.0,-7.45,0.0048,1|2|3|4|5|10|11|12
DL,FAT,204,-30.0,719.0,11.51,0.0196,6|7|8|9|10|11|12
DL,EGE,178,-38.0,253.0,5.44,0.0056,1|2|3|4|12
DL,AGS,168,-24.0,935.0,12.74,0.0,4|11|12
DL,TRI,152,-41.0,941.0,3.93,0.0,1|5|6|10|11|12
DL,JNU,151,-39.0,802.0,2.87,0.0,6|7|8|9|10|11
DL,HDN,134,-46.0,371.0,7.66,0.0,1|2|3|4|12
DL,STX,120,-43.0,147.0,3.03,0.0083,1|2|3|4|5|6|7|8|11|12
DL,DLH,108,-32.0,390.0,4.41,0.0093,6|7|8|9
DL,MTJ,103,-30.0,242.0,-0.68,0.0,1|2|3|4|12
DL,IDA,96,-30.0,420.0,9.92,0.0,10|11|12
DL,RAP,95,-28.0,400.0,14.2,0.0316,6|7|8|9
DL,EVV,25,-38.0,956.0,26.29,0.04,5|6
F9,DEN,25066,-57.0,1321.0,10.31,0.0152,1|2|3|4|5|6|7|8|9|10|11|12
F9,MCO,17880,-55.0,1130.0,9.34,0.022,1|2|3|4|5|6|7|8|9|10|11|12
F9,LAS,13068,-55.0,1273.0,11.21,0.0141,1|2|3|4|5|6|7|8|9|10|11|12
F9,PHL,11845,-68.0,1090.0,15.46,0.0268,1|2|3|4|5|6|7|8|9|10|11|12
F9,ATL,11660,-52.0,1161.0,20.77,0.025,1|2|3|4|5|6|7|8|9|10|11|12
F9,DFW,10199,-54.0,1165.0,20.14,0.0268,1|2|3|4|5|6|7|8|9|10|11|12
F9,PHX,9523,-51.0,1016.0,9.87,0.012,1|2|3|4|5|6|7|8|9|10|11|12
F9,TPA,6633,-49.0,1156.0,11.33,0.0282,1|2|3|4|5|6|7|8|9|10|11|12
F9,CLE,6628,-69.0,1214.0,13.97,0.0281,1|2|3|4|5|6|7|8|9|10|11|12
F9,SJU,5864,-55.0,1267.0,20.46,0.0217,1|2|3|4|5|6|7|8|9|10|11|12
F9,CVG,4713,-73.0,1280.0,10.39,0.0214,1|2|3|4|5|6|7|8|9|10|11|12
F9,RDU,4705,-54.0,1179.0,14.75,0.031,1|2|3|4|5|6|7|8|9|10|11|12
F9,SFO,4576,-47.0,1283.0,29.96,0.0208,1|2|3|4|5|6|7|8|9|10|11|12
F9,MDW,3819,-60.0,1201.0,14.64,0.0244,1|2|3|4|5|6|7|8|9|10|11|12
F9,MIA,3790,-51.0,1053.0,15.87,0.0251,1|2|3|4|5|6|7|8|9|10|11|12
F9,ONT,3504,-48.0,1212.0,12.31,0.0203,1|2|3|4|5|6|7|8|9|10|11|12
F9,IAH,3418,-50.0,1244.0,28.3,0.0313,1|2|3|4|5|6|7|8|9|10|11|12
F9,SAN,3378,-53.0,1256.0,22.52,0.0213,1|2|3|4|5|6|7|8|9|10|11|12
F9,CLT,3283,-59.0,1279.0,33.42,0.0335,1|2|3|4|5|6|7|8|9|10|11|12
F9,SLC,3167,-50.0,1267.0,15.35,0.0212,1|2|3|4|5|6|7|8|9|10|11|12
F9,BWI,2925,-55.0,1213.0,22.84,0.0356,1|2|3|4|5|6|7|8|9|10|11|12
F9,ORD,2656,-51.0,1159.0,29.0,0.0301,1|2|3|4|5|6|7|8|9|10|11|12
F9,LGA,2499,-53.0,1386.0,23.38,0.036,1|2|3|4|5|6|7|8|9|10|11|12
F9,RSW,2479,-53.0,991.0,12.88,0.0331,1|2|3|4|5|6|7|8|9|10|11|12
F9,DTW,2359,-65.0,1051.0,15.94,0.0339,1|2|3|4|5|6|7|8|9|10|11|12
F9,LAX,2298,-33.0,1087.0,28.58,0.0187,4|5|6|7|8|9|10|11|12
F9,TTN,1792,-57.0,575.0,7.08,0.0329,1|2|3|4|5|6|7|8|9|10|11|12
F9,ISP,1778,-61.0,1000.0,7.89,0.0354,1|2|3|4|5|6|7|8|9|10|11|12
F9,PDX,1764,-38.0,1218.0,16.57,0.0232,1|2|3|4|5|6|7|8|9|10|11|12
F9,MSP,1676,-57.0,1001.0,16.0,0.0197,1|2|3|4|5|6|7|8|9|10|11|12
F9,FLL,1625,-46.0,943.0,21.76,0.04,1|2|3|4|5|6|7|8|9|10|11|12
F9,BOS,1475,-53.0,1345.0,14.5,0.0237,1|2|3|4|5|6|7|8|9|10|11|12
F9,SEA,1459,-47.0,1039.0,14.72,0.0199,1|2|3|4|5|6|7|8|9|10|11|12
F9,STL,1180,-54.0,1120.0,16.79,0.0271,1|2|3|4|5|6|7|8|9|10|11|12
F9,BUF,1154,-65.0,1139.0,12.25,0.039,1|2|3|4|5|6|7|8|9|10|11|12
F9,SNA,1111,-40.0,1295.0,10.39,0.0234,1|2|3|4|5|6|7|8|9|10|11|12
F9,DCA,1096,-67.0,1061.0,2.02,0.0146,1|2|3|4|5|6|7|8|9|10|11|12
F9,BDL,1026,-84.0,1404.0,31.27,0.0292,1|2|3|4|5|6|7|8|9|10|11|12
F9,JAX,909,-42.0,1340.0,12.45,0.0286,1|2|3|4|5|6|7|8|9|10|11|12
F9,MSY,855,-44.0,1158.0,17.8,0.0409,1|2|3|4|5|6|7|8|9|10|11|12
F9,IND,849,-56.0,1381.0,15.84,0.0236,1|2|3|4|5|6|7|8|9|10|11|12
F9,PBI,831,-51.0,1026.0,24.2,0.0325,1|2|3|4|5|6|7|8|9|10|11|12
F9,SMF,826,-37.0,1165.0,8.01,0.0145,1|2|3|4|5|6|7|8|9|10|11|12
F9,JFK,824,-57.0,1432.0,11.26,0.0109,6|7|8|9|10|11|12
F9,BNA,763,-54.0,1196.0,15.48,0.0183,1|2|3|4|5|6|7|8|9|10|11|12
F9,GRR,750,-65.0,1316.0,19.69,0.0347,1|2|3|4|5|6|7|8|9|10|11|12
F9,AUS,705,-44.0,1243.0,20.88,0.017,1|2|3|4|5|6|7|8|9|10|11|12
F9,SAT,703,-50.0,989.0,11.06,0.0256,1|2|3|4|5|6|7|8|9|10|11|12
F9,ELP,685,-43.0,962.0,12.07,0.019,1|2|3|4|5|6|7|8|9|10|11|12
F9,SJC,640,-41.0,520.0,8.29,0.0047,7|8|9|10|11|12
F9,SRQ,541,-54.0,1257.0,24.71,0.0444,1|2|3|4|5|6|7|8|9|10|11|12
F9,PIT,536,-48.0,450.0,22.89,0.041,1|2|3|4|5|6|7|8|9|10|11|12
F9,MKE,530,-54.0,947.0,6.52,0.0151,1|2|3|4|5|6|7|8|9|10|11|12
F9,SYR,502,-67.0,1012.0,9.88,0.0359,1|2|3|4|5|6|7|8|9|10|11|12
F9,BQN,495,-54.0,1149.0,6.46,0.0121,1|2|3|4|5|6|7|8|9|10|11|12
F9,OKC,464,-49.0,1095.0,0.58,0.0151,1|2|3|4|5|6|7|8|9|10|11|12
F9,OMA,436,-50.0,1229.0,23.1,0.0183,1|2|3|4|5|6|7|8|9|10|11|12
F9,PWM,431,-72.0,409.0,2.83,0.0534,1|2|3|4|5|6|7|8|9|10|11|12
F9,MYR,414,-45.0,1291.0,20.27,0.0628,3|4|5|6|7|8|9|10|11|12
F9,PNS,414,-53.0,876.0,12.08,0.0217,1|2|3|4|5|6|7|8|9|10|11|12
F9,MCI,386,-51.0,406.0,11.64,0.0104,1|2|3|4|5|6|7|8|9|10|11|12
F9,EWR,371,-52.0,1242.0,25.78,0.0162,6|7|8|9|10|11|12
F9,HOU,358,-56.0,1110.0,16.71,0.0475,1|2|3|4|5|6|7|8|9|10|11|12
F9,FAR,329,-58.0,513.0,5.23,0.0122,1|2|3|4|5|6|7|8|9|10|11|12
F9,MSN,312,-54.0,745.0,11.18,0.0192,1|2|3|4|5|6|7|8|9|10|11|12
F9,PSE,300,-47.0,278.0,7.25,0.02,1|2|3|4|5|6|7|8|9|10|11|12
F9,DSM,291,-49.0,932.0,13.87,0.0172,1|2|3|4|5|6|7|8|9|10|11|12
F9,CID,275,-48.0,889.0,6.78,0.0218,1|2|3|4|5|6|7|8|9|10|11|12
F9,TYS,275,-50.0,1135.0,17.6,0.0145,1|2|3|4|5|6|7|8|9|10|11|12
F9,ORF,257,-50.0,1047.0,30.85,0.0467,1|2|3|4|5|6|7|8|9|10|11|12
F9,FSD,251,-42.0,537.0,11.56,0.0159,1|2|3|4|5|6|7|8|9|10|11|12
F9,CMH,242,-45.0,518.0,15.41,0.0289,1|2|3|4|5|6|7|8|9|10|11|12
F9,XNA,200,-41.0,238.0,6.87,0.005,1|3|4|5|6|7|8|9|10|11|12
F9,CHS,175,-32.0,250.0,14.24,0.0229,3|4|5|6|7|8|9|10|11|12
F9,MEM,171,-37.0,495.0,14.0,0.0058,1|2|3|4|5|6|7|8|9|10|11|12
F9,SAV,162,-37.0,131.0,7.23,0.0247,3|4|5|6|7|8|9|10|11|12
F9,MSO,117,-40.0,159.0,15.24,0.0256,5|6|7|8|9|10|11
F9,GRB,112,-52.0,898.0,17.24,0.0268,1|2|3|4|5|6|7|8
F9,LIT,112,-44.0,243.0,6.11,0.0179,1|2|3|4|5|6|7|8|9|10|11|12
F9,IAD,100,-34.0,320.0,15.76,0.0,3|11|12
F9,MDT,80,-54.0,540.0,20.01,0.025,1|2|3|4|5|12
F9,BUR,74,-41.0,236.0,13.18,0.0,11|12
F9,STT,70,-17.0,225.0,23.0,0.0286,1|2|3|4|5|6
F9,BMI,60,-33.0,131.0,12.97,0.0333,4|5|6|7|8
F9,PSP,20,-27.0,193.0,10.75,0.0,12
F9,STX,19,-11.0,53.0,8.11,0.0,5|6
F9,BTV,12,-45.0,81.0,-2.42,0.0,12
F9,EGE,12,-7.0,156.0,33.83,0.0,12
G4,SFB,9477,-64.0,1203.0,9.57,0.0165,1|2|3|4|5|6|7|8|9|10|11|12
G4,PIE,8280,-60.0,1510.0,7.36,0.0263,1|2|3|4|5|6|7|8|9|10|11|12
G4,LAS,7515,-58.0,1174.0,3.24,0.006,1|2|3|4|5|6|7|8|9|10|11|12
G4,PGD,6317,-64.0,1281.0,8.27,0.0182,1|2|3|4|5|6|7|8|9|10|11|12
G4,AZA,5869,-53.0,1213.0,-0.96,0.0072,1|2|3|4|5|6|7|8|9|10|11|12
G4,FLL,3311,-45.0,1147.0,15.13,0.0184,1|2|3|4|5|6|7|8|9|10|11|12
G4,AVL,3255,-47.0,1275.0,14.41,0.0316,1|2|3|4|5|6|7|8|9|10|11|12
G4,CVG,3251,-52.0,1082.0,9.15,0.0141,1|2|3|4|5|6|7|8|9|10|11|12
G4,BNA,3021,-57.0,1575.0,5.75,0.0146,1|2|3|4|5|6|7|8|9|10|11|12
G4,TYS,2775,-60.0,1540.0,9.24,0.0195,1|2|3|4|5|6|7|8|9|10|11|12
G4,SRQ,2613,-49.0,1307.0,2.31,0.0371,1|2|3|4|5|6|7|8|9|10|11|12
G4,VPS,2326,-55.0,1046.0,6.07,0.015,1|2|3|4|5|6|7|8|9|10|11|12
G4,GRR,2161,-71.0,700.0,2.52,0.0134,1|2|3|4|5|6|7|8|9|10|11|12
G4,PVU,1875,-55.0,1026.0,7.09,0.0048,1|2|3|4|5|6|7|8|9|10|11|12
G4,ABE,1829,-59.0,1205.0,0.64,0.0164,1|2|3|4|5|6|7|8|9|10|11|12
G4,DSM,1721,-47.0,1040.0,14.74,0.0192,1|2|3|4|5|6|7|8|9|10|11|12
G4,IND,1473,-51.0,1098.0,13.23,0.021,1|2|3|4|5|6|7|8|9|10|11|12
G4,PIT,1398,-50.0,863.0,7.04,0.0215,1|2|3|4|5|6|7|8|9|10|11|12
G4,FNT,1379,-62.0,681.0,1.46,0.0109,1|2|3|4|5|6|7|8|9|10|11|12
G4,ATW,1314,-63.0,963.0,0.29,0.0198,1|2|3|4|5|6|7|8|9|10|11|12
G4,MYR,1128,-45.0,1241.0,17.63,0.0301,1|2|3|4|5|6|7|8|9|10|11|12
G4,AUS,1099,-39.0,1281.0,16.89,0.0191,1|2|3|4|5|6|7|8|9|10|11|12
G4,BLV,1094,-52.0,1082.0,15.13,0.0256,1|2|3|4|5|6|7|8|9|10|11|12
G4,PIA,1086,-75.0,843.0,3.9,0.0184,1|2|3|4|5|6|7|8|9|10|11|12
G4,SNA,1079,-42.0,1354.0,25.59,0.0148,1|2|3|4|5|6|7|8|9|10|11|12
G4,LAX,1036,-41.0,1232.0,7.24,0.0077,1|2|3|4|5|6|7|8|9|10|11|12
G4,CID,977,-67.0,1468.0,6.67,0.0225,1|2|3|4|5|6|7|8|9|10|11|12
G4,BLI,956,-45.0,791.0,-3.79,0.0063,1|2|3|4|5|6|7|8|9|10|11|12
G4,LCK,956,-48.0,1022.0,13.56,0.0251,1|2|3|4|5|6|7|8|9|10|11|12
G4,FSD,952,-55.0,1318.0,9.33,0.0105,1|2|3|4|5|6|7|8|9|10|11|12
G4,MDT,905,-60.0,1258.0,11.51,0.0188,1|2|3|4|5|6|7|8|9|10|11|12
G4,SGF,852,-48.0,1362.0,10.0,0.0129,1|2|3|4|5|6|7|8|9|10|11|12
G4,XNA,852,-43.0,1411.0,16.45,0.0106,1|2|3|4|5|6|7|8|9|10|11|12
G4,RFD,839,-59.0,1249.0,14.43,0.0167,1|2|3|4|5|6|7|8|9|10|11|12
G4,FWA,835,-64.0,1118.0,17.04,0.0263,1|2|3|4|5|6|7|8|9|10|11|12
G4,SAV,821,-36.0,1105.0,12.74,0.0122,1|2|3|4|5|6|7|8|9|10|11|12
G4,LEX,820,-56.0,1113.0,22.7,0.0232,1|2|3|4|5|6|7|8|9|10|11|12
G4,SBN,816,-58.0,1232.0,4.55,0.0172,1|2|3|4|5|6|7|8|9|10|11|12
G4,CAK,755,-65.0,1165.0,10.32,0.0199,1|2|3|4|5|6|7|8|9|10|11|12
G4,JAX,726,-47.0,870.0,12.22,0.0138,1|2|3|4|5|6|7|8|9|10|11|12
G4,SDF,706,-43.0,1038.0,15.87,0.0184,1|2|3|4|5|6|7|8|9|10|11|12
G4,USA,701,-41.0,1059.0,22.19,0.0228,1|2|3|4|5|6|7|8|9|10|11|12
G4,SYR,697,-65.0,1082.0,11.41,0.0158,1|2|3|4|5|6|7|8|9|10|11|12
G4,FAR,688,-67.0,1123.0,1.51,0.0044,1|2|3|4|5|6|7|8|9|10|11|12
G4,EWR,656,-74.0,1197.0,-0.84,0.0091,1|2|3|4|5|6|7|8|9|10|11|12
G4,EYW,638,-42.0,1283.0,21.77,0.0423,1|2|3|4|5|6|7|8|9|10|11|12
G4,FAT,635,-38.0,1118.0,12.31,0.0031,1|2|3|4|5|6|7|8|9|10|11|12
G4,ALB,571,-60.0,1282.0,15.59,0.014,1|2|3|4|5|6|7|8|9|10|11|12
G4,OMA,556,-48.0,658.0,9.92,0.0216,1|2|3|4|5|6|7|8|9|10|11|12
G4,BIS,542,-73.0,1185.0,-3.08,0.0148,1|2|3|4|5|6|7|8|9|10|11|12
G4,BGR,534,-91.0,1206.0,4.0,0.0281,1|2|3|4|5|6|7|8|9|10|11|12
G4,BOS,519,-73.0,523.0,-4.48,0.025,1|2|3|4|5|6|7|8|9|10|11|12
G4,SCK,515,-35.0,1143.0,24.65,0.0039,1|2|3|4|5|6|7|8|9|10|11|12
G4,MEM,501,-48.0,943.0,15.9,0.012,1|2|3|4|5|6|7|8|9|10|11|12
G4,PBG,499,-59.0,1374.0,21.91,0.0401,1|2|3|4|5|6|7|8|9|10|11|12
G4,IDA,492,-48.0,1285.0,27.49,0.0041,1|2|3|4|5|6|7|8|9|10|11|12
G4,MFE,488,-59.0,1051.0,6.82,0.0061,1|2|3|4|5|6|7|8|9|10|11|12
G4,MLI,464,-56.0,1214.0,9.66,0.0108,1|2|3|4|5|6|7|8|9|10|11|12
G4,RAP,448,-62.0,1101.0,5.67,0.0112,1|2|3|4|5|6|7|8|9|10|11|12
G4,DEN,444,-56.0,1106.0,13.92,0.0158,1|2|3|4|5|6|7|8|9|10|11|12
G4,MDW,442,-49.0,1395.0,17.86,0.0181,1|2|3|4|5|6|7|8|9|10|11|12
G4,PHX,429,-47.0,1134.0,12.36,0.0093,1|2|3|4|5|6|7|8|9|10|11|12
G4,HTS,426,-34.0,1026.0,41.86,0.0329,1|2|3|4|5|6|7|8|9|10|11|12
G4,SWF,424,-53.0,1194.0,12.85,0.0165,1|2|3|4|5|6|7|8|9|10|11|12
G4,TUL,408,-49.0,1281.0,10.47,0.0049,1|2|3|4|5|6|7|8|9|10|11|12
G4,IAG,382,-48.0,1199.0,18.19,0.0209,1|2|3|4|5|6|7|8|9|10|11|12
G4,PBI,376,-45.0,906.0,14.24,0.016,1|2|3|4|5|6|7|8|9|10|11|12
G4,TOL,374,-55.0,819.0,11.36,0.0107,1|2|3|4|5|6|7|8|9|10|11|12
G4,BZN,374,-51.0,1301.0,7.33,0.0241,1|2|3|4|5|6|7|8|9|10|11|12
G4,MOT,374,-59.0,1150.0,6.98,0.0107,1|2|3|4|5|6|7|8|9|10|11|12
G4,PSM,372,-81.0,1339.0,8.52,0.0215,1|2|3|4|5|6|7|8|9|10|11|12
G4,BIL,365,-45.0,433.0,16.01,0.0137,1|2|3|4|5|6|7|8|9|10|11|12
G4,ICT,365,-45.0,890.0,5.01,0.0082,1|2|3|4|5|6|7|8|9|10|11|12
G4,BOI,353,-44.0,1345.0,31.71,0.0085,1|2|3|4|5|6|7|8|9|10|11|12
G4,EUG,348,-36.0,1049.0,21.86,0.0345,1|2|3|4|5|6|7|8|9|10|11|12
G4,TVC,346,-63.0,1046.0,14.59,0.0202,1|2|3|4|5|6|7|8|9|10|11|12
G4,HOU,346,-34.0,1535.0,33.77,0.0173,1|2|3|4|5|6|7|8|9|10|11|12
G4,IAD,345,-53.0,1357.0,26.79,0.0174,1|2|3|4|5|6|7|8|9|10|11|12
G4,GSP,329,-37.0,959.0,25.15,0.0304,1|2|3|4|5|6|7|8|9|10|11|12
G4,PDX,327,-47.0,1059.0,2.73,0.0,1|2|3|4|5|6|7|8|9|10|11|12
G4,MFR,321,-30.0,1146.0,27.14,0.0187,1|2|3|4|5|6|7|8|9|10|11|12
G4,MSO,312,-36.0,1116.0,29.5,0.0192,1|2|3|4|5|6|7|8|9|10|11|12
G4,RIC,310,-55.0,1345.0,20.31,0.0161,1|2|3|4|5|6|7|8|9|10|11|12
G4,PSC,309,-36.0,213.0,4.03,0.0065,1|2|3|4|5|6|7|8|9|10|11|12
G4,ELM,295,-52.0,963.0,5.56,0.0169,1|2|3|4|5|6|7|8|9|10|11|12
G4,HGR,295,-39.0,990.0,32.57,0.0305,1|2|3|4|5|6|7|8|9|10|11|12
G4,CHA,279,-54.0,886.0,18.3,0.0323,1|2|3|4|5|6|7|8|9|10|11|12
G4,DAY,278,-59.0,900.0,15.22,0.0432,1|2|3|4|5|6|7|8|9|10|11|12
G4,MSP,270,-65.0,960.0,5.19,0.0037,1|2|3|4|5|6|7|8|10|11|12
G4,MLB,262,-44.0,389.0,0.57,0.0229,1|2|3|4|5|6|7|8|9|10|11|12
G4,FCA,254,-53.0,1080.0,18.45,0.0118,1|2|3|4|5|6|7|8|9|10|11|12
G4,ROA,240,-38.0,953.0,20.84,0.0375,1|2|3|4|5|6|7|8|9|10|11|12
G4,GEG,237,-33.0,302.0,9.9,0.0084,1|2|3|4|5|6|7|8|9|10|11|12
G4,PVD,236,-60.0,936.0,11.89,0.0042,1|2|3|4|5|6|7|8|9|10|11|12
G4,MCO,230,-43.0,1212.0,29.21,0.0261,5|6|7|8|9|10|11|12
G4,BMI,230,-35.0,1067.0,23.46,0.0174,1|2|3|4|5|6|7|8|9|10|11|12
G4,ORF,226,-39.0,1189.0,23.52,0.0354,1|2|3|4|5|6|7|8
G4,GRI,225,-38.0,515.0,13.06,0.0178,1|2|3|4|5|6|7|8|9|10|11|12
G4,MCI,224,-46.0,824.0,11.46,0.0223,1|2|3|4|5|6|7|8|10|11|12
G4,CKB,207,-31.0,1235.0,35.43,0.0242,1|2|3|4|5|6|7|8|9|10|11|12
G4,CHS,206,-35.0,844.0,12.18,0.0291,1|2|3|4|5|6|7|8|9|10|11|12
G4,EVV,201,-49.0,1031.0,34.2,0.0398,1|2|3|4|5|6|7|8|9|10|11|12
G4,GFK,192,-72.0,975.0,0.95,0.0052,1|2|3|4|5|6|7|8|9|10|11|12
G4,GTF,174,-61.0,1185.0,38.39,0.0057,1|2|3|4|5|6|7|8|9|10|11|12
G4,SAN,174,-26.0,472.0,20.35,0.0115,1|2|3|4|5|6|7|8|9|10|11|12
G4,TRI,166,-41.0,864.0,31.52,0.0361,1|2|3|4|5|6|7|8|9|10|11|12
G4,OAK,156,-30.0,161.0,2.9,0.0128,1|5|6|7|8|9|10|11|12
G4,OKC,154,-45.0,434.0,11.84,0.0065,1|2|3|4|5|6|7|8
G4,SHV,151,-40.0,381.0,10.88,0.0199,1|2|3|4|5|6|7|8|9|10|11|12
G4,STC,149,-63.0,1014.0,-0.69,0.0134,1|2|3|4|5|6|7|8|10|11|12
G4,BWI,145,-43.0,1167.0,27.42,0.0138,1|2|3|4|5|6|7|8|9|10|11|12
G4,GSO,142,-39.0,960.0,31.5,0.0282,1|2|3|4|5|6|7|8|9|10|11|12
G4,LRD,133,-50.0,1254.0,19.9,0.015,1|2|3|4|5|6|7|8|9|10|11|12
G4,GJT,127,-42.0,1251.0,29.84,0.0157,1|2|3|4|5|6|7|8|9|10|11|12
G4,LIT,119,-31.0,384.0,31.75,0.0084,1|5|6|7|8|10|11|12
G4,SPI,107,-40.0,335.0,20.98,0.0187,1|2|3|4|5|6|7|8|10|11|12
G4,SMX,106,-30.0,1169.0,39.3,0.0,1|2|3|4|5|6|7|8|9|10|11|12
G4,MRY,106,-23.0,1118.0,51.11,0.0094,1|2|3|4|5|6|7|8|9|10|11|12
G4,PSP,102,-31.0,210.0,5.96,0.0,1|2|3|4|5|10|11|12
G4,ELP,92,-35.0,151.0,15.64,0.0217,1|3|4|5|6|7|8|9|10|11|12
G4,MSY,90,-39.0,1234.0,28.58,0.0111,1|2|3|4|5|6|7|8|10|11|12
G4,ROC,72,-42.0,1066.0,28.72,0.0139,1|2|3|4|10|11|12
G4,GPT,26,-23.0,221.0,41.08,0.0,5|6|7|8
G4,SAT,22,-26.0,1047.0,74.91,0.0,5|6|7|8
G4,RNO,3,6.0,204.0,73.0,0.0,1
G4,BTV,2,15.0,15.0,15.0,0.5,12
HA,HNL,31579,-78.0,737.0,4.46,0.0106,1|2|3|4|5|6|7|8|9|10|11|12
HA,OGG,13576,-70.0,1193.0,2.61,0.0093,1|2|3|4|5|6|7|8|9|10|11|12
HA,LIH,8765,-56.0,427.0,2.14,0.0132,1|2|3|4|5|6|7|8|9|10|11|12
HA,KOA,7771,-59.0,514.0,2.79,0.0082,1|2|3|4|5|6|7|8|9|10|11|12
HA,ITO,4928,-25.0,416.0,3.98,0.0108,1|2|3|4|5|6|7|8|9|10|11|12
HA,LAX,2320,-56.0,1076.0,10.58,0.0125,1|2|3|4|5|6|7|8|9|10|11|12
HA,LAS,1408,-51.0,1175.0,17.8,0.0028,1|2|3|4|5|6|7|8|9|10|11|12
HA,OAK,1008,-46.0,418.0,-2.9,0.0198,1|2|3|4|5|6|7|8|9|10|11|12
HA,SMF,953,-45.0,1036.0,4.95,0.0084,1|2|3|4|5|6|7|8|9|10|11|12
HA,SEA,758,-46.0,1084.0,16.87,0.0251,1|2|3|4|5|6|7|8|9|10|11|12
HA,SFO,756,-43.0,1056.0,4.05,0.0238,1|2|3|4|5|6|7|8|9|10|11|12
HA,PDX,736,-54.0,1072.0,9.24,0.0068,1|2|3|4|5|6|7|8|9|10|11|12
HA,SAN,711,-42.0,812.0,15.41,0.007,1|2|3|4|5|6|7|8|9|10|11|12
HA,SJC,684,-46.0,263.0,-6.24,0.0088,1|2|3|4|5|6|7|8|9|10|11|12
HA,LGB,663,-63.0,717.0,-4.61,0.006,1|2|3|4|5|6|7|8|9|10|11|12
HA,JFK,367,-48.0,978.0,8.36,0.0109,1|2|3|4|5|6|7|8|9|10|11|12
HA,ONT,366,-57.0,919.0,6.34,0.0055,1|2|3|4|5|6|7|8|9|10|11|12
HA,PHX,365,-58.0,997.0,5.58,0.0027,1|2|3|4|5|6|7|8|9|10|11|12
HA,SLC,229,-44.0,243.0,-0.21,0.0,5|6|7|8|9|10|11|12
HA,BOS,221,-48.0,1445.0,16.95,0.009,1|2|3|4|5|6|7|8|9|10|11|12
HA,AUS,166,-60.0,1734.0,36.62,0.006,1|2|3|4|5|6|7|8|9|10|11|12
HA,PPG,125,-25.0,1088.0,15.55,0.0,1|2|3|4|5|6|7|8|9|10|11|12
MQ,DFW,69827,-55.0,857.0,4.74,0.0158,1|2|3|4|5|6|7|8|9|10|11|12
MQ,ORD,33831,-56.0,938.0,7.45,0.0118,1|2|3|4|5|6|7|8|9|10|11|12
MQ,MIA,13985,-48.0,838.0,4.86,0.0148,1|2|3|4|5|6|7|8|9|10|11|12
MQ,PHX,8290,-49.0,693.0,0.27,0.003,1|2|3|4|5|6|7|8|9|10|11|12
MQ,CLT,6111,-41.0,1500.0,11.89,0.0146,1|2|3|4|5|6|7|8|9|10|11|12
MQ,XNA,5336,-40.0,887.0,7.97,0.0079,1|2|3|4|5|6|7|8|9|10|11|12
MQ,DCA,4245,-51.0,1339.0,7.21,0.013,1|2|3|4|5|6|7|8|9|10|11|12
MQ,SGF,3941,-46.0,945.0,11.1,0.015,1|2|3|4|5|6|7|8|9|10|11|12
MQ,LIT,3620,-47.0,828.0,12.8,0.0108,1|2|3|4|5|6|7|8|9|10|11|12
MQ,CMH,3114,-58.0,1709.0,7.1,0.0067,1|2|3|4|5|6|7|8|9|10|11|12
MQ,TLH,2808,-39.0,997.0,8.68,0.0164,1|2|3|4|5|6|7|8|9|10|11|12
MQ,CVG,2679,-38.0,775.0,9.32,0.0071,1|2|3|4|5|6|7|8|9|10|11|12
MQ,MAF,2554,-30.0,1011.0,9.59,0.0204,1|2|3|4|5|6|7|8|9|10|11|12
MQ,BNA,2526,-40.0,788.0,9.68,0.0234,1|2|3|4|5|6|7|8|9|10|11|12
MQ,BHM,2457,-39.0,908.0,6.19,0.0102,1|2|3|4|5|6|7|8|9|10|11|12
MQ,CRP,2437,-30.0,909.0,7.21,0.0197,1|2|3|4|5|6|7|8|9|10|11|12
MQ,ICT,2374,-43.0,846.0,6.13,0.0173,1|2|3|4|5|6|7|8|9|10|11|12
MQ,AUS,2280,-41.0,683.0,10.95,0.0145,1|2|3|4|5|6|7|8|9|10|11|12
MQ,OKC,2125,-36.0,1011.0,4.23,0.0188,1|2|3|4|5|6|7|8|9|10|11|12
MQ,AMA,2064,-32.0,599.0,5.55,0.017,1|2|3|4|5|6|7|8|9|10|11|12
MQ,EYW,2047,-41.0,1001.0,9.92,0.0288,1|2|3|4|5|6|7|8|9|10|11|12
MQ,LBB,1944,-35.0,1043.0,9.16,0.019,1|2|3|4|5|6|7|8|9|10|11|12
MQ,BOS,1930,-52.0,1281.0,5.55,0.015,1|2|3|4|5|6|7|8|9|10|11|12
MQ,HSV,1833,-43.0,710.0,12.19,0.0164,1|2|3|4|5|6|7|8|9|10|11|12
MQ,HOU,1790,-37.0,1554.0,8.67,0.0408,1|2|3|4|5|6|7|8|9|10|11|12
MQ,STL,1764,-41.0,1361.0,7.29,0.021,1|2|3|4|5|6|7|8|9|10|11|12
MQ,ABI,1756,-32.0,512.0,4.41,0.0085,1|2|3|4|5|6|7|8|9|10|11|12
MQ,FAR,1756,-57.0,1564.0,4.79,0.0091,1|2|3|4|5|6|7|8|9|10|11|12
MQ,TUL,1687,-39.0,675.0,2.46,0.013,1|2|3|4|5|6|7|8|9|10|11|12
MQ,COU,1675,-52.0,980.0,10.05,0.0203,1|2|3|4|5|6|7|8|9|10|11|12
MQ,GSP,1663,-48.0,630.0,8.35,0.009,1|2|3|4|5|6|7|8|9|10|11|12
MQ,ELP,1634,-37.0,971.0,7.17,0.008,1|2|3|4|5|6|7|8|9|10|11|12
MQ,LRD,1591,-30.0,1313.0,11.55,0.0163,1|2|3|4|5|6|7|8|9|10|11|12
MQ,SDF,1589,-53.0,927.0,7.21,0.0113,1|2|3|4|5|6|7|8|9|10|11|12
MQ,MEM,1586,-36.0,386.0,2.86,0.0101,1|2|3|4|5|6|7|8|9|10|11|12
MQ,HRL,1577,-31.0,465.0,5.08,0.0152,1|2|3|4|5|6|7|8|9|10|11|12
MQ,PNS,1516,-33.0,2196.0,8.19,0.0139,1|2|3|4|5|6|7|8|9|10|11|12
MQ,IAH,1460,-48.0,1492.0,7.93,0.0329,1|2|3|4|5|6|7|8|9|10|11|12
MQ,CMI,1381,-45.0,1069.0,8.1,0.0152,1|2|3|4|5|6|7|8|9|10|11|12
MQ,GSO,1327,-47.0,1012.0,5.55,0.006,1|2|3|4|5|6|7|8|9|10|11|12
MQ,GRK,1300,-30.0,905.0,9.79,0.0138,1|2|3|4|5|6|7|8|9|10|11|12
MQ,CHA,1246,-44.0,1149.0,12.87,0.0193,1|2|3|4|5|6|7|8|9|10|11|12
MQ,TPA,1245,-33.0,1529.0,14.83,0.0289,1|2|3|4|5|6|7|8|9|10|11|12
MQ,BRO,1241,-30.0,374.0,3.63,0.0145,1|2|3|4|5|6|7|8|9|10|11|12
MQ,RDU,1236,-43.0,1338.0,3.28,0.0105,1|2|3|4|5|6|7|8|9|10|11|12
MQ,MCI,1221,-41.0,489.0,2.46,0.0131,1|2|3|4|5|6|7|8|9|10|11|12
MQ,HPN,1206,-46.0,1035.0,3.25,0.0182,1|2|3|4|5|6|7|8|9|10|11|12
MQ,RAP,1183,-56.0,1483.0,8.02,0.0076,1|2|3|4|5|6|7|8|9|10|11|12
MQ,JAX,1177,-36.0,945.0,7.33,0.0136,1|2|3|4|5|6|7|8|9|10|11|12
MQ,CID,1177,-49.0,485.0,4.9,0.0195,1|2|3|4|5|6|7|8|9|10|11|12
MQ,AVL,1170,-41.0,638.0,19.99,0.0274,1|2|3|4|5|6|7|8|9|10|11|12
MQ,HHH,1104,-36.0,309.0,7.92,0.019,1|2|3|4|5|6|7|8|9|10|11|12
MQ,ILM,1092,-45.0,314.0,3.79,0.0082,1|2|3|4|5|6|7|8|9|10|11|12
MQ,JAN,1078,-34.0,1036.0,13.74,0.0213,1|2|3|4|5|6|7|8|9|10|11|12
MQ,MSY,1072,-36.0,402.0,6.47,0.0168,1|2|3|4|5|6|7|8|9|10|11|12
MQ,IND,1061,-36.0,360.0,3.79,0.0189,1|2|3|4|5|6|7|8|9|10|11|12
MQ,MOB,1041,-38.0,500.0,7.24,0.0192,1|2|3|4|5|6|7|8|9|10|11|12
MQ,TYS,1031,-35.0,488.0,7.36,0.0087,1|2|3|4|5|6|7|8|9|10|11|12
MQ,LEX,1016,-54.0,382.0,2.28,0.0148,1|2|3|4|5|6|7|8|9|10|11|12
MQ,FSM,1012,-50.0,1015.0,6.96,0.0217,1|2|3|4|5|6|7|8|9|10|11|12
MQ,BTR,990,-38.0,566.0,11.5,0.0212,1|2|3|4|5|6|7|8|9|10|11|12
MQ,MHK,976,-53.0,642.0,-3.42,0.0164,1|2|3|4|5|6|7|8|9|10|11|12
MQ,SAV,972,-39.0,941.0,5.19,0.0082,1|2|3|4|5|6|8|9|10|11|12
MQ,MLU,943,-37.0,461.0,8.77,0.018,1|2|3|4|5|6|7|8|9|10|11|12
MQ,CHS,919,-49.0,426.0,4.53,0.0152,1|2|3|4|5|6|7|8|9|10|11|12
MQ,DSM,916,-61.0,876.0,3.34,0.0186,1|2|3|4|5|6|7|8|9|10|11|12
MQ,BIL,911,-50.0,903.0,9.3,0.0044,1|2|3|4|5|6|7|8|9|10|11|12
MQ,ABQ,904,-38.0,488.0,3.26,0.0066,1|2|3|4|5|6|7|8|9|10|11|12
MQ,MSP,897,-45.0,397.0,8.89,0.0078,1|2|3|4|5|6|7|8|9|10|11|12
MQ,SYR,877,-54.0,481.0,-0.09,0.0068,1|2|3|4|5|6|7|8|9|10|11|12
MQ,FWA,877,-57.0,249.0,3.58,0.0046,1|2|3|4|5|6|7|8|9|10|11|12
MQ,DTW,850,-42.0,502.0,4.76,0.0282,1|2|3|4|5|6|7|8|9|10|11|12
MQ,SHV,839,-34.0,970.0,6.78,0.0179,1|2|3|4|5|6|7|8|9|10|11|12
MQ,ROC,831,-43.0,306.0,1.36,0.0072,1|2|3|4|5|6|7|8|9|10|11|12
MQ,CLL,830,-36.0,861.0,6.05,0.0217,1|2|3|4|5|6|7|8|9|10|11|12
MQ,EWR,793,-53.0,1244.0,11.34,0.0378,1|2|3|4|5|6|7|8|9|11|12
MQ,MLI,787,-53.0,613.0,3.07,0.0216,1|2|3|4|5|6|7|8|9|10|11|12
MQ,MFE,777,-31.0,1366.0,8.7,0.0167,1|2|3|4|5|6|7|8|9|10|11|12
MQ,FSD,775,-46.0,441.0,4.32,0.0335,1|2|3|4|5|6|7|8|9|10|11|12
MQ,TUS,774,-30.0,187.0,-0.58,0.0078,1|2|3|4|5|6|7|8|9|10|11|12
MQ,ECP,764,-43.0,371.0,9.85,0.0183,1|2|3|4|5|6|7|8|9|10|11|12
MQ,ATW,752,-42.0,1102.0,6.84,0.0133,1|2|3|4|5|6|7|8|9|10|11|12
MQ,GRR,742,-61.0,1521.0,13.82,0.0175,1|2|3|4|5|6|7|8|9|10|11|12
MQ,SJT,725,-29.0,868.0,9.48,0.0193,1|2|3|4|5|6|7|8|9|10|11
MQ,BMI,725,-60.0,739.0,2.69,0.0166,1|2|3|4|5|6|7|8|9|10|11|12
MQ,EVV,723,-48.0,320.0,2.88,0.0083,1|2|3|4|5|6|7|8|9|10|11|12
MQ,PIT,694,-49.0,261.0,3.21,0.0115,1|2|3|4|5|6|8|9|10|11|12
MQ,MSN,669,-37.0,454.0,12.33,0.0194,1|2|3|4|5|6|7|8|9|10|11|12
MQ,ATL,664,-38.0,1547.0,15.18,0.0196,1|2|3|4|5|6|7|8|9|10|11|12
MQ,TVC,651,-47.0,908.0,6.42,0.0031,1|2|3|4|5|6|7|8|9|10|11|12
MQ,PIA,616,-55.0,566.0,11.01,0.013,1|2|3|4|5|6|7|8|9|10|11|12
MQ,CLE,611,-45.0,503.0,2.08,0.0098,1|2|3|4|5|6|7|8|9|10|11|12
MQ,BIS,599,-57.0,596.0,5.57,0.0033,1|2|3|4|5|6|7|8|9|10|11|12
MQ,YUM,583,-28.0,464.0,1.12,0.0051,3|4|5|6|7|8|9|10|11|12
MQ,GNV,583,-41.0,935.0,3.23,0.0206,1|2|3|4|5|6|7|8|9|10|11|12
MQ,MGM,576,-49.0,734.0,2.13,0.0052,1|2|3|4|6|7|8|9|10|11
MQ,BDL,560,-50.0,781.0,1.68,0.0143,1|2|3|4|5|6|7|8|9|10|11|12
MQ,OMA,547,-46.0,287.0,3.21,0.0128,1|2|3|4|5|6|7|8|9|10|11|12
MQ,BWI,540,-40.0,326.0,-3.7,0.013,1|2|3|4|5|6|7|8|9|10|11|12
MQ,GPT,533,-41.0,979.0,13.32,0.0263,1|2|3|4|5|6|7|8|9|10|11|12
MQ,GCK,514,-33.0,931.0,14.64,0.0175,2|3|4|5|6|7|8|9|11|12
MQ,SEA,511,-59.0,1662.0,6.25,0.0,1|2|3|4|5|6|7|8|9|10|11
MQ,BUF,496,-40.0,500.0,2.56,0.0101,1|2|3|4|5|6|7|8|9|10|11|12
MQ,GJT,491,-36.0,1017.0,9.35,0.0061,1|2|3|4|5|6|7|8|9|10|11|12
MQ,AVP,481,-43.0,917.0,10.71,0.0125,1|2|3|4|5|6|7|8|9|10|11|12
MQ,MQT,479,-50.0,481.0,11.57,0.0042,2|3|4|5|6|7|8|9|10|11|12
MQ,MRY,477,-28.0,369.0,2.0,0.0042,1|2|4|5|6|7|8|9|10|11|12
MQ,PVD,463,-44.0,862.0,10.06,0.0043,1|2|3|4|5|6|7|8|9|10|11|12
MQ,TXK,437,-34.0,775.0,16.74,0.0114,2|3|4|5|6|7|8|9|10
MQ,TRI,437,-42.0,176.0,-3.91,0.0069,1|2|4|5|6|7|8|9|10|11|12
MQ,ORF,417,-38.0,698.0,4.36,0.0072,1|2|3|4|5|6|7|8|9|10|11|12
MQ,LFT,415,-29.0,547.0,9.82,0.012,1|4|5|6|7|8|9|10|11|12
MQ,RDM,404,-49.0,1006.0,1.13,0.005,6|7|8|9|10|11|12
MQ,GRB,394,-44.0,678.0,4.32,0.0178,1|2|3|4|5|6|7|8|9|10|11
MQ,VPS,382,-38.0,919.0,12.83,0.0288,1|2|4|5|6|7|8|9|10|11|12
MQ,MYR,382,-50.0,261.0,5.68,0.0105,2|3|4|5|6|7|8|9|10|11|12
MQ,SJC,362,-32.0,127.0,-3.17,0.0055,1|2|3|4|5|6|7|8|9|10|11|12
MQ,COS,355,-32.0,1327.0,13.14,0.0028,1|2|3|4|5|6|7|8|9|10|11
MQ,MSO,344,-39.0,242.0,9.5,0.0087,1|2|3|4|5|6|7|8|9|10|11|12
MQ,BFL,338,-30.0,190.0,-4.22,0.003,1|2|3|4|5|6|7|8|9|10|11|12
MQ,ACT,337,-35.0,1031.0,18.01,0.0208,1|2|3|4|5|6|7|8|9
MQ,BTV,336,-46.0,265.0,10.5,0.0208,6|7|8|9|10|11|12
MQ,LSE,331,-38.0,1025.0,7.29,0.0181,1|2|5|6|7|8|9|10|11|12
MQ,RST,329,-48.0,724.0,4.83,0.0,1|2|3|4|5|7|8|9|10|11
MQ,PWM,300,-42.0,275.0,4.66,0.0067,6|7|8|9|10|11
MQ,MHT,295,-39.0,647.0,0.79,0.0068,6|7|8|9|10|11
MQ,SBA,292,-29.0,175.0,-0.82,0.0103,5|6|7|8|11|12
MQ,RNO,278,-35.0,710.0,10.62,0.0036,1|5|6|7|8|9|10|11|12
MQ,BOI,267,-31.0,304.0,2.83,0.0037,1|2|3|4|5|6|11|12
MQ,SAT,260,-33.0,324.0,8.25,0.0115,1|2|3|4|5|6|7|8|9|10|11|12
MQ,BGR,249,-36.0,174.0,12.59,0.0161,6|7|8|9|10|11
MQ,STS,237,-36.0,286.0,3.41,0.0,4|5|6|7|8|9|10|11|12
MQ,SMF,235,-26.0,168.0,-2.86,0.0,1|2|3|4|5|6|7|9|10|12
MQ,GGG,230,-29.0,420.0,14.8,0.0217,5|6|7|8|9|10
MQ,RIC,223,-41.0,206.0,1.22,0.0045,1|2|4|5|6|10|11|12
MQ,TYR,191,-27.0,725.0,9.84,0.0157,7|8|9|10
MQ,AGS,190,-34.0,218.0,0.4,0.0263,1|4|5|6|9|10|11|12
MQ,BPT,188,-30.0,433.0,12.91,0.0213,1|2|3|4
MQ,ALB,186,-41.0,193.0,0.95,0.0,2|3|4|5|6|7|9|10
MQ,DAY,184,-44.0,553.0,6.12,0.0163,1|2|3|4|5|6|7|8|11|12
MQ,DEN,181,-28.0,446.0,9.05,0.0,6|7|8|9|10|11|12
MQ,SBP,165,-26.0,179.0,-2.88,0.0,1|2|6|7|9|10|11|12
MQ,ROW,163,-28.0,547.0,7.32,0.0061,2|3|4|5|6
MQ,SWO,160,-30.0,337.0,2.8,0.0063,2|3|4|5
MQ,LAW,151,-33.0,1656.0,9.8,0.0265,1|2|3|4
MQ,SLC,143,-47.0,266.0,-9.94,0.0,1|4|5|7|8|11|12
MQ,PSP,118,-27.0,143.0,4.08,0.0254,1|2|3|4|5|9|10|11
MQ,SPS,111,-34.0,200.0,-0.24,0.009,11|12
MQ,SAF,102,-23.0,515.0,21.83,0.0196,1|2|3|4|5|6
MQ,RSW,89,-39.0,300.0,22.09,0.0112,1|3|4|5
MQ,LCH,76,-21.0,822.0,38.33,0.0526,2|3|4|5|6|7|8
MQ,BZN,68,-35.0,156.0,-0.07,0.0,1|9|10|11|12
MQ,ONT,66,-28.0,46.0,-8.71,0.0,1|11|12
MQ,MTJ,61,-21.0,200.0,16.73,0.0328,4|5|6
MQ,MKE,57,-30.0,66.0,-2.36,0.0351,2|3|4|6|12
MQ,LAX,55,-25.0,228.0,10.36,0.0,11|12
MQ,CAE,55,-34.0,242.0,4.8,0.0,6|7|8|9|12
MQ,SFO,50,-30.0,88.0,8.24,0.0,1|2|4|5
MQ,BUR,47,-25.0,1773.0,33.94,0.0,10|11|12
MQ,PDX,47,-36.0,25.0,-10.81,0.0,2|3|4|12
MQ,FCA,39,-39.0,284.0,27.72,0.0,5|6|7|8
MQ,AEX,33,-21.0,538.0,39.12,0.0,9|10
MQ,DRO,27,-46.0,19.0,-20.3,0.0,12
MQ,LAS,26,-27.0,651.0,60.15,0.0,6|7|8
MQ,EUG,26,-37.0,1128.0,33.5,0.0,12
MQ,IAD,26,-33.0,145.0,8.24,0.0385,1
MQ,HDN,24,-34.0,94.0,6.92,0.0,1|2|3|12
MQ,MVY,22,-18.0,1678.0,103.64,0.0,6|7|8
MQ,ACK,22,-17.0,183.0,22.68,0.0,6|7|8
MQ,FAT,20,-24.0,4.0,-5.85,0.0,2|3|11
MQ,SRQ,17,-41.0,133.0,6.31,0.0588,4|12
MQ,SJU,15,-16.0,171.0,19.07,0.0,8|9
MQ,DAB,9,-11.0,62.0,10.56,0.0,2|3
NK,LAS,26212,-73.0,936.0,4.61,0.0116,1|2|3|4|5|6|7|8|9|10|11|12
NK,FLL,25625,-47.0,602.0,14.19,0.0164,1|2|3|4|5|6|7|8|9|10|11|12
NK,MCO,22872,-45.0,1242.0,9.74,0.018,1|2|3|4|5|6|7|8|9|10|11|12
NK,LAX,11446,-76.0,928.0,2.52,0.0116,1|2|3|4|5|6|7|8|9|10|11|12
NK,EWR,10733,-67.0,756.0,6.47,0.0318,1|2|3|4|5|6|7|8|9|10|11|12
NK,DTW,10546,-61.0,1280.0,0.85,0.014,1|2|3|4|5|6|7|8|9|10|11|12
NK,ATL,10183,-53.0,975.0,13.29,0.0171,1|2|3|4|5|6|7|8|9|10|11|12
NK,DFW,10113,-47.0,784.0,11.74,0.0131,1|2|3|4|5|6|7|8|9|10|11|12
NK,IAH,9765,-47.0,1048.0,9.84,0.0217,1|2|3|4|5|6|7|8|9|10|11|12
NK,ORD,8486,-64.0,938.0,13.42,0.0179,1|2|3|4|5|6|7|8|9|10|11|12
NK,LGA,8089,-60.0,1327.0,2.88,0.0245,1|2|3|4|5|6|7|8|9|10|11|12
NK,BOS,6993,-63.0,1052.0,12.28,0.0329,1|2|3|4|5|6|7|8|9|10|11|12
NK,BWI,6734,-71.0,741.0,8.21,0.0177,1|2|3|4|5|6|7|8|9|10|11|12
NK,TPA,5859,-51.0,854.0,5.07,0.03,1|2|3|4|5|6|7|8|9|10|11|12
NK,MIA,5622,-48.0,870.0,7.48,0.0181,1|2|3|4|5|6|7|8|9|10|11|12
NK,MSY,5223,-47.0,896.0,7.44,0.0211,1|2|3|4|5|6|7|8|9|10|11|12
NK,PHL,4905,-63.0,734.0,5.49,0.0194,1|2|3|4|5|6|7|8|9|10|11|12
NK,CLT,4871,-56.0,847.0,16.52,0.0273,1|2|3|4|5|6|7|8|9|10|11|12
NK,MYR,4776,-48.0,861.0,4.86,0.0255,1|2|3|4|5|6|7|8|9|10|11|12
NK,SJU,4740,-56.0,1388.0,10.03,0.0205,1|2|3|4|5|6|7|8|9|10|11|12
NK,BNA,3803,-48.0,993.0,10.17,0.0284,1|2|3|4|5|6|7|8|9|10|11|12
NK,PIT,3478,-63.0,1060.0,12.06,0.0288,1|2|3|4|5|6|7|8|9|10|11|12
NK,ACY,3039,-53.0,730.0,1.76,0.0184,1|2|3|4|5|6|7|8|9|10|11|12
NK,SAN,2882,-41.0,695.0,9.58,0.0198,1|2|3|4|5|6|7|8|9|10|11|12
NK,OAK,2861,-41.0,806.0,4.94,0.0192,1|2|3|4|5|6|7|8|9|10|11|12
NK,SJC,2630,-43.0,954.0,8.48,0.0133,1|2|3|4|5|6|7|8|9|10|11|12
NK,CMH,2540,-117.0,822.0,4.36,0.0197,1|2|3|4|5|6|7|8|9|10|11|12
NK,RSW,2443,-55.0,753.0,8.94,0.0233,1|2|3|4|5|6|7|8|9|10|11|12
NK,IND,2313,-49.0,1079.0,8.1,0.0264,1|2|3|4|5|6|7|8|9|10|11|12
NK,SAT,2113,-43.0,1003.0,8.37,0.0222,1|2|3|4|5|6|7|8|9|10|11|12
NK,BUR,1919,-34.0,711.0,11.37,0.0177,1|2|3|4|5|6|7|8|9|10|11|12
NK,MCI,1812,-50.0,1421.0,6.7,0.0232,1|2|3|4|5|6|7|8|9|10|11|12
NK,SMF,1784,-38.0,816.0,9.28,0.0157,1|2|3|4|5|6|7|8|9|10|11|12
NK,PDX,1716,-57.0,1027.0,7.8,0.0204,1|2|3|4|5|6|7|8|9|10|11|12
NK,CHS,1284,-43.0,415.0,13.05,0.0312,1|2|3|4|5|6|7|8|9|10|11|12
NK,SLC,1269,-45.0,920.0,7.15,0.011,1|2|3|4|5|6|7|8|9|10|11|12
NK,SNA,1224,-34.0,293.0,4.25,0.018,1|2|3|4|5|6|7|8|9|10|11|12
NK,MSP,1180,-47.0,1139.0,10.96,0.011,1|2|3|4|5|6|7|8|9|10|11|12
NK,RNO,1154,-43.0,1044.0,5.05,0.0182,1|2|3|4|5|6|7|8|9|10|11|12
NK,PHX,1138,-51.0,708.0,15.5,0.0211,1|2|3|4|5|6|7|8|9|10|11|12
NK,RIC,1107,-51.0,931.0,12.17,0.0181,1|2|3|4|5|6|7|8|9|10|11|12
NK,AUS,1089,-47.0,602.0,11.22,0.0248,1|2|3|4|5|6|7|8|9|10|11|12
NK,STT,1039,-52.0,1180.0,6.65,0.0144,1|2|3|4|5|6|7|8|9|10|11|12
NK,CLE,1006,-51.0,900.0,4.89,0.0239,1|2|3|4|5|6|7|8|9|10|11|12
NK,PNS,960,-41.0,407.0,6.81,0.026,1|2|3|4|5|6|7|8|9|10|11|12
NK,ORF,949,-55.0,1057.0,13.79,0.0306,1|2|3|4|5|6|7|8|9|10|11|12
NK,SEA,949,-46.0,794.0,9.16,0.0105,1|2|3|4|5|6|7|8|9|10|11|12
NK,MEM,939,-56.0,1127.0,2.64,0.016,1|2|3|4|5|6|7|8|9|10|11|12
NK,SDF,863,-45.0,936.0,11.61,0.0151,1|2|3|4|5|6|7|8|9|10|11|12
NK,MKE,777,-66.0,891.0,0.08,0.0219,1|2|3|4|5|6|7|8|9|10|11|12
NK,BDL,594,-126.0,478.0,5.65,0.0185,1|2|3|4|5|6|7|8|9|10|11|12
NK,LBE,575,-47.0,588.0,-4.21,0.0243,1|2|3|4|5|6|7|8|9|10|11|12
NK,BOI,542,-37.0,242.0,4.36,0.0203,1|2|3|4|5|6|7|8|9|10|11|12
NK,ABQ,525,-41.0,512.0,5.21,0.0114,1|2|3|4|5|6|7|8|9|10|11|12
NK,ROC,497,-49.0,342.0,3.66,0.0161,1|2|3|4|5|6|7|8|9|10|11|12
NK,PBI,461,-42.0,503.0,1.49,0.0174,1|2|3|4|5|6|7|8|9|10|11|12
NK,RDU,438,-39.0,518.0,16.21,0.0137,1|2|3|4|5|6|7|8|9|10|11|12
NK,STL,427,-42.0,936.0,23.09,0.0398,1|2|3|4|5|6|7|8|9|10|11|12
NK,STX,282,-48.0,337.0,14.16,0.0284,1|2|3|4|5|6|7|8|9|10|11|12
NK,MHT,127,-51.0,1016.0,14.31,0.0394,1|2|3|4|5
NK,BHM,73,-22.0,107.0,11.7,0.0,10|11|12
NK,DEN,36,-36.0,749.0,37.86,0.0,1
NK,LFT,1,59.0,59.0,59.0,0.0,1
OH,CLT,56738,-48.0,1460.0,8.27,0.0119,1|2|3|4|5|6|7|8|9|10|11|12
OH,DCA,36653,-64.0,1719.0,9.26,0.0211,1|2|3|4|5|6|7|8|9|10|11|12
OH,PHL,12381,-51.0,1759.0,8.51,0.0145,1|2|3|4|5|6|7|8|9|10|11|12
OH,DFW,9235,-54.0,1521.0,15.32,0.0253,1|2|3|4|5|6|7|8|9|10|11|12
OH,BHM,3969,-45.0,1466.0,11.32,0.0149,1|2|3|4|5|6|7|8|9|10|11|12
OH,GSP,3895,-48.0,1007.0,6.79,0.01,1|2|3|4|5|6|7|8|9|10|11|12
OH,TYS,3666,-46.0,1391.0,7.86,0.0145,1|2|3|4|5|6|7|8|9|10|11|12
OH,DAY,3616,-53.0,872.0,5.13,0.0102,1|2|3|4|5|6|7|8|9|10|11|12
OH,SAV,3478,-41.0,1858.0,5.45,0.0127,1|2|3|4|5|6|7|8|9|10|11|12
OH,ORF,3099,-43.0,1214.0,6.18,0.011,1|2|3|4|5|6|7|8|9|10|11|12
OH,HPN,2787,-49.0,1207.0,13.69,0.0244,1|2|3|4|5|6|7|8|9|10|11|12
OH,PNS,2625,-42.0,1576.0,17.08,0.0095,1|2|3|4|5|6|7|8|9|10|11|12
OH,GSO,2539,-47.0,1205.0,6.83,0.0114,1|2|3|4|5|6|7|8|9|10|11|12
OH,HSV,2534,-46.0,1590.0,16.31,0.0209,1|2|3|4|5|6|7|8|9|10|11|12
OH,ATL,2483,-53.0,1873.0,15.76,0.0161,1|2|3|4|5|6|7|8|9|10|11|12
OH,CVG,2480,-38.0,1549.0,12.52,0.0105,1|2|3|4|5|6|7|8|9|10|11|12
OH,BNA,2397,-46.0,1067.0,10.34,0.02,1|2|3|4|5|6|7|8|9|10|11|12
OH,MHT,2316,-45.0,1201.0,7.39,0.0177,1|2|3|4|5|6|7|8|9|10|11|12
OH,MYR,2246,-52.0,1412.0,7.07,0.0183,1|2|3|4|5|6|7|8|9|10|11|12
OH,CAE,2215,-42.0,1190.0,8.72,0.0131,1|2|3|4|5|6|7|8|9|10|11|12
OH,AVL,2074,-48.0,1453.0,11.16,0.0284,1|2|3|4|5|6|7|8|9|10|11|12
OH,ILM,1994,-47.0,1555.0,8.84,0.0155,1|2|3|4|5|6|7|8|9|10|11|12
OH,BTR,1914,-45.0,1625.0,11.57,0.0167,1|2|3|4|5|6|7|8|9|10|11|12
OH,BTV,1750,-58.0,1609.0,12.06,0.0183,1|2|3|4|5|6|7|8|9|10|11|12
OH,CHS,1738,-40.0,884.0,5.09,0.0184,1|2|3|4|5|6|7|8|9|10|11|12
OH,SHV,1712,-35.0,1925.0,16.75,0.0269,1|2|3|4|5|6|7|8|9|10|11|12
OH,SDF,1662,-46.0,2319.0,17.4,0.0114,1|2|3|4|5|6|7|8|9|10|11|12
OH,IAD,1656,-69.0,1389.0,5.48,0.0109,1|2|3|4|5|6|7|8|9|10|11|12
OH,CAK,1645,-44.0,1539.0,7.43,0.0073,1|2|3|4|5|6|7|8|9|10|11|12
OH,PVD,1640,-38.0,1253.0,10.35,0.0213,1|2|3|4|5|6|7|8|9|10|11|12
OH,AGS,1570,-44.0,1839.0,19.76,0.0274,1|2|3|4|5|6|7|8|9|10|11|12
OH,LEX,1516,-47.0,1547.0,6.9,0.0099,1|2|3|4|5|6|7|8|9|10|11|12
OH,CLE,1510,-45.0,1473.0,8.89,0.0132,1|2|3|4|5|6|7|8|9|10|11|12
OH,BDL,1486,-44.0,1588.0,12.62,0.0256,1|2|3|4|5|6|7|8|9|10|11|12
OH,CHA,1469,-56.0,587.0,8.15,0.0102,1|2|3|4|5|6|7|8|9|10|11|12
OH,CRW,1436,-54.0,1166.0,10.97,0.0118,1|2|3|4|5|6|7|8|9|10|11|12
OH,JAN,1332,-44.0,905.0,15.89,0.024,1|2|3|4|5|6|7|8|9|10|11|12
OH,CMH,1325,-41.0,1459.0,10.74,0.0106,1|2|3|4|5|6|7|8|9|10|11|12
OH,GPT,1228,-42.0,1336.0,7.74,0.0081,1|2|3|4|5|6|7|8|9|10|11|12
OH,DTW,1181,-47.0,1739.0,7.53,0.0195,1|2|3|4|5|6|7|8|9|10|11|12
OH,SBN,1165,-41.0,1558.0,10.57,0.0086,1|2|3|4|5|6|7|8|9|10|11|12
OH,ABE,1163,-50.0,1513.0,4.45,0.0129,1|2|3|4|5|6|7|8|9|10|11|12
OH,ALB,1162,-57.0,1371.0,13.64,0.031,1|2|3|4|5|6|7|8|9|10|11|12
OH,MLB,1154,-33.0,1569.0,6.97,0.0199,1|2|3|4|5|6|7|8|9|10|11|12
OH,DAB,1098,-45.0,1168.0,2.7,0.0282,1|2|3|4|5|6|7|8|9|10|11|12
OH,MSN,1089,-40.0,1235.0,10.71,0.0101,1|2|3|4|5|6|7|8|9|10|11|12
OH,LFT,1084,-38.0,2108.0,23.36,0.0351,1|2|3|4|5|6|7|8|9|10|11|12
OH,ECP,1058,-41.0,1662.0,14.59,0.0076,1|2|3|4|5|6|7|8|9|10|11|12
OH,JAX,1047,-41.0,1482.0,12.25,0.0143,1|2|3|4|5|6|7|8|9|10|11|12
OH,MKE,993,-47.0,1270.0,14.1,0.0181,1|2|3|4|5|6|7|8|9|10|11|12
OH,SGF,974,-32.0,2614.0,26.55,0.0082,1|2|3|4|5|6|7|8|9|10|11|12
OH,OAJ,945,-35.0,691.0,11.75,0.018,1|2|3|4|5|6|7|8|9|10|11|12
OH,PIA,940,-45.0,1499.0,13.58,0.0149,1|2|3|4|5|6|7|8|9|10|11|12
OH,TLH,909,-44.0,1750.0,15.42,0.0231,1|2|3|4|5|6|7|8|9|10|11|12
OH,BUF,896,-39.0,1307.0,17.21,0.0257,1|2|3|6|7|8|9|10|11|12
OH,RDU,858,-36.0,1755.0,16.58,0.014,1|2|3|4|5|6|7|8|9|10|11|12
OH,BGR,807,-55.0,1251.0,-0.09,0.031,1|2|3|4|5|6|7|8|9|10|11|12
OH,PWM,775,-51.0,1249.0,10.18,0.0155,1|2|3|4|5|6|7|8|9|10|11|12
OH,LIT,761,-50.0,2684.0,22.58,0.0197,1|2|3|4|5|6|7|8|9|10|11|12
OH,TUL,759,-42.0,1443.0,15.27,0.0132,1|2|3|4|5|6|7|8|9|10|11|12
OH,MEM,753,-41.0,1290.0,7.73,0.0093,1|2|3|4|5|6|7|8|9|10|11|12
OH,GNV,740,-39.0,1464.0,11.38,0.0405,1|4|5|6|7|8|9|10|11|12
OH,MLI,721,-47.0,1893.0,10.29,0.0194,1|2|3|4|5|6|7|8|9|10|11|12
OH,GRR,720,-38.0,1085.0,15.19,0.0278,1|2|3|4|5|6|7|8|9|10|11|12
OH,ROC,718,-37.0,1120.0,9.53,0.0125,1|2|3|4|5|6|7|8|9|10|11|12
OH,VPS,715,-37.0,1607.0,13.91,0.0196,1|2|3|4|5|6|7|8|9|10|11|12
OH,PIT,696,-39.0,1130.0,7.59,0.0273,1|2|3|4|5|6|7|8|9|10|11|12
OH,CID,682,-46.0,1640.0,7.69,0.0337,1|2|3|4|5|6|7|8|9|10|11|12
OH,MSP,671,-43.0,1579.0,22.35,0.0238,1|2|3|4|5|6|7|8|9|10|11|12
OH,MSY,658,-40.0,473.0,8.07,0.0228,1|2|3|4|5|6|7|8|9|10|11|12
OH,MDT,655,-40.0,1237.0,7.85,0.0076,1|2|3|4|5|6|7|8|9|10|11|12
OH,FAY,640,-52.0,841.0,7.48,0.0141,1|2|3|4|5|6|7|8|9|10|11|12
OH,MGM,493,-41.0,1186.0,20.42,0.0446,1|2|3|4|5|6|7|8|9|10|11|12
OH,MCI,493,-54.0,1301.0,20.03,0.0264,1|2|3|4|5|6|10|11|12
OH,SYR,475,-48.0,1341.0,15.69,0.0105,1|2|3|4|5|6|7|8|9|10|11|12
OH,DSM,474,-47.0,477.0,10.89,0.019,1|2|3|4|5|6|8|9|10|11|12
OH,RIC,469,-31.0,386.0,6.12,0.0128,4|5|6|7|8|10|11|12
OH,STL,449,-40.0,1113.0,14.12,0.0178,1|2|3|4|5|6|7|8|9|10|11|12
OH,SRQ,384,-40.0,1198.0,10.37,0.0443,1|3|4|5|6|7|8|9|10|11|12
OH,ICT,315,-30.0,1544.0,22.94,0.0063,8|9|10|11|12
OH,OKC,305,-43.0,1234.0,22.33,0.0197,1|2|3|4|5|6|7|8|9|10|11|12
OH,LAN,294,-41.0,1020.0,17.65,0.0306,1|2|3|4|5|6|7|8|9|10|11|12
OH,IND,294,-37.0,394.0,6.26,0.0102,1|2|3|4|5|6|7|8|11|12
OH,ROA,249,-30.0,1120.0,17.02,0.012,1|2|4|5|6|8|9|10|11|12
OH,AVP,238,-48.0,2190.0,11.34,0.0126,1|2|3|4|5|6|7|8|12
OH,XNA,225,-42.0,1209.0,14.85,0.0267,1|2|3|4|5|6|8|10|11|12
OH,TRI,214,-54.0,1449.0,7.43,0.0187,1|2|3|4|10|11|12
OH,FWA,167,-40.0,223.0,2.8,0.0,10|11|12
OH,TVC,152,-37.0,211.0,6.95,0.0,6|7|8|9|10|11
OH,HOU,151,-30.0,1060.0,33.31,0.0728,6|7|8
OH,OMA,91,-33.0,1139.0,20.02,0.011,9|10|11|12
OH,CHO,63,-28.0,89.0,-1.38,0.0,3|4|10|11
OH,EWN,51,-31.0,1027.0,58.49,0.0784,7|8|9
OH,IAH,37,-42.0,176.0,9.22,0.0,11|12
OH,RSW,33,-43.0,316.0,15.58,0.0606,1|12
OH,BWI,27,-26.0,101.0,4.37,0.0,2|3|4|5|8|12
OH,AUS,25,-32.0,165.0,0.04,0.0,3|4
OH,MOB,25,-29.0,1305.0,130.09,0.08,12
OH,EVV,22,-35.0,317.0,4.0,0.0,10
OH,SCE,13,-18.0,35.0,-0.27,0.1538,1|8
OO,DEN,59700,-56.0,1425.0,5.72,0.0134,1|2|3|4|5|6|7|8|9|10|11|12
OO,ORD,53605,-69.0,1398.0,12.43,0.0174,1|2|3|4|5|6|7|8|9|10|11|12
OO,LAX,38236,-52.0,1261.0,4.03,0.0036,1|2|3|4|5|6|7|8|9|10|11|12
OO,SFO,31624,-61.0,1325.0,8.17,0.0136,1|2|3|4|5|6|7|8|9|10|11|12
OO,SLC,31497,-61.0,1466.0,-0.26,0.0028,1|2|3|4|5|6|7|8|9|10|11|12
OO,SEA,26480,-49.0,1197.0,4.05,0.004,1|2|3|4|5|6|7|8|9|10|11|12
OO,DTW,26098,-68.0,1541.0,11.24,0.0072,1|2|3|4|5|6|7|8|9|10|11|12
OO,PHX,25303,-49.0,1479.0,1.95,0.0023,1|2|3|4|5|6|7|8|9|10|11|12
OO,MSP,25072,-72.0,1275.0,7.46,0.0074,1|2|3|4|5|6|7|8|9|10|11|12
OO,DFW,24258,-61.0,1136.0,5.72,0.0202,1|2|3|4|5|6|7|8|9|10|11|12
OO,IAH,12947,-62.0,1164.0,13.69,0.0267,1|2|3|4|5|6|7|8|9|10|11|12
OO,SAN,12297,-40.0,1035.0,11.63,0.0093,1|2|3|4|5|6|7|8|9|10|11|12
OO,BOI,11284,-48.0,1299.0,2.87,0.0035,1|2|3|4|5|6|7|8|9|10|11|12
OO,PDX,10622,-43.0,1156.0,3.85,0.0058,1|2|3|4|5|6|7|8|9|10|11|12
OO,SMF,8626,-47.0,1513.0,1.52,0.0037,1|2|3|4|5|6|7|8|9|10|11|12
OO,SJC,8587,-47.0,1099.0,-0.01,0.002,1|2|3|4|5|6|7|8|9|10|11|12
OO,ATL,8170,-46.0,1234.0,17.55,0.0077,1|2|3|4|5|6|7|8|9|10|11|12
OO,TUS,7934,-47.0,1383.0,5.07,0.0035,1|2|3|4|5|6|7|8|9|10|11|12
OO,ASE,7823,-58.0,1523.0,20.62,0.066,1|2|3|4|5|6|7|8|9|10|11|12
OO,OKC,6679,-49.0,1603.0,5.14,0.0064,1|2|3|4|5|6|7|8|9|10|11|12
OO,FAT,6632,-48.0,1394.0,4.26,0.0051,1|2|3|4|5|6|7|8|9|10|11|12
OO,GEG,5950,-57.0,1204.0,0.51,0.0039,1|2|3|4|5|6|7|8|9|10|11|12
OO,PSP,5416,-52.0,1201.0,6.83,0.0076,1|2|3|4|5|6|7|8|9|10|11|12
OO,MKE,5201,-54.0,1232.0,8.63,0.0163,1|2|3|4|5|6|7|8|9|10|11|12
OO,COS,4997,-52.0,1107.0,2.16,0.0116,1|2|3|4|5|6|7|8|9|10|11|12
OO,SBN,4583,-57.0,1210.0,9.41,0.0166,1|2|3|4|5|6|7|8|9|10|11|12
OO,OMA,4297,-58.0,1536.0,7.2,0.0084,1|2|3|4|5|6|7|8|9|10|11|12
OO,RNO,4270,-46.0,1216.0,6.53,0.0068,1|2|3|4|5|6|7|8|9|10|11|12
OO,PSC,4139,-49.0,1107.0,0.1,0.0031,1|2|3|4|5|6|7|8|9|10|11|12
OO,BNA,4121,-46.0,1087.0,9.49,0.017,1|2|3|4|5|6|7|8|9|10|11|12
OO,LGA,4114,-69.0,1264.0,14.55,0.0282,1|2|3|4|5|6|7|8|9|10|11|12
OO,BUR,4105,-41.0,1237.0,9.35,0.01,1|2|3|4|5|6|7|8|9|10|11|12
OO,SNA,4025,-45.0,1049.0,14.47,0.0117,1|2|3|4|5|6|7|8|9|10|11|12
OO,ABQ,3980,-47.0,898.0,-2.05,0.0045,1|2|3|4|5|6|7|8|9|10|11|12
OO,SBP,3857,-40.0,1022.0,6.14,0.0119,1|2|3|4|5|6|7|8|9|10|11|12
OO,RDM,3818,-45.0,1328.0,10.2,0.0204,1|2|3|4|5|6|7|8|9|10|11|12
OO,ATW,3684,-54.0,1212.0,16.0,0.0206,1|2|3|4|5|6|7|8|9|10|11|12
OO,AUS,3679,-55.0,1352.0,17.05,0.0033,1|2|3|4|5|6|7|8|9|10|11|12
OO,TUL,3496,-50.0,1195.0,1.09,0.0069,1|2|3|4|5|6|7|8|9|10|11|12
OO,MRY,3448,-42.0,1254.0,5.82,0.0087,1|2|3|4|5|6|7|8|9|10|11|12
OO,ICT,3233,-51.0,1127.0,9.14,0.0105,1|2|3|4|5|6|7|8|9|10|11|12
OO,MAF,3186,-44.0,930.0,5.98,0.0113,1|2|3|4|5|6|7|8|9|10|11|12
OO,GRB,3072,-42.0,1331.0,8.73,0.015,1|2|3|4|5|6|7|8|9|10|11|12
OO,DRO,3058,-63.0,1361.0,9.1,0.0095,1|2|3|4|5|6|7|8|9|10|11|12
OO,SGU,3018,-49.0,1313.0,0.04,0.003,1|2|3|4|5|6|7|8|9|10|11|12
OO,STS,2950,-34.0,455.0,9.52,0.0047,1|2|3|4|5|6|7|8|9|10|11|12
OO,JFK,2926,-57.0,1213.0,14.11,0.029,1|2|3|4|5|6|7|8|9|10|11|12
OO,FAR,2859,-55.0,1653.0,13.8,0.0122,1|2|3|4|5|6|7|8|9|10|11|12
OO,MFR,2856,-47.0,1299.0,2.87,0.0095,1|2|3|4|5|6|7|8|9|10|11|12
OO,IDA,2839,-77.0,1237.0,1.71,0.0053,1|2|3|4|5|6|7|8|9|10|11|12
OO,SAF,2800,-56.0,1445.0,8.41,0.015,1|2|3|4|5|6|7|8|9|10|11|12
OO,ONT,2706,-47.0,1020.0,2.67,0.0041,1|2|3|4|5|6|7|8|9|10|11|12
OO,IAD,2699,-51.0,1362.0,14.05,0.0141,1|2|3|4|5|6|7|8|9|10|11|12
OO,GJT,2612,-42.0,1257.0,7.23,0.0088,1|2|3|4|5|6|7|8|9|10|11|12
OO,FWA,2602,-51.0,993.0,14.67,0.0111,1|2|3|4|5|6|7|8|9|10|11|12
OO,FSD,2580,-51.0,1493.0,2.66,0.0085,1|2|3|4|5|6|7|8|9|10|11|12
OO,EUG,2546,-46.0,738.0,2.7,0.0137,1|2|3|4|5|6|7|8|9|10|11|12
OO,SGF,2460,-51.0,1166.0,14.23,0.0102,1|2|3|4|5|6|7|8|9|10|11|12
OO,XNA,2378,-53.0,1211.0,3.48,0.0076,1|2|3|4|5|6|7|8|9|10|11|12
OO,ELP,2293,-38.0,1358.0,3.38,0.0065,1|2|3|4|5|6|7|8|9|10|11|12
OO,LAS,2227,-33.0,449.0,17.45,0.0153,1|2|3|4|5|6|7|8|9|10|11|12
OO,MSN,2224,-42.0,1448.0,10.95,0.0148,1|2|3|4|5|6|7|8|9|10|11|12
OO,BIS,2181,-49.0,1278.0,8.41,0.0101,1|2|3|4|5|6|7|8|9|10|11|12
OO,RAP,2142,-58.0,1016.0,5.69,0.0117,1|2|3|4|5|6|7|8|9|10|11|12
OO,GRR,2113,-51.0,1259.0,11.01,0.0189,1|2|3|4|5|6|7|8|9|10|11|12
OO,MBS,2110,-44.0,844.0,10.79,0.0147,1|2|3|4|5|6|7|8|9|10|11|12
OO,BZN,2011,-49.0,1103.0,2.77,0.0055,1|2|3|4|5|6|7|8|9|10|11|12
OO,GTF,2004,-43.0,972.0,-1.44,0.005,1|2|3|4|5|6|7|8|9|10|11|12
OO,SUN,1999,-47.0,1381.0,6.02,0.011,1|2|3|4|5|6|7|8|9|10|11|12
OO,MOT,1989,-59.0,1064.0,10.14,0.0156,1|2|3|4|5|6|7|8|9|10|11|12
OO,MDW,1982,-41.0,1373.0,9.98,0.0071,1|2|3|4|5|6|7|8|9|10|11|12
OO,XWA,1968,-50.0,1386.0,12.4,0.0158,1|2|3|4|5|6|7|8|9|10|11|12
OO,CID,1924,-41.0,1400.0,13.86,0.0234,1|2|3|4|5|6|7|8|9|10|11|12
OO,LIT,1919,-47.0,1206.0,9.36,0.0151,1|2|3|4|5|6|7|8|9|10|11|12
OO,SDF,1889,-44.0,1047.0,7.12,0.0064,1|2|3|4|5|6|7|8|9|10|11|12
OO,LEX,1885,-49.0,935.0,4.07,0.0095,1|2|3|4|5|6|7|8|9|10|11|12
OO,FLG,1846,-41.0,1482.0,9.14,0.0043,1|2|3|4|5|6|7|8|9|10|11|12
OO,LNK,1819,-47.0,1373.0,7.47,0.0066,1|2|3|4|5|6|7|8|9|10|11|12
OO,CRW,1810,-43.0,1224.0,18.64,0.0133,1|2|3|4|5|6|7|8|9|10|11|12
OO,SBA,1775,-39.0,1480.0,8.09,0.0146,1|2|3|4|5|6|7|8|9|10|11|12
OO,CPR,1769,-49.0,521.0,-2.24,0.0073,1|2|3|4|5|6|7|8|9|10|11|12
OO,EGE,1758,-50.0,1731.0,4.0,0.0114,1|2|3|4|5|6|7|8|9|10|11|12
OO,ACV,1734,-43.0,1433.0,17.97,0.019,1|2|3|4|5|6|7|8|9|10|11|12
OO,HSV,1715,-46.0,1407.0,10.96,0.0093,1|2|3|4|5|6|7|8|9|10|11|12
OO,CLE,1673,-38.0,1078.0,5.86,0.0084,1|2|3|4|5|6|7|8|9|10|11|12
OO,BHM,1589,-49.0,953.0,10.08,0.0088,1|2|3|4|5|6|7|8|9|10|11|12
OO,MLI,1575,-42.0,1235.0,13.9,0.0216,1|2|3|4|5|6|7|8|9|10|11|12
OO,TYS,1575,-58.0,1295.0,2.87,0.0146,1|2|3|4|5|6|7|8|9|10|11|12
OO,DAY,1574,-55.0,1134.0,5.75,0.0095,1|2|3|4|5|6|7|8|9|10|11|12
OO,HLN,1553,-53.0,1369.0,7.36,0.0058,1|2|3|4|5|6|7|8|9|10|11|12
OO,RDD,1484,-40.0,1218.0,4.56,0.0047,1|2|3|4|5|6|7|8|9|10|11|12
OO,FCA,1447,-42.0,996.0,1.59,0.0083,1|2|3|4|5|6|7|8|9|10|11|12
OO,DLH,1433,-49.0,1149.0,8.12,0.0119,1|2|3|4|5|6|7|8|9|10|11|12
OO,BFL,1414,-51.0,701.0,-1.51,0.0042,1|2|3|4|5|6|7|8|9|10|11|12
OO,OAK,1349,-33.0,384.0,-1.7,0.003,1|2|3|4|5|6|7|8|9|10|11|12
OO,BIL,1343,-44.0,430.0,-0.82,0.006,1|2|3|4|5|6|7|8|9|10|11|12
OO,CMH,1329,-40.0,1268.0,7.98,0.0015,1|2|3|4|5|6|7|8|9|10|11|12
OO,LBB,1180,-39.0,1655.0,8.79,0.0203,1|2|3|4|5|6|7|8|9|10|11|12
OO,TVC,1180,-43.0,1266.0,17.89,0.0153,1|2|3|4|5|6|7|8|9|10|11|12
OO,IND,1146,-36.0,1484.0,9.99,0.0148,1|2|3|4|5|6|7|8|9|10|11|12
OO,MSO,1138,-39.0,924.0,4.19,0.0079,1|2|3|4|5|6|7|8|9|10|11|12
OO,YUM,1134,-37.0,1123.0,8.51,0.0026,1|2|3|4|5|6|7|8|9|10|11|12
OO,JAC,1130,-57.0,1464.0,3.92,0.0159,1|2|3|4|5|6|7|8|9|10|11|12
OO,MCI,1120,-71.0,1253.0,7.89,0.0179,1|2|3|4|5|6|7|8|9|10|11|12
OO,SYR,1117,-59.0,1127.0,6.96,0.0116,3|4|5|6|7|8|9|10|11|12
OO,LWS,1097,-45.0,1441.0,7.25,0.0055,1|2|3|4|5|6|7|8|9|10|11|12
OO,PIA,1096,-45.0,877.0,13.61,0.0192,1|2|3|4|5|6|7|8|9|10|11|12
OO,CAK,1068,-42.0,1132.0,17.72,0.0159,1|2|3|4|5|6|7|8|9|10|11|12
OO,AEX,1054,-42.0,1350.0,13.56,0.0228,1|2|3|4|5|6|7|8|9|10|11|12
OO,HPN,1042,-40.0,1186.0,23.17,0.0211,1|2|3|4|5|6|7|8|9|10|11|12
OO,MFE,1036,-36.0,823.0,15.27,0.0087,1|2|4|5|6|7|8|9|10|11|12
OO,RDU,1027,-49.0,1137.0,13.93,0.0029,4|5|6|7|8|9|10|11|12
OO,SAT,1022,-54.0,1370.0,7.4,0.0078,1|2|3|4|5|6|7|8|9|10|11|12
OO,GSO,1013,-48.0,1270.0,3.71,0.0059,1|2|3|4|5|6|7|8|9|10|11|12
OO,LCH,1010,-34.0,1433.0,16.52,0.0228,1|2|3|4|5|6|7|8|9|10|11|12
OO,GFK,1005,-42.0,623.0,2.17,0.006,1|2|3|4|5|6|7|8|9|10|11|12
OO,AZO,991,-48.0,920.0,5.64,0.0161,1|2|3|4|5|6|7|8|9|10|11|12
OO,GSP,977,-49.0,549.0,2.7,0.0133,1|2|3|4|5|6|7|8|9|10|11|12
OO,BLI,965,-24.0,921.0,12.4,0.0073,1|2|3|4|5|6|7|8|9|10|11|12
OO,LFT,946,-39.0,1128.0,8.47,0.0148,1|2|3|4|5|6|7|8|9|10|11|12
OO,CHA,937,-42.0,1740.0,15.8,0.0181,1|2|3|4|5|6|7|8|9|10|11|12
OO,LAW,935,-38.0,1024.0,10.73,0.0353,1|2|3|4|5|6|7|8|9|10|11|12
OO,MDT,921,-37.0,1130.0,7.78,0.0109,1|2|3|4|5|6|7|8|9|10|11|12
OO,PIT,906,-45.0,944.0,0.11,0.0033,1|2|3|4|5|6|7|8|9|10|11|12
OO,DSM,899,-42.0,1234.0,8.23,0.0167,1|2|3|4|5|6|7|8|9|10|11|12
OO,HDN,898,-49.0,1242.0,3.67,0.0111,1|2|3|4|5|6|7|8|9|10|11|12
OO,TYR,897,-39.0,1170.0,12.1,0.0301,1|2|3|4|5|6|7|8|9|10|11|12
OO,AMA,867,-49.0,987.0,11.82,0.0173,1|2|3|4|5|6|7|8|9|10|11|12
OO,CVG,863,-51.0,431.0,5.64,0.0035,1|2|3|4|5|6|7|8|9|10|11|12
OO,LAN,858,-37.0,1076.0,14.02,0.007,1|2|3|4|5|6|7|8|9|10|11|12
OO,PLN,846,-72.0,1002.0,5.67,0.0189,1|2|3|4|5|6|7|8|9|10|11|12
OO,ALB,833,-64.0,851.0,4.01,0.0024,1|2|3|4|5|6|7|8|9|10|11|12
OO,RST,828,-49.0,519.0,6.46,0.0097,1|2|3|4|5|6|7|8|9|10|11|12
OO,RHI,827,-59.0,546.0,-2.16,0.0085,1|2|3|4|5|6|7|8|9|10|11|12
OO,FNT,827,-56.0,1209.0,22.09,0.0157,1|2|3|4|5|6|7|8|9|10|11|12
OO,BUF,809,-40.0,1280.0,9.71,0.0297,1|2|3|4|5|6|7|8|9|10|11|12
OO,ROW,798,-40.0,1120.0,21.57,0.0313,1|2|5|6|7|8|9|10|11|12
OO,DEC,778,-62.0,1256.0,21.99,0.0231,1|2|3|4|5|6|7|8|9|10|11|12
OO,MEM,758,-40.0,1008.0,10.2,0.0211,1|2|3|4|5|6|7|8|9|10|11|12
OO,ACT,750,-30.0,417.0,14.08,0.0267,1|2|3|4|5|6|7|8|9|10|11|12
OO,ROA,745,-32.0,980.0,17.45,0.0215,1|2|3|4|5|6|7|8|9|10|11|12
OO,JST,731,-53.0,1230.0,12.38,0.0233,1|2|3|4|5|6|7|8|9|10|11|12
OO,BJI,730,-42.0,717.0,9.92,0.0096,1|2|3|4|5|6|7|8|9|10|11|12
OO,CMX,729,-44.0,878.0,17.76,0.0412,1|2|3|4|5|6|7|8|9|10|11|12
OO,PRC,729,-42.0,1111.0,20.57,0.0055,1|2|3|4|5|6|7|8|9|10|11|12
OO,SUX,729,-49.0,984.0,15.54,0.0192,1|2|3|4|5|6|7|8|9|10|11|12
OO,SHR,729,-43.0,472.0,1.81,0.0192,1|2|3|4|5|6|7|8|9|10|11|12
OO,IMT,728,-40.0,430.0,9.37,0.0124,1|2|3|4|5|6|7|8|9|10|11|12
OO,ABR,728,-50.0,1126.0,10.72,0.0082,1|2|3|4|5|6|7|8|9|10|11|12
OO,CIU,727,-46.0,1073.0,18.4,0.0138,1|2|3|4|5|6|7|8|9|10|11|12
OO,ABY,726,-33.0,1318.0,16.52,0.0096,1|2|3|4|5|6|7|8|9|10|11|12
OO,GCC,726,-45.0,951.0,4.48,0.0124,1|2|3|4|5|6|7|8|9|10|11|12
OO,GUC,725,-54.0,1224.0,-1.62,0.011,1|2|3|4|5|6|7|8|9|10|11|12
OO,GRI,724,-50.0,946.0,18.83,0.0166,1|2|3|4|5|6|7|8|9|10|11|12
OO,CAE,723,-34.0,525.0,3.03,0.0069,1|2|3|4|5|6|7|8|9|10|11|12
OO,AVL,719,-58.0,1394.0,13.49,0.0403,1|2|3|4|5|6|7|8|9|10|11|12
OO,BRO,718,-40.0,1354.0,11.05,0.0279,1|3|4|5|6|7|8|9|10|11|12
OO,MTJ,712,-51.0,1083.0,6.02,0.0169,1|2|3|4|5|6|7|8|9|12
OO,ELM,711,-42.0,981.0,18.72,0.0028,1|2|3|4|5|6|7|8|9|10|11|12
OO,SLN,709,-40.0,1509.0,10.49,0.0226,1|2|3|4|5|6|7|8|9|10|11|12
OO,TWF,700,-34.0,251.0,-6.34,0.0029,1|2|3|4|5|6|7|8|9|10|11|12
OO,PIH,700,-40.0,247.0,-9.15,0.0,1|2|3|4|5|6|7|8|9|10|11|12
OO,BTM,690,-64.0,1096.0,-14.18,0.0,1|2|3|4|5|6|7|8|9|10|11|12
OO,RIC,686,-35.0,1172.0,11.05,0.0,1|2|3|4|5|6|7|8|9|10|11|12
OO,CYS,679,-50.0,687.0,-1.46,0.0206,1|2|3|4|5|6|7|8|9|10|11|12
OO,DVL,673,-52.0,1445.0,15.22,0.0431,1|2|3|4|5|6|7|8|9|10|11|12
OO,DIK,671,-51.0,1200.0,3.24,0.0253,1|2|3|4|5|6|7|8|9|10|11|12
OO,HYS,670,-38.0,1187.0,4.13,0.0194,1|2|3|4|5|6|7|8|9|10|11|12
OO,BQK,653,-31.0,507.0,19.48,0.0031,1|2|3|4|5|6|7|8|9|10|11|12
OO,INL,653,-48.0,1284.0,7.16,0.0123,1|2|3|4|5|6|7|8|9|10|11|12
OO,ESC,650,-54.0,1101.0,5.0,0.0077,1|2|3|4|5|6|7|8|9|10|11|12
OO,BRD,649,-52.0,1189.0,2.34,0.0062,1|2|3|4|5|6|7|8|9|10|11|12
OO,LGB,640,-32.0,343.0,-1.0,0.0,1|2|3|4|5|6|7|8|9|10|11|12
OO,VCT,634,-33.0,1028.0,11.15,0.0252,1|2|3|4|5|6|7|8|9|10|11|12
OO,CHO,633,-36.0,971.0,16.58,0.019,1|2|3|4|5|6|7|8|9|10|11|12
OO,MGM,629,-41.0,973.0,15.31,0.0127,1|2|3|4|5|6|7|8|9|10|11|12
OO,COD,629,-45.0,952.0,9.54,0.0079,5|6|7|8|9|10|11|12
OO,APN,629,-43.0,640.0,9.79,0.0318,1|2|3|4|5|6|7|8|9|10|11|12
OO,CDC,629,-41.0,867.0,-1.8,0.0079,1|2|3|4|5|6|7|8|9|10|11|12
OO,HIB,629,-55.0,1047.0,2.19,0.0111,1|2|3|4|5|6|7|8|9|10|11|12
OO,LBF,628,-46.0,1050.0,7.15,0.0191,1|2|3|4|5|6|7|8|9|10|11|12
OO,BFF,627,-41.0,1019.0,9.16,0.0271,1|2|3|4|5|6|7|8|9|10|11|12
OO,LAR,627,-39.0,1289.0,8.04,0.0367,1|2|3|4|5|6|7|8|9|10|11|12
OO,MEI,626,-64.0,1389.0,10.79,0.0304,1|2|3|4|5|6|7|8|9|10|11|12
OO,MCW,625,-59.0,1106.0,21.33,0.0368,1|2|3|4|5|6|7|8|9|10|11|12
OO,PIB,624,-57.0,1099.0,8.18,0.0288,1|2|3|4|5|6|7|8|9|10|11|12
OO,FOD,624,-51.0,1212.0,17.44,0.0224,1|2|3|4|5|6|7|8|9|10|11|12
OO,DDC,623,-41.0,1074.0,20.64,0.0305,1|2|3|4|5|6|7|8|9|10|11|12
OO,RKS,622,-39.0,1041.0,10.95,0.0113,1|2|3|4|5|6|7|8|9|10|11|12
OO,JLN,621,-65.0,1026.0,11.07,0.0193,1|2|3|4|5|6|7|8|9|10|11|12
OO,RIW,620,-33.0,1010.0,8.75,0.0177,1|2|3|4|5|6|7|8|9|10|11|12
OO,SHV,614,-33.0,923.0,8.51,0.0098,1|2|3|5|6|7|8|9|10|11|12
OO,SPS,614,-35.0,653.0,8.15,0.0195,1|2|3|4|5|6|7|8|9|10|11
OO,JMS,610,-47.0,1418.0,12.32,0.0574,1|2|3|4|5|6|7|8|9|10|11|12
OO,BTR,588,-36.0,752.0,9.42,0.0289,1|2|3|4|5|6|7|8|9|10|11|12
OO,STL,569,-52.0,1146.0,11.76,0.0141,1|2|3|4|5|6|7|8|9|10|11|12
OO,SWO,568,-41.0,1183.0,6.74,0.0246,1|2|5|6|7|8|9|10|11|12
OO,LBL,565,-32.0,1019.0,6.78,0.0354,1|2|3|4|5|6|7|8|9|10|11|12
OO,PVD,561,-37.0,1241.0,9.03,0.0053,3|4|5|6|7|8|9|10|11|12
OO,SCE,550,-44.0,461.0,7.49,0.0145,1|2|3|4|5|6|7|8|9|10|11|12
OO,ALW,544,-22.0,266.0,2.82,0.0331,1|2|3|4|5|6|7|8|9
OO,BPT,542,-44.0,607.0,1.14,0.0203,1|4|5|6|7|8|9|10|11|12
OO,ROC,518,-41.0,340.0,2.9,0.0039,1|2|3|4|5|6|7|8|9|10|11|12
OO,GGG,499,-34.0,391.0,8.88,0.02,1|2|3|4|5|6|7|9|10|11|12
OO,GRK,495,-31.0,902.0,11.21,0.0384,1|2|3|4|5|6|7|8|9|10|11|12
OO,JAN,446,-37.0,1696.0,12.69,0.009,1|2|3|4|5|6|7|8|9|10|11|12
OO,HOB,443,-43.0,840.0,16.9,0.0135,5|6|7|8|9|10|11|12
OO,PWM,438,-52.0,1175.0,8.56,0.0068,1|2|3|4|5|9|10|11|12
OO,AGS,432,-33.0,615.0,20.63,0.0116,1|2|3|4|5|6|9|10|11|12
OO,EVV,427,-41.0,610.0,15.37,0.007,1|3|4|5|6|9|10|11|12
OO,CSG,406,-31.0,403.0,13.23,0.0099,1|2|3|4|5|6|7|9
OO,SAV,388,-40.0,309.0,1.26,0.0206,1|2|3|5|6|7|8|9|10|11|12
OO,HOU,371,-35.0,360.0,13.26,0.0108,1|2|8|9|10|11|12
OO,CHS,369,-35.0,371.0,12.93,0.0136,1|2|5|6|7|8|9|10|11|12
OO,EKO,366,-43.0,696.0,-7.04,0.0055,1|2|3|4|5|6|7|8|9|10|11|12
OO,SJT,364,-37.0,1058.0,11.25,0.022,1|2|5|6|7|8|9|10|11|12
OO,ORF,347,-37.0,991.0,20.82,0.0058,5|6|7|8|9|10|11|12
OO,OTH,343,-41.0,1324.0,29.79,0.0117,1|2|3|4|5|6|7|8|9|10|11|12
OO,GPT,338,-33.0,567.0,8.24,0.0148,1|2|3|4|5|8|9|10|11|12
OO,MSY,321,-35.0,459.0,7.01,0.0343,1|2|5|6|7|8|9|12
OO,WYS,313,-38.0,1094.0,8.2,0.0128,5|6|7|8|9|10
OO,ABE,311,-50.0,851.0,22.31,0.0386,1|2|3|4|5|6|7|12
OO,PVU,305,-43.0,437.0,21.2,0.0131,10|11|12
OO,TXK,298,-34.0,427.0,13.44,0.0537,1|2|5|6|10|11|12
OO,CLL,290,-28.0,921.0,20.59,0.0345,1|2|5|6|9|10|11|12
OO,ECP,288,-41.0,283.0,4.17,0.0069,2|3|4|5|6|7|8|9|10|11|12
OO,BIH,271,-51.0,261.0,9.05,0.0701,1|2|3|4|7|8|9|10|12
OO,CRP,268,-31.0,608.0,2.79,0.0187,1|2|3|4|6|7|8|9|10|11|12
OO,HRL,250,-37.0,275.0,0.11,0.016,1|2|3|4|5|10|11|12
OO,BTV,245,-41.0,344.0,6.67,0.0,4|5|6|9|10|11|12
OO,MQT,244,-41.0,919.0,3.31,0.0164,4|5|6|7|8|9|10|11|12
OO,DHN,229,-35.0,621.0,11.54,0.0131,4|5|6|7|8|9
OO,GCK,215,-40.0,519.0,10.1,0.0465,1|2|9|10|11
OO,MLU,211,-29.0,456.0,12.08,0.0095,1|2|8|9|10|12
OO,PHL,194,-32.0,1328.0,16.32,0.0103,1|2|3|4|5|6|11|12
OO,MOB,192,-35.0,1161.0,19.14,0.0,1|2|3|5|6|7
OO,FAY,191,-27.0,1080.0,27.44,0.0105,1|5|6|7|8|9|10
OO,PNS,177,-38.0,1287.0,26.34,0.0,1|2|3|4|5|6|9|10|11|12
OO,FSM,172,-31.0,956.0,7.61,0.0349,1|2|3|4|5|6|9|10|11
OO,DCA,172,-60.0,881.0,5.83,0.0058,1|2|3|4|5|6|7|8|10|11|12
OO,JAX,162,-33.0,210.0,3.05,0.0247,1|2|3|4|5|6|7|8
OO,BGR,156,-38.0,918.0,14.63,0.0064,5|6|7|8|9|10
OO,TRI,145,-31.0,327.0,9.61,0.0069,1|2|3|5
OO,EAR,105,-33.0,560.0,17.51,0.0286,11|12
OO,COU,101,-34.0,2018.0,50.67,0.0198,7|8|9|10|11|12
OO,KTN,94,-19.0,420.0,32.22,0.0213,6|7|8|9
OO,SIT,93,-35.0,911.0,42.63,0.043,6|7|8|9
OO,BDL,69,-40.0,1327.0,18.59,0.0145,1|2|3|6|7|8|9|10|11|12
OO,LRD,64,-29.0,195.0,8.67,0.0,3|4|5|6|10|11
OO,VLD,60,-22.0,192.0,4.95,0.0,3|4
OO,CLT,57,-40.0,177.0,9.09,0.0,2|3|4|5|6
OO,VEL,52,-33.0,1053.0,16.77,0.0,1
OO,SRQ,49,-25.0,1231.0,64.73,0.0204,1|3|6|9|10|11|12
OO,AVP,44,-38.0,745.0,52.45,0.0455,1|2|3|10
OO,ILM,39,-31.0,132.0,0.92,0.0,1|2|3|5|6|7|8
OO,MGW,37,-36.0,450.0,69.05,0.0,12
OO,MYR,32,-29.0,87.0,-7.75,0.0,5|6|8|9|10
OO,EAU,31,-32.0,299.0,20.17,0.0645,12
OO,CNY,31,-34.0,207.0,-1.86,0.0645,1
OO,ACK,27,-40.0,350.0,18.04,0.037,5|6|7|8
OO,BWI,9,-18.0,-7.0,-11.11,0.0,10|11
OO,BOS,2,15.0,32.0,23.5,0.0,6
OO,MHK,2,-17.0,-10.0,-13.5,0.0,11
OO,EWR,1,9.0,9.0,9.0,0.0,4
OO,TLH,1,47.0,47.0,47.0,0.0,6
UA,DEN,101691,-56.0,1229.0,7.18,0.012,1|2|3|4|5|6|7|8|9|10|11|12
UA,ORD,89595,-72.0,1330.0,7.14,0.0132,1|2|3|4|5|6|7|8|9|10|11|12
UA,EWR,68982,-74.0,1131.0,7.75,0.0235,1|2|3|4|5|6|7|8|9|10|11|12
UA,IAH,68359,-64.0,1142.0,12.05,0.0186,1|2|3|4|5|6|7|8|9|10|11|12
UA,SFO,50933,-65.0,1012.0,2.66,0.014,1|2|3|4|5|6|7|8|9|10|11|12
UA,IAD,32175,-63.0,1150.0,3.47,0.0147,1|2|3|4|5|6|7|8|9|10|11|12
UA,LAX,27289,-74.0,1042.0,0.42,0.0171,1|2|3|4|5|6|7|8|9|10|11|12
UA,LAS,14245,-54.0,1161.0,3.14,0.0172,1|2|3|4|5|6|7|8|9|10|11|12
UA,MCO,13795,-50.0,1383.0,7.52,0.0282,1|2|3|4|5|6|7|8|9|10|11|12
UA,BOS,12432,-72.0,1170.0,2.38,0.0175,1|2|3|4|5|6|7|8|9|10|11|12
UA,PHX,10244,-49.0,1053.0,1.7,0.0161,1|2|3|4|5|6|7|8|9|10|11|12
UA,SAN,10216,-52.0,1437.0,4.0,0.0203,1|2|3|4|5|6|7|8|9|10|11|12
UA,AUS,9545,-55.0,1524.0,4.6,0.0138,1|2|3|4|5|6|7|8|9|10|11|12
UA,SEA,9049,-61.0,1113.0,4.42,0.0177,1|2|3|4|5|6|7|8|9|10|11|12
UA,TPA,8640,-64.0,1417.0,7.17,0.0303,1|2|3|4|5|6|7|8|9|10|11|12
UA,CLE,8551,-59.0,503.0,-2.22,0.0138,1|2|3|4|5|6|7|8|9|10|11|12
UA,LGA,8267,-72.0,1296.0,2.06,0.0207,1|2|3|4|5|6|7|8|9|10|11|12
UA,DFW,8240,-57.0,1365.0,10.8,0.0157,1|2|3|4|5|6|7|8|9|10|11|12
UA,FLL,8204,-53.0,1225.0,6.36,0.0243,1|2|3|4|5|6|7|8|9|10|11|12
UA,ATL,7327,-53.0,1160.0,7.48,0.0164,1|2|3|4|5|6|7|8|9|10|11|12
UA,PDX,6609,-56.0,1447.0,3.49,0.0141,1|2|3|4|5|6|7|8|9|10|11|12
UA,MSY,6508,-51.0,975.0,4.61,0.0215,1|2|3|4|5|6|7|8|9|10|11|12
UA,MIA,6366,-56.0,1335.0,12.98,0.0281,1|2|3|4|5|6|7|8|9|10|11|12
UA,BNA,6234,-48.0,1816.0,7.07,0.0157,1|2|3|4|5|6|7|8|9|10|11|12
UA,DCA,6116,-68.0,1166.0,5.43,0.0164,1|2|3|4|5|6|7|8|9|10|11|12
UA,SNA,6023,-56.0,1398.0,0.27,0.007,1|2|3|4|5|6|7|8|9|10|11|12
UA,SAT,5602,-50.0,984.0,2.03,0.0173,1|2|3|4|5|6|7|8|9|10|11|12
UA,RSW,5584,-50.0,1240.0,1.91,0.0313,1|2|3|4|5|6|7|8|9|10|11|12
UA,RDU,5562,-58.0,1200.0,4.43,0.0131,1|2|3|4|5|6|7|8|9|10|11|12
UA,MSP,5405,-52.0,718.0,3.9,0.0137,1|2|3|4|5|6|7|8|9|10|11|12
UA,HNL,5027,-85.0,1302.0,-1.48,0.0113,1|2|3|4|5|6|7|8|9|10|11|12
UA,SLC,4071,-48.0,975.0,5.91,0.0162,1|2|3|4|5|6|7|8|9|10|11|12
UA,CLT,4034,-44.0,1131.0,8.96,0.0149,1|2|3|4|5|6|7|8|9|10|11|12
UA,PHL,4031,-72.0,1024.0,0.41,0.0124,1|2|3|4|5|6|7|8|9|10|11|12
UA,SMF,3975,-49.0,958.0,0.11,0.0151,1|2|3|4|5|6|7|8|9|10|11|12
UA,JAX,3789,-42.0,921.0,5.68,0.0143,1|2|3|4|5|6|7|8|9|10|11|12
UA,MCI,3696,-39.0,589.0,1.79,0.0141,1|2|3|4|5|6|7|8|9|10|11|12
UA,BWI,3614,-62.0,1221.0,-0.11,0.018,1|2|3|4|5|6|7|8|9|10|11|12
UA,PBI,3524,-55.0,1220.0,10.18,0.0329,1|2|3|4|5|6|7|8|9|10|11|12
UA,SJU,3083,-56.0,1465.0,9.22,0.0152,1|2|3|4|5|6|7|8|9|10|11|12
UA,STL,3030,-48.0,902.0,11.29,0.0129,1|2|3|4|5|6|7|8|9|10|11|12
UA,PIT,3028,-60.0,1218.0,4.41,0.0096,1|2|3|4|5|6|7|8|9|10|11|12
UA,OMA,2885,-45.0,1145.0,8.0,0.0159,1|2|3|4|5|6|7|8|9|10|11|12
UA,CMH,2675,-42.0,706.0,10.32,0.0146,1|2|3|4|5|6|7|8|9|10|11|12
UA,IND,2363,-52.0,582.0,4.08,0.0186,1|2|3|4|5|6|7|8|9|10|11|12
UA,ORF,2323,-60.0,653.0,3.21,0.0211,1|2|3|4|5|6|7|8|9|10|11|12
UA,DTW,2288,-65.0,1108.0,1.81,0.0109,1|2|3|4|5|6|7|8|9|10|11|12
UA,CHS,2217,-47.0,1011.0,4.76,0.0131,1|2|3|4|5|6|7|8|9|10|11|12
UA,BZN,2206,-49.0,1413.0,7.11,0.0136,1|2|3|4|5|6|7|8|9|10|11|12
UA,RNO,2204,-43.0,1113.0,6.86,0.0123,1|2|3|4|5|6|7|8|9|10|11|12
UA,BDL,2186,-71.0,743.0,1.54,0.0133,1|2|3|4|5|6|7|8|9|10|11|12
UA,SJC,2148,-48.0,1202.0,-4.57,0.0126,1|2|3|4|5|6|7|8|9|10|11|12
UA,CVG,2077,-55.0,1000.0,2.84,0.0101,1|2|3|4|5|6|7|8|9|10|11|12
UA,JAC,2031,-51.0,1144.0,10.88,0.0192,1|2|3|4|5|6|7|8|9|10|11|12
UA,DSM,2006,-49.0,946.0,5.08,0.015,1|2|3|4|5|6|7|8|9|10|11|12
UA,OGG,1864,-76.0,1430.0,-8.28,0.0102,1|2|3|4|5|6|7|8|9|10|11|12
UA,ABQ,1817,-38.0,867.0,-0.32,0.0105,1|2|3|4|5|6|7|8|9|10|11|12
UA,SRQ,1706,-60.0,1200.0,6.24,0.0311,1|2|3|4|5|6|7|8|9|10|11|12
UA,KOA,1607,-83.0,1513.0,-1.49,0.0162,1|2|3|4|5|6|7|8|9|10|11|12
UA,BUR,1589,-40.0,512.0,9.49,0.0157,1|2|3|4|5|6|7|8|9|10|11|12
UA,MEM,1522,-38.0,462.0,3.27,0.0158,1|2|3|4|5|6|7|8|9|10|11|12
UA,MSN,1520,-50.0,1724.0,5.49,0.0132,1|2|3|4|5|6|7|8|9|10|11|12
UA,SBA,1503,-37.0,844.0,10.06,0.0226,1|2|3|4|5|6|7|8|9|10|11|12
UA,EUG,1474,-36.0,1125.0,7.73,0.0176,1|2|3|4|5|6|7|8|9|10|11|12
UA,PSP,1473,-53.0,1047.0,3.89,0.0048,1|2|3|4|5|6|8|9|10|11|12
UA,ONT,1435,-39.0,1122.0,-1.5,0.0084,1|2|3|4|5|6|7|8|9|10|11|12
UA,GRR,1412,-69.0,1207.0,2.82,0.0106,1|2|3|4|5|6|7|8|9|10|11|12
UA,BOI,1367,-40.0,1046.0,2.23,0.0205,1|2|3|4|5|6|7|8|9|10|11|12
UA,SAV,1305,-42.0,1141.0,4.28,0.0153,1|2|3|4|5|6|7|8|9|10|11|12
UA,ANC,1287,-63.0,1346.0,0.67,0.0186,1|2|3|4|5|6|7|8|9|10|11|12
UA,LIH,1245,-65.0,1390.0,-7.25,0.0048,1|2|3|4|5|6|7|8|9|10|11|12
UA,MFR,1188,-39.0,713.0,6.62,0.0101,1|2|3|4|5|6|7|8|9|10|11|12
UA,CID,1147,-37.0,1307.0,6.71,0.0174,1|2|3|4|5|6|7|8|9|10|11|12
UA,BTV,1111,-49.0,965.0,6.55,0.0171,1|2|3|4|5|6|7|8|9|10|11|12
UA,RDM,1092,-40.0,1466.0,19.13,0.0156,1|2|3|4|5|6|7|8|9|10|11|12
UA,TUS,1091,-53.0,1423.0,3.83,0.0092,1|2|3|4|5|8|9|10|11|12
UA,MSO,1038,-49.0,1094.0,5.58,0.0183,1|2|3|4|5|6|7|8|9|10|11|12
UA,RAP,1021,-49.0,271.0,2.79,0.0176,1|2|3|4|5|6|7|8|9|10|11|12
UA,SYR,1008,-70.0,929.0,-0.61,0.0079,1|2|3|4|5|6|7|8|9|10|11|12
UA,ROC,996,-41.0,960.0,5.63,0.0141,1|2|3|4|5|6|7|8|9|10|11|12
UA,BUF,994,-46.0,963.0,9.48,0.0211,1|2|3|4|5|6|7|8|9|10|11|12
UA,FCA,918,-53.0,1013.0,8.43,0.0098,1|2|3|4|5|6|7|8|9|10|11|12
UA,RIC,908,-46.0,354.0,-2.61,0.011,1|2|3|4|5|6|7|8|9|10|11|12
UA,GEG,888,-44.0,578.0,-5.07,0.0214,1|2|3|4|5|6|7|8|9|10|11|12
UA,MTJ,844,-51.0,431.0,-0.72,0.013,1|2|3|4|5|6|7|8|9|10|11|12
UA,SDF,844,-56.0,1294.0,4.96,0.0095,1|2|3|4|5|6|7|8|9|10|11|12
UA,PWM,820,-40.0,453.0,3.97,0.0195,1|2|3|4|5|6|7|8|9|10|11|12
UA,STT,796,-78.0,1237.0,1.08,0.0075,1|2|3|4|5|6|7|8|9|10|11|12
UA,ALB,744,-48.0,383.0,2.19,0.0121,1|2|3|4|5|6|7|8|9|10|11|12
UA,COS,744,-36.0,564.0,5.15,0.0255,1|2|3|4|5|6|7|8|9|10|11|12
UA,FSD,741,-51.0,498.0,0.44,0.0094,1|2|3|4|5|6|7|8|9|10|11|12
UA,EYW,738,-44.0,320.0,11.64,0.023,1|2|3|4|5|6|7|8|9|10|11|12
UA,BIL,735,-36.0,363.0,-1.27,0.0068,1|2|3|4|5|6|7|8|9|10|11|12
UA,GUM,732,-59.0,795.0,-9.86,0.0082,1|2|3|4|5|6|7|8|9|10|11|12
UA,GJT,725,-44.0,1485.0,-4.08,0.0069,1|2|3|4|5|6|7|8|9|10|11|12
UA,DRO,725,-47.0,670.0,-3.01,0.011,1|2|3|4|5|6|7|8|9|10|11|12
UA,PNS,691,-41.0,908.0,-0.1,0.0159,1|2|3|4|5|6|7|8|9|10|11|12
UA,MKE,667,-48.0,397.0,4.56,0.012,1|2|3|4|5|6|7|8|9|10|11|12
UA,HDN,603,-59.0,635.0,4.15,0.0133,1|2|3|10|12
UA,ICT,585,-32.0,812.0,6.16,0.0085,1|2|3|4|5|6|7|8|9|10|11|12
UA,TVC,584,-46.0,457.0,10.64,0.0137,1|2|3|4|5|6|7|8|9|10|11|12
UA,MFE,563,-38.0,457.0,-1.97,0.0355,1|2|3|4|5|6|7|8|9|10|11|12
UA,EGE,510,-45.0,481.0,13.58,0.0157,1|2|3|4|5|6|7|8|9|12
UA,TUL,495,-32.0,438.0,4.91,0.0101,1|2|3|4|5|6|7|8|9|10|11|12
UA,GSP,467,-44.0,479.0,2.97,0.015,1|2|3|4|5|6|7|8|9|10|11|12
UA,MDT,401,-34.0,481.0,4.29,0.01,1|2|3|4|5|6|7|8|9|10|11|12
UA,SPN,366,-32.0,984.0,-4.5,0.0055,1|2|3|4|5|6|7|8|9|10|11|12
UA,BQN,365,-51.0,1108.0,12.85,0.0301,1|2|3|4|5|6|7|8|9|10|11|12
UA,FAT,363,-35.0,675.0,11.8,0.0248,1|5|6|7|8|9|10|11|12
UA,ELP,353,-29.0,204.0,-2.38,0.0057,1|2|3|4|5|8|9|10|11|12
UA,SBP,349,-33.0,502.0,2.22,0.0086,1|2|3|4|5|6|7|8|9|10|11|12
UA,TYS,345,-49.0,275.0,-4.66,0.0087,5|6|7|8|9|10|11|12
UA,MYR,280,-49.0,463.0,0.4,0.0143,3|4|5|6|7|8|9|10|11|12
UA,GTF,256,-38.0,895.0,-2.7,0.0234,5|6|7|8|9|12
UA,XNA,239,-44.0,743.0,5.06,0.0042,5|6|7|8|9|10|11|12
UA,FAI,236,-54.0,979.0,-0.2,0.0169,5|6|7|8|9
UA,AVL,186,-43.0,166.0,6.06,0.0323,5|6|7|8|9|10
UA,FAR,134,-41.0,748.0,14.82,0.0149,8|9|10|11|12
UA,PVD,133,-45.0,817.0,6.82,0.015,6|7|8|9|10|12
UA,MAF,49,-28.0,126.0,-0.12,0.0204,1|2|4|12
UA,OKC,30,-25.0,453.0,17.83,0.0,2|5|6
UA,SBN,25,-34.0,51.0,0.0,0.0,9|10|11|12
UA,BHM,4,-21.0,-7.0,-11.5,0.0,1|3|9
UA,BTR,4,-11.0,57.0,24.0,0.0,1|8|9
WN,DEN,96409,-51.0,515.0,8.95,0.0082,1|2|3|4|5|6|7|8|9|10|11|12
WN,LAS,85266,-59.0,490.0,5.85,0.0052,1|2|3|4|5|6|7|8|9|10|11|12
WN,BWI,73106,-66.0,665.0,8.43,0.0091,1|2|3|4|5|6|7|8|9|10|11|12
WN,MDW,71627,-59.0,523.0,5.73,0.0112,1|2|3|4|5|6|7|8|9|10|11|12
WN,DAL,70089,-49.0,528.0,8.24,0.0109,1|2|3|4|5|6|7|8|9|10|11|12
WN,PHX,66177,-48.0,570.0,5.19,0.0046,1|2|3|4|5|6|7|8|9|10|11|12
WN,HOU,52349,-49.0,601.0,4.82,0.0109,1|2|3|4|5|6|7|8|9|10|11|12
WN,BNA,50889,-66.0,476.0,3.79,0.0084,1|2|3|4|5|6|7|8|9|10|11|12
WN,MCO,44772,-48.0,815.0,9.36,0.0146,1|2|3|4|5|6|7|8|9|10|11|12
WN,STL,41124,-62.0,503.0,5.04,0.0079,1|2|3|4|5|6|7|8|9|10|11|12
WN,AUS,37444,-56.0,517.0,5.62,0.0064,1|2|3|4|5|6|7|8|9|10|11|12
WN,OAK,34649,-60.0,481.0,2.13,0.0052,1|2|3|4|5|6|7|8|9|10|11|12
WN,SAN,34088,-67.0,875.0,8.89,0.0087,1|2|3|4|5|6|7|8|9|10|11|12
WN,ATL,33332,-41.0,547.0,6.57,0.0066,1|2|3|4|5|6|7|8|9|10|11|12
WN,SMF,30288,-56.0,415.0,3.19,0.0051,1|2|3|4|5|6|7|8|9|10|11|12
WN,SJC,28586,-55.0,399.0,1.37,0.0052,1|2|3|4|5|6|7|8|9|10|11|12
WN,LAX,25823,-57.0,422.0,4.37,0.0044,1|2|3|4|5|6|7|8|9|10|11|12
WN,MCI,24061,-50.0,560.0,3.47,0.0089,1|2|3|4|5|6|7|8|9|10|11|12
WN,TPA,24029,-44.0,626.0,7.74,0.0215,1|2|3|4|5|6|7|8|9|10|11|12
WN,MSY,18712,-41.0,486.0,8.53,0.0099,1|2|3|4|5|6|7|8|9|10|11|12
WN,BUR,18628,-44.0,393.0,0.3,0.0099,1|2|3|4|5|6|7|8|9|10|11|12
WN,SAT,16434,-43.0,508.0,3.31,0.0063,1|2|3|4|5|6|7|8|9|10|11|12
WN,LGB,15880,-50.0,391.0,0.61,0.0053,1|2|3|4|5|6|7|8|9|10|11|12
WN,DCA,15721,-61.0,771.0,3.8,0.0112,1|2|3|4|5|6|7|8|9|10|11|12
WN,HNL,14570,-84.0,327.0,-3.82,0.0037,1|2|3|4|5|6|7|8|9|10|11|12
WN,SNA,14459,-39.0,410.0,0.42,0.0067,1|2|3|4|5|6|7|8|9|10|11|12
WN,FLL,14237,-52.0,503.0,10.93,0.0132,1|2|3|4|5|6|7|8|9|10|11|12
WN,SLC,11955,-49.0,457.0,4.85,0.0035,1|2|3|4|5|6|7|8|9|10|11|12
WN,CMH,11875,-64.0,499.0,2.16,0.0096,1|2|3|4|5|6|7|8|9|10|11|12
WN,LGA,11590,-69.0,454.0,2.48,0.0176,1|2|3|4|5|6|7|8|9|10|11|12
WN,ABQ,11580,-41.0,592.0,4.35,0.0053,1|2|3|4|5|6|7|8|9|10|11|12
WN,IND,11323,-58.0,465.0,4.13,0.0094,1|2|3|4|5|6|7|8|9|10|11|12
WN,ONT,11082,-41.0,370.0,0.14,0.0035,1|2|3|4|5|6|7|8|9|10|11|12
WN,PIT,10202,-60.0,457.0,3.56,0.0094,1|2|3|4|5|6|7|8|9|10|11|12
WN,MKE,9615,-52.0,499.0,1.08,0.0101,1|2|3|4|5|6|7|8|9|10|11|12
WN,PDX,9557,-42.0,381.0,2.93,0.0049,1|2|3|4|5|6|7|8|9|10|11|12
WN,RDU,8984,-44.0,442.0,3.35,0.0056,1|2|3|4|5|6|7|8|9|10|11|12
WN,ELP,8894,-38.0,504.0,2.9,0.0054,1|2|3|4|5|6|7|8|9|10|11|12
WN,RNO,8673,-38.0,679.0,2.83,0.0054,1|2|3|4|5|6|7|8|9|10|11|12
WN,SEA,8096,-48.0,535.0,7.21,0.0021,1|2|3|4|5|6|7|8|9|10|11|12
WN,OMA,7840,-45.0,398.0,3.98,0.0103,1|2|3|4|5|6|7|8|9|10|11|12
WN,SFO,7433,-40.0,498.0,14.96,0.0046,1|2|3|4|5|6|7|8|9|10|11|12
WN,RSW,7404,-47.0,521.0,7.58,0.0192,1|2|3|4|5|6|7|8|9|10|11|12
WN,MSP,7290,-57.0,472.0,1.65,0.007,1|2|3|4|5|6|7|8|9|10|11|12
WN,OKC,7263,-42.0,409.0,2.42,0.0061,1|2|3|4|5|6|7|8|9|10|11|12
WN,ORD,6780,-61.0,762.0,2.93,0.0159,1|2|3|4|5|6|7|8|9|10|11|12
WN,OGG,6682,-76.0,209.0,-6.05,0.0051,1|2|3|4|5|6|7|8|9|10|11|12
WN,BOS,6625,-65.0,455.0,3.51,0.0088,1|2|3|4|5|6|7|8|9|10|11|12
WN,MIA,5716,-45.0,573.0,12.2,0.0143,1|2|3|4|5|6|7|8|9|10|11|12
WN,TUL,5485,-40.0,387.0,0.2,0.0051,1|2|3|4|5|6|7|8|9|10|11|12
WN,BUF,5335,-61.0,589.0,2.34,0.0167,1|2|3|4|5|6|7|8|9|10|11|12
WN,SDF,5075,-63.0,488.0,1.12,0.0077,1|2|3|4|5|6|7|8|9|10|11|12
WN,CLE,5031,-59.0,394.0,0.12,0.007,1|2|3|4|5|6|7|8|9|10|11|12
WN,PHL,4988,-50.0,812.0,5.91,0.0064,1|2|3|4|5|6|7|8|9|10|11|12
WN,COS,4905,-41.0,452.0,3.61,0.0063,1|2|3|4|5|6|7|8|9|10|11|12
WN,PVD,4873,-50.0,470.0,1.33,0.0115,1|2|3|4|5|6|7|8|9|10|11|12
WN,JAX,4747,-45.0,593.0,2.71,0.0099,1|2|3|4|5|6|7|8|9|10|11|12
WN,BOI,4741,-38.0,394.0,0.36,0.0027,1|2|3|4|5|6|7|8|9|10|11|12
WN,TUS,4356,-36.0,394.0,2.73,0.0053,1|2|3|4|5|6|7|8|9|10|11|12
WN,BHM,4289,-40.0,520.0,7.41,0.0084,1|2|3|4|5|6|7|8|9|10|11|12
WN,SRQ,4231,-37.0,406.0,5.28,0.0381,1|2|3|4|5|6|7|8|9|10|11|12
WN,BDL,4091,-53.0,462.0,2.79,0.0066,1|2|3|4|5|6|7|8|9|10|11|12
WN,DTW,4066,-61.0,380.0,1.96,0.0066,1|2|3|4|5|6|7|8|9|10|11|12
WN,SJU,3987,-38.0,420.0,7.98,0.007,1|2|3|4|5|6|7|8|9|10|11|12
WN,GEG,3703,-44.0,312.0,0.09,0.0008,1|2|3|4|5|6|7|8|9|10|11|12
WN,MAF,3664,-39.0,555.0,3.37,0.0101,1|2|3|4|5|6|7|8|9|10|11|12
WN,MEM,3545,-43.0,575.0,5.94,0.0065,1|2|3|4|5|6|7|8|9|10|11|12
WN,CHS,3531,-38.0,444.0,2.84,0.0062,1|2|3|4|5|6|7|8|9|10|11|12
WN,ALB,3526,-52.0,646.0,3.82,0.0091,1|2|3|4|5|6|7|8|9|10|11|12
WN,KOA,3398,-69.0,473.0,-6.49,0.0047,1|2|3|4|5|6|7|8|9|10|11|12
WN,LIH,3341,-68.0,259.0,-6.91,0.0012,1|2|3|4|5|6|7|8|9|10|11|12
WN,CLT,3293,-37.0,494.0,11.05,0.0033,1|2|3|4|5|6|7|8|9|10|11|12
WN,ORF,3150,-36.0,509.0,4.25,0.0035,1|2|3|4|5|6|7|8|9|10|11|12
WN,ECP,3144,-38.0,624.0,4.21,0.0076,1|2|3|4|5|6|7|8|9|10|11|12
WN,IAH,2867,-45.0,768.0,7.95,0.0164,1|2|3|4|5|6|7|8
WN,ISP,2842,-50.0,521.0,3.18,0.0102,1|2|3|4|5|6|7|8|9|10|11|12
WN,SAV,2825,-54.0,466.0,5.52,0.0064,1|2|3|4|5|6|7|8|9|10|11|12
WN,MHT,2710,-58.0,354.0,-1.09,0.0048,1|2|3|4|5|6|7|8|9|10|11|12
WN,LBB,2629,-40.0,352.0,-0.74,0.008,1|2|3|4|5|6|7|8|9|10|11|12
WN,PSP,2606,-37.0,370.0,1.82,0.0027,1|2|3|4|5|6|7|8|9|10|11|12
WN,PBI,2575,-41.0,458.0,5.34,0.0078,1|2|3|4|5|6|7|8|9|10|11|12
WN,LIT,2564,-39.0,387.0,0.48,0.0027,1|2|3|4|5|6|7|8|9|10|11|12
WN,MYR,2355,-36.0,415.0,1.71,0.0064,1|2|3|4|5|6|7|8|9|10|11|12
WN,PNS,2268,-59.0,490.0,0.21,0.0035,1|2|3|4|5|6|7|8|9|10|11|12
WN,HRL,2262,-33.0,361.0,5.79,0.0057,1|2|3|4|5|6|7|8|9|10|11|12
WN,CVG,2158,-42.0,449.0,3.06,0.006,1|2|3|4|5|6|7|8|9|10|11|12
WN,BZN,2010,-40.0,348.0,1.82,0.0045,1|2|3|4|5|6|7|8|9|10|11|12
WN,RIC,1960,-47.0,395.0,2.85,0.0005,1|2|3|4|5|6|7|8|9|10|11|12
WN,GRR,1958,-38.0,510.0,5.42,0.0051,1|2|3|4|5|6|7|8|9|10|11|12
WN,AMA,1937,-41.0,471.0,0.94,0.0052,1|2|3|4|5|6|7|8|9|10|11|12
WN,SBA,1931,-32.0,423.0,1.05,0.014,1|2|3|4|5|6|7|8|9|10|11|12
WN,VPS,1924,-34.0,708.0,2.24,0.0042,1|2|3|4|5|6|7|8|9|10|11|12
WN,ROC,1910,-51.0,566.0,5.88,0.0052,1|2|3|4|5|6|7|8|9|10|11|12
WN,ITO,1829,-28.0,157.0,-5.26,0.0038,1|2|3|4|5|6|7|8|9|10|11|12
WN,DSM,1779,-46.0,549.0,2.13,0.0096,1|2|3|4|5|6|7|8|9|10|11|12
WN,ICT,1771,-48.0,265.0,-4.71,0.0023,1|2|3|4|5|6|7|8|9|10|11|12
WN,JAN,1752,-33.0,582.0,5.78,0.008,1|2|3|4|5|6|7|8|9|10|11|12
WN,EUG,1729,-39.0,433.0,0.41,0.0179,1|2|3|4|5|6|7|8|9|10|11|12
WN,PWM,1533,-45.0,430.0,6.46,0.0085,1|2|3|4|5|6|7|8|9|10|11|12
WN,GSP,1494,-45.0,472.0,0.34,0.0047,1|2|3|4|5|6|7|8|9|10|11|12
WN,FAT,1487,-31.0,328.0,5.5,0.0007,1|2|3|4|5|6|7|8|9|10|11|12
WN,CRP,1162,-39.0,599.0,5.33,0.0112,1|2|3|4|5|6|7|8|9|10|11|12
WN,IAD,1138,-56.0,415.0,2.62,0.0026,1|2|3|4|5|6|7|8|9|10|11|12
WN,SYR,852,-47.0,417.0,4.24,0.0059,1|2|3|4|5|6|7|8
WN,MTJ,623,-37.0,371.0,4.17,0.0016,1|2|3|4|5|6|7|8|9|10|11|12
WN,BLI,618,-33.0,277.0,2.16,0.0065,1|2|3|4|5|6|7|8
WN,HDN,608,-38.0,234.0,4.03,0.0099,1|2|3|4|5|6|7|8|9|10|11|12
YX,LGA,41935,-70.0,979.0,-4.53,0.0232,1|2|3|4|5|6|7|8|9|10|11|12
YX,DCA,27063,-70.0,1121.0,-1.63,0.0143,1|2|3|4|5|6|7|8|9|10|11|12
YX,BOS,26539,-69.0,973.0,-1.54,0.016,1|2|3|4|5|6|7|8|9|10|11|12
YX,EWR,23353,-66.0,1211.0,-3.67,0.0316,1|2|3|4|5|6|7|8|9|10|11|12
YX,JFK,17216,-73.0,1313.0,-2.42,0.0215,1|2|3|4|5|6|7|8|9|10|11|12
YX,ORD,17076,-52.0,1011.0,-1.7,0.0094,1|2|3|4|5|6|7|8|9|10|11|12
YX,IND,12698,-49.0,848.0,-2.6,0.0121,1|2|3|4|5|6|7|8|9|10|11|12
YX,CMH,11517,-51.0,717.0,-4.36,0.0119,1|2|3|4|5|6|7|8|9|10|11|12
YX,PIT,9651,-52.0,1095.0,-5.6,0.013,1|2|3|4|5|6|7|8|9|10|11|12
YX,PHL,8772,-65.0,1127.0,-1.82,0.0184,1|2|3|4|5|6|7|8|9|10|11|12
YX,IAD,8210,-47.0,927.0,-1.43,0.0132,1|2|3|4|5|6|7|8|9|10|11|12
YX,SDF,6253,-56.0,1069.0,-2.67,0.0094,1|2|3|4|5|6|7|8|9|10|11|12
YX,BNA,5701,-47.0,1149.0,0.69,0.0121,1|2|3|4|5|6|7|8|9|10|11|12
YX,RDU,5632,-51.0,1175.0,2.85,0.0146,1|2|3|4|5|6|7|8|9|10|11|12
YX,CVG,5542,-59.0,1057.0,-1.62,0.0168,1|2|3|4|5|6|7|8|9|10|11|12
YX,DTW,4826,-49.0,943.0,-1.53,0.0162,1|2|3|4|5|6|7|8|9|10|11|12
YX,CLE,4416,-48.0,1237.0,-1.17,0.0217,1|2|3|4|5|6|7|8|9|10|11|12
YX,PWM,3575,-53.0,1173.0,-1.23,0.0227,1|2|3|4|5|6|7|8|9|10|11|12
YX,MEM,3009,-52.0,1012.0,-0.17,0.0153,1|2|3|4|5|6|7|8|9|10|11|12
YX,ORF,2797,-54.0,1209.0,1.64,0.0243,1|2|3|4|5|6|7|8|9|10|11|12
YX,BUF,2767,-47.0,1199.0,1.44,0.0361,1|2|3|4|5|6|7|8|9|10|11|12
YX,CLT,2625,-53.0,901.0,3.69,0.013,1|2|3|4|5|6|7|8|9|10|11|12
YX,RIC,2369,-46.0,1028.0,3.6,0.0186,1|2|3|4|5|6|7|8|9|10|11|12
YX,CHS,2269,-43.0,1056.0,-1.04,0.0132,1|2|3|4|5|6|7|8|9|10|11|12
YX,GSP,2126,-55.0,1122.0,-0.45,0.0254,1|2|3|4|5|6|7|8|9|10|11|12
YX,STL,2049,-42.0,1347.0,-1.06,0.0132,1|2|3|4|5|6|7|8|9|10|11|12
YX,GRR,2047,-50.0,561.0,-3.4,0.0205,1|2|3|4|5|6|7|8|9|10|11|12
YX,MKE,1852,-53.0,1128.0,-0.02,0.0265,1|2|3|4|5|6|7|8|9|10|11|12
YX,MCI,1711,-44.0,869.0,1.91,0.0181,1|2|3|4|5|6|7|8|9|10|11|12
YX,BTV,1681,-57.0,1105.0,-5.92,0.022,1|2|3|4|5|6|7|8|9|10|11|12
YX,JAX,1670,-46.0,1245.0,1.32,0.0174,1|2|3|4|5|6|7|8|9|10|11|12
YX,GSO,1621,-47.0,1059.0,1.7,0.0308,1|2|3|4|5|6|7|8|9|10|11|12
YX,SYR,1575,-68.0,475.0,-5.89,0.0171,1|2|3|4|5|6|7|8|9|10|11|12
YX,ILM,1352,-34.0,1328.0,4.87,0.0222,1|2|3|4|5|6|7|8|9|10|11|12
YX,ATL,1230,-38.0,1243.0,6.11,0.0179,1|2|3|4|5|6|7|8|9|10|11|12
YX,MSN,1208,-48.0,554.0,-3.2,0.0099,1|2|3|4|5|6|7|8|9|10|11|12
YX,MSP,1203,-48.0,1079.0,3.65,0.0175,1|2|3|4|5|6|7|8|9|10|11|12
YX,SAV,1158,-44.0,1034.0,0.47,0.0078,1|2|3|4|5|6|7|8|9|10|11|12
YX,AVL,1122,-47.0,1168.0,2.44,0.0446,1|2|3|4|5|6|7|8|9|10|11|12
YX,EYW,1084,-58.0,1168.0,7.48,0.0231,1|2|3|4|5|6|7|8|9|10|11|12
YX,OMA,1042,-44.0,1230.0,0.49,0.0144,1|2|3|4|5|6|7|8|9|10|11|12
YX,BGR,1011,-49.0,1334.0,3.26,0.0465,1|2|3|4|5|6|7|8|9|10|11|12
YX,PVD,1008,-48.0,549.0,-4.51,0.0079,1|2|3|4|5|6|7|8|9|10|11|12
YX,ROC,994,-49.0,393.0,-3.71,0.0191,1|2|3|4|5|6|7|8|9|10|11|12
YX,OKC,952,-46.0,862.0,1.81,0.0158,1|2|3|4|5|6|7|8|9|10|11|12
YX,BWI,936,-48.0,971.0,1.92,0.015,1|2|3|4|5|6|7|8|9|10|11|12
YX,DSM,928,-37.0,474.0,1.74,0.0162,1|2|3|4|5|6|7|8|9|10|11|12
YX,XNA,804,-44.0,851.0,-0.08,0.0174,1|2|3|4|5|6|7|8|9|10|11|12
YX,HHH,757,-41.0,1211.0,12.28,0.0277,2|3|4|5|6|7|8|9|10
YX,LEX,752,-37.0,416.0,0.42,0.008,1|2|3|4|5|6|7|8|9|10|11|12
YX,TYS,734,-42.0,996.0,3.7,0.0177,1|2|3|4|5|6|7|8|9|10|11|12
YX,TUL,690,-42.0,429.0,1.26,0.0188,1|2|3|4|5|6|7|8|9|10|11|12
YX,ACK,618,-43.0,1245.0,15.26,0.0841,5|6|7|8|9
YX,MIA,615,-54.0,716.0,4.21,0.0195,1|2|3|4|5|6|7|8|9|10|11|12
YX,MYR,613,-44.0,1133.0,0.77,0.0375,1|2|3|4|5|6|7|8|9|10|11|12
YX,MSY,600,-47.0,1117.0,4.52,0.0067,1|2|3|4|5|6|7|8|9|10|11|12
YX,MVY,534,-34.0,1219.0,15.14,0.0431,5|6|7|8|9
YX,BDL,512,-50.0,286.0,-8.02,0.0039,1|2|3|4|5|6|8|9|10|11|12
YX,DLH,501,-39.0,410.0,-4.29,0.004,3|4|5|6|7|8|9|10|11|12
YX,CHO,463,-39.0,487.0,8.96,0.0259,1|2|3|4|5|6|7|8|9|10|11|12
YX,LIT,463,-42.0,200.0,1.13,0.013,1|2|3|4|5|6|7|8|9|10|11|12
YX,TVC,395,-38.0,280.0,8.28,0.0101,1|2|3|6|7|8|9|11|12
YX,BHM,384,-39.0,186.0,-3.87,0.0104,1|2|3|4|5|6|7|8|9|10|11|12
YX,ORH,360,-40.0,226.0,-6.27,0.05,1|2|3|4|5|6|7|8|9|10|11|12
YX,CAE,340,-32.0,1001.0,10.56,0.0471,1|2|3|4|5|6|7|8|9|10|11|12
YX,ALB,330,-42.0,773.0,-2.19,0.0152,1|2|3|4|5|6|9|10|11|12
YX,DAY,319,-33.0,923.0,-2.49,0.0063,1|2|3|4|5|6|9|10|11|12
YX,ROA,313,-32.0,1189.0,20.02,0.0543,1|2|3|4|5|6|7|8|9|10|11|12
YX,MDT,283,-49.0,139.0,-12.39,0.0106,1|2|3|4|5|9|10
YX,HSV,229,-42.0,194.0,0.41,0.0175,1|2|3|4|5|8|9|10|11|12
YX,SRQ,217,-42.0,597.0,12.92,0.0369,1|2|3|4|5|6|7|8|9|10|11|12
YX,GRB,179,-31.0,304.0,1.08,0.0112,1|2|3|4|5|6|7|8|9
YX,HYA,164,-21.0,377.0,18.71,0.0122,6|7|8|9
YX,CID,154,-34.0,264.0,-4.86,0.0519,1|2|3|4|5|6|8|11|12
YX,CHA,148,-38.0,316.0,1.84,0.0,10|11|12
YX,AUS,121,-38.0,111.0,-3.23,0.0,1|2|3|4|5|8|9|10|11|12
YX,RSW,91,-41.0,881.0,11.13,0.0,1|2|11|12
YX,PNS,85,-37.0,922.0,21.12,0.0235,4|5|6|7|8|9|10|11
YX,ITH,83,-39.0,279.0,-6.88,0.0361,5|6|8
YX,VPS,78,-32.0,111.0,-9.87,0.0,2|3|5|6|7|11|12
YX,MHT,66,-46.0,191.0,-1.38,0.0152,1|2|3|5|11|12
YX,SBN,65,-34.0,298.0,12.81,0.0154,9|10|11|12
YX,HPN,59,-31.0,275.0,1.05,0.0,1|3|4|5
YX,FSD,56,-35.0,333.0,-0.09,0.0,2|3|12
YX,IAH,55,-43.0,1145.0,34.69,0.0,1|4|5|9|10|11|12
YX,DFW,44,-42.0,1033.0,26.28,0.0227,1|2|3|4|5|6|7|8|9|10|12
YX,TLH,42,-22.0,364.0,19.57,0.0476,2|3|8|9|10
YX,LNK,37,-26.0,261.0,4.39,0.027,8
YX,ELP,31,-36.0,198.0,-3.38,0.0645,12
YX,AGS,30,-36.0,129.0,-0.73,0.0,4
YX,TPA,24,-33.0,71.0,4.21,0.0,1|2|4|5|11|12
YX,ECP,24,-19.0,142.0,16.17,0.0,3|5|6|7|8
YX,PBI,16,-29.0,9.0,-6.88,0.0,1|2|5|12
YX,RST,14,-24.0,14.0,-7.36,0.0,12
YX,SAT,11,-37.0,78.0,-1.45,0.0,12
YX,SCE,8,-43.0,65.0,-1.62,0.0,1|11|12
