compagnia,aeroporto_partenza,numero_voli,ritardo_min_arrivo,ritardo_max_arrivo,ritardo_medio_arrivo,tasso_cancellazione,mesi_operativi
9E,LGA,6345,-58.0,792.0,-3.06,0.0309,1|2|3|4|5|6|7|8|9|10|11|12
9E,ATL,5363,-40.0,953.0,3.19,0.0114,1|2|3|4|5|6|7|8|9|10|11|12
9E,JFK,3350,-60.0,795.0,0.52,0.0349,1|2|3|4|5|6|7|8|9|10|11|12
9E,DTW,2498,-46.0,663.0,0.88,0.0088,1|2|3|4|5|6|7|8|9|10|11|12
9E,MSP,1483,-50.0,789.0,3.77,0.0067,1|2|3|4|5|6|7|8|9|10|11|12
9E,CVG,1350,-50.0,451.0,1.61,0.017,1|2|3|4|5|6|7|8|9|10|11|12
9E,RDU,1283,-45.0,924.0,8.33,0.0335,1|2|3|4|5|6|7|8|9|10|11|12
9E,CLT,653,-38.0,1027.0,11.71,0.0398,1|2|3|4|5|6|7|8|9|10|11|12
9E,TYS,583,-38.0,230.0,-4.86,0.0103,1|2|3|4|5|6|7|8|9|10|11|12
9E,ROC,531,-40.0,406.0,-0.06,0.0414,1|2|3|4|5|6|7|8|9|10|11|12
9E,DSM,524,-39.0,1272.0,4.14,0.021,1|2|3|4|5|6|7|8|9|10|11|12
9E,IND,501,-48.0,1086.0,1.03,0.0259,1|2|3|4|5|6|7|8|9|10|11|12
9E,CLE,499,-44.0,864.0,7.36,0.02,1|2|3|4|5|6|7|8|9|10|11|12
9E,ORF,439,-43.0,919.0,8.86,0.0296,1|2|3|4|5|6|7|8|9|10|11|12
9E,RIC,437,-38.0,1101.0,8.62,0.0343,1|2|3|4|5|6|7|8|9|10|11|12
9E,XNA,423,-38.0,197.0,-1.84,0.0024,1|2|3|4|5|6|7|8|9|10|11|12
9E,CHS,410,-45.0,849.0,9.42,0.0463,1|2|3|4|5|6|7|8|9|10|11|12
9E,SAV,382,-46.0,405.0,5.12,0.0236,1|2|3|4|5|6|7|8|9|10|11|12
9E,DCA,379,-41.0,911.0,10.18,0.029,1|2|3|4|5|6|7|8|9|10|11|12
9E,SYR,377,-46.0,322.0,-1.11,0.0239,1|2|3|4|5|6|7|8|9|10|11|12
9E,PIT,344,-47.0,691.0,0.23,0.0407,1|2|3|4|5|6|7|8|9|10|11|12
9E,BUF,338,-37.0,310.0,-1.4,0.0237,1|2|3|4|5|6|7|8|9|10|11|12
9E,CHO,335,-39.0,419.0,-2.36,0.0239,1|2|3|4|5|6|7|8|9|10|11|12
9E,EWR,334,-47.0,1103.0,18.24,0.0359,1|2|3|4|5|6|7|8|9|10|11|12
9E,BTV,332,-46.0,916.0,4.37,0.0211,1|2|3|4|5|6|7|8|9|10|11|12
9E,CHA,325,-31.0,411.0,4.77,0.0031,1|2|3|4|5|6|7|8|9|10|11|12
9E,GSO,314,-37.0,232.0,-3.07,0.0191,1|2|3|4|5|6|7|8|9|10|11|12
9E,AGS,302,-35.0,353.0,4.88,0.0265,1|2|3|4|5|6|7|8|9|10|11|12
9E,GSP,288,-43.0,226.0,-0.94,0.0174,1|2|3|4|5|6|7|8|9|10|11|12
9E,STL,287,-36.0,230.0,-7.41,0.0244,1|2|3|4|5|6|7|8|9|10|11|12
9E,BGR,266,-44.0,349.0,-9.08,0.0301,1|2|3|4|5|6|7|8|9|10|11|12
9E,ILM,265,-34.0,829.0,4.66,0.0302,1|2|3|4|5|6|7|8|9|10|11|12
9E,CAE,257,-35.0,542.0,1.62,0.0156,1|2|3|4|5|6|7|8|9|10|11|12
9E,SHV,245,-37.0,208.0,-7.19,0.0122,1|2|3|4|5|6|7|8|9|10|11|12
9E,BNA,243,-33.0,1132.0,20.81,0.0288,1|2|3|4|5|6|7|8|9|10|11|12
9E,TRI,224,-33.0,254.0,-4.44,0.0,1|2|3|4|5|6|7|8|9|10|11|12
9E,ABE,221,-44.0,438.0,2.87,0.0136,1|2|3|4|5|6|7|8|9|10|11|12
9E,BHM,218,-50.0,282.0,-0.42,0.0229,1|2|3|4|5|6|7|8|9|10|11|12
9E,ALB,218,-43.0,374.0,-4.32,0.0183,1|2|3|4|5|6|7|8|9|10|11|12
9E,MCI,214,-37.0,1047.0,12.8,0.0607,1|2|3|4|5|6|7|8|9|10|11|12
9E,MEM,212,-34.0,991.0,0.6,0.033,1|2|3|4|5|6|7|8|9|10|11|12
9E,MKE,202,-42.0,831.0,11.37,0.0198,1|2|3|4|5|6|7|8|9|10|11|12
9E,ROA,200,-35.0,777.0,10.89,0.01,1|2|3|4|5|6|7|8|9|10|11|12
9E,AEX,199,-29.0,979.0,22.68,0.0101,1|2|3|4|5|6|7|8|9|10|11|12
9E,JAX,195,-44.0,230.0,-0.7,0.041,1|2|3|4|5|6|7|8|9|10|11|12
9E,MGM,180,-31.0,366.0,2.06,0.0,1|2|3|4|5|6|7|8|9|10|11|12
9E,HPN,176,-39.0,283.0,-1.13,0.017,1|2|3|4|5|6|7|8|9|10|11|12
9E,GRR,171,-36.0,331.0,-4.31,0.0234,1|2|3|4|5|6|7|8|9|10|11|12
9E,PWM,170,-38.0,1151.0,22.7,0.0412,1|2|3|4|5|6|7|8|9|10|11|12
9E,MOB,164,-28.0,367.0,3.71,0.0122,1|2|3|4|5|6|7|8|9|10|11|12
9E,LFT,160,-36.0,210.0,-2.94,0.0187,1|2|3|4|5|6|7|8|9|10|11|12
9E,ITH,158,-52.0,262.0,-9.32,0.038,1|2|3|4|5|6|7|8|9|10|11|12
9E,VLD,156,-34.0,358.0,3.93,0.0256,1|2|3|4|5|6|7|8|9|10|11|12
9E,EVV,152,-36.0,282.0,-6.54,0.0132,1|2|3|6|7|8|9|10|11|12
9E,CWA,148,-34.0,125.0,-7.88,0.0203,1|2|3|4|5|6|7|8|9|10|11|12
9E,PVD,147,-38.0,1135.0,7.8,0.0272,1|2|3|4|5|6|7|8|9|10|11|12
9E,MSN,144,-33.0,164.0,-3.32,0.0278,1|2|3|4|5|6|7|8|9|10|11|12
9E,MLU,141,-35.0,341.0,3.26,0.0142,1|2|3|4|5|6|7|8|9|10|11|12
9E,BMI,136,-38.0,206.0,-3.76,0.0074,1|2|3|4|5|6|7|8|9|10|11|12
9E,AVL,131,-38.0,835.0,4.04,0.0229,1|2|3|4|5|6|7|8|9|10|11|12
9E,CSG,126,-37.0,238.0,-1.69,0.0159,2|3|4|5|6|7|8|9|10|11|12
9E,MLI,125,-34.0,202.0,1.43,0.016,1|2|3|4|5|6|7|8|9|10|11|12
9E,GTR,125,-36.0,369.0,-4.31,0.008,1|2|3|4|5|6|7|8|9|10|11|12
9E,SGF,118,-36.0,339.0,2.66,0.0,1|2|3|4|5|7|8|9|10|11|12
9E,MYR,115,-42.0,88.0,-12.3,0.0348,1|2|3|4|5|6|7|8|9|10|11|12
9E,DHN,113,-39.0,422.0,-3.08,0.0,1|2|3|4|5|6|9|10|11|12
9E,TLH,109,-28.0,166.0,3.87,0.0367,1|2|3|4|5|6|7|8|9|10|11|12
9E,BWI,109,-45.0,315.0,4.55,0.0275,1|2|3|4|5|6|7|8|9|10
9E,DAY,106,-34.0,334.0,-5.93,0.0283,1|2|3|4|5|6|7|8|9|10|11|12
9E,BTR,103,-33.0,213.0,6.16,0.0097,1|2|3|5|6|7|8|9|10|11|12
9E,OAJ,103,-34.0,951.0,4.87,0.0,1|2|3|4|5|6|7|9|10|11|12
9E,OMA,100,-36.0,103.0,-6.56,0.01,1|2|3|4|5|6|7|8|9|10|11|12
9E,HSV,81,-26.0,989.0,19.9,0.0123,1|2|3|4|5|6|10|11|12
9E,BGM,81,-50.0,386.0,10.32,0.0247,1|2|3|4|5|6|7|8|9|10|11|12
9E,AUS,80,-28.0,1069.0,13.21,0.0,1|2|3|4|5|6|7
9E,FSD,78,-28.0,412.0,10.75,0.0128,1|2|3|4|5|6|7|8|9|10|11|12
9E,IAD,78,-55.0,202.0,-6.92,0.0,1|2|3|4|9|10|11|12
9E,FAY,77,-26.0,147.0,-3.19,0.0,1|2|3|4|5|9|10|11|12
9E,MDT,67,-44.0,391.0,-5.4,0.0,1|2|3|4|5|11|12
9E,BDL,62,-29.0,160.0,5.9,0.0323,1|2|3|4|5|6|7|8|9|10|12
9E,ORH,61,-39.0,134.0,1.22,0.0328,1|2|3|4|5|6|7|8|9|10|11|12
9E,CMH,60,-40.0,149.0,2.28,0.0,1|3|4|5|6|8|9|10|11|12
9E,LEX,59,-31.0,181.0,4.95,0.0,1|2|3|4|5|12
9E,PNS,56,-42.0,359.0,11.0,0.0,1|2|3|4|5|6|7|8|11|12
9E,TUL,50,-43.0,156.0,-2.74,0.0,1|2|4|5|6|9|10|11|12
9E,RAP,50,-30.0,951.0,25.22,0.0,6|7|8|11|12
9E,JAN,48,-30.0,110.0,-0.96,0.0,1|9|10|11|12
9E,LIT,47,-23.0,250.0,9.4,0.0426,1|2|6|7|8|9|10|11|12
9E,CRW,41,-31.0,149.0,-5.44,0.0,1|3|4|9|10|11|12
9E,TVC,38,-29.0,121.0,7.87,0.0,4|5|6|7|8|9|11
9E,FAR,38,-28.0,169.0,1.37,0.0,1|2|3|4|5|6|7|9|10|11
9E,SDF,38,-28.0,397.0,14.75,0.0526,1|4|5|6|7|8|9|12
9E,EYW,36,-25.0,246.0,23.64,0.0,1|2|3|4|5|12
9E,CID,36,-30.0,50.0,-2.5,0.0,1|4|5|9|10|11
9E,FWA,36,-50.0,119.0,-3.7,0.0833,1|2|3
9E,ATW,34,-27.0,116.0,11.18,0.0,1|4|5|6|7|9
9E,RST,34,-31.0,222.0,8.27,0.0294,1|2|3|4|6|7|8|9|10|12
9E,LAN,31,-27.0,58.0,-4.59,0.0645,1|2|3|7|8|9|10
9E,DLH,26,-26.0,98.0,3.04,0.0,4|5|6|7|8|9
9E,PHL,26,-28.0,144.0,0.08,0.0,1|2|3|11|12
9E,BQK,26,-31.0,165.0,9.04,0.0,3|4|7|11|12
9E,ICT,26,-26.0,55.0,-2.27,0.0,1|2|3|11|12
9E,MBS,23,-24.0,36.0,-6.13,0.0,4|5|6|7|8
9E,GNV,22,-30.0,166.0,16.41,0.0,1|3|4|6|7|8|12
9E,MQT,21,-45.0,87.0,-15.81,0.0,1|2|3|5|6
9E,GRB,16,-36.0,331.0,4.75,0.0,1|4|5
9E,ORD,13,-26.0,130.0,7.77,0.0,1|3|4|7
9E,GFK,13,-38.0,231.0,3.31,0.0,1|2|12
9E,GPT,12,-34.0,75.0,-7.33,0.0,1|12
9E,ABY,8,-29.0,321.0,54.12,0.0,1|2|11|12
9E,ECP,5,-11.0,104.0,32.8,0.0,1
9E,FLL,4,-10.0,61.0,25.5,0.0,1|12
9E,RSW,3,-24.0,35.0,2.33,0.0,12
9E,AZO,2,-11.0,-3.0,-7.0,0.0,1
9E,TPA,2,-1.0,1.0,0.0,0.0,12
9E,OKC,2,-11.0,171.0,80.0,0.0,10
9E,VPS,2,-3.0,-3.0,-3.0,0.5,9|10
9E,DFW,1,127.0,127.0,127.0,0.0,12
9E,BOS,1,23.0,23.0,23.0,0.0,1
9E,MIA,1,82.0,82.0,82.0,0.0,12
9E,SBN,1,-10.0,-10.0,-10.0,0.0,11
9E,BIS,1,2.0,2.0,2.0,0.0,7
AA,DFW,33186,-52.0,1490.0,19.37,0.0192,1|2|3|4|5|6|7|8|9|10|11|12
AA,CLT,25267,-53.0,1637.0,16.61,0.0134,1|2|3|4|5|6|7|8|9|10|11|12
AA,MIA,12169,-54.0,1750.0,18.02,0.0182,1|2|3|4|5|6|7|8|9|10|11|12
AA,PHX,10902,-60.0,1479.0,7.4,0.0062,1|2|3|4|5|6|7|8|9|10|11|12
AA,ORD,10334,-65.0,1799.0,17.56,0.0113,1|2|3|4|5|6|7|8|9|10|11|12
AA,PHL,9037,-66.0,1279.0,11.2,0.0164,1|2|3|4|5|6|7|8|9|10|11|12
AA,LAX,6041,-63.0,1069.0,8.35,0.0073,1|2|3|4|5|6|7|8|9|10|11|12
AA,DCA,5450,-82.0,1964.0,10.07,0.0139,1|2|3|4|5|6|7|8|9|10|11|12
AA,MCO,3632,-47.0,1295.0,15.88,0.0198,1|2|3|4|5|6|7|8|9|10|11|12
AA,BOS,3447,-77.0,1425.0,3.85,0.0145,1|2|3|4|5|6|7|8|9|10|11|12
AA,LGA,3259,-56.0,993.0,7.48,0.0212,1|2|3|4|5|6|7|8|9|10|11|12
AA,JFK,2785,-89.0,1707.0,-1.48,0.0093,1|2|3|4|5|6|7|8|9|10|11|12
AA,LAS,2756,-55.0,1354.0,11.59,0.0112,1|2|3|4|5|6|7|8|9|10|11|12
AA,AUS,2744,-46.0,1762.0,18.12,0.0109,1|2|3|4|5|6|7|8|9|10|11|12
AA,TPA,2474,-47.0,1682.0,19.17,0.0287,1|2|3|4|5|6|7|8|9|10|11|12
AA,RDU,2232,-60.0,869.0,12.13,0.0157,1|2|3|4|5|6|7|8|9|10|11|12
AA,SFO,2163,-67.0,1633.0,13.37,0.0139,1|2|3|4|5|6|7|8|9|10|11|12
AA,SAN,1864,-50.0,3354.0,15.77,0.0102,1|2|3|4|5|6|7|8|9|10|11|12
AA,BNA,1750,-44.0,2131.0,23.91,0.0194,1|2|3|4|5|6|7|8|9|10|11|12
AA,DEN,1667,-62.0,1463.0,12.18,0.0216,1|2|3|4|5|6|7|8|9|10|11|12
AA,ATL,1545,-53.0,2241.0,16.43,0.0149,1|2|3|4|5|6|7|8|9|10|11|12
AA,SAT,1535,-44.0,1344.0,13.43,0.0169,1|2|3|4|5|6|7|8|9|10|11|12
AA,STL,1483,-47.0,2334.0,19.58,0.0135,1|2|3|4|5|6|7|8|9|10|11|12
AA,IAH,1425,-47.0,1371.0,20.17,0.0225,1|2|3|4|5|6|7|8|9|10|11|12
AA,JAX,1400,-42.0,1622.0,13.99,0.0236,1|2|3|4|5|6|7|8|9|10|11|12
AA,IND,1364,-47.0,1071.0,9.93,0.0117,1|2|3|4|5|6|7|8|9|10|11|12
AA,EWR,1326,-60.0,1374.0,14.86,0.0317,1|2|3|4|5|6|7|8|9|10|11|12
AA,MSY,1309,-34.0,1321.0,18.49,0.0107,1|2|3|4|5|6|7|8|9|10|11|12
AA,FLL,1303,-37.0,1582.0,19.51,0.02,1|2|3|4|5|6|7|8|9|10|11|12
AA,SNA,1260,-51.0,1247.0,10.69,0.0111,1|2|3|4|5|6|7|8|9|10|11|12
AA,PIT,1218,-44.0,2779.0,14.56,0.0164,1|2|3|4|5|6|7|8|9|10|11|12
AA,MCI,1215,-43.0,1741.0,13.94,0.0132,1|2|3|4|5|6|7|8|9|10|11|12
AA,PBI,1207,-35.0,1401.0,17.55,0.0215,1|2|3|4|5|6|7|8|9|10|11|12
AA,DTW,1161,-59.0,1011.0,7.74,0.0172,1|2|3|4|5|6|7|8|9|10|11|12
AA,SEA,1137,-51.0,1591.0,7.96,0.0132,1|2|3|4|5|6|7|8|9|10|11|12
AA,RSW,1082,-38.0,1741.0,16.38,0.0259,1|2|3|4|5|6|7|8|9|10|11|12
AA,CHS,983,-42.0,1991.0,16.82,0.0203,1|2|3|4|5|6|7|8|9|10|11|12
AA,CLE,963,-44.0,1168.0,10.89,0.027,1|2|3|4|5|6|7|8|9|10|11|12
AA,MSP,954,-59.0,980.0,8.68,0.0168,1|2|3|4|5|6|7|8|9|10|11|12
AA,MEM,889,-41.0,2223.0,17.66,0.018,1|2|3|4|5|6|7|8|9|10|11|12
AA,SJU,826,-47.0,1501.0,22.38,0.0061,1|2|3|4|5|6|7|8|9|10|11|12
AA,SLC,811,-51.0,1199.0,12.25,0.0136,1|2|3|4|5|6|7|8|9|10|11|12
AA,BDL,797,-57.0,1129.0,10.09,0.0163,1|2|3|4|5|6|7|8|9|10|11|12
AA,BWI,774,-55.0,1742.0,14.69,0.0129,1|2|3|4|5|6|7|8|9|10|11|12
AA,RIC,742,-48.0,1132.0,13.17,0.0189,1|2|3|4|5|6|7|8|9|10|11|12
AA,PDX,737,-42.0,1274.0,8.16,0.0122,1|2|3|4|5|6|7|8|9|10|11|12
AA,CVG,712,-55.0,1079.0,11.91,0.0225,1|2|3|4|5|6|7|8|9|10|11|12
AA,ONT,693,-46.0,1147.0,7.71,0.0058,1|2|3|4|5|6|7|8|9|10|11|12
AA,SMF,683,-60.0,1205.0,10.75,0.0117,1|2|3|4|5|6|7|8|9|10|11|12
AA,CMH,682,-49.0,1662.0,20.59,0.0161,1|2|3|4|5|6|7|8|9|10|11|12
AA,OMA,656,-53.0,1083.0,10.91,0.0168,1|2|3|4|5|6|7|8|9|10|11|12
AA,TUS,633,-38.0,923.0,5.97,0.0126,1|2|3|4|5|6|7|8|9|10|11|12
AA,ORF,587,-46.0,2427.0,17.73,0.0239,1|2|3|4|5|6|7|8|9|10|11|12
AA,ABQ,585,-33.0,1864.0,23.87,0.0222,1|2|3|4|5|6|7|8|9|10|11|12
AA,ELP,553,-30.0,1771.0,14.52,0.0127,1|2|3|4|5|6|7|8|9|10|11|12
AA,OKC,536,-34.0,887.0,18.09,0.0131,1|2|3|4|5|6|7|8|9|10|11|12
AA,MKE,534,-42.0,1456.0,14.67,0.0187,1|2|3|4|5|6|7|8|9|10|11|12
AA,GRR,521,-62.0,1549.0,19.71,0.0096,1|2|3|4|5|6|7|8|9|10|11|12
AA,SRQ,517,-39.0,1443.0,19.59,0.0329,1|2|3|4|5|6|7|8|9|10|11|12
AA,RNO,506,-51.0,1147.0,19.38,0.0178,1|2|3|4|5|6|7|8|9|10|11|12
AA,SDF,504,-43.0,1862.0,19.17,0.0238,1|2|3|4|5|6|7|8|9|10|11|12
AA,DSM,498,-46.0,823.0,18.02,0.012,1|2|3|4|5|6|7|8|9|10|11|12
AA,TUL,480,-34.0,2009.0,32.36,0.0187,1|2|3|4|5|6|7|8|9|10|11|12
AA,HNL,460,-78.0,300.0,-9.03,0.0,1|2|3|4|5|6|7|8|9|10|11|12
AA,PVD,459,-37.0,1302.0,9.99,0.0087,1|2|3|4|5|6|7|8|9|10|11|12
AA,MSN,440,-54.0,2709.0,38.68,0.0114,1|2|3|4|5|6|7|8|9|10|11|12
AA,BUF,430,-42.0,492.0,8.44,0.0256,1|2|3|4|5|6|7|8|9|10|11|12
AA,MFE,391,-27.0,760.0,20.26,0.023,1|2|3|4|5|6|7|8|9|10|11|12
AA,FAT,383,-39.0,1888.0,19.09,0.0026,1|2|3|4|5|6|7|8|9|10|11|12
AA,PWM,371,-47.0,2901.0,21.13,0.0243,1|2|3|4|5|6|7|8|9|10|11|12
AA,STT,368,-53.0,2346.0,38.75,0.0054,1|2|3|4|5|6|7|8|9|10|11|12
AA,VPS,365,-36.0,650.0,20.78,0.0247,1|2|3|4|5|6|7|8|9|10|11|12
AA,SAV,362,-41.0,757.0,16.6,0.0276,1|2|3|4|5|6|7|8|9|10|11|12
AA,PNS,351,-27.0,1290.0,36.62,0.0114,1|2|3|4|5|6|7|8|9|10|11|12
AA,EYW,343,-37.0,1399.0,50.91,0.0408,1|2|3|4|5|6|7|8|9|10|11|12
AA,PSP,341,-34.0,1308.0,6.56,0.0117,1|2|3|4|5|6|7|8|9|10|11|12
AA,SYR,322,-49.0,913.0,18.35,0.0186,1|2|3|4|5|6|7|8|9|10|11|12
AA,TYS,319,-58.0,2884.0,33.86,0.0251,1|2|3|4|5|6|7|8|9|10|11|12
AA,ALB,316,-80.0,618.0,7.59,0.0158,1|2|3|4|5|6|7|8|9|10|11|12
AA,EGE,298,-36.0,1363.0,34.28,0.0101,1|2|3|4|5|6|7|8|9|10|11|12
AA,GEG,293,-44.0,1596.0,21.08,0.0102,1|2|3|4|5|6|7|8|9|10|11|12
AA,ILM,291,-38.0,1612.0,16.84,0.0103,1|2|3|4|5|6|7|8|9|10|11|12
AA,SJC,283,-39.0,1045.0,6.63,0.0177,1|2|3|4|5|6|7|8|9|10|11|12
AA,GSO,278,-60.0,701.0,24.77,0.0144,1|2|3|4|5|6|7|8|9|10|11|12
AA,XNA,275,-24.0,916.0,19.42,0.0073,1|2|3|4|5|6|7|8|9|10|11|12
AA,GSP,266,-48.0,1143.0,28.31,0.0113,1|2|3|4|5|6|7|8|9|10|11|12
AA,CID,257,-47.0,2070.0,31.72,0.0506,1|2|3|4|5|6|7|8|9|10|11|12
AA,OGG,257,-64.0,918.0,-3.62,0.0,1|2|3|4|5|6|7|8|9|10|11|12
AA,BUR,250,-42.0,1881.0,18.21,0.008,1|2|3|4|5|6|7|8|9|10|11|12
AA,MYR,230,-37.0,893.0,13.01,0.013,2|3|4|5|6|7|8|9|10|11|12
AA,JAC,219,-43.0,1658.0,26.49,0.0137,1|2|3|4|5|6|7|8|9|10|11|12
AA,SBA,216,-36.0,880.0,23.73,0.0046,1|2|3|4|5|6|7|8|9|10|11|12
AA,LEX,211,-40.0,1679.0,34.05,0.0095,1|2|3|4|5|6|7|8|9|10|11|12
AA,COS,209,-43.0,1217.0,20.55,0.0191,1|2|3|4|5|6|7|8|9|10|11|12
AA,MDT,207,-39.0,925.0,14.76,0.0145,1|2|3|4|5|6|7|8|9|10|11|12
AA,SBP,179,-39.0,1206.0,25.01,0.0112,1|2|3|4|5|6|7|8|9|10|11|12
AA,AVP,177,-37.0,746.0,8.58,0.0226,1|2|3|4|5|6|7|8|9|10|11|12
AA,BFL,177,-35.0,569.0,7.34,0.0169,1|2|3|4|5|6|7|8|9|10|11|12
AA,ROC,176,-38.0,868.0,21.63,0.0057,1|2|3|4|5|6|7|8|9|10|11|12
AA,BZN,166,-39.0,1054.0,25.2,0.006,1|2|3|4|5|6|7|8|9|10|11|12
AA,BOI,165,-38.0,727.0,23.81,0.0242,1|2|3|4|5|6|7|8|9|10|11|12
AA,LIT,157,-24.0,1188.0,25.65,0.0255,1|2|3|4|5|6|7|8|9|10|11|12
AA,KOA,154,-58.0,521.0,-2.5,0.0,1|2|3|4|5|6|7|8|9|10|11|12
AA,ECP,149,-30.0,2218.0,45.43,0.0201,1|2|3|4|5|6|7|8|9|10|11|12
AA,STX,147,-39.0,1676.0,18.4,0.0068,1|2|3|4|5|6|7|8|9|10|11|12
AA,LIH,145,-72.0,1189.0,4.33,0.0,1|2|3|4|5|6|7|8|9|10|11|12
AA,EUG,144,-28.0,1279.0,27.42,0.0347,1|2|3|4|5|6|7|8|9|10|11|12
AA,BTV,140,-35.0,372.0,12.46,0.0286,1|2|3|4|5|6|7|8|9|10|11|12
AA,IAD,139,-46.0,2147.0,27.92,0.0072,1|2|3|4|5|6|7|8|9|10|11|12
AA,CAE,133,-38.0,472.0,25.12,0.0376,1|2|3|4|5|6|7|8|9|10|11|12
AA,FSD,129,-32.0,309.0,12.65,0.0078,1|2|3|4|5|6|7|8|9|10|11|12
AA,MRY,129,-37.0,1530.0,45.26,0.031,1|2|3|4|5|6|7|8|9|10|11|12
AA,BGR,118,-37.0,360.0,10.73,0.0254,6|7|8|9|10|11
AA,AVL,115,-33.0,1417.0,46.68,0.0696,1|2|4|5|6|7|8|9|10|11|12
AA,MTJ,103,-27.0,174.0,3.75,0.0,1|2|3|4|6|7|8|9|10|11|12
AA,ICT,92,-25.0,570.0,31.52,0.0326,1|2|3|4|5|6|7|8|9|10|11|12
AA,ANC,88,-49.0,187.0,4.64,0.0,1|3|4|5|6|7|8|9|10|11|12
AA,LBB,85,-34.0,400.0,16.18,0.0,1|2|3|4|5|6|7|10|11|12
AA,BHM,73,-29.0,344.0,8.71,0.0137,1|2|5|6|9|10|11|12
AA,FCA,67,-33.0,1193.0,24.26,0.0149,6|7|8|9|10
AA,DAB,66,-24.0,222.0,5.7,0.0303,1|2|3|4|5|6
AA,MSO,39,-22.0,199.0,6.31,0.0,6|7|8|9|10|11|12
AA,STS,36,-30.0,122.0,18.72,0.0,5|6|7|8|9|10|11
AA,AMA,35,-24.0,235.0,19.46,0.0,1|2|10|12
AA,RDM,33,-31.0,1380.0,96.03,0.0,5|6|7|8|9|10
AA,HDN,31,-27.0,1561.0,67.81,0.0,1|2|3|4|12
AA,RAP,25,-24.0,147.0,16.83,0.04,6|7|8|9|10
AA,TVC,20,-24.0,1139.0,121.45,0.0,6|7|8
AA,MHT,19,-28.0,1331.0,82.84,0.0,4|5|6
AA,GUC,16,-28.0,350.0,26.12,0.0,1|2|3|4|12
AA,AGS,3,-10.0,25.0,4.67,0.0,4
AA,HSV,2,-14.0,8.0,-3.0,0.0,11
AS,SEA,15461,-60.0,540.0,5.75,0.0145,1|2|3|4|5|6|7|8|9|10|11|12
AS,PDX,3298,-53.0,423.0,3.82,0.0218,1|2|3|4|5|6|7|8|9|10|11|12
AS,ANC,2827,-65.0,499.0,1.25,0.0159,1|2|3|4|5|6|7|8|9|10|11|12
AS,SFO,2294,-61.0,491.0,7.41,0.0235,1|2|3|4|5|6|7|8|9|10|11|12
AS,SAN,2047,-51.0,481.0,8.19,0.0264,1|2|3|4|5|6|7|8|9|10|11|12
AS,LAX,1805,-49.0,558.0,0.7,0.0222,1|2|3|4|5|6|7|8|9|10|11|12
AS,LAS,1100,-39.0,603.0,9.83,0.0218,1|2|3|4|5|6|7|8|9|10|11|12
AS,PHX,1042,-40.0,513.0,3.59,0.0221,1|2|3|4|5|6|7|8|9|10|11|12
AS,JNU,930,-46.0,780.0,0.4,0.0226,1|2|3|4|5|6|7|8|9|10|11|12
AS,HNL,898,-59.0,678.0,4.59,0.0267,1|2|3|4|5|6|7|8|9|10|11|12
AS,SNA,859,-43.0,682.0,0.11,0.0128,1|2|3|4|5|6|7|8|9|10|11|12
AS,JFK,740,-63.0,414.0,2.16,0.0284,1|2|3|4|5|6|7|8|9|10|11|12
AS,ORD,664,-50.0,241.0,6.4,0.0136,1|2|3|4|5|6|7|8|9|10|11|12
AS,EWR,620,-65.0,289.0,7.44,0.0371,1|2|3|4|5|6|7|8|9|10|11|12
AS,SJC,590,-47.0,414.0,-1.24,0.0254,1|2|3|4|5|6|7|8|9|10|11|12
AS,AUS,568,-46.0,230.0,8.73,0.0335,1|2|3|4|5|6|7|8|9|10|11|12
AS,MCO,532,-58.0,432.0,14.94,0.0451,1|2|3|4|5|6|7|8|9|10|11|12
AS,BOS,522,-60.0,335.0,4.31,0.0249,1|2|3|4|5|6|7|8|9|10|11|12
AS,FAI,517,-53.0,324.0,-2.3,0.0077,1|2|3|4|5|6|7|8|9|10|11|12
AS,DFW,492,-52.0,355.0,13.32,0.0244,1|2|3|4|5|6|7|8|9|10|11|12
AS,KTN,474,-49.0,328.0,-0.04,0.0169,1|2|3|4|5|6|7|8|9|10|11|12
AS,DEN,463,-39.0,275.0,6.44,0.0151,1|2|3|4|5|6|7|8|9|10|11|12
AS,BUR,450,-36.0,254.0,2.47,0.0267,1|2|3|4|5|6|7|8|9|10|11|12
AS,IAD,439,-49.0,323.0,9.81,0.0251,1|2|3|4|5|6|7|8|9|10|11|12
AS,GEG,434,-37.0,168.0,1.1,0.0184,1|2|3|4|5|6|7|8|9|10|11|12
AS,KOA,430,-60.0,218.0,1.43,0.0349,1|2|3|4|5|6|7|8|9|10|11|12
AS,OGG,410,-69.0,176.0,0.01,0.0293,1|2|3|4|5|6|7|8|9|10|11|12
AS,DCA,360,-60.0,201.0,-0.32,0.0083,1|2|3|4|5|6|7|8|9|10|11|12
AS,PSP,338,-42.0,116.0,-2.0,0.0414,1|2|3|4|5|6|7|8|9|10|11|12
AS,ONT,286,-36.0,287.0,0.78,0.035,1|2|3|4|5|6|7|8|9|10|11|12
AS,ATL,283,-61.0,294.0,2.46,0.0212,1|2|3|4|5|6|7|8|9|10|11|12
AS,SIT,278,-39.0,498.0,1.46,0.0072,1|2|3|4|5|6|7|8|9|10|11|12
AS,SLC,265,-40.0,348.0,3.62,0.0075,1|2|3|4|5|6|7|8|9|10|11|12
AS,BNA,243,-47.0,294.0,-3.4,0.0123,1|2|3|4|5|6|7|8|9|10|11|12
AS,SMF,220,-28.0,348.0,1.35,0.0227,1|2|3|4|5|6|7|8|9|10|11|12
AS,PAE,215,-44.0,198.0,-1.93,0.0512,1|2|3|4|5|6|7|8|9|10|11|12
AS,MSP,215,-45.0,485.0,2.43,0.0186,1|2|3|4|5|6|7|8|9|10|11|12
AS,TPA,211,-46.0,468.0,16.9,0.0569,1|2|3|4|5|6|7|8|9|10|11|12
AS,LIH,205,-48.0,318.0,6.27,0.0146,1|2|3|4|5|6|7|8|9|10|11|12
AS,FLL,189,-54.0,197.0,9.33,0.0899,1|2|3|4|5|6|7|8|9|10|11|12
AS,IAH,171,-42.0,164.0,4.97,0.0234,1|2|3|4|5|6|7|8|9|10|11|12
AS,MCI,161,-41.0,148.0,-0.43,0.0186,1|2|3|4|5|6|7|8|9|10|11|12
AS,ADQ,159,-38.0,110.0,-6.11,0.0126,1|2|3|4|5|6|7|8|9|10|11|12
AS,YAK,159,-44.0,231.0,-5.06,0.0252,1|2|3|4|5|6|7|8|9|10|11|12
AS,MSY,151,-39.0,232.0,1.81,0.0066,1|2|3|4|5|6|7|8|9|10|11|12
AS,BET,150,-25.0,212.0,12.75,0.0267,1|2|3|4|5|6|7|8|9|10|11|12
AS,PHL,146,-51.0,228.0,8.15,0.0274,1|2|3|4|5|6|7|8|9|10|11|12
AS,CDV,143,-37.0,168.0,-3.54,0.021,1|2|3|4|5|6|7|8|9|10|11|12
AS,WRG,143,-34.0,191.0,-6.02,0.035,1|2|3|4|5|6|7|8|9|10|11|12
AS,STL,142,-39.0,473.0,-2.57,0.007,1|2|3|4|5|6|7|8|9|10|11|12
AS,OAK,141,-42.0,172.0,-0.56,0.0071,1|2|3|4|5|6|7|8|9|10|11|12
AS,PSG,130,-32.0,231.0,-2.52,0.0154,1|2|3|4|5|6|7|8|9|10|11|12
AS,BZN,130,-38.0,263.0,8.03,0.0154,1|2|3|4|5|6|7|8|9|10|11|12
AS,SAT,128,-41.0,169.0,4.6,0.0078,1|2|3|4|5|6|7|8|9|10|11|12
AS,BOI,123,-29.0,215.0,4.46,0.0163,1|2|3|4|5|6|7|8|9|10|11|12
AS,DTW,122,-42.0,115.0,-4.01,0.041,1|2|3|4|5|6|7|8|9|10|11|12
AS,RNO,119,-32.0,152.0,5.68,0.0084,1|2|3|4|5|6|7|8|9|10|11|12
AS,BWI,119,-44.0,113.0,6.89,0.0,1|2|3|4|5|6|7|8|9|10|11|12
AS,SCC,117,-39.0,184.0,-6.32,0.0513,1|2|3|4|5|6|7|8|9|10|11|12
AS,RDU,116,-39.0,862.0,16.01,0.0086,1|2|3|4|5|6|7|8|9|10|11|12
AS,TUS,106,-34.0,152.0,10.0,0.0094,1|2|3|4|5|6|7|8|9|10|11|12
AS,CLE,105,-46.0,157.0,-1.23,0.019,1|2|3|4|5|6|7|8|9|10|11|12
AS,OMA,98,-40.0,202.0,6.02,0.0102,1|2|3|4|5|6|7|8|9|10|11|12
AS,MIA,96,-40.0,305.0,19.93,0.0521,1|2|3|4|5|6|7|8|9|10|11|12
AS,IND,95,-42.0,520.0,9.97,0.0211,1|2|3|4|5|6|7|8|9|10|11|12
AS,PIT,91,-52.0,176.0,-3.91,0.033,1|2|3|4|5|6|7|8|9|10|11|12
AS,RDM,90,-22.0,179.0,6.53,0.0333,1|2|3|4|5|6|7|8|9|10|11|12
AS,ABQ,86,-39.0,145.0,1.05,0.0,1|2|3|4|5|6|7|8|9|10|11|12
AS,PSC,84,-33.0,289.0,13.41,0.0357,1|2|3|4|5|6|7|8|9|10|11|12
AS,MKE,82,-39.0,64.0,-6.41,0.0,1|2|3|4|5|6|7|8|9|10|11|12
AS,BRW,78,-29.0,90.0,8.77,0.1026,1|2|3|4|5|6|7|8|9|10|11|12
AS,CMH,78,-49.0,91.0,-4.94,0.0128,1|2|3|4|5|6|7|8|9|10|11|12
AS,OTZ,74,-27.0,311.0,0.93,0.0676,1|2|3|4|5|6|7|8|9|10|11|12
AS,DAL,73,-39.0,89.0,-3.26,0.0,1|2|3|4|5|6|7|8|9|10|11|12
AS,FAT,71,-28.0,67.0,-1.19,0.0141,1|2|3|4|5|6|7|8|9|10|11|12
AS,SBA,67,-44.0,107.0,-2.41,0.0149,1|2|3|4|5|6|7|8|9|10|11|12
AS,CVG,66,-40.0,239.0,11.17,0.0152,1|2|3|4|5|6|7|8|9|10|11|12
AS,OME,65,-27.0,83.0,0.61,0.0154,1|2|3|4|5|6|7|8|9|10|11|12
AS,CHS,63,-45.0,56.0,-3.66,0.0635,1|2|3|4|5|6|7|8|9|10|11|12
AS,OKC,62,-33.0,118.0,3.71,0.0,1|2|3|4|5|6|7|8|9|10|11|12
AS,EUG,62,-28.0,164.0,5.36,0.0645,1|2|3|5|6|7|8|9|10|11|12
AS,MSO,58,-29.0,176.0,8.31,0.0,5|6|7|8|9|10|11|12
AS,STS,56,-29.0,160.0,14.84,0.0179,1|3|4|5|6|7|8|9|10|11|12
AS,AKN,47,-27.0,88.0,-0.74,0.0,5|6|7|8|9
AS,RSW,30,-61.0,204.0,8.69,0.0333,1|2|3|4|6|7|8|9|11|12
AS,ADK,24,-70.0,73.0,-8.75,0.0,1|2|3|4|5|6|7|8|9|10|11|12
AS,DLG,16,-36.0,25.0,-14.12,0.0,6|7|8|9
AS,JAC,16,-31.0,119.0,14.79,0.125,1|2|3|8
AS,GST,15,-26.0,17.0,-10.0,0.0667,6|7|8
AS,SBP,11,-24.0,28.0,-2.18,0.0,10|11|12
B6,BOS,8335,-68.0,796.0,8.41,0.0132,1|2|3|4|5|6|7|8|9|10|11|12
B6,JFK,7140,-81.0,612.0,10.91,0.0171,1|2|3|4|5|6|7|8|9|10|11|12
B6,FLL,3753,-74.0,816.0,10.49,0.0133,1|2|3|4|5|6|7|8|9|10|11|12
B6,MCO,3524,-50.0,834.0,15.52,0.0182,1|2|3|4|5|6|7|8|9|10|11|12
B6,SJU,1998,-59.0,864.0,13.83,0.01,1|2|3|4|5|6|7|8|9|10|11|12
B6,LGA,1941,-55.0,802.0,12.63,0.0232,1|2|3|4|5|6|7|8|9|10|11|12
B6,LAX,1860,-61.0,517.0,1.5,0.0054,1|2|3|4|5|6|7|8|9|10|11|12
B6,DCA,1652,-42.0,843.0,6.86,0.0151,1|2|3|4|5|6|7|8|9|10|11|12
B6,PBI,1632,-46.0,917.0,12.16,0.0178,1|2|3|4|5|6|7|8|9|10|11|12
B6,EWR,1113,-59.0,570.0,9.26,0.0189,1|2|3|4|5|6|7|8|9|10|11|12
B6,HPN,1075,-50.0,746.0,4.62,0.0112,1|2|3|4|5|6|7|8|9|10|11|12
B6,TPA,1069,-41.0,755.0,14.95,0.0384,1|2|3|4|5|6|7|8|9|10|11|12
B6,SFO,849,-60.0,1171.0,7.97,0.0024,1|2|3|4|5|6|7|8|9|10|11|12
B6,RSW,756,-53.0,1156.0,14.1,0.0291,1|2|3|4|5|6|7|8|9|10|11|12
B6,BUF,708,-50.0,1140.0,4.54,0.0212,1|2|3|4|5|6|7|8|9|10|11|12
B6,RDU,678,-40.0,1108.0,13.84,0.0118,1|2|3|4|5|6|7|8|9|10|11|12
B6,BDL,676,-56.0,433.0,5.79,0.0237,1|2|3|4|5|6|7|8|9|10|11|12
B6,ATL,596,-40.0,1263.0,19.04,0.0151,1|2|3|4|5|6|7|8|9|10|11|12
B6,LAS,572,-66.0,918.0,8.98,0.0157,1|2|3|4|5|6|7|8|9|10|11|12
B6,MIA,404,-43.0,960.0,21.06,0.0347,1|2|3|4|5|6|7|8|9|10|11|12
B6,JAX,386,-45.0,630.0,14.78,0.0259,1|2|3|4|5|6|7|8|9|10|11|12
B6,SAN,380,-49.0,927.0,10.91,0.0079,1|2|3|4|5|6|7|8|9|10|11|12
B6,CHS,364,-42.0,257.0,8.23,0.022,1|2|3|4|5|6|7|8|9|10|11|12
B6,RIC,341,-46.0,1311.0,10.36,0.0176,1|2|3|4|5|6|7|8|9|10|11|12
B6,PVD,329,-53.0,525.0,-0.75,0.0122,1|2|3|4|5|6|7|8|9|10|11|12
B6,SLC,324,-43.0,1581.0,27.51,0.0031,1|2|3|4|5|6|7|8|9|10|11|12
B6,BQN,306,-41.0,804.0,16.44,0.0229,1|2|3|4|5|6|7|8|9|10|11|12
B6,SYR,273,-42.0,387.0,5.36,0.0147,1|2|3|4|5|6|7|8|9|10|11|12
B6,BNA,273,-48.0,512.0,12.14,0.0256,1|2|3|4|5|6|7|8|9|10|11|12
B6,MSY,266,-43.0,1282.0,24.08,0.0226,1|2|3|4|5|6|7|8|9|10|11|12
B6,PIT,241,-50.0,316.0,6.54,0.0083,1|2|3|4|5|6|7|8|9|10|11|12
B6,ORD,235,-47.0,1082.0,23.24,0.017,1|2|3|4|5|6|7|8|9|10|11|12
B6,PHL,231,-46.0,216.0,1.41,0.0087,1|2|3|4|5|6|7|8|9|10|11|12
B6,DEN,228,-41.0,1368.0,35.42,0.0088,1|2|3|4|5|6|7|8|9|10|11|12
B6,ACK,212,-34.0,394.0,9.23,0.0425,5|6|7|8|9|10
B6,DTW,200,-37.0,223.0,1.86,0.005,1|2|3|4|5|6|7|8|9|10|11|12
B6,PHX,189,-43.0,1576.0,42.42,0.0106,1|2|3|4|5|6|7|8|9|10|11|12
B6,SAV,178,-38.0,395.0,14.52,0.0112,1|2|3|4|5|6|7|8|9|10|11|12
B6,CLE,174,-36.0,1016.0,10.97,0.0057,1|2|3|4|5|6|7|8|9|10|11|12
B6,ROC,157,-35.0,339.0,8.66,0.0064,1|2|3|4|5|6|7|8|9|10|11|12
B6,SRQ,155,-41.0,1042.0,23.41,0.0452,1|2|3|4|5|6|7|8|9|10|11|12
B6,AUS,153,-44.0,409.0,18.75,0.0,1|2|3|4|5|6|7|8|9|10|11|12
B6,ALB,149,-44.0,228.0,8.25,0.0,1|2|3|4|5|6|7|8|9|10|11|12
B6,ORH,141,-49.0,480.0,17.55,0.0071,1|2|3|4|5|6|7|8|9|10|11|12
B6,SEA,139,-46.0,226.0,9.24,0.0072,1|2|3|4|5|6|7|8|9|10|11|12
B6,STT,131,-46.0,1358.0,15.11,0.0382,1|2|3|4|5|6|7|8|9|10|11|12
B6,SAT,128,-40.0,309.0,18.11,0.0234,1|2|3|4|5|6|7|8|9|10
B6,PSE,128,-44.0,838.0,5.72,0.0078,1|2|3|4|5|6|7|8|9|10|11|12
B6,IAH,121,-42.0,188.0,15.97,0.0083,1|2|3|4|5|6|7|8|9|10|11|12
B6,MKE,104,-46.0,297.0,4.59,0.0,1|2|3|4|5|6|7|8|9|10
B6,CLT,98,-35.0,317.0,9.2,0.0102,1|2|3|4|5|6|7|8|9|10
B6,MVY,96,-31.0,380.0,18.61,0.0729,5|6|7|8|9|10
B6,DFW,91,-35.0,296.0,21.08,0.0,1|2|3|4|5|6|7|8|9|10|11|12
B6,SMF,89,-39.0,1051.0,22.07,0.0,1|2|3|4|5|6|7|8|9|10
B6,PWM,66,-44.0,990.0,20.2,0.0303,5|6|7|8|9|10|11|12
B6,ONT,64,-41.0,156.0,6.29,0.0312,1|2|3|4|5|6|7|8|9|10
B6,MSP,62,-34.0,976.0,34.7,0.0161,1|2|3|4|5|6|7|8|9|10
B6,TLH,54,-44.0,496.0,4.91,0.0185,1|2|3|4|5|6|7|8|9|10
B6,RNO,53,-41.0,208.0,12.98,0.0189,1|2|3|4|5|6|7|12
B6,PDX,52,-27.0,1267.0,53.94,0.0,3|4|5|6|7|8|9|10
B6,BUR,45,-32.0,160.0,38.02,0.0222,1|2|3|4|5|6|7|8|9|10
B6,ABQ,43,-33.0,1167.0,51.67,0.0,2|3|4|5|6|7|8|9|10
B6,BZN,40,-48.0,312.0,23.15,0.0,1|2|3|6|7|8|9|12
B6,SJC,38,-31.0,92.0,11.19,0.0263,4|5|6|7|8|9
B6,EYW,36,-34.0,1452.0,54.29,0.0278,1|2|3|4|10|11|12
B6,MCI,35,-34.0,259.0,19.77,0.0,1|2|3|4|5|6
B6,ISP,34,-29.0,68.0,-2.44,0.0,10|11|12
B6,BWI,29,-26.0,316.0,5.38,0.0,1|2|3|4
B6,PQI,27,-29.0,155.0,1.07,0.0,9|10|11|12
B6,PSP,26,-42.0,169.0,17.08,0.0,1|2|3|4
B6,HDN,17,-44.0,167.0,33.24,0.0,2|3
B6,HYA,15,-19.0,1097.0,104.33,0.0,5|6|7|8|9
B6,AVL,13,-33.0,312.0,37.08,0.0,6|7|8
B6,STX,5,-26.0,20.0,-3.0,0.0,12
DL,ATL,45387,-61.0,902.0,5.27,0.0082,1|2|3|4|5|6|7|8|9|10|11|12
DL,MSP,14055,-77.0,952.0,1.39,0.0091,1|2|3|4|5|6|7|8|9|10|11|12
DL,DTW,11923,-75.0,1148.0,5.23,0.0081,1|2|3|4|5|6|7|8|9|10|11|12
DL,SLC,10666,-64.0,1013.0,3.71,0.0062,1|2|3|4|5|6|7|8|9|10|11|12
DL,LAX,7212,-54.0,1070.0,3.45,0.0079,1|2|3|4|5|6|7|8|9|10|11|12
DL,SEA,6332,-63.0,913.0,1.34,0.0054,1|2|3|4|5|6|7|8|9|10|11|12
DL,JFK,6041,-90.0,1112.0,1.17,0.0098,1|2|3|4|5|6|7|8|9|10|11|12
DL,LGA,5297,-72.0,847.0,2.62,0.0121,1|2|3|4|5|6|7|8|9|10|11|12
DL,BOS,5109,-64.0,1022.0,2.49,0.01,1|2|3|4|5|6|7|8|9|10|11|12
DL,MCO,4406,-63.0,1070.0,10.03,0.0138,1|2|3|4|5|6|7|8|9|10|11|12
DL,LAS,3250,-57.0,1100.0,0.02,0.0068,1|2|3|4|5|6|7|8|9|10|11|12
DL,SFO,2586,-53.0,1101.0,5.03,0.0043,1|2|3|4|5|6|7|8|9|10|11|12
DL,TPA,2573,-56.0,992.0,8.4,0.021,1|2|3|4|5|6|7|8|9|10|11|12
DL,DFW,2517,-50.0,1077.0,7.18,0.0091,1|2|3|4|5|6|7|8|9|10|11|12
DL,DEN,2515,-63.0,993.0,3.13,0.008,1|2|3|4|5|6|7|8|9|10|11|12
DL,FLL,2438,-52.0,1104.0,11.14,0.0078,1|2|3|4|5|6|7|8|9|10|11|12
DL,AUS,2315,-46.0,938.0,6.78,0.006,1|2|3|4|5|6|7|8|9|10|11|12
DL,MIA,2311,-55.0,1072.0,14.02,0.0121,1|2|3|4|5|6|7|8|9|10|11|12
DL,ORD,2198,-43.0,970.0,7.45,0.0096,1|2|3|4|5|6|7|8|9|10|11|12
DL,RDU,2179,-63.0,921.0,1.67,0.0101,1|2|3|4|5|6|7|8|9|10|11|12
DL,PHX,2112,-52.0,977.0,0.08,0.0062,1|2|3|4|5|6|7|8|9|10|11|12
DL,SAN,1869,-56.0,1160.0,5.53,0.0086,1|2|3|4|5|6|7|8|9|10|11|12
DL,DCA,1779,-64.0,984.0,3.1,0.0107,1|2|3|4|5|6|7|8|9|10|11|12
DL,BNA,1711,-51.0,1170.0,-1.83,0.0076,1|2|3|4|5|6|7|8|9|10|11|12
DL,IAH,1569,-50.0,1069.0,6.92,0.0089,1|2|3|4|5|6|7|8|9|10|11|12
DL,MSY,1470,-64.0,982.0,2.43,0.0122,1|2|3|4|5|6|7|8|9|10|11|12
DL,RSW,1451,-47.0,1171.0,4.75,0.0179,1|2|3|4|5|6|7|8|9|10|11|12
DL,PBI,1438,-51.0,963.0,8.55,0.0125,1|2|3|4|5|6|7|8|9|10|11|12
DL,MCI,1425,-50.0,834.0,-1.3,0.0056,1|2|3|4|5|6|7|8|9|10|11|12
DL,PDX,1395,-50.0,666.0,-0.75,0.0072,1|2|3|4|5|6|7|8|9|10|11|12
DL,CVG,1379,-50.0,400.0,-0.14,0.0174,1|2|3|4|5|6|7|8|9|10|11|12
DL,EWR,1359,-54.0,1027.0,15.67,0.0103,1|2|3|4|5|6|7|8|9|10|11|12
DL,SAT,1275,-50.0,1086.0,5.12,0.0047,1|2|3|4|5|6|7|8|9|10|11|12
DL,CLT,1241,-52.0,735.0,1.45,0.0032,1|2|3|4|5|6|7|8|9|10|11|12
DL,PHL,1199,-50.0,1088.0,0.37,0.0158,1|2|3|4|5|6|7|8|9|10|11|12
DL,JAX,1137,-47.0,1205.0,6.64,0.0079,1|2|3|4|5|6|7|8|9|10|11|12
DL,STL,1081,-45.0,1003.0,-2.62,0.0065,1|2|3|4|5|6|7|8|9|10|11|12
DL,BWI,1075,-54.0,918.0,1.59,0.0084,1|2|3|4|5|6|7|8|9|10|11|12
DL,SNA,901,-50.0,1073.0,-0.96,0.0022,1|2|3|4|5|6|7|8|9|10|11|12
DL,MKE,868,-44.0,1159.0,7.85,0.0058,1|2|3|4|5|6|7|8|9|10|11|12
DL,IND,868,-51.0,880.0,-0.26,0.0092,1|2|3|4|5|6|7|8|9|10|11|12
DL,MEM,843,-40.0,953.0,-1.98,0.0047,1|2|3|4|5|6|7|8|9|10|11|12
DL,BDL,787,-60.0,426.0,-0.01,0.0089,1|2|3|4|5|6|7|8|9|10|11|12
DL,CHS,765,-45.0,1146.0,4.85,0.0065,1|2|3|4|5|6|7|8|9|10|11|12
DL,SJU,747,-44.0,704.0,4.14,0.004,1|2|3|4|5|6|7|8|9|10|11|12
DL,HNL,737,-62.0,742.0,-0.82,0.0041,1|2|3|4|5|6|7|8|9|10|11|12
DL,IAD,680,-51.0,491.0,-2.1,0.0029,1|2|3|4|5|6|7|8|9|10|11|12
DL,SAV,664,-40.0,602.0,3.29,0.006,1|2|3|4|5|6|7|8|9|10|11|12
DL,CLE,663,-42.0,823.0,0.79,0.009,1|2|3|4|5|6|7|8|9|10|11|12
DL,PIT,662,-51.0,493.0,-2.02,0.0091,1|2|3|4|5|6|7|8|9|10|11|12
DL,CMH,628,-48.0,927.0,-2.99,0.0111,1|2|3|4|5|6|7|8|9|10|11|12
DL,SMF,623,-44.0,927.0,-0.98,0.008,1|2|3|4|5|6|7|8|9|10|11|12
DL,GEG,617,-49.0,1157.0,7.77,0.0065,1|2|3|4|5|6|7|8|9|10|11|12
DL,BHM,608,-35.0,458.0,1.3,0.0099,1|2|3|4|5|6|7|8|9|10|11|12
DL,SRQ,593,-44.0,1057.0,10.08,0.0287,1|2|3|4|5|6|7|8|9|10|11|12
DL,GRR,561,-53.0,983.0,-5.08,0.0053,1|2|3|4|5|6|7|8|9|10|11|12
DL,BOI,539,-39.0,561.0,3.62,0.0093,1|2|3|4|5|6|7|8|9|10|11|12
DL,RIC,533,-37.0,453.0,-0.87,0.0094,1|2|3|4|5|6|7|8|9|10|11|12
DL,SDF,532,-38.0,1007.0,-2.59,0.015,1|2|3|4|5|6|7|8|9|10|11|12
DL,GSP,523,-36.0,904.0,-3.83,0.0096,1|2|3|4|5|6|7|8|9|10|11|12
DL,ANC,515,-55.0,910.0,0.44,0.0097,1|2|3|4|5|6|7|8|9|10|11|12
DL,VPS,494,-35.0,717.0,1.03,0.004,1|2|3|4|5|6|7|8|9|10|11|12
DL,GSO,473,-43.0,1033.0,-4.56,0.0021,1|2|3|4|5|6|7|8|9|10|11|12
DL,ORF,466,-41.0,486.0,6.86,0.0107,1|2|3|4|5|6|7|8|9|10|11|12
DL,ECP,460,-34.0,547.0,1.01,0.0043,1|2|3|4|5|6|7|8|9|10|11|12
DL,PNS,456,-35.0,888.0,2.47,0.0022,1|2|3|4|5|6|7|8|9|10|11|12
DL,SJC,431,-43.0,1054.0,-0.73,0.0093,1|2|3|4|5|6|7|8|9|10|11|12
DL,BUF,425,-44.0,526.0,3.35,0.0188,1|2|3|4|5|6|7|8|9|10|11|12
DL,AVL,418,-43.0,959.0,7.53,0.0191,1|2|3|4|5|6|7|8|9|10|11|12
DL,MYR,402,-36.0,1056.0,-0.95,0.0075,1|2|3|4|5|6|7|8|9|10|11|12
DL,OMA,395,-39.0,1206.0,0.26,0.0076,1|2|3|4|5|6|7|8|9|10|11|12
DL,DAL,394,-33.0,664.0,7.69,0.0076,1|2|3|4|5|6|7|8|9|10|11|12
DL,JAN,388,-34.0,189.0,-5.47,0.0,1|2|3|4|5|6|7|8|9|10|11|12
DL,HSV,378,-42.0,403.0,-5.68,0.0053,1|2|3|4|5|6|7|8|9|10|11|12
DL,LIT,378,-40.0,251.0,-5.77,0.0,1|2|3|4|5|6|7|8|9|10|11|12
DL,ONT,372,-44.0,255.0,-8.92,0.0108,1|2|3|4|5|6|7|8|9|10|11|12
DL,MSN,369,-42.0,451.0,-5.38,0.0108,1|2|3|4|5|6|7|8|9|10|11|12
DL,LEX,369,-40.0,367.0,-8.9,0.0081,1|2|3|4|5|6|7|8|9|10|11|12
DL,BZN,364,-38.0,828.0,3.63,0.0082,1|2|3|4|5|6|7|8|9|10|11|12
DL,OKC,349,-40.0,458.0,-3.79,0.0057,1|2|3|4|5|6|7|8|9|10|11|12
DL,DAB,323,-33.0,313.0,0.71,0.0124,1|2|3|4|5|6|7|8|9|10|11|12
DL,MDW,321,-38.0,908.0,4.97,0.0093,1|2|3|4|5|6|7|8|9|10|11|12
DL,HOU,320,-33.0,1084.0,7.75,0.0125,1|2|3|4|5|6|7|8|9|10|11|12
DL,GNV,317,-39.0,952.0,-0.7,0.0158,1|2|3|4|5|6|7|8|9|10|11|12
DL,CAE,309,-39.0,218.0,-7.94,0.0032,1|2|3|4|5|6|7|8|9|10|11|12
DL,TUL,300,-38.0,566.0,-4.68,0.01,1|2|3|4|5|6|7|8|9|10|11|12
DL,ABQ,297,-43.0,307.0,-8.7,0.0168,1|2|3|4|5|6|7|8|9|10|11|12
DL,PVD,296,-46.0,915.0,1.44,0.0101,1|2|3|4|5|6|7|8|9|10|11|12
DL,TLH,287,-33.0,1200.0,-3.45,0.0139,1|2|3|4|5|6|7|8|9|10|11|12
DL,TYS,286,-44.0,277.0,-8.72,0.007,1|2|3|4|5|6|7|8|9|10|11|12
DL,ALB,283,-58.0,356.0,1.28,0.0177,1|2|3|4|5|6|7|8|9|10|11|12
DL,MLB,261,-38.0,402.0,-0.59,0.0115,1|2|3|4|5|6|7|8|9|10|11|12
DL,JAC,254,-52.0,653.0,7.96,0.0079,1|2|3|4|5|6|7|8|9|10|11|12
DL,EYW,252,-32.0,1112.0,17.5,0.0238,1|2|3|4|5|6|7|8|9|10|11|12
DL,CHA,251,-36.0,516.0,-4.64,0.008,1|2|3|4|5|6|7|8|9|10|11|12
DL,TUS,249,-55.0,285.0,-7.75,0.012,1|2|3|4|5|6|7|8|9|10|11|12
DL,SYR,236,-56.0,195.0,-9.25,0.0085,1|2|3|4|5|6|7|8|9|10|11|12
DL,DSM,236,-43.0,904.0,4.14,0.0127,1|2|3|4|5|6|7|8|9|10|11|12
DL,ROC,230,-42.0,766.0,11.51,0.0043,1|2|3|4|5|6|7|8|9|10|11|12
DL,DAY,224,-43.0,1025.0,-7.68,0.0223,1|2|3|4|5|6|7|8|9|10|11|12
DL,GPT,222,-33.0,989.0,7.05,0.009,1|2|3|4|5|6|7|8|9|10|11|12
DL,RNO,200,-43.0,550.0,-0.88,0.01,1|2|3|4|5|6|7|8|9|10|11|12
DL,OGG,195,-62.0,195.0,-12.79,0.0154,1|2|3|4|5|6|7|8|9|10|11|12
DL,HPN,191,-44.0,340.0,-4.35,0.0105,1|2|3|4|5|6|7|8|9|10|11|12
DL,BTR,186,-40.0,432.0,-0.5,0.0161,3|4|5|6|7|8|9|10|11|12
DL,ICT,168,-36.0,339.0,-2.01,0.0,1|2|3|4|5|6|7|8|9|10|11|12
DL,STT,164,-50.0,1109.0,11.6,0.0,1|2|3|4|5|6|7|8|9|10|11|12
DL,ILM,162,-30.0,624.0,11.93,0.0062,1|2|3|4|5|6|7|8|9|10|11|12
DL,LIH,156,-63.0,650.0,-8.12,0.0128,1|2|3|4|5|6|7|8|9|10|11|12
DL,MDT,153,-39.0,414.0,-0.29,0.0,1|3|4|5|6|7|8|9|10|11|12
DL,FCA,149,-43.0,467.0,0.14,0.0067,1|2|3|4|5|6|7|8|9|10|11|12
DL,KOA,149,-68.0,930.0,-3.9,0.0201,1|2|3|4|5|6|7|8|9|10|11|12
DL,FAR,145,-41.0,213.0,-4.02,0.0069,1|2|3|4|5|6|7|8|9|10|11|12
DL,ELP,143,-35.0,190.0,-4.35,0.0,1|2|3|4|5|6|7|8|9|10|11|12
DL,MSO,142,-33.0,521.0,4.2,0.0141,1|2|3|4|5|6|7|8|9|10|11|12
DL,BIL,138,-31.0,849.0,3.99,0.0072,1|2|3|4|5|6|7|8|9|10|11|12
DL,PWM,137,-46.0,580.0,2.84,0.0073,1|2|3|4|5|6|7|8|9|10|11|12
DL,FAI,135,-42.0,1082.0,24.72,0.0222,1|2|3|4|5|6|7|8|9|10|11|12
DL,OAK,134,-42.0,970.0,-0.39,0.0149,1|2|3|4|5|6|7|8|9|10|11|12
DL,BIS,130,-50.0,373.0,2.52,0.0077,1|2|3|4|5|6|7|8|9|10|11|12
DL,FSD,126,-29.0,725.0,21.22,0.0159,1|2|3|4|5|6|7|8|9|10|11|12
DL,XNA,119,-41.0,186.0,-9.5,0.0084,1|2|3|4|5|6|7|8|9|10
DL,SBA,117,-40.0,383.0,9.67,0.0,6|7|8|9|10|11|12
DL,COS,114,-35.0,609.0,12.46,0.0,1|2|3|4|5|6|7|8|9|10|11|12
DL,MOB,111,-29.0,125.0,-6.5,0.0,1|2|3|4|5|6|7|8|9|10|11|12
DL,PSP,111,-64.0,239.0,-5.11,0.0,1|2|3|4|5|9|10|11|12
DL,BTV,98,-56.0,569.0,14.21,0.0,1|2|3|4|5|6|7|8|9|10|11|12
DL,LGB,94,-32.0,172.0,0.82,0.0106,1|2|3|4|5|6|7|8|9|10|11|12
DL,BUR,90,-37.0,328.0,10.06,0.0111,5|6|7|8|9|10|11|12
DL,CID,86,-34.0,195.0,0.95,0.0,1|2|3|4|5|6|7|8|9|10|11|12
DL,GRB,84,-45.0,394.0,-2.15,0.0,1|2|3|4|5|6|7|8|9|10|11|12
DL,PSC,82,-35.0,796.0,5.41,0.0,1|5|6|7|8|9|10|11|12
DL,TVC,81,-42.0,397.0,4.5,0.0123,1|2|3|4|5|6|7|8|9|10|11|12
DL,ROA,81,-26.0,126.0,-4.47,0.0,1|2|3|4|5|6|7|8|9|10|11|12
DL,SGF,79,-29.0,520.0,7.09,0.0127,3|4|5|6|7|8|9|10|11|12
DL,FAY,77,-37.0,582.0,-3.24,0.026,1|2|3|4|5|6|7|8|11|12
DL,OAJ,67,-34.0,321.0,0.24,0.0,1|2|3|4|5|6|7|8|9
DL,CHO,58,-35.0,461.0,10.24,0.0,1|3|4|5|6|7|8|9|10|11
DL,HRL,52,-47.0,60.0,-13.15,0.0,1|2|3|4|5|10|11|12
DL,ATW,47,-36.0,245.0,-2.43,0.0,3|4|5|6|7|8|9|10|11|12
DL,FAT,42,-26.0,168.0,7.68,0.0238,6|7|8|9|10|11|12
DL,EGE,31,-37.0,226.0,8.48,0.0,1|2|3|4|12
DL,AGS,31,-20.0,935.0,44.06,0.0,4|11|12
DL,JNU,29,-34.0,215.0,0.66,0.0,6|7|8|9|10
DL,TRI,28,-30.0,58.0,-13.25,0.0,5|6|10|11
DL,STX,25,-26.0,137.0,16.4,0.0,1|2|3|4|5|7|12
DL,HDN,24,-41.0,142.0,19.42,0.0,1|2|3|12
DL,MTJ,19,-28.0,242.0,10.63,0.0,1|2|3|4|12
DL,IDA,17,-19.0,35.0,2.0,0.0,10|11|12
DL,RAP,13,-28.0,26.0,0.0,0.0,6|7|8|9
DL,DLH,10,-23.0,14.0,-8.6,0.0,6|7|8|9
DL,EVV,5,-38.0,1.0,-24.4,0.0,5
F9,DEN,5017,-54.0,1176.0,11.45,0.0147,1|2|3|4|5|6|7|8|9|10|11|12
F9,MCO,3644,-55.0,1130.0,10.02,0.0233,1|2|3|4|5|6|7|8|9|10|11|12
F9,LAS,2611,-42.0,880.0,9.95,0.0119,1|2|3|4|5|6|7|8|9|10|11|12
F9,ATL,2359,-45.0,1161.0,19.25,0.0246,1|2|3|4|5|6|7|8|9|10|11|12
F9,PHL,2336,-55.0,992.0,13.47,0.0265,1|2|3|4|5|6|7|8|9|10|11|12
F9,DFW,2036,-43.0,1092.0,19.98,0.0305,1|2|3|4|5|6|7|8|9|10|11|12
F9,PHX,1936,-51.0,686.0,8.67,0.0103,1|2|3|4|5|6|7|8|9|10|11|12
F9,CLE,1331,-59.0,934.0,15.96,0.0323,1|2|3|4|5|6|7|8|9|10|11|12
F9,TPA,1317,-49.0,1131.0,15.36,0.0334,1|2|3|4|5|6|7|8|9|10|11|12
F9,SJU,1215,-45.0,1206.0,21.86,0.023,1|2|3|4|5|6|7|8|9|10|11|12
F9,RDU,953,-47.0,1087.0,18.35,0.022,1|2|3|4|5|6|7|8|9|10|11|12
F9,CVG,949,-46.0,1280.0,15.5,0.0137,1|2|3|4|5|6|7|8|9|10|11|12
F9,SFO,920,-37.0,1031.0,29.08,0.0293,1|2|3|4|5|6|7|8|9|10|11|12
F9,MIA,798,-44.0,1053.0,19.99,0.01,1|2|3|4|5|6|7|8|9|10|11|12
F9,MDW,780,-57.0,909.0,12.99,0.0269,1|2|3|4|5|6|7|8|9|10|11|12
F9,ONT,708,-46.0,1074.0,13.97,0.0212,1|2|3|4|5|6|7|8|9|10|11|12
F9,IAH,706,-47.0,1017.0,28.09,0.0283,1|2|3|4|5|6|7|8|9|10|11|12
F9,SAN,688,-42.0,967.0,23.07,0.0218,1|2|3|4|5|6|7|8|9|10|11|12
F9,CLT,677,-52.0,1210.0,31.46,0.0281,1|2|3|4|5|6|7|8|9|10|11|12
F9,SLC,647,-46.0,1267.0,17.91,0.0232,1|2|3|4|5|6|7|8|9|10|11|12
F9,ORD,567,-51.0,1069.0,25.36,0.0212,1|2|3|4|5|6|7|8|9|10|11|12
F9,BWI,536,-55.0,866.0,13.82,0.0299,1|2|3|4|5|6|7|8|9|10|11|12
F9,RSW,502,-45.0,897.0,12.78,0.0378,1|2|3|4|5|6|7|8|9|10|11|12
F9,LGA,493,-47.0,1180.0,26.61,0.0345,1|2|3|4|5|6|7|8|9|10|11|12
F9,DTW,475,-58.0,1047.0,20.99,0.0295,1|2|3|4|5|6|7|8|9|10|11|12
F9,LAX,473,-29.0,849.0,26.15,0.0296,4|5|6|7|8|9|10|11|12
F9,ISP,367,-61.0,851.0,10.55,0.03,1|2|3|4|5|6|7|8|9|10|11|12
F9,PDX,355,-35.0,684.0,15.51,0.0197,1|2|3|4|5|6|7|8|9|10|11|12
F9,FLL,352,-36.0,692.0,18.28,0.0284,1|2|3|4|5|6|7|8|9|10|11|12
F9,TTN,337,-55.0,256.0,4.79,0.0386,1|2|3|4|5|6|7|8|9|10|11|12
F9,MSP,325,-56.0,431.0,15.54,0.0154,1|2|3|4|5|6|7|8|9|10|11|12
F9,SEA,300,-40.0,1039.0,16.46,0.0267,1|2|3|4|5|6|7|8|9|10|11|12
F9,BOS,270,-37.0,1001.0,11.42,0.0185,1|2|3|4|5|6|7|8|9|10|11|12
F9,DCA,240,-57.0,977.0,7.0,0.0167,1|2|3|4|5|6|7|8|9|10|11|12
F9,BUF,234,-57.0,1031.0,18.43,0.0641,1|2|3|4|5|6|7|8|9|10|11|12
F9,SNA,233,-36.0,178.0,4.49,0.03,1|2|3|4|5|6|7|8|9|10|11|12
F9,STL,221,-54.0,250.0,8.33,0.0136,1|2|3|4|5|6|7|8|9|10|11|12
F9,BDL,211,-69.0,1404.0,36.87,0.019,1|2|3|4|5|6|7|8|9|10|11|12
F9,JAX,197,-42.0,1340.0,18.68,0.0051,1|2|3|4|5|6|7|8|9|10|11|12
F9,PBI,187,-44.0,1026.0,32.46,0.0374,1|2|3|4|5|6|7|8|9|10|11|12
F9,SMF,170,-37.0,290.0,5.49,0.0118,1|2|3|4|5|6|7|8|9|10|11|12
F9,BNA,166,-54.0,886.0,14.91,0.0181,1|2|3|4|5|6|7|8|9|10|11|12
F9,IND,154,-48.0,1381.0,19.22,0.013,1|2|3|4|5|6|7|8|9|10|11|12
F9,JFK,154,-45.0,1281.0,17.46,0.0065,6|7|8|9|10|11|12
F9,AUS,154,-41.0,1060.0,21.56,0.013,1|2|3|4|5|6|7|8|9|10|11|12
F9,MSY,151,-44.0,1158.0,23.76,0.0397,1|2|3|4|5|6|7|8|9|10|11|12
F9,GRR,146,-52.0,216.0,0.04,0.0205,1|2|3|4|5|6|7|8|9|10|11|12
F9,SAT,139,-42.0,392.0,19.71,0.0288,1|2|3|4|5|6|7|8|9|10|11|12
F9,ELP,128,-35.0,962.0,21.39,0.0078,1|2|3|4|5|6|7|8|9|10|11|12
F9,SRQ,122,-48.0,1257.0,43.26,0.0492,1|2|3|4|5|6|7|8|9|10|11|12
F9,SJC,111,-36.0,166.0,5.4,0.0,7|8|9|10|11|12
F9,PIT,111,-48.0,287.0,15.11,0.036,1|2|3|4|5|6|7|8|9|10|11
F9,BQN,110,-48.0,216.0,-0.36,0.0182,1|2|3|4|5|6|7|8|9|10|11|12
F9,MKE,108,-54.0,213.0,-4.79,0.0093,1|2|3|4|5|6|7|8|9|10|11|12
F9,MYR,92,-34.0,1102.0,24.73,0.0652,4|5|6|7|8|9|10|11
F9,SYR,88,-51.0,298.0,12.52,0.0227,1|2|3|4|5|6|7|8|9|10|11|12
F9,PNS,87,-41.0,165.0,10.24,0.023,1|2|3|4|5|6|7|8|9|10|11|12
F9,OMA,83,-42.0,223.0,18.46,0.012,1|2|3|4|5|6|7|8|9|10|11|12
F9,HOU,82,-56.0,222.0,4.59,0.0366,1|2|3|4|5|6|7|8|9|10|11|12
F9,OKC,80,-36.0,1095.0,11.77,0.025,1|2|3|4|5|6|7|8|9|10|11|12
F9,MCI,77,-44.0,188.0,12.3,0.013,1|2|3|4|5|6|7|8|9|10|11|12
F9,PWM,76,-52.0,235.0,5.58,0.0658,1|2|3|4|5|6|7|8|9|10|11|12
F9,EWR,76,-39.0,261.0,14.5,0.0263,6|7|8|9|10|11|12
F9,FAR,73,-44.0,513.0,14.74,0.0137,1|2|3|4|5|6|7|8|9|10|11|12
F9,CID,68,-39.0,524.0,7.37,0.0147,1|2|3|4|5|6|7|8|9|10|11|12
F9,MSN,67,-46.0,250.0,9.26,0.0299,1|2|3|4|5|6|7|8|9|10|11|12
F9,TYS,63,-50.0,227.0,10.4,0.0159,1|2|3|4|5|6|7|8|9|10|11|12
F9,PSE,62,-47.0,157.0,1.69,0.0484,1|2|3|4|5|6|7|8|9|11|12
F9,ORF,62,-32.0,254.0,19.08,0.0323,1|2|3|4|5|6|7|8|9|10|11|12
F9,DSM,55,-49.0,132.0,6.25,0.0545,1|2|3|4|5|6|7|8|9|10|11|12
F9,CMH,51,-36.0,177.0,7.98,0.0,1|2|3|4|5|6|7|8|9|10|11|12
F9,FSD,46,-28.0,115.0,9.57,0.0,1|2|3|4|5|6|7|8|9|10|11|12
F9,MEM,43,-26.0,262.0,11.88,0.0233,1|2|3|4|5|6|7|8|9|10|11|12
F9,XNA,41,-29.0,96.0,3.22,0.0,3|4|5|6|7|8|9|10|11|12
F9,SAV,33,-29.0,103.0,5.22,0.0303,3|4|5|6|7|8|9|10|11
F9,LIT,33,-35.0,82.0,3.12,0.0303,1|2|3|4|5|6|7|8|9|10|11|12
F9,CHS,31,-32.0,250.0,20.81,0.0,3|4|5|6|7|8|9|10|11
F9,GRB,28,-39.0,206.0,10.39,0.0,1|2|3|4|5|6|7|8
F9,MSO,27,-31.0,86.0,15.73,0.037,5|6|7|8|9|10
F9,IAD,20,-32.0,154.0,16.15,0.0,11|12
F9,BUR,18,-22.0,100.0,13.78,0.0,11|12
F9,MDT,17,-28.0,114.0,8.06,0.0588,1|2|3|4|12
F9,STT,16,-15.0,36.0,7.62,0.0,1|2|3|4|5|6
F9,BMI,14,-26.0,94.0,18.07,0.0,4|5|6|7|8
F9,STX,6,-4.0,46.0,13.5,0.0,6
F9,PSP,5,-11.0,81.0,23.0,0.0,12
F9,BTV,2,-32.0,-30.0,-31.0,0.0,12
F9,EGE,1,24.0,24.0,24.0,0.0,12
G4,SFB,1923,-64.0,887.0,7.29,0.0151,1|2|3|4|5|6|7|8|9|10|11|12
G4,PIE,1616,-60.0,1202.0,5.33,0.0285,1|2|3|4|5|6|7|8|9|10|11|12
G4,LAS,1516,-48.0,1120.0,4.94,0.0033,1|2|3|4|5|6|7|8|9|10|11|12
G4,PGD,1242,-50.0,505.0,5.74,0.0129,1|2|3|4|5|6|7|8|9|10|11|12
G4,AZA,1127,-53.0,1069.0,0.85,0.0089,1|2|3|4|5|6|7|8|9|10|11|12
G4,CVG,665,-46.0,842.0,8.12,0.0135,1|2|3|4|5|6|7|8|9|10|11|12
G4,AVL,663,-41.0,611.0,12.55,0.0241,1|2|3|4|5|6|7|8|9|10|11|12
G4,FLL,654,-42.0,1147.0,18.35,0.0183,1|2|3|4|5|6|7|8|9|10|11|12
G4,BNA,591,-57.0,1178.0,8.21,0.0135,1|2|3|4|5|6|7|8|9|10|11|12
G4,SRQ,570,-47.0,1040.0,1.32,0.0351,1|2|3|4|5|6|7|8|9|10|11|12
G4,TYS,565,-60.0,836.0,6.02,0.0248,1|2|3|4|5|6|7|8|9|10|11|12
G4,VPS,448,-45.0,1019.0,2.8,0.0179,1|2|3|4|5|6|7|8|9|10|11|12
G4,GRR,428,-60.0,590.0,3.59,0.007,1|2|3|4|5|6|7|8|9|10|11|12
G4,PVU,393,-55.0,668.0,6.25,0.0051,1|2|3|4|5|6|7|8|9|10|11|12
G4,ABE,353,-59.0,414.0,-5.87,0.0113,1|2|3|4|5|6|7|8|9|10|11|12
G4,DSM,349,-47.0,991.0,15.51,0.0315,1|2|3|4|5|6|7|8|9|10|11|12
G4,PIT,303,-50.0,515.0,11.48,0.0198,1|2|3|4|5|6|7|8|9|10|11|12
G4,IND,292,-40.0,1098.0,23.0,0.0171,1|2|3|4|5|6|7|8|9|10|11|12
G4,FNT,289,-60.0,425.0,-1.78,0.0035,1|2|3|4|5|6|7|8|9|10|11|12
G4,ATW,247,-55.0,956.0,6.83,0.0243,1|2|3|4|5|6|7|8|9|10|11|12
G4,PIA,232,-75.0,843.0,7.32,0.0086,1|2|3|4|5|6|7|8|9|10|11|12
G4,AUS,231,-33.0,860.0,18.88,0.0216,1|2|3|4|5|6|7|8|9|10|11|12
G4,BLV,222,-49.0,598.0,8.12,0.0225,1|2|3|4|5|6|7|8|9|10|11|12
G4,MYR,213,-37.0,850.0,11.37,0.0376,1|2|3|4|5|6|7|8|9|10|11|12
G4,LAX,205,-34.0,239.0,1.76,0.0195,1|2|3|4|5|6|7|8|9|10|11|12
G4,FSD,202,-40.0,1053.0,19.61,0.0099,1|2|3|4|5|6|7|8|9|10|11|12
G4,SNA,197,-40.0,1028.0,15.89,0.0102,1|2|3|4|5|6|7|8|9|10|11|12
G4,CID,193,-45.0,345.0,2.67,0.0207,1|2|3|4|5|6|7|8|9|10|11|12
G4,BLI,190,-36.0,421.0,-4.75,0.0105,1|2|3|4|5|6|7|8|9|10|11|12
G4,LCK,182,-42.0,447.0,5.78,0.0385,1|2|3|4|5|6|7|8|9|10|11|12
G4,LEX,181,-56.0,965.0,19.02,0.0276,1|2|3|4|5|6|7|8|9|10|11|12
G4,MDT,177,-54.0,869.0,14.71,0.0169,1|2|3|4|5|6|7|8|9|10|11|12
G4,SAV,175,-31.0,399.0,3.95,0.0114,1|2|3|4|5|6|7|8|9|10|11|12
G4,SBN,162,-57.0,972.0,8.48,0.0185,1|2|3|4|5|6|7|8|9|10|11|12
G4,SGF,162,-48.0,210.0,3.35,0.0185,1|2|3|4|5|6|7|8|9|10|11|12
G4,XNA,160,-39.0,1139.0,17.17,0.0063,1|2|3|4|5|6|7|8|9|10|11|12
G4,RFD,159,-52.0,1026.0,10.36,0.0314,1|2|3|4|5|6|7|8|9|10|11|12
G4,FWA,155,-50.0,404.0,8.59,0.0194,1|2|3|4|5|6|7|8|9|10|11|12
G4,CAK,151,-47.0,1032.0,12.19,0.0199,1|2|3|4|5|6|7|8|9|10|11|12
G4,FAR,149,-50.0,1123.0,12.59,0.0067,1|2|3|4|5|6|7|8|9|10|11|12
G4,EWR,148,-74.0,504.0,-2.89,0.0,1|2|3|4|5|6|7|8|9|10|11|12
G4,SDF,146,-34.0,390.0,17.37,0.0411,1|2|3|4|5|6|7|8|9|10|11|12
G4,JAX,146,-38.0,550.0,10.57,0.0137,1|2|3|4|5|6|7|8|9|10|11|12
G4,SYR,130,-58.0,1082.0,17.15,0.0231,1|2|3|4|5|6|7|8|9|10|11|12
G4,USA,127,-41.0,650.0,22.69,0.0472,1|2|3|4|5|6|7|8|9|10|11|12
G4,ALB,125,-44.0,475.0,17.75,0.008,1|2|3|4|5|6|7|8|9|10|11|12
G4,EYW,124,-34.0,1283.0,26.54,0.0565,1|2|3|4|5|6|7|8|9|10|11|12
G4,OMA,120,-48.0,300.0,7.79,0.025,1|2|3|4|5|6|7|8|9|10|11|12
G4,FAT,118,-38.0,1118.0,20.78,0.0,1|2|3|4|5|6|7|8|9|10|11|12
G4,BIS,112,-71.0,198.0,-5.46,0.0,1|2|3|4|5|6|7|8|9|10|11|12
G4,BGR,109,-78.0,903.0,2.42,0.0275,1|2|3|4|5|6|7|8|9|10|11|12
G4,MEM,107,-48.0,805.0,22.64,0.0093,1|2|3|4|5|6|7|8|9|10|11|12
G4,IDA,104,-48.0,959.0,17.35,0.0096,1|2|3|4|5|6|7|8|9|10|11|12
G4,PBG,101,-52.0,1161.0,32.83,0.0792,1|2|3|4|5|6|7|8|9|10|11|12
G4,MFE,100,-49.0,226.0,5.2,0.0,1|2|3|4|5|6|7|8|9|10|11|12
G4,DEN,96,-36.0,244.0,11.54,0.0104,1|2|3|4|5|6|7|8|9|10|11|12
G4,PHX,95,-40.0,1134.0,19.52,0.0,1|2|3|4|5|6|7|8|9|10|11|12
G4,BOS,94,-58.0,310.0,-3.44,0.0426,1|2|3|4|5|6|7|8|9|10|11|12
G4,MLI,92,-42.0,273.0,-0.15,0.0,1|2|3|4|5|6|7|8|9|10|11|12
G4,PSM,89,-81.0,203.0,-9.48,0.0225,1|2|3|4|5|6|7|8|9|10|11|12
G4,RAP,84,-55.0,225.0,0.37,0.0,1|2|3|4|5|6|7|8|9|10|11|12
G4,MDW,84,-46.0,1395.0,40.0,0.0238,1|2|3|4|5|6|7|8|9|10|11|12
G4,SCK,84,-32.0,533.0,23.61,0.0,1|2|3|4|5|6|7|8|9|10|11|12
G4,TUL,84,-49.0,101.0,0.18,0.0,1|2|3|4|5|6|7|8|9|10|11|12
G4,SWF,84,-40.0,264.0,6.76,0.0119,1|2|3|4|5|6|7|8|9|10|11|12
G4,GSP,82,-33.0,299.0,21.4,0.0,1|2|3|4|5|6|7|8|9|10|11|12
G4,EUG,79,-31.0,967.0,16.84,0.0633,1|2|3|4|5|6|7|8|9|10|11|12
G4,HTS,79,-29.0,768.0,35.13,0.038,1|2|3|4|5|6|7|8|9|10|11|12
G4,IAG,78,-46.0,222.0,9.47,0.0513,1|2|3|4|5|6|7|8|9|10|11|12
G4,BZN,76,-38.0,224.0,0.59,0.0395,1|2|3|4|5|6|7|8|9|10|11|12
G4,BOI,74,-35.0,1345.0,63.76,0.0,1|2|3|4|5|6|7|8|9|10|11|12
G4,TVC,74,-55.0,200.0,5.82,0.0,1|2|3|4|5|6|7|8|9|10|11|12
G4,PBI,71,-31.0,252.0,17.42,0.0282,1|2|3|4|5|6|7|8|9|10|11|12
G4,BIL,70,-45.0,257.0,7.5,0.0286,1|2|3|4|5|6|7|8|9|10|11|12
G4,IAD,70,-53.0,1357.0,40.01,0.0143,1|2|3|4|5|6|7|8|9|10|11|12
G4,PSC,69,-36.0,189.0,10.71,0.0145,1|2|3|4|5|6|7|8|9|10|11|12
G4,MSO,68,-36.0,962.0,19.48,0.0147,1|2|3|4|5|6|7|8|9|10|11|12
G4,HOU,66,-26.0,1535.0,54.03,0.0,1|2|3|4|5|6|7|8|9|10|11|12
G4,ELM,64,-47.0,368.0,14.02,0.0156,1|2|3|4|5|6|7|8|9|10|11|12
G4,MFR,62,-26.0,288.0,22.07,0.0161,1|2|3|4|5|6|7|8|9|10|11|12
G4,ICT,61,-36.0,252.0,1.25,0.0,1|2|3|4|5|6|7|8|9|10|11|12
G4,RIC,61,-55.0,839.0,26.03,0.0,1|2|3|4|5|6|7|8|9|10|11|12
G4,PDX,61,-35.0,100.0,-2.69,0.0,1|2|3|4|5|6|7|8|9|10|11|12
G4,HGR,60,-39.0,272.0,18.42,0.0167,1|2|3|4|5|6|7|8|9|10|11|12
G4,MLB,60,-39.0,228.0,1.68,0.0167,1|2|3|4|5|6|7|8|9|10|11|12
G4,TOL,59,-49.0,246.0,12.19,0.0169,1|2|3|4|5|6|7|8|9|10|11|12
G4,MSP,58,-50.0,299.0,2.91,0.0172,1|2|3|4|5|6|7|8|10|11|12
G4,OAK,57,-27.0,108.0,3.36,0.0175,1|5|6|7|8|9|10|11|12
G4,MOT,54,-41.0,145.0,0.59,0.0,1|2|3|4|5|6|7|8|9|10|11|12
G4,ORF,51,-27.0,1189.0,37.04,0.0392,1|2|3|4|5|6|7|8
G4,FCA,50,-40.0,373.0,25.81,0.04,1|2|3|4|5|6|7|8|9|10|11|12
G4,MCI,49,-46.0,352.0,14.15,0.0408,1|2|3|4|5|6|7|8|10|11|12
G4,BMI,48,-28.0,283.0,15.06,0.0,1|2|3|4|5|6|7|8|9|10|11|12
G4,CHA,48,-37.0,886.0,36.24,0.0625,1|2|3|4|5|6|7|8|9|10|11|12
G4,GRI,48,-38.0,489.0,6.35,0.0417,1|2|3|4|5|6|7|8|9|10|11|12
G4,MCO,48,-33.0,1147.0,46.91,0.0208,5|6|7|8|9|10|11|12
G4,CKB,47,-30.0,1190.0,61.76,0.0426,1|2|3|4|5|6|7|8|10|11|12
G4,CHS,46,-35.0,204.0,5.8,0.0217,1|2|3|4|5|6|7|8|9|10|11|12
G4,DAY,45,-37.0,900.0,46.43,0.0667,1|2|3|4|5|6|7|8|9|10|11|12
G4,PVD,43,-60.0,250.0,5.93,0.0233,1|2|3|4|5|6|7|8|9|10|11|12
G4,GEG,42,-33.0,302.0,11.4,0.0,1|3|4|5|6|7|8|10|11|12
G4,EVV,40,-36.0,865.0,39.22,0.075,1|2|3|4|5|6|7|8|9|10|11|12
G4,ROA,40,-27.0,108.0,17.37,0.05,2|3|5|6|7|8|9|10|11|12
G4,GFK,39,-55.0,149.0,-14.33,0.0,1|2|3|4|5|6|7|8|9|10|11|12
G4,SHV,36,-35.0,381.0,21.78,0.0,1|2|3|4|5|6|7|8|9|10|11|12
G4,GTF,36,-61.0,149.0,-1.72,0.0,1|2|3|4|5|6|7|8|9|10|11|12
G4,SAN,34,-25.0,106.0,10.85,0.0294,1|2|3|4|5|6|7|8|9|10|11|12
G4,OKC,34,-36.0,110.0,8.76,0.0,1|2|4|5|6|7|8
G4,TRI,34,-21.0,214.0,25.0,0.0588,1|2|3|4|5|6|7|8|9|10|12
G4,LRD,32,-35.0,1254.0,59.13,0.0312,1|2|3|4|6|7|8|9|10|11|12
G4,BWI,31,-33.0,1167.0,55.53,0.0323,1|2|3|4|5|6|7|8|9|10|11|12
G4,SMX,26,-24.0,113.0,15.08,0.0,1|2|3|5|6|7|8|9|10|11|12
G4,STC,26,-52.0,174.0,-2.54,0.0,1|2|3|4|5|6|7|10|12
G4,LIT,25,-31.0,384.0,36.72,0.0,1|5|6|7|8|10|11|12
G4,GJT,25,-30.0,1251.0,75.92,0.0,2|3|4|5|6|7|8|9|10|11|12
G4,GSO,23,-39.0,139.0,30.82,0.0435,1|2|3|4|5|6|7|9|12
G4,PSP,22,-30.0,91.0,-0.27,0.0,1|2|3|4|10|11|12
G4,SPI,20,-23.0,149.0,18.2,0.0,1|2|4|5|6|7|10|11|12
G4,MRY,20,-20.0,530.0,84.4,0.0,2|3|4|6|7|8|9|10|11|12
G4,MSY,17,-23.0,85.0,1.31,0.0588,1|3|4|5|6|7|10|11
G4,ROC,15,-36.0,67.0,-3.43,0.0667,1|2|3|4|10|11|12
G4,ELP,12,-35.0,63.0,8.42,0.0,1|3|4|5|7|8|9|11|12
G4,GPT,8,-23.0,220.0,53.62,0.0,5|6|7|8
G4,SAT,7,0.0,224.0,46.14,0.0,6|7|8
G4,BTV,1,,,,1.0,12
HA,HNL,6207,-52.0,737.0,4.26,0.01,1|2|3|4|5|6|7|8|9|10|11|12
HA,OGG,2711,-70.0,445.0,2.83,0.01,1|2|3|4|5|6|7|8|9|10|11|12
HA,LIH,1681,-56.0,157.0,2.09,0.0137,1|2|3|4|5|6|7|8|9|10|11|12
HA,KOA,1591,-55.0,392.0,3.52,0.0075,1|2|3|4|5|6|7|8|9|10|11|12
HA,ITO,994,-19.0,146.0,3.78,0.0131,1|2|3|4|5|6|7|8|9|10|11|12
HA,LAX,458,-41.0,1076.0,9.66,0.0153,1|2|3|4|5|6|7|8|9|10|11|12
HA,LAS,269,-40.0,1175.0,20.83,0.0,1|2|3|4|5|6|7|8|9|10|11|12
HA,OAK,201,-46.0,106.0,-4.13,0.0199,1|2|3|4|5|6|7|8|9|10|11|12
HA,SMF,191,-36.0,769.0,5.15,0.0,1|2|3|4|5|6|7|8|9|10|11|12
HA,SEA,175,-37.0,983.0,20.58,0.0343,1|2|3|4|5|6|7|8|9|10|11|12
HA,SAN,166,-41.0,232.0,13.39,0.006,1|2|3|4|5|6|7|8|9|10|11|12
HA,PDX,154,-32.0,401.0,4.95,0.013,1|2|3|4|5|6|7|8|9|10|11|12
HA,SFO,137,-33.0,681.0,7.48,0.0146,1|2|3|4|5|6|7|8|9|10|11|12
HA,LGB,129,-49.0,307.0,-3.32,0.0,1|2|3|4|5|6|7|8|9|10|11|12
HA,SJC,128,-43.0,145.0,-6.11,0.0078,1|2|3|4|5|6|7|8|9|10|11|12
HA,JFK,76,-45.0,198.0,4.39,0.0132,1|2|3|4|5|6|7|8|9|10|11|12
HA,ONT,71,-41.0,150.0,2.93,0.0141,1|2|3|4|5|6|7|8|9|10|11|12
HA,PHX,65,-29.0,995.0,17.95,0.0,1|2|3|4|5|6|7|8|9|10|11|12
HA,BOS,61,-36.0,243.0,17.1,0.0164,1|2|3|4|5|6|7|8|9|10|11|12
HA,SLC,39,-44.0,64.0,-7.74,0.0,5|6|7|8|9|10|11
HA,AUS,38,-29.0,242.0,16.92,0.0,1|2|3|4|5|6|7|8|9|10|11|12
HA,PPG,26,-23.0,54.0,-1.38,0.0,1|2|3|5|6|7|8|9|10|11|12
MQ,DFW,13965,-45.0,696.0,4.75,0.0153,1|2|3|4|5|6|7|8|9|10|11|12
MQ,ORD,6850,-56.0,713.0,7.28,0.0111,1|2|3|4|5|6|7|8|9|10|11|12
MQ,MIA,2874,-44.0,551.0,4.23,0.0157,1|2|3|4|5|6|7|8|9|10|11|12
MQ,PHX,1610,-40.0,649.0,2.31,0.0012,1|2|3|4|5|6|7|8|9|10|11|12
MQ,CLT,1227,-36.0,989.0,13.06,0.0163,1|2|3|4|5|6|7|8|9|10|11|12
MQ,XNA,1051,-35.0,375.0,8.3,0.0067,1|2|3|4|5|6|7|8|9|10|11|12
MQ,DCA,866,-51.0,1339.0,8.24,0.015,1|2|3|4|5|6|7|8|9|10|11|12
MQ,SGF,825,-35.0,468.0,8.35,0.0145,1|2|3|4|5|6|7|8|9|10|11|12
MQ,LIT,671,-45.0,541.0,10.85,0.0194,1|2|3|4|5|6|7|8|9|10|11|12
MQ,CMH,626,-43.0,532.0,2.3,0.0048,1|2|3|4|5|6|7|8|9|10|11|12
MQ,TLH,558,-35.0,257.0,7.76,0.0125,1|2|3|4|5|6|7|8|9|10|11|12
MQ,MAF,546,-30.0,668.0,7.02,0.0201,1|2|3|4|5|6|7|8|9|10|11|12
MQ,CRP,511,-30.0,525.0,6.83,0.0196,1|2|3|4|5|6|7|8|9|10|11|12
MQ,CVG,505,-33.0,548.0,10.0,0.002,1|2|3|4|5|6|7|8|9|10|11|12
MQ,ICT,501,-38.0,846.0,10.6,0.022,1|2|3|4|5|6|7|8|9|10|11|12
MQ,BHM,498,-35.0,908.0,7.6,0.0161,1|2|3|4|5|6|7|8|9|10|11|12
MQ,OKC,481,-32.0,394.0,5.15,0.0187,1|2|3|4|5|6|7|8|9|10|11|12
MQ,BNA,475,-38.0,457.0,6.92,0.0168,1|2|3|4|5|6|7|8|9|10|11|12
MQ,AUS,452,-41.0,514.0,8.02,0.0088,1|2|3|4|5|6|7|8|9|10|11|12
MQ,EYW,431,-36.0,272.0,7.61,0.0325,1|2|3|4|5|6|7|8|9|10|11|12
MQ,AMA,396,-32.0,489.0,7.66,0.0152,1|2|3|4|5|6|7|8|9|10|11|12
MQ,LBB,391,-29.0,398.0,5.69,0.0128,1|2|3|4|5|6|7|8|9|10|11|12
MQ,STL,384,-34.0,295.0,7.5,0.0286,1|2|3|4|5|6|7|8|9|10|11|12
MQ,ELP,380,-37.0,971.0,12.77,0.0105,1|2|3|4|5|6|7|8|9|10|11|12
MQ,ABI,369,-28.0,339.0,4.01,0.0,1|2|3|4|5|6|7|8|9|10|11|12
MQ,HOU,362,-32.0,381.0,9.99,0.047,1|2|3|4|5|6|7|8|9|10|11|12
MQ,BOS,353,-45.0,1025.0,10.44,0.0227,1|2|3|4|5|6|7|8|9|10|11|12
MQ,FAR,349,-52.0,1564.0,7.53,0.0086,1|2|3|4|5|6|7|8|9|10|11|12
MQ,HSV,343,-37.0,393.0,14.0,0.0262,1|2|3|4|5|6|7|8|9|10|11|12
MQ,LRD,333,-28.0,590.0,13.29,0.012,1|2|3|4|5|6|7|8|9|10|11|12
MQ,TUL,324,-39.0,265.0,4.54,0.0031,1|2|3|4|5|6|7|8|9|10|11|12
MQ,COU,324,-36.0,437.0,11.58,0.0185,1|2|3|4|5|6|7|8|9|10|11|12
MQ,GSP,323,-38.0,367.0,5.98,0.0062,1|2|3|4|5|6|7|8|9|10|11|12
MQ,SDF,318,-44.0,275.0,6.93,0.0157,1|2|3|4|5|6|7|8|9|10|11|12
MQ,MEM,309,-33.0,211.0,0.84,0.0129,1|2|3|4|5|6|7|8|9|10|11|12
MQ,HRL,303,-31.0,465.0,6.05,0.0066,1|2|3|4|5|6|7|8|9|10|11|12
MQ,IAH,298,-41.0,992.0,5.34,0.0537,1|2|3|4|5|6|7|8|9|10|11|12
MQ,GSO,280,-38.0,884.0,3.6,0.0,1|2|3|4|5|6|7|8|9|10|11|12
MQ,PNS,279,-24.0,367.0,7.12,0.0108,1|2|3|4|5|6|7|8|9|10|11|12
MQ,CMI,274,-41.0,339.0,3.92,0.0292,1|2|3|4|5|6|7|8|9|10|11|12
MQ,BRO,270,-26.0,300.0,2.41,0.0185,1|2|3|4|5|6|7|8|9|10|11|12
MQ,RDU,267,-40.0,201.0,1.28,0.0075,1|2|3|4|5|6|7|8|9|10|11|12
MQ,GRK,260,-25.0,382.0,14.62,0.0154,1|2|3|4|5|6|7|8|9|10|11|12
MQ,HPN,255,-42.0,1035.0,7.06,0.0314,1|2|3|4|5|6|7|8|9|10|11|12
MQ,MCI,253,-32.0,373.0,1.44,0.0119,1|2|3|4|5|6|7|8|9|10|11|12
MQ,TPA,250,-33.0,1529.0,22.22,0.028,1|2|3|4|5|6|7|8|9|10|11|12
MQ,CHA,247,-44.0,382.0,8.79,0.0202,1|2|3|4|5|6|7|8|9|10|11|12
MQ,CID,238,-47.0,311.0,7.12,0.0168,1|2|3|4|5|6|7|8|9|10|11|12
MQ,ILM,235,-40.0,164.0,1.61,0.0085,1|2|3|4|5|6|7|8|9|10|11|12
MQ,AVL,230,-39.0,327.0,15.66,0.0304,1|2|3|4|5|6|7|8|9|10|11|12
MQ,RAP,230,-56.0,395.0,7.71,0.013,1|2|3|4|5|6|7|8|9|10|11|12
MQ,HHH,227,-36.0,215.0,7.73,0.022,1|2|3|4|5|6|7|8|9|10|11|12
MQ,SAV,221,-39.0,941.0,7.89,0.0136,1|2|3|4|5|6|8|9|10|11|12
MQ,LEX,219,-48.0,177.0,-0.62,0.0137,1|2|3|4|5|6|7|8|9|10|11|12
MQ,MSY,217,-34.0,186.0,3.56,0.023,1|2|3|4|5|6|7|8|9|10|11|12
MQ,FSM,215,-44.0,1015.0,14.15,0.0326,1|2|3|4|5|6|7|8|9|10|11|12
MQ,JAX,215,-34.0,332.0,6.13,0.0186,1|2|3|4|5|6|7|8|9|10|11|12
MQ,FWA,210,-53.0,197.0,1.54,0.0048,1|2|3|4|5|6|7|8|9|10|11|12
MQ,MOB,206,-38.0,286.0,7.07,0.0,1|2|3|4|5|6|7|8|9|10|11|12
MQ,JAN,203,-34.0,353.0,10.59,0.0246,1|2|3|4|5|6|7|8|9|10|11|12
MQ,BTR,203,-38.0,308.0,14.66,0.0296,1|2|3|4|5|6|7|8|9|10|11|12
MQ,IND,199,-36.0,360.0,8.06,0.0251,1|2|3|4|5|6|7|8|9|10|11|12
MQ,CHS,195,-49.0,352.0,2.85,0.0154,2|3|4|5|6|7|8|9|10|11|12
MQ,MSP,193,-38.0,228.0,9.99,0.0104,1|2|3|4|5|6|7|8|9|10|11|12
MQ,MLU,189,-35.0,330.0,3.66,0.0,1|2|3|4|5|6|7|8|9|10|11|12
MQ,TYS,189,-30.0,421.0,6.31,0.0212,1|2|3|4|5|6|7|8|9|10|11|12
MQ,MHK,188,-53.0,189.0,-8.46,0.0213,1|2|3|4|5|6|7|8|9|10|11|12
MQ,DTW,180,-33.0,263.0,4.95,0.0556,1|2|3|4|5|6|7|8|9|10|11|12
MQ,SYR,180,-53.0,481.0,2.4,0.0,1|2|3|4|5|6|7|8|9|10|11|12
MQ,DSM,174,-61.0,382.0,4.59,0.0287,1|2|3|4|6|7|8|9|10|11|12
MQ,SHV,174,-33.0,220.0,7.61,0.0172,1|2|3|4|5|6|7|8|9|10|11|12
MQ,ABQ,171,-33.0,162.0,3.21,0.0,1|2|3|4|5|6|7|8|9|10|11|12
MQ,BIL,167,-46.0,903.0,11.67,0.0,1|2|3|4|5|6|7|8|9|10|11|12
MQ,EWR,165,-53.0,171.0,9.93,0.0485,1|2|3|4|5|6|7|8|11|12
MQ,TUS,161,-22.0,183.0,1.54,0.0062,1|2|3|4|5|6|7|8|9|10|11|12
MQ,ROC,155,-33.0,153.0,2.11,0.0129,1|2|3|4|5|6|7|8|9|10|11|12
MQ,MFE,154,-31.0,1366.0,18.28,0.013,1|2|3|4|5|6|7|8|9|10|11|12
MQ,CLL,153,-32.0,861.0,2.3,0.0261,1|2|3|4|5|6|7|8|9|10|11
MQ,ECP,151,-43.0,323.0,8.02,0.0132,1|2|4|5|6|7|8|9|10|11|12
MQ,FSD,148,-46.0,422.0,3.29,0.0405,1|2|3|4|5|6|7|8|9|10|11|12
MQ,GRR,147,-42.0,299.0,12.96,0.0136,1|2|3|4|5|6|7|8|9|10|11|12
MQ,MLI,145,-44.0,335.0,0.12,0.0138,1|2|3|4|5|6|7|8|9|10|11|12
MQ,PIT,137,-46.0,261.0,6.44,0.0073,1|2|3|4|5|6|8|9|10|11|12
MQ,EVV,134,-43.0,320.0,1.44,0.0075,1|2|3|4|5|6|7|8|9|10|11|12
MQ,ATL,134,-34.0,1416.0,26.2,0.0149,1|2|3|4|5|6|7|8|9|10|11|12
MQ,PIA,133,-47.0,508.0,10.95,0.0075,1|2|3|4|5|6|7|8|9|10|11|12
MQ,SJT,131,-28.0,868.0,12.64,0.0153,1|2|3|4|5|6|7|8|9|10|11
MQ,ATW,130,-40.0,235.0,0.04,0.0154,1|2|3|4|5|6|7|8|9|10|11|12
MQ,BMI,130,-42.0,350.0,5.24,0.0231,1|2|3|4|5|6|7|8|9|10|11|12
MQ,BIS,130,-52.0,241.0,8.09,0.0154,1|2|3|4|5|6|7|8|9|10|11|12
MQ,TVC,129,-31.0,908.0,6.47,0.0078,1|2|3|4|5|6|7|8|9|10|11|12
MQ,MGM,125,-43.0,734.0,-0.5,0.008,1|2|3|6|7|8|9|10|11
MQ,GNV,124,-37.0,935.0,7.92,0.0242,1|2|3|4|5|6|7|8|9|10|11|12
MQ,MSN,123,-26.0,339.0,7.29,0.0081,1|2|3|4|5|6|7|8|9|10|11|12
MQ,CLE,122,-45.0,503.0,3.02,0.0082,1|2|3|4|5|6|7|8|9|10|11|12
MQ,GCK,116,-25.0,407.0,15.01,0.0172,2|3|4|5|6|7|8|9|11|12
MQ,OMA,108,-32.0,198.0,0.0,0.0278,1|2|3|4|5|6|7|8|9|10|11|12
MQ,SEA,108,-44.0,1662.0,15.46,0.0,1|2|3|4|5|6|7|8|9|10|11
MQ,BDL,103,-42.0,260.0,9.76,0.0097,1|2|3|4|5|6|7|9|10|11|12
MQ,YUM,103,-24.0,176.0,3.52,0.0,3|4|5|6|7|8|9|10|11|12
MQ,BWI,102,-40.0,169.0,0.25,0.0,1|2|3|4|5|6|7|8|9|10|11|12
MQ,GJT,101,-30.0,298.0,12.27,0.0,1|2|3|4|5|6|7|8|9|11|12
MQ,MQT,101,-41.0,268.0,10.93,0.0,2|3|4|5|6|7|8|9|10|11|12
MQ,GPT,100,-41.0,979.0,25.79,0.02,1|2|3|4|5|6|7|8|9|10|11|12
MQ,AVP,97,-35.0,297.0,13.48,0.0206,1|2|3|4|5|6|7|8|9|10|11|12
MQ,MRY,97,-26.0,180.0,-0.36,0.0,1|2|4|5|6|7|8|9|10|11|12
MQ,TRI,91,-36.0,95.0,-3.64,0.022,1|2|4|5|6|7|8|9|10|12
MQ,VPS,91,-38.0,180.0,9.38,0.0,1|2|4|5|6|7|8|9|10|11|12
MQ,BUF,89,-37.0,120.0,-1.54,0.0,1|2|4|5|6|7|8|10|11|12
MQ,PVD,87,-44.0,160.0,3.51,0.0,1|2|3|4|5|6|7|8|9|10|11|12
MQ,ORF,87,-36.0,478.0,3.02,0.0115,1|2|3|4|5|6|7|8|9|10|11|12
MQ,RDM,85,-49.0,272.0,-2.63,0.0118,6|7|8|9|10|11|12
MQ,MYR,81,-37.0,151.0,5.97,0.037,2|3|4|5|6|7|8|9|10|11|12
MQ,LFT,81,-27.0,284.0,8.71,0.0123,1|4|6|7|8|9|10|11|12
MQ,GRB,77,-37.0,205.0,10.28,0.039,1|2|3|4|5|6|7|8|9|10|11
MQ,COS,74,-32.0,1256.0,26.39,0.0,1|2|3|4|5|6|7|8|9|10|11
MQ,RNO,73,-19.0,348.0,12.03,0.0137,1|5|6|7|8|9|10|11
MQ,TXK,73,-31.0,633.0,15.27,0.0,2|3|4|5|6|7|8|9|10
MQ,MSO,67,-34.0,242.0,15.6,0.0299,1|2|3|4|5|6|7|8|9|10|11|12
MQ,BFL,67,-26.0,190.0,-1.69,0.0,2|3|4|5|6|7|8|9|10|11|12
MQ,SAT,66,-26.0,243.0,12.66,0.0152,1|2|3|4|6|7|8|9|10|12
MQ,LSE,61,-29.0,361.0,7.07,0.0164,2|5|6|7|8|9|10|11|12
MQ,BTV,60,-35.0,150.0,10.86,0.0333,6|7|8|9|10|11
MQ,SBA,58,-29.0,96.0,0.14,0.0172,5|6|7|8|11|12
MQ,SJC,58,-32.0,126.0,-4.44,0.0172,1|2|3|5|6|7|8|9|11|12
MQ,RIC,57,-38.0,206.0,-1.8,0.0175,1|2|4|5|6|10|11|12
MQ,BOI,57,-27.0,119.0,0.21,0.0175,1|2|3|4|5|6|11|12
MQ,MHT,57,-38.0,74.0,-2.32,0.0,6|7|8|9|10|11
MQ,PWM,56,-36.0,83.0,3.07,0.0,6|7|8|9|10|11
MQ,RST,52,-30.0,724.0,10.69,0.0,2|3|4|7|8|9|10
MQ,ACT,51,-21.0,216.0,10.52,0.0196,1|2|3|4|5|6|8
MQ,SMF,48,-22.0,91.0,-1.19,0.0,1|2|3|4|5|6|9|10|12
MQ,BGR,47,-31.0,113.0,17.79,0.0,6|7|8|9|10|11
MQ,STS,45,-32.0,122.0,2.87,0.0,4|5|7|8|9|10|11|12
MQ,DAY,42,-35.0,273.0,10.45,0.0,1|4|5|6|7|8|11|12
MQ,GGG,42,-25.0,420.0,28.45,0.0476,5|7|8|9|10
MQ,ALB,41,-38.0,41.0,1.27,0.0,2|3|4|5|6|9|10
MQ,TYR,38,-21.0,96.0,-0.74,0.0,7|8|9|10
MQ,SWO,37,-26.0,86.0,-11.03,0.027,2|3|4|5
MQ,SBP,37,-24.0,28.0,-5.54,0.0,1|2|6|9|10|11|12
MQ,AGS,31,-34.0,133.0,0.55,0.0645,4|5|9|10|11|12
MQ,DEN,30,-27.0,81.0,-0.77,0.0,6|7|8|9|10|11|12
MQ,BPT,30,-30.0,216.0,5.27,0.0,1|2|3|4
MQ,ROW,29,-23.0,198.0,1.03,0.0,2|3|4|5
MQ,LAW,29,-28.0,35.0,-7.18,0.0345,1|2|3|4
MQ,SAF,25,-17.0,204.0,31.33,0.04,1|2|3|5|6
MQ,PSP,22,-15.0,91.0,-0.45,0.0,1|2|3|4|5|9|10
MQ,SLC,22,-47.0,33.0,-14.45,0.0,1|4|5|7|11|12
MQ,SPS,19,-31.0,113.0,0.26,0.0,11|12
MQ,MTJ,17,-12.0,200.0,21.59,0.0,4|5|6
MQ,RSW,13,-24.0,118.0,11.23,0.0,1|3|4
MQ,BZN,13,-22.0,40.0,-1.31,0.0,9|10|11|12
MQ,LAX,12,-16.0,74.0,1.5,0.0,11|12
MQ,CAE,11,-34.0,23.0,-5.27,0.0,6|7|8|12
MQ,SFO,11,-19.0,88.0,28.82,0.0,1|2|4|5
MQ,ONT,10,-28.0,4.0,-11.3,0.0,11|12
MQ,PDX,10,-36.0,4.0,-13.2,0.0,3|12
MQ,MKE,8,-20.0,66.0,14.88,0.0,3|12
MQ,BUR,7,-25.0,20.0,-3.43,0.0,10|11|12
MQ,AEX,7,-21.0,538.0,74.71,0.0,9|10
MQ,FCA,7,-39.0,152.0,31.71,0.0,5|6|7
MQ,LCH,6,-21.0,5.0,-7.83,0.0,3|7|8
MQ,HDN,6,-34.0,60.0,8.5,0.0,1|2|3|12
MQ,IAD,6,-16.0,51.0,9.0,0.0,1
MQ,EUG,6,-24.0,114.0,5.83,0.0,12
MQ,DRO,5,-33.0,2.0,-16.2,0.0,12
MQ,FAT,4,-15.0,1.0,-6.5,0.0,2
MQ,SRQ,3,-35.0,14.0,-14.33,0.0,4|12
MQ,ACK,3,-3.0,5.0,1.0,0.0,7|8
MQ,SJU,3,-16.0,1.0,-8.33,0.0,8
MQ,MVY,2,-15.0,-2.0,-8.5,0.0,6|7
MQ,LAS,1,-15.0,-15.0,-15.0,0.0,8
NK,LAS,5278,-54.0,878.0,5.02,0.0117,1|2|3|4|5|6|7|8|9|10|11|12
NK,FLL,5070,-47.0,582.0,14.17,0.0193,1|2|3|4|5|6|7|8|9|10|11|12
NK,MCO,4609,-42.0,687.0,9.09,0.0163,1|2|3|4|5|6|7|8|9|10|11|12
NK,LAX,2261,-46.0,896.0,5.5,0.0128,1|2|3|4|5|6|7|8|9|10|11|12
NK,DTW,2157,-57.0,474.0,0.91,0.0148,1|2|3|4|5|6|7|8|9|10|11|12
NK,EWR,2097,-58.0,595.0,6.4,0.0343,1|2|3|4|5|6|7|8|9|10|11|12
NK,DFW,2023,-44.0,469.0,10.9,0.0153,1|2|3|4|5|6|7|8|9|10|11|12
NK,ATL,1984,-50.0,677.0,12.21,0.0176,1|2|3|4|5|6|7|8|9|10|11|12
NK,IAH,1937,-45.0,540.0,9.53,0.0191,1|2|3|4|5|6|7|8|9|10|11|12
NK,LGA,1673,-57.0,835.0,3.44,0.0227,1|2|3|4|5|6|7|8|9|10|11|12
NK,ORD,1667,-53.0,796.0,11.16,0.0156,1|2|3|4|5|6|7|8|9|10|11|12
NK,BWI,1353,-55.0,440.0,6.02,0.0148,1|2|3|4|5|6|7|8|9|10|11|12
NK,BOS,1338,-63.0,847.0,12.85,0.0321,1|2|3|4|5|6|7|8|9|10|11|12
NK,TPA,1184,-43.0,358.0,5.73,0.0321,1|2|3|4|5|6|7|8|9|10|11|12
NK,MIA,1088,-44.0,597.0,10.06,0.0211,1|2|3|4|5|6|7|8|9|10|11|12
NK,MSY,1007,-44.0,329.0,5.83,0.0199,1|2|3|4|5|6|7|8|9|10|11|12
NK,CLT,1004,-41.0,822.0,17.26,0.0259,1|2|3|4|5|6|7|8|9|10|11|12
NK,PHL,975,-49.0,447.0,6.99,0.0205,1|2|3|4|5|6|7|8|9|10|11|12
NK,MYR,965,-42.0,634.0,6.05,0.0207,1|2|3|4|5|6|7|8|9|10|11|12
NK,SJU,954,-56.0,1388.0,9.52,0.0199,1|2|3|4|5|6|7|8|9|10|11|12
NK,PIT,750,-46.0,1048.0,12.11,0.0333,1|2|3|4|5|6|7|8|9|10|11|12
NK,BNA,718,-44.0,993.0,8.67,0.032,1|2|3|4|5|6|7|8|9|10|11|12
NK,ACY,622,-47.0,459.0,-0.95,0.0241,1|2|3|4|5|6|7|8|9|10|11|12
NK,SAN,608,-36.0,320.0,8.13,0.023,1|2|3|4|5|6|7|8|9|10|11|12
NK,OAK,562,-41.0,351.0,5.95,0.0196,1|2|3|4|5|6|7|8|9|10|11|12
NK,SJC,545,-43.0,954.0,7.59,0.0128,1|2|3|4|5|6|7|8|9|10|11|12
NK,RSW,524,-46.0,753.0,7.59,0.021,1|2|3|4|5|6|7|8|9|10|11|12
NK,CMH,500,-53.0,722.0,4.04,0.018,1|2|3|4|5|6|7|8|9|10|11|12
NK,IND,496,-42.0,889.0,5.58,0.0302,1|2|3|4|5|6|7|8|9|10|11|12
NK,SAT,435,-40.0,932.0,7.74,0.0253,1|2|3|4|5|6|7|8|9|10|11|12
NK,BUR,397,-32.0,263.0,12.37,0.0202,1|2|3|4|5|6|7|8|9|10|11|12
NK,PDX,354,-57.0,816.0,6.55,0.0198,1|2|3|4|5|6|7|8|9|10|11|12
NK,SMF,350,-30.0,305.0,6.52,0.0143,1|2|3|4|5|6|7|8|9|10|11|12
NK,MCI,348,-46.0,316.0,3.19,0.0259,1|2|3|4|5|6|7|8|9|10|11|12
NK,CHS,265,-38.0,380.0,17.48,0.0415,1|2|3|4|5|6|7|8|9|10|11|12
NK,SNA,249,-32.0,291.0,4.16,0.008,1|2|3|4|5|6|7|8|9|10|11|12
NK,SLC,241,-39.0,389.0,9.54,0.0083,1|2|3|4|5|6|7|8|9|10|11|12
NK,RNO,228,-35.0,362.0,3.15,0.0219,1|2|3|4|5|6|7|8|9|10|11|12
NK,PHX,227,-51.0,334.0,14.4,0.022,1|2|3|4|5|6|7|8|9|10|11|12
NK,MSP,224,-40.0,204.0,4.85,0.0089,1|2|3|4|5|6|7|8|9|10|11|12
NK,SEA,214,-46.0,326.0,11.6,0.0093,1|2|3|4|5|6|7|8|9|10|11|12
NK,STT,208,-44.0,1180.0,12.79,0.0144,1|2|3|4|5|6|7|8|9|10|11|12
NK,CLE,204,-38.0,900.0,17.25,0.049,1|2|3|4|5|6|7|8|9|10|11|12
NK,AUS,199,-40.0,325.0,7.7,0.0352,1|2|3|4|5|6|7|8|9|10|11|12
NK,RIC,198,-38.0,305.0,12.76,0.0253,1|2|3|4|5|6|7|8|9|10|11|12
NK,ORF,198,-43.0,950.0,7.99,0.0354,1|2|3|4|5|6|7|8|9|10|11|12
NK,PNS,188,-41.0,343.0,9.28,0.0213,1|2|3|4|5|6|7|8|9|10|11|12
NK,MEM,188,-40.0,384.0,-3.12,0.0106,1|2|3|4|5|6|7|8|9|10|11|12
NK,SDF,164,-45.0,525.0,13.9,0.0183,1|2|3|4|5|6|7|8|9|10|11|12
NK,MKE,146,-44.0,888.0,7.27,0.0205,1|2|3|4|5|6|7|8|9|10|11|12
NK,ABQ,117,-41.0,158.0,-0.76,0.0,1|2|3|4|5|6|7|8|9|10|11|12
NK,BDL,116,-68.0,239.0,2.88,0.0086,1|2|3|4|5|6|7|8|9|10|11|12
NK,LBE,115,-46.0,244.0,-0.18,0.0261,1|2|3|4|5|6|7|8|9|10|11|12
NK,BOI,111,-27.0,186.0,3.36,0.009,1|2|3|4|5|6|7|8|9|10|11|12
NK,ROC,104,-42.0,188.0,1.15,0.0288,1|2|3|4|5|6|7|8|9|10|11|12
NK,RDU,92,-34.0,171.0,15.16,0.0326,1|2|3|4|5|6|7|8|9|10|11|12
NK,PBI,91,-31.0,503.0,4.11,0.011,1|2|3|4|5|6|7|8|9|10|11|12
NK,STL,83,-38.0,926.0,28.8,0.0482,1|2|3|4|5|6|7|8|9|10|11|12
NK,STX,60,-23.0,181.0,26.6,0.0333,1|2|3|4|5|6|7|8|9|10|11|12
NK,MHT,25,-38.0,185.0,-1.8,0.0,1|2|3|4|5
NK,BHM,15,-20.0,46.0,3.6,0.0,10|11|12
NK,DEN,7,-36.0,49.0,-0.43,0.0,1
OH,CLT,11462,-47.0,1195.0,8.09,0.0122,1|2|3|4|5|6|7|8|9|10|11|12
OH,DCA,7388,-64.0,1451.0,8.65,0.0185,1|2|3|4|5|6|7|8|9|10|11|12
OH,PHL,2443,-51.0,1016.0,7.2,0.0106,1|2|3|4|5|6|7|8|9|10|11|12
OH,DFW,1852,-46.0,1084.0,15.61,0.0302,1|2|3|4|5|6|7|8|9|10|11|12
OH,BHM,826,-41.0,1091.0,11.36,0.0133,1|2|3|4|5|6|7|8|9|10|11|12
OH,TYS,781,-44.0,1089.0,11.9,0.0115,1|2|3|4|5|6|7|8|9|10|11|12
OH,GSP,776,-48.0,704.0,3.2,0.0103,1|2|3|4|5|6|7|8|9|10|11|12
OH,DAY,731,-52.0,872.0,10.91,0.0123,1|2|3|4|5|6|7|8|9|10|11|12
OH,SAV,697,-38.0,1415.0,5.48,0.0143,1|2|3|4|5|6|7|8|9|10|11|12
OH,ORF,629,-41.0,679.0,7.77,0.0111,1|2|3|4|5|6|7|8|9|10|11|12
OH,HPN,567,-40.0,1069.0,15.82,0.0282,1|2|3|4|5|6|7|8|9|10|11|12
OH,CVG,529,-38.0,1443.0,16.43,0.0095,1|2|3|4|5|6|7|8|9|10|11|12
OH,GSO,524,-47.0,638.0,9.94,0.0057,1|2|3|4|5|6|7|8|9|10|11|12
OH,HSV,509,-40.0,1561.0,16.27,0.0177,1|2|3|4|5|6|7|8|9|10|11|12
OH,PNS,495,-41.0,1238.0,17.0,0.0081,1|2|3|4|5|6|7|8|9|10|11|12
OH,ATL,487,-40.0,1117.0,16.96,0.0329,1|2|3|4|5|6|7|8|9|10|11|12
OH,MYR,465,-39.0,428.0,2.67,0.0108,1|2|3|4|5|6|7|8|9|10|11|12
OH,BNA,459,-43.0,1000.0,10.34,0.024,1|2|3|4|5|6|7|8|9|10|11|12
OH,CAE,433,-38.0,1190.0,17.41,0.0185,1|2|3|4|5|6|7|8|9|10|11|12
OH,MHT,424,-41.0,500.0,2.44,0.0165,1|2|3|4|5|6|7|8|9|10|11|12
OH,AVL,419,-43.0,961.0,10.25,0.031,1|2|3|4|5|6|7|8|9|10|11|12
OH,BTR,389,-42.0,341.0,10.93,0.0154,1|2|3|4|5|6|7|8|9|10|11|12
OH,ILM,372,-39.0,1006.0,6.52,0.0134,1|2|3|4|5|6|7|8|9|10|11|12
OH,SDF,371,-44.0,1275.0,10.12,0.0135,1|2|3|4|5|6|7|8|9|10|11|12
OH,CAK,358,-40.0,877.0,6.66,0.0028,1|2|3|4|5|6|7|8|9|10|11|12
OH,BTV,346,-51.0,960.0,9.9,0.0145,1|2|3|4|5|6|7|8|9|10|11|12
OH,IAD,334,-50.0,1127.0,4.99,0.018,1|2|3|4|5|6|7|8|9|10|11|12
OH,LEX,334,-45.0,1547.0,7.86,0.009,1|2|3|4|5|6|7|8|9|10|11|12
OH,CHS,330,-36.0,878.0,7.7,0.0152,1|2|3|4|5|6|7|8|9|10|11|12
OH,SHV,326,-30.0,1466.0,24.13,0.0429,1|2|3|4|5|6|7|8|9|10|11|12
OH,PVD,326,-38.0,404.0,9.08,0.0215,1|2|3|4|5|6|7|8|9|10|11|12
OH,AGS,320,-41.0,1781.0,26.25,0.0312,1|2|3|4|5|6|7|8|9|10|11|12
OH,CLE,310,-45.0,1197.0,7.15,0.0161,1|2|3|4|5|6|7|8|9|10|11|12
OH,BDL,306,-41.0,1081.0,14.74,0.0229,1|2|3|4|5|6|7|8|9|10|11|12
OH,CHA,300,-40.0,529.0,8.42,0.0067,1|2|3|4|5|6|7|8|9|10|11|12
OH,JAN,275,-36.0,691.0,15.28,0.0291,1|2|3|4|5|6|7|8|9|10|11|12
OH,MLB,257,-33.0,370.0,7.88,0.0389,1|2|3|4|5|6|7|8|9|10|11|12
OH,CMH,250,-41.0,473.0,6.73,0.016,1|2|3|4|5|6|7|8|9|10|11|12
OH,ALB,250,-48.0,573.0,11.52,0.016,1|2|3|4|5|6|7|8|9|10|11|12
OH,GPT,242,-32.0,467.0,7.03,0.0083,1|2|3|4|5|6|7|8|9|10|11|12
OH,CRW,239,-48.0,969.0,11.79,0.0042,1|2|3|4|5|6|7|8|9|10|11|12
OH,ABE,233,-50.0,1064.0,1.28,0.0172,1|2|3|4|5|6|7|8|9|10|11|12
OH,SBN,230,-38.0,236.0,11.41,0.013,1|2|3|4|5|6|7|8|9|10|11|12
OH,DTW,230,-41.0,414.0,4.54,0.0087,1|2|3|4|5|6|7|8|9|10|11|12
OH,MSN,223,-36.0,668.0,7.76,0.009,1|2|3|4|5|6|7|8|9|10|11|12
OH,LFT,221,-30.0,1464.0,32.23,0.0317,1|2|3|4|5|6|7|8|9|10|11|12
OH,MKE,215,-47.0,712.0,7.05,0.0186,1|2|3|4|5|6|7|8|9|10|11|12
OH,ECP,214,-41.0,685.0,12.85,0.0,1|2|3|4|5|6|7|8|9|10|11|12
OH,DAB,206,-35.0,401.0,-4.82,0.0243,1|2|3|4|5|6|7|8|9|10|11|12
OH,JAX,198,-34.0,306.0,0.89,0.0253,1|2|3|4|5|6|7|8|9|10|11|12
OH,BUF,191,-39.0,527.0,9.61,0.0262,1|2|6|7|8|9|10|11|12
OH,BGR,189,-42.0,1251.0,3.85,0.0265,1|2|3|4|5|6|7|8|9|10|11|12
OH,SGF,181,-30.0,975.0,22.46,0.0166,1|2|3|4|5|6|7|8|9|10|11|12
OH,OAJ,178,-32.0,503.0,8.28,0.0281,1|2|3|4|5|6|7|8|9|10|11|12
OH,TLH,172,-40.0,1750.0,24.07,0.0233,1|2|3|4|5|6|7|8|9|10|11|12
OH,TUL,166,-34.0,371.0,10.37,0.012,1|2|3|4|5|6|7|8|9|10|11|12
OH,PIA,165,-37.0,497.0,14.93,0.0,1|2|3|4|5|6|7|8|9|10|11|12
OH,GRR,158,-33.0,491.0,6.31,0.0253,1|2|3|4|5|6|7|8|9|10|11|12
OH,RDU,157,-33.0,1002.0,9.85,0.0064,1|2|3|4|5|6|7|8|9|10|11|12
OH,PWM,156,-47.0,1249.0,13.63,0.0128,1|2|3|4|5|6|7|8|10|11|12
OH,MEM,153,-37.0,440.0,3.31,0.0065,1|2|3|4|5|6|7|8|9|10|11|12
OH,GNV,153,-34.0,212.0,2.48,0.0261,1|4|5|6|7|8|9|10|11|12
OH,VPS,151,-37.0,320.0,8.52,0.0199,1|2|3|5|6|7|8|9|10|11|12
OH,LIT,145,-45.0,401.0,17.74,0.0276,1|2|3|4|5|6|7|8|9|10|11|12
OH,PIT,144,-39.0,1130.0,7.18,0.0278,1|2|3|4|5|6|7|8|9|10|11|12
OH,MSP,142,-38.0,1182.0,20.12,0.0141,1|2|3|4|5|6|7|8|9|10|11|12
OH,MLI,141,-37.0,1238.0,10.76,0.0142,1|2|3|4|5|6|7|8|9|10|11|12
OH,MSY,138,-38.0,276.0,10.39,0.0,1|2|3|4|5|6|7|8|9|10|11|12
OH,ROC,137,-35.0,314.0,9.21,0.0073,1|2|3|4|5|6|7|8|9|10|11|12
OH,CID,129,-46.0,415.0,-0.75,0.0388,1|2|3|4|5|6|7|8|9|10|11|12
OH,FAY,126,-35.0,521.0,11.68,0.0079,1|2|3|4|5|6|7|8|9|10|11|12
OH,MDT,126,-40.0,311.0,-0.95,0.0079,1|2|3|4|5|6|7|8|9|10|11|12
OH,MCI,106,-40.0,871.0,27.12,0.0377,1|2|3|4|5|6|10|11|12
OH,MGM,105,-35.0,370.0,12.71,0.0476,1|2|3|4|5|6|7|8|9|10|11|12
OH,SYR,99,-37.0,348.0,14.65,0.0101,2|3|4|6|7|8|9|10|12
OH,RIC,97,-31.0,206.0,5.52,0.0,4|5|6|7|8|10|11|12
OH,DSM,97,-37.0,322.0,1.06,0.0103,1|2|3|4|5|8|9|10|11|12
OH,SRQ,77,-35.0,219.0,3.47,0.026,1|4|5|6|7|8|9|10|11|12
OH,STL,75,-35.0,1113.0,42.22,0.04,1|2|3|4|5|6|7|8|9|10|11|12
OH,IND,62,-36.0,165.0,5.81,0.0,1|2|3|4|5|6|7|8|11|12
OH,OKC,58,-42.0,857.0,24.84,0.0,1|2|4|5|6|7|8|9|10|11|12
OH,ICT,57,-25.0,107.0,4.88,0.0,8|9|10|11|12
OH,LAN,45,-30.0,871.0,36.2,0.0222,1|2|3|4|5|6|7|8|9|10|11|12
OH,TRI,45,-49.0,282.0,1.0,0.0222,1|2|3|4|10|11|12
OH,XNA,44,-42.0,147.0,0.61,0.0682,1|2|3|4|5|10|12
OH,AVP,42,-47.0,169.0,-4.93,0.0,1|2|3|4|5|6|7|12
OH,ROA,40,-30.0,145.0,7.23,0.025,1|2|4|5|6|8|10|11|12
OH,HOU,37,-21.0,198.0,7.12,0.0811,6|7|8
OH,FWA,34,-39.0,113.0,4.94,0.0,10|11|12
OH,TVC,33,-26.0,101.0,4.09,0.0,6|7|8|9|10|11
OH,EWN,14,-28.0,138.0,33.08,0.0714,7|8
OH,OMA,13,-33.0,19.0,-5.38,0.0,9|10|11|12
OH,CHO,11,-25.0,27.0,-3.73,0.0,4|10|11
OH,RSW,10,-43.0,13.0,-7.1,0.0,1|12
OH,IAH,8,-29.0,7.0,-15.25,0.0,11|12
OH,BWI,7,-25.0,101.0,6.57,0.0,3|4|12
OH,AUS,6,-32.0,165.0,31.17,0.0,3|4
OH,MOB,4,-27.0,92.0,27.67,0.25,12
OH,EVV,4,-21.0,317.0,70.0,0.0,10
OH,SCE,2,-12.0,6.0,-3.0,0.0,8
OO,DEN,11968,-45.0,947.0,5.58,0.0131,1|2|3|4|5|6|7|8|9|10|11|12
OO,ORD,10632,-61.0,1339.0,11.55,0.0171,1|2|3|4|5|6|7|8|9|10|11|12
OO,LAX,7620,-52.0,982.0,4.3,0.0031,1|2|3|4|5|6|7|8|9|10|11|12
OO,SFO,6335,-54.0,1313.0,8.2,0.0139,1|2|3|4|5|6|7|8|9|10|11|12
OO,SLC,6315,-58.0,1466.0,-0.0,0.0032,1|2|3|4|5|6|7|8|9|10|11|12
OO,DTW,5351,-49.0,1158.0,10.43,0.0088,1|2|3|4|5|6|7|8|9|10|11|12
OO,SEA,5239,-45.0,819.0,4.17,0.0036,1|2|3|4|5|6|7|8|9|10|11|12
OO,PHX,5166,-41.0,1479.0,1.75,0.0021,1|2|3|4|5|6|7|8|9|10|11|12
OO,MSP,5046,-54.0,1275.0,7.68,0.0083,1|2|3|4|5|6|7|8|9|10|11|12
OO,DFW,4834,-57.0,864.0,6.13,0.0211,1|2|3|4|5|6|7|8|9|10|11|12
OO,IAH,2564,-62.0,923.0,12.28,0.0289,1|2|3|4|5|6|7|8|9|10|11|12
OO,SAN,2445,-34.0,782.0,10.97,0.0106,1|2|3|4|5|6|7|8|9|10|11|12
OO,BOI,2228,-48.0,707.0,3.28,0.0018,1|2|3|4|5|6|7|8|9|10|11|12
OO,PDX,2102,-43.0,608.0,4.82,0.0067,1|2|3|4|5|6|7|8|9|10|11|12
OO,SMF,1748,-43.0,1399.0,3.32,0.0029,1|2|3|4|5|6|7|8|9|10|11|12
OO,ATL,1656,-40.0,1020.0,16.6,0.0115,1|2|3|4|5|6|7|8|9|10|11|12
OO,SJC,1632,-38.0,1005.0,-0.31,0.0012,1|2|3|4|5|6|7|8|9|10|11|12
OO,TUS,1600,-47.0,1270.0,5.35,0.0037,1|2|3|4|5|6|7|8|9|10|11|12
OO,ASE,1541,-57.0,1388.0,16.17,0.0623,1|2|3|4|5|6|7|8|9|10|11|12
OO,OKC,1325,-37.0,495.0,3.37,0.0045,1|2|3|4|5|6|7|8|9|10|11|12
OO,FAT,1268,-36.0,563.0,4.29,0.0024,1|2|3|4|5|6|7|8|9|10|11|12
OO,GEG,1181,-50.0,475.0,0.22,0.0025,1|2|3|4|5|6|7|8|9|10|11|12
OO,PSP,1052,-45.0,427.0,4.95,0.0067,1|2|3|4|5|6|7|8|9|10|11|12
OO,MKE,1000,-43.0,744.0,8.24,0.011,1|2|3|4|5|6|7|8|9|10|11|12
OO,COS,957,-44.0,524.0,-0.32,0.0073,1|2|3|4|5|6|7|8|9|10|11|12
OO,SBN,892,-48.0,468.0,11.99,0.0191,1|2|3|4|5|6|7|8|9|10|11|12
OO,RNO,857,-46.0,1028.0,8.27,0.0047,1|2|3|4|5|6|7|8|9|10|11|12
OO,OMA,849,-38.0,1053.0,5.07,0.0094,1|2|3|4|5|6|7|8|9|10|11|12
OO,LGA,822,-54.0,1140.0,10.39,0.0255,1|2|3|4|5|6|7|8|9|10|11|12
OO,SNA,817,-45.0,735.0,11.54,0.0184,1|2|3|4|5|6|7|8|9|10|11|12
OO,BNA,808,-42.0,920.0,12.27,0.0136,1|2|3|4|5|6|7|8|9|10|11|12
OO,PSC,803,-40.0,678.0,-0.36,0.0037,1|2|3|4|5|6|7|8|9|10|11|12
OO,ABQ,801,-44.0,399.0,-2.45,0.0,1|2|3|4|5|6|7|8|9|10|11|12
OO,SBP,786,-37.0,1022.0,8.92,0.0102,1|2|3|4|5|6|7|8|9|10|11|12
OO,BUR,785,-38.0,382.0,8.04,0.0102,1|2|3|4|5|6|7|8|9|10|11|12
OO,AUS,765,-47.0,1352.0,22.56,0.0026,1|2|3|4|5|6|7|8|9|10|11|12
OO,RDM,752,-37.0,905.0,8.83,0.0239,1|2|3|4|5|6|7|8|9|10|11|12
OO,MRY,730,-40.0,1049.0,4.6,0.0041,1|2|3|4|5|6|7|8|9|10|11|12
OO,ATW,721,-50.0,622.0,15.71,0.0208,1|2|3|4|5|6|7|8|9|10|11|12
OO,TUL,698,-46.0,1195.0,-0.27,0.0057,1|2|3|4|5|6|7|8|9|10|11|12
OO,DRO,657,-63.0,1011.0,10.81,0.0107,1|2|3|4|5|6|7|8|9|10|11|12
OO,MAF,634,-38.0,514.0,4.91,0.0126,1|2|3|4|5|6|7|8|9|10|11|12
OO,GRB,621,-40.0,1161.0,10.27,0.0193,1|2|3|4|5|6|7|8|9|10|11|12
OO,ICT,606,-44.0,869.0,6.82,0.0116,1|2|3|4|5|6|7|8|9|10|11|12
OO,SGU,597,-43.0,1028.0,0.48,0.0017,1|2|3|4|5|6|7|8|9|10|11|12
OO,JFK,587,-57.0,1092.0,18.99,0.0221,1|2|3|4|5|6|7|8|9|10|11|12
OO,STS,574,-30.0,402.0,8.24,0.0052,1|2|3|4|5|6|7|8|9|10|11|12
OO,FAR,569,-46.0,644.0,11.89,0.0176,1|2|3|4|5|6|7|8|9|10|11|12
OO,MFR,565,-45.0,455.0,2.78,0.0071,1|2|3|4|5|6|7|8|9|10|11|12
OO,SAF,550,-52.0,761.0,11.28,0.0182,1|2|3|4|5|6|7|8|9|10|11|12
OO,FWA,543,-37.0,993.0,17.81,0.0129,1|2|3|4|5|6|7|8|9|10|11|12
OO,IDA,541,-66.0,1237.0,0.31,0.0055,1|2|3|4|5|6|7|8|9|10|11|12
OO,GJT,533,-39.0,1235.0,8.14,0.0038,1|2|3|4|5|6|7|8|9|10|11|12
OO,ONT,522,-41.0,508.0,2.82,0.0019,1|2|3|4|5|6|7|8|9|10|11|12
OO,FSD,511,-41.0,609.0,2.14,0.0059,1|2|3|4|5|6|7|8|9|10|11|12
OO,IAD,511,-44.0,1113.0,21.18,0.0117,1|2|3|4|5|6|7|8|9|10|11|12
OO,EUG,503,-36.0,480.0,0.18,0.0099,1|2|3|4|5|6|7|8|9|10|11|12
OO,XNA,496,-52.0,1111.0,3.19,0.0101,1|2|3|4|5|6|7|8|9|10|11|12
OO,BIS,471,-47.0,754.0,7.31,0.0106,1|2|3|4|5|6|7|8|9|10|11|12
OO,SGF,468,-40.0,417.0,9.66,0.0064,1|2|3|4|5|6|7|8|9|10|11|12
OO,MSN,453,-33.0,358.0,6.56,0.0132,1|2|3|4|5|6|7|8|9|10|11|12
OO,ELP,453,-33.0,537.0,1.36,0.0066,1|2|3|4|5|6|7|8|9|10|11|12
OO,LAS,439,-31.0,303.0,15.47,0.0182,1|2|3|4|5|6|7|8|9|10|11|12
OO,MBS,431,-42.0,844.0,10.24,0.0186,1|2|3|4|5|6|7|8|9|10|11|12
OO,LEX,424,-42.0,393.0,5.06,0.0142,1|2|3|4|5|6|7|8|9|10|11|12
OO,RAP,423,-53.0,1016.0,3.23,0.0142,1|2|3|4|5|6|7|8|9|10|11|12
OO,CRW,407,-39.0,565.0,14.86,0.0197,1|2|3|4|5|6|7|8|9|10|11|12
OO,MOT,405,-53.0,641.0,13.04,0.0222,1|2|3|4|5|6|7|8|9|10|11|12
OO,GRR,403,-50.0,976.0,15.46,0.0248,1|2|3|4|5|6|7|8|9|10|11|12
OO,SUN,399,-41.0,591.0,2.89,0.005,1|2|3|4|5|6|7|8|9|10|11|12
OO,CID,393,-41.0,1281.0,10.68,0.0254,1|2|3|4|5|6|7|8|9|10|11|12
OO,BZN,392,-45.0,296.0,2.03,0.0051,1|2|3|4|5|6|7|8|9|10|11|12
OO,CPR,390,-49.0,459.0,0.64,0.0051,1|2|3|4|5|6|7|8|9|10|11|12
OO,MDW,380,-36.0,374.0,5.74,0.0053,1|2|3|4|5|6|7|8|9|10|11|12
OO,XWA,375,-46.0,1048.0,7.55,0.0213,1|2|3|4|5|6|7|8|9|10|11|12
OO,LIT,374,-38.0,423.0,9.09,0.0107,1|2|3|4|5|6|7|8|9|10|11|12
OO,GTF,373,-39.0,388.0,-1.85,0.008,1|2|3|4|5|6|7|8|9|10|11|12
OO,FLG,372,-41.0,1482.0,11.18,0.0027,1|2|3|4|5|6|7|8|9|10|11|12
OO,SBA,361,-39.0,227.0,-0.68,0.0139,1|2|3|4|5|6|7|8|9|10|11|12
OO,SDF,360,-44.0,345.0,4.46,0.0056,1|2|3|4|5|6|7|8|9|10|11|12
OO,EGE,357,-50.0,1325.0,4.92,0.014,1|2|3|4|5|6|7|8|9|10|11|12
OO,ACV,353,-43.0,1134.0,18.55,0.0142,1|2|3|4|5|6|7|8|9|10|11|12
OO,DAY,343,-48.0,469.0,5.66,0.0058,1|2|3|4|5|6|7|8|9|10|11|12
OO,CLE,340,-36.0,537.0,4.38,0.0118,1|2|3|4|5|6|7|8|9|10|11|12
OO,HSV,331,-39.0,618.0,10.02,0.006,1|2|3|4|5|6|7|8|9|10|11|12
OO,BHM,328,-49.0,645.0,9.7,0.0061,1|2|3|4|5|6|7|8|9|10|11|12
OO,MLI,318,-34.0,638.0,19.32,0.022,1|2|3|4|5|6|7|8|9|10|11|12
OO,LNK,316,-44.0,769.0,7.06,0.0063,1|2|3|4|5|6|7|8|9|10|11|12
OO,FCA,310,-42.0,996.0,4.48,0.0,1|2|3|4|5|6|7|8|9|10|11|12
OO,TYS,306,-56.0,1295.0,2.78,0.0163,1|2|3|4|5|6|7|8|9|10|11|12
OO,RDD,303,-34.0,886.0,0.86,0.0099,1|2|3|4|5|6|7|8|9|10|11|12
OO,DLH,301,-49.0,346.0,7.59,0.0233,1|2|3|4|5|6|7|8|9|10|11|12
OO,BIL,295,-32.0,254.0,-3.27,0.0068,1|2|3|4|5|6|7|8|9|10|11|12
OO,BFL,295,-51.0,433.0,-0.24,0.0068,1|2|3|4|5|6|7|8|9|10|11|12
OO,HLN,281,-39.0,481.0,5.31,0.0036,1|2|3|4|5|6|7|8|9|10|11|12
OO,OAK,272,-32.0,260.0,-0.31,0.0037,1|2|3|4|5|6|7|8|9|10|11|12
OO,YUM,270,-31.0,1123.0,17.74,0.0037,1|2|3|4|5|6|7|8|9|10|11|12
OO,CMH,257,-34.0,645.0,7.42,0.0039,1|2|3|4|5|6|7|8|9|10|11|12
OO,IND,246,-35.0,180.0,3.65,0.0244,1|2|3|4|5|6|7|8|9|10|11|12
OO,MCI,239,-62.0,312.0,0.43,0.0084,1|2|3|4|5|6|7|8|9|10|11|12
OO,CAK,237,-36.0,470.0,18.83,0.0127,1|2|3|4|5|6|7|8|9|10|11|12
OO,JAC,233,-48.0,163.0,-2.3,0.0043,1|2|3|4|5|6|7|8|9|10|11|12
OO,LBB,232,-39.0,835.0,11.14,0.0216,1|2|3|4|5|6|7|8|9|10|11|12
OO,TVC,228,-38.0,347.0,11.46,0.0219,1|2|3|4|5|6|7|8|9|10|11|12
OO,SAT,223,-45.0,963.0,10.49,0.0045,1|2|3|4|5|6|7|8|9|10|11|12
OO,SYR,219,-59.0,654.0,7.69,0.0,3|4|5|6|7|8|9|10|11|12
OO,RDU,214,-41.0,1137.0,17.33,0.0,4|5|6|7|8|9|10|11|12
OO,GSO,213,-42.0,220.0,-1.56,0.0141,1|2|3|4|5|6|7|8|9|10|11|12
OO,LWS,210,-33.0,342.0,3.17,0.0,1|2|3|4|5|6|7|8|9|10|11|12
OO,PIA,209,-33.0,877.0,17.8,0.0191,1|2|3|4|5|6|7|8|9|10|11|12
OO,AEX,208,-38.0,738.0,12.64,0.024,1|2|3|4|5|6|7|8|9|10|11|12
OO,MFE,206,-35.0,611.0,17.38,0.0049,1|2|4|5|6|7|8|9|10|11|12
OO,AZO,200,-41.0,920.0,15.43,0.02,1|2|3|4|5|6|7|8|9|10|11|12
OO,CHA,200,-42.0,707.0,16.58,0.03,1|2|3|4|5|6|7|8|9|10|12
OO,GSP,197,-35.0,321.0,5.75,0.0152,1|2|3|4|5|6|7|8|9|10|11|12
OO,MSO,196,-32.0,398.0,3.72,0.0051,1|2|3|4|5|6|7|8|9|10|11|12
OO,GFK,195,-37.0,257.0,0.07,0.0103,1|2|3|4|5|6|7|8|9|10|11|12
OO,BLI,191,-20.0,921.0,20.11,0.0105,1|2|3|4|5|6|7|8|9|10|11|12
OO,LAW,189,-28.0,1024.0,16.96,0.0423,1|2|3|4|5|6|7|8|9|10|11|12
OO,HPN,187,-35.0,1186.0,28.1,0.0214,1|2|3|4|5|6|7|8|9|10|11|12
OO,PIT,185,-45.0,944.0,2.78,0.0,1|2|3|4|5|6|7|8|9|10|11|12
OO,CVG,185,-47.0,289.0,3.92,0.0,1|2|3|4|6|7|8|9|10|11|12
OO,LFT,182,-38.0,1128.0,20.31,0.0055,1|2|3|4|6|7|8|9|10|11|12
OO,DSM,181,-40.0,913.0,7.33,0.0,1|2|3|4|5|6|7|8|9|10|11|12
OO,AMA,180,-39.0,338.0,15.83,0.0278,1|2|3|4|5|6|7|8|9|10|11|12
OO,HDN,179,-46.0,210.0,-4.19,0.0112,1|2|3|4|5|6|7|8|9|10|11|12
OO,LCH,177,-30.0,597.0,19.06,0.0169,1|2|3|4|5|6|7|8|9|10|11|12
OO,MDT,177,-35.0,561.0,4.59,0.0169,1|2|3|4|5|6|7|8|9|10|11|12
OO,BUF,176,-36.0,213.0,1.3,0.0341,1|2|3|4|5|6|7|8|9|10|11|12
OO,PLN,176,-67.0,246.0,-2.16,0.0227,1|2|3|4|5|6|7|8|9|10|11|12
OO,TYR,173,-39.0,1170.0,16.36,0.0347,1|2|3|4|5|6|7|8|9|10|11|12
OO,ROW,172,-40.0,648.0,19.79,0.0116,1|2|5|6|7|8|9|10|11|12
OO,SHR,170,-40.0,354.0,-3.22,0.0118,1|2|3|4|5|6|7|8|9|10|11|12
OO,RST,169,-42.0,459.0,5.69,0.0059,1|2|3|4|5|6|7|8|9|10|11|12
OO,MEM,168,-33.0,248.0,7.12,0.0179,1|2|3|4|5|6|7|8|9|10|11|12
OO,RHI,165,-51.0,414.0,0.32,0.0061,1|2|3|4|5|6|7|8|9|10|11|12
OO,FNT,165,-44.0,592.0,21.47,0.0182,1|2|3|4|5|6|7|8|9|10|11|12
OO,ALB,162,-56.0,257.0,-0.72,0.0,1|2|3|4|5|6|7|8|9|10|11|12
OO,LAN,161,-37.0,544.0,17.93,0.0062,1|2|3|4|5|6|7|8|9|10|11|12
OO,GUC,157,-51.0,415.0,-1.09,0.0127,1|2|3|4|5|6|7|8|9|10|11|12
OO,ROA,157,-31.0,844.0,9.99,0.0191,1|2|3|4|5|6|7|8|9|10|11|12
OO,CIU,157,-43.0,446.0,20.74,0.0127,1|2|3|4|5|6|7|8|9|10|11|12
OO,DEC,156,-39.0,301.0,6.03,0.0577,1|2|3|4|5|6|7|8|9|10|11|12
OO,JST,155,-42.0,755.0,9.62,0.0194,1|2|3|4|5|6|7|8|9|10|11|12
OO,ABR,154,-43.0,596.0,18.46,0.0,1|2|3|4|5|6|7|8|9|10|11|12
OO,DVL,153,-52.0,1256.0,17.41,0.0523,1|2|3|4|5|6|7|8|9|10|11|12
OO,RIC,153,-33.0,1172.0,19.95,0.0,1|2|3|4|5|6|7|8|9|10|11|12
OO,GCC,148,-44.0,489.0,1.78,0.0203,1|2|3|4|5|6|7|8|9|10|11|12
OO,PRC,148,-42.0,1012.0,12.73,0.0068,1|2|3|4|5|6|7|8|9|10|11|12
OO,ESC,148,-45.0,158.0,-4.11,0.0135,1|2|3|4|5|6|7|8|9|10|11|12
OO,TWF,147,-30.0,151.0,-7.23,0.0068,1|2|3|4|5|6|7|8|9|10|11|12
OO,MTJ,147,-34.0,274.0,2.39,0.0068,1|2|3|4|5|6|7|8|9|12
OO,IMT,147,-39.0,317.0,12.34,0.0,1|2|3|4|5|6|7|8|9|10|11|12
OO,CMX,147,-34.0,878.0,23.41,0.034,1|2|3|4|5|6|7|8|9|10|11|12
OO,PIH,142,-40.0,145.0,-10.36,0.0,1|2|3|4|5|6|7|8|9|10|11|12
OO,BRD,140,-42.0,137.0,-5.86,0.0,1|2|3|4|5|6|7|8|9|10|11|12
OO,CHO,140,-36.0,267.0,12.05,0.0357,1|2|3|4|5|6|7|8|9|10|11|12
OO,ABY,139,-29.0,263.0,10.46,0.0144,1|2|3|4|5|6|7|8|9|10|11|12
OO,GRI,139,-44.0,696.0,22.04,0.0288,1|2|3|4|5|6|7|8|9|10|11|12
OO,BRO,139,-35.0,1078.0,22.09,0.0144,1|3|4|5|6|7|8|9|10|11|12
OO,SUX,139,-49.0,813.0,20.8,0.036,1|2|3|4|5|6|7|8|9|10|11|12
OO,DIK,139,-49.0,954.0,10.63,0.0216,1|2|3|4|5|6|7|8|9|10|11|12
OO,JMS,139,-34.0,1418.0,6.75,0.036,1|2|3|4|5|6|7|8|9|10|11|12
OO,CYS,136,-50.0,222.0,-3.95,0.0294,1|2|3|4|5|6|7|8|9|10|11|12
OO,CAE,136,-34.0,163.0,-1.97,0.0,1|2|3|4|5|6|7|8|9|10|11|12
OO,INL,134,-42.0,981.0,6.63,0.0224,1|2|3|4|5|6|7|8|9|10|11|12
OO,MGM,134,-36.0,973.0,31.76,0.0075,1|2|3|4|5|6|7|8|9|10|11|12
OO,BQK,134,-26.0,463.0,16.17,0.0,1|2|3|4|5|6|7|8|9|10|11|12
OO,CDC,133,-33.0,302.0,-2.12,0.015,1|2|3|4|5|6|7|8|9|10|11|12
OO,SLN,133,-33.0,270.0,5.44,0.015,1|2|3|4|5|6|7|8|9|10|11|12
OO,AVL,133,-37.0,226.0,3.87,0.0376,1|2|3|4|5|6|7|8|9|10|11|12
OO,ACT,133,-28.0,336.0,8.99,0.0301,1|2|3|4|5|6|7|8|9|10|11|12
OO,BJI,131,-42.0,351.0,7.5,0.0,1|2|3|4|5|6|7|8|9|10|11|12
OO,RIW,131,-30.0,419.0,7.91,0.0305,1|2|3|4|5|6|7|8|9|10|11|12
OO,LBL,130,-32.0,971.0,7.93,0.0538,1|2|3|4|5|6|7|8|9|10|11|12
OO,MEI,128,-60.0,340.0,3.14,0.0469,1|2|3|4|5|6|7|8|9|10|11|12
OO,ELM,127,-28.0,871.0,27.71,0.0079,1|2|3|4|5|6|7|8|9|10|11|12
OO,HIB,127,-47.0,796.0,2.99,0.0157,1|2|3|4|5|6|7|8|9|10|11|12
OO,COD,127,-34.0,264.0,11.64,0.0236,5|6|7|8|9|10|11|12
OO,STL,126,-37.0,396.0,14.1,0.0079,1|2|3|4|5|6|7|8|9|10|11|12
OO,LGB,125,-30.0,265.0,-0.14,0.0,1|2|3|4|5|6|7|8|9|10|11|12
OO,APN,125,-39.0,483.0,7.75,0.016,1|2|3|4|5|6|7|8|9|10|11|12
OO,LBF,123,-46.0,281.0,0.38,0.0163,1|2|3|4|5|6|7|8|9|10|11|12
OO,DDC,123,-41.0,701.0,6.53,0.0407,1|2|3|4|5|6|7|8|9|10|11|12
OO,PVD,122,-34.0,358.0,1.75,0.0,4|5|6|7|8|9|10|11|12
OO,BTR,119,-36.0,417.0,9.99,0.0336,1|2|3|4|5|6|7|8|9|10|11|12
OO,BTM,118,-56.0,1067.0,-8.85,0.0,1|2|3|4|5|6|7|8|9|10|11|12
OO,BFF,118,-34.0,1019.0,13.12,0.0424,1|2|3|4|5|6|7|8|9|10|11|12
OO,VCT,117,-33.0,400.0,1.95,0.0171,1|2|3|4|5|6|7|8|9|10|11|12
OO,HYS,117,-36.0,459.0,5.26,0.0,1|2|3|4|5|6|7|8|9|10|11|12
OO,SPS,116,-35.0,418.0,10.42,0.0259,1|2|3|4|5|6|7|8|9|10|11
OO,GGG,116,-31.0,274.0,7.27,0.0431,1|2|3|4|5|6|7|9|10|11|12
OO,SHV,116,-30.0,205.0,1.76,0.0086,1|2|3|5|6|7|8|9|10|11|12
OO,MCW,115,-37.0,997.0,12.32,0.0261,1|2|3|4|5|6|7|8|9|10|11|12
OO,LAR,114,-35.0,800.0,4.59,0.0789,1|2|3|4|5|6|7|8|9|10|11|12
OO,RKS,112,-38.0,610.0,12.13,0.0,1|2|3|4|5|6|7|8|9|10|11|12
OO,ROC,109,-33.0,248.0,1.82,0.0,1|2|3|4|5|6|7|8|9|10|11|12
OO,PIB,108,-48.0,230.0,4.82,0.0463,1|2|3|4|5|6|7|8|9|10|11|12
OO,JLN,104,-65.0,326.0,6.97,0.0288,1|2|3|4|5|6|7|8|9|10|11|12
OO,FOD,104,-40.0,993.0,21.29,0.0288,1|2|3|4|5|6|7|8|9|10|11|12
OO,SWO,102,-37.0,1183.0,28.4,0.0392,1|2|5|6|7|8|9|10|11|12
OO,GRK,101,-24.0,265.0,5.41,0.0297,1|2|3|4|5|6|7|8|9|10|11|12
OO,BPT,100,-38.0,555.0,11.11,0.02,1|4|5|6|7|8|9|10|11|12
OO,JAN,96,-30.0,369.0,11.36,0.0104,1|2|3|4|6|7|8|9|10|11
OO,CSG,96,-24.0,384.0,23.73,0.0,1|2|3|4|5|6|9
OO,SCE,96,-37.0,461.0,12.4,0.0104,1|2|3|4|5|6|7|8|9|10|11|12
OO,ALW,95,-21.0,87.0,2.48,0.0316,1|2|3|4|5|6|7|8|9
OO,PWM,93,-34.0,207.0,1.59,0.0,1|2|3|4|9|10|11|12
OO,AGS,86,-32.0,352.0,21.28,0.0116,1|2|3|4|5|6|9|10|11|12
OO,ORF,84,-37.0,562.0,18.86,0.0,5|6|7|8|9|10|11|12
OO,EVV,83,-32.0,610.0,25.04,0.0,1|3|4|5|6|9|10|11|12
OO,SJT,78,-30.0,1058.0,22.44,0.0128,1|2|5|6|7|8|9|10|11|12
OO,HOB,76,-43.0,840.0,23.57,0.0132,5|6|7|8|9|10|11|12
OO,GPT,76,-27.0,567.0,23.03,0.0132,1|2|3|4|5|8|9|10|11|12
OO,SAV,74,-40.0,200.0,-2.41,0.0405,1|2|3|5|6|7|8|9|10|11|12
OO,HOU,73,-28.0,297.0,18.85,0.0,1|2|8|9|10|11|12
OO,CHS,73,-33.0,371.0,15.59,0.0,1|2|6|7|8|9|10|11|12
OO,EKO,73,-39.0,110.0,-13.0,0.0137,1|2|3|4|5|6|7|8|9|10|11|12
OO,ABE,71,-40.0,426.0,18.91,0.0423,1|2|3|4|5|6
OO,WYS,69,-37.0,336.0,5.34,0.0145,5|6|7|8|9|10
OO,TXK,68,-32.0,338.0,7.44,0.0,1|2|5|10|11|12
OO,OTH,62,-31.0,258.0,14.71,0.0,1|3|4|5|6|7|8|9|10|11|12
OO,PVU,62,-43.0,351.0,27.27,0.0,10|11|12
OO,MSY,56,-33.0,274.0,9.93,0.0179,1|2|5|6|7|8|9|12
OO,CLL,54,-27.0,130.0,5.75,0.037,1|5|6|9|10|11|12
OO,HRL,51,-30.0,275.0,1.75,0.0,1|2|3|4|5|10|11|12
OO,MQT,50,-37.0,346.0,5.71,0.02,4|5|6|7|8|9|10|11|12
OO,BIH,48,-51.0,192.0,3.75,0.0,1|2|3|4|7|8|9|12
OO,CRP,48,-27.0,118.0,-0.83,0.0,2|3|7|8|9|10|11|12
OO,BTV,46,-37.0,158.0,-4.33,0.0,4|5|9|10|11|12
OO,FAY,45,-27.0,551.0,27.09,0.0222,1|5|6|7|8|9|10
OO,GCK,44,-40.0,479.0,13.91,0.0,1|2|9|10|11
OO,MOB,44,-25.0,225.0,1.07,0.0,1|2|3|5|6
OO,MLU,43,-21.0,456.0,26.15,0.0465,1|8|9|10|12
OO,BGR,43,-38.0,918.0,28.02,0.0,5|6|7|8|9|10
OO,ECP,41,-35.0,283.0,12.71,0.0,3|4|5|6|7|8|9|10|12
OO,PHL,40,-29.0,1328.0,40.9,0.0,1|2|3|4|5|12
OO,FSM,35,-31.0,266.0,5.45,0.0571,1|2|3|4|5|10|11
OO,DCA,35,-43.0,138.0,-11.94,0.0,1|2|3|4|5|6|7|8|11|12
OO,DHN,33,-25.0,69.0,-6.03,0.0303,4|5|6|7|8
OO,TRI,29,-29.0,85.0,1.14,0.0,1|2|3|5
OO,JAX,27,-22.0,177.0,5.15,0.0,2|3|4|5|6|7
OO,PNS,26,-32.0,134.0,-1.46,0.0,1|2|3|5|6|10|11|12
OO,KTN,24,-19.0,384.0,36.7,0.0417,6|7|8|9
OO,SIT,20,-32.0,911.0,94.6,0.0,6|7|8|9
OO,EAR,19,-30.0,263.0,7.37,0.0,11|12
OO,COU,18,-18.0,919.0,105.0,0.0556,7|10|11|12
OO,VLD,13,-11.0,27.0,2.54,0.0,3|4
OO,VEL,12,-33.0,-14.0,-21.25,0.0,1
OO,LRD,12,-28.0,195.0,20.33,0.0,4|6|10
OO,CLT,9,-34.0,25.0,-18.67,0.0,5|6
OO,AVP,9,-29.0,410.0,71.5,0.1111,1|2|10
OO,BDL,9,-20.0,60.0,4.0,0.0,2|8|9|11|12
OO,SRQ,8,-21.0,122.0,14.5,0.0,1|3|11|12
OO,EAU,7,-18.0,39.0,3.43,0.0,12
OO,MGW,7,-12.0,450.0,92.43,0.0,12
OO,CNY,5,-15.0,5.0,-9.0,0.2,1
OO,ILM,4,-17.0,58.0,14.25,0.0,1|2|3|7
OO,MYR,4,-27.0,0.0,-13.5,0.0,5|9
OO,ACK,3,-16.0,87.0,22.67,0.0,6|7
OO,BWI,2,-18.0,-7.0,-12.5,0.0,10|11
UA,DEN,20633,-54.0,1056.0,7.31,0.0113,1|2|3|4|5|6|7|8|9|10|11|12
UA,ORD,17868,-64.0,907.0,6.82,0.0132,1|2|3|4|5|6|7|8|9|10|11|12
UA,EWR,13874,-66.0,1046.0,7.28,0.0243,1|2|3|4|5|6|7|8|9|10|11|12
UA,IAH,13633,-60.0,985.0,12.54,0.0188,1|2|3|4|5|6|7|8|9|10|11|12
UA,SFO,10185,-61.0,697.0,2.61,0.0134,1|2|3|4|5|6|7|8|9|10|11|12
UA,IAD,6572,-63.0,1150.0,2.59,0.0148,1|2|3|4|5|6|7|8|9|10|11|12
UA,LAX,5485,-57.0,945.0,0.98,0.0173,1|2|3|4|5|6|7|8|9|10|11|12
UA,LAS,2868,-51.0,573.0,2.83,0.0213,1|2|3|4|5|6|7|8|9|10|11|12
UA,MCO,2768,-47.0,824.0,7.64,0.0289,1|2|3|4|5|6|7|8|9|10|11|12
UA,BOS,2486,-61.0,1025.0,1.36,0.0161,1|2|3|4|5|6|7|8|9|10|11|12
UA,SAN,2056,-50.0,773.0,4.0,0.0195,1|2|3|4|5|6|7|8|9|10|11|12
UA,PHX,1995,-49.0,914.0,1.32,0.0165,1|2|3|4|5|6|7|8|9|10|11|12
UA,AUS,1866,-45.0,672.0,7.03,0.0171,1|2|3|4|5|6|7|8|9|10|11|12
UA,SEA,1861,-61.0,794.0,6.13,0.0161,1|2|3|4|5|6|7|8|9|10|11|12
UA,CLE,1750,-57.0,503.0,-2.08,0.016,1|2|3|4|5|6|7|8|9|10|11|12
UA,LGA,1717,-72.0,1296.0,0.85,0.0285,1|2|3|4|5|6|7|8|9|10|11|12
UA,TPA,1676,-49.0,1136.0,8.75,0.0304,1|2|3|4|5|6|7|8|9|10|11|12
UA,FLL,1668,-49.0,1019.0,5.58,0.0198,1|2|3|4|5|6|7|8|9|10|11|12
UA,DFW,1666,-43.0,637.0,8.93,0.0156,1|2|3|4|5|6|7|8|9|10|11|12
UA,ATL,1439,-53.0,906.0,7.34,0.0181,1|2|3|4|5|6|7|8|9|10|11|12
UA,PDX,1346,-44.0,1447.0,4.06,0.0149,1|2|3|4|5|6|7|8|9|10|11|12
UA,MIA,1309,-56.0,1335.0,13.41,0.0283,1|2|3|4|5|6|7|8|9|10|11|12
UA,MSY,1265,-43.0,958.0,3.98,0.0253,1|2|3|4|5|6|7|8|9|10|11|12
UA,BNA,1247,-45.0,1816.0,5.38,0.012,1|2|3|4|5|6|7|8|9|10|11|12
UA,SNA,1211,-50.0,883.0,0.61,0.0066,1|2|3|4|5|6|7|8|9|10|11|12
UA,DCA,1181,-54.0,717.0,5.61,0.0144,1|2|3|4|5|6|7|8|9|10|11|12
UA,SAT,1166,-49.0,460.0,0.83,0.0206,1|2|3|4|5|6|7|8|9|10|11|12
UA,RDU,1134,-48.0,1200.0,6.25,0.0141,1|2|3|4|5|6|7|8|9|10|11|12
UA,MSP,1118,-48.0,408.0,3.52,0.0107,1|2|3|4|5|6|7|8|9|10|11|12
UA,RSW,1086,-46.0,583.0,0.14,0.035,1|2|3|4|5|6|7|8|9|10|11|12
UA,HNL,1022,-85.0,744.0,-1.99,0.0078,1|2|3|4|5|6|7|8|9|10|11|12
UA,CLT,829,-41.0,986.0,9.31,0.0157,1|2|3|4|5|6|7|8|9|10|11|12
UA,SLC,801,-46.0,585.0,8.2,0.0125,1|2|3|4|5|6|7|8|9|10|11|12
UA,PHL,790,-49.0,853.0,1.99,0.0127,1|2|3|4|5|6|7|8|9|10|11|12
UA,SMF,763,-49.0,736.0,-0.21,0.0118,1|2|3|4|5|6|7|8|9|10|11|12
UA,JAX,755,-39.0,921.0,3.38,0.0172,1|2|3|4|5|6|7|8|9|10|11|12
UA,PBI,720,-50.0,1073.0,7.38,0.0361,1|2|3|4|5|6|7|8|9|10|11|12
UA,MCI,696,-39.0,543.0,0.37,0.0101,1|2|3|4|5|6|7|8|9|10|11|12
UA,BWI,667,-52.0,387.0,-1.88,0.009,1|2|3|4|5|6|7|8|9|10|11|12
UA,STL,634,-48.0,334.0,9.72,0.0079,1|2|3|4|5|6|7|8|9|10|11|12
UA,PIT,624,-60.0,1179.0,5.97,0.0128,1|2|3|4|5|6|7|8|9|10|11|12
UA,SJU,611,-56.0,927.0,11.76,0.0098,1|2|3|4|5|6|7|8|9|10|11|12
UA,OMA,593,-45.0,677.0,7.34,0.0084,1|2|3|4|5|6|7|8|9|10|11|12
UA,IND,512,-52.0,335.0,4.26,0.0215,1|2|3|4|5|6|7|8|9|10|11|12
UA,CMH,485,-41.0,328.0,10.75,0.0124,1|2|3|4|5|6|7|8|9|10|11|12
UA,RNO,478,-43.0,388.0,4.63,0.0146,1|2|3|4|5|6|7|8|9|10|11|12
UA,ORF,477,-42.0,653.0,6.7,0.0126,1|2|3|4|5|6|7|8|9|10|11|12
UA,CVG,459,-43.0,810.0,-0.84,0.0174,1|2|3|4|5|6|7|8|9|10|11|12
UA,DTW,457,-51.0,428.0,1.29,0.0044,1|2|3|4|5|6|7|8|9|10|11|12
UA,BDL,449,-71.0,532.0,0.93,0.0156,1|2|3|4|5|6|7|8|9|10|11|12
UA,CHS,432,-43.0,1011.0,6.75,0.0139,1|2|3|4|5|6|7|8|9|10|11|12
UA,BZN,426,-40.0,1091.0,8.24,0.0094,1|2|3|4|5|6|7|8|9|10|11|12
UA,JAC,413,-48.0,325.0,7.51,0.0339,1|2|3|4|5|6|7|8|9|10|11|12
UA,SJC,403,-44.0,1202.0,-3.33,0.0099,1|2|3|4|5|6|7|8|9|10|11|12
UA,DSM,383,-41.0,395.0,3.98,0.0104,1|2|3|4|5|6|7|8|9|10|11|12
UA,OGG,363,-64.0,292.0,-12.21,0.011,1|2|3|4|5|6|7|8|9|10|11|12
UA,ABQ,356,-34.0,364.0,-2.12,0.0169,1|2|3|4|5|6|7|8|9|10|11|12
UA,SRQ,353,-43.0,454.0,3.91,0.034,1|2|3|4|5|6|7|8|9|10|11|12
UA,MSN,338,-50.0,355.0,2.1,0.0118,1|2|3|4|5|6|7|8|9|10|11|12
UA,KOA,335,-77.0,1048.0,-2.26,0.0179,1|2|3|4|5|6|7|8|9|10|11|12
UA,BUR,321,-40.0,512.0,14.73,0.0125,1|2|3|4|5|6|7|8|9|10|11|12
UA,SBA,317,-34.0,307.0,8.97,0.0284,1|2|3|4|5|6|7|8|9|10|11|12
UA,PSP,303,-53.0,190.0,-0.22,0.0,1|2|3|4|5|6|8|9|10|11|12
UA,MEM,301,-37.0,348.0,-0.62,0.0332,1|2|3|4|5|6|7|8|9|10|11|12
UA,EUG,290,-35.0,461.0,5.07,0.0172,1|2|3|4|5|6|7|8|9|10|11|12
UA,GRR,278,-40.0,422.0,3.47,0.0108,1|2|3|4|5|6|7|8|9|10|11|12
UA,ONT,278,-39.0,486.0,-0.28,0.0072,1|2|3|4|5|6|7|8|9|10|11|12
UA,ANC,269,-58.0,196.0,-3.57,0.0112,1|2|3|4|5|6|7|8|9|10|11|12
UA,LIH,249,-64.0,1390.0,-5.15,0.012,1|2|3|4|5|6|7|8|9|10|11|12
UA,MFR,247,-39.0,560.0,7.23,0.0162,1|2|3|4|5|6|7|8|9|10|11|12
UA,BOI,239,-36.0,363.0,-0.89,0.0251,1|2|3|4|5|6|7|8|9|10|11|12
UA,SAV,236,-42.0,221.0,2.71,0.0169,1|2|3|4|5|6|7|8|9|10|11|12
UA,CID,231,-31.0,1307.0,8.78,0.0087,1|2|3|4|5|6|7|8|9|10|11|12
UA,ROC,219,-41.0,960.0,10.34,0.032,1|2|3|4|5|6|7|8|9|10|11|12
UA,RDM,217,-36.0,625.0,11.2,0.0092,1|2|3|4|5|6|7|8|9|10|11|12
UA,BTV,216,-39.0,479.0,6.29,0.0093,1|2|3|4|5|6|7|8|9|10|11|12
UA,TUS,209,-43.0,599.0,-0.34,0.0,1|2|3|4|5|8|9|10|11|12
UA,RAP,208,-42.0,181.0,-0.49,0.0144,1|2|3|4|5|6|7|8|9|10|11|12
UA,RIC,191,-46.0,321.0,-1.54,0.0105,1|2|3|4|5|6|7|8|9|10|11|12
UA,BUF,189,-41.0,291.0,7.55,0.0159,1|2|3|4|5|6|7|8|9|10|11|12
UA,SYR,187,-70.0,451.0,0.28,0.0053,1|2|3|4|5|6|7|8|9|10|11|12
UA,MSO,183,-39.0,350.0,4.49,0.0219,1|2|3|4|5|6|7|8|9|10|11|12
UA,SDF,182,-38.0,1294.0,14.76,0.0,1|2|3|4|5|6|7|8|9|10|11|12
UA,MTJ,177,-51.0,232.0,0.02,0.0169,1|2|3|4|5|6|7|8|9|10|11|12
UA,GEG,175,-42.0,311.0,-5.22,0.0057,1|2|3|4|5|6|7|8|9|10|11|12
UA,FCA,173,-40.0,129.0,-0.95,0.0173,1|2|3|4|5|6|7|8|9|10|11|12
UA,PWM,166,-35.0,250.0,-1.02,0.0301,1|2|3|4|5|6|7|8|9|10|11|12
UA,EYW,166,-33.0,293.0,14.75,0.0241,1|2|3|4|5|6|7|8|9|10|11|12
UA,ALB,164,-41.0,299.0,2.22,0.0244,1|2|3|4|5|6|7|8|9|10|11|12
UA,GUM,162,-58.0,108.0,-11.47,0.0,1|2|3|4|5|6|7|8|9|10|11|12
UA,FSD,156,-45.0,114.0,-1.06,0.0,1|2|3|4|5|6|7|8|9|10|11|12
UA,COS,151,-36.0,366.0,5.86,0.0132,1|2|3|4|5|6|7|8|9|10|11|12
UA,BIL,148,-34.0,201.0,-0.38,0.0203,1|2|3|4|5|6|7|8|9|10|11|12
UA,GJT,144,-39.0,299.0,-5.9,0.0,1|2|3|4|5|6|7|8|9|10|11|12
UA,STT,143,-61.0,234.0,-0.92,0.021,1|2|3|4|5|6|7|8|9|10|11|12
UA,MKE,139,-46.0,160.0,4.97,0.0144,1|2|3|4|5|6|7|8|9|10|11|12
UA,PNS,128,-41.0,250.0,-1.74,0.0312,1|2|3|4|5|6|7|8|9|10|11|12
UA,ICT,125,-30.0,812.0,12.82,0.016,1|2|3|4|5|6|7|8|9|10|11|12
UA,DRO,119,-41.0,231.0,-7.8,0.0,1|2|3|4|5|6|7|8|9|10|11|12
UA,MFE,118,-29.0,343.0,1.22,0.0339,1|2|3|4|5|6|7|8|9|10|11|12
UA,TVC,118,-39.0,152.0,2.52,0.0085,1|2|3|4|5|6|7|8|9|10|11|12
UA,HDN,116,-49.0,245.0,-1.68,0.0086,1|2|3|12
UA,EGE,103,-38.0,481.0,25.74,0.0097,1|2|3|4|6|8|12
UA,TUL,98,-28.0,175.0,1.67,0.0204,1|2|3|4|5|6|7|8|9|10|11|12
UA,MDT,83,-34.0,295.0,2.33,0.0241,1|2|3|4|5|6|7|8|9|10|11|12
UA,SBP,80,-33.0,334.0,-3.54,0.0,1|2|3|4|5|6|7|8|9|10|11|12
UA,FAT,75,-22.0,208.0,4.44,0.04,1|5|6|7|8|9|10|11|12
UA,ELP,74,-27.0,75.0,-4.86,0.0,1|2|3|4|5|9|10|11|12
UA,GSP,74,-39.0,479.0,8.08,0.0135,1|2|3|4|5|6|7|8|9|10|11|12
UA,BQN,71,-48.0,899.0,18.37,0.0423,1|2|3|4|5|6|7|8|9|10|11|12
UA,SPN,69,-32.0,277.0,-1.62,0.0145,1|2|3|4|5|6|7|8|9|10|11|12
UA,TYS,66,-49.0,94.0,-5.98,0.0,6|7|8|9|10|11|12
UA,GTF,62,-37.0,69.0,-12.18,0.0,5|6|7|8|9|12
UA,MYR,61,-49.0,117.0,-0.28,0.0,4|5|6|7|8|9|10|11
UA,XNA,46,-44.0,743.0,13.89,0.0,5|6|7|8|9|10|11|12
UA,FAI,45,-43.0,109.0,-9.7,0.0222,5|6|7|8|9
UA,PVD,41,-32.0,36.0,-4.8,0.0,6|7|8|9|10|12
UA,AVL,32,-31.0,166.0,13.59,0.0,6|7|8|9|10
UA,FAR,26,-27.0,748.0,27.44,0.0385,8|9|10|11|12
UA,MAF,12,-28.0,7.0,-6.91,0.0833,1|2|12
UA,SBN,6,-15.0,51.0,12.67,0.0,9|11|12
UA,OKC,5,-18.0,10.0,-5.4,0.0,5|6
WN,DEN,19236,-48.0,358.0,8.81,0.0074,1|2|3|4|5|6|7|8|9|10|11|12
WN,LAS,17127,-54.0,490.0,5.54,0.0055,1|2|3|4|5|6|7|8|9|10|11|12
WN,BWI,14696,-61.0,466.0,8.49,0.0095,1|2|3|4|5|6|7|8|9|10|11|12
WN,MDW,14393,-56.0,477.0,5.2,0.0122,1|2|3|4|5|6|7|8|9|10|11|12
WN,DAL,14036,-42.0,528.0,8.51,0.0111,1|2|3|4|5|6|7|8|9|10|11|12
WN,PHX,13143,-38.0,403.0,5.39,0.0043,1|2|3|4|5|6|7|8|9|10|11|12
WN,HOU,10384,-48.0,601.0,5.05,0.012,1|2|3|4|5|6|7|8|9|10|11|12
WN,BNA,10190,-66.0,433.0,3.77,0.009,1|2|3|4|5|6|7|8|9|10|11|12
WN,MCO,8802,-40.0,486.0,9.69,0.0161,1|2|3|4|5|6|7|8|9|10|11|12
WN,STL,8225,-45.0,441.0,4.85,0.0095,1|2|3|4|5|6|7|8|9|10|11|12
WN,AUS,7492,-49.0,359.0,6.23,0.0051,1|2|3|4|5|6|7|8|9|10|11|12
WN,SAN,6898,-49.0,536.0,8.77,0.009,1|2|3|4|5|6|7|8|9|10|11|12
WN,OAK,6802,-53.0,470.0,2.13,0.0043,1|2|3|4|5|6|7|8|9|10|11|12
WN,ATL,6718,-40.0,383.0,6.87,0.0074,1|2|3|4|5|6|7|8|9|10|11|12
WN,SMF,6030,-51.0,343.0,3.41,0.0061,1|2|3|4|5|6|7|8|9|10|11|12
WN,SJC,5758,-46.0,385.0,1.82,0.0052,1|2|3|4|5|6|7|8|9|10|11|12
WN,LAX,5228,-48.0,350.0,5.19,0.0048,1|2|3|4|5|6|7|8|9|10|11|12
WN,TPA,4798,-44.0,523.0,7.2,0.0196,1|2|3|4|5|6|7|8|9|10|11|12
WN,MCI,4774,-50.0,328.0,3.76,0.0082,1|2|3|4|5|6|7|8|9|10|11|12
WN,BUR,3743,-37.0,286.0,0.63,0.0088,1|2|3|4|5|6|7|8|9|10|11|12
WN,MSY,3726,-39.0,381.0,8.4,0.0091,1|2|3|4|5|6|7|8|9|10|11|12
WN,SAT,3321,-41.0,461.0,2.71,0.0075,1|2|3|4|5|6|7|8|9|10|11|12
WN,DCA,3171,-51.0,388.0,3.39,0.0098,1|2|3|4|5|6|7|8|9|10|11|12
WN,LGB,3150,-50.0,318.0,1.04,0.0054,1|2|3|4|5|6|7|8|9|10|11|12
WN,HNL,2922,-84.0,298.0,-4.01,0.0031,1|2|3|4|5|6|7|8|9|10|11|12
WN,SNA,2905,-39.0,410.0,0.62,0.0083,1|2|3|4|5|6|7|8|9|10|11|12
WN,FLL,2881,-52.0,465.0,12.42,0.0139,1|2|3|4|5|6|7|8|9|10|11|12
WN,CMH,2414,-53.0,466.0,2.74,0.0104,1|2|3|4|5|6|7|8|9|10|11|12
WN,SLC,2397,-49.0,413.0,4.88,0.0038,1|2|3|4|5|6|7|8|9|10|11|12
WN,LGA,2350,-67.0,419.0,2.75,0.0179,1|2|3|4|5|6|7|8|9|10|11|12
WN,ABQ,2275,-37.0,337.0,4.42,0.007,1|2|3|4|5|6|7|8|9|10|11|12
WN,IND,2241,-50.0,395.0,4.43,0.0125,1|2|3|4|5|6|7|8|9|10|11|12
WN,ONT,2229,-33.0,370.0,-0.5,0.0027,1|2|3|4|5|6|7|8|9|10|11|12
WN,PIT,2101,-50.0,281.0,2.69,0.0057,1|2|3|4|5|6|7|8|9|10|11|12
WN,MKE,1923,-46.0,374.0,1.3,0.0073,1|2|3|4|5|6|7|8|9|10|11|12
WN,PDX,1902,-31.0,300.0,4.12,0.0058,1|2|3|4|5|6|7|8|9|10|11|12
WN,ELP,1794,-38.0,339.0,2.78,0.005,1|2|3|4|5|6|7|8|9|10|11|12
WN,RNO,1782,-37.0,310.0,2.45,0.0101,1|2|3|4|5|6|7|8|9|10|11|12
WN,RDU,1726,-40.0,442.0,3.53,0.0052,1|2|3|4|5|6|7|8|9|10|11|12
WN,SEA,1596,-44.0,535.0,6.42,0.0025,1|2|3|4|5|6|7|8|9|10|11|12
WN,OMA,1561,-41.0,398.0,3.84,0.0141,1|2|3|4|5|6|7|8|9|10|11|12
WN,SFO,1462,-33.0,414.0,14.13,0.0055,1|2|3|4|5|6|7|8|9|10|11|12
WN,RSW,1433,-39.0,501.0,7.71,0.0237,1|2|3|4|5|6|7|8|9|10|11|12
WN,OKC,1405,-37.0,339.0,2.27,0.0043,1|2|3|4|5|6|7|8|9|10|11|12
WN,MSP,1393,-45.0,355.0,1.99,0.0108,1|2|3|4|5|6|7|8|9|10|11|12
WN,OGG,1346,-70.0,203.0,-5.74,0.0067,1|2|3|4|5|6|7|8|9|10|11|12
WN,BOS,1282,-57.0,301.0,2.15,0.007,1|2|3|4|5|6|7|8|9|10|11|12
WN,ORD,1266,-51.0,621.0,5.69,0.0158,1|2|3|4|5|6|7|8|9|10|11|12
WN,MIA,1159,-40.0,573.0,11.58,0.0198,1|2|3|4|5|6|7|8|9|10|11|12
WN,TUL,1118,-31.0,387.0,0.62,0.0081,1|2|3|4|5|6|7|8|9|10|11|12
WN,BUF,1075,-51.0,349.0,1.5,0.0158,1|2|3|4|5|6|7|8|9|10|11|12
WN,CLE,1045,-59.0,347.0,-1.13,0.0115,1|2|3|4|5|6|7|8|9|10|11|12
WN,PHL,1036,-41.0,812.0,6.48,0.0058,1|2|3|4|5|6|7|8|9|10|11|12
WN,SDF,1007,-38.0,459.0,3.18,0.0109,1|2|3|4|5|6|7|8|9|10|11|12
WN,BOI,1005,-37.0,283.0,-0.6,0.003,1|2|3|4|5|6|7|8|9|10|11|12
WN,COS,991,-40.0,399.0,2.81,0.005,1|2|3|4|5|6|7|8|9|10|11|12
WN,PVD,980,-43.0,362.0,2.57,0.0112,1|2|3|4|5|6|7|8|9|10|11|12
WN,JAX,940,-39.0,286.0,2.06,0.0074,1|2|3|4|5|6|7|8|9|10|11|12
WN,BHM,886,-39.0,410.0,7.16,0.0113,1|2|3|4|5|6|7|8|9|10|11|12
WN,SRQ,861,-34.0,275.0,5.17,0.036,1|2|3|4|5|6|7|8|9|10|11|12
WN,BDL,851,-44.0,312.0,3.95,0.0094,1|2|3|4|5|6|7|8|9|10|11|12
WN,TUS,831,-34.0,294.0,3.11,0.0024,1|2|3|4|5|6|7|8|9|10|11|12
WN,SJU,787,-38.0,377.0,6.88,0.0089,1|2|3|4|5|6|7|8|9|10|11|12
WN,DTW,779,-50.0,316.0,2.33,0.0064,1|2|3|4|5|6|7|8|9|10|11|12
WN,KOA,725,-61.0,121.0,-8.19,0.0083,1|2|3|4|5|6|7|8|9|10|11|12
WN,MEM,724,-40.0,474.0,5.15,0.0097,1|2|3|4|5|6|7|8|9|10|11|12
WN,GEG,713,-44.0,277.0,0.33,0.0,1|2|3|4|5|6|7|8|9|10|11|12
WN,ALB,708,-43.0,646.0,6.68,0.0099,1|2|3|4|5|6|7|8|9|10|11|12
WN,MAF,700,-31.0,555.0,5.17,0.0071,1|2|3|4|5|6|7|8|9|10|11|12
WN,CHS,697,-34.0,297.0,4.31,0.0115,1|2|3|4|5|6|7|8|9|10|11|12
WN,CLT,696,-36.0,307.0,10.35,0.0029,1|2|3|4|5|6|7|8|9|10|11|12
WN,ORF,670,-31.0,311.0,5.99,0.003,1|2|3|4|5|6|7|8|9|10|11|12
WN,ECP,649,-35.0,444.0,4.54,0.0092,1|2|3|4|5|6|7|8|9|10|11|12
WN,LIH,646,-64.0,155.0,-7.93,0.0,1|2|3|4|5|6|7|8|9|10|11|12
WN,ISP,570,-46.0,505.0,3.79,0.0088,1|2|3|4|5|6|7|8|9|10|11|12
WN,LBB,566,-39.0,352.0,0.4,0.0035,1|2|3|4|5|6|7|8|9|10|11|12
WN,IAH,557,-45.0,768.0,7.62,0.0144,1|2|3|4|5|6|7|8
WN,PSP,551,-36.0,255.0,2.06,0.0018,1|2|3|4|5|6|7|8|9|10|11|12
WN,LIT,536,-33.0,203.0,-1.74,0.0037,1|2|3|4|5|6|7|8|9|10|11|12
WN,MHT,526,-53.0,312.0,-0.48,0.0019,1|2|3|4|5|6|7|8|9|10|11|12
WN,SAV,517,-28.0,244.0,4.92,0.0097,1|2|3|4|5|6|7|8|9|10|11|12
WN,PBI,500,-35.0,276.0,5.36,0.004,1|2|3|4|5|6|7|8|9|10|11|12
WN,MYR,463,-28.0,242.0,1.83,0.0043,1|2|3|4|5|6|7|8|9|10|11|12
WN,HRL,457,-26.0,301.0,5.75,0.0022,1|2|3|4|5|6|7|8|9|10|11|12
WN,CVG,455,-33.0,426.0,3.35,0.0088,1|2|3|4|5|6|7|8|9|10|11|12
WN,PNS,443,-51.0,254.0,-1.0,0.0045,1|2|3|4|5|6|7|8|9|10|11|12
WN,BZN,414,-37.0,323.0,2.96,0.0024,1|2|3|4|5|6|7|8|9|10|11|12
WN,SBA,400,-28.0,226.0,-0.82,0.0175,1|2|3|4|5|6|7|8|9|10|11|12
WN,ROC,399,-45.0,384.0,3.59,0.0025,1|2|3|4|5|6|7|8|9|10|11|12
WN,GRR,387,-29.0,173.0,1.97,0.0,1|2|3|4|5|6|7|8|9|10|11|12
WN,RIC,385,-47.0,244.0,3.86,0.0,1|2|3|4|5|6|7|8|9|10|11|12
WN,AMA,381,-36.0,471.0,1.91,0.0052,1|2|3|4|5|6|7|8|9|10|11|12
WN,VPS,381,-34.0,434.0,3.68,0.0,1|2|3|4|5|6|7|8|9|10|11|12
WN,JAN,374,-32.0,411.0,7.23,0.0053,1|2|3|4|5|6|7|8|9|10|11|12
WN,DSM,358,-46.0,380.0,3.94,0.0084,1|2|3|4|5|6|7|8|9|10|11|12
WN,ITO,346,-21.0,44.0,-5.86,0.0029,1|2|3|4|5|6|7|8|9|10|11|12
WN,EUG,341,-38.0,433.0,0.79,0.0147,1|2|3|4|5|6|7|8|9|10|11|12
WN,ICT,334,-42.0,204.0,-4.55,0.006,1|2|3|4|5|6|7|8|9|10|11|12
WN,GSP,316,-41.0,472.0,3.3,0.0032,1|2|3|4|5|6|7|8|9|10|11|12
WN,PWM,312,-35.0,430.0,5.82,0.0064,1|2|3|4|5|6|7|8|9|10|11|12
WN,FAT,279,-28.0,269.0,3.2,0.0,1|2|3|4|5|6|7|8|9|10|11|12
WN,CRP,238,-33.0,434.0,9.41,0.021,1|2|3|4|5|6|7|8|9|10|11|12
WN,IAD,222,-39.0,277.0,3.3,0.009,1|2|3|4|5|6|7|8|9|10|11|12
WN,SYR,177,-42.0,260.0,4.26,0.0056,1|2|3|4|5|6|7|8
WN,HDN,145,-38.0,234.0,5.68,0.0207,1|2|3|4|5|6|7|8|9|10|11|12
WN,MTJ,130,-34.0,164.0,1.94,0.0,1|2|3|4|5|6|7|8|9|10|11|12
WN,BLI,103,-22.0,277.0,7.7,0.0097,1|2|3|4|5|6|7|8
YX,LGA,8429,-70.0,740.0,-4.52,0.0233,1|2|3|4|5|6|7|8|9|10|11|12
YX,DCA,5583,-70.0,1121.0,-2.69,0.014,1|2|3|4|5|6|7|8|9|10|11|12
YX,BOS,5326,-69.0,676.0,-1.68,0.0156,1|2|3|4|5|6|7|8|9|10|11|12
YX,EWR,4588,-56.0,1036.0,-4.23,0.0325,1|2|3|4|5|6|7|8|9|10|11|12
YX,JFK,3408,-58.0,1220.0,-2.84,0.0217,1|2|3|4|5|6|7|8|9|10|11|12
YX,ORD,3403,-52.0,675.0,-1.84,0.01,1|2|3|4|5|6|7|8|9|10|11|12
YX,IND,2604,-45.0,353.0,-2.64,0.015,1|2|3|4|5|6|7|8|9|10|11|12
YX,CMH,2312,-44.0,347.0,-5.18,0.013,1|2|3|4|5|6|7|8|9|10|11|12
YX,PIT,1960,-49.0,347.0,-5.72,0.0117,1|2|3|4|5|6|7|8|9|10|11|12
YX,PHL,1790,-46.0,916.0,-1.35,0.0207,1|2|3|4|5|6|7|8|9|10|11|12
YX,IAD,1589,-42.0,927.0,-1.25,0.012,1|2|3|4|5|6|7|8|9|10|11|12
YX,SDF,1293,-48.0,440.0,-2.41,0.0124,1|2|3|4|5|6|7|8|9|10|11|12
YX,RDU,1188,-44.0,1050.0,4.01,0.0143,1|2|3|4|5|6|7|8|9|10|11|12
YX,BNA,1141,-44.0,881.0,1.17,0.0123,1|2|3|4|5|6|7|8|9|10|11|12
YX,CVG,1075,-54.0,894.0,-0.76,0.014,1|2|3|4|5|6|7|8|9|10|11|12
YX,DTW,996,-47.0,242.0,-3.65,0.0191,1|2|3|4|5|6|7|8|9|10|11|12
YX,CLE,888,-43.0,331.0,-2.08,0.0169,1|2|3|4|5|6|7|8|9|10|11|12
YX,PWM,729,-46.0,885.0,4.06,0.0274,1|2|3|4|5|6|7|8|9|10|11|12
YX,MEM,613,-52.0,474.0,-2.04,0.0147,1|2|3|4|5|6|7|8|9|10|11|12
YX,ORF,605,-47.0,518.0,2.08,0.0248,1|2|3|4|5|6|7|8|9|10|11|12
YX,BUF,546,-40.0,1199.0,2.24,0.0311,1|2|3|4|5|6|7|8|9|10|11|12
YX,CLT,512,-40.0,558.0,3.17,0.0117,1|2|3|4|5|6|7|8|9|10|11|12
YX,RIC,467,-46.0,1028.0,4.39,0.0193,1|2|3|4|5|6|7|8|9|10|11|12
YX,CHS,444,-40.0,291.0,-0.41,0.0113,1|2|3|4|5|6|7|8|9|10|11|12
YX,GRR,424,-45.0,251.0,-4.04,0.0236,1|2|3|4|5|6|7|8|9|10|11|12
YX,GSP,416,-48.0,365.0,0.73,0.0216,1|2|3|4|5|6|7|8|9|10|11|12
YX,MKE,400,-42.0,978.0,4.95,0.015,1|2|3|4|5|6|7|8|9|10|11|12
YX,STL,399,-40.0,1347.0,2.84,0.015,1|2|3|4|5|6|7|8|9|10|11|12
YX,BTV,371,-57.0,585.0,-6.18,0.035,1|2|3|4|5|6|7|8|9|10|11|12
YX,JAX,342,-41.0,232.0,-3.2,0.0117,1|2|3|4|5|6|7|8|9|10|11|12
YX,MCI,342,-39.0,869.0,2.63,0.0117,1|2|3|4|5|6|7|8|9|10|11|12
YX,GSO,337,-44.0,1059.0,4.88,0.0267,1|2|3|4|5|6|7|8|9|10|11|12
YX,SYR,322,-68.0,227.0,-8.88,0.0093,1|2|3|4|5|6|7|8|9|10|11|12
YX,ILM,293,-31.0,377.0,2.54,0.0137,1|2|3|4|5|6|7|8|9|10|11|12
YX,ATL,247,-38.0,1243.0,5.09,0.0243,1|2|3|4|5|6|7|8|9|10|11|12
YX,MSP,237,-43.0,177.0,-1.44,0.0084,1|2|3|4|5|6|7|8|9|10|11|12
YX,MSN,233,-40.0,230.0,-1.55,0.0129,1|2|3|4|5|6|7|8|9|10|11|12
YX,SAV,222,-44.0,889.0,-0.32,0.0135,1|2|3|4|5|6|7|8|9|10|11|12
YX,AVL,215,-47.0,1168.0,7.96,0.0698,1|2|3|4|5|6|7|8|9|10|11|12
YX,EYW,215,-42.0,1141.0,7.67,0.0419,1|2|3|4|5|6|7|8|9|10|11|12
YX,BGR,212,-41.0,309.0,4.26,0.0566,1|2|3|4|6|7|8|9|10|11|12
YX,OMA,199,-44.0,1230.0,8.05,0.0201,1|2|3|4|5|6|7|8|9|10|11|12
YX,ROC,199,-36.0,323.0,-4.66,0.0201,1|2|3|4|5|6|7|8|9|10|11|12
YX,PVD,196,-46.0,395.0,-3.42,0.0051,1|2|3|4|5|6|7|8|9|10|11|12
YX,OKC,194,-46.0,183.0,-1.39,0.0258,1|2|3|4|5|6|7|8|9|10|11|12
YX,DSM,192,-37.0,164.0,-2.04,0.026,1|2|3|4|5|6|7|8|9|10|11|12
YX,BWI,188,-35.0,460.0,6.69,0.016,1|2|3|4|5|6|7|8|9|10|11|12
YX,TYS,161,-33.0,996.0,3.79,0.0186,1|2|3|4|5|6|7|8|9|10|11|12
YX,LEX,158,-32.0,272.0,2.19,0.0127,1|2|3|4|5|6|7|8|9|10|11|12
YX,XNA,155,-39.0,353.0,-0.44,0.0129,1|2|3|4|5|6|7|8|9|10|11|12
YX,HHH,151,-30.0,390.0,9.46,0.0331,2|3|4|5|6|7|8|9|10
YX,MIA,138,-36.0,242.0,4.04,0.0,1|2|3|4|5|6|7|8|9|10|11|12
YX,MYR,133,-42.0,291.0,0.55,0.0376,1|2|3|4|5|6|7|8|9|10|11|12
YX,TUL,127,-37.0,335.0,5.24,0.0236,1|2|3|4|5|6|7|8|9|10|11|12
YX,MSY,124,-41.0,344.0,9.24,0.0,1|2|3|4|5|6|7|8|9|10|11|12
YX,ACK,120,-34.0,541.0,16.9,0.1083,5|6|7|8|9
YX,DLH,109,-32.0,250.0,-4.78,0.0,3|4|5|6|7|8|9|10|11|12
YX,BDL,107,-44.0,158.0,-10.24,0.0,1|2|3|4|8|9|10|11|12
YX,MVY,106,-30.0,1174.0,23.46,0.0472,5|6|7|8|9
YX,CHO,98,-34.0,151.0,6.37,0.0408,1|2|3|4|5|6|7|8|9|10|11|12
YX,LIT,74,-39.0,191.0,6.57,0.0,1|2|3|4|5|6|7|8|9|10|11|12
YX,CAE,74,-29.0,227.0,6.32,0.027,1|2|3|4|5|6|7|8|9|10|11|12
YX,TVC,73,-38.0,91.0,6.15,0.0,3|6|7|8|9|12
YX,BHM,71,-34.0,72.0,-9.52,0.0282,1|2|3|4|5|8|9|10|11|12
YX,ALB,66,-42.0,117.0,-4.53,0.0,1|2|3|4|5|6|9|10|11|12
YX,ORH,63,-38.0,182.0,-6.33,0.0476,1|2|3|4|5|6|7|8|9|10|11|12
YX,MDT,61,-42.0,51.0,-16.03,0.0,1|2|3|4|5|10
YX,ROA,59,-28.0,235.0,13.05,0.0508,1|2|3|4|5|6|7|8|9|10|11|12
YX,DAY,59,-28.0,89.0,-6.68,0.0,1|2|3|4|5|6|9|10|11|12
YX,HSV,45,-26.0,60.0,-3.96,0.0,1|2|3|4|5|9|10|11|12
YX,SRQ,35,-34.0,124.0,8.74,0.0286,3|4|8|10|11|12
YX,CID,31,-33.0,159.0,-8.5,0.0968,1|2|3|4|5|6|8|11|12
YX,AUS,31,-31.0,75.0,0.19,0.0,1|2|3|4|9|10|11|12
YX,CHA,30,-38.0,286.0,2.2,0.0,10|11|12
YX,GRB,29,-29.0,30.0,-8.21,0.0,1|2|3|5|6|7|8
YX,HYA,28,-12.0,252.0,21.79,0.0,6|7|8|9
YX,ITH,22,-33.0,68.0,-9.45,0.0909,5|8
YX,RSW,16,-28.0,338.0,21.19,0.0,1|11|12
YX,PNS,15,-37.0,12.0,-14.07,0.0,6|7|9|10|11
YX,SBN,12,-17.0,288.0,17.58,0.0,9|10|11|12
YX,DFW,12,-30.0,1033.0,75.83,0.0,1|2|5|6|7|8|10|12
YX,FSD,12,-35.0,197.0,7.5,0.0,2|3|12
YX,MHT,11,-32.0,77.0,-1.9,0.0909,1|2|5|11|12
YX,HPN,10,-27.0,53.0,-6.2,0.0,1|3|4
YX,VPS,9,-26.0,-1.0,-12.78,0.0,6|7|11|12
YX,TLH,9,-21.0,148.0,25.67,0.0,3|8|9
YX,AGS,8,-23.0,28.0,-7.75,0.0,4
YX,LNK,8,-18.0,8.0,-8.12,0.0,8
YX,ECP,7,-13.0,15.0,-2.29,0.0,3|6|7|8
YX,IAH,7,-36.0,97.0,0.71,0.0,1|4|9|12
YX,ELP,5,-29.0,7.0,-12.25,0.2,12
YX,SAT,4,-37.0,46.0,0.0,0.0,12
YX,SCE,2,-21.0,65.0,22.0,0.0,11|12
YX,RST,2,-21.0,8.0,-6.5,0.0,12
YX,TPA,2,-33.0,2.0,-15.5,0.0,1|11
YX,PBI,1,-9.0,-9.0,-9.0,0.0,1
