aeroporto,mese,voli_ritardo_basso,ritardo_medio_dep_basso,ritardo_medio_arr_basso,voli_ritardo_medio,ritardo_medio_dep_medio,ritardo_medio_arr_medio,voli_ritardo_alto,ritardo_medio_dep_alto,ritardo_medio_arr_alto,top_3_cause_ritardo_canc
ABE,1,52,-8.52,-14.79,7,39.29,37.0,6,208.33,206.0,DELAY_LATE_AIRCRAFT|DELAY_NAS|CANC_WEATHER
ABE,2,68,-4.96,-19.41,3,29.0,10.0,4,166.5,162.0,DELAY_CARRIER|DELAY_LATE_AIRCRAFT|DELAY_NAS
ABE,3,71,-6.48,-17.56,5,34.6,18.8,6,179.0,166.17,DELAY_CARRIER|DELAY_LATE_AIRCRAFT|DELAY_NAS
ABE,4,45,-5.4,-18.42,6,33.5,23.17,4,427.0,420.25,DELAY_LATE_AIRCRAFT|DELAY_CARRIER|CANC_WEATHER
ABE,5,82,-6.49,-13.71,4,25.75,31.5,7,154.57,143.71,DELAY_LATE_AIRCRAFT|DELAY_NAS|DELAY_CARRIER
ABE,6,70,-6.54,-15.44,7,21.14,9.43,10,136.4,137.9,DELAY_CARRIER|DELAY_LATE_AIRCRAFT|DELAY_NAS
ABE,7,60,-5.9,-10.25,6,35.33,21.17,10,104.2,101.6,DELAY_LATE_AIRCRAFT|DELAY_CARRIER|CANC_CARRIER
ABE,8,56,-7.79,-18.91,8,29.5,27.75,5,141.2,134.0,DELAY_LATE_AIRCRAFT|DELAY_CARRIER|DELAY_NAS
ABE,9,59,-7.98,-17.1,6,30.5,28.5,0,,,DELAY_CARRIER|DELAY_LATE_AIRCRAFT|DELAY_NAS
ABE,10,63,-6.38,-17.05,8,21.88,7.75,4,246.75,243.5,DELAY_LATE_AIRCRAFT|CANC_WEATHER|DELAY_CARRIER
ABE,11,47,-5.96,-14.09,6,28.5,20.33,1,81.0,61.0,DELAY_LATE_AIRCRAFT|DELAY_CARRIER|DELAY_SECURITY
ABE,12,59,-3.36,-12.02,6,29.5,18.17,3,163.33,152.33,DELAY_LATE_AIRCRAFT|DELAY_NAS|DELAY_CARRIER
ABI,1,22,-6.45,-5.18,3,41.67,53.0,2,104.0,93.0,DELAY_LATE_AIRCRAFT|DELAY_NAS|DELAY_WEATHER
ABI,2,29,-6.59,-6.97,1,35.0,25.0,1,99.0,88.0,DELAY_CARRIER|DELAY_WEATHER
ABI,3,30,-4.77,-9.53,2,25.5,44.0,4,132.5,133.25,DELAY_LATE_AIRCRAFT|DELAY_CARRIER|DELAY_WEATHER
ABI,4,23,-6.74,-14.17,2,26.5,18.0,1,314.0,339.0,DELAY_CARRIER|DELAY_WEATHER
ABI,5,21,-2.14,-6.19,7,33.43,37.29,3,186.67,187.0,DELAY_LATE_AIRCRAFT|DELAY_CARRIER|DELAY_NAS
ABI,6,22,-5.14,-10.0,2,23.0,15.5,2,113.0,99.0,DELAY_LATE_AIRCRAFT|DELAY_NAS|DELAY_CARRIER
ABI,7,31,-6.1,-10.55,4,40.75,41.25,1,139.0,135.0,DELAY_LATE_AIRCRAFT|DELAY_NAS
ABI,8,33,-5.97,-10.55,4,23.75,22.75,2,91.5,89.5,DELAY_LATE_AIRCRAFT
ABI,9,24,-5.0,-6.58,3,27.0,23.33,1,81.0,65.0,DELAY_CARRIER|DELAY_NAS|DELAY_LATE_AIRCRAFT
ABI,10,22,-5.91,-13.77,2,40.5,41.0,1,257.0,247.0,DELAY_CARRIER|DELAY_LATE_AIRCRAFT
ABI,11,23,-2.83,-8.48,4,33.0,24.5,2,107.5,114.5,DELAY_LATE_AIRCRAFT|DELAY_WEATHER|DELAY_NAS
ABI,12,32,-4.25,-7.75,0,,,3,153.0,156.67,DELAY_LATE_AIRCRAFT|DELAY_WEATHER
ABQ,1,284,-3.06,-7.72,54,29.89,24.0,22,146.73,142.14,DELAY_LATE_AIRCRAFT|DELAY_CARRIER|DELAY_NAS
ABQ,2,294,-3.04,-8.09,35,27.69,22.11,15,155.2,156.4,DELAY_NAS|DELAY_LATE_AIRCRAFT|DELAY_CARRIER
ABQ,3,303,-2.43,-9.65,48,31.73,24.67,19,231.11,230.05,DELAY_LATE_AIRCRAFT|DELAY_NAS|DELAY_CARRIER
ABQ,4,321,-2.04,-7.89,59,32.88,26.41,21,106.52,109.0,DELAY_LATE_AIRCRAFT|DELAY_CARRIER|DELAY_NAS
ABQ,5,295,-2.08,-7.16,50,34.24,29.14,25,259.56,255.88,DELAY_CARRIER|DELAY_LATE_AIRCRAFT|DELAY_NAS
ABQ,6,325,-2.33,-7.22,57,28.39,23.23,21,154.0,151.76,DELAY_LATE_AIRCRAFT|DELAY_NAS|DELAY_CARRIER
ABQ,7,309,-2.37,-8.07,45,30.84,25.89,35,134.26,132.6,DELAY_LATE_AIRCRAFT|DELAY_CARRIER|DELAY_NAS
ABQ,8,318,-3.39,-8.21,41,34.34,32.1,32,158.44,155.81,DELAY_LATE_AIRCRAFT|DELAY_NAS|DELAY_CARRIER
ABQ,9,342,-4.21,-10.16,37,30.14,21.51,13,108.46,104.92,DELAY_LATE_AIRCRAFT|DELAY_CARRIER|DELAY_NAS
ABQ,10,417,-3.05,-7.69,34,26.35,20.53,14,155.57,153.5,DELAY_LATE_AIRCRAFT|DELAY_CARRIER|DELAY_NAS
ABQ,11,330,-3.52,-8.23,41,31.07,30.83,13,94.08,89.31,DELAY_LATE_AIRCRAFT|DELAY_NAS|DELAY_CARRIER
ABQ,12,350,-3.17,-9.56,48,30.33,23.52,24,146.17,146.58,DELAY_LATE_AIRCRAFT|DELAY_CARRIER|DELAY_NAS
ABR,1,12,-3.17,-12.42,1,24.0,13.0,2,140.0,123.0,DELAY_CARRIER|DELAY_WEATHER
ABR,2,10,-3.3,-19.6,0,,,0,,,N/D
ABR,3,11,-3.36,-23.45,1,28.0,12.0,1,330.0,299.0,DELAY_CARRIER
ABR,4,6,-5.83,-12.33,0,,,1,365.0,344.0,DELAY_WEATHER
ABR,5,10,-5.1,-10.9,1,57.0,51.0,2,220.0,210.0,DELAY_CARRIER|DELAY_WEATHER
ABR,6,10,-3.8,-2.1,2,29.0,30.0,2,138.5,132.0,DELAY_CARRIER|DELAY_WEATHER|DELAY_NAS
ABR,7,9,-4.11,-12.0,0,,,3,142.33,155.67,DELAY_CARRIER
ABR,8,12,-4.17,-8.83,2,23.0,27.0,3,267.33,275.0,DELAY_CARRIER|DELAY_WEATHER|DELAY_SECURITY
ABR,9,15,-5.0,-18.93,0,,,1,234.0,230.0,DELAY_CARRIER
ABR,10,7,-6.0,-18.43,0,,,1,62.0,40.0,DELAY_CARRIER
ABR,11,11,-5.27,-15.91,1,38.0,23.0,2,109.5,93.0,DELAY_CARRIER
ABR,12,11,-4.73,-9.09,1,29.0,14.0,3,341.33,334.67,DELAY_CARRIER|DELAY_WEATHER
ABY,1,11,-6.55,-12.36,1,34.0,43.0,0,,,DELAY_CARRIER
ABY,2,4,-3.75,-1.0,2,19.0,8.0,2,215.0,225.0,DELAY_CARRIER
ABY,3,12,-6.17,-10.33,0,,,1,214.0,211.0,DELAY_CARRIER
ABY,4,5,-5.8,-6.0,3,33.33,41.33,0,,,DELAY_CARRIER|DELAY_WEATHER
ABY,5,9,-4.0,2.89,1,19.0,19.0,3,94.33,90.33,DELAY_CARRIER|DELAY_NAS|DELAY_WEATHER
ABY,6,6,-7.33,-7.0,1,41.0,29.0,0,,,DELAY_CARRIER
ABY,7,5,-6.6,-3.6,1,21.0,24.0,4,161.5,161.5,DELAY_CARRIER|CANC_CARRIER|DELAY_WEATHER
ABY,8,10,-2.4,-7.1,4,27.75,19.5,1,64.0,71.0,DELAY_CARRIER|CANC_WEATHER
ABY,9,8,-6.75,-1.25,2,34.0,26.5,1,86.0,76.0,DELAY_CARRIER|DELAY_WEATHER
ABY,10,18,-7.44,-11.44,0,,,0,,,N/D
ABY,11,14,-7.79,-8.14,1,18.0,16.0,0,,,DELAY_CARRIER|DELAY_WEATHER
ABY,12,10,-6.2,-11.7,1,36.0,38.0,4,142.5,136.75,DELAY_CARRIER|DELAY_LATE_AIRCRAFT
ACK,5,16,-9.25,-11.81,3,39.67,30.0,2,101.0,112.0,DELAY_LATE_AIRCRAFT|CANC_WEATHER|DELAY_NAS
ACK,6,49,-8.0,-10.9,5,39.0,41.2,6,234.17,256.17,DELAY_LATE_AIRCRAFT|DELAY_NAS|CANC_WEATHER
ACK,7,71,-7.7,-11.48,14,36.21,32.0,11,142.18,150.73,DELAY_LATE_AIRCRAFT|DELAY_NAS|CANC_CARRIER
ACK,8,74,-6.07,-2.43,5,33.4,38.4,9,140.0,136.78,DELAY_NAS|DELAY_LATE_AIRCRAFT|CANC_NAS
ACK,9,32,-8.5,-9.41,2,36.0,40.0,2,71.0,69.5,DELAY_LATE_AIRCRAFT|DELAY_NAS|CANC_CARRIER
ACK,10,13,-7.23,-11.69,1,44.0,39.0,1,85.0,79.0,DELAY_LATE_AIRCRAFT|DELAY_NAS
ACT,1,13,-6.31,-10.69,2,37.0,43.0,0,,,CANC_WEATHER|DELAY_CARRIER|DELAY_LATE_AIRCRAFT
ACT,2,12,-5.08,-4.33,0,,,2,79.5,66.0,DELAY_CARRIER|DELAY_WEATHER
ACT,3,19,-4.68,-5.84,1,47.0,43.0,1,66.0,59.0,DELAY_LATE_AIRCRAFT|DELAY_NAS|CANC_WEATHER
ACT,4,17,-2.94,0.53,1,18.0,18.0,1,199.0,216.0,DELAY_NAS|CANC_WEATHER|DELAY_CARRIER
ACT,5,15,-7.2,-10.8,2,41.0,34.5,2,234.5,235.5,DELAY_CARRIER
ACT,6,7,-6.29,-5.57,1,46.0,35.0,4,92.0,98.0,DELAY_LATE_AIRCRAFT|DELAY_CARRIER
ACT,7,17,-5.94,-5.12,0,,,1,141.0,179.0,DELAY_CARRIER|DELAY_NAS
ACT,8,14,-4.71,-2.93,2,38.0,31.0,1,70.0,77.0,DELAY_LATE_AIRCRAFT|DELAY_WEATHER|DELAY_CARRIER
ACT,9,6,-6.67,-12.83,1,27.0,33.0,0,,,DELAY_WEATHER
ACT,10,10,-2.8,-2.5,2,20.0,24.5,2,168.5,164.0,DELAY_CARRIER|DELAY_NAS
ACT,11,13,-5.92,-6.23,1,52.0,46.0,0,,,DELAY_CARRIER|DELAY_LATE_AIRCRAFT
ACT,12,6,-3.5,-2.67,1,42.0,35.0,2,92.5,88.5,DELAY_CARRIER|CANC_WEATHER|DELAY_WEATHER
ACV,1,19,-6.53,-8.32,2,45.5,28.5,5,87.4,91.6,DELAY_LATE_AIRCRAFT|CANC_WEATHER|DELAY_NAS
ACV,2,20,-4.25,-11.4,7,37.29,43.57,4,396.25,396.0,DELAY_NAS|DELAY_LATE_AIRCRAFT|DELAY_CARRIER
ACV,3,20,-6.75,-8.55,7,25.71,28.43,2,183.0,184.5,DELAY_NAS|CANC_WEATHER|DELAY_CARRIER
ACV,4,20,-3.55,-10.15,2,15.0,11.0,6,194.0,193.5,DELAY_NAS|DELAY_CARRIER|DELAY_LATE_AIRCRAFT
ACV,5,21,-5.48,-10.95,2,32.0,22.0,2,107.5,117.0,DELAY_LATE_AIRCRAFT|DELAY_CARRIER|DELAY_WEATHER
ACV,6,19,-3.63,-7.16,0,,,0,,,DELAY_CARRIER|DELAY_NAS
ACV,7,30,-3.83,-5.0,2,33.5,28.5,1,292.0,353.0,DELAY_CARRIER|DELAY_LATE_AIRCRAFT|DELAY_NAS
ACV,8,21,-2.86,-6.0,1,42.0,29.0,2,87.5,102.5,DELAY_LATE_AIRCRAFT|DELAY_NAS|DELAY_CARRIER
ACV,9,28,-5.68,-11.18,3,21.67,17.33,4,252.75,248.25,DELAY_CARRIER|DELAY_LATE_AIRCRAFT|DELAY_WEATHER
ACV,10,32,-4.19,-6.56,0,,,6,201.67,197.5,DELAY_CARRIER|DELAY_LATE_AIRCRAFT|DELAY_WEATHER
ACV,11,25,-5.2,-6.2,1,15.0,19.0,5,125.8,134.2,DELAY_LATE_AIRCRAFT|CANC_WEATHER|DELAY_NAS
ACV,12,23,-4.52,-3.61,5,31.8,28.8,1,485.0,477.0,DELAY_CARRIER|DELAY_NAS|DELAY_WEATHER
ACY,1,43,-5.56,-1.02,4,26.0,23.5,2,102.5,98.0,DELAY_NAS|DELAY_LATE_AIRCRAFT|DELAY_CARRIER
ACY,2,46,-5.78,-14.63,8,23.62,12.75,1,62.0,81.0,DELAY_NAS|DELAY_LATE_AIRCRAFT
ACY,3,53,-5.89,-11.26,13,30.23,31.15,6,182.0,195.17,DELAY_NAS|CANC_NAS|DELAY_CARRIER
ACY,4,60,-6.27,-17.15,8,31.62,37.5,4,101.25,97.25,DELAY_NAS|DELAY_CARRIER|DELAY_LATE_AIRCRAFT
ACY,5,45,-5.42,-12.6,4,30.0,25.25,1,133.0,115.0,DELAY_LATE_AIRCRAFT|DELAY_NAS|CANC_WEATHER
ACY,6,39,-4.28,-16.41,3,35.67,31.33,4,158.0,154.25,DELAY_NAS|DELAY_LATE_AIRCRAFT|CANC_WEATHER
ACY,7,32,-2.12,-9.62,3,46.0,40.33,6,146.83,134.0,DELAY_LATE_AIRCRAFT|DELAY_NAS|CANC_CARRIER
ACY,8,45,-3.4,-6.6,7,30.43,31.0,5,104.8,107.0,DELAY_NAS|DELAY_CARRIER|DELAY_LATE_AIRCRAFT
ACY,9,38,-5.89,-15.37,4,37.0,34.0,3,115.0,116.67,DELAY_LATE_AIRCRAFT|DELAY_NAS|DELAY_CARRIER
ACY,10,44,-5.61,-17.82,0,,,0,,,CANC_WEATHER|DELAY_NAS
ACY,11,41,-8.66,-21.83,3,32.33,24.67,0,,,DELAY_LATE_AIRCRAFT|DELAY_NAS
ACY,12,24,-5.42,-13.33,6,28.0,24.17,2,75.0,56.0,DELAY_NAS|DELAY_CARRIER|CANC_WEATHER
ADK,1,2,-27.0,-13.5,2,29.5,42.0,0,,,DELAY_SECURITY
ADK,2,3,-36.67,-39.33,0,,,0,,,N/D
ADK,3,1,-25.0,-27.0,0,,,0,,,N/D
ADK,4,1,-38.0,-38.0,0,,,0,,,N/D
ADK,5,1,-47.0,-70.0,0,,,0,,,N/D
ADK,6,1,-46.0,-23.0,0,,,0,,,N/D
ADK,7,2,-9.0,-11.0,1,18.0,22.0,0,,,DELAY_SECURITY
ADK,8,1,-2.0,-6.0,0,,,0,,,N/D
ADK,9,2,-1.0,-7.0,1,25.0,12.0,1,70.0,73.0,DELAY_LATE_AIRCRAFT
ADK,10,1,-31.0,-37.0,0,,,0,,,N/D
ADK,11,2,-1.0,1.0,0,,,0,,,N/D
ADK,12,2,-11.0,-10.5,0,,,0,,,DELAY_NAS
ADQ,1,4,-15.75,-20.0,4,23.5,26.0,1,89.0,82.0,DELAY_LATE_AIRCRAFT|CANC_WEATHER
ADQ,2,14,-12.21,-18.64,0,,,0,,,N/D
ADQ,3,9,-8.11,-11.0,0,,,1,116.0,110.0,DELAY_LATE_AIRCRAFT
ADQ,4,9,-8.44,-13.33,2,36.5,33.0,0,,,DELAY_CARRIER
ADQ,5,18,-9.72,-12.39,1,43.0,37.0,1,61.0,52.0,DELAY_CARRIER|DELAY_LATE_AIRCRAFT
ADQ,6,13,-10.77,-12.31,0,,,0,,,N/D
ADQ,7,11,-3.82,-6.09,1,15.0,5.0,0,,,CANC_WEATHER
ADQ,8,16,-9.88,-8.69,0,,,0,,,N/D
ADQ,9,15,-12.47,-10.27,0,,,0,,,DELAY_NAS
ADQ,10,14,-6.29,-8.64,1,20.0,19.0,0,,,DELAY_SECURITY
ADQ,11,8,1.38,4.12,1,18.0,22.0,0,,,DELAY_CARRIER|DELAY_WEATHER
ADQ,12,12,-3.75,-8.42,1,30.0,36.0,0,,,DELAY_LATE_AIRCRAFT
AEX,1,27,-6.59,-8.44,1,46.0,25.0,1,154.0,153.0,CANC_WEATHER|DELAY_LATE_AIRCRAFT|DELAY_NAS
AEX,2,23,-5.43,-11.13,0,,,4,297.25,291.75,DELAY_CARRIER|DELAY_LATE_AIRCRAFT
AEX,3,35,-4.23,-10.37,1,39.0,32.0,3,181.33,171.67,DELAY_CARRIER|DELAY_LATE_AIRCRAFT|DELAY_WEATHER
AEX,4,20,-6.4,-9.95,3,36.33,30.67,4,282.25,289.0,DELAY_WEATHER|DELAY_CARRIER|CANC_WEATHER
AEX,5,21,-3.76,-8.0,1,16.0,15.0,5,119.2,122.0,DELAY_CARRIER|DELAY_WEATHER|CANC_WEATHER
AEX,6,24,-6.29,-13.25,6,27.83,17.67,5,268.8,278.0,DELAY_CARRIER|DELAY_LATE_AIRCRAFT|DELAY_NAS
AEX,7,30,-4.63,-8.73,4,23.75,24.75,10,246.1,246.8,DELAY_CARRIER|DELAY_WEATHER|DELAY_LATE_AIRCRAFT
AEX,8,29,-5.38,-10.24,4,35.75,29.25,3,88.33,79.33,DELAY_LATE_AIRCRAFT|DELAY_CARRIER|DELAY_NAS
AEX,9,25,-3.56,-10.12,4,25.0,45.25,4,273.5,260.0,DELAY_CARRIER|DELAY_LATE_AIRCRAFT|DELAY_WEATHER
AEX,10,28,-7.21,-17.0,2,17.5,10.0,5,188.4,177.8,DELAY_LATE_AIRCRAFT|DELAY_CARRIER|DELAY_WEATHER
AEX,11,33,-6.67,-10.33,1,26.0,9.0,2,187.5,174.0,DELAY_CARRIER|CANC_WEATHER|DELAY_LATE_AIRCRAFT
AEX,12,35,-2.94,-7.34,3,30.0,20.0,1,257.0,244.0,DELAY_NAS|DELAY_CARRIER|CANC_NAS
AGS,1,33,-2.97,-6.61,5,27.8,18.8,4,162.5,166.75,DELAY_LATE_AIRCRAFT|DELAY_NAS|DELAY_CARRIER
AGS,2,39,-2.26,-11.82,4,37.75,33.5,6,136.5,131.17,DELAY_CARRIER|DELAY_WEATHER|DELAY_LATE_AIRCRAFT
AGS,3,37,-3.78,-3.43,2,37.5,48.5,3,117.67,120.0,DELAY_CARRIER|DELAY_NAS|DELAY_LATE_AIRCRAFT
AGS,4,77,-3.66,-5.75,12,36.08,34.42,6,85.0,91.0,DELAY_CARRIER|DELAY_LATE_AIRCRAFT|DELAY_NAS
AGS,5,46,-2.85,-9.59,3,23.67,17.33,10,192.1,186.4,DELAY_LATE_AIRCRAFT|DELAY_CARRIER|CANC_WEATHER
AGS,6,71,-5.25,-9.62,7,32.86,24.86,7,164.14,156.57,DELAY_LATE_AIRCRAFT|DELAY_CARRIER|DELAY_NAS
AGS,7,54,-3.35,-6.61,6,35.33,35.0,12,112.75,108.58,DELAY_LATE_AIRCRAFT|DELAY_CARRIER|CANC_CARRIER
AGS,8,56,-5.14,-9.86,6,28.0,33.5,4,176.75,179.25,DELAY_LATE_AIRCRAFT|DELAY_NAS|DELAY_CARRIER
AGS,9,71,-5.11,-7.87,3,29.33,31.0,8,196.0,190.75,CANC_WEATHER|DELAY_NAS|DELAY_CARRIER
AGS,10,41,-3.2,-7.93,8,36.25,30.38,11,325.36,324.27,DELAY_CARRIER|DELAY_WEATHER|DELAY_LATE_AIRCRAFT
AGS,11,47,-2.68,-7.32,6,30.67,29.5,6,151.33,152.83,DELAY_CARRIER|DELAY_LATE_AIRCRAFT|DELAY_NAS
AGS,12,38,-2.05,-8.42,5,33.4,26.6,6,365.17,362.0,DELAY_CARRIER|DELAY_NAS|DELAY_LATE_AIRCRAFT
AKN,5,3,-11.33,-10.33,0,,,0,,,N/D
AKN,6,17,-12.41,-6.0,0,,,0,,,DELAY_NAS
AKN,7,8,-6.25,-1.38,2,29.0,39.5,1,78.0,87.0,DELAY_LATE_AIRCRAFT|DELAY_SECURITY
AKN,8,8,-8.62,-7.75,1,15.0,26.0,0,,,DELAY_CARRIER|DELAY_NAS
AKN,9,5,-13.8,-12.4,2,26.0,20.5,0,,,DELAY_LATE_AIRCRAFT|DELAY_SECURITY
ALB,1,137,-3.2,-10.71,25,29.24,29.08,10,170.2,190.6,DELAY_LATE_AIRCRAFT|DELAY_NAS|DELAY_CARRIER
ALB,2,154,-4.7,-19.21,20,27.85,13.2,8,93.88,95.38,DELAY_LATE_AIRCRAFT|DELAY_NAS|DELAY_CARRIER
ALB,3,156,-1.9,-10.27,18,30.67,30.44,17,198.35,193.47,DELAY_NAS|DELAY_CARRIER|DELAY_LATE_AIRCRAFT
ALB,4,170,-4.58,-10.47,25,32.88,26.48,16,201.88,201.12,DELAY_LATE_AIRCRAFT|DELAY_CARRIER|DELAY_NAS
ALB,5,182,-3.64,-10.33,32,31.66,23.88,13,114.69,115.62,DELAY_LATE_AIRCRAFT|DELAY_NAS|DELAY_CARRIER
ALB,6,169,-3.4,-8.87,25,37.2,33.04,15,148.13,148.2,DELAY_LATE_AIRCRAFT|DELAY_NAS|DELAY_CARRIER
ALB,7,156,-3.46,-8.55,32,31.09,29.19,24,139.62,144.29,DELAY_LATE_AIRCRAFT|DELAY_CARRIER|DELAY_NAS
ALB,8,159,-2.58,-7.3,29,29.17,35.69,25,140.76,145.4,DELAY_LATE_AIRCRAFT|DELAY_NAS|DELAY_CARRIER
ALB,9,198,-4.94,-11.35,24,31.17,30.67,9,190.22,184.56,DELAY_CARRIER|DELAY_LATE_AIRCRAFT|DELAY_NAS
ALB,10,182,-4.56,-12.12,19,28.58,14.95,5,116.4,103.4,DELAY_LATE_AIRCRAFT|DELAY_CARRIER|DELAY_NAS
ALB,11,189,-4.46,-16.03,11,23.45,13.73,11,156.73,140.64,DELAY_LATE_AIRCRAFT|DELAY_CARRIER|DELAY_NAS
ALB,12,136,-2.48,-6.22,33,30.45,26.82,18,185.61,177.56,DELAY_NAS|DELAY_CARRIER|DELAY_LATE_AIRCRAFT
ALW,1,9,-5.33,-3.44,2,42.5,54.5,0,,,DELAY_LATE_AIRCRAFT|CANC_CARRIER|CANC_WEATHER
ALW,2,7,-6.29,1.0,0,,,1,74.0,82.0,DELAY_LATE_AIRCRAFT|DELAY_NAS
ALW,3,15,-6.87,-5.67,0,,,0,,,N/D
ALW,4,10,-6.3,-5.5,0,,,0,,,N/D
ALW,5,9,-6.33,-6.33,0,,,0,,,N/D
ALW,6,9,-5.0,-3.33,0,,,1,63.0,85.0,CANC_NAS|DELAY_CARRIER|DELAY_NAS
ALW,7,7,-4.43,-8.86,3,19.67,28.0,0,,,DELAY_LATE_AIRCRAFT|DELAY_NAS
ALW,8,9,-5.11,-6.67,1,33.0,35.0,1,79.0,87.0,DELAY_LATE_AIRCRAFT|DELAY_NAS
ALW,9,5,-6.6,-4.6,3,49.67,47.33,0,,,DELAY_LATE_AIRCRAFT
AMA,1,56,-4.25,-9.46,6,27.83,30.83,8,152.62,146.25,DELAY_LATE_AIRCRAFT|DELAY_WEATHER|CANC_WEATHER
AMA,2,71,-6.82,-11.18,3,39.33,27.67,1,175.0,162.0,DELAY_CARRIER|DELAY_NAS|DELAY_WEATHER
AMA,3,69,-5.22,-8.51,13,31.92,28.69,3,155.33,164.67,DELAY_LATE_AIRCRAFT|DELAY_CARRIER|DELAY_NAS
AMA,4,62,-5.26,-10.48,4,37.75,30.0,8,162.38,176.38,DELAY_LATE_AIRCRAFT|DELAY_NAS|CANC_NAS
AMA,5,58,-3.02,-7.86,8,41.62,41.38,11,154.27,160.91,DELAY_NAS|DELAY_LATE_AIRCRAFT|DELAY_WEATHER
AMA,6,66,-4.26,-9.12,11,32.82,33.64,10,207.1,204.7,DELAY_LATE_AIRCRAFT|DELAY_NAS|DELAY_CARRIER
AMA,7,77,-3.94,-7.82,11,38.27,33.36,8,126.38,120.62,DELAY_LATE_AIRCRAFT|DELAY_CARRIER|DELAY_NAS
AMA,8,72,-4.53,-9.0,7,30.86,29.57,9,179.56,168.67,DELAY_CARRIER|DELAY_LATE_AIRCRAFT|DELAY_NAS
AMA,9,64,-4.78,-5.27,6,31.0,39.17,1,111.0,121.0,DELAY_NAS|DELAY_LATE_AIRCRAFT|DELAY_CARRIER
AMA,10,70,-4.09,-8.3,12,32.5,26.17,3,157.33,146.33,DELAY_LATE_AIRCRAFT|DELAY_NAS|DELAY_CARRIER
AMA,11,72,-4.62,-7.9,10,32.1,28.2,5,162.4,167.2,DELAY_LATE_AIRCRAFT|DELAY_CARRIER|DELAY_NAS
AMA,12,74,-4.22,-11.14,7,28.86,17.29,3,135.0,140.0,DELAY_LATE_AIRCRAFT|DELAY_NAS|CANC_WEATHER
ANC,1,150,-3.39,-9.32,32,35.94,30.31,26,150.73,152.38,DELAY_LATE_AIRCRAFT|DELAY_CARRIER|DELAY_NAS
ANC,2,157,-5.28,-5.48,16,29.19,28.19,9,84.0,83.89,DELAY_NAS|DELAY_LATE_AIRCRAFT|DELAY_CARRIER
ANC,3,215,-5.46,-10.2,29,32.17,30.21,10,113.8,110.4,DELAY_LATE_AIRCRAFT|DELAY_CARRIER|DELAY_NAS
ANC,4,235,-6.92,-12.72,33,32.33,22.73,13,100.77,90.69,DELAY_LATE_AIRCRAFT|DELAY_CARRIER|CANC_WEATHER
ANC,5,286,-5.95,-12.41,40,33.9,20.5,17,146.88,137.29,DELAY_LATE_AIRCRAFT|DELAY_CARRIER|DELAY_NAS
ANC,6,351,-5.48,-8.22,39,29.36,23.13,16,114.81,113.38,DELAY_CARRIER|DELAY_NAS|DELAY_LATE_AIRCRAFT
ANC,7,341,-3.28,-6.86,70,29.56,24.69,28,157.93,153.79,DELAY_CARRIER|DELAY_LATE_AIRCRAFT|DELAY_NAS
ANC,8,374,-3.44,-8.44,72,31.12,25.74,15,138.4,131.0,DELAY_LATE_AIRCRAFT|DELAY_CARRIER|DELAY_NAS
ANC,9,288,-4.41,-9.78,39,30.38,22.92,9,140.78,132.89,DELAY_CARRIER|DELAY_NAS|DELAY_LATE_AIRCRAFT
ANC,10,233,-5.84,-9.63,19,28.84,26.89,5,146.4,140.8,DELAY_NAS|DELAY_CARRIER|DELAY_LATE_AIRCRAFT
ANC,11,211,-5.99,-10.62,27,30.19,25.74,4,92.5,80.0,DELAY_CARRIER|DELAY_LATE_AIRCRAFT|DELAY_NAS
ANC,12,205,-3.81,-8.54,24,27.12,21.46,8,130.38,121.5,DELAY_LATE_AIRCRAFT|DELAY_NAS|DELAY_CARRIER
APN,1,2,-7.5,1.0,0,,,1,125.0,109.0,CANC_WEATHER|DELAY_WEATHER
APN,2,8,-9.62,-24.25,1,40.0,56.0,0,,,DELAY_WEATHER
APN,3,9,-9.33,-18.0,0,,,1,213.0,197.0,DELAY_WEATHER
APN,4,6,-9.83,-13.17,0,,,4,221.5,218.0,DELAY_CARRIER|DELAY_WEATHER
APN,5,13,-7.62,-12.54,1,26.0,31.0,0,,,DELAY_CARRIER
APN,6,6,-5.5,-12.17,0,,,1,153.0,146.0,DELAY_CARRIER
APN,7,8,-4.75,-7.38,2,43.5,36.5,1,212.0,214.0,DELAY_CARRIER|CANC_WEATHER|DELAY_SECURITY
APN,8,9,-7.0,-15.67,1,55.0,46.0,1,88.0,75.0,DELAY_CARRIER|DELAY_WEATHER
APN,9,15,-9.0,-16.0,0,,,0,,,N/D
APN,10,9,-11.33,-20.11,0,,,2,119.5,113.5,DELAY_CARRIER|DELAY_NAS
APN,11,8,-9.0,-15.12,1,29.0,34.0,1,183.0,167.0,DELAY_CARRIER
APN,12,11,-6.27,-4.73,0,,,1,184.0,169.0,DELAY_CARRIER
ASE,1,109,-4.28,-10.88,36,32.22,25.5,27,129.44,122.48,CANC_WEATHER|DELAY_LATE_AIRCRAFT|DELAY_CARRIER
ASE,2,93,-4.34,-9.97,42,31.4,21.12,23,142.22,135.26,DELAY_CARRIER|DELAY_LATE_AIRCRAFT|DELAY_NAS
ASE,3,110,-5.14,-13.62,42,35.43,25.05,32,156.69,151.31,DELAY_WEATHER|CANC_WEATHER|DELAY_LATE_AIRCRAFT
ASE,4,61,-5.11,-10.28,6,30.0,23.0,6,301.33,310.83,DELAY_CARRIER|CANC_WEATHER|DELAY_LATE_AIRCRAFT
ASE,5,27,-8.04,-14.52,6,32.83,24.83,7,140.14,132.29,DELAY_CARRIER|DELAY_LATE_AIRCRAFT|CANC_WEATHER
ASE,6,95,-5.96,-9.33,18,38.33,33.28,19,173.47,174.05,DELAY_CARRIER|DELAY_WEATHER|CANC_NAS
ASE,7,104,-6.36,-9.48,16,32.62,30.88,12,212.92,209.33,DELAY_CARRIER|DELAY_LATE_AIRCRAFT|DELAY_WEATHER
ASE,8,109,-4.72,-7.47,29,32.97,29.1,12,143.33,141.67,DELAY_CARRIER|DELAY_LATE_AIRCRAFT|DELAY_NAS
ASE,9,92,-6.4,-12.57,13,30.62,26.15,9,115.11,111.0,DELAY_CARRIER|DELAY_LATE_AIRCRAFT|DELAY_WEATHER
ASE,10,85,-7.61,-16.41,8,31.5,20.62,5,108.0,95.0,DELAY_CARRIER|DELAY_LATE_AIRCRAFT|CANC_WEATHER
ASE,11,57,-7.49,-15.6,10,40.2,36.3,6,91.5,101.0,CANC_WEATHER|DELAY_CARRIER|DELAY_LATE_AIRCRAFT
ASE,12,78,-4.81,-17.35,18,37.22,34.0,23,229.7,229.13,DELAY_CARRIER|CANC_WEATHER|DELAY_NAS
ATL,1,4115,-1.73,-6.56,778,31.58,27.02,329,149.3,147.47,DELAY_CARRIER|DELAY_LATE_AIRCRAFT|DELAY_NAS
ATL,2,4368,-2.59,-6.93,475,29.91,24.47,137,107.12,101.31,DELAY_CARRIER|DELAY_NAS|DELAY_LATE_AIRCRAFT
ATL,3,4685,-1.74,-6.53,730,30.41,25.99,284,128.2,125.75,DELAY_CARRIER|DELAY_LATE_AIRCRAFT|DELAY_NAS
ATL,4,4603,-1.73,-4.89,710,30.92,28.18,274,127.52,126.22,DELAY_CARRIER|DELAY_LATE_AIRCRAFT|DELAY_NAS
ATL,5,4451,-1.12,-3.14,979,31.38,31.09,502,134.53,136.13,DELAY_CARRIER|DELAY_LATE_AIRCRAFT|DELAY_NAS
ATL,6,4579,-1.69,-6.88,907,30.81,26.44,333,127.65,124.2,DELAY_CARRIER|DELAY_LATE_AIRCRAFT|DELAY_NAS
ATL,7,3597,-1.28,-4.42,1109,32.5,31.47,921,150.39,150.71,DELAY_CARRIER|DELAY_LATE_AIRCRAFT|DELAY_NAS
ATL,8,4600,-2.48,-7.38,810,31.65,27.55,396,134.99,131.98,DELAY_CARRIER|DELAY_NAS|DELAY_LATE_AIRCRAFT
ATL,9,4807,-2.76,-7.45,621,31.29,27.04,226,131.06,127.02,DELAY_CARRIER|DELAY_LATE_AIRCRAFT|DELAY_NAS
ATL,10,5230,-3.01,-8.51,569,29.8,23.17,154,135.27,129.51,DELAY_CARRIER|DELAY_LATE_AIRCRAFT|DELAY_NAS
ATL,11,4857,-2.99,-7.47,597,30.59,25.88,180,120.5,117.38,DELAY_CARRIER|DELAY_LATE_AIRCRAFT|DELAY_NAS
ATL,12,4305,-1.66,-6.27,939,30.88,26.82,356,136.6,132.89,DELAY_CARRIER|DELAY_LATE_AIRCRAFT|DELAY_NAS
ATW,1,64,-3.22,-10.14,11,31.18,28.73,18,197.28,188.39,DELAY_CARRIER|DELAY_NAS|CANC_WEATHER
ATW,2,80,-5.2,-14.56,3,49.33,39.33,8,206.88,194.25,DELAY_CARRIER|DELAY_LATE_AIRCRAFT|DELAY_NAS
ATW,3,77,-6.22,-14.68,17,30.71,28.53,6,333.67,316.67,DELAY_LATE_AIRCRAFT|DELAY_CARRIER|DELAY_NAS
ATW,4,90,-6.44,-12.79,8,31.12,24.25,6,165.0,169.0,DELAY_CARRIER|DELAY_WEATHER|DELAY_LATE_AIRCRAFT
ATW,5,84,-6.39,-11.46,6,37.67,30.17,11,118.45,112.09,DELAY_CARRIER|DELAY_NAS|DELAY_LATE_AIRCRAFT
ATW,6,67,-5.67,-5.69,7,37.43,36.86,12,121.67,118.5,DELAY_CARRIER|DELAY_NAS|DELAY_LATE_AIRCRAFT
ATW,7,83,-4.86,-5.96,13,33.0,33.54,4,165.0,168.5,DELAY_CARRIER|DELAY_NAS|DELAY_LATE_AIRCRAFT
ATW,8,72,-4.71,-2.61,8,35.88,32.0,9,142.0,143.33,DELAY_CARRIER|DELAY_NAS|DELAY_WEATHER
ATW,9,60,-6.2,-11.85,5,45.0,45.8,8,140.5,134.75,DELAY_CARRIER|DELAY_LATE_AIRCRAFT|DELAY_NAS
ATW,10,102,-6.21,-12.73,5,29.8,19.8,5,87.6,72.0,DELAY_CARRIER|DELAY_LATE_AIRCRAFT|CANC_WEATHER
ATW,11,67,-5.09,-11.33,15,32.6,28.33,5,178.6,163.2,DELAY_CARRIER|DELAY_LATE_AIRCRAFT|DELAY_WEATHER
ATW,12,92,-4.28,-8.18,10,27.3,31.0,18,266.28,256.17,DELAY_CARRIER|CANC_WEATHER|DELAY_LATE_AIRCRAFT
AUS,1,974,-2.12,-6.55,230,30.78,26.07,121,150.26,148.03,DELAY_LATE_AIRCRAFT|DELAY_CARRIER|DELAY_NAS
AUS,2,960,-3.19,-6.29,125,28.21,23.97,38,138.03,133.89,DELAY_NAS|DELAY_LATE_AIRCRAFT|DELAY_CARRIER
AUS,3,1117,-2.27,-7.45,242,32.07,26.69,96,137.58,132.45,DELAY_LATE_AIRCRAFT|DELAY_NAS|DELAY_CARRIER
AUS,4,1091,-2.1,-7.54,231,31.13,27.3,109,129.57,123.1,DELAY_LATE_AIRCRAFT|DELAY_CARRIER|DELAY_NAS
AUS,5,996,0.01,-4.16,342,32.27,29.16,210,191.11,189.88,DELAY_LATE_AIRCRAFT|DELAY_CARRIER|DELAY_NAS
AUS,6,1091,-1.05,-6.54,300,31.85,25.86,137,153.88,149.71,DELAY_LATE_AIRCRAFT|DELAY_CARRIER|DELAY_NAS
AUS,7,1076,-1.23,-7.1,325,32.97,27.87,180,150.65,144.38,DELAY_LATE_AIRCRAFT|DELAY_CARRIER|DELAY_NAS
AUS,8,1092,-3.35,-10.58,200,31.48,24.96,101,165.79,160.15,DELAY_LATE_AIRCRAFT|DELAY_NAS|DELAY_CARRIER
AUS,9,1187,-3.25,-8.33,142,28.76,22.84,57,154.04,146.07,DELAY_LATE_AIRCRAFT|DELAY_NAS|DELAY_CARRIER
AUS,10,1221,-3.02,-8.96,170,29.29,23.24,62,149.92,144.61,DELAY_LATE_AIRCRAFT|DELAY_CARRIER|DELAY_NAS
AUS,11,1147,-2.86,-8.63,132,29.78,26.02,58,118.55,114.91,DELAY_LATE_AIRCRAFT|DELAY_NAS|DELAY_CARRIER
AUS,12,1065,-2.17,-8.82,199,31.32,23.62,117,165.58,158.63,DELAY_LATE_AIRCRAFT|DELAY_CARRIER|DELAY_NAS
AVL,1,147,-4.71,-9.94,25,31.32,28.64,11,92.91,85.91,DELAY_LATE_AIRCRAFT|DELAY_NAS|DELAY_CARRIER
AVL,2,135,-5.69,-11.9,6,31.17,23.0,7,186.57,182.14,DELAY_LATE_AIRCRAFT|DELAY_NAS|DELAY_CARRIER
AVL,3,126,-4.12,-9.06,21,27.95,21.24,12,145.33,147.58,DELAY_NAS|DELAY_LATE_AIRCRAFT|DELAY_CARRIER
AVL,4,166,-4.43,-8.05,17,25.06,17.24,10,159.0,147.7,DELAY_LATE_AIRCRAFT|DELAY_NAS|DELAY_CARRIER
AVL,5,144,-3.47,-6.17,36,25.89,24.67,23,209.87,207.65,DELAY_NAS|DELAY_LATE_AIRCRAFT|DELAY_CARRIER
AVL,6,159,-1.5,-6.82,39,33.49,28.41,32,163.75,159.16,DELAY_LATE_AIRCRAFT|DELAY_CARRIER|DELAY_NAS
AVL,7,148,-1.64,-3.28,51,31.16,28.75,48,161.21,157.6,DELAY_LATE_AIRCRAFT|DELAY_CARRIER|DELAY_NAS
AVL,8,160,-4.12,-7.4,51,33.45,33.88,21,142.33,141.57,DELAY_LATE_AIRCRAFT|DELAY_NAS|DELAY_CARRIER
AVL,9,144,-2.48,-8.17,24,26.67,23.46,17,158.88,153.35,CANC_WEATHER|DELAY_LATE_AIRCRAFT|DELAY_NAS
AVL,10,187,-8.35,-13.22,23,27.04,24.0,11,180.09,174.64,DELAY_LATE_AIRCRAFT|DELAY_NAS|CANC_NAS
AVL,11,142,-4.65,-6.8,17,29.94,24.0,4,346.25,330.25,DELAY_NAS|DELAY_CARRIER|DELAY_LATE_AIRCRAFT
AVL,12,91,-3.84,-12.23,23,30.0,26.61,16,107.56,103.12,DELAY_LATE_AIRCRAFT|DELAY_NAS|DELAY_CARRIER
AVP,1,19,-6.21,-20.84,1,28.0,30.0,6,291.83,280.17,DELAY_CARRIER|CANC_WEATHER|DELAY_LATE_AIRCRAFT
AVP,2,16,-2.81,-14.56,2,28.5,2.0,1,189.0,168.0,DELAY_CARRIER
AVP,3,16,-5.44,-10.44,2,17.0,7.5,0,,,DELAY_NAS
AVP,4,10,-3.7,-16.2,1,52.0,43.0,2,135.0,131.5,DELAY_LATE_AIRCRAFT|DELAY_CARRIER
AVP,5,25,-1.28,-6.96,5,29.8,23.0,5,150.4,161.4,DELAY_LATE_AIRCRAFT|DELAY_NAS|DELAY_CARRIER
AVP,6,25,-2.64,-10.48,4,27.5,19.0,4,140.5,144.0,DELAY_LATE_AIRCRAFT|DELAY_CARRIER|DELAY_NAS
AVP,7,25,0.64,-4.8,4,21.25,17.75,3,79.0,70.0,DELAY_LATE_AIRCRAFT|CANC_WEATHER|DELAY_CARRIER
AVP,8,23,-3.35,-4.83,7,30.71,33.29,3,120.67,111.33,DELAY_LATE_AIRCRAFT|DELAY_NAS|DELAY_CARRIER
AVP,9,23,-6.09,-9.26,2,40.0,37.0,1,123.0,122.0,DELAY_CARRIER|DELAY_NAS|CANC_WEATHER
AVP,10,23,-5.78,-11.3,1,48.0,69.0,0,,,DELAY_NAS|DELAY_CARRIER|DELAY_LATE_AIRCRAFT
AVP,11,24,-5.17,-9.04,5,30.6,17.8,2,307.5,302.0,DELAY_LATE_AIRCRAFT|CANC_WEATHER|DELAY_NAS
AVP,12,24,-4.17,-13.38,3,38.33,22.67,1,133.0,114.0,DELAY_CARRIER|DELAY_LATE_AIRCRAFT
AZA,1,66,-6.67,-10.92,11,37.27,31.55,6,163.5,158.17,DELAY_CARRIER|DELAY_NAS|CANC_WEATHER
AZA,2,84,-6.57,-15.3,7,29.29,12.71,3,136.0,123.0,DELAY_CARRIER|DELAY_LATE_AIRCRAFT
AZA,3,107,-6.68,-14.37,8,33.25,27.88,6,237.83,242.33,DELAY_CARRIER|DELAY_LATE_AIRCRAFT|DELAY_NAS
AZA,4,84,-6.61,-15.57,3,34.33,37.33,1,74.0,71.0,DELAY_CARRIER|DELAY_NAS
AZA,5,80,-6.6,-13.5,8,37.38,32.0,1,70.0,64.0,DELAY_LATE_AIRCRAFT|DELAY_CARRIER|DELAY_WEATHER
AZA,6,92,-7.72,-10.8,11,28.91,30.09,7,242.29,241.43,DELAY_CARRIER|DELAY_LATE_AIRCRAFT|DELAY_NAS
AZA,7,90,-5.59,-5.32,13,30.46,32.23,8,190.25,193.62,DELAY_CARRIER|DELAY_LATE_AIRCRAFT|DELAY_NAS
AZA,8,68,-6.19,-9.51,7,25.29,20.57,5,87.8,88.2,DELAY_CARRIER|DELAY_LATE_AIRCRAFT|DELAY_NAS
AZA,9,49,-8.63,-14.65,4,37.75,32.0,2,102.5,89.0,DELAY_CARRIER|DELAY_LATE_AIRCRAFT
AZA,10,77,-7.19,-12.21,5,32.8,22.4,1,75.0,56.0,DELAY_CARRIER|DELAY_LATE_AIRCRAFT
AZA,11,71,-6.85,-15.83,10,30.6,28.2,7,169.43,165.71,DELAY_LATE_AIRCRAFT|DELAY_CARRIER|DELAY_NAS
AZA,12,88,-4.49,-8.68,21,32.76,28.05,6,260.5,255.67,DELAY_LATE_AIRCRAFT|DELAY_NAS|DELAY_CARRIER
AZO,1,14,-3.86,-8.21,2,37.0,23.5,4,173.0,163.75,DELAY_CARRIER|CANC_WEATHER|DELAY_WEATHER
AZO,2,13,-5.15,-14.15,0,,,2,101.0,96.0,DELAY_CARRIER|DELAY_WEATHER
AZO,3,15,-7.87,-16.8,0,,,0,,,N/D
AZO,4,12,-4.17,-8.17,0,,,1,263.0,248.0,DELAY_CARRIER
AZO,5,13,-5.15,-7.54,0,,,0,,,DELAY_NAS
AZO,6,11,-4.91,-4.64,2,46.0,46.0,1,364.0,354.0,DELAY_CARRIER|CANC_WEATHER|DELAY_WEATHER
AZO,7,11,-4.36,-8.73,2,50.0,41.0,4,334.5,329.5,DELAY_CARRIER
AZO,8,14,-5.36,-12.21,1,59.0,58.0,3,111.67,105.67,DELAY_CARRIER|CANC_WEATHER
AZO,9,15,-6.73,-10.13,0,,,2,112.5,108.0,DELAY_CARRIER
AZO,10,17,-7.65,-10.47,0,,,2,166.0,157.5,DELAY_CARRIER
AZO,11,13,-5.0,-13.08,1,40.0,17.0,4,161.25,168.0,DELAY_CARRIER|DELAY_WEATHER
AZO,12,17,-3.59,-17.29,0,,,2,150.0,143.5,DELAY_CARRIER|DELAY_WEATHER
BDL,1,237,-3.12,-7.07,34,29.06,30.59,25,238.16,246.4,DELAY_NAS|DELAY_LATE_AIRCRAFT|DELAY_CARRIER
BDL,2,254,-3.32,-13.38,28,24.89,14.39,14,172.5,158.86,DELAY_NAS|DELAY_LATE_AIRCRAFT|DELAY_CARRIER
BDL,3,296,-3.88,-13.19,44,30.02,25.77,37,145.59,143.03,DELAY_LATE_AIRCRAFT|DELAY_NAS|DELAY_CARRIER
BDL,4,370,-3.49,-11.53,53,29.72,21.45,26,185.73,180.88,DELAY_LATE_AIRCRAFT|DELAY_NAS|DELAY_CARRIER
BDL,5,298,-3.17,-11.13,54,29.09,24.93,36,123.67,122.17,DELAY_LATE_AIRCRAFT|DELAY_NAS|DELAY_CARRIER
BDL,6,302,-3.49,-11.02,52,32.69,29.06,32,215.16,213.84,DELAY_LATE_AIRCRAFT|DELAY_NAS|DELAY_CARRIER
BDL,7,260,-2.81,-6.33,64,34.55,31.78,49,149.24,150.57,DELAY_LATE_AIRCRAFT|DELAY_CARRIER|DELAY_NAS
BDL,8,305,-3.32,-8.03,56,32.75,31.82,30,147.2,152.07,DELAY_NAS|DELAY_LATE_AIRCRAFT|DELAY_CARRIER
BDL,9,290,-4.36,-10.67,35,28.89,23.74,19,187.58,182.63,DELAY_LATE_AIRCRAFT|DELAY_CARRIER|DELAY_NAS
BDL,10,348,-3.72,-11.96,31,27.29,20.45,13,122.08,113.38,DELAY_LATE_AIRCRAFT|DELAY_CARRIER|DELAY_NAS
BDL,11,297,-4.54,-13.35,35,24.69,17.31,10,138.1,132.7,DELAY_LATE_AIRCRAFT|DELAY_CARRIER|DELAY_NAS
BDL,12,290,-2.8,-8.23,52,31.46,26.0,32,132.28,127.38,DELAY_LATE_AIRCRAFT|DELAY_NAS|DELAY_CARRIER
BET,1,5,-2.8,-2.4,3,30.67,32.67,1,98.0,126.0,DELAY_LATE_AIRCRAFT|DELAY_SECURITY
BET,2,8,-7.38,-6.38,3,39.0,37.33,0,,,DELAY_LATE_AIRCRAFT|CANC_NAS|CANC_WEATHER
BET,3,11,-1.64,0.18,5,27.6,26.6,4,137.5,139.25,DELAY_LATE_AIRCRAFT|DELAY_SECURITY
BET,4,13,-6.62,-6.0,1,24.0,22.0,0,,,DELAY_LATE_AIRCRAFT
BET,5,6,1.0,3.17,4,22.75,19.0,1,72.0,60.0,DELAY_SECURITY|DELAY_CARRIER|DELAY_LATE_AIRCRAFT
BET,6,10,-5.2,4.8,2,26.0,27.0,0,,,DELAY_CARRIER|DELAY_NAS
BET,7,11,-10.18,-5.09,6,31.17,30.83,0,,,DELAY_LATE_AIRCRAFT|DELAY_CARRIER
BET,8,9,-4.11,-3.11,1,29.0,46.0,1,126.0,129.0,DELAY_LATE_AIRCRAFT|DELAY_NAS
BET,9,9,-5.78,-0.89,2,18.5,17.5,1,86.0,93.0,DELAY_CARRIER|DELAY_LATE_AIRCRAFT
BET,10,7,-2.29,-2.71,0,,,0,,,N/D
BET,11,10,-3.5,13.6,1,33.0,32.0,0,,,CANC_WEATHER|DELAY_NAS|DELAY_SECURITY
BET,12,8,-1.25,9.0,3,25.67,26.33,0,,,DELAY_NAS|DELAY_LATE_AIRCRAFT|DELAY_SECURITY
BFF,1,6,-10.17,-8.67,1,16.0,15.0,0,,,DELAY_LATE_AIRCRAFT|DELAY_NAS
BFF,2,7,-9.57,-12.71,1,48.0,36.0,1,79.0,87.0,DELAY_CARRIER|DELAY_LATE_AIRCRAFT
BFF,3,8,-9.88,-15.12,0,,,0,,,CANC_WEATHER|DELAY_NAS
BFF,4,7,-6.0,-4.57,2,47.5,57.5,0,,,DELAY_LATE_AIRCRAFT|DELAY_CARRIER
BFF,5,5,-8.4,-13.8,0,,,0,,,CANC_WEATHER
BFF,6,9,-8.22,-5.33,3,26.33,10.67,0,,,DELAY_CARRIER|CANC_WEATHER
BFF,7,10,-6.8,-5.7,0,,,2,83.5,89.0,DELAY_LATE_AIRCRAFT|DELAY_NAS
BFF,8,9,-8.89,-14.89,0,,,1,747.0,791.0,DELAY_CARRIER
BFF,9,9,-10.0,-12.44,1,40.0,20.0,0,,,DELAY_CARRIER|DELAY_NAS
BFF,10,8,-10.88,-6.38,0,,,2,547.5,542.5,DELAY_LATE_AIRCRAFT|DELAY_NAS
BFF,11,11,-7.82,-4.55,0,,,0,,,CANC_NAS
BFF,12,9,-8.89,-7.56,1,19.0,6.0,0,,,DELAY_CARRIER
BFL,1,35,-6.14,-8.23,2,34.0,19.0,1,235.0,227.0,DELAY_NAS|DELAY_CARRIER|DELAY_WEATHER
BFL,2,27,-6.07,-17.22,4,24.0,6.0,2,286.0,281.0,DELAY_CARRIER|DELAY_NAS
BFL,3,38,-5.92,-10.89,2,26.0,20.5,1,75.0,46.0,DELAY_CARRIER|DELAY_NAS|DELAY_WEATHER
BFL,4,27,-5.04,-12.19,1,31.0,21.0,1,64.0,42.0,DELAY_NAS|DELAY_WEATHER
BFL,5,35,-3.97,-11.34,5,26.8,11.8,6,102.17,100.17,DELAY_CARRIER|DELAY_LATE_AIRCRAFT|DELAY_NAS
BFL,6,39,-3.77,-1.82,2,43.5,42.5,2,100.0,94.0,DELAY_NAS|DELAY_CARRIER|DELAY_LATE_AIRCRAFT
BFL,7,43,-5.77,-11.12,3,35.33,21.0,5,260.0,255.0,DELAY_LATE_AIRCRAFT|CANC_WEATHER|DELAY_NAS
BFL,8,48,-4.62,-10.79,2,23.5,11.0,8,107.88,100.12,DELAY_CARRIER|DELAY_LATE_AIRCRAFT|DELAY_NAS
BFL,9,46,-5.57,-15.28,1,29.0,2.0,2,194.5,188.5,DELAY_CARRIER|DELAY_NAS
BFL,10,45,-4.04,-12.11,3,40.67,35.33,3,339.33,331.33,DELAY_CARRIER|DELAY_LATE_AIRCRAFT|DELAY_NAS
BFL,11,41,-6.85,-11.07,4,33.0,24.0,2,70.0,70.0,DELAY_CARRIER|CANC_WEATHER|DELAY_LATE_AIRCRAFT
BFL,12,40,-5.42,-15.18,5,33.4,32.4,3,145.67,130.0,DELAY_LATE_AIRCRAFT|DELAY_NAS|DELAY_CARRIER
BGM,1,6,-3.67,-24.5,0,,,0,,,CANC_WEATHER
BGM,2,4,-5.75,-32.75,0,,,1,337.0,317.0,DELAY_LATE_AIRCRAFT
BGM,3,4,-3.25,10.75,0,,,1,421.0,386.0,DELAY_LATE_AIRCRAFT|DELAY_NAS
BGM,4,5,-0.4,4.2,0,,,0,,,DELAY_NAS
BGM,5,7,-3.43,-0.86,0,,,1,146.0,140.0,DELAY_LATE_AIRCRAFT|DELAY_NAS
BGM,6,6,-6.0,-1.33,2,31.0,20.0,1,316.0,327.0,DELAY_CARRIER
BGM,7,5,-0.4,-0.2,1,45.0,44.0,0,,,DELAY_CARRIER
BGM,8,5,-2.8,-2.0,2,29.0,18.5,0,,,DELAY_CARRIER|DELAY_NAS
BGM,9,7,-8.14,-17.29,0,,,0,,,N/D
BGM,10,9,-5.22,-12.89,0,,,0,,,N/D
BGM,11,4,-7.0,-14.75,1,47.0,99.0,0,,,DELAY_NAS
BGM,12,5,-7.0,-28.4,2,30.0,51.0,0,,,DELAY_CARRIER|DELAY_LATE_AIRCRAFT
BGR,1,29,-8.38,-15.9,2,31.5,46.5,1,189.0,179.0,CANC_WEATHER|DELAY_NAS|CANC_CARRIER
BGR,2,40,-5.9,-18.93,6,24.83,13.5,2,139.0,127.5,DELAY_NAS|DELAY_CARRIER|DELAY_LATE_AIRCRAFT
BGR,3,43,-7.19,-24.65,4,30.25,19.5,3,138.67,129.67,DELAY_CARRIER|DELAY_LATE_AIRCRAFT|CANC_NAS
BGR,4,43,-8.16,-12.63,2,37.0,60.0,0,,,DELAY_NAS|DELAY_LATE_AIRCRAFT|CANC_WEATHER
BGR,5,41,-8.78,-15.59,2,28.0,28.0,2,95.5,84.0,DELAY_LATE_AIRCRAFT|DELAY_NAS|CANC_CARRIER
BGR,6,77,-5.32,-12.23,15,32.13,22.27,6,157.67,146.5,DELAY_LATE_AIRCRAFT|DELAY_CARRIER|DELAY_NAS
BGR,7,84,-4.69,-5.44,20,29.95,37.7,8,125.25,124.5,DELAY_LATE_AIRCRAFT|DELAY_NAS|DELAY_CARRIER
BGR,8,106,-2.81,-8.23,17,37.88,47.59,7,234.29,224.0,DELAY_NAS|DELAY_LATE_AIRCRAFT|CANC_NAS
BGR,9,116,-4.78,-11.03,16,26.5,20.38,3,144.33,125.0,DELAY_NAS|DELAY_LATE_AIRCRAFT|DELAY_CARRIER
BGR,10,105,-5.58,-15.27,13,35.77,25.38,11,172.91,158.18,DELAY_LATE_AIRCRAFT|DELAY_CARRIER|DELAY_NAS
BGR,11,55,-6.45,-18.85,5,34.0,28.0,3,233.33,218.0,DELAY_NAS|DELAY_LATE_AIRCRAFT|DELAY_CARRIER
BGR,12,53,-5.25,-15.09,7,25.43,18.29,6,450.5,458.17,DELAY_LATE_AIRCRAFT|DELAY_NAS|DELAY_WEATHER
BHM,1,217,-3.89,-8.28,24,33.42,29.92,22,128.45,126.27,DELAY_LATE_AIRCRAFT|DELAY_NAS|CANC_WEATHER
BHM,2,216,-4.44,-9.06,21,30.29,26.38,6,118.67,112.83,DELAY_CARRIER|DELAY_LATE_AIRCRAFT|DELAY_NAS
BHM,3,229,-4.23,-9.36,39,27.41,20.77,18,114.06,112.94,DELAY_LATE_AIRCRAFT|DELAY_NAS|DELAY_CARRIER
BHM,4,238,-2.93,-6.32,28,31.39,30.43,13,173.69,171.08,DELAY_LATE_AIRCRAFT|DELAY_NAS|DELAY_CARRIER
BHM,5,240,-2.78,-6.63,42,35.12,34.5,34,157.15,162.85,DELAY_LATE_AIRCRAFT|DELAY_NAS|DELAY_CARRIER
BHM,6,240,-2.77,-6.45,51,32.67,27.69,16,133.06,125.06,DELAY_LATE_AIRCRAFT|DELAY_CARRIER|DELAY_NAS
BHM,7,199,-2.74,-6.58,46,34.02,32.17,29,171.0,169.9,DELAY_LATE_AIRCRAFT|DELAY_CARRIER|DELAY_NAS
BHM,8,246,-3.43,-8.41,31,30.94,24.97,27,176.37,173.59,DELAY_LATE_AIRCRAFT|DELAY_CARRIER|DELAY_NAS
BHM,9,245,-3.9,-7.24,22,27.64,24.09,22,118.14,120.5,DELAY_LATE_AIRCRAFT|DELAY_NAS|DELAY_CARRIER
BHM,10,277,-4.49,-9.74,22,37.64,30.86,12,114.75,105.42,DELAY_LATE_AIRCRAFT|DELAY_CARRIER|DELAY_NAS
BHM,11,272,-4.58,-10.12,23,29.04,26.91,14,125.64,116.21,DELAY_CARRIER|DELAY_LATE_AIRCRAFT|DELAY_NAS
BHM,12,235,-2.49,-7.72,35,31.6,24.94,27,189.07,182.96,DELAY_LATE_AIRCRAFT|DELAY_CARRIER|DELAY_NAS
BIH,1,11,-7.45,-31.91,1,51.0,55.0,0,,,DELAY_NAS
BIH,2,3,0.33,-18.0,2,43.0,32.0,1,135.0,112.0,DELAY_NAS|DELAY_WEATHER
BIH,3,3,2.33,7.33,1,54.0,37.0,0,,,DELAY_LATE_AIRCRAFT|DELAY_NAS
BIH,4,0,,,1,48.0,41.0,0,,,DELAY_LATE_AIRCRAFT
BIH,7,6,-7.0,-27.33,1,46.0,30.0,2,219.0,190.5,DELAY_LATE_AIRCRAFT
BIH,8,6,-7.83,-23.5,0,,,0,,,N/D
BIH,9,2,-9.5,-17.0,0,,,0,,,N/D
BIH,12,6,-2.0,-5.67,0,,,2,121.0,108.0,DELAY_LATE_AIRCRAFT
BIL,1,50,-6.82,-6.7,2,15.0,36.0,6,147.83,175.5,DELAY_CARRIER|DELAY_NAS|CANC_WEATHER
BIL,2,40,-6.67,-3.67,6,34.83,45.83,0,,,DELAY_NAS|DELAY_CARRIER|DELAY_LATE_AIRCRAFT
BIL,3,73,-6.15,-10.68,3,22.33,17.0,2,108.0,108.5,DELAY_NAS|DELAY_CARRIER|DELAY_LATE_AIRCRAFT
BIL,4,56,-8.3,-12.86,3,49.33,69.67,1,258.0,276.0,DELAY_LATE_AIRCRAFT|DELAY_NAS|DELAY_CARRIER
BIL,5,43,-6.21,-7.84,8,43.75,51.25,8,242.5,245.75,DELAY_CARRIER|DELAY_LATE_AIRCRAFT|DELAY_WEATHER
BIL,6,64,-4.69,-8.56,7,39.0,40.71,5,124.4,115.0,DELAY_LATE_AIRCRAFT|DELAY_CARRIER|DELAY_NAS
BIL,7,69,-5.38,-9.86,5,31.4,38.0,3,72.67,67.33,DELAY_CARRIER|DELAY_LATE_AIRCRAFT|CANC_WEATHER
BIL,8,76,-4.41,-5.49,3,44.67,33.67,3,382.33,377.33,DELAY_CARRIER|DELAY_LATE_AIRCRAFT|DELAY_NAS
BIL,9,62,-6.76,-10.85,3,26.67,16.67,1,61.0,53.0,DELAY_WEATHER|CANC_WEATHER|DELAY_CARRIER
BIL,10,71,-5.93,-6.97,3,26.67,23.67,2,80.0,75.5,DELAY_NAS|DELAY_LATE_AIRCRAFT|DELAY_CARRIER
BIL,11,54,-5.0,-7.43,2,20.5,34.0,6,176.0,175.33,DELAY_CARRIER|DELAY_NAS|DELAY_LATE_AIRCRAFT
BIL,12,68,-6.35,-14.78,2,41.0,35.0,0,,,DELAY_LATE_AIRCRAFT|DELAY_NAS|DELAY_CARRIER
BIS,1,49,-6.02,-7.59,8,23.75,29.38,6,333.67,342.17,DELAY_CARRIER|DELAY_WEATHER|DELAY_NAS
BIS,2,46,-4.28,-15.7,4,25.0,14.5,4,88.25,92.0,DELAY_NAS|DELAY_CARRIER|DELAY_WEATHER
BIS,3,55,-4.62,-16.25,6,25.33,30.17,2,114.0,107.5,DELAY_NAS|DELAY_LATE_AIRCRAFT|CANC_WEATHER
BIS,4,57,-4.98,-14.42,3,28.33,15.0,1,136.0,152.0,DELAY_CARRIER|DELAY_LATE_AIRCRAFT|DELAY_WEATHER
BIS,5,68,-5.18,-11.21,4,35.25,23.75,9,187.11,188.0,DELAY_CARRIER|DELAY_LATE_AIRCRAFT|DELAY_NAS
BIS,6,54,-5.8,-10.5,8,30.62,26.12,10,140.1,139.4,DELAY_CARRIER|DELAY_LATE_AIRCRAFT|DELAY_NAS
BIS,7,56,-2.98,-7.61,8,32.38,35.0,7,162.0,161.29,DELAY_CARRIER|DELAY_NAS|DELAY_WEATHER
BIS,8,59,-4.9,-7.71,1,30.0,17.0,2,102.0,123.0,DELAY_CARRIER|DELAY_NAS
BIS,9,57,-5.21,-13.51,9,34.44,25.0,1,410.0,390.0,DELAY_CARRIER|DELAY_LATE_AIRCRAFT|DELAY_NAS
BIS,10,75,-5.05,-16.73,3,31.33,20.0,1,140.0,126.0,DELAY_CARRIER|DELAY_NAS|DELAY_WEATHER
BIS,11,58,-3.07,-8.36,8,32.88,34.5,8,138.12,135.12,DELAY_CARRIER|DELAY_NAS|DELAY_LATE_AIRCRAFT
BIS,12,65,-3.86,-12.17,12,40.08,33.17,12,133.17,129.58,DELAY_CARRIER|DELAY_NAS|DELAY_WEATHER
BJI,1,6,-5.67,-5.5,2,25.5,16.0,2,111.5,108.5,DELAY_CARRIER
BJI,2,14,-7.43,-16.36,0,,,0,,,N/D
BJI,3,9,-10.11,-18.22,0,,,0,,,N/D
BJI,4,11,-9.27,-19.73,0,,,2,190.0,177.0,DELAY_CARRIER|DELAY_WEATHER
BJI,5,9,-8.0,-16.11,0,,,0,,,N/D
BJI,6,7,-3.57,11.57,3,35.67,29.33,2,180.5,191.0,DELAY_CARRIER|DELAY_WEATHER
BJI,7,7,-4.71,2.86,2,22.5,28.5,0,,,DELAY_CARRIER
BJI,8,11,-5.36,-10.36,1,27.0,35.0,1,160.0,143.0,DELAY_CARRIER|DELAY_WEATHER
BJI,9,8,-9.75,-27.88,0,,,1,112.0,118.0,DELAY_CARRIER
BJI,10,10,-8.8,-27.3,1,59.0,47.0,2,214.5,201.5,DELAY_CARRIER
BJI,11,9,-8.56,-10.89,3,21.67,18.33,0,,,DELAY_CARRIER
BJI,12,4,-6.5,-9.75,2,41.5,28.5,2,222.5,214.0,DELAY_CARRIER|DELAY_WEATHER
BLI,1,34,-2.59,-4.65,3,31.33,65.33,4,303.0,303.0,DELAY_NAS|DELAY_CARRIER|DELAY_WEATHER
BLI,2,36,-3.86,-1.14,1,32.0,27.0,0,,,DELAY_NAS|DELAY_CARRIER
BLI,3,33,-3.94,-2.52,4,28.0,24.5,1,134.0,121.0,DELAY_LATE_AIRCRAFT|DELAY_NAS|DELAY_CARRIER
BLI,4,40,-3.67,-7.2,3,17.67,8.33,3,151.67,150.33,DELAY_CARRIER|CANC_CARRIER|DELAY_LATE_AIRCRAFT
BLI,5,32,-3.78,-6.06,6,29.33,20.5,2,301.5,291.5,DELAY_LATE_AIRCRAFT|DELAY_CARRIER|DELAY_NAS
BLI,6,38,-2.76,-1.97,12,28.83,21.0,1,117.0,106.0,DELAY_LATE_AIRCRAFT|DELAY_NAS|DELAY_CARRIER
BLI,7,42,-1.43,-5.9,7,26.57,24.86,2,149.0,162.5,DELAY_LATE_AIRCRAFT|DELAY_CARRIER|CANC_CARRIER
BLI,8,32,-2.97,-3.44,7,34.71,42.29,2,134.0,131.0,DELAY_LATE_AIRCRAFT|DELAY_CARRIER|DELAY_NAS
BLI,9,28,-3.57,-4.32,3,27.33,25.0,3,388.67,384.67,DELAY_CARRIER|DELAY_NAS|CANC_CARRIER
BLI,10,32,-4.47,-6.91,2,33.0,31.0,2,75.5,67.5,DELAY_CARRIER
BLI,11,30,-4.7,-9.33,0,,,0,,,N/D
BLI,12,32,-4.34,-9.66,1,24.0,16.0,1,118.0,127.0,CANC_WEATHER|DELAY_CARRIER|DELAY_LATE_AIRCRAFT
BLV,1,12,-9.42,-17.08,0,,,0,,,N/D
BLV,2,10,-6.0,-14.8,1,18.0,24.0,1,120.0,129.0,DELAY_LATE_AIRCRAFT
BLV,3,8,-8.88,-22.62,3,25.33,16.33,5,83.0,90.4,DELAY_LATE_AIRCRAFT
BLV,4,22,-11.09,-21.77,2,22.0,12.5,0,,,DELAY_NAS
BLV,5,12,-4.08,-14.17,4,33.0,29.25,0,,,DELAY_LATE_AIRCRAFT|DELAY_CARRIER
BLV,6,23,-5.3,-9.22,1,36.0,27.0,3,87.33,81.0,DELAY_CARRIER|DELAY_LATE_AIRCRAFT|CANC_CARRIER
BLV,7,22,-8.36,-8.82,6,31.17,30.67,6,182.33,176.5,DELAY_CARRIER|DELAY_LATE_AIRCRAFT|DELAY_WEATHER
BLV,8,11,-10.55,-14.82,3,31.0,27.67,4,145.0,135.0,DELAY_LATE_AIRCRAFT|CANC_CARRIER|DELAY_CARRIER
BLV,9,11,-11.73,-20.45,0,,,2,340.5,325.5,DELAY_LATE_AIRCRAFT
BLV,10,13,-9.92,-15.77,1,56.0,53.0,2,289.0,284.0,DELAY_WEATHER|CANC_WEATHER|DELAY_LATE_AIRCRAFT
BLV,11,10,-10.0,-23.6,3,29.67,33.0,1,86.0,99.0,DELAY_LATE_AIRCRAFT
BLV,12,12,-13.25,-24.58,3,32.0,24.67,0,,,CANC_WEATHER|DELAY_LATE_AIRCRAFT|DELAY_NAS
BMI,1,25,-3.76,0.2,2,29.0,23.5,2,245.0,228.5,DELAY_NAS|DELAY_LATE_AIRCRAFT
BMI,2,26,-5.08,-13.31,2,38.5,42.5,1,388.0,350.0,DELAY_NAS|DELAY_CARRIER|DELAY_LATE_AIRCRAFT
BMI,3,17,-7.0,-13.47,3,27.67,23.0,1,127.0,110.0,DELAY_LATE_AIRCRAFT|DELAY_CARRIER
BMI,4,26,-5.23,-6.85,0,,,2,136.5,125.5,DELAY_LATE_AIRCRAFT|CANC_NAS|CANC_WEATHER
BMI,5,13,-5.62,-3.69,4,38.75,32.25,5,120.4,128.2,DELAY_LATE_AIRCRAFT|DELAY_NAS|CANC_WEATHER
BMI,6,28,-4.21,-12.29,3,28.0,13.0,6,79.0,74.33,DELAY_LATE_AIRCRAFT|DELAY_CARRIER|DELAY_NAS
BMI,7,27,-6.78,-9.85,5,31.0,33.4,3,119.67,127.0,DELAY_LATE_AIRCRAFT|DELAY_NAS|CANC_CARRIER
BMI,8,18,-4.94,-14.28,2,39.0,40.5,2,133.5,120.5,DELAY_LATE_AIRCRAFT|DELAY_CARRIER
BMI,9,24,-5.5,-7.04,3,23.33,31.67,0,,,DELAY_NAS|DELAY_WEATHER
BMI,10,20,-5.15,-14.7,1,25.0,7.0,0,,,DELAY_NAS
BMI,11,28,-3.64,-12.07,2,38.5,10.0,0,,,DELAY_CARRIER|DELAY_NAS
BMI,12,20,-4.0,-7.4,3,38.67,43.0,0,,,DELAY_LATE_AIRCRAFT|DELAY_NAS
BNA,1,1095,-2.39,-8.38,219,31.76,27.88,100,179.84,183.45,DELAY_LATE_AIRCRAFT|CANC_WEATHER|DELAY_CARRIER
BNA,2,1234,-3.34,-9.66,145,28.7,21.86,41,161.46,159.0,DELAY_LATE_AIRCRAFT|DELAY_NAS|DELAY_CARRIER
BNA,3,1306,-2.89,-9.5,246,30.15,24.29,100,138.06,136.79,DELAY_LATE_AIRCRAFT|DELAY_NAS|DELAY_CARRIER
BNA,4,1370,-2.85,-8.92,213,30.4,24.55,111,165.72,161.82,DELAY_LATE_AIRCRAFT|DELAY_CARRIER|DELAY_NAS
BNA,5,1201,-1.08,-5.84,303,32.11,28.61,194,141.19,139.21,DELAY_LATE_AIRCRAFT|DELAY_NAS|DELAY_CARRIER
BNA,6,1295,-1.34,-6.83,311,30.87,25.54,158,139.91,136.22,DELAY_LATE_AIRCRAFT|DELAY_NAS|DELAY_CARRIER
BNA,7,1256,-1.67,-6.43,350,31.6,26.07,199,137.02,131.65,DELAY_LATE_AIRCRAFT|DELAY_CARRIER|DELAY_NAS
BNA,8,1318,-2.39,-7.16,219,31.34,25.02,97,146.57,143.39,DELAY_LATE_AIRCRAFT|DELAY_NAS|DELAY_CARRIER
BNA,9,1436,-2.77,-8.24,176,32.0,25.57,77,132.87,128.86,DELAY_LATE_AIRCRAFT|DELAY_CARRIER|DELAY_NAS
BNA,10,1525,-2.6,-9.33,175,29.16,20.97,54,149.83,141.65,DELAY_LATE_AIRCRAFT|DELAY_CARRIER|DELAY_NAS
BNA,11,1433,-2.91,-10.18,142,31.04,22.06,55,188.58,182.58,DELAY_LATE_AIRCRAFT|DELAY_CARRIER|DELAY_NAS
BNA,12,1272,-2.03,-9.34,245,30.24,22.68,95,132.76,130.77,DELAY_LATE_AIRCRAFT|DELAY_CARRIER|DELAY_NAS
BOI,1,271,-2.83,-2.5,44,33.3,35.68,20,150.55,153.1,DELAY_NAS|DELAY_CARRIER|DELAY_LATE_AIRCRAFT
BOI,2,275,-3.33,-8.07,29,28.93,22.76,13,205.0,211.23,DELAY_LATE_AIRCRAFT|DELAY_CARRIER|DELAY_NAS
BOI,3,282,-4.23,-6.25,30,26.97,25.83,10,162.4,160.0,DELAY_CARRIER|DELAY_NAS|DELAY_LATE_AIRCRAFT
BOI,4,326,-4.57,-6.75,35,30.51,30.06,15,160.8,163.0,DELAY_CARRIER|DELAY_LATE_AIRCRAFT|DELAY_NAS
BOI,5,370,-3.69,-6.57,49,27.27,23.9,17,139.06,137.82,DELAY_NAS|DELAY_CARRIER|DELAY_LATE_AIRCRAFT
BOI,6,334,-3.86,-6.24,46,30.54,27.83,22,159.73,155.82,DELAY_LATE_AIRCRAFT|DELAY_NAS|DELAY_CARRIER
BOI,7,363,-3.15,-7.39,42,29.69,26.05,26,143.42,139.62,DELAY_LATE_AIRCRAFT|DELAY_CARRIER|DELAY_NAS
BOI,8,323,-4.03,-6.19,34,33.32,32.71,20,111.35,114.8,DELAY_CARRIER|DELAY_NAS|DELAY_LATE_AIRCRAFT
BOI,9,327,-3.69,-7.72,42,33.0,28.26,15,144.73,142.33,DELAY_LATE_AIRCRAFT|DELAY_CARRIER|DELAY_NAS
BOI,10,331,-4.68,-9.29,26,28.46,25.23,8,393.38,390.75,DELAY_CARRIER|DELAY_LATE_AIRCRAFT|DELAY_NAS
BOI,11,335,-4.03,-8.15,33,28.48,27.88,8,230.12,229.62,DELAY_CARRIER|DELAY_NAS|DELAY_LATE_AIRCRAFT
BOI,12,319,-3.28,-10.5,53,31.02,22.81,22,197.55,195.41,DELAY_LATE_AIRCRAFT|DELAY_CARRIER|DELAY_NAS
BOS,1,1472,-3.32,-11.16,260,32.36,27.9,212,156.97,158.3,DELAY_NAS|DELAY_CARRIER|DELAY_LATE_AIRCRAFT
BOS,2,1667,-3.72,-18.19,176,32.36,20.84,117,126.85,119.44,DELAY_CARRIER|DELAY_NAS|DELAY_LATE_AIRCRAFT
BOS,3,1852,-4.01,-15.04,294,31.2,20.52,164,134.93,127.57,DELAY_NAS|DELAY_CARRIER|DELAY_LATE_AIRCRAFT
BOS,4,1819,-3.91,-11.16,258,32.7,24.36,167,143.44,136.92,DELAY_LATE_AIRCRAFT|DELAY_CARRIER|DELAY_NAS
BOS,5,1979,-3.42,-10.45,369,31.61,25.28,207,144.13,138.94,DELAY_LATE_AIRCRAFT|DELAY_NAS|DELAY_CARRIER
BOS,6,1878,-3.13,-9.45,348,31.47,27.69,240,143.4,138.79,DELAY_CARRIER|DELAY_LATE_AIRCRAFT|DELAY_NAS
BOS,7,1892,-2.91,-9.14,323,31.65,27.89,309,136.08,131.4,DELAY_CARRIER|DELAY_LATE_AIRCRAFT|DELAY_NAS
BOS,8,1886,-3.01,-9.4,378,32.68,27.12,281,139.06,133.25,DELAY_CARRIER|DELAY_LATE_AIRCRAFT|DELAY_NAS
BOS,9,2069,-4.34,-12.85,230,32.13,23.3,152,123.66,111.51,DELAY_LATE_AIRCRAFT|DELAY_CARRIER|DELAY_NAS
BOS,10,2236,-3.78,-12.14,243,30.09,21.61,89,123.85,117.62,DELAY_LATE_AIRCRAFT|DELAY_NAS|DELAY_CARRIER
BOS,11,1962,-4.62,-14.46,221,31.11,19.28,114,135.97,126.0,DELAY_CARRIER|DELAY_LATE_AIRCRAFT|DELAY_NAS
BOS,12,1779,-2.74,-10.44,363,31.2,24.94,201,144.21,142.68,DELAY_NAS|DELAY_LATE_AIRCRAFT|DELAY_CARRIER
BPT,1,8,0.12,-7.12,2,19.0,12.0,1,97.0,96.0,DELAY_LATE_AIRCRAFT|DELAY_WEATHER
BPT,2,7,-3.0,-3.71,1,17.0,16.0,0,,,DELAY_LATE_AIRCRAFT|DELAY_NAS
BPT,3,8,-5.75,-20.5,2,28.0,17.5,1,236.0,216.0,DELAY_CARRIER|DELAY_LATE_AIRCRAFT
BPT,4,7,-7.43,-17.71,2,57.5,44.5,1,248.0,367.0,DELAY_WEATHER
BPT,5,12,-9.17,-9.33,0,,,3,103.67,97.0,DELAY_CARRIER|CANC_WEATHER
BPT,6,11,-9.55,-19.45,0,,,2,94.5,106.0,DELAY_WEATHER
BPT,7,8,-8.38,1.25,2,22.5,13.0,0,,,DELAY_NAS|DELAY_LATE_AIRCRAFT
BPT,8,10,-9.1,-6.5,1,30.0,16.0,0,,,DELAY_CARRIER
BPT,9,13,-7.31,-17.46,2,41.0,29.5,0,,,DELAY_CARRIER|DELAY_LATE_AIRCRAFT|DELAY_WEATHER
BPT,10,6,-8.67,-24.17,0,,,2,389.0,381.0,DELAY_CARRIER|DELAY_LATE_AIRCRAFT
BPT,11,6,-4.17,-9.83,1,18.0,8.0,1,254.0,225.0,DELAY_CARRIER
BPT,12,6,-8.5,-16.33,2,49.5,43.0,0,,,CANC_WEATHER|DELAY_CARRIER|DELAY_WEATHER
BQK,1,6,-6.5,-10.5,1,20.0,18.0,4,99.75,100.75,DELAY_CARRIER|DELAY_NAS|DELAY_WEATHER
BQK,2,7,-4.14,-1.29,0,,,2,294.5,289.5,DELAY_CARRIER|DELAY_WEATHER
BQK,3,10,-6.2,-3.1,1,37.0,82.0,2,144.0,133.0,DELAY_CARRIER|DELAY_LATE_AIRCRAFT|DELAY_NAS
BQK,4,7,-5.57,-3.86,0,,,1,69.0,60.0,DELAY_CARRIER
BQK,5,7,-7.43,-1.0,2,18.5,11.0,3,105.33,111.67,DELAY_CARRIER
BQK,6,8,-3.38,-10.75,0,,,2,162.0,161.5,DELAY_CARRIER
BQK,7,19,-5.21,-5.26,0,,,1,167.0,161.0,DELAY_CARRIER
BQK,8,14,-7.0,-8.57,2,43.0,40.5,0,,,DELAY_CARRIER
BQK,9,12,-6.42,-3.5,1,40.0,22.0,0,,,DELAY_CARRIER
BQK,10,12,-6.58,-10.5,2,36.0,28.5,4,94.25,91.75,DELAY_CARRIER|DELAY_WEATHER
BQK,11,18,-8.06,-7.28,0,,,3,140.0,133.67,DELAY_CARRIER|DELAY_LATE_AIRCRAFT|DELAY_WEATHER
BQK,12,9,-3.67,-3.67,0,,,0,,,DELAY_CARRIER
BQN,1,43,-6.67,-9.81,8,27.12,20.25,1,80.0,64.0,DELAY_CARRIER|DELAY_LATE_AIRCRAFT|DELAY_NAS
BQN,2,33,-10.03,-11.76,7,35.14,37.86,4,306.0,312.25,DELAY_LATE_AIRCRAFT|CANC_CARRIER|DELAY_CARRIER
BQN,3,34,-8.53,-14.0,8,24.25,22.0,7,222.29,222.43,DELAY_LATE_AIRCRAFT|DELAY_CARRIER|DELAY_NAS
BQN,4,31,-6.29,-13.39,4,31.5,25.0,2,352.5,352.5,DELAY_LATE_AIRCRAFT|DELAY_CARRIER|DELAY_NAS
BQN,5,38,-6.82,-17.45,10,28.4,15.3,6,133.5,131.17,DELAY_LATE_AIRCRAFT|CANC_WEATHER|DELAY_CARRIER
BQN,6,20,-0.8,-6.95,8,27.38,29.88,7,243.0,247.14,DELAY_LATE_AIRCRAFT|DELAY_NAS|CANC_NAS
BQN,7,25,-2.6,-10.36,4,20.0,6.75,4,113.25,109.25,DELAY_LATE_AIRCRAFT|CANC_WEATHER
BQN,8,26,-4.46,-16.92,6,29.17,19.5,6,99.0,100.67,DELAY_LATE_AIRCRAFT|DELAY_CARRIER|CANC_CARRIER
BQN,9,19,-5.37,-15.37,1,33.0,24.0,2,138.0,133.5,DELAY_LATE_AIRCRAFT|DELAY_CARRIER
BQN,10,23,-8.09,-15.96,4,36.25,38.25,2,67.0,57.0,DELAY_LATE_AIRCRAFT|CANC_WEATHER|DELAY_CARRIER
BQN,11,24,-2.42,-10.25,7,32.43,27.14,5,186.4,174.0,DELAY_LATE_AIRCRAFT|DELAY_CARRIER|DELAY_NAS
BQN,12,33,-7.06,-13.33,8,37.12,37.5,5,87.2,76.6,DELAY_LATE_AIRCRAFT|DELAY_NAS|DELAY_CARRIER
BRD,1,3,-9.67,-17.67,0,,,1,90.0,78.0,DELAY_CARRIER
BRD,2,10,-8.2,-27.6,0,,,0,,,N/D
BRD,3,6,-10.33,-18.33,1,33.0,46.0,0,,,DELAY_WEATHER
BRD,4,14,-10.5,-21.79,1,30.0,16.0,0,,,DELAY_CARRIER
BRD,5,10,-8.8,-17.6,0,,,1,119.0,119.0,DELAY_CARRIER
BRD,6,7,-8.29,4.29,0,,,1,93.0,98.0,DELAY_NAS|DELAY_WEATHER
BRD,7,16,-6.38,2.25,1,25.0,32.0,1,95.0,93.0,DELAY_NAS|DELAY_CARRIER|DELAY_WEATHER
BRD,8,13,-9.23,-8.85,1,45.0,114.0,0,,,DELAY_CARRIER|DELAY_NAS
BRD,9,14,-10.57,-8.43,0,,,2,93.5,96.0,DELAY_CARRIER|DELAY_NAS
BRD,10,9,-10.67,-25.56,1,27.0,19.0,0,,,DELAY_CARRIER
BRD,11,15,-12.4,-20.27,1,42.0,25.0,0,,,DELAY_WEATHER
BRD,12,10,-7.9,-16.8,0,,,1,162.0,137.0,DELAY_CARRIER
BRO,1,23,-3.96,-10.48,2,31.0,28.0,1,167.0,155.0,DELAY_LATE_AIRCRAFT|DELAY_CARRIER
BRO,2,23,-5.43,-3.96,1,30.0,22.0,0,,,DELAY_CARRIER|DELAY_NAS
BRO,3,41,-2.34,-5.44,5,31.6,22.0,4,343.25,344.75,DELAY_LATE_AIRCRAFT|CANC_WEATHER|DELAY_CARRIER
BRO,4,20,-4.05,-8.95,4,29.0,29.0,4,376.75,415.25,DELAY_LATE_AIRCRAFT|DELAY_CARRIER|DELAY_NAS
BRO,5,24,-6.12,-8.83,3,31.0,24.67,2,72.5,68.0,DELAY_CARRIER|CANC_NAS|CANC_WEATHER
BRO,6,32,-5.75,-9.75,2,26.0,19.0,5,173.2,178.0,DELAY_CARRIER|DELAY_LATE_AIRCRAFT|DELAY_NAS
BRO,7,29,-3.59,-3.62,4,44.75,52.0,4,181.5,173.25,DELAY_LATE_AIRCRAFT|DELAY_CARRIER|DELAY_NAS
BRO,8,33,-7.36,-10.91,3,20.0,29.0,0,,,DELAY_CARRIER|DELAY_NAS
BRO,9,33,-5.09,-9.42,0,,,1,160.0,165.0,DELAY_LATE_AIRCRAFT
BRO,10,35,-7.46,-11.6,3,22.0,15.33,4,88.25,78.75,DELAY_CARRIER|DELAY_LATE_AIRCRAFT|DELAY_NAS
BRO,11,24,-7.29,-8.79,1,40.0,47.0,0,,,CANC_WEATHER|DELAY_LATE_AIRCRAFT|DELAY_NAS
BRO,12,28,-5.36,-8.75,2,24.5,28.0,2,165.0,153.0,DELAY_CARRIER|CANC_WEATHER|DELAY_NAS
BRW,1,3,-6.67,-7.0,3,31.0,31.0,0,,,DELAY_WEATHER|CANC_CARRIER|CANC_WEATHER
BRW,2,6,-6.0,-0.17,1,49.0,63.0,0,,,CANC_WEATHER|DELAY_LATE_AIRCRAFT|DELAY_NAS
BRW,3,9,-1.11,0.11,1,16.0,17.0,0,,,CANC_CARRIER|DELAY_CARRIER
BRW,4,6,-13.33,-11.0,1,16.0,21.0,1,90.0,90.0,DELAY_LATE_AIRCRAFT
BRW,5,5,-3.8,-3.0,0,,,0,,,N/D
BRW,6,2,-4.0,-3.5,2,35.0,38.5,0,,,DELAY_LATE_AIRCRAFT|CANC_WEATHER
BRW,7,5,6.8,9.2,1,19.0,23.0,0,,,CANC_WEATHER|DELAY_SECURITY
BRW,8,3,5.0,9.33,2,45.5,57.0,0,,,DELAY_LATE_AIRCRAFT
BRW,9,0,,,0,,,1,93.0,85.0,DELAY_LATE_AIRCRAFT
BRW,10,4,-2.75,-5.25,2,37.0,36.0,0,,,DELAY_LATE_AIRCRAFT
BRW,11,6,-10.67,-13.67,1,39.0,37.0,0,,,CANC_WEATHER|DELAY_LATE_AIRCRAFT
BRW,12,3,-5.33,-3.0,2,36.0,34.5,0,,,DELAY_LATE_AIRCRAFT
BTM,1,12,-14.75,-22.33,1,29.0,20.0,0,,,DELAY_WEATHER
BTM,2,6,-12.67,-16.17,0,,,0,,,N/D
BTM,3,9,-11.78,-22.0,0,,,0,,,N/D
BTM,4,10,-15.3,-27.6,1,26.0,16.0,0,,,DELAY_CARRIER
BTM,5,11,-9.64,-15.91,1,40.0,38.0,0,,,DELAY_CARRIER
BTM,6,8,-10.88,-18.62,1,58.0,46.0,2,96.5,98.0,DELAY_CARRIER|DELAY_WEATHER
BTM,7,12,-10.75,-18.67,0,,,0,,,N/D
BTM,8,7,-15.29,-22.0,0,,,0,,,N/D
BTM,9,11,-15.73,-21.18,0,,,0,,,N/D
BTM,10,8,-11.38,-27.62,0,,,0,,,N/D
BTM,11,7,-13.29,-24.71,0,,,0,,,DELAY_CARRIER
BTM,12,10,-9.0,-25.9,0,,,1,1073.0,1067.0,DELAY_CARRIER
BTR,1,46,-4.72,-7.85,12,39.67,35.25,10,122.1,118.0,DELAY_CARRIER|DELAY_LATE_AIRCRAFT|CANC_WEATHER
BTR,2,79,-5.96,-7.62,8,25.38,20.5,4,184.75,180.25,DELAY_CARRIER|DELAY_NAS|DELAY_LATE_AIRCRAFT
BTR,3,72,-3.82,-9.47,8,24.38,21.38,3,192.67,185.67,DELAY_CARRIER|DELAY_NAS|DELAY_LATE_AIRCRAFT
BTR,4,58,-3.79,-5.81,11,31.27,38.36,10,145.9,143.3,DELAY_LATE_AIRCRAFT|DELAY_CARRIER|DELAY_NAS
BTR,5,56,-4.0,-6.64,10,28.1,29.9,14,150.36,152.93,DELAY_LATE_AIRCRAFT|DELAY_CARRIER|DELAY_NAS
BTR,6,67,-4.27,-6.45,8,27.5,25.38,9,153.78,155.0,DELAY_CARRIER|DELAY_LATE_AIRCRAFT|DELAY_NAS
BTR,7,62,-2.63,-8.23,8,32.25,31.5,9,156.33,170.78,DELAY_LATE_AIRCRAFT|CANC_CARRIER|DELAY_CARRIER
BTR,8,68,-6.57,-10.47,10,36.6,37.7,3,86.67,73.33,DELAY_LATE_AIRCRAFT|DELAY_CARRIER|DELAY_NAS
BTR,9,76,-4.21,-9.75,8,27.5,25.25,7,105.57,103.57,DELAY_LATE_AIRCRAFT|DELAY_NAS|DELAY_CARRIER
BTR,10,85,-5.2,-12.73,7,30.43,24.43,5,180.6,167.0,DELAY_LATE_AIRCRAFT|DELAY_CARRIER|DELAY_WEATHER
BTR,11,60,-3.98,-10.67,10,26.9,22.7,4,91.0,98.25,DELAY_CARRIER|DELAY_LATE_AIRCRAFT|DELAY_NAS
BTR,12,55,-2.55,-6.2,10,33.8,28.9,8,142.75,154.5,DELAY_LATE_AIRCRAFT|DELAY_NAS|DELAY_CARRIER
BTV,1,86,-4.06,-13.06,10,31.3,31.1,16,226.06,227.06,DELAY_LATE_AIRCRAFT|DELAY_NAS|CANC_WEATHER
BTV,2,83,-5.45,-20.29,6,40.83,32.67,4,222.75,204.25,DELAY_LATE_AIRCRAFT|DELAY_WEATHER|DELAY_NAS
BTV,3,88,-5.94,-15.86,6,30.0,20.67,3,125.67,129.33,DELAY_NAS|DELAY_LATE_AIRCRAFT|DELAY_CARRIER
BTV,4,83,-6.24,-11.31,7,28.71,19.43,8,181.62,182.88,DELAY_NAS|DELAY_LATE_AIRCRAFT|DELAY_CARRIER
BTV,5,115,-6.25,-12.84,11,35.73,30.36,9,149.44,152.44,DELAY_LATE_AIRCRAFT|DELAY_NAS|DELAY_CARRIER
BTV,6,119,-4.97,-13.28,13,31.46,21.38,15,152.33,144.67,DELAY_LATE_AIRCRAFT|DELAY_CARRIER|DELAY_NAS
BTV,7,99,-4.81,-8.73,16,27.0,31.88,19,222.42,228.26,DELAY_NAS|DELAY_CARRIER|DELAY_LATE_AIRCRAFT
BTV,8,143,-2.98,-5.76,14,29.21,34.14,11,207.36,213.64,DELAY_LATE_AIRCRAFT|DELAY_NAS|DELAY_CARRIER
BTV,9,148,-6.31,-10.98,8,28.75,16.12,5,103.0,105.0,DELAY_CARRIER|DELAY_LATE_AIRCRAFT|DELAY_NAS
BTV,10,167,-5.98,-13.61,9,33.22,20.56,3,98.33,88.67,DELAY_NAS|DELAY_LATE_AIRCRAFT|DELAY_CARRIER
BTV,11,110,-5.39,-15.39,7,33.57,33.14,5,165.4,165.0,DELAY_NAS|DELAY_CARRIER|DELAY_LATE_AIRCRAFT
BTV,12,107,-4.03,-6.59,13,34.31,26.85,12,178.58,180.0,DELAY_NAS|DELAY_CARRIER|DELAY_LATE_AIRCRAFT
BUF,1,199,-2.73,-5.22,35,28.83,36.03,25,183.68,190.28,CANC_WEATHER|DELAY_NAS|DELAY_LATE_AIRCRAFT
BUF,2,274,-3.51,-14.33,26,27.85,26.04,11,131.55,126.91,DELAY_NAS|DELAY_CARRIER|DELAY_LATE_AIRCRAFT
BUF,3,326,-3.33,-9.53,41,28.49,24.8,32,153.81,151.0,DELAY_NAS|DELAY_LATE_AIRCRAFT|DELAY_CARRIER
BUF,4,288,-4.43,-11.04,30,29.3,23.93,12,260.92,258.75,DELAY_LATE_AIRCRAFT|DELAY_NAS|DELAY_CARRIER
BUF,5,297,-3.64,-7.86,44,32.16,32.66,28,121.39,118.93,DELAY_LATE_AIRCRAFT|DELAY_NAS|DELAY_CARRIER
BUF,6,296,-2.94,-8.56,59,34.24,30.44,29,141.03,138.28,DELAY_LATE_AIRCRAFT|DELAY_NAS|DELAY_CARRIER
BUF,7,276,-2.6,-6.65,53,32.55,29.08,32,172.94,176.25,DELAY_LATE_AIRCRAFT|DELAY_CARRIER|DELAY_NAS
BUF,8,265,-2.26,-6.72,62,26.74,21.34,29,126.79,126.03,DELAY_LATE_AIRCRAFT|DELAY_NAS|DELAY_CARRIER
BUF,9,358,-3.99,-9.27,36,27.58,20.28,7,86.29,78.29,DELAY_CARRIER|DELAY_LATE_AIRCRAFT|DELAY_NAS
BUF,10,354,-4.2,-12.4,35,27.17,17.66,12,114.92,103.33,DELAY_LATE_AIRCRAFT|DELAY_CARRIER|DELAY_NAS
BUF,11,335,-4.28,-13.36,34,31.21,20.12,16,132.12,127.88,DELAY_LATE_AIRCRAFT|DELAY_CARRIER|DELAY_NAS
BUF,12,260,-3.05,-7.03,52,32.1,29.67,28,129.46,126.68,DELAY_LATE_AIRCRAFT|DELAY_NAS|DELAY_CARRIER
BUR,1,367,-3.58,-8.31,47,32.47,27.77,25,110.52,105.36,DELAY_LATE_AIRCRAFT|DELAY_NAS|DELAY_CARRIER
BUR,2,320,-2.85,-9.55,46,32.61,27.41,26,228.35,224.62,DELAY_LATE_AIRCRAFT|DELAY_NAS|DELAY_CARRIER
BUR,3,343,-2.37,-7.27,57,32.53,28.77,26,112.38,107.5,DELAY_LATE_AIRCRAFT|DELAY_NAS|DELAY_CARRIER
BUR,4,360,-2.94,-8.77,52,32.15,26.81,29,99.17,95.9,DELAY_LATE_AIRCRAFT|DELAY_NAS|DELAY_CARRIER
BUR,5,378,-2.73,-7.79,75,33.41,29.45,34,112.71,109.21,DELAY_LATE_AIRCRAFT|DELAY_NAS|DELAY_CARRIER
BUR,6,418,-1.71,-7.68,82,34.21,27.38,38,129.45,123.26,DELAY_LATE_AIRCRAFT|DELAY_CARRIER|DELAY_NAS
BUR,7,409,-2.94,-8.75,92,30.41,25.65,44,126.52,121.02,DELAY_LATE_AIRCRAFT|DELAY_NAS|DELAY_CARRIER
BUR,8,459,-3.47,-8.01,59,31.17,25.93,34,125.71,122.71,DELAY_LATE_AIRCRAFT|DELAY_NAS|DELAY_CARRIER
BUR,9,439,-3.78,-8.8,67,32.55,29.9,27,110.22,106.33,DELAY_LATE_AIRCRAFT|DELAY_NAS|DELAY_CARRIER
BUR,10,482,-3.56,-7.94,70,32.13,28.11,33,132.7,131.03,DELAY_LATE_AIRCRAFT|DELAY_NAS|DELAY_CARRIER
BUR,11,479,-3.34,-9.65,57,30.82,25.7,26,123.96,118.81,DELAY_LATE_AIRCRAFT|DELAY_NAS|DELAY_CARRIER
BUR,12,413,-2.86,-9.82,84,29.57,21.62,40,121.08,114.22,DELAY_LATE_AIRCRAFT|DELAY_CARRIER|DELAY_NAS
BWI,1,1013,0.42,-6.55,344,30.51,25.68,128,128.43,129.95,DELAY_CARRIER|DELAY_LATE_AIRCRAFT|DELAY_NAS
BWI,2,1128,-0.88,-11.11,198,27.73,18.89,44,98.82,88.0,DELAY_CARRIER|DELAY_LATE_AIRCRAFT|DELAY_NAS
BWI,3,1072,0.0,-8.72,364,31.65,25.09,123,124.7,120.77,DELAY_CARRIER|DELAY_LATE_AIRCRAFT|DELAY_NAS
BWI,4,1214,0.11,-5.89,342,30.49,24.77,95,121.69,117.84,DELAY_CARRIER|DELAY_LATE_AIRCRAFT|DELAY_NAS
BWI,5,1090,0.18,-5.17,434,29.84,24.79,170,124.94,123.11,DELAY_LATE_AIRCRAFT|DELAY_CARRIER|DELAY_NAS
BWI,6,1111,0.95,-5.88,480,30.96,24.34,143,121.18,116.58,DELAY_CARRIER|DELAY_LATE_AIRCRAFT|DELAY_NAS
BWI,7,987,1.19,-3.7,510,32.19,28.61,246,117.35,114.17,DELAY_LATE_AIRCRAFT|DELAY_CARRIER|DELAY_NAS
BWI,8,1134,0.81,-5.62,442,30.32,27.58,164,140.19,139.09,DELAY_LATE_AIRCRAFT|DELAY_CARRIER|DELAY_NAS
BWI,9,1324,-0.41,-7.64,272,28.27,19.74,60,114.45,108.72,DELAY_LATE_AIRCRAFT|DELAY_CARRIER|DELAY_NAS
BWI,10,1372,-0.02,-9.4,283,27.52,15.64,46,129.61,116.78,DELAY_CARRIER|DELAY_LATE_AIRCRAFT|DELAY_NAS
BWI,11,1347,-1.11,-11.13,205,28.67,18.45,49,106.96,98.02,DELAY_CARRIER|DELAY_LATE_AIRCRAFT|DELAY_NAS
BWI,12,1101,0.26,-9.86,353,29.17,19.27,93,116.99,108.54,DELAY_LATE_AIRCRAFT|DELAY_CARRIER|DELAY_NAS
BZN,1,125,-4.66,-9.66,16,26.69,30.06,19,256.32,258.26,DELAY_LATE_AIRCRAFT|DELAY_CARRIER|DELAY_NAS
BZN,2,135,-5.54,-5.24,7,33.14,51.43,12,175.75,201.75,DELAY_NAS|DELAY_LATE_AIRCRAFT|DELAY_CARRIER
BZN,3,149,-4.36,-9.32,12,27.5,26.08,13,139.54,137.31,DELAY_LATE_AIRCRAFT|DELAY_CARRIER|DELAY_NAS
BZN,4,120,-5.69,-8.47,10,36.9,36.3,4,105.0,120.5,DELAY_LATE_AIRCRAFT|DELAY_NAS|DELAY_CARRIER
BZN,5,121,-4.1,-7.83,11,26.45,17.09,11,139.82,137.27,DELAY_LATE_AIRCRAFT|DELAY_NAS|DELAY_CARRIER
BZN,6,178,-2.88,-8.91,25,28.84,18.84,15,128.73,120.27,DELAY_LATE_AIRCRAFT|DELAY_NAS|DELAY_CARRIER
BZN,7,176,-3.72,-9.29,39,32.28,30.85,25,117.12,115.56,DELAY_LATE_AIRCRAFT|DELAY_NAS|DELAY_CARRIER
BZN,8,147,-3.71,-7.11,28,31.93,28.86,16,178.81,177.75,DELAY_LATE_AIRCRAFT|DELAY_NAS|DELAY_CARRIER
BZN,9,148,-2.61,-9.17,19,28.95,23.26,8,102.12,100.75,DELAY_CARRIER|DELAY_NAS|DELAY_LATE_AIRCRAFT
BZN,10,123,-5.13,-10.52,8,28.25,23.12,4,87.25,74.0,DELAY_CARRIER|DELAY_LATE_AIRCRAFT|DELAY_NAS
BZN,11,114,-4.99,-9.55,10,32.4,40.2,4,116.5,104.5,DELAY_NAS|DELAY_CARRIER|DELAY_LATE_AIRCRAFT
BZN,12,129,-3.61,-12.79,13,34.0,23.69,11,203.09,198.0,DELAY_LATE_AIRCRAFT|DELAY_NAS|DELAY_CARRIER
CAE,1,83,-5.19,-11.48,14,34.93,27.57,9,178.56,176.0,DELAY_LATE_AIRCRAFT|DELAY_CARRIER|DELAY_NAS
CAE,2,84,-4.85,-12.43,8,34.62,27.12,5,232.0,229.2,DELAY_LATE_AIRCRAFT|DELAY_CARRIER|DELAY_NAS
CAE,3,83,-5.12,-10.95,13,32.38,22.46,3,148.0,135.33,DELAY_CARRIER|DELAY_LATE_AIRCRAFT|DELAY_NAS
CAE,4,88,-4.05,-6.31,12,31.83,42.42,4,118.5,114.75,DELAY_LATE_AIRCRAFT|DELAY_NAS|DELAY_CARRIER
CAE,5,91,-4.55,-5.27,16,33.12,33.94,12,151.17,160.25,DELAY_LATE_AIRCRAFT|DELAY_NAS|DELAY_CARRIER
CAE,6,94,-4.27,-12.34,13,39.08,36.23,3,113.33,103.0,DELAY_LATE_AIRCRAFT|DELAY_CARRIER|DELAY_WEATHER
CAE,7,91,-4.6,-5.49,8,31.88,25.25,8,196.88,194.38,DELAY_CARRIER|DELAY_NAS|DELAY_LATE_AIRCRAFT
CAE,8,100,-6.58,-11.0,11,34.45,36.27,7,157.71,171.29,DELAY_LATE_AIRCRAFT|DELAY_NAS|DELAY_CARRIER
CAE,9,91,-5.68,-4.9,11,33.64,24.09,9,224.89,224.44,DELAY_CARRIER|DELAY_NAS|DELAY_LATE_AIRCRAFT
CAE,10,115,-5.24,-8.31,13,33.77,27.92,3,196.67,183.33,DELAY_LATE_AIRCRAFT|DELAY_NAS|DELAY_CARRIER
CAE,11,108,-4.54,-5.09,4,31.75,27.75,5,178.0,177.8,DELAY_NAS|DELAY_LATE_AIRCRAFT|DELAY_CARRIER
CAE,12,91,-3.75,-7.12,19,35.21,31.68,4,406.5,402.5,DELAY_NAS|DELAY_LATE_AIRCRAFT|DELAY_CARRIER
CAK,1,37,-7.0,-6.76,5,24.4,22.4,7,117.86,115.71,DELAY_NAS|DELAY_CARRIER|CANC_WEATHER
CAK,2,54,-7.5,-16.31,5,36.4,17.2,3,172.67,159.33,DELAY_CARRIER|DELAY_LATE_AIRCRAFT
CAK,3,47,-8.19,-13.34,2,21.0,10.5,1,247.0,234.0,DELAY_CARRIER|DELAY_NAS
CAK,4,61,-6.8,-7.33,3,37.0,32.67,7,155.57,146.86,DELAY_LATE_AIRCRAFT|DELAY_CARRIER|DELAY_NAS
CAK,5,49,-8.16,-9.61,3,36.0,39.67,11,169.82,179.36,DELAY_LATE_AIRCRAFT|DELAY_CARRIER|DELAY_WEATHER
CAK,6,49,-6.45,-9.57,7,30.43,25.43,5,196.4,188.2,DELAY_LATE_AIRCRAFT|DELAY_NAS|DELAY_CARRIER
CAK,7,51,-7.41,-11.16,12,41.0,34.17,16,146.12,143.69,DELAY_CARRIER|DELAY_LATE_AIRCRAFT|DELAY_NAS
CAK,8,47,-7.6,-1.19,5,29.8,22.4,4,309.25,313.5,DELAY_NAS|DELAY_LATE_AIRCRAFT|CANC_CARRIER
CAK,9,46,-5.41,-7.09,5,32.2,29.4,4,133.5,121.25,DELAY_NAS|DELAY_LATE_AIRCRAFT|DELAY_CARRIER
CAK,10,51,-7.39,-11.92,1,48.0,45.0,2,89.5,84.5,DELAY_CARRIER|DELAY_LATE_AIRCRAFT|CANC_NAS
CAK,11,60,-6.62,-12.27,6,25.17,7.17,3,168.0,190.0,DELAY_CARRIER|DELAY_NAS|DELAY_LATE_AIRCRAFT
CAK,12,48,-5.38,-14.15,9,26.78,24.78,13,230.85,220.85,DELAY_CARRIER|DELAY_LATE_AIRCRAFT|DELAY_NAS
CDC,1,12,-5.58,-12.67,1,27.0,12.0,0,,,DELAY_NAS
CDC,2,10,-7.9,-18.8,0,,,0,,,N/D
CDC,3,9,-5.78,-13.67,0,,,0,,,CANC_WEATHER
CDC,4,6,-4.33,-5.83,1,43.0,42.0,3,121.67,107.67,DELAY_CARRIER|DELAY_SECURITY
CDC,5,3,-6.0,-14.33,0,,,1,75.0,58.0,DELAY_CARRIER
CDC,6,8,-7.38,-14.5,2,25.0,32.5,2,220.5,210.0,DELAY_CARRIER
CDC,7,13,-8.46,-18.0,0,,,1,105.0,102.0,DELAY_WEATHER
CDC,8,9,-8.0,-15.22,0,,,0,,,N/D
CDC,9,10,-10.3,-14.0,0,,,0,,,N/D
CDC,10,13,-12.62,-16.0,0,,,1,197.0,204.0,DELAY_CARRIER|DELAY_WEATHER
CDC,11,13,-10.08,-6.69,2,42.5,38.5,1,83.0,76.0,DELAY_CARRIER
CDC,12,10,-9.3,-19.4,0,,,0,,,DELAY_CARRIER
CDV,1,7,-14.43,-13.43,2,36.0,40.5,0,,,DELAY_LATE_AIRCRAFT|DELAY_NAS
CDV,2,13,-12.0,-12.31,1,37.0,34.0,0,,,CANC_CARRIER|DELAY_LATE_AIRCRAFT
CDV,3,9,-16.11,-13.11,1,56.0,56.0,1,102.0,93.0,DELAY_LATE_AIRCRAFT
CDV,4,11,-17.09,-19.45,1,28.0,22.0,0,,,DELAY_LATE_AIRCRAFT
CDV,5,11,-15.0,-15.73,1,43.0,39.0,1,77.0,64.0,DELAY_CARRIER|DELAY_LATE_AIRCRAFT
CDV,6,11,-12.55,-16.45,1,27.0,29.0,0,,,DELAY_LATE_AIRCRAFT
CDV,7,11,-5.36,-4.18,0,,,0,,,DELAY_NAS
CDV,8,7,-4.57,-9.29,3,31.33,32.67,1,173.0,168.0,DELAY_LATE_AIRCRAFT|CANC_CARRIER|DELAY_CARRIER
CDV,9,8,-3.38,-2.5,2,28.0,21.5,2,97.0,93.5,DELAY_LATE_AIRCRAFT|DELAY_CARRIER|DELAY_NAS
CDV,10,11,-9.36,-9.82,1,16.0,18.0,0,,,CANC_WEATHER|DELAY_LATE_AIRCRAFT
CDV,11,11,-12.45,-14.64,0,,,0,,,N/D
CDV,12,10,-13.1,-13.3,2,27.0,23.0,0,,,DELAY_SECURITY
CHA,1,51,-2.88,-7.04,12,37.33,25.42,9,227.0,224.33,DELAY_LATE_AIRCRAFT|CANC_WEATHER|DELAY_CARRIER
CHA,2,77,-5.23,-8.84,8,27.62,12.38,5,116.6,103.8,DELAY_CARRIER|DELAY_LATE_AIRCRAFT|DELAY_NAS
CHA,3,102,-5.02,-10.3,8,38.75,34.38,9,246.56,246.33,DELAY_CARRIER|DELAY_LATE_AIRCRAFT|DELAY_NAS
CHA,4,101,-4.16,-3.08,14,30.93,24.57,11,176.36,179.09,DELAY_LATE_AIRCRAFT|DELAY_CARRIER|DELAY_NAS
CHA,5,88,-3.64,-5.48,19,33.79,30.63,15,136.67,142.33,DELAY_LATE_AIRCRAFT|DELAY_CARRIER|DELAY_NAS
CHA,6,94,-3.68,-10.35,15,34.6,29.0,9,103.78,97.67,DELAY_CARRIER|DELAY_LATE_AIRCRAFT|DELAY_NAS
CHA,7,83,-2.51,-7.53,16,36.0,34.12,11,80.36,71.73,DELAY_CARRIER|DELAY_LATE_AIRCRAFT|DELAY_NAS
CHA,8,99,-4.27,-8.68,16,29.0,25.94,5,167.6,160.2,DELAY_LATE_AIRCRAFT|DELAY_CARRIER|DELAY_NAS
CHA,9,96,-4.79,-10.39,11,30.64,22.55,7,237.14,238.43,DELAY_LATE_AIRCRAFT|DELAY_CARRIER|DELAY_NAS
CHA,10,110,-3.8,-9.35,9,23.89,23.78,5,132.6,131.4,DELAY_CARRIER|DELAY_LATE_AIRCRAFT|DELAY_NAS
CHA,11,132,-5.09,-11.99,17,27.24,15.94,3,175.67,161.33,DELAY_NAS|DELAY_CARRIER|DELAY_LATE_AIRCRAFT
CHA,12,86,-3.37,-11.57,18,29.44,23.17,11,136.73,144.91,DELAY_LATE_AIRCRAFT|DELAY_NAS|DELAY_CARRIER
CHO,1,37,-6.7,-7.38,2,29.5,27.5,3,144.33,153.33,DELAY_NAS|CANC_WEATHER|DELAY_CARRIER
CHO,2,35,-5.31,-5.26,1,42.0,37.0,1,107.0,107.0,DELAY_NAS|DELAY_LATE_AIRCRAFT|DELAY_CARRIER
CHO,3,47,-5.6,-14.49,3,37.0,24.33,2,158.0,153.5,DELAY_NAS|DELAY_CARRIER|DELAY_LATE_AIRCRAFT
CHO,4,46,-4.96,-12.0,2,30.5,16.5,3,216.67,209.33,DELAY_CARRIER|CANC_WEATHER|DELAY_LATE_AIRCRAFT
CHO,5,58,-3.67,-10.02,6,27.5,25.83,6,114.67,112.17,DELAY_LATE_AIRCRAFT|DELAY_CARRIER|DELAY_NAS
CHO,6,41,-3.24,-9.66,4,42.0,48.0,2,151.0,153.0,DELAY_NAS|CANC_NAS|DELAY_CARRIER
CHO,7,35,-2.83,-4.77,5,33.6,40.2,4,148.75,143.0,DELAY_LATE_AIRCRAFT|DELAY_NAS|DELAY_CARRIER
CHO,8,41,-3.93,-7.61,1,18.0,20.0,4,204.5,202.0,DELAY_NAS|CANC_CARRIER|CANC_NAS
CHO,9,46,-6.5,-10.98,4,27.75,35.75,0,,,DELAY_LATE_AIRCRAFT|DELAY_NAS|CANC_NAS
CHO,10,61,-4.23,-6.28,4,42.25,62.75,4,146.5,139.5,DELAY_NAS|DELAY_CARRIER|DELAY_LATE_AIRCRAFT
CHO,11,64,-4.38,-8.66,2,20.5,25.5,2,272.5,260.5,DELAY_CARRIER|DELAY_NAS|DELAY_LATE_AIRCRAFT
CHO,12,35,-2.63,-10.74,10,27.4,19.7,4,166.0,156.0,DELAY_CARRIER|DELAY_LATE_AIRCRAFT|DELAY_NAS
CHS,1,277,-4.1,-10.61,39,32.41,24.44,38,199.24,196.03,DELAY_LATE_AIRCRAFT|DELAY_CARRIER|DELAY_NAS
CHS,2,282,-4.96,-10.09,24,34.46,24.5,17,185.06,175.41,DELAY_LATE_AIRCRAFT|DELAY_CARRIER|DELAY_NAS
CHS,3,327,-3.66,-8.67,51,29.35,21.69,29,184.86,183.86,DELAY_LATE_AIRCRAFT|DELAY_NAS|DELAY_CARRIER
CHS,4,396,-4.31,-8.99,46,29.65,24.46,29,145.9,145.03,DELAY_LATE_AIRCRAFT|DELAY_NAS|DELAY_CARRIER
CHS,5,370,-2.93,-6.14,61,30.97,30.28,40,169.05,168.55,DELAY_LATE_AIRCRAFT|DELAY_NAS|DELAY_CARRIER
CHS,6,359,-3.24,-7.86,67,33.31,30.96,28,219.96,221.11,DELAY_LATE_AIRCRAFT|DELAY_NAS|DELAY_CARRIER
CHS,7,333,-3.23,-7.18,73,31.88,32.27,57,169.93,167.6,DELAY_LATE_AIRCRAFT|DELAY_NAS|DELAY_CARRIER
CHS,8,335,-3.98,-8.52,52,28.48,26.92,56,148.5,146.32,DELAY_LATE_AIRCRAFT|DELAY_NAS|CANC_WEATHER
CHS,9,388,-4.52,-9.76,46,28.3,22.8,13,268.92,268.31,DELAY_LATE_AIRCRAFT|DELAY_NAS|DELAY_CARRIER
CHS,10,391,-4.57,-10.38,29,28.28,17.79,19,182.32,172.37,DELAY_LATE_AIRCRAFT|DELAY_NAS|DELAY_CARRIER
CHS,11,335,-4.99,-9.53,20,31.55,25.2,12,113.42,113.92,DELAY_LATE_AIRCRAFT|DELAY_NAS|DELAY_CARRIER
CHS,12,296,-2.94,-7.45,41,34.88,31.0,27,137.74,135.96,DELAY_LATE_AIRCRAFT|DELAY_NAS|DELAY_CARRIER
CID,1,62,-1.87,-5.21,13,35.54,29.38,23,274.96,275.7,DELAY_LATE_AIRCRAFT|CANC_WEATHER|DELAY_CARRIER
CID,2,98,-5.29,-15.76,13,28.54,19.92,6,119.17,105.67,DELAY_LATE_AIRCRAFT|DELAY_CARRIER|DELAY_NAS
CID,3,117,-4.99,-14.71,6,30.0,19.67,8,147.75,148.62,DELAY_NAS|DELAY_LATE_AIRCRAFT|DELAY_WEATHER
CID,4,111,-4.65,-6.62,7,31.86,32.57,4,269.0,262.75,DELAY_NAS|DELAY_CARRIER|DELAY_LATE_AIRCRAFT
CID,5,100,-4.67,-9.72,17,31.47,30.24,11,152.91,154.91,DELAY_NAS|DELAY_LATE_AIRCRAFT|DELAY_CARRIER
CID,6,119,-3.84,-4.19,15,32.87,32.73,12,154.92,152.42,DELAY_CARRIER|DELAY_LATE_AIRCRAFT|DELAY_NAS
CID,7,103,-4.12,-5.02,16,31.88,32.06,10,175.1,170.2,DELAY_CARRIER|DELAY_LATE_AIRCRAFT|DELAY_NAS
CID,8,147,-4.76,-5.84,13,37.46,38.62,12,108.33,103.25,DELAY_NAS|DELAY_CARRIER|DELAY_LATE_AIRCRAFT
CID,9,129,-5.18,-11.19,9,29.78,16.22,7,375.29,371.86,DELAY_CARRIER|DELAY_LATE_AIRCRAFT|DELAY_NAS
CID,10,139,-4.61,-9.12,11,31.64,33.64,8,115.75,103.0,DELAY_CARRIER|DELAY_LATE_AIRCRAFT|DELAY_NAS
CID,11,114,-4.81,-7.88,8,37.25,39.75,9,223.44,214.11,DELAY_LATE_AIRCRAFT|DELAY_CARRIER|DELAY_NAS
CID,12,102,-2.5,-8.87,26,32.77,22.54,15,162.13,158.8,DELAY_CARRIER|DELAY_LATE_AIRCRAFT|CANC_WEATHER
CIU,1,3,1.33,8.67,2,31.5,14.5,2,318.5,324.0,DELAY_CARRIER|CANC_WEATHER|DELAY_NAS
CIU,2,5,-4.8,-10.6,1,25.0,32.0,3,235.0,214.33,DELAY_CARRIER|CANC_WEATHER
CIU,3,19,-3.11,-13.21,0,,,3,182.0,157.0,DELAY_CARRIER|DELAY_WEATHER
CIU,4,11,-6.0,-15.45,1,16.0,0.0,1,108.0,96.0,DELAY_CARRIER
CIU,5,18,-4.33,-14.28,0,,,1,438.0,446.0,DELAY_CARRIER
CIU,6,9,-7.89,-15.67,3,33.0,27.0,2,186.5,185.5,DELAY_WEATHER|DELAY_CARRIER
CIU,7,8,-5.88,-1.12,2,36.5,29.5,1,382.0,367.0,DELAY_CARRIER|DELAY_WEATHER
CIU,8,13,-4.69,-3.69,1,30.0,22.0,0,,,DELAY_CARRIER
CIU,9,9,-2.67,-11.78,0,,,2,93.5,85.0,DELAY_CARRIER
CIU,10,6,-7.67,-12.17,1,54.0,55.0,1,84.0,82.0,DELAY_CARRIER|DELAY_WEATHER
CIU,11,12,-8.17,-10.92,0,,,1,179.0,190.0,DELAY_CARRIER|DELAY_WEATHER
CIU,12,8,-3.62,0.25,2,31.5,27.5,4,154.5,152.0,DELAY_CARRIER|DELAY_NAS
CKB,1,2,4.5,1.5,0,,,0,,,N/D
CKB,2,3,-3.67,-9.67,1,24.0,26.0,0,,,DELAY_LATE_AIRCRAFT
CKB,3,2,5.5,3.0,0,,,1,70.0,69.0,DELAY_NAS
CKB,4,4,-2.25,-6.5,0,,,1,104.0,96.0,DELAY_CARRIER
CKB,5,2,3.0,0.0,0,,,0,,,N/D
CKB,6,7,-8.57,-9.14,3,47.33,43.0,0,,,DELAY_LATE_AIRCRAFT|DELAY_CARRIER
CKB,7,4,2.25,3.25,1,15.0,16.0,3,374.33,378.67,DELAY_LATE_AIRCRAFT|DELAY_CARRIER|DELAY_NAS
CKB,8,1,-4.0,18.0,3,37.0,34.67,1,1150.0,1190.0,DELAY_CARRIER|CANC_CARRIER|DELAY_LATE_AIRCRAFT
CKB,10,1,-7.0,-6.0,0,,,1,64.0,68.0,DELAY_LATE_AIRCRAFT
CKB,11,1,6.0,25.0,0,,,0,,,DELAY_NAS
CKB,12,2,7.0,-7.0,1,23.0,19.0,0,,,CANC_NAS|DELAY_LATE_AIRCRAFT
CLE,1,484,-4.02,-10.47,75,30.39,27.12,58,168.62,165.43,DELAY_LATE_AIRCRAFT|DELAY_NAS|DELAY_CARRIER
CLE,2,493,-4.94,-15.27,53,30.91,18.92,20,119.8,122.9,DELAY_LATE_AIRCRAFT|DELAY_NAS|DELAY_CARRIER
CLE,3,538,-4.09,-12.57,88,32.69,25.9,37,136.11,137.68,DELAY_LATE_AIRCRAFT|DELAY_NAS|DELAY_CARRIER
CLE,4,601,-3.76,-10.61,80,28.95,20.91,41,167.76,161.61,DELAY_LATE_AIRCRAFT|DELAY_NAS|DELAY_CARRIER
CLE,5,622,-3.76,-8.95,77,31.26,27.01,63,158.19,156.65,DELAY_LATE_AIRCRAFT|DELAY_NAS|DELAY_CARRIER
CLE,6,595,-3.18,-8.81,101,30.97,24.86,67,174.36,167.85,DELAY_LATE_AIRCRAFT|DELAY_CARRIER|DELAY_NAS
CLE,7,546,-3.05,-7.81,113,32.81,27.71,89,191.93,190.66,DELAY_LATE_AIRCRAFT|DELAY_CARRIER|DELAY_NAS
CLE,8,533,-4.02,-9.43,86,31.72,24.9,55,158.09,156.96,DELAY_LATE_AIRCRAFT|DELAY_CARRIER|DELAY_NAS
CLE,9,660,-4.99,-10.85,40,29.5,28.65,22,152.64,149.18,DELAY_LATE_AIRCRAFT|DELAY_NAS|DELAY_CARRIER
CLE,10,641,-4.97,-12.04,46,31.67,24.26,21,123.9,112.0,DELAY_LATE_AIRCRAFT|DELAY_NAS|DELAY_CARRIER
CLE,11,544,-4.67,-12.35,55,29.51,22.91,23,138.52,133.09,DELAY_NAS|DELAY_LATE_AIRCRAFT|DELAY_CARRIER
CLE,12,531,-2.55,-8.22,86,32.65,26.98,47,158.62,156.57,DELAY_LATE_AIRCRAFT|DELAY_NAS|DELAY_CARRIER
CLL,1,15,-6.2,-8.73,1,33.0,30.0,1,164.0,155.0,DELAY_CARRIER|CANC_WEATHER
CLL,2,14,-9.29,-20.71,0,,,0,,,N/D
CLL,3,15,-7.67,-18.67,2,51.0,39.0,0,,,DELAY_LATE_AIRCRAFT|CANC_WEATHER
CLL,4,12,-1.0,-4.58,1,15.0,9.0,0,,,CANC_WEATHER|DELAY_LATE_AIRCRAFT
CLL,5,17,-5.18,-2.35,0,,,3,339.33,338.33,CANC_WEATHER|DELAY_CARRIER|DELAY_LATE_AIRCRAFT
CLL,6,14,-6.5,-12.79,1,22.0,16.0,4,115.0,115.0,DELAY_LATE_AIRCRAFT|DELAY_CARRIER
CLL,7,6,-4.0,-11.17,4,37.5,30.75,0,,,DELAY_LATE_AIRCRAFT|CANC_WEATHER
CLL,8,20,-5.9,-10.4,1,35.0,30.0,2,100.0,91.0,DELAY_LATE_AIRCRAFT|DELAY_NAS
CLL,9,20,-5.25,-7.9,0,,,0,,,DELAY_CARRIER|DELAY_NAS
CLL,10,18,-6.56,-13.94,0,,,0,,,N/D
CLL,11,10,-5.9,-11.9,0,,,1,62.0,48.0,DELAY_CARRIER|DELAY_WEATHER
CLL,12,11,-7.73,-13.09,4,40.75,33.5,4,84.75,70.75,DELAY_CARRIER|DELAY_LATE_AIRCRAFT|DELAY_WEATHER
CLT,1,2359,-2.0,-6.91,523,32.21,27.91,336,135.58,133.65,DELAY_LATE_AIRCRAFT|DELAY_CARRIER|DELAY_NAS
CLT,2,2617,-2.31,-7.34,416,31.04,26.9,150,123.19,117.05,DELAY_LATE_AIRCRAFT|DELAY_CARRIER|DELAY_NAS
CLT,3,2716,-1.72,-6.57,536,30.57,27.62,283,141.55,136.9,DELAY_LATE_AIRCRAFT|DELAY_CARRIER|DELAY_NAS
CLT,4,2716,-1.89,-4.88,586,31.07,29.06,300,126.16,123.79,DELAY_LATE_AIRCRAFT|DELAY_CARRIER|DELAY_NAS
CLT,5,2453,-0.95,-1.69,858,32.28,33.05,535,144.25,143.8,DELAY_LATE_AIRCRAFT|DELAY_CARRIER|DELAY_NAS
CLT,6,2478,-1.04,-6.49,704,32.82,28.2,443,139.99,135.45,DELAY_LATE_AIRCRAFT|DELAY_CARRIER|DELAY_NAS
CLT,7,2012,-0.82,-4.6,742,33.22,30.74,832,151.17,147.81,DELAY_LATE_AIRCRAFT|DELAY_CARRIER|DELAY_NAS
CLT,8,2459,-1.43,-6.38,722,32.15,28.63,456,147.18,143.65,DELAY_LATE_AIRCRAFT|DELAY_CARRIER|DELAY_NAS
CLT,9,2931,-2.03,-7.44,516,31.82,26.99,322,135.18,128.83,DELAY_LATE_AIRCRAFT|DELAY_CARRIER|DELAY_NAS
CLT,10,3230,-1.82,-9.06,529,29.44,22.77,194,152.28,143.64,DELAY_LATE_AIRCRAFT|DELAY_CARRIER|DELAY_NAS
CLT,11,3067,-2.49,-7.63,362,30.87,26.77,121,132.49,127.9,DELAY_CARRIER|DELAY_LATE_AIRCRAFT|DELAY_NAS
CLT,12,2713,-1.5,-6.05,567,31.63,26.94,295,136.79,132.18,DELAY_LATE_AIRCRAFT|DELAY_CARRIER|DELAY_NAS
CMH,1,480,-3.72,-9.63,59,28.17,26.86,34,112.68,108.91,DELAY_NAS|DELAY_LATE_AIRCRAFT|DELAY_CARRIER
CMH,2,525,-3.42,-11.95,68,29.31,25.15,29,132.38,124.86,DELAY_LATE_AIRCRAFT|DELAY_NAS|DELAY_CARRIER
CMH,3,599,-2.77,-10.04,86,32.95,23.66,28,122.61,119.29,DELAY_NAS|DELAY_CARRIER|DELAY_LATE_AIRCRAFT
CMH,4,594,-3.56,-9.75,55,32.2,24.89,32,184.69,183.28,DELAY_LATE_AIRCRAFT|DELAY_NAS|DELAY_CARRIER
CMH,5,556,-2.74,-8.11,80,31.91,26.85,62,138.82,137.53,DELAY_LATE_AIRCRAFT|DELAY_NAS|DELAY_CARRIER
CMH,6,576,-2.05,-8.55,64,30.94,24.45,39,153.15,148.41,DELAY_LATE_AIRCRAFT|DELAY_NAS|DELAY_CARRIER
CMH,7,576,-3.37,-7.97,95,29.4,23.4,66,130.53,126.91,DELAY_LATE_AIRCRAFT|DELAY_NAS|DELAY_CARRIER
CMH,8,594,-3.31,-8.71,77,30.43,32.16,61,172.92,171.03,DELAY_NAS|DELAY_CARRIER|DELAY_LATE_AIRCRAFT
CMH,9,580,-4.11,-9.57,52,30.1,24.77,22,163.45,160.73,DELAY_NAS|DELAY_LATE_AIRCRAFT|DELAY_CARRIER
CMH,10,691,-4.45,-10.87,52,31.6,20.77,23,183.91,175.96,DELAY_NAS|DELAY_LATE_AIRCRAFT|DELAY_CARRIER
CMH,11,621,-4.02,-11.63,53,31.38,24.42,23,123.78,126.13,DELAY_NAS|DELAY_LATE_AIRCRAFT|DELAY_CARRIER
CMH,12,567,-2.27,-10.62,85,30.11,23.58,42,159.14,149.07,DELAY_CARRIER|DELAY_LATE_AIRCRAFT|DELAY_NAS
CMI,1,16,-4.38,-14.5,4,26.75,13.5,2,67.5,66.5,CANC_WEATHER|DELAY_LATE_AIRCRAFT|DELAY_WEATHER
CMI,2,22,-5.64,-15.32,3,31.0,20.67,0,,,DELAY_LATE_AIRCRAFT
CMI,3,25,-3.88,-12.84,1,36.0,81.0,1,131.0,126.0,DELAY_LATE_AIRCRAFT|DELAY_NAS
CMI,4,18,-3.44,-15.17,2,40.0,34.0,2,68.5,79.0,DELAY_CARRIER|CANC_NAS|DELAY_LATE_AIRCRAFT
CMI,5,11,-2.91,-3.27,3,31.0,32.33,7,160.43,167.14,DELAY_LATE_AIRCRAFT|DELAY_CARRIER|CANC_NAS
CMI,6,15,-1.87,-13.67,3,36.0,31.33,3,111.33,114.0,DELAY_LATE_AIRCRAFT|DELAY_CARRIER|DELAY_WEATHER
CMI,7,22,-5.86,-12.91,6,37.17,28.83,2,162.5,158.0,DELAY_CARRIER|DELAY_LATE_AIRCRAFT|DELAY_NAS
CMI,8,21,-4.0,-16.62,2,31.0,25.5,0,,,DELAY_CARRIER|DELAY_LATE_AIRCRAFT
CMI,9,22,-3.68,-6.41,2,35.5,2.0,2,112.5,114.5,DELAY_NAS|DELAY_LATE_AIRCRAFT|DELAY_CARRIER
CMI,10,23,-4.35,-11.91,1,38.0,24.0,0,,,DELAY_CARRIER|DELAY_NAS
CMI,11,10,-5.4,-17.5,0,,,1,353.0,339.0,DELAY_LATE_AIRCRAFT
CMI,12,11,-1.45,-7.45,1,54.0,40.0,2,104.0,96.0,DELAY_WEATHER|DELAY_CARRIER|DELAY_NAS
CMX,1,4,-9.75,-14.5,1,28.0,31.0,3,145.33,134.67,DELAY_LATE_AIRCRAFT|CANC_WEATHER
CMX,2,13,-8.54,-12.31,0,,,0,,,CANC_WEATHER|DELAY_CARRIER|DELAY_NAS
CMX,3,5,-11.2,-18.4,1,38.0,30.0,0,,,DELAY_CARRIER
CMX,4,7,-9.86,-11.57,1,29.0,7.0,2,137.5,135.0,CANC_WEATHER|DELAY_CARRIER|DELAY_LATE_AIRCRAFT
CMX,5,6,-7.0,-13.33,2,25.5,38.5,1,139.0,124.0,DELAY_CARRIER|DELAY_LATE_AIRCRAFT
CMX,6,12,-9.25,-11.08,0,,,0,,,N/D
CMX,7,10,-8.1,-6.0,2,56.0,45.5,0,,,DELAY_CARRIER|DELAY_LATE_AIRCRAFT
CMX,8,11,-6.45,-5.09,3,37.33,28.33,2,71.5,68.0,DELAY_LATE_AIRCRAFT|DELAY_CARRIER|DELAY_NAS
CMX,9,10,-8.5,-3.9,5,32.6,32.8,0,,,DELAY_CARRIER|DELAY_LATE_AIRCRAFT
CMX,10,10,-7.6,-7.8,1,26.0,3.0,1,145.0,127.0,DELAY_LATE_AIRCRAFT
CMX,11,8,-9.0,-8.0,1,41.0,43.0,4,414.75,417.5,DELAY_CARRIER|DELAY_WEATHER|CANC_WEATHER
CMX,12,8,-4.12,6.88,4,34.0,53.25,4,178.75,173.75,DELAY_CARRIER|DELAY_NAS|CANC_WEATHER
CNY,1,4,-7.25,-9.0,0,,,0,,,CANC_WEATHER
COD,5,4,-0.25,-4.75,2,27.5,17.0,1,65.0,56.0,DELAY_WEATHER|DELAY_NAS
COD,6,17,-4.88,-9.53,6,36.17,35.5,2,152.5,141.0,DELAY_CARRIER|DELAY_LATE_AIRCRAFT|DELAY_NAS
COD,7,10,-6.6,-10.0,2,28.5,12.5,0,,,DELAY_CARRIER|DELAY_LATE_AIRCRAFT
COD,8,17,-4.35,-8.18,6,31.33,23.17,5,140.2,141.8,DELAY_CARRIER|DELAY_LATE_AIRCRAFT|DELAY_NAS
COD,9,9,-5.78,-7.78,4,24.75,19.5,1,105.0,83.0,DELAY_CARRIER|DELAY_LATE_AIRCRAFT|DELAY_NAS
COD,10,8,-6.38,-14.88,2,31.5,29.0,0,,,DELAY_CARRIER|DELAY_WEATHER
COD,11,11,-7.73,-7.64,2,34.5,18.0,3,167.0,167.67,DELAY_LATE_AIRCRAFT|CANC_WEATHER|DELAY_CARRIER
COD,12,11,-3.18,-14.36,0,,,1,96.0,78.0,DELAY_CARRIER|DELAY_NAS
COS,1,135,-3.78,-8.29,23,34.22,28.3,8,210.38,202.12,DELAY_LATE_AIRCRAFT|DELAY_CARRIER|DELAY_NAS
COS,2,155,-3.23,-8.12,15,29.67,29.4,5,378.2,375.2,DELAY_CARRIER|DELAY_NAS|DELAY_LATE_AIRCRAFT
COS,3,141,-3.27,-8.53,19,30.0,26.68,6,130.0,126.5,DELAY_LATE_AIRCRAFT|DELAY_NAS|DELAY_CARRIER
COS,4,177,-3.36,-8.89,16,34.19,37.69,6,116.67,110.83,DELAY_NAS|DELAY_LATE_AIRCRAFT|DELAY_CARRIER
COS,5,178,-2.5,-10.07,17,28.06,24.88,20,189.3,190.45,DELAY_LATE_AIRCRAFT|DELAY_NAS|DELAY_CARRIER
COS,6,171,-3.0,-8.3,35,31.6,26.49,7,176.29,173.71,DELAY_LATE_AIRCRAFT|DELAY_CARRIER|DELAY_NAS
COS,7,176,-2.45,-7.18,42,30.4,27.86,21,165.33,165.19,DELAY_LATE_AIRCRAFT|DELAY_CARRIER|DELAY_NAS
COS,8,161,-2.9,-8.89,25,33.4,26.28,28,126.14,119.07,DELAY_CARRIER|DELAY_LATE_AIRCRAFT|DELAY_NAS
COS,9,201,-4.53,-10.92,27,33.63,23.96,10,190.9,185.5,DELAY_LATE_AIRCRAFT|DELAY_CARRIER|DELAY_NAS
COS,10,224,-4.38,-11.28,18,29.67,22.06,15,142.2,131.93,DELAY_CARRIER|DELAY_LATE_AIRCRAFT|DELAY_NAS
COS,11,173,-3.98,-7.66,20,32.7,35.55,7,127.0,130.43,DELAY_CARRIER|DELAY_NAS|DELAY_LATE_AIRCRAFT
COS,12,166,-4.6,-13.43,24,31.25,21.17,6,174.67,188.0,DELAY_LATE_AIRCRAFT|DELAY_CARRIER|DELAY_NAS
COU,1,17,-2.88,-13.82,1,47.0,57.0,2,93.0,113.0,CANC_WEATHER|DELAY_CARRIER|CANC_NAS
COU,2,19,-3.37,-6.89,3,22.33,8.67,1,86.0,80.0,DELAY_LATE_AIRCRAFT|DELAY_NAS
COU,3,17,-4.24,-10.35,4,38.0,43.0,1,111.0,103.0,DELAY_CARRIER|DELAY_LATE_AIRCRAFT
COU,4,22,-2.45,-0.05,3,47.33,62.0,2,101.0,100.0,DELAY_LATE_AIRCRAFT|DELAY_WEATHER|DELAY_NAS
COU,5,11,-2.91,14.0,5,25.2,69.0,5,85.2,102.0,DELAY_NAS|DELAY_LATE_AIRCRAFT|DELAY_WEATHER
COU,6,21,-5.86,-9.29,9,27.33,27.44,7,100.0,99.86,DELAY_LATE_AIRCRAFT|DELAY_WEATHER|DELAY_CARRIER
COU,7,27,-4.3,-3.48,8,38.25,28.75,6,95.0,90.5,DELAY_LATE_AIRCRAFT|DELAY_NAS|DELAY_CARRIER
COU,8,31,-6.32,-11.39,1,34.0,33.0,1,92.0,75.0,DELAY_LATE_AIRCRAFT|DELAY_NAS
COU,9,20,-2.35,-10.45,3,36.67,34.0,1,94.0,102.0,DELAY_LATE_AIRCRAFT|DELAY_NAS|DELAY_CARRIER
COU,10,29,-5.1,-13.0,4,27.25,11.5,1,253.0,232.0,DELAY_CARRIER|DELAY_NAS
COU,11,18,-0.67,-6.22,6,27.17,25.33,2,440.0,440.5,CANC_WEATHER|DELAY_CARRIER|DELAY_LATE_AIRCRAFT
COU,12,17,0.18,-3.88,5,25.0,21.0,5,381.8,382.0,DELAY_CARRIER|DELAY_LATE_AIRCRAFT|DELAY_WEATHER
CPR,1,16,-5.94,-8.19,0,,,0,,,DELAY_CARRIER
CPR,2,5,-3.0,-11.4,0,,,0,,,N/D
CPR,3,4,-4.5,-18.0,0,,,0,,,N/D
CPR,4,7,-2.29,-17.0,0,,,0,,,N/D
CPR,5,25,-6.84,-18.8,0,,,1,69.0,50.0,DELAY_NAS|DELAY_WEATHER
CPR,6,33,-4.85,-12.55,10,28.1,15.4,4,260.0,254.0,DELAY_CARRIER|DELAY_LATE_AIRCRAFT
CPR,7,45,-4.98,-13.07,4,31.75,14.0,5,153.4,141.2,DELAY_CARRIER|DELAY_LATE_AIRCRAFT|DELAY_NAS
CPR,8,44,-3.84,-11.93,7,28.29,15.0,3,78.0,60.67,DELAY_CARRIER|DELAY_NAS|DELAY_SECURITY
CPR,9,34,-7.35,-15.15,3,23.67,13.67,5,113.2,100.8,DELAY_CARRIER|DELAY_LATE_AIRCRAFT|DELAY_NAS
CPR,10,36,-6.42,-15.67,5,39.4,22.0,3,233.67,229.0,DELAY_CARRIER|CANC_WEATHER|DELAY_LATE_AIRCRAFT
CPR,11,36,-5.14,-14.14,5,31.2,33.6,7,143.14,145.57,DELAY_CARRIER|DELAY_LATE_AIRCRAFT|DELAY_NAS
CPR,12,40,-5.42,-16.05,1,60.0,55.0,0,,,DELAY_CARRIER
CRP,1,51,-5.0,-6.67,6,32.67,26.33,9,146.44,162.11,DELAY_LATE_AIRCRAFT|DELAY_NAS|DELAY_WEATHER
CRP,2,54,-6.41,-5.13,4,31.0,30.75,1,160.0,158.0,DELAY_NAS|DELAY_CARRIER|DELAY_LATE_AIRCRAFT
CRP,3,62,-6.89,-10.39,9,33.78,24.78,4,119.75,125.25,DELAY_LATE_AIRCRAFT|DELAY_CARRIER|CANC_WEATHER
CRP,4,56,-3.77,-9.55,6,35.17,32.5,4,75.25,99.0,DELAY_LATE_AIRCRAFT|DELAY_NAS|CANC_CARRIER
CRP,5,42,-2.57,-0.48,8,36.5,38.25,8,185.62,197.5,DELAY_LATE_AIRCRAFT|DELAY_NAS|DELAY_WEATHER
CRP,6,48,-4.38,-5.23,11,33.36,31.36,5,93.8,112.6,DELAY_LATE_AIRCRAFT|DELAY_NAS|CANC_CARRIER
CRP,7,64,-3.16,-4.05,10,33.3,33.6,6,135.17,148.5,DELAY_LATE_AIRCRAFT|DELAY_CARRIER|DELAY_NAS
CRP,8,57,-4.25,-6.51,2,32.0,35.5,1,86.0,73.0,DELAY_CARRIER|DELAY_LATE_AIRCRAFT|CANC_NAS
CRP,9,66,-6.14,-8.61,3,22.33,14.0,0,,,DELAY_NAS|DELAY_LATE_AIRCRAFT
CRP,10,54,-4.74,-10.04,3,31.33,20.33,1,69.0,58.0,DELAY_CARRIER|DELAY_NAS|DELAY_LATE_AIRCRAFT
CRP,11,57,-4.14,-9.86,5,36.0,32.6,0,,,DELAY_CARRIER|CANC_WEATHER|DELAY_LATE_AIRCRAFT
CRP,12,47,-3.57,-8.64,6,22.17,13.33,12,208.58,214.08,DELAY_CARRIER|DELAY_LATE_AIRCRAFT|DELAY_NAS
CRW,1,37,-2.73,2.57,4,35.25,27.0,10,272.0,279.1,DELAY_NAS|CANC_WEATHER|DELAY_CARRIER
CRW,2,46,-6.67,-12.09,8,23.38,14.5,6,213.83,195.83,DELAY_CARRIER|DELAY_NAS|DELAY_LATE_AIRCRAFT
CRW,3,44,-5.73,-15.27,6,31.17,26.83,2,97.5,92.5,DELAY_LATE_AIRCRAFT|DELAY_CARRIER|DELAY_NAS
CRW,4,34,-4.06,-10.47,9,21.33,20.0,1,70.0,48.0,DELAY_CARRIER|DELAY_NAS|DELAY_LATE_AIRCRAFT
CRW,5,45,-3.62,-12.31,8,41.0,34.0,5,165.4,181.6,DELAY_CARRIER|DELAY_LATE_AIRCRAFT|DELAY_NAS
CRW,6,37,-2.81,-11.32,6,39.0,31.0,7,215.43,207.86,DELAY_CARRIER|DELAY_LATE_AIRCRAFT|DELAY_WEATHER
CRW,7,36,-5.67,-7.67,8,24.38,21.0,11,125.91,130.45,DELAY_CARRIER|DELAY_LATE_AIRCRAFT|DELAY_NAS
CRW,8,46,-5.33,-11.41,9,30.33,29.78,8,101.25,108.0,DELAY_LATE_AIRCRAFT|DELAY_CARRIER|DELAY_NAS
CRW,9,49,-5.86,-12.53,4,24.0,10.75,8,186.0,205.75,DELAY_LATE_AIRCRAFT|DELAY_CARRIER|CANC_WEATHER
CRW,10,54,-6.09,-11.06,7,21.43,15.57,3,120.33,115.33,DELAY_CARRIER|DELAY_LATE_AIRCRAFT|DELAY_NAS
CRW,11,53,-4.57,-11.25,7,30.14,15.71,2,375.5,352.0,DELAY_CARRIER|DELAY_LATE_AIRCRAFT|DELAY_NAS
CRW,12,41,-3.49,-13.88,12,22.75,19.75,5,131.4,127.0,DELAY_NAS|DELAY_LATE_AIRCRAFT|DELAY_CARRIER
CSG,1,16,-1.19,-4.62,1,59.0,54.0,7,246.0,245.43,DELAY_CARRIER|DELAY_WEATHER
CSG,2,18,-2.06,-2.11,2,36.5,29.0,1,206.0,192.0,DELAY_CARRIER|DELAY_WEATHER|DELAY_NAS
CSG,3,14,-4.93,-11.36,2,29.5,21.5,1,70.0,60.0,DELAY_CARRIER|DELAY_LATE_AIRCRAFT|DELAY_NAS
CSG,4,16,-4.44,-15.0,0,,,2,215.0,217.0,DELAY_CARRIER
CSG,5,18,-4.17,-13.22,2,40.5,35.5,1,201.0,216.0,DELAY_CARRIER|DELAY_WEATHER
CSG,6,17,-1.59,-6.65,1,42.0,38.0,1,154.0,134.0,DELAY_LATE_AIRCRAFT
CSG,7,10,-3.3,-7.5,2,29.0,52.0,3,148.67,146.67,DELAY_LATE_AIRCRAFT|DELAY_NAS|CANC_CARRIER
CSG,8,12,-3.58,-8.33,1,15.0,9.0,1,77.0,88.0,CANC_CARRIER|DELAY_NAS
CSG,9,17,-7.06,-14.41,0,,,1,70.0,56.0,DELAY_WEATHER
CSG,10,17,-6.06,-14.29,0,,,0,,,N/D
CSG,11,17,-4.47,-10.12,1,37.0,52.0,1,114.0,120.0,DELAY_CARRIER|DELAY_LATE_AIRCRAFT
CSG,12,15,-4.2,-12.33,1,23.0,5.0,1,68.0,58.0,DELAY_LATE_AIRCRAFT
CVG,1,477,-3.82,-8.85,64,32.23,26.86,47,168.7,179.02,DELAY_NAS|DELAY_LATE_AIRCRAFT|DELAY_CARRIER
CVG,2,538,-3.98,-12.02,38,27.79,20.79,21,98.24,96.76,DELAY_NAS|DELAY_CARRIER|DELAY_LATE_AIRCRAFT
CVG,3,586,-4.22,-10.82,74,32.38,26.59,31,164.81,159.58,DELAY_LATE_AIRCRAFT|DELAY_NAS|DELAY_CARRIER
CVG,4,639,-3.76,-10.34,80,32.06,25.68,39,181.49,180.0,DELAY_LATE_AIRCRAFT|DELAY_CARRIER|DELAY_NAS
CVG,5,551,-2.84,-7.78,90,30.2,25.72,55,151.98,151.87,DELAY_LATE_AIRCRAFT|DELAY_NAS|DELAY_CARRIER
CVG,6,581,-2.83,-6.67,92,30.91,26.04,63,161.33,157.9,DELAY_LATE_AIRCRAFT|DELAY_NAS|DELAY_CARRIER
CVG,7,544,-2.77,-6.31,100,34.03,32.3,92,154.27,151.87,DELAY_LATE_AIRCRAFT|DELAY_NAS|DELAY_CARRIER
CVG,8,555,-4.04,-8.8,73,35.25,32.53,58,163.0,164.79,DELAY_LATE_AIRCRAFT|DELAY_CARRIER|DELAY_NAS
CVG,9,629,-4.48,-8.59,57,31.21,26.21,26,176.23,175.15,DELAY_NAS|DELAY_LATE_AIRCRAFT|DELAY_CARRIER
CVG,10,655,-4.16,-9.87,46,27.91,22.24,32,161.41,154.91,DELAY_LATE_AIRCRAFT|DELAY_NAS|DELAY_CARRIER
CVG,11,573,-4.58,-10.87,43,28.16,27.33,23,119.13,118.26,DELAY_NAS|DELAY_CARRIER|DELAY_LATE_AIRCRAFT
CVG,12,497,-2.97,-7.66,88,30.1,25.48,53,165.11,155.77,DELAY_NAS|DELAY_CARRIER|DELAY_LATE_AIRCRAFT
CWA,1,10,-3.5,-9.5,0,,,0,,,CANC_WEATHER|DELAY_NAS
CWA,2,15,-7.93,-23.4,1,35.0,27.0,0,,,DELAY_CARRIER
CWA,3,12,-5.67,-21.42,0,,,0,,,N/D
CWA,4,9,-6.0,-17.44,1,30.0,6.0,0,,,N/D
CWA,5,10,-4.5,-10.7,1,30.0,45.0,0,,,DELAY_NAS|DELAY_WEATHER
CWA,6,9,-6.78,6.0,0,,,1,81.0,93.0,DELAY_NAS|DELAY_WEATHER
CWA,7,10,-2.6,1.8,0,,,1,133.0,125.0,CANC_CARRIER|DELAY_CARRIER|DELAY_NAS
CWA,8,10,-5.0,-3.5,3,35.0,31.0,0,,,DELAY_LATE_AIRCRAFT|CANC_CARRIER|DELAY_CARRIER
CWA,9,14,-5.57,-13.43,0,,,0,,,N/D
CWA,10,18,-5.06,-16.39,2,28.0,17.5,0,,,DELAY_LATE_AIRCRAFT|DELAY_NAS
CWA,11,8,-9.0,-10.38,1,46.0,31.0,0,,,DELAY_CARRIER|DELAY_NAS
CWA,12,9,-3.33,-11.22,0,,,0,,,DELAY_NAS
CYS,1,12,-7.83,-34.08,2,36.5,14.0,0,,,CANC_WEATHER|DELAY_LATE_AIRCRAFT
CYS,2,9,-7.89,-31.89,0,,,2,123.0,117.5,DELAY_CARRIER|DELAY_WEATHER
CYS,3,13,-8.69,-18.77,0,,,0,,,CANC_WEATHER
CYS,4,10,-3.2,-7.0,1,53.0,57.0,0,,,DELAY_WEATHER
CYS,5,6,-4.67,-7.0,2,35.5,34.5,0,,,DELAY_CARRIER
CYS,6,8,-6.25,-23.5,0,,,0,,,N/D
CYS,7,10,-7.3,-18.8,0,,,1,233.0,222.0,DELAY_LATE_AIRCRAFT
CYS,8,11,-7.09,-18.09,0,,,2,148.5,161.0,DELAY_CARRIER|DELAY_LATE_AIRCRAFT
CYS,9,7,-10.71,-15.43,1,26.0,30.0,3,142.33,139.33,DELAY_CARRIER|DELAY_LATE_AIRCRAFT
CYS,10,8,-8.38,-10.12,0,,,1,108.0,108.0,DELAY_CARRIER|DELAY_LATE_AIRCRAFT
CYS,11,10,-4.1,-7.0,1,43.0,29.0,0,,,CANC_WEATHER|DELAY_NAS|DELAY_WEATHER
CYS,12,12,-10.92,-12.75,0,,,0,,,N/D
DAB,1,31,-3.0,-9.87,2,23.0,17.0,4,184.25,176.75,DELAY_CARRIER|DELAY_WEATHER|CANC_WEATHER
DAB,2,39,-3.9,-9.69,3,32.0,24.67,1,112.0,98.0,DELAY_CARRIER|DELAY_LATE_AIRCRAFT
DAB,3,56,-5.09,-9.05,4,33.0,26.25,4,143.25,147.0,DELAY_LATE_AIRCRAFT|DELAY_CARRIER
DAB,4,45,-5.16,-8.87,2,26.5,15.5,1,238.0,222.0,DELAY_CARRIER|DELAY_LATE_AIRCRAFT|DELAY_NAS
DAB,5,41,-3.78,-8.95,9,27.11,25.89,6,88.83,87.67,DELAY_LATE_AIRCRAFT|DELAY_WEATHER|DELAY_NAS
DAB,6,52,-5.62,-14.38,2,28.0,23.0,2,123.5,115.0,DELAY_LATE_AIRCRAFT|DELAY_NAS|DELAY_WEATHER
DAB,7,31,-5.61,-10.87,7,39.14,39.71,8,141.88,146.62,DELAY_LATE_AIRCRAFT|CANC_CARRIER|DELAY_WEATHER
DAB,8,47,-4.28,-12.74,2,29.0,39.5,3,74.33,70.0,DELAY_LATE_AIRCRAFT|DELAY_CARRIER|DELAY_NAS
DAB,9,48,-5.83,-13.69,2,28.0,19.0,1,196.0,176.0,CANC_WEATHER|DELAY_CARRIER|DELAY_WEATHER
DAB,10,37,-7.22,-12.16,1,26.0,9.0,1,128.0,106.0,CANC_WEATHER|DELAY_LATE_AIRCRAFT|DELAY_NAS
DAB,11,48,-7.06,-13.65,0,,,0,,,DELAY_NAS
DAB,12,35,-6.31,-13.6,7,35.14,27.57,2,176.5,173.5,DELAY_LATE_AIRCRAFT|DELAY_CARRIER
DAL,1,847,-0.18,-7.92,259,31.36,25.71,69,121.41,120.06,DELAY_LATE_AIRCRAFT|DELAY_CARRIER|CANC_WEATHER
DAL,2,921,-0.56,-7.17,160,29.56,23.74,28,106.39,100.43,DELAY_LATE_AIRCRAFT|DELAY_CARRIER|DELAY_NAS
DAL,3,940,-0.4,-8.15,240,30.45,25.5,85,112.92,107.02,DELAY_LATE_AIRCRAFT|DELAY_CARRIER|DELAY_NAS
DAL,4,898,0.31,-6.78,229,30.13,24.86,96,136.42,134.95,DELAY_LATE_AIRCRAFT|DELAY_CARRIER|DELAY_NAS
DAL,5,748,0.91,-3.95,305,31.44,28.7,150,136.46,133.89,DELAY_LATE_AIRCRAFT|DELAY_CARRIER|DELAY_NAS
DAL,6,875,0.99,-4.12,298,30.11,25.2,119,134.55,129.82,DELAY_LATE_AIRCRAFT|DELAY_CARRIER|DELAY_NAS
DAL,7,847,0.98,-4.92,321,30.83,24.89,104,114.02,108.85,DELAY_LATE_AIRCRAFT|DELAY_CARRIER|DELAY_NAS
DAL,8,906,-0.85,-7.49,180,31.02,24.69,55,111.18,106.55,DELAY_LATE_AIRCRAFT|DELAY_CARRIER|DELAY_NAS
DAL,9,920,-0.76,-5.26,152,30.37,25.38,31,126.58,118.13,DELAY_LATE_AIRCRAFT|DELAY_NAS|DELAY_CARRIER
DAL,10,974,-0.63,-5.71,196,26.9,21.36,32,106.44,100.56,DELAY_LATE_AIRCRAFT|DELAY_CARRIER|DELAY_NAS
DAL,11,980,-1.04,-7.48,182,29.59,25.53,44,136.34,132.14,DELAY_LATE_AIRCRAFT|DELAY_CARRIER|DELAY_NAS
DAL,12,800,0.39,-6.08,218,29.85,25.64,135,152.67,149.76,DELAY_LATE_AIRCRAFT|DELAY_CARRIER|DELAY_NAS
DAY,1,69,-6.59,-11.03,6,47.0,39.17,20,134.65,131.95,DELAY_LATE_AIRCRAFT|DELAY_NAS|DELAY_CARRIER
DAY,2,105,-5.44,-11.14,10,30.0,30.3,5,268.6,268.2,DELAY_CARRIER|DELAY_NAS|DELAY_LATE_AIRCRAFT
DAY,3,109,-6.6,-14.29,5,31.8,32.6,8,109.5,108.88,DELAY_LATE_AIRCRAFT|DELAY_NAS|DELAY_CARRIER
DAY,4,139,-5.94,-10.38,10,32.5,27.5,5,96.8,90.2,DELAY_CARRIER|DELAY_LATE_AIRCRAFT|DELAY_NAS
DAY,5,125,-5.56,-9.88,8,35.5,29.38,20,181.05,183.8,DELAY_LATE_AIRCRAFT|DELAY_NAS|DELAY_CARRIER
DAY,6,106,-6.29,-14.78,15,32.53,43.73,7,217.71,237.14,DELAY_LATE_AIRCRAFT|DELAY_NAS|DELAY_CARRIER
DAY,7,91,-5.22,-11.3,7,31.43,17.86,20,180.1,177.2,DELAY_LATE_AIRCRAFT|DELAY_CARRIER|DELAY_NAS
DAY,8,106,-6.52,-12.92,10,40.4,35.1,13,152.85,147.15,DELAY_LATE_AIRCRAFT|DELAY_NAS|DELAY_WEATHER
DAY,9,118,-7.58,-13.94,9,25.0,26.44,8,222.0,229.38,DELAY_CARRIER|DELAY_LATE_AIRCRAFT|DELAY_NAS
DAY,10,124,-7.28,-16.64,5,36.0,31.6,6,205.0,190.33,DELAY_CARRIER|DELAY_LATE_AIRCRAFT|DELAY_NAS
DAY,11,119,-6.7,-11.21,3,20.67,16.67,7,156.86,144.71,DELAY_CARRIER|DELAY_LATE_AIRCRAFT|DELAY_NAS
DAY,12,81,-5.02,-11.35,13,37.77,33.15,16,142.75,143.38,DELAY_LATE_AIRCRAFT|DELAY_CARRIER|DELAY_NAS
DCA,1,1673,-4.03,-12.11,267,32.1,27.52,230,142.95,147.3,DELAY_LATE_AIRCRAFT|DELAY_CARRIER|DELAY_NAS
DCA,2,1976,-4.42,-15.29,197,31.68,20.99,95,164.15,151.94,DELAY_LATE_AIRCRAFT|DELAY_CARRIER|DELAY_NAS
DCA,3,1984,-3.64,-12.53,267,30.15,21.28,142,143.96,136.17,DELAY_LATE_AIRCRAFT|DELAY_NAS|DELAY_CARRIER
DCA,4,1914,-4.02,-10.34,261,32.13,25.43,179,146.42,141.5,DELAY_LATE_AIRCRAFT|DELAY_NAS|DELAY_CARRIER
DCA,5,1763,-3.08,-6.98,352,31.45,29.87,218,138.69,139.02,DELAY_LATE_AIRCRAFT|DELAY_NAS|DELAY_CARRIER
DCA,6,1823,-3.1,-9.47,293,31.39,26.34,204,157.0,153.52,DELAY_LATE_AIRCRAFT|DELAY_NAS|DELAY_CARRIER
DCA,7,1646,-2.72,-6.65,346,31.82,28.73,313,151.51,152.69,DELAY_LATE_AIRCRAFT|DELAY_NAS|DELAY_CARRIER
DCA,8,1684,-3.63,-8.23,310,32.82,30.81,243,166.48,164.33,DELAY_LATE_AIRCRAFT|DELAY_NAS|DELAY_CARRIER
DCA,9,2039,-4.62,-10.7,216,29.92,24.87,97,149.2,144.65,DELAY_LATE_AIRCRAFT|DELAY_NAS|DELAY_CARRIER
DCA,10,2079,-4.54,-13.49,190,30.98,22.49,104,139.43,131.95,DELAY_LATE_AIRCRAFT|DELAY_CARRIER|DELAY_NAS
DCA,11,1984,-4.34,-12.61,217,33.04,26.75,105,149.49,142.46,DELAY_LATE_AIRCRAFT|DELAY_CARRIER|DELAY_NAS
DCA,12,1736,-2.73,-11.16,335,31.73,24.8,188,117.47,112.24,DELAY_LATE_AIRCRAFT|DELAY_CARRIER|DELAY_NAS
DDC,1,5,-9.2,-12.0,0,,,0,,,N/D
DDC,2,8,-10.38,-16.75,0,,,0,,,CANC_WEATHER
DDC,3,7,-3.43,-12.0,0,,,2,165.0,153.0,CANC_WEATHER|DELAY_CARRIER|DELAY_LATE_AIRCRAFT
DDC,4,11,-7.27,-14.64,0,,,1,710.0,701.0,DELAY_CARRIER
DDC,5,9,-8.78,-14.0,1,48.0,47.0,1,108.0,88.0,DELAY_LATE_AIRCRAFT
DDC,6,10,-7.3,-3.7,1,59.0,32.0,1,147.0,137.0,DELAY_CARRIER|DELAY_LATE_AIRCRAFT
DDC,7,7,-8.86,-16.71,2,25.5,32.5,0,,,CANC_NAS|DELAY_NAS
DDC,8,6,-10.17,-15.0,3,30.33,37.67,1,75.0,82.0,DELAY_NAS|DELAY_LATE_AIRCRAFT
DDC,9,10,-11.4,-14.0,0,,,0,,,N/D
DDC,10,12,-6.83,-9.5,0,,,2,215.0,222.5,DELAY_CARRIER
DDC,11,11,-10.36,-17.64,0,,,0,,,CANC_WEATHER
DDC,12,6,-10.0,-5.0,0,,,1,61.0,42.0,CANC_WEATHER|DELAY_CARRIER|DELAY_LATE_AIRCRAFT
DEC,1,10,-8.1,-19.8,1,39.0,19.0,0,,,CANC_WEATHER|CANC_NAS|DELAY_NAS
DEC,2,13,-9.85,-21.69,0,,,0,,,N/D
DEC,3,14,-8.79,-17.86,1,30.0,9.0,0,,,N/D
DEC,4,9,-8.67,-5.89,2,49.0,38.0,2,90.5,97.0,DELAY_LATE_AIRCRAFT|DELAY_CARRIER
DEC,5,10,-5.1,-4.1,1,26.0,31.0,1,163.0,175.0,CANC_WEATHER|DELAY_CARRIER|CANC_NAS
DEC,6,8,-10.88,-3.0,1,21.0,13.0,0,,,DELAY_CARRIER
DEC,7,10,-6.8,-9.6,3,37.33,42.67,3,120.67,122.33,DELAY_LATE_AIRCRAFT|DELAY_CARRIER
DEC,8,10,-4.4,0.4,3,40.33,49.67,2,192.0,202.0,DELAY_LATE_AIRCRAFT|DELAY_NAS
DEC,9,8,-9.12,-11.5,0,,,2,92.0,94.0,DELAY_LATE_AIRCRAFT|DELAY_CARRIER
DEC,10,9,-7.56,-3.22,0,,,0,,,DELAY_CARRIER|DELAY_NAS
DEC,11,10,-4.8,-10.9,1,52.0,53.0,1,174.0,160.0,DELAY_CARRIER|DELAY_LATE_AIRCRAFT|DELAY_NAS
DEC,12,8,-9.75,-11.62,3,41.0,39.33,1,77.0,66.0,DELAY_LATE_AIRCRAFT|DELAY_CARRIER
DEN,1,3264,-1.11,-7.92,928,30.92,25.13,414,135.9,131.66,DELAY_CARRIER|DELAY_LATE_AIRCRAFT|DELAY_NAS
DEN,2,3353,-1.2,-6.07,693,30.0,28.29,319,141.95,147.35,DELAY_CARRIER|DELAY_NAS|DELAY_LATE_AIRCRAFT
DEN,3,3863,-1.29,-6.94,774,30.65,25.58,318,123.81,119.37,DELAY_LATE_AIRCRAFT|DELAY_CARRIER|DELAY_NAS
DEN,4,3809,-1.38,-7.19,804,30.45,26.2,291,136.79,131.54,DELAY_LATE_AIRCRAFT|DELAY_CARRIER|DELAY_NAS
DEN,5,3669,-1.15,-6.52,970,31.44,26.45,545,122.49,117.43,DELAY_LATE_AIRCRAFT|DELAY_CARRIER|DELAY_NAS
DEN,6,3794,-0.92,-5.3,1065,31.52,27.12,553,119.1,113.55,DELAY_LATE_AIRCRAFT|DELAY_CARRIER|DELAY_NAS
DEN,7,4010,-1.13,-6.3,1016,31.83,26.57,603,136.03,130.93,DELAY_LATE_AIRCRAFT|DELAY_CARRIER|DELAY_NAS
DEN,8,3976,-1.47,-5.7,929,32.73,28.49,466,125.73,122.23,DELAY_LATE_AIRCRAFT|DELAY_CARRIER|DELAY_NAS
DEN,9,4456,-2.62,-8.51,617,29.94,22.86,264,125.3,116.52,DELAY_LATE_AIRCRAFT|DELAY_CARRIER|DELAY_NAS
DEN,10,4634,-2.49,-8.75,560,30.43,23.05,177,129.32,121.4,DELAY_CARRIER|DELAY_LATE_AIRCRAFT|DELAY_NAS
DEN,11,4069,-2.12,-7.32,661,30.49,32.44,293,137.95,140.13,DELAY_NAS|DELAY_CARRIER|DELAY_LATE_AIRCRAFT
DEN,12,4131,-1.93,-9.82,669,31.19,22.72,229,144.49,137.48,DELAY_CARRIER|DELAY_LATE_AIRCRAFT|DELAY_NAS
DFW,1,3140,-1.8,-6.09,885,32.18,29.64,538,131.34,132.28,DELAY_LATE_AIRCRAFT|DELAY_CARRIER|DELAY_NAS
DFW,2,3776,-2.79,-7.95,621,30.61,24.73,206,119.97,114.87,DELAY_CARRIER|DELAY_LATE_AIRCRAFT|DELAY_NAS
DFW,3,3545,-1.95,-7.21,929,32.84,28.23,536,133.83,131.17,DELAY_LATE_AIRCRAFT|DELAY_CARRIER|DELAY_NAS
DFW,4,3528,-2.14,-6.17,826,32.44,29.67,509,150.42,148.83,DELAY_LATE_AIRCRAFT|DELAY_CARRIER|DELAY_NAS
DFW,5,3030,-0.87,-2.88,1070,33.42,32.81,968,151.8,151.17,DELAY_LATE_AIRCRAFT|DELAY_CARRIER|DELAY_NAS
DFW,6,3455,-0.94,-6.54,1207,33.09,28.83,804,141.28,137.75,DELAY_LATE_AIRCRAFT|DELAY_CARRIER|DELAY_NAS
DFW,7,3501,-1.06,-5.9,1218,32.74,27.81,905,138.17,134.32,DELAY_LATE_AIRCRAFT|DELAY_CARRIER|DELAY_NAS
DFW,8,3960,-1.93,-8.42,972,31.6,26.48,547,148.31,140.7,DELAY_LATE_AIRCRAFT|DELAY_CARRIER|DELAY_NAS
DFW,9,4228,-2.7,-8.77,741,31.68,25.71,270,115.76,109.0,DELAY_LATE_AIRCRAFT|DELAY_CARRIER|DELAY_NAS
DFW,10,4562,-2.68,-9.65,731,31.43,23.29,286,129.6,121.91,DELAY_CARRIER|DELAY_LATE_AIRCRAFT|DELAY_NAS
DFW,11,3845,-2.71,-8.97,713,31.63,26.85,340,134.19,131.58,DELAY_LATE_AIRCRAFT|DELAY_CARRIER|DELAY_NAS
DFW,12,3747,-1.65,-7.88,883,31.84,25.95,491,161.1,157.51,DELAY_LATE_AIRCRAFT|DELAY_CARRIER|DELAY_NAS
DHN,1,12,-1.83,-11.83,0,,,0,,,DELAY_NAS
DHN,2,12,-4.67,-17.17,0,,,0,,,N/D
DHN,3,8,-3.88,-8.62,2,53.0,41.0,0,,,DELAY_LATE_AIRCRAFT|DELAY_NAS
DHN,4,15,-4.27,-4.2,0,,,0,,,DELAY_NAS
DHN,5,9,-4.56,-4.78,2,21.5,19.0,1,94.0,117.0,DELAY_NAS|DELAY_CARRIER
DHN,6,8,-3.75,-3.75,0,,,0,,,DELAY_CARRIER
DHN,7,4,-7.0,-1.5,0,,,0,,,N/D
DHN,8,9,-6.56,-15.22,0,,,0,,,CANC_WEATHER
DHN,9,10,-5.4,-11.7,3,31.33,29.33,0,,,DELAY_CARRIER|DELAY_LATE_AIRCRAFT
DHN,10,14,-5.0,-11.0,2,56.0,50.5,1,424.0,422.0,DELAY_LATE_AIRCRAFT|DELAY_CARRIER
DHN,11,15,-7.33,-12.4,1,16.0,8.0,1,70.0,65.0,DELAY_LATE_AIRCRAFT
DHN,12,16,-8.75,-19.31,0,,,0,,,DELAY_NAS
DIK,1,9,-9.11,-24.0,2,28.5,2.0,0,,,DELAY_CARRIER
DIK,2,7,-11.71,-34.86,1,50.0,27.0,0,,,CANC_WEATHER|DELAY_NAS
DIK,3,7,-7.43,-27.86,0,,,0,,,N/D
DIK,4,12,-8.92,-23.67,1,18.0,3.0,1,582.0,569.0,DELAY_CARRIER
DIK,5,15,-10.53,-18.6,1,38.0,58.0,1,165.0,159.0,DELAY_CARRIER|DELAY_NAS
DIK,6,8,-10.0,-18.12,0,,,1,90.0,79.0,DELAY_CARRIER|DELAY_LATE_AIRCRAFT
DIK,7,11,-10.45,-18.36,1,41.0,27.0,0,,,DELAY_CARRIER|DELAY_LATE_AIRCRAFT
DIK,8,9,-12.0,-20.0,0,,,0,,,N/D
DIK,9,11,-12.18,-24.0,0,,,2,287.5,294.5,DELAY_CARRIER|DELAY_WEATHER
DIK,10,10,-8.8,-10.1,1,24.0,6.0,0,,,N/D
DIK,11,9,-6.44,-5.22,0,,,3,397.33,386.33,DELAY_CARRIER
DIK,12,7,-7.57,-17.29,2,36.0,23.0,4,258.0,249.5,DELAY_LATE_AIRCRAFT|CANC_CARRIER|DELAY_WEATHER
DLG,6,4,-10.0,-8.5,0,,,0,,,N/D
DLG,7,4,-15.5,-14.5,0,,,0,,,N/D
DLG,8,3,-19.67,-24.67,0,,,0,,,N/D
DLG,9,4,-17.5,-21.25,1,26.0,25.0,0,,,DELAY_LATE_AIRCRAFT
DLH,1,21,-3.52,-4.86,2,25.0,12.5,9,165.78,155.22,DELAY_CARRIER|CANC_WEATHER|DELAY_WEATHER
DLH,2,27,-4.15,-13.93,2,24.0,22.0,0,,,DELAY_NAS
DLH,3,33,-4.64,-9.67,1,30.0,6.0,1,63.0,57.0,DELAY_CARRIER|DELAY_NAS|CANC_WEATHER
DLH,4,29,-6.72,-13.0,2,38.5,16.0,0,,,DELAY_NAS|DELAY_SECURITY
DLH,5,33,-5.64,-11.61,1,28.0,37.0,8,129.75,126.88,DELAY_CARRIER|DELAY_NAS|DELAY_WEATHER
DLH,6,27,-5.44,-9.33,4,34.0,34.25,4,125.5,124.75,DELAY_LATE_AIRCRAFT|DELAY_CARRIER|DELAY_NAS
DLH,7,29,-2.48,-7.21,2,52.5,62.0,0,,,DELAY_CARRIER|DELAY_WEATHER
DLH,8,40,-3.35,-0.55,1,18.0,-2.0,5,115.8,119.8,DELAY_NAS|DELAY_CARRIER|DELAY_LATE_AIRCRAFT
DLH,9,36,-5.19,-12.44,0,,,1,98.0,143.0,CANC_WEATHER|DELAY_CARRIER|DELAY_WEATHER
DLH,10,40,-5.97,-14.18,4,31.25,22.75,1,99.0,74.0,DELAY_CARRIER|DELAY_NAS|DELAY_WEATHER
DLH,11,37,-3.89,-13.7,1,35.0,11.0,2,162.0,141.0,DELAY_WEATHER|DELAY_CARRIER|DELAY_NAS
DLH,12,27,-4.22,-8.07,5,32.0,13.6,4,203.0,211.25,DELAY_CARRIER|DELAY_WEATHER|CANC_WEATHER
DRO,1,45,-4.82,-3.89,3,31.67,50.67,7,234.0,235.86,DELAY_CARRIER|DELAY_LATE_AIRCRAFT|DELAY_NAS
DRO,2,45,-5.31,-12.44,2,34.0,49.5,2,178.0,198.0,DELAY_CARRIER|CANC_WEATHER|DELAY_LATE_AIRCRAFT
DRO,3,46,-4.48,-8.46,5,32.8,34.2,2,109.5,120.0,DELAY_CARRIER|DELAY_NAS|DELAY_WEATHER
DRO,4,45,-5.2,-8.07,2,22.5,20.5,3,455.33,442.33,DELAY_CARRIER|DELAY_LATE_AIRCRAFT|CANC_WEATHER
DRO,5,47,-5.85,-7.74,3,20.67,10.33,4,125.5,122.75,DELAY_CARRIER|DELAY_NAS|CANC_WEATHER
DRO,6,58,-5.12,-10.09,5,29.0,15.4,7,168.0,168.86,DELAY_CARRIER|DELAY_NAS|DELAY_WEATHER
DRO,7,54,-4.69,-12.69,11,32.18,29.0,7,177.14,171.86,DELAY_CARRIER|DELAY_LATE_AIRCRAFT|DELAY_NAS
DRO,8,66,-5.56,-8.74,6,34.17,34.17,5,146.0,134.6,DELAY_CARRIER|DELAY_NAS|DELAY_LATE_AIRCRAFT
DRO,9,66,-5.97,-11.95,4,44.0,31.25,5,123.4,111.6,DELAY_CARRIER|DELAY_NAS|DELAY_LATE_AIRCRAFT
DRO,10,72,-5.31,-11.56,4,34.0,19.75,7,169.57,162.86,DELAY_CARRIER|DELAY_WEATHER|DELAY_LATE_AIRCRAFT
DRO,11,52,-6.62,-15.38,6,33.17,19.5,11,133.55,140.18,DELAY_CARRIER|DELAY_LATE_AIRCRAFT|DELAY_WEATHER
DRO,12,54,-6.76,-15.44,3,23.67,8.67,10,116.9,112.6,DELAY_CARRIER|DELAY_LATE_AIRCRAFT|DELAY_WEATHER
DSM,1,155,-4.21,-9.14,27,31.37,37.63,43,179.88,181.65,DELAY_LATE_AIRCRAFT|DELAY_CARRIER|DELAY_NAS
DSM,2,202,-4.72,-12.95,24,31.79,21.71,19,166.89,157.37,DELAY_LATE_AIRCRAFT|DELAY_NAS|DELAY_CARRIER
DSM,3,229,-4.72,-11.3,26,33.69,31.38,15,188.33,178.2,DELAY_LATE_AIRCRAFT|DELAY_CARRIER|DELAY_NAS
DSM,4,202,-4.67,-11.03,20,25.85,21.65,10,246.9,240.9,DELAY_CARRIER|DELAY_LATE_AIRCRAFT|DELAY_NAS
DSM,5,177,-2.77,-8.66,29,31.97,30.59,22,160.27,160.73,DELAY_LATE_AIRCRAFT|DELAY_CARRIER|DELAY_NAS
DSM,6,209,-3.34,-6.72,30,33.07,24.83,23,206.0,200.57,DELAY_LATE_AIRCRAFT|DELAY_CARRIER|DELAY_NAS
DSM,7,207,-4.14,-6.71,24,30.88,25.17,23,172.35,175.13,DELAY_LATE_AIRCRAFT|DELAY_CARRIER|DELAY_NAS
DSM,8,218,-4.23,-7.89,25,31.44,27.16,19,117.95,114.47,DELAY_NAS|DELAY_LATE_AIRCRAFT|DELAY_CARRIER
DSM,9,239,-5.05,-10.37,12,26.42,14.0,11,167.36,157.73,DELAY_NAS|DELAY_CARRIER|DELAY_LATE_AIRCRAFT
DSM,10,222,-5.64,-10.85,21,35.05,29.43,8,199.38,189.5,DELAY_CARRIER|DELAY_LATE_AIRCRAFT|DELAY_NAS
DSM,11,228,-5.01,-10.68,16,29.81,22.69,11,102.36,102.0,DELAY_CARRIER|DELAY_NAS|DELAY_LATE_AIRCRAFT
DSM,12,208,-3.43,-10.27,25,26.8,13.92,16,290.56,299.88,DELAY_NAS|DELAY_CARRIER|DELAY_LATE_AIRCRAFT
DTW,1,1375,-2.04,-7.09,266,31.95,30.25,228,157.24,154.68,DELAY_CARRIER|DELAY_NAS|DELAY_LATE_AIRCRAFT
DTW,2,1528,-3.27,-14.76,169,29.86,18.33,59,127.85,114.07,DELAY_CARRIER|DELAY_NAS|DELAY_LATE_AIRCRAFT
DTW,3,1798,-2.91,-10.73,232,30.09,23.04,133,139.42,133.81,DELAY_CARRIER|DELAY_NAS|DELAY_LATE_AIRCRAFT
DTW,4,1891,-3.3,-9.15,202,31.96,27.46,105,167.19,162.84,DELAY_CARRIER|DELAY_NAS|DELAY_LATE_AIRCRAFT
DTW,5,1846,-2.93,-6.1,265,31.65,31.26,174,126.64,123.4,DELAY_CARRIER|DELAY_NAS|DELAY_LATE_AIRCRAFT
DTW,6,1803,-2.81,-6.48,331,31.15,28.83,200,148.49,146.69,DELAY_CARRIER|DELAY_NAS|DELAY_LATE_AIRCRAFT
DTW,7,1655,-2.51,-6.23,360,30.89,26.44,293,141.85,137.01,DELAY_CARRIER|DELAY_LATE_AIRCRAFT|DELAY_NAS
DTW,8,1745,-2.7,-7.05,350,30.85,25.65,221,137.62,133.26,DELAY_CARRIER|DELAY_LATE_AIRCRAFT|DELAY_NAS
DTW,9,2046,-4.21,-10.37,182,30.86,24.32,89,126.49,122.67,DELAY_CARRIER|DELAY_NAS|DELAY_LATE_AIRCRAFT
DTW,10,2072,-3.97,-10.53,205,29.82,22.97,99,126.05,120.0,DELAY_CARRIER|DELAY_LATE_AIRCRAFT|DELAY_NAS
DTW,11,1967,-4.33,-10.33,182,30.57,27.41,85,121.01,115.96,DELAY_CARRIER|DELAY_NAS|DELAY_LATE_AIRCRAFT
DTW,12,1644,-2.26,-8.61,286,30.68,24.72,168,139.07,136.35,DELAY_CARRIER|DELAY_NAS|DELAY_LATE_AIRCRAFT
DVL,1,7,-9.57,-30.71,0,,,0,,,CANC_WEATHER
DVL,2,7,-10.43,-29.57,0,,,0,,,CANC_WEATHER
DVL,3,8,-7.5,-12.75,0,,,0,,,CANC_WEATHER
DVL,4,14,-7.86,-13.57,0,,,0,,,DELAY_NAS
DVL,5,11,-9.27,-12.0,0,,,1,151.0,132.0,DELAY_LATE_AIRCRAFT|DELAY_NAS
DVL,6,13,-7.0,-5.23,2,44.0,47.5,2,128.0,126.0,DELAY_CARRIER|DELAY_LATE_AIRCRAFT|DELAY_NAS
DVL,7,9,-7.11,-16.78,5,26.0,20.0,2,104.5,103.0,DELAY_CARRIER|DELAY_LATE_AIRCRAFT
DVL,8,7,-6.86,-10.29,0,,,0,,,CANC_WEATHER
DVL,9,11,-5.91,-11.36,0,,,0,,,N/D
DVL,10,16,-9.62,-20.0,1,24.0,15.0,2,570.0,565.0,DELAY_CARRIER|DELAY_LATE_AIRCRAFT
DVL,11,10,-2.2,-7.2,0,,,1,997.0,993.0,DELAY_LATE_AIRCRAFT
DVL,12,14,-8.71,-12.93,0,,,2,727.0,718.0,DELAY_LATE_AIRCRAFT|CANC_WEATHER
EAR,11,8,-6.38,-11.25,2,35.5,35.5,0,,,DELAY_CARRIER|DELAY_LATE_AIRCRAFT
EAR,12,7,-6.0,-18.0,1,34.0,22.0,1,261.0,263.0,DELAY_CARRIER|DELAY_LATE_AIRCRAFT
EAU,12,5,-4.2,-6.6,2,52.5,28.5,0,,,DELAY_CARRIER|DELAY_WEATHER
ECP,1,54,-3.57,-9.28,13,28.15,28.62,7,175.86,179.14,DELAY_LATE_AIRCRAFT|DELAY_CARRIER|DELAY_NAS
ECP,2,80,-5.99,-10.43,1,16.0,8.0,3,105.67,99.0,DELAY_CARRIER|CANC_CARRIER|DELAY_LATE_AIRCRAFT
ECP,3,111,-4.5,-9.61,19,34.84,34.21,11,205.55,198.0,DELAY_LATE_AIRCRAFT|DELAY_NAS|DELAY_CARRIER
ECP,4,122,-3.83,-6.15,19,30.32,31.26,8,197.62,192.12,DELAY_LATE_AIRCRAFT|DELAY_NAS|DELAY_CARRIER
ECP,5,113,-2.61,-4.79,31,30.9,32.29,17,133.94,150.18,DELAY_LATE_AIRCRAFT|DELAY_NAS|DELAY_CARRIER
ECP,6,150,-1.57,-7.03,39,33.03,29.97,18,122.78,115.39,DELAY_LATE_AIRCRAFT|DELAY_NAS|DELAY_CARRIER
ECP,7,138,-1.96,-6.06,49,31.37,25.96,14,309.29,317.36,DELAY_LATE_AIRCRAFT|DELAY_CARRIER|DELAY_NAS
ECP,8,128,-2.63,-9.02,22,32.95,29.64,11,149.73,151.82,DELAY_LATE_AIRCRAFT|DELAY_CARRIER|DELAY_NAS
ECP,9,124,-3.82,-9.63,15,29.67,25.33,6,111.83,105.0,DELAY_LATE_AIRCRAFT|DELAY_CARRIER|CANC_WEATHER
ECP,10,128,-2.97,-8.73,16,30.38,16.88,2,98.5,97.5,DELAY_LATE_AIRCRAFT|DELAY_NAS|DELAY_CARRIER
ECP,11,92,-3.55,-7.83,8,32.0,24.62,5,86.0,76.4,DELAY_LATE_AIRCRAFT|DELAY_NAS|DELAY_CARRIER
ECP,12,73,-2.85,-5.52,11,36.45,30.55,5,140.0,136.2,DELAY_LATE_AIRCRAFT|DELAY_NAS|DELAY_CARRIER
EGE,1,97,-3.47,-5.65,22,32.64,34.23,14,245.64,238.0,DELAY_LATE_AIRCRAFT|DELAY_CARRIER|DELAY_NAS
EGE,2,110,-6.06,-10.91,13,31.23,19.31,5,157.4,169.6,DELAY_CARRIER|DELAY_NAS|DELAY_LATE_AIRCRAFT
EGE,3,107,-5.29,-9.88,24,33.5,44.54,19,285.74,289.32,DELAY_LATE_AIRCRAFT|DELAY_NAS|DELAY_CARRIER
EGE,4,26,-7.35,-7.88,2,25.5,34.0,3,120.67,130.0,DELAY_WEATHER|DELAY_LATE_AIRCRAFT|DELAY_NAS
EGE,5,26,-5.42,-14.12,3,31.33,29.67,4,102.25,107.0,DELAY_CARRIER|DELAY_NAS|CANC_WEATHER
EGE,6,36,-5.78,-10.86,6,34.83,25.33,6,146.0,152.67,DELAY_LATE_AIRCRAFT|DELAY_CARRIER|DELAY_NAS
EGE,7,35,-5.43,-9.6,8,30.12,18.38,6,307.67,302.67,DELAY_LATE_AIRCRAFT|DELAY_CARRIER|DELAY_NAS
EGE,8,49,-5.55,-9.22,6,34.33,19.83,5,153.0,141.8,DELAY_LATE_AIRCRAFT|DELAY_NAS|DELAY_CARRIER
EGE,9,27,-6.48,-11.0,4,42.25,43.25,0,,,DELAY_CARRIER|DELAY_LATE_AIRCRAFT|DELAY_NAS
EGE,10,17,-3.59,-13.53,2,27.5,21.0,1,129.0,117.0,DELAY_CARRIER
EGE,11,17,-3.29,-10.24,2,22.0,14.5,3,108.33,95.33,DELAY_LATE_AIRCRAFT|CANC_WEATHER|DELAY_CARRIER
EGE,12,50,-3.72,-7.4,9,35.44,28.67,17,171.29,170.35,DELAY_LATE_AIRCRAFT|DELAY_NAS|DELAY_CARRIER
EKO,1,3,-6.33,-11.67,0,,,0,,,N/D
EKO,2,4,-3.5,-16.0,0,,,1,125.0,110.0,DELAY_WEATHER
EKO,3,8,-8.5,-8.75,1,60.0,49.0,0,,,DELAY_CARRIER
EKO,4,7,-7.0,-11.57,0,,,0,,,N/D
EKO,5,7,-9.0,-17.0,0,,,0,,,N/D
EKO,6,3,-7.33,-17.0,0,,,0,,,N/D
EKO,7,6,-7.67,-19.17,0,,,0,,,CANC_NAS
EKO,8,6,-8.0,-18.33,0,,,0,,,N/D
EKO,9,5,-6.6,-17.8,0,,,0,,,N/D
EKO,10,6,-10.33,-18.67,0,,,0,,,N/D
EKO,11,9,-7.89,-13.56,0,,,0,,,N/D
EKO,12,6,-8.17,-21.17,0,,,0,,,N/D
ELM,1,9,-5.0,-16.44,1,59.0,47.0,7,268.14,266.29,DELAY_CARRIER|DELAY_WEATHER|CANC_WEATHER
ELM,2,6,-9.0,-29.17,5,31.8,12.6,1,84.0,58.0,DELAY_CARRIER|DELAY_LATE_AIRCRAFT|DELAY_WEATHER
ELM,3,14,-7.43,-14.07,0,,,5,296.4,304.0,DELAY_CARRIER|DELAY_NAS
ELM,4,15,-8.53,-16.2,0,,,1,133.0,130.0,DELAY_CARRIER
ELM,5,15,-4.07,-9.07,1,31.0,12.0,2,127.0,126.0,DELAY_LATE_AIRCRAFT|DELAY_WEATHER
ELM,6,9,-3.11,-3.11,1,43.0,37.0,1,261.0,252.0,DELAY_WEATHER|DELAY_CARRIER
ELM,7,9,-3.44,-5.89,2,21.0,19.0,3,124.33,113.33,DELAY_CARRIER|DELAY_LATE_AIRCRAFT
ELM,8,11,-5.45,-9.64,1,17.0,6.0,3,153.33,142.33,DELAY_CARRIER|DELAY_LATE_AIRCRAFT|DELAY_NAS
ELM,9,9,-6.56,-11.78,2,34.0,23.5,1,263.0,255.0,DELAY_LATE_AIRCRAFT|CANC_WEATHER|DELAY_WEATHER
ELM,10,12,-10.42,-16.08,1,16.0,9.0,1,143.0,133.0,DELAY_LATE_AIRCRAFT
ELM,11,19,-5.0,-12.0,1,35.0,15.0,1,88.0,84.0,DELAY_CARRIER
ELM,12,16,-2.5,-12.38,1,26.0,19.0,3,202.0,192.67,DELAY_CARRIER|DELAY_LATE_AIRCRAFT
ELP,1,196,-2.7,-7.16,31,28.71,24.16,12,140.83,148.17,DELAY_LATE_AIRCRAFT|DELAY_CARRIER|DELAY_NAS
ELP,2,226,-3.15,-8.03,34,31.09,26.09,4,288.5,284.75,DELAY_LATE_AIRCRAFT|DELAY_NAS|DELAY_CARRIER
ELP,3,212,-2.35,-7.21,25,34.96,26.28,17,213.41,209.41,DELAY_LATE_AIRCRAFT|DELAY_CARRIER|DELAY_NAS
ELP,4,227,-2.63,-7.53,44,28.16,21.73,20,138.6,141.7,DELAY_LATE_AIRCRAFT|DELAY_CARRIER|DELAY_NAS
ELP,5,202,-1.75,-4.56,43,29.28,24.7,32,153.84,157.0,DELAY_LATE_AIRCRAFT|DELAY_NAS|DELAY_CARRIER
ELP,6,266,-2.37,-7.08,43,31.0,26.6,18,114.28,105.67,DELAY_LATE_AIRCRAFT|DELAY_CARRIER|DELAY_NAS
ELP,7,230,-2.89,-7.66,47,31.68,25.21,30,131.0,128.37,DELAY_LATE_AIRCRAFT|DELAY_CARRIER|DELAY_NAS
ELP,8,262,-4.63,-7.95,30,31.17,25.7,17,154.65,152.24,DELAY_LATE_AIRCRAFT|DELAY_CARRIER|DELAY_NAS
ELP,9,234,-4.8,-9.64,29,30.66,21.48,12,111.92,106.33,DELAY_LATE_AIRCRAFT|DELAY_CARRIER|DELAY_NAS
ELP,10,300,-4.54,-9.73,25,30.04,25.2,15,140.73,135.33,DELAY_LATE_AIRCRAFT|DELAY_CARRIER|DELAY_NAS
ELP,11,271,-4.14,-8.69,27,29.59,28.81,18,221.11,221.33,DELAY_LATE_AIRCRAFT|DELAY_CARRIER|DELAY_NAS
ELP,12,268,-4.21,-9.45,29,31.21,27.79,21,142.9,145.38,DELAY_LATE_AIRCRAFT|DELAY_CARRIER|DELAY_NAS
ESC,1,12,-8.33,-23.83,1,22.0,9.0,2,120.0,105.0,DELAY_CARRIER|CANC_WEATHER
ESC,2,11,-9.82,-26.55,1,20.0,-4.0,0,,,N/D
ESC,3,10,-6.8,-17.1,0,,,1,107.0,92.0,DELAY_CARRIER
ESC,4,11,-7.55,-18.45,0,,,0,,,CANC_CARRIER
ESC,5,12,-7.83,-8.42,0,,,0,,,DELAY_CARRIER
ESC,6,12,-6.58,-6.58,1,42.0,44.0,3,128.67,133.33,DELAY_CARRIER
ESC,7,6,-8.67,-1.67,1,45.0,30.0,0,,,DELAY_CARRIER
ESC,8,8,-9.75,1.0,0,,,0,,,DELAY_CARRIER
ESC,9,11,-10.73,-11.09,1,35.0,45.0,0,,,DELAY_WEATHER
ESC,10,17,-8.82,-14.65,1,59.0,55.0,2,148.0,139.0,DELAY_CARRIER
ESC,11,9,-9.67,-8.22,1,18.0,7.0,0,,,DELAY_CARRIER
ESC,12,12,-6.5,-15.58,0,,,0,,,DELAY_CARRIER
EUG,1,89,-2.42,-8.66,14,31.57,19.43,5,207.4,199.4,CANC_WEATHER|DELAY_CARRIER|DELAY_LATE_AIRCRAFT
EUG,2,100,-4.71,-10.95,7,28.86,29.29,9,155.33,150.56,DELAY_NAS|DELAY_LATE_AIRCRAFT|CANC_WEATHER
EUG,3,108,-3.26,-7.65,11,34.91,40.18,7,162.14,153.0,DELAY_NAS|DELAY_LATE_AIRCRAFT|DELAY_CARRIER
EUG,4,86,-3.95,-8.38,9,31.33,26.22,7,115.57,111.0,DELAY_CARRIER|DELAY_LATE_AIRCRAFT|DELAY_NAS
EUG,5,81,-3.48,-8.3,18,27.72,25.22,13,125.0,124.69,DELAY_CARRIER|DELAY_LATE_AIRCRAFT|DELAY_NAS
EUG,6,107,-3.47,-9.56,14,23.14,16.71,7,97.71,89.57,DELAY_LATE_AIRCRAFT|DELAY_CARRIER|DELAY_NAS
EUG,7,108,-3.56,-9.85,14,34.79,27.71,5,347.4,337.6,DELAY_LATE_AIRCRAFT|DELAY_CARRIER|CANC_CARRIER
EUG,8,79,-3.25,-7.08,16,32.06,36.19,2,76.5,65.0,DELAY_LATE_AIRCRAFT|DELAY_CARRIER|DELAY_NAS
EUG,9,80,-4.15,-7.86,10,37.2,32.3,6,194.5,184.5,DELAY_CARRIER|DELAY_LATE_AIRCRAFT|DELAY_NAS
EUG,10,106,-3.06,-7.61,8,31.25,21.75,7,172.43,162.14,DELAY_CARRIER|DELAY_LATE_AIRCRAFT|DELAY_NAS
EUG,11,112,-3.86,-6.91,10,31.8,23.0,4,394.25,382.0,DELAY_LATE_AIRCRAFT|DELAY_NAS|DELAY_CARRIER
EUG,12,111,-2.35,-8.03,16,27.5,17.88,10,119.3,117.7,DELAY_CARRIER|DELAY_LATE_AIRCRAFT|DELAY_NAS
EVV,1,22,-3.68,-9.77,2,43.0,41.0,5,111.6,114.0,DELAY_LATE_AIRCRAFT|DELAY_CARRIER|DELAY_NAS
EVV,2,29,-6.93,-12.28,4,41.0,37.5,0,,,DELAY_LATE_AIRCRAFT|DELAY_CARRIER|DELAY_NAS
EVV,3,26,-6.08,-11.65,3,32.0,30.33,4,295.0,290.0,DELAY_LATE_AIRCRAFT|DELAY_CARRIER|DELAY_NAS
EVV,4,22,-5.45,-5.68,4,35.5,33.75,1,424.0,424.0,DELAY_CARRIER|DELAY_LATE_AIRCRAFT|CANC_NAS
EVV,5,26,-5.08,-8.54,3,24.33,19.33,2,242.0,238.5,DELAY_CARRIER|DELAY_LATE_AIRCRAFT|DELAY_NAS
EVV,6,30,-6.07,-14.63,8,33.0,32.5,3,101.0,91.0,DELAY_LATE_AIRCRAFT|CANC_CARRIER|DELAY_CARRIER
EVV,7,29,-6.03,-12.24,4,41.25,38.25,5,264.2,267.8,DELAY_CARRIER|DELAY_LATE_AIRCRAFT|CANC_CARRIER
EVV,8,28,-6.14,-13.29,2,32.0,24.5,1,100.0,80.0,DELAY_LATE_AIRCRAFT|DELAY_NAS
EVV,9,32,-5.62,-4.16,5,31.8,35.8,3,143.33,132.33,DELAY_CARRIER|DELAY_NAS|DELAY_WEATHER
EVV,10,31,-7.42,-16.84,2,39.5,23.0,2,258.5,243.5,DELAY_CARRIER|CANC_WEATHER
EVV,11,44,-5.48,-13.16,1,22.0,64.0,2,120.5,102.0,DELAY_CARRIER|DELAY_LATE_AIRCRAFT|DELAY_NAS
EVV,12,20,-3.85,-15.95,6,34.0,21.33,1,65.0,32.0,DELAY_LATE_AIRCRAFT|DELAY_CARRIER|DELAY_NAS
EWN,7,1,-12.0,-28.0,3,34.0,21.67,4,116.75,103.25,DELAY_LATE_AIRCRAFT|CANC_CARRIER|DELAY_NAS
EWN,8,5,3.0,-4.0,0,,,0,,,N/D
EWR,1,1507,-3.31,-12.61,243,30.67,23.88,134,154.73,151.83,DELAY_LATE_AIRCRAFT|DELAY_NAS|CANC_CARRIER
EWR,2,1655,-4.14,-17.42,193,31.38,21.39,94,141.68,130.67,DELAY_CARRIER|DELAY_LATE_AIRCRAFT|DELAY_NAS
EWR,3,1725,-3.82,-16.4,266,31.86,17.36,159,136.96,126.06,DELAY_LATE_AIRCRAFT|DELAY_NAS|DELAY_CARRIER
EWR,4,1727,-3.74,-10.36,262,31.82,23.56,167,141.13,135.83,DELAY_LATE_AIRCRAFT|DELAY_NAS|DELAY_CARRIER
EWR,5,1737,-3.57,-10.33,302,32.86,26.76,220,126.39,124.54,DELAY_LATE_AIRCRAFT|DELAY_NAS|DELAY_CARRIER
EWR,6,1487,-2.78,-10.37,307,32.75,30.44,252,157.85,157.93,DELAY_LATE_AIRCRAFT|DELAY_NAS|DELAY_CARRIER
EWR,7,1449,-2.63,-6.71,342,33.64,35.82,292,157.61,156.13,DELAY_LATE_AIRCRAFT|DELAY_NAS|DELAY_CARRIER
EWR,8,1432,-3.01,-9.5,273,31.92,28.83,250,163.58,161.97,DELAY_LATE_AIRCRAFT|DELAY_NAS|DELAY_CARRIER
EWR,9,1731,-4.59,-12.03,204,32.0,26.15,94,153.47,151.82,DELAY_LATE_AIRCRAFT|DELAY_NAS|DELAY_CARRIER
EWR,10,1864,-4.17,-12.56,215,32.38,24.5,109,123.55,112.73,DELAY_LATE_AIRCRAFT|DELAY_NAS|DELAY_CARRIER
EWR,11,1685,-3.78,-10.84,255,33.19,25.72,185,121.78,117.07,DELAY_LATE_AIRCRAFT|DELAY_NAS|DELAY_CARRIER
EWR,12,1662,-2.1,-9.46,350,32.02,23.91,191,131.37,124.81,DELAY_LATE_AIRCRAFT|DELAY_NAS|DELAY_CARRIER
EYW,1,136,-5.05,-10.46,22,29.36,25.68,24,173.67,171.5,DELAY_LATE_AIRCRAFT|DELAY_NAS|DELAY_CARRIER
EYW,2,109,-4.06,-1.94,30,29.9,30.6,16,366.75,370.19,DELAY_LATE_AIRCRAFT|DELAY_NAS|DELAY_CARRIER
EYW,3,102,-3.08,-4.93,36,31.31,28.75,29,211.31,207.17,DELAY_LATE_AIRCRAFT|DELAY_CARRIER|DELAY_NAS
EYW,4,111,-4.4,-3.6,29,26.41,22.1,17,210.53,205.41,DELAY_LATE_AIRCRAFT|DELAY_CARRIER|DELAY_NAS
EYW,5,82,-3.01,-2.38,16,30.25,29.31,17,191.65,202.47,DELAY_LATE_AIRCRAFT|DELAY_NAS|DELAY_CARRIER
EYW,6,75,-4.68,-5.68,15,35.73,37.07,3,529.67,521.0,DELAY_NAS|DELAY_LATE_AIRCRAFT|DELAY_CARRIER
EYW,7,63,-4.17,-5.9,15,32.47,34.13,15,143.73,140.07,DELAY_LATE_AIRCRAFT|DELAY_NAS|DELAY_CARRIER
EYW,8,63,-6.41,-10.75,8,32.25,29.38,12,132.42,125.67,DELAY_LATE_AIRCRAFT|CANC_WEATHER|DELAY_NAS
EYW,9,93,-7.51,-10.46,9,36.44,35.78,3,178.67,198.33,CANC_WEATHER|DELAY_LATE_AIRCRAFT|DELAY_CARRIER
EYW,10,91,-8.26,-12.14,13,31.23,20.0,2,270.5,272.0,CANC_WEATHER|DELAY_LATE_AIRCRAFT|DELAY_CARRIER
EYW,11,107,-6.02,-8.04,13,31.54,29.46,13,117.46,113.69,DELAY_LATE_AIRCRAFT|DELAY_CARRIER|DELAY_NAS
EYW,12,116,-4.93,-6.93,27,34.22,27.96,16,289.56,286.38,DELAY_LATE_AIRCRAFT|DELAY_CARRIER|DELAY_NAS
FAI,1,25,-5.76,-8.76,5,38.6,28.2,3,110.67,97.0,DELAY_LATE_AIRCRAFT|DELAY_NAS|CANC_CARRIER
FAI,2,37,-5.65,-7.86,4,33.0,25.25,1,96.0,109.0,DELAY_NAS|CANC_WEATHER|DELAY_CARRIER
FAI,3,47,-5.72,-7.3,10,25.5,24.6,2,127.5,128.0,DELAY_LATE_AIRCRAFT|DELAY_CARRIER|CANC_CARRIER
FAI,4,50,-8.62,-16.96,9,30.44,22.11,2,486.5,491.5,DELAY_LATE_AIRCRAFT|DELAY_CARRIER|CANC_CARRIER
FAI,5,55,-6.51,-13.16,7,26.57,12.57,2,131.0,102.5,DELAY_LATE_AIRCRAFT
FAI,6,65,-5.72,-8.38,10,27.8,14.6,4,295.0,296.25,DELAY_CARRIER|DELAY_LATE_AIRCRAFT|DELAY_NAS
FAI,7,55,-4.33,-6.76,12,30.08,26.67,4,332.25,342.75,DELAY_LATE_AIRCRAFT|DELAY_NAS|DELAY_CARRIER
FAI,8,57,-4.72,-11.23,12,26.75,15.33,0,,,DELAY_LATE_AIRCRAFT|DELAY_CARRIER
FAI,9,59,-6.08,-14.75,10,19.9,-2.8,2,203.0,207.5,DELAY_LATE_AIRCRAFT|DELAY_CARRIER|DELAY_NAS
FAI,10,47,-5.38,-4.32,2,19.0,-2.5,1,70.0,46.0,DELAY_NAS|CANC_WEATHER|DELAY_CARRIER
FAI,11,42,-5.0,-9.0,4,33.75,20.75,2,479.5,443.5,DELAY_CARRIER|DELAY_LATE_AIRCRAFT|DELAY_NAS
FAI,12,37,-5.97,-9.86,4,32.5,22.5,1,140.0,141.0,DELAY_CARRIER|DELAY_LATE_AIRCRAFT|DELAY_NAS
FAR,1,75,-3.67,-12.13,9,26.44,18.78,13,198.62,199.54,DELAY_LATE_AIRCRAFT|CANC_WEATHER|DELAY_CARRIER
FAR,2,85,-6.82,-21.76,3,22.33,13.33,7,438.29,427.86,DELAY_CARRIER|DELAY_LATE_AIRCRAFT|DELAY_WEATHER
FAR,3,106,-5.89,-15.58,8,31.0,30.0,7,181.43,163.71,DELAY_CARRIER|DELAY_LATE_AIRCRAFT|DELAY_NAS
FAR,4,90,-5.72,-12.0,6,33.17,23.0,2,81.5,74.0,DELAY_LATE_AIRCRAFT|DELAY_CARRIER|DELAY_NAS
FAR,5,94,-5.34,-7.63,16,33.44,27.81,11,171.09,164.64,DELAY_CARRIER|DELAY_LATE_AIRCRAFT|DELAY_WEATHER
FAR,6,90,-3.73,-4.58,12,38.25,35.67,19,173.05,175.79,DELAY_CARRIER|DELAY_LATE_AIRCRAFT|DELAY_NAS
FAR,7,97,-4.42,-8.1,11,30.36,24.09,16,158.38,158.31,DELAY_CARRIER|DELAY_LATE_AIRCRAFT|DELAY_NAS
FAR,8,92,-5.0,-7.47,8,31.0,23.5,9,146.89,149.78,DELAY_CARRIER|DELAY_LATE_AIRCRAFT|DELAY_NAS
FAR,9,105,-7.04,-13.53,12,27.75,24.92,3,179.0,164.0,DELAY_CARRIER|DELAY_LATE_AIRCRAFT|DELAY_NAS
FAR,10,96,-7.45,-19.6,11,28.55,18.27,2,105.0,93.0,DELAY_CARRIER|DELAY_LATE_AIRCRAFT|DELAY_NAS
FAR,11,82,-4.43,-9.45,10,37.5,34.9,6,262.5,266.0,DELAY_CARRIER|DELAY_LATE_AIRCRAFT|DELAY_NAS
FAR,12,87,-4.31,-7.83,19,27.0,21.95,13,283.38,293.77,DELAY_CARRIER|DELAY_LATE_AIRCRAFT|DELAY_WEATHER
FAT,1,131,-3.53,-8.73,19,26.84,21.47,8,114.12,106.88,DELAY_LATE_AIRCRAFT|DELAY_CARRIER|DELAY_NAS
FAT,2,136,-4.35,-8.79,20,28.4,22.85,12,174.0,165.83,DELAY_CARRIER|DELAY_LATE_AIRCRAFT|DELAY_NAS
FAT,3,147,-3.84,-7.7,22,34.32,32.73,10,159.0,152.3,DELAY_LATE_AIRCRAFT|DELAY_NAS|DELAY_CARRIER
FAT,4,133,-3.29,-6.64,20,38.75,38.5,7,227.29,229.57,DELAY_NAS|DELAY_LATE_AIRCRAFT|DELAY_CARRIER
FAT,5,138,-3.39,-7.2,26,33.27,27.31,22,217.14,216.55,DELAY_LATE_AIRCRAFT|DELAY_CARRIER|DELAY_NAS
FAT,6,128,-3.18,-6.45,35,31.74,32.54,10,126.6,119.5,DELAY_CARRIER|DELAY_LATE_AIRCRAFT|DELAY_NAS
FAT,7,150,-2.99,-6.15,24,32.04,31.17,12,237.33,237.25,DELAY_CARRIER|DELAY_LATE_AIRCRAFT|DELAY_NAS
FAT,8,167,-3.37,-6.59,16,28.94,19.69,14,131.64,132.57,DELAY_LATE_AIRCRAFT|DELAY_CARRIER|DELAY_NAS
FAT,9,176,-3.91,-9.06,18,39.22,33.44,9,158.67,152.44,DELAY_CARRIER|DELAY_LATE_AIRCRAFT|DELAY_NAS
FAT,10,206,-3.91,-8.3,8,27.25,23.38,5,104.6,97.6,DELAY_CARRIER|DELAY_LATE_AIRCRAFT|DELAY_NAS
FAT,11,159,-4.04,-9.34,23,29.96,25.43,13,130.23,126.0,DELAY_CARRIER|DELAY_LATE_AIRCRAFT|DELAY_NAS
FAT,12,157,-2.2,-6.94,35,34.49,32.6,15,179.07,183.47,DELAY_LATE_AIRCRAFT|DELAY_CARRIER|DELAY_WEATHER
FAY,1,26,-4.92,-13.65,1,20.0,4.0,2,121.0,147.0,DELAY_LATE_AIRCRAFT|DELAY_WEATHER
FAY,2,16,-3.56,-16.81,1,28.0,12.0,1,229.0,178.0,DELAY_CARRIER
FAY,3,11,-2.64,-10.45,3,21.67,9.67,0,,,N/D
FAY,4,13,-5.69,-13.15,2,35.5,23.0,0,,,DELAY_LATE_AIRCRAFT
FAY,5,16,-3.75,-7.81,2,27.5,26.5,4,245.0,245.75,DELAY_CARRIER|DELAY_LATE_AIRCRAFT|DELAY_WEATHER
FAY,6,32,-7.28,-11.91,1,32.0,18.0,2,176.5,174.5,CANC_WEATHER|DELAY_WEATHER|DELAY_LATE_AIRCRAFT
FAY,7,16,-3.25,-9.56,1,16.0,34.0,4,228.25,236.5,DELAY_CARRIER|DELAY_NAS|CANC_CARRIER
FAY,8,21,-4.0,-2.38,2,27.0,20.0,1,101.0,116.0,DELAY_NAS|DELAY_CARRIER|DELAY_WEATHER
FAY,9,34,-6.79,-9.09,2,30.5,30.0,5,179.0,181.0,DELAY_CARRIER|DELAY_LATE_AIRCRAFT
FAY,10,38,-4.76,-3.26,5,21.8,10.6,1,566.0,551.0,DELAY_NAS|DELAY_CARRIER
FAY,11,28,-5.21,-12.57,1,16.0,-4.0,1,72.0,51.0,DELAY_LATE_AIRCRAFT|DELAY_NAS
FAY,12,25,-2.2,-12.68,2,32.0,25.5,1,136.0,115.0,DELAY_CARRIER|DELAY_LATE_AIRCRAFT|DELAY_NAS
FCA,1,37,-3.62,-9.95,5,27.6,16.2,7,195.43,187.14,DELAY_LATE_AIRCRAFT|DELAY_CARRIER|CANC_WEATHER
FCA,2,31,-4.35,-10.84,3,34.0,37.0,1,269.0,289.0,DELAY_NAS|CANC_WEATHER|DELAY_CARRIER
FCA,3,42,-3.48,-5.07,1,28.0,13.0,0,,,DELAY_NAS
FCA,4,37,-5.32,-11.14,0,,,2,88.5,97.0,DELAY_CARRIER
FCA,5,45,-4.53,-8.78,5,27.6,26.6,3,118.67,110.67,DELAY_NAS|DELAY_CARRIER|DELAY_LATE_AIRCRAFT
FCA,6,76,-3.42,-10.59,8,31.62,25.0,5,352.6,347.8,DELAY_LATE_AIRCRAFT|DELAY_NAS|DELAY_CARRIER
FCA,7,91,-2.93,-5.33,14,30.93,24.14,9,170.22,161.11,DELAY_LATE_AIRCRAFT|DELAY_NAS|DELAY_CARRIER
FCA,8,91,-4.33,-5.34,17,27.65,29.35,11,218.0,210.64,DELAY_LATE_AIRCRAFT|DELAY_CARRIER|DELAY_NAS
FCA,9,64,-3.02,-8.25,6,24.83,14.17,1,111.0,129.0,DELAY_CARRIER|DELAY_LATE_AIRCRAFT|DELAY_NAS
FCA,10,49,-4.94,-12.08,4,31.25,14.75,2,183.0,177.5,DELAY_NAS|DELAY_CARRIER|DELAY_LATE_AIRCRAFT
FCA,11,34,-7.21,-13.44,2,49.0,68.0,0,,,DELAY_CARRIER|DELAY_LATE_AIRCRAFT
FCA,12,39,-4.69,-16.26,6,32.5,26.0,1,88.0,96.0,DELAY_CARRIER|DELAY_LATE_AIRCRAFT|DELAY_NAS
FLG,1,13,-6.31,-10.23,3,36.33,53.0,3,170.0,178.0,DELAY_WEATHER|DELAY_CARRIER
FLG,2,22,-6.23,-9.23,2,32.5,31.5,3,581.33,579.67,DELAY_CARRIER|DELAY_WEATHER|DELAY_LATE_AIRCRAFT
FLG,3,24,-6.79,-13.0,1,50.0,87.0,2,244.0,264.0,DELAY_WEATHER|CANC_WEATHER|DELAY_CARRIER
FLG,4,18,-8.0,-13.06,3,24.67,30.0,1,115.0,119.0,DELAY_NAS|DELAY_CARRIER|DELAY_LATE_AIRCRAFT
FLG,5,28,-7.11,-9.43,0,,,1,123.0,228.0,DELAY_LATE_AIRCRAFT|DELAY_WEATHER
FLG,6,36,-6.14,-7.69,1,37.0,32.0,3,150.67,147.33,DELAY_CARRIER
FLG,7,28,-6.75,-7.79,2,24.0,17.5,0,,,DELAY_CARRIER|DELAY_NAS
FLG,8,22,-8.64,-4.77,1,54.0,45.0,1,102.0,108.0,DELAY_CARRIER
FLG,9,23,-7.26,-8.96,3,36.0,46.0,2,236.0,231.5,DELAY_CARRIER|DELAY_LATE_AIRCRAFT|DELAY_NAS
FLG,10,32,-5.12,-10.62,3,36.67,24.33,4,148.25,151.25,DELAY_CARRIER|DELAY_LATE_AIRCRAFT|DELAY_WEATHER
FLG,11,28,-7.32,-10.54,7,29.71,38.57,4,183.0,186.25,DELAY_CARRIER|DELAY_LATE_AIRCRAFT|DELAY_NAS
FLG,12,42,-7.1,-10.88,3,38.0,28.67,2,311.5,301.5,DELAY_CARRIER|DELAY_LATE_AIRCRAFT|DELAY_WEATHER
FLL,1,1096,-1.31,-8.59,402,31.64,24.98,159,136.35,131.59,DELAY_LATE_AIRCRAFT|DELAY_CARRIER|DELAY_NAS
FLL,2,1156,-2.37,-5.75,302,31.75,27.53,125,132.42,125.95,DELAY_CARRIER|DELAY_LATE_AIRCRAFT|DELAY_NAS
FLL,3,1196,-1.79,-5.24,400,32.7,29.72,243,152.42,152.76,DELAY_LATE_AIRCRAFT|DELAY_CARRIER|DELAY_NAS
FLL,4,1228,-2.58,-7.51,259,32.06,27.73,138,139.95,135.78,DELAY_CARRIER|DELAY_LATE_AIRCRAFT|DELAY_NAS
FLL,5,1092,-2.08,-5.84,275,32.81,31.88,167,147.62,148.77,DELAY_CARRIER|DELAY_LATE_AIRCRAFT|DELAY_NAS
FLL,6,945,-1.76,-7.62,259,32.79,26.86,159,129.28,127.74,DELAY_LATE_AIRCRAFT|DELAY_NAS|DELAY_CARRIER
FLL,7,944,-1.56,-7.41,280,32.48,30.56,203,141.07,136.79,DELAY_LATE_AIRCRAFT|DELAY_CARRIER|DELAY_NAS
FLL,8,862,-1.65,-6.72,281,31.78,30.16,179,142.52,141.61,DELAY_NAS|DELAY_CARRIER|DELAY_LATE_AIRCRAFT
FLL,9,978,-2.97,-6.71,173,32.09,30.8,70,121.16,120.97,DELAY_NAS|DELAY_CARRIER|DELAY_LATE_AIRCRAFT
FLL,10,1115,-3.2,-9.38,155,30.85,24.12,60,116.42,109.4,DELAY_CARRIER|DELAY_LATE_AIRCRAFT|DELAY_NAS
FLL,11,1229,-3.57,-11.07,165,29.24,22.88,59,166.61,160.07,DELAY_CARRIER|DELAY_NAS|DELAY_LATE_AIRCRAFT
FLL,12,1224,-1.55,-8.22,282,31.42,24.81,147,129.37,126.81,DELAY_LATE_AIRCRAFT|DELAY_NAS|DELAY_CARRIER
FNT,1,23,-6.22,-9.61,2,34.0,43.5,1,603.0,578.0,DELAY_LATE_AIRCRAFT|DELAY_NAS|CANC_WEATHER
FNT,2,33,-5.18,-12.52,5,24.6,12.8,2,348.0,336.0,DELAY_NAS|DELAY_CARRIER|CANC_WEATHER
FNT,3,54,-6.61,-13.76,7,33.86,41.43,2,108.0,111.0,DELAY_NAS|DELAY_LATE_AIRCRAFT|DELAY_CARRIER
FNT,4,37,-9.0,-24.46,2,45.0,36.5,2,185.5,183.5,DELAY_LATE_AIRCRAFT|DELAY_NAS|DELAY_WEATHER
FNT,5,29,-6.41,-6.14,4,37.5,47.5,1,76.0,59.0,DELAY_NAS|DELAY_LATE_AIRCRAFT|CANC_WEATHER
FNT,6,26,-3.85,-7.15,2,40.0,27.0,2,179.0,172.5,DELAY_WEATHER|DELAY_CARRIER|DELAY_LATE_AIRCRAFT
FNT,7,25,-4.36,-6.28,0,,,6,174.17,170.0,DELAY_CARRIER|DELAY_NAS|DELAY_WEATHER
FNT,8,28,-4.25,-9.43,6,32.83,37.33,3,188.67,180.0,DELAY_CARRIER|DELAY_LATE_AIRCRAFT|DELAY_NAS
FNT,9,24,-4.67,-9.79,3,35.67,31.33,5,93.6,82.8,DELAY_LATE_AIRCRAFT|DELAY_CARRIER|CANC_WEATHER
FNT,10,31,-3.13,-6.58,2,37.5,23.0,2,90.5,90.0,DELAY_CARRIER|DELAY_LATE_AIRCRAFT
FNT,11,33,-4.91,-12.88,2,18.5,45.0,1,63.0,41.0,DELAY_CARRIER|DELAY_NAS
FNT,12,30,-2.73,-1.9,9,39.22,30.0,6,186.0,172.17,DELAY_NAS|DELAY_LATE_AIRCRAFT|DELAY_CARRIER
FOD,1,1,-4.0,-10.0,0,,,0,,,N/D
FOD,2,8,-8.5,-19.0,1,27.0,17.0,0,,,DELAY_LATE_AIRCRAFT
FOD,3,6,-8.83,-9.17,1,48.0,42.0,1,970.0,990.0,DELAY_CARRIER|DELAY_LATE_AIRCRAFT|DELAY_NAS
FOD,4,3,-13.0,-18.0,1,18.0,17.0,0,,,DELAY_LATE_AIRCRAFT
FOD,5,7,-5.86,-10.71,2,16.5,47.0,1,217.0,221.0,CANC_WEATHER|DELAY_LATE_AIRCRAFT|DELAY_NAS
FOD,6,4,-10.75,-12.5,0,,,2,547.5,546.5,DELAY_CARRIER|DELAY_LATE_AIRCRAFT
FOD,7,9,-9.89,-15.0,0,,,1,85.0,89.0,DELAY_LATE_AIRCRAFT
FOD,8,8,-9.25,-11.12,1,37.0,43.0,1,225.0,219.0,DELAY_LATE_AIRCRAFT|CANC_WEATHER
FOD,9,12,-10.17,-10.0,1,41.0,34.0,0,,,DELAY_LATE_AIRCRAFT
FOD,10,8,-11.25,-17.25,1,55.0,52.0,0,,,DELAY_CARRIER
FOD,11,11,-10.36,-14.73,0,,,2,131.0,137.5,DELAY_LATE_AIRCRAFT|DELAY_CARRIER
FOD,12,7,-5.71,-3.29,1,48.0,27.0,0,,,DELAY_LATE_AIRCRAFT
FSD,1,76,-3.97,-5.95,15,30.2,41.6,10,178.5,191.2,DELAY_NAS|DELAY_CARRIER|DELAY_WEATHER
FSD,2,100,-4.55,-12.86,13,32.08,18.0,9,226.89,218.0,DELAY_CARRIER|DELAY_LATE_AIRCRAFT|DELAY_NAS
FSD,3,103,-5.08,-15.75,13,33.23,27.69,6,270.5,257.0,DELAY_LATE_AIRCRAFT|DELAY_WEATHER|DELAY_CARRIER
FSD,4,102,-5.16,-13.13,7,26.29,16.43,2,137.0,120.5,DELAY_CARRIER|DELAY_NAS|DELAY_WEATHER
FSD,5,96,-3.53,-7.98,6,39.5,30.5,10,222.7,220.8,DELAY_LATE_AIRCRAFT|DELAY_NAS|DELAY_CARRIER
FSD,6,88,-3.86,-8.57,12,32.0,21.92,16,191.38,187.56,DELAY_CARRIER|DELAY_LATE_AIRCRAFT|DELAY_NAS
FSD,7,81,-4.84,-8.64,16,30.12,25.5,15,122.87,118.73,DELAY_LATE_AIRCRAFT|DELAY_CARRIER|DELAY_WEATHER
FSD,8,94,-3.84,-5.98,20,34.35,35.45,7,202.57,201.14,DELAY_CARRIER|DELAY_LATE_AIRCRAFT|DELAY_NAS
FSD,9,107,-6.04,-11.22,7,26.57,26.71,5,86.8,75.4,DELAY_LATE_AIRCRAFT|DELAY_NAS|DELAY_CARRIER
FSD,10,117,-4.92,-10.64,13,26.77,24.69,4,83.5,67.25,DELAY_CARRIER|DELAY_LATE_AIRCRAFT|DELAY_NAS
FSD,11,93,-3.25,-8.59,9,31.67,24.44,7,151.86,137.29,DELAY_CARRIER|DELAY_NAS|DELAY_LATE_AIRCRAFT
FSD,12,89,-3.64,-9.18,13,30.69,31.08,12,239.0,231.17,DELAY_NAS|DELAY_LATE_AIRCRAFT|DELAY_WEATHER
FSM,1,12,-6.08,-1.08,2,20.5,29.5,3,463.33,466.33,CANC_WEATHER|DELAY_NAS|DELAY_CARRIER
FSM,2,15,-3.53,0.33,2,38.0,42.5,1,126.0,124.0,DELAY_NAS|DELAY_WEATHER|DELAY_LATE_AIRCRAFT
FSM,3,20,-5.8,-2.6,2,17.0,18.5,1,75.0,59.0,DELAY_NAS|DELAY_WEATHER|DELAY_CARRIER
FSM,4,18,-5.11,-11.33,2,33.0,22.0,1,65.0,62.0,DELAY_LATE_AIRCRAFT|DELAY_WEATHER
FSM,5,14,-1.93,-3.64,4,23.25,27.5,2,149.5,153.5,DELAY_NAS|CANC_WEATHER|DELAY_CARRIER
FSM,6,15,-4.13,-9.87,4,38.0,31.5,4,170.0,159.75,DELAY_LATE_AIRCRAFT|DELAY_NAS|DELAY_CARRIER
FSM,7,21,-5.48,-9.05,3,28.67,33.33,3,197.33,187.0,DELAY_LATE_AIRCRAFT|CANC_CARRIER|DELAY_CARRIER
FSM,8,12,-3.92,-9.25,3,27.0,16.67,2,89.5,83.5,DELAY_LATE_AIRCRAFT|DELAY_CARRIER|DELAY_WEATHER
FSM,9,16,-2.56,-4.94,1,21.0,3.0,2,142.5,120.5,DELAY_NAS|DELAY_LATE_AIRCRAFT
FSM,10,19,-6.63,-14.79,2,26.5,18.0,0,,,DELAY_LATE_AIRCRAFT
FSM,11,16,-5.0,-20.75,2,24.0,16.5,0,,,CANC_WEATHER|DELAY_CARRIER|DELAY_LATE_AIRCRAFT
FSM,12,14,-5.79,-13.29,0,,,3,152.0,174.67,DELAY_LATE_AIRCRAFT|CANC_WEATHER|DELAY_NAS
FWA,1,34,-2.53,-3.94,9,30.56,43.33,12,134.33,132.25,DELAY_CARRIER|CANC_WEATHER|DELAY_NAS
FWA,2,47,-3.62,-10.89,2,19.0,8.0,7,130.0,122.71,DELAY_CARRIER|DELAY_NAS|DELAY_LATE_AIRCRAFT
FWA,3,54,-4.65,-14.78,8,35.88,37.38,5,133.8,127.0,DELAY_CARRIER|DELAY_NAS|DELAY_LATE_AIRCRAFT
FWA,4,71,-4.11,-10.59,9,30.67,27.44,8,134.5,136.62,DELAY_NAS|DELAY_CARRIER|DELAY_LATE_AIRCRAFT
FWA,5,38,-5.47,-8.03,12,31.42,26.42,9,180.11,183.56,DELAY_CARRIER|DELAY_LATE_AIRCRAFT|DELAY_NAS
FWA,6,63,-3.86,-8.11,12,30.33,30.25,10,137.5,130.1,DELAY_CARRIER|DELAY_LATE_AIRCRAFT|DELAY_NAS
FWA,7,51,-5.76,-7.0,10,31.8,31.7,10,129.0,129.1,DELAY_CARRIER|DELAY_LATE_AIRCRAFT|DELAY_NAS
FWA,8,56,-3.52,-7.36,13,30.46,28.38,14,147.07,149.36,DELAY_CARRIER|DELAY_LATE_AIRCRAFT|DELAY_NAS
FWA,9,84,-5.24,-10.51,8,37.88,34.88,7,114.0,121.71,DELAY_CARRIER|DELAY_NAS|DELAY_LATE_AIRCRAFT
FWA,10,83,-6.49,-13.23,8,22.38,22.12,6,126.33,115.83,DELAY_CARRIER|DELAY_LATE_AIRCRAFT|DELAY_NAS
FWA,11,92,-5.09,-12.2,9,23.0,12.22,6,146.33,133.17,DELAY_CARRIER|DELAY_NAS|DELAY_LATE_AIRCRAFT
FWA,12,76,-4.64,-10.91,8,26.62,21.75,13,234.38,232.23,DELAY_CARRIER|DELAY_LATE_AIRCRAFT|DELAY_NAS
GCC,1,12,-6.25,-19.75,1,38.0,27.0,1,299.0,311.0,CANC_WEATHER|DELAY_LATE_AIRCRAFT|DELAY_WEATHER
GCC,2,12,-5.5,-22.5,1,19.0,16.0,0,,,DELAY_LATE_AIRCRAFT
GCC,3,12,-9.42,-25.67,1,15.0,1.0,1,252.0,262.0,DELAY_LATE_AIRCRAFT
GCC,4,9,-4.89,-17.11,0,,,0,,,CANC_WEATHER
GCC,5,10,-5.6,-9.6,1,42.0,38.0,0,,,DELAY_WEATHER
GCC,6,11,-3.45,-6.55,1,15.0,9.0,1,172.0,166.0,DELAY_CARRIER|DELAY_NAS
GCC,7,10,-8.2,-8.6,1,17.0,8.0,3,128.0,130.33,DELAY_CARRIER|DELAY_LATE_AIRCRAFT
GCC,8,9,-3.0,-6.44,0,,,0,,,DELAY_CARRIER
GCC,9,9,-8.67,-14.11,1,17.0,15.0,0,,,DELAY_LATE_AIRCRAFT
GCC,10,11,-4.91,-13.09,0,,,1,100.0,100.0,CANC_WEATHER|DELAY_WEATHER
GCC,11,10,-9.0,-22.8,0,,,3,102.67,106.33,DELAY_LATE_AIRCRAFT|DELAY_CARRIER
GCC,12,11,-7.55,-14.18,1,46.0,42.0,1,505.0,489.0,DELAY_CARRIER|DELAY_LATE_AIRCRAFT
GCK,1,8,-4.62,-2.38,0,,,2,458.0,452.5,DELAY_CARRIER|DELAY_WEATHER
GCK,2,10,-7.4,-16.3,2,31.0,28.0,0,,,DELAY_LATE_AIRCRAFT|DELAY_NAS
GCK,3,12,-0.58,-1.75,3,35.33,46.67,1,98.0,94.0,DELAY_NAS|DELAY_CARRIER|DELAY_LATE_AIRCRAFT
GCK,4,8,-6.88,-12.5,2,19.5,52.0,2,113.0,119.5,DELAY_LATE_AIRCRAFT|DELAY_NAS
GCK,5,8,-2.62,-7.88,4,27.25,33.75,1,302.0,299.0,DELAY_CARRIER|DELAY_LATE_AIRCRAFT|DELAY_NAS
GCK,6,12,-2.5,4.67,0,,,1,96.0,105.0,CANC_WEATHER|DELAY_LATE_AIRCRAFT|DELAY_NAS
GCK,7,16,-1.12,0.56,2,38.0,62.5,2,107.0,109.0,DELAY_NAS|DELAY_CARRIER|DELAY_LATE_AIRCRAFT
GCK,8,9,-0.78,-1.78,2,17.0,17.0,2,272.5,274.0,DELAY_LATE_AIRCRAFT|DELAY_CARRIER|DELAY_WEATHER
GCK,9,14,-3.5,-6.57,1,30.0,9.0,0,,,N/D
GCK,10,15,-5.93,-10.47,0,,,0,,,DELAY_NAS
GCK,11,11,0.0,-5.82,0,,,0,,,CANC_WEATHER|DELAY_CARRIER
GCK,12,8,-1.38,-7.25,0,,,0,,,N/D
GEG,1,213,-3.45,-9.38,33,33.88,32.73,15,257.47,256.4,DELAY_CARRIER|DELAY_LATE_AIRCRAFT|DELAY_NAS
GEG,2,205,-3.89,-9.07,17,32.65,32.65,4,219.5,197.25,DELAY_NAS|DELAY_LATE_AIRCRAFT|DELAY_CARRIER
GEG,3,237,-4.17,-7.32,27,34.37,26.81,12,262.67,249.33,DELAY_LATE_AIRCRAFT|DELAY_NAS|DELAY_CARRIER
GEG,4,245,-5.02,-10.02,24,32.83,23.54,6,124.0,141.0,DELAY_CARRIER|DELAY_LATE_AIRCRAFT|DELAY_NAS
GEG,5,272,-3.54,-8.19,33,33.27,25.94,8,101.62,103.88,DELAY_LATE_AIRCRAFT|DELAY_NAS|DELAY_CARRIER
GEG,6,252,-2.76,-7.14,36,30.53,21.44,18,117.17,106.06,DELAY_LATE_AIRCRAFT|DELAY_CARRIER|DELAY_NAS
GEG,7,232,-2.5,-6.8,39,29.03,22.0,22,221.73,220.59,DELAY_LATE_AIRCRAFT|DELAY_CARRIER|CANC_CARRIER
GEG,8,278,-3.56,-5.42,36,31.86,26.81,15,190.4,190.07,DELAY_LATE_AIRCRAFT|DELAY_CARRIER|DELAY_NAS
GEG,9,250,-3.79,-8.04,28,31.57,26.79,7,270.43,270.0,DELAY_LATE_AIRCRAFT|DELAY_NAS|DELAY_CARRIER
GEG,10,262,-4.47,-7.13,15,30.93,22.6,8,175.25,173.88,DELAY_CARRIER|DELAY_NAS|DELAY_LATE_AIRCRAFT
GEG,11,251,-4.52,-9.6,28,26.43,18.5,11,124.45,114.45,DELAY_LATE_AIRCRAFT|DELAY_NAS|DELAY_CARRIER
GEG,12,244,-2.86,-6.47,40,28.75,22.43,13,161.85,162.31,DELAY_NAS|DELAY_LATE_AIRCRAFT|DELAY_CARRIER
GFK,1,18,-6.94,-13.89,2,35.0,28.5,0,,,DELAY_CARRIER
GFK,2,20,-7.7,-19.9,1,59.0,63.0,2,205.0,182.5,DELAY_WEATHER|CANC_WEATHER
GFK,3,20,-7.1,-15.45,1,53.0,68.0,1,85.0,77.0,DELAY_WEATHER|DELAY_CARRIER
GFK,4,19,-8.68,-14.47,1,39.0,36.0,0,,,DELAY_CARRIER
GFK,5,22,-5.86,-13.91,0,,,0,,,N/D
GFK,6,15,-7.33,-2.2,4,38.0,40.25,2,137.0,137.5,DELAY_CARRIER|DELAY_NAS|DELAY_WEATHER
GFK,7,10,-5.0,0.2,4,33.25,29.0,1,134.0,125.0,DELAY_CARRIER|DELAY_NAS|DELAY_WEATHER
GFK,8,20,-6.05,-7.9,2,39.5,44.5,2,153.5,158.0,DELAY_NAS|DELAY_CARRIER|DELAY_WEATHER
GFK,9,18,-10.11,-10.94,2,20.0,2.0,0,,,DELAY_CARRIER
GFK,10,19,-7.47,-18.58,0,,,2,113.0,125.0,DELAY_WEATHER
GFK,11,21,-6.24,-12.76,0,,,0,,,N/D
GFK,12,14,-4.29,-15.29,1,27.0,23.0,1,232.0,231.0,DELAY_NAS|DELAY_LATE_AIRCRAFT
GGG,1,16,-5.38,-3.62,0,,,0,,,DELAY_CARRIER|CANC_WEATHER
GGG,2,8,-8.12,-18.62,0,,,2,195.0,209.0,DELAY_CARRIER
GGG,3,15,-8.27,-12.47,1,48.0,56.0,0,,,DELAY_LATE_AIRCRAFT
GGG,4,14,-6.64,-6.36,0,,,3,190.33,185.67,DELAY_WEATHER|DELAY_NAS
GGG,5,9,-6.78,-5.11,0,,,5,186.4,184.6,DELAY_CARRIER|DELAY_WEATHER|CANC_WEATHER
GGG,6,8,-8.25,-14.62,0,,,2,101.0,97.0,DELAY_CARRIER|DELAY_LATE_AIRCRAFT
GGG,7,13,-6.46,-16.08,1,28.0,33.0,0,,,CANC_WEATHER|DELAY_LATE_AIRCRAFT|DELAY_NAS
GGG,8,8,-3.75,7.75,0,,,1,141.0,138.0,DELAY_NAS|DELAY_CARRIER
GGG,9,7,-5.0,-11.86,0,,,2,108.0,103.0,DELAY_CARRIER|DELAY_LATE_AIRCRAFT
GGG,10,18,-6.22,-10.67,4,37.25,32.75,1,214.0,203.0,DELAY_CARRIER|DELAY_NAS
GGG,11,5,-0.4,2.0,1,16.0,14.0,1,101.0,100.0,CANC_WEATHER|DELAY_WEATHER
GGG,12,4,-2.25,-7.75,1,22.0,7.0,1,65.0,54.0,CANC_WEATHER|DELAY_CARRIER
GJT,1,40,-5.85,-8.4,3,30.67,29.33,5,133.6,123.4,DELAY_CARRIER|DELAY_LATE_AIRCRAFT|DELAY_WEATHER
GJT,2,36,-8.47,-10.81,2,47.0,39.5,4,170.75,168.25,DELAY_CARRIER|DELAY_LATE_AIRCRAFT|DELAY_NAS
GJT,3,46,-6.43,-6.0,2,20.0,26.0,2,690.0,703.5,DELAY_NAS|DELAY_CARRIER|CANC_WEATHER
GJT,4,55,-5.95,-4.22,3,34.0,29.0,2,173.0,154.0,DELAY_NAS|DELAY_CARRIER|DELAY_LATE_AIRCRAFT
GJT,5,42,-5.88,-7.07,5,31.0,20.8,8,131.5,136.75,DELAY_LATE_AIRCRAFT|DELAY_CARRIER|DELAY_NAS
GJT,6,67,-5.87,-8.45,9,30.78,20.11,10,147.6,149.9,DELAY_LATE_AIRCRAFT|DELAY_CARRIER|DELAY_WEATHER
GJT,7,54,-5.98,-10.33,11,27.0,26.91,6,293.67,289.67,DELAY_CARRIER|DELAY_LATE_AIRCRAFT|DELAY_NAS
GJT,8,61,-6.16,-9.7,8,32.5,31.12,6,173.83,164.83,DELAY_CARRIER|DELAY_NAS|DELAY_LATE_AIRCRAFT
GJT,9,61,-6.56,-8.8,6,28.5,27.17,4,135.5,124.0,DELAY_CARRIER|DELAY_WEATHER|DELAY_LATE_AIRCRAFT
GJT,10,73,-6.18,-14.52,2,33.5,26.5,6,293.0,280.17,DELAY_CARRIER|DELAY_LATE_AIRCRAFT|DELAY_NAS
GJT,11,66,-4.08,-10.98,4,32.25,30.25,6,124.33,134.67,DELAY_LATE_AIRCRAFT|DELAY_NAS|DELAY_CARRIER
GJT,12,81,-5.14,-11.02,3,30.67,21.67,2,116.5,112.5,DELAY_NAS|DELAY_CARRIER|DELAY_LATE_AIRCRAFT
GNV,1,38,-4.82,-13.55,6,27.33,21.5,5,118.4,106.4,DELAY_CARRIER|DELAY_LATE_AIRCRAFT
GNV,2,33,-5.79,-12.76,2,32.5,15.0,2,275.5,244.5,DELAY_CARRIER|DELAY_LATE_AIRCRAFT
GNV,3,31,-6.26,-9.06,5,27.0,14.8,3,114.33,109.67,DELAY_CARRIER|DELAY_NAS|DELAY_LATE_AIRCRAFT
GNV,4,41,-6.0,-11.66,2,50.0,43.0,3,86.67,96.33,DELAY_LATE_AIRCRAFT|DELAY_NAS
GNV,5,42,-5.62,-9.98,6,36.33,34.33,6,273.0,277.33,DELAY_LATE_AIRCRAFT|DELAY_WEATHER|DELAY_CARRIER
GNV,6,43,-5.65,-14.95,6,36.5,26.33,4,90.5,86.5,DELAY_LATE_AIRCRAFT|DELAY_CARRIER|CANC_WEATHER
GNV,7,38,-7.74,-12.68,7,31.71,28.57,7,238.29,246.57,DELAY_LATE_AIRCRAFT|DELAY_CARRIER|DELAY_NAS
GNV,8,57,-6.16,-10.51,7,31.57,25.86,5,115.6,100.4,DELAY_LATE_AIRCRAFT|CANC_WEATHER|DELAY_NAS
GNV,9,61,-7.3,-17.02,1,53.0,54.0,3,107.0,93.33,CANC_WEATHER|DELAY_LATE_AIRCRAFT|DELAY_CARRIER
GNV,10,58,-8.12,-13.62,1,24.0,22.0,0,,,CANC_WEATHER|DELAY_LATE_AIRCRAFT|DELAY_NAS
GNV,11,36,-9.53,-14.42,7,34.57,21.29,0,,,DELAY_LATE_AIRCRAFT|DELAY_CARRIER|DELAY_NAS
GNV,12,30,-5.0,-7.1,5,19.6,16.2,3,115.67,113.67,DELAY_LATE_AIRCRAFT|DELAY_NAS|DELAY_WEATHER
GPT,1,33,-4.55,-10.82,5,37.2,37.2,3,437.33,441.33,DELAY_WEATHER|DELAY_LATE_AIRCRAFT|DELAY_NAS
GPT,2,47,-7.4,-9.77,3,26.67,32.33,2,181.5,172.0,DELAY_NAS|DELAY_WEATHER|DELAY_CARRIER
GPT,3,58,-6.03,-9.67,4,35.5,30.5,2,451.5,438.5,DELAY_CARRIER|DELAY_LATE_AIRCRAFT|DELAY_WEATHER
GPT,4,41,-4.66,-6.78,3,29.67,22.33,2,89.5,88.0,DELAY_NAS|DELAY_CARRIER|CANC_WEATHER
GPT,5,44,-4.23,-4.73,5,31.4,28.6,8,220.0,225.12,DELAY_LATE_AIRCRAFT|DELAY_NAS|DELAY_WEATHER
GPT,6,47,-7.06,-14.51,10,34.7,26.7,5,224.4,220.2,DELAY_LATE_AIRCRAFT|DELAY_CARRIER|DELAY_NAS
GPT,7,47,-6.96,-10.43,7,41.0,47.43,8,241.12,227.75,DELAY_LATE_AIRCRAFT|DELAY_CARRIER|DELAY_NAS
GPT,8,45,-8.24,-12.4,5,29.4,18.8,2,190.5,179.5,DELAY_CARRIER|DELAY_LATE_AIRCRAFT|DELAY_NAS
GPT,9,48,-7.31,-8.23,5,22.8,19.0,7,218.86,211.14,DELAY_CARRIER|DELAY_LATE_AIRCRAFT|DELAY_NAS
GPT,10,53,-6.98,-7.47,4,29.5,21.25,1,278.0,275.0,DELAY_CARRIER|DELAY_LATE_AIRCRAFT|DELAY_NAS
GPT,11,42,-8.21,-11.05,4,35.25,30.5,2,229.0,229.0,DELAY_CARRIER|DELAY_WEATHER
GPT,12,39,-5.38,-8.62,5,33.6,38.8,7,172.71,170.86,DELAY_CARRIER|DELAY_LATE_AIRCRAFT|DELAY_NAS
GRB,1,49,-3.41,-5.84,2,24.5,13.5,13,187.85,178.62,DELAY_NAS|DELAY_CARRIER|DELAY_WEATHER
GRB,2,56,-6.91,-15.88,4,24.0,11.5,4,136.5,120.0,DELAY_CARRIER|CANC_WEATHER|DELAY_WEATHER
GRB,3,75,-5.56,-12.39,4,37.25,25.25,4,162.75,151.0,DELAY_CARRIER|DELAY_NAS|DELAY_WEATHER
GRB,4,76,-4.01,-6.61,4,30.5,32.0,4,210.75,208.75,DELAY_CARRIER|DELAY_LATE_AIRCRAFT|CANC_WEATHER
GRB,5,54,-5.74,-11.89,5,42.4,36.0,12,123.33,121.92,DELAY_CARRIER|DELAY_LATE_AIRCRAFT|CANC_WEATHER
GRB,6,62,-5.68,-4.94,7,35.14,30.71,8,358.62,363.88,DELAY_CARRIER|DELAY_NAS|DELAY_LATE_AIRCRAFT
GRB,7,41,-5.95,-7.02,2,25.0,19.0,5,168.4,172.6,DELAY_CARRIER|DELAY_WEATHER|CANC_NAS
GRB,8,60,-4.88,-2.72,8,39.25,38.75,7,124.57,117.43,DELAY_CARRIER|DELAY_NAS|DELAY_LATE_AIRCRAFT
GRB,9,74,-5.12,-8.31,6,31.67,26.67,3,73.67,68.0,DELAY_CARRIER|DELAY_LATE_AIRCRAFT
GRB,10,61,-4.95,-11.51,2,39.0,40.0,4,82.0,71.75,DELAY_CARRIER|DELAY_LATE_AIRCRAFT|DELAY_NAS
GRB,11,54,-4.93,-10.13,8,28.5,22.38,3,124.33,114.67,DELAY_CARRIER|DELAY_NAS|CANC_WEATHER
GRB,12,47,-4.47,-10.3,6,37.5,33.5,6,100.33,85.83,DELAY_CARRIER|CANC_WEATHER|DELAY_NAS
GRI,1,8,-5.5,-15.25,2,36.5,30.5,1,141.0,137.0,CANC_WEATHER|DELAY_CARRIER|DELAY_LATE_AIRCRAFT
GRI,2,16,-7.69,-19.0,1,39.0,2.0,1,410.0,408.0,DELAY_CARRIER
GRI,3,16,-4.5,-21.56,1,49.0,37.0,2,75.5,92.0,DELAY_WEATHER|DELAY_LATE_AIRCRAFT
GRI,4,11,-5.82,-8.45,1,16.0,4.0,3,355.33,361.33,DELAY_CARRIER|DELAY_WEATHER
GRI,5,3,-0.33,-9.33,0,,,1,371.0,364.0,CANC_WEATHER|DELAY_WEATHER
GRI,6,6,-5.5,-6.33,1,31.0,20.0,1,61.0,50.0,DELAY_CARRIER|CANC_NAS
GRI,7,19,-7.21,-7.0,4,29.5,25.75,1,172.0,164.0,DELAY_CARRIER|DELAY_LATE_AIRCRAFT|DELAY_WEATHER
GRI,8,10,-7.8,-8.5,3,35.67,35.33,2,75.0,74.5,DELAY_CARRIER|DELAY_LATE_AIRCRAFT
GRI,9,13,-4.0,-4.85,3,34.33,57.67,3,236.33,229.33,DELAY_CARRIER|DELAY_WEATHER|DELAY_NAS
GRI,10,13,-5.0,-9.15,1,27.0,37.0,2,117.5,133.0,DELAY_LATE_AIRCRAFT|DELAY_CARRIER
GRI,11,11,-2.0,3.18,1,16.0,7.0,1,159.0,131.0,DELAY_NAS|DELAY_CARRIER
GRI,12,13,-5.31,-15.08,3,23.33,20.33,3,181.33,174.0,DELAY_CARRIER|DELAY_LATE_AIRCRAFT|DELAY_WEATHER
GRK,1,17,-4.76,-4.76,6,31.33,33.0,1,269.0,262.0,DELAY_CARRIER|DELAY_NAS|DELAY_LATE_AIRCRAFT
GRK,2,17,-5.29,-7.18,1,24.0,42.0,0,,,DELAY_WEATHER
GRK,3,19,-3.74,-7.37,4,29.5,33.0,3,90.0,80.0,DELAY_LATE_AIRCRAFT|DELAY_CARRIER|DELAY_NAS
GRK,4,26,-4.38,-7.73,3,45.33,46.0,3,180.0,182.33,DELAY_LATE_AIRCRAFT|DELAY_NAS|CANC_WEATHER
GRK,5,22,-3.95,-9.73,5,29.6,23.2,3,143.67,168.33,DELAY_LATE_AIRCRAFT|DELAY_CARRIER|DELAY_WEATHER
GRK,6,20,-4.05,-6.85,8,37.25,36.0,10,155.1,145.3,DELAY_LATE_AIRCRAFT|CANC_NAS|DELAY_NAS
GRK,7,26,-3.31,-7.85,8,30.88,23.0,3,124.0,120.0,DELAY_LATE_AIRCRAFT|DELAY_CARRIER|DELAY_NAS
GRK,8,27,-4.81,-6.81,4,34.5,34.25,2,198.0,189.0,DELAY_LATE_AIRCRAFT|DELAY_CARRIER
GRK,9,21,-3.1,-5.57,2,46.0,47.0,4,158.5,157.5,DELAY_CARRIER|DELAY_LATE_AIRCRAFT
GRK,10,28,-5.0,-6.25,2,20.5,15.0,0,,,DELAY_CARRIER|DELAY_NAS
GRK,11,27,-3.7,-8.81,1,37.0,28.0,1,222.0,210.0,CANC_WEATHER|DELAY_CARRIER|DELAY_LATE_AIRCRAFT
GRK,12,27,-4.7,-0.22,3,38.33,39.67,0,,,DELAY_NAS|DELAY_LATE_AIRCRAFT|DELAY_CARRIER
GRR,1,226,-4.35,-6.89,39,29.33,26.31,31,193.55,205.87,DELAY_NAS|DELAY_LATE_AIRCRAFT|DELAY_CARRIER
GRR,2,260,-6.48,-19.29,8,26.62,3.12,12,152.67,140.75,DELAY_NAS|DELAY_LATE_AIRCRAFT|DELAY_WEATHER
GRR,3,273,-5.55,-11.16,31,35.23,31.68,17,192.59,190.88,DELAY_NAS|DELAY_LATE_AIRCRAFT|DELAY_CARRIER
GRR,4,296,-6.46,-14.77,28,35.64,31.18,16,144.31,135.06,DELAY_LATE_AIRCRAFT|DELAY_CARRIER|DELAY_NAS
GRR,5,242,-5.85,-11.33,27,29.3,21.48,28,148.57,152.96,DELAY_LATE_AIRCRAFT|DELAY_CARRIER|DELAY_NAS
GRR,6,252,-3.23,-8.08,37,31.7,28.76,15,158.07,157.47,DELAY_LATE_AIRCRAFT|DELAY_CARRIER|DELAY_NAS
GRR,7,236,-4.14,-6.81,36,35.75,33.5,28,145.64,146.25,DELAY_LATE_AIRCRAFT|DELAY_NAS|DELAY_CARRIER
GRR,8,220,-4.39,-8.08,46,32.04,31.85,20,188.6,192.15,DELAY_LATE_AIRCRAFT|DELAY_NAS|DELAY_CARRIER
GRR,9,253,-4.79,-10.85,21,28.95,25.62,8,133.38,132.75,DELAY_CARRIER|DELAY_NAS|DELAY_LATE_AIRCRAFT
GRR,10,254,-4.4,-11.31,14,29.36,21.43,11,299.82,293.18,DELAY_CARRIER|DELAY_NAS|DELAY_LATE_AIRCRAFT
GRR,11,222,-5.88,-10.45,27,30.22,28.15,17,251.88,265.35,DELAY_CARRIER|DELAY_NAS|DELAY_LATE_AIRCRAFT
GRR,12,271,-4.87,-9.11,35,31.31,28.51,20,148.25,150.25,DELAY_NAS|DELAY_CARRIER|DELAY_LATE_AIRCRAFT
GSO,1,150,-5.92,-10.66,12,36.17,33.75,17,222.94,213.29,DELAY_LATE_AIRCRAFT|DELAY_CARRIER|DELAY_NAS
GSO,2,161,-6.91,-17.0,19,29.0,19.84,6,151.17,136.33,DELAY_LATE_AIRCRAFT|DELAY_NAS|DELAY_CARRIER
GSO,3,164,-5.81,-12.43,10,25.0,20.0,8,166.5,172.75,DELAY_LATE_AIRCRAFT|DELAY_NAS|DELAY_CARRIER
GSO,4,187,-4.97,-6.5,10,30.9,29.2,7,183.86,174.0,DELAY_NAS|DELAY_LATE_AIRCRAFT|DELAY_CARRIER
GSO,5,175,-5.25,-7.21,15,36.6,32.0,14,170.93,173.07,DELAY_NAS|DELAY_CARRIER|DELAY_LATE_AIRCRAFT
GSO,6,179,-4.85,-10.79,10,31.2,32.1,19,167.68,163.63,DELAY_LATE_AIRCRAFT|DELAY_NAS|DELAY_CARRIER
GSO,7,147,-4.61,-7.8,28,31.36,32.46,35,126.8,134.89,DELAY_LATE_AIRCRAFT|DELAY_NAS|DELAY_CARRIER
GSO,8,164,-4.48,-8.54,15,38.67,33.47,14,178.07,177.93,DELAY_CARRIER|DELAY_NAS|DELAY_LATE_AIRCRAFT
GSO,9,201,-4.64,-10.42,14,32.29,26.71,8,266.5,261.62,DELAY_CARRIER|DELAY_LATE_AIRCRAFT|DELAY_NAS
GSO,10,232,-5.73,-11.24,10,26.1,16.2,6,227.17,229.17,DELAY_NAS|DELAY_LATE_AIRCRAFT|DELAY_CARRIER
GSO,11,169,-3.86,-4.57,10,41.4,46.2,6,212.0,207.5,DELAY_NAS|DELAY_CARRIER|DELAY_LATE_AIRCRAFT
GSO,12,152,-2.57,-6.8,23,31.57,23.0,18,123.83,119.28,DELAY_NAS|DELAY_CARRIER|DELAY_LATE_AIRCRAFT
GSP,1,196,-4.69,-10.93,27,34.85,35.22,20,106.25,102.75,DELAY_LATE_AIRCRAFT|DELAY_CARRIER|DELAY_NAS
GSP,2,201,-4.98,-10.3,9,32.22,28.56,11,225.55,220.36,DELAY_CARRIER|DELAY_LATE_AIRCRAFT|DELAY_NAS
GSP,3,220,-5.27,-11.6,25,29.4,23.52,9,128.11,120.33,DELAY_LATE_AIRCRAFT|DELAY_CARRIER|DELAY_NAS
GSP,4,239,-4.25,-9.0,20,32.25,29.35,8,116.62,111.75,DELAY_LATE_AIRCRAFT|DELAY_NAS|DELAY_CARRIER
GSP,5,210,-3.73,-10.0,37,31.89,26.27,24,214.38,207.79,DELAY_LATE_AIRCRAFT|DELAY_CARRIER|DELAY_NAS
GSP,6,241,-4.13,-9.73,27,28.89,22.33,14,238.71,232.07,DELAY_LATE_AIRCRAFT|DELAY_NAS|DELAY_CARRIER
GSP,7,238,-4.19,-8.6,43,33.09,36.77,49,159.35,157.67,DELAY_LATE_AIRCRAFT|DELAY_CARRIER|DELAY_NAS
GSP,8,222,-4.63,-8.86,31,33.35,27.16,23,171.61,168.39,DELAY_LATE_AIRCRAFT|DELAY_NAS|DELAY_CARRIER
GSP,9,217,-4.49,-9.4,18,27.83,23.11,16,136.88,129.56,DELAY_CARRIER|DELAY_LATE_AIRCRAFT|DELAY_NAS
GSP,10,256,-5.06,-11.26,19,28.11,24.0,8,177.0,178.12,DELAY_LATE_AIRCRAFT|DELAY_NAS|DELAY_CARRIER
GSP,11,255,-4.47,-8.92,12,34.83,23.42,6,128.67,120.17,DELAY_NAS|DELAY_CARRIER|DELAY_LATE_AIRCRAFT
GSP,12,220,-3.15,-8.8,35,31.8,23.09,18,122.28,112.61,DELAY_LATE_AIRCRAFT|DELAY_CARRIER|DELAY_NAS
GST,6,8,-14.0,-14.12,0,,,0,,,N/D
GST,7,4,2.5,-1.5,0,,,0,,,CANC_WEATHER|DELAY_SECURITY
GST,8,2,2.0,-10.5,0,,,0,,,N/D
GTF,1,38,-6.76,-15.03,2,26.5,15.5,6,236.0,253.17,DELAY_CARRIER|DELAY_WEATHER|CANC_WEATHER
GTF,2,34,-4.68,-7.12,1,48.0,36.0,2,224.0,204.5,DELAY_CARRIER|DELAY_NAS|DELAY_WEATHER
GTF,3,35,-5.0,-9.66,0,,,1,84.0,79.0,CANC_WEATHER|DELAY_CARRIER|DELAY_LATE_AIRCRAFT
GTF,4,48,-4.88,-9.77,0,,,2,245.5,237.0,DELAY_CARRIER|DELAY_NAS|DELAY_LATE_AIRCRAFT
GTF,5,36,-5.69,-11.83,2,47.0,32.0,1,119.0,117.0,DELAY_CARRIER|DELAY_NAS|DELAY_WEATHER
GTF,6,33,-4.55,-13.82,4,39.0,35.0,0,,,DELAY_CARRIER|DELAY_NAS|DELAY_WEATHER
GTF,7,43,-5.21,-11.23,3,33.0,20.0,1,72.0,50.0,DELAY_LATE_AIRCRAFT|DELAY_NAS|DELAY_CARRIER
GTF,8,32,-5.88,-10.94,2,27.0,34.5,0,,,DELAY_NAS|DELAY_CARRIER
GTF,9,36,-5.61,-15.33,5,35.2,24.4,0,,,DELAY_CARRIER|DELAY_LATE_AIRCRAFT|DELAY_NAS
GTF,10,34,-4.97,-12.0,1,38.0,21.0,0,,,DELAY_CARRIER
GTF,11,28,-6.79,-6.07,2,38.0,36.5,0,,,DELAY_CARRIER|DELAY_NAS
GTF,12,31,-6.13,-14.61,4,27.0,14.25,1,104.0,94.0,DELAY_CARRIER|DELAY_LATE_AIRCRAFT|DELAY_WEATHER
GTR,1,7,-4.86,-22.29,1,38.0,26.0,3,199.33,214.0,DELAY_LATE_AIRCRAFT|CANC_NAS
GTR,2,8,-6.12,-21.75,0,,,0,,,N/D
GTR,3,11,-6.64,-15.64,1,15.0,-3.0,0,,,N/D
GTR,4,14,-6.29,-14.0,2,33.5,23.5,0,,,DELAY_CARRIER|DELAY_LATE_AIRCRAFT
GTR,5,8,0.0,-10.25,1,36.0,44.0,0,,,DELAY_LATE_AIRCRAFT
GTR,6,9,-7.0,-6.56,0,,,0,,,DELAY_NAS
GTR,7,4,-5.0,-13.0,1,37.0,42.0,2,138.0,126.0,DELAY_CARRIER|DELAY_LATE_AIRCRAFT|DELAY_NAS
GTR,8,12,-5.75,-15.08,0,,,0,,,N/D
GTR,9,8,-7.0,-16.25,0,,,1,64.0,50.0,DELAY_CARRIER
GTR,10,14,-6.21,-12.14,0,,,0,,,N/D
GTR,11,11,-6.45,-11.82,0,,,0,,,N/D
GTR,12,6,-6.33,-22.17,0,,,0,,,N/D
GUC,1,10,-8.2,-8.9,1,42.0,44.0,5,267.6,273.4,DELAY_LATE_AIRCRAFT|CANC_WEATHER|DELAY_NAS
GUC,2,14,-5.93,-11.36,0,,,1,107.0,81.0,DELAY_CARRIER|DELAY_NAS
GUC,3,14,-9.64,-18.0,1,52.0,17.0,1,200.0,203.0,DELAY_CARRIER|DELAY_LATE_AIRCRAFT|DELAY_NAS
GUC,4,6,-8.0,-12.33,0,,,0,,,N/D
GUC,5,10,-7.4,-12.0,0,,,2,154.0,162.0,DELAY_NAS|DELAY_CARRIER
GUC,6,9,-9.0,-8.89,3,41.67,26.33,0,,,DELAY_CARRIER|DELAY_LATE_AIRCRAFT
GUC,7,14,-7.29,-17.07,2,35.0,19.0,1,132.0,115.0,DELAY_CARRIER
GUC,8,8,-6.62,-19.88,1,44.0,22.0,1,81.0,94.0,DELAY_CARRIER
GUC,9,12,-8.17,-26.58,0,,,0,,,DELAY_NAS
GUC,10,11,-9.55,-27.36,1,22.0,20.0,1,103.0,109.0,DELAY_CARRIER|DELAY_WEATHER
GUC,11,16,-7.06,-19.75,1,51.0,99.0,1,69.0,104.0,DELAY_CARRIER
GUC,12,23,-7.35,-16.3,1,54.0,16.0,0,,,DELAY_LATE_AIRCRAFT
GUM,1,13,-4.08,-19.0,0,,,0,,,N/D
GUM,2,17,-4.65,-25.59,1,17.0,29.0,0,,,DELAY_CARRIER
GUM,3,12,-0.75,-19.08,0,,,0,,,N/D
GUM,4,10,-8.3,-15.4,1,26.0,-3.0,0,,,N/D
GUM,5,17,-0.88,-14.12,0,,,0,,,N/D
GUM,6,14,0.36,-5.36,0,,,0,,,N/D
GUM,7,6,-5.33,-15.5,1,36.0,24.0,0,,,DELAY_CARRIER
GUM,8,11,-1.36,-8.27,1,60.0,60.0,2,96.5,85.0,DELAY_CARRIER
GUM,9,12,-6.67,-18.92,0,,,1,98.0,67.0,DELAY_CARRIER
GUM,10,17,-7.35,-16.65,0,,,0,,,N/D
GUM,11,12,-2.0,-8.83,0,,,0,,,N/D
GUM,12,13,-1.46,-8.23,0,,,1,95.0,82.0,DELAY_NAS
HDN,1,67,-3.73,-10.73,14,36.14,36.64,5,112.0,102.4,DELAY_LATE_AIRCRAFT|DELAY_NAS|DELAY_CARRIER
HDN,2,65,-5.12,-10.77,15,32.53,33.67,8,137.12,134.0,DELAY_LATE_AIRCRAFT|DELAY_NAS|DELAY_CARRIER
HDN,3,59,-6.9,-14.15,14,36.5,38.86,8,290.88,289.5,DELAY_LATE_AIRCRAFT|DELAY_NAS|CANC_WEATHER
HDN,4,25,-5.04,-7.36,2,44.5,38.0,0,,,DELAY_LATE_AIRCRAFT|DELAY_CARRIER|DELAY_NAS
HDN,5,23,-6.39,-13.52,2,18.0,8.5,1,155.0,163.0,DELAY_NAS|DELAY_LATE_AIRCRAFT
HDN,6,16,-3.44,-9.75,1,43.0,42.0,1,92.0,96.0,DELAY_NAS|CANC_WEATHER|DELAY_CARRIER
HDN,7,21,-3.38,-16.29,5,39.8,27.4,1,72.0,54.0,DELAY_CARRIER|DELAY_LATE_AIRCRAFT
HDN,8,24,-0.21,-8.25,4,29.75,16.0,2,119.5,106.0,DELAY_CARRIER|DELAY_NAS|DELAY_WEATHER
HDN,9,26,-5.0,-12.12,0,,,0,,,DELAY_CARRIER
HDN,10,19,-4.95,-11.05,0,,,0,,,DELAY_CARRIER
HDN,11,22,-5.05,-16.59,1,38.0,30.0,1,139.0,168.0,DELAY_LATE_AIRCRAFT|CANC_WEATHER|DELAY_NAS
HDN,12,41,-5.71,-14.37,13,31.77,26.0,6,182.0,186.83,DELAY_LATE_AIRCRAFT|DELAY_NAS|DELAY_WEATHER
HGR,1,3,-14.33,-15.33,2,31.5,46.0,1,112.0,107.0,DELAY_CARRIER|DELAY_NAS
HGR,2,3,-2.0,-4.0,1,23.0,20.0,0,,,DELAY_CARRIER
HGR,3,4,-1.25,2.0,0,,,0,,,DELAY_NAS
HGR,4,1,3.0,-9.0,4,24.5,15.0,1,129.0,131.0,DELAY_CARRIER|DELAY_LATE_AIRCRAFT
HGR,5,2,-13.5,-16.5,1,28.0,23.0,1,94.0,122.0,DELAY_LATE_AIRCRAFT|DELAY_NAS
HGR,6,5,-10.4,-17.6,4,28.25,22.75,1,78.0,71.0,DELAY_LATE_AIRCRAFT|DELAY_WEATHER
HGR,7,3,-9.33,-23.33,1,41.0,41.0,0,,,DELAY_LATE_AIRCRAFT
HGR,8,5,-13.2,-10.4,1,22.0,6.0,1,90.0,128.0,DELAY_LATE_AIRCRAFT
HGR,9,3,-13.33,-13.0,0,,,0,,,N/D
HGR,10,4,-5.25,-8.75,0,,,1,261.0,262.0,CANC_WEATHER|DELAY_LATE_AIRCRAFT
HGR,11,1,-4.0,0.0,0,,,0,,,N/D
HGR,12,2,3.0,-3.5,2,36.0,22.0,1,285.0,272.0,DELAY_CARRIER|DELAY_LATE_AIRCRAFT
HHH,1,10,-4.5,-8.9,1,33.0,33.0,0,,,CANC_WEATHER|DELAY_LATE_AIRCRAFT|DELAY_NAS
HHH,2,11,-6.91,-12.91,3,27.33,30.0,0,,,DELAY_LATE_AIRCRAFT|CANC_WEATHER
HHH,3,21,-3.95,-4.76,2,27.0,19.5,0,,,DELAY_LATE_AIRCRAFT|DELAY_NAS
HHH,4,26,-4.85,-4.88,3,17.33,13.67,2,133.5,121.0,DELAY_NAS|DELAY_LATE_AIRCRAFT|DELAY_CARRIER
HHH,5,21,-1.48,-4.67,7,29.43,27.29,8,164.62,158.25,DELAY_LATE_AIRCRAFT|DELAY_CARRIER
HHH,6,37,-4.73,-6.65,3,37.67,36.0,7,108.14,94.57,DELAY_LATE_AIRCRAFT|CANC_NAS|DELAY_NAS
HHH,7,37,-6.08,-11.81,8,31.25,19.75,6,134.33,139.0,DELAY_LATE_AIRCRAFT|DELAY_CARRIER|DELAY_NAS
HHH,8,34,-3.41,-10.06,1,25.0,2.0,1,61.0,57.0,DELAY_LATE_AIRCRAFT|CANC_NAS|CANC_WEATHER
HHH,9,31,-5.0,-8.16,4,32.5,33.75,6,113.67,119.83,DELAY_LATE_AIRCRAFT|DELAY_NAS|DELAY_CARRIER
HHH,10,28,-7.75,-7.61,6,29.33,28.33,2,107.0,97.5,DELAY_LATE_AIRCRAFT|DELAY_CARRIER|DELAY_NAS
HHH,11,15,-3.53,-2.4,2,40.5,44.0,0,,,DELAY_NAS|DELAY_LATE_AIRCRAFT
HHH,12,18,-3.78,-5.39,7,35.29,35.29,0,,,DELAY_LATE_AIRCRAFT|DELAY_NAS
HIB,1,9,-8.67,-8.56,0,,,1,63.0,63.0,DELAY_CARRIER|DELAY_WEATHER
HIB,2,11,-6.09,-3.0,1,44.0,25.0,0,,,DELAY_CARRIER|DELAY_NAS|DELAY_WEATHER
HIB,3,9,-7.44,-13.78,0,,,1,75.0,57.0,DELAY_CARRIER|DELAY_NAS
HIB,4,9,-9.22,-23.0,2,33.5,19.0,0,,,DELAY_CARRIER
HIB,5,11,-9.45,-20.36,0,,,0,,,N/D
HIB,6,3,-10.0,-18.67,0,,,1,141.0,143.0,DELAY_CARRIER
HIB,7,7,-7.86,-0.86,1,38.0,34.0,0,,,DELAY_CARRIER
HIB,8,7,-9.71,-4.29,0,,,2,462.5,473.5,DELAY_CARRIER
HIB,9,13,-8.54,-15.77,0,,,0,,,N/D
HIB,10,9,-10.44,-22.0,0,,,2,103.0,90.5,DELAY_CARRIER
HIB,11,13,-13.77,-23.23,0,,,0,,,N/D
HIB,12,8,-8.62,-11.75,2,30.5,8.5,3,141.67,141.67,DELAY_CARRIER|DELAY_WEATHER|CANC_CARRIER
HLN,1,23,-3.61,-2.83,5,19.6,21.2,4,125.75,122.25,DELAY_CARRIER|DELAY_NAS|DELAY_WEATHER
HLN,2,18,-6.39,-2.56,1,44.0,39.0,1,332.0,312.0,DELAY_CARRIER|DELAY_NAS
HLN,3,21,-6.33,-8.81,1,16.0,16.0,3,201.33,200.67,DELAY_CARRIER|DELAY_LATE_AIRCRAFT|DELAY_NAS
HLN,4,23,-7.17,-18.35,1,16.0,-3.0,2,196.5,178.0,DELAY_WEATHER
HLN,5,22,-7.0,-12.77,1,25.0,12.0,4,247.25,243.0,DELAY_CARRIER|DELAY_NAS
HLN,6,17,-7.0,-12.59,2,22.5,38.5,0,,,DELAY_CARRIER|DELAY_NAS
HLN,7,19,-6.11,-8.58,0,,,0,,,DELAY_CARRIER
HLN,8,15,-6.47,-7.4,1,41.0,87.0,1,472.0,481.0,DELAY_LATE_AIRCRAFT|DELAY_NAS
HLN,9,19,-6.16,-10.89,0,,,1,368.0,355.0,DELAY_WEATHER
HLN,10,29,-6.55,-11.07,0,,,0,,,N/D
HLN,11,17,-3.29,-5.76,0,,,0,,,DELAY_NAS
HLN,12,28,-7.07,-16.43,0,,,1,172.0,159.0,DELAY_WEATHER
HNL,1,725,-0.92,-9.07,147,30.42,21.46,57,124.61,110.28,DELAY_LATE_AIRCRAFT|DELAY_CARRIER|CANC_CARRIER
HNL,2,804,-0.95,-8.63,113,27.74,13.94,43,147.72,128.14,DELAY_CARRIER|DELAY_LATE_AIRCRAFT|CANC_CARRIER
HNL,3,915,-1.59,-6.22,83,25.64,21.36,25,125.88,114.2,DELAY_CARRIER|DELAY_LATE_AIRCRAFT|DELAY_NAS
HNL,4,899,-1.7,-5.95,111,28.34,22.77,35,142.09,132.69,DELAY_CARRIER|DELAY_LATE_AIRCRAFT|CANC_CARRIER
HNL,5,830,-1.37,-3.76,120,30.43,29.17,42,122.52,121.71,DELAY_LATE_AIRCRAFT|DELAY_CARRIER|CANC_CARRIER
HNL,6,872,-1.57,-3.98,121,27.34,24.95,31,125.06,117.23,DELAY_CARRIER|DELAY_LATE_AIRCRAFT|DELAY_NAS
HNL,7,968,-1.14,-3.31,111,28.04,25.8,43,116.72,112.33,DELAY_CARRIER|DELAY_LATE_AIRCRAFT|DELAY_NAS
HNL,8,980,-1.79,-7.5,96,29.17,20.5,29,122.62,105.14,DELAY_CARRIER|DELAY_LATE_AIRCRAFT|DELAY_NAS
HNL,9,876,-2.51,-6.8,63,26.67,19.13,11,214.45,200.73,DELAY_CARRIER|DELAY_LATE_AIRCRAFT|DELAY_NAS
HNL,10,872,-1.4,-5.18,87,29.59,25.87,26,109.0,102.77,DELAY_CARRIER|DELAY_LATE_AIRCRAFT|DELAY_NAS
HNL,11,855,-2.57,-6.59,68,28.41,21.22,22,128.41,119.55,DELAY_CARRIER|DELAY_LATE_AIRCRAFT|DELAY_NAS
HNL,12,912,-1.93,-5.34,119,28.71,21.12,29,120.52,110.93,DELAY_CARRIER|DELAY_LATE_AIRCRAFT|DELAY_NAS
HOB,5,1,-7.0,-16.0,0,,,0,,,N/D
HOB,6,7,-8.43,-11.43,1,36.0,47.0,1,686.0,679.0,CANC_WEATHER|DELAY_CARRIER|DELAY_NAS
HOB,7,7,-4.57,-12.57,0,,,2,131.5,122.5,DELAY_CARRIER
HOB,8,8,-5.75,-15.5,1,27.0,57.0,0,,,DELAY_NAS
HOB,9,17,-4.53,-12.76,0,,,1,862.0,840.0,DELAY_CARRIER
HOB,10,8,-4.5,-9.38,1,48.0,37.0,1,339.0,322.0,DELAY_CARRIER|DELAY_LATE_AIRCRAFT
HOB,11,7,-5.29,-6.71,3,23.33,7.67,2,146.5,127.5,DELAY_CARRIER|DELAY_LATE_AIRCRAFT
HOB,12,6,-3.5,-21.67,1,60.0,40.0,0,,,DELAY_CARRIER
HOU,1,637,-0.42,-6.44,211,30.56,26.59,65,128.48,129.51,DELAY_LATE_AIRCRAFT|DELAY_CARRIER|DELAY_NAS
HOU,2,780,-1.42,-6.72,90,27.18,21.19,13,156.0,153.38,DELAY_CARRIER|DELAY_LATE_AIRCRAFT|DELAY_NAS
HOU,3,758,-1.06,-9.63,163,30.6,23.66,62,119.42,115.63,DELAY_LATE_AIRCRAFT|DELAY_CARRIER|DELAY_NAS
HOU,4,727,-0.92,-10.32,172,30.14,20.99,59,114.37,109.07,DELAY_LATE_AIRCRAFT|DELAY_CARRIER|DELAY_NAS
HOU,5,599,0.19,-7.95,216,32.25,27.44,145,139.5,136.7,DELAY_LATE_AIRCRAFT|DELAY_CARRIER|DELAY_NAS
HOU,6,658,0.15,-8.17,230,32.11,24.73,86,124.0,116.43,DELAY_LATE_AIRCRAFT|DELAY_CARRIER|DELAY_NAS
HOU,7,578,0.89,-8.45,265,30.88,25.6,154,123.06,115.49,DELAY_LATE_AIRCRAFT|DELAY_CARRIER|CANC_WEATHER
HOU,8,749,-1.48,-12.63,149,30.89,20.5,47,134.15,124.51,DELAY_LATE_AIRCRAFT|DELAY_CARRIER|DELAY_NAS
HOU,9,728,-1.42,-11.81,103,30.94,20.42,14,95.0,87.5,DELAY_LATE_AIRCRAFT|DELAY_CARRIER|DELAY_NAS
HOU,10,760,-1.49,-12.36,116,29.82,19.77,30,104.27,105.13,DELAY_LATE_AIRCRAFT|DELAY_CARRIER|DELAY_NAS
HOU,11,785,-1.82,-8.61,109,28.02,21.09,31,103.97,101.13,DELAY_LATE_AIRCRAFT|DELAY_CARRIER|DELAY_NAS
HOU,12,663,-0.76,-7.42,154,30.96,25.41,66,138.64,144.64,DELAY_LATE_AIRCRAFT|DELAY_CARRIER|DELAY_NAS
HPN,1,152,-3.97,-6.19,32,30.62,32.19,24,163.71,170.38,DELAY_LATE_AIRCRAFT|DELAY_NAS|DELAY_CARRIER
HPN,2,169,-4.88,-18.19,24,34.46,27.21,12,197.5,191.42,DELAY_LATE_AIRCRAFT|DELAY_CARRIER|CANC_WEATHER
HPN,3,168,-4.78,-15.57,21,27.95,24.05,14,199.57,200.36,DELAY_NAS|DELAY_CARRIER|DELAY_LATE_AIRCRAFT
HPN,4,187,-5.38,-13.49,13,37.15,36.15,16,154.81,170.88,DELAY_LATE_AIRCRAFT|DELAY_NAS|DELAY_CARRIER
HPN,5,164,-5.59,-11.06,27,33.0,28.7,11,160.73,169.64,DELAY_LATE_AIRCRAFT|DELAY_NAS|DELAY_CARRIER
HPN,6,157,-5.71,-14.45,17,29.35,27.24,13,282.38,274.38,DELAY_CARRIER|DELAY_LATE_AIRCRAFT|DELAY_NAS
HPN,7,157,-4.96,-9.64,27,31.41,33.41,32,168.38,170.41,DELAY_LATE_AIRCRAFT|DELAY_CARRIER|DELAY_NAS
HPN,8,153,-6.15,-9.4,28,29.86,38.11,26,170.46,180.15,DELAY_CARRIER|DELAY_LATE_AIRCRAFT|DELAY_NAS
HPN,9,158,-7.27,-9.73,10,38.3,35.2,14,128.79,129.86,DELAY_LATE_AIRCRAFT|DELAY_NAS|DELAY_CARRIER
HPN,10,165,-6.62,-16.18,12,29.5,22.42,10,159.8,152.7,DELAY_CARRIER|DELAY_LATE_AIRCRAFT|CANC_WEATHER
HPN,11,162,-6.8,-17.14,23,31.39,22.48,3,414.0,410.0,DELAY_NAS|DELAY_CARRIER|DELAY_LATE_AIRCRAFT
HPN,12,154,-4.45,-9.71,28,30.43,30.07,33,127.67,126.85,DELAY_LATE_AIRCRAFT|DELAY_NAS|DELAY_WEATHER
HRL,1,63,-2.78,-9.38,6,49.83,42.5,5,144.8,150.6,DELAY_LATE_AIRCRAFT|DELAY_NAS|DELAY_CARRIER
HRL,2,56,-4.0,-7.79,4,25.0,16.75,0,,,DELAY_NAS|DELAY_LATE_AIRCRAFT
HRL,3,48,-4.48,-9.42,8,27.38,20.38,6,170.5,160.83,DELAY_LATE_AIRCRAFT|DELAY_NAS|DELAY_CARRIER
HRL,4,77,-3.73,-8.83,10,27.0,20.9,6,154.5,150.67,DELAY_LATE_AIRCRAFT|DELAY_CARRIER|DELAY_NAS
HRL,5,48,-2.58,-5.52,13,31.0,32.0,4,168.75,173.75,DELAY_LATE_AIRCRAFT|DELAY_NAS|DELAY_CARRIER
HRL,6,45,-2.13,-1.31,10,30.6,29.7,6,129.0,123.0,DELAY_LATE_AIRCRAFT|DELAY_NAS|DELAY_CARRIER
HRL,7,40,-2.65,-0.9,15,30.8,30.2,5,160.0,161.0,DELAY_LATE_AIRCRAFT|DELAY_NAS|DELAY_CARRIER
HRL,8,77,-4.82,-7.87,4,19.5,24.75,4,103.25,97.5,DELAY_LATE_AIRCRAFT|DELAY_NAS|DELAY_CARRIER
HRL,9,65,-2.57,-7.05,6,30.5,28.5,1,171.0,167.0,DELAY_LATE_AIRCRAFT|DELAY_CARRIER|DELAY_NAS
HRL,10,69,-6.09,-9.91,4,29.75,30.75,0,,,DELAY_CARRIER|DELAY_LATE_AIRCRAFT|DELAY_NAS
HRL,11,63,-4.22,-9.27,2,30.5,40.0,2,167.0,157.0,DELAY_LATE_AIRCRAFT|DELAY_CARRIER|DELAY_NAS
HRL,12,74,-2.91,-6.99,9,31.22,43.11,5,145.2,152.8,DELAY_NAS|DELAY_LATE_AIRCRAFT|DELAY_CARRIER
HSV,1,88,-4.06,-7.27,16,31.5,28.0,16,198.38,190.56,DELAY_LATE_AIRCRAFT|DELAY_CARRIER|CANC_WEATHER
HSV,2,112,-5.44,-8.44,11,26.91,23.27,5,106.4,96.4,DELAY_LATE_AIRCRAFT|DELAY_CARRIER|DELAY_NAS
HSV,3,128,-4.44,-8.68,18,28.78,20.5,5,99.4,100.2,DELAY_LATE_AIRCRAFT|DELAY_CARRIER|DELAY_NAS
HSV,4,111,-5.23,-7.95,21,34.57,27.57,13,141.31,133.77,DELAY_LATE_AIRCRAFT|DELAY_CARRIER|DELAY_WEATHER
HSV,5,103,-3.33,-5.65,29,29.41,31.07,17,140.53,152.59,DELAY_LATE_AIRCRAFT|DELAY_CARRIER|DELAY_NAS
HSV,6,113,-4.17,-7.63,18,28.78,28.11,9,224.22,225.67,DELAY_CARRIER|DELAY_LATE_AIRCRAFT|DELAY_NAS
HSV,7,103,-2.99,-6.96,13,22.69,17.15,17,173.35,167.41,DELAY_CARRIER|DELAY_LATE_AIRCRAFT|DELAY_NAS
HSV,8,111,-3.29,-7.46,14,29.64,23.0,9,95.56,88.44,DELAY_CARRIER|DELAY_LATE_AIRCRAFT|DELAY_NAS
HSV,9,126,-4.25,-8.02,20,28.0,24.55,7,181.0,174.14,DELAY_LATE_AIRCRAFT|DELAY_CARRIER|DELAY_NAS
HSV,10,123,-4.14,-10.87,19,33.37,25.53,6,197.0,186.83,DELAY_CARRIER|DELAY_LATE_AIRCRAFT|DELAY_NAS
HSV,11,120,-2.63,-8.99,21,28.38,20.95,5,145.8,142.8,DELAY_CARRIER|DELAY_NAS|DELAY_LATE_AIRCRAFT
HSV,12,81,-1.25,-4.48,26,33.54,26.77,12,227.25,244.0,DELAY_LATE_AIRCRAFT|DELAY_CARRIER|DELAY_NAS
HTS,1,2,-9.5,-5.5,1,24.0,15.0,0,,,DELAY_CARRIER
HTS,2,1,-8.0,-29.0,1,18.0,-1.0,0,,,N/D
HTS,3,3,8.0,11.33,0,,,2,424.0,427.5,DELAY_CARRIER|DELAY_WEATHER
HTS,4,3,2.67,-6.67,0,,,0,,,N/D
HTS,5,3,1.67,-11.33,2,25.5,26.5,3,91.67,98.33,DELAY_LATE_AIRCRAFT|DELAY_CARRIER|DELAY_NAS
HTS,6,8,-5.0,-8.88,3,49.0,46.67,3,164.0,165.0,DELAY_LATE_AIRCRAFT|DELAY_NAS|CANC_WEATHER
HTS,7,14,-4.43,3.64,4,40.25,37.25,2,182.0,173.5,DELAY_LATE_AIRCRAFT|DELAY_NAS|CANC_CARRIER
HTS,8,5,-7.8,-9.0,0,,,2,120.0,139.0,DELAY_CARRIER|DELAY_NAS
HTS,9,5,-6.4,-9.0,0,,,0,,,N/D
HTS,10,2,-0.5,-7.5,0,,,0,,,N/D
HTS,11,2,5.0,-3.5,2,47.5,36.0,1,75.0,70.0,DELAY_CARRIER|DELAY_LATE_AIRCRAFT
HTS,12,1,11.0,9.0,0,,,1,91.0,85.0,CANC_WEATHER|DELAY_LATE_AIRCRAFT
HYA,5,1,0.0,-10.0,0,,,1,94.0,86.0,DELAY_LATE_AIRCRAFT
HYA,6,5,-6.2,1.4,1,59.0,80.0,1,109.0,109.0,DELAY_LATE_AIRCRAFT|DELAY_NAS
HYA,7,11,-1.91,1.18,1,22.0,27.0,2,189.0,184.5,DELAY_CARRIER|DELAY_LATE_AIRCRAFT
HYA,8,14,-2.29,4.21,1,33.0,45.0,2,652.5,674.5,DELAY_NAS|DELAY_CARRIER|DELAY_LATE_AIRCRAFT
HYA,9,3,-6.0,13.67,0,,,0,,,DELAY_NAS
HYS,1,5,-8.8,-13.4,3,26.0,18.67,2,227.5,234.5,DELAY_LATE_AIRCRAFT|DELAY_WEATHER
HYS,2,7,-8.0,-13.57,0,,,0,,,DELAY_NAS
HYS,3,7,-9.43,-9.86,0,,,0,,,N/D
HYS,4,11,-4.73,-5.82,0,,,1,69.0,68.0,DELAY_NAS|DELAY_LATE_AIRCRAFT
HYS,5,7,-2.43,-11.29,2,38.0,32.0,1,240.0,239.0,DELAY_LATE_AIRCRAFT|DELAY_WEATHER
HYS,6,8,-4.75,-10.0,0,,,0,,,N/D
HYS,7,8,-6.12,-16.38,0,,,1,460.0,459.0,DELAY_CARRIER
HYS,8,6,-6.5,-22.0,2,21.5,7.0,1,101.0,90.0,DELAY_LATE_AIRCRAFT
HYS,9,11,-8.91,-24.45,0,,,2,282.5,268.5,DELAY_CARRIER
HYS,10,12,-7.67,-16.42,0,,,0,,,N/D
HYS,11,9,-9.33,-9.67,0,,,0,,,N/D
HYS,12,11,-6.09,-10.0,0,,,0,,,N/D
IAD,1,600,-2.29,-6.47,89,30.45,29.52,50,151.24,147.2,DELAY_NAS|CANC_CARRIER|DELAY_CARRIER
IAD,2,670,-4.11,-12.85,50,30.82,16.58,21,133.67,126.33,DELAY_NAS|DELAY_CARRIER|DELAY_LATE_AIRCRAFT
IAD,3,734,-3.76,-13.55,81,33.4,24.51,44,136.66,125.18,DELAY_CARRIER|DELAY_NAS|DELAY_LATE_AIRCRAFT
IAD,4,710,-3.66,-8.8,81,30.15,23.15,42,123.64,114.33,DELAY_NAS|DELAY_LATE_AIRCRAFT|DELAY_CARRIER
IAD,5,762,-2.68,-6.66,111,29.29,25.52,58,176.83,171.03,DELAY_NAS|DELAY_LATE_AIRCRAFT|DELAY_CARRIER
IAD,6,761,-2.3,-6.61,97,30.67,24.61,56,183.66,176.71,DELAY_NAS|DELAY_CARRIER|DELAY_LATE_AIRCRAFT
IAD,7,722,-2.01,-7.55,135,29.99,24.84,83,159.11,151.3,DELAY_CARRIER|DELAY_LATE_AIRCRAFT|DELAY_NAS
IAD,8,711,-2.08,-9.02,98,33.05,27.79,101,198.57,189.16,DELAY_CARRIER|DELAY_NAS|DELAY_LATE_AIRCRAFT
IAD,9,748,-3.71,-10.97,62,29.73,22.18,38,168.74,159.18,DELAY_CARRIER|DELAY_LATE_AIRCRAFT|DELAY_NAS
IAD,10,862,-3.9,-12.6,58,29.47,17.84,33,146.73,132.48,DELAY_CARRIER|DELAY_NAS|DELAY_LATE_AIRCRAFT
IAD,11,841,-3.79,-11.57,73,29.34,24.36,35,214.43,197.26,DELAY_NAS|DELAY_CARRIER|DELAY_LATE_AIRCRAFT
IAD,12,711,-1.88,-9.79,126,29.52,21.12,61,155.51,145.7,DELAY_CARRIER|DELAY_LATE_AIRCRAFT|DELAY_NAS
IAG,1,4,4.25,-0.25,3,37.0,76.33,1,192.0,181.0,DELAY_CARRIER|CANC_WEATHER|DELAY_LATE_AIRCRAFT
IAG,2,4,-5.75,-19.25,3,25.0,-7.67,0,,,N/D
IAG,3,5,-9.4,-25.4,3,32.0,35.0,1,77.0,101.0,DELAY_CARRIER|DELAY_NAS
IAG,4,5,5.6,-9.0,0,,,0,,,N/D
IAG,5,4,-0.5,-9.0,1,53.0,24.0,0,,,DELAY_CARRIER|DELAY_NAS
IAG,6,5,-5.4,-18.2,2,23.5,25.5,2,150.5,154.5,DELAY_CARRIER|CANC_CARRIER|DELAY_LATE_AIRCRAFT
IAG,7,2,-7.0,4.5,1,24.0,20.0,1,91.0,96.0,CANC_CARRIER|DELAY_CARRIER|DELAY_LATE_AIRCRAFT
IAG,8,4,0.75,-2.5,3,26.67,29.67,0,,,DELAY_LATE_AIRCRAFT|DELAY_NAS
IAG,9,6,-1.67,-6.33,1,16.0,0.0,0,,,N/D
IAG,10,4,-3.5,-13.25,0,,,0,,,CANC_WEATHER
IAG,11,3,-6.67,-15.67,0,,,0,,,N/D
IAG,12,4,-9.0,-7.5,2,29.5,32.5,0,,,DELAY_NAS
IAH,1,1201,-1.9,-8.29,242,31.02,24.64,164,170.6,167.36,DELAY_LATE_AIRCRAFT|DELAY_CARRIER|DELAY_NAS
IAH,2,1416,-3.14,-7.42,179,30.67,25.16,80,122.16,116.64,DELAY_CARRIER|DELAY_NAS|DELAY_LATE_AIRCRAFT
IAH,3,1467,-2.19,-8.04,288,31.56,25.22,177,148.38,141.15,DELAY_LATE_AIRCRAFT|DELAY_CARRIER|DELAY_NAS
IAH,4,1459,-2.22,-6.5,269,32.37,26.9,136,133.51,128.04,DELAY_LATE_AIRCRAFT|DELAY_CARRIER|DELAY_NAS
IAH,5,1167,-1.17,-3.13,341,32.26,29.32,380,158.88,158.92,DELAY_LATE_AIRCRAFT|DELAY_CARRIER|DELAY_NAS
IAH,6,1347,-0.71,-4.86,349,32.38,28.82,283,138.42,135.0,DELAY_LATE_AIRCRAFT|DELAY_CARRIER|DELAY_NAS
IAH,7,1127,-0.43,-4.46,439,33.65,29.5,401,143.96,139.63,DELAY_LATE_AIRCRAFT|DELAY_CARRIER|DELAY_NAS
IAH,8,1456,-1.77,-7.29,311,31.73,24.54,185,148.98,144.57,DELAY_LATE_AIRCRAFT|DELAY_CARRIER|DELAY_NAS
IAH,9,1621,-3.6,-9.85,205,32.3,24.57,100,113.25,105.52,DELAY_LATE_AIRCRAFT|DELAY_CARRIER|DELAY_NAS
IAH,10,1697,-3.17,-10.21,184,31.26,22.85,105,133.52,126.23,DELAY_CARRIER|DELAY_LATE_AIRCRAFT|DELAY_NAS
IAH,11,1613,-2.9,-9.12,175,30.59,22.83,103,128.55,121.59,DELAY_CARRIER|DELAY_LATE_AIRCRAFT|DELAY_NAS
IAH,12,1417,-1.48,-8.04,290,30.72,23.59,160,170.69,170.78,DELAY_CARRIER|DELAY_LATE_AIRCRAFT|DELAY_NAS
ICT,1,108,-4.39,-5.93,20,30.6,31.3,10,265.8,263.3,DELAY_LATE_AIRCRAFT|DELAY_NAS|DELAY_CARRIER
ICT,2,129,-6.04,-10.28,6,31.5,27.67,6,170.33,158.5,DELAY_CARRIER|DELAY_NAS|DELAY_LATE_AIRCRAFT
ICT,3,124,-4.37,-9.06,9,33.67,25.0,6,177.17,169.5,DELAY_LATE_AIRCRAFT|DELAY_CARRIER|DELAY_NAS
ICT,4,140,-4.34,-10.42,17,30.35,22.41,11,208.27,216.55,DELAY_CARRIER|DELAY_LATE_AIRCRAFT|DELAY_NAS
ICT,5,146,-3.53,-7.73,17,31.94,25.53,16,156.88,155.06,DELAY_LATE_AIRCRAFT|DELAY_NAS|DELAY_CARRIER
ICT,6,139,-4.32,-9.46,21,34.38,28.48,14,177.5,174.43,DELAY_LATE_AIRCRAFT|DELAY_CARRIER|DELAY_NAS
ICT,7,120,-3.02,-5.69,27,36.85,38.04,12,124.08,127.42,DELAY_LATE_AIRCRAFT|DELAY_CARRIER|DELAY_NAS
ICT,8,129,-4.6,-7.82,17,34.82,28.88,15,111.93,105.07,DELAY_LATE_AIRCRAFT|DELAY_CARRIER|DELAY_NAS
ICT,9,142,-4.51,-7.08,7,43.0,42.57,10,255.4,253.7,DELAY_CARRIER|DELAY_LATE_AIRCRAFT|DELAY_NAS
ICT,10,161,-4.63,-11.3,15,33.27,24.33,6,161.5,151.5,DELAY_CARRIER|DELAY_NAS|DELAY_WEATHER
ICT,11,150,-4.59,-10.11,27,32.11,30.85,12,119.75,118.17,DELAY_CARRIER|DELAY_LATE_AIRCRAFT|DELAY_NAS
ICT,12,130,-4.22,-10.85,20,26.15,18.75,6,147.5,141.83,DELAY_LATE_AIRCRAFT|DELAY_CARRIER|DELAY_NAS
IDA,1,32,-4.84,-12.09,7,33.14,40.57,4,372.75,367.25,DELAY_CARRIER|DELAY_WEATHER|DELAY_NAS
IDA,2,36,-7.97,-17.25,2,31.5,23.0,1,965.0,1006.0,CANC_WEATHER|DELAY_CARRIER|DELAY_LATE_AIRCRAFT
IDA,3,39,-6.18,-11.9,9,26.33,27.0,2,207.5,201.5,DELAY_CARRIER|DELAY_LATE_AIRCRAFT|DELAY_NAS
IDA,4,42,-6.17,-13.29,2,18.5,7.0,2,88.0,80.0,DELAY_CARRIER|DELAY_WEATHER
IDA,5,65,-6.11,-11.54,2,24.0,11.5,3,118.33,118.0,DELAY_CARRIER|DELAY_WEATHER|DELAY_NAS
IDA,6,57,-5.44,-13.04,3,41.0,31.33,2,123.5,135.5,DELAY_CARRIER|DELAY_LATE_AIRCRAFT|DELAY_WEATHER
IDA,7,44,-4.41,-9.0,9,30.33,18.22,4,174.25,168.75,DELAY_CARRIER|DELAY_LATE_AIRCRAFT|CANC_CARRIER
IDA,8,66,-6.42,-9.29,5,38.4,30.6,0,,,DELAY_CARRIER|DELAY_NAS|DELAY_WEATHER
IDA,9,55,-7.71,-12.24,1,59.0,60.0,2,164.0,163.0,DELAY_CARRIER|DELAY_WEATHER
IDA,10,50,-5.54,-12.76,6,41.0,30.5,3,111.33,110.0,DELAY_CARRIER|DELAY_LATE_AIRCRAFT|DELAY_NAS
IDA,11,39,-6.23,-10.56,8,28.25,45.0,1,242.0,222.0,DELAY_NAS|DELAY_CARRIER|DELAY_LATE_AIRCRAFT
IDA,12,46,-6.15,-13.07,3,34.0,23.0,6,315.33,322.67,DELAY_LATE_AIRCRAFT|DELAY_CARRIER|DELAY_NAS
ILM,1,84,-5.31,-7.63,12,27.75,21.33,6,248.0,257.67,DELAY_LATE_AIRCRAFT|DELAY_NAS|DELAY_CARRIER
ILM,2,93,-6.18,-12.25,5,24.2,15.0,2,229.0,247.5,DELAY_NAS|DELAY_CARRIER|DELAY_LATE_AIRCRAFT
ILM,3,90,-5.24,-14.0,6,25.67,21.67,9,210.78,207.33,DELAY_LATE_AIRCRAFT|DELAY_CARRIER|DELAY_WEATHER
ILM,4,94,-3.94,-7.15,11,30.82,32.0,5,116.8,136.0,DELAY_LATE_AIRCRAFT|DELAY_CARRIER|DELAY_NAS
ILM,5,111,-5.01,-8.16,10,31.1,33.8,4,157.5,160.5,DELAY_LATE_AIRCRAFT|DELAY_NAS|DELAY_CARRIER
ILM,6,125,-4.57,-11.01,11,31.27,23.09,12,256.08,250.5,DELAY_LATE_AIRCRAFT|DELAY_CARRIER|DELAY_NAS
ILM,7,125,-3.08,-5.38,29,30.93,29.17,17,143.35,139.59,DELAY_LATE_AIRCRAFT|DELAY_NAS|DELAY_CARRIER
ILM,8,129,-3.35,-7.26,25,32.6,35.96,21,186.9,180.67,DELAY_LATE_AIRCRAFT|DELAY_NAS|DELAY_CARRIER
ILM,9,121,-4.95,-10.79,15,33.4,34.0,8,148.88,142.88,DELAY_LATE_AIRCRAFT|DELAY_CARRIER|DELAY_WEATHER
ILM,10,139,-4.94,-10.32,10,32.8,27.9,7,166.43,158.71,DELAY_LATE_AIRCRAFT|DELAY_NAS|DELAY_CARRIER
ILM,11,113,-4.95,-8.4,8,28.38,26.75,5,148.0,154.4,DELAY_NAS|DELAY_CARRIER|DELAY_LATE_AIRCRAFT
ILM,12,102,-4.12,-8.24,22,31.41,25.36,13,123.62,116.62,DELAY_LATE_AIRCRAFT|DELAY_NAS|DELAY_CARRIER
IMT,1,6,-9.5,-9.67,1,26.0,31.0,4,201.5,193.75,DELAY_CARRIER|DELAY_WEATHER
IMT,2,16,-7.5,-12.94,0,,,0,,,DELAY_CARRIER
IMT,3,6,-11.17,-23.83,2,35.5,25.5,0,,,DELAY_WEATHER
IMT,4,12,-5.58,-13.67,1,56.0,46.0,1,125.0,147.0,DELAY_CARRIER|DELAY_WEATHER
IMT,5,7,-6.57,-15.57,1,21.0,10.0,1,170.0,160.0,DELAY_CARRIER
IMT,6,12,-6.83,6.0,1,47.0,68.0,1,202.0,217.0,DELAY_CARRIER|DELAY_WEATHER
IMT,7,6,-8.5,-1.17,1,16.0,12.0,1,320.0,317.0,DELAY_CARRIER
IMT,8,10,-8.2,-9.3,0,,,3,195.0,188.33,DELAY_CARRIER|DELAY_NAS
IMT,9,13,-7.31,-8.38,1,47.0,51.0,0,,,DELAY_CARRIER
IMT,10,14,-8.29,-17.79,0,,,1,125.0,120.0,DELAY_CARRIER
IMT,11,10,-6.6,-12.8,1,31.0,14.0,2,94.0,80.5,DELAY_CARRIER
IMT,12,7,-7.57,-10.57,3,24.67,26.67,2,109.0,129.0,DELAY_CARRIER
IND,1,522,-2.61,-8.42,106,30.12,27.92,38,147.24,147.76,DELAY_NAS|DELAY_LATE_AIRCRAFT|DELAY_CARRIER
IND,2,648,-3.82,-12.11,50,30.96,25.52,23,215.04,225.26,DELAY_NAS|DELAY_CARRIER|DELAY_LATE_AIRCRAFT
IND,3,723,-3.43,-10.71,79,27.81,27.43,57,137.21,137.25,DELAY_NAS|DELAY_LATE_AIRCRAFT|DELAY_CARRIER
IND,4,684,-3.43,-9.85,63,29.21,22.24,32,143.5,142.75,DELAY_NAS|DELAY_LATE_AIRCRAFT|DELAY_CARRIER
IND,5,639,-2.33,-7.02,114,28.64,23.39,69,145.1,145.23,DELAY_LATE_AIRCRAFT|DELAY_NAS|DELAY_CARRIER
IND,6,687,-2.16,-7.13,95,29.84,24.46,71,134.3,130.17,DELAY_LATE_AIRCRAFT|DELAY_NAS|DELAY_CARRIER
IND,7,605,-2.46,-7.0,148,30.55,27.11,87,155.26,151.62,DELAY_LATE_AIRCRAFT|DELAY_NAS|DELAY_CARRIER
IND,8,631,-3.17,-7.9,84,32.51,25.95,55,173.96,178.62,DELAY_LATE_AIRCRAFT|DELAY_NAS|DELAY_CARRIER
IND,9,652,-3.88,-9.22,56,30.32,26.59,32,119.09,114.16,DELAY_LATE_AIRCRAFT|DELAY_NAS|DELAY_CARRIER
IND,10,774,-3.83,-10.7,72,30.9,23.03,26,105.92,95.81,DELAY_CARRIER|DELAY_LATE_AIRCRAFT|DELAY_NAS
IND,11,664,-4.01,-10.92,64,26.62,23.81,29,132.38,136.17,DELAY_NAS|DELAY_LATE_AIRCRAFT|DELAY_CARRIER
IND,12,678,-2.66,-9.96,76,32.28,27.79,51,142.27,138.88,DELAY_LATE_AIRCRAFT|DELAY_NAS|DELAY_CARRIER
INL,1,11,-10.36,-19.64,0,,,0,,,CANC_WEATHER
INL,2,9,-9.22,-26.44,1,29.0,13.0,0,,,N/D
INL,3,11,-10.09,-21.91,2,29.5,31.0,1,94.0,132.0,DELAY_CARRIER|DELAY_WEATHER
INL,4,7,-11.29,-27.0,0,,,0,,,N/D
INL,5,13,-9.69,-20.23,0,,,1,93.0,88.0,DELAY_WEATHER
INL,6,8,-7.38,-1.88,2,23.5,20.0,2,260.5,268.0,DELAY_CARRIER|CANC_NAS|DELAY_WEATHER
INL,7,6,-3.0,-0.67,5,24.6,22.4,3,448.33,441.67,DELAY_CARRIER|DELAY_WEATHER
INL,8,8,-9.25,-9.88,2,29.5,45.5,1,148.0,162.0,DELAY_WEATHER
INL,9,9,-7.67,-15.67,0,,,0,,,N/D
INL,10,8,-12.12,-20.38,0,,,0,,,N/D
INL,11,10,-11.3,-26.5,0,,,0,,,N/D
INL,12,7,-8.86,-23.71,3,23.0,14.33,1,212.0,245.0,DELAY_CARRIER|DELAY_WEATHER
ISP,1,72,-4.78,-10.76,13,33.0,32.0,8,130.62,122.88,DELAY_LATE_AIRCRAFT|DELAY_CARRIER|DELAY_NAS
ISP,2,84,-5.88,-18.43,14,34.29,33.14,7,318.71,307.57,DELAY_LATE_AIRCRAFT|DELAY_NAS|DELAY_CARRIER
ISP,3,62,-0.77,-11.58,15,33.73,24.27,9,116.56,98.78,DELAY_LATE_AIRCRAFT|DELAY_CARRIER|DELAY_NAS
ISP,4,67,-2.24,-12.72,9,35.22,23.89,11,156.18,163.18,DELAY_LATE_AIRCRAFT|DELAY_NAS|DELAY_CARRIER
ISP,5,52,-4.44,-16.12,11,24.82,25.0,5,141.6,136.6,DELAY_LATE_AIRCRAFT|DELAY_NAS|DELAY_CARRIER
ISP,6,70,-4.63,-14.84,11,29.91,24.55,7,122.71,115.29,DELAY_LATE_AIRCRAFT|DELAY_NAS|DELAY_CARRIER
ISP,7,51,-0.35,-12.39,12,26.75,17.08,6,166.17,154.83,DELAY_LATE_AIRCRAFT|DELAY_NAS|DELAY_CARRIER
ISP,8,53,-1.4,-9.49,10,23.7,19.0,8,198.38,202.62,DELAY_LATE_AIRCRAFT|DELAY_CARRIER|CANC_CARRIER
ISP,9,52,-3.25,-9.15,7,28.43,20.86,4,162.5,153.25,DELAY_CARRIER|DELAY_LATE_AIRCRAFT|CANC_WEATHER
ISP,10,40,-0.6,-12.6,6,20.33,4.67,3,91.33,77.33,DELAY_LATE_AIRCRAFT|DELAY_CARRIER
ISP,11,69,-3.13,-16.17,10,22.5,3.7,1,69.0,40.0,DELAY_CARRIER|DELAY_LATE_AIRCRAFT|DELAY_NAS
ISP,12,68,-1.96,-7.66,16,27.94,24.62,12,143.83,132.08,DELAY_LATE_AIRCRAFT|DELAY_NAS|DELAY_CARRIER
ITH,1,11,-6.45,-12.82,0,,,0,,,DELAY_NAS|CANC_NAS
ITH,2,11,-7.82,-33.73,0,,,0,,,CANC_WEATHER
ITH,3,18,-6.72,-24.89,2,27.5,7.5,0,,,DELAY_LATE_AIRCRAFT|DELAY_NAS
ITH,4,13,-7.62,-22.0,0,,,0,,,N/D
ITH,5,22,-5.64,-15.82,1,31.0,22.0,0,,,DELAY_NAS
ITH,6,9,-4.0,-17.0,1,20.0,13.0,0,,,CANC_NAS
ITH,7,10,-5.4,-12.4,2,43.0,61.5,2,242.0,251.0,DELAY_LATE_AIRCRAFT|CANC_NAS|DELAY_CARRIER
ITH,8,14,-6.0,-16.93,1,23.0,10.0,4,126.0,160.5,CANC_NAS|DELAY_WEATHER|CANC_WEATHER
ITH,9,12,-7.83,-20.75,0,,,0,,,N/D
ITH,10,15,-7.4,-16.0,0,,,0,,,N/D
ITH,11,11,-8.18,-20.82,0,,,0,,,N/D
ITH,12,12,-5.33,-14.17,1,49.0,64.0,0,,,DELAY_NAS
ITO,1,100,-2.79,-0.21,17,27.71,30.65,4,87.0,89.0,DELAY_LATE_AIRCRAFT|DELAY_NAS|DELAY_CARRIER
ITO,2,100,-2.29,-1.66,4,21.25,24.75,2,93.0,95.5,DELAY_LATE_AIRCRAFT|DELAY_CARRIER|DELAY_NAS
ITO,3,110,-1.22,-2.38,5,18.2,13.8,2,70.0,71.0,DELAY_LATE_AIRCRAFT|DELAY_CARRIER
ITO,4,98,-0.98,-2.53,8,26.38,23.5,2,71.5,73.0,DELAY_LATE_AIRCRAFT|CANC_CARRIER|DELAY_CARRIER
ITO,5,91,-1.47,-0.53,15,36.07,39.87,8,80.25,83.62,DELAY_LATE_AIRCRAFT|CANC_CARRIER|DELAY_CARRIER
ITO,6,103,-2.07,-2.31,14,30.5,33.79,1,92.0,91.0,DELAY_LATE_AIRCRAFT|DELAY_CARRIER
ITO,7,96,-2.73,-4.21,10,20.2,17.5,2,108.5,106.5,DELAY_LATE_AIRCRAFT|DELAY_CARRIER|DELAY_NAS
ITO,8,109,-2.22,-5.2,4,19.5,18.25,2,108.5,111.0,CANC_WEATHER|DELAY_CARRIER|DELAY_LATE_AIRCRAFT
ITO,9,84,-3.42,-4.74,9,28.0,26.33,1,96.0,93.0,DELAY_CARRIER|DELAY_LATE_AIRCRAFT
ITO,10,105,-1.9,-3.7,9,24.78,24.78,1,85.0,86.0,DELAY_LATE_AIRCRAFT|DELAY_CARRIER|CANC_CARRIER
ITO,11,102,-2.22,-4.17,7,25.86,22.86,0,,,DELAY_LATE_AIRCRAFT|DELAY_CARRIER
ITO,12,95,-1.6,-3.51,6,26.33,27.33,0,,,DELAY_LATE_AIRCRAFT|DELAY_CARRIER|CANC_WEATHER
JAC,1,78,-3.58,-12.44,17,32.18,19.41,11,165.91,147.27,DELAY_LATE_AIRCRAFT|DELAY_NAS|DELAY_CARRIER
JAC,2,74,-4.66,-11.26,25,33.04,37.96,8,275.62,276.88,DELAY_NAS|DELAY_CARRIER|DELAY_LATE_AIRCRAFT
JAC,3,77,-3.4,-8.95,14,23.71,19.71,11,177.09,170.64,DELAY_NAS|DELAY_LATE_AIRCRAFT|DELAY_CARRIER
JAC,4,38,-7.76,-12.68,7,21.86,17.14,1,153.0,155.0,DELAY_CARRIER|DELAY_NAS|DELAY_LATE_AIRCRAFT
JAC,5,59,-4.69,-7.32,1,34.0,20.0,6,200.67,214.67,DELAY_NAS|DELAY_LATE_AIRCRAFT|DELAY_CARRIER
JAC,6,95,-2.71,-9.18,14,31.86,27.43,6,130.83,125.5,DELAY_NAS|DELAY_LATE_AIRCRAFT|DELAY_CARRIER
JAC,7,100,-4.56,-10.74,17,33.53,24.65,15,131.27,131.33,DELAY_LATE_AIRCRAFT|DELAY_CARRIER|DELAY_NAS
JAC,8,114,-3.6,-7.46,9,37.0,33.44,9,105.67,97.33,DELAY_NAS|DELAY_LATE_AIRCRAFT|DELAY_CARRIER
JAC,9,91,-3.6,-7.6,12,26.0,22.67,6,114.0,107.17,DELAY_LATE_AIRCRAFT|DELAY_NAS|DELAY_CARRIER
JAC,10,76,-6.18,-14.03,2,29.0,21.0,5,170.0,165.6,DELAY_LATE_AIRCRAFT|DELAY_CARRIER|DELAY_NAS
JAC,11,38,-8.37,-23.42,2,40.0,35.5,5,159.0,165.6,DELAY_LATE_AIRCRAFT|CANC_WEATHER|DELAY_NAS
JAC,12,52,-6.58,-14.15,6,26.83,24.17,12,311.33,300.33,DELAY_LATE_AIRCRAFT|DELAY_CARRIER|DELAY_NAS
JAN,1,89,-3.99,-8.15,10,34.1,33.3,7,220.43,223.86,DELAY_LATE_AIRCRAFT|CANC_WEATHER|DELAY_CARRIER
JAN,2,109,-5.64,-12.29,6,30.67,25.5,0,,,DELAY_CARRIER|DELAY_LATE_AIRCRAFT|DELAY_NAS
JAN,3,93,-4.47,-10.05,9,24.89,28.33,5,113.0,102.4,DELAY_CARRIER|DELAY_LATE_AIRCRAFT|DELAY_NAS
JAN,4,90,-5.49,-9.83,8,34.62,35.25,10,105.3,107.1,DELAY_LATE_AIRCRAFT|DELAY_NAS|DELAY_CARRIER
JAN,5,101,-3.47,-7.58,21,31.1,31.1,11,132.27,133.09,DELAY_LATE_AIRCRAFT|DELAY_CARRIER|DELAY_WEATHER
JAN,6,93,-3.85,-8.27,18,30.0,28.28,13,199.62,198.77,DELAY_LATE_AIRCRAFT|DELAY_CARRIER|DELAY_NAS
JAN,7,83,-3.1,-7.86,22,34.05,35.18,20,150.1,152.6,DELAY_LATE_AIRCRAFT|DELAY_CARRIER|DELAY_NAS
JAN,8,93,-4.12,-9.09,14,30.07,22.29,5,129.2,120.6,DELAY_LATE_AIRCRAFT|DELAY_CARRIER|DELAY_NAS
JAN,9,96,-5.09,-9.51,11,30.09,27.27,2,100.5,85.0,DELAY_LATE_AIRCRAFT|DELAY_NAS|DELAY_CARRIER
JAN,10,100,-3.91,-8.63,9,26.0,14.22,4,174.5,163.75,DELAY_CARRIER|DELAY_LATE_AIRCRAFT|DELAY_NAS
JAN,11,99,-2.43,-8.68,9,28.44,19.33,2,162.5,155.0,DELAY_LATE_AIRCRAFT|DELAY_NAS|DELAY_SECURITY
JAN,12,82,-4.26,-11.89,13,27.62,23.31,11,198.64,194.36,DELAY_LATE_AIRCRAFT|DELAY_CARRIER|DELAY_NAS
JAX,1,358,-3.79,-9.93,63,33.67,26.22,31,132.03,124.61,DELAY_LATE_AIRCRAFT|DELAY_CARRIER|DELAY_NAS
JAX,2,376,-4.84,-8.98,29,33.1,29.79,16,230.44,227.94,DELAY_NAS|DELAY_LATE_AIRCRAFT|DELAY_CARRIER
JAX,3,424,-3.88,-8.37,65,32.28,28.09,33,140.73,138.12,DELAY_LATE_AIRCRAFT|DELAY_NAS|DELAY_CARRIER
JAX,4,426,-3.91,-7.2,57,33.68,34.23,28,160.43,158.43,DELAY_LATE_AIRCRAFT|DELAY_NAS|DELAY_CARRIER
JAX,5,406,-3.09,-6.91,67,35.97,33.55,51,154.76,158.24,DELAY_LATE_AIRCRAFT|DELAY_NAS|DELAY_CARRIER
JAX,6,360,-3.47,-8.38,74,31.86,27.53,41,156.39,155.49,DELAY_LATE_AIRCRAFT|DELAY_CARRIER|DELAY_NAS
JAX,7,362,-2.75,-8.28,74,34.57,33.69,84,171.81,173.79,DELAY_LATE_AIRCRAFT|DELAY_NAS|DELAY_CARRIER
JAX,8,369,-3.34,-8.86,60,31.35,29.78,38,186.29,179.76,DELAY_LATE_AIRCRAFT|DELAY_NAS|DELAY_CARRIER
JAX,9,405,-4.3,-9.05,42,34.05,31.74,10,171.9,165.9,DELAY_LATE_AIRCRAFT|DELAY_NAS|DELAY_CARRIER
JAX,10,447,-4.76,-10.25,43,34.74,29.42,11,118.45,108.18,DELAY_LATE_AIRCRAFT|DELAY_CARRIER|DELAY_NAS
JAX,11,417,-4.4,-9.11,39,31.72,25.79,16,154.19,149.12,DELAY_LATE_AIRCRAFT|DELAY_CARRIER|DELAY_NAS
JAX,12,435,-2.58,-6.78,54,31.89,29.59,31,172.35,165.58,DELAY_CARRIER|DELAY_LATE_AIRCRAFT|DELAY_NAS
JFK,1,1394,-2.77,-14.26,267,31.18,26.33,133,143.01,144.09,DELAY_CARRIER|DELAY_NAS|DELAY_LATE_AIRCRAFT
JFK,2,1496,-3.34,-17.11,161,31.91,23.63,124,120.27,118.42,DELAY_CARRIER|DELAY_NAS|DELAY_LATE_AIRCRAFT
JFK,3,1591,-2.96,-15.02,242,33.59,23.24,181,135.84,127.23,DELAY_CARRIER|DELAY_NAS|DELAY_LATE_AIRCRAFT
JFK,4,1588,-3.36,-12.8,267,31.21,23.47,139,130.9,128.05,DELAY_NAS|DELAY_CARRIER|DELAY_LATE_AIRCRAFT
JFK,5,1628,-2.97,-10.24,274,31.32,25.28,181,139.61,137.49,DELAY_NAS|DELAY_CARRIER|DELAY_LATE_AIRCRAFT
JFK,6,1498,-2.7,-10.84,275,32.74,26.64,185,154.39,151.64,DELAY_CARRIER|DELAY_NAS|DELAY_LATE_AIRCRAFT
JFK,7,1448,-2.06,-8.26,329,32.68,26.21,275,149.65,144.67,DELAY_LATE_AIRCRAFT|DELAY_CARRIER|DELAY_NAS
JFK,8,1420,-2.74,-7.1,323,32.73,30.44,244,136.81,135.23,DELAY_NAS|DELAY_CARRIER|DELAY_LATE_AIRCRAFT
JFK,9,1787,-4.25,-13.4,180,30.81,25.72,96,142.27,137.5,DELAY_CARRIER|DELAY_NAS|DELAY_LATE_AIRCRAFT
JFK,10,1836,-3.75,-15.06,172,30.72,17.12,62,129.68,116.29,DELAY_CARRIER|DELAY_NAS|DELAY_LATE_AIRCRAFT
JFK,11,1821,-4.45,-13.73,155,30.68,22.23,68,129.4,118.06,DELAY_CARRIER|DELAY_NAS|DELAY_LATE_AIRCRAFT
JFK,12,1525,-2.2,-11.21,297,32.84,25.51,185,128.94,122.5,DELAY_CARRIER|DELAY_LATE_AIRCRAFT|DELAY_NAS
JLN,1,6,-7.83,-18.0,1,17.0,16.0,1,114.0,107.0,CANC_WEATHER|DELAY_CARRIER|DELAY_LATE_AIRCRAFT
JLN,2,7,-10.43,-28.29,1,53.0,35.0,0,,,DELAY_CARRIER
JLN,3,10,-7.7,-17.9,1,47.0,30.0,1,231.0,229.0,DELAY_CARRIER|DELAY_LATE_AIRCRAFT|DELAY_NAS
JLN,4,3,-10.33,-20.67,1,25.0,56.0,1,82.0,75.0,DELAY_CARRIER|DELAY_NAS
JLN,5,8,-7.25,-14.12,0,,,2,164.5,168.5,DELAY_CARRIER
JLN,6,7,-8.57,-15.71,1,60.0,61.0,2,88.5,94.0,DELAY_LATE_AIRCRAFT|DELAY_WEATHER
JLN,7,4,-7.25,-26.0,0,,,1,72.0,79.0,DELAY_WEATHER
JLN,8,9,-7.44,-13.11,1,15.0,-3.0,0,,,N/D
JLN,9,5,-7.8,-18.2,1,38.0,28.0,2,205.5,190.0,DELAY_LATE_AIRCRAFT|DELAY_CARRIER
JLN,10,5,-5.8,-16.4,2,46.5,27.5,0,,,DELAY_LATE_AIRCRAFT
JLN,11,7,-6.29,-7.57,1,52.0,42.0,2,185.0,179.0,DELAY_CARRIER|CANC_WEATHER
JLN,12,8,-8.5,-18.88,0,,,0,,,N/D
JMS,1,12,-7.83,-9.5,0,,,0,,,CANC_WEATHER|DELAY_NAS
JMS,2,6,-8.0,-14.5,0,,,1,1435.0,1418.0,CANC_WEATHER|DELAY_CARRIER
JMS,3,17,-6.94,-13.18,0,,,2,96.5,103.0,CANC_WEATHER|DELAY_CARRIER|DELAY_WEATHER
JMS,4,12,-7.25,-9.83,0,,,0,,,DELAY_CARRIER
JMS,5,1,-7.0,-12.0,0,,,0,,,N/D
JMS,6,7,-5.0,-9.71,0,,,1,74.0,63.0,CANC_NAS|DELAY_LATE_AIRCRAFT
JMS,7,12,-8.0,-8.5,2,33.0,22.5,0,,,DELAY_CARRIER|DELAY_LATE_AIRCRAFT
JMS,8,15,-8.47,-13.47,0,,,0,,,CANC_WEATHER
JMS,9,11,-9.18,-14.18,1,32.0,25.0,0,,,DELAY_CARRIER
JMS,10,14,-7.36,-13.0,0,,,0,,,N/D
JMS,11,6,-6.0,-9.17,1,30.0,37.0,2,169.0,157.0,DELAY_LATE_AIRCRAFT|DELAY_CARRIER
JMS,12,9,-6.89,-11.67,1,39.0,40.0,1,173.0,181.0,DELAY_WEATHER
JNU,1,43,-9.56,-5.84,11,20.64,26.27,7,130.43,150.0,DELAY_LATE_AIRCRAFT|DELAY_NAS|DELAY_CARRIER
JNU,2,56,-11.02,-11.93,3,27.0,29.67,1,118.0,126.0,DELAY_LATE_AIRCRAFT|CANC_NAS|DELAY_CARRIER
JNU,3,61,-10.56,-10.69,8,31.5,33.0,2,74.0,71.0,DELAY_LATE_AIRCRAFT|DELAY_NAS|CANC_CARRIER
JNU,4,56,-11.14,-12.41,3,33.67,29.67,2,118.0,111.0,DELAY_LATE_AIRCRAFT|DELAY_CARRIER|CANC_CARRIER
JNU,5,80,-8.68,-10.68,9,29.44,28.0,2,68.5,75.0,DELAY_LATE_AIRCRAFT|DELAY_NAS|DELAY_WEATHER
JNU,6,81,-9.0,-11.37,11,31.27,30.55,3,164.67,163.67,DELAY_CARRIER|DELAY_LATE_AIRCRAFT|DELAY_NAS
JNU,7,89,-5.99,-6.17,20,27.1,25.15,4,75.5,84.0,DELAY_LATE_AIRCRAFT|DELAY_CARRIER|DELAY_NAS
JNU,8,81,-8.88,-10.26,8,28.0,28.0,7,234.29,232.57,DELAY_CARRIER|DELAY_LATE_AIRCRAFT|CANC_CARRIER
JNU,9,73,-9.64,-11.37,4,29.0,23.0,4,110.5,108.5,DELAY_LATE_AIRCRAFT|CANC_CARRIER|DELAY_NAS
JNU,10,70,-9.4,-10.13,4,33.75,35.25,2,176.0,176.0,DELAY_CARRIER|DELAY_LATE_AIRCRAFT|DELAY_NAS
JNU,11,62,-11.26,-13.37,1,20.0,57.0,3,110.67,111.33,DELAY_NAS|CANC_CARRIER|DELAY_CARRIER
JNU,12,54,-8.24,-10.83,8,35.75,43.0,5,157.6,163.0,DELAY_LATE_AIRCRAFT|DELAY_CARRIER|DELAY_NAS
JST,1,2,-9.5,-35.5,2,19.5,19.0,3,147.67,144.67,DELAY_LATE_AIRCRAFT|CANC_WEATHER|DELAY_CARRIER
JST,2,10,-8.4,-18.6,2,29.5,3.0,0,,,CANC_WEATHER|DELAY_CARRIER
JST,3,17,-10.35,-23.06,0,,,1,130.0,111.0,DELAY_LATE_AIRCRAFT
JST,4,9,-5.78,-11.44,2,45.0,65.0,1,122.0,109.0,DELAY_CARRIER|DELAY_LATE_AIRCRAFT|DELAY_NAS
JST,5,12,-10.17,-12.75,2,23.5,23.5,2,130.0,124.0,DELAY_LATE_AIRCRAFT|DELAY_CARRIER|DELAY_NAS
JST,6,8,-7.75,-13.75,1,52.0,38.0,1,105.0,108.0,DELAY_CARRIER
JST,7,11,-9.09,-13.09,1,15.0,15.0,1,66.0,65.0,DELAY_CARRIER
JST,8,12,-6.5,-8.08,2,31.5,29.0,1,62.0,71.0,DELAY_NAS
JST,9,11,-4.18,-8.09,1,28.0,32.0,0,,,DELAY_LATE_AIRCRAFT
JST,10,9,-8.56,-18.78,0,,,0,,,N/D
JST,11,11,-8.45,-20.64,1,20.0,-1.0,1,250.0,256.0,DELAY_LATE_AIRCRAFT
JST,12,10,-10.3,-17.1,1,26.0,33.0,4,399.75,394.0,DELAY_CARRIER|DELAY_LATE_AIRCRAFT|DELAY_WEATHER
KOA,1,229,-2.17,-6.64,44,30.73,31.98,11,181.45,160.91,DELAY_LATE_AIRCRAFT|CANC_CARRIER|DELAY_NAS
KOA,2,214,-3.42,-9.41,29,26.55,18.62,12,164.75,167.5,DELAY_LATE_AIRCRAFT|DELAY_CARRIER|CANC_CARRIER
KOA,3,271,-3.17,-9.67,18,28.44,24.22,6,145.33,137.83,DELAY_CARRIER|DELAY_NAS|DELAY_LATE_AIRCRAFT
KOA,4,241,-3.49,-8.18,19,30.74,25.63,9,112.22,103.33,DELAY_LATE_AIRCRAFT|DELAY_CARRIER|DELAY_NAS
KOA,5,223,-3.05,-5.31,26,27.5,23.19,9,83.67,85.89,DELAY_LATE_AIRCRAFT|DELAY_CARRIER|DELAY_NAS
KOA,6,271,-3.52,-5.83,22,27.86,21.73,3,254.67,243.67,DELAY_LATE_AIRCRAFT|DELAY_CARRIER|DELAY_NAS
KOA,7,258,-3.04,-5.33,23,25.57,21.65,14,229.07,225.5,DELAY_LATE_AIRCRAFT|DELAY_CARRIER|CANC_CARRIER
KOA,8,232,-3.28,-9.33,22,30.14,22.0,10,191.1,182.6,DELAY_LATE_AIRCRAFT|DELAY_CARRIER|DELAY_NAS
KOA,9,277,-4.83,-8.17,14,26.86,24.29,6,92.5,92.0,DELAY_LATE_AIRCRAFT|DELAY_CARRIER|CANC_CARRIER
KOA,10,232,-4.53,-8.24,20,30.1,31.9,6,119.83,116.5,DELAY_LATE_AIRCRAFT|DELAY_CARRIER|DELAY_NAS
KOA,11,254,-4.26,-8.24,19,28.11,22.74,3,64.33,62.33,DELAY_LATE_AIRCRAFT|DELAY_CARRIER|DELAY_NAS
KOA,12,255,-2.83,-7.77,34,27.12,19.18,6,152.17,130.67,DELAY_LATE_AIRCRAFT|DELAY_CARRIER|CANC_CARRIER
KTN,1,26,-11.77,-17.0,5,29.6,20.8,3,145.33,142.33,DELAY_LATE_AIRCRAFT|CANC_CARRIER|DELAY_CARRIER
KTN,2,23,-12.65,-13.61,3,38.33,72.33,1,244.0,245.0,DELAY_LATE_AIRCRAFT|DELAY_NAS
KTN,3,30,-12.57,-16.77,3,33.67,29.67,2,71.5,70.0,DELAY_LATE_AIRCRAFT|CANC_CARRIER
KTN,4,24,-10.75,-16.75,5,36.0,27.8,4,80.75,76.75,DELAY_LATE_AIRCRAFT|DELAY_CARRIER
KTN,5,36,-9.14,-15.14,5,25.8,22.8,1,70.0,62.0,DELAY_LATE_AIRCRAFT|CANC_CARRIER|DELAY_NAS
KTN,6,45,-7.49,-8.98,9,32.89,29.11,2,214.5,209.5,DELAY_LATE_AIRCRAFT|DELAY_CARRIER|DELAY_NAS
KTN,7,49,-5.35,-8.88,8,25.25,20.38,2,156.0,162.0,DELAY_LATE_AIRCRAFT|DELAY_CARRIER|CANC_WEATHER
KTN,8,39,-2.15,-1.85,13,28.0,26.08,4,225.5,219.5,DELAY_LATE_AIRCRAFT|DELAY_CARRIER|DELAY_WEATHER
KTN,9,45,-8.27,-11.53,1,26.0,23.0,4,103.25,99.25,DELAY_LATE_AIRCRAFT|DELAY_CARRIER|CANC_CARRIER
KTN,10,29,-11.24,-13.79,1,37.0,49.0,2,114.5,114.0,DELAY_LATE_AIRCRAFT|DELAY_CARRIER|DELAY_NAS
KTN,11,32,-8.81,-12.34,3,27.33,22.0,1,85.0,129.0,DELAY_LATE_AIRCRAFT|DELAY_NAS|DELAY_CARRIER
KTN,12,23,-5.96,-7.78,4,20.5,12.25,2,139.0,133.0,DELAY_LATE_AIRCRAFT|DELAY_WEATHER
LAN,1,16,-4.69,-8.31,3,24.67,19.0,3,363.0,403.67,DELAY_NAS|CANC_WEATHER|DELAY_CARRIER
LAN,2,15,-6.2,-17.13,2,41.5,31.0,3,91.67,91.67,DELAY_LATE_AIRCRAFT|DELAY_CARRIER|DELAY_WEATHER
LAN,3,16,-4.31,-14.25,4,44.5,39.5,2,506.0,497.5,DELAY_CARRIER|DELAY_LATE_AIRCRAFT|DELAY_NAS
LAN,4,12,-3.67,-6.75,1,23.0,29.0,3,82.0,80.67,DELAY_CARRIER|DELAY_LATE_AIRCRAFT|DELAY_WEATHER
LAN,5,12,-6.75,-9.33,2,52.0,62.5,2,70.0,61.5,DELAY_CARRIER|DELAY_LATE_AIRCRAFT
LAN,6,13,-5.23,-10.0,1,35.0,18.0,6,147.5,143.17,DELAY_CARRIER|DELAY_LATE_AIRCRAFT|DELAY_WEATHER
LAN,7,18,-3.94,-6.56,4,27.75,20.75,2,82.0,99.5,DELAY_LATE_AIRCRAFT|DELAY_CARRIER|DELAY_NAS
LAN,8,13,-7.15,-11.15,3,35.33,37.33,2,76.0,75.0,DELAY_CARRIER|CANC_CARRIER|CANC_WEATHER
LAN,9,10,-3.2,-11.8,3,48.0,43.33,1,145.0,141.0,DELAY_WEATHER|DELAY_CARRIER|DELAY_LATE_AIRCRAFT
LAN,10,22,-2.59,-6.23,5,37.2,24.8,1,82.0,90.0,DELAY_CARRIER|DELAY_WEATHER
LAN,11,13,-7.54,-12.15,3,30.67,27.67,3,138.33,151.0,DELAY_CARRIER
LAN,12,11,-4.36,0.55,2,43.5,59.0,1,112.0,103.0,DELAY_CARRIER|DELAY_NAS|DELAY_WEATHER
LAR,1,5,-8.2,-7.0,0,,,0,,,CANC_WEATHER|CANC_NAS
LAR,2,3,-8.67,-19.0,0,,,1,182.0,167.0,CANC_WEATHER|DELAY_WEATHER
LAR,3,9,-6.0,-1.11,2,35.0,38.5,1,812.0,800.0,DELAY_WEATHER|CANC_WEATHER|DELAY_CARRIER
LAR,4,6,-6.33,-0.5,0,,,1,65.0,69.0,CANC_NAS|DELAY_CARRIER|DELAY_WEATHER
LAR,5,6,-7.67,-22.67,0,,,0,,,N/D
LAR,6,6,-7.83,-16.5,1,34.0,32.0,1,89.0,77.0,DELAY_LATE_AIRCRAFT|DELAY_NAS
LAR,7,9,-7.11,-11.11,0,,,0,,,CANC_NAS
LAR,8,7,-7.29,-15.86,0,,,0,,,N/D
LAR,9,11,-7.64,-9.73,2,33.5,22.5,0,,,DELAY_LATE_AIRCRAFT|DELAY_NAS
LAR,10,13,-9.23,-13.31,0,,,0,,,N/D
LAR,11,8,-5.12,-8.75,2,28.5,16.5,1,96.0,81.0,CANC_WEATHER|DELAY_CARRIER|DELAY_NAS
LAR,12,8,-9.38,-9.12,1,19.0,3.0,1,98.0,72.0,DELAY_CARRIER
LAS,1,2324,-2.08,-6.79,449,31.41,24.85,192,139.88,133.42,DELAY_LATE_AIRCRAFT|DELAY_CARRIER|DELAY_NAS
LAS,2,2191,-2.26,-10.17,433,31.44,24.91,164,108.71,105.77,DELAY_LATE_AIRCRAFT|DELAY_NAS|DELAY_CARRIER
LAS,3,2278,-1.95,-7.1,526,32.01,26.83,301,133.07,128.1,DELAY_LATE_AIRCRAFT|DELAY_NAS|DELAY_CARRIER
LAS,4,2495,-2.01,-9.22,492,31.21,23.16,194,120.42,113.93,DELAY_LATE_AIRCRAFT|DELAY_CARRIER|DELAY_NAS
LAS,5,2389,-1.42,-9.25,621,32.28,24.44,237,126.94,122.28,DELAY_LATE_AIRCRAFT|DELAY_CARRIER|DELAY_NAS
LAS,6,2258,-0.9,-6.15,660,31.1,25.07,237,146.99,142.26,DELAY_LATE_AIRCRAFT|DELAY_CARRIER|DELAY_NAS
LAS,7,2023,-0.95,-6.32,706,31.36,26.89,405,134.88,132.18,DELAY_LATE_AIRCRAFT|DELAY_CARRIER|DELAY_NAS
LAS,8,2350,-2.16,-8.12,519,31.09,25.75,273,123.75,117.83,DELAY_LATE_AIRCRAFT|DELAY_CARRIER|DELAY_NAS
LAS,9,2453,-2.83,-9.37,457,30.79,24.21,188,105.22,97.35,DELAY_LATE_AIRCRAFT|DELAY_CARRIER|DELAY_NAS
LAS,10,2794,-2.41,-9.44,498,30.08,23.46,140,133.65,130.3,DELAY_LATE_AIRCRAFT|DELAY_NAS|DELAY_CARRIER
LAS,11,2622,-2.56,-12.4,378,30.4,20.07,108,137.01,129.35,DELAY_LATE_AIRCRAFT|DELAY_CARRIER|DELAY_NAS
LAS,12,2491,-2.45,-10.55,441,30.99,22.71,152,135.8,131.42,DELAY_LATE_AIRCRAFT|DELAY_CARRIER|DELAY_NAS
LAW,1,13,-9.23,-12.69,0,,,1,790.0,782.0,CANC_WEATHER|DELAY_CARRIER
LAW,2,22,-7.64,-13.73,1,15.0,16.0,0,,,CANC_WEATHER|DELAY_LATE_AIRCRAFT
LAW,3,15,-5.93,-4.47,1,31.0,21.0,0,,,CANC_WEATHER|DELAY_NAS|DELAY_WEATHER
LAW,4,11,-7.45,-6.91,2,51.5,75.0,1,157.0,146.0,DELAY_CARRIER|DELAY_NAS
LAW,5,15,-7.73,-8.4,3,31.0,24.33,1,186.0,189.0,CANC_WEATHER|DELAY_WEATHER|DELAY_CARRIER
LAW,6,16,-8.56,-14.06,1,58.0,64.0,4,98.75,93.25,DELAY_CARRIER|DELAY_WEATHER|DELAY_LATE_AIRCRAFT
LAW,7,16,-4.44,-4.06,0,,,5,231.6,228.8,DELAY_CARRIER|DELAY_NAS|DELAY_WEATHER
LAW,8,13,-9.31,-14.08,0,,,1,191.0,191.0,DELAY_CARRIER
LAW,9,15,-9.27,-5.87,2,32.0,23.5,0,,,DELAY_CARRIER
LAW,10,17,-6.24,-15.71,1,37.0,28.0,3,425.33,416.33,DELAY_CARRIER|DELAY_LATE_AIRCRAFT
LAW,11,15,-7.6,-5.13,2,50.0,47.0,0,,,DELAY_CARRIER|CANC_WEATHER|DELAY_NAS
LAW,12,10,-7.5,-10.9,2,26.5,26.0,0,,,CANC_WEATHER|DELAY_CARRIER|DELAY_LATE_AIRCRAFT
LAX,1,2406,-2.98,-7.06,314,31.71,26.33,177,161.59,156.73,DELAY_CARRIER|DELAY_LATE_AIRCRAFT|DELAY_NAS
LAX,2,2288,-2.78,-9.65,363,30.71,23.61,164,132.79,128.57,DELAY_CARRIER|DELAY_NAS|DELAY_LATE_AIRCRAFT
LAX,3,2586,-2.22,-5.24,444,31.46,27.85,208,148.16,145.85,DELAY_NAS|DELAY_CARRIER|DELAY_LATE_AIRCRAFT
LAX,4,2560,-2.88,-7.95,359,31.75,27.82,166,152.33,148.42,DELAY_LATE_AIRCRAFT|DELAY_CARRIER|DELAY_NAS
LAX,5,2555,-2.2,-7.58,465,31.86,27.13,252,136.47,132.05,DELAY_LATE_AIRCRAFT|DELAY_CARRIER|DELAY_NAS
LAX,6,2585,-2.12,-6.0,476,30.64,26.08,233,134.61,130.39,DELAY_LATE_AIRCRAFT|DELAY_CARRIER|DELAY_NAS
LAX,7,2634,-2.4,-7.09,521,31.41,26.6,307,144.95,139.4,DELAY_LATE_AIRCRAFT|DELAY_CARRIER|DELAY_NAS
LAX,8,2730,-2.94,-8.23,394,30.72,26.09,193,145.35,143.14,DELAY_CARRIER|DELAY_LATE_AIRCRAFT|DELAY_NAS
LAX,9,2759,-3.55,-10.91,286,30.99,23.72,160,134.24,128.43,DELAY_LATE_AIRCRAFT|DELAY_CARRIER|DELAY_NAS
LAX,10,2901,-3.78,-9.82,256,29.45,24.04,142,149.2,143.91,DELAY_CARRIER|DELAY_LATE_AIRCRAFT|DELAY_NAS
LAX,11,2698,-3.37,-13.62,298,31.08,19.09,139,139.8,131.96,DELAY_CARRIER|DELAY_LATE_AIRCRAFT|DELAY_NAS
LAX,12,2700,-2.81,-10.15,392,31.36,23.59,200,159.25,155.1,DELAY_CARRIER|DELAY_NAS|DELAY_LATE_AIRCRAFT
LBB,1,68,-5.78,-12.4,11,30.0,28.0,11,177.27,166.27,DELAY_LATE_AIRCRAFT|DELAY_CARRIER|DELAY_NAS
LBB,2,84,-4.57,-8.64,11,32.18,28.64,3,111.33,104.67,DELAY_NAS|DELAY_CARRIER|DELAY_LATE_AIRCRAFT
LBB,3,96,-5.35,-9.34,17,26.29,26.06,5,93.6,92.6,DELAY_LATE_AIRCRAFT|DELAY_NAS|CANC_WEATHER
LBB,4,76,-4.38,-8.08,11,29.36,23.18,5,180.8,173.6,DELAY_LATE_AIRCRAFT|DELAY_NAS|DELAY_CARRIER
LBB,5,78,-4.26,-11.46,7,41.0,38.43,11,169.73,174.27,DELAY_LATE_AIRCRAFT|DELAY_CARRIER|DELAY_NAS
LBB,6,83,-4.48,-8.78,11,28.91,23.27,9,234.11,232.0,DELAY_CARRIER|DELAY_LATE_AIRCRAFT|DELAY_WEATHER
LBB,7,80,-4.3,-7.1,15,29.07,24.47,4,151.5,153.0,DELAY_LATE_AIRCRAFT|DELAY_CARRIER|DELAY_NAS
LBB,8,88,-4.85,-10.82,8,32.38,27.0,5,109.4,113.8,DELAY_LATE_AIRCRAFT|DELAY_CARRIER|DELAY_NAS
LBB,9,97,-5.24,-9.27,11,34.18,31.09,1,85.0,72.0,DELAY_LATE_AIRCRAFT|DELAY_NAS|DELAY_CARRIER
LBB,10,100,-3.97,-8.69,8,28.62,21.25,7,130.86,129.57,DELAY_LATE_AIRCRAFT|DELAY_NAS|DELAY_CARRIER
LBB,11,88,-2.52,-6.56,13,29.15,29.46,8,181.12,180.25,DELAY_LATE_AIRCRAFT|DELAY_NAS|CANC_WEATHER
LBB,12,104,-3.06,-12.36,19,32.11,25.47,9,128.33,143.67,DELAY_CARRIER|DELAY_LATE_AIRCRAFT|DELAY_NAS
LBE,1,6,-5.83,-5.33,1,23.0,21.0,1,241.0,229.0,DELAY_LATE_AIRCRAFT|DELAY_NAS
LBE,2,5,-1.0,-19.2,0,,,0,,,N/D
LBE,3,5,-5.2,-12.6,2,26.0,28.5,0,,,DELAY_NAS
LBE,4,5,-9.8,-21.4,1,22.0,17.0,1,260.0,244.0,DELAY_CARRIER|DELAY_LATE_AIRCRAFT
LBE,5,10,-7.5,-11.6,0,,,1,83.0,64.0,DELAY_CARRIER
LBE,6,10,-4.2,-13.1,1,22.0,3.0,0,,,N/D
LBE,7,12,-4.92,-15.67,4,33.5,28.0,3,77.67,68.0,DELAY_LATE_AIRCRAFT|DELAY_CARRIER|CANC_CARRIER
LBE,8,7,-10.71,-12.0,0,,,2,114.5,104.0,CANC_WEATHER|DELAY_CARRIER|DELAY_LATE_AIRCRAFT
LBE,9,10,-8.1,-16.6,0,,,0,,,CANC_CARRIER
LBE,10,12,-11.0,-18.67,1,33.0,31.0,0,,,DELAY_LATE_AIRCRAFT
LBE,11,5,-7.6,-20.6,0,,,1,180.0,168.0,DELAY_LATE_AIRCRAFT
LBE,12,5,-7.2,-28.4,0,,,1,81.0,74.0,DELAY_NAS
LBF,1,11,-7.45,-17.64,1,48.0,27.0,1,288.0,281.0,DELAY_CARRIER|CANC_WEATHER
LBF,2,11,-9.55,-12.82,1,52.0,36.0,0,,,DELAY_CARRIER|DELAY_LATE_AIRCRAFT
LBF,3,9,-6.67,-14.0,2,27.5,17.0,0,,,CANC_WEATHER|DELAY_WEATHER
LBF,4,8,-10.5,2.38,0,,,0,,,DELAY_CARRIER
LBF,5,9,-7.89,2.78,1,43.0,41.0,0,,,DELAY_NAS
LBF,6,10,-10.6,-4.6,0,,,1,131.0,136.0,DELAY_CARRIER|DELAY_WEATHER
LBF,7,7,-7.71,-12.0,0,,,0,,,N/D
LBF,8,10,-7.4,4.9,0,,,1,89.0,96.0,DELAY_NAS
LBF,9,7,-6.57,-3.57,0,,,0,,,N/D
LBF,10,9,-10.0,-15.0,0,,,0,,,N/D
LBF,11,10,-8.9,-18.5,1,21.0,2.0,2,144.0,136.0,DELAY_CARRIER|DELAY_WEATHER
LBF,12,7,-8.14,-10.0,2,28.5,17.0,0,,,DELAY_CARRIER
LBL,1,3,-11.33,-19.67,0,,,0,,,CANC_WEATHER
LBL,2,5,-13.2,-8.2,0,,,0,,,N/D
LBL,3,13,-11.69,-16.0,3,24.33,30.67,0,,,DELAY_LATE_AIRCRAFT|CANC_WEATHER|DELAY_CARRIER
LBL,4,10,-9.9,-5.6,1,30.0,29.0,0,,,DELAY_CARRIER|DELAY_LATE_AIRCRAFT
LBL,5,10,-8.8,-8.4,1,24.0,24.0,2,521.0,520.5,DELAY_CARRIER|DELAY_LATE_AIRCRAFT
LBL,6,4,-6.5,-12.5,1,39.0,46.0,0,,,DELAY_WEATHER
LBL,7,9,-5.89,-9.11,1,32.0,24.0,1,116.0,123.0,CANC_NAS|DELAY_CARRIER|DELAY_NAS
LBL,8,9,-5.67,-11.67,1,18.0,6.0,2,173.0,177.0,DELAY_LATE_AIRCRAFT
LBL,9,8,-8.75,-16.0,2,23.5,22.0,1,112.0,101.0,DELAY_CARRIER|DELAY_WEATHER
LBL,10,11,-9.91,-18.73,2,27.0,24.0,1,91.0,74.0,DELAY_LATE_AIRCRAFT|DELAY_WEATHER
LBL,11,7,-12.29,-18.43,2,38.5,48.0,0,,,CANC_WEATHER|DELAY_CARRIER
LBL,12,11,-6.09,-8.36,1,50.0,45.0,1,78.0,68.0,DELAY_CARRIER|DELAY_WEATHER
LCH,1,14,-6.57,1.29,0,,,2,204.5,198.0,DELAY_CARRIER|CANC_WEATHER
LCH,2,12,-6.17,0.25,1,38.0,57.0,1,295.0,283.0,DELAY_CARRIER|DELAY_LATE_AIRCRAFT|DELAY_WEATHER
LCH,3,13,-9.46,-16.08,1,57.0,42.0,1,427.0,408.0,DELAY_CARRIER
LCH,4,13,-7.0,-13.23,0,,,1,158.0,146.0,DELAY_NAS
LCH,5,15,-6.4,-8.33,1,48.0,81.0,2,357.0,371.5,DELAY_NAS|DELAY_WEATHER|CANC_WEATHER
LCH,6,8,-7.38,-18.12,0,,,0,,,N/D
LCH,7,12,-2.92,-9.0,0,,,0,,,N/D
LCH,8,15,-7.67,-13.33,0,,,3,220.0,214.33,DELAY_CARRIER
LCH,9,17,-6.12,-0.24,1,22.0,1.0,1,73.0,49.0,DELAY_CARRIER
LCH,10,10,-7.4,-8.4,0,,,3,343.33,330.33,DELAY_CARRIER|DELAY_WEATHER
LCH,11,12,-8.0,-9.5,2,42.5,36.0,2,173.0,162.0,DELAY_CARRIER|CANC_WEATHER
LCH,12,15,-7.53,-8.2,1,37.0,65.0,1,226.0,231.0,DELAY_WEATHER
LCK,1,8,-6.25,-19.0,0,,,1,92.0,86.0,DELAY_CARRIER
LCK,2,11,-9.36,-20.45,1,30.0,15.0,0,,,DELAY_CARRIER
LCK,3,6,-5.83,-11.17,1,49.0,41.0,3,70.33,59.67,DELAY_LATE_AIRCRAFT|CANC_NAS|DELAY_CARRIER
LCK,4,14,-9.21,-19.86,1,44.0,41.0,1,166.0,178.0,DELAY_LATE_AIRCRAFT
LCK,5,17,-9.06,-18.35,1,39.0,40.0,2,122.0,116.5,DELAY_LATE_AIRCRAFT|DELAY_CARRIER
LCK,6,18,-6.67,-4.72,3,41.33,45.0,1,104.0,100.0,DELAY_LATE_AIRCRAFT|DELAY_NAS|DELAY_WEATHER
LCK,7,22,-9.59,-6.41,1,58.0,54.0,1,121.0,133.0,DELAY_NAS|DELAY_CARRIER|DELAY_LATE_AIRCRAFT
LCK,8,10,-4.8,-9.0,4,35.25,37.5,2,142.5,134.5,DELAY_LATE_AIRCRAFT|CANC_CARRIER|CANC_NAS
LCK,9,9,-8.89,-14.22,3,35.0,39.67,3,208.33,204.0,DELAY_LATE_AIRCRAFT|DELAY_CARRIER
LCK,10,9,-10.78,-14.22,0,,,1,126.0,121.0,CANC_NAS|CANC_WEATHER|DELAY_LATE_AIRCRAFT
LCK,11,8,-3.25,-8.0,2,35.0,18.5,0,,,DELAY_LATE_AIRCRAFT
LCK,12,7,-5.86,-17.43,1,31.0,43.0,3,84.0,72.67,DELAY_LATE_AIRCRAFT|CANC_NAS
LEX,1,102,-4.15,-7.5,8,35.88,32.75,17,188.88,187.88,DELAY_CARRIER|DELAY_NAS|DELAY_LATE_AIRCRAFT
LEX,2,116,-4.07,-12.91,15,29.27,18.67,6,275.5,250.33,DELAY_CARRIER|DELAY_LATE_AIRCRAFT|DELAY_NAS
LEX,3,154,-4.94,-11.3,13,28.46,17.92,12,142.25,141.17,DELAY_LATE_AIRCRAFT|DELAY_CARRIER|DELAY_NAS
LEX,4,143,-4.75,-11.38,15,22.87,15.87,8,139.12,134.12,DELAY_LATE_AIRCRAFT|DELAY_CARRIER|DELAY_NAS
LEX,5,126,-4.05,-11.06,19,36.11,31.79,17,171.71,177.65,DELAY_LATE_AIRCRAFT|DELAY_CARRIER|DELAY_NAS
LEX,6,126,-4.42,-11.52,22,37.41,35.27,14,306.07,295.43,DELAY_LATE_AIRCRAFT|DELAY_CARRIER|DELAY_NAS
LEX,7,118,-4.75,-9.87,19,31.89,25.0,20,216.9,210.2,DELAY_LATE_AIRCRAFT|DELAY_NAS|DELAY_CARRIER
LEX,8,137,-5.85,-11.01,16,34.44,34.69,14,158.0,149.14,DELAY_LATE_AIRCRAFT|DELAY_CARRIER|DELAY_NAS
LEX,9,138,-5.11,-10.97,20,30.15,22.7,8,89.12,88.88,DELAY_LATE_AIRCRAFT|DELAY_CARRIER|DELAY_NAS
LEX,10,160,-5.38,-9.07,18,27.06,16.67,2,90.0,74.5,DELAY_NAS|DELAY_CARRIER|DELAY_LATE_AIRCRAFT
LEX,11,146,-6.17,-12.9,12,30.42,25.58,9,158.78,161.56,DELAY_CARRIER|DELAY_LATE_AIRCRAFT|DELAY_NAS
LEX,12,129,-3.89,-12.4,19,34.68,26.63,13,149.85,138.92,DELAY_LATE_AIRCRAFT|DELAY_NAS|DELAY_CARRIER
LFT,1,20,-3.4,-8.65,6,27.5,27.83,2,552.0,625.5,DELAY_WEATHER|DELAY_LATE_AIRCRAFT|CANC_WEATHER
LFT,2,48,-6.23,-9.12,3,26.33,24.67,2,80.0,90.5,DELAY_LATE_AIRCRAFT|DELAY_NAS|DELAY_WEATHER
LFT,3,55,-5.11,-8.47,6,33.83,30.17,5,136.8,143.6,DELAY_CARRIER|DELAY_WEATHER|DELAY_NAS
LFT,4,38,-5.24,-6.18,3,41.0,58.33,8,167.12,164.25,DELAY_WEATHER|DELAY_CARRIER|DELAY_LATE_AIRCRAFT
LFT,5,32,-4.78,-5.66,6,33.17,38.33,10,286.9,283.6,DELAY_LATE_AIRCRAFT|DELAY_NAS|DELAY_WEATHER
LFT,6,44,-6.52,-11.77,3,19.0,16.67,4,483.75,487.25,DELAY_CARRIER|DELAY_LATE_AIRCRAFT|DELAY_WEATHER
LFT,7,44,-2.41,-7.11,12,35.92,31.08,16,143.5,139.5,DELAY_WEATHER|DELAY_CARRIER|DELAY_LATE_AIRCRAFT
LFT,8,54,-4.98,-9.8,6,29.67,19.17,4,295.0,284.5,DELAY_CARRIER|DELAY_NAS|DELAY_WEATHER
LFT,9,33,-4.88,-10.3,6,31.17,35.67,4,170.25,158.25,DELAY_CARRIER|DELAY_LATE_AIRCRAFT|CANC_WEATHER
LFT,10,42,-4.31,-13.52,3,17.0,4.33,4,133.0,125.75,DELAY_CARRIER|DELAY_NAS|DELAY_WEATHER
LFT,11,48,-5.69,-13.29,4,34.25,22.0,4,169.5,165.5,DELAY_LATE_AIRCRAFT|DELAY_CARRIER|DELAY_WEATHER
LFT,12,46,-4.8,-7.09,4,30.75,19.0,3,125.0,120.33,DELAY_CARRIER|DELAY_NAS|CANC_WEATHER
LGA,1,1872,-4.22,-14.71,294,32.74,26.92,228,135.36,140.57,DELAY_LATE_AIRCRAFT|DELAY_NAS|DELAY_CARRIER
LGA,2,2130,-4.73,-19.18,228,32.11,17.0,148,151.47,140.06,DELAY_LATE_AIRCRAFT|DELAY_CARRIER|DELAY_NAS
LGA,3,2208,-4.54,-17.59,262,33.54,20.85,151,134.5,125.01,DELAY_LATE_AIRCRAFT|DELAY_CARRIER|DELAY_NAS
LGA,4,2286,-4.37,-15.0,236,31.43,22.13,167,154.57,150.26,DELAY_LATE_AIRCRAFT|DELAY_CARRIER|DELAY_NAS
LGA,5,2183,-4.22,-12.24,300,31.19,27.53,249,141.18,139.61,DELAY_LATE_AIRCRAFT|DELAY_NAS|DELAY_CARRIER
LGA,6,2079,-3.9,-13.98,281,32.62,27.0,217,162.65,158.23,DELAY_LATE_AIRCRAFT|DELAY_NAS|DELAY_CARRIER
LGA,7,2043,-3.52,-9.98,389,33.3,32.96,326,155.96,153.46,DELAY_LATE_AIRCRAFT|DELAY_NAS|DELAY_CARRIER
LGA,8,1975,-3.5,-10.6,326,32.04,32.17,296,157.28,156.09,DELAY_LATE_AIRCRAFT|DELAY_NAS|DELAY_CARRIER
LGA,9,2405,-5.1,-13.89,181,32.08,25.29,76,137.71,127.99,DELAY_LATE_AIRCRAFT|DELAY_CARRIER|DELAY_NAS
LGA,10,2515,-4.88,-15.35,216,30.84,21.08,92,143.89,135.39,DELAY_LATE_AIRCRAFT|DELAY_CARRIER|DELAY_NAS
LGA,11,2321,-4.92,-15.18,208,32.49,20.6,118,117.88,107.13,DELAY_LATE_AIRCRAFT|DELAY_CARRIER|DELAY_NAS
LGA,12,1975,-3.41,-11.81,391,32.46,25.93,217,130.77,124.4,DELAY_LATE_AIRCRAFT|DELAY_CARRIER|DELAY_NAS
LGB,1,251,-2.06,-6.9,46,30.0,25.65,13,116.38,119.15,DELAY_LATE_AIRCRAFT|DELAY_CARRIER|DELAY_NAS
LGB,2,240,-1.77,-9.05,28,31.57,21.46,11,106.64,98.55,DELAY_LATE_AIRCRAFT|DELAY_NAS|DELAY_CARRIER
LGB,3,241,-1.36,-6.99,40,31.75,27.45,10,107.6,102.8,DELAY_LATE_AIRCRAFT|DELAY_NAS|DELAY_CARRIER
LGB,4,208,-1.35,-9.01,45,27.73,18.18,15,125.87,116.2,DELAY_LATE_AIRCRAFT|DELAY_CARRIER|DELAY_NAS
LGB,5,242,-0.92,-9.51,57,29.77,22.7,17,107.88,101.29,DELAY_LATE_AIRCRAFT|DELAY_CARRIER|DELAY_NAS
LGB,6,252,-0.57,-8.0,40,32.3,26.52,12,146.08,136.17,DELAY_LATE_AIRCRAFT|DELAY_NAS|DELAY_CARRIER
LGB,7,224,-1.14,-7.33,57,29.39,21.68,12,119.58,111.33,DELAY_LATE_AIRCRAFT|DELAY_CARRIER|DELAY_NAS
LGB,8,240,-2.33,-7.42,27,32.33,30.52,7,139.14,130.0,DELAY_LATE_AIRCRAFT|DELAY_CARRIER|DELAY_NAS
LGB,9,232,-3.19,-10.3,26,27.73,21.08,7,111.29,106.0,DELAY_LATE_AIRCRAFT|DELAY_CARRIER|DELAY_NAS
LGB,10,253,-2.82,-10.42,35,32.77,26.6,14,128.57,120.21,DELAY_LATE_AIRCRAFT|DELAY_CARRIER|DELAY_NAS
LGB,11,258,-3.75,-11.81,19,26.79,20.05,7,108.86,100.14,DELAY_CARRIER|DELAY_LATE_AIRCRAFT|DELAY_NAS
LGB,12,230,-2.02,-8.24,39,30.46,23.0,25,127.44,122.04,DELAY_LATE_AIRCRAFT|DELAY_CARRIER|DELAY_NAS
LIH,1,215,-2.0,-5.18,41,28.41,30.63,8,105.38,97.25,DELAY_LATE_AIRCRAFT|DELAY_NAS|DELAY_CARRIER
LIH,2,198,-2.48,-8.27,24,34.42,23.88,10,234.6,211.2,DELAY_LATE_AIRCRAFT|DELAY_CARRIER|CANC_CARRIER
LIH,3,237,-3.61,-9.09,27,26.81,25.52,4,108.5,95.25,DELAY_LATE_AIRCRAFT|DELAY_CARRIER|DELAY_NAS
LIH,4,219,-3.14,-6.87,19,29.79,24.53,6,143.0,138.5,DELAY_LATE_AIRCRAFT|DELAY_NAS|DELAY_CARRIER
LIH,5,204,-2.76,-5.53,19,25.16,27.47,8,206.38,202.62,DELAY_LATE_AIRCRAFT|DELAY_CARRIER|DELAY_NAS
LIH,6,238,-3.07,-5.06,14,34.5,33.0,8,117.75,119.62,DELAY_LATE_AIRCRAFT|DELAY_CARRIER|CANC_CARRIER
LIH,7,232,-2.78,-5.59,24,36.04,34.79,5,84.6,94.4,DELAY_LATE_AIRCRAFT|DELAY_CARRIER|DELAY_NAS
LIH,8,248,-3.24,-9.57,12,28.17,17.92,6,179.17,173.17,DELAY_LATE_AIRCRAFT|DELAY_CARRIER|CANC_CARRIER
LIH,9,248,-3.84,-7.06,12,30.0,24.92,1,83.0,86.0,DELAY_NAS|DELAY_CARRIER|DELAY_LATE_AIRCRAFT
LIH,10,253,-3.33,-8.7,12,23.67,16.33,3,103.0,103.0,DELAY_CARRIER|DELAY_LATE_AIRCRAFT|DELAY_NAS
LIH,11,213,-3.81,-7.59,15,32.8,27.73,3,97.67,87.0,DELAY_LATE_AIRCRAFT|DELAY_NAS|DELAY_CARRIER
LIH,12,231,-3.11,-7.34,25,29.88,23.0,9,242.33,227.44,DELAY_LATE_AIRCRAFT|DELAY_CARRIER|DELAY_NAS
LIT,1,128,-3.61,-5.7,24,33.75,33.58,20,126.2,126.2,DELAY_LATE_AIRCRAFT|DELAY_NAS|DELAY_CARRIER
LIT,2,137,-5.45,-11.07,15,31.27,25.47,4,105.25,105.5,DELAY_LATE_AIRCRAFT|DELAY_CARRIER|DELAY_NAS
LIT,3,151,-3.67,-9.42,14,30.29,24.5,12,128.08,115.5,DELAY_LATE_AIRCRAFT|DELAY_NAS|DELAY_CARRIER
LIT,4,186,-4.2,-9.56,26,27.38,21.0,17,184.0,181.76,DELAY_LATE_AIRCRAFT|DELAY_CARRIER|DELAY_WEATHER
LIT,5,141,-2.6,-6.3,47,31.94,29.91,20,163.3,175.3,DELAY_LATE_AIRCRAFT|DELAY_NAS|DELAY_CARRIER
LIT,6,152,-2.79,-5.2,33,32.45,27.06,17,156.88,149.41,DELAY_LATE_AIRCRAFT|DELAY_CARRIER|DELAY_NAS
LIT,7,164,-2.62,-4.87,42,32.05,28.19,23,144.96,148.52,DELAY_LATE_AIRCRAFT|DELAY_CARRIER|DELAY_NAS
LIT,8,189,-2.4,-6.72,22,30.95,23.68,4,103.0,97.25,DELAY_NAS|DELAY_LATE_AIRCRAFT|DELAY_CARRIER
LIT,9,173,-4.18,-7.95,19,25.68,25.26,7,116.14,110.29,DELAY_NAS|DELAY_LATE_AIRCRAFT|DELAY_CARRIER
LIT,10,202,-3.93,-9.39,22,32.41,26.91,10,150.2,144.4,DELAY_LATE_AIRCRAFT|DELAY_NAS|DELAY_CARRIER
LIT,11,177,-3.95,-8.02,21,28.52,23.1,7,164.86,164.29,DELAY_CARRIER|DELAY_NAS|DELAY_LATE_AIRCRAFT
LIT,12,143,-2.69,-7.2,29,32.48,28.9,12,122.58,128.92,DELAY_LATE_AIRCRAFT|DELAY_NAS|DELAY_CARRIER
LNK,1,4,1.0,-1.0,2,24.5,38.5,1,272.0,264.0,DELAY_NAS|DELAY_WEATHER
LNK,2,8,-7.25,-15.12,0,,,0,,,N/D
LNK,3,9,-8.89,-16.67,0,,,0,,,N/D
LNK,4,8,-4.62,-8.62,1,43.0,26.0,1,215.0,220.0,DELAY_LATE_AIRCRAFT|DELAY_WEATHER
LNK,5,12,-6.0,-8.67,5,37.0,29.6,6,165.33,156.0,DELAY_CARRIER|DELAY_LATE_AIRCRAFT|DELAY_NAS
LNK,6,33,-6.03,-7.27,5,35.4,27.6,2,167.5,160.0,DELAY_LATE_AIRCRAFT|DELAY_CARRIER|DELAY_NAS
LNK,7,23,-7.57,-14.7,1,42.0,54.0,1,87.0,73.0,DELAY_LATE_AIRCRAFT|DELAY_WEATHER
LNK,8,31,-7.55,-8.52,4,34.25,34.5,2,439.5,430.5,DELAY_CARRIER|DELAY_NAS|CANC_WEATHER
LNK,9,31,-5.55,-13.42,2,35.0,21.5,1,135.0,124.0,DELAY_CARRIER|DELAY_LATE_AIRCRAFT
LNK,10,45,-6.07,-7.98,3,24.0,20.67,1,224.0,194.0,DELAY_CARRIER|DELAY_WEATHER|CANC_WEATHER
LNK,11,32,-6.38,-16.16,2,36.5,29.5,2,240.0,218.5,DELAY_CARRIER|DELAY_NAS
LNK,12,34,-6.26,-14.5,4,29.0,14.25,6,181.33,166.17,DELAY_LATE_AIRCRAFT|DELAY_CARRIER|DELAY_NAS
LRD,1,17,-4.47,-3.35,5,24.2,20.8,5,220.6,213.6,DELAY_LATE_AIRCRAFT|DELAY_CARRIER|DELAY_NAS
LRD,2,25,-7.32,-3.12,4,34.5,46.75,0,,,DELAY_CARRIER|DELAY_LATE_AIRCRAFT|DELAY_NAS
LRD,3,27,-1.96,1.07,5,31.4,45.2,4,97.25,89.75,DELAY_LATE_AIRCRAFT|DELAY_NAS|CANC_WEATHER
LRD,4,20,-6.05,-7.8,1,45.0,30.0,4,118.5,112.75,DELAY_LATE_AIRCRAFT|CANC_NAS|DELAY_CARRIER
LRD,5,21,-3.43,-4.43,3,36.67,34.0,5,248.8,262.6,DELAY_LATE_AIRCRAFT|DELAY_NAS|DELAY_CARRIER
LRD,6,33,-2.52,-5.06,10,30.1,27.8,3,102.33,88.67,DELAY_LATE_AIRCRAFT|DELAY_CARRIER|DELAY_NAS
LRD,7,20,-2.85,-1.85,5,32.0,30.6,5,115.0,120.0,DELAY_LATE_AIRCRAFT|DELAY_NAS
LRD,8,26,-6.46,-7.69,6,34.33,31.0,0,,,DELAY_LATE_AIRCRAFT|DELAY_NAS
LRD,9,22,-4.5,-4.91,2,36.0,37.5,3,594.0,590.0,DELAY_CARRIER|DELAY_LATE_AIRCRAFT|DELAY_NAS
LRD,10,28,-4.96,-12.57,1,54.0,33.0,1,93.0,93.0,DELAY_CARRIER|DELAY_LATE_AIRCRAFT
LRD,11,22,-6.91,-9.91,1,32.0,20.0,1,63.0,50.0,DELAY_LATE_AIRCRAFT|DELAY_NAS
LRD,12,32,-3.66,-3.16,1,22.0,23.0,4,151.0,150.0,DELAY_LATE_AIRCRAFT|DELAY_NAS|CANC_WEATHER
LSE,2,1,-4.0,-5.0,0,,,0,,,N/D
LSE,5,11,-1.27,-4.09,1,19.0,19.0,1,177.0,166.0,DELAY_CARRIER|DELAY_NAS
LSE,6,3,-6.0,-17.33,0,,,0,,,N/D
LSE,7,6,-3.5,-6.5,1,16.0,19.0,0,,,CANC_NAS|DELAY_LATE_AIRCRAFT
LSE,8,6,-3.17,-4.5,1,17.0,11.0,1,366.0,361.0,DELAY_CARRIER
LSE,9,8,-7.88,-10.75,1,36.0,39.0,1,117.0,138.0,DELAY_CARRIER|DELAY_LATE_AIRCRAFT
LSE,10,11,-6.0,-4.09,1,17.0,17.0,0,,,DELAY_CARRIER|DELAY_NAS
LSE,11,4,-4.0,-9.75,0,,,0,,,N/D
LSE,12,2,-2.5,-4.0,0,,,0,,,N/D
LWS,1,16,-1.12,4.38,4,24.5,10.25,3,89.0,77.67,DELAY_CARRIER|DELAY_LATE_AIRCRAFT|DELAY_NAS
LWS,2,8,-3.5,-16.0,1,29.0,44.0,0,,,DELAY_LATE_AIRCRAFT
LWS,3,13,-4.92,-4.46,0,,,2,218.5,214.5,DELAY_LATE_AIRCRAFT|DELAY_CARRIER
LWS,4,17,-5.59,-6.12,0,,,2,76.5,63.5,DELAY_CARRIER|DELAY_WEATHER
LWS,5,19,-4.0,-2.68,0,,,0,,,DELAY_CARRIER
LWS,6,16,-2.94,-10.06,2,22.0,-1.5,2,174.0,157.0,DELAY_CARRIER
LWS,7,14,-3.36,-10.57,0,,,0,,,N/D
LWS,8,17,-4.24,-9.41,0,,,2,93.5,90.5,DELAY_CARRIER
LWS,9,17,-4.12,-4.29,2,47.0,42.0,0,,,DELAY_CARRIER
LWS,10,13,-4.62,-9.38,2,21.5,19.0,1,335.0,320.0,DELAY_CARRIER|DELAY_SECURITY
LWS,11,22,-3.73,-5.5,2,38.5,18.5,0,,,DELAY_CARRIER
LWS,12,13,-2.77,-9.46,0,,,0,,,N/D
MAF,1,110,-4.77,-8.51,10,31.3,34.3,7,101.86,107.57,DELAY_LATE_AIRCRAFT|DELAY_NAS|DELAY_WEATHER
MAF,2,125,-4.43,-9.26,7,28.43,21.14,2,91.5,79.5,DELAY_NAS|DELAY_CARRIER|DELAY_LATE_AIRCRAFT
MAF,3,118,-3.85,-7.2,11,30.91,20.82,11,149.18,146.0,DELAY_LATE_AIRCRAFT|DELAY_CARRIER|DELAY_NAS
MAF,4,152,-4.61,-9.95,15,38.67,34.73,11,162.45,167.45,DELAY_LATE_AIRCRAFT|DELAY_NAS|DELAY_WEATHER
MAF,5,111,-1.98,-5.65,21,30.52,25.62,23,172.48,169.09,DELAY_CARRIER|DELAY_LATE_AIRCRAFT|DELAY_NAS
MAF,6,116,-2.9,-5.62,24,30.38,28.29,18,153.78,151.06,DELAY_LATE_AIRCRAFT|DELAY_CARRIER|DELAY_NAS
MAF,7,116,-2.76,-5.15,29,30.07,28.59,16,151.88,149.12,DELAY_LATE_AIRCRAFT|DELAY_CARRIER|DELAY_NAS
MAF,8,157,-5.17,-7.9,15,26.4,20.4,8,125.0,124.62,DELAY_LATE_AIRCRAFT|DELAY_CARRIER|DELAY_NAS
MAF,9,141,-5.22,-9.67,18,32.17,24.89,4,119.25,108.0,DELAY_CARRIER|DELAY_NAS|DELAY_LATE_AIRCRAFT
MAF,10,161,-5.24,-9.57,7,38.29,29.43,4,111.5,107.5,DELAY_CARRIER|DELAY_LATE_AIRCRAFT|DELAY_NAS
MAF,11,143,-4.38,-9.68,8,25.38,28.0,9,156.67,144.78,DELAY_CARRIER|DELAY_NAS|CANC_WEATHER
MAF,12,117,-4.38,-7.99,11,30.73,26.45,11,171.09,169.09,DELAY_CARRIER|DELAY_LATE_AIRCRAFT|DELAY_NAS
MBS,1,19,-4.42,-3.84,4,38.25,38.0,5,204.0,193.0,DELAY_NAS|CANC_WEATHER|DELAY_CARRIER
MBS,2,30,-6.3,-17.87,1,17.0,10.0,2,357.5,341.0,DELAY_CARRIER
MBS,3,35,-5.74,-8.91,1,16.0,3.0,5,252.2,242.2,DELAY_CARRIER|DELAY_LATE_AIRCRAFT|DELAY_NAS
MBS,4,26,-6.96,-12.0,3,37.0,32.33,5,175.0,187.0,DELAY_CARRIER|DELAY_NAS|DELAY_LATE_AIRCRAFT
MBS,5,22,-6.77,-12.5,3,32.0,24.67,2,69.0,73.0,DELAY_LATE_AIRCRAFT|CANC_WEATHER|DELAY_NAS
MBS,6,33,-4.58,-7.45,3,35.67,26.67,7,121.57,116.57,DELAY_CARRIER|CANC_WEATHER|DELAY_NAS
MBS,7,28,-3.5,-7.89,2,41.5,39.0,2,124.0,142.5,DELAY_CARRIER|DELAY_LATE_AIRCRAFT|DELAY_WEATHER
MBS,8,27,-5.11,-8.44,4,34.25,34.25,4,124.0,122.75,DELAY_CARRIER|DELAY_LATE_AIRCRAFT|DELAY_WEATHER
MBS,9,36,-6.19,-10.92,4,34.75,24.0,0,,,DELAY_CARRIER|DELAY_LATE_AIRCRAFT
MBS,10,39,-5.9,-9.03,5,28.4,27.6,1,574.0,549.0,DELAY_CARRIER|DELAY_LATE_AIRCRAFT|DELAY_WEATHER
MBS,11,41,-5.73,-13.56,2,25.0,21.0,3,168.0,156.0,DELAY_CARRIER|DELAY_NAS|DELAY_WEATHER
MBS,12,32,-3.84,-10.94,6,31.17,33.17,4,105.5,98.0,DELAY_CARRIER|DELAY_WEATHER|CANC_WEATHER
MCI,1,548,-2.4,-3.36,86,31.22,31.69,51,136.08,148.49,DELAY_NAS|DELAY_LATE_AIRCRAFT|DELAY_CARRIER
MCI,2,585,-2.89,-9.04,57,28.93,22.3,27,238.85,230.44,DELAY_NAS|DELAY_CARRIER|DELAY_LATE_AIRCRAFT
MCI,3,717,-2.83,-9.93,90,31.12,26.03,35,135.29,134.26,DELAY_LATE_AIRCRAFT|DELAY_NAS|DELAY_CARRIER
MCI,4,698,-2.32,-8.48,99,30.08,24.02,39,144.26,141.26,DELAY_LATE_AIRCRAFT|DELAY_NAS|DELAY_CARRIER
MCI,5,644,-1.94,-6.48,107,29.62,25.51,77,148.53,147.26,DELAY_LATE_AIRCRAFT|DELAY_NAS|DELAY_CARRIER
MCI,6,708,-1.93,-6.92,127,31.95,28.89,58,184.33,179.53,DELAY_LATE_AIRCRAFT|DELAY_NAS|DELAY_CARRIER
MCI,7,684,-1.87,-5.06,128,30.7,26.97,81,146.8,144.44,DELAY_LATE_AIRCRAFT|DELAY_NAS|DELAY_CARRIER
MCI,8,686,-3.26,-8.03,96,30.4,28.3,45,147.82,143.4,DELAY_LATE_AIRCRAFT|DELAY_NAS|DELAY_CARRIER
MCI,9,749,-3.55,-8.35,62,31.97,25.56,20,99.05,93.15,DELAY_NAS|DELAY_LATE_AIRCRAFT|DELAY_CARRIER
MCI,10,798,-4.06,-9.61,78,26.73,21.64,22,201.45,199.77,DELAY_LATE_AIRCRAFT|DELAY_CARRIER|DELAY_NAS
MCI,11,723,-3.48,-9.08,74,29.66,22.18,37,163.41,160.16,DELAY_LATE_AIRCRAFT|DELAY_CARRIER|DELAY_NAS
MCI,12,655,-2.66,-11.2,94,30.78,19.28,38,135.97,127.97,DELAY_LATE_AIRCRAFT|DELAY_NAS|DELAY_CARRIER
MCO,1,1972,-1.61,-7.35,547,30.99,26.98,255,143.13,141.4,DELAY_LATE_AIRCRAFT|DELAY_CARRIER|DELAY_NAS
MCO,2,2134,-2.7,-6.32,378,31.06,27.25,169,128.78,122.07,DELAY_LATE_AIRCRAFT|DELAY_CARRIER|DELAY_NAS
MCO,3,2180,-1.69,-5.23,535,31.93,30.19,327,142.41,142.63,DELAY_LATE_AIRCRAFT|DELAY_NAS|DELAY_CARRIER
MCO,4,2230,-2.0,-7.42,422,31.12,24.72,199,140.03,134.73,DELAY_LATE_AIRCRAFT|DELAY_CARRIER|DELAY_NAS
MCO,5,1915,-1.39,-4.67,476,31.63,31.44,321,125.39,126.58,DELAY_LATE_AIRCRAFT|DELAY_NAS|DELAY_CARRIER
MCO,6,1715,-1.74,-8.72,472,32.99,27.39,355,145.88,139.99,DELAY_LATE_AIRCRAFT|DELAY_CARRIER|DELAY_NAS
MCO,7,1684,-1.43,-5.76,511,32.78,28.52,440,147.31,144.17,DELAY_LATE_AIRCRAFT|DELAY_NAS|DELAY_CARRIER
MCO,8,1610,-1.65,-6.95,438,32.09,29.45,320,132.2,128.84,DELAY_LATE_AIRCRAFT|DELAY_NAS|DELAY_CARRIER
MCO,9,1763,-2.83,-7.82,245,29.18,25.76,92,129.61,124.08,DELAY_NAS|DELAY_CARRIER|DELAY_LATE_AIRCRAFT
MCO,10,1984,-3.32,-11.39,232,30.17,20.28,92,129.77,120.51,CANC_WEATHER|DELAY_CARRIER|DELAY_LATE_AIRCRAFT
MCO,11,2192,-3.26,-10.64,302,30.59,23.56,98,117.22,110.56,DELAY_CARRIER|DELAY_NAS|DELAY_LATE_AIRCRAFT
MCO,12,2120,-2.26,-9.29,392,30.94,23.3,244,138.1,132.41,DELAY_LATE_AIRCRAFT|DELAY_CARRIER|DELAY_NAS
MCW,1,5,-9.4,-19.8,2,28.0,24.5,1,142.0,141.0,CANC_WEATHER|DELAY_LATE_AIRCRAFT|DELAY_WEATHER
MCW,2,7,-11.43,-18.43,0,,,0,,,N/D
MCW,3,11,-7.36,-14.18,0,,,1,91.0,102.0,DELAY_LATE_AIRCRAFT
MCW,4,17,-8.53,-10.18,0,,,1,817.0,811.0,DELAY_CARRIER|DELAY_LATE_AIRCRAFT|DELAY_NAS
MCW,5,6,-8.5,-6.67,1,28.0,30.0,0,,,DELAY_NAS
MCW,6,4,-5.25,-13.25,0,,,2,78.5,71.5,DELAY_LATE_AIRCRAFT
MCW,7,7,-12.71,-12.71,0,,,0,,,N/D
MCW,8,5,-1.8,-2.8,3,21.33,15.33,0,,,DELAY_LATE_AIRCRAFT
MCW,9,4,-10.0,-21.0,2,41.5,28.5,1,125.0,108.0,DELAY_CARRIER|DELAY_LATE_AIRCRAFT|DELAY_WEATHER
MCW,10,8,-10.75,-17.12,0,,,1,75.0,47.0,DELAY_LATE_AIRCRAFT
MCW,11,8,-9.5,-11.5,1,41.0,36.0,1,986.0,997.0,CANC_WEATHER|DELAY_CARRIER|DELAY_LATE_AIRCRAFT
MCW,12,11,-13.09,-16.91,2,26.0,32.5,0,,,DELAY_LATE_AIRCRAFT
MDT,1,65,-5.2,-13.52,3,30.0,18.67,10,114.6,109.1,DELAY_LATE_AIRCRAFT|CANC_WEATHER|DELAY_CARRIER
MDT,2,68,-5.18,-17.99,6,28.17,31.33,1,411.0,391.0,DELAY_NAS|DELAY_CARRIER|DELAY_LATE_AIRCRAFT
MDT,3,71,-6.14,-16.2,7,37.29,40.29,4,134.25,118.25,DELAY_LATE_AIRCRAFT|DELAY_CARRIER|DELAY_NAS
MDT,4,80,-4.4,-13.15,15,32.67,23.73,4,159.0,147.75,DELAY_LATE_AIRCRAFT|DELAY_CARRIER|DELAY_NAS
MDT,5,72,-3.38,-7.96,8,36.0,33.38,7,144.29,146.57,DELAY_LATE_AIRCRAFT|DELAY_NAS|DELAY_CARRIER
MDT,6,73,-4.37,-9.95,8,31.75,24.38,9,297.67,298.11,DELAY_LATE_AIRCRAFT|DELAY_CARRIER|DELAY_NAS
MDT,7,70,-5.41,-8.6,15,36.53,36.13,9,125.78,127.67,DELAY_CARRIER|DELAY_LATE_AIRCRAFT|DELAY_WEATHER
MDT,8,64,-2.95,-4.52,6,37.0,40.33,10,188.2,188.2,DELAY_CARRIER|DELAY_LATE_AIRCRAFT|DELAY_NAS
MDT,9,72,-4.28,-11.04,9,25.33,19.11,5,193.0,185.0,DELAY_LATE_AIRCRAFT|DELAY_CARRIER|DELAY_NAS
MDT,10,94,-4.97,-12.88,10,32.1,18.6,2,163.0,149.5,DELAY_LATE_AIRCRAFT|DELAY_NAS|DELAY_CARRIER
MDT,11,81,-3.68,-13.17,1,46.0,53.0,7,105.71,98.86,DELAY_LATE_AIRCRAFT|DELAY_CARRIER|DELAY_WEATHER
MDT,12,67,-2.87,-10.82,12,27.75,26.33,10,147.8,141.8,DELAY_LATE_AIRCRAFT|DELAY_NAS|DELAY_CARRIER
MDW,1,791,-0.43,-5.93,215,30.93,26.94,64,157.94,153.67,DELAY_LATE_AIRCRAFT|DELAY_CARRIER|CANC_WEATHER
MDW,2,872,-1.61,-11.61,122,28.53,19.5,26,130.08,121.62,DELAY_CARRIER|DELAY_LATE_AIRCRAFT|DELAY_NAS
MDW,3,1004,-0.74,-8.94,251,30.41,20.8,77,127.68,120.51,DELAY_LATE_AIRCRAFT|DELAY_CARRIER|DELAY_NAS
MDW,4,1046,-0.62,-7.17,227,31.57,25.15,70,117.11,112.19,DELAY_LATE_AIRCRAFT|DELAY_CARRIER|DELAY_NAS
MDW,5,941,0.05,-5.26,322,30.7,27.36,139,118.07,116.44,DELAY_LATE_AIRCRAFT|DELAY_CARRIER|DELAY_NAS
MDW,6,1024,0.62,-5.04,370,30.62,26.32,143,134.33,131.25,DELAY_LATE_AIRCRAFT|DELAY_CARRIER|DELAY_NAS
MDW,7,986,0.92,-4.42,384,31.86,27.81,166,121.33,117.54,DELAY_LATE_AIRCRAFT|DELAY_CARRIER|DELAY_NAS
MDW,8,1079,-0.41,-7.02,260,30.88,28.73,98,103.44,98.93,DELAY_LATE_AIRCRAFT|DELAY_CARRIER|DELAY_NAS
MDW,9,1171,-1.04,-8.5,197,29.26,21.95,34,131.91,121.59,DELAY_CARRIER|DELAY_LATE_AIRCRAFT|DELAY_NAS
MDW,10,1094,-1.36,-10.71,167,29.16,17.68,46,124.35,112.57,DELAY_CARRIER|DELAY_LATE_AIRCRAFT|DELAY_NAS
MDW,11,1018,-1.64,-10.06,121,29.6,20.75,49,125.41,119.8,DELAY_LATE_AIRCRAFT|DELAY_CARRIER|DELAY_NAS
MDW,12,918,-0.46,-9.95,210,29.03,20.83,52,118.08,110.96,DELAY_LATE_AIRCRAFT|DELAY_CARRIER|DELAY_NAS
MEI,1,9,-3.11,-33.56,1,23.0,1.0,1,65.0,22.0,CANC_WEATHER|DELAY_CARRIER
MEI,2,5,-9.2,-31.0,0,,,2,210.5,192.5,DELAY_LATE_AIRCRAFT
MEI,3,8,-8.0,-18.75,1,26.0,10.0,0,,,N/D
MEI,4,9,-7.44,3.11,1,34.0,29.0,0,,,DELAY_CARRIER
MEI,5,7,-8.14,-5.86,0,,,2,106.0,154.5,DELAY_NAS|CANC_WEATHER|DELAY_WEATHER
MEI,6,9,-6.22,1.67,0,,,1,94.0,97.0,CANC_WEATHER|DELAY_CARRIER|DELAY_LATE_AIRCRAFT
MEI,7,9,-4.89,-3.89,0,,,2,210.0,206.5,DELAY_LATE_AIRCRAFT|CANC_WEATHER|DELAY_CARRIER
MEI,8,9,-7.11,-9.78,1,21.0,17.0,0,,,DELAY_CARRIER
MEI,9,12,-5.92,-6.67,1,22.0,14.0,0,,,DELAY_CARRIER
MEI,10,14,-8.57,-7.14,1,37.0,24.0,0,,,DELAY_CARRIER
MEI,11,7,-4.0,0.0,0,,,0,,,DELAY_CARRIER|DELAY_NAS
MEI,12,9,-9.56,-8.11,1,42.0,43.0,0,,,CANC_WEATHER|DELAY_CARRIER
MEM,1,273,-4.52,-8.68,46,31.98,27.93,33,176.7,185.79,DELAY_LATE_AIRCRAFT|DELAY_CARRIER|DELAY_NAS
MEM,2,296,-4.48,-9.84,17,29.82,19.59,7,184.57,176.57,DELAY_NAS|DELAY_CARRIER|DELAY_LATE_AIRCRAFT
MEM,3,291,-4.18,-11.12,42,31.57,24.57,16,101.5,92.38,DELAY_LATE_AIRCRAFT|DELAY_NAS|DELAY_CARRIER
MEM,4,317,-4.46,-11.35,28,28.04,21.61,17,186.53,183.53,DELAY_CARRIER|DELAY_LATE_AIRCRAFT|DELAY_NAS
MEM,5,327,-2.79,-9.33,65,30.51,25.55,34,210.79,211.62,DELAY_CARRIER|DELAY_LATE_AIRCRAFT|DELAY_NAS
MEM,6,337,-3.32,-10.16,51,30.65,24.86,34,205.03,206.12,DELAY_LATE_AIRCRAFT|DELAY_CARRIER|DELAY_NAS
MEM,7,301,-2.3,-6.19,56,29.73,25.11,37,180.95,175.84,DELAY_LATE_AIRCRAFT|DELAY_NAS|DELAY_CARRIER
MEM,8,332,-4.02,-10.42,37,34.16,31.92,16,194.38,200.81,DELAY_LATE_AIRCRAFT|DELAY_NAS|DELAY_CARRIER
MEM,9,331,-3.97,-9.22,32,29.5,22.25,15,203.47,194.87,DELAY_NAS|DELAY_LATE_AIRCRAFT|DELAY_CARRIER
MEM,10,344,-3.27,-9.95,27,33.67,26.81,13,180.62,174.0,DELAY_NAS|DELAY_LATE_AIRCRAFT|DELAY_CARRIER
MEM,11,316,-3.47,-10.82,28,29.5,23.18,7,108.14,142.0,DELAY_NAS|DELAY_CARRIER|DELAY_LATE_AIRCRAFT
MEM,12,299,-2.89,-8.37,43,32.91,24.79,20,143.1,136.2,DELAY_LATE_AIRCRAFT|DELAY_NAS|DELAY_CARRIER
MFE,1,48,-4.83,-9.52,8,31.38,25.38,4,229.25,218.5,DELAY_LATE_AIRCRAFT|DELAY_NAS|DELAY_CARRIER
MFE,2,54,-3.65,-5.35,4,33.0,34.5,1,77.0,87.0,DELAY_CARRIER|DELAY_LATE_AIRCRAFT|DELAY_NAS
MFE,3,45,-3.82,-3.24,9,40.22,37.0,6,163.67,174.67,DELAY_LATE_AIRCRAFT|DELAY_CARRIER|DELAY_NAS
MFE,4,55,-3.0,-8.2,7,33.71,44.57,6,169.5,187.83,DELAY_CARRIER|DELAY_NAS|DELAY_LATE_AIRCRAFT
MFE,5,50,-3.12,-4.82,12,32.0,26.08,13,209.85,206.54,DELAY_CARRIER|DELAY_NAS|DELAY_LATE_AIRCRAFT
MFE,6,61,-3.74,-4.03,9,33.44,25.67,13,250.23,251.54,DELAY_LATE_AIRCRAFT|DELAY_CARRIER|DELAY_NAS
MFE,7,73,-1.85,-1.84,8,25.62,27.12,15,210.67,212.07,DELAY_CARRIER|DELAY_LATE_AIRCRAFT|DELAY_NAS
MFE,8,72,-5.67,-9.07,5,34.6,37.8,10,245.2,243.6,DELAY_CARRIER|DELAY_LATE_AIRCRAFT|DELAY_NAS
MFE,9,85,-5.55,-6.8,8,22.25,18.38,4,87.0,75.75,DELAY_LATE_AIRCRAFT|DELAY_NAS|DELAY_CARRIER
MFE,10,97,-6.36,-11.57,10,33.2,27.7,5,164.8,161.8,DELAY_LATE_AIRCRAFT|DELAY_CARRIER|DELAY_NAS
MFE,11,67,-5.33,-9.76,6,19.83,11.83,8,119.5,115.88,DELAY_LATE_AIRCRAFT|DELAY_NAS|DELAY_WEATHER
MFE,12,67,-4.48,-7.87,2,31.5,20.0,6,146.67,170.0,DELAY_CARRIER|DELAY_NAS|CANC_CARRIER
MFR,1,73,-5.42,-14.27,3,28.0,17.33,6,276.5,261.17,DELAY_CARRIER|DELAY_LATE_AIRCRAFT|CANC_CARRIER
MFR,2,51,-6.75,-12.55,5,29.8,22.4,7,134.29,137.86,DELAY_NAS|DELAY_CARRIER|DELAY_LATE_AIRCRAFT
MFR,3,66,-3.53,-8.41,7,26.71,16.57,8,166.0,167.25,DELAY_CARRIER|DELAY_NAS|DELAY_WEATHER
MFR,4,59,-4.44,-6.9,4,27.25,16.0,3,97.67,105.0,DELAY_NAS|DELAY_CARRIER
MFR,5,66,-5.36,-9.91,8,28.62,23.38,6,222.83,222.0,DELAY_LATE_AIRCRAFT|DELAY_CARRIER|DELAY_NAS
MFR,6,53,-2.36,-4.92,13,30.08,26.23,6,96.67,93.83,DELAY_NAS|DELAY_CARRIER|DELAY_LATE_AIRCRAFT
MFR,7,56,-2.29,-6.82,8,31.5,27.75,10,127.5,122.9,DELAY_LATE_AIRCRAFT|DELAY_CARRIER|CANC_CARRIER
MFR,8,56,-3.98,-6.52,6,32.33,25.5,4,125.75,120.25,DELAY_CARRIER|DELAY_LATE_AIRCRAFT|DELAY_NAS
MFR,9,72,-4.94,-10.14,6,27.83,20.5,5,157.2,150.0,DELAY_CARRIER|DELAY_NAS|DELAY_LATE_AIRCRAFT
MFR,10,63,-4.21,-8.1,3,28.67,45.0,1,149.0,139.0,DELAY_CARRIER|CANC_NAS|DELAY_NAS
MFR,11,57,-6.05,-11.4,1,15.0,5.0,3,159.33,172.33,DELAY_CARRIER|DELAY_NAS|DELAY_WEATHER
MFR,12,60,-4.38,-9.95,5,42.4,40.2,5,126.2,110.0,DELAY_CARRIER|CANC_WEATHER|DELAY_LATE_AIRCRAFT
MGM,1,28,-1.46,-7.18,8,32.75,38.38,4,130.75,122.0,DELAY_CARRIER|DELAY_LATE_AIRCRAFT|DELAY_NAS
MGM,2,35,-3.77,-10.06,4,26.5,38.75,1,286.0,262.0,DELAY_CARRIER|DELAY_LATE_AIRCRAFT|DELAY_NAS
MGM,3,35,-3.66,-7.26,5,28.4,15.8,1,61.0,61.0,DELAY_NAS|DELAY_CARRIER|DELAY_LATE_AIRCRAFT
MGM,4,36,-3.75,-5.86,1,31.0,36.0,3,195.0,188.33,DELAY_LATE_AIRCRAFT|DELAY_NAS|CANC_WEATHER
MGM,5,32,-4.47,-7.75,5,36.8,41.2,7,284.57,281.14,DELAY_CARRIER|DELAY_NAS|DELAY_WEATHER
MGM,6,41,-5.49,-11.78,6,26.33,12.0,1,96.0,91.0,DELAY_LATE_AIRCRAFT|CANC_WEATHER|DELAY_CARRIER
MGM,7,32,-3.66,-5.69,7,24.14,26.0,8,223.75,218.12,DELAY_LATE_AIRCRAFT|DELAY_CARRIER|DELAY_NAS
MGM,8,42,-4.1,-8.62,5,32.0,28.6,0,,,DELAY_LATE_AIRCRAFT|CANC_WEATHER|DELAY_CARRIER
MGM,9,35,-5.29,-13.49,4,31.75,27.75,2,77.5,69.5,DELAY_CARRIER|DELAY_LATE_AIRCRAFT|CANC_WEATHER
MGM,10,48,-4.6,-14.79,3,21.0,16.0,2,110.0,103.0,DELAY_LATE_AIRCRAFT|DELAY_NAS
MGM,11,29,-4.48,-7.17,6,36.67,36.67,4,145.75,141.75,DELAY_CARRIER|DELAY_LATE_AIRCRAFT|DELAY_NAS
MGM,12,43,-3.88,-10.4,8,29.75,28.5,6,349.33,342.33,DELAY_CARRIER|DELAY_NAS|CANC_WEATHER
MGW,12,4,-2.25,7.25,1,44.0,77.0,2,289.0,270.5,DELAY_CARRIER|DELAY_LATE_AIRCRAFT|DELAY_NAS
MHK,1,9,-1.89,-3.78,4,24.25,23.0,0,,,DELAY_LATE_AIRCRAFT|DELAY_NAS
MHK,2,11,-5.82,-13.0,0,,,1,77.0,59.0,DELAY_CARRIER|DELAY_NAS
MHK,3,9,-3.56,-9.0,2,17.5,1.5,0,,,N/D
MHK,4,7,-3.29,-15.29,1,20.0,9.0,1,66.0,41.0,DELAY_CARRIER
MHK,5,9,-3.22,-8.11,2,23.5,18.5,0,,,CANC_WEATHER|DELAY_LATE_AIRCRAFT
MHK,6,7,-6.14,-7.86,1,17.0,4.0,0,,,CANC_CARRIER|DELAY_NAS
MHK,7,19,-2.68,-13.42,1,58.0,62.0,0,,,DELAY_LATE_AIRCRAFT
MHK,8,15,-6.47,-13.0,1,20.0,2.0,1,86.0,74.0,DELAY_CARRIER|DELAY_NAS
MHK,9,18,-4.94,-20.17,2,36.0,19.0,0,,,DELAY_NAS
MHK,10,22,-3.95,-22.41,0,,,1,80.0,59.0,DELAY_LATE_AIRCRAFT
MHK,11,13,-3.38,-22.08,0,,,1,177.0,189.0,CANC_WEATHER|DELAY_NAS
MHK,12,19,-2.47,-19.84,5,20.8,7.0,2,108.5,101.5,DELAY_CARRIER|DELAY_LATE_AIRCRAFT
MHT,1,55,-3.78,-10.16,7,24.0,11.14,4,177.0,191.5,DELAY_LATE_AIRCRAFT|CANC_WEATHER|DELAY_NAS
MHT,2,44,-3.93,-16.77,7,28.0,12.57,3,102.33,118.67,DELAY_LATE_AIRCRAFT|DELAY_NAS
MHT,3,62,-4.81,-15.58,4,29.75,31.5,6,115.0,131.33,DELAY_NAS|DELAY_LATE_AIRCRAFT|DELAY_CARRIER
MHT,4,79,-4.28,-9.54,7,36.14,33.14,2,216.5,297.0,DELAY_NAS|DELAY_CARRIER|DELAY_LATE_AIRCRAFT
MHT,5,58,-3.91,-3.59,16,33.81,28.38,10,282.1,280.5,DELAY_LATE_AIRCRAFT|DELAY_NAS|DELAY_CARRIER
MHT,6,79,-3.76,-10.95,11,32.27,35.55,4,131.75,120.25,DELAY_LATE_AIRCRAFT|DELAY_NAS|DELAY_WEATHER
MHT,7,63,-3.27,-8.97,20,31.75,26.4,9,152.0,142.22,DELAY_LATE_AIRCRAFT|DELAY_CARRIER|DELAY_NAS
MHT,8,98,-2.68,-10.21,10,31.9,21.6,6,165.0,170.5,DELAY_NAS|DELAY_LATE_AIRCRAFT|CANC_WEATHER
MHT,9,89,-4.72,-11.72,8,37.38,25.12,1,91.0,80.0,DELAY_LATE_AIRCRAFT|DELAY_CARRIER|DELAY_NAS
MHT,10,102,-4.2,-11.49,8,26.5,14.12,5,66.0,48.6,DELAY_CARRIER|DELAY_LATE_AIRCRAFT|DELAY_NAS
MHT,11,86,-4.44,-16.43,1,16.0,0.0,3,192.0,190.67,DELAY_LATE_AIRCRAFT|DELAY_NAS|DELAY_CARRIER
MHT,12,73,-4.14,-11.44,8,36.0,28.38,5,132.8,123.6,DELAY_CARRIER|DELAY_LATE_AIRCRAFT|DELAY_NAS
MIA,1,1405,-0.99,-5.33,381,32.16,30.03,186,146.16,143.37,DELAY_LATE_AIRCRAFT|DELAY_NAS|DELAY_CARRIER
MIA,2,1507,-1.86,-2.56,312,30.6,29.62,147,156.01,153.26,DELAY_NAS|DELAY_LATE_AIRCRAFT|DELAY_CARRIER
MIA,3,1437,-1.28,-4.93,398,31.27,29.57,284,157.97,157.51,DELAY_LATE_AIRCRAFT|DELAY_NAS|DELAY_CARRIER
MIA,4,1480,-1.89,-6.84,257,31.95,26.77,151,151.41,146.88,DELAY_LATE_AIRCRAFT|DELAY_CARRIER|DELAY_NAS
MIA,5,1286,-1.01,-4.11,378,32.27,29.93,238,146.26,145.55,DELAY_LATE_AIRCRAFT|DELAY_CARRIER|DELAY_NAS
MIA,6,1037,-1.25,-7.73,352,33.17,30.46,255,163.64,157.16,DELAY_LATE_AIRCRAFT|DELAY_CARRIER|DELAY_NAS
MIA,7,1115,-1.16,-7.89,349,33.04,28.25,282,164.72,157.88,DELAY_LATE_AIRCRAFT|DELAY_CARRIER|DELAY_NAS
MIA,8,1019,-1.49,-6.66,336,32.79,28.67,288,157.8,153.82,DELAY_LATE_AIRCRAFT|DELAY_CARRIER|DELAY_NAS
MIA,9,1258,-3.06,-8.72,214,31.27,27.13,89,137.98,137.25,DELAY_NAS|DELAY_CARRIER|DELAY_LATE_AIRCRAFT
MIA,10,1427,-3.33,-11.34,175,30.78,22.63,95,128.63,121.76,DELAY_CARRIER|DELAY_LATE_AIRCRAFT|DELAY_NAS
MIA,11,1538,-2.75,-11.45,215,32.9,23.58,91,129.02,121.81,DELAY_CARRIER|DELAY_LATE_AIRCRAFT|DELAY_NAS
MIA,12,1452,-1.58,-9.38,334,32.6,27.31,175,138.74,132.7,DELAY_LATE_AIRCRAFT|DELAY_CARRIER|DELAY_NAS
MKE,1,296,-2.54,-7.02,53,32.87,32.64,35,258.86,260.94,DELAY_NAS|DELAY_CARRIER|DELAY_LATE_AIRCRAFT
MKE,2,360,-4.53,-13.43,42,31.38,19.69,19,205.74,195.05,DELAY_NAS|DELAY_LATE_AIRCRAFT|DELAY_CARRIER
MKE,3,403,-3.55,-8.38,55,31.25,28.6,39,137.26,133.85,DELAY_LATE_AIRCRAFT|DELAY_NAS|DELAY_CARRIER
MKE,4,404,-4.15,-9.45,43,31.3,24.74,26,145.15,145.62,DELAY_LATE_AIRCRAFT|DELAY_NAS|DELAY_CARRIER
MKE,5,383,-3.62,-7.94,64,32.0,27.72,36,199.69,201.28,DELAY_LATE_AIRCRAFT|DELAY_NAS|DELAY_CARRIER
MKE,6,348,-3.51,-8.26,72,30.68,28.15,37,135.78,128.41,DELAY_LATE_AIRCRAFT|DELAY_NAS|DELAY_CARRIER
MKE,7,375,-3.14,-8.84,80,33.0,32.74,47,179.66,180.53,DELAY_LATE_AIRCRAFT|DELAY_CARRIER|DELAY_NAS
MKE,8,393,-3.47,-9.2,56,32.0,30.0,39,150.15,146.41,DELAY_LATE_AIRCRAFT|DELAY_CARRIER|DELAY_NAS
MKE,9,435,-4.44,-9.7,38,26.87,22.37,21,131.0,129.38,DELAY_CARRIER|DELAY_NAS|DELAY_LATE_AIRCRAFT
MKE,10,500,-4.06,-12.61,50,30.42,24.42,15,194.73,183.8,DELAY_LATE_AIRCRAFT|DELAY_CARRIER|DELAY_NAS
MKE,11,412,-3.95,-11.94,40,31.57,22.18,16,171.31,160.12,DELAY_CARRIER|DELAY_NAS|DELAY_LATE_AIRCRAFT
MKE,12,359,-3.14,-9.36,53,29.83,23.42,25,173.76,169.88,DELAY_CARRIER|DELAY_LATE_AIRCRAFT|DELAY_NAS
MLB,1,40,-9.12,-17.9,3,36.33,22.67,5,184.8,174.8,DELAY_LATE_AIRCRAFT|DELAY_CARRIER
MLB,2,42,-8.4,-13.69,3,31.67,25.67,1,218.0,219.0,DELAY_CARRIER|DELAY_LATE_AIRCRAFT
MLB,3,41,-6.41,-9.88,8,24.5,16.88,1,106.0,91.0,DELAY_LATE_AIRCRAFT|CANC_NAS|DELAY_CARRIER
MLB,4,44,-6.48,-11.14,6,37.17,27.67,4,292.0,280.5,DELAY_CARRIER|DELAY_LATE_AIRCRAFT|DELAY_NAS
MLB,5,35,-7.4,-13.57,4,29.0,30.75,3,174.67,169.33,DELAY_LATE_AIRCRAFT|DELAY_CARRIER|DELAY_WEATHER
MLB,6,41,-6.34,-12.05,5,26.4,17.0,3,111.67,111.0,DELAY_LATE_AIRCRAFT|DELAY_NAS
MLB,7,24,-5.58,-6.71,3,26.67,19.33,9,134.78,136.22,DELAY_LATE_AIRCRAFT|CANC_CARRIER|DELAY_CARRIER
MLB,8,35,-6.4,-10.89,6,35.33,25.33,3,169.0,168.67,DELAY_LATE_AIRCRAFT|CANC_WEATHER|DELAY_CARRIER
MLB,9,41,-5.27,-10.71,4,30.5,38.0,1,69.0,67.0,DELAY_CARRIER|DELAY_LATE_AIRCRAFT|DELAY_NAS
MLB,10,35,-7.89,-10.49,1,46.0,55.0,3,76.0,68.67,CANC_WEATHER|DELAY_NAS|DELAY_LATE_AIRCRAFT
MLB,11,48,-8.33,-12.69,5,31.0,20.8,1,329.0,348.0,DELAY_CARRIER|DELAY_LATE_AIRCRAFT
MLB,12,44,-4.64,-7.14,7,27.43,17.0,5,98.8,104.8,DELAY_LATE_AIRCRAFT|DELAY_CARRIER|DELAY_NAS
MLI,1,47,-3.98,-10.66,8,34.38,38.75,10,179.0,170.0,CANC_WEATHER|DELAY_LATE_AIRCRAFT|DELAY_CARRIER
MLI,2,48,-5.98,-16.67,5,31.8,26.4,3,164.67,152.33,DELAY_CARRIER|DELAY_LATE_AIRCRAFT|DELAY_NAS
MLI,3,60,-6.43,-13.47,5,35.6,17.6,6,149.5,133.17,DELAY_NAS|DELAY_CARRIER|DELAY_LATE_AIRCRAFT
MLI,4,49,-5.27,-9.9,7,39.86,42.0,2,225.5,257.5,DELAY_LATE_AIRCRAFT|DELAY_NAS|DELAY_CARRIER
MLI,5,56,-5.25,-11.54,7,27.57,24.0,12,172.75,180.17,DELAY_LATE_AIRCRAFT|DELAY_NAS|DELAY_CARRIER
MLI,6,47,-3.83,-8.77,3,31.67,32.33,8,310.62,310.0,DELAY_CARRIER|DELAY_LATE_AIRCRAFT|DELAY_NAS
MLI,7,52,-5.31,-5.17,12,27.08,25.33,10,129.8,128.8,DELAY_LATE_AIRCRAFT|DELAY_CARRIER|DELAY_NAS
MLI,8,47,-6.38,-8.89,8,32.88,30.88,8,95.0,92.88,DELAY_LATE_AIRCRAFT|DELAY_NAS|DELAY_CARRIER
MLI,9,64,-5.75,-9.97,7,41.86,35.0,3,114.33,118.67,DELAY_CARRIER|DELAY_LATE_AIRCRAFT|DELAY_WEATHER
MLI,10,84,-6.17,-12.7,5,28.0,27.4,1,438.0,429.0,DELAY_CARRIER|DELAY_LATE_AIRCRAFT
MLI,11,63,-5.08,-8.11,6,30.0,26.0,4,121.75,121.5,DELAY_LATE_AIRCRAFT|DELAY_CARRIER|DELAY_NAS
MLI,12,40,-4.33,-9.55,7,37.71,25.0,4,198.75,213.5,DELAY_CARRIER|DELAY_LATE_AIRCRAFT|DELAY_NAS
MLU,1,18,-6.39,-5.56,6,28.5,26.17,6,131.67,128.33,DELAY_LATE_AIRCRAFT|DELAY_NAS|CANC_WEATHER
MLU,2,23,-5.57,-7.04,2,36.5,25.5,1,83.0,63.0,DELAY_LATE_AIRCRAFT|DELAY_WEATHER
MLU,3,26,-3.27,-6.0,4,35.0,34.0,1,285.0,277.0,DELAY_NAS|DELAY_LATE_AIRCRAFT|DELAY_CARRIER
MLU,4,23,-3.65,-5.17,4,28.75,23.0,3,96.0,107.0,DELAY_LATE_AIRCRAFT|DELAY_NAS|DELAY_WEATHER
MLU,5,14,-1.86,-8.57,5,27.4,19.4,3,246.67,246.33,DELAY_LATE_AIRCRAFT|DELAY_NAS
MLU,6,22,-4.91,-11.77,4,27.5,18.0,2,198.0,195.5,DELAY_LATE_AIRCRAFT
MLU,7,32,-6.31,-11.09,7,32.86,41.0,0,,,DELAY_CARRIER|DELAY_NAS|CANC_CARRIER
MLU,8,34,-5.41,-10.62,1,20.0,3.0,1,159.0,134.0,DELAY_CARRIER|DELAY_LATE_AIRCRAFT
MLU,9,21,-4.62,-7.19,6,35.33,31.17,4,137.25,135.5,DELAY_LATE_AIRCRAFT|DELAY_CARRIER|DELAY_NAS
MLU,10,41,-5.29,-11.44,0,,,1,467.0,456.0,DELAY_CARRIER
MLU,11,22,-4.32,-10.86,0,,,1,76.0,69.0,DELAY_CARRIER
MLU,12,28,-5.39,-8.68,2,22.5,20.0,1,93.0,66.0,DELAY_NAS|CANC_NAS|DELAY_CARRIER
MOB,1,28,-4.25,-9.18,1,37.0,35.0,4,123.5,128.75,DELAY_LATE_AIRCRAFT|CANC_NAS|DELAY_NAS
MOB,2,53,-5.96,-11.13,6,25.33,23.0,1,87.0,71.0,DELAY_CARRIER|DELAY_NAS
MOB,3,38,-4.37,-8.0,2,18.5,13.0,4,73.25,71.5,DELAY_LATE_AIRCRAFT|DELAY_CARRIER|DELAY_NAS
MOB,4,42,-4.24,-9.07,7,28.43,30.14,2,177.0,192.0,DELAY_LATE_AIRCRAFT|DELAY_NAS
MOB,5,26,-4.12,-4.81,4,41.0,41.0,3,250.0,260.67,DELAY_LATE_AIRCRAFT|DELAY_NAS|DELAY_WEATHER
MOB,6,35,-4.23,-7.74,8,38.88,40.5,2,102.5,100.5,DELAY_LATE_AIRCRAFT|DELAY_CARRIER|DELAY_NAS
MOB,7,31,-3.06,-5.9,4,43.0,38.0,7,96.29,93.43,DELAY_LATE_AIRCRAFT|DELAY_NAS|DELAY_CARRIER
MOB,8,41,-3.29,-11.32,2,17.0,13.5,1,128.0,136.0,DELAY_LATE_AIRCRAFT
MOB,9,46,-4.54,-6.89,4,32.0,23.25,1,86.0,76.0,DELAY_LATE_AIRCRAFT|DELAY_NAS|DELAY_CARRIER
MOB,10,39,-5.64,-11.05,2,29.0,19.0,2,76.0,77.0,DELAY_CARRIER|DELAY_LATE_AIRCRAFT|DELAY_NAS
MOB,11,32,-4.06,-11.34,4,33.75,31.5,3,107.33,148.67,DELAY_LATE_AIRCRAFT|DELAY_NAS
MOB,12,33,-3.12,-5.97,7,35.0,31.29,1,70.0,92.0,DELAY_NAS|DELAY_CARRIER|DELAY_LATE_AIRCRAFT
MOT,1,30,-3.33,-13.4,3,27.0,33.67,6,249.67,233.0,CANC_WEATHER|DELAY_WEATHER|DELAY_CARRIER
MOT,2,19,-4.26,-13.63,6,31.33,19.83,1,122.0,112.0,DELAY_CARRIER|DELAY_LATE_AIRCRAFT|DELAY_NAS
MOT,3,35,-5.09,-13.51,2,16.0,21.5,1,105.0,83.0,DELAY_CARRIER|CANC_WEATHER|DELAY_LATE_AIRCRAFT
MOT,4,30,-4.23,-9.47,3,32.0,19.33,4,166.25,149.25,DELAY_CARRIER|DELAY_NAS|DELAY_WEATHER
MOT,5,29,-3.14,-13.45,6,26.67,12.83,2,101.0,101.5,DELAY_CARRIER|DELAY_NAS|DELAY_WEATHER
MOT,6,23,-2.39,6.09,5,38.8,37.0,4,107.25,108.75,DELAY_NAS|DELAY_CARRIER|DELAY_LATE_AIRCRAFT
MOT,7,31,-2.9,-4.1,6,39.67,34.0,3,199.0,195.33,DELAY_CARRIER|DELAY_LATE_AIRCRAFT|DELAY_WEATHER
MOT,8,29,-5.72,-4.97,7,30.0,25.71,3,138.0,147.33,DELAY_WEATHER|DELAY_CARRIER|DELAY_LATE_AIRCRAFT
MOT,9,30,-4.57,-9.87,5,31.0,21.6,3,349.67,348.33,DELAY_CARRIER|DELAY_LATE_AIRCRAFT|DELAY_WEATHER
MOT,10,33,-5.21,-13.39,3,19.0,5.0,0,,,DELAY_CARRIER|DELAY_NAS
MOT,11,26,-2.81,-10.88,5,40.2,57.4,3,101.0,108.0,DELAY_NAS|DELAY_WEATHER|DELAY_CARRIER
MOT,12,40,-3.9,-12.22,4,34.0,26.5,10,195.3,193.8,DELAY_CARRIER|DELAY_LATE_AIRCRAFT|DELAY_WEATHER
MQT,1,4,-2.5,-14.25,0,,,0,,,N/D
MQT,2,6,-7.17,-23.83,1,48.0,21.0,2,189.0,154.0,DELAY_LATE_AIRCRAFT|DELAY_CARRIER
MQT,3,13,-6.92,-20.0,0,,,0,,,DELAY_NAS
MQT,4,11,-7.18,-4.27,0,,,2,188.0,186.5,DELAY_CARRIER|DELAY_NAS|DELAY_WEATHER
MQT,5,16,-4.5,-6.81,2,47.0,46.0,1,130.0,155.0,DELAY_WEATHER|DELAY_CARRIER
MQT,6,15,-4.6,-11.67,3,22.0,52.67,0,,,DELAY_LATE_AIRCRAFT|DELAY_NAS
MQT,7,14,-4.86,-9.29,2,37.5,31.0,2,195.5,188.5,DELAY_CARRIER|DELAY_LATE_AIRCRAFT|DELAY_WEATHER
MQT,8,13,-5.69,-9.46,3,25.67,27.67,2,240.0,243.0,DELAY_CARRIER|DELAY_LATE_AIRCRAFT
MQT,9,16,-2.25,-9.25,3,21.33,12.33,1,70.0,60.0,DELAY_CARRIER|DELAY_LATE_AIRCRAFT
MQT,10,12,-8.83,-18.25,1,50.0,48.0,2,133.0,121.0,DELAY_CARRIER|DELAY_LATE_AIRCRAFT|DELAY_WEATHER
MQT,11,10,-2.2,-18.2,2,44.0,40.5,0,,,DELAY_CARRIER
MQT,12,8,-6.38,-24.12,2,32.0,21.5,2,120.0,106.0,DELAY_CARRIER|CANC_WEATHER|DELAY_WEATHER
MRY,1,48,-4.5,-12.19,6,31.0,26.0,2,91.5,76.5,DELAY_LATE_AIRCRAFT|DELAY_CARRIER|DELAY_NAS
MRY,2,48,-4.73,-9.15,0,,,4,175.25,169.5,DELAY_CARRIER|CANC_WEATHER|DELAY_LATE_AIRCRAFT
MRY,3,66,-5.27,-4.58,13,30.15,25.08,7,567.29,570.0,DELAY_NAS|DELAY_CARRIER|DELAY_LATE_AIRCRAFT
MRY,4,60,-4.05,-7.05,3,23.33,32.67,4,153.5,151.5,DELAY_CARRIER|DELAY_LATE_AIRCRAFT|DELAY_WEATHER
MRY,5,90,-5.79,-7.33,8,30.12,24.25,6,142.33,155.83,DELAY_LATE_AIRCRAFT|DELAY_NAS|DELAY_CARRIER
MRY,6,65,-5.15,-5.48,8,29.88,33.0,6,181.33,178.0,DELAY_LATE_AIRCRAFT|DELAY_CARRIER|DELAY_NAS
MRY,7,56,-3.89,-6.29,8,37.62,35.62,5,339.2,344.4,DELAY_LATE_AIRCRAFT|DELAY_CARRIER|CANC_CARRIER
MRY,8,75,-5.8,-6.23,7,29.57,26.57,6,124.33,121.5,DELAY_NAS|DELAY_CARRIER|DELAY_LATE_AIRCRAFT
MRY,9,70,-5.3,-7.03,11,34.36,31.0,3,66.67,74.0,DELAY_LATE_AIRCRAFT|DELAY_CARRIER|DELAY_NAS
MRY,10,82,-6.6,-8.45,10,35.3,31.1,10,136.6,138.9,DELAY_CARRIER|DELAY_LATE_AIRCRAFT|DELAY_NAS
MRY,11,82,-5.85,-10.38,9,28.0,19.22,4,142.25,129.25,DELAY_LATE_AIRCRAFT|DELAY_CARRIER|DELAY_NAS
MRY,12,68,-5.56,-6.49,8,37.0,40.75,11,189.0,186.09,DELAY_CARRIER|DELAY_LATE_AIRCRAFT|DELAY_WEATHER
MSN,1,114,-3.23,-8.65,9,40.89,44.89,23,179.26,172.65,DELAY_CARRIER|DELAY_NAS|DELAY_LATE_AIRCRAFT
MSN,2,153,-5.79,-15.48,9,28.22,19.11,10,138.3,125.3,DELAY_CARRIER|DELAY_NAS|DELAY_LATE_AIRCRAFT
MSN,3,168,-5.08,-11.99,21,33.57,23.0,12,291.5,280.0,DELAY_CARRIER|DELAY_LATE_AIRCRAFT|DELAY_NAS
MSN,4,178,-6.0,-9.92,16,35.94,27.12,18,178.39,178.94,DELAY_CARRIER|DELAY_LATE_AIRCRAFT|DELAY_NAS
MSN,5,155,-4.28,-7.81,19,35.42,36.58,16,327.5,329.06,DELAY_LATE_AIRCRAFT|DELAY_NAS|DELAY_CARRIER
MSN,6,167,-4.67,-6.83,24,32.58,24.71,27,280.56,279.89,DELAY_LATE_AIRCRAFT|DELAY_NAS|DELAY_CARRIER
MSN,7,189,-4.93,-7.09,19,37.53,39.11,14,117.79,114.71,DELAY_LATE_AIRCRAFT|DELAY_CARRIER|DELAY_NAS
MSN,8,188,-5.66,-6.01,20,33.35,28.85,21,145.29,147.14,DELAY_CARRIER|DELAY_LATE_AIRCRAFT|DELAY_NAS
MSN,9,172,-6.72,-9.92,17,29.18,22.94,8,142.38,138.75,DELAY_LATE_AIRCRAFT|DELAY_CARRIER|DELAY_NAS
MSN,10,177,-5.77,-12.12,9,36.44,31.56,9,146.56,140.44,DELAY_CARRIER|DELAY_LATE_AIRCRAFT|DELAY_NAS
MSN,11,165,-5.36,-9.48,17,31.47,21.35,6,141.33,138.0,DELAY_CARRIER|DELAY_NAS|DELAY_LATE_AIRCRAFT
MSN,12,160,-3.48,-7.06,21,27.19,18.48,8,146.38,167.0,DELAY_NAS|DELAY_CARRIER|DELAY_LATE_AIRCRAFT
MSO,1,32,-2.88,-4.19,2,30.0,62.5,3,183.67,210.67,DELAY_NAS|CANC_WEATHER|DELAY_CARRIER
MSO,2,36,-5.44,-10.83,3,31.67,3.67,1,96.0,82.0,DELAY_NAS|DELAY_LATE_AIRCRAFT|DELAY_WEATHER
MSO,3,47,-5.47,-6.66,2,23.5,-0.5,4,182.5,186.75,DELAY_NAS|DELAY_LATE_AIRCRAFT|DELAY_CARRIER
MSO,4,36,-6.94,-10.39,5,30.0,30.4,2,98.0,109.5,DELAY_LATE_AIRCRAFT|DELAY_CARRIER|DELAY_WEATHER
MSO,5,54,-2.63,-5.41,6,36.33,37.5,4,91.5,89.75,DELAY_NAS|DELAY_LATE_AIRCRAFT|DELAY_CARRIER
MSO,6,71,-4.55,-9.24,12,32.67,28.75,7,223.86,223.86,DELAY_CARRIER|DELAY_NAS|DELAY_LATE_AIRCRAFT
MSO,7,81,-1.41,-5.21,7,32.71,28.14,9,210.56,206.56,DELAY_LATE_AIRCRAFT|DELAY_CARRIER|DELAY_NAS
MSO,8,64,-2.17,-6.72,15,32.33,28.87,8,117.62,114.5,DELAY_CARRIER|DELAY_LATE_AIRCRAFT|DELAY_NAS
MSO,9,58,-4.03,-7.19,9,32.56,21.0,5,126.2,130.6,DELAY_LATE_AIRCRAFT|DELAY_CARRIER|DELAY_NAS
MSO,10,62,-3.97,-6.44,5,34.2,42.8,1,62.0,71.0,DELAY_CARRIER|DELAY_LATE_AIRCRAFT|DELAY_NAS
MSO,11,53,-3.75,-6.83,2,34.0,18.0,4,75.25,65.25,DELAY_NAS|DELAY_CARRIER|DELAY_LATE_AIRCRAFT
MSO,12,46,-3.65,-6.65,8,27.5,27.75,5,115.8,110.8,DELAY_LATE_AIRCRAFT|DELAY_CARRIER|DELAY_NAS
MSP,1,1498,-2.66,-12.2,193,30.63,23.88,149,154.94,148.79,DELAY_CARRIER|DELAY_NAS|DELAY_LATE_AIRCRAFT
MSP,2,1561,-3.35,-14.51,127,29.85,17.78,65,143.2,137.52,DELAY_CARRIER|DELAY_NAS|DELAY_LATE_AIRCRAFT
MSP,3,1714,-3.12,-9.95,215,31.41,29.82,87,149.9,148.24,DELAY_NAS|DELAY_CARRIER|DELAY_LATE_AIRCRAFT
MSP,4,1807,-3.28,-9.27,185,32.55,28.89,82,146.99,140.46,DELAY_CARRIER|DELAY_NAS|DELAY_LATE_AIRCRAFT
MSP,5,1796,-2.67,-5.76,246,30.06,28.12,139,126.74,126.19,DELAY_CARRIER|DELAY_NAS|DELAY_LATE_AIRCRAFT
MSP,6,1625,-1.42,-3.65,409,32.57,30.94,236,123.11,122.09,DELAY_CARRIER|DELAY_LATE_AIRCRAFT|DELAY_NAS
MSP,7,1607,-1.52,-5.92,430,33.13,28.16,251,151.61,146.55,DELAY_CARRIER|DELAY_LATE_AIRCRAFT|DELAY_NAS
MSP,8,1839,-1.9,-6.9,394,32.22,28.48,161,120.93,117.96,DELAY_CARRIER|DELAY_NAS|DELAY_LATE_AIRCRAFT
MSP,9,1956,-3.89,-11.42,180,29.42,21.34,50,106.44,98.68,DELAY_CARRIER|DELAY_NAS|DELAY_LATE_AIRCRAFT
MSP,10,1979,-4.13,-11.38,146,31.57,26.41,43,173.56,164.51,DELAY_CARRIER|DELAY_NAS|DELAY_LATE_AIRCRAFT
MSP,11,1808,-3.72,-9.58,128,31.04,26.47,65,120.32,115.4,DELAY_NAS|DELAY_CARRIER|DELAY_LATE_AIRCRAFT
MSP,12,1681,-1.89,-7.85,256,31.36,26.8,155,151.72,150.5,DELAY_CARRIER|DELAY_NAS|DELAY_LATE_AIRCRAFT
MSY,1,567,-2.13,-7.04,113,32.15,26.15,63,172.14,167.16,DELAY_LATE_AIRCRAFT|DELAY_CARRIER|DELAY_NAS
MSY,2,634,-2.78,-7.72,100,31.39,23.31,28,115.93,110.0,DELAY_LATE_AIRCRAFT|DELAY_CARRIER|DELAY_NAS
MSY,3,696,-2.26,-7.79,145,31.33,23.73,52,138.06,135.42,DELAY_LATE_AIRCRAFT|DELAY_NAS|DELAY_CARRIER
MSY,4,701,-2.83,-8.58,104,29.17,24.2,48,162.46,157.92,DELAY_LATE_AIRCRAFT|DELAY_NAS|DELAY_CARRIER
MSY,5,574,-1.14,-2.84,162,30.72,28.22,122,135.76,134.16,DELAY_LATE_AIRCRAFT|DELAY_NAS|DELAY_CARRIER
MSY,6,616,-2.15,-6.14,152,29.15,25.99,59,161.86,163.56,DELAY_LATE_AIRCRAFT|DELAY_NAS|DELAY_CARRIER
MSY,7,504,-1.14,-6.33,146,31.32,25.41,130,155.92,152.92,DELAY_LATE_AIRCRAFT|DELAY_CARRIER|DELAY_NAS
MSY,8,583,-2.65,-8.45,101,31.91,26.59,65,147.65,141.71,DELAY_LATE_AIRCRAFT|DELAY_NAS|DELAY_CARRIER
MSY,9,620,-3.12,-8.44,92,32.96,28.63,29,118.93,113.93,DELAY_LATE_AIRCRAFT|DELAY_NAS|DELAY_CARRIER
MSY,10,749,-2.25,-8.78,101,28.64,21.77,25,120.52,114.04,DELAY_LATE_AIRCRAFT|DELAY_CARRIER|DELAY_NAS
MSY,11,670,-2.62,-8.38,97,31.06,25.64,41,132.49,131.02,DELAY_LATE_AIRCRAFT|DELAY_NAS|DELAY_CARRIER
MSY,12,695,-2.94,-8.65,120,30.57,22.28,55,171.55,168.87,DELAY_LATE_AIRCRAFT|DELAY_NAS|DELAY_CARRIER
MTJ,1,61,-3.67,-9.82,10,34.5,31.1,11,116.09,122.18,DELAY_LATE_AIRCRAFT|DELAY_CARRIER|DELAY_NAS
MTJ,2,53,-3.83,-8.62,18,31.78,21.33,6,122.0,138.33,DELAY_LATE_AIRCRAFT|DELAY_NAS|DELAY_CARRIER
MTJ,3,68,-5.82,-8.18,12,37.25,31.75,2,81.0,84.0,DELAY_NAS|DELAY_LATE_AIRCRAFT|DELAY_WEATHER
MTJ,4,32,-4.16,-8.69,1,35.0,32.0,1,92.0,93.0,DELAY_LATE_AIRCRAFT
MTJ,5,30,-5.67,-7.1,3,27.67,29.67,3,178.67,179.67,DELAY_LATE_AIRCRAFT|DELAY_NAS|CANC_CARRIER
MTJ,6,37,-6.14,-11.46,3,28.67,22.0,3,168.0,154.0,DELAY_CARRIER|DELAY_NAS|DELAY_LATE_AIRCRAFT
MTJ,7,37,-3.54,-8.76,7,25.43,22.57,3,71.67,55.0,DELAY_LATE_AIRCRAFT|DELAY_CARRIER|DELAY_NAS
MTJ,8,44,-5.0,-12.14,2,38.0,50.0,4,138.0,144.5,DELAY_LATE_AIRCRAFT|DELAY_NAS|DELAY_CARRIER
MTJ,9,36,-4.17,-10.92,2,40.0,22.5,1,66.0,46.0,DELAY_NAS|DELAY_LATE_AIRCRAFT
MTJ,10,30,-4.1,-17.37,2,35.0,14.0,0,,,DELAY_CARRIER
MTJ,11,22,-4.09,-10.27,5,39.2,20.8,2,103.0,97.5,DELAY_LATE_AIRCRAFT|DELAY_CARRIER|DELAY_NAS
MTJ,12,31,-2.55,-14.71,3,34.67,26.67,4,92.0,85.75,DELAY_LATE_AIRCRAFT|DELAY_NAS|DELAY_CARRIER
MVY,5,4,-9.5,-8.5,1,52.0,47.0,1,351.0,348.0,CANC_CARRIER|DELAY_LATE_AIRCRAFT|DELAY_SECURITY
MVY,6,42,-6.0,-8.21,1,32.0,69.0,8,301.62,306.5,DELAY_NAS|CANC_WEATHER|DELAY_CARRIER
MVY,7,65,-6.17,-6.29,4,35.5,43.75,3,171.67,163.33,DELAY_NAS|DELAY_LATE_AIRCRAFT|DELAY_CARRIER
MVY,8,34,-5.53,-5.91,8,38.75,29.0,7,176.43,173.86,DELAY_LATE_AIRCRAFT|DELAY_NAS|CANC_NAS
MVY,9,8,-11.38,-11.25,1,15.0,23.0,1,95.0,107.0,DELAY_CARRIER|DELAY_LATE_AIRCRAFT
MVY,10,4,-15.5,-18.25,0,,,0,,,N/D
MYR,1,132,-7.15,-15.2,14,26.21,14.71,9,121.22,114.44,DELAY_LATE_AIRCRAFT|DELAY_NAS|DELAY_CARRIER
MYR,2,128,-7.45,-15.97,13,29.46,22.23,6,113.67,98.17,DELAY_LATE_AIRCRAFT|DELAY_NAS|DELAY_CARRIER
MYR,3,204,-5.54,-11.37,19,31.63,21.84,11,137.27,137.45,DELAY_LATE_AIRCRAFT|DELAY_NAS|CANC_WEATHER
MYR,4,246,-6.9,-10.73,19,30.68,25.11,18,116.17,108.56,DELAY_LATE_AIRCRAFT|DELAY_NAS|CANC_NAS
MYR,5,257,-5.45,-10.18,43,31.33,27.6,24,121.38,118.25,DELAY_LATE_AIRCRAFT|DELAY_NAS|DELAY_CARRIER
MYR,6,284,-5.22,-9.1,49,31.18,25.65,44,164.41,160.55,DELAY_LATE_AIRCRAFT|DELAY_NAS|DELAY_CARRIER
MYR,7,255,-4.86,-9.45,66,32.55,29.39,46,172.15,169.02,DELAY_LATE_AIRCRAFT|DELAY_NAS|DELAY_CARRIER
MYR,8,251,-5.22,-9.88,47,33.87,29.49,37,115.73,117.57,DELAY_LATE_AIRCRAFT|DELAY_NAS|CANC_WEATHER
MYR,9,253,-5.38,-11.23,23,25.83,19.39,13,117.08,112.23,DELAY_LATE_AIRCRAFT|DELAY_NAS|DELAY_CARRIER
MYR,10,245,-6.09,-11.63,19,33.95,27.26,11,148.55,139.64,DELAY_LATE_AIRCRAFT|DELAY_NAS|DELAY_CARRIER
MYR,11,162,-6.59,-11.61,20,32.6,30.35,6,144.17,142.33,DELAY_LATE_AIRCRAFT|DELAY_NAS|DELAY_CARRIER
MYR,12,150,-5.47,-11.43,24,30.25,23.88,17,124.53,120.0,DELAY_LATE_AIRCRAFT|DELAY_NAS|DELAY_CARRIER
OAJ,1,10,-4.7,-2.8,0,,,2,116.0,102.5,DELAY_LATE_AIRCRAFT|DELAY_NAS
OAJ,2,14,-4.14,-10.64,1,36.0,15.0,2,208.0,196.5,DELAY_CARRIER
OAJ,3,15,-4.6,-14.27,2,15.0,12.5,1,87.0,90.0,DELAY_LATE_AIRCRAFT
OAJ,4,23,-6.17,-11.22,4,24.75,12.25,0,,,DELAY_CARRIER|DELAY_NAS
OAJ,5,16,-4.5,-7.0,1,35.0,35.0,1,87.0,94.0,DELAY_CARRIER|DELAY_LATE_AIRCRAFT|DELAY_NAS
OAJ,6,24,-5.04,-11.79,0,,,2,119.5,109.5,DELAY_LATE_AIRCRAFT
OAJ,7,27,-2.44,-3.26,5,45.6,42.0,3,206.0,210.0,DELAY_LATE_AIRCRAFT|DELAY_NAS|DELAY_CARRIER
OAJ,8,26,-4.54,-8.77,3,37.0,29.0,2,284.5,290.0,DELAY_LATE_AIRCRAFT|CANC_WEATHER|CANC_NAS
OAJ,9,47,-4.11,-9.7,5,27.2,26.0,1,964.0,951.0,DELAY_LATE_AIRCRAFT|DELAY_CARRIER|CANC_WEATHER
OAJ,10,31,-4.94,-8.68,2,17.5,20.5,2,84.0,79.5,DELAY_NAS|DELAY_CARRIER|DELAY_LATE_AIRCRAFT
OAJ,11,33,-6.55,-10.42,2,21.0,7.0,3,94.0,79.0,DELAY_LATE_AIRCRAFT|DELAY_CARRIER|DELAY_NAS
OAJ,12,24,-3.92,-10.79,5,25.2,25.8,4,97.5,86.25,DELAY_LATE_AIRCRAFT|DELAY_CARRIER|DELAY_NAS
OAK,1,568,-1.34,-8.1,125,30.73,22.92,23,113.91,105.87,DELAY_LATE_AIRCRAFT|DELAY_CARRIER|DELAY_NAS
OAK,2,499,-1.01,-8.33,103,27.92,21.17,29,114.9,108.86,DELAY_LATE_AIRCRAFT|DELAY_CARRIER|DELAY_NAS
OAK,3,554,-1.09,-7.33,102,30.0,24.59,44,119.55,118.09,DELAY_LATE_AIRCRAFT|DELAY_CARRIER|DELAY_NAS
OAK,4,604,-1.64,-7.45,96,28.22,21.51,20,102.55,95.5,DELAY_LATE_AIRCRAFT|DELAY_CARRIER|DELAY_NAS
OAK,5,565,-0.71,-7.22,115,30.47,22.98,46,108.02,100.57,DELAY_LATE_AIRCRAFT|DELAY_CARRIER|DELAY_NAS
OAK,6,523,-0.69,-7.16,117,31.19,25.28,44,123.75,114.41,DELAY_LATE_AIRCRAFT|DELAY_CARRIER|DELAY_NAS
OAK,7,560,-0.68,-5.51,114,30.52,24.59,42,109.76,104.88,DELAY_LATE_AIRCRAFT|DELAY_CARRIER|DELAY_NAS
OAK,8,545,-1.12,-8.34,96,31.02,23.53,39,116.92,108.46,DELAY_LATE_AIRCRAFT|DELAY_CARRIER|DELAY_NAS
OAK,9,527,-2.12,-9.09,86,29.87,24.86,27,110.22,106.19,DELAY_LATE_AIRCRAFT|DELAY_CARRIER|DELAY_NAS
OAK,10,570,-1.74,-8.87,73,32.03,25.15,24,104.92,98.08,DELAY_LATE_AIRCRAFT|DELAY_CARRIER|DELAY_NAS
OAK,11,547,-2.15,-10.4,60,27.48,20.7,12,90.58,84.5,DELAY_LATE_AIRCRAFT|DELAY_CARRIER|DELAY_NAS
OAK,12,479,-1.22,-9.46,99,29.22,20.88,43,122.81,114.23,DELAY_LATE_AIRCRAFT|DELAY_CARRIER|DELAY_NAS
OGG,1,367,-1.71,-6.73,56,29.7,21.68,21,103.81,100.57,DELAY_LATE_AIRCRAFT|DELAY_CARRIER|CANC_CARRIER
OGG,2,348,-3.07,-11.01,41,26.98,19.2,16,161.56,148.5,DELAY_LATE_AIRCRAFT|DELAY_CARRIER|DELAY_NAS
OGG,3,418,-2.77,-9.0,47,29.06,22.09,13,101.62,91.0,DELAY_LATE_AIRCRAFT|DELAY_CARRIER|DELAY_NAS
OGG,4,402,-2.7,-8.06,33,33.67,30.36,11,110.0,103.27,DELAY_CARRIER|DELAY_LATE_AIRCRAFT|DELAY_NAS
OGG,5,370,-2.43,-4.67,47,28.43,25.32,10,180.4,176.2,DELAY_LATE_AIRCRAFT|DELAY_CARRIER|DELAY_NAS
OGG,6,423,-2.56,-4.38,31,25.84,24.32,9,101.22,92.56,DELAY_CARRIER|DELAY_LATE_AIRCRAFT|DELAY_NAS
OGG,7,427,-2.65,-5.76,53,28.89,25.04,16,159.69,154.94,DELAY_LATE_AIRCRAFT|DELAY_CARRIER|DELAY_NAS
OGG,8,385,-2.93,-9.17,29,29.41,25.69,13,109.38,99.46,DELAY_LATE_AIRCRAFT|DELAY_CARRIER|CANC_CARRIER
OGG,9,374,-3.64,-8.2,34,26.29,23.53,7,96.71,88.43,DELAY_LATE_AIRCRAFT|DELAY_CARRIER|CANC_CARRIER
OGG,10,340,-3.08,-6.61,27,28.37,22.85,5,131.0,125.0,DELAY_LATE_AIRCRAFT|DELAY_CARRIER|DELAY_NAS
OGG,11,381,-4.08,-8.17,23,29.57,22.09,7,81.57,65.0,DELAY_LATE_AIRCRAFT|DELAY_NAS|DELAY_CARRIER
OGG,12,397,-3.25,-8.91,37,28.81,23.65,9,145.56,138.89,DELAY_LATE_AIRCRAFT|DELAY_CARRIER|DELAY_NAS
OKC,1,261,-4.75,-6.33,30,30.93,32.53,19,150.95,151.63,DELAY_LATE_AIRCRAFT|DELAY_NAS|DELAY_CARRIER
OKC,2,294,-4.85,-7.19,19,34.47,31.84,8,168.88,166.25,DELAY_NAS|DELAY_CARRIER|DELAY_LATE_AIRCRAFT
OKC,3,316,-4.03,-9.18,35,27.4,22.0,14,128.07,126.21,DELAY_LATE_AIRCRAFT|DELAY_NAS|DELAY_CARRIER
OKC,4,342,-3.91,-8.56,27,31.96,29.11,12,169.08,161.75,DELAY_LATE_AIRCRAFT|DELAY_CARRIER|DELAY_NAS
OKC,5,300,-2.51,-5.13,61,32.2,27.8,32,147.88,145.97,DELAY_LATE_AIRCRAFT|DELAY_NAS|DELAY_CARRIER
OKC,6,334,-3.49,-7.78,48,29.58,23.81,31,163.71,158.23,DELAY_LATE_AIRCRAFT|DELAY_CARRIER|DELAY_NAS
OKC,7,290,-2.69,-5.16,51,32.12,31.55,28,160.93,154.46,DELAY_CARRIER|DELAY_LATE_AIRCRAFT|DELAY_NAS
OKC,8,334,-3.94,-8.43,45,33.09,29.93,30,195.27,193.23,DELAY_LATE_AIRCRAFT|DELAY_CARRIER|DELAY_NAS
OKC,9,329,-4.02,-7.18,31,26.39,19.13,16,123.06,125.31,DELAY_CARRIER|DELAY_LATE_AIRCRAFT|DELAY_NAS
OKC,10,349,-4.46,-9.03,31,34.65,28.23,19,141.37,134.05,DELAY_CARRIER|DELAY_LATE_AIRCRAFT|DELAY_NAS
OKC,11,338,-4.12,-9.63,32,31.78,28.59,20,131.3,124.6,DELAY_LATE_AIRCRAFT|DELAY_CARRIER|DELAY_NAS
OKC,12,304,-3.46,-9.08,40,32.0,25.43,24,147.08,151.5,DELAY_LATE_AIRCRAFT|DELAY_CARRIER|DELAY_NAS
OMA,1,269,-2.77,-6.27,65,31.68,29.85,45,155.73,162.42,DELAY_LATE_AIRCRAFT|DELAY_CARRIER|CANC_WEATHER
OMA,2,295,-4.62,-12.55,30,29.83,24.17,15,144.07,144.87,DELAY_NAS|DELAY_LATE_AIRCRAFT|DELAY_CARRIER
OMA,3,357,-3.42,-11.1,49,32.0,23.16,28,106.29,103.68,DELAY_LATE_AIRCRAFT|DELAY_CARRIER|DELAY_NAS
OMA,4,327,-3.3,-7.56,32,33.53,25.66,17,225.88,223.24,DELAY_LATE_AIRCRAFT|DELAY_NAS|DELAY_CARRIER
OMA,5,303,-2.26,-6.13,78,30.49,27.29,38,183.5,182.34,DELAY_LATE_AIRCRAFT|DELAY_CARRIER|DELAY_NAS
OMA,6,319,-1.91,-3.92,64,31.08,27.62,33,127.21,123.48,DELAY_LATE_AIRCRAFT|DELAY_CARRIER|DELAY_NAS
OMA,7,325,-2.11,-5.3,71,30.61,27.46,38,178.03,177.5,DELAY_LATE_AIRCRAFT|DELAY_CARRIER|DELAY_NAS
OMA,8,303,-2.93,-8.1,38,28.29,24.97,26,124.04,125.35,DELAY_LATE_AIRCRAFT|DELAY_NAS|DELAY_CARRIER
OMA,9,325,-3.66,-8.33,20,31.4,24.35,9,118.0,113.56,DELAY_NAS|DELAY_CARRIER|DELAY_LATE_AIRCRAFT
OMA,10,388,-3.56,-8.94,36,30.69,21.89,8,272.62,264.5,DELAY_CARRIER|DELAY_NAS|DELAY_LATE_AIRCRAFT
OMA,11,340,-3.39,-9.29,23,28.0,21.26,9,118.44,112.67,DELAY_NAS|DELAY_CARRIER|DELAY_LATE_AIRCRAFT
OMA,12,325,-2.9,-11.97,48,26.23,19.19,17,148.06,139.71,DELAY_CARRIER|DELAY_LATE_AIRCRAFT|DELAY_NAS
OME,1,4,-10.25,-11.5,0,,,0,,,N/D
OME,2,7,-14.43,-12.29,0,,,0,,,N/D
OME,3,7,-8.0,-7.29,1,27.0,39.0,0,,,DELAY_CARRIER
OME,4,4,-12.75,-11.25,0,,,0,,,N/D
OME,5,5,-7.8,-5.8,1,31.0,30.0,0,,,DELAY_CARRIER
OME,6,6,-2.83,6.67,2,24.0,29.0,0,,,DELAY_NAS|DELAY_LATE_AIRCRAFT|DELAY_WEATHER
OME,7,1,-12.0,-19.0,1,21.0,30.0,0,,,DELAY_LATE_AIRCRAFT
OME,8,1,-15.0,-8.0,3,25.0,34.33,0,,,DELAY_LATE_AIRCRAFT|DELAY_CARRIER
OME,9,6,-8.67,-1.83,1,18.0,28.0,0,,,DELAY_LATE_AIRCRAFT|DELAY_NAS
OME,10,6,-15.0,-10.67,1,49.0,31.0,1,71.0,83.0,DELAY_LATE_AIRCRAFT|CANC_WEATHER
OME,11,4,-19.25,-12.0,0,,,0,,,DELAY_NAS
OME,12,2,0.5,2.0,0,,,0,,,N/D
ONT,1,306,-3.1,-10.65,34,33.82,28.5,17,158.59,155.12,DELAY_LATE_AIRCRAFT|DELAY_CARRIER|CANC_CARRIER
ONT,2,288,-2.49,-12.64,50,27.64,18.86,14,194.43,182.0,DELAY_LATE_AIRCRAFT|DELAY_CARRIER|DELAY_NAS
ONT,3,336,-3.1,-9.24,60,34.1,28.77,27,175.96,174.67,DELAY_LATE_AIRCRAFT|DELAY_CARRIER|DELAY_NAS
ONT,4,342,-3.02,-9.04,43,29.74,26.79,20,146.3,138.15,DELAY_LATE_AIRCRAFT|DELAY_NAS|DELAY_CARRIER
ONT,5,353,-2.11,-7.21,59,31.03,27.0,39,194.38,187.49,DELAY_LATE_AIRCRAFT|DELAY_CARRIER|DELAY_NAS
ONT,6,393,-1.97,-7.68,53,28.85,24.89,30,157.73,154.13,DELAY_LATE_AIRCRAFT|DELAY_NAS|DELAY_CARRIER
ONT,7,365,-2.8,-7.95,64,32.95,31.92,34,117.56,107.35,DELAY_LATE_AIRCRAFT|DELAY_CARRIER|DELAY_NAS
ONT,8,411,-3.44,-7.66,39,30.38,27.26,15,83.53,83.33,DELAY_LATE_AIRCRAFT|DELAY_NAS|DELAY_CARRIER
ONT,9,396,-3.46,-9.68,38,29.0,24.42,24,145.96,141.54,DELAY_LATE_AIRCRAFT|DELAY_CARRIER|DELAY_NAS
ONT,10,427,-3.19,-9.38,36,32.92,27.81,10,213.9,204.0,DELAY_LATE_AIRCRAFT|DELAY_CARRIER|DELAY_NAS
ONT,11,396,-3.54,-10.95,41,31.68,22.0,11,144.73,137.09,DELAY_LATE_AIRCRAFT|DELAY_CARRIER|DELAY_NAS
ONT,12,359,-2.67,-9.83,43,29.67,24.19,15,133.33,131.2,DELAY_LATE_AIRCRAFT|DELAY_NAS|DELAY_CARRIER
ORD,1,2599,-1.97,-6.19,602,32.49,29.94,475,149.23,147.51,DELAY_LATE_AIRCRAFT|DELAY_NAS|DELAY_CARRIER
ORD,2,3400,-3.28,-11.44,343,31.41,24.41,182,156.27,149.58,DELAY_LATE_AIRCRAFT|DELAY_CARRIER|DELAY_NAS
ORD,3,3733,-2.79,-9.5,461,31.67,25.35,251,121.73,113.57,DELAY_NAS|DELAY_LATE_AIRCRAFT|DELAY_CARRIER
ORD,4,3867,-2.37,-8.13,559,31.35,27.48,312,135.02,131.04,DELAY_LATE_AIRCRAFT|DELAY_CARRIER|DELAY_NAS
ORD,5,3405,-1.69,-4.4,779,33.44,33.7,698,157.59,157.88,DELAY_LATE_AIRCRAFT|DELAY_CARRIER|DELAY_NAS
ORD,6,3341,-1.42,-5.67,818,32.97,30.17,549,145.11,142.48,DELAY_LATE_AIRCRAFT|DELAY_CARRIER|DELAY_NAS
ORD,7,3267,-1.02,-5.74,844,32.53,28.43,661,138.54,134.92,DELAY_LATE_AIRCRAFT|DELAY_CARRIER|DELAY_NAS
ORD,8,3545,-1.29,-5.9,842,32.96,31.68,558,142.52,139.04,DELAY_LATE_AIRCRAFT|DELAY_CARRIER|DELAY_NAS
ORD,9,4076,-2.79,-9.25,558,31.4,24.93,227,144.18,134.25,DELAY_CARRIER|DELAY_LATE_AIRCRAFT|DELAY_NAS
ORD,10,4341,-2.76,-10.15,482,30.22,20.16,205,132.05,123.41,DELAY_CARRIER|DELAY_LATE_AIRCRAFT|DELAY_NAS
ORD,11,3838,-2.97,-8.36,421,31.83,29.23,218,141.93,141.31,DELAY_NAS|DELAY_LATE_AIRCRAFT|DELAY_CARRIER
ORD,12,3481,-1.41,-8.71,642,31.51,24.64,380,148.17,140.27,DELAY_CARRIER|DELAY_LATE_AIRCRAFT|DELAY_NAS
ORF,1,230,-4.3,-8.95,31,32.19,25.61,19,144.0,145.68,DELAY_LATE_AIRCRAFT|DELAY_NAS|DELAY_CARRIER
ORF,2,236,-4.27,-9.96,21,34.1,26.24,7,145.86,138.43,DELAY_LATE_AIRCRAFT|DELAY_NAS|CANC_WEATHER
ORF,3,286,-3.96,-10.15,35,32.77,24.69,25,118.0,112.12,DELAY_LATE_AIRCRAFT|DELAY_NAS|DELAY_CARRIER
ORF,4,313,-3.29,-7.6,35,30.34,23.97,22,175.05,174.91,DELAY_NAS|DELAY_LATE_AIRCRAFT|DELAY_CARRIER
ORF,5,255,-2.48,-7.19,54,30.46,26.56,36,168.83,162.14,DELAY_LATE_AIRCRAFT|DELAY_NAS|DELAY_CARRIER
ORF,6,271,-2.36,-7.23,72,31.17,26.86,34,209.29,207.38,DELAY_LATE_AIRCRAFT|DELAY_NAS|DELAY_CARRIER
ORF,7,263,-2.1,-7.27,64,32.58,26.7,62,136.5,136.92,DELAY_LATE_AIRCRAFT|DELAY_CARRIER|DELAY_NAS
ORF,8,291,-3.26,-6.53,73,32.67,31.62,37,163.08,165.97,DELAY_LATE_AIRCRAFT|DELAY_NAS|DELAY_CARRIER
ORF,9,360,-3.78,-7.88,35,31.6,28.37,18,144.5,142.22,DELAY_NAS|DELAY_LATE_AIRCRAFT|DELAY_CARRIER
ORF,10,364,-4.38,-9.56,42,32.5,25.67,13,178.69,179.31,DELAY_LATE_AIRCRAFT|DELAY_CARRIER|DELAY_NAS
ORF,11,296,-4.47,-10.79,28,26.29,21.96,19,192.42,187.42,DELAY_LATE_AIRCRAFT|DELAY_NAS|DELAY_CARRIER
ORF,12,256,-2.77,-10.74,54,29.74,24.02,24,240.17,226.0,DELAY_LATE_AIRCRAFT|DELAY_CARRIER|DELAY_NAS
ORH,1,16,-6.38,-10.56,2,28.5,43.5,3,272.67,271.0,DELAY_LATE_AIRCRAFT|CANC_NAS|CANC_WEATHER
ORH,2,12,-2.5,-18.42,5,37.6,28.2,4,79.5,89.0,DELAY_LATE_AIRCRAFT|CANC_WEATHER|DELAY_NAS
ORH,3,20,-5.1,-16.95,7,30.57,34.43,3,85.0,89.67,DELAY_NAS|DELAY_LATE_AIRCRAFT
ORH,4,18,-6.44,-20.0,2,23.0,33.0,4,84.0,106.5,DELAY_LATE_AIRCRAFT|DELAY_NAS
ORH,5,14,-1.36,-9.36,2,36.5,64.0,4,156.5,155.5,DELAY_LATE_AIRCRAFT|DELAY_NAS|CANC_NAS
ORH,6,13,-4.46,-23.54,3,37.0,27.67,3,174.33,173.67,DELAY_LATE_AIRCRAFT|DELAY_CARRIER|DELAY_NAS
ORH,7,18,-6.78,-18.89,2,50.5,49.5,5,118.0,124.2,DELAY_LATE_AIRCRAFT|DELAY_NAS|DELAY_CARRIER
ORH,8,9,-10.22,-26.78,4,35.0,31.75,3,173.0,172.67,DELAY_LATE_AIRCRAFT|CANC_NAS|DELAY_NAS
ORH,9,16,-7.38,-20.69,1,19.0,14.0,0,,,N/D
ORH,10,19,-6.68,-18.89,3,33.67,29.67,0,,,DELAY_LATE_AIRCRAFT
ORH,11,18,-5.06,-10.61,3,33.0,12.0,1,88.0,80.0,DELAY_LATE_AIRCRAFT
ORH,12,20,-6.75,-11.0,2,23.5,10.0,0,,,DELAY_NAS|CANC_WEATHER
OTH,1,3,-2.67,-13.0,1,19.0,19.0,0,,,DELAY_CARRIER
OTH,3,3,-2.67,-3.0,1,34.0,27.0,1,91.0,113.0,DELAY_LATE_AIRCRAFT|DELAY_NAS
OTH,4,0,,,2,34.5,50.5,1,90.0,105.0,DELAY_NAS
OTH,5,4,0.25,-2.25,1,23.0,19.0,0,,,DELAY_NAS
OTH,6,7,-3.0,-11.86,0,,,0,,,N/D
OTH,7,9,-3.89,-16.11,1,50.0,41.0,2,110.5,96.5,DELAY_WEATHER|DELAY_CARRIER
OTH,8,4,-3.25,-5.5,2,33.0,28.0,0,,,DELAY_LATE_AIRCRAFT|DELAY_NAS
OTH,9,6,-0.83,-11.67,2,35.0,26.0,2,142.5,129.0,DELAY_LATE_AIRCRAFT|DELAY_CARRIER|DELAY_NAS
OTH,10,5,-7.4,-12.6,0,,,2,197.0,182.5,DELAY_CARRIER|DELAY_LATE_AIRCRAFT
OTH,11,2,-9.0,-14.5,0,,,0,,,N/D
OTH,12,0,,,1,40.0,32.0,0,,,DELAY_NAS
OTZ,1,1,-15.0,-19.0,1,46.0,43.0,0,,,CANC_WEATHER|DELAY_LATE_AIRCRAFT
OTZ,2,4,-10.75,-4.5,0,,,0,,,N/D
OTZ,3,4,-13.0,-8.5,0,,,1,319.0,311.0,DELAY_LATE_AIRCRAFT
OTZ,4,4,-11.5,-6.25,0,,,1,138.0,138.0,CANC_WEATHER|DELAY_LATE_AIRCRAFT
OTZ,5,6,-7.17,-6.33,1,34.0,31.0,0,,,DELAY_LATE_AIRCRAFT
OTZ,6,7,-10.43,-5.0,0,,,0,,,N/D
OTZ,7,8,-10.0,-8.5,0,,,0,,,N/D
OTZ,8,5,-2.2,-2.6,0,,,0,,,N/D
OTZ,9,6,-13.17,-17.0,0,,,0,,,N/D
OTZ,10,6,-8.5,-8.33,0,,,0,,,CANC_WEATHER
OTZ,11,9,-9.67,-12.67,0,,,0,,,N/D
OTZ,12,3,-16.67,-14.33,2,48.0,50.0,0,,,DELAY_LATE_AIRCRAFT|CANC_WEATHER
PAE,1,9,-6.22,-4.11,2,30.0,35.0,0,,,CANC_CARRIER|DELAY_NAS
PAE,2,21,-6.0,-0.71,3,36.33,61.0,0,,,DELAY_NAS
PAE,3,24,-8.75,-10.29,3,28.67,30.0,1,160.0,159.0,DELAY_CARRIER|DELAY_NAS
PAE,4,23,-6.0,-8.57,3,43.0,46.67,1,145.0,150.0,DELAY_LATE_AIRCRAFT|DELAY_NAS|DELAY_CARRIER
PAE,5,20,-7.15,-8.95,1,52.0,43.0,0,,,DELAY_NAS|DELAY_CARRIER
PAE,6,15,-4.87,-13.2,0,,,0,,,N/D
PAE,7,6,-4.83,-33.33,2,35.0,43.0,0,,,DELAY_LATE_AIRCRAFT
PAE,8,13,-4.0,-17.62,1,37.0,9.0,0,,,N/D
PAE,9,14,-7.43,-13.93,0,,,0,,,N/D
PAE,10,7,-8.0,-10.57,1,20.0,15.0,0,,,DELAY_LATE_AIRCRAFT
PAE,11,13,-3.08,-5.77,2,18.5,11.0,1,76.0,115.0,DELAY_LATE_AIRCRAFT
PAE,12,13,-1.15,-7.0,3,29.67,0.67,2,123.5,130.0,CANC_CARRIER|DELAY_CARRIER|DELAY_LATE_AIRCRAFT
PBG,1,1,-23.0,-39.0,0,,,2,347.0,373.0,DELAY_LATE_AIRCRAFT|DELAY_WEATHER
PBG,2,4,-9.0,-7.25,2,28.0,15.5,0,,,DELAY_CARRIER
PBG,3,5,-1.8,3.6,0,,,3,161.67,167.33,DELAY_LATE_AIRCRAFT|DELAY_NAS
PBG,4,6,-3.5,-15.0,3,31.0,11.0,1,252.0,273.0,DELAY_LATE_AIRCRAFT|DELAY_NAS|DELAY_WEATHER
PBG,5,5,-3.4,0.6,2,42.0,42.0,0,,,CANC_CARRIER|DELAY_CARRIER|DELAY_LATE_AIRCRAFT
PBG,6,5,0.4,-10.6,0,,,2,616.0,635.5,CANC_CARRIER|DELAY_CARRIER|DELAY_LATE_AIRCRAFT
PBG,7,6,-3.83,-20.5,1,23.0,58.0,2,120.5,126.0,CANC_CARRIER|DELAY_CARRIER|DELAY_LATE_AIRCRAFT
PBG,8,4,-12.0,-19.0,1,15.0,31.0,0,,,DELAY_NAS
PBG,9,5,-8.4,-13.2,0,,,0,,,DELAY_NAS
PBG,10,6,-4.33,-14.17,1,25.0,23.0,1,77.0,51.0,CANC_WEATHER|CANC_NAS|DELAY_CARRIER
PBG,11,7,-16.43,-26.43,1,16.0,34.0,1,96.0,78.0,DELAY_CARRIER|DELAY_NAS
PBG,12,9,-9.89,-8.67,5,35.4,34.4,2,111.0,108.5,DELAY_NAS|CANC_NAS|DELAY_LATE_AIRCRAFT
PBI,1,393,-3.29,-11.6,94,30.52,23.49,55,197.89,189.73,DELAY_LATE_AIRCRAFT|DELAY_CARRIER|DELAY_NAS
PBI,2,458,-4.12,-7.6,64,27.73,21.53,40,166.0,157.93,DELAY_LATE_AIRCRAFT|DELAY_NAS|DELAY_CARRIER
PBI,3,468,-3.09,-7.98,103,33.0,26.99,72,149.51,145.17,DELAY_LATE_AIRCRAFT|DELAY_CARRIER|DELAY_NAS
PBI,4,408,-3.31,-7.68,76,31.86,25.42,52,143.83,138.48,DELAY_LATE_AIRCRAFT|DELAY_NAS|DELAY_CARRIER
PBI,5,354,-3.11,-6.82,60,33.8,34.72,53,168.92,166.91,DELAY_LATE_AIRCRAFT|DELAY_NAS|DELAY_CARRIER
PBI,6,336,-3.08,-8.09,51,32.51,26.73,42,133.95,132.74,DELAY_LATE_AIRCRAFT|DELAY_NAS|DELAY_CARRIER
PBI,7,270,-3.06,-6.44,58,32.55,32.1,44,150.84,148.23,DELAY_LATE_AIRCRAFT|DELAY_NAS|DELAY_CARRIER
PBI,8,238,-2.39,-4.08,57,35.47,30.09,42,162.14,154.5,DELAY_LATE_AIRCRAFT|DELAY_NAS|DELAY_CARRIER
PBI,9,290,-4.55,-10.62,45,29.82,25.0,15,155.53,151.47,DELAY_LATE_AIRCRAFT|DELAY_CARRIER|DELAY_NAS
PBI,10,357,-4.62,-11.94,39,28.05,18.18,27,200.19,190.3,DELAY_LATE_AIRCRAFT|CANC_WEATHER|DELAY_CARRIER
PBI,11,442,-4.14,-9.06,46,31.09,21.7,26,141.38,138.54,DELAY_LATE_AIRCRAFT|DELAY_CARRIER|DELAY_NAS
PBI,12,386,-3.22,-7.6,113,33.14,28.28,62,167.9,167.63,DELAY_LATE_AIRCRAFT|DELAY_CARRIER|DELAY_NAS
PDX,1,588,-2.36,-5.49,114,33.08,28.31,56,156.07,156.14,DELAY_LATE_AIRCRAFT|DELAY_CARRIER|DELAY_NAS
PDX,2,686,-3.35,-6.46,68,31.91,32.22,32,161.03,159.06,DELAY_NAS|DELAY_CARRIER|DELAY_LATE_AIRCRAFT
PDX,3,758,-3.15,-6.41,91,34.05,34.05,43,140.3,137.91,DELAY_LATE_AIRCRAFT|DELAY_NAS|DELAY_CARRIER
PDX,4,775,-4.24,-8.14,108,31.89,29.2,39,115.23,114.92,DELAY_LATE_AIRCRAFT|DELAY_NAS|DELAY_CARRIER
PDX,5,848,-3.6,-8.18,126,30.39,23.84,54,139.24,135.11,DELAY_LATE_AIRCRAFT|DELAY_NAS|DELAY_CARRIER
PDX,6,801,-2.13,-8.09,164,31.41,24.88,75,133.24,126.36,DELAY_LATE_AIRCRAFT|DELAY_NAS|DELAY_CARRIER
PDX,7,826,-2.8,-6.55,156,30.94,25.85,82,152.66,147.38,DELAY_LATE_AIRCRAFT|DELAY_NAS|DELAY_CARRIER
PDX,8,912,-2.51,-5.73,125,31.83,29.48,74,166.35,163.27,DELAY_LATE_AIRCRAFT|DELAY_CARRIER|DELAY_NAS
PDX,9,930,-3.66,-7.06,89,30.57,26.81,31,124.77,121.71,DELAY_LATE_AIRCRAFT|DELAY_NAS|DELAY_CARRIER
PDX,10,905,-3.34,-7.15,87,31.8,26.86,38,129.97,126.55,DELAY_LATE_AIRCRAFT|DELAY_CARRIER|DELAY_NAS
PDX,11,844,-3.79,-8.7,65,29.31,25.82,31,121.94,121.9,DELAY_NAS|DELAY_LATE_AIRCRAFT|DELAY_CARRIER
PDX,12,806,-2.12,-6.47,134,29.99,22.34,53,128.68,121.55,DELAY_LATE_AIRCRAFT|DELAY_CARRIER|DELAY_NAS
PGD,1,81,-6.6,-14.31,12,35.0,28.75,9,150.33,158.56,DELAY_LATE_AIRCRAFT|DELAY_CARRIER|DELAY_WEATHER
PGD,2,90,-7.4,-8.08,20,33.55,28.7,3,101.33,102.67,DELAY_LATE_AIRCRAFT|DELAY_NAS|DELAY_CARRIER
PGD,3,114,-7.65,-12.11,17,31.82,28.65,20,134.05,128.95,DELAY_LATE_AIRCRAFT|DELAY_CARRIER|DELAY_NAS
PGD,4,84,-6.58,-9.68,7,32.14,27.57,6,143.0,138.5,DELAY_CARRIER|DELAY_LATE_AIRCRAFT|DELAY_NAS
PGD,5,54,-5.91,-11.72,12,26.67,24.92,5,169.6,165.8,DELAY_LATE_AIRCRAFT|DELAY_CARRIER|DELAY_NAS
PGD,6,82,-5.15,-8.16,11,28.55,26.09,9,159.89,180.78,DELAY_LATE_AIRCRAFT|DELAY_NAS|DELAY_WEATHER
PGD,7,61,-5.82,-8.0,14,31.21,34.07,4,121.25,127.5,DELAY_CARRIER|DELAY_WEATHER|DELAY_LATE_AIRCRAFT
PGD,8,64,-7.05,-11.41,9,32.67,31.0,12,126.08,128.5,DELAY_WEATHER|DELAY_CARRIER|DELAY_LATE_AIRCRAFT
PGD,9,51,-6.27,-13.94,8,32.25,29.62,5,110.0,108.0,DELAY_CARRIER|DELAY_LATE_AIRCRAFT|DELAY_WEATHER
PGD,10,71,-6.11,-12.2,12,24.92,15.17,5,158.8,147.2,CANC_WEATHER|DELAY_LATE_AIRCRAFT|DELAY_WEATHER
PGD,11,106,-6.59,-10.73,13,27.08,22.62,5,112.2,111.0,DELAY_CARRIER|DELAY_LATE_AIRCRAFT|DELAY_NAS
PGD,12,115,-7.1,-12.23,19,34.16,28.89,16,132.62,129.25,DELAY_LATE_AIRCRAFT|DELAY_CARRIER|DELAY_NAS
PHL,1,1039,-3.74,-8.93,160,32.98,36.48,122,169.2,188.14,DELAY_NAS|DELAY_LATE_AIRCRAFT|DELAY_CARRIER
PHL,2,1165,-4.05,-13.16,104,30.48,25.44,77,136.31,128.75,DELAY_LATE_AIRCRAFT|DELAY_NAS|DELAY_CARRIER
PHL,3,1185,-3.58,-13.26,212,30.5,22.97,109,149.78,143.55,DELAY_LATE_AIRCRAFT|DELAY_NAS|DELAY_CARRIER
PHL,4,1257,-3.24,-10.66,190,30.61,22.5,109,168.52,160.39,DELAY_LATE_AIRCRAFT|DELAY_CARRIER|DELAY_NAS
PHL,5,1288,-2.92,-8.24,238,32.35,29.46,184,151.33,145.53,DELAY_LATE_AIRCRAFT|DELAY_NAS|DELAY_CARRIER
PHL,6,1337,-2.6,-9.61,305,33.2,27.5,177,152.11,145.14,DELAY_LATE_AIRCRAFT|DELAY_CARRIER|DELAY_NAS
PHL,7,1240,-2.09,-7.26,320,33.08,29.62,293,165.85,159.25,DELAY_LATE_AIRCRAFT|DELAY_CARRIER|DELAY_NAS
PHL,8,1373,-1.96,-6.21,342,32.37,33.95,234,154.63,156.27,DELAY_LATE_AIRCRAFT|DELAY_NAS|DELAY_CARRIER
PHL,9,1499,-4.43,-9.32,149,31.95,29.75,102,137.48,128.77,DELAY_NAS|DELAY_LATE_AIRCRAFT|DELAY_CARRIER
PHL,10,1622,-4.19,-12.51,169,29.85,19.69,75,155.89,144.52,DELAY_LATE_AIRCRAFT|DELAY_CARRIER|DELAY_NAS
PHL,11,1316,-4.43,-13.64,137,32.44,21.96,71,129.69,117.23,DELAY_LATE_AIRCRAFT|DELAY_CARRIER|DELAY_NAS
PHL,12,1169,-2.32,-8.88,220,29.8,22.79,126,142.75,135.79,DELAY_LATE_AIRCRAFT|DELAY_CARRIER|DELAY_NAS
PHX,1,2412,-2.01,-6.17,459,31.23,26.39,176,147.28,142.31,DELAY_LATE_AIRCRAFT|DELAY_CARRIER|DELAY_NAS
PHX,2,2502,-2.15,-8.17,336,30.85,22.72,104,130.44,125.22,DELAY_LATE_AIRCRAFT|DELAY_CARRIER|DELAY_NAS
PHX,3,2676,-1.8,-6.36,508,31.36,24.86,206,131.1,126.3,DELAY_LATE_AIRCRAFT|DELAY_CARRIER|DELAY_NAS
PHX,4,2643,-1.42,-7.7,463,30.52,23.57,192,111.45,105.22,DELAY_LATE_AIRCRAFT|DELAY_CARRIER|DELAY_NAS
PHX,5,2476,-1.37,-7.26,563,31.58,24.99,273,121.22,114.38,DELAY_LATE_AIRCRAFT|DELAY_CARRIER|DELAY_NAS
PHX,6,2343,-1.53,-5.37,562,30.46,26.01,242,136.19,131.2,DELAY_LATE_AIRCRAFT|DELAY_CARRIER|DELAY_NAS
PHX,7,2263,-1.72,-5.9,509,31.49,26.2,314,158.79,154.47,DELAY_LATE_AIRCRAFT|DELAY_CARRIER|DELAY_NAS
PHX,8,2421,-2.31,-6.8,371,31.69,28.32,221,143.1,142.04,DELAY_LATE_AIRCRAFT|DELAY_CARRIER|DELAY_NAS
PHX,9,2474,-2.86,-8.71,327,30.19,22.03,128,128.3,121.62,DELAY_LATE_AIRCRAFT|DELAY_CARRIER|DELAY_NAS
PHX,10,2879,-2.53,-8.05,382,30.21,24.66,143,122.89,117.57,DELAY_CARRIER|DELAY_LATE_AIRCRAFT|DELAY_NAS
PHX,11,2773,-2.56,-10.32,401,30.42,22.98,144,116.27,113.06,DELAY_LATE_AIRCRAFT|DELAY_CARRIER|DELAY_NAS
PHX,12,2727,-1.99,-8.12,457,30.4,22.84,179,124.33,118.47,DELAY_LATE_AIRCRAFT|DELAY_CARRIER|DELAY_NAS
PIA,1,40,-3.73,-10.32,7,29.86,36.71,6,197.0,201.17,DELAY_LATE_AIRCRAFT|DELAY_NAS|DELAY_CARRIER
PIA,2,46,-6.67,-13.76,3,30.0,37.33,7,117.14,104.14,DELAY_CARRIER|DELAY_LATE_AIRCRAFT|DELAY_NAS
PIA,3,50,-4.8,-10.54,10,28.7,24.6,4,169.0,163.5,DELAY_LATE_AIRCRAFT|DELAY_NAS|DELAY_CARRIER
PIA,4,57,-5.26,-9.25,7,27.86,27.29,5,251.8,248.6,DELAY_LATE_AIRCRAFT|DELAY_NAS|DELAY_CARRIER
PIA,5,39,-6.49,-10.82,6,33.17,31.5,8,103.38,112.5,DELAY_LATE_AIRCRAFT|DELAY_WEATHER|DELAY_NAS
PIA,6,56,-4.8,-7.93,7,24.29,36.43,9,315.33,309.33,DELAY_LATE_AIRCRAFT|DELAY_CARRIER|DELAY_NAS
PIA,7,46,-3.78,-5.78,8,37.12,29.88,4,303.25,305.5,DELAY_LATE_AIRCRAFT|DELAY_CARRIER|DELAY_NAS
PIA,8,42,-6.69,-6.43,6,24.67,24.17,5,304.6,296.4,DELAY_LATE_AIRCRAFT|DELAY_NAS|DELAY_CARRIER
PIA,9,46,-7.89,-8.93,6,25.17,29.17,5,77.6,71.4,DELAY_LATE_AIRCRAFT|DELAY_NAS|DELAY_CARRIER
PIA,10,48,-6.92,-11.73,6,27.67,16.5,5,158.6,140.4,DELAY_CARRIER|DELAY_LATE_AIRCRAFT|DELAY_NAS
PIA,11,43,-6.21,-17.12,7,31.0,23.57,5,184.4,173.6,DELAY_LATE_AIRCRAFT|DELAY_CARRIER|DELAY_NAS
PIA,12,69,-3.67,-10.43,9,31.56,40.44,5,118.2,117.8,DELAY_NAS|DELAY_LATE_AIRCRAFT|DELAY_CARRIER
PIB,1,5,-4.4,-26.4,1,60.0,12.0,1,161.0,152.0,CANC_WEATHER|DELAY_CARRIER
PIB,2,7,-12.29,-23.71,1,27.0,0.0,1,126.0,116.0,DELAY_LATE_AIRCRAFT
PIB,3,9,-6.33,-8.0,0,,,1,119.0,112.0,DELAY_CARRIER|DELAY_LATE_AIRCRAFT|DELAY_NAS
PIB,4,7,-8.14,-8.29,1,38.0,36.0,0,,,DELAY_LATE_AIRCRAFT
PIB,5,3,-6.0,-2.33,3,35.33,32.67,2,152.0,166.0,DELAY_CARRIER|DELAY_LATE_AIRCRAFT|CANC_WEATHER
PIB,6,6,-9.33,-8.17,0,,,0,,,CANC_WEATHER
PIB,7,12,-5.33,4.08,0,,,2,98.0,106.0,DELAY_CARRIER|DELAY_LATE_AIRCRAFT|DELAY_NAS
PIB,8,8,-9.62,-17.75,2,48.5,43.5,0,,,DELAY_CARRIER|DELAY_LATE_AIRCRAFT
PIB,9,7,-12.14,-9.0,1,36.0,19.0,0,,,DELAY_LATE_AIRCRAFT
PIB,10,8,-8.38,-14.75,1,42.0,33.0,1,114.0,105.0,DELAY_CARRIER|DELAY_LATE_AIRCRAFT
PIB,11,8,-10.5,-7.88,0,,,0,,,N/D
PIB,12,5,-3.8,0.6,0,,,0,,,CANC_WEATHER
PIE,1,97,-7.82,-15.38,7,29.43,23.29,8,237.75,231.12,DELAY_LATE_AIRCRAFT|DELAY_CARRIER|DELAY_NAS
PIE,2,87,-8.18,-11.1,9,31.78,27.22,6,101.17,99.33,DELAY_LATE_AIRCRAFT|DELAY_NAS|DELAY_CARRIER
PIE,3,121,-7.98,-8.76,17,28.88,27.12,9,178.56,167.67,DELAY_LATE_AIRCRAFT|DELAY_NAS|DELAY_CARRIER
PIE,4,119,-7.41,-10.24,5,32.2,33.0,10,130.8,125.2,DELAY_NAS|DELAY_CARRIER|DELAY_LATE_AIRCRAFT
PIE,5,104,-5.91,-6.88,22,28.86,25.05,8,113.12,108.0,DELAY_LATE_AIRCRAFT|DELAY_CARRIER|DELAY_NAS
PIE,6,126,-4.65,-8.23,26,31.0,31.62,17,130.82,131.12,DELAY_LATE_AIRCRAFT|DELAY_CARRIER|DELAY_WEATHER
PIE,7,122,-3.06,-5.91,41,35.02,35.78,22,111.14,109.41,DELAY_LATE_AIRCRAFT|DELAY_WEATHER|DELAY_CARRIER
PIE,8,107,-6.18,-9.65,13,36.77,35.85,8,137.12,137.12,DELAY_CARRIER|DELAY_LATE_AIRCRAFT|DELAY_NAS
PIE,9,64,-7.47,-11.88,9,22.33,26.33,7,173.0,168.0,DELAY_CARRIER|DELAY_LATE_AIRCRAFT|CANC_WEATHER
PIE,10,107,-7.87,-12.93,6,37.83,28.67,4,231.75,231.0,CANC_WEATHER|DELAY_CARRIER|DELAY_NAS
PIE,11,110,-9.84,-10.95,7,25.71,23.43,3,120.0,128.33,DELAY_LATE_AIRCRAFT|DELAY_NAS|DELAY_CARRIER
PIE,12,105,-8.71,-12.31,23,28.74,28.3,14,100.86,99.79,DELAY_LATE_AIRCRAFT|DELAY_CARRIER|DELAY_NAS
PIH,1,14,-6.43,-2.57,1,36.0,44.0,0,,,DELAY_CARRIER|DELAY_NAS|DELAY_WEATHER
PIH,2,9,-12.22,-9.89,0,,,0,,,DELAY_CARRIER
PIH,3,13,-4.08,-10.77,0,,,0,,,DELAY_NAS
PIH,4,8,-9.5,-15.88,0,,,1,160.0,145.0,DELAY_CARRIER
PIH,5,9,-8.44,-18.33,0,,,2,102.5,95.5,DELAY_CARRIER
PIH,6,14,-6.43,-11.71,0,,,0,,,N/D
PIH,7,12,-6.83,-15.5,0,,,0,,,N/D
PIH,8,19,-9.74,-18.16,0,,,0,,,N/D
PIH,9,14,-8.71,-17.57,0,,,0,,,N/D
PIH,10,10,-10.4,-15.9,0,,,0,,,N/D
PIH,11,9,-8.22,-14.0,0,,,0,,,N/D
PIH,12,6,-7.17,-14.17,1,38.0,17.0,0,,,DELAY_CARRIER
PIT,1,554,-4.07,-9.55,70,29.69,28.13,41,205.41,203.51,DELAY_NAS|DELAY_LATE_AIRCRAFT|DELAY_CARRIER
PIT,2,544,-4.27,-14.89,55,33.47,23.95,14,126.57,121.71,DELAY_NAS|DELAY_LATE_AIRCRAFT|DELAY_CARRIER
PIT,3,611,-4.07,-12.22,63,31.81,27.11,36,151.39,151.86,DELAY_NAS|DELAY_LATE_AIRCRAFT|DELAY_CARRIER
PIT,4,621,-4.17,-9.03,73,32.23,26.32,39,133.13,131.59,DELAY_NAS|DELAY_LATE_AIRCRAFT|DELAY_CARRIER
PIT,5,621,-3.67,-6.65,89,29.26,27.56,56,123.64,123.89,DELAY_LATE_AIRCRAFT|DELAY_NAS|DELAY_CARRIER
PIT,6,646,-2.81,-6.86,98,32.33,26.8,70,139.64,136.19,DELAY_LATE_AIRCRAFT|DELAY_NAS|DELAY_CARRIER
PIT,7,616,-3.19,-7.12,108,31.18,27.81,74,160.0,162.8,DELAY_LATE_AIRCRAFT|DELAY_NAS|DELAY_CARRIER
PIT,8,580,-3.64,-8.48,88,31.07,28.4,71,179.2,176.55,DELAY_LATE_AIRCRAFT|DELAY_NAS|DELAY_CARRIER
PIT,9,659,-4.35,-11.24,59,31.47,26.42,23,172.96,165.61,DELAY_NAS|DELAY_LATE_AIRCRAFT|DELAY_CARRIER
PIT,10,713,-3.81,-11.59,49,28.92,21.12,22,223.59,214.64,DELAY_NAS|DELAY_LATE_AIRCRAFT|DELAY_CARRIER
PIT,11,623,-3.86,-10.37,56,27.05,22.05,29,118.21,114.79,DELAY_NAS|DELAY_CARRIER|DELAY_LATE_AIRCRAFT
PIT,12,564,-2.18,-7.97,75,31.03,27.53,33,178.94,176.88,DELAY_NAS|DELAY_CARRIER|DELAY_LATE_AIRCRAFT
PLN,1,6,-11.33,-25.83,1,29.0,24.0,0,,,CANC_WEATHER|DELAY_WEATHER
PLN,2,7,-13.86,-35.86,0,,,2,166.0,154.0,DELAY_CARRIER|DELAY_WEATHER
PLN,3,9,-11.78,-24.44,1,26.0,47.0,0,,,DELAY_CARRIER
PLN,4,12,-11.33,-17.08,0,,,0,,,N/D
PLN,5,11,-12.64,-16.18,1,49.0,48.0,3,197.67,189.0,DELAY_CARRIER|DELAY_WEATHER
PLN,6,17,-9.29,-13.41,1,45.0,36.0,2,86.5,81.5,DELAY_CARRIER|DELAY_WEATHER
PLN,7,18,-8.67,-15.83,2,22.0,11.5,1,129.0,117.0,DELAY_CARRIER
PLN,8,24,-8.08,-12.38,1,35.0,26.0,0,,,DELAY_CARRIER
PLN,9,14,-8.07,-15.86,1,27.0,24.0,0,,,DELAY_CARRIER
PLN,10,12,-7.58,-16.58,1,29.0,10.0,1,236.0,225.0,DELAY_CARRIER
PLN,11,11,-9.27,-15.18,0,,,3,156.33,160.0,DELAY_CARRIER|DELAY_WEATHER
PLN,12,8,-7.5,-15.25,2,32.0,30.0,0,,,DELAY_CARRIER|CANC_WEATHER
PNS,1,105,-3.19,-9.64,15,31.33,35.6,14,131.43,133.29,DELAY_LATE_AIRCRAFT|DELAY_NAS|DELAY_CARRIER
PNS,2,153,-5.75,-8.58,9,27.89,17.89,5,161.0,155.4,DELAY_NAS|DELAY_LATE_AIRCRAFT|DELAY_CARRIER
PNS,3,215,-4.22,-10.17,30,33.4,25.43,18,121.78,117.22,DELAY_LATE_AIRCRAFT|DELAY_CARRIER|DELAY_NAS
PNS,4,151,-4.67,-8.38,21,35.38,30.33,12,269.67,273.92,DELAY_LATE_AIRCRAFT|DELAY_NAS|DELAY_CARRIER
PNS,5,136,-3.1,-3.62,37,33.27,29.24,37,193.49,190.49,DELAY_LATE_AIRCRAFT|DELAY_CARRIER|DELAY_NAS
PNS,6,198,-3.69,-8.63,47,30.3,22.94,23,200.7,196.65,DELAY_LATE_AIRCRAFT|DELAY_CARRIER|DELAY_NAS
PNS,7,172,-4.6,-8.89,52,30.63,26.29,37,179.62,177.81,DELAY_LATE_AIRCRAFT|DELAY_CARRIER|DELAY_NAS
PNS,8,190,-4.46,-8.68,31,31.61,26.81,12,237.25,232.33,DELAY_LATE_AIRCRAFT|DELAY_NAS|DELAY_CARRIER
PNS,9,192,-4.99,-11.39,21,32.76,27.19,7,141.86,135.0,DELAY_LATE_AIRCRAFT|DELAY_CARRIER|DELAY_NAS
PNS,10,167,-3.91,-10.01,17,29.88,23.47,7,141.71,145.0,DELAY_LATE_AIRCRAFT|DELAY_CARRIER|DELAY_NAS
PNS,11,160,-4.18,-8.94,15,31.87,24.47,9,147.67,152.22,DELAY_LATE_AIRCRAFT|DELAY_CARRIER|DELAY_NAS
PNS,12,139,-2.93,-8.43,29,36.38,37.72,17,164.88,168.0,DELAY_LATE_AIRCRAFT|DELAY_NAS|DELAY_CARRIER
PPG,1,1,-12.0,-23.0,0,,,0,,,N/D
PPG,2,2,-2.5,-15.0,1,46.0,54.0,0,,,DELAY_LATE_AIRCRAFT
PPG,3,1,2.0,-6.0,0,,,0,,,N/D
PPG,5,2,2.0,0.0,0,,,0,,,N/D
PPG,6,2,-1.5,3.5,1,22.0,26.0,0,,,DELAY_CARRIER
PPG,7,3,7.33,1.0,1,17.0,10.0,0,,,N/D
PPG,8,4,-3.75,-12.0,0,,,0,,,N/D
PPG,9,1,11.0,6.0,1,21.0,9.0,0,,,N/D
PPG,10,1,6.0,-10.0,0,,,0,,,N/D
PPG,11,0,,,1,15.0,2.0,0,,,N/D
PPG,12,4,-5.0,-9.0,0,,,0,,,N/D
PQI,9,9,-2.67,-13.56,1,19.0,3.0,0,,,N/D
PQI,10,4,-4.25,-18.25,0,,,0,,,N/D
PQI,11,5,-5.8,-0.6,0,,,0,,,DELAY_NAS
PQI,12,7,-4.57,9.86,0,,,1,156.0,155.0,DELAY_LATE_AIRCRAFT|DELAY_NAS
PRC,1,12,-4.5,-6.75,0,,,2,187.0,186.0,DELAY_LATE_AIRCRAFT|DELAY_NAS|DELAY_WEATHER
PRC,2,7,-6.0,-9.71,2,31.5,30.0,2,638.0,635.5,DELAY_CARRIER|DELAY_LATE_AIRCRAFT|DELAY_WEATHER
PRC,3,12,-3.5,-3.42,0,,,1,102.0,94.0,CANC_WEATHER|DELAY_LATE_AIRCRAFT|DELAY_NAS
PRC,4,14,-6.0,-10.5,2,27.5,36.0,1,133.0,118.0,DELAY_NAS|DELAY_CARRIER|DELAY_LATE_AIRCRAFT
PRC,5,5,-9.8,-9.2,0,,,1,206.0,206.0,DELAY_WEATHER
PRC,6,10,-11.4,-12.3,0,,,6,109.33,108.83,DELAY_CARRIER|DELAY_LATE_AIRCRAFT
PRC,7,6,-4.5,-6.83,1,54.0,34.0,0,,,DELAY_CARRIER
PRC,8,6,-8.83,-16.5,0,,,3,82.67,81.0,DELAY_LATE_AIRCRAFT|DELAY_CARRIER
PRC,9,18,-8.28,-16.83,0,,,0,,,N/D
PRC,10,11,-8.18,-9.09,0,,,0,,,N/D
PRC,11,11,-5.0,-12.64,0,,,0,,,N/D
PRC,12,13,-7.46,-6.85,1,30.0,25.0,0,,,DELAY_CARRIER|DELAY_LATE_AIRCRAFT
PSC,1,60,-3.28,-8.57,5,20.8,28.0,12,148.92,154.0,DELAY_CARRIER|DELAY_WEATHER|DELAY_NAS
PSC,2,76,-5.64,-10.76,6,27.0,20.17,1,322.0,311.0,DELAY_CARRIER|DELAY_LATE_AIRCRAFT|DELAY_NAS
PSC,3,75,-4.84,-10.61,5,38.4,36.6,4,131.75,129.5,DELAY_NAS|DELAY_CARRIER|DELAY_LATE_AIRCRAFT
PSC,4,71,-6.86,-10.32,4,28.25,17.5,2,120.0,116.0,DELAY_NAS|DELAY_CARRIER|DELAY_LATE_AIRCRAFT
PSC,5,71,-4.44,-9.7,7,36.0,29.86,3,86.33,85.33,DELAY_CARRIER|DELAY_NAS|DELAY_WEATHER
PSC,6,70,-3.83,-7.69,8,30.88,27.62,5,128.2,124.0,DELAY_CARRIER|DELAY_LATE_AIRCRAFT|DELAY_NAS
PSC,7,70,-4.36,-6.99,14,30.79,27.5,3,105.33,100.0,DELAY_CARRIER|DELAY_NAS|DELAY_LATE_AIRCRAFT
PSC,8,62,-2.82,-7.42,6,41.0,47.83,4,168.25,165.0,DELAY_CARRIER|DELAY_NAS|DELAY_WEATHER
PSC,9,64,-4.59,-8.31,6,35.33,20.33,3,202.0,190.67,DELAY_CARRIER|DELAY_WEATHER|DELAY_LATE_AIRCRAFT
PSC,10,90,-4.32,-11.2,6,26.17,20.83,1,63.0,60.0,DELAY_CARRIER|DELAY_NAS
PSC,11,87,-3.9,-12.72,11,29.73,16.18,3,85.67,106.33,DELAY_CARRIER|DELAY_NAS|DELAY_LATE_AIRCRAFT
PSC,12,98,-2.91,-8.44,7,31.71,23.57,11,248.36,234.36,DELAY_CARRIER|DELAY_LATE_AIRCRAFT|DELAY_NAS
PSE,1,15,-8.73,-13.67,2,26.0,29.0,2,154.5,156.5,DELAY_LATE_AIRCRAFT|DELAY_CARRIER
PSE,2,24,-12.12,-12.92,4,35.25,33.5,0,,,DELAY_LATE_AIRCRAFT|CANC_CARRIER|DELAY_CARRIER
PSE,3,17,-8.12,-11.35,2,30.0,33.5,2,177.5,153.0,DELAY_LATE_AIRCRAFT|DELAY_CARRIER
PSE,4,13,-14.38,-22.92,3,37.67,31.0,1,67.0,57.0,DELAY_CARRIER|DELAY_LATE_AIRCRAFT|DELAY_NAS
PSE,5,14,-12.07,-19.14,2,40.0,13.0,2,104.0,93.0,DELAY_LATE_AIRCRAFT
PSE,6,13,-6.62,-9.77,2,32.0,30.0,0,,,DELAY_LATE_AIRCRAFT|DELAY_NAS
PSE,7,14,-5.36,-8.57,2,36.0,25.0,2,92.0,77.0,DELAY_LATE_AIRCRAFT|CANC_CARRIER|DELAY_CARRIER
PSE,8,7,-4.71,-17.57,1,28.0,25.0,7,85.57,79.71,DELAY_LATE_AIRCRAFT|CANC_WEATHER
PSE,9,11,-7.55,-8.82,0,,,0,,,N/D
PSE,10,7,-8.0,-10.0,0,,,0,,,N/D
PSE,11,6,-5.83,-17.0,0,,,0,,,N/D
PSE,12,10,-7.3,-18.5,0,,,1,827.0,838.0,DELAY_LATE_AIRCRAFT
PSG,1,2,-9.0,-8.5,1,51.0,49.0,0,,,DELAY_LATE_AIRCRAFT
PSG,2,6,-14.5,-14.0,0,,,1,211.0,211.0,CANC_WEATHER|DELAY_LATE_AIRCRAFT
PSG,3,12,-14.33,-14.92,2,36.0,40.5,1,96.0,91.0,DELAY_LATE_AIRCRAFT
PSG,4,15,-5.53,-6.4,0,,,0,,,N/D
PSG,5,7,-5.0,-8.29,1,40.0,43.0,0,,,DELAY_LATE_AIRCRAFT
PSG,6,7,-3.43,-6.29,1,25.0,23.0,0,,,DELAY_LATE_AIRCRAFT
PSG,7,11,-3.36,-4.0,1,19.0,20.0,0,,,CANC_WEATHER|DELAY_CARRIER|DELAY_LATE_AIRCRAFT
PSG,8,10,-6.5,-9.4,0,,,0,,,N/D
PSG,9,13,-6.62,-10.31,0,,,0,,,N/D
PSG,10,11,-11.55,-13.09,1,21.0,40.0,1,123.0,117.0,DELAY_LATE_AIRCRAFT
PSG,11,13,-9.85,-12.54,0,,,1,234.0,231.0,DELAY_CARRIER
PSG,12,10,-16.2,-17.1,0,,,0,,,N/D
PSM,1,4,-7.5,0.75,2,34.0,25.5,0,,,DELAY_CARRIER|DELAY_NAS
PSM,2,6,-6.67,-32.5,2,23.0,15.0,0,,,DELAY_CARRIER
PSM,3,7,-9.57,-20.86,0,,,1,238.0,203.0,DELAY_LATE_AIRCRAFT|DELAY_NAS
PSM,4,15,-16.07,-41.67,0,,,0,,,CANC_NAS
PSM,5,5,0.4,-6.6,0,,,1,147.0,166.0,DELAY_NAS
PSM,6,9,-12.56,-21.44,0,,,1,111.0,85.0,DELAY_LATE_AIRCRAFT
PSM,7,4,-7.25,8.75,0,,,1,105.0,106.0,DELAY_CARRIER|DELAY_NAS
PSM,8,4,-7.5,-0.75,0,,,0,,,DELAY_WEATHER
PSM,9,2,-17.0,-26.0,2,32.0,1.0,0,,,DELAY_NAS
PSM,10,6,-7.67,-11.17,0,,,0,,,CANC_WEATHER
PSM,11,3,0.67,-11.33,0,,,0,,,N/D
PSM,12,10,-9.8,-24.8,1,50.0,22.0,1,78.0,68.0,DELAY_CARRIER|DELAY_LATE_AIRCRAFT
PSP,1,265,-4.44,-7.66,23,34.96,34.13,15,117.53,117.4,DELAY_LATE_AIRCRAFT|DELAY_NAS|CANC_CARRIER
PSP,2,222,-4.33,-10.85,41,30.49,22.56,17,184.59,184.06,DELAY_NAS|DELAY_LATE_AIRCRAFT|DELAY_CARRIER
PSP,3,278,-2.89,-5.43,59,33.46,31.15,21,111.14,108.81,DELAY_LATE_AIRCRAFT|DELAY_NAS|DELAY_CARRIER
PSP,4,258,-3.76,-7.23,44,29.86,28.68,18,128.44,125.67,DELAY_NAS|DELAY_LATE_AIRCRAFT|DELAY_CARRIER
PSP,5,205,-4.64,-8.25,32,35.78,27.62,10,90.7,94.7,DELAY_LATE_AIRCRAFT|DELAY_NAS|DELAY_CARRIER
PSP,6,90,-4.38,-6.2,18,29.17,23.33,12,132.67,132.5,DELAY_CARRIER|DELAY_LATE_AIRCRAFT|DELAY_NAS
PSP,7,89,-3.92,-7.65,13,37.08,40.92,6,91.5,83.5,DELAY_CARRIER|DELAY_LATE_AIRCRAFT|DELAY_NAS
PSP,8,108,-5.24,-7.27,11,34.73,34.55,5,128.8,123.8,DELAY_LATE_AIRCRAFT|DELAY_NAS|DELAY_CARRIER
PSP,9,120,-6.45,-9.67,17,34.47,32.0,9,129.22,122.44,DELAY_CARRIER|DELAY_LATE_AIRCRAFT|DELAY_NAS
PSP,10,222,-5.19,-8.96,14,33.21,33.14,7,135.43,141.29,DELAY_NAS|DELAY_LATE_AIRCRAFT|DELAY_CARRIER
PSP,11,204,-4.63,-9.63,23,30.57,25.43,8,109.38,114.88,DELAY_LATE_AIRCRAFT|DELAY_CARRIER|DELAY_NAS
PSP,12,223,-4.67,-10.63,27,34.15,29.59,11,124.36,115.45,DELAY_LATE_AIRCRAFT|DELAY_CARRIER|DELAY_NAS
PVD,1,141,-2.74,-9.55,19,29.63,24.21,13,169.31,180.69,DELAY_LATE_AIRCRAFT|DELAY_NAS|CANC_WEATHER
PVD,2,164,-3.88,-15.27,18,22.78,13.17,10,138.2,130.0,DELAY_LATE_AIRCRAFT|DELAY_NAS|DELAY_CARRIER
PVD,3,156,-4.94,-14.36,23,30.57,26.91,14,137.86,132.79,DELAY_LATE_AIRCRAFT|DELAY_CARRIER|DELAY_NAS
PVD,4,212,-3.96,-11.96,23,32.78,25.96,12,278.75,289.25,DELAY_LATE_AIRCRAFT|DELAY_CARRIER|DELAY_NAS
PVD,5,206,-3.11,-10.13,43,33.23,26.35,19,133.11,130.37,DELAY_LATE_AIRCRAFT|DELAY_NAS|DELAY_CARRIER
PVD,6,205,-3.84,-10.69,38,29.32,22.11,20,164.4,164.85,DELAY_LATE_AIRCRAFT|DELAY_NAS|DELAY_CARRIER
PVD,7,187,-2.85,-6.75,43,32.44,31.56,35,208.34,202.54,DELAY_LATE_AIRCRAFT|DELAY_NAS|DELAY_CARRIER
PVD,8,228,-3.21,-8.54,29,30.1,30.79,31,152.29,149.32,DELAY_LATE_AIRCRAFT|DELAY_NAS|DELAY_CARRIER
PVD,9,255,-4.94,-10.49,23,24.26,18.13,8,128.75,116.75,DELAY_CARRIER|DELAY_LATE_AIRCRAFT|DELAY_NAS
PVD,10,266,-4.12,-13.29,20,28.3,21.35,6,103.17,86.83,DELAY_CARRIER|DELAY_LATE_AIRCRAFT|CANC_WEATHER
PVD,11,245,-4.96,-15.8,18,29.44,18.06,7,159.14,134.71,DELAY_LATE_AIRCRAFT|DELAY_CARRIER|DELAY_NAS
PVD,12,210,-3.21,-11.5,33,34.09,28.36,11,246.64,238.73,DELAY_LATE_AIRCRAFT|DELAY_NAS|DELAY_CARRIER
PVU,1,25,-5.48,-17.2,1,20.0,18.0,2,63.0,80.5,DELAY_CARRIER|DELAY_LATE_AIRCRAFT
PVU,2,27,-6.44,-13.93,2,30.0,20.0,1,69.0,47.0,DELAY_CARRIER|DELAY_LATE_AIRCRAFT|DELAY_NAS
PVU,3,28,-5.11,-6.5,3,31.67,26.0,6,127.0,130.5,DELAY_CARRIER|DELAY_NAS|CANC_NAS
PVU,4,31,-7.13,-10.42,1,26.0,21.0,2,92.5,88.5,DELAY_WEATHER|DELAY_LATE_AIRCRAFT|DELAY_NAS
PVU,5,29,-7.07,-10.17,3,28.33,19.67,1,88.0,89.0,DELAY_LATE_AIRCRAFT|DELAY_CARRIER
PVU,6,36,-6.28,-4.22,2,21.5,25.0,1,119.0,112.0,DELAY_NAS|DELAY_LATE_AIRCRAFT|DELAY_CARRIER
PVU,7,12,-8.08,-9.33,4,44.25,39.0,4,197.5,188.25,DELAY_CARRIER|DELAY_LATE_AIRCRAFT|CANC_CARRIER
PVU,8,32,-8.66,-6.88,3,26.0,30.67,0,,,DELAY_CARRIER|DELAY_NAS
PVU,9,23,-7.13,-9.61,3,26.0,19.33,2,154.0,166.5,DELAY_CARRIER|DELAY_LATE_AIRCRAFT
PVU,10,39,-5.0,-5.56,4,27.75,20.75,7,285.43,294.57,DELAY_CARRIER|DELAY_NAS|DELAY_LATE_AIRCRAFT
PVU,11,40,-4.15,-4.55,11,34.09,28.18,5,164.2,162.0,DELAY_CARRIER|DELAY_NAS|DELAY_LATE_AIRCRAFT
PVU,12,55,-4.82,-11.09,3,34.67,21.0,5,228.2,220.0,DELAY_CARRIER|DELAY_LATE_AIRCRAFT|DELAY_NAS
PWM,1,80,-3.88,-16.94,16,31.44,30.44,10,386.5,389.7,DELAY_LATE_AIRCRAFT|DELAY_CARRIER|CANC_WEATHER
PWM,2,95,-4.44,-20.22,7,25.71,6.0,3,167.0,143.67,DELAY_LATE_AIRCRAFT|CANC_CARRIER|DELAY_CARRIER
PWM,3,87,-3.14,-10.57,8,28.62,14.62,6,204.17,196.83,DELAY_LATE_AIRCRAFT|DELAY_NAS|DELAY_CARRIER
PWM,4,93,-4.04,-9.67,16,31.38,25.69,3,94.33,89.0,DELAY_LATE_AIRCRAFT|DELAY_NAS|DELAY_CARRIER
PWM,5,137,-4.21,-11.45,17,32.29,29.88,12,247.83,235.58,DELAY_CARRIER|DELAY_LATE_AIRCRAFT|DELAY_NAS
PWM,6,188,-3.23,-6.28,28,35.93,34.36,22,168.55,165.86,DELAY_LATE_AIRCRAFT|DELAY_CARRIER|DELAY_NAS
PWM,7,200,-2.5,-5.97,47,32.21,34.36,30,224.13,221.57,DELAY_LATE_AIRCRAFT|DELAY_NAS|DELAY_CARRIER
PWM,8,215,-3.08,-5.76,53,32.53,31.15,22,151.64,155.09,DELAY_NAS|DELAY_LATE_AIRCRAFT|DELAY_CARRIER
PWM,9,256,-3.91,-8.66,27,33.56,28.56,6,321.33,315.33,DELAY_NAS|DELAY_LATE_AIRCRAFT|DELAY_CARRIER
PWM,10,232,-3.04,-10.72,29,36.03,27.55,14,238.21,230.21,DELAY_LATE_AIRCRAFT|DELAY_CARRIER|DELAY_NAS
PWM,11,136,-5.45,-14.29,14,23.36,8.93,6,144.17,134.5,DELAY_LATE_AIRCRAFT|DELAY_CARRIER|DELAY_NAS
PWM,12,135,-4.12,-12.43,16,28.56,17.56,13,223.69,227.92,DELAY_LATE_AIRCRAFT|DELAY_NAS|DELAY_CARRIER
RAP,1,39,-5.1,-14.49,5,28.2,11.8,7,136.57,121.14,DELAY_CARRIER|DELAY_WEATHER|CANC_WEATHER
RAP,2,50,-4.28,-11.2,4,36.75,26.75,2,291.0,270.5,DELAY_NAS|DELAY_CARRIER|CANC_WEATHER
RAP,3,51,-4.78,-12.55,6,32.0,24.67,3,148.33,133.67,CANC_WEATHER|DELAY_CARRIER|DELAY_WEATHER
RAP,4,44,-4.93,-10.68,3,32.0,25.33,4,129.0,140.0,DELAY_CARRIER|DELAY_WEATHER|DELAY_NAS
RAP,5,58,-4.09,-10.21,4,35.5,28.5,5,99.0,112.4,DELAY_CARRIER|DELAY_NAS|CANC_NAS
RAP,6,80,-3.99,-10.28,14,29.21,24.71,7,223.86,222.43,DELAY_LATE_AIRCRAFT|DELAY_CARRIER|DELAY_NAS
RAP,7,82,-2.2,-3.48,25,36.12,32.2,12,120.33,120.42,DELAY_LATE_AIRCRAFT|DELAY_NAS|DELAY_CARRIER
RAP,8,97,-3.96,-7.89,19,28.32,28.74,5,123.8,125.2,DELAY_LATE_AIRCRAFT|DELAY_NAS|DELAY_CARRIER
RAP,9,107,-5.28,-10.62,8,26.25,26.0,1,1035.0,1016.0,DELAY_CARRIER|DELAY_LATE_AIRCRAFT|DELAY_NAS
RAP,10,82,-3.83,-11.37,5,30.8,23.8,3,76.33,68.0,DELAY_NAS|DELAY_CARRIER|DELAY_WEATHER
RAP,11,70,-3.63,-8.89,9,24.33,9.11,8,150.62,144.5,DELAY_CARRIER|DELAY_LATE_AIRCRAFT|DELAY_NAS
RAP,12,88,-3.19,-6.64,7,25.29,10.57,6,181.83,177.5,DELAY_CARRIER|DELAY_NAS|DELAY_LATE_AIRCRAFT
RDD,1,23,-5.52,-18.04,0,,,0,,,N/D
RDD,2,16,-5.25,-11.06,2,38.0,29.0,0,,,CANC_WEATHER|DELAY_CARRIER|DELAY_NAS
RDD,3,22,-6.09,-12.05,1,17.0,10.0,1,134.0,126.0,DELAY_CARRIER
RDD,4,18,-7.39,-13.06,1,31.0,51.0,0,,,DELAY_CARRIER|DELAY_NAS
RDD,5,22,-7.14,-4.64,2,29.5,39.0,1,65.0,58.0,DELAY_NAS|DELAY_CARRIER
RDD,6,18,-5.33,-11.39,5,35.4,28.4,2,92.0,83.5,DELAY_LATE_AIRCRAFT|DELAY_CARRIER|DELAY_NAS
RDD,7,14,-6.64,-11.14,3,34.33,32.0,0,,,DELAY_LATE_AIRCRAFT|DELAY_CARRIER|DELAY_NAS
RDD,8,25,-5.84,-10.28,3,29.67,41.67,1,102.0,89.0,DELAY_LATE_AIRCRAFT|DELAY_CARRIER
RDD,9,28,-5.14,-11.43,4,39.5,37.5,1,137.0,145.0,DELAY_LATE_AIRCRAFT|DELAY_NAS|DELAY_CARRIER
RDD,10,30,-7.07,-10.97,4,31.5,23.5,4,300.5,293.0,DELAY_CARRIER|DELAY_LATE_AIRCRAFT
RDD,11,23,-2.7,-2.13,1,16.0,11.0,2,156.0,151.0,DELAY_CARRIER|DELAY_NAS|CANC_WEATHER
RDD,12,19,-7.74,-13.37,3,27.33,25.33,1,80.0,73.0,CANC_WEATHER|DELAY_CARRIER|DELAY_NAS
RDM,1,71,-3.56,-5.03,5,23.8,40.4,9,230.56,226.0,CANC_WEATHER|DELAY_WEATHER|DELAY_NAS
RDM,2,86,-5.27,-4.17,13,29.23,32.31,10,200.3,206.4,DELAY_CARRIER|DELAY_NAS|DELAY_LATE_AIRCRAFT
RDM,3,84,-3.96,-5.24,10,34.8,33.3,12,164.5,158.67,DELAY_CARRIER|DELAY_NAS|DELAY_LATE_AIRCRAFT
RDM,4,82,-5.78,-10.05,10,35.9,32.4,7,209.29,204.86,DELAY_CARRIER|DELAY_NAS|DELAY_LATE_AIRCRAFT
RDM,5,68,-6.15,-9.76,12,36.33,30.25,6,118.83,125.0,DELAY_NAS|DELAY_CARRIER|DELAY_LATE_AIRCRAFT
RDM,6,86,-1.98,-6.19,8,35.62,38.38,9,149.67,154.89,DELAY_CARRIER|DELAY_LATE_AIRCRAFT|DELAY_NAS
RDM,7,67,-2.12,-4.63,21,31.1,31.14,7,288.0,287.43,DELAY_CARRIER|DELAY_LATE_AIRCRAFT|DELAY_NAS
RDM,8,90,-3.28,-4.0,10,29.5,24.0,7,132.14,129.29,DELAY_NAS|DELAY_CARRIER|DELAY_LATE_AIRCRAFT
RDM,9,81,-4.35,-5.73,12,26.25,27.42,6,121.67,122.83,DELAY_CARRIER|DELAY_LATE_AIRCRAFT|DELAY_NAS
RDM,10,82,-4.29,-7.5,5,28.6,21.8,3,144.33,144.67,DELAY_CARRIER|DELAY_LATE_AIRCRAFT|DELAY_NAS
RDM,11,81,-5.56,-11.44,4,43.5,31.5,3,133.33,145.0,DELAY_NAS|DELAY_CARRIER|DELAY_LATE_AIRCRAFT
RDM,12,73,-3.03,-9.33,8,31.12,24.0,5,259.4,247.6,DELAY_CARRIER|DELAY_WEATHER|CANC_WEATHER
RDU,1,681,-3.43,-8.84,104,31.77,26.14,53,165.89,167.23,DELAY_LATE_AIRCRAFT|DELAY_NAS|DELAY_CARRIER
RDU,2,766,-4.14,-10.15,76,30.08,23.76,33,154.79,145.0,DELAY_NAS|DELAY_LATE_AIRCRAFT|DELAY_CARRIER
RDU,3,824,-2.98,-10.24,119,31.5,26.29,76,177.96,171.79,DELAY_LATE_AIRCRAFT|DELAY_NAS|DELAY_CARRIER
RDU,4,794,-3.26,-7.58,113,33.23,31.08,74,180.36,175.34,DELAY_LATE_AIRCRAFT|DELAY_NAS|DELAY_CARRIER
RDU,5,804,-2.63,-5.96,136,32.91,29.62,99,141.74,145.13,DELAY_LATE_AIRCRAFT|DELAY_NAS|DELAY_CARRIER
RDU,6,807,-2.73,-8.28,146,33.12,29.86,87,171.39,166.55,DELAY_LATE_AIRCRAFT|DELAY_CARRIER|DELAY_NAS
RDU,7,795,-2.92,-7.41,196,32.86,33.97,133,160.29,161.5,DELAY_LATE_AIRCRAFT|DELAY_NAS|DELAY_CARRIER
RDU,8,810,-2.62,-7.87,151,32.19,29.67,115,167.11,165.65,DELAY_LATE_AIRCRAFT|DELAY_NAS|DELAY_CARRIER
RDU,9,856,-3.92,-9.15,95,31.09,25.11,59,174.75,170.46,DELAY_LATE_AIRCRAFT|DELAY_NAS|DELAY_CARRIER
RDU,10,945,-3.43,-9.95,90,31.16,24.03,35,181.14,169.11,DELAY_LATE_AIRCRAFT|DELAY_NAS|DELAY_CARRIER
RDU,11,861,-4.49,-10.27,82,32.38,22.74,48,149.83,144.69,DELAY_NAS|DELAY_LATE_AIRCRAFT|DELAY_CARRIER
RDU,12,796,-2.78,-9.38,125,31.52,22.54,57,128.05,124.25,DELAY_LATE_AIRCRAFT|DELAY_NAS|DELAY_CARRIER
RFD,1,7,-2.29,-7.57,2,25.0,22.0,0,,,DELAY_NAS|DELAY_LATE_AIRCRAFT
RFD,2,13,-1.62,-11.92,1,26.0,5.0,2,76.5,62.0,DELAY_CARRIER|DELAY_LATE_AIRCRAFT|DELAY_NAS
RFD,3,10,-9.8,-21.6,4,40.25,44.25,0,,,DELAY_NAS|CANC_CARRIER|DELAY_LATE_AIRCRAFT
RFD,4,8,-9.0,-26.88,2,36.5,27.0,1,244.0,230.0,DELAY_CARRIER|DELAY_NAS|DELAY_WEATHER
RFD,5,12,-6.17,-11.08,5,31.8,34.4,1,115.0,123.0,DELAY_NAS|DELAY_LATE_AIRCRAFT|DELAY_CARRIER
RFD,6,10,-3.6,-15.2,3,23.33,25.0,0,,,DELAY_CARRIER|CANC_CARRIER|DELAY_LATE_AIRCRAFT
RFD,7,14,-1.93,-6.93,0,,,1,125.0,126.0,DELAY_CARRIER
RFD,8,9,-4.33,-8.11,2,47.0,38.0,1,215.0,190.0,DELAY_WEATHER|DELAY_LATE_AIRCRAFT
RFD,9,9,-8.0,-12.67,1,20.0,11.0,0,,,DELAY_NAS
RFD,10,9,-5.0,-15.22,2,25.0,38.0,3,181.0,182.67,DELAY_LATE_AIRCRAFT|DELAY_CARRIER|CANC_CARRIER
RFD,11,7,-1.29,-1.86,1,16.0,3.0,0,,,N/D
RFD,12,11,-4.09,-13.18,2,28.5,19.5,1,1041.0,1026.0,DELAY_LATE_AIRCRAFT|DELAY_NAS
RHI,1,5,-4.8,-16.0,1,15.0,11.0,3,125.67,111.67,DELAY_CARRIER|DELAY_NAS|DELAY_WEATHER
RHI,2,10,-9.2,-28.0,0,,,0,,,N/D
RHI,3,10,-7.4,-32.1,1,35.0,4.0,0,,,CANC_WEATHER
RHI,4,10,-7.7,-26.7,0,,,0,,,N/D
RHI,5,12,-6.67,-20.67,0,,,1,179.0,169.0,DELAY_CARRIER
RHI,6,12,-6.75,-8.0,0,,,2,109.5,110.5,DELAY_CARRIER|DELAY_NAS|DELAY_WEATHER
RHI,7,15,-0.33,3.87,7,30.86,29.0,3,100.0,99.0,DELAY_CARRIER|DELAY_WEATHER|DELAY_NAS
RHI,8,13,-6.08,-6.85,3,45.33,47.33,1,84.0,81.0,DELAY_WEATHER
RHI,9,12,-8.08,-19.67,0,,,1,391.0,393.0,DELAY_WEATHER
RHI,10,13,-5.77,-25.92,2,23.0,13.0,1,133.0,105.0,DELAY_CARRIER
RHI,11,14,-6.79,-28.57,0,,,0,,,N/D
RHI,12,8,-9.88,-21.88,2,53.5,33.0,2,246.0,235.0,DELAY_CARRIER
RIC,1,217,-4.28,-8.38,35,32.2,28.49,18,349.0,345.56,DELAY_NAS|DELAY_LATE_AIRCRAFT|DELAY_CARRIER
RIC,2,231,-4.16,-11.68,28,26.68,25.89,13,208.77,194.62,DELAY_LATE_AIRCRAFT|DELAY_CARRIER|DELAY_NAS
RIC,3,233,-2.95,-8.18,38,30.61,22.79,23,132.91,130.52,DELAY_LATE_AIRCRAFT|DELAY_NAS|DELAY_CARRIER
RIC,4,276,-3.74,-7.83,33,32.88,27.39,14,227.14,230.79,DELAY_NAS|DELAY_LATE_AIRCRAFT|DELAY_CARRIER
RIC,5,272,-3.31,-9.02,52,33.15,28.27,33,150.45,148.15,DELAY_LATE_AIRCRAFT|DELAY_CARRIER|DELAY_NAS
RIC,6,236,-2.6,-10.86,41,31.27,24.27,35,177.2,168.26,DELAY_LATE_AIRCRAFT|DELAY_CARRIER|DELAY_NAS
RIC,7,214,-1.85,-8.59,58,31.29,27.09,48,141.12,138.25,DELAY_LATE_AIRCRAFT|DELAY_CARRIER|DELAY_NAS
RIC,8,226,-2.77,-8.3,36,29.67,23.67,24,218.54,211.58,DELAY_CARRIER|DELAY_LATE_AIRCRAFT|DELAY_NAS
RIC,9,256,-4.34,-7.7,24,33.21,26.58,7,292.14,288.14,DELAY_NAS|DELAY_LATE_AIRCRAFT|DELAY_CARRIER
RIC,10,285,-4.61,-11.68,23,28.61,21.83,6,151.83,148.5,DELAY_NAS|DELAY_CARRIER|DELAY_LATE_AIRCRAFT
RIC,11,245,-3.75,-10.51,28,30.07,19.82,6,75.17,53.83,DELAY_NAS|DELAY_CARRIER|DELAY_LATE_AIRCRAFT
RIC,12,234,-2.29,-9.22,42,30.88,26.86,15,171.2,161.07,DELAY_LATE_AIRCRAFT|DELAY_CARRIER|DELAY_NAS
RIW,1,3,-5.0,-9.33,0,,,1,72.0,51.0,DELAY_LATE_AIRCRAFT
RIW,2,5,-8.6,-4.2,0,,,1,321.0,317.0,CANC_WEATHER|DELAY_CARRIER
RIW,3,10,-6.9,-21.3,1,21.0,-3.0,0,,,CANC_WEATHER
RIW,4,4,-11.5,-11.75,0,,,2,284.0,279.5,DELAY_CARRIER
RIW,5,13,-5.77,-13.0,0,,,1,140.0,158.0,DELAY_NAS
RIW,6,15,-6.93,-9.53,2,33.5,38.5,0,,,CANC_WEATHER|DELAY_CARRIER|DELAY_LATE_AIRCRAFT
RIW,7,11,-6.73,-14.27,0,,,1,140.0,143.0,DELAY_CARRIER
RIW,8,10,-2.8,-0.3,2,44.5,59.0,2,156.5,174.0,DELAY_LATE_AIRCRAFT|DELAY_NAS
RIW,9,7,-7.14,-7.57,0,,,1,82.0,74.0,DELAY_CARRIER
RIW,10,12,-7.0,-3.92,1,22.0,26.0,0,,,DELAY_CARRIER
RIW,11,8,-6.12,-7.0,2,16.0,6.5,1,236.0,221.0,DELAY_LATE_AIRCRAFT
RIW,12,11,-5.64,-14.64,0,,,0,,,DELAY_CARRIER
RKS,1,6,-1.83,-9.0,0,,,0,,,N/D
RKS,2,7,-3.29,-17.0,0,,,2,136.0,128.5,DELAY_LATE_AIRCRAFT|DELAY_WEATHER
RKS,3,5,-3.0,-14.4,0,,,2,321.0,310.5,DELAY_CARRIER|DELAY_LATE_AIRCRAFT
RKS,4,6,-4.67,-8.5,0,,,0,,,DELAY_NAS
RKS,5,3,-4.33,-12.0,0,,,0,,,N/D
RKS,6,15,-6.8,-9.47,0,,,1,149.0,154.0,DELAY_CARRIER
RKS,7,7,-6.43,-8.71,0,,,0,,,N/D
RKS,8,10,-5.7,-10.9,0,,,2,409.0,457.5,DELAY_CARRIER
RKS,9,10,-2.8,-7.1,1,31.0,21.0,0,,,DELAY_CARRIER
RKS,10,12,-1.58,-5.08,1,45.0,43.0,1,213.0,218.0,DELAY_CARRIER|DELAY_LATE_AIRCRAFT
RKS,11,8,-1.38,-10.0,0,,,2,84.5,121.0,DELAY_LATE_AIRCRAFT|DELAY_WEATHER
RKS,12,11,-5.45,-23.27,0,,,0,,,N/D
RNO,1,291,-3.2,-9.88,37,33.38,28.22,18,166.61,158.17,DELAY_NAS|DELAY_CARRIER|DELAY_LATE_AIRCRAFT
RNO,2,254,-2.86,-8.76,27,28.89,25.85,22,152.55,154.91,DELAY_NAS|DELAY_LATE_AIRCRAFT|DELAY_CARRIER
RNO,3,260,-3.31,-4.84,49,30.51,28.1,22,146.0,143.64,DELAY_NAS|DELAY_LATE_AIRCRAFT|DELAY_CARRIER
RNO,4,274,-4.65,-8.61,32,32.91,34.25,23,165.65,166.35,DELAY_NAS|DELAY_LATE_AIRCRAFT|DELAY_CARRIER
RNO,5,306,-3.92,-7.83,36,30.31,26.25,28,167.82,171.18,DELAY_LATE_AIRCRAFT|DELAY_NAS|DELAY_CARRIER
RNO,6,280,-3.22,-9.16,53,29.11,22.72,14,188.07,182.64,DELAY_LATE_AIRCRAFT|DELAY_CARRIER|DELAY_NAS
RNO,7,314,-2.79,-7.07,53,31.7,26.15,36,164.03,157.08,DELAY_LATE_AIRCRAFT|DELAY_CARRIER|DELAY_NAS
RNO,8,321,-2.94,-7.4,46,32.65,28.09,32,122.56,120.28,DELAY_LATE_AIRCRAFT|DELAY_CARRIER|DELAY_NAS
RNO,9,314,-3.11,-7.32,28,33.89,29.43,21,165.81,159.05,DELAY_LATE_AIRCRAFT|DELAY_NAS|DELAY_CARRIER
RNO,10,344,-3.25,-6.87,39,30.33,28.51,12,99.42,104.5,DELAY_LATE_AIRCRAFT|DELAY_NAS|DELAY_CARRIER
RNO,11,288,-3.3,-7.77,25,32.0,26.08,18,232.0,233.94,DELAY_LATE_AIRCRAFT|DELAY_NAS|DELAY_CARRIER
RNO,12,271,-3.58,-8.88,42,28.69,19.69,18,118.11,119.0,DELAY_LATE_AIRCRAFT|DELAY_CARRIER|DELAY_NAS
ROA,1,33,-2.94,-8.58,5,31.2,48.6,4,370.5,363.25,DELAY_LATE_AIRCRAFT|DELAY_NAS|CANC_WEATHER
ROA,2,38,-5.32,-9.76,4,30.0,30.0,0,,,DELAY_CARRIER|CANC_WEATHER|DELAY_LATE_AIRCRAFT
ROA,3,40,-3.67,-11.55,3,21.67,26.0,0,,,DELAY_CARRIER|DELAY_LATE_AIRCRAFT|DELAY_NAS
ROA,4,36,-4.25,-7.5,4,23.0,18.75,2,389.5,382.5,DELAY_LATE_AIRCRAFT|DELAY_NAS|DELAY_CARRIER
ROA,5,37,-2.73,-7.43,6,35.17,32.83,5,235.8,229.4,DELAY_LATE_AIRCRAFT|DELAY_CARRIER|DELAY_NAS
ROA,6,42,-3.5,-9.07,3,30.0,22.67,2,124.5,123.0,DELAY_CARRIER|DELAY_LATE_AIRCRAFT|DELAY_WEATHER
ROA,7,39,-2.85,-5.46,7,38.71,39.29,5,159.0,149.2,DELAY_CARRIER|DELAY_LATE_AIRCRAFT|DELAY_NAS
ROA,8,30,-3.97,-11.77,1,19.0,13.0,4,185.25,170.25,DELAY_CARRIER|CANC_NAS|DELAY_NAS
ROA,9,43,-4.09,-8.4,3,43.33,53.0,2,250.0,250.5,DELAY_CARRIER|DELAY_LATE_AIRCRAFT|DELAY_NAS
ROA,10,47,-4.83,-7.74,6,25.33,22.67,1,91.0,92.0,DELAY_LATE_AIRCRAFT|DELAY_NAS|CANC_WEATHER
ROA,11,51,-4.67,-6.96,9,22.0,19.11,2,75.5,68.5,DELAY_LATE_AIRCRAFT|DELAY_CARRIER|DELAY_NAS
ROA,12,30,-1.83,-9.37,13,28.08,25.38,9,153.44,149.0,DELAY_LATE_AIRCRAFT|DELAY_CARRIER|DELAY_NAS
ROC,1,143,-2.24,-8.81,25,36.32,32.24,14,126.5,144.43,DELAY_LATE_AIRCRAFT|DELAY_NAS|DELAY_CARRIER
ROC,2,154,-3.03,-15.77,19,27.63,11.74,5,127.2,141.4,DELAY_NAS|DELAY_LATE_AIRCRAFT|DELAY_CARRIER
ROC,3,152,-3.94,-13.09,18,30.33,25.94,7,120.71,120.57,DELAY_NAS|DELAY_LATE_AIRCRAFT|DELAY_CARRIER
ROC,4,155,-3.69,-10.27,23,27.61,20.39,10,172.4,164.0,DELAY_LATE_AIRCRAFT|DELAY_NAS|DELAY_CARRIER
ROC,5,185,-3.41,-8.99,22,34.86,35.18,20,164.65,162.5,DELAY_LATE_AIRCRAFT|DELAY_NAS|DELAY_CARRIER
ROC,6,144,-3.19,-8.78,23,31.91,23.39,11,132.27,129.45,DELAY_LATE_AIRCRAFT|DELAY_NAS|DELAY_CARRIER
ROC,7,170,-2.34,-8.21,38,29.29,22.18,31,178.68,174.52,DELAY_LATE_AIRCRAFT|DELAY_CARRIER|CANC_CARRIER
ROC,8,153,-1.78,-4.54,47,26.47,23.45,13,178.92,177.31,DELAY_NAS|DELAY_CARRIER|DELAY_LATE_AIRCRAFT
ROC,9,187,-4.38,-9.05,16,28.5,22.5,9,227.0,224.22,DELAY_CARRIER|DELAY_LATE_AIRCRAFT|DELAY_NAS
ROC,10,195,-3.88,-10.57,17,26.94,21.88,5,136.6,123.6,DELAY_CARRIER|DELAY_LATE_AIRCRAFT|DELAY_NAS
ROC,11,162,-3.22,-11.17,25,30.56,19.6,6,133.83,123.17,DELAY_LATE_AIRCRAFT|DELAY_CARRIER|DELAY_NAS
ROC,12,127,-1.55,-5.49,36,31.03,24.83,20,129.3,126.4,DELAY_NAS|DELAY_LATE_AIRCRAFT|DELAY_CARRIER
ROW,1,8,-8.12,-20.0,1,46.0,43.0,0,,,DELAY_CARRIER
ROW,2,8,-3.12,-12.75,0,,,1,624.0,648.0,DELAY_WEATHER
ROW,3,12,-4.25,-5.67,0,,,1,208.0,198.0,DELAY_NAS
ROW,4,9,-4.22,-7.33,2,20.5,9.0,0,,,N/D
ROW,5,17,-5.0,-7.47,1,49.0,44.0,2,201.0,197.0,CANC_WEATHER|DELAY_WEATHER|DELAY_CARRIER
ROW,6,11,-7.45,-13.27,2,19.0,17.5,3,231.67,229.33,DELAY_CARRIER|DELAY_WEATHER
ROW,7,13,-7.15,-11.31,2,27.5,18.5,1,643.0,640.0,DELAY_CARRIER
ROW,8,14,-7.71,-11.0,0,,,1,61.0,62.0,DELAY_CARRIER
ROW,9,21,-6.19,-7.43,4,26.25,28.25,2,231.5,244.5,DELAY_WEATHER|DELAY_LATE_AIRCRAFT|DELAY_CARRIER
ROW,10,13,-1.0,-5.08,3,23.67,20.0,3,283.33,272.67,DELAY_CARRIER|DELAY_LATE_AIRCRAFT
ROW,11,16,-3.81,-5.31,5,29.4,30.4,2,121.5,116.5,DELAY_CARRIER|DELAY_LATE_AIRCRAFT|DELAY_NAS
ROW,12,17,-4.0,-9.71,3,40.0,25.33,1,95.0,88.0,DELAY_CARRIER|DELAY_LATE_AIRCRAFT|DELAY_WEATHER
RST,1,8,-6.12,-22.5,0,,,2,218.5,203.5,DELAY_LATE_AIRCRAFT|CANC_WEATHER
RST,2,17,-6.24,-20.65,2,35.0,11.5,1,102.0,93.0,DELAY_WEATHER
RST,3,32,-5.19,-14.59,2,22.0,6.5,1,101.0,112.0,DELAY_NAS|DELAY_WEATHER
RST,4,16,-6.0,-8.69,2,33.0,20.0,1,467.0,459.0,DELAY_CARRIER
RST,5,22,-3.59,-7.36,3,42.33,34.67,1,225.0,229.0,DELAY_WEATHER|DELAY_CARRIER|DELAY_NAS
RST,6,14,-6.36,-13.07,3,36.33,41.0,5,97.8,106.0,DELAY_CARRIER|DELAY_LATE_AIRCRAFT|DELAY_WEATHER
RST,7,13,-3.85,-9.38,1,27.0,26.0,3,119.0,122.67,DELAY_LATE_AIRCRAFT|CANC_CARRIER|DELAY_CARRIER
RST,8,19,-3.11,-4.42,1,34.0,22.0,1,63.0,57.0,DELAY_CARRIER|DELAY_LATE_AIRCRAFT|DELAY_NAS
RST,9,21,-5.24,-7.43,2,35.5,50.0,1,742.0,724.0,DELAY_NAS|DELAY_CARRIER|DELAY_LATE_AIRCRAFT
RST,10,24,-6.04,-14.54,2,28.0,20.5,0,,,DELAY_LATE_AIRCRAFT
RST,11,16,-6.5,-9.31,1,23.0,7.0,0,,,N/D
RST,12,11,-3.82,-10.45,3,36.0,19.0,4,178.75,173.5,DELAY_CARRIER
RSW,1,547,-4.18,-11.57,105,34.99,29.39,53,146.53,137.43,DELAY_LATE_AIRCRAFT|DELAY_NAS|CANC_CARRIER
RSW,2,638,-4.61,-6.78,79,31.77,28.28,38,157.05,146.11,DELAY_LATE_AIRCRAFT|DELAY_NAS|DELAY_CARRIER
RSW,3,649,-3.76,-6.67,129,31.59,29.71,96,159.21,157.59,DELAY_LATE_AIRCRAFT|DELAY_NAS|DELAY_CARRIER
RSW,4,571,-4.41,-8.93,76,31.16,30.33,40,194.65,186.05,DELAY_LATE_AIRCRAFT|DELAY_NAS|DELAY_CARRIER
RSW,5,408,-3.21,-5.75,67,31.06,31.52,49,137.59,137.98,DELAY_LATE_AIRCRAFT|DELAY_NAS|DELAY_CARRIER
RSW,6,326,-3.39,-9.48,54,31.8,37.07,31,157.13,150.87,DELAY_LATE_AIRCRAFT|DELAY_NAS|DELAY_CARRIER
RSW,7,256,-3.98,-7.95,70,34.8,32.76,46,132.59,134.15,DELAY_LATE_AIRCRAFT|DELAY_NAS|DELAY_CARRIER
RSW,8,278,-3.98,-7.85,58,32.28,30.98,36,165.53,161.47,DELAY_LATE_AIRCRAFT|DELAY_NAS|CANC_WEATHER
RSW,9,308,-6.21,-10.62,33,29.97,20.82,19,209.32,200.53,DELAY_LATE_AIRCRAFT|CANC_WEATHER|DELAY_NAS
RSW,10,380,-6.51,-12.7,32,31.16,25.72,12,240.83,234.92,CANC_WEATHER|DELAY_LATE_AIRCRAFT|DELAY_CARRIER
RSW,11,508,-5.87,-11.43,32,35.0,29.34,11,142.82,134.27,DELAY_LATE_AIRCRAFT|DELAY_NAS|DELAY_CARRIER
RSW,12,507,-5.59,-9.94,101,32.8,27.14,84,157.15,154.25,DELAY_LATE_AIRCRAFT|DELAY_NAS|DELAY_CARRIER
SAF,1,22,-5.5,-0.05,1,54.0,126.0,0,,,DELAY_CARRIER|DELAY_NAS
SAF,2,23,-6.65,-8.96,1,18.0,20.0,2,139.0,134.0,DELAY_CARRIER|DELAY_LATE_AIRCRAFT|DELAY_WEATHER
SAF,3,20,-4.55,-0.05,2,39.0,42.0,2,182.0,186.0,DELAY_CARRIER|DELAY_LATE_AIRCRAFT|DELAY_WEATHER
SAF,4,18,-4.78,-0.28,0,,,3,216.0,212.0,DELAY_NAS|DELAY_LATE_AIRCRAFT
SAF,5,42,-5.71,-9.19,5,36.2,31.6,8,137.38,135.75,DELAY_WEATHER|DELAY_CARRIER|DELAY_LATE_AIRCRAFT
SAF,6,44,-5.8,-11.2,2,19.5,12.5,8,135.75,133.62,DELAY_NAS|DELAY_CARRIER|DELAY_LATE_AIRCRAFT
SAF,7,45,-8.24,-12.91,8,37.62,35.62,5,291.6,281.2,DELAY_CARRIER|DELAY_LATE_AIRCRAFT|DELAY_WEATHER
SAF,8,40,-7.47,-13.12,8,28.25,23.75,9,97.0,92.56,DELAY_CARRIER|DELAY_LATE_AIRCRAFT|DELAY_NAS
SAF,9,38,-5.32,-5.71,6,25.67,26.0,9,100.89,101.11,DELAY_CARRIER|DELAY_LATE_AIRCRAFT|DELAY_NAS
SAF,10,67,-7.93,-15.93,9,31.56,23.89,7,127.71,118.71,DELAY_CARRIER|DELAY_LATE_AIRCRAFT|DELAY_WEATHER
SAF,11,39,-8.03,-18.05,6,29.5,19.33,10,214.1,223.5,DELAY_CARRIER|CANC_WEATHER|DELAY_WEATHER
SAF,12,42,-5.76,-19.55,7,30.86,12.86,6,122.5,123.5,DELAY_CARRIER|DELAY_LATE_AIRCRAFT|CANC_WEATHER
SAN,1,1127,-2.77,-7.53,175,29.7,24.02,60,162.68,157.77,DELAY_LATE_AIRCRAFT|CANC_CARRIER|DELAY_NAS
SAN,2,1078,-2.66,-9.45,157,30.04,23.31,68,144.21,139.91,DELAY_LATE_AIRCRAFT|DELAY_NAS|DELAY_CARRIER
SAN,3,1177,-2.29,-7.34,222,31.0,25.24,97,133.8,128.87,DELAY_LATE_AIRCRAFT|DELAY_NAS|DELAY_CARRIER
SAN,4,1202,-2.45,-8.22,188,31.34,26.78,98,169.73,168.58,DELAY_LATE_AIRCRAFT|DELAY_NAS|DELAY_CARRIER
SAN,5,1190,-2.28,-7.4,258,32.57,27.03,109,162.83,158.57,DELAY_LATE_AIRCRAFT|DELAY_CARRIER|DELAY_NAS
SAN,6,1245,-1.45,-4.46,320,31.49,28.15,139,127.78,124.11,DELAY_LATE_AIRCRAFT|DELAY_NAS|DELAY_CARRIER
SAN,7,1280,-1.68,-3.32,307,30.87,29.13,166,142.95,143.42,DELAY_LATE_AIRCRAFT|DELAY_NAS|DELAY_CARRIER
SAN,8,1413,-2.72,-4.57,255,31.97,30.6,90,116.51,116.58,DELAY_LATE_AIRCRAFT|DELAY_NAS|DELAY_CARRIER
SAN,9,1295,-3.18,-5.57,202,32.57,33.27,76,119.41,120.36,DELAY_LATE_AIRCRAFT|DELAY_NAS|DELAY_CARRIER
SAN,10,1277,-2.57,-3.26,285,32.85,35.48,130,140.66,146.01,DELAY_LATE_AIRCRAFT|DELAY_NAS|DELAY_CARRIER
SAN,11,1275,-2.76,-7.48,197,31.14,27.8,91,143.69,142.55,DELAY_LATE_AIRCRAFT|DELAY_NAS|DELAY_CARRIER
SAN,12,1120,-2.3,-4.98,250,31.23,31.45,185,140.99,144.08,DELAY_LATE_AIRCRAFT|DELAY_NAS|DELAY_CARRIER
SAT,1,568,-3.37,-9.67,80,32.54,28.35,33,149.42,151.7,DELAY_LATE_AIRCRAFT|DELAY_NAS|DELAY_CARRIER
SAT,2,573,-4.31,-7.68,59,26.92,22.25,20,141.25,142.25,DELAY_CARRIER|DELAY_NAS|DELAY_LATE_AIRCRAFT
SAT,3,522,-3.3,-8.98,93,31.54,25.28,51,147.31,146.65,DELAY_LATE_AIRCRAFT|DELAY_NAS|DELAY_CARRIER
SAT,4,567,-2.88,-8.82,95,29.25,23.82,45,180.36,185.84,DELAY_LATE_AIRCRAFT|DELAY_NAS|DELAY_CARRIER
SAT,5,543,-1.85,-6.56,84,31.15,29.08,70,165.34,165.17,DELAY_LATE_AIRCRAFT|DELAY_NAS|DELAY_CARRIER
SAT,6,560,-2.05,-7.39,118,30.46,25.28,51,152.57,151.94,DELAY_LATE_AIRCRAFT|DELAY_CARRIER|DELAY_NAS
SAT,7,516,-2.59,-5.93,123,30.88,31.28,75,184.11,183.19,DELAY_LATE_AIRCRAFT|DELAY_NAS|DELAY_CARRIER
SAT,8,569,-3.99,-8.98,76,28.09,23.89,65,140.4,136.83,DELAY_LATE_AIRCRAFT|DELAY_NAS|DELAY_CARRIER
SAT,9,559,-4.22,-9.82,62,29.77,22.37,31,130.39,119.48,DELAY_LATE_AIRCRAFT|DELAY_CARRIER|DELAY_NAS
SAT,10,636,-3.37,-8.73,68,31.01,22.09,18,169.5,157.56,DELAY_LATE_AIRCRAFT|DELAY_CARRIER|DELAY_NAS
SAT,11,643,-3.46,-9.18,65,27.88,20.22,26,109.08,96.73,DELAY_LATE_AIRCRAFT|DELAY_CARRIER|DELAY_NAS
SAT,12,536,-3.28,-9.51,87,31.4,25.77,38,155.53,157.92,DELAY_LATE_AIRCRAFT|DELAY_CARRIER|DELAY_NAS
SAV,1,199,-4.09,-11.53,30,34.3,26.07,19,220.68,214.16,DELAY_LATE_AIRCRAFT|DELAY_CARRIER|DELAY_NAS
SAV,2,234,-4.86,-12.74,21,33.33,26.67,9,116.33,109.22,DELAY_LATE_AIRCRAFT|DELAY_CARRIER|DELAY_NAS
SAV,3,258,-3.11,-10.11,32,29.94,24.22,17,162.29,155.59,DELAY_LATE_AIRCRAFT|DELAY_NAS|DELAY_CARRIER
SAV,4,293,-3.51,-6.75,38,29.05,25.03,9,184.89,177.89,DELAY_NAS|DELAY_LATE_AIRCRAFT|DELAY_CARRIER
SAV,5,265,-3.76,-8.05,53,31.68,26.43,33,130.03,129.73,DELAY_LATE_AIRCRAFT|DELAY_CARRIER|DELAY_NAS
SAV,6,263,-3.16,-10.68,38,32.87,27.5,23,168.0,166.22,DELAY_LATE_AIRCRAFT|DELAY_NAS|DELAY_CARRIER
SAV,7,210,-2.97,-7.97,53,33.75,34.32,38,234.61,236.63,DELAY_LATE_AIRCRAFT|DELAY_CARRIER|DELAY_NAS
SAV,8,245,-4.32,-10.6,26,33.96,32.23,20,128.15,125.65,DELAY_LATE_AIRCRAFT|DELAY_NAS|DELAY_CARRIER
SAV,9,240,-2.97,-8.3,30,29.63,20.47,17,123.18,120.06,DELAY_LATE_AIRCRAFT|DELAY_NAS|DELAY_CARRIER
SAV,10,301,-3.81,-10.09,36,30.08,21.47,10,120.2,111.1,DELAY_LATE_AIRCRAFT|DELAY_CARRIER|DELAY_NAS
SAV,11,277,-3.83,-9.95,30,27.33,19.4,16,139.44,133.5,DELAY_LATE_AIRCRAFT|DELAY_CARRIER|DELAY_NAS
SAV,12,247,-1.96,-6.6,52,34.29,28.4,23,195.04,191.35,DELAY_LATE_AIRCRAFT|DELAY_NAS|DELAY_CARRIER
SBA,1,95,-4.86,-5.8,10,28.7,28.7,9,171.44,163.0,DELAY_LATE_AIRCRAFT|DELAY_NAS|DELAY_CARRIER
SBA,2,80,-5.0,-7.59,17,32.41,40.18,10,152.6,147.9,DELAY_CARRIER|DELAY_NAS|DELAY_LATE_AIRCRAFT
SBA,3,103,-4.17,-10.3,17,29.06,28.29,10,217.4,221.1,DELAY_NAS|DELAY_CARRIER|DELAY_LATE_AIRCRAFT
SBA,4,84,-4.54,-8.31,14,35.64,32.14,7,148.43,148.0,DELAY_LATE_AIRCRAFT|DELAY_NAS|DELAY_CARRIER
SBA,5,111,-4.99,-8.59,7,40.29,41.57,11,157.36,155.91,DELAY_LATE_AIRCRAFT|DELAY_NAS|DELAY_CARRIER
SBA,6,110,-3.4,-9.35,11,25.09,23.27,7,110.43,106.71,DELAY_LATE_AIRCRAFT|DELAY_NAS|DELAY_CARRIER
SBA,7,131,-4.34,-9.85,12,29.58,30.17,9,181.56,178.89,DELAY_LATE_AIRCRAFT|DELAY_CARRIER|DELAY_NAS
SBA,8,120,-5.53,-9.93,8,31.5,31.75,4,232.25,232.5,DELAY_CARRIER|DELAY_LATE_AIRCRAFT|DELAY_NAS
SBA,9,105,-6.2,-13.86,8,28.88,23.0,4,244.5,240.5,DELAY_LATE_AIRCRAFT|DELAY_CARRIER|DELAY_NAS
SBA,10,112,-5.08,-9.82,20,32.95,29.1,8,203.5,200.38,DELAY_LATE_AIRCRAFT|DELAY_CARRIER|DELAY_NAS
SBA,11,114,-3.89,-10.32,10,32.2,19.9,8,137.12,131.62,DELAY_LATE_AIRCRAFT|DELAY_NAS|DELAY_CARRIER
SBA,12,106,-4.58,-11.14,11,39.0,27.82,9,167.22,158.22,DELAY_LATE_AIRCRAFT|DELAY_NAS|DELAY_WEATHER
SBN,1,60,-5.22,-13.8,22,33.36,31.5,18,153.89,155.94,DELAY_CARRIER|CANC_WEATHER|DELAY_LATE_AIRCRAFT
SBN,2,67,-4.82,-17.79,8,31.62,20.12,8,153.12,137.88,DELAY_CARRIER|DELAY_LATE_AIRCRAFT|DELAY_NAS
SBN,3,85,-4.69,-12.98,10,33.5,24.0,3,403.0,405.33,DELAY_CARRIER|DELAY_NAS|DELAY_LATE_AIRCRAFT
SBN,4,90,-4.81,-13.11,6,36.5,30.17,5,194.2,204.8,DELAY_CARRIER|DELAY_LATE_AIRCRAFT|CANC_WEATHER
SBN,5,65,-3.71,-8.2,16,33.94,24.44,21,150.0,144.71,DELAY_CARRIER|DELAY_LATE_AIRCRAFT|DELAY_NAS
SBN,6,84,-5.65,-9.1,15,31.0,26.2,13,162.69,156.54,DELAY_CARRIER|DELAY_WEATHER|DELAY_LATE_AIRCRAFT
SBN,7,59,-3.76,-6.51,14,28.07,24.07,12,157.83,151.25,DELAY_CARRIER|CANC_WEATHER|DELAY_LATE_AIRCRAFT
SBN,8,84,-3.23,-7.2,20,30.05,28.3,17,144.82,138.88,DELAY_CARRIER|DELAY_LATE_AIRCRAFT|DELAY_NAS
SBN,9,89,-5.38,-10.09,14,31.5,23.14,4,249.5,251.25,DELAY_CARRIER|DELAY_LATE_AIRCRAFT|DELAY_NAS
SBN,10,104,-4.62,-12.68,14,31.79,16.86,9,131.56,122.56,DELAY_CARRIER|DELAY_LATE_AIRCRAFT|DELAY_NAS
SBN,11,98,-5.91,-12.52,8,22.38,15.38,11,159.36,154.91,DELAY_CARRIER|DELAY_LATE_AIRCRAFT|CANC_WEATHER
SBN,12,104,-3.7,-6.25,14,29.43,29.79,9,236.67,234.67,DELAY_CARRIER|DELAY_NAS|DELAY_LATE_AIRCRAFT
SBP,1,60,-5.73,-11.25,5,37.0,31.6,7,217.43,211.43,DELAY_LATE_AIRCRAFT|DELAY_CARRIER|DELAY_NAS
SBP,2,44,-5.02,-13.18,7,29.14,15.14,7,326.43,338.14,DELAY_NAS|DELAY_CARRIER|DELAY_LATE_AIRCRAFT
SBP,3,53,-4.75,-7.77,4,29.75,19.0,4,343.5,345.75,DELAY_NAS|DELAY_CARRIER|DELAY_LATE_AIRCRAFT
SBP,4,91,-4.45,-6.86,10,31.4,25.6,2,218.5,208.0,DELAY_CARRIER|DELAY_LATE_AIRCRAFT|DELAY_NAS
SBP,5,86,-4.74,-10.36,9,36.78,35.44,4,121.75,121.25,DELAY_LATE_AIRCRAFT|DELAY_CARRIER|DELAY_NAS
SBP,6,66,-4.83,-7.48,9,38.11,33.44,5,114.8,112.8,DELAY_CARRIER|DELAY_LATE_AIRCRAFT|DELAY_NAS
SBP,7,79,-4.54,-6.19,6,24.17,25.17,7,96.0,91.43,DELAY_CARRIER|DELAY_LATE_AIRCRAFT|DELAY_NAS
SBP,8,83,-5.16,-5.86,8,31.75,33.25,6,131.83,125.17,DELAY_CARRIER|DELAY_LATE_AIRCRAFT|DELAY_NAS
SBP,9,76,-5.45,-6.45,6,27.67,34.5,13,323.15,319.15,DELAY_LATE_AIRCRAFT|DELAY_CARRIER|DELAY_NAS
SBP,10,91,-6.33,-7.67,9,32.67,40.56,8,150.38,149.62,DELAY_LATE_AIRCRAFT|DELAY_CARRIER|DELAY_NAS
SBP,11,85,-5.14,-8.46,12,34.08,26.0,5,126.0,129.6,DELAY_CARRIER|DELAY_NAS|DELAY_LATE_AIRCRAFT
SBP,12,94,-4.53,-10.6,12,31.67,22.83,10,157.8,153.5,DELAY_LATE_AIRCRAFT|DELAY_CARRIER|CANC_WEATHER
SCC,1,8,-18.25,-21.88,0,,,3,127.33,138.0,DELAY_LATE_AIRCRAFT|CANC_WEATHER
SCC,2,8,-15.5,-13.88,0,,,2,126.5,129.0,DELAY_LATE_AIRCRAFT
SCC,3,8,-7.75,-7.0,1,19.0,20.0,0,,,CANC_WEATHER|DELAY_CARRIER|DELAY_SECURITY
SCC,4,7,-15.57,-14.0,0,,,0,,,CANC_WEATHER
SCC,5,6,-19.0,-23.17,1,44.0,38.0,0,,,CANC_CARRIER|DELAY_LATE_AIRCRAFT
SCC,6,10,-11.0,-11.9,0,,,1,66.0,61.0,DELAY_LATE_AIRCRAFT
SCC,7,10,-15.4,-19.0,0,,,0,,,N/D
SCC,8,9,-11.89,-12.67,1,19.0,17.0,0,,,DELAY_LATE_AIRCRAFT
SCC,9,6,-20.17,-21.83,0,,,0,,,N/D
SCC,10,9,-16.78,-23.78,2,37.5,42.5,0,,,DELAY_LATE_AIRCRAFT
SCC,11,10,-17.8,-18.7,0,,,0,,,N/D
SCC,12,8,-21.25,-23.25,0,,,1,126.0,125.0,CANC_WEATHER|DELAY_LATE_AIRCRAFT
SCE,1,3,-8.33,-23.33,2,45.5,43.5,0,,,DELAY_CARRIER
SCE,2,6,-10.33,-29.5,0,,,0,,,N/D
SCE,3,12,-6.92,-14.08,0,,,1,160.0,141.0,DELAY_LATE_AIRCRAFT|DELAY_WEATHER
SCE,4,7,-5.0,-2.29,1,32.0,38.0,1,127.0,115.0,DELAY_CARRIER|DELAY_LATE_AIRCRAFT
SCE,5,6,-7.83,-20.5,2,34.5,28.5,1,239.0,232.0,DELAY_LATE_AIRCRAFT|CANC_WEATHER
SCE,6,9,-3.89,-6.33,0,,,2,251.0,239.5,DELAY_CARRIER|DELAY_LATE_AIRCRAFT|DELAY_NAS
SCE,7,6,-9.0,-10.0,1,36.0,84.0,0,,,DELAY_CARRIER|DELAY_NAS
SCE,8,9,-6.44,-12.89,2,42.0,38.5,1,77.0,72.0,DELAY_LATE_AIRCRAFT
SCE,9,7,-8.71,-13.71,0,,,1,88.0,90.0,DELAY_LATE_AIRCRAFT
SCE,10,5,-3.2,-3.6,0,,,1,459.0,461.0,DELAY_CARRIER|DELAY_NAS
SCE,11,5,-7.6,-7.2,2,32.5,46.5,1,113.0,106.0,DELAY_CARRIER|DELAY_LATE_AIRCRAFT
SCE,12,3,-9.33,-15.67,2,18.5,34.5,0,,,DELAY_NAS
SCK,1,1,-7.0,-13.0,1,40.0,57.0,1,99.0,110.0,DELAY_LATE_AIRCRAFT
SCK,2,4,-4.0,-9.25,0,,,0,,,N/D
SCK,3,4,-1.75,4.25,2,38.0,50.5,0,,,DELAY_NAS|DELAY_LATE_AIRCRAFT
SCK,4,5,-5.0,-7.2,0,,,0,,,N/D
SCK,5,5,3.2,0.4,0,,,0,,,N/D
SCK,6,5,-1.8,1.8,3,24.33,19.67,0,,,DELAY_LATE_AIRCRAFT|DELAY_CARRIER
SCK,7,9,-0.22,0.22,4,36.75,34.5,0,,,DELAY_CARRIER|DELAY_LATE_AIRCRAFT
SCK,8,3,-11.0,-8.33,0,,,2,163.0,158.5,DELAY_LATE_AIRCRAFT
SCK,9,5,-5.2,-12.8,3,28.67,28.67,1,518.0,533.0,DELAY_CARRIER|DELAY_LATE_AIRCRAFT
SCK,10,2,0.0,3.0,1,34.0,31.0,0,,,DELAY_LATE_AIRCRAFT
SCK,11,9,0.67,-4.56,3,45.33,47.33,0,,,DELAY_CARRIER|DELAY_LATE_AIRCRAFT|DELAY_NAS
SCK,12,3,-5.67,-10.67,3,36.33,29.33,5,104.8,106.6,DELAY_LATE_AIRCRAFT|DELAY_WEATHER|DELAY_CARRIER
SDF,1,266,-4.64,-9.42,40,33.08,27.6,26,163.15,162.04,DELAY_LATE_AIRCRAFT|DELAY_NAS|DELAY_CARRIER
SDF,2,313,-5.31,-11.42,30,33.03,26.57,15,151.87,145.6,DELAY_NAS|DELAY_LATE_AIRCRAFT|DELAY_CARRIER
SDF,3,351,-4.95,-10.62,40,34.38,29.45,17,142.35,138.41,DELAY_LATE_AIRCRAFT|DELAY_NAS|DELAY_CARRIER
SDF,4,350,-4.14,-8.65,50,30.74,24.7,25,116.0,112.88,DELAY_LATE_AIRCRAFT|DELAY_CARRIER|DELAY_NAS
SDF,5,359,-3.17,-8.11,64,32.89,31.88,36,135.97,135.75,DELAY_LATE_AIRCRAFT|DELAY_NAS|DELAY_CARRIER
SDF,6,353,-3.54,-9.0,56,33.25,31.16,31,192.39,194.1,DELAY_LATE_AIRCRAFT|DELAY_CARRIER|DELAY_NAS
SDF,7,357,-3.55,-6.34,62,32.71,28.6,53,158.04,153.6,DELAY_LATE_AIRCRAFT|DELAY_CARRIER|DELAY_NAS
SDF,8,335,-4.56,-8.42,46,32.46,32.09,32,164.47,161.62,DELAY_LATE_AIRCRAFT|DELAY_CARRIER|DELAY_NAS
SDF,9,337,-4.92,-8.62,30,28.97,24.9,22,120.91,118.36,DELAY_LATE_AIRCRAFT|DELAY_NAS|DELAY_CARRIER
SDF,10,366,-5.04,-11.55,33,33.3,24.24,17,222.47,222.47,DELAY_LATE_AIRCRAFT|DELAY_CARRIER|DELAY_NAS
SDF,11,338,-5.28,-11.36,25,35.68,29.92,11,128.55,133.64,DELAY_NAS|DELAY_LATE_AIRCRAFT|DELAY_CARRIER
SDF,12,298,-3.64,-9.86,37,28.78,23.19,24,140.96,137.12,DELAY_LATE_AIRCRAFT|DELAY_NAS|DELAY_CARRIER
SEA,1,1576,-1.67,-7.54,382,31.94,25.7,184,137.13,130.86,DELAY_LATE_AIRCRAFT|DELAY_CARRIER|CANC_CARRIER
SEA,2,1902,-3.54,-7.1,259,30.56,25.2,87,123.08,117.87,DELAY_NAS|DELAY_CARRIER|DELAY_LATE_AIRCRAFT
SEA,3,2042,-2.51,-6.57,339,30.73,26.49,129,156.07,152.02,DELAY_CARRIER|DELAY_NAS|DELAY_LATE_AIRCRAFT
SEA,4,2075,-2.62,-6.76,363,30.66,25.12,124,113.87,108.52,DELAY_CARRIER|DELAY_NAS|DELAY_LATE_AIRCRAFT
SEA,5,2169,-1.35,-5.7,501,30.8,25.59,142,122.28,115.73,DELAY_LATE_AIRCRAFT|DELAY_CARRIER|DELAY_NAS
SEA,6,2190,-0.77,-6.23,624,29.37,23.09,174,124.88,115.34,DELAY_LATE_AIRCRAFT|DELAY_CARRIER|DELAY_NAS
SEA,7,2432,-1.2,-4.22,647,29.97,26.68,170,132.82,130.02,DELAY_LATE_AIRCRAFT|DELAY_CARRIER|DELAY_NAS
SEA,8,2304,-1.63,-4.47,541,31.08,28.91,187,125.81,123.21,DELAY_LATE_AIRCRAFT|DELAY_CARRIER|DELAY_NAS
SEA,9,2373,-2.36,-4.74,444,29.88,26.75,138,125.06,121.48,DELAY_CARRIER|DELAY_NAS|DELAY_LATE_AIRCRAFT
SEA,10,2349,-3.07,-7.04,312,28.45,23.6,88,137.45,131.72,DELAY_CARRIER|DELAY_NAS|DELAY_LATE_AIRCRAFT
SEA,11,2196,-3.31,-9.32,251,29.44,23.08,70,141.2,134.33,DELAY_NAS|DELAY_CARRIER|DELAY_LATE_AIRCRAFT
SEA,12,1971,-1.69,-9.41,369,31.05,22.62,115,123.57,115.52,DELAY_CARRIER|DELAY_LATE_AIRCRAFT|DELAY_NAS
SFB,1,125,-7.31,-14.0,13,30.08,21.54,7,114.86,107.86,DELAY_LATE_AIRCRAFT|DELAY_CARRIER|DELAY_NAS
SFB,2,133,-5.11,-5.36,20,39.15,40.25,5,90.4,88.6,DELAY_LATE_AIRCRAFT|DELAY_NAS|DELAY_CARRIER
SFB,3,139,-5.04,-6.25,32,34.25,28.72,19,104.89,108.84,DELAY_LATE_AIRCRAFT|DELAY_CARRIER|DELAY_NAS
SFB,4,127,-6.9,-9.98,17,29.59,27.65,10,134.9,131.4,DELAY_CARRIER|DELAY_LATE_AIRCRAFT|DELAY_NAS
SFB,5,130,-4.32,-7.78,18,29.61,26.11,6,133.17,133.17,DELAY_LATE_AIRCRAFT|DELAY_CARRIER|DELAY_NAS
SFB,6,141,-3.26,-6.37,37,30.62,32.0,13,126.54,124.31,DELAY_LATE_AIRCRAFT|DELAY_CARRIER|DELAY_NAS
SFB,7,155,-4.3,-8.06,33,32.09,32.33,16,159.31,160.5,DELAY_CARRIER|DELAY_LATE_AIRCRAFT|DELAY_NAS
SFB,8,94,-5.72,-8.38,21,36.52,33.33,16,125.69,124.31,DELAY_CARRIER|DELAY_LATE_AIRCRAFT|DELAY_WEATHER
SFB,9,87,-6.29,-12.43,12,28.67,22.42,9,101.89,97.33,DELAY_CARRIER|DELAY_LATE_AIRCRAFT|DELAY_WEATHER
SFB,10,116,-5.27,-10.39,12,26.58,21.42,9,199.11,193.78,CANC_WEATHER|DELAY_CARRIER|DELAY_LATE_AIRCRAFT
SFB,11,103,-6.26,-11.12,29,31.52,32.17,8,96.88,100.38,DELAY_CARRIER|DELAY_LATE_AIRCRAFT|DELAY_NAS
SFB,12,115,-4.05,-4.94,42,32.74,29.67,25,114.12,110.84,DELAY_LATE_AIRCRAFT|DELAY_CARRIER|DELAY_NAS
SFO,1,1435,-2.46,-8.13,266,30.51,23.92,142,142.7,132.04,DELAY_LATE_AIRCRAFT|DELAY_CARRIER|CANC_CARRIER
SFO,2,1376,-1.99,-10.16,342,32.71,23.91,183,151.23,144.31,DELAY_LATE_AIRCRAFT|DELAY_CARRIER|DELAY_NAS
SFO,3,1600,-1.85,-7.45,393,32.67,26.81,207,149.57,140.05,DELAY_LATE_AIRCRAFT|DELAY_NAS|DELAY_CARRIER
SFO,4,1569,-2.01,-11.22,395,32.65,25.48,207,124.69,117.43,DELAY_LATE_AIRCRAFT|DELAY_NAS|DELAY_CARRIER
SFO,5,1548,-1.75,-11.31,424,33.98,22.88,184,136.41,126.61,DELAY_LATE_AIRCRAFT|DELAY_CARRIER|DELAY_NAS
SFO,6,1533,-2.05,-11.98,348,31.11,22.43,172,146.79,136.51,DELAY_LATE_AIRCRAFT|DELAY_CARRIER|DELAY_NAS
SFO,7,1744,-2.37,-7.87,330,30.14,23.79,199,147.53,138.84,DELAY_LATE_AIRCRAFT|DELAY_CARRIER|DELAY_NAS
SFO,8,1841,-2.2,-8.2,375,31.55,24.81,171,132.27,125.34,DELAY_LATE_AIRCRAFT|DELAY_CARRIER|DELAY_NAS
SFO,9,1933,-3.15,-7.98,283,31.98,27.71,122,150.83,146.65,DELAY_LATE_AIRCRAFT|DELAY_CARRIER|DELAY_NAS
SFO,10,2079,-2.89,-9.28,291,29.97,24.56,127,124.54,118.24,DELAY_LATE_AIRCRAFT|DELAY_CARRIER|DELAY_NAS
SFO,11,1818,-2.95,-9.93,293,31.29,22.9,196,151.11,143.68,DELAY_LATE_AIRCRAFT|DELAY_CARRIER|DELAY_NAS
SFO,12,1932,-2.27,-8.35,332,32.36,24.9,194,130.82,122.37,DELAY_LATE_AIRCRAFT|DELAY_NAS|DELAY_CARRIER
SGF,1,83,-3.4,-6.78,16,32.06,37.19,11,166.45,179.64,DELAY_NAS|DELAY_CARRIER|CANC_WEATHER
SGF,2,89,-3.64,-10.99,12,26.08,14.25,8,104.5,90.88,DELAY_CARRIER|DELAY_LATE_AIRCRAFT|DELAY_NAS
SGF,3,99,-3.46,-8.6,8,32.12,18.88,7,119.71,110.0,DELAY_LATE_AIRCRAFT|DELAY_NAS|DELAY_CARRIER
SGF,4,116,-3.24,-9.51,12,28.0,32.08,11,160.27,169.82,DELAY_LATE_AIRCRAFT|DELAY_CARRIER|DELAY_NAS
SGF,5,101,-2.5,-6.88,27,33.11,33.74,12,171.5,176.17,DELAY_LATE_AIRCRAFT|DELAY_CARRIER|DELAY_NAS
SGF,6,141,-2.62,-6.33,31,30.23,23.68,17,155.24,148.24,DELAY_LATE_AIRCRAFT|DELAY_NAS|DELAY_CARRIER
SGF,7,121,-2.51,-5.64,28,28.82,24.04,14,129.71,123.14,DELAY_LATE_AIRCRAFT|DELAY_CARRIER|CANC_CARRIER
SGF,8,152,-3.72,-6.95,21,32.81,27.43,19,138.47,132.32,DELAY_LATE_AIRCRAFT|DELAY_CARRIER|DELAY_NAS
SGF,9,135,-3.26,-9.5,22,29.45,26.82,11,120.09,120.27,DELAY_CARRIER|DELAY_LATE_AIRCRAFT|DELAY_NAS
SGF,10,160,-4.32,-8.79,17,28.12,21.59,10,280.0,268.3,DELAY_CARRIER|DELAY_LATE_AIRCRAFT|DELAY_NAS
SGF,11,126,-3.61,-7.11,20,32.5,26.6,9,125.78,125.44,DELAY_CARRIER|DELAY_LATE_AIRCRAFT|DELAY_NAS
SGF,12,102,-2.12,-6.59,32,32.97,23.88,11,185.18,177.73,DELAY_CARRIER|DELAY_LATE_AIRCRAFT|DELAY_NAS
SGU,1,41,-5.56,-7.54,6,27.0,25.17,0,,,DELAY_LATE_AIRCRAFT|DELAY_NAS|DELAY_CARRIER
SGU,2,34,-6.26,-9.76,5,21.6,20.6,2,138.5,126.5,DELAY_CARRIER|DELAY_LATE_AIRCRAFT|DELAY_NAS
SGU,3,42,-7.95,-13.24,1,20.0,34.0,1,79.0,77.0,DELAY_CARRIER
SGU,4,48,-5.52,-10.04,2,32.5,43.0,4,386.5,388.0,DELAY_NAS|DELAY_CARRIER|DELAY_WEATHER
SGU,5,53,-5.3,-9.02,1,35.0,41.0,2,152.0,155.0,DELAY_CARRIER|CANC_WEATHER|DELAY_NAS
SGU,6,31,-6.52,-8.19,1,30.0,10.0,1,120.0,97.0,DELAY_CARRIER
SGU,7,47,-6.13,-10.62,3,50.0,38.33,3,69.0,61.33,DELAY_CARRIER|DELAY_WEATHER|DELAY_LATE_AIRCRAFT
SGU,8,34,-6.56,-13.71,3,44.0,27.67,4,268.25,269.5,DELAY_CARRIER|DELAY_NAS|DELAY_WEATHER
SGU,9,48,-6.0,-12.04,2,29.5,41.0,2,273.0,262.0,DELAY_CARRIER|DELAY_LATE_AIRCRAFT|DELAY_NAS
SGU,10,62,-7.27,-12.94,6,34.5,28.83,2,224.0,228.5,DELAY_CARRIER|DELAY_NAS|DELAY_LATE_AIRCRAFT
SGU,11,48,-6.67,-16.02,3,33.0,39.67,2,193.5,175.5,DELAY_LATE_AIRCRAFT|DELAY_NAS
SGU,12,48,-6.38,-11.56,3,35.0,23.33,1,419.0,415.0,DELAY_CARRIER|DELAY_NAS
SHR,1,12,-8.5,-16.42,0,,,1,212.0,188.0,DELAY_CARRIER
SHR,2,16,-9.44,-19.44,0,,,0,,,CANC_WEATHER|DELAY_CARRIER
SHR,3,13,-7.85,-16.38,0,,,0,,,DELAY_NAS
SHR,4,11,-9.0,-7.91,0,,,0,,,DELAY_CARRIER
SHR,5,9,-10.22,-10.11,1,52.0,38.0,2,220.0,220.5,DELAY_CARRIER|CANC_WEATHER|DELAY_LATE_AIRCRAFT
SHR,6,12,-5.25,-5.0,1,35.0,27.0,0,,,DELAY_CARRIER
SHR,7,10,-8.6,-5.8,0,,,0,,,DELAY_CARRIER
SHR,8,20,-7.1,-5.1,0,,,0,,,DELAY_NAS
SHR,9,13,-5.69,-6.31,1,24.0,28.0,0,,,DELAY_CARRIER
SHR,10,15,-6.07,-6.0,1,19.0,28.0,0,,,DELAY_CARRIER|DELAY_NAS
SHR,11,10,-8.9,-6.9,1,59.0,70.0,0,,,DELAY_CARRIER
SHR,12,17,-9.71,-17.18,1,17.0,20.0,1,261.0,271.0,DELAY_CARRIER|DELAY_LATE_AIRCRAFT
SHV,1,63,-3.35,-3.41,2,15.5,8.0,2,815.0,817.0,DELAY_NAS|CANC_WEATHER|DELAY_LATE_AIRCRAFT
SHV,2,42,-3.33,-4.26,3,19.0,13.0,2,82.0,84.5,DELAY_LATE_AIRCRAFT|DELAY_CARRIER|DELAY_NAS
SHV,3,58,-4.4,-10.14,5,32.4,34.4,4,181.0,169.5,DELAY_LATE_AIRCRAFT|DELAY_NAS|CANC_WEATHER
SHV,4,39,-3.79,-11.62,5,29.8,20.4,9,214.56,217.89,DELAY_LATE_AIRCRAFT|DELAY_CARRIER|DELAY_WEATHER
SHV,5,40,-1.6,-6.55,9,27.11,21.67,12,197.17,190.83,DELAY_LATE_AIRCRAFT|DELAY_WEATHER|CANC_WEATHER
SHV,6,58,-4.22,-9.4,11,38.55,42.73,4,129.0,132.0,DELAY_LATE_AIRCRAFT|DELAY_CARRIER|DELAY_WEATHER
SHV,7,69,-2.28,-8.67,17,30.35,24.47,10,217.5,210.6,DELAY_LATE_AIRCRAFT|CANC_CARRIER|DELAY_CARRIER
SHV,8,64,-5.22,-9.17,4,46.75,41.0,5,134.2,128.8,DELAY_LATE_AIRCRAFT|DELAY_NAS|DELAY_CARRIER
SHV,9,71,-4.49,-8.44,3,31.0,20.0,8,100.0,92.5,DELAY_CARRIER|DELAY_LATE_AIRCRAFT|DELAY_NAS
SHV,10,80,-5.42,-12.36,15,28.67,21.47,4,119.0,110.75,DELAY_LATE_AIRCRAFT|DELAY_CARRIER|DELAY_NAS
SHV,11,73,-4.67,-9.96,3,29.33,17.67,2,115.0,118.0,DELAY_NAS|DELAY_CARRIER|DELAY_LATE_AIRCRAFT
SHV,12,68,-3.62,-10.37,5,23.8,23.8,7,142.0,138.0,DELAY_LATE_AIRCRAFT|CANC_WEATHER|DELAY_CARRIER
SIT,1,12,-14.83,-15.42,4,40.5,48.75,2,98.5,93.5,DELAY_LATE_AIRCRAFT|DELAY_CARRIER
SIT,2,21,-15.1,-16.48,1,39.0,41.0,3,132.33,137.67,DELAY_CARRIER|DELAY_LATE_AIRCRAFT
SIT,3,17,-13.06,-11.82,0,,,0,,,CANC_WEATHER|DELAY_NAS
SIT,4,13,-12.46,-11.46,1,38.0,78.0,1,98.0,87.0,DELAY_CARRIER|DELAY_NAS
SIT,5,17,-10.35,-10.12,5,28.4,23.4,1,267.0,274.0,DELAY_LATE_AIRCRAFT|DELAY_CARRIER
SIT,6,28,-10.93,-10.57,4,45.25,45.0,2,520.0,504.0,DELAY_CARRIER|DELAY_LATE_AIRCRAFT
SIT,7,35,-8.0,-9.8,6,28.83,27.5,2,455.0,453.0,DELAY_CARRIER|DELAY_LATE_AIRCRAFT|DELAY_NAS
SIT,8,26,-8.54,-8.23,2,50.0,47.0,3,264.67,257.0,DELAY_LATE_AIRCRAFT|DELAY_WEATHER|DELAY_CARRIER
SIT,9,27,-9.52,-9.63,3,27.67,30.0,1,131.0,127.0,DELAY_LATE_AIRCRAFT|CANC_CARRIER|DELAY_CARRIER
SIT,10,18,-10.5,-12.61,1,25.0,20.0,0,,,DELAY_LATE_AIRCRAFT
SIT,11,20,-13.7,-11.3,4,31.25,36.0,0,,,DELAY_LATE_AIRCRAFT|DELAY_CARRIER|DELAY_NAS
SIT,12,14,-7.43,-6.86,1,30.0,37.0,1,83.0,76.0,DELAY_LATE_AIRCRAFT|DELAY_NAS
SJC,1,680,-2.89,-8.51,91,32.24,25.88,25,112.04,103.64,DELAY_LATE_AIRCRAFT|DELAY_CARRIER|DELAY_NAS
SJC,2,585,-3.07,-9.57,72,30.75,21.31,27,128.74,126.0,DELAY_LATE_AIRCRAFT|DELAY_CARRIER|DELAY_NAS
SJC,3,658,-2.53,-6.87,75,32.57,27.39,43,122.42,121.93,DELAY_LATE_AIRCRAFT|DELAY_CARRIER|DELAY_NAS
SJC,4,682,-2.81,-7.61,80,29.29,22.27,23,96.3,91.96,DELAY_LATE_AIRCRAFT|DELAY_NAS|DELAY_CARRIER
SJC,5,690,-2.42,-7.84,87,29.46,23.05,31,119.48,115.52,DELAY_LATE_AIRCRAFT|DELAY_CARRIER|DELAY_NAS
SJC,6,682,-1.67,-6.32,125,28.98,23.97,50,118.9,111.88,DELAY_LATE_AIRCRAFT|DELAY_CARRIER|DELAY_NAS
SJC,7,738,-2.44,-5.98,106,31.3,29.94,52,153.19,147.13,DELAY_LATE_AIRCRAFT|DELAY_NAS|DELAY_CARRIER
SJC,8,749,-3.08,-7.36,101,28.23,23.25,45,139.2,132.91,DELAY_LATE_AIRCRAFT|DELAY_NAS|DELAY_CARRIER
SJC,9,767,-3.76,-7.57,88,31.56,28.89,27,102.7,96.96,DELAY_LATE_AIRCRAFT|DELAY_NAS|DELAY_CARRIER
SJC,10,738,-3.49,-8.99,105,31.95,26.3,38,158.79,153.5,DELAY_LATE_AIRCRAFT|DELAY_CARRIER|DELAY_NAS
SJC,11,730,-3.5,-10.19,82,30.17,21.04,30,100.83,94.27,DELAY_LATE_AIRCRAFT|DELAY_CARRIER|DELAY_NAS
SJC,12,662,-2.61,-9.8,103,31.42,26.17,40,134.55,129.47,DELAY_LATE_AIRCRAFT|DELAY_CARRIER|DELAY_NAS
SJT,1,11,-7.18,-4.91,3,36.33,32.0,2,547.5,561.5,DELAY_LATE_AIRCRAFT|DELAY_CARRIER|DELAY_WEATHER
SJT,2,19,-6.79,-10.84,1,38.0,35.0,2,71.0,66.0,DELAY_NAS|DELAY_LATE_AIRCRAFT|DELAY_SECURITY
SJT,3,11,-7.55,-17.45,0,,,0,,,N/D
SJT,4,14,-4.57,-7.79,0,,,0,,,CANC_NAS
SJT,5,9,-5.0,-6.78,1,22.0,41.0,2,690.5,693.0,DELAY_CARRIER|CANC_WEATHER|DELAY_NAS
SJT,6,23,-5.43,-5.83,1,38.0,37.0,1,137.0,132.0,DELAY_NAS|DELAY_CARRIER|DELAY_LATE_AIRCRAFT
SJT,7,12,-1.17,2.25,0,,,3,145.0,139.67,DELAY_NAS|DELAY_CARRIER
SJT,8,23,-7.0,-8.61,0,,,1,67.0,73.0,DELAY_LATE_AIRCRAFT
SJT,9,12,-5.17,0.92,0,,,1,431.0,423.0,DELAY_CARRIER|CANC_CARRIER|DELAY_LATE_AIRCRAFT
SJT,10,18,-5.72,-7.5,0,,,0,,,DELAY_NAS
SJT,11,13,-6.54,-8.38,2,26.0,33.5,3,141.33,132.0,DELAY_LATE_AIRCRAFT|DELAY_WEATHER|DELAY_CARRIER
SJT,12,14,-1.5,-13.14,1,53.0,20.0,3,121.0,107.33,DELAY_CARRIER|DELAY_WEATHER
SJU,1,464,-2.56,-5.83,98,32.47,30.41,53,160.58,156.32,DELAY_LATE_AIRCRAFT|DELAY_NAS|DELAY_CARRIER
SJU,2,438,-3.22,-4.85,77,30.42,27.57,46,212.07,207.76,DELAY_LATE_AIRCRAFT|DELAY_NAS|DELAY_CARRIER
SJU,3,425,-2.99,-3.23,85,32.88,33.95,66,204.85,205.15,DELAY_LATE_AIRCRAFT|DELAY_NAS|DELAY_CARRIER
SJU,4,487,-3.52,-6.45,75,30.53,26.04,43,138.84,131.35,DELAY_LATE_AIRCRAFT|DELAY_NAS|DELAY_CARRIER
SJU,5,462,-2.95,-6.2,96,32.61,30.43,47,171.57,163.6,DELAY_LATE_AIRCRAFT|DELAY_NAS|DELAY_CARRIER
SJU,6,471,-2.8,-6.1,115,32.5,28.97,75,198.88,197.47,DELAY_LATE_AIRCRAFT|DELAY_CARRIER|DELAY_NAS
SJU,7,475,-1.99,-7.38,123,32.71,27.24,75,184.16,175.97,DELAY_LATE_AIRCRAFT|DELAY_CARRIER|DELAY_NAS
SJU,8,425,-2.95,-7.73,120,33.64,26.79,81,152.59,148.95,DELAY_LATE_AIRCRAFT|DELAY_CARRIER|DELAY_NAS
SJU,9,364,-3.16,-8.98,34,30.12,21.09,27,171.59,160.04,DELAY_CARRIER|DELAY_LATE_AIRCRAFT|DELAY_NAS
SJU,10,398,-3.62,-10.06,49,29.67,20.98,32,184.03,175.53,DELAY_LATE_AIRCRAFT|DELAY_CARRIER|DELAY_NAS
SJU,11,405,-3.65,-11.05,72,33.82,24.0,28,148.25,143.82,DELAY_CARRIER|DELAY_LATE_AIRCRAFT|DELAY_NAS
SJU,12,556,-3.91,-8.42,118,30.86,26.53,48,135.4,131.52,DELAY_LATE_AIRCRAFT|DELAY_CARRIER|DELAY_NAS
SLC,1,1466,-2.33,-7.61,229,32.1,27.0,119,170.17,168.55,DELAY_CARRIER|DELAY_NAS|DELAY_LATE_AIRCRAFT
SLC,2,1474,-3.07,-9.98,173,28.75,21.79,73,112.08,107.47,DELAY_CARRIER|DELAY_NAS|DELAY_LATE_AIRCRAFT
SLC,3,1569,-2.69,-8.5,199,31.25,29.02,112,165.62,165.12,DELAY_CARRIER|DELAY_NAS|DELAY_LATE_AIRCRAFT
SLC,4,1547,-3.5,-9.21,191,31.23,25.85,83,153.93,149.57,DELAY_CARRIER|DELAY_LATE_AIRCRAFT|DELAY_NAS
SLC,5,1629,-2.6,-7.66,209,30.97,26.34,116,146.04,143.16,DELAY_CARRIER|DELAY_LATE_AIRCRAFT|DELAY_NAS
SLC,6,1485,-2.96,-8.03,254,31.76,27.18,127,155.61,147.75,DELAY_CARRIER|DELAY_LATE_AIRCRAFT|DELAY_NAS
SLC,7,1481,-2.67,-7.13,279,31.23,26.08,186,152.91,147.65,DELAY_CARRIER|DELAY_LATE_AIRCRAFT|DELAY_NAS
SLC,8,1544,-2.9,-5.89,258,32.76,28.29,127,146.32,141.43,DELAY_CARRIER|DELAY_LATE_AIRCRAFT|DELAY_NAS
SLC,9,1655,-3.7,-7.72,166,29.64,24.11,63,141.19,134.7,DELAY_CARRIER|DELAY_NAS|DELAY_LATE_AIRCRAFT
SLC,10,1704,-4.24,-9.13,157,31.1,25.8,67,154.81,148.7,DELAY_CARRIER|DELAY_NAS|DELAY_LATE_AIRCRAFT
SLC,11,1560,-4.31,-9.68,140,29.88,24.26,66,140.58,135.15,DELAY_CARRIER|DELAY_NAS|DELAY_LATE_AIRCRAFT
SLC,12,1546,-3.2,-10.47,224,29.93,21.33,114,148.34,143.68,DELAY_CARRIER|DELAY_LATE_AIRCRAFT|DELAY_NAS
SLN,1,11,-11.27,-17.45,1,47.0,41.0,0,,,CANC_WEATHER|DELAY_LATE_AIRCRAFT
SLN,2,13,-9.15,-13.23,1,26.0,18.0,1,62.0,48.0,DELAY_CARRIER|DELAY_WEATHER
SLN,3,8,-12.12,-14.5,2,27.5,28.0,0,,,DELAY_CARRIER|DELAY_LATE_AIRCRAFT
SLN,4,11,-8.73,-13.82,1,43.0,25.0,0,,,DELAY_CARRIER
SLN,5,6,-6.17,-4.5,2,21.5,27.0,2,85.0,95.5,DELAY_CARRIER|DELAY_LATE_AIRCRAFT|CANC_WEATHER
SLN,6,7,-8.86,-18.43,2,37.5,35.5,1,145.0,141.0,DELAY_WEATHER|DELAY_CARRIER
SLN,7,3,-0.33,-8.67,2,27.0,108.0,1,79.0,75.0,DELAY_CARRIER|DELAY_LATE_AIRCRAFT|DELAY_NAS
SLN,8,10,-8.5,-15.0,0,,,1,284.0,270.0,DELAY_NAS
SLN,9,10,-9.6,-6.4,2,33.0,28.5,1,226.0,213.0,DELAY_LATE_AIRCRAFT|DELAY_WEATHER
SLN,10,14,-7.93,-8.29,0,,,0,,,DELAY_CARRIER
SLN,11,6,-11.17,-8.0,2,37.0,27.0,1,121.0,113.0,DELAY_CARRIER
SLN,12,6,-8.83,-7.67,2,49.0,52.0,1,182.0,204.0,DELAY_LATE_AIRCRAFT|DELAY_CARRIER
SMF,1,649,-2.48,-8.08,91,30.26,22.26,42,146.48,138.12,DELAY_LATE_AIRCRAFT|DELAY_CARRIER|DELAY_NAS
SMF,2,657,-2.84,-9.16,72,30.21,21.74,36,125.03,125.14,DELAY_LATE_AIRCRAFT|DELAY_CARRIER|DELAY_NAS
SMF,3,719,-2.01,-6.44,88,30.1,26.48,40,131.2,127.88,DELAY_LATE_AIRCRAFT|DELAY_CARRIER|DELAY_NAS
SMF,4,744,-2.41,-7.35,108,30.69,24.56,35,157.91,155.34,DELAY_LATE_AIRCRAFT|DELAY_CARRIER|DELAY_NAS
SMF,5,744,-1.78,-7.54,127,28.91,21.5,42,173.29,168.6,DELAY_LATE_AIRCRAFT|DELAY_CARRIER|DELAY_NAS
SMF,6,733,-1.36,-6.75,156,29.37,23.56,67,129.28,123.34,DELAY_LATE_AIRCRAFT|DELAY_CARRIER|DELAY_NAS
SMF,7,756,-1.79,-6.39,132,33.47,29.2,73,159.64,155.32,DELAY_LATE_AIRCRAFT|DELAY_CARRIER|DELAY_NAS
SMF,8,874,-2.89,-7.7,94,28.7,22.11,55,132.67,127.11,DELAY_LATE_AIRCRAFT|DELAY_CARRIER|DELAY_NAS
SMF,9,774,-3.13,-7.52,104,30.07,25.12,30,145.8,142.33,DELAY_LATE_AIRCRAFT|DELAY_NAS|DELAY_CARRIER
SMF,10,826,-3.16,-9.14,102,31.18,26.77,40,106.65,103.5,DELAY_LATE_AIRCRAFT|DELAY_CARRIER|DELAY_NAS
SMF,11,799,-2.83,-9.31,115,29.48,21.1,29,125.31,123.86,DELAY_LATE_AIRCRAFT|DELAY_CARRIER|DELAY_NAS
SMF,12,674,-1.81,-8.95,143,32.58,27.36,69,154.9,148.67,DELAY_LATE_AIRCRAFT|DELAY_CARRIER|DELAY_NAS
SMX,1,4,-11.0,-5.25,0,,,0,,,N/D
SMX,2,2,-8.0,-7.0,0,,,0,,,N/D
SMX,3,2,8.0,17.0,1,31.0,45.0,0,,,DELAY_LATE_AIRCRAFT|DELAY_NAS
SMX,5,1,11.0,9.0,0,,,1,69.0,85.0,DELAY_LATE_AIRCRAFT
SMX,6,0,,,1,24.0,14.0,1,67.0,65.0,DELAY_LATE_AIRCRAFT
SMX,7,2,-8.0,-8.5,0,,,0,,,N/D
SMX,8,2,-10.5,-15.0,1,22.0,33.0,0,,,DELAY_SECURITY
SMX,9,1,-7.0,-24.0,0,,,1,116.0,113.0,DELAY_LATE_AIRCRAFT
SMX,10,1,-6.0,-14.0,0,,,1,91.0,80.0,DELAY_NAS
SMX,11,1,-5.0,-16.0,0,,,0,,,N/D
SMX,12,1,-14.0,-19.0,2,36.5,34.5,0,,,DELAY_LATE_AIRCRAFT
SNA,1,548,-3.92,-9.17,88,32.67,27.33,23,132.13,127.43,DELAY_LATE_AIRCRAFT|DELAY_NAS|DELAY_CARRIER
SNA,2,547,-3.04,-10.64,81,29.68,19.84,38,182.95,178.13,DELAY_NAS|DELAY_LATE_AIRCRAFT|DELAY_CARRIER
SNA,3,566,-3.34,-9.23,90,31.37,29.41,61,157.9,154.75,DELAY_NAS|DELAY_LATE_AIRCRAFT|DELAY_CARRIER
SNA,4,606,-3.22,-10.34,86,30.51,25.88,43,150.56,142.02,DELAY_LATE_AIRCRAFT|DELAY_NAS|DELAY_CARRIER
SNA,5,555,-3.28,-9.87,94,30.22,24.54,52,144.81,134.85,DELAY_LATE_AIRCRAFT|DELAY_NAS|DELAY_CARRIER
SNA,6,528,-3.17,-8.51,91,31.54,24.99,42,122.71,115.86,DELAY_LATE_AIRCRAFT|DELAY_NAS|DELAY_CARRIER
SNA,7,620,-3.74,-9.5,90,31.36,24.22,60,154.18,149.25,DELAY_LATE_AIRCRAFT|DELAY_CARRIER|DELAY_NAS
SNA,8,602,-4.11,-8.67,82,29.83,23.0,40,106.28,101.33,DELAY_CARRIER|DELAY_LATE_AIRCRAFT|DELAY_NAS
SNA,9,611,-3.63,-8.99,64,31.08,23.17,23,113.17,103.35,DELAY_LATE_AIRCRAFT|DELAY_NAS|DELAY_CARRIER
SNA,10,680,-3.98,-9.71,69,32.48,26.06,29,168.28,161.31,DELAY_LATE_AIRCRAFT|DELAY_NAS|DELAY_CARRIER
SNA,11,594,-4.34,-11.27,63,28.76,22.51,39,140.72,135.79,DELAY_LATE_AIRCRAFT|DELAY_NAS|DELAY_CARRIER
SNA,12,607,-3.76,-8.77,74,30.54,25.12,61,173.72,170.8,DELAY_LATE_AIRCRAFT|DELAY_NAS|DELAY_CARRIER
SPI,1,1,-14.0,-20.0,1,54.0,46.0,0,,,DELAY_NAS
SPI,2,2,5.0,-4.5,0,,,0,,,N/D
SPI,4,3,-2.0,-11.67,0,,,1,69.0,65.0,DELAY_LATE_AIRCRAFT
SPI,5,2,-0.5,-15.5,1,20.0,7.0,0,,,N/D
SPI,6,0,,,0,,,1,146.0,149.0,DELAY_LATE_AIRCRAFT
SPI,7,1,8.0,-4.0,0,,,0,,,N/D
SPI,10,2,4.0,-3.5,1,45.0,47.0,0,,,DELAY_NAS
SPI,11,0,,,1,41.0,28.0,0,,,DELAY_CARRIER
SPI,12,1,-2.0,-23.0,0,,,2,70.5,75.5,DELAY_LATE_AIRCRAFT
SPN,1,7,-13.43,-21.29,0,,,0,,,N/D
SPN,2,7,-8.71,-13.43,0,,,0,,,N/D
SPN,3,5,-13.4,-15.4,0,,,0,,,N/D
SPN,4,6,-14.67,-16.83,0,,,0,,,N/D
SPN,5,7,-7.29,-13.71,0,,,0,,,N/D
SPN,6,4,-0.25,-3.5,3,33.0,29.67,0,,,DELAY_CARRIER
SPN,7,5,4.2,2.6,1,36.0,38.0,0,,,DELAY_CARRIER
SPN,8,3,-0.33,-2.0,1,59.0,56.0,1,97.0,113.0,DELAY_LATE_AIRCRAFT
SPN,9,3,1.67,3.0,0,,,0,,,N/D
SPN,10,5,-11.2,-13.4,1,23.0,16.0,1,262.0,277.0,DELAY_CARRIER
SPN,11,5,-10.4,-15.0,0,,,0,,,CANC_NAS
SPN,12,3,-8.67,-14.0,0,,,0,,,N/D
SPS,1,8,-10.12,-19.5,3,29.0,18.67,0,,,CANC_CARRIER|DELAY_LATE_AIRCRAFT
SPS,2,6,-9.0,-15.17,1,36.0,36.0,2,166.5,160.5,DELAY_CARRIER|DELAY_WEATHER
SPS,3,9,-6.0,-16.22,1,18.0,11.0,1,378.0,355.0,DELAY_CARRIER
SPS,4,8,-7.38,-16.75,1,50.0,59.0,0,,,CANC_WEATHER|DELAY_CARRIER
SPS,5,7,-7.0,-11.43,0,,,2,142.5,145.0,CANC_WEATHER|DELAY_CARRIER|DELAY_WEATHER
SPS,6,12,-7.33,-14.83,0,,,2,104.0,95.0,DELAY_CARRIER|DELAY_WEATHER
SPS,7,8,-6.62,-4.38,0,,,1,185.0,209.0,DELAY_WEATHER
SPS,8,10,-5.5,-13.7,0,,,1,431.0,418.0,DELAY_CARRIER
SPS,9,11,-6.0,-7.18,0,,,1,187.0,183.0,DELAY_WEATHER
SPS,10,13,-7.38,-14.15,0,,,1,92.0,79.0,DELAY_LATE_AIRCRAFT
SPS,11,10,-2.9,-6.0,3,38.67,29.67,1,111.0,108.0,DELAY_CARRIER|DELAY_WEATHER
SPS,12,7,-2.0,-13.0,1,30.0,37.0,1,117.0,113.0,DELAY_CARRIER|DELAY_NAS
SRQ,1,228,-4.77,-11.57,45,31.4,21.91,38,129.34,123.87,DELAY_LATE_AIRCRAFT|DELAY_CARRIER|DELAY_NAS
SRQ,2,253,-5.33,-7.94,32,30.62,20.94,15,189.8,184.73,DELAY_LATE_AIRCRAFT|DELAY_CARRIER|DELAY_NAS
SRQ,3,312,-4.53,-8.9,44,31.89,24.41,27,205.11,199.78,DELAY_LATE_AIRCRAFT|DELAY_NAS|DELAY_CARRIER
SRQ,4,288,-4.27,-7.3,39,26.28,24.64,21,213.0,206.38,DELAY_LATE_AIRCRAFT|DELAY_NAS|DELAY_CARRIER
SRQ,5,209,-4.27,-8.04,43,27.7,25.3,33,170.39,171.12,DELAY_LATE_AIRCRAFT|DELAY_NAS|DELAY_CARRIER
SRQ,6,184,-4.14,-6.59,24,29.54,22.08,16,270.81,267.69,DELAY_LATE_AIRCRAFT|DELAY_NAS|DELAY_CARRIER
SRQ,7,158,-5.16,-9.49,36,35.39,33.53,29,148.52,147.07,DELAY_LATE_AIRCRAFT|DELAY_CARRIER|DELAY_NAS
SRQ,8,141,-5.41,-7.16,26,35.88,29.31,16,155.19,155.44,DELAY_LATE_AIRCRAFT|DELAY_NAS|DELAY_CARRIER
SRQ,9,139,-6.76,-10.0,11,31.55,25.27,3,111.33,124.33,CANC_WEATHER|DELAY_NAS|DELAY_LATE_AIRCRAFT
SRQ,10,156,-7.87,-12.79,14,32.07,27.21,11,111.64,102.36,CANC_WEATHER|DELAY_LATE_AIRCRAFT|CANC_NAS
SRQ,11,228,-7.14,-10.36,32,33.03,26.28,9,209.89,207.67,DELAY_LATE_AIRCRAFT|DELAY_CARRIER|DELAY_NAS
SRQ,12,256,-5.41,-9.43,36,31.25,26.69,29,247.45,246.66,DELAY_LATE_AIRCRAFT|DELAY_CARRIER|DELAY_NAS
STC,1,2,-8.5,-6.0,1,58.0,63.0,0,,,DELAY_NAS
STC,2,4,-1.5,-15.5,1,18.0,-23.0,1,103.0,80.0,DELAY_LATE_AIRCRAFT
STC,3,3,-16.67,-40.0,1,16.0,45.0,1,183.0,174.0,DELAY_NAS|DELAY_WEATHER
STC,4,4,-10.75,-29.75,0,,,0,,,N/D
STC,5,2,-10.5,-5.5,0,,,0,,,N/D
STC,6,1,0.0,-7.0,0,,,0,,,N/D
STC,7,2,-4.5,-21.0,0,,,0,,,N/D
STC,10,2,0.0,-10.5,0,,,0,,,N/D
STC,12,0,,,1,18.0,-11.0,0,,,N/D
STL,1,734,-1.64,-5.61,169,32.11,29.13,62,172.69,175.03,DELAY_LATE_AIRCRAFT|DELAY_NAS|DELAY_CARRIER
STL,2,755,-3.23,-8.89,101,28.12,26.62,46,138.26,130.41,DELAY_LATE_AIRCRAFT|DELAY_NAS|DELAY_CARRIER
STL,3,842,-2.33,-8.54,179,30.55,25.34,62,125.56,122.02,DELAY_LATE_AIRCRAFT|DELAY_NAS|DELAY_CARRIER
STL,4,848,-1.8,-7.44,143,30.2,25.05,64,124.25,119.48,DELAY_LATE_AIRCRAFT|DELAY_CARRIER|DELAY_NAS
STL,5,797,-1.17,-5.38,200,31.95,29.03,124,153.96,154.2,DELAY_LATE_AIRCRAFT|DELAY_CARRIER|DELAY_NAS
STL,6,853,-0.89,-6.83,211,29.77,24.03,78,129.15,126.72,DELAY_LATE_AIRCRAFT|DELAY_CARRIER|DELAY_NAS
STL,7,779,-0.72,-6.14,266,32.27,29.74,125,145.3,142.06,DELAY_LATE_AIRCRAFT|DELAY_CARRIER|DELAY_NAS
STL,8,898,-2.3,-8.52,162,29.73,24.57,75,140.29,137.97,DELAY_LATE_AIRCRAFT|DELAY_CARRIER|DELAY_NAS
STL,9,975,-2.97,-8.6,124,30.4,21.7,25,183.96,179.16,DELAY_LATE_AIRCRAFT|DELAY_NAS|DELAY_CARRIER
STL,10,996,-3.23,-10.83,138,30.58,23.43,35,133.54,124.2,DELAY_LATE_AIRCRAFT|DELAY_CARRIER|DELAY_NAS
STL,11,889,-3.25,-10.2,99,30.04,29.17,30,165.33,164.77,DELAY_NAS|DELAY_LATE_AIRCRAFT|DELAY_CARRIER
STL,12,857,-1.62,-8.77,190,30.26,22.8,63,159.02,156.17,DELAY_LATE_AIRCRAFT|DELAY_CARRIER|DELAY_NAS
STS,1,41,-5.22,-5.0,7,30.43,27.57,3,121.67,117.33,DELAY_LATE_AIRCRAFT|DELAY_NAS|DELAY_CARRIER
STS,2,47,-3.62,-4.89,2,26.5,27.0,4,133.0,131.25,DELAY_LATE_AIRCRAFT|DELAY_CARRIER|DELAY_NAS
STS,3,48,-6.0,-1.73,3,27.33,23.33,2,69.0,67.5,DELAY_CARRIER|DELAY_LATE_AIRCRAFT|CANC_CARRIER
STS,4,44,-3.86,-4.86,3,31.0,35.0,0,,,DELAY_LATE_AIRCRAFT|DELAY_CARRIER|DELAY_NAS
STS,5,30,-3.17,3.07,6,25.67,21.17,0,,,DELAY_LATE_AIRCRAFT|DELAY_CARRIER|DELAY_NAS
STS,6,33,-0.21,2.76,8,36.88,39.5,4,98.0,98.0,DELAY_LATE_AIRCRAFT|DELAY_NAS|DELAY_CARRIER
STS,7,47,-4.0,-2.6,6,24.17,37.0,2,119.0,127.0,DELAY_CARRIER|DELAY_LATE_AIRCRAFT|DELAY_NAS
STS,8,53,-3.19,0.19,10,30.8,29.5,3,80.0,75.33,DELAY_LATE_AIRCRAFT|DELAY_CARRIER|DELAY_NAS
STS,9,67,-4.43,-4.84,8,29.5,41.38,8,85.25,83.75,DELAY_NAS|DELAY_LATE_AIRCRAFT|DELAY_CARRIER
STS,10,48,-4.31,-3.23,12,33.92,31.92,3,104.33,103.0,DELAY_CARRIER|DELAY_LATE_AIRCRAFT|CANC_NAS
STS,11,56,-4.27,-0.88,9,30.78,26.44,11,145.82,146.18,DELAY_LATE_AIRCRAFT|DELAY_CARRIER|DELAY_NAS
STS,12,65,-4.2,-3.0,7,32.57,30.0,7,102.71,99.14,DELAY_LATE_AIRCRAFT|DELAY_CARRIER|DELAY_NAS
STT,1,68,-6.4,-4.19,8,33.75,35.75,11,109.27,102.18,DELAY_LATE_AIRCRAFT|DELAY_NAS|DELAY_CARRIER
STT,2,81,-7.0,-3.47,11,26.64,30.18,15,177.13,177.27,DELAY_LATE_AIRCRAFT|DELAY_CARRIER|DELAY_NAS
STT,3,88,-5.47,-3.84,15,28.47,31.27,16,334.12,331.81,DELAY_NAS|DELAY_LATE_AIRCRAFT|DELAY_CARRIER
STT,4,80,-5.72,-7.34,14,39.0,35.0,2,317.5,307.5,DELAY_NAS|DELAY_LATE_AIRCRAFT|CANC_CARRIER
STT,5,66,-4.32,-4.67,13,32.92,36.85,9,476.56,487.78,DELAY_NAS|DELAY_LATE_AIRCRAFT|DELAY_CARRIER
STT,6,75,-3.72,-8.89,15,37.6,33.73,7,279.29,281.71,DELAY_LATE_AIRCRAFT|DELAY_CARRIER|DELAY_NAS
STT,7,77,-4.48,-4.58,18,38.28,32.44,9,274.89,280.0,DELAY_LATE_AIRCRAFT|DELAY_NAS|DELAY_CARRIER
STT,8,54,-6.44,-12.91,11,32.91,39.18,6,217.0,204.67,DELAY_LATE_AIRCRAFT|DELAY_NAS|DELAY_CARRIER
STT,9,38,-10.18,-17.76,2,25.0,27.0,1,135.0,143.0,DELAY_LATE_AIRCRAFT|CANC_NAS|DELAY_CARRIER
STT,10,56,-9.77,-18.09,3,41.0,21.67,6,278.17,269.67,DELAY_LATE_AIRCRAFT|DELAY_CARRIER|DELAY_WEATHER
STT,11,52,-8.13,-20.58,2,35.5,40.0,3,191.67,175.33,DELAY_LATE_AIRCRAFT
STT,12,69,-7.3,-13.59,13,35.08,20.08,3,579.0,558.33,DELAY_LATE_AIRCRAFT|DELAY_NAS|DELAY_CARRIER
STX,1,23,-8.26,-1.7,6,26.17,34.67,3,617.67,623.67,DELAY_NAS|DELAY_LATE_AIRCRAFT|DELAY_CARRIER
STX,2,22,-8.18,-2.95,3,32.0,45.0,1,65.0,74.0,DELAY_NAS|CANC_WEATHER|DELAY_CARRIER
STX,3,22,-5.5,-3.27,1,20.0,2.0,6,90.5,90.33,DELAY_NAS|DELAY_LATE_AIRCRAFT|DELAY_CARRIER
STX,4,16,-3.38,-2.81,4,35.0,31.5,2,117.0,114.0,DELAY_LATE_AIRCRAFT|DELAY_NAS|CANC_WEATHER
STX,5,18,-6.39,-8.72,2,26.0,22.5,3,179.0,169.33,DELAY_LATE_AIRCRAFT|DELAY_CARRIER|DELAY_NAS
STX,6,20,-4.05,-0.7,2,38.0,46.5,5,132.4,133.4,DELAY_LATE_AIRCRAFT|DELAY_NAS|DELAY_CARRIER
STX,7,5,-6.8,-10.8,8,31.0,28.88,4,100.0,85.5,DELAY_LATE_AIRCRAFT|DELAY_CARRIER|DELAY_SECURITY
STX,8,9,-1.33,-1.78,3,36.33,23.0,1,75.0,58.0,DELAY_LATE_AIRCRAFT|DELAY_NAS
STX,9,4,1.0,1.25,1,21.0,1.0,0,,,N/D
STX,10,5,-7.8,-18.0,0,,,0,,,N/D
STX,11,10,-3.1,-11.5,3,25.33,9.67,0,,,DELAY_LATE_AIRCRAFT
STX,12,23,-5.61,-6.7,3,37.0,31.33,2,108.5,99.0,DELAY_LATE_AIRCRAFT|DELAY_NAS
SUN,1,40,-6.1,-11.65,2,25.5,61.0,4,223.0,214.75,DELAY_LATE_AIRCRAFT|DELAY_NAS|CANC_CARRIER
SUN,2,34,-5.62,-3.85,5,37.2,34.2,5,127.4,116.4,DELAY_LATE_AIRCRAFT|DELAY_CARRIER|DELAY_NAS
SUN,3,41,-5.9,-11.15,3,29.67,26.67,4,294.0,299.0,DELAY_WEATHER|DELAY_CARRIER|DELAY_NAS
SUN,4,15,-8.2,-13.53,1,34.0,20.0,0,,,DELAY_CARRIER
SUN,5,24,-10.42,-10.92,0,,,0,,,N/D
SUN,6,23,-8.91,-12.48,0,,,1,168.0,148.0,DELAY_CARRIER
SUN,7,31,-6.19,-17.06,4,30.0,31.25,3,184.67,184.0,DELAY_CARRIER|DELAY_LATE_AIRCRAFT|DELAY_NAS
SUN,8,37,-8.08,-10.27,5,45.2,28.0,4,171.5,174.75,DELAY_CARRIER|DELAY_NAS|DELAY_WEATHER
SUN,9,36,-9.06,-12.64,0,,,0,,,DELAY_CARRIER
SUN,10,18,-7.44,-16.0,1,57.0,39.0,1,102.0,118.0,DELAY_LATE_AIRCRAFT|DELAY_NAS
SUN,11,16,-7.56,-10.19,0,,,0,,,N/D
SUN,12,35,-6.69,-12.06,3,38.67,78.33,1,105.0,103.0,DELAY_NAS|DELAY_CARRIER|CANC_WEATHER
SUX,1,7,-5.86,-25.29,2,33.0,39.5,0,,,CANC_WEATHER|DELAY_LATE_AIRCRAFT
SUX,2,3,-6.33,-21.33,2,40.0,28.0,0,,,DELAY_CARRIER|DELAY_LATE_AIRCRAFT
SUX,3,8,-4.12,-0.38,0,,,3,223.33,200.67,DELAY_CARRIER|DELAY_NAS
SUX,4,12,-7.42,-17.08,0,,,0,,,N/D
SUX,5,5,-0.8,-4.8,4,25.75,20.25,2,468.0,468.0,DELAY_CARRIER|CANC_WEATHER|DELAY_WEATHER
SUX,6,13,-3.0,-6.85,1,35.0,23.0,1,364.0,352.0,DELAY_CARRIER|DELAY_NAS|DELAY_WEATHER
SUX,7,7,-6.14,1.43,1,31.0,18.0,0,,,DELAY_CARRIER|DELAY_NAS
SUX,8,8,-7.75,-7.75,2,31.5,48.0,0,,,DELAY_NAS
SUX,9,10,-9.3,1.8,1,26.0,24.0,1,170.0,157.0,DELAY_LATE_AIRCRAFT|DELAY_CARRIER|DELAY_NAS
SUX,10,9,-4.11,1.78,0,,,1,82.0,62.0,DELAY_CARRIER|DELAY_NAS
SUX,11,12,-6.25,-1.25,0,,,2,103.0,115.0,DELAY_CARRIER|DELAY_NAS|DELAY_WEATHER
SUX,12,13,-5.62,-1.69,2,25.5,13.5,2,343.0,330.5,DELAY_CARRIER|DELAY_WEATHER|CANC_WEATHER
SWF,1,3,-6.33,-3.67,0,,,0,,,DELAY_NAS
SWF,2,7,-8.29,-20.29,0,,,1,138.0,117.0,DELAY_CARRIER
SWF,3,5,-4.6,-8.0,2,38.0,53.0,0,,,DELAY_NAS|DELAY_LATE_AIRCRAFT
SWF,4,6,-2.67,-14.5,2,20.5,10.0,0,,,DELAY_LATE_AIRCRAFT
SWF,5,6,-6.67,-13.0,1,32.0,32.0,2,107.0,110.5,DELAY_CARRIER|DELAY_LATE_AIRCRAFT|DELAY_NAS
SWF,6,4,-5.0,-17.5,2,25.0,27.0,2,71.5,78.0,DELAY_WEATHER|DELAY_CARRIER|DELAY_LATE_AIRCRAFT
SWF,7,3,-19.67,-21.33,2,23.5,16.0,1,128.0,129.0,DELAY_LATE_AIRCRAFT
SWF,8,5,-3.8,-13.6,0,,,2,166.5,176.0,DELAY_LATE_AIRCRAFT|CANC_CARRIER
SWF,9,3,-7.33,-8.33,0,,,1,152.0,135.0,DELAY_CARRIER
SWF,10,5,-7.6,-24.8,3,21.0,14.67,0,,,DELAY_CARRIER
SWF,11,4,-6.25,-22.25,0,,,0,,,N/D
SWF,12,9,-3.67,-17.0,1,54.0,42.0,1,98.0,72.0,DELAY_LATE_AIRCRAFT
SWO,1,10,-6.6,-15.4,0,,,0,,,CANC_WEATHER|DELAY_CARRIER
SWO,2,9,-4.0,-18.0,0,,,0,,,N/D
SWO,3,14,-8.5,-17.07,0,,,0,,,N/D
SWO,4,11,-4.18,-9.64,0,,,1,82.0,86.0,CANC_NAS|DELAY_LATE_AIRCRAFT
SWO,5,5,-7.4,-15.4,1,50.0,31.0,3,504.0,513.33,DELAY_CARRIER|CANC_WEATHER|DELAY_NAS
SWO,6,8,-6.25,-16.75,0,,,1,465.0,463.0,DELAY_WEATHER
SWO,7,5,-5.4,-12.2,0,,,1,109.0,98.0,DELAY_CARRIER
SWO,8,14,-10.0,-17.5,2,29.5,23.5,0,,,DELAY_CARRIER|DELAY_WEATHER
SWO,9,8,-4.38,1.62,0,,,2,100.0,99.5,DELAY_CARRIER|DELAY_NAS
SWO,10,7,-10.14,-11.71,2,29.5,24.0,3,136.67,130.33,DELAY_CARRIER
SWO,11,5,-9.6,-20.2,2,21.0,17.0,2,117.5,134.0,DELAY_WEATHER|CANC_WEATHER|DELAY_CARRIER
SWO,12,14,-3.79,-18.14,2,47.0,35.0,2,366.5,356.5,DELAY_CARRIER|CANC_WEATHER
SYR,1,167,-5.49,-14.18,21,31.43,27.81,15,138.47,135.27,DELAY_NAS|DELAY_CARRIER|DELAY_LATE_AIRCRAFT
SYR,2,197,-6.0,-20.04,24,30.5,28.71,10,257.9,266.9,DELAY_LATE_AIRCRAFT|DELAY_NAS|DELAY_CARRIER
SYR,3,172,-5.34,-16.16,22,31.09,26.95,19,178.68,186.21,DELAY_LATE_AIRCRAFT|DELAY_NAS|DELAY_CARRIER
SYR,4,192,-5.39,-12.19,15,25.87,21.87,14,114.64,105.71,DELAY_CARRIER|DELAY_LATE_AIRCRAFT|DELAY_NAS
SYR,5,194,-4.26,-10.14,28,30.29,29.07,17,191.65,192.71,DELAY_LATE_AIRCRAFT|DELAY_CARRIER|DELAY_NAS
SYR,6,176,-4.86,-10.18,26,34.69,29.65,19,110.37,107.95,DELAY_LATE_AIRCRAFT|DELAY_CARRIER|DELAY_NAS
SYR,7,167,-3.48,-9.49,30,29.77,25.47,33,137.48,135.52,DELAY_LATE_AIRCRAFT|DELAY_CARRIER|DELAY_NAS
SYR,8,169,-4.07,-10.06,24,33.38,33.0,18,191.78,198.78,DELAY_LATE_AIRCRAFT|DELAY_NAS|DELAY_CARRIER
SYR,9,190,-5.73,-10.25,13,27.69,24.92,13,156.31,155.46,DELAY_NAS|DELAY_CARRIER|DELAY_LATE_AIRCRAFT
SYR,10,191,-4.55,-12.48,17,34.88,21.47,4,79.25,90.0,DELAY_CARRIER|DELAY_NAS|DELAY_LATE_AIRCRAFT
SYR,11,155,-4.75,-13.28,19,32.53,25.26,4,212.0,208.75,DELAY_CARRIER|DELAY_NAS|DELAY_LATE_AIRCRAFT
SYR,12,162,-2.93,-7.14,26,27.31,24.96,15,138.33,133.87,DELAY_NAS|DELAY_CARRIER|DELAY_LATE_AIRCRAFT
TLH,1,70,-4.64,-5.47,12,36.17,35.42,3,107.0,103.0,DELAY_LATE_AIRCRAFT|DELAY_NAS|DELAY_CARRIER
TLH,2,84,-5.0,-9.14,4,36.0,31.25,7,131.86,126.0,DELAY_LATE_AIRCRAFT|DELAY_CARRIER|DELAY_NAS
TLH,3,83,-4.71,-9.96,18,31.33,31.39,6,126.5,122.67,DELAY_LATE_AIRCRAFT|DELAY_CARRIER|DELAY_NAS
TLH,4,80,-5.06,-8.88,7,43.71,55.0,2,76.0,79.5,DELAY_NAS|DELAY_LATE_AIRCRAFT|CANC_WEATHER
TLH,5,85,-3.85,-6.88,9,29.78,24.67,16,116.19,119.44,DELAY_LATE_AIRCRAFT|DELAY_CARRIER|DELAY_NAS
TLH,6,78,-3.37,-6.87,12,31.08,27.33,6,212.67,203.17,DELAY_LATE_AIRCRAFT|DELAY_CARRIER|DELAY_WEATHER
TLH,7,68,-3.68,-4.75,10,41.3,44.5,5,409.8,429.4,DELAY_CARRIER|DELAY_LATE_AIRCRAFT|DELAY_NAS
TLH,8,88,-5.27,-9.7,12,39.17,45.5,11,146.82,143.55,DELAY_LATE_AIRCRAFT|DELAY_CARRIER|CANC_WEATHER
TLH,9,88,-5.58,-8.65,7,26.57,30.43,3,72.0,64.33,DELAY_LATE_AIRCRAFT|DELAY_NAS|DELAY_CARRIER
TLH,10,101,-5.89,-11.23,6,31.17,31.83,3,132.0,135.0,DELAY_CARRIER|DELAY_NAS|DELAY_LATE_AIRCRAFT
TLH,11,88,-4.48,-8.17,6,31.67,24.83,2,111.0,117.5,DELAY_CARRIER|DELAY_LATE_AIRCRAFT|DELAY_NAS
TLH,12,72,-4.46,-7.61,8,23.25,20.0,9,321.56,317.78,DELAY_NAS|DELAY_CARRIER|DELAY_LATE_AIRCRAFT
TOL,1,2,-2.5,-24.0,3,31.33,44.0,1,120.0,121.0,DELAY_CARRIER|DELAY_LATE_AIRCRAFT|DELAY_NAS
TOL,2,4,-3.5,-22.75,1,57.0,58.0,0,,,DELAY_LATE_AIRCRAFT
TOL,3,6,-6.17,-17.83,0,,,1,150.0,139.0,DELAY_LATE_AIRCRAFT|DELAY_NAS
TOL,4,6,-7.67,-18.17,1,56.0,61.0,1,130.0,133.0,DELAY_CARRIER|DELAY_LATE_AIRCRAFT
TOL,5,3,-5.33,-9.0,1,30.0,45.0,0,,,DELAY_LATE_AIRCRAFT
TOL,6,2,-12.5,-2.5,0,,,1,66.0,57.0,DELAY_LATE_AIRCRAFT|DELAY_WEATHER
TOL,7,4,-4.5,-11.75,1,25.0,16.0,1,253.0,246.0,DELAY_CARRIER
TOL,8,1,-16.0,-9.0,1,38.0,33.0,0,,,DELAY_WEATHER
TOL,9,1,-12.0,-23.0,0,,,0,,,N/D
TOL,10,3,-0.67,-7.33,0,,,0,,,CANC_WEATHER
TOL,11,5,-2.8,-8.2,2,22.5,25.5,0,,,DELAY_CARRIER
TOL,12,3,-8.33,-25.0,2,24.5,51.0,1,98.0,117.0,DELAY_NAS|DELAY_LATE_AIRCRAFT
TPA,1,1032,-2.48,-9.81,190,30.66,22.01,89,156.51,151.36,DELAY_LATE_AIRCRAFT|DELAY_NAS|DELAY_CARRIER
TPA,2,1073,-3.39,-7.15,120,29.9,23.02,45,213.67,211.09,DELAY_LATE_AIRCRAFT|DELAY_NAS|DELAY_CARRIER
TPA,3,1163,-2.1,-4.62,234,32.19,31.18,201,161.57,161.07,DELAY_LATE_AIRCRAFT|DELAY_NAS|DELAY_CARRIER
TPA,4,1097,-2.56,-5.79,162,30.28,25.77,76,152.57,148.11,DELAY_LATE_AIRCRAFT|DELAY_NAS|DELAY_CARRIER
TPA,5,983,-1.55,-3.46,207,29.43,30.45,163,174.97,183.44,DELAY_LATE_AIRCRAFT|DELAY_NAS|DELAY_CARRIER
TPA,6,876,-1.7,-6.79,189,30.37,26.63,127,151.76,147.64,DELAY_LATE_AIRCRAFT|DELAY_NAS|DELAY_CARRIER
TPA,7,829,-2.08,-4.98,245,32.56,30.86,168,157.42,155.32,DELAY_LATE_AIRCRAFT|DELAY_NAS|DELAY_CARRIER
TPA,8,843,-2.14,-7.95,152,31.78,28.86,141,146.79,144.65,DELAY_LATE_AIRCRAFT|DELAY_NAS|DELAY_CARRIER
TPA,9,852,-3.11,-8.04,103,30.18,25.15,57,124.25,119.25,DELAY_LATE_AIRCRAFT|CANC_WEATHER|DELAY_NAS
TPA,10,928,-3.84,-11.04,109,29.06,23.6,62,143.58,139.11,CANC_WEATHER|DELAY_LATE_AIRCRAFT|DELAY_CARRIER
TPA,11,1097,-3.51,-9.47,115,30.3,23.3,50,157.78,152.04,DELAY_LATE_AIRCRAFT|DELAY_NAS|DELAY_CARRIER
TPA,12,1064,-2.61,-9.11,195,31.39,24.88,107,123.55,124.04,DELAY_LATE_AIRCRAFT|DELAY_CARRIER|DELAY_NAS
TRI,1,25,-5.84,-12.28,4,39.75,39.25,3,112.0,109.33,DELAY_LATE_AIRCRAFT|DELAY_CARRIER|CANC_WEATHER
TRI,2,30,-5.27,-15.5,1,21.0,3.0,0,,,N/D
TRI,3,32,-5.5,-19.41,4,30.75,10.5,2,132.5,118.0,DELAY_LATE_AIRCRAFT|DELAY_WEATHER
TRI,4,31,-5.19,-12.94,0,,,1,78.0,56.0,CANC_NAS|DELAY_LATE_AIRCRAFT|DELAY_NAS
TRI,5,23,-4.61,-12.13,3,36.33,39.67,4,86.75,83.0,DELAY_CARRIER|DELAY_LATE_AIRCRAFT|CANC_WEATHER
TRI,6,35,-5.86,-12.03,3,50.0,42.67,5,101.6,90.4,DELAY_LATE_AIRCRAFT|DELAY_CARRIER|DELAY_NAS
TRI,7,35,-3.57,-10.11,3,35.67,30.33,5,138.0,148.0,DELAY_LATE_AIRCRAFT|DELAY_CARRIER|CANC_CARRIER
TRI,8,32,-5.25,-14.28,4,42.0,33.25,2,156.0,145.5,DELAY_LATE_AIRCRAFT|DELAY_NAS
TRI,9,30,-5.9,-10.87,5,34.6,28.2,0,,,DELAY_LATE_AIRCRAFT|DELAY_CARRIER|DELAY_NAS
TRI,10,46,-4.61,-15.02,2,25.5,15.0,1,77.0,58.0,DELAY_CARRIER
TRI,11,31,-5.77,-20.48,1,23.0,22.0,0,,,DELAY_WEATHER
TRI,12,31,-2.81,-11.45,7,34.14,29.86,5,197.8,186.2,DELAY_LATE_AIRCRAFT|DELAY_CARRIER|DELAY_NAS
TTN,1,32,-6.53,-6.97,6,41.83,39.83,1,75.0,88.0,DELAY_LATE_AIRCRAFT|DELAY_NAS|CANC_WEATHER
TTN,2,26,-5.08,-10.65,11,27.0,13.09,3,151.67,153.67,DELAY_LATE_AIRCRAFT|DELAY_NAS|DELAY_CARRIER
TTN,3,25,-6.12,-13.36,6,27.33,5.83,10,127.0,124.1,DELAY_LATE_AIRCRAFT|DELAY_NAS
TTN,4,26,-6.23,-16.62,4,30.25,20.0,5,78.4,89.0,DELAY_LATE_AIRCRAFT|DELAY_NAS|DELAY_CARRIER
TTN,5,21,-10.67,-20.29,6,29.33,20.67,3,125.67,115.0,DELAY_CARRIER|DELAY_LATE_AIRCRAFT|DELAY_NAS
TTN,6,21,-7.62,-17.0,1,19.0,45.0,3,121.0,112.67,DELAY_LATE_AIRCRAFT|DELAY_NAS|CANC_CARRIER
TTN,7,13,-10.31,-17.85,4,38.5,42.75,4,138.75,124.5,DELAY_LATE_AIRCRAFT|CANC_CARRIER|DELAY_CARRIER
TTN,8,20,-10.15,-18.6,2,39.0,25.5,6,126.0,116.0,DELAY_LATE_AIRCRAFT|DELAY_CARRIER|DELAY_NAS
TTN,9,15,-7.87,-14.33,0,,,0,,,CANC_CARRIER
TTN,10,4,-13.25,-28.5,2,27.0,19.0,0,,,DELAY_CARRIER|DELAY_LATE_AIRCRAFT
TTN,11,21,-9.24,-23.9,2,22.5,-7.0,1,79.0,56.0,DELAY_LATE_AIRCRAFT
TTN,12,18,-9.0,-15.83,0,,,2,120.0,120.5,CANC_WEATHER|CANC_CARRIER|DELAY_LATE_AIRCRAFT
TUL,1,189,-3.75,-6.17,24,33.46,39.17,19,206.68,211.79,DELAY_LATE_AIRCRAFT|DELAY_NAS|DELAY_CARRIER
TUL,2,233,-5.36,-9.85,18,27.33,22.89,11,165.73,153.82,DELAY_CARRIER|DELAY_NAS|DELAY_LATE_AIRCRAFT
TUL,3,211,-4.76,-10.76,17,33.29,26.76,11,143.18,140.0,DELAY_LATE_AIRCRAFT|DELAY_NAS|CANC_WEATHER
TUL,4,240,-4.81,-9.09,26,30.0,24.96,8,152.25,149.38,DELAY_CARRIER|DELAY_LATE_AIRCRAFT|DELAY_NAS
TUL,5,255,-2.29,-7.91,35,31.57,25.37,25,254.68,264.64,DELAY_LATE_AIRCRAFT|DELAY_NAS|DELAY_CARRIER
TUL,6,244,-3.2,-8.73,45,30.67,26.87,32,137.06,130.91,DELAY_LATE_AIRCRAFT|DELAY_CARRIER|DELAY_NAS
TUL,7,248,-4.08,-10.21,41,34.83,30.56,26,145.69,145.54,DELAY_LATE_AIRCRAFT|DELAY_CARRIER|DELAY_NAS
TUL,8,262,-4.65,-9.31,28,38.61,36.79,12,181.5,172.33,DELAY_LATE_AIRCRAFT|DELAY_CARRIER|DELAY_NAS
TUL,9,255,-5.6,-11.69,20,35.4,29.85,9,187.22,176.22,DELAY_LATE_AIRCRAFT|DELAY_CARRIER|DELAY_NAS
TUL,10,274,-4.93,-9.98,15,30.47,22.0,5,109.8,98.2,DELAY_NAS|DELAY_CARRIER|DELAY_LATE_AIRCRAFT
TUL,11,244,-5.29,-10.5,21,27.24,22.1,13,141.38,138.15,DELAY_LATE_AIRCRAFT|DELAY_CARRIER|DELAY_NAS
TUL,12,246,-4.44,-10.63,30,34.63,30.63,20,402.2,400.2,DELAY_LATE_AIRCRAFT|DELAY_CARRIER|DELAY_NAS
TUS,1,247,-3.72,-7.41,36,32.94,27.83,15,121.27,115.0,DELAY_LATE_AIRCRAFT|DELAY_CARRIER|DELAY_NAS
TUS,2,252,-3.61,-8.04,35,30.31,23.49,12,123.92,121.67,DELAY_LATE_AIRCRAFT|DELAY_CARRIER|DELAY_NAS
TUS,3,303,-3.6,-7.83,41,30.41,27.32,11,175.18,168.27,DELAY_LATE_AIRCRAFT|DELAY_NAS|DELAY_CARRIER
TUS,4,293,-3.2,-6.58,39,32.92,28.05,13,224.0,219.15,DELAY_LATE_AIRCRAFT|DELAY_NAS|DELAY_CARRIER
TUS,5,247,-3.58,-7.82,43,30.86,27.7,28,149.86,148.39,DELAY_LATE_AIRCRAFT|DELAY_NAS|DELAY_CARRIER
TUS,6,214,-3.3,-6.91,34,38.21,35.03,19,107.16,107.74,DELAY_CARRIER|DELAY_LATE_AIRCRAFT|DELAY_NAS
TUS,7,194,-4.23,-5.7,32,32.06,32.0,16,154.81,149.88,DELAY_LATE_AIRCRAFT|DELAY_CARRIER|DELAY_NAS
TUS,8,226,-4.75,-6.58,24,32.21,30.0,17,148.06,157.35,DELAY_CARRIER|DELAY_LATE_AIRCRAFT|DELAY_NAS
TUS,9,278,-5.09,-10.73,20,29.05,24.85,8,111.75,110.75,DELAY_LATE_AIRCRAFT|DELAY_CARRIER|DELAY_NAS
TUS,10,304,-4.16,-6.92,19,28.74,24.16,13,103.31,107.54,DELAY_CARRIER|DELAY_LATE_AIRCRAFT|DELAY_NAS
TUS,11,308,-4.84,-9.7,23,35.39,32.26,16,148.5,142.06,DELAY_CARRIER|DELAY_LATE_AIRCRAFT|DELAY_NAS
TUS,12,330,-4.58,-8.63,29,29.24,24.76,29,173.66,170.21,DELAY_CARRIER|DELAY_LATE_AIRCRAFT|DELAY_NAS
TVC,1,25,-0.96,-5.16,8,36.62,26.75,5,220.0,209.4,DELAY_LATE_AIRCRAFT|CANC_WEATHER|DELAY_CARRIER
TVC,2,38,-0.76,-15.89,2,45.0,26.0,4,99.5,94.75,DELAY_WEATHER|DELAY_LATE_AIRCRAFT|DELAY_NAS
TVC,3,38,-2.05,-11.63,0,,,4,92.25,82.75,DELAY_NAS|DELAY_CARRIER|DELAY_LATE_AIRCRAFT
TVC,4,43,-2.23,-6.33,5,29.4,20.2,3,142.67,130.33,DELAY_LATE_AIRCRAFT|DELAY_NAS|DELAY_CARRIER
TVC,5,40,-2.88,-5.12,7,32.0,37.71,4,108.75,99.5,DELAY_CARRIER|DELAY_NAS|DELAY_LATE_AIRCRAFT
TVC,6,78,-4.0,-9.51,11,33.0,25.45,8,276.62,285.0,DELAY_CARRIER|DELAY_NAS|DELAY_LATE_AIRCRAFT
TVC,7,85,-1.47,-1.12,17,33.24,33.53,7,138.14,138.71,DELAY_CARRIER|DELAY_NAS|DELAY_LATE_AIRCRAFT
TVC,8,88,-2.1,-2.5,23,29.3,28.48,11,199.45,199.27,DELAY_CARRIER|DELAY_LATE_AIRCRAFT|DELAY_NAS
TVC,9,66,-2.89,-5.17,4,36.5,21.75,2,83.0,80.0,DELAY_NAS|DELAY_CARRIER|DELAY_LATE_AIRCRAFT
TVC,10,63,-3.52,-11.63,6,25.17,22.33,2,84.0,78.5,DELAY_LATE_AIRCRAFT|DELAY_CARRIER|DELAY_NAS
TVC,11,26,-5.12,-13.0,2,31.5,15.5,2,142.0,138.5,DELAY_CARRIER|DELAY_LATE_AIRCRAFT|DELAY_WEATHER
TVC,12,44,-2.18,-0.61,12,29.17,42.58,3,138.67,149.33,DELAY_NAS|DELAY_LATE_AIRCRAFT|DELAY_CARRIER
TWF,1,11,-6.91,-6.73,1,15.0,7.0,0,,,CANC_WEATHER
TWF,2,10,-6.3,-9.1,1,25.0,26.0,0,,,DELAY_CARRIER
TWF,3,11,-7.64,-2.91,0,,,0,,,DELAY_CARRIER
TWF,4,12,-6.75,-18.17,0,,,1,112.0,101.0,DELAY_CARRIER
TWF,5,11,-6.45,-14.73,0,,,0,,,N/D
TWF,6,18,-5.89,-14.5,0,,,1,80.0,67.0,DELAY_CARRIER
TWF,7,10,-7.7,-13.6,1,40.0,40.0,1,147.0,151.0,DELAY_CARRIER
TWF,8,11,-11.09,-10.82,0,,,0,,,N/D
TWF,9,16,-6.88,-12.75,0,,,0,,,N/D
TWF,10,9,-5.78,-10.33,0,,,0,,,N/D
TWF,11,12,-3.75,-1.5,0,,,0,,,DELAY_CARRIER
TWF,12,6,-8.33,-21.67,2,35.5,20.5,1,65.0,50.0,DELAY_WEATHER|DELAY_CARRIER
TXK,1,14,-4.57,0.93,0,,,1,144.0,141.0,DELAY_CARRIER|DELAY_NAS|DELAY_WEATHER
TXK,2,12,-6.08,-8.17,4,28.0,26.5,0,,,DELAY_CARRIER|DELAY_NAS|DELAY_WEATHER
TXK,3,10,-4.8,-8.1,2,22.0,25.0,1,82.0,80.0,DELAY_LATE_AIRCRAFT|DELAY_NAS
TXK,4,5,-2.8,7.8,2,18.5,14.0,0,,,DELAY_NAS
TXK,5,10,-3.2,-7.2,1,24.0,19.0,1,110.0,127.0,DELAY_CARRIER|DELAY_NAS
TXK,6,9,-4.44,-5.56,2,29.0,19.0,2,467.5,461.5,DELAY_LATE_AIRCRAFT|DELAY_CARRIER|DELAY_NAS
TXK,7,7,-4.86,-3.29,0,,,2,98.0,88.5,DELAY_CARRIER|DELAY_LATE_AIRCRAFT|DELAY_NAS
TXK,8,8,-5.88,-7.38,0,,,0,,,N/D
TXK,9,8,-7.38,-13.75,1,17.0,-1.0,0,,,N/D
TXK,10,11,-6.36,-12.73,0,,,1,253.0,272.0,DELAY_WEATHER
TXK,11,6,-8.33,-19.67,3,38.33,29.67,0,,,DELAY_CARRIER|DELAY_LATE_AIRCRAFT
TXK,12,16,-6.25,-15.56,0,,,2,263.0,260.0,DELAY_CARRIER|DELAY_WEATHER
TYR,1,12,-3.25,-0.92,0,,,4,405.0,433.75,CANC_WEATHER|DELAY_NAS|DELAY_CARRIER
TYR,2,17,-6.59,-16.35,0,,,2,257.5,246.5,DELAY_CARRIER|DELAY_LATE_AIRCRAFT
TYR,3,16,-6.06,-15.88,1,16.0,-7.0,3,143.0,136.67,DELAY_CARRIER|DELAY_NAS|DELAY_WEATHER
TYR,4,10,-5.6,2.7,1,26.0,22.0,1,102.0,98.0,DELAY_WEATHER|DELAY_NAS
TYR,5,19,-6.21,-7.79,0,,,1,105.0,89.0,DELAY_CARRIER|DELAY_NAS
TYR,6,12,-6.75,-16.17,0,,,2,317.0,312.0,CANC_WEATHER|DELAY_CARRIER|DELAY_WEATHER
TYR,7,11,-3.09,-10.55,3,28.67,23.33,1,103.0,96.0,DELAY_LATE_AIRCRAFT|DELAY_CARRIER
TYR,8,20,-7.3,-13.9,0,,,2,118.5,118.0,DELAY_CARRIER
TYR,9,21,-1.81,-8.57,3,20.0,15.33,0,,,DELAY_NAS|DELAY_LATE_AIRCRAFT
TYR,10,9,-8.22,-11.56,2,34.5,24.0,2,83.0,73.5,DELAY_CARRIER|DELAY_LATE_AIRCRAFT
TYR,11,14,-2.71,-8.0,1,52.0,42.0,2,156.0,139.0,DELAY_CARRIER|CANC_WEATHER
TYR,12,12,-4.75,-8.0,1,43.0,21.0,0,,,DELAY_CARRIER
TYS,1,175,-5.9,-11.15,29,30.69,21.76,11,386.82,395.64,DELAY_NAS|DELAY_LATE_AIRCRAFT|DELAY_CARRIER
TYS,2,205,-6.44,-13.28,20,30.7,20.9,7,150.86,144.71,DELAY_LATE_AIRCRAFT|DELAY_CARRIER|DELAY_NAS
TYS,3,198,-6.24,-13.54,25,33.6,29.8,19,193.47,192.26,DELAY_LATE_AIRCRAFT|DELAY_CARRIER|DELAY_NAS
TYS,4,240,-5.92,-10.6,26,30.73,31.27,15,172.53,163.6,DELAY_LATE_AIRCRAFT|DELAY_NAS|DELAY_CARRIER
TYS,5,191,-4.03,-7.47,36,34.03,33.81,28,205.57,203.64,DELAY_LATE_AIRCRAFT|DELAY_NAS|DELAY_CARRIER
TYS,6,214,-4.42,-10.68,31,30.74,24.74,17,175.82,173.94,DELAY_CARRIER|DELAY_LATE_AIRCRAFT|DELAY_NAS
TYS,7,224,-5.14,-11.28,29,34.14,33.07,35,163.54,162.26,DELAY_LATE_AIRCRAFT|DELAY_CARRIER|DELAY_NAS
TYS,8,246,-6.23,-10.59,23,31.57,32.65,29,197.1,190.03,DELAY_LATE_AIRCRAFT|DELAY_CARRIER|DELAY_NAS
TYS,9,221,-5.55,-11.01,34,33.5,27.06,15,217.93,213.93,DELAY_LATE_AIRCRAFT|DELAY_CARRIER|DELAY_NAS
TYS,10,303,-5.5,-11.73,27,29.15,21.74,15,137.73,134.8,DELAY_LATE_AIRCRAFT|DELAY_NAS|DELAY_CARRIER
TYS,11,249,-5.96,-12.89,15,27.33,22.53,10,194.7,191.3,DELAY_LATE_AIRCRAFT|DELAY_NAS|DELAY_CARRIER
TYS,12,245,-4.84,-13.25,45,32.96,23.62,15,279.33,274.8,DELAY_LATE_AIRCRAFT|DELAY_NAS|DELAY_CARRIER
USA,1,8,-6.5,-12.12,3,38.0,30.33,1,66.0,124.0,DELAY_LATE_AIRCRAFT
USA,2,6,-4.0,-10.5,1,55.0,37.0,0,,,CANC_CARRIER|DELAY_LATE_AIRCRAFT
USA,3,10,-5.1,-7.4,4,34.25,34.25,3,110.33,114.0,DELAY_LATE_AIRCRAFT|DELAY_NAS|CANC_CARRIER
USA,4,13,-7.54,-17.69,1,17.0,7.0,1,145.0,162.0,CANC_NAS|DELAY_LATE_AIRCRAFT
USA,5,3,1.33,-1.33,1,49.0,44.0,3,116.67,108.33,DELAY_LATE_AIRCRAFT|DELAY_CARRIER
USA,6,5,-1.8,-5.0,2,29.0,22.0,1,119.0,114.0,DELAY_CARRIER|DELAY_LATE_AIRCRAFT
USA,7,4,4.0,13.75,1,18.0,8.0,2,354.5,386.5,DELAY_LATE_AIRCRAFT|CANC_CARRIER|DELAY_NAS
USA,8,4,-4.25,-7.0,2,27.5,14.5,1,150.0,138.0,CANC_WEATHER|DELAY_CARRIER|DELAY_LATE_AIRCRAFT
USA,9,5,-7.0,-2.8,0,,,0,,,DELAY_WEATHER
USA,10,8,-8.38,-15.88,1,39.0,43.0,1,191.0,189.0,DELAY_LATE_AIRCRAFT|CANC_WEATHER
USA,11,6,-4.33,-10.5,3,28.33,22.33,0,,,DELAY_LATE_AIRCRAFT
USA,12,8,-3.25,-10.62,4,25.25,19.25,5,152.8,150.0,DELAY_LATE_AIRCRAFT|DELAY_CARRIER
VCT,1,7,-7.71,-16.86,1,52.0,42.0,0,,,DELAY_LATE_AIRCRAFT
VCT,2,12,-9.92,-16.42,0,,,0,,,N/D
VCT,3,10,-6.9,-13.6,1,21.0,37.0,0,,,DELAY_LATE_AIRCRAFT
VCT,4,10,-7.0,-16.2,0,,,0,,,N/D
VCT,5,10,-4.3,-10.7,0,,,0,,,CANC_WEATHER
VCT,6,8,-8.0,-11.5,0,,,0,,,N/D
VCT,7,10,-3.8,-12.2,1,58.0,61.0,0,,,CANC_WEATHER|DELAY_LATE_AIRCRAFT
VCT,8,11,-8.09,-16.55,1,28.0,23.0,1,396.0,389.0,DELAY_LATE_AIRCRAFT
VCT,9,6,-11.33,-13.33,0,,,2,370.0,383.0,DELAY_CARRIER
VCT,10,6,-5.83,-4.67,0,,,0,,,DELAY_CARRIER
VCT,11,6,-5.83,-18.5,0,,,2,152.0,144.0,DELAY_CARRIER|DELAY_LATE_AIRCRAFT
VCT,12,9,-2.33,-7.67,1,29.0,22.0,0,,,DELAY_LATE_AIRCRAFT
VEL,1,12,-9.25,-21.25,0,,,0,,,N/D
VLD,1,9,-5.67,-15.67,1,57.0,50.0,1,108.0,99.0,DELAY_CARRIER|DELAY_LATE_AIRCRAFT
VLD,2,7,-4.0,-13.29,1,49.0,53.0,1,79.0,64.0,DELAY_LATE_AIRCRAFT|DELAY_WEATHER
VLD,3,12,-4.17,-4.92,1,27.0,27.0,1,281.0,300.0,DELAY_CARRIER|DELAY_WEATHER
VLD,4,14,-2.43,-5.5,0,,,0,,,DELAY_CARRIER
VLD,5,12,-2.58,-5.92,3,36.0,37.33,0,,,DELAY_LATE_AIRCRAFT|DELAY_CARRIER
VLD,6,14,-5.36,-8.57,1,32.0,37.0,1,66.0,58.0,DELAY_LATE_AIRCRAFT|DELAY_NAS
VLD,7,15,-4.93,-10.27,0,,,2,159.5,177.0,CANC_CARRIER|CANC_NAS|DELAY_LATE_AIRCRAFT
VLD,8,7,-5.0,-8.0,0,,,0,,,CANC_NAS|DELAY_NAS
VLD,9,12,-2.67,-0.83,0,,,0,,,DELAY_NAS|CANC_WEATHER
VLD,10,17,-3.88,-6.59,1,57.0,67.0,1,342.0,358.0,DELAY_LATE_AIRCRAFT|DELAY_NAS|DELAY_WEATHER
VLD,11,18,-5.06,-10.5,1,37.0,29.0,0,,,DELAY_NAS|DELAY_CARRIER
VLD,12,9,-2.0,-11.0,2,34.0,50.0,1,122.0,104.0,DELAY_LATE_AIRCRAFT|DELAY_NAS
VPS,1,89,-5.87,-12.33,13,37.85,33.77,9,245.56,242.56,DELAY_LATE_AIRCRAFT|DELAY_CARRIER|DELAY_NAS
VPS,2,106,-5.13,-8.89,2,20.5,30.5,5,138.8,130.0,DELAY_NAS|DELAY_LATE_AIRCRAFT|DELAY_CARRIER
VPS,3,115,-5.45,-10.18,15,34.87,30.07,10,203.5,203.6,DELAY_LATE_AIRCRAFT|DELAY_NAS|DELAY_CARRIER
VPS,4,126,-4.98,-11.05,28,30.82,24.46,9,114.44,117.22,DELAY_LATE_AIRCRAFT|DELAY_CARRIER|DELAY_NAS
VPS,5,122,-2.8,-7.17,32,31.34,26.12,28,152.68,156.07,DELAY_LATE_AIRCRAFT|DELAY_CARRIER|DELAY_NAS
VPS,6,172,-5.26,-11.22,34,31.53,31.21,18,97.89,94.89,DELAY_LATE_AIRCRAFT|DELAY_CARRIER|DELAY_NAS
VPS,7,168,-3.99,-8.91,34,35.97,31.68,25,149.76,154.28,DELAY_LATE_AIRCRAFT|DELAY_CARRIER|DELAY_NAS
VPS,8,154,-4.89,-10.01,26,32.27,35.35,11,79.55,73.09,DELAY_LATE_AIRCRAFT|DELAY_CARRIER|DELAY_NAS
VPS,9,131,-4.72,-9.66,10,31.8,28.6,4,74.75,62.5,DELAY_LATE_AIRCRAFT|DELAY_NAS|CANC_CARRIER
VPS,10,159,-5.01,-7.85,8,28.12,18.62,4,317.5,315.0,DELAY_NAS|DELAY_CARRIER|DELAY_LATE_AIRCRAFT
VPS,11,116,-4.97,-9.77,10,32.1,25.5,4,218.75,225.5,DELAY_LATE_AIRCRAFT|DELAY_NAS|CANC_WEATHER
VPS,12,98,-2.53,-7.67,12,27.17,28.75,11,157.36,158.55,DELAY_LATE_AIRCRAFT|DELAY_NAS|DELAY_CARRIER
WRG,1,5,-10.2,-11.2,1,21.0,19.0,2,81.0,78.0,DELAY_LATE_AIRCRAFT|CANC_CARRIER|DELAY_CARRIER
WRG,2,13,-13.46,-18.23,0,,,0,,,CANC_WEATHER
WRG,3,15,-12.87,-15.73,0,,,0,,,N/D
WRG,4,6,-10.83,-15.83,0,,,0,,,CANC_CARRIER
WRG,5,10,-3.3,-8.0,2,35.0,33.0,0,,,DELAY_LATE_AIRCRAFT|DELAY_NAS
WRG,6,12,-8.5,-12.33,0,,,0,,,N/D
WRG,7,14,-2.36,-4.5,0,,,0,,,N/D
WRG,8,12,-8.92,-11.0,3,24.33,21.67,0,,,DELAY_LATE_AIRCRAFT|DELAY_WEATHER
WRG,9,8,-7.12,-7.62,1,22.0,17.0,1,189.0,191.0,DELAY_LATE_AIRCRAFT
WRG,10,10,-11.8,-14.8,1,37.0,27.0,0,,,DELAY_CARRIER
WRG,11,10,-7.7,-8.3,2,23.5,34.5,0,,,CANC_CARRIER|DELAY_LATE_AIRCRAFT
WRG,12,10,-10.7,-10.2,0,,,0,,,CANC_WEATHER
WYS,5,9,-7.67,-13.56,1,32.0,14.0,0,,,N/D
WYS,6,5,-7.6,-14.2,0,,,2,210.5,199.0,DELAY_CARRIER|CANC_WEATHER
WYS,7,9,-3.44,-4.11,3,29.67,28.67,0,,,DELAY_CARRIER
WYS,8,20,-8.7,-12.05,1,15.0,13.0,0,,,N/D
WYS,9,11,-9.55,-15.18,0,,,4,141.75,134.5,DELAY_CARRIER|DELAY_LATE_AIRCRAFT|DELAY_WEATHER
WYS,10,3,-10.67,-16.0,0,,,0,,,N/D
XNA,1,147,-4.41,-4.63,22,35.64,49.0,23,179.87,193.48,DELAY_NAS|DELAY_LATE_AIRCRAFT|DELAY_WEATHER
XNA,2,158,-5.63,-8.28,18,24.94,20.22,7,428.86,422.14,DELAY_NAS|DELAY_LATE_AIRCRAFT|DELAY_CARRIER
XNA,3,187,-4.75,-10.44,18,25.83,22.17,13,108.23,113.31,DELAY_LATE_AIRCRAFT|DELAY_CARRIER|DELAY_NAS
XNA,4,196,-4.21,-9.16,18,32.28,23.67,14,164.07,157.93,DELAY_CARRIER|DELAY_LATE_AIRCRAFT|DELAY_NAS
XNA,5,158,-4.27,-8.25,35,30.2,31.03,21,154.76,161.14,DELAY_LATE_AIRCRAFT|DELAY_NAS|DELAY_CARRIER
XNA,6,200,-4.68,-9.86,31,33.19,27.74,18,160.89,156.67,DELAY_LATE_AIRCRAFT|DELAY_CARRIER|DELAY_NAS
XNA,7,176,-2.56,-5.36,39,31.44,29.36,27,134.96,130.33,DELAY_CARRIER|DELAY_LATE_AIRCRAFT|DELAY_NAS
XNA,8,212,-4.97,-8.53,31,30.77,27.39,8,149.38,139.88,DELAY_NAS|DELAY_LATE_AIRCRAFT|DELAY_CARRIER
XNA,9,218,-4.68,-9.43,17,29.88,30.35,14,196.36,192.86,DELAY_NAS|DELAY_CARRIER|DELAY_LATE_AIRCRAFT
XNA,10,241,-4.47,-8.68,13,30.85,17.23,4,116.5,112.25,DELAY_CARRIER|DELAY_LATE_AIRCRAFT|DELAY_NAS
XNA,11,207,-3.53,-7.5,21,31.95,26.19,12,108.25,119.67,DELAY_LATE_AIRCRAFT|DELAY_CARRIER|DELAY_NAS
XNA,12,214,-3.68,-10.77,34,34.12,27.65,16,124.81,119.56,DELAY_LATE_AIRCRAFT|DELAY_CARRIER|DELAY_NAS
XWA,1,20,-3.5,-15.9,4,32.0,30.25,1,169.0,145.0,CANC_WEATHER|DELAY_LATE_AIRCRAFT|DELAY_NAS
XWA,2,18,-7.5,-22.78,5,36.8,42.8,2,129.0,128.0,DELAY_CARRIER|CANC_WEATHER|DELAY_NAS
XWA,3,34,-4.18,-13.71,1,40.0,15.0,2,222.0,195.0,DELAY_CARRIER|DELAY_NAS|CANC_WEATHER
XWA,4,33,-6.97,-19.39,1,22.0,-1.0,2,112.5,126.0,DELAY_CARRIER|DELAY_LATE_AIRCRAFT
XWA,5,39,-5.62,-10.62,2,26.0,22.0,1,144.0,130.0,DELAY_NAS|CANC_WEATHER|DELAY_CARRIER
XWA,6,24,-3.67,-1.83,4,36.0,35.25,3,319.33,310.33,DELAY_CARRIER|DELAY_NAS|DELAY_LATE_AIRCRAFT
XWA,7,20,-5.0,-5.5,3,29.0,40.33,2,136.0,126.0,DELAY_CARRIER|DELAY_NAS|DELAY_LATE_AIRCRAFT
XWA,8,21,-5.76,-6.81,3,25.67,47.67,2,78.5,71.5,DELAY_CARRIER|DELAY_NAS|DELAY_WEATHER
XWA,9,27,-6.37,-14.63,0,,,0,,,DELAY_CARRIER
XWA,10,31,-7.03,-17.61,2,47.5,34.0,2,568.0,570.0,DELAY_CARRIER|DELAY_LATE_AIRCRAFT
XWA,11,20,-4.55,-9.45,3,21.67,20.33,5,145.8,149.0,DELAY_CARRIER|DELAY_WEATHER|DELAY_NAS
XWA,12,23,-1.52,-1.61,3,29.0,23.33,4,294.25,275.75,DELAY_CARRIER|DELAY_LATE_AIRCRAFT|DELAY_NAS
YAK,1,11,-19.36,-18.27,3,46.67,47.0,0,,,DELAY_LATE_AIRCRAFT|CANC_WEATHER|DELAY_NAS
YAK,2,12,-16.75,-13.08,0,,,0,,,DELAY_NAS
YAK,3,8,-20.62,-16.0,2,35.0,32.0,1,152.0,151.0,DELAY_LATE_AIRCRAFT
YAK,4,9,-11.78,-14.0,1,31.0,19.0,1,222.0,231.0,DELAY_LATE_AIRCRAFT|DELAY_NAS
YAK,5,12,-10.75,-11.92,0,,,0,,,N/D
YAK,6,11,-13.91,-15.36,0,,,0,,,N/D
YAK,7,16,-6.88,-9.25,2,27.0,37.5,0,,,DELAY_CARRIER|DELAY_LATE_AIRCRAFT|DELAY_NAS
YAK,8,9,-14.22,-17.44,1,37.0,25.0,2,111.0,110.0,DELAY_LATE_AIRCRAFT|CANC_CARRIER|DELAY_NAS
YAK,9,9,-8.22,-8.44,0,,,0,,,N/D
YAK,10,13,-14.69,-16.62,1,20.0,21.0,1,88.0,78.0,DELAY_LATE_AIRCRAFT
YAK,11,16,-17.31,-19.69,1,46.0,40.0,1,80.0,77.0,DELAY_LATE_AIRCRAFT
YAK,12,10,-18.2,-17.3,2,46.0,41.0,0,,,DELAY_LATE_AIRCRAFT|CANC_WEATHER
YUM,1,24,-5.75,-5.92,3,29.33,31.0,4,207.5,206.75,DELAY_CARRIER|DELAY_NAS
YUM,2,28,-6.14,-10.46,1,18.0,16.0,0,,,DELAY_CARRIER|DELAY_LATE_AIRCRAFT
YUM,3,19,-4.42,-9.37,1,43.0,40.0,3,230.33,239.67,DELAY_CARRIER|DELAY_NAS|DELAY_WEATHER
YUM,4,31,-4.32,-6.48,0,,,1,1128.0,1111.0,DELAY_CARRIER
YUM,5,25,-3.44,-7.36,5,37.8,33.8,1,72.0,69.0,DELAY_CARRIER|CANC_WEATHER|DELAY_LATE_AIRCRAFT
YUM,6,17,-5.71,-5.0,2,35.0,40.0,2,220.0,210.5,DELAY_LATE_AIRCRAFT|DELAY_CARRIER
YUM,7,21,-4.38,-4.33,2,36.5,40.0,1,328.0,328.0,DELAY_LATE_AIRCRAFT|DELAY_CARRIER|DELAY_NAS
YUM,8,42,-6.5,-5.5,2,37.5,29.5,0,,,DELAY_LATE_AIRCRAFT|DELAY_NAS|DELAY_CARRIER
YUM,9,27,-6.78,-13.26,1,17.0,-2.0,3,472.33,479.67,DELAY_CARRIER|DELAY_LATE_AIRCRAFT
YUM,10,27,-2.89,-4.22,1,41.0,43.0,1,64.0,63.0,DELAY_CARRIER|DELAY_NAS
YUM,11,32,-5.88,-12.38,1,31.0,30.0,3,465.67,461.67,DELAY_LATE_AIRCRAFT|DELAY_CARRIER
YUM,12,35,-5.89,-8.66,3,45.33,37.33,3,216.67,210.0,DELAY_CARRIER|DELAY_NAS
