aeroporto,mese,voli_ritardo_basso,ritardo_medio_dep_basso,ritardo_medio_arr_basso,voli_ritardo_medio,ritardo_medio_dep_medio,ritardo_medio_arr_medio,voli_ritardo_alto,ritardo_medio_dep_alto,ritardo_medio_arr_alto,top_3_cause_ritardo_canc
ABE,1,134,-6.14,-14.84,15,37.33,31.6,12,215.33,211.25,DELAY_LATE_AIRCRAFT|DELAY_NAS|DELAY_CARRIER
ABE,2,158,-6.07,-19.75,7,30.29,13.86,7,179.57,170.43,DELAY_CARRIER|DELAY_LATE_AIRCRAFT|DELAY_NAS
ABE,3,161,-6.43,-17.64,11,32.18,17.18,15,183.33,166.93,DELAY_CARRIER|DELAY_LATE_AIRCRAFT|DELAY_NAS
ABE,4,151,-6.44,-16.7,14,31.0,27.79,8,432.0,423.38,DELAY_LATE_AIRCRAFT|DELAY_CARRIER|DELAY_NAS
ABE,5,170,-6.13,-12.99,12,28.5,26.08,20,208.8,201.1,DELAY_LATE_AIRCRAFT|DELAY_CARRIER|DELAY_NAS
ABE,6,175,-6.94,-15.75,17,25.41,11.82,23,190.83,189.87,DELAY_CARRIER|DELAY_LATE_AIRCRAFT|DELAY_NAS
ABE,7,139,-6.3,-10.43,14,34.07,29.71,17,109.47,103.24,DELAY_LATE_AIRCRAFT|DELAY_CARRIER|DELAY_NAS
ABE,8,139,-6.9,-14.63,22,30.05,24.82,13,140.69,134.46,DELAY_LATE_AIRCRAFT|DELAY_NAS|DELAY_CARRIER
ABE,9,139,-7.42,-16.53,13,34.69,27.77,4,237.5,236.25,DELAY_LATE_AIRCRAFT|DELAY_CARRIER|DELAY_WEATHER
ABE,10,144,-6.04,-17.22,16,26.31,10.94,8,226.0,219.25,CANC_WEATHER|DELAY_CARRIER|DELAY_LATE_AIRCRAFT
ABE,11,133,-6.23,-16.74,11,33.64,26.45,3,217.67,210.67,DELAY_CARRIER|DELAY_LATE_AIRCRAFT|DELAY_NAS
ABE,12,140,-4.15,-11.96,15,33.8,25.53,13,234.31,226.85,DELAY_LATE_AIRCRAFT|DELAY_CARRIER|DELAY_NAS
ABI,1,59,-5.93,-4.17,7,42.43,43.29,5,116.4,129.0,DELAY_LATE_AIRCRAFT|DELAY_NAS|DELAY_WEATHER
ABI,2,65,-7.03,-7.71,3,37.33,35.67,1,99.0,88.0,DELAY_CARRIER|DELAY_LATE_AIRCRAFT|DELAY_NAS
ABI,3,71,-5.01,-8.8,7,22.86,30.0,5,127.2,130.4,DELAY_LATE_AIRCRAFT|DELAY_CARRIER|DELAY_NAS
ABI,4,51,-4.98,-10.06,8,32.5,29.88,9,108.78,105.33,DELAY_LATE_AIRCRAFT|DELAY_WEATHER|DELAY_NAS
ABI,5,47,-3.06,-7.23,19,28.84,28.26,12,173.0,181.17,DELAY_LATE_AIRCRAFT|DELAY_CARRIER|DELAY_WEATHER
ABI,6,49,-4.16,-9.63,3,27.0,20.67,6,96.83,84.0,DELAY_LATE_AIRCRAFT|DELAY_NAS|DELAY_CARRIER
ABI,7,63,-4.38,-8.43,10,30.4,38.0,5,95.6,90.0,DELAY_LATE_AIRCRAFT|DELAY_NAS|DELAY_CARRIER
ABI,8,73,-6.38,-9.38,5,22.0,17.6,2,91.5,89.5,DELAY_LATE_AIRCRAFT|DELAY_NAS
ABI,9,65,-5.29,-7.82,9,28.78,20.56,3,119.0,113.0,DELAY_LATE_AIRCRAFT|DELAY_NAS|DELAY_CARRIER
ABI,10,65,-5.68,-13.2,3,32.0,32.0,1,257.0,247.0,DELAY_CARRIER|DELAY_LATE_AIRCRAFT
ABI,11,62,-4.45,-8.81,6,31.83,26.0,4,110.25,112.25,DELAY_WEATHER|DELAY_LATE_AIRCRAFT|DELAY_CARRIER
ABI,12,71,-3.66,-5.48,3,36.0,28.33,7,112.86,115.71,DELAY_LATE_AIRCRAFT|DELAY_CARRIER|DELAY_NAS
ABQ,1,733,-2.99,-8.14,104,30.13,23.83,64,157.09,153.25,DELAY_LATE_AIRCRAFT|DELAY_NAS|DELAY_CARRIER
ABQ,2,730,-2.83,-8.13,81,30.75,28.32,29,147.28,147.31,DELAY_LATE_AIRCRAFT|DELAY_NAS|DELAY_CARRIER
ABQ,3,762,-2.53,-9.02,131,31.44,26.16,50,179.6,179.96,DELAY_LATE_AIRCRAFT|DELAY_NAS|DELAY_CARRIER
ABQ,4,762,-2.41,-8.44,129,31.99,26.02,46,124.24,125.63,DELAY_LATE_AIRCRAFT|DELAY_CARRIER|DELAY_NAS
ABQ,5,776,-1.82,-7.46,154,32.05,27.05,73,196.73,196.03,DELAY_LATE_AIRCRAFT|DELAY_CARRIER|DELAY_NAS
ABQ,6,829,-2.23,-7.16,139,30.22,24.81,71,159.92,156.1,DELAY_LATE_AIRCRAFT|DELAY_CARRIER|DELAY_NAS
ABQ,7,778,-2.39,-7.97,144,32.13,28.04,96,147.57,146.44,DELAY_LATE_AIRCRAFT|DELAY_CARRIER|DELAY_NAS
ABQ,8,819,-3.32,-8.15,103,31.35,29.12,80,138.53,136.26,DELAY_LATE_AIRCRAFT|DELAY_CARRIER|DELAY_NAS
ABQ,9,889,-4.09,-10.22,113,27.56,21.17,32,120.72,117.97,DELAY_LATE_AIRCRAFT|DELAY_CARRIER|DELAY_NAS
ABQ,10,1024,-2.89,-7.74,106,27.82,22.96,39,134.49,131.46,DELAY_CARRIER|DELAY_LATE_AIRCRAFT|DELAY_NAS
ABQ,11,853,-3.34,-6.98,97,30.58,28.85,34,131.5,131.35,DELAY_LATE_AIRCRAFT|DELAY_NAS|DELAY_CARRIER
ABQ,12,848,-3.35,-9.52,117,30.29,22.97,45,148.76,154.58,DELAY_LATE_AIRCRAFT|DELAY_CARRIER|DELAY_NAS
ABR,1,24,-3.88,-13.42,3,23.0,8.0,4,142.75,129.0,DELAY_CARRIER|DELAY_WEATHER|CANC_WEATHER
ABR,2,28,-4.5,-23.61,2,34.5,12.0,2,321.0,304.5,DELAY_WEATHER|DELAY_CARRIER
ABR,3,23,-3.78,-23.43,2,33.0,23.0,1,330.0,299.0,DELAY_CARRIER|DELAY_WEATHER
ABR,4,22,-5.5,-14.45,0,,,2,446.0,424.0,DELAY_CARRIER|DELAY_WEATHER
ABR,5,24,-4.38,-9.88,2,48.0,45.5,3,172.67,160.33,DELAY_CARRIER|DELAY_WEATHER
ABR,6,23,-3.61,1.04,3,26.33,25.33,4,461.5,452.0,DELAY_CARRIER|DELAY_WEATHER|DELAY_NAS
ABR,7,29,-2.31,-9.34,4,36.25,31.5,5,146.4,153.8,DELAY_CARRIER|DELAY_WEATHER|DELAY_NAS
ABR,8,29,-3.38,-8.41,5,22.6,31.8,4,217.5,225.75,DELAY_CARRIER|DELAY_WEATHER|DELAY_NAS
ABR,9,27,-4.96,-16.7,0,,,2,147.5,138.5,DELAY_CARRIER
ABR,10,20,-5.3,-16.8,2,58.0,53.5,1,62.0,40.0,DELAY_CARRIER|DELAY_WEATHER
ABR,11,28,-4.93,-12.18,2,33.5,21.0,3,106.0,90.0,DELAY_CARRIER
ABR,12,22,-3.73,-10.23,2,28.5,31.0,8,384.0,378.0,DELAY_CARRIER|CANC_WEATHER|DELAY_WEATHER
ABY,1,22,-5.5,-10.32,2,24.5,28.0,3,394.67,392.0,DELAY_CARRIER
ABY,2,21,-6.14,-9.57,3,26.33,16.33,2,215.0,225.0,DELAY_CARRIER
ABY,3,26,-4.62,-8.42,1,29.0,25.0,1,214.0,211.0,DELAY_CARRIER|DELAY_WEATHER
ABY,4,18,-4.61,-7.44,5,36.0,40.2,1,95.0,103.0,DELAY_CARRIER|DELAY_WEATHER
ABY,5,21,-5.62,-0.05,4,41.75,44.5,4,88.75,85.75,DELAY_CARRIER|DELAY_NAS|DELAY_WEATHER
ABY,6,25,-4.8,-6.0,2,43.0,36.0,1,61.0,50.0,DELAY_CARRIER
ABY,7,14,-5.86,0.21,4,24.0,24.5,8,179.38,177.63,DELAY_CARRIER|DELAY_WEATHER|CANC_CARRIER
ABY,8,26,-4.73,-6.81,6,23.83,15.0,3,116.67,118.0,DELAY_CARRIER|CANC_WEATHER
ABY,9,27,-7.22,-7.85,3,37.0,28.0,2,126.5,115.0,DELAY_CARRIER|DELAY_NAS|DELAY_WEATHER
ABY,10,33,-6.45,-9.91,1,58.0,42.0,0,,,DELAY_CARRIER
ABY,11,34,-6.97,-7.71,1,18.0,16.0,1,167.0,171.0,DELAY_CARRIER|DELAY_WEATHER
ABY,12,29,-7.28,-15.07,3,26.67,24.33,10,156.1,151.0,DELAY_CARRIER|DELAY_LATE_AIRCRAFT|DELAY_WEATHER
ACK,5,50,-10.32,-12.4,6,34.17,33.83,6,178.5,180.17,DELAY_LATE_AIRCRAFT|CANC_WEATHER|DELAY_NAS
ACK,6,116,-9.0,-13.75,14,35.07,36.29,16,182.44,191.06,DELAY_LATE_AIRCRAFT|DELAY_NAS|CANC_WEATHER
ACK,7,170,-7.39,-11.26,33,34.85,34.15,19,135.37,143.53,DELAY_NAS|DELAY_LATE_AIRCRAFT|DELAY_CARRIER
ACK,8,175,-6.07,-5.63,12,34.33,36.0,20,147.6,145.85,DELAY_LATE_AIRCRAFT|DELAY_NAS|CANC_NAS
ACK,9,77,-9.35,-11.51,6,36.5,31.83,4,115.75,117.75,DELAY_LATE_AIRCRAFT|DELAY_NAS|CANC_CARRIER
ACK,10,29,-9.07,-13.34,1,44.0,39.0,2,185.5,178.5,DELAY_LATE_AIRCRAFT|DELAY_NAS
ACT,1,36,-6.33,-8.03,8,35.63,36.0,5,432.2,423.6,DELAY_CARRIER|CANC_WEATHER|DELAY_LATE_AIRCRAFT
ACT,2,35,-4.14,-4.26,1,23.0,48.0,2,79.5,66.0,DELAY_NAS|DELAY_CARRIER|DELAY_WEATHER
ACT,3,47,-3.32,-4.85,3,43.0,41.33,3,79.0,75.67,DELAY_LATE_AIRCRAFT|DELAY_NAS|CANC_WEATHER
ACT,4,32,-3.56,-0.28,3,37.33,34.0,2,131.5,138.0,DELAY_NAS|DELAY_LATE_AIRCRAFT|DELAY_CARRIER
ACT,5,34,-7.18,-9.94,3,36.0,30.0,6,210.17,207.33,DELAY_CARRIER|CANC_WEATHER|DELAY_WEATHER
ACT,6,23,-4.61,-2.87,9,33.56,28.33,9,92.56,92.22,DELAY_LATE_AIRCRAFT|DELAY_CARRIER|DELAY_NAS
ACT,7,35,-5.34,-4.71,1,54.0,64.0,3,124.0,134.67,DELAY_CARRIER|DELAY_WEATHER|DELAY_NAS
ACT,8,36,-4.03,-0.56,5,36.2,35.8,3,78.0,85.0,DELAY_LATE_AIRCRAFT|DELAY_CARRIER|DELAY_NAS
ACT,9,26,-3.23,-4.81,5,29.0,29.2,1,84.0,74.0,DELAY_LATE_AIRCRAFT|DELAY_CARRIER|DELAY_WEATHER
ACT,10,29,-6.17,-6.52,6,31.17,33.0,8,128.25,124.5,DELAY_CARRIER|DELAY_LATE_AIRCRAFT|DELAY_NAS
ACT,11,32,-4.44,-5.63,6,38.67,34.67,1,70.0,66.0,DELAY_CARRIER|DELAY_LATE_AIRCRAFT|CANC_WEATHER
ACT,12,27,-4.33,-4.52,6,37.33,39.67,6,106.67,116.33,DELAY_CARRIER|CANC_WEATHER|DELAY_WEATHER
ACV,1,54,-5.3,-8.74,6,31.83,20.83,8,164.38,161.75,DELAY_LATE_AIRCRAFT|DELAY_NAS|CANC_WEATHER
ACV,2,55,-5.56,-7.44,12,35.08,40.75,6,323.5,319.5,DELAY_CARRIER|DELAY_LATE_AIRCRAFT|DELAY_NAS
ACV,3,45,-5.76,-7.8,18,28.78,27.61,5,137.0,137.4,DELAY_NAS|DELAY_LATE_AIRCRAFT|DELAY_CARRIER
ACV,4,51,-4.2,-8.25,8,29.75,46.88,8,168.38,168.5,DELAY_NAS|DELAY_CARRIER|DELAY_LATE_AIRCRAFT
ACV,5,52,-3.69,-8.77,8,30.75,30.25,4,188.75,200.0,DELAY_NAS|DELAY_CARRIER|DELAY_LATE_AIRCRAFT
ACV,6,57,-3.84,-7.54,1,22.0,15.0,3,154.67,149.67,DELAY_CARRIER|DELAY_LATE_AIRCRAFT|DELAY_NAS
ACV,7,57,-4.37,-6.26,2,33.5,28.5,3,226.67,251.0,DELAY_CARRIER|DELAY_LATE_AIRCRAFT|DELAY_NAS
ACV,8,55,-2.44,-2.78,8,34.5,38.38,6,168.0,169.5,DELAY_NAS|DELAY_LATE_AIRCRAFT|CANC_WEATHER
ACV,9,64,-5.66,-11.63,4,28.5,22.75,9,254.89,248.11,DELAY_LATE_AIRCRAFT|DELAY_WEATHER|CANC_WEATHER
ACV,10,87,-4.94,-6.51,3,24.33,18.67,11,291.36,294.0,DELAY_CARRIER|DELAY_NAS|DELAY_LATE_AIRCRAFT
ACV,11,72,-5.21,-5.26,6,25.83,26.5,11,115.0,117.27,DELAY_CARRIER|DELAY_LATE_AIRCRAFT|DELAY_NAS
ACV,12,65,-5.38,-7.94,5,31.8,28.8,5,176.0,176.0,DELAY_CARRIER|DELAY_NAS|DELAY_WEATHER
ACY,1,119,-5.81,-5.82,10,30.6,39.2,4,140.0,136.75,DELAY_NAS|CANC_WEATHER|DELAY_CARRIER
ACY,2,115,-5.58,-14.0,15,32.8,26.33,4,121.25,115.5,DELAY_LATE_AIRCRAFT|DELAY_NAS|DELAY_CARRIER
ACY,3,116,-4.56,-10.36,33,34.0,31.21,17,156.47,156.12,DELAY_NAS|DELAY_LATE_AIRCRAFT|DELAY_CARRIER
ACY,4,122,-6.41,-16.93,16,34.13,33.31,7,93.43,92.14,DELAY_NAS|DELAY_CARRIER|DELAY_LATE_AIRCRAFT
ACY,5,124,-4.55,-11.48,17,30.82,22.18,4,153.25,152.0,DELAY_LATE_AIRCRAFT|DELAY_NAS|CANC_WEATHER
ACY,6,94,-4.63,-15.15,14,32.86,23.07,17,133.47,128.65,DELAY_NAS|DELAY_CARRIER|DELAY_LATE_AIRCRAFT
ACY,7,79,-2.87,-12.27,14,35.07,27.0,9,161.44,149.22,DELAY_LATE_AIRCRAFT|DELAY_CARRIER|CANC_CARRIER
ACY,8,103,-3.83,-8.49,19,31.16,31.37,9,145.0,147.22,DELAY_NAS|DELAY_LATE_AIRCRAFT|DELAY_CARRIER
ACY,9,85,-5.89,-15.06,9,32.11,26.89,3,115.0,116.67,DELAY_NAS|DELAY_LATE_AIRCRAFT|DELAY_CARRIER
ACY,10,101,-5.68,-14.98,4,38.25,24.0,4,107.75,97.25,DELAY_LATE_AIRCRAFT|CANC_WEATHER|DELAY_CARRIER
ACY,11,103,-8.0,-22.14,7,31.29,16.57,2,346.5,334.0,DELAY_NAS|DELAY_CARRIER|DELAY_LATE_AIRCRAFT
ACY,12,79,-6.04,-14.48,15,31.47,25.27,9,84.56,79.67,DELAY_NAS|DELAY_CARRIER|DELAY_LATE_AIRCRAFT
ADK,1,2,-27.0,-13.5,2,29.5,42.0,0,,,DELAY_SECURITY|CANC_WEATHER
ADK,2,5,-29.0,-31.8,0,,,0,,,N/D
ADK,3,4,-36.75,-36.0,0,,,0,,,N/D
ADK,4,2,-17.5,-15.5,0,,,1,225.0,217.0,DELAY_LATE_AIRCRAFT
ADK,5,2,-40.5,-56.5,1,17.0,15.0,0,,,DELAY_SECURITY
ADK,6,2,-34.0,-24.0,0,,,0,,,N/D
ADK,7,3,-3.0,-11.0,1,18.0,22.0,0,,,DELAY_SECURITY
ADK,8,4,2.75,4.0,0,,,0,,,N/D
ADK,9,5,-0.8,-7.6,1,25.0,12.0,1,70.0,73.0,DELAY_LATE_AIRCRAFT
ADK,10,4,-18.25,-20.25,0,,,0,,,CANC_WEATHER
ADK,11,3,-12.33,-4.0,0,,,0,,,N/D
ADK,12,5,-15.0,-13.4,0,,,0,,,DELAY_NAS
ADQ,1,19,-12.47,-15.21,4,23.5,26.0,3,74.33,69.0,DELAY_LATE_AIRCRAFT|CANC_WEATHER|DELAY_WEATHER
ADQ,2,27,-9.33,-13.67,4,28.75,24.5,2,150.0,143.0,DELAY_LATE_AIRCRAFT|DELAY_NAS|DELAY_WEATHER
ADQ,3,19,-11.37,-15.95,2,24.5,22.0,1,116.0,110.0,DELAY_LATE_AIRCRAFT|DELAY_CARRIER
ADQ,4,21,-11.1,-17.29,5,40.2,35.6,0,,,DELAY_CARRIER|CANC_WEATHER|DELAY_LATE_AIRCRAFT
ADQ,5,37,-10.68,-12.08,2,51.5,48.5,1,61.0,52.0,DELAY_LATE_AIRCRAFT|DELAY_CARRIER
ADQ,6,27,-11.37,-11.44,2,42.0,36.5,0,,,DELAY_LATE_AIRCRAFT|DELAY_SECURITY
ADQ,7,27,-7.26,-8.0,4,26.75,20.5,3,215.67,218.67,DELAY_CARRIER|DELAY_LATE_AIRCRAFT|CANC_WEATHER
ADQ,8,35,-7.69,-7.29,4,26.75,23.25,0,,,DELAY_LATE_AIRCRAFT|DELAY_CARRIER|DELAY_NAS
ADQ,9,38,-11.42,-10.39,1,41.0,45.0,1,87.0,89.0,DELAY_LATE_AIRCRAFT|DELAY_NAS|DELAY_WEATHER
ADQ,10,33,-6.7,-8.7,2,18.0,17.0,0,,,DELAY_CARRIER|DELAY_SECURITY
ADQ,11,18,-2.33,0.44,5,24.2,29.6,1,74.0,69.0,DELAY_LATE_AIRCRAFT|DELAY_WEATHER|DELAY_CARRIER
ADQ,12,28,-6.43,-9.71,2,33.5,36.0,1,275.0,292.0,DELAY_LATE_AIRCRAFT|DELAY_NAS|CANC_CARRIER
AEX,1,64,-5.03,-6.14,6,37.83,31.17,5,431.4,452.0,CANC_WEATHER|DELAY_CARRIER|DELAY_LATE_AIRCRAFT
AEX,2,64,-5.83,-8.61,4,29.5,39.25,4,297.25,291.75,DELAY_CARRIER|DELAY_LATE_AIRCRAFT|DELAY_NAS
AEX,3,80,-4.14,-9.3,3,39.67,56.33,6,151.67,140.67,DELAY_WEATHER|DELAY_CARRIER|DELAY_LATE_AIRCRAFT
AEX,4,53,-5.55,-10.42,6,39.5,40.5,7,228.71,250.14,DELAY_CARRIER|DELAY_WEATHER|CANC_WEATHER
AEX,5,57,-4.56,-8.58,5,35.8,50.4,13,196.77,192.92,DELAY_CARRIER|DELAY_WEATHER|CANC_WEATHER
AEX,6,72,-5.39,-11.42,9,24.0,14.78,7,279.0,285.43,DELAY_CARRIER|DELAY_LATE_AIRCRAFT|DELAY_NAS
AEX,7,63,-5.3,-9.29,13,27.08,23.85,13,245.69,243.77,DELAY_CARRIER|DELAY_WEATHER|DELAY_LATE_AIRCRAFT
AEX,8,73,-5.73,-12.16,4,35.75,29.25,10,141.2,132.7,DELAY_CARRIER|DELAY_LATE_AIRCRAFT|DELAY_WEATHER
AEX,9,70,-3.83,-10.2,7,25.57,32.14,8,196.75,185.0,DELAY_CARRIER|DELAY_LATE_AIRCRAFT|DELAY_NAS
AEX,10,63,-6.73,-15.9,6,22.33,19.83,13,160.92,147.31,DELAY_CARRIER|DELAY_LATE_AIRCRAFT|DELAY_WEATHER
AEX,11,76,-5.96,-11.14,5,33.6,22.2,12,171.58,164.58,DELAY_CARRIER|DELAY_LATE_AIRCRAFT|DELAY_NAS
AEX,12,79,-4.08,-11.42,7,36.0,33.14,2,281.0,269.0,DELAY_CARRIER|DELAY_NAS|CANC_WEATHER
AGS,1,87,-2.17,-6.17,15,27.4,21.13,19,123.16,116.74,DELAY_CARRIER|DELAY_NAS|DELAY_LATE_AIRCRAFT
AGS,2,98,-3.08,-12.71,11,31.82,22.55,9,154.89,148.56,DELAY_CARRIER|DELAY_WEATHER|DELAY_LATE_AIRCRAFT
AGS,3,95,-3.89,-6.49,9,29.78,26.56,9,126.0,120.56,DELAY_CARRIER|DELAY_LATE_AIRCRAFT|DELAY_NAS
AGS,4,204,-2.98,-5.69,41,30.51,25.95,11,81.55,84.09,DELAY_LATE_AIRCRAFT|DELAY_NAS|DELAY_CARRIER
AGS,5,123,-3.67,-7.51,15,35.67,37.07,17,179.35,175.82,DELAY_LATE_AIRCRAFT|DELAY_CARRIER|DELAY_NAS
AGS,6,168,-4.86,-9.04,16,29.5,22.94,12,154.25,147.92,DELAY_LATE_AIRCRAFT|DELAY_NAS|DELAY_CARRIER
AGS,7,133,-3.72,-7.19,16,34.88,27.31,28,159.93,157.96,DELAY_LATE_AIRCRAFT|DELAY_CARRIER|CANC_CARRIER
AGS,8,136,-4.8,-9.26,14,29.71,28.14,12,186.17,185.0,DELAY_LATE_AIRCRAFT|DELAY_NAS|DELAY_CARRIER
AGS,9,167,-4.66,-7.14,13,34.92,38.92,19,257.63,252.68,CANC_WEATHER|DELAY_NAS|DELAY_LATE_AIRCRAFT
AGS,10,122,-3.56,-8.69,18,32.72,27.06,22,244.27,243.14,DELAY_CARRIER|DELAY_WEATHER|DELAY_LATE_AIRCRAFT
AGS,11,126,-3.1,-7.45,11,26.36,25.91,10,138.6,135.4,DELAY_CARRIER|DELAY_NAS|DELAY_LATE_AIRCRAFT
AGS,12,95,-1.66,-6.83,17,28.35,21.41,17,230.65,223.59,DELAY_CARRIER|DELAY_NAS|DELAY_LATE_AIRCRAFT
AKN,4,2,-29.5,-31.0,0,,,0,,,N/D
AKN,5,10,-14.9,-14.8,0,,,0,,,CANC_CARRIER|DELAY_NAS
AKN,6,24,-11.67,-7.75,0,,,0,,,DELAY_NAS
AKN,7,17,-8.65,-4.59,3,35.67,46.0,1,78.0,87.0,DELAY_LATE_AIRCRAFT|DELAY_SECURITY
AKN,8,21,-9.76,-6.76,3,19.0,25.0,0,,,DELAY_LATE_AIRCRAFT|DELAY_NAS|DELAY_CARRIER
AKN,9,13,-13.85,-11.69,3,37.33,34.33,0,,,DELAY_LATE_AIRCRAFT|DELAY_SECURITY
ALB,1,330,-3.43,-10.34,61,26.95,26.9,29,132.07,137.45,DELAY_LATE_AIRCRAFT|DELAY_NAS|DELAY_CARRIER
ALB,2,374,-3.98,-17.97,37,26.92,13.54,15,117.6,116.87,DELAY_NAS|DELAY_CARRIER|DELAY_LATE_AIRCRAFT
ALB,3,395,-2.86,-10.97,69,31.46,26.75,34,186.94,189.71,DELAY_NAS|DELAY_LATE_AIRCRAFT|DELAY_CARRIER
ALB,4,405,-3.66,-10.49,64,31.25,26.69,28,192.25,188.43,DELAY_LATE_AIRCRAFT|DELAY_NAS|DELAY_CARRIER
ALB,5,413,-3.68,-10.51,76,29.96,21.0,34,127.41,126.53,DELAY_LATE_AIRCRAFT|DELAY_NAS|DELAY_CARRIER
ALB,6,415,-3.36,-9.84,66,32.71,26.45,45,189.47,184.93,DELAY_LATE_AIRCRAFT|DELAY_NAS|DELAY_CARRIER
ALB,7,357,-3.03,-6.95,77,33.38,33.62,68,147.04,150.59,DELAY_LATE_AIRCRAFT|DELAY_NAS|DELAY_CARRIER
ALB,8,413,-2.73,-8.16,80,28.91,31.5,49,178.78,180.51,DELAY_LATE_AIRCRAFT|DELAY_NAS|DELAY_CARRIER
ALB,9,480,-4.91,-10.55,46,31.15,28.72,18,233.39,229.28,DELAY_CARRIER|DELAY_NAS|DELAY_LATE_AIRCRAFT
ALB,10,466,-4.11,-12.5,61,27.23,15.66,15,126.4,116.47,DELAY_CARRIER|DELAY_LATE_AIRCRAFT|DELAY_NAS
ALB,11,430,-4.27,-14.67,36,26.25,15.83,22,196.18,177.95,DELAY_LATE_AIRCRAFT|DELAY_CARRIER|DELAY_NAS
ALB,12,370,-2.74,-8.28,73,31.14,24.07,41,218.54,211.44,DELAY_LATE_AIRCRAFT|DELAY_NAS|DELAY_CARRIER
ALW,1,19,-3.84,11.79,2,42.5,54.5,1,72.0,71.0,CANC_WEATHER|DELAY_CARRIER|DELAY_LATE_AIRCRAFT
ALW,2,28,-6.86,0.43,0,,,1,74.0,82.0,DELAY_NAS|DELAY_LATE_AIRCRAFT
ALW,3,36,-7.17,-4.94,0,,,0,,,DELAY_CARRIER
ALW,4,28,-5.93,-3.93,0,,,0,,,DELAY_CARRIER
ALW,5,30,-5.13,-6.07,2,16.5,16.0,0,,,DELAY_CARRIER
ALW,6,21,-3.67,-4.1,1,34.0,25.0,2,74.0,88.5,DELAY_LATE_AIRCRAFT|CANC_NAS|DELAY_CARRIER
ALW,7,19,-4.42,-7.32,5,25.6,29.2,0,,,DELAY_LATE_AIRCRAFT|DELAY_CARRIER|DELAY_NAS
ALW,8,19,-5.95,-7.0,5,28.4,34.8,2,94.0,102.5,DELAY_LATE_AIRCRAFT|DELAY_NAS
ALW,9,27,-5.52,1.19,6,37.17,44.0,0,,,DELAY_LATE_AIRCRAFT|DELAY_NAS
AMA,1,156,-4.21,-7.82,21,31.48,32.29,14,137.5,134.29,DELAY_LATE_AIRCRAFT|DELAY_NAS|CANC_WEATHER
AMA,2,173,-6.57,-11.97,12,32.5,31.67,3,129.67,108.0,DELAY_NAS|DELAY_LATE_AIRCRAFT|DELAY_CARRIER
AMA,3,173,-5.11,-8.86,17,31.71,28.24,8,130.88,132.38,DELAY_NAS|DELAY_LATE_AIRCRAFT|DELAY_CARRIER
AMA,4,151,-4.39,-8.87,13,34.62,35.23,16,159.56,164.63,DELAY_LATE_AIRCRAFT|DELAY_NAS|DELAY_CARRIER
AMA,5,146,-3.53,-7.77,26,36.08,32.73,25,164.64,171.76,DELAY_LATE_AIRCRAFT|DELAY_NAS|DELAY_CARRIER
AMA,6,173,-4.08,-8.83,29,32.72,29.97,25,183.52,181.96,DELAY_LATE_AIRCRAFT|DELAY_CARRIER|DELAY_NAS
AMA,7,174,-3.68,-8.06,29,33.17,28.24,15,137.73,132.33,DELAY_LATE_AIRCRAFT|DELAY_NAS|DELAY_CARRIER
AMA,8,182,-5.13,-9.38,26,35.69,34.23,18,162.72,157.5,DELAY_CARRIER|DELAY_LATE_AIRCRAFT|DELAY_NAS
AMA,9,192,-4.73,-5.53,14,33.79,37.79,6,107.83,112.33,DELAY_NAS|DELAY_LATE_AIRCRAFT|DELAY_CARRIER
AMA,10,202,-4.68,-8.93,28,34.36,29.75,7,164.29,152.86,DELAY_LATE_AIRCRAFT|DELAY_NAS|DELAY_CARRIER
AMA,11,172,-4.28,-9.03,19,31.58,28.21,12,142.67,141.33,DELAY_NAS|DELAY_CARRIER|DELAY_LATE_AIRCRAFT
AMA,12,175,-4.21,-9.85,19,32.16,24.32,13,162.69,164.54,DELAY_LATE_AIRCRAFT|DELAY_CARRIER|DELAY_NAS
ANC,1,377,-3.38,-7.88,88,31.48,22.86,50,129.76,126.92,DELAY_LATE_AIRCRAFT|DELAY_CARRIER|CANC_CARRIER
ANC,2,432,-5.58,-7.09,40,30.53,26.8,22,127.45,124.14,DELAY_NAS|DELAY_CARRIER|DELAY_LATE_AIRCRAFT
ANC,3,514,-5.43,-9.77,80,32.54,27.21,39,147.51,143.23,DELAY_LATE_AIRCRAFT|DELAY_CARRIER|DELAY_NAS
ANC,4,553,-6.72,-12.75,77,34.74,26.82,26,116.35,108.38,DELAY_LATE_AIRCRAFT|DELAY_CARRIER|DELAY_NAS
ANC,5,740,-5.9,-11.77,90,32.49,21.06,30,123.5,109.67,DELAY_LATE_AIRCRAFT|DELAY_CARRIER|DELAY_NAS
ANC,6,905,-5.18,-8.14,108,30.69,25.85,37,124.84,121.54,DELAY_CARRIER|DELAY_LATE_AIRCRAFT|DELAY_NAS
ANC,7,830,-3.25,-6.27,180,31.19,26.56,58,159.76,156.17,DELAY_CARRIER|DELAY_LATE_AIRCRAFT|DELAY_NAS
ANC,8,893,-3.51,-8.17,178,29.48,23.71,44,146.86,140.11,DELAY_LATE_AIRCRAFT|DELAY_CARRIER|DELAY_NAS
ANC,9,734,-4.7,-9.7,88,28.94,22.3,26,143.08,130.46,DELAY_CARRIER|DELAY_LATE_AIRCRAFT|DELAY_NAS
ANC,10,606,-5.49,-9.13,49,28.04,26.86,27,179.81,182.67,DELAY_NAS|DELAY_CARRIER|DELAY_WEATHER
ANC,11,506,-5.73,-10.36,54,31.52,26.33,11,105.36,93.27,DELAY_CARRIER|DELAY_LATE_AIRCRAFT|DELAY_NAS
ANC,12,503,-4.29,-9.54,59,28.64,23.27,21,134.19,124.67,DELAY_LATE_AIRCRAFT|DELAY_CARRIER|DELAY_NAS
APN,1,13,-5.54,-9.31,2,39.5,40.0,3,118.0,102.33,CANC_WEATHER|DELAY_WEATHER|DELAY_CARRIER
APN,2,19,-10.16,-23.68,1,40.0,56.0,0,,,DELAY_WEATHER
APN,3,27,-6.74,-14.41,1,19.0,1.0,2,434.0,418.5,DELAY_WEATHER|DELAY_SECURITY
APN,4,25,-8.96,-15.8,0,,,5,210.0,205.2,DELAY_CARRIER|DELAY_WEATHER
APN,5,27,-7.3,-11.89,3,31.67,30.33,1,83.0,72.0,DELAY_CARRIER|DELAY_NAS|DELAY_WEATHER
APN,6,14,-6.79,-12.93,2,42.5,34.5,4,196.0,185.0,DELAY_CARRIER|CANC_WEATHER|DELAY_WEATHER
APN,7,23,-4.39,-10.04,3,45.0,40.0,5,154.6,149.6,DELAY_CARRIER|CANC_WEATHER|DELAY_NAS
APN,8,20,-7.75,-16.3,2,48.0,34.5,5,103.4,97.6,DELAY_CARRIER|DELAY_WEATHER
APN,9,26,-9.23,-17.23,2,42.0,41.5,1,179.0,178.0,DELAY_CARRIER|DELAY_WEATHER
APN,10,18,-10.56,-19.17,1,16.0,5.0,2,119.5,113.5,DELAY_CARRIER|DELAY_NAS
APN,11,24,-9.25,-15.13,2,31.0,36.0,3,143.33,131.0,DELAY_CARRIER
APN,12,14,-5.79,-6.07,3,25.67,27.0,4,148.75,138.25,DELAY_CARRIER
ASE,1,265,-3.7,-11.65,97,33.36,26.68,64,154.52,146.72,CANC_WEATHER|DELAY_LATE_AIRCRAFT|DELAY_CARRIER
ASE,2,246,-3.96,-11.28,94,30.65,21.97,72,167.76,161.61,DELAY_NAS|DELAY_LATE_AIRCRAFT|CANC_WEATHER
ASE,3,268,-4.77,-12.37,94,34.68,27.85,81,141.31,142.01,CANC_WEATHER|DELAY_CARRIER|DELAY_LATE_AIRCRAFT
ASE,4,173,-5.35,-9.52,26,34.0,29.0,20,196.7,198.2,DELAY_CARRIER|CANC_WEATHER|DELAY_LATE_AIRCRAFT
ASE,5,71,-7.28,-12.14,13,34.54,29.69,20,157.65,149.95,DELAY_CARRIER|DELAY_LATE_AIRCRAFT|DELAY_WEATHER
ASE,6,247,-6.44,-10.36,42,33.36,29.52,44,174.45,171.7,DELAY_CARRIER|DELAY_WEATHER|DELAY_LATE_AIRCRAFT
ASE,7,281,-5.8,-9.41,37,33.03,30.57,32,216.34,215.59,DELAY_CARRIER|DELAY_WEATHER|DELAY_LATE_AIRCRAFT
ASE,8,231,-5.65,-7.45,49,34.33,29.35,38,140.61,139.39,DELAY_CARRIER|DELAY_LATE_AIRCRAFT|DELAY_WEATHER
ASE,9,207,-6.76,-12.34,26,33.15,28.73,32,151.13,152.28,DELAY_CARRIER|DELAY_LATE_AIRCRAFT|DELAY_WEATHER
ASE,10,205,-7.39,-14.04,20,32.75,24.0,11,115.45,110.18,DELAY_CARRIER|DELAY_LATE_AIRCRAFT|CANC_WEATHER
ASE,11,146,-7.58,-13.71,26,36.58,35.69,16,159.06,158.88,DELAY_CARRIER|CANC_WEATHER|DELAY_WEATHER
ASE,12,211,-5.38,-15.72,60,35.55,28.93,74,207.49,203.41,DELAY_CARRIER|DELAY_LATE_AIRCRAFT|CANC_WEATHER
ATL,1,10278,-1.76,-7.01,1878,31.28,26.62,838,146.86,144.83,DELAY_CARRIER|DELAY_LATE_AIRCRAFT|DELAY_NAS
ATL,2,10972,-2.52,-6.95,1152,29.55,24.58,321,115.69,110.53,DELAY_CARRIER|DELAY_NAS|DELAY_LATE_AIRCRAFT
ATL,3,11589,-1.76,-6.52,1936,30.84,26.25,712,131.38,129.12,DELAY_CARRIER|DELAY_LATE_AIRCRAFT|DELAY_NAS
ATL,4,11642,-1.73,-4.86,1792,30.44,27.1,678,132.74,131.69,DELAY_CARRIER|DELAY_LATE_AIRCRAFT|DELAY_NAS
ATL,5,11120,-1.09,-3.15,2450,31.77,31.31,1308,128.1,129.46,DELAY_CARRIER|DELAY_LATE_AIRCRAFT|DELAY_NAS
ATL,6,11451,-1.69,-6.79,2225,30.6,26.13,824,133.25,128.98,DELAY_CARRIER|DELAY_LATE_AIRCRAFT|DELAY_NAS
ATL,7,8934,-1.25,-4.4,2732,32.89,31.99,2325,154.23,154.27,DELAY_CARRIER|DELAY_LATE_AIRCRAFT|DELAY_NAS
ATL,8,11550,-2.52,-7.49,2009,31.76,27.47,993,138.21,135.12,DELAY_CARRIER|DELAY_LATE_AIRCRAFT|DELAY_NAS
ATL,9,11794,-2.84,-7.45,1542,31.23,27.05,580,136.11,131.93,DELAY_CARRIER|DELAY_LATE_AIRCRAFT|DELAY_NAS
ATL,10,12993,-2.99,-8.48,1378,29.63,22.93,379,135.07,128.79,DELAY_CARRIER|DELAY_LATE_AIRCRAFT|DELAY_NAS
ATL,11,12184,-2.98,-7.29,1487,30.05,25.4,411,123.2,120.7,DELAY_CARRIER|DELAY_NAS|DELAY_LATE_AIRCRAFT
ATL,12,11011,-1.56,-6.3,2337,31.26,26.6,889,132.96,129.65,DELAY_CARRIER|DELAY_LATE_AIRCRAFT|DELAY_NAS
ATW,1,172,-3.3,-9.44,22,32.95,32.0,35,207.69,202.77,DELAY_CARRIER|DELAY_NAS|CANC_WEATHER
ATW,2,186,-5.8,-14.63,11,35.45,30.82,20,215.2,207.75,DELAY_CARRIER|DELAY_NAS|DELAY_LATE_AIRCRAFT
ATW,3,217,-5.65,-15.05,30,31.0,27.63,16,314.19,298.81,DELAY_NAS|DELAY_CARRIER|DELAY_LATE_AIRCRAFT
ATW,4,225,-6.76,-12.39,16,31.75,22.13,12,252.25,257.33,DELAY_CARRIER|DELAY_LATE_AIRCRAFT|DELAY_NAS
ATW,5,218,-5.56,-10.99,22,34.32,36.32,28,179.25,174.68,DELAY_LATE_AIRCRAFT|DELAY_CARRIER|DELAY_NAS
ATW,6,187,-5.65,-8.05,24,32.08,29.58,30,149.13,147.5,DELAY_CARRIER|DELAY_NAS|DELAY_LATE_AIRCRAFT
ATW,7,200,-4.68,-5.93,25,34.36,34.28,19,118.95,130.42,DELAY_CARRIER|DELAY_NAS|DELAY_LATE_AIRCRAFT
ATW,8,203,-5.08,-6.8,19,32.26,28.89,25,150.84,150.96,DELAY_CARRIER|DELAY_NAS|DELAY_LATE_AIRCRAFT
ATW,9,208,-6.28,-12.61,23,37.61,34.17,16,125.88,125.5,DELAY_CARRIER|DELAY_LATE_AIRCRAFT|DELAY_NAS
ATW,10,248,-6.29,-12.68,14,30.21,21.29,18,147.0,137.11,DELAY_CARRIER|DELAY_LATE_AIRCRAFT|DELAY_NAS
ATW,11,220,-5.45,-12.02,27,33.89,29.67,23,158.83,149.04,DELAY_CARRIER|DELAY_WEATHER|DELAY_LATE_AIRCRAFT
ATW,12,212,-3.9,-5.63,27,32.11,33.19,37,205.14,201.68,DELAY_CARRIER|DELAY_NAS|CANC_WEATHER
AUS,1,2421,-2.28,-7.13,554,30.68,25.86,288,165.94,164.47,DELAY_LATE_AIRCRAFT|DELAY_CARRIER|DELAY_NAS
AUS,2,2450,-3.34,-6.6,309,28.92,24.29,114,151.6,147.47,DELAY_NAS|DELAY_LATE_AIRCRAFT|DELAY_CARRIER
AUS,3,2720,-2.3,-7.6,577,30.77,25.37,257,145.3,140.8,DELAY_LATE_AIRCRAFT|DELAY_NAS|DELAY_CARRIER
AUS,4,2752,-1.91,-7.77,577,29.93,25.19,252,144.13,139.5,DELAY_LATE_AIRCRAFT|DELAY_NAS|DELAY_CARRIER
AUS,5,2492,-0.56,-4.74,837,31.86,28.55,537,173.77,171.96,DELAY_LATE_AIRCRAFT|DELAY_CARRIER|DELAY_NAS
AUS,6,2724,-1.04,-6.35,733,31.46,25.11,350,160.69,155.49,DELAY_LATE_AIRCRAFT|DELAY_CARRIER|DELAY_NAS
AUS,7,2567,-1.19,-7.03,800,32.76,27.21,458,156.58,150.82,DELAY_LATE_AIRCRAFT|DELAY_CARRIER|DELAY_NAS
AUS,8,2771,-3.35,-10.51,448,31.28,26.05,255,181.4,174.16,DELAY_LATE_AIRCRAFT|DELAY_CARRIER|DELAY_NAS
AUS,9,2939,-3.24,-8.43,364,29.66,23.61,111,150.73,144.84,DELAY_LATE_AIRCRAFT|DELAY_NAS|DELAY_CARRIER
AUS,10,3215,-2.96,-8.89,383,29.74,23.51,139,164.49,158.5,DELAY_LATE_AIRCRAFT|DELAY_CARRIER|DELAY_NAS
AUS,11,2922,-2.7,-8.65,352,30.0,23.3,148,136.27,132.66,DELAY_LATE_AIRCRAFT|DELAY_NAS|DELAY_CARRIER
AUS,12,2685,-2.07,-8.54,513,31.13,24.2,276,154.05,148.87,DELAY_LATE_AIRCRAFT|DELAY_CARRIER|DELAY_NAS
AVL,1,331,-4.4,-10.0,67,30.69,28.96,34,158.65,155.74,DELAY_LATE_AIRCRAFT|DELAY_NAS|DELAY_CARRIER
AVL,2,330,-5.11,-10.22,20,34.55,31.05,13,205.77,200.31,DELAY_NAS|DELAY_LATE_AIRCRAFT|DELAY_CARRIER
AVL,3,353,-4.33,-10.5,52,29.96,24.23,27,207.22,205.11,DELAY_NAS|DELAY_LATE_AIRCRAFT|DELAY_CARRIER
AVL,4,408,-4.88,-7.73,50,27.86,21.52,29,132.03,126.62,DELAY_LATE_AIRCRAFT|DELAY_NAS|DELAY_CARRIER
AVL,5,399,-3.46,-6.76,92,29.93,27.76,51,166.61,165.9,DELAY_LATE_AIRCRAFT|DELAY_NAS|DELAY_CARRIER
AVL,6,406,-1.77,-6.48,103,31.9,26.36,65,158.66,157.91,DELAY_LATE_AIRCRAFT|DELAY_CARRIER|DELAY_NAS
AVL,7,343,-2.27,-4.83,118,33.17,31.65,104,179.9,179.17,DELAY_LATE_AIRCRAFT|DELAY_CARRIER|DELAY_NAS
AVL,8,418,-4.1,-8.58,115,31.81,31.06,67,142.31,143.88,DELAY_LATE_AIRCRAFT|DELAY_CARRIER|DELAY_NAS
AVL,9,386,-2.67,-8.46,70,28.71,21.89,40,193.58,185.23,CANC_WEATHER|DELAY_LATE_AIRCRAFT|DELAY_CARRIER
AVL,10,419,-7.88,-12.36,46,30.22,24.76,34,207.44,200.0,DELAY_LATE_AIRCRAFT|DELAY_NAS|DELAY_CARRIER
AVL,11,360,-5.55,-10.44,43,30.49,26.86,21,199.52,189.38,DELAY_NAS|DELAY_LATE_AIRCRAFT|DELAY_CARRIER
AVL,12,272,-3.62,-11.51,62,30.76,22.23,42,127.67,119.26,DELAY_LATE_AIRCRAFT|DELAY_CARRIER|DELAY_NAS
AVP,1,47,-4.72,-16.51,3,37.0,32.33,14,327.43,316.29,DELAY_CARRIER|DELAY_LATE_AIRCRAFT|DELAY_WEATHER
AVP,2,43,-3.65,-16.7,4,26.0,7.0,6,142.67,129.5,DELAY_LATE_AIRCRAFT|DELAY_CARRIER|DELAY_NAS
AVP,3,45,-5.93,-11.58,6,24.17,13.0,2,230.5,214.5,DELAY_LATE_AIRCRAFT|DELAY_NAS|DELAY_CARRIER
AVP,4,32,-3.19,-13.13,4,40.0,33.25,4,122.0,112.0,DELAY_CARRIER|DELAY_LATE_AIRCRAFT|DELAY_NAS
AVP,5,45,-2.96,-9.71,13,29.46,24.0,13,211.0,217.54,DELAY_LATE_AIRCRAFT|DELAY_CARRIER|DELAY_NAS
AVP,6,53,-4.02,-13.23,16,34.31,22.25,7,128.0,134.14,DELAY_LATE_AIRCRAFT|DELAY_CARRIER|DELAY_WEATHER
AVP,7,52,-1.83,-7.13,9,25.78,28.33,11,138.73,136.18,DELAY_LATE_AIRCRAFT|DELAY_NAS|CANC_WEATHER
AVP,8,56,-4.13,-5.16,11,34.0,48.18,8,124.75,124.88,DELAY_LATE_AIRCRAFT|DELAY_NAS|DELAY_CARRIER
AVP,9,55,-5.53,-10.98,2,40.0,37.0,6,173.5,164.83,DELAY_LATE_AIRCRAFT|DELAY_CARRIER|DELAY_NAS
AVP,10,67,-5.16,-11.72,4,34.5,49.5,0,,,DELAY_NAS|DELAY_LATE_AIRCRAFT|DELAY_CARRIER
AVP,11,53,-5.11,-10.08,6,35.0,27.5,4,286.5,293.0,DELAY_LATE_AIRCRAFT|DELAY_NAS|CANC_WEATHER
AVP,12,69,-4.97,-12.9,9,32.11,20.89,5,143.8,128.8,DELAY_CARRIER|DELAY_LATE_AIRCRAFT|DELAY_NAS
AZA,1,214,-6.87,-11.92,24,35.0,30.5,13,145.31,141.23,DELAY_CARRIER|DELAY_LATE_AIRCRAFT|DELAY_NAS
AZA,2,214,-6.77,-16.63,15,31.07,17.0,6,113.17,105.33,DELAY_CARRIER|DELAY_NAS|DELAY_LATE_AIRCRAFT
AZA,3,274,-6.64,-14.62,19,32.11,24.47,10,279.0,278.6,DELAY_CARRIER|DELAY_LATE_AIRCRAFT|DELAY_NAS
AZA,4,218,-6.38,-16.17,9,28.0,20.89,1,74.0,71.0,DELAY_CARRIER|DELAY_NAS|DELAY_LATE_AIRCRAFT
AZA,5,203,-6.04,-11.95,13,34.23,26.08,4,102.0,93.0,DELAY_LATE_AIRCRAFT|DELAY_CARRIER|DELAY_NAS
AZA,6,225,-6.64,-9.87,26,30.31,28.85,21,199.9,199.57,DELAY_CARRIER|DELAY_LATE_AIRCRAFT|DELAY_NAS
AZA,7,215,-5.77,-5.89,44,28.36,29.59,23,178.57,182.78,DELAY_CARRIER|DELAY_LATE_AIRCRAFT|DELAY_NAS
AZA,8,163,-6.26,-9.85,27,32.89,30.59,9,83.22,85.78,DELAY_CARRIER|DELAY_LATE_AIRCRAFT|DELAY_NAS
AZA,9,144,-6.99,-12.83,15,32.6,26.8,4,106.75,98.5,DELAY_CARRIER|DELAY_LATE_AIRCRAFT|DELAY_WEATHER
AZA,10,217,-5.78,-10.71,14,29.07,21.64,5,88.2,84.2,DELAY_CARRIER|DELAY_LATE_AIRCRAFT|DELAY_WEATHER
AZA,11,211,-6.14,-14.71,22,27.55,22.09,11,143.36,140.55,DELAY_LATE_AIRCRAFT|DELAY_CARRIER|DELAY_NAS
AZA,12,227,-5.19,-9.84,48,31.83,28.08,23,145.78,148.09,DELAY_LATE_AIRCRAFT|DELAY_NAS|DELAY_CARRIER
AZO,1,31,-5.35,-11.87,4,42.0,29.0,5,166.4,154.8,DELAY_CARRIER|CANC_WEATHER|DELAY_WEATHER
AZO,2,33,-5.67,-14.58,1,56.0,50.0,2,101.0,96.0,DELAY_CARRIER|DELAY_WEATHER
AZO,3,38,-5.63,-13.63,3,23.0,21.0,0,,,DELAY_NAS
AZO,4,42,-5.33,-8.62,2,24.0,32.0,1,263.0,248.0,DELAY_CARRIER|DELAY_NAS|DELAY_WEATHER
AZO,5,37,-4.86,-7.78,3,40.33,39.0,1,78.0,70.0,DELAY_CARRIER|DELAY_NAS
AZO,6,28,-3.82,-5.5,2,46.0,46.0,5,189.8,181.4,DELAY_CARRIER|CANC_WEATHER|DELAY_WEATHER
AZO,7,29,-4.48,-7.55,10,33.4,22.7,4,334.5,329.5,DELAY_CARRIER|DELAY_WEATHER
AZO,8,33,-3.03,-9.76,4,48.0,42.5,3,111.67,105.67,DELAY_CARRIER|CANC_WEATHER|DELAY_WEATHER
AZO,9,37,-5.97,-9.11,2,46.5,40.0,4,155.5,153.75,DELAY_CARRIER|DELAY_WEATHER
AZO,10,42,-6.95,-11.29,3,41.33,31.0,3,134.67,126.33,DELAY_CARRIER
AZO,11,31,-5.94,-15.13,6,37.83,30.0,8,153.25,162.13,DELAY_CARRIER|DELAY_WEATHER
AZO,12,32,-3.47,-15.81,2,27.0,16.5,4,120.25,116.75,DELAY_CARRIER|CANC_WEATHER|DELAY_NAS
BDL,1,595,-3.22,-6.62,102,29.13,29.46,62,193.77,198.87,DELAY_NAS|DELAY_LATE_AIRCRAFT|DELAY_CARRIER
BDL,2,643,-3.41,-13.09,75,28.4,20.73,31,169.58,160.77,DELAY_NAS|DELAY_LATE_AIRCRAFT|DELAY_CARRIER
BDL,3,693,-3.83,-13.45,110,28.62,24.37,75,170.44,169.81,DELAY_LATE_AIRCRAFT|DELAY_NAS|DELAY_CARRIER
BDL,4,865,-3.51,-11.56,118,31.82,22.66,57,163.82,158.89,DELAY_LATE_AIRCRAFT|DELAY_NAS|DELAY_CARRIER
BDL,5,733,-3.34,-10.14,144,29.96,24.43,83,171.69,168.98,DELAY_LATE_AIRCRAFT|DELAY_NAS|DELAY_CARRIER
BDL,6,729,-3.45,-10.62,142,34.27,31.26,81,181.48,181.53,DELAY_LATE_AIRCRAFT|DELAY_NAS|DELAY_CARRIER
BDL,7,677,-2.65,-5.76,156,33.71,30.75,106,153.42,150.83,DELAY_LATE_AIRCRAFT|DELAY_NAS|DELAY_CARRIER
BDL,8,764,-3.25,-8.27,129,30.53,26.51,86,140.53,143.28,DELAY_LATE_AIRCRAFT|DELAY_NAS|DELAY_CARRIER
BDL,9,813,-4.15,-10.91,92,29.3,21.02,32,160.97,153.44,DELAY_LATE_AIRCRAFT|DELAY_CARRIER|DELAY_NAS
BDL,10,868,-3.44,-11.5,100,28.41,16.75,29,121.66,109.45,DELAY_LATE_AIRCRAFT|DELAY_CARRIER|DELAY_NAS
BDL,11,772,-4.32,-12.75,96,27.73,20.09,27,148.59,140.04,DELAY_LATE_AIRCRAFT|DELAY_CARRIER|DELAY_NAS
BDL,12,771,-2.43,-8.17,146,31.36,27.25,67,127.12,121.63,DELAY_LATE_AIRCRAFT|DELAY_NAS|DELAY_CARRIER
BET,1,14,-4.71,-4.36,9,29.11,31.67,3,89.67,94.0,DELAY_LATE_AIRCRAFT|DELAY_SECURITY|CANC_CARRIER
BET,2,17,-4.65,0.94,7,33.29,41.0,3,83.33,90.0,DELAY_LATE_AIRCRAFT|DELAY_NAS|DELAY_WEATHER
BET,3,19,-2.89,-1.05,9,25.78,25.11,7,147.14,146.86,DELAY_LATE_AIRCRAFT|DELAY_SECURITY|DELAY_CARRIER
BET,4,26,-4.65,-3.77,4,31.5,28.5,2,97.0,96.0,DELAY_LATE_AIRCRAFT|DELAY_CARRIER|DELAY_SECURITY
BET,5,26,-2.12,-0.38,10,27.2,23.4,1,72.0,60.0,DELAY_SECURITY|DELAY_LATE_AIRCRAFT|DELAY_CARRIER
BET,6,24,-7.92,1.0,6,24.0,32.5,0,,,DELAY_CARRIER|DELAY_LATE_AIRCRAFT|DELAY_NAS
BET,7,27,-7.81,0.15,9,30.22,31.78,0,,,DELAY_LATE_AIRCRAFT|DELAY_CARRIER|DELAY_NAS
BET,8,24,-5.79,-3.5,3,35.67,41.33,2,97.0,101.5,DELAY_LATE_AIRCRAFT|DELAY_NAS
BET,9,24,-8.5,-4.5,2,18.5,17.5,1,86.0,93.0,DELAY_CARRIER|DELAY_LATE_AIRCRAFT
BET,10,21,-3.62,-1.19,3,20.67,22.0,0,,,DELAY_NAS|DELAY_CARRIER|DELAY_SECURITY
BET,11,24,-4.88,4.67,3,25.33,21.33,1,67.0,66.0,CANC_WEATHER|DELAY_NAS|DELAY_SECURITY
BET,12,22,-2.27,3.32,9,28.89,31.67,0,,,DELAY_LATE_AIRCRAFT|DELAY_NAS|DELAY_SECURITY
BFF,1,16,-9.0,-12.69,1,16.0,15.0,1,379.0,399.0,DELAY_LATE_AIRCRAFT|CANC_WEATHER|DELAY_NAS
BFF,2,19,-9.21,-10.63,3,52.0,44.33,2,86.0,93.5,DELAY_CARRIER|DELAY_LATE_AIRCRAFT|DELAY_NAS
BFF,3,31,-8.74,-15.42,0,,,1,108.0,111.0,CANC_WEATHER|DELAY_NAS|DELAY_WEATHER
BFF,4,19,-7.11,-5.21,3,43.67,51.0,1,104.0,133.0,DELAY_LATE_AIRCRAFT|DELAY_CARRIER|CANC_WEATHER
BFF,5,22,-9.36,-5.18,2,54.5,43.0,0,,,CANC_WEATHER|DELAY_CARRIER|DELAY_NAS
BFF,6,24,-7.83,-4.08,3,26.33,10.67,0,,,DELAY_CARRIER|CANC_WEATHER
BFF,7,25,-8.68,-8.92,1,25.0,32.0,2,83.5,89.0,DELAY_LATE_AIRCRAFT|DELAY_CARRIER|DELAY_NAS
BFF,8,24,-7.67,-11.13,1,49.0,51.0,2,443.5,455.0,DELAY_CARRIER|DELAY_LATE_AIRCRAFT|DELAY_NAS
BFF,9,22,-9.82,-10.14,1,40.0,20.0,0,,,CANC_WEATHER|DELAY_CARRIER|DELAY_NAS
BFF,10,30,-9.17,-7.47,0,,,4,338.5,326.5,DELAY_LATE_AIRCRAFT|DELAY_CARRIER|DELAY_NAS
BFF,11,27,-7.26,-4.93,1,58.0,54.0,0,,,CANC_NAS|CANC_WEATHER|DELAY_CARRIER
BFF,12,26,-7.0,-6.96,3,23.0,22.67,0,,,DELAY_CARRIER|DELAY_NAS
BFL,1,82,-5.95,-11.38,7,38.86,35.43,5,145.4,134.6,DELAY_CARRIER|DELAY_LATE_AIRCRAFT|DELAY_NAS
BFL,2,74,-6.62,-16.42,8,25.88,22.25,3,213.0,208.0,DELAY_CARRIER|DELAY_NAS|CANC_WEATHER
BFL,3,78,-5.12,-12.55,5,28.4,17.8,10,141.3,125.7,DELAY_CARRIER|DELAY_NAS|DELAY_LATE_AIRCRAFT
BFL,4,73,-4.19,-10.71,11,33.82,25.73,3,83.67,69.67,DELAY_NAS|DELAY_CARRIER|DELAY_WEATHER
BFL,5,76,-3.7,-8.96,9,29.44,19.44,10,118.8,116.6,DELAY_CARRIER|DELAY_NAS|CANC_WEATHER
BFL,6,96,-4.21,-3.4,9,36.89,35.89,6,118.67,123.67,DELAY_CARRIER|DELAY_NAS|DELAY_LATE_AIRCRAFT
BFL,7,99,-6.06,-10.12,8,30.88,23.13,12,181.42,175.25,DELAY_LATE_AIRCRAFT|DELAY_CARRIER|DELAY_NAS
BFL,8,115,-4.61,-8.57,7,26.0,30.86,9,136.11,128.78,DELAY_CARRIER|DELAY_LATE_AIRCRAFT|DELAY_NAS
BFL,9,109,-5.5,-14.61,6,36.17,30.83,3,170.67,160.67,DELAY_CARRIER|DELAY_NAS|DELAY_LATE_AIRCRAFT
BFL,10,113,-5.12,-11.43,7,28.71,21.57,5,327.6,315.0,DELAY_CARRIER|DELAY_NAS|DELAY_LATE_AIRCRAFT
BFL,11,101,-6.7,-12.21,11,42.91,33.09,6,102.83,99.33,DELAY_CARRIER|CANC_WEATHER|DELAY_LATE_AIRCRAFT
BFL,12,105,-4.6,-12.72,7,36.86,34.43,7,107.29,103.0,DELAY_LATE_AIRCRAFT|DELAY_NAS|DELAY_CARRIER
BGM,1,13,-4.31,-8.15,0,,,1,232.0,200.0,DELAY_NAS|CANC_WEATHER|DELAY_LATE_AIRCRAFT
BGM,2,12,-4.75,-26.83,0,,,1,337.0,317.0,DELAY_LATE_AIRCRAFT
BGM,3,11,-3.45,-6.09,0,,,2,744.0,718.5,DELAY_CARRIER|DELAY_LATE_AIRCRAFT|DELAY_NAS
BGM,4,12,0.08,1.5,1,18.0,22.0,0,,,DELAY_NAS|DELAY_CARRIER
BGM,5,19,-4.84,-1.79,0,,,1,146.0,140.0,DELAY_NAS|DELAY_LATE_AIRCRAFT|DELAY_WEATHER
BGM,6,11,-5.0,-2.82,2,31.0,20.0,1,316.0,327.0,DELAY_CARRIER
BGM,7,13,-1.31,0.08,1,45.0,44.0,1,77.0,72.0,DELAY_CARRIER
BGM,8,14,-1.21,-3.5,2,29.0,18.5,0,,,DELAY_NAS|CANC_CARRIER|CANC_NAS
BGM,9,19,-3.68,-12.11,0,,,0,,,N/D
BGM,10,20,-5.8,-10.25,0,,,0,,,N/D
BGM,11,11,-7.27,-12.64,3,38.33,68.67,1,74.0,48.0,DELAY_NAS|DELAY_CARRIER|DELAY_LATE_AIRCRAFT
BGM,12,13,-5.62,-20.23,3,34.67,73.0,1,74.0,138.0,DELAY_NAS|DELAY_CARRIER|DELAY_LATE_AIRCRAFT
BGR,1,91,-7.19,-19.11,12,32.75,33.75,3,208.67,187.67,CANC_WEATHER|DELAY_LATE_AIRCRAFT|DELAY_NAS
BGR,2,96,-6.73,-22.06,12,25.08,13.0,8,256.88,253.25,DELAY_LATE_AIRCRAFT|DELAY_NAS|DELAY_CARRIER
BGR,3,100,-7.36,-22.64,10,38.3,28.7,12,162.5,157.08,DELAY_LATE_AIRCRAFT|DELAY_NAS|DELAY_CARRIER
BGR,4,96,-7.84,-15.75,8,31.88,34.5,2,137.0,137.0,DELAY_NAS|DELAY_LATE_AIRCRAFT|DELAY_CARRIER
BGR,5,89,-7.54,-15.6,2,28.0,28.0,3,108.33,103.67,DELAY_NAS|CANC_CARRIER|DELAY_CARRIER
BGR,6,193,-5.5,-10.98,29,35.0,31.21,21,223.43,218.9,DELAY_LATE_AIRCRAFT|DELAY_NAS|DELAY_CARRIER
BGR,7,218,-4.32,-7.25,36,32.72,36.17,21,121.9,121.95,DELAY_NAS|DELAY_LATE_AIRCRAFT|DELAY_CARRIER
BGR,8,247,-3.6,-9.09,46,33.41,35.5,22,245.64,239.27,DELAY_NAS|DELAY_LATE_AIRCRAFT|CANC_NAS
BGR,9,283,-5.82,-12.2,23,27.48,22.09,13,108.54,97.54,DELAY_NAS|DELAY_LATE_AIRCRAFT|DELAY_CARRIER
BGR,10,240,-5.73,-16.69,26,31.69,22.0,15,188.2,174.8,DELAY_LATE_AIRCRAFT|DELAY_CARRIER|DELAY_NAS
BGR,11,132,-7.32,-18.13,8,32.0,23.63,7,176.71,168.0,DELAY_NAS|DELAY_LATE_AIRCRAFT|DELAY_CARRIER
BGR,12,111,-6.37,-13.03,14,30.86,22.57,17,250.82,246.71,DELAY_LATE_AIRCRAFT|DELAY_NAS|DELAY_CARRIER
BHM,1,523,-4.56,-9.89,69,31.55,26.78,57,139.32,135.0,DELAY_LATE_AIRCRAFT|DELAY_NAS|DELAY_CARRIER
BHM,2,545,-4.39,-9.34,48,30.96,25.92,21,129.14,120.76,DELAY_LATE_AIRCRAFT|DELAY_CARRIER|DELAY_NAS
BHM,3,548,-3.77,-8.78,73,28.41,22.0,34,122.35,117.26,DELAY_LATE_AIRCRAFT|DELAY_NAS|DELAY_CARRIER
BHM,4,622,-3.45,-6.72,69,31.64,29.83,36,159.78,161.64,DELAY_LATE_AIRCRAFT|DELAY_NAS|DELAY_CARRIER
BHM,5,576,-2.59,-6.63,104,33.67,31.36,95,182.16,183.51,DELAY_LATE_AIRCRAFT|DELAY_CARRIER|DELAY_NAS
BHM,6,575,-2.61,-7.43,98,32.13,27.61,35,149.17,142.91,DELAY_LATE_AIRCRAFT|DELAY_CARRIER|DELAY_NAS
BHM,7,477,-2.66,-6.92,128,33.27,30.59,85,151.52,147.67,DELAY_LATE_AIRCRAFT|DELAY_CARRIER|DELAY_NAS
BHM,8,575,-3.58,-8.13,68,31.93,26.97,56,205.88,202.04,DELAY_LATE_AIRCRAFT|DELAY_CARRIER|DELAY_NAS
BHM,9,617,-3.69,-7.49,72,30.78,29.25,34,125.09,124.21,DELAY_LATE_AIRCRAFT|DELAY_CARRIER|DELAY_NAS
BHM,10,712,-4.21,-9.03,49,34.63,26.24,30,155.83,145.97,DELAY_LATE_AIRCRAFT|DELAY_CARRIER|DELAY_NAS
BHM,11,688,-4.29,-9.39,55,32.04,28.18,33,131.7,126.64,DELAY_CARRIER|DELAY_LATE_AIRCRAFT|DELAY_NAS
BHM,12,571,-2.53,-8.12,82,30.62,22.83,59,198.64,195.0,DELAY_LATE_AIRCRAFT|DELAY_NAS|DELAY_CARRIER
BIH,1,20,-6.45,-30.8,5,36.0,36.2,2,122.0,108.0,DELAY_NAS|DELAY_LATE_AIRCRAFT|CANC_WEATHER
BIH,2,8,1.75,-3.75,7,35.14,12.86,7,110.29,93.57,DELAY_NAS|DELAY_LATE_AIRCRAFT|CANC_WEATHER
BIH,3,13,-2.31,-2.46,7,35.86,23.29,2,134.5,166.0,DELAY_NAS|CANC_NAS|DELAY_LATE_AIRCRAFT
BIH,4,1,-10.0,-7.0,1,48.0,41.0,0,,,DELAY_LATE_AIRCRAFT
BIH,7,15,-8.07,-29.0,1,46.0,30.0,5,240.6,217.0,DELAY_LATE_AIRCRAFT|DELAY_WEATHER
BIH,8,20,-9.6,-21.35,0,,,0,,,N/D
BIH,9,4,-1.75,-7.25,0,,,0,,,N/D
BIH,10,1,-8.0,-10.0,0,,,0,,,N/D
BIH,12,13,-2.77,-11.54,0,,,5,125.2,119.8,DELAY_LATE_AIRCRAFT|DELAY_NAS|DELAY_WEATHER
BIL,1,117,-6.48,-3.58,12,31.0,31.58,15,145.67,162.27,DELAY_LATE_AIRCRAFT|DELAY_NAS|DELAY_CARRIER
BIL,2,104,-7.01,-3.61,10,31.7,42.7,1,64.0,76.0,DELAY_NAS|DELAY_CARRIER|DELAY_LATE_AIRCRAFT
BIL,3,141,-6.45,-9.13,6,25.67,23.0,6,187.67,185.5,DELAY_NAS|DELAY_CARRIER|DELAY_LATE_AIRCRAFT
BIL,4,145,-8.09,-12.6,11,42.18,46.73,3,170.0,164.0,DELAY_LATE_AIRCRAFT|DELAY_NAS|DELAY_CARRIER
BIL,5,133,-6.51,-10.27,17,37.76,38.35,16,294.56,293.25,DELAY_CARRIER|DELAY_LATE_AIRCRAFT|DELAY_WEATHER
BIL,6,171,-5.8,-9.36,18,31.28,30.11,12,142.0,148.0,DELAY_LATE_AIRCRAFT|DELAY_NAS|DELAY_CARRIER
BIL,7,152,-5.76,-9.15,15,27.13,29.67,14,109.71,102.86,DELAY_LATE_AIRCRAFT|DELAY_CARRIER|DELAY_NAS
BIL,8,186,-4.83,-6.83,13,33.77,39.08,6,225.33,228.0,DELAY_NAS|DELAY_LATE_AIRCRAFT|DELAY_CARRIER
BIL,9,168,-6.91,-9.48,12,32.5,26.25,4,285.25,273.75,DELAY_CARRIER|DELAY_LATE_AIRCRAFT|DELAY_NAS
BIL,10,160,-6.29,-8.04,10,26.3,24.6,5,85.8,88.8,DELAY_LATE_AIRCRAFT|DELAY_CARRIER|DELAY_NAS
BIL,11,150,-6.2,-10.29,11,25.82,25.0,8,153.75,156.88,DELAY_NAS|DELAY_CARRIER|DELAY_LATE_AIRCRAFT
BIL,12,161,-6.57,-14.77,13,32.23,25.54,7,167.43,152.71,DELAY_CARRIER|DELAY_LATE_AIRCRAFT|DELAY_NAS
BIS,1,99,-4.47,-8.95,16,27.81,34.81,13,390.54,390.77,DELAY_CARRIER|DELAY_WEATHER|DELAY_NAS
BIS,2,101,-4.94,-16.25,8,30.5,15.38,9,266.0,258.11,DELAY_CARRIER|DELAY_NAS|DELAY_WEATHER
BIS,3,128,-5.02,-14.13,12,29.67,31.17,4,119.25,112.25,DELAY_NAS|DELAY_LATE_AIRCRAFT|CANC_WEATHER
BIS,4,134,-5.53,-13.34,7,32.0,27.14,5,110.8,106.8,DELAY_CARRIER|DELAY_LATE_AIRCRAFT|DELAY_WEATHER
BIS,5,146,-5.63,-12.66,13,33.31,24.54,15,190.07,186.13,DELAY_CARRIER|DELAY_LATE_AIRCRAFT|DELAY_NAS
BIS,6,144,-4.89,-9.35,21,34.62,32.9,17,119.12,124.53,DELAY_CARRIER|DELAY_NAS|DELAY_LATE_AIRCRAFT
BIS,7,148,-3.84,-7.53,20,31.6,32.45,20,139.9,138.2,DELAY_CARRIER|DELAY_NAS|DELAY_LATE_AIRCRAFT
BIS,8,154,-5.41,-9.03,8,34.13,32.63,10,91.3,88.1,DELAY_CARRIER|DELAY_NAS|DELAY_LATE_AIRCRAFT
BIS,9,147,-4.81,-12.28,17,37.35,24.35,4,156.5,140.5,DELAY_CARRIER|DELAY_LATE_AIRCRAFT|DELAY_NAS
BIS,10,161,-5.27,-16.9,8,32.0,17.0,7,119.14,110.71,DELAY_CARRIER|DELAY_LATE_AIRCRAFT|DELAY_NAS
BIS,11,137,-3.07,-6.33,14,29.5,29.93,14,133.5,135.29,DELAY_CARRIER|DELAY_NAS|DELAY_LATE_AIRCRAFT
BIS,12,160,-3.76,-11.46,26,34.27,33.04,20,130.1,126.9,DELAY_CARRIER|DELAY_NAS|DELAY_LATE_AIRCRAFT
BJI,1,18,-5.56,-9.44,5,32.8,31.0,2,111.5,108.5,DELAY_CARRIER|DELAY_WEATHER
BJI,2,23,-6.43,-12.87,0,,,2,349.0,333.5,DELAY_CARRIER|DELAY_WEATHER
BJI,3,18,-8.61,-15.22,1,48.0,47.0,3,158.0,147.0,DELAY_CARRIER|CANC_WEATHER|DELAY_WEATHER
BJI,4,33,-8.0,-20.09,1,51.0,52.0,2,190.0,177.0,DELAY_CARRIER|DELAY_WEATHER
BJI,5,25,-8.44,-16.08,1,20.0,21.0,1,72.0,63.0,DELAY_CARRIER
BJI,6,22,-6.18,-2.5,3,35.67,29.33,5,151.4,160.2,DELAY_CARRIER|DELAY_WEATHER|CANC_WEATHER
BJI,7,24,-3.58,-3.75,5,20.4,24.4,1,153.0,139.0,DELAY_CARRIER|DELAY_NAS|DELAY_WEATHER
BJI,8,22,-4.45,-10.41,1,27.0,35.0,1,160.0,143.0,DELAY_CARRIER|DELAY_WEATHER
BJI,9,26,-7.77,-22.46,0,,,1,112.0,118.0,DELAY_CARRIER
BJI,10,25,-7.92,-22.84,2,43.5,26.5,4,251.75,236.75,DELAY_CARRIER
BJI,11,28,-7.07,-11.07,4,21.75,21.5,2,275.5,259.5,DELAY_CARRIER
BJI,12,13,-6.31,-8.92,5,36.2,27.2,5,210.8,203.6,DELAY_CARRIER|DELAY_WEATHER
BLI,1,82,-2.41,-4.06,7,27.14,33.43,8,215.13,222.0,DELAY_NAS|DELAY_CARRIER|DELAY_LATE_AIRCRAFT
BLI,2,99,-4.25,-4.51,1,32.0,27.0,2,100.5,112.5,DELAY_NAS|DELAY_CARRIER|CANC_NAS
BLI,3,113,-3.37,-2.02,10,28.3,23.4,7,140.57,135.0,DELAY_CARRIER|DELAY_NAS|DELAY_LATE_AIRCRAFT
BLI,4,103,-3.0,-7.09,11,26.09,20.18,5,123.2,125.8,DELAY_CARRIER|DELAY_LATE_AIRCRAFT|CANC_CARRIER
BLI,5,97,-3.53,-8.54,13,27.15,19.0,4,190.75,181.25,DELAY_LATE_AIRCRAFT|DELAY_CARRIER|DELAY_NAS
BLI,6,94,-1.67,-3.27,19,29.84,22.32,3,140.0,131.67,DELAY_LATE_AIRCRAFT|DELAY_NAS|DELAY_CARRIER
BLI,7,105,-2.0,-5.8,13,23.38,17.77,6,114.0,119.0,DELAY_LATE_AIRCRAFT|DELAY_CARRIER|DELAY_NAS
BLI,8,89,-1.4,-2.02,14,35.93,36.71,2,134.0,131.0,DELAY_LATE_AIRCRAFT|DELAY_CARRIER|DELAY_NAS
BLI,9,61,-2.84,-2.67,11,33.36,28.45,6,284.17,288.5,DELAY_LATE_AIRCRAFT|DELAY_CARRIER|DELAY_NAS
BLI,10,68,-4.87,-5.94,8,36.88,38.0,3,81.67,71.0,DELAY_LATE_AIRCRAFT|DELAY_CARRIER|DELAY_NAS
BLI,11,74,-3.97,-7.45,4,25.25,27.0,1,253.0,258.0,DELAY_CARRIER|DELAY_NAS|DELAY_LATE_AIRCRAFT
BLI,12,75,-4.65,-9.27,8,33.25,21.88,4,274.5,271.25,DELAY_CARRIER|DELAY_LATE_AIRCRAFT|CANC_WEATHER
BLV,1,20,-9.15,-16.7,8,33.63,35.13,1,179.0,228.0,DELAY_LATE_AIRCRAFT|DELAY_NAS|CANC_WEATHER
BLV,2,22,-8.91,-17.64,2,23.5,19.0,4,175.5,187.25,DELAY_LATE_AIRCRAFT|DELAY_WEATHER
BLV,3,28,-7.61,-19.46,7,29.29,26.71,10,112.1,113.7,DELAY_LATE_AIRCRAFT|DELAY_NAS
BLV,4,47,-9.96,-23.19,3,24.33,18.67,1,280.0,282.0,DELAY_NAS|DELAY_LATE_AIRCRAFT
BLV,5,38,-3.82,-14.61,9,35.11,34.78,3,156.0,156.67,DELAY_LATE_AIRCRAFT|DELAY_CARRIER|DELAY_NAS
BLV,6,57,-6.25,-7.26,7,34.43,30.29,10,134.3,127.7,DELAY_LATE_AIRCRAFT|DELAY_CARRIER|CANC_CARRIER
BLV,7,49,-6.88,-8.04,13,30.54,33.08,10,156.9,151.0,DELAY_LATE_AIRCRAFT|DELAY_CARRIER|CANC_CARRIER
BLV,8,33,-12.24,-16.12,7,36.0,33.86,9,194.56,188.22,DELAY_LATE_AIRCRAFT|CANC_CARRIER|DELAY_CARRIER
BLV,9,32,-11.5,-19.16,2,50.5,40.5,5,229.8,223.6,DELAY_LATE_AIRCRAFT|DELAY_CARRIER|DELAY_WEATHER
BLV,10,36,-11.89,-18.67,1,56.0,53.0,3,213.67,205.0,DELAY_LATE_AIRCRAFT|DELAY_WEATHER|CANC_NAS
BLV,11,28,-8.79,-22.32,6,31.67,29.67,1,86.0,99.0,DELAY_LATE_AIRCRAFT|DELAY_CARRIER
BLV,12,26,-6.96,-18.77,7,39.14,29.14,6,223.5,213.33,DELAY_LATE_AIRCRAFT|DELAY_CARRIER|CANC_WEATHER
BMI,1,57,-3.05,-2.58,6,38.5,37.83,10,205.4,199.2,DELAY_LATE_AIRCRAFT|DELAY_NAS|CANC_WEATHER
BMI,2,57,-5.84,-12.28,7,29.57,35.29,6,182.5,169.83,DELAY_LATE_AIRCRAFT|DELAY_NAS|DELAY_CARRIER
BMI,3,54,-6.09,-11.11,7,29.43,27.14,4,102.5,109.75,DELAY_LATE_AIRCRAFT|DELAY_WEATHER|DELAY_CARRIER
BMI,4,59,-5.49,-8.71,2,32.0,53.0,4,122.75,120.5,DELAY_LATE_AIRCRAFT|DELAY_NAS|CANC_NAS
BMI,5,45,-4.64,-4.51,13,37.23,32.31,10,126.3,134.0,DELAY_LATE_AIRCRAFT|DELAY_NAS|DELAY_CARRIER
BMI,6,66,-4.11,-10.71,7,27.71,24.14,10,176.7,174.2,DELAY_LATE_AIRCRAFT|DELAY_CARRIER|DELAY_NAS
BMI,7,60,-6.13,-10.95,6,30.5,31.0,8,135.38,138.88,DELAY_LATE_AIRCRAFT|DELAY_CARRIER|DELAY_NAS
BMI,8,65,-5.88,-13.31,4,35.25,30.75,4,308.0,296.0,DELAY_CARRIER|DELAY_LATE_AIRCRAFT|DELAY_NAS
BMI,9,69,-4.96,-10.68,4,31.0,36.5,0,,,DELAY_NAS|CANC_CARRIER|DELAY_WEATHER
BMI,10,65,-5.2,-18.15,1,25.0,7.0,4,178.5,160.75,DELAY_CARRIER|DELAY_NAS
BMI,11,61,-5.95,-15.18,7,30.29,16.14,3,82.67,84.0,DELAY_CARRIER|DELAY_NAS|DELAY_LATE_AIRCRAFT
BMI,12,66,-3.59,-9.58,4,33.25,34.0,5,156.8,155.8,DELAY_LATE_AIRCRAFT|DELAY_NAS|DELAY_WEATHER
BNA,1,2632,-2.48,-8.37,557,31.31,27.38,271,173.37,178.78,DELAY_LATE_AIRCRAFT|CANC_WEATHER|DELAY_CARRIER
BNA,2,3091,-3.21,-9.43,343,28.87,22.15,103,162.93,158.12,DELAY_LATE_AIRCRAFT|DELAY_NAS|DELAY_CARRIER
BNA,3,3302,-3.01,-9.48,574,30.4,24.49,259,143.49,140.25,DELAY_LATE_AIRCRAFT|DELAY_NAS|DELAY_CARRIER
BNA,4,3375,-2.85,-9.04,546,30.53,23.76,241,158.55,154.07,DELAY_LATE_AIRCRAFT|DELAY_CARRIER|DELAY_NAS
BNA,5,3053,-1.13,-6.05,801,31.85,28.49,500,144.3,143.08,DELAY_LATE_AIRCRAFT|DELAY_NAS|DELAY_CARRIER
BNA,6,3287,-1.32,-6.95,723,30.89,25.21,406,140.82,137.44,DELAY_LATE_AIRCRAFT|DELAY_CARRIER|DELAY_NAS
BNA,7,3143,-1.69,-6.59,900,31.53,26.38,446,139.66,134.51,DELAY_LATE_AIRCRAFT|DELAY_CARRIER|DELAY_NAS
BNA,8,3445,-2.42,-7.26,563,31.41,26.59,278,153.33,149.27,DELAY_LATE_AIRCRAFT|DELAY_NAS|DELAY_CARRIER
BNA,9,3499,-2.63,-7.98,463,31.02,25.19,183,146.77,141.73,DELAY_LATE_AIRCRAFT|DELAY_CARRIER|DELAY_NAS
BNA,10,3890,-2.52,-9.46,451,29.32,21.07,130,138.96,132.31,DELAY_LATE_AIRCRAFT|DELAY_CARRIER|DELAY_NAS
BNA,11,3492,-3.08,-10.27,401,29.87,21.31,126,161.16,156.13,DELAY_LATE_AIRCRAFT|DELAY_CARRIER|DELAY_NAS
BNA,12,3125,-1.81,-9.17,642,29.95,22.43,236,144.86,142.75,DELAY_LATE_AIRCRAFT|DELAY_CARRIER|DELAY_NAS
BOI,1,631,-2.9,-3.79,103,32.94,36.8,53,161.34,166.7,DELAY_NAS|DELAY_LATE_AIRCRAFT|DELAY_CARRIER
BOI,2,621,-3.52,-8.76,63,30.17,24.92,45,174.22,174.47,DELAY_NAS|DELAY_LATE_AIRCRAFT|DELAY_CARRIER
BOI,3,732,-4.03,-6.45,68,31.1,28.82,28,139.64,141.86,DELAY_NAS|DELAY_CARRIER|DELAY_LATE_AIRCRAFT
BOI,4,772,-4.19,-7.12,80,28.75,26.81,29,157.17,156.21,DELAY_CARRIER|DELAY_LATE_AIRCRAFT|DELAY_NAS
BOI,5,890,-3.75,-6.96,122,29.61,26.62,43,124.42,122.4,DELAY_LATE_AIRCRAFT|DELAY_NAS|DELAY_CARRIER
BOI,6,833,-3.64,-6.36,137,29.77,26.08,54,158.48,154.48,DELAY_LATE_AIRCRAFT|DELAY_CARRIER|DELAY_NAS
BOI,7,878,-2.94,-7.19,114,29.63,26.28,65,166.98,162.6,DELAY_LATE_AIRCRAFT|DELAY_CARRIER|DELAY_NAS
BOI,8,871,-4.01,-6.01,101,31.83,29.86,52,124.17,124.5,DELAY_CARRIER|DELAY_LATE_AIRCRAFT|DELAY_NAS
BOI,9,871,-3.92,-8.31,109,31.04,27.75,39,139.15,136.21,DELAY_LATE_AIRCRAFT|DELAY_CARRIER|DELAY_NAS
BOI,10,887,-4.57,-9.28,80,28.59,25.29,21,243.76,237.24,DELAY_CARRIER|DELAY_LATE_AIRCRAFT|DELAY_NAS
BOI,11,855,-4.15,-8.74,73,30.53,26.6,31,148.68,148.48,DELAY_CARRIER|DELAY_NAS|DELAY_LATE_AIRCRAFT
BOI,12,808,-3.38,-10.38,113,30.18,20.26,55,162.96,159.25,DELAY_LATE_AIRCRAFT|DELAY_CARRIER|DELAY_NAS
BOS,1,3768,-3.44,-11.31,661,32.41,27.03,477,159.53,160.32,DELAY_NAS|DELAY_CARRIER|DELAY_LATE_AIRCRAFT
BOS,2,4205,-3.72,-17.66,486,31.1,18.17,269,134.93,126.33,DELAY_CARRIER|DELAY_NAS|DELAY_LATE_AIRCRAFT
BOS,3,4589,-3.9,-15.03,674,30.79,19.39,369,139.51,130.13,DELAY_CARRIER|DELAY_NAS|DELAY_LATE_AIRCRAFT
BOS,4,4577,-3.85,-10.93,659,32.18,24.96,408,139.6,133.55,DELAY_NAS|DELAY_LATE_AIRCRAFT|DELAY_CARRIER
BOS,5,4860,-3.44,-10.27,863,31.9,25.4,510,147.91,142.48,DELAY_LATE_AIRCRAFT|DELAY_NAS|DELAY_CARRIER
BOS,6,4758,-3.26,-9.01,851,31.58,27.5,602,140.13,136.33,DELAY_NAS|DELAY_LATE_AIRCRAFT|DELAY_CARRIER
BOS,7,4604,-2.94,-9.44,892,32.33,27.56,759,139.88,134.16,DELAY_CARRIER|DELAY_LATE_AIRCRAFT|DELAY_NAS
BOS,8,4738,-2.93,-9.64,970,32.44,27.58,703,140.09,135.47,DELAY_CARRIER|DELAY_LATE_AIRCRAFT|DELAY_NAS
BOS,9,5114,-4.24,-12.38,593,32.09,22.7,371,136.86,125.89,DELAY_LATE_AIRCRAFT|DELAY_CARRIER|DELAY_NAS
BOS,10,5606,-3.73,-12.09,614,31.1,22.48,254,123.19,116.22,DELAY_CARRIER|DELAY_LATE_AIRCRAFT|DELAY_NAS
BOS,11,4981,-4.51,-14.33,532,31.33,20.48,269,130.86,119.81,DELAY_CARRIER|DELAY_LATE_AIRCRAFT|DELAY_NAS
BOS,12,4370,-2.73,-9.85,858,31.58,24.91,511,139.84,138.02,DELAY_LATE_AIRCRAFT|DELAY_NAS|DELAY_CARRIER
BPT,1,19,-0.37,-7.68,6,32.5,23.33,2,99.0,93.5,DELAY_LATE_AIRCRAFT|DELAY_CARRIER|CANC_WEATHER
BPT,2,30,-5.73,-5.13,1,17.0,16.0,1,168.0,149.0,DELAY_NAS|DELAY_CARRIER|DELAY_LATE_AIRCRAFT
BPT,3,23,-5.13,-10.17,2,28.0,17.5,3,151.0,147.33,DELAY_LATE_AIRCRAFT|CANC_WEATHER|DELAY_CARRIER
BPT,4,20,-6.45,-15.2,3,43.33,31.67,4,164.5,207.25,DELAY_WEATHER|DELAY_CARRIER|DELAY_NAS
BPT,5,31,-7.0,-4.19,1,15.0,6.0,4,144.0,150.25,DELAY_CARRIER|CANC_WEATHER|DELAY_NAS
BPT,6,30,-9.0,-17.1,0,,,2,94.5,106.0,DELAY_WEATHER|DELAY_CARRIER
BPT,7,26,-8.12,-9.54,2,22.5,13.0,0,,,DELAY_NAS|CANC_WEATHER|DELAY_LATE_AIRCRAFT
BPT,8,30,-8.07,-9.87,1,30.0,16.0,0,,,DELAY_CARRIER
BPT,9,27,-7.44,-17.78,2,41.0,29.5,0,,,DELAY_CARRIER|DELAY_LATE_AIRCRAFT|DELAY_WEATHER
BPT,10,21,-6.95,-22.24,2,50.0,46.5,2,389.0,381.0,DELAY_CARRIER|DELAY_LATE_AIRCRAFT
BPT,11,16,-5.63,-13.0,1,18.0,8.0,1,254.0,225.0,CANC_WEATHER|DELAY_CARRIER
BPT,12,28,-7.0,-11.86,2,49.5,43.0,0,,,DELAY_NAS|CANC_WEATHER|DELAY_CARRIER
BQK,1,19,-6.05,-10.16,2,38.0,31.5,6,103.0,103.33,DELAY_CARRIER|DELAY_WEATHER|DELAY_NAS
BQK,2,27,-4.19,-2.07,1,17.0,30.0,2,294.5,289.5,DELAY_WEATHER|DELAY_CARRIER|DELAY_NAS
BQK,3,29,-5.72,-0.69,1,37.0,82.0,2,144.0,133.0,DELAY_CARRIER|DELAY_LATE_AIRCRAFT|DELAY_NAS
BQK,4,23,-5.04,0.57,4,37.25,32.5,1,69.0,60.0,DELAY_CARRIER|DELAY_LATE_AIRCRAFT|DELAY_WEATHER
BQK,5,19,-6.79,0.21,5,31.6,35.6,8,219.38,223.5,DELAY_CARRIER|DELAY_WEATHER|DELAY_NAS
BQK,6,18,-3.44,-8.56,1,42.0,26.0,5,153.2,149.8,DELAY_CARRIER|DELAY_LATE_AIRCRAFT|DELAY_WEATHER
BQK,7,34,-5.38,-1.76,0,,,3,124.0,155.0,DELAY_CARRIER|DELAY_WEATHER
BQK,8,26,-6.85,-6.54,3,48.33,43.67,3,215.0,215.0,DELAY_CARRIER|DELAY_WEATHER
BQK,9,31,-5.77,-2.45,3,28.0,16.67,0,,,DELAY_CARRIER|DELAY_NAS
BQK,10,36,-7.53,-11.11,3,32.0,22.0,4,94.25,91.75,DELAY_CARRIER|DELAY_WEATHER
BQK,11,39,-8.08,-5.67,1,28.0,9.0,5,132.6,130.2,DELAY_CARRIER|DELAY_LATE_AIRCRAFT|DELAY_NAS
BQK,12,27,-6.07,-6.85,0,,,1,469.0,508.0,DELAY_CARRIER
BQN,1,103,-8.17,-11.54,12,27.92,22.0,5,369.6,367.8,DELAY_LATE_AIRCRAFT|DELAY_CARRIER|DELAY_NAS
BQN,2,73,-9.14,-10.9,12,31.33,33.5,9,180.78,186.11,DELAY_LATE_AIRCRAFT|CANC_CARRIER|DELAY_CARRIER
BQN,3,86,-7.98,-11.78,28,28.46,23.5,14,158.5,156.14,DELAY_LATE_AIRCRAFT|DELAY_NAS|DELAY_CARRIER
BQN,4,85,-7.19,-12.47,9,30.33,24.89,8,166.63,160.0,DELAY_LATE_AIRCRAFT|DELAY_NAS|DELAY_CARRIER
BQN,5,93,-4.35,-13.77,17,30.0,18.41,13,111.15,105.23,DELAY_LATE_AIRCRAFT|DELAY_CARRIER|CANC_WEATHER
BQN,6,56,-3.38,-11.04,18,30.44,25.78,18,184.28,179.56,DELAY_LATE_AIRCRAFT|DELAY_NAS|CANC_NAS
BQN,7,63,-5.17,-14.76,15,28.93,14.27,14,186.0,179.71,DELAY_LATE_AIRCRAFT|CANC_WEATHER|DELAY_CARRIER
BQN,8,59,-5.07,-13.68,17,29.41,20.41,16,201.0,199.38,DELAY_LATE_AIRCRAFT|CANC_NAS|DELAY_CARRIER
BQN,9,53,-4.87,-14.53,6,27.67,25.5,7,227.71,223.71,DELAY_LATE_AIRCRAFT|DELAY_CARRIER
BQN,10,48,-6.21,-12.65,10,32.8,22.4,4,138.5,130.75,DELAY_LATE_AIRCRAFT|CANC_WEATHER|DELAY_CARRIER
BQN,11,55,-4.16,-11.47,17,33.24,28.35,6,169.5,161.0,DELAY_LATE_AIRCRAFT|DELAY_CARRIER|DELAY_NAS
BQN,12,78,-7.38,-13.73,18,30.11,23.22,14,99.29,93.29,DELAY_LATE_AIRCRAFT|DELAY_NAS|DELAY_CARRIER
BRD,1,14,-9.21,-19.29,0,,,5,92.6,81.4,DELAY_CARRIER|DELAY_WEATHER
BRD,2,27,-7.3,-22.56,0,,,1,139.0,123.0,DELAY_WEATHER
BRD,3,19,-7.95,-16.89,4,44.25,43.75,2,62.0,67.5,DELAY_CARRIER|CANC_WEATHER|DELAY_NAS
BRD,4,28,-9.71,-20.64,2,30.0,14.0,0,,,DELAY_CARRIER
BRD,5,25,-9.08,-17.32,0,,,1,119.0,119.0,DELAY_CARRIER
BRD,6,25,-7.88,6.52,1,35.0,60.0,2,635.0,643.5,DELAY_CARRIER|DELAY_WEATHER|DELAY_NAS
BRD,7,29,-5.86,1.41,6,24.67,29.0,3,93.0,91.67,DELAY_CARRIER|DELAY_NAS|DELAY_WEATHER
BRD,8,29,-7.86,-3.59,1,45.0,114.0,0,,,DELAY_CARRIER|DELAY_NAS
BRD,9,28,-9.04,-10.79,1,31.0,37.0,2,93.5,96.0,DELAY_CARRIER|DELAY_NAS|DELAY_WEATHER
BRD,10,27,-10.78,-24.0,2,26.0,18.5,1,63.0,76.0,DELAY_CARRIER|DELAY_SECURITY|DELAY_WEATHER
BRD,11,25,-11.04,-20.8,1,42.0,25.0,0,,,DELAY_WEATHER
BRD,12,19,-8.79,-17.79,0,,,4,295.5,291.25,DELAY_CARRIER|DELAY_WEATHER|CANC_WEATHER
BRO,1,46,-3.24,-7.96,6,22.5,18.0,5,122.8,125.4,DELAY_LATE_AIRCRAFT|CANC_WEATHER|DELAY_NAS
BRO,2,59,-5.66,-6.05,2,27.0,23.0,0,,,DELAY_NAS|DELAY_CARRIER|DELAY_LATE_AIRCRAFT
BRO,3,80,-3.34,-7.49,9,29.78,21.56,7,264.29,261.14,DELAY_LATE_AIRCRAFT|DELAY_CARRIER|CANC_WEATHER
BRO,4,55,-5.45,-8.47,9,32.67,34.11,10,212.4,228.6,DELAY_LATE_AIRCRAFT|DELAY_WEATHER|DELAY_CARRIER
BRO,5,57,-4.89,-3.95,13,28.0,26.77,8,103.75,109.25,DELAY_CARRIER|DELAY_LATE_AIRCRAFT|CANC_WEATHER
BRO,6,89,-5.84,-9.52,4,23.5,15.25,9,177.0,177.67,DELAY_CARRIER|DELAY_LATE_AIRCRAFT|DELAY_NAS
BRO,7,84,-4.58,-6.86,15,34.87,41.27,9,178.22,176.56,DELAY_LATE_AIRCRAFT|DELAY_CARRIER|DELAY_NAS
BRO,8,94,-6.62,-10.64,9,34.0,35.67,2,182.5,175.0,DELAY_LATE_AIRCRAFT|DELAY_NAS|DELAY_CARRIER
BRO,9,75,-5.88,-8.93,3,53.33,50.67,3,144.0,136.67,DELAY_CARRIER|DELAY_LATE_AIRCRAFT|DELAY_NAS
BRO,10,95,-6.51,-10.8,7,28.43,21.29,4,88.25,78.75,DELAY_LATE_AIRCRAFT|DELAY_CARRIER|DELAY_NAS
BRO,11,48,-6.27,-9.06,3,48.0,46.67,3,159.67,161.0,DELAY_CARRIER|DELAY_LATE_AIRCRAFT|DELAY_NAS
BRO,12,59,-5.08,-7.02,3,33.67,34.0,8,131.0,125.25,DELAY_CARRIER|DELAY_LATE_AIRCRAFT|DELAY_NAS
BRW,1,7,-7.86,-9.0,4,38.0,39.0,2,198.5,200.5,DELAY_LATE_AIRCRAFT|CANC_CARRIER|CANC_WEATHER
BRW,2,15,-5.93,-2.27,2,45.5,57.0,0,,,CANC_WEATHER|DELAY_LATE_AIRCRAFT|DELAY_NAS
BRW,3,14,-2.5,-1.64,4,26.75,25.75,1,234.0,240.0,CANC_CARRIER|DELAY_CARRIER|DELAY_LATE_AIRCRAFT
BRW,4,13,-9.08,-7.23,3,38.33,39.67,1,90.0,90.0,DELAY_LATE_AIRCRAFT|DELAY_SECURITY|DELAY_CARRIER
BRW,5,12,-8.0,-6.58,3,20.0,23.0,0,,,DELAY_LATE_AIRCRAFT|DELAY_SECURITY
BRW,6,9,-8.22,-7.22,3,41.67,46.67,0,,,DELAY_LATE_AIRCRAFT|CANC_WEATHER
BRW,7,12,0.0,2.83,1,19.0,23.0,0,,,CANC_WEATHER|DELAY_SECURITY
BRW,8,7,0.43,5.43,3,37.33,47.67,0,,,DELAY_LATE_AIRCRAFT|DELAY_SECURITY
BRW,9,8,-6.0,-3.0,1,19.0,13.0,2,85.0,81.5,DELAY_LATE_AIRCRAFT
BRW,10,11,-3.64,-6.0,3,30.67,34.33,1,66.0,70.0,DELAY_LATE_AIRCRAFT
BRW,11,14,-9.57,-10.21,3,30.0,20.33,0,,,CANC_WEATHER|DELAY_LATE_AIRCRAFT
BRW,12,9,-0.33,-1.78,5,26.6,29.4,0,,,DELAY_LATE_AIRCRAFT
BTM,1,32,-13.0,-17.97,2,36.5,32.0,2,302.0,290.5,DELAY_CARRIER|DELAY_WEATHER|DELAY_NAS
BTM,2,23,-13.91,-17.78,0,,,0,,,N/D
BTM,3,28,-13.21,-26.07,1,35.0,18.0,1,202.0,237.0,DELAY_WEATHER
BTM,4,28,-14.39,-29.21,1,26.0,16.0,0,,,DELAY_CARRIER
BTM,5,27,-10.41,-19.7,1,40.0,38.0,0,,,DELAY_CARRIER
BTM,6,22,-14.23,-19.36,3,41.67,34.67,2,96.5,98.0,DELAY_CARRIER|DELAY_WEATHER
BTM,7,33,-11.21,-20.09,2,30.5,23.5,1,127.0,123.0,DELAY_CARRIER|DELAY_WEATHER
BTM,8,32,-13.28,-21.53,0,,,1,103.0,80.0,DELAY_WEATHER
BTM,9,30,-12.97,-17.07,1,35.0,26.0,0,,,DELAY_CARRIER
BTM,10,25,-11.64,-22.4,0,,,0,,,N/D
BTM,11,23,-12.96,-24.52,0,,,1,84.0,69.0,DELAY_CARRIER
BTM,12,30,-12.87,-30.2,1,37.0,7.0,1,1073.0,1067.0,DELAY_CARRIER
BTR,1,114,-4.95,-7.95,23,36.26,34.04,22,140.73,139.09,DELAY_CARRIER|DELAY_LATE_AIRCRAFT|DELAY_NAS
BTR,2,154,-5.81,-9.05,17,29.71,27.59,12,237.17,233.75,DELAY_CARRIER|DELAY_LATE_AIRCRAFT|DELAY_NAS
BTR,3,173,-3.88,-8.68,22,23.05,18.55,7,178.14,181.14,DELAY_CARRIER|DELAY_NAS|DELAY_LATE_AIRCRAFT
BTR,4,151,-4.82,-6.33,20,29.6,28.15,20,217.0,213.95,DELAY_CARRIER|DELAY_LATE_AIRCRAFT|DELAY_NAS
BTR,5,164,-3.49,-4.49,34,31.79,34.38,26,148.42,154.35,DELAY_LATE_AIRCRAFT|DELAY_NAS|DELAY_CARRIER
BTR,6,171,-4.51,-8.02,22,28.14,23.45,19,177.0,173.26,DELAY_CARRIER|DELAY_LATE_AIRCRAFT|DELAY_NAS
BTR,7,156,-2.76,-8.29,23,33.26,31.74,23,144.52,152.39,DELAY_LATE_AIRCRAFT|DELAY_CARRIER|CANC_CARRIER
BTR,8,173,-5.54,-10.69,16,31.31,28.63,6,86.0,75.5,DELAY_LATE_AIRCRAFT|DELAY_NAS|DELAY_CARRIER
BTR,9,170,-4.6,-10.78,18,33.44,28.17,13,114.08,115.23,DELAY_LATE_AIRCRAFT|DELAY_NAS|CANC_WEATHER
BTR,10,194,-5.26,-11.97,12,32.25,27.92,9,159.56,156.89,DELAY_LATE_AIRCRAFT|DELAY_CARRIER|DELAY_NAS
BTR,11,186,-3.97,-11.29,23,25.57,21.22,11,105.45,108.09,DELAY_CARRIER|DELAY_LATE_AIRCRAFT|DELAY_WEATHER
BTR,12,137,-1.95,-7.07,24,29.29,23.96,14,235.5,241.64,DELAY_LATE_AIRCRAFT|DELAY_NAS|DELAY_CARRIER
BTV,1,203,-4.38,-10.46,20,30.95,26.8,28,237.0,236.21,DELAY_NAS|DELAY_LATE_AIRCRAFT|DELAY_CARRIER
BTV,2,222,-5.1,-19.25,17,34.53,21.18,12,167.08,154.0,DELAY_LATE_AIRCRAFT|DELAY_NAS|DELAY_CARRIER
BTV,3,221,-6.0,-16.44,9,32.56,24.78,6,121.83,121.33,DELAY_NAS|DELAY_LATE_AIRCRAFT|DELAY_CARRIER
BTV,4,221,-6.66,-12.59,14,34.79,32.14,16,176.69,177.0,DELAY_NAS|DELAY_LATE_AIRCRAFT|DELAY_CARRIER
BTV,5,278,-6.04,-12.54,23,33.26,30.43,17,132.59,130.47,DELAY_LATE_AIRCRAFT|DELAY_NAS|DELAY_CARRIER
BTV,6,317,-5.39,-12.24,41,31.68,30.88,35,171.11,164.23,DELAY_LATE_AIRCRAFT|DELAY_CARRIER|DELAY_NAS
BTV,7,260,-4.85,-8.14,41,32.24,31.29,41,212.32,218.9,DELAY_LATE_AIRCRAFT|DELAY_NAS|DELAY_CARRIER
BTV,8,345,-4.25,-5.32,47,28.36,34.11,31,156.35,160.13,DELAY_NAS|DELAY_LATE_AIRCRAFT|DELAY_CARRIER
BTV,9,397,-5.93,-10.19,26,31.19,26.08,20,145.8,141.65,DELAY_CARRIER|DELAY_NAS|DELAY_LATE_AIRCRAFT
BTV,10,415,-5.54,-11.95,28,32.04,27.04,21,143.67,131.52,DELAY_NAS|DELAY_CARRIER|DELAY_LATE_AIRCRAFT
BTV,11,283,-5.23,-14.86,17,36.12,35.76,15,129.53,123.0,DELAY_NAS|DELAY_CARRIER|DELAY_LATE_AIRCRAFT
BTV,12,277,-4.1,-8.85,43,33.44,31.05,25,172.88,170.92,DELAY_NAS|DELAY_LATE_AIRCRAFT|DELAY_CARRIER
BUF,1,507,-3.19,-7.27,89,29.56,31.99,69,175.72,180.81,CANC_WEATHER|DELAY_NAS|DELAY_LATE_AIRCRAFT
BUF,2,676,-4.01,-15.06,74,28.47,22.05,30,164.13,159.07,DELAY_NAS|DELAY_LATE_AIRCRAFT|DELAY_CARRIER
BUF,3,791,-3.71,-10.72,97,28.96,22.72,70,146.57,142.34,DELAY_LATE_AIRCRAFT|DELAY_NAS|DELAY_CARRIER
BUF,4,725,-4.01,-10.42,91,31.64,27.34,38,161.92,157.58,DELAY_LATE_AIRCRAFT|DELAY_NAS|DELAY_CARRIER
BUF,5,746,-3.53,-9.17,112,31.1,29.35,65,154.4,150.2,DELAY_LATE_AIRCRAFT|DELAY_NAS|DELAY_CARRIER
BUF,6,736,-3.19,-8.79,126,32.94,30.87,79,139.32,135.32,DELAY_LATE_AIRCRAFT|DELAY_NAS|DELAY_CARRIER
BUF,7,698,-2.71,-5.59,135,32.76,30.81,97,173.18,176.93,DELAY_LATE_AIRCRAFT|DELAY_NAS|DELAY_CARRIER
BUF,8,740,-2.31,-6.24,152,30.09,25.88,75,161.45,164.24,DELAY_LATE_AIRCRAFT|DELAY_NAS|DELAY_CARRIER
BUF,9,890,-4.43,-9.57,83,28.84,24.25,29,114.34,113.97,DELAY_LATE_AIRCRAFT|DELAY_NAS|DELAY_CARRIER
BUF,10,854,-4.11,-12.36,92,29.03,22.68,32,133.53,126.03,DELAY_LATE_AIRCRAFT|DELAY_CARRIER|DELAY_NAS
BUF,11,785,-3.92,-13.1,82,31.88,22.38,40,136.38,128.53,DELAY_LATE_AIRCRAFT|DELAY_CARRIER|DELAY_NAS
BUF,12,655,-2.67,-7.25,128,31.85,28.84,80,142.43,145.39,DELAY_LATE_AIRCRAFT|DELAY_NAS|DELAY_CARRIER
BUR,1,928,-3.45,-8.28,119,30.5,24.5,75,134.59,130.28,DELAY_LATE_AIRCRAFT|DELAY_NAS|DELAY_CARRIER
BUR,2,846,-3.16,-10.07,121,32.07,26.67,68,175.96,171.07,DELAY_LATE_AIRCRAFT|DELAY_NAS|DELAY_CARRIER
BUR,3,810,-2.48,-6.85,161,32.52,28.03,86,129.99,129.66,DELAY_LATE_AIRCRAFT|DELAY_NAS|DELAY_CARRIER
BUR,4,896,-3.24,-8.98,134,32.54,27.6,68,103.96,102.12,DELAY_LATE_AIRCRAFT|DELAY_NAS|DELAY_CARRIER
BUR,5,936,-2.66,-7.99,162,33.05,28.66,76,109.91,104.68,DELAY_LATE_AIRCRAFT|DELAY_NAS|DELAY_CARRIER
BUR,6,1059,-1.86,-7.53,209,31.28,24.16,85,114.15,109.29,DELAY_LATE_AIRCRAFT|DELAY_NAS|DELAY_CARRIER
BUR,7,1100,-2.71,-8.96,221,31.13,25.86,107,131.64,125.79,DELAY_LATE_AIRCRAFT|DELAY_CARRIER|DELAY_NAS
BUR,8,1147,-3.56,-8.07,154,32.21,27.69,68,123.76,119.43,DELAY_LATE_AIRCRAFT|DELAY_NAS|DELAY_CARRIER
BUR,9,1075,-3.83,-8.68,170,31.91,29.32,80,132.88,128.3,DELAY_LATE_AIRCRAFT|DELAY_NAS|DELAY_CARRIER
BUR,10,1158,-3.33,-7.67,174,30.84,26.88,83,151.96,148.72,DELAY_LATE_AIRCRAFT|DELAY_NAS|DELAY_CARRIER
BUR,11,1160,-3.52,-9.78,135,30.17,25.62,61,156.98,156.49,DELAY_LATE_AIRCRAFT|DELAY_NAS|DELAY_CARRIER
BUR,12,1090,-2.82,-9.78,180,30.72,23.46,93,124.26,117.45,DELAY_LATE_AIRCRAFT|DELAY_NAS|DELAY_CARRIER
BWI,1,2486,0.27,-6.98,869,30.12,25.89,288,122.99,125.87,DELAY_CARRIER|DELAY_LATE_AIRCRAFT|DELAY_NAS
BWI,2,2830,-0.96,-11.12,491,27.89,17.91,106,132.49,120.68,DELAY_CARRIER|DELAY_LATE_AIRCRAFT|DELAY_NAS
BWI,3,2808,-0.07,-8.86,891,31.04,24.84,292,127.04,125.19,DELAY_LATE_AIRCRAFT|DELAY_CARRIER|DELAY_NAS
BWI,4,2989,0.05,-6.02,827,29.74,23.25,243,131.77,128.36,DELAY_CARRIER|DELAY_LATE_AIRCRAFT|DELAY_NAS
BWI,5,2754,0.31,-4.99,1128,30.44,25.54,403,124.89,122.43,DELAY_LATE_AIRCRAFT|DELAY_CARRIER|DELAY_NAS
BWI,6,2836,0.81,-5.72,1150,30.49,23.98,383,129.72,125.39,DELAY_CARRIER|DELAY_LATE_AIRCRAFT|DELAY_NAS
BWI,7,2424,1.16,-3.67,1328,31.72,27.33,594,131.15,127.52,DELAY_LATE_AIRCRAFT|DELAY_CARRIER|DELAY_NAS
BWI,8,2741,0.69,-5.49,1079,30.87,27.65,427,139.5,138.19,DELAY_LATE_AIRCRAFT|DELAY_CARRIER|DELAY_NAS
BWI,9,3291,-0.35,-7.45,684,28.57,20.44,139,121.98,116.8,DELAY_CARRIER|DELAY_LATE_AIRCRAFT|DELAY_NAS
BWI,10,3313,-0.03,-9.58,689,28.23,16.75,109,118.84,107.18,DELAY_CARRIER|DELAY_LATE_AIRCRAFT|DELAY_NAS
BWI,11,3323,-1.18,-10.93,519,28.24,18.29,128,130.95,119.26,DELAY_CARRIER|DELAY_LATE_AIRCRAFT|DELAY_NAS
BWI,12,2829,0.2,-9.58,859,29.58,20.07,241,117.14,107.67,DELAY_LATE_AIRCRAFT|DELAY_CARRIER|DELAY_NAS
BZN,1,301,-5.1,-9.98,45,31.73,27.04,34,275.68,277.0,DELAY_LATE_AIRCRAFT|DELAY_NAS|DELAY_CARRIER
BZN,2,340,-5.2,-5.49,25,34.32,41.56,33,191.36,205.97,DELAY_NAS|DELAY_LATE_AIRCRAFT|DELAY_CARRIER
BZN,3,351,-4.52,-7.71,41,30.71,24.05,27,125.26,125.22,DELAY_NAS|DELAY_LATE_AIRCRAFT|DELAY_CARRIER
BZN,4,280,-5.36,-8.43,19,36.21,32.68,12,109.83,113.0,DELAY_LATE_AIRCRAFT|DELAY_NAS|DELAY_CARRIER
BZN,5,300,-4.41,-8.59,35,27.4,20.66,29,194.45,193.69,DELAY_NAS|DELAY_LATE_AIRCRAFT|DELAY_CARRIER
BZN,6,408,-3.24,-9.34,55,30.78,21.16,35,130.86,123.57,DELAY_LATE_AIRCRAFT|DELAY_NAS|DELAY_CARRIER
BZN,7,453,-3.37,-7.46,78,32.23,31.32,53,140.94,140.17,DELAY_LATE_AIRCRAFT|DELAY_NAS|DELAY_CARRIER
BZN,8,413,-3.05,-7.15,74,33.57,29.64,36,184.17,181.19,DELAY_NAS|DELAY_LATE_AIRCRAFT|DELAY_CARRIER
BZN,9,391,-3.48,-9.26,47,29.77,25.09,19,110.21,105.37,DELAY_LATE_AIRCRAFT|DELAY_NAS|DELAY_CARRIER
BZN,10,322,-5.14,-11.58,25,27.96,19.92,10,124.8,113.1,DELAY_LATE_AIRCRAFT|DELAY_CARRIER|DELAY_NAS
BZN,11,270,-5.31,-10.86,28,33.96,30.18,15,128.6,139.47,DELAY_CARRIER|DELAY_NAS|DELAY_LATE_AIRCRAFT
BZN,12,339,-4.41,-12.86,40,32.05,24.78,28,289.21,280.64,DELAY_LATE_AIRCRAFT|DELAY_CARRIER|DELAY_NAS
CAE,1,194,-5.16,-11.64,26,34.62,33.04,23,180.83,175.22,DELAY_LATE_AIRCRAFT|DELAY_CARRIER|DELAY_NAS
CAE,2,228,-5.6,-12.56,15,34.13,25.2,11,177.64,176.82,DELAY_LATE_AIRCRAFT|DELAY_NAS|DELAY_CARRIER
CAE,3,211,-4.82,-11.04,31,32.65,24.32,10,136.2,127.2,DELAY_LATE_AIRCRAFT|DELAY_CARRIER|DELAY_NAS
CAE,4,220,-4.21,-6.78,26,30.27,38.12,9,130.89,132.56,DELAY_LATE_AIRCRAFT|DELAY_NAS|DELAY_CARRIER
CAE,5,230,-5.07,-7.15,36,33.31,29.97,30,129.23,136.17,DELAY_LATE_AIRCRAFT|DELAY_NAS|DELAY_CARRIER
CAE,6,244,-4.34,-11.05,25,38.36,35.92,12,190.92,193.75,DELAY_LATE_AIRCRAFT|DELAY_CARRIER|DELAY_NAS
CAE,7,218,-4.76,-6.63,28,32.61,32.18,28,263.68,267.93,DELAY_CARRIER|DELAY_LATE_AIRCRAFT|DELAY_NAS
CAE,8,249,-5.23,-8.64,24,32.17,32.71,15,133.53,134.47,DELAY_NAS|DELAY_LATE_AIRCRAFT|DELAY_CARRIER
CAE,9,255,-5.51,-5.55,22,35.86,28.32,26,180.08,180.12,DELAY_LATE_AIRCRAFT|DELAY_CARRIER|DELAY_NAS
CAE,10,277,-5.42,-9.36,35,30.83,21.57,10,143.5,134.0,DELAY_LATE_AIRCRAFT|DELAY_NAS|DELAY_CARRIER
CAE,11,272,-4.17,-6.97,19,26.89,23.53,16,233.63,229.0,DELAY_NAS|DELAY_CARRIER|DELAY_LATE_AIRCRAFT
CAE,12,246,-3.8,-6.09,39,36.74,31.31,15,193.73,187.13,DELAY_NAS|DELAY_LATE_AIRCRAFT|DELAY_CARRIER
CAK,1,97,-7.34,-11.09,11,33.18,32.73,13,138.92,137.23,DELAY_NAS|DELAY_CARRIER|CANC_WEATHER
CAK,2,120,-8.02,-15.57,8,37.0,20.75,7,147.71,133.14,DELAY_CARRIER|DELAY_LATE_AIRCRAFT|DELAY_NAS
CAK,3,121,-7.81,-11.25,10,32.7,23.3,6,193.0,191.83,DELAY_NAS|DELAY_CARRIER|DELAY_LATE_AIRCRAFT
CAK,4,118,-6.47,-7.25,10,31.2,32.3,15,191.53,186.6,DELAY_LATE_AIRCRAFT|DELAY_NAS|DELAY_CARRIER
CAK,5,117,-8.28,-9.86,10,37.6,49.5,17,167.06,172.88,DELAY_CARRIER|DELAY_LATE_AIRCRAFT|DELAY_NAS
CAK,6,127,-5.39,-7.99,18,29.44,23.5,15,147.33,144.8,DELAY_LATE_AIRCRAFT|DELAY_NAS|DELAY_CARRIER
CAK,7,127,-6.46,-7.18,21,33.48,27.86,36,178.31,181.94,DELAY_LATE_AIRCRAFT|DELAY_CARRIER|DELAY_NAS
CAK,8,113,-7.07,-4.66,14,30.0,25.79,15,152.13,150.4,DELAY_NAS|DELAY_LATE_AIRCRAFT|DELAY_CARRIER
CAK,9,117,-6.6,-9.8,8,31.0,29.63,16,144.0,138.31,DELAY_CARRIER|DELAY_LATE_AIRCRAFT|DELAY_NAS
CAK,10,124,-7.41,-12.35,10,30.8,21.9,9,113.0,109.44,DELAY_LATE_AIRCRAFT|DELAY_CARRIER|CANC_WEATHER
CAK,11,123,-6.53,-11.79,8,30.63,13.38,14,139.57,139.36,DELAY_CARRIER|DELAY_LATE_AIRCRAFT|DELAY_NAS
CAK,12,111,-5.26,-13.02,24,28.83,23.29,27,215.81,204.11,DELAY_LATE_AIRCRAFT|DELAY_CARRIER|DELAY_NAS
CDC,1,27,-6.89,-12.67,3,25.67,18.67,1,299.0,313.0,DELAY_WEATHER|DELAY_CARRIER|DELAY_NAS
CDC,2,24,-6.83,-18.0,1,37.0,12.0,0,,,N/D
CDC,3,22,-7.05,-13.05,1,36.0,33.0,2,69.0,58.5,CANC_WEATHER|DELAY_CARRIER|DELAY_WEATHER
CDC,4,30,-6.33,-11.53,2,48.5,40.5,4,138.5,126.75,DELAY_CARRIER|DELAY_SECURITY
CDC,5,19,-6.26,-12.11,1,15.0,9.0,1,75.0,58.0,DELAY_CARRIER
CDC,6,25,-7.92,-14.76,2,25.0,32.5,4,249.5,241.75,DELAY_CARRIER|DELAY_WEATHER
CDC,7,22,-7.86,-16.45,1,16.0,8.0,3,122.33,114.67,DELAY_WEATHER|DELAY_CARRIER
CDC,8,26,-8.12,-15.19,0,,,0,,,N/D
CDC,9,27,-10.93,-13.0,0,,,1,126.0,114.0,DELAY_CARRIER
CDC,10,22,-11.45,-16.14,0,,,1,197.0,204.0,DELAY_CARRIER|DELAY_WEATHER
CDC,11,22,-10.27,-8.73,2,42.5,38.5,1,83.0,76.0,DELAY_CARRIER
CDC,12,22,-9.68,-22.77,2,23.0,18.0,1,216.0,204.0,DELAY_CARRIER
CDV,1,20,-13.7,-13.3,4,26.75,29.75,2,90.5,96.5,DELAY_LATE_AIRCRAFT|DELAY_NAS
CDV,2,26,-17.38,-15.15,3,27.0,23.67,0,,,DELAY_LATE_AIRCRAFT|CANC_CARRIER
CDV,3,26,-13.19,-13.27,2,48.5,51.5,1,102.0,93.0,DELAY_LATE_AIRCRAFT
CDV,4,26,-15.73,-16.23,3,40.0,33.67,0,,,DELAY_LATE_AIRCRAFT|CANC_CARRIER|CANC_WEATHER
CDV,5,26,-12.92,-12.58,1,43.0,39.0,1,77.0,64.0,CANC_CARRIER|DELAY_CARRIER|DELAY_LATE_AIRCRAFT
CDV,6,28,-9.0,-7.21,2,27.0,33.0,1,75.0,64.0,DELAY_LATE_AIRCRAFT|DELAY_NAS
CDV,7,27,-5.93,-4.07,4,34.5,32.5,0,,,DELAY_LATE_AIRCRAFT|DELAY_NAS|CANC_CARRIER
CDV,8,20,-3.45,-5.2,8,30.5,29.88,1,173.0,168.0,DELAY_LATE_AIRCRAFT|CANC_CARRIER|DELAY_CARRIER
CDV,9,24,-6.0,-3.38,5,29.6,23.8,2,97.0,93.5,DELAY_LATE_AIRCRAFT|DELAY_NAS|DELAY_CARRIER
CDV,10,22,-9.82,-11.14,3,22.33,23.67,1,118.0,109.0,DELAY_LATE_AIRCRAFT|CANC_WEATHER
CDV,11,28,-12.07,-14.14,0,,,0,,,CANC_WEATHER|DELAY_NAS
CDV,12,26,-9.62,-9.77,4,26.75,22.5,1,75.0,77.0,DELAY_LATE_AIRCRAFT|DELAY_SECURITY
CHA,1,149,-3.32,-6.92,34,31.97,24.32,23,149.87,149.17,DELAY_LATE_AIRCRAFT|DELAY_NAS|CANC_WEATHER
CHA,2,216,-5.33,-10.22,16,33.75,22.56,12,119.83,110.08,DELAY_CARRIER|DELAY_LATE_AIRCRAFT|DELAY_NAS
CHA,3,224,-5.21,-10.81,29,33.03,27.72,20,200.05,195.1,DELAY_LATE_AIRCRAFT|DELAY_CARRIER|DELAY_NAS
CHA,4,235,-3.36,-3.77,41,31.05,26.54,23,160.78,159.39,DELAY_LATE_AIRCRAFT|DELAY_CARRIER|DELAY_NAS
CHA,5,207,-3.67,-7.17,43,30.79,26.79,38,182.18,183.11,DELAY_CARRIER|DELAY_LATE_AIRCRAFT|DELAY_NAS
CHA,6,209,-3.17,-9.18,31,30.13,25.58,22,108.64,104.36,DELAY_LATE_AIRCRAFT|DELAY_CARRIER|DELAY_NAS
CHA,7,191,-2.52,-7.37,39,35.74,36.97,28,221.14,215.61,DELAY_LATE_AIRCRAFT|DELAY_CARRIER|DELAY_NAS
CHA,8,227,-4.48,-8.82,28,31.11,28.25,20,217.85,214.8,DELAY_LATE_AIRCRAFT|DELAY_CARRIER|DELAY_NAS
CHA,9,262,-5.06,-10.66,22,30.23,24.64,21,246.86,243.1,DELAY_LATE_AIRCRAFT|DELAY_CARRIER|DELAY_NAS
CHA,10,284,-4.13,-10.62,25,30.84,26.88,8,155.75,150.13,DELAY_CARRIER|DELAY_LATE_AIRCRAFT|DELAY_NAS
CHA,11,300,-5.18,-11.52,31,27.81,20.74,15,240.4,228.4,DELAY_NAS|DELAY_LATE_AIRCRAFT|DELAY_CARRIER
CHA,12,231,-3.05,-9.07,38,29.13,23.47,27,137.52,133.67,DELAY_LATE_AIRCRAFT|DELAY_NAS|DELAY_CARRIER
CHO,1,79,-5.87,-8.9,5,36.8,36.4,11,125.73,125.0,CANC_WEATHER|DELAY_CARRIER|DELAY_NAS
CHO,2,112,-5.53,-9.62,3,30.0,28.33,3,219.67,230.33,DELAY_NAS|DELAY_CARRIER|DELAY_LATE_AIRCRAFT
CHO,3,118,-5.22,-14.14,7,38.29,29.86,7,115.43,109.14,DELAY_CARRIER|DELAY_NAS|DELAY_LATE_AIRCRAFT
CHO,4,115,-5.57,-11.48,13,35.62,33.85,5,189.6,183.6,DELAY_LATE_AIRCRAFT|DELAY_CARRIER|DELAY_NAS
CHO,5,125,-3.42,-10.5,13,26.69,23.31,16,168.31,163.06,DELAY_LATE_AIRCRAFT|DELAY_CARRIER|DELAY_NAS
CHO,6,110,-3.77,-10.86,5,39.8,39.4,4,132.0,131.25,DELAY_NAS|DELAY_CARRIER|DELAY_LATE_AIRCRAFT
CHO,7,89,-3.8,-6.39,9,29.56,31.22,10,184.5,181.5,DELAY_NAS|DELAY_CARRIER|DELAY_LATE_AIRCRAFT
CHO,8,104,-4.34,-7.88,9,32.56,52.0,11,159.36,163.91,DELAY_NAS|DELAY_LATE_AIRCRAFT|CANC_NAS
CHO,9,129,-5.22,-9.91,8,34.5,40.63,6,243.5,237.0,DELAY_CARRIER|DELAY_NAS|DELAY_LATE_AIRCRAFT
CHO,10,163,-4.08,-7.54,12,34.33,39.58,9,108.0,105.78,DELAY_NAS|DELAY_LATE_AIRCRAFT|DELAY_CARRIER
CHO,11,136,-5.01,-9.9,6,24.17,22.5,5,195.8,185.2,DELAY_NAS|DELAY_CARRIER|DELAY_LATE_AIRCRAFT
CHO,12,90,-2.28,-8.18,17,27.24,19.94,16,194.63,193.69,DELAY_CARRIER|DELAY_LATE_AIRCRAFT|DELAY_NAS
CHS,1,688,-4.37,-11.53,92,33.15,29.79,75,188.39,186.61,DELAY_LATE_AIRCRAFT|DELAY_NAS|DELAY_CARRIER
CHS,2,727,-4.72,-10.07,72,31.33,24.21,34,169.03,162.62,DELAY_LATE_AIRCRAFT|DELAY_NAS|DELAY_CARRIER
CHS,3,828,-3.75,-9.3,122,28.83,21.65,67,184.13,179.93,DELAY_LATE_AIRCRAFT|DELAY_NAS|DELAY_CARRIER
CHS,4,937,-3.9,-8.37,126,30.41,25.06,65,155.26,151.68,DELAY_LATE_AIRCRAFT|DELAY_NAS|DELAY_CARRIER
CHS,5,902,-3.24,-7.22,143,31.51,30.68,107,163.92,165.01,DELAY_LATE_AIRCRAFT|DELAY_NAS|DELAY_CARRIER
CHS,6,928,-3.25,-7.63,149,32.03,28.9,84,179.27,181.5,DELAY_LATE_AIRCRAFT|DELAY_NAS|DELAY_CARRIER
CHS,7,863,-3.12,-6.8,178,32.91,32.81,150,176.5,176.8,DELAY_LATE_AIRCRAFT|DELAY_NAS|DELAY_CARRIER
CHS,8,843,-4.28,-9.35,141,29.54,26.45,111,156.25,154.29,DELAY_LATE_AIRCRAFT|DELAY_NAS|DELAY_CARRIER
CHS,9,945,-4.93,-9.92,115,29.59,25.2,50,180.32,179.64,DELAY_LATE_AIRCRAFT|DELAY_CARRIER|DELAY_NAS
CHS,10,978,-4.4,-10.56,92,28.88,19.21,34,154.06,148.38,DELAY_LATE_AIRCRAFT|DELAY_NAS|DELAY_CARRIER
CHS,11,871,-4.46,-8.71,75,30.16,24.92,34,159.91,158.97,DELAY_LATE_AIRCRAFT|DELAY_NAS|DELAY_CARRIER
CHS,12,779,-3.07,-7.53,98,33.69,28.05,66,145.91,142.73,DELAY_LATE_AIRCRAFT|DELAY_NAS|DELAY_CARRIER
CID,1,170,-2.34,-4.99,42,34.05,28.52,56,265.55,265.39,DELAY_LATE_AIRCRAFT|CANC_WEATHER|DELAY_NAS
CID,2,244,-5.55,-16.12,23,25.96,17.13,13,120.85,108.0,DELAY_LATE_AIRCRAFT|DELAY_CARRIER|DELAY_NAS
CID,3,275,-5.19,-15.84,19,30.58,25.21,22,177.77,172.55,DELAY_LATE_AIRCRAFT|DELAY_NAS|DELAY_CARRIER
CID,4,260,-4.82,-8.74,18,29.56,30.39,15,150.07,150.2,DELAY_NAS|DELAY_LATE_AIRCRAFT|DELAY_CARRIER
CID,5,234,-4.75,-7.35,38,30.61,28.89,46,172.15,176.8,DELAY_NAS|DELAY_LATE_AIRCRAFT|DELAY_CARRIER
CID,6,264,-4.12,-4.05,34,33.21,33.74,29,154.28,153.14,DELAY_CARRIER|DELAY_LATE_AIRCRAFT|DELAY_NAS
CID,7,262,-4.12,-5.97,41,33.98,38.71,38,220.29,221.66,DELAY_CARRIER|DELAY_LATE_AIRCRAFT|DELAY_NAS
CID,8,344,-4.2,-4.47,37,30.0,34.3,28,184.36,184.57,DELAY_NAS|DELAY_CARRIER|DELAY_LATE_AIRCRAFT
CID,9,322,-5.17,-10.72,28,30.14,23.68,12,260.83,257.83,DELAY_CARRIER|DELAY_LATE_AIRCRAFT|DELAY_NAS
CID,10,343,-4.94,-9.75,28,30.75,30.82,18,116.67,106.5,DELAY_CARRIER|DELAY_LATE_AIRCRAFT|DELAY_NAS
CID,11,296,-4.51,-7.15,20,33.15,35.0,23,228.13,225.78,DELAY_CARRIER|DELAY_LATE_AIRCRAFT|DELAY_NAS
CID,12,235,-2.54,-8.94,54,30.43,21.8,26,172.46,163.27,DELAY_CARRIER|DELAY_LATE_AIRCRAFT|CANC_WEATHER
CIU,1,17,-4.41,-4.41,2,31.5,14.5,7,213.14,213.43,DELAY_CARRIER|DELAY_WEATHER|CANC_WEATHER
CIU,2,21,-4.19,-9.14,3,27.0,14.0,6,260.33,244.17,DELAY_CARRIER|CANC_WEATHER|DELAY_NAS
CIU,3,29,-3.79,-15.21,0,,,3,182.0,157.0,DELAY_CARRIER|DELAY_WEATHER|DELAY_NAS
CIU,4,22,-5.18,-13.41,1,16.0,0.0,4,190.0,175.0,DELAY_CARRIER
CIU,5,30,-4.47,-13.87,1,27.0,18.0,3,247.0,237.67,DELAY_CARRIER|DELAY_WEATHER
CIU,6,21,-6.1,-11.19,6,28.67,26.0,4,210.25,211.0,DELAY_CARRIER|DELAY_WEATHER
CIU,7,21,-3.0,-1.43,2,36.5,29.5,2,293.0,272.0,DELAY_CARRIER|DELAY_WEATHER
CIU,8,33,-4.91,-4.48,4,32.25,30.75,1,113.0,119.0,DELAY_CARRIER|DELAY_WEATHER|DELAY_NAS
CIU,9,24,-4.92,-13.5,0,,,4,136.75,131.0,DELAY_CARRIER|DELAY_WEATHER
CIU,10,24,-4.83,-9.17,2,46.5,42.5,3,106.67,95.0,DELAY_CARRIER|DELAY_WEATHER
CIU,11,28,-8.04,-13.57,2,43.0,41.5,1,179.0,190.0,DELAY_CARRIER|DELAY_WEATHER
CIU,12,16,-0.88,0.94,4,28.75,23.5,8,175.13,171.5,DELAY_CARRIER|DELAY_NAS
CKB,1,5,-0.8,3.6,1,36.0,31.0,0,,,DELAY_LATE_AIRCRAFT
CKB,2,4,-0.5,-5.5,3,29.33,25.33,0,,,DELAY_LATE_AIRCRAFT|DELAY_CARRIER
CKB,3,8,-1.38,-11.0,2,20.5,4.5,1,70.0,69.0,DELAY_NAS
CKB,4,7,-3.57,-12.0,0,,,2,83.0,78.0,DELAY_CARRIER|DELAY_LATE_AIRCRAFT
CKB,5,7,4.71,4.57,1,24.0,23.0,1,88.0,88.0,DELAY_NAS|DELAY_SECURITY|DELAY_WEATHER
CKB,6,15,-6.07,-8.33,7,45.71,44.0,1,157.0,155.0,DELAY_LATE_AIRCRAFT|DELAY_CARRIER
CKB,7,9,-3.44,-5.56,4,28.5,34.75,5,297.4,302.2,DELAY_LATE_AIRCRAFT|DELAY_NAS|CANC_CARRIER
CKB,8,5,-2.6,6.4,4,31.5,28.5,2,722.0,742.0,DELAY_NAS|DELAY_CARRIER|CANC_CARRIER
CKB,9,2,-3.5,-10.0,2,24.0,21.5,0,,,DELAY_CARRIER
CKB,10,1,-7.0,-6.0,0,,,1,64.0,68.0,CANC_WEATHER|DELAY_LATE_AIRCRAFT
CKB,11,2,6.0,10.0,1,17.0,12.0,1,78.0,79.0,DELAY_CARRIER|DELAY_NAS
CKB,12,3,0.67,-10.0,2,22.5,20.5,0,,,DELAY_LATE_AIRCRAFT|CANC_NAS
CLE,1,1136,-3.93,-9.97,185,31.64,26.84,134,170.99,167.6,DELAY_LATE_AIRCRAFT|DELAY_NAS|DELAY_CARRIER
CLE,2,1269,-4.95,-15.02,115,31.63,20.61,53,137.04,132.08,DELAY_LATE_AIRCRAFT|DELAY_NAS|DELAY_CARRIER
CLE,3,1365,-4.06,-11.77,196,32.86,24.7,115,133.09,128.47,DELAY_LATE_AIRCRAFT|DELAY_NAS|DELAY_CARRIER
CLE,4,1390,-4.05,-11.22,171,30.68,22.47,98,156.52,152.64,DELAY_LATE_AIRCRAFT|DELAY_NAS|DELAY_CARRIER
CLE,5,1509,-3.4,-8.43,216,32.09,28.75,156,151.99,151.56,DELAY_LATE_AIRCRAFT|DELAY_NAS|DELAY_CARRIER
CLE,6,1425,-2.91,-8.71,238,31.4,25.13,165,144.36,137.78,DELAY_LATE_AIRCRAFT|DELAY_CARRIER|DELAY_NAS
CLE,7,1418,-3.06,-7.99,266,33.15,29.06,204,179.88,176.33,DELAY_LATE_AIRCRAFT|DELAY_NAS|DELAY_CARRIER
CLE,8,1384,-3.78,-9.2,216,30.94,26.96,137,182.42,182.74,DELAY_LATE_AIRCRAFT|DELAY_NAS|DELAY_CARRIER
CLE,9,1596,-4.56,-10.32,117,29.34,24.46,59,161.75,158.63,DELAY_LATE_AIRCRAFT|DELAY_NAS|DELAY_CARRIER
CLE,10,1589,-4.88,-12.09,110,30.49,22.18,54,138.72,130.54,DELAY_LATE_AIRCRAFT|DELAY_NAS|DELAY_CARRIER
CLE,11,1386,-4.84,-12.14,109,31.34,24.08,62,133.76,128.63,DELAY_NAS|DELAY_LATE_AIRCRAFT|DELAY_CARRIER
CLE,12,1303,-2.59,-8.46,230,31.17,24.96,112,134.8,131.76,DELAY_LATE_AIRCRAFT|DELAY_NAS|DELAY_CARRIER
CLL,1,35,-4.69,-7.74,2,24.0,37.0,8,195.75,198.13,DELAY_CARRIER|DELAY_WEATHER|DELAY_NAS
CLL,2,38,-6.55,-9.32,2,16.5,37.0,0,,,DELAY_NAS
CLL,3,45,-6.84,-15.18,2,51.0,39.0,1,134.0,139.0,DELAY_LATE_AIRCRAFT|CANC_WEATHER
CLL,4,36,-3.89,-7.47,2,19.0,14.0,6,194.33,209.67,DELAY_LATE_AIRCRAFT|DELAY_WEATHER|CANC_WEATHER
CLL,5,30,-5.77,-6.07,3,31.33,25.33,6,223.83,232.33,CANC_WEATHER|DELAY_CARRIER|DELAY_WEATHER
CLL,6,32,-4.94,-9.97,7,29.71,27.29,6,146.17,143.33,DELAY_LATE_AIRCRAFT|DELAY_CARRIER|DELAY_NAS
CLL,7,27,-4.93,-7.33,10,32.1,26.8,6,121.83,116.0,DELAY_LATE_AIRCRAFT|CANC_WEATHER|DELAY_CARRIER
CLL,8,41,-6.98,-8.93,4,35.75,24.75,4,264.0,263.0,DELAY_LATE_AIRCRAFT|DELAY_NAS|DELAY_CARRIER
CLL,9,49,-5.98,-9.88,5,24.6,22.2,2,189.0,183.5,DELAY_LATE_AIRCRAFT|DELAY_NAS|DELAY_CARRIER
CLL,10,51,-6.67,-13.06,2,28.0,35.5,3,193.67,184.33,DELAY_NAS|DELAY_CARRIER|DELAY_LATE_AIRCRAFT
CLL,11,30,-6.87,-10.77,3,34.0,25.33,2,87.0,72.0,DELAY_LATE_AIRCRAFT|DELAY_WEATHER|CANC_WEATHER
CLL,12,31,-7.52,-13.06,6,34.67,27.5,8,100.63,98.13,DELAY_CARRIER|DELAY_LATE_AIRCRAFT|CANC_WEATHER
CLT,1,5877,-1.96,-6.84,1288,32.58,28.64,821,131.55,128.46,DELAY_LATE_AIRCRAFT|DELAY_CARRIER|DELAY_NAS
CLT,2,6551,-2.51,-7.68,968,30.87,26.1,350,124.09,117.14,DELAY_LATE_AIRCRAFT|DELAY_CARRIER|DELAY_NAS
CLT,3,6621,-1.67,-6.48,1379,30.89,26.78,693,141.11,136.57,DELAY_LATE_AIRCRAFT|DELAY_CARRIER|DELAY_NAS
CLT,4,6815,-1.67,-4.5,1463,31.18,28.67,770,134.25,131.82,DELAY_LATE_AIRCRAFT|DELAY_CARRIER|DELAY_NAS
CLT,5,6081,-0.92,-1.87,2034,32.48,33.6,1378,142.09,142.33,DELAY_LATE_AIRCRAFT|DELAY_CARRIER|DELAY_NAS
CLT,6,6348,-1.05,-6.4,1746,32.5,28.01,1127,144.12,139.28,DELAY_LATE_AIRCRAFT|DELAY_CARRIER|DELAY_NAS
CLT,7,5013,-0.81,-4.87,1917,33.49,30.53,2149,152.87,149.47,DELAY_LATE_AIRCRAFT|DELAY_CARRIER|DELAY_NAS
CLT,8,6219,-1.37,-6.55,1779,32.05,28.24,1195,147.37,143.15,DELAY_LATE_AIRCRAFT|DELAY_CARRIER|DELAY_NAS
CLT,9,7156,-2.04,-7.55,1272,31.44,26.23,758,138.74,132.51,DELAY_LATE_AIRCRAFT|DELAY_CARRIER|DELAY_NAS
CLT,10,7906,-1.82,-9.02,1345,29.77,22.82,494,146.99,138.62,DELAY_LATE_AIRCRAFT|DELAY_CARRIER|DELAY_NAS
CLT,11,7522,-2.58,-7.64,893,30.86,26.84,305,122.92,118.71,DELAY_CARRIER|DELAY_NAS|DELAY_LATE_AIRCRAFT
CLT,12,6629,-1.49,-5.98,1405,31.52,26.61,758,133.43,128.22,DELAY_LATE_AIRCRAFT|DELAY_CARRIER|DELAY_NAS
CMH,1,1282,-3.55,-9.48,165,30.7,26.24,82,133.52,132.1,DELAY_NAS|DELAY_LATE_AIRCRAFT|DELAY_CARRIER
CMH,2,1314,-3.49,-11.57,156,30.75,24.51,57,133.93,126.39,DELAY_NAS|DELAY_LATE_AIRCRAFT|DELAY_CARRIER
CMH,3,1441,-2.84,-10.52,193,32.63,23.73,95,157.62,153.85,DELAY_LATE_AIRCRAFT|DELAY_NAS|DELAY_CARRIER
CMH,4,1467,-3.38,-9.27,154,30.77,22.78,96,136.99,132.45,DELAY_LATE_AIRCRAFT|DELAY_NAS|DELAY_CARRIER
CMH,5,1385,-2.6,-8.09,199,31.54,28.84,149,126.79,126.58,DELAY_LATE_AIRCRAFT|DELAY_NAS|DELAY_CARRIER
CMH,6,1494,-2.47,-9.06,202,30.54,24.9,120,143.53,143.13,DELAY_LATE_AIRCRAFT|DELAY_NAS|DELAY_CARRIER
CMH,7,1403,-3.37,-8.42,258,30.98,26.3,166,152.06,148.33,DELAY_LATE_AIRCRAFT|DELAY_CARRIER|DELAY_NAS
CMH,8,1426,-3.26,-8.87,187,31.36,29.08,134,158.49,157.65,DELAY_LATE_AIRCRAFT|DELAY_NAS|DELAY_CARRIER
CMH,9,1536,-4.18,-9.34,135,30.54,26.31,57,148.07,146.3,DELAY_NAS|DELAY_LATE_AIRCRAFT|DELAY_CARRIER
CMH,10,1699,-4.22,-11.48,130,30.81,21.53,54,212.35,204.74,DELAY_CARRIER|DELAY_LATE_AIRCRAFT|DELAY_NAS
CMH,11,1583,-4.06,-11.84,136,30.06,24.07,68,126.46,124.94,DELAY_NAS|DELAY_CARRIER|DELAY_LATE_AIRCRAFT
CMH,12,1417,-2.14,-10.53,231,31.93,26.35,96,143.57,136.47,DELAY_LATE_AIRCRAFT|DELAY_NAS|DELAY_CARRIER
CMI,1,39,-3.74,-12.38,8,27.88,12.88,8,145.75,138.75,CANC_WEATHER|DELAY_LATE_AIRCRAFT|DELAY_WEATHER
CMI,2,56,-4.48,-14.36,5,28.0,26.2,0,,,DELAY_NAS|DELAY_LATE_AIRCRAFT
CMI,3,50,-4.1,-13.5,5,35.2,44.6,5,171.2,159.8,DELAY_LATE_AIRCRAFT|DELAY_NAS|DELAY_CARRIER
CMI,4,48,-3.81,-11.98,5,30.6,21.6,7,344.71,345.43,DELAY_LATE_AIRCRAFT|DELAY_CARRIER|CANC_NAS
CMI,5,34,-3.18,-4.76,10,29.3,26.5,12,154.25,162.58,DELAY_LATE_AIRCRAFT|DELAY_CARRIER|DELAY_WEATHER
CMI,6,49,-3.29,-14.45,6,31.83,19.17,7,220.86,218.43,DELAY_LATE_AIRCRAFT|DELAY_WEATHER|DELAY_CARRIER
CMI,7,50,-5.56,-14.3,11,32.73,33.27,3,142.67,133.67,DELAY_LATE_AIRCRAFT|DELAY_CARRIER|DELAY_NAS
CMI,8,53,-4.17,-14.92,6,32.0,22.0,4,109.5,96.5,DELAY_LATE_AIRCRAFT|DELAY_CARRIER
CMI,9,49,-4.24,-6.16,5,34.2,14.2,4,94.5,108.5,DELAY_NAS|DELAY_LATE_AIRCRAFT|DELAY_CARRIER
CMI,10,54,-4.81,-13.13,2,34.5,33.0,0,,,DELAY_CARRIER|DELAY_NAS
CMI,11,35,-5.23,-14.8,1,37.0,14.0,2,252.5,236.5,DELAY_LATE_AIRCRAFT|DELAY_NAS
CMI,12,32,-3.72,-13.56,4,42.5,25.25,3,99.67,90.33,DELAY_CARRIER|DELAY_WEATHER|DELAY_LATE_AIRCRAFT
CMX,1,21,-5.57,-10.14,1,28.0,31.0,5,122.8,110.4,CANC_WEATHER|DELAY_LATE_AIRCRAFT|DELAY_NAS
CMX,2,30,-9.0,-11.77,1,43.0,55.0,1,64.0,58.0,CANC_WEATHER|DELAY_CARRIER|DELAY_NAS
CMX,3,22,-8.59,-12.64,1,38.0,30.0,1,481.0,470.0,DELAY_NAS|CANC_NAS|DELAY_CARRIER
CMX,4,23,-9.3,-12.78,1,29.0,7.0,4,135.25,133.25,DELAY_CARRIER|DELAY_LATE_AIRCRAFT|CANC_WEATHER
CMX,5,16,-5.06,-10.38,6,29.5,26.67,1,139.0,124.0,DELAY_CARRIER|DELAY_LATE_AIRCRAFT
CMX,6,22,-7.68,-10.45,2,46.0,31.0,2,83.0,88.0,DELAY_LATE_AIRCRAFT|CANC_NAS|DELAY_CARRIER
CMX,7,26,-7.77,-5.77,2,56.0,45.5,3,139.33,147.33,DELAY_CARRIER|DELAY_LATE_AIRCRAFT|DELAY_WEATHER
CMX,8,18,-7.28,-5.72,6,38.67,40.5,6,102.67,99.0,DELAY_LATE_AIRCRAFT|DELAY_CARRIER|DELAY_NAS
CMX,9,24,-8.0,-5.13,7,34.57,34.57,3,173.0,160.33,DELAY_CARRIER|DELAY_LATE_AIRCRAFT
CMX,10,24,-7.46,-7.71,4,30.5,19.75,1,145.0,127.0,DELAY_LATE_AIRCRAFT
CMX,11,19,-9.26,-10.58,3,27.33,27.0,5,365.4,365.0,DELAY_CARRIER|DELAY_WEATHER|CANC_WEATHER
CMX,12,15,-4.73,7.47,6,38.83,46.83,6,155.67,148.0,DELAY_CARRIER|DELAY_NAS|DELAY_WEATHER
CNY,1,13,-10.46,-11.85,1,47.0,35.0,1,92.0,84.0,CANC_WEATHER|DELAY_CARRIER|DELAY_LATE_AIRCRAFT
COD,5,11,-2.91,-6.64,3,28.67,16.33,2,92.0,87.5,DELAY_WEATHER|DELAY_CARRIER|DELAY_LATE_AIRCRAFT
COD,6,42,-5.24,-8.76,9,34.67,34.0,4,131.75,125.25,DELAY_CARRIER|DELAY_LATE_AIRCRAFT|DELAY_NAS
COD,7,47,-5.09,-13.51,5,23.0,10.4,4,348.75,343.5,DELAY_CARRIER|DELAY_LATE_AIRCRAFT|DELAY_SECURITY
COD,8,33,-4.91,-8.7,13,29.62,25.31,9,194.33,191.56,DELAY_CARRIER|DELAY_LATE_AIRCRAFT|DELAY_NAS
COD,9,30,-5.3,-14.67,9,29.0,20.56,7,209.14,200.0,DELAY_CARRIER|DELAY_LATE_AIRCRAFT|DELAY_NAS
COD,10,21,-5.29,-16.14,5,30.6,21.0,0,,,DELAY_CARRIER|DELAY_WEATHER
COD,11,28,-5.46,-7.86,3,40.67,25.67,4,173.25,169.25,DELAY_CARRIER|DELAY_LATE_AIRCRAFT|DELAY_NAS
COD,12,25,-5.4,-13.72,2,28.0,15.0,1,96.0,78.0,DELAY_CARRIER|DELAY_NAS|DELAY_LATE_AIRCRAFT
COS,1,375,-3.3,-5.85,45,30.62,24.62,36,204.56,201.64,DELAY_LATE_AIRCRAFT|DELAY_NAS|DELAY_CARRIER
COS,2,363,-3.48,-9.04,45,32.91,33.89,17,218.06,220.65,DELAY_NAS|DELAY_LATE_AIRCRAFT|DELAY_CARRIER
COS,3,386,-3.41,-8.03,49,30.02,28.67,24,118.13,115.21,DELAY_NAS|DELAY_LATE_AIRCRAFT|DELAY_CARRIER
COS,4,432,-3.74,-8.95,52,31.29,30.71,22,112.95,118.55,DELAY_LATE_AIRCRAFT|DELAY_NAS|DELAY_CARRIER
COS,5,414,-2.61,-10.1,59,30.73,25.71,51,175.82,174.76,DELAY_LATE_AIRCRAFT|DELAY_CARRIER|DELAY_NAS
COS,6,450,-3.18,-8.02,82,29.51,25.67,34,134.35,133.59,DELAY_LATE_AIRCRAFT|DELAY_CARRIER|DELAY_NAS
COS,7,429,-3.03,-8.41,99,29.77,26.36,45,175.87,175.2,DELAY_LATE_AIRCRAFT|DELAY_CARRIER|DELAY_NAS
COS,8,414,-3.66,-9.66,61,33.1,27.08,60,137.83,128.93,DELAY_LATE_AIRCRAFT|DELAY_CARRIER|DELAY_NAS
COS,9,457,-4.54,-10.82,60,31.65,22.15,28,200.07,193.82,DELAY_LATE_AIRCRAFT|DELAY_CARRIER|DELAY_NAS
COS,10,499,-4.27,-10.56,50,31.26,22.44,30,158.93,148.73,DELAY_CARRIER|DELAY_LATE_AIRCRAFT|DELAY_NAS
COS,11,442,-3.98,-8.32,34,35.15,38.26,21,146.48,143.43,DELAY_CARRIER|DELAY_NAS|CANC_WEATHER
COS,12,451,-4.33,-13.06,56,31.98,22.45,17,179.18,180.71,DELAY_LATE_AIRCRAFT|DELAY_CARRIER|DELAY_NAS
COU,1,53,-3.91,-11.23,7,29.29,29.14,9,138.44,142.33,CANC_WEATHER|DELAY_LATE_AIRCRAFT|DELAY_NAS
COU,2,50,-3.96,-11.04,6,25.83,20.0,3,110.67,105.67,DELAY_LATE_AIRCRAFT|DELAY_NAS|DELAY_CARRIER
COU,3,55,-4.58,-8.73,7,31.71,32.71,3,89.0,96.67,DELAY_LATE_AIRCRAFT|DELAY_NAS|DELAY_CARRIER
COU,4,52,-3.79,-4.33,8,37.88,38.5,5,105.8,119.6,DELAY_LATE_AIRCRAFT|DELAY_WEATHER|DELAY_CARRIER
COU,5,42,-1.14,3.74,13,27.23,43.69,9,108.11,117.44,DELAY_LATE_AIRCRAFT|DELAY_NAS|DELAY_CARRIER
COU,6,62,-4.82,-10.29,21,25.38,20.19,10,103.3,103.1,DELAY_LATE_AIRCRAFT|DELAY_WEATHER|DELAY_CARRIER
COU,7,69,-3.97,-3.36,18,32.67,30.11,15,118.93,118.53,DELAY_LATE_AIRCRAFT|DELAY_NAS|DELAY_CARRIER
COU,8,69,-5.51,-8.22,10,25.5,20.0,2,115.0,110.5,DELAY_LATE_AIRCRAFT|DELAY_NAS|DELAY_WEATHER
COU,9,57,-3.28,-7.67,9,31.56,23.67,5,121.8,116.4,DELAY_LATE_AIRCRAFT|DELAY_CARRIER|DELAY_NAS
COU,10,68,-5.01,-13.1,10,25.1,13.0,3,136.33,129.33,DELAY_CARRIER|DELAY_LATE_AIRCRAFT|DELAY_NAS
COU,11,48,-1.79,-5.42,14,29.86,38.14,6,241.5,237.17,DELAY_LATE_AIRCRAFT|DELAY_NAS|DELAY_CARRIER
COU,12,48,-1.0,-4.6,14,28.21,26.36,12,229.33,229.5,DELAY_CARRIER|DELAY_LATE_AIRCRAFT|DELAY_NAS
CPR,1,34,-6.24,-12.32,1,24.0,17.0,1,101.0,96.0,DELAY_CARRIER|DELAY_LATE_AIRCRAFT
CPR,2,14,-4.07,-19.71,0,,,0,,,N/D
CPR,3,14,-2.93,-12.07,2,32.0,25.5,0,,,DELAY_CARRIER
CPR,4,12,-1.83,-17.67,0,,,0,,,N/D
CPR,5,49,-5.86,-17.18,2,20.0,0.5,3,117.0,102.33,DELAY_WEATHER|DELAY_CARRIER|DELAY_NAS
CPR,6,71,-4.21,-11.63,19,28.42,15.47,9,202.56,196.33,DELAY_CARRIER|DELAY_LATE_AIRCRAFT|DELAY_NAS
CPR,7,103,-6.03,-16.14,9,33.78,21.0,9,154.67,141.11,DELAY_CARRIER|DELAY_LATE_AIRCRAFT|DELAY_NAS
CPR,8,107,-3.57,-11.7,13,30.77,17.15,10,154.3,148.3,DELAY_CARRIER|DELAY_NAS|DELAY_LATE_AIRCRAFT
CPR,9,80,-5.94,-13.91,6,21.5,17.67,8,111.75,97.63,DELAY_CARRIER|DELAY_LATE_AIRCRAFT|DELAY_NAS
CPR,10,81,-5.98,-14.93,8,35.5,18.63,3,233.67,229.0,DELAY_CARRIER|DELAY_LATE_AIRCRAFT|CANC_WEATHER
CPR,11,90,-5.28,-12.53,8,32.38,34.38,9,139.56,140.56,DELAY_CARRIER|DELAY_LATE_AIRCRAFT|DELAY_NAS
CPR,12,96,-6.06,-14.55,6,29.0,9.17,1,183.0,167.0,DELAY_CARRIER|DELAY_NAS
CRP,1,135,-5.65,-8.36,17,29.41,36.88,14,143.14,153.07,DELAY_LATE_AIRCRAFT|DELAY_NAS|CANC_WEATHER
CRP,2,144,-6.46,-7.47,10,28.8,25.4,2,136.0,126.5,DELAY_NAS|DELAY_CARRIER|DELAY_LATE_AIRCRAFT
CRP,3,147,-6.15,-10.03,16,33.5,27.06,9,135.56,143.33,DELAY_LATE_AIRCRAFT|CANC_WEATHER|DELAY_CARRIER
CRP,4,140,-4.31,-8.63,12,35.25,38.67,6,82.33,103.33,DELAY_LATE_AIRCRAFT|DELAY_NAS|DELAY_CARRIER
CRP,5,109,-2.75,-1.99,22,32.41,36.45,26,161.08,165.12,DELAY_LATE_AIRCRAFT|DELAY_NAS|DELAY_WEATHER
CRP,6,121,-3.47,-5.15,26,34.35,31.27,14,103.14,113.79,DELAY_LATE_AIRCRAFT|DELAY_NAS|DELAY_CARRIER
CRP,7,140,-3.34,-4.78,28,33.04,33.71,17,124.0,134.59,DELAY_LATE_AIRCRAFT|CANC_WEATHER|DELAY_CARRIER
CRP,8,151,-4.86,-6.61,7,33.57,31.43,5,97.0,94.4,DELAY_LATE_AIRCRAFT|DELAY_CARRIER|CANC_NAS
CRP,9,143,-5.04,-6.07,10,26.9,21.0,6,233.17,231.67,DELAY_NAS|DELAY_LATE_AIRCRAFT|DELAY_CARRIER
CRP,10,140,-5.34,-9.91,9,27.33,20.44,3,99.0,95.0,DELAY_LATE_AIRCRAFT|DELAY_NAS|DELAY_CARRIER
CRP,11,139,-4.35,-8.61,11,32.09,32.0,5,221.0,220.2,DELAY_CARRIER|CANC_WEATHER|DELAY_LATE_AIRCRAFT
CRP,12,107,-3.26,-7.79,11,32.18,28.45,19,180.58,183.32,DELAY_CARRIER|DELAY_LATE_AIRCRAFT|DELAY_NAS
CRW,1,87,-3.45,-1.54,16,27.44,24.69,30,220.4,223.37,DELAY_NAS|DELAY_CARRIER|DELAY_LATE_AIRCRAFT
CRW,2,103,-5.02,-10.83,12,22.33,13.42,13,289.0,273.31,DELAY_CARRIER|DELAY_LATE_AIRCRAFT|DELAY_NAS
CRW,3,121,-5.67,-15.99,12,29.5,27.0,6,130.67,124.83,DELAY_LATE_AIRCRAFT|DELAY_CARRIER|DELAY_NAS
CRW,4,97,-4.2,-10.02,21,28.24,22.67,6,156.0,143.5,DELAY_CARRIER|DELAY_LATE_AIRCRAFT|DELAY_NAS
CRW,5,109,-4.68,-10.98,19,37.47,36.32,14,158.0,166.64,DELAY_LATE_AIRCRAFT|DELAY_CARRIER|DELAY_NAS
CRW,6,112,-4.54,-10.94,11,33.0,26.18,15,236.87,226.53,DELAY_CARRIER|DELAY_LATE_AIRCRAFT|DELAY_WEATHER
CRW,7,92,-4.72,-8.74,23,29.87,27.22,30,144.47,138.87,DELAY_CARRIER|DELAY_LATE_AIRCRAFT|DELAY_NAS
CRW,8,101,-4.68,-7.67,26,29.62,27.04,16,121.88,123.75,DELAY_CARRIER|DELAY_LATE_AIRCRAFT|DELAY_NAS
CRW,9,109,-6.78,-12.55,14,29.0,27.5,21,161.67,162.62,DELAY_LATE_AIRCRAFT|DELAY_CARRIER|DELAY_WEATHER
CRW,10,129,-6.05,-9.57,15,25.13,19.67,11,116.45,100.64,DELAY_CARRIER|DELAY_LATE_AIRCRAFT|DELAY_NAS
CRW,11,130,-5.02,-9.45,20,29.85,18.65,8,217.25,207.5,DELAY_CARRIER|DELAY_LATE_AIRCRAFT|DELAY_NAS
CRW,12,98,-4.55,-14.64,16,24.13,18.13,16,130.56,125.13,DELAY_CARRIER|DELAY_LATE_AIRCRAFT|DELAY_NAS
CSG,1,31,-1.77,-3.81,3,46.33,43.33,7,246.0,245.43,DELAY_CARRIER|DELAY_WEATHER|CANC_NAS
CSG,2,36,-2.64,-5.47,3,36.0,32.33,4,195.5,190.75,DELAY_CARRIER|DELAY_WEATHER|DELAY_NAS
CSG,3,41,-4.07,-9.27,6,25.33,21.0,2,84.5,80.0,DELAY_CARRIER|DELAY_LATE_AIRCRAFT|DELAY_NAS
CSG,4,43,-3.93,-12.02,2,21.0,11.0,3,171.33,172.0,DELAY_CARRIER
CSG,5,40,-3.8,-13.05,3,34.33,25.33,5,178.0,177.8,DELAY_CARRIER|DELAY_WEATHER|CANC_WEATHER
CSG,6,33,-3.18,-8.97,5,34.4,27.8,1,154.0,134.0,DELAY_LATE_AIRCRAFT
CSG,7,27,-3.15,-4.74,4,31.25,40.5,6,126.0,122.83,DELAY_LATE_AIRCRAFT|CANC_CARRIER|DELAY_NAS
CSG,8,33,-4.61,-9.64,3,36.0,37.67,3,156.33,163.67,DELAY_CARRIER|DELAY_LATE_AIRCRAFT|DELAY_NAS
CSG,9,36,-4.72,-11.53,3,22.33,18.67,3,114.33,105.0,DELAY_LATE_AIRCRAFT|CANC_WEATHER|DELAY_CARRIER
CSG,10,38,-5.0,-12.58,2,28.0,9.5,1,170.0,164.0,DELAY_CARRIER|DELAY_LATE_AIRCRAFT
CSG,11,40,-4.8,-8.95,2,36.5,42.5,2,145.5,146.0,DELAY_LATE_AIRCRAFT|DELAY_CARRIER|DELAY_NAS
CSG,12,37,-3.68,-12.19,3,36.0,26.33,2,119.5,117.5,DELAY_LATE_AIRCRAFT|CANC_NAS
CVG,1,1191,-3.91,-9.33,176,33.03,28.75,101,167.32,174.47,DELAY_NAS|DELAY_LATE_AIRCRAFT|DELAY_CARRIER
CVG,2,1304,-4.32,-12.44,116,28.86,22.47,52,117.23,113.35,DELAY_NAS|DELAY_LATE_AIRCRAFT|DELAY_CARRIER
CVG,3,1552,-4.2,-10.53,157,32.54,27.93,104,151.24,149.6,DELAY_LATE_AIRCRAFT|DELAY_NAS|DELAY_CARRIER
CVG,4,1533,-3.88,-10.35,174,31.7,24.6,106,178.08,176.22,DELAY_LATE_AIRCRAFT|DELAY_NAS|DELAY_CARRIER
CVG,5,1433,-2.91,-7.51,240,31.26,27.66,151,154.22,153.62,DELAY_LATE_AIRCRAFT|DELAY_NAS|DELAY_CARRIER
CVG,6,1393,-2.96,-7.45,238,33.46,28.41,149,161.83,160.93,DELAY_LATE_AIRCRAFT|DELAY_CARRIER|DELAY_NAS
CVG,7,1332,-3.21,-6.72,251,33.35,31.21,231,170.93,168.58,DELAY_LATE_AIRCRAFT|DELAY_CARRIER|DELAY_NAS
CVG,8,1361,-3.97,-8.66,202,32.78,32.7,144,142.7,143.93,DELAY_LATE_AIRCRAFT|DELAY_NAS|DELAY_CARRIER
CVG,9,1447,-4.2,-8.74,140,32.04,28.08,67,137.79,136.18,DELAY_NAS|DELAY_LATE_AIRCRAFT|DELAY_CARRIER
CVG,10,1628,-4.24,-10.16,110,29.85,23.65,65,142.62,136.98,DELAY_CARRIER|DELAY_NAS|DELAY_LATE_AIRCRAFT
CVG,11,1423,-4.57,-10.46,101,30.2,28.89,71,136.32,135.99,DELAY_NAS|DELAY_CARRIER|DELAY_LATE_AIRCRAFT
CVG,12,1255,-2.91,-8.48,206,30.75,25.27,99,168.83,162.69,DELAY_NAS|DELAY_LATE_AIRCRAFT|DELAY_CARRIER
CWA,1,25,-3.92,-12.52,0,,,1,77.0,72.0,CANC_WEATHER|DELAY_LATE_AIRCRAFT|DELAY_NAS
CWA,2,25,-8.08,-22.56,3,44.0,41.33,0,,,DELAY_CARRIER|DELAY_WEATHER
CWA,3,30,-5.73,-20.5,0,,,0,,,N/D
CWA,4,31,-6.65,-17.61,2,36.0,17.5,0,,,DELAY_CARRIER
CWA,5,23,-6.09,-12.91,2,37.0,41.0,1,91.0,109.0,DELAY_WEATHER|DELAY_LATE_AIRCRAFT|DELAY_NAS
CWA,6,21,-5.71,4.1,2,36.5,43.0,1,81.0,93.0,DELAY_NAS|DELAY_LATE_AIRCRAFT|DELAY_WEATHER
CWA,7,25,-3.96,-1.92,2,41.5,43.0,1,133.0,125.0,DELAY_CARRIER|CANC_CARRIER|DELAY_NAS
CWA,8,19,-5.05,-2.53,4,33.0,27.5,1,83.0,78.0,DELAY_LATE_AIRCRAFT|DELAY_NAS|DELAY_CARRIER
CWA,9,28,-5.96,-11.14,1,17.0,12.0,0,,,DELAY_NAS
CWA,10,30,-6.2,-17.83,2,28.0,17.5,0,,,DELAY_LATE_AIRCRAFT|DELAY_NAS
CWA,11,23,-7.7,-15.7,1,46.0,31.0,0,,,DELAY_CARRIER|DELAY_NAS
CWA,12,22,-5.0,-15.59,1,48.0,44.0,2,242.5,232.5,DELAY_LATE_AIRCRAFT|DELAY_NAS|DELAY_WEATHER
CYS,1,19,-7.0,-30.63,3,31.0,9.0,2,170.0,149.5,CANC_WEATHER|DELAY_CARRIER|DELAY_LATE_AIRCRAFT
CYS,2,20,-6.75,-28.7,1,15.0,-11.0,2,123.0,117.5,CANC_WEATHER|DELAY_CARRIER|DELAY_WEATHER
CYS,3,28,-8.18,-17.32,0,,,1,127.0,109.0,CANC_WEATHER|DELAY_WEATHER
CYS,4,27,-5.56,-9.19,2,36.0,46.5,1,498.0,509.0,DELAY_WEATHER|CANC_WEATHER|DELAY_LATE_AIRCRAFT
CYS,5,29,-6.79,-11.86,2,35.5,34.5,2,141.0,126.0,DELAY_CARRIER|DELAY_LATE_AIRCRAFT|DELAY_NAS
CYS,6,23,-6.43,-21.74,3,25.67,23.0,0,,,DELAY_LATE_AIRCRAFT|DELAY_NAS
CYS,7,23,-6.22,-20.87,0,,,2,217.0,204.0,DELAY_CARRIER|DELAY_LATE_AIRCRAFT
CYS,8,25,-6.8,-17.52,1,30.0,15.0,3,159.0,164.0,DELAY_LATE_AIRCRAFT|DELAY_CARRIER|DELAY_NAS
CYS,9,23,-8.0,-16.96,1,26.0,30.0,3,142.33,139.33,DELAY_CARRIER|DELAY_LATE_AIRCRAFT
CYS,10,18,-7.33,-15.0,0,,,3,115.0,102.33,DELAY_CARRIER|DELAY_LATE_AIRCRAFT
CYS,11,25,-5.64,-10.76,3,38.33,36.67,0,,,DELAY_WEATHER|CANC_WEATHER|DELAY_CARRIER
CYS,12,26,-8.42,-14.23,0,,,1,284.0,281.0,DELAY_LATE_AIRCRAFT|DELAY_NAS
DAB,1,87,-2.33,-10.9,7,24.57,15.43,6,327.0,317.83,DELAY_CARRIER|DELAY_LATE_AIRCRAFT|DELAY_NAS
DAB,2,107,-5.07,-11.21,11,28.82,20.55,5,196.2,185.4,DELAY_LATE_AIRCRAFT|DELAY_CARRIER|DELAY_NAS
DAB,3,120,-4.68,-9.09,11,39.27,29.82,9,131.11,132.0,DELAY_LATE_AIRCRAFT|DELAY_CARRIER|DELAY_NAS
DAB,4,119,-5.43,-10.19,6,23.0,15.0,5,206.2,193.6,DELAY_LATE_AIRCRAFT|DELAY_CARRIER|DELAY_NAS
DAB,5,98,-4.1,-7.93,22,30.32,31.27,15,112.07,113.73,DELAY_LATE_AIRCRAFT|DELAY_NAS|DELAY_CARRIER
DAB,6,118,-5.2,-13.31,11,31.73,24.55,6,111.17,105.67,DELAY_LATE_AIRCRAFT|DELAY_CARRIER|DELAY_NAS
DAB,7,90,-5.66,-10.39,18,37.44,38.94,16,165.06,165.44,DELAY_LATE_AIRCRAFT|DELAY_NAS|CANC_CARRIER
DAB,8,108,-4.92,-12.34,5,35.4,32.8,8,162.63,162.38,DELAY_LATE_AIRCRAFT|DELAY_CARRIER|DELAY_NAS
DAB,9,91,-6.26,-13.23,7,36.0,21.71,4,198.0,181.25,DELAY_CARRIER|DELAY_LATE_AIRCRAFT|CANC_WEATHER
DAB,10,97,-7.64,-14.66,4,32.75,19.25,3,111.67,93.67,CANC_WEATHER|DELAY_LATE_AIRCRAFT|DELAY_CARRIER
DAB,11,107,-6.65,-14.04,2,45.5,29.0,0,,,DELAY_CARRIER|DELAY_LATE_AIRCRAFT|DELAY_NAS
DAB,12,105,-6.32,-13.32,16,37.75,29.0,7,150.29,142.86,DELAY_CARRIER|DELAY_LATE_AIRCRAFT|DELAY_NAS
DAL,1,2154,0.01,-7.65,613,31.05,25.24,180,113.63,110.08,DELAY_LATE_AIRCRAFT|DELAY_CARRIER|DELAY_NAS
DAL,2,2294,-0.71,-7.13,375,29.28,23.86,79,107.39,101.57,DELAY_LATE_AIRCRAFT|DELAY_CARRIER|DELAY_NAS
DAL,3,2321,-0.1,-7.62,598,30.29,24.4,213,109.69,104.91,DELAY_LATE_AIRCRAFT|DELAY_CARRIER|DELAY_NAS
DAL,4,2225,0.15,-7.07,546,30.52,25.01,245,136.21,133.71,DELAY_LATE_AIRCRAFT|DELAY_CARRIER|DELAY_NAS
DAL,5,1867,1.14,-3.66,778,31.7,28.46,414,136.79,134.89,DELAY_LATE_AIRCRAFT|DELAY_CARRIER|DELAY_NAS
DAL,6,2093,0.95,-4.18,722,30.66,25.31,301,123.52,119.43,DELAY_LATE_AIRCRAFT|DELAY_CARRIER|DELAY_NAS
DAL,7,2153,0.79,-5.32,797,30.64,25.17,286,112.09,107.82,DELAY_LATE_AIRCRAFT|DELAY_CARRIER|DELAY_NAS
DAL,8,2279,-0.83,-7.16,475,30.35,23.69,137,115.44,110.18,DELAY_LATE_AIRCRAFT|DELAY_CARRIER|DELAY_NAS
DAL,9,2329,-0.87,-5.56,387,29.44,23.94,93,100.02,93.53,DELAY_LATE_AIRCRAFT|DELAY_CARRIER|DELAY_NAS
DAL,10,2559,-0.78,-6.09,419,27.8,23.01,79,97.81,91.15,DELAY_LATE_AIRCRAFT|DELAY_CARRIER|DELAY_NAS
DAL,11,2405,-0.98,-7.28,437,29.58,25.32,111,145.77,141.04,DELAY_LATE_AIRCRAFT|DELAY_CARRIER|DELAY_NAS
DAL,12,2159,0.1,-6.47,550,30.15,24.78,311,155.07,151.67,DELAY_LATE_AIRCRAFT|DELAY_CARRIER|DELAY_NAS
DAY,1,219,-6.04,-9.54,19,37.26,39.32,35,126.77,123.4,DELAY_LATE_AIRCRAFT|DELAY_NAS|DELAY_CARRIER
DAY,2,251,-5.75,-11.91,16,28.63,27.31,21,157.76,151.95,DELAY_CARRIER|DELAY_LATE_AIRCRAFT|DELAY_NAS
DAY,3,300,-6.66,-13.14,19,33.32,37.05,12,99.42,101.67,DELAY_LATE_AIRCRAFT|DELAY_NAS|DELAY_CARRIER
DAY,4,292,-6.18,-9.13,21,33.38,30.71,15,129.6,126.47,DELAY_LATE_AIRCRAFT|DELAY_NAS|DELAY_CARRIER
DAY,5,288,-5.31,-9.27,30,34.53,36.27,42,162.14,160.05,DELAY_LATE_AIRCRAFT|DELAY_NAS|DELAY_CARRIER
DAY,6,272,-5.75,-14.05,36,31.75,29.56,20,182.4,185.15,DELAY_LATE_AIRCRAFT|DELAY_CARRIER|DELAY_NAS
DAY,7,235,-5.55,-11.6,24,31.42,30.25,38,170.37,167.24,DELAY_LATE_AIRCRAFT|DELAY_NAS|DELAY_CARRIER
DAY,8,278,-6.4,-13.06,23,37.74,31.0,25,129.56,124.64,DELAY_LATE_AIRCRAFT|DELAY_CARRIER|DELAY_NAS
DAY,9,293,-7.28,-12.81,25,27.92,21.48,17,176.24,170.88,DELAY_CARRIER|DELAY_LATE_AIRCRAFT|DELAY_NAS
DAY,10,325,-7.32,-16.44,13,34.46,24.0,13,185.31,176.0,DELAY_CARRIER|DELAY_LATE_AIRCRAFT|DELAY_NAS
DAY,11,263,-6.38,-11.74,15,26.93,20.2,13,155.77,151.92,DELAY_CARRIER|DELAY_LATE_AIRCRAFT|DELAY_NAS
DAY,12,219,-4.79,-11.07,24,34.58,28.42,35,138.66,134.86,DELAY_LATE_AIRCRAFT|DELAY_CARRIER|DELAY_NAS
DCA,1,4204,-4.03,-11.44,668,31.84,26.72,540,149.19,155.34,DELAY_LATE_AIRCRAFT|DELAY_NAS|DELAY_CARRIER
DCA,2,4942,-4.45,-15.06,502,31.29,21.08,238,156.33,145.84,DELAY_LATE_AIRCRAFT|DELAY_CARRIER|DELAY_NAS
DCA,3,4997,-3.63,-12.56,701,30.64,22.06,346,141.98,133.64,DELAY_LATE_AIRCRAFT|DELAY_CARRIER|DELAY_NAS
DCA,4,4667,-4.01,-10.11,644,31.57,24.82,408,149.81,145.55,DELAY_LATE_AIRCRAFT|DELAY_NAS|DELAY_CARRIER
DCA,5,4419,-3.19,-6.77,864,31.32,30.2,553,140.8,141.73,DELAY_LATE_AIRCRAFT|DELAY_NAS|DELAY_CARRIER
DCA,6,4492,-2.95,-9.68,737,31.13,24.91,503,153.02,148.52,DELAY_LATE_AIRCRAFT|DELAY_NAS|DELAY_CARRIER
DCA,7,4166,-2.72,-7.01,903,32.3,29.03,748,157.42,156.87,DELAY_LATE_AIRCRAFT|DELAY_NAS|DELAY_CARRIER
DCA,8,4312,-3.53,-8.21,797,32.94,30.14,602,162.62,159.93,DELAY_LATE_AIRCRAFT|DELAY_NAS|DELAY_CARRIER
DCA,9,5022,-4.52,-10.23,516,30.7,25.72,249,152.48,147.81,DELAY_LATE_AIRCRAFT|DELAY_NAS|DELAY_CARRIER
DCA,10,5220,-4.36,-13.06,525,30.99,21.33,230,143.86,135.84,DELAY_LATE_AIRCRAFT|DELAY_CARRIER|DELAY_NAS
DCA,11,4951,-4.49,-12.82,520,31.62,22.88,270,147.54,138.93,DELAY_LATE_AIRCRAFT|DELAY_CARRIER|DELAY_NAS
DCA,12,4276,-2.74,-10.76,837,32.25,25.89,488,127.72,121.9,DELAY_LATE_AIRCRAFT|DELAY_CARRIER|DELAY_NAS
DDC,1,19,-7.79,-8.63,0,,,3,385.0,392.33,CANC_WEATHER|DELAY_NAS|DELAY_WEATHER
DDC,2,24,-8.54,-12.63,1,31.0,24.0,2,329.5,333.5,DELAY_CARRIER|DELAY_LATE_AIRCRAFT|CANC_WEATHER
DDC,3,24,-5.29,-9.13,1,16.0,16.0,2,165.0,153.0,DELAY_LATE_AIRCRAFT|CANC_WEATHER|DELAY_CARRIER
DDC,4,28,-5.21,-10.79,0,,,1,710.0,701.0,DELAY_CARRIER
DDC,5,24,-7.25,-9.67,2,48.0,42.0,3,400.67,391.67,DELAY_LATE_AIRCRAFT|DELAY_NAS
DDC,6,17,-7.06,-1.12,5,38.2,31.2,2,616.0,605.5,DELAY_CARRIER|DELAY_LATE_AIRCRAFT|DELAY_NAS
DDC,7,18,-5.22,-11.94,3,22.0,23.33,0,,,CANC_NAS|DELAY_LATE_AIRCRAFT|DELAY_NAS
DDC,8,21,-7.52,-10.95,4,30.75,34.75,4,218.75,216.25,DELAY_LATE_AIRCRAFT|DELAY_NAS|DELAY_CARRIER
DDC,9,25,-9.6,-11.28,3,37.67,35.0,3,602.0,594.33,DELAY_CARRIER|DELAY_LATE_AIRCRAFT
DDC,10,27,-8.56,-12.67,1,42.0,38.0,4,336.5,339.75,DELAY_CARRIER|DELAY_LATE_AIRCRAFT
DDC,11,19,-9.0,-10.47,1,15.0,23.0,3,504.67,501.0,DELAY_CARRIER|CANC_WEATHER|DELAY_LATE_AIRCRAFT
DDC,12,20,-9.1,-6.9,2,22.0,35.0,2,113.5,97.0,DELAY_LATE_AIRCRAFT|CANC_WEATHER|DELAY_CARRIER
DEC,1,30,-8.5,-20.37,2,38.5,18.0,5,198.4,190.6,CANC_WEATHER|DELAY_LATE_AIRCRAFT|CANC_NAS
DEC,2,32,-10.5,-21.38,1,31.0,6.0,2,102.5,111.0,DELAY_LATE_AIRCRAFT|DELAY_WEATHER
DEC,3,37,-8.27,-17.14,2,24.0,16.0,3,220.33,212.0,DELAY_LATE_AIRCRAFT|DELAY_CARRIER|DELAY_WEATHER
DEC,4,27,-9.67,-11.04,4,45.25,43.25,4,83.0,88.25,DELAY_LATE_AIRCRAFT|DELAY_CARRIER
DEC,5,29,-6.0,-9.9,2,29.0,30.5,9,304.89,305.44,DELAY_LATE_AIRCRAFT|CANC_NAS|CANC_WEATHER
DEC,6,19,-11.0,-7.84,1,21.0,13.0,1,63.0,83.0,DELAY_CARRIER|DELAY_WEATHER
DEC,7,20,-9.05,-10.05,4,36.0,41.25,5,117.8,119.6,DELAY_LATE_AIRCRAFT|DELAY_CARRIER
DEC,8,20,-6.35,-4.0,3,40.33,49.67,6,177.33,183.33,DELAY_LATE_AIRCRAFT|DELAY_NAS|DELAY_CARRIER
DEC,9,23,-8.7,-7.26,1,21.0,30.0,4,215.5,219.25,DELAY_LATE_AIRCRAFT|DELAY_CARRIER
DEC,10,23,-9.09,-8.7,1,15.0,56.0,0,,,DELAY_NAS|DELAY_CARRIER
DEC,11,23,-6.04,-13.52,2,37.5,36.0,3,186.33,189.33,DELAY_LATE_AIRCRAFT|DELAY_CARRIER|DELAY_NAS
DEC,12,20,-8.6,-9.4,4,35.25,35.25,3,147.33,147.0,DELAY_LATE_AIRCRAFT|DELAY_CARRIER
DEN,1,8014,-1.09,-7.9,2232,30.91,24.81,939,134.98,129.88,DELAY_CARRIER|DELAY_LATE_AIRCRAFT|DELAY_NAS
DEN,2,8291,-1.23,-6.18,1728,30.42,28.83,790,140.23,146.54,DELAY_CARRIER|DELAY_LATE_AIRCRAFT|DELAY_NAS
DEN,3,9522,-1.24,-6.75,1918,30.95,25.26,757,125.51,120.85,DELAY_LATE_AIRCRAFT|DELAY_CARRIER|DELAY_NAS
DEN,4,9552,-1.37,-7.24,1998,30.66,26.09,750,130.93,126.3,DELAY_LATE_AIRCRAFT|DELAY_CARRIER|DELAY_NAS
DEN,5,9325,-1.12,-6.38,2462,31.54,26.13,1418,126.85,122.06,DELAY_LATE_AIRCRAFT|DELAY_CARRIER|DELAY_NAS
DEN,6,9560,-0.88,-5.18,2696,31.41,27.18,1405,121.42,116.58,DELAY_LATE_AIRCRAFT|DELAY_CARRIER|DELAY_NAS
DEN,7,9853,-1.11,-6.33,2533,31.93,26.7,1479,128.57,123.05,DELAY_LATE_AIRCRAFT|DELAY_CARRIER|DELAY_NAS
DEN,8,10031,-1.44,-5.51,2311,32.62,28.23,1217,129.77,125.62,DELAY_LATE_AIRCRAFT|DELAY_CARRIER|DELAY_NAS
DEN,9,10920,-2.49,-8.46,1578,29.97,22.98,628,120.52,112.75,DELAY_LATE_AIRCRAFT|DELAY_CARRIER|DELAY_NAS
DEN,10,11587,-2.53,-8.8,1421,30.26,22.69,477,127.78,119.66,DELAY_LATE_AIRCRAFT|DELAY_CARRIER|DELAY_NAS
DEN,11,10117,-2.04,-7.15,1628,30.5,31.38,679,135.57,136.98,DELAY_NAS|DELAY_CARRIER|DELAY_LATE_AIRCRAFT
DEN,12,10546,-1.85,-9.88,1709,30.14,21.14,643,140.71,132.98,DELAY_LATE_AIRCRAFT|DELAY_CARRIER|DELAY_NAS
DFW,1,7957,-1.84,-6.33,2134,32.13,29.48,1388,137.73,137.62,DELAY_LATE_AIRCRAFT|DELAY_CARRIER|DELAY_NAS
DFW,2,9408,-2.71,-7.95,1479,30.95,26.1,502,123.43,117.61,DELAY_CARRIER|DELAY_LATE_AIRCRAFT|DELAY_NAS
DFW,3,8883,-1.94,-7.04,2271,32.68,27.57,1337,136.1,132.42,DELAY_LATE_AIRCRAFT|DELAY_CARRIER|DELAY_NAS
DFW,4,8879,-2.24,-6.29,2000,32.16,29.39,1223,146.84,144.93,DELAY_LATE_AIRCRAFT|DELAY_CARRIER|DELAY_NAS
DFW,5,7620,-0.9,-2.9,2622,33.04,31.89,2333,154.33,153.64,DELAY_LATE_AIRCRAFT|DELAY_CARRIER|DELAY_NAS
DFW,6,8611,-1.06,-6.77,2934,32.76,28.37,1926,138.5,134.66,DELAY_LATE_AIRCRAFT|DELAY_CARRIER|DELAY_NAS
DFW,7,8950,-1.02,-5.67,3085,32.94,29.05,2231,138.8,134.69,DELAY_LATE_AIRCRAFT|DELAY_CARRIER|DELAY_NAS
DFW,8,10036,-1.94,-8.3,2412,32.5,26.4,1402,146.79,139.75,DELAY_LATE_AIRCRAFT|DELAY_CARRIER|DELAY_NAS
DFW,9,10496,-2.61,-8.37,1840,31.53,25.76,764,121.28,114.82,DELAY_LATE_AIRCRAFT|DELAY_CARRIER|DELAY_NAS
DFW,10,11509,-2.75,-9.66,1779,31.14,23.26,716,128.17,120.55,DELAY_CARRIER|DELAY_LATE_AIRCRAFT|DELAY_NAS
DFW,11,9735,-2.69,-8.84,1709,31.49,27.21,860,139.51,136.53,DELAY_LATE_AIRCRAFT|DELAY_CARRIER|DELAY_NAS
DFW,12,9252,-1.66,-7.65,2142,31.86,25.61,1200,163.88,160.81,DELAY_LATE_AIRCRAFT|DELAY_CARRIER|DELAY_NAS
DHN,1,30,-2.73,-8.43,2,51.5,48.0,2,554.0,543.5,DELAY_CARRIER|DELAY_LATE_AIRCRAFT|DELAY_NAS
DHN,2,22,-4.64,-14.32,2,25.5,14.0,1,167.0,154.0,DELAY_LATE_AIRCRAFT|DELAY_NAS
DHN,3,27,-2.74,-8.89,2,53.0,41.0,0,,,DELAY_LATE_AIRCRAFT|DELAY_NAS
DHN,4,25,-4.08,-3.88,1,60.0,76.0,2,193.0,187.0,DELAY_CARRIER|DELAY_NAS|DELAY_WEATHER
DHN,5,24,-5.13,-4.33,3,33.0,34.33,3,120.0,121.33,DELAY_NAS|DELAY_CARRIER|DELAY_LATE_AIRCRAFT
DHN,6,26,-4.42,-4.46,0,,,1,417.0,396.0,DELAY_CARRIER|DELAY_NAS
DHN,7,25,-6.12,-8.52,3,42.33,29.67,4,284.0,281.25,DELAY_CARRIER|DELAY_NAS
DHN,8,30,-6.07,-16.3,1,36.0,24.0,1,198.0,190.0,DELAY_CARRIER|CANC_WEATHER
DHN,9,28,-6.39,-10.5,7,29.29,28.57,1,115.0,101.0,DELAY_LATE_AIRCRAFT|CANC_WEATHER|DELAY_CARRIER
DHN,10,32,-6.09,-11.56,3,55.67,47.0,2,318.0,309.5,DELAY_CARRIER|DELAY_LATE_AIRCRAFT|DELAY_NAS
DHN,11,36,-7.72,-13.58,4,27.25,25.25,3,199.33,188.33,DELAY_LATE_AIRCRAFT|DELAY_NAS|DELAY_WEATHER
DHN,12,36,-6.97,-14.14,3,29.33,17.33,2,234.0,210.5,DELAY_LATE_AIRCRAFT|DELAY_NAS|DELAY_CARRIER
DIK,1,24,-8.54,-22.79,3,31.0,9.67,0,,,CANC_WEATHER|DELAY_CARRIER
DIK,2,19,-10.26,-28.0,2,39.5,23.0,1,93.0,79.0,CANC_WEATHER|DELAY_CARRIER|DELAY_LATE_AIRCRAFT
DIK,3,22,-7.82,-21.59,0,,,1,210.0,195.0,DELAY_NAS|CANC_WEATHER|DELAY_WEATHER
DIK,4,23,-9.7,-23.83,2,28.0,13.0,3,322.33,303.33,DELAY_CARRIER|DELAY_LATE_AIRCRAFT
DIK,5,23,-9.3,-18.48,2,28.0,36.0,4,159.25,159.0,DELAY_NAS|DELAY_CARRIER|DELAY_WEATHER
DIK,6,18,-10.0,-17.56,1,45.0,38.0,1,90.0,79.0,DELAY_CARRIER|DELAY_LATE_AIRCRAFT
DIK,7,22,-10.36,-19.82,1,41.0,27.0,1,238.0,226.0,DELAY_CARRIER|DELAY_LATE_AIRCRAFT
DIK,8,24,-10.25,-17.0,0,,,1,134.0,120.0,DELAY_LATE_AIRCRAFT|DELAY_NAS
DIK,9,23,-10.7,-18.48,0,,,2,287.5,294.5,DELAY_CARRIER|DELAY_WEATHER
DIK,10,26,-8.65,-7.85,2,40.0,25.0,1,177.0,158.0,DELAY_CARRIER|DELAY_LATE_AIRCRAFT|DELAY_WEATHER
DIK,11,22,-7.18,-1.27,2,45.5,25.5,4,371.25,358.0,DELAY_CARRIER|CANC_WEATHER|DELAY_LATE_AIRCRAFT
DIK,12,23,-8.52,-11.78,2,36.0,23.0,5,222.8,215.0,DELAY_LATE_AIRCRAFT|DELAY_CARRIER|CANC_CARRIER
DLG,6,7,-8.0,-6.29,0,,,0,,,N/D
DLG,7,14,-9.79,-5.64,0,,,2,119.5,132.0,DELAY_LATE_AIRCRAFT|DELAY_NAS
DLG,8,11,-16.09,-16.0,0,,,0,,,CANC_WEATHER
DLG,9,12,-13.75,-13.0,2,21.0,18.5,1,160.0,157.0,DELAY_LATE_AIRCRAFT|CANC_WEATHER
DLH,1,57,-3.54,-9.37,8,26.88,10.13,13,189.31,175.38,DELAY_CARRIER|CANC_WEATHER|DELAY_WEATHER
DLH,2,60,-5.48,-15.9,5,21.2,10.6,3,94.0,86.33,DELAY_CARRIER|DELAY_LATE_AIRCRAFT|DELAY_NAS
DLH,3,75,-5.0,-13.41,2,35.0,19.5,4,267.25,297.5,DELAY_CARRIER|DELAY_NAS|DELAY_WEATHER
DLH,4,85,-6.73,-14.88,5,29.8,12.4,2,200.0,185.5,DELAY_CARRIER|DELAY_NAS|DELAY_SECURITY
DLH,5,70,-5.31,-11.5,4,32.25,29.0,11,138.73,141.18,DELAY_CARRIER|DELAY_NAS|DELAY_WEATHER
DLH,6,76,-4.24,-8.79,8,29.0,32.63,11,153.27,155.09,DELAY_CARRIER|DELAY_LATE_AIRCRAFT|DELAY_NAS
DLH,7,82,-4.3,-7.54,7,39.86,37.29,7,104.0,103.29,DELAY_CARRIER|DELAY_LATE_AIRCRAFT|DELAY_NAS
DLH,8,99,-3.25,-2.22,12,30.25,38.25,10,128.4,137.9,DELAY_NAS|DELAY_LATE_AIRCRAFT|DELAY_CARRIER
DLH,9,97,-5.82,-13.36,6,36.17,27.67,3,177.67,185.0,DELAY_LATE_AIRCRAFT|DELAY_CARRIER|DELAY_WEATHER
DLH,10,108,-5.44,-14.4,6,26.17,17.17,4,134.75,115.0,DELAY_CARRIER|DELAY_NAS|DELAY_LATE_AIRCRAFT
DLH,11,83,-3.72,-14.29,4,27.5,11.0,5,171.0,151.6,DELAY_CARRIER|DELAY_NAS|DELAY_WEATHER
DLH,12,53,-3.68,-9.06,15,34.33,19.93,16,178.31,180.44,DELAY_CARRIER|DELAY_WEATHER|CANC_WEATHER
DRO,1,112,-6.2,-6.41,8,33.13,51.63,19,240.37,234.47,DELAY_CARRIER|DELAY_LATE_AIRCRAFT|DELAY_NAS
DRO,2,116,-6.02,-10.31,10,28.8,30.8,6,286.0,285.83,DELAY_CARRIER|DELAY_LATE_AIRCRAFT|DELAY_WEATHER
DRO,3,119,-4.48,-6.55,10,29.8,26.9,4,126.75,138.5,DELAY_CARRIER|DELAY_NAS|DELAY_WEATHER
DRO,4,103,-5.94,-7.37,8,30.25,36.0,7,255.29,239.57,DELAY_CARRIER|DELAY_NAS|DELAY_LATE_AIRCRAFT
DRO,5,115,-5.4,-8.23,15,28.33,27.27,15,152.27,145.47,DELAY_CARRIER|DELAY_NAS|DELAY_LATE_AIRCRAFT
DRO,6,148,-5.24,-9.57,18,31.72,21.67,14,217.57,212.57,DELAY_CARRIER|DELAY_NAS|DELAY_LATE_AIRCRAFT
DRO,7,149,-4.48,-10.7,27,30.33,27.74,14,204.79,199.0,DELAY_CARRIER|DELAY_LATE_AIRCRAFT|DELAY_NAS
DRO,8,158,-5.62,-10.22,15,37.27,31.33,14,245.0,236.93,DELAY_CARRIER|DELAY_NAS|DELAY_LATE_AIRCRAFT
DRO,9,159,-6.11,-13.13,10,41.1,23.9,9,98.0,87.89,DELAY_CARRIER|DELAY_NAS|DELAY_LATE_AIRCRAFT
DRO,10,154,-5.44,-13.12,12,26.83,14.25,14,142.93,135.21,DELAY_CARRIER|DELAY_LATE_AIRCRAFT|DELAY_WEATHER
DRO,11,138,-5.64,-12.49,10,28.7,20.8,22,202.27,206.73,DELAY_CARRIER|DELAY_LATE_AIRCRAFT|DELAY_WEATHER
DRO,12,147,-5.49,-13.25,10,28.9,17.1,13,135.15,133.85,DELAY_CARRIER|DELAY_LATE_AIRCRAFT|CANC_WEATHER
DSM,1,401,-3.67,-7.08,76,31.63,35.64,94,170.86,173.36,DELAY_NAS|DELAY_CARRIER|DELAY_LATE_AIRCRAFT
DSM,2,514,-4.62,-13.65,50,30.84,23.88,37,203.89,195.57,DELAY_CARRIER|DELAY_NAS|DELAY_LATE_AIRCRAFT
DSM,3,557,-5.26,-11.74,65,32.08,25.29,39,289.13,280.33,DELAY_LATE_AIRCRAFT|DELAY_NAS|DELAY_CARRIER
DSM,4,552,-4.38,-10.26,49,28.96,25.94,31,205.13,199.71,DELAY_CARRIER|DELAY_LATE_AIRCRAFT|DELAY_NAS
DSM,5,442,-2.99,-7.74,73,30.53,27.63,53,162.87,161.79,DELAY_LATE_AIRCRAFT|DELAY_CARRIER|DELAY_NAS
DSM,6,501,-3.28,-7.23,92,32.48,26.73,66,198.02,192.32,DELAY_LATE_AIRCRAFT|DELAY_CARRIER|DELAY_NAS
DSM,7,487,-4.05,-6.24,83,31.31,30.43,68,161.19,159.54,DELAY_LATE_AIRCRAFT|DELAY_CARRIER|DELAY_NAS
DSM,8,508,-4.48,-8.13,64,31.56,25.31,51,129.59,123.75,DELAY_LATE_AIRCRAFT|DELAY_CARRIER|DELAY_NAS
DSM,9,521,-5.15,-10.38,34,29.32,18.88,19,190.42,186.16,DELAY_NAS|DELAY_CARRIER|DELAY_LATE_AIRCRAFT
DSM,10,582,-5.61,-11.31,46,34.89,28.76,18,203.11,193.22,DELAY_CARRIER|DELAY_LATE_AIRCRAFT|DELAY_NAS
DSM,11,559,-5.31,-12.01,41,31.05,25.9,30,174.9,170.83,DELAY_CARRIER|DELAY_LATE_AIRCRAFT|DELAY_NAS
DSM,12,506,-3.78,-11.06,62,29.42,21.31,51,202.55,209.65,DELAY_NAS|DELAY_CARRIER|DELAY_LATE_AIRCRAFT
DTW,1,3439,-2.0,-7.25,647,31.77,29.37,564,161.13,161.1,DELAY_CARRIER|DELAY_NAS|DELAY_LATE_AIRCRAFT
DTW,2,3994,-3.21,-14.31,380,30.03,17.64,160,134.62,121.59,DELAY_CARRIER|DELAY_NAS|DELAY_LATE_AIRCRAFT
DTW,3,4495,-2.87,-10.54,601,30.15,22.1,319,127.0,120.1,DELAY_CARRIER|DELAY_NAS|DELAY_LATE_AIRCRAFT
DTW,4,4609,-3.23,-8.87,525,31.47,26.8,294,149.2,146.01,DELAY_CARRIER|DELAY_NAS|DELAY_LATE_AIRCRAFT
DTW,5,4494,-2.82,-5.88,655,31.43,29.68,412,139.07,136.53,DELAY_CARRIER|DELAY_NAS|DELAY_LATE_AIRCRAFT
DTW,6,4434,-2.71,-6.52,806,31.41,28.55,498,160.18,157.47,DELAY_CARRIER|DELAY_LATE_AIRCRAFT|DELAY_NAS
DTW,7,4063,-2.43,-6.04,825,32.07,27.71,687,148.17,145.19,DELAY_CARRIER|DELAY_LATE_AIRCRAFT|DELAY_NAS
DTW,8,4468,-2.77,-7.34,817,31.64,27.77,520,145.01,141.62,DELAY_CARRIER|DELAY_LATE_AIRCRAFT|DELAY_NAS
DTW,9,4946,-4.22,-10.22,460,31.24,25.3,208,129.93,124.58,DELAY_CARRIER|DELAY_NAS|DELAY_LATE_AIRCRAFT
DTW,10,5066,-3.95,-10.51,514,30.28,22.87,235,121.25,114.69,DELAY_CARRIER|DELAY_NAS|DELAY_LATE_AIRCRAFT
DTW,11,4856,-4.4,-10.41,464,31.02,27.45,225,125.93,121.61,DELAY_CARRIER|DELAY_NAS|DELAY_LATE_AIRCRAFT
DTW,12,4254,-2.36,-8.69,775,32.33,26.9,443,136.92,132.16,DELAY_CARRIER|DELAY_NAS|DELAY_LATE_AIRCRAFT
DVL,1,18,-9.83,-22.94,0,,,1,134.0,112.0,CANC_WEATHER|DELAY_WEATHER
DVL,2,22,-8.64,-20.14,0,,,1,1336.0,1445.0,CANC_WEATHER|CANC_NAS|DELAY_CARRIER
DVL,3,26,-8.35,-13.38,2,29.5,23.0,3,92.67,87.0,DELAY_WEATHER|CANC_WEATHER|DELAY_CARRIER
DVL,4,28,-7.0,-10.82,0,,,1,78.0,86.0,DELAY_LATE_AIRCRAFT|DELAY_NAS
DVL,5,31,-9.16,-8.29,0,,,2,144.5,129.5,DELAY_LATE_AIRCRAFT|DELAY_NAS
DVL,6,24,-6.21,-6.46,2,44.0,47.5,3,474.0,466.33,DELAY_CARRIER|CANC_NAS|DELAY_LATE_AIRCRAFT
DVL,7,19,-4.68,-15.37,7,25.43,19.43,2,104.5,103.0,DELAY_CARRIER|DELAY_LATE_AIRCRAFT
DVL,8,24,-9.25,-14.29,1,15.0,3.0,1,853.0,822.0,CANC_NAS|CANC_WEATHER|DELAY_WEATHER
DVL,9,25,-7.6,-15.84,0,,,1,118.0,94.0,DELAY_WEATHER
DVL,10,32,-9.0,-14.38,1,24.0,15.0,2,570.0,565.0,DELAY_CARRIER|DELAY_LATE_AIRCRAFT
DVL,11,22,-2.86,-3.95,2,30.0,13.5,4,353.0,344.75,DELAY_LATE_AIRCRAFT|CANC_WEATHER|DELAY_NAS
DVL,12,23,-6.65,-10.65,0,,,5,369.4,366.8,DELAY_LATE_AIRCRAFT|DELAY_WEATHER|CANC_WEATHER
EAR,11,26,-5.38,-9.92,2,35.5,35.5,1,543.0,560.0,DELAY_CARRIER|DELAY_LATE_AIRCRAFT
EAR,12,23,-5.87,-13.43,2,26.0,16.5,3,203.33,200.33,DELAY_CARRIER|DELAY_LATE_AIRCRAFT
EAU,12,10,-4.6,-9.6,2,52.5,28.5,1,321.0,299.0,CANC_WEATHER|DELAY_CARRIER|DELAY_LATE_AIRCRAFT
ECP,1,158,-4.21,-9.22,30,29.07,29.53,21,151.05,150.38,DELAY_LATE_AIRCRAFT|DELAY_CARRIER|DELAY_NAS
ECP,2,209,-5.84,-9.65,9,30.44,21.89,6,145.17,134.17,DELAY_LATE_AIRCRAFT|DELAY_NAS|DELAY_CARRIER
ECP,3,277,-4.01,-8.6,42,29.88,29.0,26,166.15,159.23,DELAY_LATE_AIRCRAFT|DELAY_CARRIER|DELAY_NAS
ECP,4,300,-3.75,-5.76,43,30.47,30.4,22,175.68,172.59,DELAY_LATE_AIRCRAFT|DELAY_NAS|DELAY_CARRIER
ECP,5,290,-2.36,-4.47,76,32.21,33.43,35,125.6,135.06,DELAY_LATE_AIRCRAFT|DELAY_NAS|DELAY_CARRIER
ECP,6,367,-2.07,-7.81,112,32.42,28.13,43,136.16,131.35,DELAY_LATE_AIRCRAFT|DELAY_CARRIER|DELAY_NAS
ECP,7,333,-2.2,-6.41,110,31.25,26.05,46,196.15,195.67,DELAY_LATE_AIRCRAFT|DELAY_CARRIER|DELAY_NAS
ECP,8,340,-3.37,-9.75,66,30.2,23.7,24,162.83,161.21,DELAY_LATE_AIRCRAFT|DELAY_CARRIER|DELAY_NAS
ECP,9,293,-3.73,-9.29,37,29.03,24.84,18,127.22,119.94,DELAY_LATE_AIRCRAFT|DELAY_CARRIER|CANC_WEATHER
ECP,10,289,-3.12,-9.21,37,30.38,20.65,7,132.29,130.71,DELAY_LATE_AIRCRAFT|DELAY_CARRIER|DELAY_NAS
ECP,11,217,-4.07,-8.66,18,33.28,27.44,11,171.09,164.45,DELAY_CARRIER|DELAY_LATE_AIRCRAFT|DELAY_NAS
ECP,12,202,-3.01,-6.23,27,32.81,26.11,13,120.77,120.46,DELAY_NAS|DELAY_LATE_AIRCRAFT|DELAY_CARRIER
EGE,1,240,-3.8,-6.44,58,36.6,34.67,40,287.03,285.38,DELAY_LATE_AIRCRAFT|DELAY_CARRIER|DELAY_NAS
EGE,2,255,-5.56,-11.34,29,30.97,23.97,15,192.93,196.0,DELAY_CARRIER|DELAY_LATE_AIRCRAFT|DELAY_NAS
EGE,3,246,-5.0,-8.89,48,32.04,33.65,31,253.87,262.45,DELAY_LATE_AIRCRAFT|DELAY_NAS|DELAY_CARRIER
EGE,4,85,-5.64,-8.46,5,32.6,28.6,8,124.0,125.88,DELAY_CARRIER|DELAY_LATE_AIRCRAFT|DELAY_NAS
EGE,5,62,-5.89,-11.69,5,33.6,28.6,8,143.88,139.63,DELAY_CARRIER|DELAY_NAS|DELAY_LATE_AIRCRAFT
EGE,6,83,-5.99,-10.98,7,38.43,29.86,11,135.0,134.45,DELAY_CARRIER|DELAY_LATE_AIRCRAFT|DELAY_NAS
EGE,7,90,-5.19,-11.78,17,29.0,20.88,12,222.75,215.5,DELAY_LATE_AIRCRAFT|DELAY_CARRIER|DELAY_NAS
EGE,8,105,-5.43,-10.71,14,35.64,25.29,15,162.8,150.47,DELAY_LATE_AIRCRAFT|DELAY_CARRIER|DELAY_NAS
EGE,9,76,-6.42,-14.61,9,37.78,30.67,1,76.0,61.0,DELAY_LATE_AIRCRAFT|DELAY_CARRIER|DELAY_NAS
EGE,10,50,-4.96,-17.54,7,33.29,20.29,2,205.5,188.0,DELAY_CARRIER|DELAY_LATE_AIRCRAFT
EGE,11,43,-2.86,-7.98,9,34.22,32.0,5,141.4,128.4,DELAY_LATE_AIRCRAFT|DELAY_CARRIER|DELAY_NAS
EGE,12,136,-3.48,-7.78,23,34.57,26.65,32,227.31,227.47,DELAY_NAS|DELAY_CARRIER|DELAY_LATE_AIRCRAFT
EKO,1,10,-6.4,-11.5,0,,,1,174.0,196.0,DELAY_WEATHER
EKO,2,14,-8.93,-19.79,0,,,1,125.0,110.0,DELAY_WEATHER
EKO,3,14,-4.86,-4.57,1,60.0,49.0,0,,,DELAY_CARRIER|DELAY_NAS
EKO,4,14,-8.57,-10.79,3,41.33,24.0,0,,,DELAY_CARRIER
EKO,5,19,-9.0,-12.89,0,,,0,,,N/D
EKO,6,10,-5.8,-16.3,1,41.0,31.0,1,187.0,178.0,DELAY_CARRIER
EKO,7,14,-7.14,-15.14,0,,,2,566.0,557.0,DELAY_CARRIER|CANC_NAS
EKO,8,15,-9.2,-15.73,0,,,0,,,N/D
EKO,9,16,-7.75,-18.06,0,,,1,95.0,88.0,DELAY_CARRIER
EKO,10,10,-9.8,-19.7,0,,,0,,,N/D
EKO,11,14,-7.64,-11.5,0,,,0,,,N/D
EKO,12,15,-9.0,-20.67,0,,,0,,,N/D
ELM,1,21,-5.81,-17.76,5,36.4,24.4,10,261.5,259.4,DELAY_CARRIER|DELAY_WEATHER|CANC_WEATHER
ELM,2,29,-7.59,-23.21,6,30.5,10.0,2,75.0,54.0,DELAY_CARRIER|DELAY_LATE_AIRCRAFT|DELAY_WEATHER
ELM,3,32,-5.81,-14.84,2,26.0,21.0,10,232.4,239.1,DELAY_CARRIER|DELAY_NAS|DELAY_LATE_AIRCRAFT
ELM,4,42,-8.26,-15.62,0,,,4,198.75,216.5,DELAY_CARRIER|DELAY_LATE_AIRCRAFT|DELAY_NAS
ELM,5,34,-4.56,-10.03,3,35.0,19.67,4,145.75,141.75,DELAY_CARRIER|DELAY_WEATHER|DELAY_LATE_AIRCRAFT
ELM,6,28,-5.07,-4.0,2,37.0,34.5,7,195.29,199.0,DELAY_CARRIER|DELAY_WEATHER|DELAY_NAS
ELM,7,33,-4.18,-4.91,4,31.25,25.0,7,113.71,107.57,DELAY_CARRIER|DELAY_LATE_AIRCRAFT|CANC_CARRIER
ELM,8,32,-6.22,-9.78,5,29.6,25.2,3,153.33,142.33,DELAY_CARRIER|DELAY_LATE_AIRCRAFT|DELAY_NAS
ELM,9,29,-8.0,-13.62,4,35.0,26.0,3,190.0,183.0,DELAY_LATE_AIRCRAFT|DELAY_WEATHER|CANC_WEATHER
ELM,10,35,-7.09,-10.97,3,28.0,21.0,5,216.6,210.6,DELAY_CARRIER|DELAY_WEATHER|CANC_CARRIER
ELM,11,36,-6.44,-14.53,3,40.67,26.0,3,98.0,95.67,DELAY_CARRIER|DELAY_LATE_AIRCRAFT|DELAY_SECURITY
ELM,12,37,-3.57,-11.35,5,27.0,16.2,5,149.4,138.8,DELAY_CARRIER|DELAY_LATE_AIRCRAFT
ELP,1,514,-3.03,-7.77,74,31.96,26.65,30,148.6,151.9,DELAY_LATE_AIRCRAFT|DELAY_CARRIER|DELAY_NAS
ELP,2,507,-2.95,-7.33,62,30.79,25.66,15,223.07,217.73,DELAY_LATE_AIRCRAFT|DELAY_NAS|DELAY_CARRIER
ELP,3,531,-2.14,-6.67,79,32.03,25.39,39,181.31,177.56,DELAY_LATE_AIRCRAFT|DELAY_CARRIER|DELAY_NAS
ELP,4,601,-2.84,-7.72,88,29.94,25.0,43,164.14,163.23,DELAY_LATE_AIRCRAFT|DELAY_CARRIER|DELAY_NAS
ELP,5,511,-2.07,-6.28,126,31.86,27.5,76,166.99,167.21,DELAY_LATE_AIRCRAFT|DELAY_CARRIER|DELAY_NAS
ELP,6,610,-2.3,-6.53,101,31.52,27.06,44,134.3,130.18,DELAY_LATE_AIRCRAFT|DELAY_CARRIER|DELAY_NAS
ELP,7,550,-2.71,-7.43,108,30.74,23.93,73,135.56,132.1,DELAY_LATE_AIRCRAFT|DELAY_CARRIER|DELAY_NAS
ELP,8,651,-4.43,-8.06,79,33.62,28.72,42,159.57,154.95,DELAY_LATE_AIRCRAFT|DELAY_CARRIER|DELAY_NAS
ELP,9,644,-4.84,-10.36,68,32.59,24.6,30,119.97,115.37,DELAY_LATE_AIRCRAFT|DELAY_CARRIER|DELAY_NAS
ELP,10,708,-4.56,-9.67,57,31.56,26.56,29,178.24,175.07,DELAY_LATE_AIRCRAFT|DELAY_CARRIER|DELAY_NAS
ELP,11,656,-4.17,-8.92,66,32.02,32.03,43,182.95,178.47,DELAY_LATE_AIRCRAFT|DELAY_CARRIER|DELAY_NAS
ELP,12,658,-3.54,-8.46,72,31.88,27.11,50,138.52,139.26,DELAY_LATE_AIRCRAFT|DELAY_CARRIER|DELAY_NAS
ESC,1,21,-6.81,-22.48,1,22.0,9.0,4,100.75,91.0,DELAY_CARRIER|CANC_WEATHER|DELAY_NAS
ESC,2,21,-10.24,-26.86,1,20.0,-4.0,1,112.0,97.0,DELAY_CARRIER
ESC,3,20,-8.85,-22.4,2,49.0,24.0,3,197.33,181.67,DELAY_CARRIER
ESC,4,29,-7.97,-16.66,1,57.0,60.0,2,160.5,153.5,DELAY_CARRIER|CANC_CARRIER|DELAY_WEATHER
ESC,5,25,-8.0,-12.16,0,,,1,152.0,140.0,DELAY_CARRIER|DELAY_NAS
ESC,6,25,-6.64,-5.28,2,40.0,53.5,4,192.0,199.25,DELAY_CARRIER
ESC,7,17,-5.71,-0.29,2,30.5,19.0,2,279.5,323.0,DELAY_CARRIER|DELAY_NAS
ESC,8,26,-8.69,-0.31,2,38.5,45.0,3,254.33,252.33,DELAY_CARRIER|DELAY_WEATHER
ESC,9,26,-11.65,-13.81,5,30.0,26.6,1,115.0,127.0,DELAY_WEATHER|DELAY_CARRIER
ESC,10,30,-9.17,-13.77,2,43.5,38.0,2,148.0,139.0,DELAY_CARRIER
ESC,11,19,-11.11,-13.89,3,27.67,13.33,0,,,DELAY_CARRIER
ESC,12,24,-5.5,-12.21,2,37.0,60.5,4,165.25,165.5,DELAY_CARRIER|CANC_WEATHER
EUG,1,205,-2.95,-9.1,33,29.06,16.42,27,198.78,190.41,CANC_WEATHER|DELAY_CARRIER|DELAY_LATE_AIRCRAFT
EUG,2,228,-4.44,-11.14,18,32.06,28.56,16,130.63,126.06,DELAY_NAS|DELAY_LATE_AIRCRAFT|DELAY_CARRIER
EUG,3,238,-3.56,-6.26,30,33.07,30.5,22,123.14,120.73,DELAY_NAS|DELAY_CARRIER|DELAY_LATE_AIRCRAFT
EUG,4,249,-3.73,-7.5,24,31.54,28.25,11,135.91,128.45,DELAY_CARRIER|DELAY_LATE_AIRCRAFT|DELAY_NAS
EUG,5,227,-3.76,-9.14,37,29.78,25.95,23,125.0,125.7,DELAY_CARRIER|DELAY_LATE_AIRCRAFT|DELAY_NAS
EUG,6,252,-2.34,-8.39,39,31.21,26.15,18,101.06,97.94,DELAY_LATE_AIRCRAFT|DELAY_CARRIER|DELAY_NAS
EUG,7,262,-2.58,-9.14,32,33.09,25.31,26,259.54,252.81,DELAY_LATE_AIRCRAFT|DELAY_CARRIER|DELAY_NAS
EUG,8,222,-3.5,-6.93,28,28.07,29.14,7,121.14,116.43,DELAY_CARRIER|DELAY_LATE_AIRCRAFT|DELAY_NAS
EUG,9,222,-3.85,-7.74,25,36.08,26.48,15,148.2,136.53,DELAY_CARRIER|DELAY_LATE_AIRCRAFT|DELAY_NAS
EUG,10,279,-3.64,-9.39,29,28.07,21.17,10,143.7,135.2,DELAY_CARRIER|DELAY_LATE_AIRCRAFT|DELAY_NAS
EUG,11,278,-3.46,-7.76,33,32.18,24.64,11,296.82,289.64,DELAY_LATE_AIRCRAFT|DELAY_CARRIER|DELAY_NAS
EUG,12,244,-2.2,-8.22,54,28.89,21.3,25,123.76,123.4,DELAY_CARRIER|DELAY_LATE_AIRCRAFT|DELAY_NAS
EVV,1,55,-4.02,-8.65,7,28.57,22.71,10,123.7,124.1,DELAY_LATE_AIRCRAFT|DELAY_NAS|DELAY_CARRIER
EVV,2,67,-6.25,-12.63,6,41.83,34.0,0,,,DELAY_LATE_AIRCRAFT|DELAY_NAS|DELAY_CARRIER
EVV,3,59,-5.07,-8.22,6,32.0,26.33,11,191.36,191.18,DELAY_CARRIER|DELAY_LATE_AIRCRAFT|DELAY_NAS
EVV,4,62,-5.81,-4.94,6,39.0,34.5,4,229.25,227.75,DELAY_CARRIER|DELAY_NAS|DELAY_LATE_AIRCRAFT
EVV,5,61,-4.77,-5.02,6,21.0,15.67,6,226.17,217.67,DELAY_CARRIER|DELAY_NAS|CANC_WEATHER
EVV,6,73,-5.64,-11.86,14,29.07,29.64,5,106.2,93.8,DELAY_LATE_AIRCRAFT|DELAY_NAS|DELAY_CARRIER
EVV,7,80,-5.2,-11.41,17,30.82,28.18,8,229.75,228.5,DELAY_LATE_AIRCRAFT|DELAY_CARRIER|CANC_CARRIER
EVV,8,73,-6.14,-15.81,5,40.6,31.8,4,128.25,120.0,DELAY_LATE_AIRCRAFT|DELAY_NAS|CANC_CARRIER
EVV,9,72,-6.15,-5.85,8,33.88,34.13,5,127.4,116.2,DELAY_NAS|DELAY_CARRIER|DELAY_LATE_AIRCRAFT
EVV,10,80,-7.83,-17.48,8,34.25,26.25,3,266.0,254.33,DELAY_LATE_AIRCRAFT|DELAY_CARRIER|CANC_WEATHER
EVV,11,90,-5.63,-11.76,5,24.2,32.6,5,138.2,128.6,DELAY_NAS|DELAY_CARRIER|DELAY_WEATHER
EVV,12,60,-4.2,-15.62,13,36.31,25.69,8,174.63,164.0,DELAY_NAS|DELAY_CARRIER|DELAY_LATE_AIRCRAFT
EWN,7,4,-8.5,-25.25,4,31.75,15.5,4,116.75,103.25,DELAY_LATE_AIRCRAFT|CANC_CARRIER|CANC_WEATHER
EWN,8,12,-0.5,-6.0,1,52.0,49.0,3,388.33,377.33,DELAY_CARRIER|DELAY_LATE_AIRCRAFT|CANC_WEATHER
EWN,9,1,-10.0,-13.0,0,,,0,,,N/D
EWR,1,3705,-3.48,-13.31,583,31.54,22.57,371,143.29,141.25,DELAY_LATE_AIRCRAFT|CANC_CARRIER|DELAY_NAS
EWR,2,4183,-4.35,-17.84,452,30.85,19.76,208,129.13,116.25,DELAY_NAS|DELAY_LATE_AIRCRAFT|DELAY_CARRIER
EWR,3,4297,-3.86,-16.26,683,31.7,19.6,399,137.69,127.69,DELAY_LATE_AIRCRAFT|DELAY_NAS|DELAY_CARRIER
EWR,4,4184,-3.97,-10.73,667,32.58,25.31,438,150.1,144.06,DELAY_LATE_AIRCRAFT|DELAY_NAS|DELAY_CARRIER
EWR,5,4306,-3.58,-10.38,802,33.55,28.77,535,127.42,124.82,DELAY_LATE_AIRCRAFT|DELAY_NAS|DELAY_CARRIER
EWR,6,3784,-2.84,-10.68,749,32.47,29.62,622,158.0,158.81,DELAY_LATE_AIRCRAFT|DELAY_NAS|DELAY_CARRIER
EWR,7,3588,-2.49,-6.8,836,33.49,35.44,839,163.4,162.75,DELAY_LATE_AIRCRAFT|DELAY_NAS|DELAY_CARRIER
EWR,8,3693,-3.01,-9.14,677,31.61,27.98,609,164.0,161.8,DELAY_LATE_AIRCRAFT|DELAY_NAS|DELAY_CARRIER
EWR,9,4431,-4.65,-11.53,498,31.69,26.82,239,148.24,148.01,DELAY_NAS|DELAY_LATE_AIRCRAFT|DELAY_CARRIER
EWR,10,4678,-4.3,-12.64,532,31.67,23.46,295,121.87,111.25,DELAY_NAS|DELAY_LATE_AIRCRAFT|DELAY_CARRIER
EWR,11,4215,-3.78,-10.88,653,33.28,26.68,481,115.93,110.23,DELAY_LATE_AIRCRAFT|DELAY_NAS|DELAY_CARRIER
EWR,12,4091,-2.21,-9.18,871,31.58,25.44,446,132.21,125.42,DELAY_LATE_AIRCRAFT|DELAY_NAS|DELAY_CARRIER
EYW,1,310,-5.3,-10.71,78,31.5,28.23,49,169.9,165.78,DELAY_LATE_AIRCRAFT|DELAY_CARRIER|DELAY_NAS
EYW,2,302,-4.32,-3.2,65,30.38,27.77,30,256.77,256.9,DELAY_LATE_AIRCRAFT|DELAY_CARRIER|DELAY_NAS
EYW,3,282,-2.74,-3.5,92,32.82,31.85,66,192.32,189.06,DELAY_LATE_AIRCRAFT|DELAY_CARRIER|DELAY_NAS
EYW,4,256,-3.92,-4.32,79,30.41,26.03,36,228.14,222.17,DELAY_LATE_AIRCRAFT|DELAY_CARRIER|DELAY_NAS
EYW,5,211,-3.33,-3.84,45,31.47,35.76,50,232.76,239.34,DELAY_LATE_AIRCRAFT|DELAY_NAS|DELAY_CARRIER
EYW,6,183,-3.84,-7.34,43,34.28,36.37,26,199.04,197.54,DELAY_LATE_AIRCRAFT|DELAY_NAS|DELAY_CARRIER
EYW,7,177,-3.9,-6.53,38,33.32,33.61,34,174.24,173.06,DELAY_LATE_AIRCRAFT|DELAY_NAS|DELAY_CARRIER
EYW,8,166,-6.55,-8.76,27,32.78,31.63,27,159.04,153.22,DELAY_LATE_AIRCRAFT|CANC_WEATHER|DELAY_NAS
EYW,9,195,-7.35,-9.69,23,33.61,28.43,8,287.25,290.63,DELAY_LATE_AIRCRAFT|CANC_WEATHER|DELAY_NAS
EYW,10,227,-7.27,-11.26,22,29.05,19.73,5,154.2,153.4,CANC_WEATHER|DELAY_LATE_AIRCRAFT|DELAY_CARRIER
EYW,11,293,-5.6,-8.6,39,29.23,27.41,23,189.17,184.26,DELAY_LATE_AIRCRAFT|DELAY_CARRIER|DELAY_NAS
EYW,12,267,-5.19,-7.79,60,32.78,27.05,42,247.0,245.76,DELAY_LATE_AIRCRAFT|DELAY_CARRIER|DELAY_NAS
FAI,1,70,-4.69,-7.96,7,37.29,23.57,10,104.8,97.0,DELAY_LATE_AIRCRAFT|DELAY_NAS|CANC_CARRIER
FAI,2,85,-5.2,-8.12,4,33.0,25.25,3,80.67,81.67,DELAY_NAS|DELAY_CARRIER|DELAY_WEATHER
FAI,3,124,-6.74,-8.01,15,28.8,24.47,7,103.86,96.57,DELAY_LATE_AIRCRAFT|DELAY_NAS|DELAY_CARRIER
FAI,4,113,-7.81,-14.37,14,34.79,26.93,4,279.0,278.5,DELAY_LATE_AIRCRAFT|DELAY_CARRIER|DELAY_NAS
FAI,5,136,-6.88,-13.92,25,30.0,19.76,7,107.86,93.71,DELAY_LATE_AIRCRAFT|DELAY_CARRIER|CANC_CARRIER
FAI,6,161,-4.86,-8.48,22,27.36,22.27,8,210.38,204.0,DELAY_LATE_AIRCRAFT|DELAY_CARRIER|DELAY_NAS
FAI,7,129,-4.04,-8.43,36,30.5,22.08,10,274.9,279.2,DELAY_LATE_AIRCRAFT|DELAY_NAS|DELAY_CARRIER
FAI,8,160,-4.09,-9.22,32,30.88,20.81,5,128.2,122.0,DELAY_LATE_AIRCRAFT|DELAY_CARRIER|DELAY_NAS
FAI,9,149,-5.88,-13.61,23,21.65,0.0,5,139.2,133.8,DELAY_CARRIER|DELAY_LATE_AIRCRAFT|DELAY_NAS
FAI,10,123,-6.13,-5.72,12,27.67,25.08,2,73.0,67.0,DELAY_NAS|DELAY_LATE_AIRCRAFT|DELAY_CARRIER
FAI,11,92,-3.82,-11.22,9,26.0,8.78,3,344.0,319.33,DELAY_NAS|DELAY_CARRIER|DELAY_LATE_AIRCRAFT
FAI,12,91,-4.43,-7.29,10,27.0,21.4,7,124.29,123.43,DELAY_NAS|DELAY_CARRIER|DELAY_LATE_AIRCRAFT
FAR,1,210,-4.42,-12.75,26,33.42,30.54,28,169.68,165.54,DELAY_LATE_AIRCRAFT|DELAY_NAS|DELAY_CARRIER
FAR,2,214,-6.09,-19.0,13,21.08,19.85,19,281.37,268.05,DELAY_CARRIER|DELAY_NAS|DELAY_LATE_AIRCRAFT
FAR,3,274,-5.59,-15.04,15,31.87,21.13,17,148.47,139.59,DELAY_CARRIER|DELAY_NAS|DELAY_LATE_AIRCRAFT
FAR,4,236,-6.28,-13.13,21,30.71,22.76,5,119.4,111.6,DELAY_CARRIER|DELAY_LATE_AIRCRAFT|DELAY_NAS
FAR,5,215,-5.07,-8.68,30,34.73,30.97,27,148.26,142.85,DELAY_CARRIER|DELAY_LATE_AIRCRAFT|DELAY_NAS
FAR,6,210,-3.88,-5.1,37,34.19,37.73,39,156.56,157.15,DELAY_CARRIER|DELAY_NAS|DELAY_LATE_AIRCRAFT
FAR,7,225,-4.26,-7.1,36,31.25,30.08,29,146.93,144.24,DELAY_CARRIER|DELAY_LATE_AIRCRAFT|DELAY_NAS
FAR,8,216,-4.73,-6.23,27,33.74,38.7,17,123.12,123.29,DELAY_NAS|DELAY_CARRIER|DELAY_LATE_AIRCRAFT
FAR,9,268,-6.46,-13.39,27,29.0,24.44,10,187.0,167.8,DELAY_CARRIER|DELAY_LATE_AIRCRAFT|DELAY_NAS
FAR,10,235,-6.81,-16.42,26,30.08,19.65,10,84.4,75.2,DELAY_CARRIER|DELAY_LATE_AIRCRAFT|DELAY_WEATHER
FAR,11,224,-3.98,-7.57,28,31.86,29.64,21,234.95,237.76,DELAY_CARRIER|DELAY_NAS|DELAY_LATE_AIRCRAFT
FAR,12,217,-4.17,-7.68,46,28.07,23.22,34,293.76,298.53,DELAY_CARRIER|DELAY_LATE_AIRCRAFT|DELAY_NAS
FAT,1,340,-3.92,-8.67,45,30.49,25.78,25,126.48,119.08,DELAY_LATE_AIRCRAFT|DELAY_CARRIER|DELAY_NAS
FAT,2,329,-3.86,-8.89,45,31.02,24.04,26,154.92,148.69,DELAY_CARRIER|DELAY_LATE_AIRCRAFT|DELAY_NAS
FAT,3,383,-4.13,-8.91,58,30.67,26.4,33,131.18,129.06,DELAY_LATE_AIRCRAFT|DELAY_NAS|DELAY_CARRIER
FAT,4,386,-3.24,-7.08,52,33.94,31.37,28,152.71,152.46,DELAY_LATE_AIRCRAFT|DELAY_CARRIER|DELAY_NAS
FAT,5,388,-2.65,-6.34,63,30.56,26.48,43,252.86,251.09,DELAY_LATE_AIRCRAFT|DELAY_CARRIER|DELAY_NAS
FAT,6,382,-2.72,-6.24,69,32.04,31.16,26,146.96,143.88,DELAY_LATE_AIRCRAFT|DELAY_CARRIER|DELAY_NAS
FAT,7,400,-3.04,-7.21,68,33.72,32.13,38,166.45,166.16,DELAY_CARRIER|DELAY_LATE_AIRCRAFT|DELAY_NAS
FAT,8,428,-3.54,-6.68,52,30.44,22.25,33,129.79,130.82,DELAY_CARRIER|DELAY_LATE_AIRCRAFT|DELAY_NAS
FAT,9,427,-4.05,-8.83,51,32.59,25.51,21,132.29,128.14,DELAY_CARRIER|DELAY_LATE_AIRCRAFT|DELAY_NAS
FAT,10,492,-3.86,-8.79,36,30.72,27.75,16,196.69,196.19,DELAY_CARRIER|DELAY_LATE_AIRCRAFT|DELAY_NAS
FAT,11,411,-3.9,-9.05,50,31.24,28.64,29,188.62,189.21,DELAY_LATE_AIRCRAFT|DELAY_CARRIER|DELAY_NAS
FAT,12,374,-2.26,-7.2,89,34.07,32.43,44,169.18,172.68,DELAY_CARRIER|DELAY_LATE_AIRCRAFT|DELAY_WEATHER
FAY,1,50,-4.64,-10.22,3,30.67,23.0,5,175.4,186.8,CANC_WEATHER|DELAY_LATE_AIRCRAFT|DELAY_NAS
FAY,2,42,-3.9,-18.79,5,25.8,13.4,2,194.0,158.0,DELAY_CARRIER|DELAY_LATE_AIRCRAFT
FAY,3,30,-3.73,-10.5,7,23.0,9.0,0,,,DELAY_CARRIER
FAY,4,27,-4.67,-9.93,6,25.83,17.83,1,68.0,91.0,DELAY_LATE_AIRCRAFT
FAY,5,36,-2.86,-5.97,2,27.5,26.5,5,216.0,216.0,DELAY_CARRIER|DELAY_LATE_AIRCRAFT|DELAY_NAS
FAY,6,73,-6.97,-13.89,4,31.5,22.5,4,390.5,388.25,DELAY_CARRIER|CANC_WEATHER|DELAY_WEATHER
FAY,7,37,-5.22,-14.57,3,24.67,57.67,8,198.5,204.88,DELAY_CARRIER|DELAY_NAS|CANC_CARRIER
FAY,8,55,-5.58,-4.24,3,24.67,22.33,6,148.17,147.0,DELAY_CARRIER|DELAY_NAS|DELAY_LATE_AIRCRAFT
FAY,9,77,-7.06,-7.06,7,31.43,33.43,11,163.64,169.82,DELAY_CARRIER|DELAY_LATE_AIRCRAFT|DELAY_NAS
FAY,10,90,-4.94,-4.83,9,24.22,15.56,6,336.33,326.17,DELAY_NAS|DELAY_CARRIER|DELAY_LATE_AIRCRAFT
FAY,11,62,-5.66,-12.06,2,21.0,6.0,5,280.0,269.2,DELAY_LATE_AIRCRAFT|DELAY_NAS|DELAY_CARRIER
FAY,12,58,-2.83,-13.79,7,31.71,23.86,2,192.0,171.5,DELAY_LATE_AIRCRAFT|DELAY_CARRIER|DELAY_NAS
FCA,1,83,-2.9,-6.96,13,27.54,22.62,11,155.0,150.64,DELAY_CARRIER|DELAY_LATE_AIRCRAFT|CANC_WEATHER
FCA,2,100,-4.47,-6.68,6,39.17,36.5,3,146.0,136.67,DELAY_NAS|DELAY_LATE_AIRCRAFT|CANC_WEATHER
FCA,3,104,-3.39,-7.48,3,34.0,20.33,3,92.0,91.67,DELAY_NAS|DELAY_CARRIER|DELAY_LATE_AIRCRAFT
FCA,4,78,-4.58,-9.72,4,41.75,34.25,4,148.25,151.5,DELAY_CARRIER|DELAY_NAS|DELAY_LATE_AIRCRAFT
FCA,5,106,-3.92,-8.69,16,32.63,23.63,10,127.1,117.9,DELAY_LATE_AIRCRAFT|DELAY_NAS|DELAY_CARRIER
FCA,6,189,-3.53,-10.44,28,30.07,23.5,14,300.93,297.71,DELAY_LATE_AIRCRAFT|DELAY_NAS|DELAY_CARRIER
FCA,7,219,-3.33,-7.41,38,28.26,22.18,23,201.65,198.65,DELAY_LATE_AIRCRAFT|DELAY_CARRIER|DELAY_NAS
FCA,8,222,-3.12,-5.03,39,30.74,32.21,20,273.35,267.55,DELAY_LATE_AIRCRAFT|DELAY_CARRIER|DELAY_NAS
FCA,9,175,-3.33,-9.31,18,27.83,19.22,5,167.4,165.6,DELAY_LATE_AIRCRAFT|DELAY_CARRIER|DELAY_NAS
FCA,10,117,-5.22,-12.4,8,29.5,16.63,3,239.67,230.33,DELAY_CARRIER|DELAY_LATE_AIRCRAFT|DELAY_NAS
FCA,11,90,-6.3,-8.08,9,34.22,41.44,2,83.5,117.5,DELAY_NAS|DELAY_CARRIER|DELAY_LATE_AIRCRAFT
FCA,12,112,-4.79,-14.86,13,37.0,26.85,7,167.14,150.0,DELAY_CARRIER|DELAY_LATE_AIRCRAFT|DELAY_NAS
FLG,1,43,-6.56,-8.05,3,36.33,53.0,4,146.0,158.0,DELAY_CARRIER|DELAY_WEATHER
FLG,2,46,-6.5,-11.0,4,25.25,17.5,6,368.33,377.67,DELAY_CARRIER|DELAY_WEATHER|CANC_WEATHER
FLG,3,53,-6.96,-11.21,3,43.67,66.33,8,216.75,221.5,DELAY_CARRIER|DELAY_WEATHER|DELAY_LATE_AIRCRAFT
FLG,4,57,-7.04,-9.61,5,30.4,31.4,5,116.0,112.8,DELAY_CARRIER|DELAY_NAS|DELAY_LATE_AIRCRAFT
FLG,5,71,-7.08,-9.28,1,18.0,8.0,4,151.0,173.5,CANC_WEATHER|DELAY_LATE_AIRCRAFT|DELAY_WEATHER
FLG,6,70,-6.69,-7.64,6,35.33,42.0,6,231.67,227.5,DELAY_CARRIER|DELAY_NAS
FLG,7,77,-6.57,-6.42,3,36.0,30.33,2,138.5,139.5,DELAY_NAS|DELAY_CARRIER
FLG,8,65,-8.51,-7.58,4,31.5,24.75,2,110.0,111.0,DELAY_CARRIER
FLG,9,59,-7.66,-9.47,5,36.6,40.8,4,248.5,243.25,DELAY_CARRIER|DELAY_LATE_AIRCRAFT|DELAY_NAS
FLG,10,77,-6.84,-11.25,8,37.13,34.5,15,133.8,133.07,DELAY_CARRIER|DELAY_LATE_AIRCRAFT|DELAY_NAS
FLG,11,75,-7.84,-12.03,13,32.69,34.85,11,144.09,146.18,DELAY_CARRIER|DELAY_LATE_AIRCRAFT|DELAY_NAS
FLG,12,92,-6.9,-11.03,8,42.25,32.75,6,274.0,267.0,DELAY_CARRIER|DELAY_LATE_AIRCRAFT|DELAY_WEATHER
FLL,1,2756,-1.24,-8.11,947,31.43,24.91,413,130.37,126.64,DELAY_LATE_AIRCRAFT|DELAY_CARRIER|DELAY_NAS
FLL,2,2924,-2.19,-5.32,707,30.88,26.22,348,136.97,130.09,DELAY_CARRIER|DELAY_LATE_AIRCRAFT|DELAY_NAS
FLL,3,2956,-1.65,-5.29,969,32.55,29.17,609,141.78,141.38,DELAY_LATE_AIRCRAFT|DELAY_NAS|DELAY_CARRIER
FLL,4,3164,-2.54,-7.4,618,31.75,26.7,364,141.37,136.32,DELAY_LATE_AIRCRAFT|DELAY_CARRIER|DELAY_NAS
FLL,5,2759,-2.13,-5.4,674,31.95,30.68,415,135.9,137.55,DELAY_LATE_AIRCRAFT|DELAY_NAS|DELAY_CARRIER
FLL,6,2426,-1.73,-7.1,682,33.41,29.0,391,133.72,131.96,DELAY_LATE_AIRCRAFT|DELAY_NAS|DELAY_CARRIER
FLL,7,2343,-1.53,-7.2,747,32.97,29.38,477,137.04,133.56,DELAY_LATE_AIRCRAFT|DELAY_CARRIER|DELAY_NAS
FLL,8,2178,-1.69,-6.82,698,31.34,28.99,440,139.81,137.49,DELAY_LATE_AIRCRAFT|DELAY_NAS|DELAY_CARRIER
FLL,9,2421,-3.13,-6.8,432,31.16,30.22,179,132.87,132.97,DELAY_NAS|DELAY_CARRIER|DELAY_LATE_AIRCRAFT
FLL,10,2814,-3.24,-9.69,391,30.36,23.58,159,128.6,122.87,DELAY_CARRIER|DELAY_LATE_AIRCRAFT|DELAY_NAS
FLL,11,3095,-3.61,-10.94,419,30.13,22.83,155,137.34,132.43,DELAY_NAS|DELAY_CARRIER|DELAY_LATE_AIRCRAFT
FLL,12,2893,-1.83,-8.58,725,31.18,25.25,385,129.38,125.48,DELAY_LATE_AIRCRAFT|DELAY_CARRIER|DELAY_NAS
FNT,1,64,-6.27,-9.48,8,25.5,30.75,6,278.0,274.5,DELAY_NAS|DELAY_LATE_AIRCRAFT|CANC_WEATHER
FNT,2,80,-5.78,-14.74,11,30.27,22.73,4,206.75,195.0,DELAY_NAS|DELAY_CARRIER|DELAY_LATE_AIRCRAFT
FNT,3,115,-5.8,-13.66,13,30.46,30.92,8,113.5,111.0,DELAY_NAS|DELAY_LATE_AIRCRAFT|DELAY_CARRIER
FNT,4,82,-7.68,-19.93,8,33.25,22.38,5,214.4,207.2,DELAY_NAS|DELAY_CARRIER|DELAY_LATE_AIRCRAFT
FNT,5,65,-6.0,-8.66,7,33.57,36.29,11,143.18,137.36,DELAY_NAS|DELAY_CARRIER|DELAY_LATE_AIRCRAFT
FNT,6,66,-4.88,-8.97,7,27.14,16.14,6,144.0,134.0,DELAY_LATE_AIRCRAFT|DELAY_CARRIER|DELAY_NAS
FNT,7,57,-3.75,-5.11,5,32.6,42.2,12,188.75,186.17,DELAY_CARRIER|DELAY_NAS|DELAY_LATE_AIRCRAFT
FNT,8,64,-4.86,-7.98,14,35.43,32.93,6,152.0,145.5,DELAY_CARRIER|DELAY_LATE_AIRCRAFT|DELAY_NAS
FNT,9,63,-4.52,-7.84,9,30.11,26.56,9,111.11,102.44,DELAY_LATE_AIRCRAFT|DELAY_CARRIER|DELAY_WEATHER
FNT,10,72,-4.25,-7.29,10,31.5,26.8,6,150.0,147.5,DELAY_CARRIER|DELAY_LATE_AIRCRAFT|CANC_WEATHER
FNT,11,80,-4.76,-10.53,8,28.75,31.13,9,171.44,177.67,DELAY_CARRIER|DELAY_LATE_AIRCRAFT|DELAY_NAS
FNT,12,84,-3.54,-9.39,17,38.06,26.41,10,148.2,134.9,DELAY_NAS|DELAY_CARRIER|DELAY_LATE_AIRCRAFT
FOD,1,11,-5.09,-14.64,2,41.0,32.5,4,148.25,131.5,DELAY_LATE_AIRCRAFT|CANC_WEATHER|DELAY_CARRIER
FOD,2,21,-9.1,-17.38,1,27.0,17.0,1,106.0,101.0,DELAY_LATE_AIRCRAFT
FOD,3,19,-7.89,-10.11,4,43.0,55.0,2,550.0,556.0,DELAY_CARRIER|DELAY_LATE_AIRCRAFT|DELAY_NAS
FOD,4,18,-8.17,-12.78,2,21.5,19.5,1,198.0,204.0,DELAY_LATE_AIRCRAFT
FOD,5,17,-6.76,-10.47,4,23.75,35.0,2,174.5,172.0,CANC_WEATHER|DELAY_CARRIER|DELAY_LATE_AIRCRAFT
FOD,6,13,-10.38,-14.62,3,27.0,27.33,3,433.0,432.67,DELAY_LATE_AIRCRAFT|DELAY_CARRIER
FOD,7,22,-10.64,-16.64,1,26.0,25.0,5,472.6,471.2,DELAY_LATE_AIRCRAFT|CANC_WEATHER
FOD,8,20,-9.4,-9.6,2,44.5,52.0,5,142.8,144.6,DELAY_LATE_AIRCRAFT|CANC_WEATHER|DELAY_NAS
FOD,9,23,-9.26,-7.87,4,40.0,40.0,1,62.0,46.0,DELAY_CARRIER|DELAY_LATE_AIRCRAFT
FOD,10,26,-9.12,-10.92,2,56.5,52.5,1,102.0,90.0,DELAY_CARRIER|DELAY_LATE_AIRCRAFT|DELAY_NAS
FOD,11,25,-8.72,-13.88,1,26.0,6.0,4,132.0,134.0,DELAY_CARRIER|DELAY_LATE_AIRCRAFT|CANC_WEATHER
FOD,12,18,-8.39,-7.33,2,36.5,25.0,1,68.0,48.0,DELAY_LATE_AIRCRAFT|DELAY_CARRIER
FSD,1,198,-3.37,-6.32,44,30.73,34.98,22,155.82,159.23,DELAY_NAS|DELAY_CARRIER|DELAY_WEATHER
FSD,2,261,-4.68,-13.92,29,32.86,21.07,19,192.11,181.74,DELAY_CARRIER|DELAY_LATE_AIRCRAFT|DELAY_NAS
FSD,3,269,-5.18,-14.58,31,33.45,27.71,14,218.64,218.21,DELAY_LATE_AIRCRAFT|DELAY_NAS|DELAY_CARRIER
FSD,4,256,-5.78,-13.48,25,32.24,25.52,12,215.08,216.17,DELAY_LATE_AIRCRAFT|DELAY_CARRIER|DELAY_NAS
FSD,5,231,-3.92,-8.92,21,38.43,29.9,17,218.71,213.88,DELAY_NAS|DELAY_CARRIER|DELAY_LATE_AIRCRAFT
FSD,6,209,-3.17,-6.22,37,28.57,25.95,32,165.13,163.63,DELAY_NAS|DELAY_LATE_AIRCRAFT|DELAY_CARRIER
FSD,7,198,-4.48,-9.04,44,29.36,23.2,30,161.03,158.47,DELAY_CARRIER|DELAY_LATE_AIRCRAFT|DELAY_NAS
FSD,8,195,-4.27,-6.57,41,34.54,35.07,17,210.53,211.0,DELAY_CARRIER|DELAY_LATE_AIRCRAFT|DELAY_NAS
FSD,9,228,-5.71,-10.08,26,28.38,25.19,9,90.56,82.0,DELAY_CARRIER|DELAY_LATE_AIRCRAFT|DELAY_NAS
FSD,10,266,-5.31,-11.61,27,28.41,21.41,9,89.0,75.89,DELAY_CARRIER|DELAY_LATE_AIRCRAFT|DELAY_NAS
FSD,11,247,-3.74,-9.15,31,28.77,23.97,20,153.35,146.4,DELAY_NAS|DELAY_CARRIER|DELAY_LATE_AIRCRAFT
FSD,12,236,-3.45,-8.04,32,31.0,27.22,35,221.97,214.94,DELAY_NAS|DELAY_CARRIER|DELAY_LATE_AIRCRAFT
FSM,1,26,-6.23,-2.23,9,27.89,32.33,6,442.83,448.33,DELAY_NAS|CANC_WEATHER|DELAY_CARRIER
FSM,2,36,-5.08,0.19,2,38.0,42.5,1,126.0,124.0,DELAY_NAS|DELAY_LATE_AIRCRAFT|DELAY_WEATHER
FSM,3,42,-6.07,-9.57,3,17.33,16.67,2,92.0,78.5,DELAY_NAS|DELAY_LATE_AIRCRAFT|DELAY_WEATHER
FSM,4,34,-5.41,-10.12,6,25.83,18.33,2,147.5,187.5,DELAY_WEATHER|DELAY_LATE_AIRCRAFT|CANC_WEATHER
FSM,5,34,-1.68,-1.38,10,26.6,31.7,7,141.14,144.14,DELAY_LATE_AIRCRAFT|DELAY_NAS|DELAY_WEATHER
FSM,6,35,-4.03,-6.83,10,29.4,24.2,9,155.67,150.22,DELAY_LATE_AIRCRAFT|DELAY_NAS|DELAY_CARRIER
FSM,7,46,-5.28,-9.2,8,31.88,25.13,4,188.5,186.25,DELAY_LATE_AIRCRAFT|DELAY_CARRIER|CANC_CARRIER
FSM,8,45,-4.8,-12.07,4,33.5,21.5,4,151.5,140.25,DELAY_LATE_AIRCRAFT|DELAY_CARRIER|DELAY_NAS
FSM,9,30,-4.3,-11.2,5,28.8,22.2,3,122.33,100.67,DELAY_NAS|DELAY_LATE_AIRCRAFT
FSM,10,52,-7.25,-17.08,2,26.5,18.0,1,124.0,129.0,DELAY_LATE_AIRCRAFT|DELAY_WEATHER
FSM,11,35,-3.74,-20.29,3,24.33,15.33,1,79.0,58.0,CANC_WEATHER|DELAY_LATE_AIRCRAFT|DELAY_CARRIER
FSM,12,44,-5.5,-14.18,1,54.0,27.0,4,337.5,346.75,DELAY_LATE_AIRCRAFT|DELAY_NAS|CANC_WEATHER
FWA,1,96,-3.77,-7.46,28,30.18,41.11,27,145.41,142.93,DELAY_CARRIER|DELAY_NAS|DELAY_LATE_AIRCRAFT
FWA,2,124,-3.8,-14.1,11,31.0,22.09,14,163.07,152.57,DELAY_CARRIER|DELAY_NAS|DELAY_WEATHER
FWA,3,148,-4.2,-13.97,21,28.81,21.67,17,137.18,143.94,DELAY_CARRIER|DELAY_NAS|DELAY_LATE_AIRCRAFT
FWA,4,148,-4.47,-11.42,17,29.76,24.59,19,151.95,151.32,DELAY_CARRIER|DELAY_NAS|DELAY_LATE_AIRCRAFT
FWA,5,116,-4.24,-8.55,26,28.35,20.58,18,162.56,160.72,DELAY_CARRIER|DELAY_LATE_AIRCRAFT|DELAY_NAS
FWA,6,147,-4.52,-9.5,32,32.03,28.44,21,125.57,117.33,DELAY_CARRIER|DELAY_LATE_AIRCRAFT|DELAY_NAS
FWA,7,145,-4.68,-5.23,32,30.81,29.81,27,136.96,134.44,DELAY_CARRIER|DELAY_LATE_AIRCRAFT|DELAY_NAS
FWA,8,135,-4.68,-9.55,27,28.93,26.0,23,154.13,154.57,DELAY_CARRIER|DELAY_LATE_AIRCRAFT|DELAY_NAS
FWA,9,175,-5.49,-9.95,23,35.26,35.57,15,146.93,147.93,DELAY_CARRIER|DELAY_LATE_AIRCRAFT|DELAY_NAS
FWA,10,215,-6.17,-13.33,20,26.4,20.35,21,137.67,128.29,DELAY_CARRIER|DELAY_LATE_AIRCRAFT|CANC_WEATHER
FWA,11,214,-4.71,-11.07,21,27.19,18.29,10,245.4,233.9,DELAY_CARRIER|DELAY_NAS|CANC_WEATHER
FWA,12,182,-4.63,-10.62,33,32.03,23.52,29,201.21,199.41,DELAY_CARRIER|DELAY_LATE_AIRCRAFT|DELAY_NAS
GCC,1,24,-5.88,-16.46,1,38.0,27.0,2,197.5,194.0,CANC_WEATHER|DELAY_LATE_AIRCRAFT|DELAY_NAS
GCC,2,30,-4.87,-17.27,2,20.5,13.0,1,142.0,122.0,DELAY_NAS|DELAY_CARRIER|DELAY_LATE_AIRCRAFT
GCC,3,35,-8.29,-22.23,1,15.0,1.0,2,164.5,187.0,DELAY_LATE_AIRCRAFT|DELAY_NAS|DELAY_WEATHER
GCC,4,26,-5.96,-15.15,0,,,1,79.0,80.0,CANC_WEATHER|DELAY_CARRIER|DELAY_LATE_AIRCRAFT
GCC,5,27,-6.78,-10.89,1,42.0,38.0,0,,,DELAY_NAS|DELAY_WEATHER
GCC,6,26,-5.69,-7.69,2,21.0,16.0,1,172.0,166.0,DELAY_CARRIER|DELAY_NAS
GCC,7,28,-8.18,-10.5,1,17.0,8.0,4,203.75,206.25,DELAY_CARRIER|DELAY_LATE_AIRCRAFT
GCC,8,24,-3.71,-8.67,1,16.0,58.0,1,105.0,134.0,DELAY_CARRIER|DELAY_NAS
GCC,9,26,-7.77,-10.77,2,30.5,32.5,0,,,DELAY_CARRIER|DELAY_LATE_AIRCRAFT
GCC,10,24,-5.29,-11.79,1,27.0,30.0,2,205.5,199.0,DELAY_CARRIER|CANC_WEATHER|DELAY_LATE_AIRCRAFT
GCC,11,25,-6.88,-13.76,3,21.67,15.67,5,94.4,93.8,DELAY_CARRIER|DELAY_LATE_AIRCRAFT|DELAY_NAS
GCC,12,28,-6.04,-12.82,2,31.0,23.5,4,437.0,430.25,DELAY_CARRIER|DELAY_LATE_AIRCRAFT
GCK,1,21,-4.71,-4.86,2,37.0,61.5,5,340.6,344.8,DELAY_CARRIER|DELAY_WEATHER|CANC_WEATHER
GCK,2,32,-5.53,-10.72,4,31.75,45.75,0,,,DELAY_NAS|DELAY_CARRIER|DELAY_LATE_AIRCRAFT
GCK,3,23,-1.22,-1.78,6,28.33,28.67,3,99.67,88.0,DELAY_NAS|DELAY_CARRIER|DELAY_LATE_AIRCRAFT
GCK,4,22,-5.5,-9.86,6,28.83,37.17,5,288.8,284.0,DELAY_CARRIER|DELAY_LATE_AIRCRAFT|DELAY_NAS
GCK,5,18,-4.22,-6.83,6,27.0,36.67,5,177.4,177.8,DELAY_LATE_AIRCRAFT|DELAY_NAS|DELAY_CARRIER
GCK,6,23,-2.96,2.13,0,,,4,98.25,100.25,DELAY_LATE_AIRCRAFT|DELAY_NAS|CANC_WEATHER
GCK,7,30,-2.1,0.0,5,33.0,41.6,3,93.33,96.33,DELAY_NAS|DELAY_CARRIER|DELAY_LATE_AIRCRAFT
GCK,8,18,-2.06,-2.56,5,20.0,25.2,3,271.0,270.0,DELAY_LATE_AIRCRAFT|DELAY_CARRIER|DELAY_NAS
GCK,9,33,-4.64,-6.33,3,32.0,24.0,0,,,DELAY_CARRIER|DELAY_LATE_AIRCRAFT|DELAY_WEATHER
GCK,10,32,-6.38,-12.91,1,21.0,9.0,4,147.75,148.25,DELAY_CARRIER|DELAY_LATE_AIRCRAFT|DELAY_NAS
GCK,11,21,-0.57,-0.48,2,29.5,19.5,1,247.0,240.0,DELAY_CARRIER|DELAY_NAS|CANC_WEATHER
GCK,12,25,-0.8,-7.8,2,28.0,21.5,2,215.0,218.0,DELAY_LATE_AIRCRAFT|CANC_NAS|DELAY_CARRIER
GEG,1,474,-3.05,-8.95,76,33.38,29.78,39,219.77,217.56,DELAY_LATE_AIRCRAFT|DELAY_CARRIER|DELAY_NAS
GEG,2,554,-4.25,-9.76,45,33.53,30.62,18,171.94,166.33,DELAY_NAS|DELAY_LATE_AIRCRAFT|DELAY_CARRIER
GEG,3,613,-4.55,-9.01,61,34.16,29.11,21,205.95,195.19,DELAY_LATE_AIRCRAFT|DELAY_NAS|DELAY_CARRIER
GEG,4,662,-4.68,-8.87,49,29.71,22.04,17,118.76,124.41,DELAY_LATE_AIRCRAFT|DELAY_CARRIER|DELAY_NAS
GEG,5,652,-3.77,-8.71,80,30.41,22.95,24,123.46,120.42,DELAY_LATE_AIRCRAFT|DELAY_CARRIER|DELAY_NAS
GEG,6,625,-3.22,-8.23,97,28.55,19.37,38,107.45,99.71,DELAY_LATE_AIRCRAFT|DELAY_CARRIER|DELAY_NAS
GEG,7,608,-2.54,-6.59,93,29.72,23.0,47,193.04,189.28,DELAY_LATE_AIRCRAFT|DELAY_CARRIER|DELAY_NAS
GEG,8,695,-3.36,-5.49,85,30.66,26.86,36,145.28,144.36,DELAY_LATE_AIRCRAFT|DELAY_CARRIER|DELAY_NAS
GEG,9,650,-3.86,-8.08,71,29.68,23.59,19,174.11,169.53,DELAY_LATE_AIRCRAFT|DELAY_NAS|DELAY_CARRIER
GEG,10,673,-4.27,-7.43,42,29.05,21.26,35,162.46,158.2,DELAY_LATE_AIRCRAFT|DELAY_CARRIER|DELAY_NAS
GEG,11,643,-4.47,-8.39,62,28.79,20.74,24,125.5,122.17,DELAY_NAS|DELAY_CARRIER|DELAY_LATE_AIRCRAFT
GEG,12,593,-2.78,-7.55,91,28.36,22.77,35,152.03,151.66,DELAY_LATE_AIRCRAFT|DELAY_NAS|DELAY_CARRIER
GFK,1,50,-5.1,-9.9,5,33.0,28.6,3,109.33,104.0,DELAY_CARRIER|DELAY_NAS|DELAY_LATE_AIRCRAFT
GFK,2,46,-7.35,-19.57,3,40.67,56.33,5,306.8,296.8,DELAY_CARRIER|DELAY_WEATHER|CANC_WEATHER
GFK,3,53,-7.09,-13.11,2,49.5,49.0,3,77.33,70.0,DELAY_CARRIER|DELAY_WEATHER|CANC_WEATHER
GFK,4,46,-8.7,-18.09,1,39.0,36.0,3,93.67,75.67,DELAY_CARRIER|DELAY_WEATHER
GFK,5,54,-6.81,-13.35,6,36.0,28.67,1,77.0,72.0,DELAY_CARRIER|DELAY_WEATHER|DELAY_LATE_AIRCRAFT
GFK,6,37,-6.38,-1.76,8,37.88,44.88,6,157.33,161.5,DELAY_NAS|DELAY_CARRIER|DELAY_WEATHER
GFK,7,33,-6.45,-4.88,7,29.29,31.43,4,121.75,116.0,DELAY_CARRIER|DELAY_WEATHER|DELAY_NAS
GFK,8,49,-6.04,-4.9,6,36.5,46.17,4,147.5,157.0,DELAY_CARRIER|DELAY_NAS|DELAY_WEATHER
GFK,9,44,-9.16,-9.61,6,25.0,13.67,1,642.0,623.0,DELAY_CARRIER|DELAY_NAS
GFK,10,55,-7.22,-17.18,0,,,2,113.0,125.0,DELAY_WEATHER
GFK,11,51,-7.47,-13.92,1,15.0,-1.0,1,136.0,136.0,DELAY_CARRIER|DELAY_NAS
GFK,12,42,-5.12,-16.07,5,37.2,31.4,3,192.0,183.67,DELAY_CARRIER|DELAY_LATE_AIRCRAFT|DELAY_NAS
GGG,1,27,-6.63,-5.19,2,40.5,40.5,2,78.5,81.5,DELAY_CARRIER|DELAY_WEATHER|CANC_WEATHER
GGG,2,22,-8.14,-14.68,1,24.0,19.0,5,197.8,199.8,DELAY_CARRIER|DELAY_LATE_AIRCRAFT
GGG,3,25,-8.0,-9.36,1,48.0,56.0,2,317.5,325.0,DELAY_WEATHER|DELAY_CARRIER|DELAY_LATE_AIRCRAFT
GGG,4,25,-6.52,-9.76,0,,,5,192.4,189.8,DELAY_WEATHER|DELAY_NAS
GGG,5,25,-6.24,-5.8,1,17.0,22.0,6,170.17,170.33,DELAY_CARRIER|DELAY_WEATHER|CANC_NAS
GGG,6,27,-6.96,-13.52,1,54.0,38.0,3,103.67,67.0,DELAY_LATE_AIRCRAFT|DELAY_CARRIER
GGG,7,22,-5.82,-12.09,3,36.0,33.0,2,69.0,57.0,DELAY_LATE_AIRCRAFT|DELAY_NAS|CANC_WEATHER
GGG,8,24,-3.21,0.88,2,34.5,23.0,2,125.5,120.0,DELAY_LATE_AIRCRAFT|DELAY_NAS|DELAY_CARRIER
GGG,9,24,-3.13,-7.21,0,,,4,101.25,92.5,DELAY_CARRIER|DELAY_LATE_AIRCRAFT|DELAY_NAS
GGG,10,30,-6.07,-9.63,8,35.75,32.75,1,214.0,203.0,DELAY_CARRIER|DELAY_NAS
GGG,11,21,-2.71,-5.05,5,41.0,33.2,2,142.5,148.5,CANC_WEATHER|DELAY_CARRIER|DELAY_LATE_AIRCRAFT
GGG,12,23,-4.65,-4.39,2,21.5,10.5,2,95.0,80.5,DELAY_CARRIER|CANC_WEATHER|DELAY_NAS
GJT,1,113,-5.82,-9.64,11,32.55,25.55,11,159.18,150.36,DELAY_CARRIER|DELAY_LATE_AIRCRAFT|DELAY_NAS
GJT,2,116,-6.7,-11.75,8,36.38,32.38,9,211.33,210.78,DELAY_CARRIER|DELAY_LATE_AIRCRAFT|DELAY_NAS
GJT,3,120,-6.34,-8.12,12,27.08,36.5,5,502.6,504.6,DELAY_NAS|DELAY_LATE_AIRCRAFT|DELAY_CARRIER
GJT,4,107,-6.31,-6.5,6,36.5,31.17,6,209.67,213.5,DELAY_NAS|DELAY_CARRIER|DELAY_LATE_AIRCRAFT
GJT,5,112,-5.44,-7.71,14,34.71,25.0,16,137.31,138.31,DELAY_CARRIER|DELAY_LATE_AIRCRAFT|DELAY_NAS
GJT,6,144,-6.16,-7.99,15,37.67,26.8,15,214.93,215.07,DELAY_LATE_AIRCRAFT|DELAY_CARRIER|DELAY_NAS
GJT,7,131,-6.08,-10.18,26,30.85,28.31,18,283.67,281.22,DELAY_CARRIER|DELAY_LATE_AIRCRAFT|DELAY_NAS
GJT,8,144,-6.17,-9.92,15,33.4,31.8,12,240.83,240.0,DELAY_CARRIER|DELAY_NAS|DELAY_LATE_AIRCRAFT
GJT,9,144,-5.97,-9.59,14,28.0,24.57,8,143.63,135.25,DELAY_CARRIER|DELAY_NAS|DELAY_LATE_AIRCRAFT
GJT,10,186,-6.49,-15.18,7,26.71,15.14,11,240.55,227.73,DELAY_CARRIER|DELAY_LATE_AIRCRAFT|DELAY_NAS
GJT,11,141,-5.01,-11.26,15,36.27,28.6,19,163.84,164.89,DELAY_LATE_AIRCRAFT|DELAY_CARRIER|DELAY_NAS
GJT,12,190,-4.73,-10.11,12,31.67,28.08,8,132.38,126.13,DELAY_CARRIER|DELAY_NAS|DELAY_LATE_AIRCRAFT
GNV,1,88,-5.15,-11.98,17,31.12,21.71,6,114.17,110.5,DELAY_LATE_AIRCRAFT|DELAY_CARRIER|CANC_CARRIER
GNV,2,89,-5.3,-13.02,4,41.25,28.25,2,275.5,244.5,DELAY_CARRIER|DELAY_LATE_AIRCRAFT
GNV,3,83,-5.82,-9.7,12,29.08,21.83,5,111.2,102.2,DELAY_LATE_AIRCRAFT|DELAY_CARRIER|DELAY_NAS
GNV,4,105,-6.55,-10.57,8,44.13,37.75,10,218.0,215.6,DELAY_LATE_AIRCRAFT|DELAY_NAS|DELAY_CARRIER
GNV,5,105,-5.59,-9.36,12,28.75,26.83,10,243.3,243.1,DELAY_LATE_AIRCRAFT|DELAY_CARRIER|DELAY_WEATHER
GNV,6,117,-6.19,-13.99,19,30.21,22.47,11,112.09,105.91,DELAY_LATE_AIRCRAFT|DELAY_CARRIER|DELAY_WEATHER
GNV,7,97,-6.87,-12.52,17,31.29,26.71,22,168.45,167.18,DELAY_LATE_AIRCRAFT|DELAY_CARRIER|CANC_WEATHER
GNV,8,126,-6.52,-10.03,17,32.71,26.29,15,202.53,196.2,DELAY_LATE_AIRCRAFT|CANC_WEATHER|DELAY_CARRIER
GNV,9,122,-7.29,-16.29,9,29.56,24.0,8,98.25,87.38,DELAY_LATE_AIRCRAFT|CANC_WEATHER|DELAY_CARRIER
GNV,10,131,-8.09,-13.93,3,21.0,18.0,3,213.67,205.33,CANC_WEATHER|DELAY_LATE_AIRCRAFT|DELAY_NAS
GNV,11,94,-7.67,-14.11,12,35.42,26.5,3,120.67,127.67,DELAY_CARRIER|DELAY_LATE_AIRCRAFT|DELAY_NAS
GNV,12,93,-4.76,-9.81,11,22.73,21.73,9,174.44,173.67,DELAY_LATE_AIRCRAFT|DELAY_NAS|DELAY_CARRIER
GPT,1,103,-5.78,-10.31,11,33.18,26.82,5,393.8,416.4,DELAY_NAS|DELAY_WEATHER|DELAY_LATE_AIRCRAFT
GPT,2,114,-7.56,-11.89,6,28.0,27.33,5,357.0,345.0,DELAY_CARRIER|DELAY_LATE_AIRCRAFT|DELAY_NAS
GPT,3,121,-6.28,-9.89,6,30.17,28.17,9,210.89,208.22,DELAY_LATE_AIRCRAFT|DELAY_CARRIER|DELAY_NAS
GPT,4,107,-6.25,-8.72,8,33.75,35.38,5,201.6,192.6,DELAY_NAS|DELAY_CARRIER|DELAY_LATE_AIRCRAFT
GPT,5,113,-4.33,-6.57,13,31.31,32.54,14,211.71,211.79,DELAY_LATE_AIRCRAFT|DELAY_NAS|DELAY_WEATHER
GPT,6,119,-7.27,-14.91,25,31.4,23.44,10,267.8,262.3,DELAY_LATE_AIRCRAFT|DELAY_CARRIER|DELAY_NAS
GPT,7,111,-7.69,-10.85,22,39.86,38.55,13,294.08,284.08,DELAY_LATE_AIRCRAFT|DELAY_CARRIER|CANC_CARRIER
GPT,8,114,-8.48,-12.9,10,32.0,28.6,8,136.25,128.0,DELAY_CARRIER|DELAY_LATE_AIRCRAFT|DELAY_NAS
GPT,9,115,-7.57,-7.51,14,33.14,26.86,11,230.73,223.0,DELAY_LATE_AIRCRAFT|DELAY_CARRIER|DELAY_NAS
GPT,10,130,-7.08,-10.17,8,26.75,18.5,2,173.0,169.5,DELAY_LATE_AIRCRAFT|DELAY_CARRIER|DELAY_NAS
GPT,11,115,-7.27,-9.16,6,36.83,30.17,5,278.8,281.4,DELAY_CARRIER|DELAY_LATE_AIRCRAFT|DELAY_NAS
GPT,12,117,-6.33,-6.41,13,32.54,35.31,14,155.5,165.0,DELAY_LATE_AIRCRAFT|DELAY_NAS|DELAY_CARRIER
GRB,1,118,-3.52,-10.81,10,35.5,24.6,33,184.52,177.7,DELAY_CARRIER|DELAY_NAS|DELAY_LATE_AIRCRAFT
GRB,2,156,-5.9,-16.08,7,24.14,16.0,14,245.5,231.07,DELAY_WEATHER|DELAY_NAS|DELAY_CARRIER
GRB,3,172,-5.75,-13.66,12,36.17,33.5,13,157.54,147.69,DELAY_CARRIER|DELAY_LATE_AIRCRAFT|DELAY_WEATHER
GRB,4,169,-5.05,-7.38,11,29.27,26.18,13,206.85,203.15,DELAY_CARRIER|DELAY_LATE_AIRCRAFT|CANC_WEATHER
GRB,5,140,-5.06,-11.18,17,34.59,29.47,26,154.04,156.19,DELAY_CARRIER|DELAY_LATE_AIRCRAFT|DELAY_WEATHER
GRB,6,145,-5.77,-6.43,17,30.18,34.59,16,249.25,252.81,DELAY_CARRIER|DELAY_NAS|DELAY_LATE_AIRCRAFT
GRB,7,104,-5.8,-7.59,10,31.9,26.4,14,127.29,126.79,DELAY_CARRIER|DELAY_LATE_AIRCRAFT|DELAY_NAS
GRB,8,165,-4.98,-4.85,20,33.75,33.45,15,118.87,114.0,DELAY_CARRIER|DELAY_NAS|DELAY_LATE_AIRCRAFT
GRB,9,169,-5.76,-10.44,17,29.41,24.18,7,102.57,102.71,DELAY_CARRIER|DELAY_LATE_AIRCRAFT|DELAY_NAS
GRB,10,174,-5.27,-11.59,10,35.2,31.1,5,83.6,73.0,DELAY_CARRIER|DELAY_LATE_AIRCRAFT|DELAY_NAS
GRB,11,123,-4.99,-11.46,19,34.84,26.89,9,146.22,137.44,DELAY_CARRIER|DELAY_WEATHER|DELAY_NAS
GRB,12,109,-4.71,-9.67,14,33.86,25.64,19,205.26,194.47,DELAY_CARRIER|DELAY_WEATHER|CANC_WEATHER
GRI,1,30,-5.5,-4.8,6,26.33,37.5,6,116.17,128.33,DELAY_CARRIER|DELAY_NAS|CANC_WEATHER
GRI,2,35,-7.26,-18.03,3,46.67,39.0,1,410.0,408.0,DELAY_CARRIER|DELAY_LATE_AIRCRAFT|DELAY_WEATHER
GRI,3,38,-5.39,-19.95,3,38.33,31.67,2,75.5,92.0,DELAY_WEATHER|DELAY_LATE_AIRCRAFT|DELAY_NAS
GRI,4,26,-5.69,-10.42,3,27.33,25.0,5,299.8,318.6,DELAY_CARRIER|DELAY_WEATHER|CANC_WEATHER
GRI,5,29,-2.9,-7.66,3,36.67,27.0,3,275.33,263.33,DELAY_CARRIER|CANC_WEATHER|DELAY_WEATHER
GRI,6,24,-5.92,-10.46,2,32.0,18.0,6,109.0,104.5,DELAY_CARRIER|CANC_NAS|DELAY_LATE_AIRCRAFT
GRI,7,31,-7.81,-8.55,6,30.33,27.0,1,172.0,164.0,DELAY_CARRIER|DELAY_LATE_AIRCRAFT|CANC_CARRIER
GRI,8,24,-7.04,-9.46,7,29.0,28.29,2,75.0,74.5,DELAY_CARRIER|DELAY_LATE_AIRCRAFT|DELAY_SECURITY
GRI,9,34,-4.88,-2.35,7,32.71,38.29,4,200.25,191.75,DELAY_CARRIER|DELAY_WEATHER|DELAY_NAS
GRI,10,32,-4.72,-8.44,4,36.0,33.75,4,178.25,183.25,DELAY_CARRIER|DELAY_LATE_AIRCRAFT
GRI,11,29,-2.69,-3.62,3,34.0,25.0,5,351.6,340.8,DELAY_CARRIER|DELAY_NAS|CANC_WEATHER
GRI,12,24,-4.79,-12.75,10,29.9,24.1,9,212.78,208.67,DELAY_CARRIER|CANC_WEATHER|DELAY_LATE_AIRCRAFT
GRK,1,41,-4.98,-6.12,10,30.8,32.9,5,176.0,173.2,DELAY_CARRIER|CANC_WEATHER|DELAY_NAS
GRK,2,55,-4.44,-6.33,2,21.0,28.5,1,87.0,91.0,DELAY_CARRIER|DELAY_LATE_AIRCRAFT|DELAY_WEATHER
GRK,3,48,-5.13,-7.46,7,27.0,36.43,5,89.4,83.6,DELAY_LATE_AIRCRAFT|DELAY_NAS|CANC_WEATHER
GRK,4,61,-4.72,-7.75,6,42.33,45.67,7,332.71,337.29,DELAY_LATE_AIRCRAFT|DELAY_NAS|CANC_WEATHER
GRK,5,47,-4.43,-6.91,10,34.2,31.1,11,168.73,176.18,DELAY_LATE_AIRCRAFT|DELAY_WEATHER|CANC_WEATHER
GRK,6,51,-2.75,-4.88,16,32.63,32.94,14,159.29,150.07,DELAY_LATE_AIRCRAFT|DELAY_CARRIER|DELAY_NAS
GRK,7,54,-4.02,-6.98,18,34.67,30.22,11,139.36,138.55,DELAY_LATE_AIRCRAFT|DELAY_CARRIER|DELAY_NAS
GRK,8,65,-4.38,-7.77,10,34.9,34.1,5,130.4,123.8,DELAY_LATE_AIRCRAFT|DELAY_CARRIER
GRK,9,65,-2.66,-3.69,7,38.43,37.71,4,158.5,157.5,DELAY_CARRIER|DELAY_LATE_AIRCRAFT|DELAY_NAS
GRK,10,71,-5.93,-8.79,7,30.86,22.57,2,107.0,111.5,DELAY_CARRIER|DELAY_LATE_AIRCRAFT|DELAY_NAS
GRK,11,65,-5.0,-11.02,9,26.67,28.22,5,108.2,101.8,DELAY_LATE_AIRCRAFT|CANC_WEATHER|DELAY_CARRIER
GRK,12,69,-4.45,-4.54,4,33.25,33.75,3,132.67,126.33,DELAY_LATE_AIRCRAFT|DELAY_NAS|CANC_WEATHER
GRR,1,563,-4.24,-8.36,97,31.56,32.52,84,204.73,214.39,DELAY_NAS|DELAY_LATE_AIRCRAFT|CANC_WEATHER
GRR,2,682,-5.84,-18.13,49,29.73,19.98,36,178.58,173.92,DELAY_LATE_AIRCRAFT|DELAY_NAS|DELAY_CARRIER
GRR,3,693,-5.98,-12.61,77,30.81,26.99,58,200.57,202.86,DELAY_NAS|DELAY_LATE_AIRCRAFT|DELAY_CARRIER
GRR,4,684,-6.47,-13.93,68,34.1,25.82,38,163.71,159.82,DELAY_LATE_AIRCRAFT|DELAY_CARRIER|DELAY_NAS
GRR,5,582,-5.23,-10.6,76,31.18,26.93,59,145.71,149.32,DELAY_LATE_AIRCRAFT|DELAY_NAS|DELAY_CARRIER
GRR,6,599,-4.02,-8.04,107,31.71,27.35,57,158.32,157.14,DELAY_LATE_AIRCRAFT|DELAY_NAS|DELAY_CARRIER
GRR,7,570,-3.81,-6.35,95,33.56,32.45,73,147.52,148.58,DELAY_LATE_AIRCRAFT|DELAY_NAS|DELAY_CARRIER
GRR,8,550,-4.14,-8.02,105,31.7,31.21,42,155.79,158.12,DELAY_LATE_AIRCRAFT|DELAY_NAS|DELAY_CARRIER
GRR,9,628,-4.65,-10.01,57,30.37,28.16,22,157.91,156.23,DELAY_NAS|DELAY_CARRIER|DELAY_LATE_AIRCRAFT
GRR,10,635,-4.83,-11.37,47,28.4,19.87,31,190.06,185.0,DELAY_CARRIER|DELAY_LATE_AIRCRAFT|DELAY_NAS
GRR,11,601,-5.66,-9.8,67,31.15,29.61,35,182.23,188.09,DELAY_NAS|DELAY_LATE_AIRCRAFT|DELAY_CARRIER
GRR,12,654,-4.76,-9.22,91,32.0,31.65,57,152.05,152.53,DELAY_NAS|DELAY_CARRIER|DELAY_LATE_AIRCRAFT
GSO,1,375,-5.54,-11.74,31,34.77,32.94,38,195.82,189.21,DELAY_LATE_AIRCRAFT|DELAY_CARRIER|DELAY_NAS
GSO,2,425,-6.37,-14.34,29,30.24,22.34,17,121.29,115.29,DELAY_LATE_AIRCRAFT|DELAY_NAS|DELAY_CARRIER
GSO,3,430,-5.64,-11.43,21,26.76,21.52,22,120.45,120.86,DELAY_LATE_AIRCRAFT|DELAY_NAS|DELAY_CARRIER
GSO,4,433,-4.94,-7.35,19,29.89,25.84,17,174.59,175.76,DELAY_NAS|DELAY_LATE_AIRCRAFT|DELAY_CARRIER
GSO,5,390,-5.06,-7.98,44,36.02,31.39,39,180.21,177.97,DELAY_CARRIER|DELAY_LATE_AIRCRAFT|DELAY_NAS
GSO,6,409,-4.83,-11.53,31,30.74,28.26,37,171.19,167.73,DELAY_LATE_AIRCRAFT|DELAY_NAS|DELAY_CARRIER
GSO,7,345,-4.19,-7.57,69,34.01,33.77,66,164.42,169.14,DELAY_LATE_AIRCRAFT|DELAY_CARRIER|DELAY_NAS
GSO,8,418,-4.76,-8.74,45,31.36,26.07,53,184.3,182.92,DELAY_LATE_AIRCRAFT|DELAY_CARRIER|DELAY_NAS
GSO,9,468,-4.73,-9.44,44,31.89,25.61,25,164.72,165.36,DELAY_LATE_AIRCRAFT|DELAY_NAS|DELAY_CARRIER
GSO,10,538,-5.31,-10.72,35,28.51,20.06,16,147.88,141.81,DELAY_NAS|DELAY_LATE_AIRCRAFT|DELAY_CARRIER
GSO,11,421,-4.31,-6.64,26,34.15,33.31,17,167.53,165.35,DELAY_NAS|DELAY_CARRIER|DELAY_LATE_AIRCRAFT
GSO,12,373,-3.01,-6.61,54,30.48,23.5,31,130.58,125.68,DELAY_NAS|DELAY_LATE_AIRCRAFT|DELAY_CARRIER
GSP,1,481,-4.5,-10.43,68,32.59,26.88,54,131.2,124.17,DELAY_LATE_AIRCRAFT|DELAY_NAS|DELAY_CARRIER
GSP,2,528,-5.46,-11.25,39,31.13,23.0,28,171.18,162.43,DELAY_CARRIER|DELAY_LATE_AIRCRAFT|DELAY_NAS
GSP,3,569,-4.98,-11.18,48,30.46,24.96,25,172.96,166.04,DELAY_LATE_AIRCRAFT|DELAY_NAS|DELAY_CARRIER
GSP,4,597,-4.47,-9.14,66,30.36,27.45,21,167.95,164.43,DELAY_LATE_AIRCRAFT|DELAY_NAS|DELAY_CARRIER
GSP,5,562,-3.25,-8.86,92,32.01,26.29,74,161.49,156.8,DELAY_LATE_AIRCRAFT|DELAY_CARRIER|DELAY_NAS
GSP,6,602,-4.1,-9.03,65,29.86,25.74,44,207.09,204.84,DELAY_LATE_AIRCRAFT|DELAY_NAS|DELAY_CARRIER
GSP,7,539,-3.75,-8.29,90,36.02,36.5,99,148.8,147.36,DELAY_LATE_AIRCRAFT|DELAY_NAS|DELAY_CARRIER
GSP,8,601,-4.65,-9.28,73,32.97,29.97,58,177.79,175.05,DELAY_LATE_AIRCRAFT|DELAY_NAS|DELAY_CARRIER
GSP,9,570,-4.72,-10.14,52,31.94,26.5,42,177.57,169.79,DELAY_LATE_AIRCRAFT|DELAY_CARRIER|DELAY_NAS
GSP,10,683,-5.02,-9.94,47,29.21,21.79,24,167.5,167.92,DELAY_NAS|DELAY_LATE_AIRCRAFT|DELAY_CARRIER
GSP,11,610,-4.61,-9.14,41,28.66,21.59,18,133.28,127.78,DELAY_NAS|DELAY_LATE_AIRCRAFT|DELAY_CARRIER
GSP,12,537,-3.3,-9.18,90,31.63,23.39,45,123.98,115.89,DELAY_LATE_AIRCRAFT|DELAY_CARRIER|DELAY_NAS
GST,6,15,-14.0,-14.6,0,,,0,,,N/D
GST,7,11,1.55,-0.55,0,,,1,129.0,137.0,CANC_WEATHER|DELAY_SECURITY|DELAY_LATE_AIRCRAFT
GST,8,8,-9.13,-16.88,2,29.5,22.0,0,,,CANC_WEATHER|DELAY_CARRIER
GTF,1,99,-5.63,-11.11,9,32.33,18.89,12,214.17,217.67,DELAY_LATE_AIRCRAFT|DELAY_WEATHER|DELAY_CARRIER
GTF,2,82,-4.73,-6.87,3,32.0,29.33,6,316.0,316.67,DELAY_CARRIER|DELAY_NAS|DELAY_WEATHER
GTF,3,99,-5.62,-9.94,3,38.67,28.33,3,162.67,171.33,DELAY_CARRIER|CANC_WEATHER|DELAY_LATE_AIRCRAFT
GTF,4,99,-4.71,-9.91,5,44.6,34.2,3,198.0,198.0,DELAY_CARRIER|DELAY_LATE_AIRCRAFT|DELAY_NAS
GTF,5,90,-5.91,-11.7,6,39.0,29.33,3,147.0,142.33,DELAY_CARRIER|DELAY_NAS|DELAY_LATE_AIRCRAFT
GTF,6,81,-4.95,-11.52,8,35.13,30.38,2,164.5,156.5,DELAY_CARRIER|DELAY_NAS|DELAY_LATE_AIRCRAFT
GTF,7,92,-4.77,-10.37,4,28.75,12.75,3,212.67,201.33,DELAY_CARRIER|CANC_CARRIER|DELAY_LATE_AIRCRAFT
GTF,8,81,-5.17,-9.44,5,31.8,30.0,3,128.67,142.0,DELAY_NAS|DELAY_CARRIER|DELAY_LATE_AIRCRAFT
GTF,9,78,-5.78,-14.45,5,35.2,24.4,3,123.67,109.67,DELAY_CARRIER|DELAY_LATE_AIRCRAFT|DELAY_NAS
GTF,10,93,-4.56,-11.57,4,23.75,14.0,4,123.25,108.75,DELAY_CARRIER|DELAY_LATE_AIRCRAFT
GTF,11,86,-5.33,-4.86,6,34.67,41.0,3,96.33,98.67,DELAY_CARRIER|DELAY_NAS|CANC_WEATHER
GTF,12,90,-5.77,-14.32,6,30.17,23.0,2,163.5,167.0,DELAY_LATE_AIRCRAFT|DELAY_CARRIER|DELAY_WEATHER
GTR,1,20,-5.3,-21.7,1,38.0,26.0,4,169.5,175.5,DELAY_LATE_AIRCRAFT|CANC_NAS
GTR,2,28,-6.0,-19.68,2,25.0,6.0,0,,,N/D
GTR,3,21,-5.62,-17.19,2,15.0,-2.5,1,384.0,381.0,DELAY_CARRIER
GTR,4,27,-6.0,-13.56,2,33.5,23.5,0,,,DELAY_CARRIER|DELAY_LATE_AIRCRAFT
GTR,5,28,-2.96,-6.32,2,48.0,46.5,0,,,DELAY_LATE_AIRCRAFT
GTR,6,26,-6.88,-12.35,2,37.5,30.5,1,126.0,127.0,DELAY_LATE_AIRCRAFT|DELAY_CARRIER|DELAY_NAS
GTR,7,23,-5.35,-12.09,5,28.6,23.2,3,179.67,168.0,DELAY_LATE_AIRCRAFT|DELAY_CARRIER|DELAY_NAS
GTR,8,24,-6.88,-17.88,0,,,0,,,N/D
GTR,9,26,-5.88,-12.08,0,,,1,64.0,50.0,DELAY_NAS|DELAY_CARRIER
GTR,10,33,-7.21,-12.94,0,,,0,,,DELAY_NAS
GTR,11,33,-5.97,-12.61,1,39.0,54.0,0,,,DELAY_CARRIER|DELAY_NAS
GTR,12,20,-5.65,-11.55,1,29.0,7.0,0,,,DELAY_NAS
GUC,1,32,-6.59,-7.5,5,35.4,27.2,8,208.38,218.0,DELAY_LATE_AIRCRAFT|CANC_WEATHER|DELAY_NAS
GUC,2,40,-6.45,-12.43,1,36.0,35.0,5,108.8,102.8,DELAY_CARRIER|DELAY_NAS|CANC_WEATHER
GUC,3,44,-7.5,-12.84,2,45.0,19.5,5,129.0,135.2,DELAY_CARRIER|DELAY_LATE_AIRCRAFT|DELAY_NAS
GUC,4,19,-7.84,-14.63,2,24.0,6.5,0,,,N/D
GUC,5,21,-6.95,-9.33,0,,,4,117.0,116.0,DELAY_CARRIER|DELAY_NAS|DELAY_WEATHER
GUC,6,19,-8.95,-12.05,8,35.13,33.5,0,,,DELAY_CARRIER|DELAY_LATE_AIRCRAFT|DELAY_NAS
GUC,7,32,-5.94,-12.47,2,35.0,19.0,3,115.67,104.0,DELAY_CARRIER|DELAY_NAS
GUC,8,29,-6.66,-18.93,3,38.0,23.0,3,178.0,161.0,DELAY_CARRIER|DELAY_LATE_AIRCRAFT
GUC,9,27,-8.11,-23.7,0,,,1,63.0,57.0,DELAY_CARRIER|DELAY_NAS
GUC,10,27,-8.81,-22.22,1,22.0,20.0,2,94.5,90.5,DELAY_CARRIER|DELAY_LATE_AIRCRAFT|DELAY_WEATHER
GUC,11,29,-6.62,-20.66,3,46.0,43.33,2,185.5,197.5,DELAY_CARRIER|CANC_WEATHER|DELAY_LATE_AIRCRAFT
GUC,12,39,-7.15,-20.51,1,54.0,16.0,5,355.0,341.6,DELAY_LATE_AIRCRAFT|CANC_WEATHER|DELAY_CARRIER
GUM,1,34,-5.29,-19.91,1,15.0,-4.0,0,,,N/D
GUM,2,28,-3.82,-20.07,1,17.0,29.0,0,,,DELAY_CARRIER
GUM,3,29,-3.48,-18.55,0,,,0,,,N/D
GUM,4,21,-7.67,-21.24,5,18.4,-6.2,0,,,N/D
GUM,5,31,-1.81,-16.94,1,15.0,3.0,0,,,N/D
GUM,6,28,-0.68,-7.11,3,20.0,14.33,0,,,DELAY_CARRIER
GUM,7,30,-3.27,-12.73,5,25.8,6.8,0,,,DELAY_CARRIER
GUM,8,26,-1.31,-7.0,2,40.0,38.0,2,96.5,85.0,DELAY_CARRIER
GUM,9,20,-6.8,-16.95,2,44.5,16.0,1,98.0,67.0,DELAY_CARRIER|CANC_NAS
GUM,10,40,-7.63,-19.1,1,27.0,37.0,0,,,DELAY_CARRIER
GUM,11,25,-5.32,-11.64,1,33.0,23.0,1,112.0,111.0,DELAY_CARRIER
GUM,12,26,-3.04,-9.35,0,,,1,95.0,82.0,DELAY_NAS
HDN,1,153,-3.41,-9.14,30,33.97,33.63,15,222.2,216.87,DELAY_LATE_AIRCRAFT|DELAY_NAS|DELAY_CARRIER
HDN,2,151,-4.09,-9.26,47,31.62,30.36,15,127.73,132.07,DELAY_LATE_AIRCRAFT|DELAY_NAS|DELAY_CARRIER
HDN,3,158,-5.87,-11.96,34,28.97,28.94,20,358.2,367.05,DELAY_NAS|DELAY_LATE_AIRCRAFT|DELAY_CARRIER
HDN,4,54,-4.17,-7.31,5,32.4,26.8,1,89.0,78.0,DELAY_LATE_AIRCRAFT|DELAY_CARRIER|DELAY_NAS
HDN,5,54,-6.09,-13.59,4,23.0,16.0,3,149.0,174.0,DELAY_NAS|DELAY_LATE_AIRCRAFT|DELAY_WEATHER
HDN,6,45,-3.71,-9.24,6,25.0,11.83,4,97.75,92.25,DELAY_NAS|DELAY_LATE_AIRCRAFT|CANC_WEATHER
HDN,7,51,-3.82,-12.82,9,36.11,21.78,6,109.83,102.83,DELAY_CARRIER|DELAY_LATE_AIRCRAFT|CANC_WEATHER
HDN,8,55,-1.89,-10.31,10,39.0,30.8,4,162.5,149.0,DELAY_CARRIER|DELAY_NAS|DELAY_LATE_AIRCRAFT
HDN,9,49,-6.16,-14.31,1,24.0,9.0,2,138.0,121.5,DELAY_CARRIER|DELAY_LATE_AIRCRAFT
HDN,10,49,-5.94,-15.53,0,,,1,64.0,44.0,DELAY_CARRIER
HDN,11,49,-4.45,-14.33,3,37.67,20.33,6,151.33,176.0,DELAY_CARRIER|DELAY_LATE_AIRCRAFT|DELAY_NAS
HDN,12,97,-5.27,-14.57,29,33.55,27.28,13,156.31,146.85,DELAY_LATE_AIRCRAFT|DELAY_NAS|DELAY_CARRIER
HGR,1,5,-11.0,-20.0,2,31.5,46.0,1,112.0,107.0,DELAY_CARRIER|DELAY_NAS
HGR,2,6,-4.83,-12.17,1,23.0,20.0,0,,,DELAY_CARRIER
HGR,3,6,-0.67,-1.5,4,40.0,45.5,1,87.0,82.0,DELAY_LATE_AIRCRAFT|DELAY_NAS
HGR,4,2,-1.0,-15.5,6,33.5,28.0,1,129.0,131.0,DELAY_LATE_AIRCRAFT|DELAY_CARRIER|CANC_CARRIER
HGR,5,5,-11.2,-14.6,3,19.67,21.67,2,103.5,123.5,DELAY_LATE_AIRCRAFT|DELAY_NAS
HGR,6,8,-10.25,-14.63,6,32.17,25.67,2,102.0,96.0,DELAY_LATE_AIRCRAFT|DELAY_CARRIER|DELAY_WEATHER
HGR,7,10,-11.8,-11.5,7,31.29,24.0,5,459.6,461.2,DELAY_LATE_AIRCRAFT|DELAY_CARRIER|DELAY_WEATHER
HGR,8,10,-9.7,-4.9,3,25.33,16.0,1,90.0,128.0,DELAY_LATE_AIRCRAFT|CANC_WEATHER|DELAY_NAS
HGR,9,5,-9.4,-5.2,0,,,0,,,N/D
HGR,10,8,-8.0,-13.63,1,27.0,18.0,1,261.0,262.0,CANC_WEATHER|DELAY_LATE_AIRCRAFT
HGR,11,5,-11.2,-23.8,1,34.0,27.0,3,390.67,388.0,DELAY_LATE_AIRCRAFT|DELAY_CARRIER
HGR,12,6,1.83,-5.83,3,37.33,26.33,3,194.33,186.67,DELAY_LATE_AIRCRAFT|CANC_WEATHER|DELAY_CARRIER
HHH,1,23,-6.39,-13.09,3,46.67,47.67,3,101.0,100.33,DELAY_LATE_AIRCRAFT|CANC_WEATHER|DELAY_NAS
HHH,2,30,-6.87,-12.8,3,27.33,30.0,1,74.0,74.0,DELAY_LATE_AIRCRAFT|CANC_WEATHER
HHH,3,44,-4.73,-5.43,5,43.0,43.4,1,62.0,58.0,DELAY_LATE_AIRCRAFT|DELAY_NAS
HHH,4,63,-4.43,-4.83,10,25.9,18.3,4,152.0,137.0,DELAY_LATE_AIRCRAFT|DELAY_NAS|CANC_WEATHER
HHH,5,58,-2.36,-5.98,25,31.16,26.52,22,166.95,161.95,DELAY_LATE_AIRCRAFT|DELAY_CARRIER|DELAY_NAS
HHH,6,98,-5.21,-10.0,11,30.09,25.91,8,105.5,93.0,DELAY_LATE_AIRCRAFT|DELAY_NAS|CANC_NAS
HHH,7,86,-5.27,-9.23,17,29.82,29.0,13,233.0,240.69,DELAY_LATE_AIRCRAFT|DELAY_NAS|DELAY_CARRIER
HHH,8,78,-4.9,-11.45,14,31.5,23.0,4,323.25,339.0,DELAY_LATE_AIRCRAFT|DELAY_NAS|CANC_WEATHER
HHH,9,75,-5.08,-6.96,5,34.4,36.0,12,143.33,144.75,DELAY_NAS|DELAY_LATE_AIRCRAFT|DELAY_WEATHER
HHH,10,70,-7.14,-8.31,10,30.7,32.8,5,98.0,92.2,DELAY_LATE_AIRCRAFT|DELAY_NAS|DELAY_CARRIER
HHH,11,40,-2.4,-2.23,2,40.5,44.0,0,,,DELAY_NAS|DELAY_LATE_AIRCRAFT
HHH,12,35,-3.74,-3.43,11,34.36,34.27,2,84.0,75.5,DELAY_LATE_AIRCRAFT|DELAY_NAS|CANC_WEATHER
HIB,1,21,-7.29,-13.38,1,26.0,0.0,3,112.33,101.33,DELAY_CARRIER|DELAY_WEATHER
HIB,2,23,-7.22,-8.74,2,30.5,16.5,1,111.0,97.0,DELAY_CARRIER|DELAY_NAS|DELAY_WEATHER
HIB,3,22,-10.14,-21.27,0,,,3,82.0,77.67,DELAY_CARRIER|DELAY_NAS
HIB,4,21,-8.86,-23.62,3,39.0,24.67,0,,,DELAY_CARRIER|DELAY_WEATHER
HIB,5,24,-9.54,-20.13,1,33.0,24.0,0,,,DELAY_WEATHER
HIB,6,17,-7.76,-2.71,2,31.0,37.5,2,166.5,167.5,DELAY_CARRIER
HIB,7,24,-7.79,-5.38,2,36.0,38.0,0,,,DELAY_CARRIER
HIB,8,21,-7.67,-3.29,0,,,2,462.5,473.5,DELAY_CARRIER
HIB,9,29,-7.17,-15.0,0,,,1,127.0,147.0,DELAY_CARRIER
HIB,10,22,-10.59,-20.55,1,57.0,40.0,2,103.0,90.5,DELAY_CARRIER
HIB,11,31,-11.68,-25.0,2,37.0,17.5,0,,,DELAY_CARRIER|DELAY_WEATHER
HIB,12,19,-7.68,-10.84,5,31.4,7.8,4,138.75,133.75,DELAY_CARRIER|CANC_CARRIER|CANC_WEATHER
HLN,1,55,-4.84,-5.93,9,29.22,35.22,9,232.33,242.56,DELAY_CARRIER|DELAY_WEATHER|DELAY_NAS
HLN,2,58,-4.55,-4.07,4,36.0,51.75,4,209.25,198.75,DELAY_CARRIER|DELAY_NAS|DELAY_WEATHER
HLN,3,60,-5.63,-4.87,1,16.0,16.0,4,172.25,175.0,DELAY_CARRIER|DELAY_NAS|DELAY_LATE_AIRCRAFT
HLN,4,56,-6.27,-15.88,4,25.0,8.75,3,321.0,318.33,DELAY_WEATHER|DELAY_CARRIER|DELAY_LATE_AIRCRAFT
HLN,5,57,-6.21,-13.65,2,25.0,16.0,5,218.4,213.2,DELAY_CARRIER|DELAY_NAS|DELAY_LATE_AIRCRAFT
HLN,6,48,-6.42,-11.56,4,27.25,32.0,2,83.5,78.5,DELAY_CARRIER|DELAY_NAS|DELAY_LATE_AIRCRAFT
HLN,7,46,-5.33,-9.67,0,,,4,238.5,231.5,DELAY_CARRIER|DELAY_LATE_AIRCRAFT
HLN,8,52,-6.0,-10.04,3,39.33,47.33,3,523.0,517.67,DELAY_CARRIER|DELAY_LATE_AIRCRAFT|DELAY_NAS
HLN,9,55,-6.76,-13.98,1,52.0,49.0,5,145.6,150.4,DELAY_CARRIER|DELAY_WEATHER|DELAY_LATE_AIRCRAFT
HLN,10,77,-5.9,-11.19,1,19.0,19.0,2,669.0,656.0,DELAY_CARRIER|DELAY_LATE_AIRCRAFT
HLN,11,51,-4.16,-9.47,2,31.0,11.5,1,71.0,68.0,DELAY_NAS|DELAY_LATE_AIRCRAFT
HLN,12,69,-6.32,-18.07,2,29.0,21.5,3,114.0,119.0,DELAY_CARRIER|DELAY_WEATHER
HNL,1,1934,-0.76,-8.25,431,29.45,20.12,144,122.07,108.01,DELAY_LATE_AIRCRAFT|DELAY_CARRIER|CANC_CARRIER
HNL,2,1989,-1.09,-8.85,303,27.75,15.64,108,143.65,124.09,DELAY_CARRIER|DELAY_LATE_AIRCRAFT|DELAY_NAS
HNL,3,2286,-1.5,-6.18,233,26.33,22.28,47,124.68,115.32,DELAY_CARRIER|DELAY_LATE_AIRCRAFT|DELAY_NAS
HNL,4,2219,-1.61,-5.74,251,28.31,22.47,85,123.58,114.95,DELAY_CARRIER|DELAY_LATE_AIRCRAFT|DELAY_NAS
HNL,5,2173,-1.24,-3.51,302,29.95,28.97,95,137.73,135.69,DELAY_CARRIER|DELAY_LATE_AIRCRAFT|CANC_CARRIER
HNL,6,2189,-1.61,-4.03,277,26.92,24.44,75,120.51,115.55,DELAY_CARRIER|DELAY_LATE_AIRCRAFT|DELAY_NAS
HNL,7,2345,-1.18,-3.4,332,27.94,25.24,90,122.44,118.52,DELAY_CARRIER|DELAY_LATE_AIRCRAFT|DELAY_NAS
HNL,8,2314,-1.64,-7.6,246,29.19,20.7,69,135.55,123.04,DELAY_CARRIER|DELAY_LATE_AIRCRAFT|CANC_WEATHER
HNL,9,2198,-2.55,-6.46,169,28.79,21.6,36,157.08,149.47,DELAY_CARRIER|DELAY_LATE_AIRCRAFT|DELAY_NAS
HNL,10,2195,-1.73,-5.7,228,28.87,23.03,61,123.62,114.31,DELAY_CARRIER|DELAY_LATE_AIRCRAFT|DELAY_NAS
HNL,11,2192,-2.67,-6.26,181,28.86,21.55,60,125.85,117.53,DELAY_CARRIER|DELAY_LATE_AIRCRAFT|DELAY_NAS
HNL,12,2246,-1.88,-5.44,282,29.02,22.77,68,135.71,127.28,DELAY_CARRIER|DELAY_LATE_AIRCRAFT|DELAY_NAS
HOB,5,4,-3.75,-8.75,3,21.33,35.0,1,109.0,97.0,DELAY_CARRIER|DELAY_NAS|DELAY_WEATHER
HOB,6,19,-8.21,-12.26,2,35.0,41.0,5,279.0,279.0,DELAY_CARRIER|CANC_WEATHER|DELAY_WEATHER
HOB,7,23,-3.87,-9.17,2,34.0,35.0,5,103.0,107.8,DELAY_CARRIER|CANC_WEATHER|DELAY_LATE_AIRCRAFT
HOB,8,18,-7.28,-14.56,4,20.5,24.0,3,297.0,280.67,DELAY_CARRIER|DELAY_NAS
HOB,9,29,-4.45,-12.52,1,32.0,27.0,1,862.0,840.0,DELAY_CARRIER|DELAY_LATE_AIRCRAFT
HOB,10,21,-3.67,-12.95,1,48.0,37.0,1,339.0,322.0,DELAY_CARRIER|DELAY_LATE_AIRCRAFT
HOB,11,22,-4.73,-15.55,6,27.83,13.67,4,193.5,191.25,DELAY_CARRIER|CANC_WEATHER|DELAY_LATE_AIRCRAFT
HOB,12,27,-3.41,-10.04,7,34.14,20.14,2,182.0,160.5,DELAY_CARRIER
HOU,1,1740,-0.53,-6.54,447,29.84,26.51,162,127.49,131.97,DELAY_LATE_AIRCRAFT|DELAY_CARRIER|DELAY_NAS
HOU,2,1862,-1.45,-6.41,227,27.82,22.49,37,117.08,112.84,DELAY_CARRIER|DELAY_LATE_AIRCRAFT|DELAY_NAS
HOU,3,1900,-0.93,-8.93,398,29.23,22.45,131,123.04,118.79,DELAY_LATE_AIRCRAFT|DELAY_CARRIER|DELAY_NAS
HOU,4,1821,-0.85,-10.54,412,30.27,21.83,137,133.09,128.22,DELAY_LATE_AIRCRAFT|DELAY_CARRIER|DELAY_NAS
HOU,5,1518,0.23,-7.54,573,32.28,26.87,345,149.96,145.19,DELAY_LATE_AIRCRAFT|DELAY_CARRIER|DELAY_NAS
HOU,6,1662,0.44,-7.66,574,31.48,24.18,223,128.42,121.55,DELAY_LATE_AIRCRAFT|DELAY_CARRIER|DELAY_NAS
HOU,7,1473,0.74,-7.88,669,30.82,23.98,340,132.23,124.79,DELAY_LATE_AIRCRAFT|DELAY_CARRIER|CANC_WEATHER
HOU,8,1847,-1.4,-12.29,358,30.82,20.22,109,131.06,121.41,DELAY_LATE_AIRCRAFT|DELAY_CARRIER|DELAY_NAS
HOU,9,1881,-1.46,-11.95,279,29.87,19.32,49,99.22,90.84,DELAY_LATE_AIRCRAFT|DELAY_CARRIER|DELAY_NAS
HOU,10,1973,-1.35,-12.31,284,30.23,20.14,77,122.13,118.71,DELAY_LATE_AIRCRAFT|DELAY_CARRIER|DELAY_NAS
HOU,11,1998,-1.73,-8.68,251,29.31,22.34,66,110.74,111.08,DELAY_LATE_AIRCRAFT|DELAY_CARRIER|DELAY_NAS
HOU,12,1715,-0.75,-7.5,372,31.13,25.66,172,141.05,143.47,DELAY_LATE_AIRCRAFT|DELAY_CARRIER|DELAY_NAS
HPN,1,394,-4.17,-7.36,76,33.95,33.5,51,176.37,179.24,DELAY_LATE_AIRCRAFT|DELAY_NAS|DELAY_CARRIER
HPN,2,451,-4.84,-16.86,62,31.23,24.89,28,199.64,193.61,DELAY_CARRIER|DELAY_LATE_AIRCRAFT|DELAY_NAS
HPN,3,455,-4.67,-12.79,65,31.55,25.68,31,159.97,155.52,DELAY_NAS|DELAY_LATE_AIRCRAFT|DELAY_CARRIER
HPN,4,451,-4.95,-12.95,37,34.7,36.11,40,211.13,218.7,DELAY_LATE_AIRCRAFT|DELAY_NAS|DELAY_CARRIER
HPN,5,405,-5.57,-11.49,57,33.0,28.07,34,162.88,168.12,DELAY_LATE_AIRCRAFT|DELAY_NAS|DELAY_CARRIER
HPN,6,391,-5.7,-13.1,44,32.93,29.66,30,219.63,219.27,DELAY_CARRIER|DELAY_NAS|DELAY_LATE_AIRCRAFT
HPN,7,389,-4.3,-6.95,60,35.27,34.17,72,173.22,175.97,DELAY_LATE_AIRCRAFT|DELAY_CARRIER|DELAY_NAS
HPN,8,373,-5.87,-10.02,74,30.82,33.62,54,179.24,186.13,DELAY_LATE_AIRCRAFT|DELAY_CARRIER|DELAY_NAS
HPN,9,425,-7.97,-12.06,30,34.9,31.2,30,173.37,169.33,DELAY_CARRIER|DELAY_LATE_AIRCRAFT|DELAY_NAS
HPN,10,411,-6.06,-15.25,33,35.55,26.79,24,147.96,140.21,DELAY_CARRIER|DELAY_LATE_AIRCRAFT|CANC_WEATHER
HPN,11,409,-6.55,-17.36,50,32.04,23.18,13,176.69,167.08,DELAY_CARRIER|DELAY_NAS|DELAY_LATE_AIRCRAFT
HPN,12,351,-3.74,-8.69,71,31.32,27.68,80,145.53,146.14,DELAY_LATE_AIRCRAFT|DELAY_NAS|DELAY_CARRIER
HRL,1,145,-3.39,-8.48,15,38.53,29.4,10,140.8,143.6,DELAY_LATE_AIRCRAFT|DELAY_CARRIER|DELAY_NAS
HRL,2,133,-4.87,-9.38,12,27.5,19.58,0,,,DELAY_LATE_AIRCRAFT|DELAY_NAS|DELAY_CARRIER
HRL,3,139,-3.54,-9.45,23,31.78,24.35,12,157.08,149.83,DELAY_LATE_AIRCRAFT|DELAY_NAS|DELAY_CARRIER
HRL,4,167,-4.41,-8.57,18,27.83,21.61,10,134.1,131.9,DELAY_LATE_AIRCRAFT|DELAY_NAS|DELAY_CARRIER
HRL,5,136,-3.08,-4.07,35,30.29,34.94,12,191.92,196.92,DELAY_LATE_AIRCRAFT|DELAY_NAS|DELAY_CARRIER
HRL,6,112,-1.2,-0.54,23,30.43,27.35,15,142.8,138.73,DELAY_LATE_AIRCRAFT|DELAY_NAS|DELAY_CARRIER
HRL,7,134,-2.13,-1.6,34,32.74,34.41,13,133.92,138.23,DELAY_LATE_AIRCRAFT|DELAY_NAS|DELAY_CARRIER
HRL,8,172,-5.15,-8.0,9,24.56,23.0,7,107.86,102.29,DELAY_LATE_AIRCRAFT|DELAY_NAS|DELAY_CARRIER
HRL,9,145,-3.56,-8.08,20,28.55,27.75,7,105.0,103.43,DELAY_LATE_AIRCRAFT|DELAY_CARRIER|DELAY_NAS
HRL,10,174,-5.28,-10.16,11,28.82,24.91,3,84.33,78.33,DELAY_LATE_AIRCRAFT|DELAY_CARRIER|DELAY_NAS
HRL,11,185,-4.54,-10.22,11,29.82,25.91,5,154.0,152.8,DELAY_LATE_AIRCRAFT|DELAY_CARRIER|DELAY_NAS
HRL,12,165,-2.5,-7.32,21,34.9,37.19,16,151.25,153.25,DELAY_LATE_AIRCRAFT|DELAY_NAS|DELAY_CARRIER
HSV,1,235,-4.27,-7.82,42,31.14,31.88,36,168.69,166.53,DELAY_LATE_AIRCRAFT|DELAY_CARRIER|CANC_WEATHER
HSV,2,279,-5.14,-9.61,27,26.3,21.26,13,128.77,118.85,DELAY_LATE_AIRCRAFT|DELAY_CARRIER|DELAY_NAS
HSV,3,305,-4.12,-9.58,39,30.79,26.28,24,145.33,146.54,DELAY_LATE_AIRCRAFT|DELAY_CARRIER|DELAY_NAS
HSV,4,336,-4.51,-7.42,39,32.92,28.05,31,127.42,118.42,DELAY_LATE_AIRCRAFT|DELAY_CARRIER|DELAY_NAS
HSV,5,280,-3.56,-3.83,63,29.52,27.68,36,138.81,143.36,DELAY_LATE_AIRCRAFT|DELAY_NAS|DELAY_CARRIER
HSV,6,256,-3.84,-7.08,50,32.18,29.34,23,165.65,163.48,DELAY_CARRIER|DELAY_LATE_AIRCRAFT|DELAY_NAS
HSV,7,279,-2.31,-4.8,43,28.79,25.47,48,183.77,177.35,DELAY_CARRIER|DELAY_LATE_AIRCRAFT|DELAY_NAS
HSV,8,281,-3.3,-7.31,44,29.55,23.52,24,126.13,116.13,DELAY_CARRIER|DELAY_LATE_AIRCRAFT|DELAY_NAS
HSV,9,298,-4.21,-8.0,42,29.9,25.36,26,172.58,166.27,DELAY_CARRIER|DELAY_LATE_AIRCRAFT|DELAY_NAS
HSV,10,319,-4.25,-9.75,54,28.63,19.22,22,144.55,132.91,DELAY_CARRIER|DELAY_LATE_AIRCRAFT|DELAY_NAS
HSV,11,284,-3.45,-8.65,39,30.69,26.46,17,209.29,207.06,DELAY_CARRIER|DELAY_LATE_AIRCRAFT|DELAY_NAS
HSV,12,225,-1.97,-6.89,58,31.83,24.71,24,178.5,183.5,DELAY_LATE_AIRCRAFT|DELAY_CARRIER|DELAY_NAS
HTS,1,9,-6.56,3.44,4,35.25,30.5,0,,,DELAY_LATE_AIRCRAFT|DELAY_NAS|DELAY_CARRIER
HTS,2,5,-1.2,-6.0,4,21.25,21.25,1,61.0,64.0,DELAY_LATE_AIRCRAFT|DELAY_NAS
HTS,3,5,4.2,6.2,3,39.33,35.0,3,309.67,312.0,DELAY_CARRIER|DELAY_LATE_AIRCRAFT|CANC_CARRIER
HTS,4,4,0.75,-9.5,0,,,1,69.0,66.0,DELAY_LATE_AIRCRAFT
HTS,5,7,-0.57,-10.43,5,27.2,28.6,7,211.57,210.71,DELAY_LATE_AIRCRAFT|DELAY_CARRIER|DELAY_NAS
HTS,6,26,-2.54,-4.04,9,37.89,37.44,8,263.75,264.13,DELAY_LATE_AIRCRAFT|DELAY_CARRIER|DELAY_NAS
HTS,7,34,-4.29,0.88,9,40.22,37.56,5,313.0,307.8,DELAY_LATE_AIRCRAFT|DELAY_CARRIER|CANC_CARRIER
HTS,8,11,-6.09,-5.64,2,42.5,43.5,6,325.5,332.33,DELAY_LATE_AIRCRAFT|DELAY_CARRIER|DELAY_NAS
HTS,9,10,-7.2,-11.7,1,24.0,11.0,2,267.5,262.0,DELAY_CARRIER|DELAY_LATE_AIRCRAFT
HTS,10,3,1.0,-2.33,2,38.5,38.5,0,,,DELAY_CARRIER|DELAY_LATE_AIRCRAFT
HTS,11,5,4.0,-2.8,3,41.0,32.67,3,85.0,80.67,DELAY_CARRIER|DELAY_LATE_AIRCRAFT
HTS,12,7,6.0,1.43,2,37.0,24.0,2,214.0,213.5,DELAY_LATE_AIRCRAFT|CANC_WEATHER|DELAY_WEATHER
HYA,5,1,0.0,-10.0,0,,,2,265.5,263.5,DELAY_LATE_AIRCRAFT
HYA,6,28,-6.32,-0.11,3,38.67,47.0,4,155.25,154.0,DELAY_NAS|DELAY_LATE_AIRCRAFT|DELAY_CARRIER
HYA,7,23,-3.04,3.22,3,26.33,27.33,5,188.8,187.4,DELAY_LATE_AIRCRAFT|DELAY_CARRIER|DELAY_NAS
HYA,8,34,-5.12,2.06,3,38.0,42.67,7,300.71,312.57,DELAY_LATE_AIRCRAFT|DELAY_NAS|DELAY_CARRIER
HYA,9,4,-4.5,9.25,0,,,1,64.0,61.0,DELAY_LATE_AIRCRAFT|DELAY_NAS
HYS,1,19,-8.89,-15.37,5,25.8,23.4,2,227.5,234.5,CANC_WEATHER|DELAY_LATE_AIRCRAFT|DELAY_CARRIER
HYS,2,22,-8.32,-14.41,0,,,0,,,DELAY_NAS
HYS,3,27,-8.41,-15.44,1,57.0,50.0,2,111.5,106.0,DELAY_CARRIER|CANC_WEATHER|DELAY_LATE_AIRCRAFT
HYS,4,28,-6.46,-9.32,0,,,1,69.0,68.0,DELAY_NAS|CANC_WEATHER|DELAY_LATE_AIRCRAFT
HYS,5,24,-4.21,-10.25,3,41.33,39.0,6,221.67,216.83,DELAY_LATE_AIRCRAFT|DELAY_WEATHER
HYS,6,20,-4.7,-16.65,0,,,1,115.0,100.0,DELAY_LATE_AIRCRAFT
HYS,7,28,-5.86,-17.57,0,,,5,237.0,232.2,DELAY_CARRIER|DELAY_NAS|DELAY_LATE_AIRCRAFT
HYS,8,24,-7.63,-22.83,2,21.5,7.0,2,217.5,201.5,DELAY_CARRIER|DELAY_LATE_AIRCRAFT
HYS,9,28,-7.79,-20.61,0,,,4,221.0,209.0,DELAY_CARRIER
HYS,10,25,-8.08,-16.84,0,,,1,262.0,245.0,DELAY_LATE_AIRCRAFT
HYS,11,24,-8.75,-10.83,0,,,1,168.0,177.0,DELAY_CARRIER
HYS,12,29,-6.17,-10.14,0,,,0,,,CANC_WEATHER
IAD,1,1482,-2.53,-7.44,203,30.04,30.46,127,152.87,153.2,DELAY_NAS|CANC_CARRIER|DELAY_CARRIER
IAD,2,1695,-4.02,-12.41,126,32.1,20.37,47,143.55,132.15,DELAY_NAS|DELAY_CARRIER|DELAY_LATE_AIRCRAFT
IAD,3,1777,-3.6,-13.46,205,31.83,21.57,114,145.24,136.71,DELAY_NAS|DELAY_CARRIER|DELAY_LATE_AIRCRAFT
IAD,4,1826,-3.5,-8.72,204,29.35,23.89,108,146.56,137.53,DELAY_NAS|DELAY_CARRIER|DELAY_LATE_AIRCRAFT
IAD,5,1877,-2.81,-6.56,244,30.45,26.45,153,154.33,150.32,DELAY_NAS|DELAY_LATE_AIRCRAFT|DELAY_CARRIER
IAD,6,1846,-2.44,-7.45,262,31.31,24.39,164,174.03,166.45,DELAY_CARRIER|DELAY_NAS|DELAY_LATE_AIRCRAFT
IAD,7,1751,-1.93,-6.69,331,31.15,25.06,201,161.2,153.49,DELAY_CARRIER|DELAY_NAS|DELAY_LATE_AIRCRAFT
IAD,8,1692,-2.04,-8.78,253,31.57,26.87,252,180.4,171.38,DELAY_CARRIER|DELAY_NAS|DELAY_LATE_AIRCRAFT
IAD,9,1873,-3.66,-10.54,173,29.47,20.85,87,159.78,147.83,DELAY_CARRIER|DELAY_NAS|DELAY_LATE_AIRCRAFT
IAD,10,2090,-3.78,-12.41,153,29.41,16.82,68,142.01,129.01,DELAY_CARRIER|DELAY_NAS|DELAY_LATE_AIRCRAFT
IAD,11,2074,-3.79,-11.11,172,30.05,22.74,81,189.07,174.95,DELAY_NAS|DELAY_CARRIER|DELAY_LATE_AIRCRAFT
IAD,12,1808,-2.1,-9.57,299,29.71,22.53,150,144.03,135.29,DELAY_CARRIER|DELAY_LATE_AIRCRAFT|DELAY_NAS
IAG,1,14,-3.93,-2.29,3,37.0,76.33,3,187.0,176.67,DELAY_NAS|DELAY_CARRIER|DELAY_LATE_AIRCRAFT
IAG,2,10,-1.0,-12.0,4,23.25,2.0,2,153.5,126.5,DELAY_CARRIER|DELAY_LATE_AIRCRAFT|DELAY_WEATHER
IAG,3,18,-5.56,-12.28,5,31.4,31.0,3,88.0,109.67,DELAY_NAS|DELAY_CARRIER|DELAY_LATE_AIRCRAFT
IAG,4,17,-2.71,-16.53,2,31.5,7.0,2,242.0,256.0,DELAY_LATE_AIRCRAFT
IAG,5,7,-4.0,-11.57,1,53.0,24.0,0,,,DELAY_CARRIER|DELAY_NAS
IAG,6,10,-5.4,-9.0,3,21.0,25.33,2,150.5,154.5,DELAY_CARRIER|DELAY_LATE_AIRCRAFT|DELAY_NAS
IAG,7,6,-1.5,3.83,5,30.4,30.4,3,133.0,136.33,DELAY_LATE_AIRCRAFT|DELAY_CARRIER|CANC_CARRIER
IAG,8,8,-0.25,-2.75,4,23.75,33.25,1,124.0,101.0,DELAY_LATE_AIRCRAFT|DELAY_NAS|DELAY_CARRIER
IAG,9,10,-5.1,-10.6,2,18.5,11.5,1,371.0,352.0,DELAY_CARRIER
IAG,10,7,-8.14,-12.86,1,21.0,45.0,1,1200.0,1199.0,CANC_WEATHER|DELAY_CARRIER|DELAY_NAS
IAG,11,13,-7.77,-19.69,1,34.0,24.0,0,,,DELAY_LATE_AIRCRAFT
IAG,12,11,-7.73,-5.0,2,29.5,32.5,1,70.0,68.0,DELAY_NAS|CANC_WEATHER|DELAY_LATE_AIRCRAFT
IAH,1,3048,-1.78,-7.97,653,31.02,26.56,422,163.36,161.82,DELAY_LATE_AIRCRAFT|DELAY_CARRIER|DELAY_NAS
IAH,2,3605,-3.06,-7.64,421,30.91,25.42,195,124.43,117.43,DELAY_CARRIER|DELAY_NAS|DELAY_LATE_AIRCRAFT
IAH,3,3641,-2.19,-8.42,707,31.76,24.57,411,147.24,141.16,DELAY_LATE_AIRCRAFT|DELAY_CARRIER|DELAY_NAS
IAH,4,3639,-2.22,-6.86,673,31.41,26.29,330,127.68,121.99,DELAY_LATE_AIRCRAFT|DELAY_NAS|DELAY_CARRIER
IAH,5,3080,-0.89,-3.23,828,32.6,29.26,921,161.97,162.12,DELAY_LATE_AIRCRAFT|DELAY_CARRIER|DELAY_NAS
IAH,6,3424,-0.7,-4.66,858,32.12,28.75,655,142.33,138.45,DELAY_LATE_AIRCRAFT|DELAY_CARRIER|DELAY_NAS
IAH,7,2800,-0.44,-4.43,1051,33.7,29.66,983,148.58,143.46,DELAY_LATE_AIRCRAFT|DELAY_CARRIER|DELAY_NAS
IAH,8,3792,-1.9,-7.19,775,30.85,23.81,480,139.05,134.16,DELAY_LATE_AIRCRAFT|DELAY_CARRIER|DELAY_NAS
IAH,9,3983,-3.57,-9.91,507,31.82,23.97,269,118.36,109.76,DELAY_LATE_AIRCRAFT|DELAY_CARRIER|DELAY_NAS
IAH,10,4298,-3.11,-10.46,480,31.08,23.11,249,131.15,122.31,DELAY_CARRIER|DELAY_LATE_AIRCRAFT|DELAY_NAS
IAH,11,4001,-2.86,-8.57,456,30.96,24.11,254,130.06,124.49,DELAY_CARRIER|DELAY_NAS|DELAY_LATE_AIRCRAFT
IAH,12,3501,-1.23,-7.68,713,31.16,24.2,427,162.32,161.81,DELAY_CARRIER|DELAY_LATE_AIRCRAFT|DELAY_NAS
ICT,1,302,-3.84,-5.9,41,31.32,32.44,29,173.55,174.07,DELAY_LATE_AIRCRAFT|DELAY_NAS|DELAY_CARRIER
ICT,2,337,-6.09,-11.49,18,34.72,29.22,14,141.57,130.93,DELAY_CARRIER|DELAY_LATE_AIRCRAFT|DELAY_NAS
ICT,3,340,-4.46,-9.58,25,32.4,25.16,19,182.53,178.84,DELAY_CARRIER|DELAY_LATE_AIRCRAFT|DELAY_NAS
ICT,4,350,-4.85,-10.08,33,32.91,25.88,26,218.46,217.88,DELAY_CARRIER|DELAY_LATE_AIRCRAFT|DELAY_NAS
ICT,5,330,-2.58,-5.81,57,32.33,30.02,39,189.41,195.87,DELAY_LATE_AIRCRAFT|DELAY_NAS|DELAY_CARRIER
ICT,6,356,-4.12,-9.8,55,31.65,27.98,48,183.04,179.31,DELAY_LATE_AIRCRAFT|DELAY_CARRIER|DELAY_NAS
ICT,7,365,-3.63,-6.82,67,34.04,31.7,31,138.03,135.1,DELAY_LATE_AIRCRAFT|DELAY_CARRIER|DELAY_NAS
ICT,8,358,-5.19,-8.97,48,34.83,28.04,36,126.17,118.58,DELAY_LATE_AIRCRAFT|DELAY_CARRIER|DELAY_NAS
ICT,9,364,-5.51,-8.27,27,36.41,35.41,17,245.65,245.35,DELAY_LATE_AIRCRAFT|DELAY_CARRIER|DELAY_NAS
ICT,10,407,-5.26,-11.11,33,32.36,24.79,19,154.26,145.32,DELAY_CARRIER|DELAY_NAS|DELAY_LATE_AIRCRAFT
ICT,11,379,-5.01,-10.06,56,32.32,29.32,31,169.65,168.1,DELAY_CARRIER|DELAY_LATE_AIRCRAFT|DELAY_NAS
ICT,12,366,-3.87,-9.09,46,29.11,21.48,19,170.89,167.63,DELAY_CARRIER|DELAY_LATE_AIRCRAFT|DELAY_NAS
IDA,1,90,-5.76,-13.11,16,30.69,31.88,7,424.43,413.57,DELAY_CARRIER|DELAY_LATE_AIRCRAFT|DELAY_NAS
IDA,2,80,-7.63,-18.61,7,28.57,17.57,6,493.17,496.33,DELAY_NAS|DELAY_CARRIER|DELAY_LATE_AIRCRAFT
IDA,3,91,-6.11,-12.26,15,29.67,35.73,3,196.0,191.0,DELAY_LATE_AIRCRAFT|DELAY_NAS|DELAY_CARRIER
IDA,4,112,-6.21,-12.95,6,28.17,25.0,6,172.83,166.0,DELAY_CARRIER|DELAY_WEATHER|DELAY_NAS
IDA,5,147,-5.93,-11.65,7,22.43,14.57,12,138.92,134.33,DELAY_CARRIER|DELAY_WEATHER|DELAY_NAS
IDA,6,139,-6.33,-12.59,9,33.11,28.22,8,173.0,171.5,DELAY_CARRIER|DELAY_NAS|DELAY_LATE_AIRCRAFT
IDA,7,124,-5.34,-10.74,17,35.47,29.06,12,133.25,132.17,DELAY_CARRIER|DELAY_LATE_AIRCRAFT|DELAY_NAS
IDA,8,146,-6.11,-9.77,20,34.95,36.7,2,77.0,63.0,DELAY_CARRIER|DELAY_LATE_AIRCRAFT|DELAY_NAS
IDA,9,136,-6.56,-10.81,10,37.9,37.5,4,145.0,139.25,DELAY_CARRIER|DELAY_LATE_AIRCRAFT|DELAY_WEATHER
IDA,10,127,-5.57,-11.79,12,35.92,25.92,7,126.57,122.0,DELAY_CARRIER|DELAY_LATE_AIRCRAFT|DELAY_NAS
IDA,11,121,-6.31,-8.26,12,28.67,39.33,6,158.83,156.0,DELAY_CARRIER|DELAY_NAS|CANC_WEATHER
IDA,12,137,-5.6,-10.15,10,35.2,22.2,15,290.07,294.53,DELAY_CARRIER|DELAY_LATE_AIRCRAFT|DELAY_WEATHER
ILM,1,195,-5.51,-8.72,24,32.04,24.04,17,189.71,198.53,DELAY_LATE_AIRCRAFT|DELAY_CARRIER|DELAY_NAS
ILM,2,216,-5.5,-11.03,16,33.38,23.63,6,139.17,147.0,DELAY_LATE_AIRCRAFT|DELAY_NAS|DELAY_CARRIER
ILM,3,213,-5.4,-12.77,13,28.23,24.54,15,187.87,186.93,DELAY_LATE_AIRCRAFT|DELAY_CARRIER|DELAY_WEATHER
ILM,4,223,-4.04,-5.64,29,31.31,30.48,16,127.38,131.94,DELAY_LATE_AIRCRAFT|DELAY_NAS|DELAY_CARRIER
ILM,5,280,-5.06,-7.19,30,29.97,30.07,19,146.0,147.74,DELAY_LATE_AIRCRAFT|DELAY_NAS|DELAY_CARRIER
ILM,6,294,-4.7,-10.38,37,31.05,26.0,30,235.23,230.83,DELAY_LATE_AIRCRAFT|DELAY_NAS|DELAY_CARRIER
ILM,7,305,-3.74,-5.43,51,31.82,29.65,57,142.07,142.91,DELAY_LATE_AIRCRAFT|DELAY_NAS|DELAY_CARRIER
ILM,8,297,-4.16,-7.4,59,33.02,34.2,44,150.2,146.8,DELAY_LATE_AIRCRAFT|DELAY_NAS|DELAY_CARRIER
ILM,9,291,-5.02,-10.57,29,30.41,27.14,17,138.53,135.59,DELAY_LATE_AIRCRAFT|DELAY_CARRIER|DELAY_NAS
ILM,10,355,-5.17,-9.49,24,31.42,23.83,12,131.42,124.17,DELAY_LATE_AIRCRAFT|DELAY_NAS|DELAY_CARRIER
ILM,11,287,-5.41,-8.13,24,29.92,25.21,9,118.89,130.44,DELAY_NAS|DELAY_LATE_AIRCRAFT|DELAY_CARRIER
ILM,12,269,-4.48,-8.41,50,29.6,22.64,28,167.14,162.29,DELAY_LATE_AIRCRAFT|DELAY_NAS|DELAY_CARRIER
IMT,1,22,-7.09,-7.77,2,30.0,22.0,8,174.0,172.5,DELAY_CARRIER|DELAY_WEATHER|DELAY_NAS
IMT,2,36,-8.64,-20.42,1,17.0,-1.0,0,,,DELAY_CARRIER
IMT,3,24,-9.17,-18.79,3,30.67,26.33,2,282.5,255.5,DELAY_WEATHER|DELAY_CARRIER
IMT,4,26,-6.96,-15.54,2,40.0,29.5,1,125.0,147.0,DELAY_CARRIER|DELAY_WEATHER
IMT,5,27,-9.67,-13.0,2,25.0,13.0,1,170.0,160.0,DELAY_CARRIER
IMT,6,25,-5.96,3.76,1,47.0,68.0,5,147.8,150.2,DELAY_CARRIER|DELAY_NAS|DELAY_WEATHER
IMT,7,23,-6.0,-0.3,1,16.0,12.0,1,320.0,317.0,DELAY_CARRIER
IMT,8,27,-7.44,-8.63,0,,,4,174.25,167.0,DELAY_CARRIER|CANC_WEATHER|DELAY_NAS
IMT,9,25,-7.48,-8.24,2,36.0,46.0,0,,,DELAY_CARRIER|DELAY_WEATHER
IMT,10,32,-8.0,-17.88,1,38.0,26.0,3,182.33,175.0,DELAY_CARRIER
IMT,11,27,-6.56,-12.74,1,31.0,14.0,4,151.0,138.0,DELAY_CARRIER|DELAY_WEATHER
IMT,12,19,-7.32,-8.79,5,31.4,32.0,4,176.5,183.5,DELAY_CARRIER|CANC_WEATHER
IND,1,1358,-2.69,-8.14,220,31.27,28.73,112,138.61,137.93,DELAY_NAS|DELAY_LATE_AIRCRAFT|DELAY_CARRIER
IND,2,1580,-3.65,-11.56,127,30.61,27.07,58,177.79,182.31,DELAY_NAS|DELAY_LATE_AIRCRAFT|DELAY_CARRIER
IND,3,1755,-3.39,-10.72,223,29.03,24.72,138,134.86,131.96,DELAY_NAS|DELAY_LATE_AIRCRAFT|DELAY_CARRIER
IND,4,1721,-3.41,-9.86,155,30.38,24.26,90,159.31,157.58,DELAY_LATE_AIRCRAFT|DELAY_NAS|DELAY_CARRIER
IND,5,1621,-2.21,-7.02,279,29.45,24.6,156,164.69,164.63,DELAY_LATE_AIRCRAFT|DELAY_NAS|DELAY_CARRIER
IND,6,1624,-2.17,-7.42,266,31.35,26.57,159,141.16,136.34,DELAY_LATE_AIRCRAFT|DELAY_NAS|DELAY_CARRIER
IND,7,1524,-2.18,-6.46,325,30.56,27.2,214,161.51,159.99,DELAY_LATE_AIRCRAFT|DELAY_NAS|DELAY_CARRIER
IND,8,1559,-3.1,-7.69,206,32.58,27.88,119,153.69,154.3,DELAY_LATE_AIRCRAFT|DELAY_NAS|DELAY_CARRIER
IND,9,1662,-3.73,-9.08,155,31.14,25.46,66,119.67,114.98,DELAY_LATE_AIRCRAFT|DELAY_NAS|DELAY_CARRIER
IND,10,1978,-3.64,-10.27,162,30.05,22.07,59,153.36,145.97,DELAY_LATE_AIRCRAFT|DELAY_CARRIER|DELAY_NAS
IND,11,1743,-3.7,-9.97,134,29.82,26.73,71,137.39,140.01,DELAY_NAS|DELAY_LATE_AIRCRAFT|DELAY_CARRIER
IND,12,1654,-2.57,-10.19,200,31.05,26.73,117,146.03,142.21,DELAY_LATE_AIRCRAFT|DELAY_NAS|DELAY_CARRIER
INL,1,25,-8.76,-19.2,0,,,1,87.0,77.0,CANC_WEATHER|DELAY_CARRIER
INL,2,18,-9.06,-26.89,1,29.0,13.0,0,,,CANC_WEATHER
INL,3,23,-9.22,-16.13,2,29.5,31.0,2,116.5,130.5,DELAY_CARRIER|DELAY_WEATHER
INL,4,25,-10.52,-22.96,1,54.0,37.0,0,,,DELAY_CARRIER
INL,5,25,-8.52,-18.16,1,32.0,34.0,1,93.0,88.0,DELAY_WEATHER
INL,6,16,-7.0,-3.94,6,31.83,37.17,2,260.5,268.0,DELAY_CARRIER|CANC_NAS|DELAY_NAS
INL,7,18,-2.94,3.83,6,27.33,26.33,4,365.75,360.5,DELAY_CARRIER|DELAY_WEATHER|DELAY_NAS
INL,8,23,-7.57,-3.61,3,31.33,44.67,1,148.0,162.0,DELAY_CARRIER|DELAY_WEATHER
INL,9,21,-9.24,-16.43,3,40.33,52.67,0,,,DELAY_NAS|DELAY_WEATHER
INL,10,28,-10.96,-23.46,1,23.0,6.0,3,321.67,310.67,DELAY_CARRIER
INL,11,26,-10.27,-23.92,0,,,4,89.0,74.0,DELAY_CARRIER|DELAY_WEATHER
INL,12,14,-9.71,-20.14,4,24.25,10.75,4,459.0,458.25,DELAY_CARRIER|CANC_CARRIER|DELAY_WEATHER
ISP,1,186,-4.8,-9.72,26,29.27,28.85,20,175.95,174.9,DELAY_LATE_AIRCRAFT|DELAY_NAS|DELAY_CARRIER
ISP,2,192,-5.05,-17.92,21,35.52,36.1,12,254.0,242.08,DELAY_LATE_AIRCRAFT|DELAY_NAS|DELAY_CARRIER
ISP,3,159,-2.32,-14.38,36,33.17,25.33,32,124.34,113.97,DELAY_LATE_AIRCRAFT|DELAY_NAS|DELAY_CARRIER
ISP,4,166,-2.14,-14.16,25,34.56,24.52,19,181.16,181.05,DELAY_LATE_AIRCRAFT|DELAY_CARRIER|DELAY_NAS
ISP,5,130,-3.05,-16.42,33,29.09,21.7,16,147.19,137.56,DELAY_LATE_AIRCRAFT|DELAY_NAS|DELAY_CARRIER
ISP,6,167,-3.43,-14.65,25,30.12,20.2,14,135.29,130.64,DELAY_LATE_AIRCRAFT|DELAY_NAS|DELAY_CARRIER
ISP,7,143,-1.32,-13.29,39,27.21,17.03,16,157.44,151.13,DELAY_LATE_AIRCRAFT|DELAY_CARRIER|DELAY_NAS
ISP,8,124,-0.59,-5.6,28,28.25,25.68,22,165.23,164.64,DELAY_LATE_AIRCRAFT|DELAY_NAS|DELAY_CARRIER
ISP,9,113,-2.48,-9.04,17,32.65,23.76,8,183.38,169.75,DELAY_LATE_AIRCRAFT|DELAY_CARRIER|DELAY_NAS
ISP,10,114,-0.32,-10.59,17,24.82,11.53,3,91.33,77.33,DELAY_CARRIER|CANC_WEATHER|DELAY_LATE_AIRCRAFT
ISP,11,167,-2.36,-16.69,21,26.33,11.67,3,249.33,226.0,DELAY_LATE_AIRCRAFT|DELAY_CARRIER|DELAY_NAS
ISP,12,144,-1.9,-7.85,41,32.68,27.98,27,130.26,121.41,DELAY_LATE_AIRCRAFT|DELAY_NAS|DELAY_CARRIER
ITH,1,26,-6.77,-23.08,1,27.0,7.0,1,427.0,385.0,CANC_WEATHER|DELAY_NAS|CANC_NAS
ITH,2,25,-7.52,-33.64,1,49.0,47.0,1,216.0,225.0,CANC_WEATHER|DELAY_CARRIER|DELAY_LATE_AIRCRAFT
ITH,3,29,-5.83,-24.62,2,27.5,7.5,4,134.25,121.25,DELAY_LATE_AIRCRAFT|DELAY_CARRIER|DELAY_NAS
ITH,4,32,-7.5,-18.06,0,,,3,86.0,69.33,DELAY_LATE_AIRCRAFT|DELAY_NAS|DELAY_WEATHER
ITH,5,55,-5.13,-17.69,4,34.75,18.25,2,113.5,90.5,DELAY_NAS|DELAY_CARRIER|CANC_WEATHER
ITH,6,25,-5.68,-11.76,2,21.5,12.5,1,61.0,41.0,DELAY_NAS|CANC_NAS|DELAY_LATE_AIRCRAFT
ITH,7,19,-4.89,-11.89,3,35.33,42.0,4,177.0,180.75,DELAY_LATE_AIRCRAFT|DELAY_CARRIER|DELAY_NAS
ITH,8,36,-5.81,-14.83,2,23.0,20.0,7,141.14,158.57,CANC_NAS|DELAY_LATE_AIRCRAFT|DELAY_WEATHER
ITH,9,24,-7.79,-19.54,1,17.0,10.0,1,461.0,453.0,DELAY_WEATHER
ITH,10,33,-7.48,-16.67,0,,,0,,,N/D
ITH,11,24,-8.04,-19.63,0,,,0,,,N/D
ITH,12,31,-5.84,-15.19,2,35.5,31.5,2,190.0,174.5,DELAY_NAS|DELAY_CARRIER|DELAY_LATE_AIRCRAFT
ITO,1,238,-2.53,0.53,35,30.51,33.26,11,91.09,93.27,DELAY_LATE_AIRCRAFT|DELAY_NAS|DELAY_CARRIER
ITO,2,247,-2.23,-1.36,10,23.1,25.7,2,93.0,95.5,DELAY_LATE_AIRCRAFT|DELAY_CARRIER|DELAY_NAS
ITO,3,264,-1.6,-2.63,25,21.2,18.16,3,85.67,85.67,DELAY_LATE_AIRCRAFT|DELAY_CARRIER|DELAY_NAS
ITO,4,247,-1.7,-2.94,23,26.39,24.52,7,88.43,87.29,DELAY_LATE_AIRCRAFT|DELAY_CARRIER|DELAY_NAS
ITO,5,217,-2.11,-1.04,38,31.79,32.63,14,104.64,111.57,DELAY_LATE_AIRCRAFT|DELAY_CARRIER|DELAY_NAS
ITO,6,234,-2.29,-2.22,31,26.77,27.9,3,79.0,82.33,DELAY_LATE_AIRCRAFT|DELAY_CARRIER|DELAY_NAS
ITO,7,246,-1.92,-3.32,21,25.48,23.1,5,91.6,88.4,DELAY_LATE_AIRCRAFT|DELAY_CARRIER|CANC_CARRIER
ITO,8,263,-2.75,-5.87,18,21.72,19.5,9,115.22,111.78,CANC_WEATHER|DELAY_LATE_AIRCRAFT|DELAY_CARRIER
ITO,9,257,-3.56,-4.54,15,26.73,24.8,1,96.0,93.0,DELAY_CARRIER|DELAY_LATE_AIRCRAFT|DELAY_NAS
ITO,10,258,-1.97,-3.24,27,26.67,25.81,3,89.67,87.0,DELAY_LATE_AIRCRAFT|DELAY_CARRIER|CANC_CARRIER
ITO,11,248,-1.8,-3.83,21,30.33,27.52,1,74.0,74.0,DELAY_LATE_AIRCRAFT|DELAY_CARRIER
ITO,12,256,-1.57,-3.62,17,23.29,22.35,3,97.0,99.67,DELAY_LATE_AIRCRAFT|DELAY_CARRIER|CANC_WEATHER
JAC,1,200,-4.62,-13.33,44,33.32,23.61,29,211.34,200.55,DELAY_LATE_AIRCRAFT|DELAY_CARRIER|DELAY_NAS
JAC,2,178,-4.11,-10.75,44,33.32,33.3,27,219.44,218.26,DELAY_NAS|DELAY_LATE_AIRCRAFT|DELAY_CARRIER
JAC,3,194,-3.38,-8.34,30,24.53,21.33,38,198.16,190.61,DELAY_NAS|DELAY_LATE_AIRCRAFT|DELAY_CARRIER
JAC,4,103,-6.91,-12.33,9,22.0,17.67,6,122.83,120.67,DELAY_NAS|DELAY_CARRIER|DELAY_LATE_AIRCRAFT
JAC,5,140,-5.44,-7.41,12,35.08,30.25,13,185.08,186.08,DELAY_NAS|DELAY_LATE_AIRCRAFT|DELAY_WEATHER
JAC,6,236,-3.07,-10.58,32,32.06,24.31,24,218.17,210.21,DELAY_LATE_AIRCRAFT|DELAY_CARRIER|DELAY_NAS
JAC,7,239,-4.25,-9.76,37,32.54,24.3,34,185.41,185.03,DELAY_CARRIER|DELAY_LATE_AIRCRAFT|DELAY_NAS
JAC,8,270,-3.3,-6.93,38,32.58,28.63,26,181.81,177.0,DELAY_LATE_AIRCRAFT|DELAY_CARRIER|DELAY_NAS
JAC,9,218,-3.76,-9.15,32,33.0,29.53,24,258.25,250.92,DELAY_LATE_AIRCRAFT|DELAY_CARRIER|DELAY_NAS
JAC,10,183,-6.8,-15.11,5,35.0,30.4,7,178.71,172.86,DELAY_CARRIER|DELAY_LATE_AIRCRAFT|DELAY_NAS
JAC,11,89,-7.48,-18.93,6,34.83,27.67,12,318.42,329.58,DELAY_LATE_AIRCRAFT|DELAY_NAS|DELAY_CARRIER
JAC,12,138,-5.59,-13.86,12,31.92,23.75,32,325.53,323.69,DELAY_LATE_AIRCRAFT|DELAY_CARRIER|DELAY_NAS
JAN,1,210,-4.4,-9.4,27,33.52,33.67,21,178.43,178.71,DELAY_LATE_AIRCRAFT|DELAY_NAS|DELAY_CARRIER
JAN,2,242,-5.43,-11.5,20,34.6,25.15,5,80.2,71.4,DELAY_LATE_AIRCRAFT|DELAY_CARRIER|DELAY_NAS
JAN,3,240,-4.57,-10.95,30,28.4,26.63,14,136.21,129.29,DELAY_LATE_AIRCRAFT|DELAY_NAS|DELAY_CARRIER
JAN,4,241,-5.66,-10.76,27,28.96,24.0,27,181.59,180.78,DELAY_LATE_AIRCRAFT|DELAY_CARRIER|DELAY_NAS
JAN,5,246,-3.45,-6.83,48,30.02,26.96,39,167.46,175.49,DELAY_LATE_AIRCRAFT|DELAY_CARRIER|DELAY_NAS
JAN,6,231,-3.25,-8.87,41,30.49,26.24,18,176.44,176.94,DELAY_LATE_AIRCRAFT|DELAY_CARRIER|DELAY_NAS
JAN,7,211,-3.27,-7.22,53,34.62,35.19,47,166.77,167.11,DELAY_LATE_AIRCRAFT|DELAY_CARRIER|DELAY_NAS
JAN,8,230,-4.29,-9.36,29,34.17,27.52,14,171.64,163.21,DELAY_LATE_AIRCRAFT|DELAY_CARRIER|DELAY_NAS
JAN,9,224,-4.77,-8.98,22,31.77,29.55,9,167.67,158.33,DELAY_LATE_AIRCRAFT|DELAY_NAS|DELAY_CARRIER
JAN,10,285,-4.24,-8.65,19,28.11,20.11,8,175.38,171.75,DELAY_CARRIER|DELAY_LATE_AIRCRAFT|DELAY_NAS
JAN,11,249,-3.0,-8.91,26,27.38,18.85,7,340.43,336.0,DELAY_LATE_AIRCRAFT|DELAY_CARRIER|DELAY_NAS
JAN,12,247,-3.3,-9.47,31,32.68,27.71,24,172.33,170.29,DELAY_LATE_AIRCRAFT|DELAY_NAS|DELAY_CARRIER
JAX,1,940,-3.98,-9.75,151,32.96,26.97,89,150.84,146.69,DELAY_LATE_AIRCRAFT|DELAY_NAS|DELAY_CARRIER
JAX,2,943,-4.57,-9.63,80,30.85,26.33,41,191.0,185.93,DELAY_LATE_AIRCRAFT|DELAY_NAS|DELAY_CARRIER
JAX,3,1049,-3.76,-8.04,172,32.13,27.2,78,149.54,146.78,DELAY_LATE_AIRCRAFT|DELAY_NAS|DELAY_CARRIER
JAX,4,1072,-3.94,-7.13,148,32.66,31.24,61,164.54,163.03,DELAY_LATE_AIRCRAFT|DELAY_NAS|DELAY_CARRIER
JAX,5,1031,-2.75,-6.4,183,32.83,31.0,132,149.33,151.1,DELAY_LATE_AIRCRAFT|DELAY_NAS|DELAY_CARRIER
JAX,6,959,-3.43,-9.1,157,32.57,26.6,123,174.3,171.19,DELAY_LATE_AIRCRAFT|DELAY_CARRIER|DELAY_NAS
JAX,7,886,-2.92,-8.09,198,34.96,33.28,197,175.38,176.7,DELAY_LATE_AIRCRAFT|DELAY_NAS|DELAY_CARRIER
JAX,8,915,-3.44,-8.69,152,32.83,32.14,101,174.38,170.92,DELAY_LATE_AIRCRAFT|DELAY_NAS|DELAY_CARRIER
JAX,9,1008,-4.09,-8.76,102,31.96,29.05,33,185.15,180.73,DELAY_LATE_AIRCRAFT|DELAY_NAS|DELAY_CARRIER
JAX,10,1122,-4.63,-9.69,103,30.9,24.15,34,144.26,136.91,DELAY_LATE_AIRCRAFT|DELAY_NAS|DELAY_CARRIER
JAX,11,1103,-4.55,-9.3,94,32.19,26.66,55,162.36,158.73,DELAY_LATE_AIRCRAFT|DELAY_NAS|DELAY_CARRIER
JAX,12,1016,-2.39,-6.08,181,31.17,26.1,78,138.92,134.35,DELAY_LATE_AIRCRAFT|DELAY_NAS|DELAY_CARRIER
JFK,1,3518,-2.89,-14.6,605,31.48,25.83,367,140.63,140.49,DELAY_CARRIER|DELAY_NAS|DELAY_LATE_AIRCRAFT
JFK,2,3782,-3.51,-16.98,464,31.5,22.33,292,133.42,129.86,DELAY_CARRIER|DELAY_NAS|DELAY_LATE_AIRCRAFT
JFK,3,4014,-3.08,-15.77,617,33.46,22.69,464,142.64,134.11,DELAY_CARRIER|DELAY_LATE_AIRCRAFT|DELAY_NAS
JFK,4,3989,-3.28,-12.47,623,31.34,24.06,355,137.95,133.49,DELAY_NAS|DELAY_CARRIER|DELAY_LATE_AIRCRAFT
JFK,5,4136,-3.03,-10.15,737,31.82,25.54,428,141.93,138.56,DELAY_NAS|DELAY_CARRIER|DELAY_LATE_AIRCRAFT
JFK,6,3779,-2.82,-11.12,743,32.78,27.92,498,154.18,151.35,DELAY_CARRIER|DELAY_NAS|DELAY_LATE_AIRCRAFT
JFK,7,3667,-2.19,-8.84,831,32.21,26.25,671,156.99,151.63,DELAY_CARRIER|DELAY_LATE_AIRCRAFT|DELAY_NAS
JFK,8,3652,-2.67,-7.87,783,33.11,30.92,612,154.41,153.71,DELAY_NAS|DELAY_CARRIER|DELAY_LATE_AIRCRAFT
JFK,9,4476,-4.13,-13.18,489,30.17,22.88,240,137.18,130.74,DELAY_NAS|DELAY_CARRIER|DELAY_LATE_AIRCRAFT
JFK,10,4735,-3.83,-15.14,432,29.75,17.07,171,137.52,125.6,DELAY_CARRIER|DELAY_NAS|DELAY_LATE_AIRCRAFT
JFK,11,4546,-4.31,-14.09,401,30.41,19.86,191,122.47,112.39,DELAY_CARRIER|DELAY_NAS|DELAY_LATE_AIRCRAFT
JFK,12,3817,-2.22,-11.5,791,32.09,25.03,481,133.69,127.31,DELAY_LATE_AIRCRAFT|DELAY_CARRIER|DELAY_NAS
JLN,1,22,-7.36,-20.95,2,16.0,17.5,3,226.33,215.67,DELAY_CARRIER|CANC_WEATHER|DELAY_LATE_AIRCRAFT
JLN,2,21,-9.0,-18.71,1,53.0,35.0,0,,,DELAY_CARRIER|CANC_WEATHER
JLN,3,19,-6.74,-13.95,2,32.5,19.0,2,154.5,147.5,DELAY_CARRIER|DELAY_LATE_AIRCRAFT|DELAY_NAS
JLN,4,17,-5.65,-8.29,1,25.0,56.0,4,103.75,95.75,DELAY_CARRIER|DELAY_NAS
JLN,5,18,-7.22,-13.44,1,31.0,15.0,4,128.25,126.75,DELAY_CARRIER|DELAY_LATE_AIRCRAFT|DELAY_WEATHER
JLN,6,20,-5.75,-17.85,2,52.0,44.0,4,98.75,98.25,DELAY_LATE_AIRCRAFT|DELAY_WEATHER|DELAY_NAS
JLN,7,19,-5.37,-15.89,3,36.0,29.0,1,72.0,79.0,DELAY_WEATHER|CANC_WEATHER|DELAY_CARRIER
JLN,8,25,-7.08,-12.68,2,21.5,-2.0,0,,,N/D
JLN,9,16,-7.13,-15.56,2,27.5,12.5,3,178.67,164.67,DELAY_LATE_AIRCRAFT|DELAY_CARRIER|DELAY_WEATHER
JLN,10,14,-6.43,-12.57,3,49.33,29.0,2,67.5,53.5,DELAY_CARRIER|DELAY_LATE_AIRCRAFT|DELAY_WEATHER
JLN,11,18,-4.11,-5.89,3,28.67,13.67,5,414.2,410.0,DELAY_CARRIER|DELAY_LATE_AIRCRAFT|CANC_WEATHER
JLN,12,23,-6.83,-11.26,0,,,2,190.5,177.0,DELAY_CARRIER
JMS,1,22,-7.77,-13.86,0,,,0,,,CANC_WEATHER|DELAY_NAS
JMS,2,17,-8.71,-19.24,1,27.0,38.0,1,1435.0,1418.0,CANC_NAS|CANC_WEATHER|DELAY_CARRIER
JMS,3,29,-7.66,-14.66,0,,,2,96.5,103.0,CANC_WEATHER|DELAY_CARRIER|DELAY_WEATHER
JMS,4,31,-7.71,-10.65,0,,,1,111.0,101.0,DELAY_CARRIER|DELAY_LATE_AIRCRAFT
JMS,5,3,-13.33,-13.0,0,,,0,,,N/D
JMS,6,12,-4.17,-6.5,1,18.0,58.0,1,74.0,63.0,CANC_NAS|DELAY_CARRIER|DELAY_LATE_AIRCRAFT
JMS,7,22,-4.91,-5.55,4,25.0,19.5,1,104.0,103.0,DELAY_CARRIER|DELAY_LATE_AIRCRAFT|DELAY_NAS
JMS,8,30,-7.2,-9.63,0,,,0,,,CANC_NAS|CANC_WEATHER|DELAY_CARRIER
JMS,9,27,-9.44,-12.81,1,32.0,25.0,1,160.0,184.0,DELAY_CARRIER|DELAY_LATE_AIRCRAFT
JMS,10,26,-7.54,-13.0,0,,,2,590.5,587.0,DELAY_CARRIER
JMS,11,21,-6.95,-9.67,1,30.0,37.0,6,136.67,128.83,DELAY_LATE_AIRCRAFT|DELAY_CARRIER|CANC_WEATHER
JMS,12,20,-7.1,-11.75,2,27.0,31.5,3,844.67,849.33,DELAY_CARRIER|DELAY_WEATHER|CANC_WEATHER
JNU,1,113,-8.32,-7.03,34,29.79,36.62,16,153.81,174.31,DELAY_LATE_AIRCRAFT|DELAY_NAS|DELAY_CARRIER
JNU,2,144,-9.97,-9.68,10,32.1,29.7,3,133.33,147.0,DELAY_LATE_AIRCRAFT|DELAY_NAS|DELAY_CARRIER
JNU,3,145,-10.43,-12.42,13,33.08,38.15,10,142.4,137.1,DELAY_LATE_AIRCRAFT|DELAY_CARRIER|DELAY_NAS
JNU,4,142,-11.05,-11.94,15,33.27,29.07,5,116.8,109.2,DELAY_LATE_AIRCRAFT|DELAY_CARRIER|DELAY_NAS
JNU,5,179,-9.13,-11.65,23,26.65,26.39,5,113.8,114.4,DELAY_LATE_AIRCRAFT|CANC_CARRIER|DELAY_CARRIER
JNU,6,198,-7.62,-9.68,23,31.83,30.65,9,120.78,119.67,DELAY_LATE_AIRCRAFT|DELAY_CARRIER|DELAY_NAS
JNU,7,218,-6.6,-7.06,39,27.49,25.41,10,122.3,128.6,DELAY_LATE_AIRCRAFT|DELAY_CARRIER|DELAY_NAS
JNU,8,200,-7.8,-8.74,34,28.94,30.03,15,187.07,188.27,DELAY_LATE_AIRCRAFT|DELAY_CARRIER|DELAY_NAS
JNU,9,184,-9.69,-11.3,13,30.38,24.38,8,166.75,165.0,DELAY_LATE_AIRCRAFT|DELAY_CARRIER|DELAY_NAS
JNU,10,165,-9.97,-11.92,8,36.25,36.25,8,106.5,110.25,DELAY_NAS|DELAY_CARRIER|DELAY_LATE_AIRCRAFT
JNU,11,146,-11.45,-13.34,10,24.5,29.8,5,107.2,108.2,DELAY_NAS|DELAY_CARRIER|DELAY_LATE_AIRCRAFT
JNU,12,139,-8.58,-11.27,16,30.81,37.31,10,144.3,154.2,DELAY_LATE_AIRCRAFT|DELAY_NAS|DELAY_CARRIER
JST,1,19,-7.47,-21.68,4,29.0,21.75,6,181.17,176.17,DELAY_LATE_AIRCRAFT|CANC_WEATHER|DELAY_CARRIER
JST,2,24,-8.63,-24.33,3,36.0,11.67,1,66.0,52.0,CANC_WEATHER|DELAY_CARRIER|DELAY_LATE_AIRCRAFT
JST,3,33,-10.06,-22.52,0,,,2,113.0,96.0,DELAY_CARRIER|DELAY_LATE_AIRCRAFT
JST,4,22,-7.5,-9.41,5,40.2,62.6,6,196.83,190.17,DELAY_CARRIER|DELAY_LATE_AIRCRAFT|DELAY_NAS
JST,5,23,-10.13,-13.35,2,23.5,23.5,4,165.25,158.0,DELAY_LATE_AIRCRAFT|DELAY_CARRIER|DELAY_NAS
JST,6,27,-7.37,-15.59,4,50.0,46.75,2,212.0,209.5,DELAY_CARRIER|DELAY_LATE_AIRCRAFT
JST,7,20,-9.15,-13.0,4,28.25,25.75,3,233.33,230.33,DELAY_CARRIER|DELAY_LATE_AIRCRAFT
JST,8,30,-8.37,-11.9,3,36.0,40.33,2,124.0,123.0,DELAY_NAS|DELAY_CARRIER
JST,9,33,-6.55,-11.03,1,28.0,32.0,1,284.0,280.0,DELAY_CARRIER|DELAY_LATE_AIRCRAFT
JST,10,25,-9.12,-20.04,2,42.5,41.5,2,129.5,137.0,DELAY_CARRIER|DELAY_LATE_AIRCRAFT
JST,11,23,-7.91,-17.09,1,20.0,-1.0,2,231.5,227.5,DELAY_CARRIER|DELAY_LATE_AIRCRAFT|DELAY_WEATHER
JST,12,26,-5.81,-8.77,2,23.0,17.5,7,325.86,336.0,DELAY_CARRIER|DELAY_LATE_AIRCRAFT|DELAY_NAS
KOA,1,555,-1.94,-6.39,78,29.9,26.68,31,232.23,215.0,DELAY_LATE_AIRCRAFT|CANC_CARRIER|DELAY_CARRIER
KOA,2,543,-3.12,-9.79,66,26.77,18.03,29,158.14,155.79,DELAY_LATE_AIRCRAFT|DELAY_CARRIER|DELAY_NAS
KOA,3,638,-3.26,-8.83,40,28.0,21.45,17,202.41,195.29,DELAY_LATE_AIRCRAFT|DELAY_CARRIER|DELAY_NAS
KOA,4,575,-3.65,-7.59,48,32.13,24.52,26,154.08,150.12,DELAY_LATE_AIRCRAFT|DELAY_CARRIER|DELAY_NAS
KOA,5,564,-3.36,-4.95,61,28.3,26.26,19,141.58,141.47,DELAY_LATE_AIRCRAFT|DELAY_CARRIER|DELAY_NAS
KOA,6,628,-3.51,-5.71,56,27.0,23.66,12,378.25,378.75,DELAY_LATE_AIRCRAFT|DELAY_CARRIER|DELAY_NAS
KOA,7,628,-2.95,-5.5,69,26.32,23.17,21,188.86,185.67,DELAY_LATE_AIRCRAFT|DELAY_CARRIER|DELAY_NAS
KOA,8,618,-3.15,-8.8,51,27.67,20.0,25,172.56,159.6,DELAY_LATE_AIRCRAFT|DELAY_CARRIER|DELAY_NAS
KOA,9,634,-5.03,-8.11,39,28.82,22.18,12,101.17,93.42,DELAY_LATE_AIRCRAFT|DELAY_CARRIER|DELAY_NAS
KOA,10,619,-3.95,-7.89,50,29.9,29.86,19,152.95,148.47,DELAY_LATE_AIRCRAFT|DELAY_CARRIER|DELAY_NAS
KOA,11,587,-4.35,-8.36,47,28.38,24.43,15,230.93,225.33,DELAY_LATE_AIRCRAFT|DELAY_CARRIER|DELAY_NAS
KOA,12,638,-3.5,-8.42,67,27.07,18.79,14,138.79,123.43,DELAY_LATE_AIRCRAFT|DELAY_CARRIER|CANC_CARRIER
KTN,1,58,-9.41,-12.81,10,33.6,26.3,5,172.8,176.8,DELAY_LATE_AIRCRAFT|CANC_CARRIER|DELAY_CARRIER
KTN,2,78,-13.4,-14.65,6,40.33,59.17,1,244.0,245.0,DELAY_LATE_AIRCRAFT|DELAY_NAS|CANC_CARRIER
KTN,3,80,-12.31,-13.69,3,33.67,29.67,3,78.67,73.67,DELAY_LATE_AIRCRAFT|CANC_CARRIER|DELAY_NAS
KTN,4,81,-12.0,-16.88,9,28.44,26.11,4,80.75,76.75,DELAY_LATE_AIRCRAFT|CANC_WEATHER|DELAY_CARRIER
KTN,5,83,-9.28,-14.98,13,29.77,26.54,4,121.0,114.0,DELAY_LATE_AIRCRAFT|DELAY_CARRIER|CANC_CARRIER
KTN,6,110,-7.85,-8.78,15,29.6,27.13,5,150.8,151.4,DELAY_LATE_AIRCRAFT|DELAY_CARRIER|DELAY_NAS
KTN,7,119,-5.45,-7.82,30,33.17,32.93,8,144.0,138.75,DELAY_LATE_AIRCRAFT|DELAY_CARRIER|DELAY_SECURITY
KTN,8,92,-2.22,-2.88,25,25.96,23.32,9,186.33,177.0,DELAY_LATE_AIRCRAFT|DELAY_CARRIER|DELAY_NAS
KTN,9,105,-8.18,-10.73,8,31.75,32.0,5,105.8,98.4,DELAY_LATE_AIRCRAFT|DELAY_CARRIER|DELAY_NAS
KTN,10,85,-10.32,-13.04,5,29.8,32.0,3,107.0,103.33,DELAY_LATE_AIRCRAFT|DELAY_NAS|CANC_WEATHER
KTN,11,77,-9.26,-12.86,9,29.44,26.89,3,80.33,93.33,DELAY_LATE_AIRCRAFT|DELAY_CARRIER|DELAY_NAS
KTN,12,73,-8.42,-12.3,9,23.89,19.44,5,149.2,141.0,DELAY_LATE_AIRCRAFT|CANC_WEATHER|DELAY_CARRIER
LAN,1,38,-3.63,-6.5,4,27.5,19.5,10,180.3,199.1,DELAY_LATE_AIRCRAFT|DELAY_NAS|CANC_WEATHER
LAN,2,38,-6.11,-17.13,4,34.5,34.5,3,91.67,91.67,DELAY_LATE_AIRCRAFT|DELAY_CARRIER|DELAY_WEATHER
LAN,3,38,-5.47,-11.45,5,40.6,33.4,5,273.6,267.0,DELAY_CARRIER|DELAY_LATE_AIRCRAFT|DELAY_NAS
LAN,4,39,-5.97,-8.77,4,19.25,18.0,8,94.75,94.88,DELAY_LATE_AIRCRAFT|DELAY_CARRIER|DELAY_WEATHER
LAN,5,37,-5.92,-10.84,6,41.33,44.83,5,138.2,129.8,DELAY_CARRIER|DELAY_LATE_AIRCRAFT|CANC_WEATHER
LAN,6,31,-4.81,-8.32,10,34.6,31.9,12,131.58,127.08,DELAY_CARRIER|DELAY_WEATHER|DELAY_LATE_AIRCRAFT
LAN,7,43,-4.63,-8.19,9,31.78,32.33,6,82.83,88.67,DELAY_LATE_AIRCRAFT|DELAY_CARRIER|DELAY_NAS
LAN,8,38,-6.42,-8.63,7,31.0,34.43,4,120.0,133.5,DELAY_CARRIER|DELAY_LATE_AIRCRAFT|CANC_WEATHER
LAN,9,39,-5.79,-14.26,5,44.0,37.4,3,105.33,102.33,DELAY_WEATHER|DELAY_CARRIER|DELAY_LATE_AIRCRAFT
LAN,10,46,-4.2,-9.63,9,30.78,24.0,3,107.33,110.0,DELAY_CARRIER|DELAY_LATE_AIRCRAFT|DELAY_WEATHER
LAN,11,38,-5.89,-9.5,7,31.71,24.43,4,149.25,158.0,DELAY_CARRIER|CANC_WEATHER|DELAY_NAS
LAN,12,32,-5.69,-2.91,4,43.25,48.0,2,140.5,135.0,DELAY_CARRIER|DELAY_NAS|DELAY_WEATHER
LAR,1,15,-9.6,-6.13,1,16.0,30.0,1,118.0,112.0,CANC_WEATHER|CANC_NAS|DELAY_LATE_AIRCRAFT
LAR,2,13,-7.31,-10.08,2,24.0,36.0,3,108.67,97.67,DELAY_LATE_AIRCRAFT|CANC_WEATHER|DELAY_CARRIER
LAR,3,19,-7.58,-5.47,2,35.0,38.5,2,522.0,507.0,CANC_WEATHER|DELAY_CARRIER|DELAY_WEATHER
LAR,4,21,-8.71,-9.33,1,15.0,18.0,1,65.0,69.0,DELAY_CARRIER|CANC_NAS|DELAY_WEATHER
LAR,5,26,-8.65,-5.92,0,,,0,,,DELAY_NAS
LAR,6,22,-7.95,-6.23,2,26.5,21.0,5,346.8,341.4,DELAY_LATE_AIRCRAFT|DELAY_NAS|DELAY_CARRIER
LAR,7,23,-8.17,-11.52,0,,,1,76.0,86.0,CANC_NAS|DELAY_NAS
LAR,8,18,-7.78,-11.83,5,29.6,30.6,2,71.0,64.0,DELAY_CARRIER|DELAY_LATE_AIRCRAFT|DELAY_NAS
LAR,9,21,-7.71,-6.81,3,39.67,32.33,1,88.0,68.0,DELAY_LATE_AIRCRAFT|DELAY_CARRIER|DELAY_NAS
LAR,10,21,-9.9,-14.0,0,,,1,102.0,74.0,DELAY_CARRIER
LAR,11,19,-6.58,-8.89,2,28.5,16.5,4,129.75,118.0,CANC_WEATHER|DELAY_CARRIER|DELAY_LATE_AIRCRAFT
LAR,12,28,-7.21,-11.25,1,19.0,3.0,1,98.0,72.0,DELAY_CARRIER
LAS,1,5708,-2.07,-7.02,1128,31.13,24.94,441,126.96,121.28,DELAY_LATE_AIRCRAFT|DELAY_CARRIER|DELAY_NAS
LAS,2,5450,-2.34,-9.99,1032,31.25,23.92,412,110.75,105.73,DELAY_LATE_AIRCRAFT|DELAY_CARRIER|DELAY_NAS
LAS,3,5860,-1.95,-7.16,1328,31.76,27.27,795,131.51,127.45,DELAY_LATE_AIRCRAFT|DELAY_CARRIER|DELAY_NAS
LAS,4,6064,-2.09,-9.26,1310,31.22,23.82,486,129.87,123.1,DELAY_LATE_AIRCRAFT|DELAY_CARRIER|DELAY_NAS
LAS,5,5924,-1.31,-8.74,1612,31.75,23.99,597,126.81,120.68,DELAY_LATE_AIRCRAFT|DELAY_CARRIER|DELAY_NAS
LAS,6,5471,-0.91,-6.26,1614,30.7,24.95,624,139.56,134.33,DELAY_LATE_AIRCRAFT|DELAY_CARRIER|DELAY_NAS
LAS,7,5123,-0.94,-6.24,1815,32.01,27.41,974,139.27,135.64,DELAY_LATE_AIRCRAFT|DELAY_CARRIER|DELAY_NAS
LAS,8,5905,-2.26,-8.29,1278,30.91,25.82,665,125.48,119.45,DELAY_LATE_AIRCRAFT|DELAY_CARRIER|DELAY_NAS
LAS,9,6244,-2.71,-9.65,1122,30.77,23.88,484,111.41,104.62,DELAY_LATE_AIRCRAFT|DELAY_CARRIER|DELAY_NAS
LAS,10,7196,-2.32,-9.51,1167,30.32,24.46,350,129.42,127.29,DELAY_LATE_AIRCRAFT|DELAY_NAS|DELAY_CARRIER
LAS,11,6551,-2.7,-12.46,933,29.37,19.1,310,124.71,117.39,DELAY_LATE_AIRCRAFT|DELAY_CARRIER|DELAY_NAS
LAS,12,6271,-2.4,-10.59,1061,30.26,22.2,420,132.31,125.78,DELAY_LATE_AIRCRAFT|DELAY_CARRIER|DELAY_NAS
LAW,1,33,-7.09,-10.24,2,39.5,25.0,7,251.86,250.29,DELAY_CARRIER|CANC_WEATHER|DELAY_LATE_AIRCRAFT
LAW,2,45,-7.44,-13.24,1,15.0,16.0,0,,,DELAY_CARRIER|CANC_WEATHER|DELAY_LATE_AIRCRAFT
LAW,3,39,-5.13,-9.69,2,31.0,25.0,3,642.0,638.67,DELAY_CARRIER|DELAY_LATE_AIRCRAFT|DELAY_WEATHER
LAW,4,24,-6.67,-9.63,6,41.5,47.83,2,137.0,126.0,DELAY_CARRIER|CANC_WEATHER|DELAY_NAS
LAW,5,38,-7.82,-12.26,7,36.86,35.57,4,121.75,120.25,CANC_WEATHER|DELAY_CARRIER|DELAY_WEATHER
LAW,6,40,-8.9,-11.68,3,44.33,48.0,6,99.83,96.67,DELAY_CARRIER|DELAY_LATE_AIRCRAFT|DELAY_WEATHER
LAW,7,45,-5.09,-5.89,2,31.0,30.5,6,220.33,218.33,DELAY_CARRIER|DELAY_NAS|DELAY_WEATHER
LAW,8,38,-9.0,-14.08,1,16.0,11.0,2,132.0,127.0,DELAY_CARRIER|DELAY_LATE_AIRCRAFT
LAW,9,41,-8.22,-6.88,2,32.0,23.5,1,208.0,213.0,DELAY_CARRIER|DELAY_NAS|DELAY_WEATHER
LAW,10,41,-5.66,-12.83,2,44.5,39.0,4,335.75,327.75,DELAY_CARRIER|DELAY_LATE_AIRCRAFT|DELAY_NAS
LAW,11,40,-5.4,-6.18,3,45.0,44.33,2,127.5,121.0,CANC_WEATHER|DELAY_CARRIER|DELAY_WEATHER
LAW,12,29,-5.41,-8.52,3,24.67,19.33,1,267.0,280.0,CANC_WEATHER|DELAY_CARRIER|DELAY_LATE_AIRCRAFT
LAX,1,6061,-2.92,-7.11,802,31.53,25.78,404,154.64,148.53,DELAY_CARRIER|DELAY_LATE_AIRCRAFT|DELAY_NAS
LAX,2,5706,-2.72,-9.9,890,30.95,23.55,386,142.81,138.32,DELAY_CARRIER|DELAY_LATE_AIRCRAFT|DELAY_NAS
LAX,3,6379,-2.25,-5.61,1116,31.51,27.6,545,150.42,147.53,DELAY_LATE_AIRCRAFT|DELAY_NAS|DELAY_CARRIER
LAX,4,6483,-2.82,-7.9,896,31.95,27.55,421,153.36,151.36,DELAY_LATE_AIRCRAFT|DELAY_NAS|DELAY_CARRIER
LAX,5,6376,-2.29,-7.35,1157,31.66,26.9,676,145.83,140.59,DELAY_LATE_AIRCRAFT|DELAY_CARRIER|DELAY_NAS
LAX,6,6391,-2.0,-5.96,1253,30.94,26.55,630,131.67,126.68,DELAY_LATE_AIRCRAFT|DELAY_CARRIER|DELAY_NAS
LAX,7,6585,-2.31,-6.87,1283,31.36,26.07,731,157.99,152.45,DELAY_LATE_AIRCRAFT|DELAY_CARRIER|DELAY_NAS
LAX,8,7030,-2.96,-8.07,989,30.76,26.02,503,144.04,140.79,DELAY_CARRIER|DELAY_LATE_AIRCRAFT|DELAY_NAS
LAX,9,7003,-3.73,-11.17,697,30.87,23.32,351,148.1,141.95,DELAY_LATE_AIRCRAFT|DELAY_CARRIER|DELAY_NAS
LAX,10,7348,-3.75,-9.51,726,30.31,24.36,332,142.62,137.18,DELAY_CARRIER|DELAY_LATE_AIRCRAFT|DELAY_NAS
LAX,11,6727,-3.37,-13.66,752,30.63,19.63,327,142.75,135.03,DELAY_CARRIER|DELAY_LATE_AIRCRAFT|DELAY_NAS
LAX,12,6645,-2.89,-10.61,950,31.3,23.5,508,140.88,135.26,DELAY_CARRIER|DELAY_LATE_AIRCRAFT|DELAY_NAS
LBB,1,175,-5.64,-12.07,25,31.08,24.96,24,152.54,144.08,DELAY_LATE_AIRCRAFT|DELAY_NAS|CANC_WEATHER
LBB,2,200,-5.21,-10.96,15,32.4,28.67,8,123.63,125.0,DELAY_NAS|DELAY_CARRIER|DELAY_LATE_AIRCRAFT
LBB,3,247,-5.33,-9.28,29,32.21,29.0,14,335.57,332.36,DELAY_LATE_AIRCRAFT|DELAY_NAS|CANC_WEATHER
LBB,4,189,-4.46,-8.14,29,30.14,25.72,11,157.64,161.82,DELAY_LATE_AIRCRAFT|DELAY_NAS|DELAY_CARRIER
LBB,5,193,-3.13,-8.6,26,36.96,38.35,27,200.41,197.41,DELAY_LATE_AIRCRAFT|DELAY_NAS|CANC_WEATHER
LBB,6,221,-3.98,-7.46,28,33.25,30.89,20,189.55,183.65,DELAY_LATE_AIRCRAFT|DELAY_CARRIER|DELAY_NAS
LBB,7,224,-4.22,-8.08,33,27.79,25.03,16,168.44,169.19,DELAY_LATE_AIRCRAFT|DELAY_CARRIER|DELAY_NAS
LBB,8,249,-5.29,-9.96,18,35.5,27.78,14,225.36,228.07,DELAY_LATE_AIRCRAFT|DELAY_CARRIER|DELAY_NAS
LBB,9,225,-4.97,-8.75,23,34.17,34.61,4,136.0,127.25,DELAY_LATE_AIRCRAFT|DELAY_NAS|DELAY_CARRIER
LBB,10,229,-4.22,-9.14,19,30.37,23.0,11,192.18,188.91,DELAY_LATE_AIRCRAFT|DELAY_CARRIER|DELAY_NAS
LBB,11,210,-3.64,-9.08,28,32.0,30.61,18,174.44,173.22,DELAY_LATE_AIRCRAFT|DELAY_NAS|DELAY_CARRIER
LBB,12,243,-3.09,-11.44,37,30.95,23.03,21,140.95,142.62,DELAY_LATE_AIRCRAFT|DELAY_CARRIER|DELAY_NAS
LBE,1,12,-5.25,-8.67,1,23.0,21.0,1,241.0,229.0,DELAY_LATE_AIRCRAFT|CANC_WEATHER|DELAY_NAS
LBE,2,8,-1.88,-19.25,4,26.25,14.5,0,,,DELAY_LATE_AIRCRAFT
LBE,3,9,-4.44,-13.56,5,33.0,35.4,1,86.0,93.0,DELAY_NAS
LBE,4,23,-9.61,-20.22,2,22.0,12.5,1,260.0,244.0,DELAY_CARRIER|DELAY_LATE_AIRCRAFT
LBE,5,16,-6.5,-11.69,2,34.0,22.0,2,120.0,102.0,DELAY_NAS|DELAY_CARRIER|DELAY_LATE_AIRCRAFT
LBE,6,19,-5.79,-16.0,2,19.5,4.0,0,,,N/D
LBE,7,25,-6.2,-12.8,6,32.83,25.67,7,92.29,80.57,DELAY_LATE_AIRCRAFT|DELAY_CARRIER|CANC_CARRIER
LBE,8,23,-8.91,-13.87,0,,,3,102.33,98.0,DELAY_CARRIER|CANC_WEATHER|DELAY_LATE_AIRCRAFT
LBE,9,30,-9.23,-17.23,0,,,2,164.0,156.0,DELAY_LATE_AIRCRAFT|CANC_CARRIER
LBE,10,33,-10.61,-19.79,2,36.5,31.5,0,,,DELAY_CARRIER|DELAY_LATE_AIRCRAFT
LBE,11,22,-7.32,-24.45,0,,,1,180.0,168.0,DELAY_CARRIER|DELAY_LATE_AIRCRAFT
LBE,12,11,-5.18,-24.27,0,,,2,98.0,88.0,DELAY_NAS|CANC_NAS
LBF,1,21,-5.57,-9.81,2,35.5,25.0,4,221.0,222.0,DELAY_LATE_AIRCRAFT|DELAY_CARRIER|CANC_WEATHER
LBF,2,26,-8.12,-13.81,2,47.5,37.0,1,62.0,116.0,DELAY_CARRIER|DELAY_LATE_AIRCRAFT|DELAY_NAS
LBF,3,22,-7.82,-15.95,3,27.0,13.0,2,693.5,688.5,DELAY_WEATHER|CANC_WEATHER
LBF,4,19,-9.68,-2.79,1,16.0,4.0,1,70.0,69.0,DELAY_CARRIER
LBF,5,24,-8.63,-2.46,1,43.0,41.0,0,,,DELAY_NAS
LBF,6,17,-10.12,-2.59,3,31.67,28.0,2,112.5,116.5,DELAY_CARRIER|DELAY_LATE_AIRCRAFT|DELAY_NAS
LBF,7,21,-9.57,-6.33,0,,,2,94.5,113.5,DELAY_CARRIER|DELAY_WEATHER
LBF,8,20,-7.35,0.15,1,60.0,62.0,3,94.67,89.67,DELAY_LATE_AIRCRAFT|DELAY_NAS
LBF,9,22,-6.18,-3.32,1,43.0,26.0,1,123.0,115.0,DELAY_LATE_AIRCRAFT|DELAY_NAS
LBF,10,28,-7.86,-7.32,2,28.0,25.5,0,,,DELAY_LATE_AIRCRAFT|DELAY_CARRIER
LBF,11,23,-7.83,-15.74,3,32.67,28.33,4,172.75,165.0,DELAY_LATE_AIRCRAFT|DELAY_CARRIER|CANC_WEATHER
LBF,12,25,-9.84,-16.24,2,28.5,17.0,0,,,DELAY_CARRIER
LBL,1,5,-5.6,-15.6,0,,,0,,,CANC_WEATHER
LBL,2,13,-9.77,-12.15,2,42.5,40.0,2,317.0,309.5,DELAY_LATE_AIRCRAFT
LBL,3,24,-9.88,-12.33,3,24.33,30.67,0,,,CANC_WEATHER|DELAY_LATE_AIRCRAFT|DELAY_NAS
LBL,4,21,-8.14,-9.67,1,30.0,29.0,1,226.0,224.0,DELAY_CARRIER|DELAY_LATE_AIRCRAFT|DELAY_WEATHER
LBL,5,21,-8.19,-9.76,2,22.0,18.0,3,371.67,372.33,DELAY_CARRIER|DELAY_LATE_AIRCRAFT
LBL,6,15,-8.33,-12.0,2,27.0,27.5,1,294.0,373.0,DELAY_CARRIER|DELAY_WEATHER
LBL,7,22,-7.59,-12.05,3,35.67,25.0,1,116.0,123.0,CANC_NAS|DELAY_CARRIER|DELAY_NAS
LBL,8,21,-6.86,-12.14,5,34.6,30.0,5,189.6,190.2,DELAY_CARRIER|DELAY_LATE_AIRCRAFT|CANC_NAS
LBL,9,19,-8.26,-10.58,4,31.0,28.5,3,137.0,128.0,DELAY_LATE_AIRCRAFT|DELAY_CARRIER|DELAY_WEATHER
LBL,10,26,-10.23,-17.08,2,27.0,24.0,2,113.5,101.5,DELAY_LATE_AIRCRAFT|DELAY_WEATHER
LBL,11,22,-9.09,-11.73,2,38.5,48.0,0,,,CANC_WEATHER|DELAY_CARRIER
LBL,12,24,-7.13,-8.88,1,50.0,45.0,1,78.0,68.0,DELAY_CARRIER|DELAY_WEATHER
LCH,1,40,-6.9,-1.25,1,43.0,38.0,2,204.5,198.0,DELAY_CARRIER|CANC_WEATHER
LCH,2,37,-7.05,-1.78,3,32.67,34.67,4,218.5,212.25,DELAY_CARRIER|DELAY_LATE_AIRCRAFT|DELAY_WEATHER
LCH,3,33,-8.0,-11.55,1,57.0,42.0,2,326.0,331.5,DELAY_CARRIER|CANC_WEATHER|DELAY_LATE_AIRCRAFT
LCH,4,37,-6.95,-14.19,1,39.0,20.0,3,226.67,215.33,CANC_WEATHER|DELAY_NAS|DELAY_CARRIER
LCH,5,39,-5.85,-9.85,3,30.67,34.33,8,389.0,401.25,DELAY_CARRIER|DELAY_NAS|DELAY_WEATHER
LCH,6,33,-6.58,-15.42,3,44.0,30.0,5,156.6,178.2,DELAY_CARRIER|DELAY_LATE_AIRCRAFT|DELAY_WEATHER
LCH,7,31,-3.13,-7.1,4,27.5,26.25,5,194.0,198.4,DELAY_CARRIER|DELAY_LATE_AIRCRAFT|DELAY_NAS
LCH,8,47,-7.91,-13.3,3,50.67,42.33,5,234.8,228.0,DELAY_CARRIER|DELAY_LATE_AIRCRAFT|DELAY_WEATHER
LCH,9,33,-5.48,-4.09,5,22.4,12.8,4,198.0,187.5,DELAY_CARRIER|DELAY_LATE_AIRCRAFT|DELAY_NAS
LCH,10,29,-7.41,-11.34,2,28.0,19.0,5,259.6,246.2,DELAY_CARRIER|DELAY_WEATHER
LCH,11,33,-7.94,-12.18,4,43.25,32.25,7,212.57,203.86,DELAY_CARRIER|CANC_WEATHER|DELAY_WEATHER
LCH,12,40,-7.8,-11.08,5,36.8,37.2,5,183.6,180.8,DELAY_CARRIER|DELAY_LATE_AIRCRAFT|DELAY_WEATHER
LCK,1,22,-6.68,-15.68,3,32.33,29.33,3,84.0,93.33,DELAY_LATE_AIRCRAFT|DELAY_CARRIER|DELAY_NAS
LCK,2,21,-9.48,-20.9,2,28.5,15.5,1,63.0,47.0,DELAY_CARRIER|DELAY_LATE_AIRCRAFT
LCK,3,19,-9.79,-18.58,8,25.63,14.75,6,75.5,69.83,DELAY_LATE_AIRCRAFT|DELAY_NAS|CANC_NAS
LCK,4,32,-7.53,-17.5,3,33.67,27.67,3,168.67,176.33,DELAY_LATE_AIRCRAFT|CANC_NAS|DELAY_CARRIER
LCK,5,38,-8.45,-15.68,3,25.0,22.67,4,129.5,123.5,DELAY_LATE_AIRCRAFT|DELAY_CARRIER|DELAY_WEATHER
LCK,6,47,-5.96,-7.26,9,35.0,36.56,3,119.0,121.0,DELAY_LATE_AIRCRAFT|DELAY_NAS|DELAY_CARRIER
LCK,7,50,-8.54,-3.28,5,37.8,44.8,7,130.86,142.43,DELAY_NAS|DELAY_LATE_AIRCRAFT|CANC_CARRIER
LCK,8,27,-7.93,-10.07,8,38.88,38.88,5,107.8,107.6,DELAY_LATE_AIRCRAFT|DELAY_NAS|CANC_CARRIER
LCK,9,22,-10.77,-16.32,4,35.5,40.0,6,151.0,148.67,DELAY_LATE_AIRCRAFT|CANC_WEATHER|DELAY_CARRIER
LCK,10,27,-7.48,-10.52,3,26.67,28.33,2,107.5,107.5,DELAY_LATE_AIRCRAFT|CANC_WEATHER|CANC_NAS
LCK,11,19,-4.0,-8.95,3,36.33,20.33,1,84.0,81.0,DELAY_LATE_AIRCRAFT
LCK,12,20,-5.6,-12.7,7,36.14,37.57,9,221.11,219.0,DELAY_LATE_AIRCRAFT|DELAY_CARRIER|DELAY_NAS
LEX,1,253,-4.78,-9.14,32,31.56,29.63,37,189.35,188.76,DELAY_LATE_AIRCRAFT|DELAY_CARRIER|DELAY_NAS
LEX,2,282,-4.7,-13.8,32,32.06,21.84,13,190.54,177.69,DELAY_CARRIER|DELAY_LATE_AIRCRAFT|DELAY_NAS
LEX,3,338,-5.23,-11.75,36,29.75,22.94,23,163.26,158.57,DELAY_LATE_AIRCRAFT|DELAY_NAS|DELAY_CARRIER
LEX,4,323,-5.14,-10.07,33,25.88,21.21,21,165.43,161.38,DELAY_LATE_AIRCRAFT|DELAY_CARRIER|DELAY_NAS
LEX,5,289,-4.07,-9.55,46,34.87,32.11,38,158.18,160.63,DELAY_LATE_AIRCRAFT|DELAY_NAS|DELAY_CARRIER
LEX,6,319,-3.24,-10.4,52,32.48,27.06,30,250.87,243.87,DELAY_LATE_AIRCRAFT|DELAY_CARRIER|DELAY_NAS
LEX,7,278,-5.06,-9.69,43,30.09,26.42,56,152.64,149.02,DELAY_LATE_AIRCRAFT|DELAY_NAS|DELAY_CARRIER
LEX,8,318,-5.82,-10.99,41,32.8,31.15,30,153.73,145.9,DELAY_LATE_AIRCRAFT|DELAY_NAS|DELAY_CARRIER
LEX,9,316,-4.78,-10.48,39,29.33,25.82,17,103.82,106.0,DELAY_LATE_AIRCRAFT|DELAY_CARRIER|DELAY_NAS
LEX,10,366,-5.33,-10.41,41,30.27,20.88,19,169.16,159.37,DELAY_LATE_AIRCRAFT|DELAY_NAS|DELAY_CARRIER
LEX,11,340,-6.06,-11.99,25,29.76,21.48,14,139.21,140.71,DELAY_CARRIER|DELAY_NAS|DELAY_LATE_AIRCRAFT
LEX,12,292,-4.3,-11.66,44,33.73,26.73,29,202.72,193.62,DELAY_LATE_AIRCRAFT|DELAY_CARRIER|DELAY_NAS
LFT,1,62,-4.29,-7.84,11,29.09,28.0,13,213.69,223.0,DELAY_LATE_AIRCRAFT|CANC_WEATHER|DELAY_CARRIER
LFT,2,92,-5.73,-8.33,8,26.63,21.5,6,92.33,90.0,DELAY_WEATHER|DELAY_LATE_AIRCRAFT|DELAY_CARRIER
LFT,3,128,-5.35,-8.97,15,31.33,27.13,11,164.0,165.18,DELAY_CARRIER|DELAY_NAS|DELAY_WEATHER
LFT,4,111,-5.34,-7.44,8,37.13,50.25,13,203.69,213.0,DELAY_LATE_AIRCRAFT|DELAY_WEATHER|DELAY_NAS
LFT,5,78,-4.72,-6.36,12,29.42,31.58,20,209.25,207.1,DELAY_LATE_AIRCRAFT|DELAY_NAS|DELAY_WEATHER
LFT,6,104,-4.96,-10.82,17,26.35,23.71,13,249.69,246.85,DELAY_CARRIER|DELAY_LATE_AIRCRAFT|CANC_WEATHER
LFT,7,98,-3.73,-9.89,21,32.57,27.1,26,199.85,199.27,DELAY_CARRIER|DELAY_LATE_AIRCRAFT|DELAY_WEATHER
LFT,8,130,-5.85,-12.94,9,33.67,25.0,9,227.22,223.78,DELAY_CARRIER|DELAY_NAS|DELAY_LATE_AIRCRAFT
LFT,9,91,-5.33,-9.19,14,28.29,26.29,8,394.25,387.88,DELAY_CARRIER|DELAY_LATE_AIRCRAFT|CANC_WEATHER
LFT,10,118,-4.97,-13.73,6,23.5,16.0,9,154.78,145.0,DELAY_CARRIER|DELAY_LATE_AIRCRAFT|DELAY_NAS
LFT,11,128,-5.14,-11.45,10,33.8,25.7,15,129.87,129.13,DELAY_LATE_AIRCRAFT|DELAY_CARRIER|DELAY_WEATHER
LFT,12,134,-5.07,-8.21,10,30.0,24.5,8,163.63,166.88,DELAY_NAS|DELAY_CARRIER|DELAY_LATE_AIRCRAFT
LGA,1,4770,-4.24,-15.32,755,32.83,27.94,555,142.68,146.9,DELAY_LATE_AIRCRAFT|DELAY_NAS|DELAY_CARRIER
LGA,2,5333,-4.78,-19.03,549,31.19,16.5,314,144.22,132.39,DELAY_LATE_AIRCRAFT|DELAY_NAS|DELAY_CARRIER
LGA,3,5521,-4.43,-17.5,709,32.78,21.02,400,138.8,129.29,DELAY_LATE_AIRCRAFT|DELAY_CARRIER|DELAY_NAS
LGA,4,5684,-4.47,-15.08,615,31.42,22.12,412,157.03,150.58,DELAY_LATE_AIRCRAFT|DELAY_CARRIER|DELAY_NAS
LGA,5,5435,-4.23,-12.1,758,31.58,27.28,627,147.4,145.53,DELAY_LATE_AIRCRAFT|DELAY_NAS|DELAY_CARRIER
LGA,6,5091,-3.95,-13.62,795,32.9,27.98,608,148.41,143.86,DELAY_LATE_AIRCRAFT|DELAY_NAS|DELAY_CARRIER
LGA,7,4878,-3.51,-9.65,922,32.81,31.43,853,160.13,158.15,DELAY_LATE_AIRCRAFT|DELAY_NAS|DELAY_CARRIER
LGA,8,4960,-3.49,-10.45,828,32.78,32.09,705,156.56,155.55,DELAY_NAS|DELAY_LATE_AIRCRAFT|DELAY_CARRIER
LGA,9,6088,-5.23,-13.7,475,31.68,24.2,221,128.0,118.96,DELAY_CARRIER|DELAY_LATE_AIRCRAFT|DELAY_NAS
LGA,10,6295,-4.96,-15.4,516,30.7,20.28,246,147.65,138.76,DELAY_CARRIER|DELAY_LATE_AIRCRAFT|DELAY_NAS
LGA,11,5920,-4.9,-14.97,551,31.48,19.83,263,118.39,107.7,DELAY_LATE_AIRCRAFT|DELAY_CARRIER|DELAY_NAS
LGA,12,4946,-3.25,-11.58,910,32.16,25.65,534,128.06,122.15,DELAY_LATE_AIRCRAFT|DELAY_CARRIER|DELAY_NAS
LGB,1,609,-1.96,-6.7,100,29.58,24.73,37,110.68,111.46,DELAY_LATE_AIRCRAFT|DELAY_CARRIER|DELAY_NAS
LGB,2,565,-1.57,-9.33,83,29.89,21.67,30,106.77,98.13,DELAY_LATE_AIRCRAFT|DELAY_NAS|DELAY_CARRIER
LGB,3,603,-1.1,-6.49,92,30.78,26.13,30,108.73,102.37,DELAY_LATE_AIRCRAFT|DELAY_NAS|DELAY_CARRIER
LGB,4,591,-1.19,-8.79,97,29.4,21.71,30,111.37,101.47,DELAY_LATE_AIRCRAFT|DELAY_CARRIER|DELAY_NAS
LGB,5,589,-0.81,-9.3,113,31.01,22.87,39,119.28,111.87,DELAY_LATE_AIRCRAFT|DELAY_CARRIER|DELAY_NAS
LGB,6,631,-0.41,-8.51,104,31.07,24.34,24,138.75,127.83,DELAY_LATE_AIRCRAFT|DELAY_CARRIER|DELAY_NAS
LGB,7,588,-0.98,-7.77,120,29.47,23.06,37,110.3,103.05,DELAY_LATE_AIRCRAFT|DELAY_CARRIER|DELAY_NAS
LGB,8,622,-2.47,-7.71,53,31.13,27.89,21,112.67,106.29,DELAY_LATE_AIRCRAFT|DELAY_CARRIER|DELAY_NAS
LGB,9,604,-2.66,-9.9,71,27.86,21.59,24,141.08,134.42,DELAY_LATE_AIRCRAFT|DELAY_CARRIER|DELAY_NAS
LGB,10,620,-2.72,-9.89,69,32.03,24.75,43,116.95,109.26,DELAY_LATE_AIRCRAFT|DELAY_CARRIER|DELAY_NAS
LGB,11,632,-3.44,-11.73,53,28.83,20.26,17,102.35,90.47,DELAY_LATE_AIRCRAFT|DELAY_CARRIER|DELAY_NAS
LGB,12,596,-2.05,-9.35,106,30.15,24.64,61,124.18,115.66,DELAY_LATE_AIRCRAFT|DELAY_CARRIER|DELAY_NAS
LIH,1,516,-2.41,-6.24,103,29.57,27.83,23,122.52,112.0,DELAY_LATE_AIRCRAFT|DELAY_CARRIER|DELAY_NAS
LIH,2,518,-2.12,-7.55,56,32.23,20.77,14,198.5,181.71,DELAY_LATE_AIRCRAFT|DELAY_CARRIER|CANC_CARRIER
LIH,3,592,-3.11,-7.36,56,26.25,23.11,7,251.29,239.29,DELAY_LATE_AIRCRAFT|DELAY_CARRIER|DELAY_NAS
LIH,4,543,-3.31,-7.51,43,31.21,26.21,17,177.65,173.06,DELAY_LATE_AIRCRAFT|DELAY_NAS|DELAY_CARRIER
LIH,5,553,-3.19,-6.0,70,28.53,28.27,22,154.32,150.36,DELAY_LATE_AIRCRAFT|DELAY_CARRIER|CANC_CARRIER
LIH,6,600,-2.76,-5.37,51,27.55,27.57,20,110.25,109.35,DELAY_LATE_AIRCRAFT|DELAY_CARRIER|DELAY_NAS
LIH,7,621,-2.82,-5.71,62,32.37,30.65,14,124.21,122.14,DELAY_LATE_AIRCRAFT|DELAY_CARRIER|DELAY_NAS
LIH,8,612,-3.55,-10.54,43,31.23,23.14,11,144.0,138.73,DELAY_LATE_AIRCRAFT|DELAY_CARRIER|CANC_CARRIER
LIH,9,576,-3.97,-7.64,38,28.16,24.11,4,348.75,345.0,DELAY_LATE_AIRCRAFT|DELAY_NAS|DELAY_CARRIER
LIH,10,602,-3.24,-8.03,34,26.15,21.88,8,103.5,96.5,DELAY_LATE_AIRCRAFT|DELAY_CARRIER|DELAY_NAS
LIH,11,582,-4.1,-8.45,37,32.16,24.65,8,90.38,84.88,DELAY_LATE_AIRCRAFT|DELAY_CARRIER|DELAY_NAS
LIH,12,590,-3.34,-8.36,57,29.42,24.02,16,204.56,188.38,DELAY_LATE_AIRCRAFT|DELAY_CARRIER|DELAY_NAS
LIT,1,333,-3.76,-6.49,63,33.19,27.71,43,124.98,131.93,DELAY_LATE_AIRCRAFT|DELAY_CARRIER|DELAY_NAS
LIT,2,354,-4.98,-9.09,37,31.0,26.35,14,142.71,133.43,DELAY_CARRIER|DELAY_LATE_AIRCRAFT|DELAY_NAS
LIT,3,420,-4.35,-9.9,39,33.36,30.51,26,140.35,135.5,DELAY_LATE_AIRCRAFT|DELAY_NAS|DELAY_CARRIER
LIT,4,449,-3.75,-8.7,54,27.09,22.07,36,186.75,189.42,DELAY_LATE_AIRCRAFT|DELAY_CARRIER|DELAY_NAS
LIT,5,380,-2.01,-6.54,106,30.96,28.03,67,171.73,182.88,DELAY_LATE_AIRCRAFT|DELAY_CARRIER|DELAY_NAS
LIT,6,395,-2.49,-6.08,80,31.0,26.43,48,136.83,132.17,DELAY_LATE_AIRCRAFT|DELAY_CARRIER|DELAY_NAS
LIT,7,417,-1.8,-3.99,102,31.97,31.44,70,155.86,157.99,DELAY_LATE_AIRCRAFT|DELAY_CARRIER|DELAY_NAS
LIT,8,458,-3.32,-8.33,69,30.55,23.09,25,104.6,101.24,DELAY_LATE_AIRCRAFT|DELAY_NAS|DELAY_CARRIER
LIT,9,427,-3.56,-8.07,56,29.52,25.04,20,133.25,127.8,DELAY_LATE_AIRCRAFT|DELAY_CARRIER|DELAY_NAS
LIT,10,515,-3.54,-8.91,49,32.29,27.02,21,136.95,128.14,DELAY_LATE_AIRCRAFT|DELAY_NAS|DELAY_CARRIER
LIT,11,463,-4.19,-8.87,52,32.69,29.87,14,167.43,171.86,DELAY_CARRIER|DELAY_NAS|DELAY_LATE_AIRCRAFT
LIT,12,380,-2.94,-8.51,66,30.98,26.86,34,132.12,132.53,DELAY_LATE_AIRCRAFT|DELAY_NAS|DELAY_CARRIER
LNK,1,14,-4.07,-5.07,4,28.5,31.5,3,176.33,190.33,DELAY_LATE_AIRCRAFT|DELAY_NAS|CANC_WEATHER
LNK,2,22,-7.09,-13.86,3,21.67,8.0,0,,,N/D
LNK,3,18,-7.39,-14.83,1,36.0,34.0,1,497.0,476.0,DELAY_CARRIER|DELAY_LATE_AIRCRAFT
LNK,4,32,-4.53,-10.31,4,45.25,42.25,6,286.83,280.33,DELAY_CARRIER|DELAY_LATE_AIRCRAFT|DELAY_WEATHER
LNK,5,37,-5.03,-8.97,9,37.0,45.56,12,157.92,150.25,DELAY_CARRIER|DELAY_LATE_AIRCRAFT|DELAY_NAS
LNK,6,78,-5.38,-8.72,8,38.25,32.88,4,171.25,158.5,DELAY_CARRIER|DELAY_LATE_AIRCRAFT|DELAY_WEATHER
LNK,7,74,-7.18,-11.19,4,38.75,35.75,9,148.78,134.33,DELAY_LATE_AIRCRAFT|DELAY_CARRIER|DELAY_WEATHER
LNK,8,82,-6.15,-10.21,12,35.08,27.5,9,240.89,233.44,DELAY_CARRIER|DELAY_LATE_AIRCRAFT|DELAY_NAS
LNK,9,89,-5.89,-15.6,7,38.0,22.43,8,295.0,278.0,DELAY_CARRIER|DELAY_LATE_AIRCRAFT|DELAY_WEATHER
LNK,10,107,-6.6,-12.17,4,27.0,21.25,2,171.0,143.0,DELAY_CARRIER|DELAY_WEATHER|CANC_WEATHER
LNK,11,91,-6.49,-14.04,7,35.14,26.57,5,153.0,137.4,DELAY_CARRIER|CANC_WEATHER|DELAY_NAS
LNK,12,78,-5.77,-11.03,11,30.0,18.82,12,168.42,151.75,DELAY_CARRIER|DELAY_LATE_AIRCRAFT|DELAY_NAS
LRD,1,48,-4.83,-8.08,9,20.78,16.33,8,170.88,163.38,DELAY_LATE_AIRCRAFT|DELAY_CARRIER|DELAY_NAS
LRD,2,58,-6.26,-4.02,7,37.29,43.29,1,163.0,172.0,DELAY_LATE_AIRCRAFT|DELAY_NAS|DELAY_CARRIER
LRD,3,59,-3.83,-2.61,8,29.5,33.88,6,99.0,96.67,DELAY_LATE_AIRCRAFT|DELAY_NAS|CANC_WEATHER
LRD,4,55,-5.51,-7.95,1,45.0,30.0,8,178.25,175.25,DELAY_LATE_AIRCRAFT|DELAY_CARRIER|CANC_NAS
LRD,5,58,-3.31,-3.98,9,39.67,38.56,11,202.91,217.27,DELAY_LATE_AIRCRAFT|DELAY_NAS|CANC_WEATHER
LRD,6,63,-3.41,-4.19,20,30.7,28.4,7,112.57,103.57,DELAY_LATE_AIRCRAFT|DELAY_CARRIER|DELAY_NAS
LRD,7,55,-2.53,-2.49,8,34.38,32.88,8,131.75,132.13,DELAY_LATE_AIRCRAFT|DELAY_NAS
LRD,8,74,-6.93,-8.96,10,31.5,28.4,1,265.0,257.0,DELAY_LATE_AIRCRAFT|DELAY_NAS
LRD,9,58,-4.5,-6.71,2,36.0,37.5,4,461.25,454.5,DELAY_LATE_AIRCRAFT|DELAY_NAS|DELAY_CARRIER
LRD,10,71,-5.41,-10.63,3,32.0,25.67,4,145.0,142.0,DELAY_LATE_AIRCRAFT|DELAY_CARRIER|DELAY_NAS
LRD,11,58,-6.22,-9.4,5,25.4,18.4,5,113.8,105.4,DELAY_LATE_AIRCRAFT|DELAY_NAS|CANC_WEATHER
LRD,12,74,-4.14,-2.89,7,22.29,18.14,8,211.38,217.38,DELAY_NAS|DELAY_LATE_AIRCRAFT|CANC_WEATHER
LSE,1,0,,,0,,,1,113.0,99.0,CANC_WEATHER|DELAY_CARRIER
LSE,2,4,-6.0,-20.0,0,,,0,,,N/D
LSE,5,22,-2.36,-3.73,3,31.67,31.33,2,135.0,147.5,DELAY_NAS|DELAY_CARRIER|DELAY_LATE_AIRCRAFT
LSE,6,8,-3.0,-10.63,1,15.0,16.0,0,,,DELAY_LATE_AIRCRAFT
LSE,7,19,-3.89,-1.89,2,18.5,16.0,2,170.0,162.0,DELAY_LATE_AIRCRAFT|DELAY_NAS|CANC_NAS
LSE,8,17,-2.94,-4.06,2,30.5,23.5,1,366.0,361.0,DELAY_NAS|DELAY_CARRIER
LSE,9,33,-4.94,-4.18,2,38.5,44.5,1,117.0,138.0,DELAY_CARRIER|DELAY_NAS|DELAY_LATE_AIRCRAFT
LSE,10,17,-6.59,-8.24,1,17.0,17.0,1,129.0,119.0,DELAY_CARRIER|DELAY_NAS
LSE,11,25,-5.48,-15.56,1,21.0,21.0,1,134.0,144.0,CANC_CARRIER|DELAY_LATE_AIRCRAFT|DELAY_NAS
LSE,12,4,-2.75,-2.75,0,,,0,,,N/D
LWS,1,38,-2.84,0.82,5,29.8,15.2,7,94.71,89.14,DELAY_CARRIER|DELAY_LATE_AIRCRAFT|DELAY_NAS
LWS,2,37,-3.95,-12.38,2,23.5,23.5,2,449.5,434.0,DELAY_CARRIER|CANC_WEATHER|DELAY_LATE_AIRCRAFT
LWS,3,40,-3.85,-6.3,0,,,3,220.67,221.33,DELAY_CARRIER|DELAY_LATE_AIRCRAFT|DELAY_NAS
LWS,4,46,-4.59,-7.28,2,22.0,14.0,3,89.0,77.33,DELAY_CARRIER|DELAY_WEATHER
LWS,5,37,-3.86,-5.54,3,28.33,25.67,1,523.0,510.0,DELAY_CARRIER|DELAY_WEATHER
LWS,6,35,-2.49,-10.17,3,19.67,-2.33,3,278.33,259.0,DELAY_CARRIER
LWS,7,48,-3.56,-11.4,3,40.33,35.67,0,,,DELAY_WEATHER|DELAY_CARRIER
LWS,8,46,-4.59,-8.43,4,24.75,19.5,2,93.5,90.5,DELAY_CARRIER|DELAY_WEATHER
LWS,9,39,-4.51,-6.56,2,47.0,42.0,1,236.0,234.0,DELAY_CARRIER|DELAY_LATE_AIRCRAFT|DELAY_NAS
LWS,10,44,-3.91,-6.7,5,25.4,17.8,2,269.0,258.0,DELAY_CARRIER|DELAY_NAS|DELAY_SECURITY
LWS,11,42,-4.71,-6.62,3,32.0,18.67,0,,,DELAY_CARRIER|DELAY_WEATHER
LWS,12,42,-3.4,-9.26,1,57.0,89.0,5,302.6,298.6,DELAY_CARRIER|DELAY_WEATHER
MAF,1,284,-4.63,-8.24,33,34.06,33.48,25,114.48,114.44,DELAY_LATE_AIRCRAFT|DELAY_CARRIER|DELAY_NAS
MAF,2,280,-4.83,-8.61,13,27.15,19.54,9,221.0,213.0,DELAY_CARRIER|DELAY_NAS|DELAY_LATE_AIRCRAFT
MAF,3,294,-3.82,-7.0,31,32.23,28.84,19,140.16,135.21,DELAY_LATE_AIRCRAFT|DELAY_NAS|DELAY_CARRIER
MAF,4,348,-4.92,-9.34,38,34.63,30.55,23,182.96,183.3,DELAY_LATE_AIRCRAFT|DELAY_NAS|DELAY_CARRIER
MAF,5,279,-2.15,-5.75,63,33.9,33.68,48,167.85,165.0,DELAY_LATE_AIRCRAFT|DELAY_CARRIER|DELAY_NAS
MAF,6,308,-2.67,-5.43,69,30.29,29.87,35,139.29,137.46,DELAY_CARRIER|DELAY_LATE_AIRCRAFT|DELAY_NAS
MAF,7,288,-3.07,-4.83,58,29.81,28.84,39,131.03,128.0,DELAY_LATE_AIRCRAFT|DELAY_CARRIER|DELAY_NAS
MAF,8,377,-4.87,-7.82,34,30.41,26.26,21,130.48,126.05,DELAY_LATE_AIRCRAFT|DELAY_CARRIER|DELAY_NAS
MAF,9,343,-4.86,-9.61,42,32.07,27.62,13,178.46,171.0,DELAY_CARRIER|DELAY_LATE_AIRCRAFT|DELAY_NAS
MAF,10,388,-5.28,-9.17,26,33.62,26.96,15,170.8,163.6,DELAY_CARRIER|DELAY_LATE_AIRCRAFT|DELAY_NAS
MAF,11,352,-4.46,-10.2,20,29.2,27.45,18,144.28,135.67,DELAY_LATE_AIRCRAFT|DELAY_CARRIER|DELAY_NAS
MAF,12,325,-4.03,-8.98,39,30.23,26.08,24,168.96,169.71,DELAY_CARRIER|DELAY_LATE_AIRCRAFT|DELAY_NAS
MBS,1,38,-4.24,-7.63,12,40.92,47.67,12,163.75,154.58,CANC_WEATHER|DELAY_CARRIER|DELAY_NAS
MBS,2,69,-6.35,-16.12,4,41.5,44.5,2,357.5,341.0,DELAY_CARRIER|DELAY_LATE_AIRCRAFT
MBS,3,66,-5.98,-10.38,3,29.33,42.0,6,223.5,213.0,DELAY_LATE_AIRCRAFT|DELAY_CARRIER|DELAY_NAS
MBS,4,57,-7.16,-12.02,6,29.67,29.83,8,158.13,158.88,DELAY_CARRIER|DELAY_LATE_AIRCRAFT|DELAY_NAS
MBS,5,64,-6.34,-10.48,11,38.55,34.64,14,119.86,118.79,DELAY_CARRIER|DELAY_LATE_AIRCRAFT|DELAY_NAS
MBS,6,80,-4.61,-7.25,5,34.0,31.4,14,139.93,138.5,DELAY_CARRIER|DELAY_WEATHER|CANC_WEATHER
MBS,7,76,-5.26,-9.37,13,34.38,29.85,7,103.86,109.57,DELAY_CARRIER|DELAY_LATE_AIRCRAFT|DELAY_NAS
MBS,8,77,-4.43,-7.1,11,32.09,28.82,9,257.89,254.44,DELAY_CARRIER|DELAY_LATE_AIRCRAFT|DELAY_WEATHER
MBS,9,92,-6.95,-11.71,6,40.83,31.5,2,91.0,99.5,DELAY_CARRIER|DELAY_LATE_AIRCRAFT|DELAY_WEATHER
MBS,10,97,-5.98,-9.79,10,28.3,24.1,5,212.6,203.2,DELAY_CARRIER|DELAY_LATE_AIRCRAFT|DELAY_WEATHER
MBS,11,100,-5.51,-10.85,5,32.0,27.4,7,147.71,138.43,DELAY_CARRIER|DELAY_NAS|DELAY_WEATHER
MBS,12,68,-3.21,-6.75,19,30.74,30.11,14,133.21,129.21,DELAY_CARRIER|DELAY_LATE_AIRCRAFT|DELAY_WEATHER
MCI,1,1345,-2.21,-3.76,274,32.14,32.01,154,156.03,164.05,DELAY_NAS|DELAY_LATE_AIRCRAFT|DELAY_CARRIER
MCI,2,1508,-3.1,-9.39,147,28.2,23.56,60,184.25,178.53,DELAY_NAS|DELAY_LATE_AIRCRAFT|DELAY_CARRIER
MCI,3,1778,-2.86,-9.39,245,31.44,25.26,83,141.1,142.23,DELAY_LATE_AIRCRAFT|DELAY_NAS|DELAY_CARRIER
MCI,4,1710,-2.56,-8.69,247,30.41,24.36,96,148.05,145.93,DELAY_LATE_AIRCRAFT|DELAY_CARRIER|DELAY_NAS
MCI,5,1651,-1.74,-6.13,310,30.93,27.77,193,144.44,143.35,DELAY_LATE_AIRCRAFT|DELAY_NAS|DELAY_CARRIER
MCI,6,1719,-1.92,-6.54,302,30.72,27.0,153,161.4,158.03,DELAY_LATE_AIRCRAFT|DELAY_CARRIER|DELAY_NAS
MCI,7,1698,-2.02,-5.8,351,31.77,28.19,202,142.94,140.99,DELAY_LATE_AIRCRAFT|DELAY_NAS|DELAY_CARRIER
MCI,8,1765,-3.26,-7.55,223,31.44,28.22,119,145.66,140.67,DELAY_LATE_AIRCRAFT|DELAY_NAS|DELAY_CARRIER
MCI,9,1834,-3.62,-8.53,162,30.88,24.26,55,141.13,136.44,DELAY_LATE_AIRCRAFT|DELAY_NAS|DELAY_CARRIER
MCI,10,1957,-3.95,-9.63,166,28.71,22.19,54,156.89,152.96,DELAY_LATE_AIRCRAFT|DELAY_CARRIER|DELAY_NAS
MCI,11,1783,-3.64,-9.92,170,30.15,23.06,83,148.29,143.67,DELAY_LATE_AIRCRAFT|DELAY_NAS|DELAY_CARRIER
MCI,12,1674,-2.6,-11.5,248,29.57,18.82,101,167.82,158.22,DELAY_LATE_AIRCRAFT|DELAY_CARRIER|DELAY_NAS
MCO,1,5011,-1.41,-6.91,1309,30.72,26.44,599,146.49,145.06,DELAY_LATE_AIRCRAFT|DELAY_CARRIER|DELAY_NAS
MCO,2,5452,-2.6,-6.08,901,30.75,26.33,400,128.61,122.13,DELAY_LATE_AIRCRAFT|DELAY_CARRIER|DELAY_NAS
MCO,3,5397,-1.68,-5.11,1382,31.8,29.52,904,141.51,140.46,DELAY_LATE_AIRCRAFT|DELAY_NAS|DELAY_CARRIER
MCO,4,5528,-2.16,-7.67,941,30.57,24.81,523,146.64,141.12,DELAY_LATE_AIRCRAFT|DELAY_CARRIER|DELAY_NAS
MCO,5,4868,-1.4,-4.98,1193,32.2,31.09,745,136.12,136.37,DELAY_LATE_AIRCRAFT|DELAY_NAS|DELAY_CARRIER
MCO,6,4476,-1.64,-8.25,1134,32.6,27.22,840,148.06,143.65,DELAY_LATE_AIRCRAFT|DELAY_CARRIER|DELAY_NAS
MCO,7,4229,-1.31,-6.04,1274,33.01,28.76,1024,146.83,142.79,DELAY_LATE_AIRCRAFT|DELAY_NAS|DELAY_CARRIER
MCO,8,4041,-1.76,-6.98,1113,31.96,28.37,754,135.11,130.29,DELAY_LATE_AIRCRAFT|DELAY_NAS|DELAY_CARRIER
MCO,9,4424,-2.88,-8.06,599,30.47,25.61,218,126.03,120.9,DELAY_NAS|DELAY_LATE_AIRCRAFT|DELAY_CARRIER
MCO,10,4854,-3.11,-11.01,620,30.16,21.35,222,123.58,114.71,CANC_WEATHER|DELAY_CARRIER|DELAY_LATE_AIRCRAFT
MCO,11,5354,-3.25,-10.65,710,29.86,22.45,277,125.75,120.71,DELAY_CARRIER|DELAY_LATE_AIRCRAFT|DELAY_NAS
MCO,12,5241,-2.17,-9.34,1014,30.79,23.34,589,136.4,130.89,DELAY_LATE_AIRCRAFT|DELAY_CARRIER|DELAY_NAS
MCW,1,13,-6.85,-14.46,5,31.0,21.8,3,176.33,174.0,DELAY_LATE_AIRCRAFT|CANC_WEATHER|DELAY_NAS
MCW,2,19,-9.63,-23.16,0,,,2,152.5,155.0,CANC_WEATHER|DELAY_CARRIER|DELAY_LATE_AIRCRAFT
MCW,3,22,-8.18,-13.09,2,44.5,59.0,2,140.0,140.0,DELAY_LATE_AIRCRAFT|DELAY_CARRIER|DELAY_NAS
MCW,4,28,-9.0,-10.64,2,33.0,28.5,4,303.75,295.5,DELAY_LATE_AIRCRAFT|DELAY_CARRIER|DELAY_NAS
MCW,5,18,-7.28,-4.33,3,34.67,36.67,1,79.0,67.0,DELAY_LATE_AIRCRAFT|DELAY_NAS
MCW,6,25,-8.8,-12.8,2,30.0,28.5,3,130.67,123.33,DELAY_LATE_AIRCRAFT
MCW,7,14,-10.14,-10.86,2,46.5,60.0,3,88.33,84.67,DELAY_LATE_AIRCRAFT|CANC_WEATHER|DELAY_NAS
MCW,8,18,-6.44,-8.94,4,26.0,38.75,5,198.0,196.6,DELAY_LATE_AIRCRAFT|DELAY_CARRIER|DELAY_NAS
MCW,9,17,-8.88,-18.35,2,41.5,28.5,2,152.0,137.0,DELAY_LATE_AIRCRAFT|DELAY_CARRIER|DELAY_WEATHER
MCW,10,22,-9.32,-16.59,2,33.0,18.5,2,68.5,45.5,DELAY_CARRIER|DELAY_LATE_AIRCRAFT
MCW,11,23,-8.91,-8.87,1,41.0,36.0,5,439.6,434.6,DELAY_CARRIER|DELAY_LATE_AIRCRAFT|CANC_WEATHER
MCW,12,24,-12.04,-14.33,3,22.33,24.67,3,118.33,113.67,DELAY_LATE_AIRCRAFT|CANC_WEATHER|DELAY_CARRIER
MDT,1,159,-5.11,-11.66,14,39.57,37.71,20,153.95,153.95,DELAY_NAS|DELAY_LATE_AIRCRAFT|DELAY_CARRIER
MDT,2,162,-5.12,-18.52,16,32.38,24.38,6,174.83,162.33,DELAY_CARRIER|DELAY_NAS|DELAY_LATE_AIRCRAFT
MDT,3,166,-5.51,-14.5,21,31.43,28.9,7,126.14,115.86,DELAY_LATE_AIRCRAFT|DELAY_CARRIER|DELAY_NAS
MDT,4,220,-4.82,-13.04,26,32.12,22.0,6,128.0,118.33,DELAY_LATE_AIRCRAFT|DELAY_CARRIER|DELAY_NAS
MDT,5,177,-3.53,-8.67,21,38.05,35.38,24,136.17,133.13,DELAY_LATE_AIRCRAFT|DELAY_NAS|DELAY_CARRIER
MDT,6,186,-4.86,-10.97,38,32.21,28.26,21,256.19,253.67,DELAY_CARRIER|DELAY_LATE_AIRCRAFT|DELAY_NAS
MDT,7,174,-5.26,-9.32,37,34.62,32.89,27,175.52,173.89,DELAY_CARRIER|DELAY_LATE_AIRCRAFT|CANC_CARRIER
MDT,8,167,-3.24,-6.47,21,32.86,36.05,22,189.68,190.91,DELAY_LATE_AIRCRAFT|DELAY_CARRIER|DELAY_NAS
MDT,9,187,-5.0,-11.12,18,28.67,22.78,10,180.4,174.9,DELAY_LATE_AIRCRAFT|DELAY_CARRIER|DELAY_NAS
MDT,10,235,-5.05,-12.7,21,30.57,16.86,9,297.11,289.44,DELAY_CARRIER|DELAY_LATE_AIRCRAFT|DELAY_NAS
MDT,11,212,-3.62,-12.35,20,29.5,20.25,15,176.4,163.6,DELAY_CARRIER|DELAY_LATE_AIRCRAFT|DELAY_WEATHER
MDT,12,162,-2.74,-11.64,28,26.86,22.21,23,175.61,168.0,DELAY_CARRIER|DELAY_LATE_AIRCRAFT|DELAY_NAS
MDW,1,1996,-0.39,-5.7,522,30.84,26.63,203,136.05,133.56,DELAY_LATE_AIRCRAFT|DELAY_CARRIER|CANC_WEATHER
MDW,2,2301,-1.53,-11.52,289,28.63,20.47,61,121.11,112.46,DELAY_CARRIER|DELAY_LATE_AIRCRAFT|DELAY_NAS
MDW,3,2505,-0.68,-9.05,616,30.32,21.89,198,126.65,118.23,DELAY_LATE_AIRCRAFT|DELAY_CARRIER|DELAY_NAS
MDW,4,2672,-0.7,-7.22,578,31.17,25.43,174,116.12,110.39,DELAY_LATE_AIRCRAFT|DELAY_CARRIER|DELAY_NAS
MDW,5,2294,0.07,-4.69,804,31.14,28.51,372,119.16,117.88,DELAY_LATE_AIRCRAFT|DELAY_CARRIER|DELAY_NAS
MDW,6,2458,0.61,-4.67,937,30.73,26.77,338,129.25,127.77,DELAY_LATE_AIRCRAFT|DELAY_CARRIER|DELAY_NAS
MDW,7,2492,0.87,-4.02,963,31.56,27.45,408,121.96,117.49,DELAY_LATE_AIRCRAFT|DELAY_CARRIER|DELAY_NAS
MDW,8,2629,-0.34,-7.02,704,30.2,26.79,251,111.16,107.71,DELAY_LATE_AIRCRAFT|DELAY_CARRIER|DELAY_NAS
MDW,9,2854,-0.91,-8.33,474,28.5,21.6,82,118.06,111.39,DELAY_CARRIER|DELAY_LATE_AIRCRAFT|DELAY_NAS
MDW,10,2777,-1.3,-10.34,420,28.61,17.97,90,115.66,104.29,DELAY_LATE_AIRCRAFT|DELAY_CARRIER|DELAY_NAS
MDW,11,2511,-1.73,-10.26,302,29.41,20.36,117,142.91,134.9,DELAY_LATE_AIRCRAFT|DELAY_CARRIER|DELAY_NAS
MDW,12,2240,-0.4,-9.83,565,29.2,21.6,141,120.77,114.28,DELAY_LATE_AIRCRAFT|DELAY_CARRIER|DELAY_NAS
MEI,1,25,-6.96,-30.92,1,23.0,1.0,2,105.0,62.5,CANC_WEATHER|DELAY_CARRIER|DELAY_LATE_AIRCRAFT
MEI,2,20,-8.65,-32.35,0,,,3,162.67,143.0,DELAY_LATE_AIRCRAFT|DELAY_CARRIER
MEI,3,16,-6.06,-11.94,2,30.5,38.5,2,138.0,134.0,DELAY_WEATHER|DELAY_NAS
MEI,4,17,-6.76,-2.88,1,34.0,29.0,1,116.0,103.0,DELAY_CARRIER|DELAY_LATE_AIRCRAFT
MEI,5,21,-7.43,0.67,1,37.0,44.0,5,167.6,195.8,DELAY_NAS|DELAY_LATE_AIRCRAFT|CANC_WEATHER
MEI,6,24,-4.88,2.08,0,,,3,516.0,517.67,DELAY_CARRIER|DELAY_LATE_AIRCRAFT|CANC_WEATHER
MEI,7,18,-6.0,-4.67,0,,,5,143.0,142.4,CANC_WEATHER|DELAY_LATE_AIRCRAFT|DELAY_CARRIER
MEI,8,23,-7.26,-8.87,3,23.0,15.0,0,,,DELAY_CARRIER|DELAY_LATE_AIRCRAFT
MEI,9,25,-7.32,-6.16,2,20.5,18.0,1,371.0,371.0,DELAY_CARRIER|CANC_WEATHER
MEI,10,19,-8.16,-5.16,2,41.0,32.5,1,85.0,84.0,DELAY_CARRIER
MEI,11,20,-7.3,-8.75,3,29.67,32.67,1,61.0,73.0,DELAY_CARRIER|DELAY_NAS
MEI,12,21,-7.24,-6.95,4,30.25,31.0,0,,,DELAY_CARRIER|CANC_WEATHER|DELAY_WEATHER
MEM,1,683,-4.06,-7.67,106,33.14,29.98,62,198.37,201.84,DELAY_NAS|DELAY_LATE_AIRCRAFT|DELAY_CARRIER
MEM,2,724,-4.59,-10.31,53,30.53,23.92,27,190.44,183.85,DELAY_CARRIER|DELAY_NAS|DELAY_LATE_AIRCRAFT
MEM,3,791,-4.05,-10.58,98,31.49,25.86,43,160.44,158.56,DELAY_LATE_AIRCRAFT|DELAY_NAS|DELAY_CARRIER
MEM,4,769,-4.2,-10.59,70,29.43,23.11,49,257.06,252.94,DELAY_LATE_AIRCRAFT|DELAY_CARRIER|DELAY_NAS
MEM,5,749,-2.58,-8.04,146,31.79,25.77,94,180.94,183.86,DELAY_LATE_AIRCRAFT|DELAY_CARRIER|DELAY_NAS
MEM,6,840,-3.1,-9.44,143,29.92,25.85,84,165.64,163.88,DELAY_LATE_AIRCRAFT|DELAY_CARRIER|DELAY_NAS
MEM,7,767,-2.69,-7.82,150,29.67,24.81,126,164.66,163.4,DELAY_LATE_AIRCRAFT|DELAY_CARRIER|DELAY_NAS
MEM,8,848,-4.06,-9.93,95,33.01,29.98,48,162.67,162.08,DELAY_LATE_AIRCRAFT|DELAY_NAS|DELAY_CARRIER
MEM,9,810,-4.03,-10.22,89,30.18,24.81,39,160.38,155.67,DELAY_LATE_AIRCRAFT|DELAY_NAS|DELAY_CARRIER
MEM,10,901,-3.62,-10.2,70,30.79,20.34,37,202.14,191.49,DELAY_NAS|DELAY_CARRIER|DELAY_LATE_AIRCRAFT
MEM,11,809,-3.64,-10.36,60,32.83,25.62,31,110.87,112.29,DELAY_NAS|DELAY_LATE_AIRCRAFT|DELAY_CARRIER
MEM,12,718,-3.04,-8.97,107,32.02,24.0,56,162.5,159.96,DELAY_LATE_AIRCRAFT|DELAY_NAS|DELAY_CARRIER
MFE,1,108,-4.18,-8.2,18,34.22,34.0,9,187.22,180.67,DELAY_LATE_AIRCRAFT|DELAY_NAS|DELAY_CARRIER
MFE,2,123,-4.41,-6.76,9,39.89,39.67,3,140.67,151.0,DELAY_CARRIER|DELAY_LATE_AIRCRAFT|DELAY_NAS
MFE,3,118,-4.41,-6.41,16,36.44,36.19,14,121.43,124.79,DELAY_LATE_AIRCRAFT|DELAY_NAS|DELAY_CARRIER
MFE,4,113,-3.96,-8.5,19,34.84,36.58,15,158.6,164.73,DELAY_CARRIER|DELAY_LATE_AIRCRAFT|DELAY_NAS
MFE,5,129,-3.67,-5.02,27,32.59,29.89,33,188.82,188.24,DELAY_CARRIER|DELAY_LATE_AIRCRAFT|DELAY_NAS
MFE,6,144,-3.33,-3.63,31,32.32,27.65,24,208.33,207.54,DELAY_LATE_AIRCRAFT|DELAY_CARRIER|DELAY_NAS
MFE,7,177,-3.72,-3.67,31,31.61,36.26,36,184.17,185.36,DELAY_LATE_AIRCRAFT|DELAY_CARRIER|DELAY_NAS
MFE,8,191,-5.17,-8.45,17,31.82,31.06,17,185.53,186.59,DELAY_CARRIER|DELAY_LATE_AIRCRAFT|DELAY_NAS
MFE,9,196,-5.93,-9.47,18,30.83,26.67,9,131.22,120.89,DELAY_LATE_AIRCRAFT|DELAY_CARRIER|DELAY_NAS
MFE,10,204,-6.42,-10.83,20,33.25,29.5,7,150.57,148.86,DELAY_CARRIER|DELAY_LATE_AIRCRAFT|DELAY_NAS
MFE,11,162,-5.59,-10.93,17,26.53,20.88,16,127.69,134.0,DELAY_LATE_AIRCRAFT|DELAY_WEATHER|DELAY_NAS
MFE,12,191,-5.02,-10.29,14,30.57,20.79,13,135.38,140.31,DELAY_CARRIER|DELAY_LATE_AIRCRAFT|DELAY_NAS
MFR,1,168,-5.44,-14.59,12,29.25,16.5,20,222.05,207.85,DELAY_CARRIER|DELAY_LATE_AIRCRAFT|DELAY_WEATHER
MFR,2,132,-5.65,-12.07,14,32.86,22.79,10,120.2,120.7,DELAY_NAS|DELAY_CARRIER|DELAY_LATE_AIRCRAFT
MFR,3,157,-3.82,-8.18,21,31.9,26.48,16,152.06,153.56,DELAY_NAS|DELAY_CARRIER|DELAY_WEATHER
MFR,4,146,-4.98,-7.32,10,31.7,26.5,9,212.67,210.33,DELAY_CARRIER|DELAY_NAS|CANC_CARRIER
MFR,5,163,-4.9,-9.92,19,31.95,26.89,15,177.73,173.2,DELAY_CARRIER|DELAY_LATE_AIRCRAFT|DELAY_NAS
MFR,6,148,-2.78,-7.01,21,29.14,24.29,9,91.89,87.78,DELAY_NAS|DELAY_CARRIER|DELAY_LATE_AIRCRAFT
MFR,7,147,-2.77,-7.97,17,32.76,28.24,20,146.05,140.5,DELAY_CARRIER|DELAY_LATE_AIRCRAFT|CANC_CARRIER
MFR,8,155,-4.15,-8.0,14,34.21,27.36,13,158.0,153.46,DELAY_CARRIER|DELAY_LATE_AIRCRAFT|DELAY_NAS
MFR,9,153,-4.75,-9.37,13,25.0,16.54,10,183.5,175.5,DELAY_CARRIER|DELAY_LATE_AIRCRAFT|DELAY_NAS
MFR,10,179,-5.38,-9.65,12,24.0,22.42,6,106.17,101.67,DELAY_CARRIER|DELAY_NAS|DELAY_WEATHER
MFR,11,147,-5.79,-11.59,7,35.43,27.86,12,254.25,249.33,DELAY_CARRIER|DELAY_WEATHER|DELAY_NAS
MFR,12,140,-4.34,-10.88,17,35.71,27.12,15,255.13,244.33,CANC_WEATHER|DELAY_CARRIER|DELAY_LATE_AIRCRAFT
MGM,1,61,-1.82,-8.15,16,32.63,30.88,12,208.58,199.0,DELAY_CARRIER|DELAY_LATE_AIRCRAFT|DELAY_NAS
MGM,2,84,-4.58,-11.43,6,30.17,30.67,4,179.5,168.75,DELAY_CARRIER|DELAY_LATE_AIRCRAFT|DELAY_NAS
MGM,3,79,-3.71,-6.76,12,29.17,21.67,6,251.5,242.83,DELAY_CARRIER|DELAY_NAS|DELAY_LATE_AIRCRAFT
MGM,4,84,-3.81,-7.56,6,27.5,25.83,6,176.5,176.5,DELAY_NAS|DELAY_WEATHER|DELAY_CARRIER
MGM,5,90,-4.06,-7.8,9,31.44,32.0,14,298.36,293.14,DELAY_CARRIER|DELAY_WEATHER|DELAY_NAS
MGM,6,92,-5.71,-9.18,13,29.77,17.69,8,188.13,182.38,DELAY_LATE_AIRCRAFT|DELAY_CARRIER|DELAY_NAS
MGM,7,78,-3.08,-4.87,12,28.17,37.33,23,148.52,149.57,DELAY_LATE_AIRCRAFT|DELAY_NAS|DELAY_CARRIER
MGM,8,101,-4.67,-8.21,16,29.94,23.5,4,456.0,453.5,DELAY_LATE_AIRCRAFT|DELAY_CARRIER|DELAY_NAS
MGM,9,85,-4.71,-10.05,10,30.7,28.8,10,119.6,116.6,DELAY_LATE_AIRCRAFT|DELAY_CARRIER|DELAY_NAS
MGM,10,114,-5.37,-16.56,8,30.75,21.88,4,97.25,86.0,DELAY_LATE_AIRCRAFT|DELAY_CARRIER|DELAY_NAS
MGM,11,82,-4.0,-11.39,14,35.71,33.57,4,145.75,141.75,DELAY_CARRIER|DELAY_LATE_AIRCRAFT|DELAY_NAS
MGM,12,87,-4.05,-10.3,24,35.71,32.17,12,253.75,249.92,DELAY_CARRIER|DELAY_LATE_AIRCRAFT|DELAY_NAS
MGW,12,11,-2.64,-5.45,2,33.5,55.0,5,233.0,217.2,DELAY_CARRIER|DELAY_LATE_AIRCRAFT|DELAY_NAS
MHK,1,36,-2.67,-9.92,8,29.63,26.25,5,105.4,113.0,DELAY_LATE_AIRCRAFT|DELAY_NAS|DELAY_CARRIER
MHK,2,29,-6.9,-17.93,1,15.0,-11.0,1,77.0,59.0,DELAY_CARRIER|DELAY_NAS
MHK,3,23,-3.09,-9.61,3,22.0,10.0,1,146.0,145.0,DELAY_LATE_AIRCRAFT|DELAY_NAS
MHK,4,21,-4.38,-17.52,2,30.0,19.5,2,119.0,104.5,DELAY_CARRIER|DELAY_NAS
MHK,5,24,-3.88,-6.46,3,26.33,18.33,3,113.0,117.67,DELAY_LATE_AIRCRAFT|CANC_WEATHER
MHK,6,26,-4.85,-13.92,6,31.17,25.5,2,267.0,263.5,DELAY_LATE_AIRCRAFT|CANC_CARRIER|DELAY_CARRIER
MHK,7,44,-3.23,-12.25,4,29.5,16.75,0,,,DELAY_NAS|DELAY_LATE_AIRCRAFT
MHK,8,38,-6.74,-15.42,4,34.75,20.25,2,137.0,126.0,DELAY_CARRIER|DELAY_NAS|DELAY_LATE_AIRCRAFT
MHK,9,43,-5.09,-17.63,2,36.0,19.0,1,83.0,68.0,DELAY_NAS|DELAY_CARRIER
MHK,10,50,-4.26,-23.22,3,24.0,1.33,1,80.0,59.0,DELAY_LATE_AIRCRAFT
MHK,11,42,-2.36,-19.0,0,,,3,186.0,209.0,CANC_WEATHER|DELAY_LATE_AIRCRAFT|DELAY_NAS
MHK,12,36,-2.06,-17.06,7,20.71,7.29,2,108.5,101.5,DELAY_CARRIER|CANC_WEATHER|DELAY_LATE_AIRCRAFT
MHT,1,138,-4.04,-9.84,19,28.53,17.79,17,129.88,142.12,DELAY_LATE_AIRCRAFT|DELAY_NAS|CANC_WEATHER
MHT,2,142,-4.94,-16.7,15,27.33,12.67,7,101.14,102.14,DELAY_LATE_AIRCRAFT|DELAY_NAS|DELAY_CARRIER
MHT,3,155,-3.75,-13.42,24,34.71,29.54,13,170.15,176.62,DELAY_LATE_AIRCRAFT|DELAY_NAS|DELAY_CARRIER
MHT,4,189,-3.59,-9.12,27,33.15,25.41,8,174.88,198.25,DELAY_NAS|DELAY_LATE_AIRCRAFT|DELAY_CARRIER
MHT,5,167,-3.46,-5.93,40,33.33,34.33,21,209.0,212.05,DELAY_LATE_AIRCRAFT|DELAY_NAS|DELAY_CARRIER
MHT,6,199,-3.25,-8.85,24,28.88,27.88,13,247.54,243.46,DELAY_LATE_AIRCRAFT|DELAY_NAS|DELAY_CARRIER
MHT,7,171,-3.92,-9.31,47,30.26,24.91,26,137.73,139.58,DELAY_LATE_AIRCRAFT|DELAY_NAS|DELAY_CARRIER
MHT,8,241,-3.34,-8.26,31,32.16,23.39,23,193.87,197.3,DELAY_NAS|DELAY_LATE_AIRCRAFT|DELAY_CARRIER
MHT,9,238,-4.55,-12.16,20,31.1,21.5,5,104.8,98.8,DELAY_LATE_AIRCRAFT|DELAY_NAS|DELAY_CARRIER
MHT,10,258,-4.24,-13.08,25,29.96,20.12,14,106.0,91.71,DELAY_LATE_AIRCRAFT|DELAY_CARRIER|DELAY_NAS
MHT,11,206,-4.66,-15.57,12,27.67,15.58,8,126.75,119.75,DELAY_LATE_AIRCRAFT|DELAY_NAS|DELAY_CARRIER
MHT,12,170,-4.89,-12.61,20,32.4,26.55,13,202.54,201.15,DELAY_LATE_AIRCRAFT|DELAY_CARRIER|DELAY_NAS
MIA,1,3413,-0.97,-5.09,988,31.44,29.38,485,150.64,148.47,DELAY_LATE_AIRCRAFT|DELAY_CARRIER|DELAY_NAS
MIA,2,3681,-1.88,-3.19,697,30.66,28.78,374,136.86,133.86,DELAY_LATE_AIRCRAFT|DELAY_NAS|DELAY_CARRIER
MIA,3,3551,-1.33,-4.64,946,32.19,31.25,703,170.0,170.64,DELAY_LATE_AIRCRAFT|DELAY_NAS|DELAY_CARRIER
MIA,4,3650,-1.92,-7.06,681,31.6,26.21,360,154.83,149.81,DELAY_LATE_AIRCRAFT|DELAY_CARRIER|DELAY_NAS
MIA,5,3191,-1.06,-4.11,932,32.92,30.97,607,149.25,148.14,DELAY_LATE_AIRCRAFT|DELAY_CARRIER|DELAY_NAS
MIA,6,2560,-1.1,-7.83,848,32.94,29.7,638,160.69,154.41,DELAY_LATE_AIRCRAFT|DELAY_CARRIER|DELAY_NAS
MIA,7,2782,-1.17,-7.46,865,32.85,28.25,690,161.68,155.23,DELAY_LATE_AIRCRAFT|DELAY_CARRIER|DELAY_NAS
MIA,8,2558,-1.24,-6.46,813,33.21,28.71,686,146.39,142.03,DELAY_LATE_AIRCRAFT|DELAY_CARRIER|DELAY_NAS
MIA,9,3107,-2.98,-9.13,493,31.33,26.51,215,136.27,134.35,DELAY_NAS|DELAY_CARRIER|DELAY_LATE_AIRCRAFT
MIA,10,3531,-3.28,-11.6,424,30.97,21.87,209,133.46,125.08,DELAY_CARRIER|DELAY_LATE_AIRCRAFT|DELAY_NAS
MIA,11,3805,-2.73,-11.64,497,31.51,22.12,227,128.54,120.5,DELAY_CARRIER|DELAY_LATE_AIRCRAFT|DELAY_NAS
MIA,12,3664,-1.75,-9.36,838,32.31,26.34,420,131.71,126.75,DELAY_LATE_AIRCRAFT|DELAY_CARRIER|DELAY_NAS
MKE,1,779,-2.65,-7.45,129,33.67,33.77,92,196.2,199.65,DELAY_NAS|DELAY_CARRIER|DELAY_LATE_AIRCRAFT
MKE,2,948,-4.37,-13.87,95,32.57,20.59,33,218.88,210.76,DELAY_NAS|DELAY_LATE_AIRCRAFT|DELAY_CARRIER
MKE,3,1056,-3.76,-10.08,145,33.89,31.51,98,142.26,141.05,DELAY_LATE_AIRCRAFT|DELAY_NAS|DELAY_CARRIER
MKE,4,1027,-4.18,-9.87,108,31.58,25.42,65,181.38,179.14,DELAY_LATE_AIRCRAFT|DELAY_CARRIER|DELAY_NAS
MKE,5,967,-3.57,-7.95,145,31.65,28.08,109,179.2,182.42,DELAY_LATE_AIRCRAFT|DELAY_NAS|DELAY_CARRIER
MKE,6,956,-3.43,-8.41,155,30.75,27.4,92,143.32,137.87,DELAY_LATE_AIRCRAFT|DELAY_NAS|DELAY_CARRIER
MKE,7,957,-3.15,-8.01,183,31.14,30.95,118,169.41,169.91,DELAY_LATE_AIRCRAFT|DELAY_CARRIER|DELAY_NAS
MKE,8,1071,-3.46,-8.99,124,32.54,30.14,85,140.53,136.81,DELAY_LATE_AIRCRAFT|DELAY_NAS|DELAY_CARRIER
MKE,9,1064,-4.17,-9.92,93,27.84,24.11,51,147.18,145.24,DELAY_CARRIER|DELAY_NAS|DELAY_LATE_AIRCRAFT
MKE,10,1162,-4.17,-12.24,108,30.72,23.68,43,201.63,191.65,DELAY_CARRIER|DELAY_LATE_AIRCRAFT|DELAY_NAS
MKE,11,1010,-4.14,-11.65,95,32.06,24.32,38,161.58,153.66,DELAY_CARRIER|DELAY_LATE_AIRCRAFT|DELAY_NAS
MKE,12,914,-3.15,-10.04,133,30.43,24.41,80,171.43,167.41,DELAY_CARRIER|DELAY_LATE_AIRCRAFT|DELAY_NAS
MLB,1,96,-8.17,-16.71,11,36.82,27.18,11,191.09,179.45,DELAY_LATE_AIRCRAFT|DELAY_CARRIER
MLB,2,106,-8.28,-12.83,9,33.11,28.33,2,139.5,138.5,DELAY_LATE_AIRCRAFT|DELAY_CARRIER
MLB,3,103,-6.86,-11.33,18,26.39,20.5,5,107.6,106.4,DELAY_LATE_AIRCRAFT|DELAY_CARRIER|DELAY_NAS
MLB,4,103,-6.82,-11.26,13,30.85,21.77,8,208.0,201.25,DELAY_LATE_AIRCRAFT|DELAY_CARRIER|DELAY_NAS
MLB,5,97,-7.4,-11.96,14,40.79,35.93,10,274.1,272.3,DELAY_LATE_AIRCRAFT|DELAY_CARRIER|DELAY_NAS
MLB,6,105,-6.17,-12.28,11,27.55,15.45,4,123.25,123.25,DELAY_LATE_AIRCRAFT|DELAY_NAS|CANC_WEATHER
MLB,7,81,-5.56,-9.35,10,36.7,31.4,13,133.31,134.46,DELAY_LATE_AIRCRAFT|CANC_CARRIER|DELAY_NAS
MLB,8,93,-6.39,-11.41,13,36.46,28.69,10,135.2,131.0,DELAY_LATE_AIRCRAFT|DELAY_WEATHER|CANC_WEATHER
MLB,9,100,-6.17,-11.4,7,30.14,34.14,4,123.5,138.25,DELAY_NAS|DELAY_LATE_AIRCRAFT|DELAY_CARRIER
MLB,10,86,-7.47,-10.62,3,27.0,25.67,4,79.5,71.25,CANC_WEATHER|DELAY_NAS|DELAY_LATE_AIRCRAFT
MLB,11,115,-7.56,-11.53,10,30.9,26.1,4,143.0,140.5,DELAY_LATE_AIRCRAFT|DELAY_CARRIER|DELAY_NAS
MLB,12,86,-4.65,-8.01,18,29.94,21.78,6,174.67,178.33,DELAY_LATE_AIRCRAFT|DELAY_CARRIER|DELAY_NAS
MLI,1,98,-3.73,-9.19,17,34.82,45.18,21,225.0,226.33,CANC_WEATHER|DELAY_LATE_AIRCRAFT|DELAY_NAS
MLI,2,140,-5.9,-15.55,13,30.85,21.38,9,162.11,148.33,DELAY_CARRIER|DELAY_NAS|DELAY_LATE_AIRCRAFT
MLI,3,144,-5.63,-12.94,14,36.64,27.5,8,136.75,123.63,DELAY_NAS|DELAY_CARRIER|DELAY_LATE_AIRCRAFT
MLI,4,130,-5.41,-9.51,16,34.81,32.13,8,180.75,184.38,DELAY_LATE_AIRCRAFT|DELAY_CARRIER|DELAY_NAS
MLI,5,146,-4.62,-9.37,21,32.52,32.1,27,174.63,176.89,DELAY_LATE_AIRCRAFT|DELAY_NAS|DELAY_CARRIER
MLI,6,148,-4.8,-9.24,19,38.74,34.26,17,214.59,215.06,DELAY_LATE_AIRCRAFT|DELAY_CARRIER|DELAY_NAS
MLI,7,132,-4.11,-4.57,30,31.47,29.73,28,132.32,131.36,DELAY_LATE_AIRCRAFT|DELAY_CARRIER|DELAY_NAS
MLI,8,139,-5.43,-8.04,22,34.0,34.59,14,131.79,127.86,DELAY_LATE_AIRCRAFT|DELAY_CARRIER|DELAY_NAS
MLI,9,158,-5.17,-8.56,13,36.0,31.15,8,134.0,142.38,DELAY_CARRIER|DELAY_NAS|DELAY_LATE_AIRCRAFT
MLI,10,192,-6.13,-12.48,14,33.64,29.21,4,162.5,153.25,DELAY_CARRIER|DELAY_LATE_AIRCRAFT|CANC_WEATHER
MLI,11,152,-5.42,-8.63,11,28.64,22.27,9,104.78,109.22,DELAY_CARRIER|DELAY_LATE_AIRCRAFT|DELAY_NAS
MLI,12,149,-3.26,-12.01,22,37.86,24.18,17,230.65,231.18,DELAY_CARRIER|DELAY_LATE_AIRCRAFT|DELAY_NAS
MLU,1,56,-5.79,-4.88,10,26.9,25.8,9,130.67,128.11,DELAY_LATE_AIRCRAFT|DELAY_NAS|DELAY_CARRIER
MLU,2,61,-4.69,-4.38,4,32.5,38.75,2,151.0,138.5,DELAY_LATE_AIRCRAFT|DELAY_NAS|DELAY_CARRIER
MLU,3,68,-4.54,-6.59,7,31.86,27.0,4,161.0,162.75,DELAY_NAS|DELAY_LATE_AIRCRAFT|DELAY_CARRIER
MLU,4,59,-4.32,-2.22,9,32.11,31.67,5,111.0,118.0,DELAY_LATE_AIRCRAFT|DELAY_NAS|DELAY_WEATHER
MLU,5,62,-2.55,-6.29,6,32.17,25.83,9,199.0,196.11,DELAY_LATE_AIRCRAFT|DELAY_CARRIER|DELAY_NAS
MLU,6,62,-5.08,-11.27,8,26.63,15.25,9,134.22,127.78,DELAY_LATE_AIRCRAFT|DELAY_CARRIER|DELAY_SECURITY
MLU,7,83,-4.28,-8.53,16,32.44,38.63,13,129.77,126.85,DELAY_NAS|DELAY_LATE_AIRCRAFT|DELAY_CARRIER
MLU,8,78,-6.01,-9.19,3,19.33,5.67,2,210.0,192.0,DELAY_LATE_AIRCRAFT|DELAY_CARRIER|DELAY_NAS
MLU,9,74,-6.38,-9.5,10,33.5,34.9,7,197.29,192.29,DELAY_LATE_AIRCRAFT|DELAY_CARRIER|DELAY_NAS
MLU,10,95,-5.86,-12.27,4,37.75,29.75,2,274.0,265.0,DELAY_CARRIER|DELAY_LATE_AIRCRAFT|DELAY_NAS
MLU,11,64,-3.77,-9.28,6,33.0,22.33,6,237.83,229.5,DELAY_CARRIER|DELAY_LATE_AIRCRAFT|DELAY_NAS
MLU,12,72,-6.1,-10.49,4,30.0,21.25,6,141.17,139.0,DELAY_NAS|DELAY_CARRIER|DELAY_LATE_AIRCRAFT
MOB,1,78,-4.13,-8.5,7,35.29,31.0,10,209.4,210.8,DELAY_LATE_AIRCRAFT|DELAY_WEATHER|DELAY_CARRIER
MOB,2,118,-5.31,-10.81,7,24.29,21.43,3,88.33,98.0,DELAY_CARRIER|DELAY_NAS|DELAY_LATE_AIRCRAFT
MOB,3,85,-4.84,-7.39,9,34.0,26.56,9,124.44,120.22,DELAY_LATE_AIRCRAFT|DELAY_CARRIER|CANC_WEATHER
MOB,4,95,-4.72,-7.74,13,25.69,39.85,3,150.33,200.33,DELAY_NAS|DELAY_LATE_AIRCRAFT|CANC_NAS
MOB,5,88,-4.38,-5.47,11,34.82,34.45,4,263.5,285.25,DELAY_NAS|DELAY_LATE_AIRCRAFT|DELAY_WEATHER
MOB,6,93,-4.8,-9.05,14,36.07,30.86,9,136.44,129.22,DELAY_LATE_AIRCRAFT|DELAY_CARRIER|DELAY_NAS
MOB,7,83,-3.89,-7.2,12,33.33,30.92,18,105.56,100.72,DELAY_LATE_AIRCRAFT|CANC_CARRIER|DELAY_NAS
MOB,8,101,-4.53,-10.88,4,21.75,16.25,3,89.67,79.0,DELAY_CARRIER|DELAY_LATE_AIRCRAFT|DELAY_NAS
MOB,9,110,-5.07,-8.99,9,29.11,22.0,4,352.75,350.25,DELAY_NAS|DELAY_LATE_AIRCRAFT|DELAY_CARRIER
MOB,10,117,-5.2,-10.68,5,34.4,24.0,3,72.67,67.33,DELAY_CARRIER|DELAY_NAS|DELAY_LATE_AIRCRAFT
MOB,11,90,-3.88,-10.32,9,32.56,28.44,4,129.0,156.0,DELAY_LATE_AIRCRAFT|DELAY_CARRIER|CANC_WEATHER
MOB,12,91,-4.14,-8.27,13,30.92,29.77,9,334.44,336.0,DELAY_LATE_AIRCRAFT|DELAY_NAS|DELAY_CARRIER
MOT,1,49,-2.82,-12.31,7,36.57,39.86,15,296.47,298.2,DELAY_CARRIER|CANC_WEATHER|DELAY_WEATHER
MOT,2,66,-5.83,-16.79,7,35.29,26.14,3,104.0,109.0,DELAY_CARRIER|CANC_WEATHER|DELAY_LATE_AIRCRAFT
MOT,3,81,-4.32,-11.99,5,24.0,34.6,3,123.33,114.33,DELAY_CARRIER|DELAY_NAS|CANC_WEATHER
MOT,4,89,-5.9,-11.94,5,28.0,14.6,5,163.2,146.2,DELAY_CARRIER|DELAY_NAS|DELAY_WEATHER
MOT,5,66,-4.11,-13.94,10,28.2,14.3,4,90.0,87.75,DELAY_CARRIER|DELAY_NAS|DELAY_LATE_AIRCRAFT
MOT,6,72,-2.99,-1.69,12,32.33,35.33,7,275.86,278.29,DELAY_NAS|DELAY_CARRIER|DELAY_WEATHER
MOT,7,85,-2.74,-4.59,11,37.73,35.36,11,180.55,175.09,DELAY_CARRIER|DELAY_LATE_AIRCRAFT|DELAY_WEATHER
MOT,8,78,-4.74,-5.79,16,31.19,25.06,9,119.89,124.67,DELAY_CARRIER|DELAY_WEATHER|DELAY_NAS
MOT,9,85,-5.26,-7.69,11,34.82,29.36,3,349.67,348.33,DELAY_CARRIER|DELAY_NAS|DELAY_LATE_AIRCRAFT
MOT,10,93,-5.3,-14.82,7,24.14,15.29,1,121.0,134.0,DELAY_CARRIER|CANC_WEATHER|DELAY_NAS
MOT,11,72,-3.36,-9.67,8,39.63,52.63,8,115.0,121.13,DELAY_CARRIER|DELAY_WEATHER|DELAY_NAS
MOT,12,87,-3.94,-8.69,9,35.22,28.89,14,186.93,188.36,DELAY_CARRIER|DELAY_WEATHER|DELAY_LATE_AIRCRAFT
MQT,1,12,-4.08,-19.5,1,31.0,14.0,1,65.0,44.0,DELAY_LATE_AIRCRAFT|CANC_WEATHER
MQT,2,20,-6.3,-26.6,2,40.0,15.5,4,139.75,106.25,DELAY_LATE_AIRCRAFT|DELAY_CARRIER
MQT,3,25,-6.76,-15.64,0,,,2,101.5,73.0,DELAY_LATE_AIRCRAFT|DELAY_NAS
MQT,4,29,-8.1,-10.31,1,59.0,47.0,4,142.75,140.75,DELAY_CARRIER|DELAY_NAS|DELAY_WEATHER
MQT,5,40,-6.3,-7.45,4,39.5,47.0,1,130.0,155.0,DELAY_LATE_AIRCRAFT|DELAY_WEATHER|DELAY_CARRIER
MQT,6,40,-4.65,-9.68,6,33.5,51.33,1,62.0,67.0,DELAY_CARRIER|DELAY_LATE_AIRCRAFT|DELAY_NAS
MQT,7,32,-4.66,-7.28,9,34.67,27.67,4,206.25,209.5,DELAY_CARRIER|DELAY_LATE_AIRCRAFT|DELAY_WEATHER
MQT,8,33,-5.18,-7.76,8,28.75,34.0,4,216.5,217.5,DELAY_CARRIER|DELAY_LATE_AIRCRAFT|DELAY_NAS
MQT,9,33,-5.36,-11.09,6,24.83,23.0,2,91.0,86.0,DELAY_CARRIER|DELAY_NAS|DELAY_LATE_AIRCRAFT
MQT,10,28,-5.79,-10.75,1,50.0,48.0,4,133.5,124.0,DELAY_CARRIER|DELAY_LATE_AIRCRAFT|DELAY_NAS
MQT,11,21,-4.38,-18.0,3,47.33,42.33,1,97.0,79.0,DELAY_CARRIER|DELAY_WEATHER
MQT,12,18,-5.56,-19.56,10,29.2,18.9,4,256.5,237.5,DELAY_CARRIER|DELAY_WEATHER|CANC_WEATHER
MRY,1,127,-4.96,-12.87,15,25.33,19.53,11,109.18,99.82,DELAY_LATE_AIRCRAFT|DELAY_CARRIER|DELAY_NAS
MRY,2,123,-4.6,-9.28,8,27.38,18.63,10,293.9,287.5,DELAY_CARRIER|DELAY_LATE_AIRCRAFT|CANC_WEATHER
MRY,3,130,-5.4,-4.53,20,32.9,30.25,9,463.67,464.89,DELAY_NAS|DELAY_CARRIER|DELAY_LATE_AIRCRAFT
MRY,4,153,-5.48,-6.83,12,28.5,29.33,8,122.88,122.25,DELAY_LATE_AIRCRAFT|DELAY_CARRIER|DELAY_NAS
MRY,5,198,-6.31,-8.6,22,35.32,34.5,15,155.67,177.13,DELAY_LATE_AIRCRAFT|DELAY_CARRIER|DELAY_NAS
MRY,6,181,-5.25,-5.26,20,27.35,30.85,13,158.0,152.77,DELAY_LATE_AIRCRAFT|DELAY_CARRIER|DELAY_NAS
MRY,7,167,-4.42,-6.14,30,33.77,33.67,22,311.41,318.77,DELAY_LATE_AIRCRAFT|DELAY_CARRIER|DELAY_WEATHER
MRY,8,189,-4.65,-6.94,14,35.43,29.79,15,110.33,108.87,DELAY_NAS|DELAY_CARRIER|DELAY_LATE_AIRCRAFT
MRY,9,154,-4.35,-6.32,21,36.19,35.24,8,127.63,128.25,DELAY_LATE_AIRCRAFT|DELAY_CARRIER|DELAY_NAS
MRY,10,194,-6.48,-7.81,19,31.79,27.79,14,132.64,132.14,DELAY_CARRIER|DELAY_LATE_AIRCRAFT|DELAY_NAS
MRY,11,183,-5.42,-9.27,28,33.61,28.04,8,145.5,135.38,DELAY_LATE_AIRCRAFT|DELAY_CARRIER|DELAY_NAS
MRY,12,169,-5.2,-8.35,25,38.84,36.6,24,212.0,209.63,DELAY_CARRIER|DELAY_LATE_AIRCRAFT|DELAY_WEATHER
MSN,1,289,-3.77,-7.85,32,36.97,38.94,62,158.4,154.21,DELAY_CARRIER|DELAY_NAS|DELAY_LATE_AIRCRAFT
MSN,2,381,-5.59,-15.19,21,34.14,24.38,21,148.05,136.33,DELAY_CARRIER|DELAY_NAS|DELAY_LATE_AIRCRAFT
MSN,3,412,-5.01,-12.07,49,34.04,24.41,29,243.83,235.9,DELAY_LATE_AIRCRAFT|DELAY_CARRIER|DELAY_NAS
MSN,4,421,-5.86,-9.39,45,32.71,28.29,36,230.22,236.08,DELAY_CARRIER|DELAY_LATE_AIRCRAFT|DELAY_NAS
MSN,5,384,-4.47,-7.58,59,33.39,33.22,49,221.69,221.55,DELAY_LATE_AIRCRAFT|DELAY_CARRIER|DELAY_NAS
MSN,6,419,-4.68,-8.3,54,30.48,26.15,53,194.91,194.77,DELAY_LATE_AIRCRAFT|DELAY_NAS|DELAY_CARRIER
MSN,7,425,-4.69,-6.2,56,35.95,37.25,44,168.34,166.32,DELAY_LATE_AIRCRAFT|DELAY_CARRIER|DELAY_NAS
MSN,8,465,-5.82,-6.95,50,30.76,28.64,54,165.96,165.93,DELAY_LATE_AIRCRAFT|DELAY_CARRIER|DELAY_NAS
MSN,9,422,-6.24,-9.63,40,29.88,26.93,18,131.0,125.56,DELAY_CARRIER|DELAY_LATE_AIRCRAFT|DELAY_NAS
MSN,10,480,-6.14,-12.18,26,32.38,22.65,18,127.72,119.78,DELAY_CARRIER|DELAY_LATE_AIRCRAFT|DELAY_NAS
MSN,11,420,-6.03,-10.47,35,31.94,23.89,19,114.84,119.21,DELAY_NAS|DELAY_CARRIER|DELAY_LATE_AIRCRAFT
MSN,12,374,-3.95,-7.59,56,29.93,21.98,32,133.34,134.63,DELAY_CARRIER|DELAY_LATE_AIRCRAFT|DELAY_NAS
MSO,1,80,-1.25,-5.51,17,32.65,30.94,15,214.73,214.27,DELAY_LATE_AIRCRAFT|DELAY_NAS|DELAY_CARRIER
MSO,2,101,-5.35,-11.76,10,27.9,18.8,4,141.5,139.0,DELAY_NAS|DELAY_LATE_AIRCRAFT|DELAY_CARRIER
MSO,3,112,-4.85,-8.01,8,27.38,28.25,8,134.25,130.38,DELAY_LATE_AIRCRAFT|DELAY_NAS|DELAY_CARRIER
MSO,4,111,-5.41,-8.62,13,29.77,23.62,4,182.5,186.25,DELAY_LATE_AIRCRAFT|DELAY_CARRIER|DELAY_NAS
MSO,5,142,-2.99,-7.16,19,33.63,33.89,13,123.15,124.38,DELAY_NAS|DELAY_LATE_AIRCRAFT|DELAY_CARRIER
MSO,6,170,-4.18,-9.28,31,32.84,25.84,14,161.86,157.5,DELAY_CARRIER|DELAY_NAS|DELAY_LATE_AIRCRAFT
MSO,7,217,-1.73,-5.92,35,31.71,27.94,26,216.35,205.54,DELAY_LATE_AIRCRAFT|DELAY_CARRIER|CANC_CARRIER
MSO,8,197,-2.24,-6.08,37,32.3,26.27,16,120.19,114.19,DELAY_CARRIER|DELAY_LATE_AIRCRAFT|DELAY_NAS
MSO,9,146,-3.82,-8.1,15,33.47,23.47,8,156.75,156.25,DELAY_LATE_AIRCRAFT|DELAY_CARRIER|DELAY_NAS
MSO,10,145,-4.83,-7.47,17,33.35,36.41,5,105.0,99.2,DELAY_LATE_AIRCRAFT|DELAY_CARRIER|DELAY_NAS
MSO,11,126,-5.37,-8.76,3,28.33,15.33,8,200.0,192.25,DELAY_CARRIER|DELAY_NAS|DELAY_LATE_AIRCRAFT
MSO,12,126,-4.05,-8.76,16,25.06,23.0,9,180.22,179.0,DELAY_LATE_AIRCRAFT|DELAY_NAS|DELAY_CARRIER
MSP,1,3740,-2.57,-12.18,508,31.46,24.43,349,158.83,153.23,DELAY_CARRIER|DELAY_NAS|DELAY_LATE_AIRCRAFT
MSP,2,3887,-3.26,-14.86,351,30.98,19.7,153,156.04,146.88,DELAY_CARRIER|DELAY_NAS|DELAY_LATE_AIRCRAFT
MSP,3,4259,-3.03,-10.13,525,31.34,27.77,268,149.94,148.93,DELAY_NAS|DELAY_CARRIER|DELAY_LATE_AIRCRAFT
MSP,4,4555,-3.27,-9.41,470,31.32,24.93,219,136.42,130.84,DELAY_CARRIER|DELAY_NAS|DELAY_LATE_AIRCRAFT
MSP,5,4507,-2.7,-5.8,602,31.28,28.93,357,133.23,131.35,DELAY_CARRIER|DELAY_NAS|DELAY_LATE_AIRCRAFT
MSP,6,3980,-1.37,-3.36,1067,32.83,32.05,597,137.72,136.86,DELAY_CARRIER|DELAY_LATE_AIRCRAFT|DELAY_NAS
MSP,7,3996,-1.55,-5.77,1010,32.99,27.94,664,151.36,146.67,DELAY_CARRIER|DELAY_LATE_AIRCRAFT|DELAY_NAS
MSP,8,4448,-1.92,-6.62,935,32.51,28.91,431,136.87,134.71,DELAY_CARRIER|DELAY_NAS|DELAY_LATE_AIRCRAFT
MSP,9,4782,-3.77,-11.24,406,30.55,22.34,141,112.12,104.11,DELAY_CARRIER|DELAY_NAS|DELAY_LATE_AIRCRAFT
MSP,10,4960,-4.08,-11.24,364,31.49,25.07,122,141.05,131.65,DELAY_CARRIER|DELAY_NAS|DELAY_LATE_AIRCRAFT
MSP,11,4534,-3.82,-9.55,365,30.78,25.54,173,131.9,130.44,DELAY_CARRIER|DELAY_NAS|DELAY_LATE_AIRCRAFT
MSP,12,4123,-2.0,-8.04,635,31.41,26.02,378,159.9,156.62,DELAY_CARRIER|DELAY_NAS|DELAY_LATE_AIRCRAFT
MSY,1,1496,-2.24,-7.45,317,31.66,25.93,170,160.98,157.73,DELAY_LATE_AIRCRAFT|DELAY_NAS|DELAY_CARRIER
MSY,2,1677,-2.72,-7.82,250,30.58,23.65,84,118.58,111.9,DELAY_LATE_AIRCRAFT|DELAY_NAS|DELAY_CARRIER
MSY,3,1699,-2.13,-7.57,362,31.44,25.23,157,148.94,146.86,DELAY_LATE_AIRCRAFT|DELAY_NAS|DELAY_CARRIER
MSY,4,1724,-2.66,-8.72,276,30.74,24.93,145,183.21,180.52,DELAY_LATE_AIRCRAFT|DELAY_NAS|DELAY_CARRIER
MSY,5,1546,-1.19,-4.05,398,30.46,28.46,271,154.3,154.35,DELAY_LATE_AIRCRAFT|DELAY_NAS|DELAY_CARRIER
MSY,6,1505,-2.11,-6.16,354,30.18,26.38,145,170.23,170.44,DELAY_LATE_AIRCRAFT|DELAY_NAS|DELAY_CARRIER
MSY,7,1326,-1.26,-6.46,396,32.44,28.48,297,149.24,146.06,DELAY_LATE_AIRCRAFT|DELAY_CARRIER|DELAY_NAS
MSY,8,1479,-2.63,-8.54,273,31.29,25.65,149,150.33,144.93,DELAY_LATE_AIRCRAFT|DELAY_NAS|DELAY_CARRIER
MSY,9,1494,-3.04,-8.35,215,31.31,26.18,71,129.85,122.44,DELAY_LATE_AIRCRAFT|DELAY_CARRIER|DELAY_NAS
MSY,10,1922,-2.35,-9.03,234,28.66,21.74,70,128.83,121.27,DELAY_LATE_AIRCRAFT|DELAY_CARRIER|DELAY_NAS
MSY,11,1773,-2.61,-8.49,242,30.59,24.86,89,133.72,131.84,DELAY_LATE_AIRCRAFT|DELAY_NAS|DELAY_CARRIER
MSY,12,1602,-2.76,-8.17,296,30.92,23.82,158,144.78,140.58,DELAY_LATE_AIRCRAFT|DELAY_NAS|DELAY_CARRIER
MTJ,1,167,-3.81,-9.26,25,30.84,25.92,28,124.57,125.18,DELAY_LATE_AIRCRAFT|DELAY_NAS|DELAY_CARRIER
MTJ,2,127,-3.5,-10.21,34,31.03,23.44,14,154.71,158.21,DELAY_LATE_AIRCRAFT|DELAY_NAS|DELAY_CARRIER
MTJ,3,163,-5.42,-9.28,25,33.76,30.48,10,119.3,115.1,DELAY_LATE_AIRCRAFT|DELAY_NAS|DELAY_CARRIER
MTJ,4,79,-4.86,-8.82,5,29.4,20.6,3,200.67,201.33,DELAY_LATE_AIRCRAFT|DELAY_NAS|DELAY_CARRIER
MTJ,5,66,-5.33,-10.68,10,24.7,18.0,12,123.92,131.5,DELAY_LATE_AIRCRAFT|DELAY_NAS|DELAY_WEATHER
MTJ,6,89,-5.79,-9.96,11,35.64,30.91,9,313.33,309.22,DELAY_CARRIER|DELAY_LATE_AIRCRAFT|DELAY_NAS
MTJ,7,103,-4.81,-10.91,16,25.5,21.69,14,124.79,115.0,DELAY_LATE_AIRCRAFT|DELAY_NAS|DELAY_CARRIER
MTJ,8,114,-4.96,-11.75,6,36.33,32.17,7,132.14,136.29,DELAY_NAS|DELAY_LATE_AIRCRAFT|DELAY_CARRIER
MTJ,9,95,-4.63,-11.94,7,30.71,15.0,3,117.0,102.33,DELAY_NAS|DELAY_CARRIER|DELAY_LATE_AIRCRAFT
MTJ,10,59,-4.9,-16.31,5,28.8,13.0,1,119.0,115.0,DELAY_CARRIER|DELAY_LATE_AIRCRAFT|DELAY_NAS
MTJ,11,47,-4.09,-11.53,8,33.5,19.5,6,88.5,91.83,DELAY_LATE_AIRCRAFT|DELAY_CARRIER|DELAY_NAS
MTJ,12,84,-4.7,-13.18,17,29.82,31.94,9,126.67,126.56,DELAY_LATE_AIRCRAFT|DELAY_NAS|DELAY_CARRIER
MVY,5,14,-11.86,-10.86,1,52.0,47.0,2,320.5,319.0,CANC_CARRIER|DELAY_LATE_AIRCRAFT|DELAY_NAS
MVY,6,82,-7.27,-10.17,9,32.56,47.33,10,274.7,275.9,DELAY_NAS|CANC_WEATHER|DELAY_CARRIER
MVY,7,158,-6.63,-7.63,17,32.71,33.41,15,161.0,158.33,DELAY_LATE_AIRCRAFT|DELAY_NAS|DELAY_CARRIER
MVY,8,107,-5.29,-5.73,28,33.32,35.57,19,182.84,183.84,DELAY_LATE_AIRCRAFT|DELAY_NAS|CANC_NAS
MVY,9,23,-9.57,-9.52,1,15.0,23.0,2,135.5,151.5,DELAY_LATE_AIRCRAFT|DELAY_CARRIER|DELAY_NAS
MVY,10,15,-16.0,-16.67,1,56.0,57.0,0,,,DELAY_LATE_AIRCRAFT
MYR,1,312,-7.53,-15.3,32,30.25,18.16,26,134.23,132.69,DELAY_LATE_AIRCRAFT|DELAY_NAS|DELAY_CARRIER
MYR,2,337,-7.43,-14.92,25,27.64,20.04,19,191.53,179.26,DELAY_LATE_AIRCRAFT|DELAY_NAS|DELAY_CARRIER
MYR,3,479,-5.52,-11.42,58,32.0,25.45,28,167.36,164.25,DELAY_LATE_AIRCRAFT|DELAY_NAS|DELAY_CARRIER
MYR,4,577,-6.81,-10.77,57,31.58,27.89,37,122.38,117.0,DELAY_LATE_AIRCRAFT|DELAY_NAS|DELAY_CARRIER
MYR,5,626,-5.31,-9.37,112,31.12,29.85,55,136.07,133.02,DELAY_LATE_AIRCRAFT|DELAY_NAS|DELAY_CARRIER
MYR,6,695,-5.47,-10.13,130,33.3,30.03,93,168.12,163.29,DELAY_LATE_AIRCRAFT|DELAY_NAS|DELAY_CARRIER
MYR,7,644,-4.69,-9.58,159,33.0,29.01,114,172.09,167.69,DELAY_LATE_AIRCRAFT|DELAY_NAS|DELAY_CARRIER
MYR,8,623,-4.88,-9.52,114,32.52,30.86,86,123.48,125.67,DELAY_LATE_AIRCRAFT|DELAY_NAS|CANC_WEATHER
MYR,9,623,-5.67,-11.81,62,28.84,24.76,30,120.1,118.0,DELAY_LATE_AIRCRAFT|DELAY_NAS|DELAY_CARRIER
MYR,10,595,-6.25,-10.98,45,30.4,24.6,32,123.28,114.88,DELAY_LATE_AIRCRAFT|DELAY_NAS|DELAY_CARRIER
MYR,11,425,-7.05,-12.07,45,29.98,25.33,19,148.95,145.16,DELAY_NAS|DELAY_LATE_AIRCRAFT|DELAY_CARRIER
MYR,12,354,-5.37,-11.77,50,30.82,23.36,37,132.3,127.22,DELAY_LATE_AIRCRAFT|DELAY_NAS|DELAY_CARRIER
OAJ,1,27,-4.52,-6.48,0,,,3,111.0,97.67,DELAY_LATE_AIRCRAFT|DELAY_NAS
OAJ,2,47,-5.62,-13.51,2,26.0,11.5,2,208.0,196.5,DELAY_CARRIER
OAJ,3,38,-3.74,-12.21,3,16.67,10.33,2,114.0,115.0,DELAY_LATE_AIRCRAFT|DELAY_CARRIER
OAJ,4,69,-4.96,-10.1,5,25.8,13.0,2,94.0,84.0,DELAY_LATE_AIRCRAFT|DELAY_CARRIER|DELAY_NAS
OAJ,5,44,-4.32,-6.93,6,33.17,34.33,5,111.4,105.2,DELAY_LATE_AIRCRAFT|DELAY_NAS|DELAY_CARRIER
OAJ,6,70,-5.43,-11.66,0,,,2,119.5,109.5,DELAY_LATE_AIRCRAFT
OAJ,7,69,-3.3,-7.01,14,39.14,37.29,15,158.8,158.0,DELAY_LATE_AIRCRAFT|DELAY_CARRIER|DELAY_NAS
OAJ,8,79,-4.67,-5.73,11,28.73,18.82,7,163.14,164.71,DELAY_CARRIER|DELAY_LATE_AIRCRAFT|DELAY_NAS
OAJ,9,101,-4.37,-10.19,9,28.44,28.44,7,242.14,234.0,DELAY_LATE_AIRCRAFT|DELAY_CARRIER|CANC_WEATHER
OAJ,10,82,-4.54,-7.13,8,27.75,22.25,6,93.5,85.83,DELAY_LATE_AIRCRAFT|DELAY_NAS|DELAY_WEATHER
OAJ,11,67,-6.91,-12.13,4,19.25,4.0,5,131.2,116.4,DELAY_LATE_AIRCRAFT|DELAY_NAS|DELAY_CARRIER
OAJ,12,69,-4.23,-12.0,8,27.75,27.88,9,157.56,147.44,DELAY_LATE_AIRCRAFT|DELAY_NAS|DELAY_CARRIER
OAK,1,1414,-1.46,-7.61,263,29.57,22.69,73,118.27,112.52,DELAY_LATE_AIRCRAFT|DELAY_CARRIER|DELAY_NAS
OAK,2,1247,-0.95,-8.12,221,29.26,23.04,80,111.49,106.03,DELAY_LATE_AIRCRAFT|DELAY_CARRIER|DELAY_NAS
OAK,3,1386,-1.23,-7.18,247,30.25,25.91,100,117.27,114.01,DELAY_LATE_AIRCRAFT|DELAY_CARRIER|DELAY_NAS
OAK,4,1454,-1.37,-7.35,231,28.75,21.96,52,104.31,100.12,DELAY_LATE_AIRCRAFT|DELAY_CARRIER|DELAY_NAS
OAK,5,1441,-0.77,-7.33,252,29.98,22.8,99,113.76,107.02,DELAY_LATE_AIRCRAFT|DELAY_CARRIER|DELAY_NAS
OAK,6,1352,-0.63,-7.2,333,31.36,24.72,104,112.13,105.61,DELAY_LATE_AIRCRAFT|DELAY_CARRIER|DELAY_NAS
OAK,7,1396,-0.77,-5.71,302,30.57,25.78,125,113.23,110.56,DELAY_LATE_AIRCRAFT|DELAY_CARRIER|DELAY_NAS
OAK,8,1415,-1.67,-8.69,260,31.23,24.75,97,111.74,104.82,DELAY_LATE_AIRCRAFT|DELAY_CARRIER|DELAY_NAS
OAK,9,1409,-1.8,-8.48,228,28.39,21.96,85,109.99,104.73,DELAY_LATE_AIRCRAFT|DELAY_CARRIER|DELAY_NAS
OAK,10,1395,-1.91,-9.15,213,29.0,22.92,70,121.81,116.26,DELAY_LATE_AIRCRAFT|DELAY_CARRIER|DELAY_NAS
OAK,11,1361,-1.97,-10.17,168,27.74,20.82,45,88.09,82.96,DELAY_LATE_AIRCRAFT|DELAY_CARRIER|DELAY_NAS
OAK,12,1190,-1.31,-9.63,236,30.33,22.63,96,120.69,114.49,DELAY_LATE_AIRCRAFT|DELAY_CARRIER|DELAY_NAS
OGG,1,845,-1.71,-6.59,154,30.24,25.57,45,130.64,121.07,DELAY_LATE_AIRCRAFT|DELAY_CARRIER|CANC_CARRIER
OGG,2,866,-2.88,-10.44,119,27.12,15.94,41,155.02,141.88,DELAY_LATE_AIRCRAFT|DELAY_CARRIER|DELAY_NAS
OGG,3,1010,-2.97,-8.16,115,29.5,22.37,31,177.29,169.19,DELAY_LATE_AIRCRAFT|DELAY_CARRIER|DELAY_NAS
OGG,4,959,-2.84,-8.19,83,31.96,29.16,24,199.38,192.42,DELAY_CARRIER|DELAY_LATE_AIRCRAFT|DELAY_NAS
OGG,5,934,-2.37,-4.23,125,31.0,29.74,32,123.22,125.06,DELAY_LATE_AIRCRAFT|DELAY_CARRIER|DELAY_NAS
OGG,6,1032,-2.66,-4.28,75,28.37,25.09,26,145.12,136.19,DELAY_LATE_AIRCRAFT|DELAY_CARRIER|DELAY_NAS
OGG,7,1070,-2.47,-5.55,128,28.16,24.22,34,153.88,147.35,DELAY_LATE_AIRCRAFT|DELAY_CARRIER|DELAY_NAS
OGG,8,980,-2.79,-9.27,88,27.95,19.86,28,148.21,136.96,DELAY_LATE_AIRCRAFT|DELAY_CARRIER|CANC_CARRIER
OGG,9,985,-3.98,-7.75,67,26.93,23.72,19,148.68,137.68,DELAY_LATE_AIRCRAFT|DELAY_CARRIER|DELAY_NAS
OGG,10,913,-2.98,-7.06,76,27.96,22.38,17,105.76,98.35,DELAY_LATE_AIRCRAFT|DELAY_CARRIER|DELAY_NAS
OGG,11,955,-3.97,-8.16,68,28.04,19.79,21,161.38,153.52,DELAY_LATE_AIRCRAFT|DELAY_CARRIER|DELAY_NAS
OGG,12,1022,-3.58,-8.66,90,29.04,22.2,30,132.1,122.1,DELAY_LATE_AIRCRAFT|DELAY_CARRIER|DELAY_NAS
OKC,1,673,-4.34,-6.8,86,32.56,31.26,55,196.71,198.49,DELAY_LATE_AIRCRAFT|DELAY_NAS|DELAY_CARRIER
OKC,2,692,-4.79,-7.38,54,32.39,29.98,29,134.48,130.69,DELAY_CARRIER|DELAY_NAS|DELAY_LATE_AIRCRAFT
OKC,3,731,-4.05,-9.39,81,28.43,23.31,37,144.46,138.84,DELAY_LATE_AIRCRAFT|DELAY_NAS|DELAY_CARRIER
OKC,4,794,-3.84,-8.69,78,30.83,26.5,32,138.47,131.41,DELAY_LATE_AIRCRAFT|DELAY_CARRIER|DELAY_NAS
OKC,5,749,-2.17,-5.0,136,32.88,28.47,70,136.47,136.6,DELAY_LATE_AIRCRAFT|DELAY_NAS|DELAY_CARRIER
OKC,6,814,-3.12,-7.52,147,30.05,25.14,76,163.26,160.74,DELAY_LATE_AIRCRAFT|DELAY_CARRIER|DELAY_NAS
OKC,7,735,-2.94,-6.78,129,31.74,28.8,83,152.98,148.12,DELAY_LATE_AIRCRAFT|DELAY_CARRIER|DELAY_NAS
OKC,8,840,-3.95,-8.53,98,30.98,26.31,71,182.54,179.39,DELAY_LATE_AIRCRAFT|DELAY_CARRIER|DELAY_NAS
OKC,9,819,-3.95,-7.64,79,29.84,25.44,39,140.33,136.08,DELAY_CARRIER|DELAY_LATE_AIRCRAFT|DELAY_NAS
OKC,10,913,-4.37,-9.08,71,34.2,26.25,47,143.57,141.3,DELAY_CARRIER|DELAY_LATE_AIRCRAFT|DELAY_NAS
OKC,11,824,-4.2,-9.55,82,31.72,28.57,44,136.84,130.68,DELAY_LATE_AIRCRAFT|DELAY_CARRIER|DELAY_NAS
OKC,12,791,-3.7,-9.21,83,31.65,24.99,58,138.05,137.9,DELAY_LATE_AIRCRAFT|DELAY_CARRIER|DELAY_NAS
OMA,1,715,-2.97,-6.5,122,33.27,34.64,95,163.26,175.15,DELAY_LATE_AIRCRAFT|DELAY_CARRIER|DELAY_NAS
OMA,2,772,-4.75,-12.56,70,31.51,24.81,37,136.19,132.05,DELAY_LATE_AIRCRAFT|DELAY_NAS|DELAY_CARRIER
OMA,3,853,-3.3,-10.13,123,30.58,22.64,64,142.88,137.91,DELAY_LATE_AIRCRAFT|DELAY_CARRIER|DELAY_NAS
OMA,4,790,-3.42,-7.73,92,29.48,22.11,47,184.32,179.74,DELAY_LATE_AIRCRAFT|DELAY_NAS|DELAY_CARRIER
OMA,5,751,-2.23,-5.03,180,31.89,29.47,107,156.31,154.43,DELAY_LATE_AIRCRAFT|DELAY_NAS|DELAY_CARRIER
OMA,6,744,-1.97,-5.48,175,31.1,27.28,78,142.71,139.96,DELAY_LATE_AIRCRAFT|DELAY_CARRIER|DELAY_NAS
OMA,7,779,-2.16,-5.71,170,30.34,28.22,88,154.5,153.25,DELAY_LATE_AIRCRAFT|DELAY_CARRIER|DELAY_NAS
OMA,8,834,-3.3,-8.05,114,30.13,28.29,66,131.24,131.53,DELAY_LATE_AIRCRAFT|DELAY_NAS|DELAY_CARRIER
OMA,9,830,-3.96,-8.73,62,29.95,24.18,33,154.94,151.12,DELAY_NAS|DELAY_CARRIER|DELAY_LATE_AIRCRAFT
OMA,10,920,-3.92,-9.25,81,30.26,22.67,30,163.2,157.57,DELAY_CARRIER|DELAY_LATE_AIRCRAFT|DELAY_NAS
OMA,11,835,-3.7,-9.82,78,27.78,20.38,24,145.38,140.13,DELAY_LATE_AIRCRAFT|DELAY_NAS|DELAY_CARRIER
OMA,12,826,-2.86,-11.32,120,29.21,20.23,58,143.86,140.12,DELAY_LATE_AIRCRAFT|DELAY_CARRIER|DELAY_NAS
OME,1,14,-8.71,-13.64,2,16.0,11.0,1,69.0,73.0,DELAY_LATE_AIRCRAFT
OME,2,10,-12.6,-12.6,3,30.0,28.33,0,,,DELAY_LATE_AIRCRAFT|DELAY_CARRIER
OME,3,13,-9.23,-6.38,4,29.75,38.75,1,172.0,171.0,DELAY_LATE_AIRCRAFT|CANC_WEATHER|DELAY_CARRIER
OME,4,11,-15.0,-12.82,1,53.0,57.0,1,174.0,196.0,DELAY_LATE_AIRCRAFT|CANC_WEATHER
OME,5,17,-8.88,-3.06,1,31.0,30.0,0,,,DELAY_CARRIER|DELAY_LATE_AIRCRAFT
OME,6,10,-7.3,3.0,3,30.0,36.67,0,,,DELAY_LATE_AIRCRAFT|DELAY_NAS|DELAY_WEATHER
OME,7,12,-7.0,-1.83,3,30.33,35.33,0,,,DELAY_LATE_AIRCRAFT
OME,8,5,-8.6,5.4,5,25.8,32.4,1,120.0,142.0,DELAY_LATE_AIRCRAFT|CANC_CARRIER|DELAY_CARRIER
OME,9,16,-12.13,-7.06,2,20.0,25.0,0,,,DELAY_LATE_AIRCRAFT|DELAY_NAS
OME,10,14,-15.0,-11.0,2,35.0,29.0,1,71.0,83.0,DELAY_LATE_AIRCRAFT|CANC_WEATHER
OME,11,12,-13.83,-10.0,0,,,0,,,DELAY_NAS
OME,12,12,-12.08,-7.83,0,,,0,,,N/D
ONT,1,745,-3.46,-10.69,88,35.08,28.93,56,164.27,158.63,DELAY_LATE_AIRCRAFT|DELAY_CARRIER|DELAY_NAS
ONT,2,737,-2.96,-12.06,101,30.19,25.96,41,164.78,155.12,DELAY_LATE_AIRCRAFT|DELAY_NAS|DELAY_CARRIER
ONT,3,810,-2.73,-8.48,146,33.33,29.08,56,150.61,151.66,DELAY_LATE_AIRCRAFT|DELAY_NAS|DELAY_CARRIER
ONT,4,871,-2.68,-8.66,135,29.23,25.01,45,156.91,151.58,DELAY_LATE_AIRCRAFT|DELAY_NAS|DELAY_CARRIER
ONT,5,885,-2.15,-7.62,144,31.16,27.18,77,169.78,165.99,DELAY_LATE_AIRCRAFT|DELAY_NAS|DELAY_CARRIER
ONT,6,905,-2.12,-6.98,157,30.11,25.66,73,155.77,150.25,DELAY_LATE_AIRCRAFT|DELAY_CARRIER|DELAY_NAS
ONT,7,983,-2.68,-7.91,157,32.2,28.5,61,138.75,131.1,DELAY_LATE_AIRCRAFT|DELAY_CARRIER|DELAY_NAS
ONT,8,1002,-3.58,-8.15,102,30.64,28.11,54,124.22,121.89,DELAY_LATE_AIRCRAFT|DELAY_NAS|DELAY_CARRIER
ONT,9,988,-3.41,-9.72,111,29.52,23.41,53,147.19,141.87,DELAY_LATE_AIRCRAFT|DELAY_CARRIER|DELAY_NAS
ONT,10,1017,-3.38,-9.69,104,30.17,24.24,36,168.33,159.28,DELAY_LATE_AIRCRAFT|DELAY_CARRIER|DELAY_NAS
ONT,11,954,-3.35,-10.53,94,31.73,23.49,31,135.77,127.84,DELAY_LATE_AIRCRAFT|DELAY_CARRIER|DELAY_NAS
ONT,12,882,-2.56,-9.95,107,30.77,24.43,44,143.27,139.5,DELAY_LATE_AIRCRAFT|DELAY_CARRIER|DELAY_NAS
ORD,1,6734,-1.92,-6.83,1444,32.01,29.9,1213,153.42,151.48,DELAY_LATE_AIRCRAFT|DELAY_NAS|DELAY_CARRIER
ORD,2,8588,-3.3,-11.58,824,31.39,23.61,447,137.93,132.03,DELAY_CARRIER|DELAY_LATE_AIRCRAFT|DELAY_NAS
ORD,3,9167,-2.82,-9.38,1229,31.62,24.82,671,125.17,119.03,DELAY_NAS|DELAY_LATE_AIRCRAFT|DELAY_CARRIER
ORD,4,9636,-2.34,-8.06,1442,31.1,26.72,762,137.95,133.57,DELAY_LATE_AIRCRAFT|DELAY_CARRIER|DELAY_NAS
ORD,5,8433,-1.56,-4.45,2025,33.23,33.55,1746,155.07,155.54,DELAY_LATE_AIRCRAFT|DELAY_NAS|DELAY_CARRIER
ORD,6,8393,-1.27,-5.76,2034,32.64,29.64,1440,145.81,142.51,DELAY_LATE_AIRCRAFT|DELAY_CARRIER|DELAY_NAS
ORD,7,8135,-1.06,-5.79,2126,32.79,29.82,1618,143.52,140.27,DELAY_LATE_AIRCRAFT|DELAY_CARRIER|DELAY_NAS
ORD,8,8879,-1.4,-5.91,2111,32.71,31.13,1474,139.19,135.69,DELAY_LATE_AIRCRAFT|DELAY_CARRIER|DELAY_NAS
ORD,9,10479,-2.75,-8.95,1397,31.2,24.33,607,132.81,123.19,DELAY_CARRIER|DELAY_LATE_AIRCRAFT|DELAY_NAS
ORD,10,10821,-2.7,-10.14,1259,30.8,21.66,500,128.92,119.9,DELAY_LATE_AIRCRAFT|DELAY_CARRIER|DELAY_NAS
ORD,11,9522,-2.93,-8.14,1111,31.27,28.99,574,135.72,135.18,DELAY_CARRIER|DELAY_NAS|DELAY_LATE_AIRCRAFT
ORD,12,8727,-1.34,-8.25,1582,31.3,24.76,932,147.43,141.07,DELAY_LATE_AIRCRAFT|DELAY_CARRIER|DELAY_NAS
ORF,1,584,-4.33,-8.8,64,32.3,26.36,46,183.63,181.37,DELAY_LATE_AIRCRAFT|DELAY_NAS|DELAY_CARRIER
ORF,2,619,-4.59,-10.4,52,31.71,25.65,24,137.79,130.42,DELAY_NAS|DELAY_LATE_AIRCRAFT|DELAY_CARRIER
ORF,3,689,-3.9,-11.08,89,30.94,23.84,56,161.27,158.63,DELAY_LATE_AIRCRAFT|DELAY_NAS|DELAY_CARRIER
ORF,4,714,-3.58,-8.09,95,32.13,25.97,55,152.76,147.93,DELAY_LATE_AIRCRAFT|DELAY_NAS|DELAY_CARRIER
ORF,5,627,-2.69,-7.19,128,30.05,26.16,78,167.47,163.82,DELAY_LATE_AIRCRAFT|DELAY_NAS|DELAY_CARRIER
ORF,6,683,-2.31,-7.46,157,31.18,26.19,74,188.96,188.99,DELAY_LATE_AIRCRAFT|DELAY_NAS|DELAY_CARRIER
ORF,7,599,-1.83,-6.28,186,32.51,29.74,137,166.61,167.69,DELAY_LATE_AIRCRAFT|DELAY_CARRIER|DELAY_NAS
ORF,8,703,-2.76,-6.32,145,32.71,29.93,80,201.05,201.23,DELAY_LATE_AIRCRAFT|DELAY_NAS|DELAY_CARRIER
ORF,9,834,-3.94,-8.35,79,30.86,28.48,42,124.76,127.83,DELAY_NAS|DELAY_LATE_AIRCRAFT|DELAY_CARRIER
ORF,10,871,-4.07,-9.2,94,31.05,23.53,32,186.13,185.28,DELAY_LATE_AIRCRAFT|DELAY_NAS|DELAY_CARRIER
ORF,11,775,-4.19,-10.81,71,27.7,21.11,40,150.53,147.68,DELAY_NAS|DELAY_CARRIER|DELAY_LATE_AIRCRAFT
ORF,12,665,-2.39,-9.84,119,31.09,23.43,61,165.98,155.79,DELAY_LATE_AIRCRAFT|DELAY_CARRIER|DELAY_NAS
ORH,1,34,-4.35,-11.35,9,33.89,32.44,4,252.5,249.5,DELAY_LATE_AIRCRAFT|DELAY_NAS|CANC_WEATHER
ORH,2,44,-3.66,-16.95,13,33.54,16.38,5,102.0,109.8,DELAY_LATE_AIRCRAFT|CANC_WEATHER|DELAY_NAS
ORH,3,46,-5.35,-14.41,13,33.77,34.38,9,121.11,122.0,DELAY_NAS|DELAY_LATE_AIRCRAFT|DELAY_CARRIER
ORH,4,44,-6.91,-18.75,7,36.29,33.86,4,84.0,106.5,DELAY_LATE_AIRCRAFT|DELAY_NAS|CANC_WEATHER
ORH,5,40,-4.53,-15.1,9,33.44,49.44,8,291.13,291.25,DELAY_LATE_AIRCRAFT|DELAY_NAS|DELAY_CARRIER
ORH,6,39,-4.9,-19.56,7,36.57,18.71,7,281.0,268.86,DELAY_NAS|DELAY_LATE_AIRCRAFT|DELAY_CARRIER
ORH,7,48,-5.77,-14.04,9,34.11,22.11,10,126.1,131.4,DELAY_LATE_AIRCRAFT|DELAY_NAS|DELAY_CARRIER
ORH,8,36,-8.03,-17.72,8,29.75,25.25,9,152.89,156.22,DELAY_LATE_AIRCRAFT|DELAY_NAS|CANC_NAS
ORH,9,42,-6.64,-13.67,3,27.33,29.67,0,,,DELAY_NAS
ORH,10,47,-7.51,-19.55,4,32.75,24.75,0,,,DELAY_LATE_AIRCRAFT|CANC_WEATHER
ORH,11,47,-5.91,-11.13,4,28.5,4.75,3,134.67,126.0,DELAY_LATE_AIRCRAFT|DELAY_CARRIER|DELAY_NAS
ORH,12,44,-6.45,-8.86,9,36.78,28.44,6,152.67,149.67,DELAY_LATE_AIRCRAFT|DELAY_NAS|CANC_WEATHER
OTH,1,6,-1.33,-7.83,1,19.0,19.0,0,,,CANC_WEATHER|DELAY_CARRIER
OTH,2,2,1.5,12.5,2,46.5,41.5,1,227.0,250.0,DELAY_NAS|DELAY_LATE_AIRCRAFT
OTH,3,6,-3.5,1.0,2,28.5,33.0,2,120.0,132.5,DELAY_NAS|DELAY_LATE_AIRCRAFT
OTH,4,4,0.5,6.25,8,32.88,33.13,1,90.0,105.0,DELAY_NAS|DELAY_CARRIER
OTH,5,12,-0.42,-5.33,4,37.0,31.75,1,106.0,90.0,DELAY_NAS
OTH,6,20,-3.5,-15.85,1,28.0,11.0,0,,,N/D
OTH,7,17,-4.29,-15.41,2,46.5,38.5,4,376.0,369.25,DELAY_CARRIER|DELAY_WEATHER|DELAY_LATE_AIRCRAFT
OTH,8,10,-1.2,-6.2,3,30.33,26.33,2,77.5,71.5,DELAY_LATE_AIRCRAFT|DELAY_NAS|DELAY_CARRIER
OTH,9,11,0.0,-2.82,6,32.0,23.67,3,435.33,424.67,DELAY_CARRIER|DELAY_LATE_AIRCRAFT|DELAY_NAS
OTH,10,11,-4.64,-8.64,0,,,4,174.75,165.75,DELAY_CARRIER|DELAY_LATE_AIRCRAFT
OTH,11,5,-5.4,-7.8,2,35.0,35.0,0,,,DELAY_NAS|DELAY_WEATHER
OTH,12,9,-3.22,-16.78,1,40.0,32.0,0,,,DELAY_NAS
OTZ,1,6,-14.67,-21.83,2,43.0,43.0,1,82.0,98.0,CANC_WEATHER|DELAY_LATE_AIRCRAFT
OTZ,2,10,-14.9,-8.1,0,,,0,,,N/D
OTZ,3,10,-9.0,-7.8,0,,,1,319.0,311.0,CANC_WEATHER|DELAY_LATE_AIRCRAFT
OTZ,4,11,-8.36,-5.18,1,41.0,30.0,1,138.0,138.0,CANC_WEATHER|DELAY_LATE_AIRCRAFT
OTZ,5,15,-10.07,-8.87,1,34.0,31.0,0,,,DELAY_LATE_AIRCRAFT
OTZ,6,14,-9.29,-6.5,1,25.0,22.0,0,,,DELAY_LATE_AIRCRAFT
OTZ,7,14,-10.64,-9.29,1,43.0,48.0,0,,,DELAY_LATE_AIRCRAFT
OTZ,8,13,-5.38,-4.69,0,,,0,,,DELAY_NAS
OTZ,9,15,-12.6,-14.8,1,31.0,43.0,0,,,DELAY_LATE_AIRCRAFT
OTZ,10,17,-10.18,-8.18,1,17.0,17.0,0,,,CANC_WEATHER|DELAY_SECURITY
OTZ,11,12,-9.92,-14.0,1,59.0,63.0,0,,,DELAY_LATE_AIRCRAFT
OTZ,12,13,-11.77,-11.31,2,48.0,50.0,1,105.0,105.0,DELAY_LATE_AIRCRAFT|CANC_WEATHER
PAE,1,29,-3.45,-4.41,5,27.8,36.2,0,,,CANC_CARRIER|DELAY_NAS|DELAY_CARRIER
PAE,2,55,-6.27,-1.96,7,27.14,43.43,1,231.0,266.0,DELAY_NAS|CANC_CARRIER|DELAY_CARRIER
PAE,3,56,-6.48,-8.11,8,29.0,29.38,1,160.0,159.0,DELAY_NAS|DELAY_CARRIER
PAE,4,62,-5.37,-8.34,6,42.33,44.0,3,124.0,119.67,DELAY_CARRIER|DELAY_LATE_AIRCRAFT|DELAY_NAS
PAE,5,45,-5.22,-8.42,3,31.67,24.0,0,,,DELAY_NAS|DELAY_CARRIER
PAE,6,27,-3.96,-11.04,2,40.0,35.0,2,77.5,55.0,DELAY_LATE_AIRCRAFT|DELAY_CARRIER
PAE,7,24,-6.33,-17.83,5,36.4,35.6,0,,,DELAY_LATE_AIRCRAFT|DELAY_NAS
PAE,8,25,-4.44,-13.04,2,34.0,23.0,1,62.0,44.0,DELAY_LATE_AIRCRAFT|DELAY_NAS
PAE,9,28,-7.93,-14.36,0,,,2,68.5,57.5,DELAY_CARRIER|DELAY_LATE_AIRCRAFT
PAE,10,26,-5.0,-8.0,1,20.0,15.0,1,71.0,68.0,DELAY_LATE_AIRCRAFT
PAE,11,36,-4.28,-8.0,2,18.5,11.0,1,76.0,115.0,DELAY_LATE_AIRCRAFT
PAE,12,43,-2.19,-9.98,6,33.0,15.17,2,123.5,130.0,DELAY_NAS|DELAY_CARRIER|DELAY_LATE_AIRCRAFT
PBG,1,12,-12.33,-25.33,1,21.0,11.0,5,196.6,209.2,DELAY_WEATHER|DELAY_LATE_AIRCRAFT|DELAY_NAS
PBG,2,18,0.17,-3.94,4,35.5,23.0,2,73.0,96.5,DELAY_NAS|DELAY_LATE_AIRCRAFT|DELAY_CARRIER
PBG,3,5,-1.8,3.6,4,27.5,12.5,4,154.25,154.5,DELAY_LATE_AIRCRAFT|DELAY_NAS
PBG,4,17,-5.65,-21.53,6,28.67,4.33,1,252.0,273.0,CANC_NAS|DELAY_CARRIER|DELAY_LATE_AIRCRAFT
PBG,5,11,-8.91,-12.55,3,43.0,44.33,1,80.0,99.0,DELAY_CARRIER|CANC_CARRIER|DELAY_LATE_AIRCRAFT
PBG,6,9,-1.33,-9.89,0,,,4,380.75,390.0,DELAY_LATE_AIRCRAFT|CANC_CARRIER|CANC_NAS
PBG,7,15,-2.27,-13.73,6,35.0,34.83,3,103.67,108.67,DELAY_LATE_AIRCRAFT|DELAY_CARRIER|DELAY_NAS
PBG,8,11,-3.82,-5.36,4,35.25,31.75,4,231.25,230.5,DELAY_LATE_AIRCRAFT|DELAY_NAS|DELAY_CARRIER
PBG,9,8,-10.5,-13.5,1,15.0,-2.0,0,,,DELAY_NAS
PBG,10,11,-9.64,-21.55,1,25.0,23.0,2,103.5,78.5,CANC_WEATHER|DELAY_LATE_AIRCRAFT|CANC_NAS
PBG,11,21,-12.71,-22.81,1,16.0,34.0,1,96.0,78.0,DELAY_CARRIER|DELAY_NAS
PBG,12,17,-9.29,-16.47,12,32.5,42.08,5,304.4,317.6,DELAY_NAS|CANC_NAS|DELAY_CARRIER
PBI,1,1018,-3.27,-11.61,225,31.44,23.23,135,175.82,166.44,DELAY_LATE_AIRCRAFT|DELAY_CARRIER|DELAY_NAS
PBI,2,1130,-4.51,-8.3,157,29.74,23.6,79,161.56,154.49,DELAY_LATE_AIRCRAFT|DELAY_NAS|DELAY_CARRIER
PBI,3,1143,-2.94,-7.65,250,31.93,24.9,163,153.87,148.47,DELAY_LATE_AIRCRAFT|DELAY_NAS|DELAY_CARRIER
PBI,4,1044,-3.34,-7.79,183,31.87,25.73,126,155.17,147.22,DELAY_LATE_AIRCRAFT|DELAY_NAS|DELAY_CARRIER
PBI,5,888,-2.65,-6.87,156,31.37,30.68,129,175.11,173.62,DELAY_LATE_AIRCRAFT|DELAY_NAS|DELAY_CARRIER
PBI,6,768,-3.36,-8.38,133,32.27,26.86,108,140.25,136.04,DELAY_LATE_AIRCRAFT|DELAY_NAS|DELAY_CARRIER
PBI,7,674,-3.11,-6.41,152,31.53,30.7,138,161.95,160.8,DELAY_LATE_AIRCRAFT|DELAY_NAS|DELAY_CARRIER
PBI,8,638,-2.54,-5.52,165,33.73,33.16,107,154.31,152.29,DELAY_LATE_AIRCRAFT|DELAY_NAS|DELAY_CARRIER
PBI,9,711,-4.3,-10.03,108,31.01,25.27,39,160.46,153.1,DELAY_LATE_AIRCRAFT|DELAY_CARRIER|DELAY_NAS
PBI,10,882,-4.71,-10.56,96,29.92,20.11,46,176.2,166.78,DELAY_LATE_AIRCRAFT|CANC_WEATHER|DELAY_CARRIER
PBI,11,1092,-4.58,-10.35,112,30.1,24.44,54,135.85,132.54,DELAY_LATE_AIRCRAFT|DELAY_NAS|DELAY_CARRIER
PBI,12,1041,-3.31,-7.68,259,33.06,28.83,172,158.19,155.46,DELAY_LATE_AIRCRAFT|DELAY_NAS|DELAY_CARRIER
PDX,1,1505,-2.41,-6.03,253,31.93,27.91,173,157.45,155.92,DELAY_LATE_AIRCRAFT|DELAY_CARRIER|CANC_CARRIER
PDX,2,1747,-3.73,-6.74,167,32.63,31.46,83,146.98,148.0,DELAY_NAS|DELAY_CARRIER|DELAY_LATE_AIRCRAFT
PDX,3,1949,-3.33,-7.05,235,32.93,30.76,107,136.5,135.47,DELAY_NAS|DELAY_LATE_AIRCRAFT|DELAY_CARRIER
PDX,4,1952,-3.96,-7.69,239,32.38,28.57,104,136.98,134.43,DELAY_LATE_AIRCRAFT|DELAY_NAS|DELAY_CARRIER
PDX,5,2056,-3.38,-7.87,319,31.1,24.81,146,141.38,138.04,DELAY_LATE_AIRCRAFT|DELAY_NAS|DELAY_CARRIER
PDX,6,1987,-2.15,-8.27,399,30.93,23.42,166,124.9,118.16,DELAY_LATE_AIRCRAFT|DELAY_NAS|DELAY_CARRIER
PDX,7,2121,-2.66,-7.07,383,30.93,25.66,174,151.41,147.54,DELAY_LATE_AIRCRAFT|DELAY_CARRIER|DELAY_NAS
PDX,8,2287,-2.77,-5.85,301,30.9,28.18,152,147.43,144.85,DELAY_LATE_AIRCRAFT|DELAY_NAS|DELAY_CARRIER
PDX,9,2330,-3.65,-6.82,232,30.16,26.19,94,141.14,136.84,DELAY_LATE_AIRCRAFT|DELAY_NAS|DELAY_CARRIER
PDX,10,2344,-3.54,-7.35,215,31.35,27.99,75,133.47,128.19,DELAY_LATE_AIRCRAFT|DELAY_CARRIER|DELAY_NAS
PDX,11,2152,-3.68,-8.39,189,29.15,25.41,76,146.54,147.53,DELAY_NAS|DELAY_LATE_AIRCRAFT|DELAY_CARRIER
PDX,12,2095,-2.2,-7.28,336,30.06,22.57,129,136.38,129.4,DELAY_LATE_AIRCRAFT|DELAY_NAS|DELAY_CARRIER
PGD,1,194,-5.97,-13.18,45,33.16,25.76,16,136.06,136.81,DELAY_LATE_AIRCRAFT|DELAY_CARRIER|DELAY_WEATHER
PGD,2,238,-6.45,-6.97,37,31.54,29.24,12,229.92,227.92,DELAY_NAS|DELAY_LATE_AIRCRAFT|DELAY_CARRIER
PGD,3,284,-6.77,-9.77,54,33.57,31.85,35,150.86,148.94,DELAY_LATE_AIRCRAFT|DELAY_CARRIER|DELAY_NAS
PGD,4,237,-7.25,-10.48,19,35.11,32.63,25,191.28,186.12,DELAY_CARRIER|DELAY_LATE_AIRCRAFT|DELAY_NAS
PGD,5,159,-5.14,-8.96,39,29.67,28.41,17,154.53,164.53,DELAY_CARRIER|DELAY_LATE_AIRCRAFT|DELAY_NAS
PGD,6,197,-5.7,-9.72,32,28.38,25.19,27,130.37,137.78,DELAY_LATE_AIRCRAFT|DELAY_NAS|DELAY_CARRIER
PGD,7,180,-5.61,-9.36,37,30.24,35.84,21,142.14,143.52,DELAY_CARRIER|DELAY_LATE_AIRCRAFT|DELAY_WEATHER
PGD,8,140,-7.41,-11.35,25,33.12,31.44,23,137.78,137.17,DELAY_WEATHER|DELAY_CARRIER|DELAY_LATE_AIRCRAFT
PGD,9,120,-6.96,-13.39,14,30.21,28.93,13,133.46,130.92,DELAY_CARRIER|DELAY_LATE_AIRCRAFT|DELAY_WEATHER
PGD,10,170,-6.59,-12.35,29,29.72,21.79,12,175.92,167.5,CANC_WEATHER|DELAY_CARRIER|DELAY_LATE_AIRCRAFT
PGD,11,237,-6.83,-9.96,31,26.58,23.19,10,110.6,110.6,DELAY_CARRIER|DELAY_LATE_AIRCRAFT|DELAY_NAS
PGD,12,266,-6.5,-11.62,54,31.65,27.54,41,153.73,150.98,DELAY_LATE_AIRCRAFT|DELAY_CARRIER|DELAY_NAS
PHL,1,2592,-3.69,-8.2,438,32.54,36.41,313,164.47,177.23,DELAY_NAS|DELAY_LATE_AIRCRAFT|DELAY_CARRIER
PHL,2,2822,-4.0,-13.47,289,30.15,20.01,157,140.97,132.0,DELAY_LATE_AIRCRAFT|DELAY_NAS|DELAY_CARRIER
PHL,3,2920,-3.52,-13.11,501,30.61,21.08,282,145.6,137.51,DELAY_LATE_AIRCRAFT|DELAY_NAS|DELAY_CARRIER
PHL,4,3204,-3.44,-10.8,424,30.88,22.44,289,150.09,143.23,DELAY_LATE_AIRCRAFT|DELAY_NAS|DELAY_CARRIER
PHL,5,3240,-2.76,-7.75,579,32.22,28.92,443,153.58,148.88,DELAY_LATE_AIRCRAFT|DELAY_NAS|DELAY_CARRIER
PHL,6,3352,-2.51,-9.95,740,32.99,26.99,503,158.92,151.57,DELAY_LATE_AIRCRAFT|DELAY_CARRIER|DELAY_NAS
PHL,7,3190,-2.26,-7.77,878,33.11,29.37,736,155.36,149.81,DELAY_LATE_AIRCRAFT|DELAY_CARRIER|DELAY_NAS
PHL,8,3360,-2.24,-6.77,878,32.0,32.9,645,165.76,167.45,DELAY_LATE_AIRCRAFT|DELAY_CARRIER|DELAY_NAS
PHL,9,3812,-4.31,-9.62,446,32.08,28.93,248,145.9,136.61,DELAY_NAS|DELAY_LATE_AIRCRAFT|DELAY_CARRIER
PHL,10,4020,-4.08,-12.16,399,30.14,22.04,192,145.18,134.54,DELAY_LATE_AIRCRAFT|DELAY_CARRIER|DELAY_NAS
PHL,11,3259,-4.34,-13.3,350,31.87,22.13,172,133.29,120.7,DELAY_LATE_AIRCRAFT|DELAY_CARRIER|DELAY_NAS
PHL,12,2837,-2.45,-8.67,519,31.33,24.75,307,146.46,138.86,DELAY_LATE_AIRCRAFT|DELAY_NAS|DELAY_CARRIER
PHX,1,5993,-2.2,-6.0,1099,31.05,25.7,456,156.14,150.81,DELAY_LATE_AIRCRAFT|DELAY_CARRIER|DELAY_NAS
PHX,2,6272,-2.2,-8.22,867,30.13,22.96,283,122.06,117.52,DELAY_LATE_AIRCRAFT|DELAY_CARRIER|DELAY_NAS
PHX,3,6767,-1.71,-6.3,1326,31.19,25.27,552,140.01,135.57,DELAY_LATE_AIRCRAFT|DELAY_CARRIER|DELAY_NAS
PHX,4,6695,-1.47,-7.83,1155,30.78,23.69,440,130.14,123.91,DELAY_LATE_AIRCRAFT|DELAY_CARRIER|DELAY_NAS
PHX,5,6136,-1.25,-6.85,1400,31.59,25.16,673,128.78,122.43,DELAY_LATE_AIRCRAFT|DELAY_CARRIER|DELAY_NAS
PHX,6,5733,-1.41,-4.95,1340,31.13,26.91,593,130.68,126.8,DELAY_LATE_AIRCRAFT|DELAY_CARRIER|DELAY_NAS
PHX,7,5689,-1.68,-5.63,1334,31.98,26.99,767,149.72,145.29,DELAY_LATE_AIRCRAFT|DELAY_CARRIER|DELAY_NAS
PHX,8,6118,-2.33,-6.72,1010,31.62,28.05,551,135.33,134.78,DELAY_LATE_AIRCRAFT|DELAY_CARRIER|DELAY_NAS
PHX,9,6372,-2.77,-8.75,832,30.71,22.79,311,130.12,123.56,DELAY_LATE_AIRCRAFT|DELAY_CARRIER|DELAY_NAS
PHX,10,7190,-2.53,-7.9,983,30.61,24.9,373,130.32,125.56,DELAY_CARRIER|DELAY_LATE_AIRCRAFT|DELAY_NAS
PHX,11,7071,-2.55,-10.48,968,30.23,21.8,342,118.61,112.42,DELAY_LATE_AIRCRAFT|DELAY_CARRIER|DELAY_NAS
PHX,12,6913,-2.02,-8.41,1153,30.94,23.75,506,125.97,121.54,DELAY_LATE_AIRCRAFT|DELAY_CARRIER|DELAY_NAS
PIA,1,96,-3.58,-9.69,24,27.17,27.92,20,175.95,176.35,DELAY_LATE_AIRCRAFT|DELAY_NAS|CANC_WEATHER
PIA,2,110,-6.34,-13.1,5,26.8,20.2,10,104.6,92.5,DELAY_NAS|DELAY_CARRIER|DELAY_LATE_AIRCRAFT
PIA,3,130,-5.75,-13.65,21,26.48,23.81,11,198.18,194.91,DELAY_LATE_AIRCRAFT|DELAY_NAS|DELAY_CARRIER
PIA,4,120,-6.14,-10.73,17,30.71,28.0,13,182.38,174.85,DELAY_LATE_AIRCRAFT|DELAY_NAS|DELAY_CARRIER
PIA,5,107,-4.93,-8.32,18,35.33,32.83,20,150.3,159.5,DELAY_LATE_AIRCRAFT|DELAY_NAS|DELAY_CARRIER
PIA,6,113,-5.11,-8.07,21,28.9,29.1,19,218.16,213.63,DELAY_LATE_AIRCRAFT|DELAY_CARRIER|DELAY_NAS
PIA,7,113,-5.43,-7.42,22,33.95,35.77,14,243.5,247.86,DELAY_LATE_AIRCRAFT|DELAY_NAS|DELAY_CARRIER
PIA,8,123,-6.19,-7.71,18,30.06,25.0,12,214.75,208.0,DELAY_LATE_AIRCRAFT|DELAY_NAS|DELAY_CARRIER
PIA,9,123,-6.86,-9.63,15,26.8,28.2,12,219.25,215.33,DELAY_LATE_AIRCRAFT|DELAY_CARRIER|DELAY_NAS
PIA,10,127,-6.55,-11.67,18,33.17,29.89,7,172.57,154.0,DELAY_CARRIER|DELAY_LATE_AIRCRAFT|DELAY_NAS
PIA,11,125,-7.33,-14.8,16,31.38,24.06,13,193.31,191.54,DELAY_LATE_AIRCRAFT|DELAY_CARRIER|DELAY_WEATHER
PIA,12,143,-4.69,-12.1,26,30.85,39.27,16,200.06,200.0,DELAY_LATE_AIRCRAFT|DELAY_NAS|DELAY_CARRIER
PIB,1,21,-6.05,-27.24,3,42.0,13.67,1,161.0,152.0,CANC_WEATHER|DELAY_CARRIER
PIB,2,17,-9.94,-25.71,3,43.33,32.67,4,141.25,130.5,DELAY_LATE_AIRCRAFT|DELAY_CARRIER
PIB,3,16,-8.38,-10.75,1,59.0,62.0,1,119.0,112.0,DELAY_LATE_AIRCRAFT|DELAY_CARRIER|DELAY_NAS
PIB,4,20,-9.45,-8.65,2,36.5,30.0,1,208.0,212.0,DELAY_CARRIER|DELAY_LATE_AIRCRAFT
PIB,5,15,-7.53,-5.73,4,30.25,31.5,3,145.33,151.33,CANC_WEATHER|DELAY_CARRIER|DELAY_LATE_AIRCRAFT
PIB,6,18,-7.72,-8.28,0,,,1,254.0,259.0,CANC_WEATHER|DELAY_CARRIER|DELAY_LATE_AIRCRAFT
PIB,7,20,-6.75,-3.7,1,41.0,63.0,3,96.67,97.67,DELAY_LATE_AIRCRAFT|CANC_WEATHER|DELAY_CARRIER
PIB,8,17,-9.76,-18.41,4,39.0,34.25,2,81.5,77.0,DELAY_LATE_AIRCRAFT|DELAY_CARRIER
PIB,9,21,-10.81,-11.33,2,25.5,15.5,0,,,DELAY_LATE_AIRCRAFT
PIB,10,21,-6.71,-12.48,3,37.0,32.33,3,110.0,101.0,DELAY_LATE_AIRCRAFT|DELAY_CARRIER
PIB,11,25,-8.6,-8.88,1,59.0,58.0,0,,,DELAY_CARRIER|DELAY_WEATHER
PIB,12,19,-6.16,-6.63,2,25.5,23.0,1,75.0,67.0,DELAY_CARRIER|CANC_WEATHER|DELAY_LATE_AIRCRAFT
PIE,1,235,-7.69,-15.32,26,31.88,27.23,19,170.89,166.89,DELAY_LATE_AIRCRAFT|DELAY_CARRIER|DELAY_NAS
PIE,2,235,-8.64,-11.07,29,32.34,31.66,16,96.81,94.81,DELAY_LATE_AIRCRAFT|DELAY_CARRIER|DELAY_NAS
PIE,3,313,-7.65,-9.53,44,32.7,32.77,15,162.27,156.73,DELAY_LATE_AIRCRAFT|DELAY_NAS|DELAY_CARRIER
PIE,4,292,-7.46,-10.04,20,32.85,31.8,16,134.75,129.56,DELAY_CARRIER|DELAY_NAS|DELAY_LATE_AIRCRAFT
PIE,5,259,-5.75,-8.68,51,29.98,27.24,22,125.36,122.18,DELAY_LATE_AIRCRAFT|DELAY_CARRIER|DELAY_NAS
PIE,6,303,-5.17,-8.37,68,32.21,32.9,39,127.67,131.05,DELAY_LATE_AIRCRAFT|DELAY_CARRIER|DELAY_WEATHER
PIE,7,312,-3.64,-6.41,85,33.25,34.33,55,131.76,131.04,DELAY_LATE_AIRCRAFT|DELAY_WEATHER|DELAY_CARRIER
PIE,8,257,-6.35,-10.91,51,31.25,29.12,29,179.59,180.41,DELAY_LATE_AIRCRAFT|DELAY_WEATHER|DELAY_CARRIER
PIE,9,181,-7.38,-11.6,34,28.26,25.24,16,187.63,188.5,CANC_WEATHER|DELAY_LATE_AIRCRAFT|DELAY_CARRIER
PIE,10,233,-7.88,-11.94,18,33.89,27.94,11,173.45,169.0,CANC_WEATHER|CANC_CARRIER|DELAY_NAS
PIE,11,258,-8.84,-10.68,21,29.86,30.19,11,147.27,150.0,DELAY_LATE_AIRCRAFT|DELAY_NAS|DELAY_CARRIER
PIE,12,287,-7.63,-10.9,52,30.31,28.04,35,142.74,145.49,DELAY_LATE_AIRCRAFT|DELAY_CARRIER|DELAY_NAS
PIH,1,34,-7.0,-6.71,2,32.5,31.5,0,,,DELAY_CARRIER|DELAY_WEATHER|DELAY_NAS
PIH,2,31,-10.23,-13.71,0,,,1,240.0,230.0,DELAY_CARRIER
PIH,3,32,-6.03,-11.19,0,,,2,164.5,165.5,DELAY_CARRIER|DELAY_NAS|DELAY_WEATHER
PIH,4,28,-8.32,-16.14,0,,,3,131.67,118.33,DELAY_CARRIER|DELAY_WEATHER
PIH,5,25,-6.32,-14.48,0,,,3,107.67,100.33,DELAY_CARRIER|DELAY_WEATHER
PIH,6,27,-6.52,-12.48,1,21.0,19.0,0,,,DELAY_CARRIER
PIH,7,27,-6.56,-13.93,0,,,0,,,N/D
PIH,8,42,-9.55,-16.88,0,,,2,71.0,62.0,DELAY_CARRIER|DELAY_WEATHER
PIH,9,25,-9.12,-15.52,0,,,0,,,N/D
PIH,10,29,-9.55,-16.38,0,,,0,,,N/D
PIH,11,32,-8.75,-12.44,0,,,0,,,DELAY_CARRIER
PIH,12,29,-8.45,-18.97,2,31.0,23.0,0,,,DELAY_CARRIER
PIT,1,1355,-4.04,-9.45,144,31.47,30.54,94,165.2,164.44,DELAY_NAS|DELAY_LATE_AIRCRAFT|DELAY_CARRIER
PIT,2,1410,-4.49,-15.31,124,32.67,24.18,52,133.94,127.1,DELAY_NAS|DELAY_LATE_AIRCRAFT|DELAY_CARRIER
PIT,3,1481,-4.11,-12.29,179,30.96,25.68,101,148.16,145.43,DELAY_NAS|DELAY_LATE_AIRCRAFT|DELAY_CARRIER
PIT,4,1561,-4.04,-8.7,172,30.99,24.71,96,147.58,146.78,DELAY_NAS|DELAY_LATE_AIRCRAFT|DELAY_CARRIER
PIT,5,1495,-3.54,-6.64,235,30.5,27.66,145,149.77,152.05,DELAY_LATE_AIRCRAFT|DELAY_NAS|DELAY_CARRIER
PIT,6,1505,-3.04,-7.36,275,32.48,28.45,170,143.74,140.72,DELAY_LATE_AIRCRAFT|DELAY_NAS|DELAY_CARRIER
PIT,7,1506,-3.43,-6.88,283,31.36,29.12,195,151.38,151.23,DELAY_LATE_AIRCRAFT|DELAY_NAS|DELAY_CARRIER
PIT,8,1477,-3.77,-8.22,235,32.85,30.62,166,180.99,178.01,DELAY_LATE_AIRCRAFT|DELAY_NAS|DELAY_CARRIER
PIT,9,1662,-4.45,-10.71,135,31.56,27.39,65,167.32,162.05,DELAY_NAS|DELAY_LATE_AIRCRAFT|DELAY_CARRIER
PIT,10,1734,-3.87,-11.25,132,28.31,19.95,59,165.17,156.24,DELAY_LATE_AIRCRAFT|DELAY_NAS|DELAY_CARRIER
PIT,11,1527,-4.03,-10.59,118,30.32,24.25,53,105.06,104.45,DELAY_NAS|DELAY_CARRIER|DELAY_LATE_AIRCRAFT
PIT,12,1370,-2.38,-7.92,210,30.1,26.14,103,152.8,148.51,DELAY_NAS|DELAY_LATE_AIRCRAFT|DELAY_CARRIER
PLN,1,17,-12.71,-23.82,2,29.0,16.5,1,161.0,156.0,CANC_WEATHER|DELAY_CARRIER|DELAY_WEATHER
PLN,2,22,-14.73,-34.41,0,,,3,181.33,171.33,DELAY_WEATHER|DELAY_CARRIER
PLN,3,19,-12.84,-25.68,4,32.5,26.0,2,204.5,196.0,DELAY_CARRIER|DELAY_WEATHER
PLN,4,19,-11.95,-19.58,1,19.0,44.0,4,130.25,137.5,DELAY_CARRIER|DELAY_NAS|DELAY_WEATHER
PLN,5,21,-10.9,-12.19,5,41.6,32.6,4,170.5,161.75,DELAY_CARRIER|DELAY_WEATHER
PLN,6,40,-8.9,-12.88,4,32.5,29.25,5,157.6,151.8,DELAY_CARRIER|DELAY_WEATHER
PLN,7,43,-7.74,-14.0,6,21.67,13.83,5,112.2,101.8,DELAY_CARRIER
PLN,8,51,-8.61,-13.49,3,41.0,36.0,5,134.6,127.0,DELAY_CARRIER|DELAY_NAS|DELAY_WEATHER
PLN,9,31,-8.84,-16.32,1,27.0,24.0,1,307.0,328.0,DELAY_CARRIER
PLN,10,22,-8.5,-14.73,2,43.5,33.5,2,284.0,279.5,DELAY_CARRIER
PLN,11,21,-9.43,-15.48,2,29.5,22.0,4,146.25,152.0,DELAY_CARRIER|DELAY_WEATHER
PLN,12,21,-8.33,-17.9,4,38.0,35.5,1,129.0,153.0,DELAY_CARRIER|CANC_WEATHER
PNS,1,317,-3.88,-9.57,42,31.0,28.43,34,157.79,157.71,DELAY_LATE_AIRCRAFT|DELAY_NAS|DELAY_CARRIER
PNS,2,404,-5.17,-9.67,37,29.19,24.11,21,295.52,294.48,DELAY_LATE_AIRCRAFT|DELAY_CARRIER|DELAY_NAS
PNS,3,453,-4.34,-9.6,71,34.96,30.83,41,132.27,131.02,DELAY_LATE_AIRCRAFT|DELAY_CARRIER|DELAY_NAS
PNS,4,452,-3.9,-7.29,54,32.24,27.2,40,213.65,212.93,DELAY_LATE_AIRCRAFT|DELAY_NAS|DELAY_CARRIER
PNS,5,380,-2.61,-4.31,104,31.87,29.95,87,182.23,181.64,DELAY_LATE_AIRCRAFT|DELAY_NAS|DELAY_CARRIER
PNS,6,509,-3.65,-7.98,116,30.47,25.21,51,195.08,192.29,DELAY_LATE_AIRCRAFT|DELAY_NAS|DELAY_CARRIER
PNS,7,428,-4.24,-8.56,121,31.22,27.5,104,171.44,172.36,DELAY_LATE_AIRCRAFT|DELAY_CARRIER|DELAY_NAS
PNS,8,469,-4.42,-9.47,71,33.52,31.86,40,176.48,174.58,DELAY_LATE_AIRCRAFT|DELAY_NAS|DELAY_CARRIER
PNS,9,490,-4.69,-10.08,55,31.44,29.36,15,135.73,130.0,DELAY_LATE_AIRCRAFT|DELAY_CARRIER|DELAY_NAS
PNS,10,457,-4.02,-9.72,46,29.13,22.67,14,188.71,187.36,DELAY_LATE_AIRCRAFT|DELAY_NAS|DELAY_CARRIER
PNS,11,436,-4.61,-8.78,35,29.31,21.43,16,135.63,146.56,DELAY_LATE_AIRCRAFT|DELAY_CARRIER|DELAY_NAS
PNS,12,354,-3.35,-8.31,66,34.21,32.68,40,151.15,148.4,DELAY_LATE_AIRCRAFT|DELAY_CARRIER|DELAY_NAS
PPG,1,3,-6.33,-6.0,0,,,0,,,N/D
PPG,2,4,-3.0,-14.25,3,29.67,26.33,0,,,DELAY_CARRIER|DELAY_LATE_AIRCRAFT
PPG,3,3,-0.33,-7.33,0,,,0,,,N/D
PPG,4,2,-0.5,3.0,0,,,0,,,DELAY_CARRIER
PPG,5,5,2.0,-2.0,1,50.0,42.0,0,,,DELAY_LATE_AIRCRAFT
PPG,6,5,-1.2,-1.4,1,22.0,26.0,1,70.0,66.0,DELAY_CARRIER
PPG,7,5,2.6,-5.8,1,17.0,10.0,0,,,N/D
PPG,8,6,-2.5,-11.17,0,,,2,216.0,202.5,DELAY_CARRIER|DELAY_LATE_AIRCRAFT
PPG,9,2,8.0,-1.0,1,21.0,9.0,0,,,N/D
PPG,10,5,4.2,-8.0,0,,,0,,,N/D
PPG,11,1,4.0,-16.0,2,15.5,5.5,0,,,N/D
PPG,12,6,-5.0,-10.67,0,,,0,,,N/D
PQI,9,15,-3.07,-13.0,3,28.0,15.33,1,575.0,564.0,DELAY_CARRIER
PQI,10,12,-3.17,-14.75,1,23.0,9.0,0,,,DELAY_NAS
PQI,11,16,-5.5,-9.25,2,18.5,5.5,0,,,DELAY_NAS
PQI,12,13,-4.23,2.54,0,,,1,156.0,155.0,DELAY_NAS|DELAY_LATE_AIRCRAFT
PRC,1,26,-5.85,-7.58,2,28.0,14.0,3,201.33,200.67,DELAY_LATE_AIRCRAFT|DELAY_NAS|DELAY_CARRIER
PRC,2,22,-7.05,-5.73,3,27.0,20.0,3,468.33,460.33,DELAY_CARRIER|DELAY_WEATHER|CANC_CARRIER
PRC,3,26,-5.85,-7.04,1,33.0,39.0,3,123.0,112.0,DELAY_CARRIER|DELAY_LATE_AIRCRAFT|CANC_WEATHER
PRC,4,29,-6.93,-9.38,3,30.33,35.0,2,484.5,479.0,DELAY_CARRIER|DELAY_NAS|DELAY_LATE_AIRCRAFT
PRC,5,22,-6.68,-6.0,5,35.6,34.4,4,343.5,337.5,DELAY_LATE_AIRCRAFT|DELAY_WEATHER|DELAY_CARRIER
PRC,6,23,-6.78,-12.3,0,,,8,108.38,116.38,DELAY_CARRIER|DELAY_LATE_AIRCRAFT|DELAY_WEATHER
PRC,7,22,-3.55,-11.27,2,38.5,30.5,0,,,DELAY_CARRIER|DELAY_LATE_AIRCRAFT
PRC,8,18,-7.11,-13.67,6,24.67,22.0,8,131.63,128.75,DELAY_CARRIER|DELAY_LATE_AIRCRAFT
PRC,9,34,-6.82,-11.29,0,,,1,179.0,177.0,DELAY_CARRIER
PRC,10,22,-8.14,-10.64,1,36.0,38.0,2,264.0,264.5,DELAY_CARRIER|DELAY_LATE_AIRCRAFT
PRC,11,22,-6.91,-9.32,1,53.0,54.0,2,140.5,132.5,DELAY_LATE_AIRCRAFT|DELAY_CARRIER
PRC,12,31,-7.13,-9.26,3,43.33,33.33,3,130.0,132.67,DELAY_CARRIER|DELAY_LATE_AIRCRAFT
PSC,1,137,-3.46,-7.15,17,28.53,22.65,38,134.55,132.39,DELAY_CARRIER|DELAY_WEATHER|DELAY_NAS
PSC,2,166,-4.95,-10.96,13,29.23,20.46,9,208.56,194.78,DELAY_CARRIER|DELAY_LATE_AIRCRAFT|DELAY_WEATHER
PSC,3,175,-5.3,-11.23,10,35.8,26.5,7,109.0,111.43,DELAY_CARRIER|DELAY_NAS|DELAY_LATE_AIRCRAFT
PSC,4,177,-5.82,-10.6,12,29.92,27.33,6,93.33,90.33,DELAY_CARRIER|DELAY_NAS|DELAY_LATE_AIRCRAFT
PSC,5,181,-4.34,-9.91,14,33.93,28.79,9,97.78,100.33,DELAY_CARRIER|DELAY_NAS|DELAY_LATE_AIRCRAFT
PSC,6,176,-3.96,-7.76,18,29.17,25.0,9,121.44,111.89,DELAY_CARRIER|DELAY_LATE_AIRCRAFT|DELAY_NAS
PSC,7,187,-3.48,-7.97,22,29.68,27.59,8,144.75,151.0,DELAY_CARRIER|DELAY_NAS|DELAY_LATE_AIRCRAFT
PSC,8,173,-3.73,-6.77,19,34.58,43.47,7,146.71,148.0,DELAY_CARRIER|DELAY_NAS|DELAY_LATE_AIRCRAFT
PSC,9,165,-4.65,-8.98,13,36.62,24.69,8,190.75,187.38,DELAY_CARRIER|DELAY_WEATHER|DELAY_NAS
PSC,10,230,-4.45,-11.03,13,26.38,17.85,10,95.3,88.0,DELAY_CARRIER|DELAY_NAS|DELAY_LATE_AIRCRAFT
PSC,11,213,-3.8,-11.98,26,30.31,17.92,10,103.6,106.1,DELAY_CARRIER|DELAY_NAS|DELAY_LATE_AIRCRAFT
PSC,12,244,-3.97,-10.54,20,28.7,22.75,23,217.83,205.22,DELAY_CARRIER|DELAY_LATE_AIRCRAFT|DELAY_WEATHER
PSE,1,39,-8.56,-11.74,4,32.0,34.75,5,169.4,171.4,DELAY_LATE_AIRCRAFT|DELAY_CARRIER|DELAY_NAS
PSE,2,43,-12.4,-13.4,8,40.63,33.5,0,,,DELAY_LATE_AIRCRAFT|DELAY_CARRIER|CANC_CARRIER
PSE,3,43,-8.56,-12.65,7,27.29,22.86,5,169.2,168.2,DELAY_LATE_AIRCRAFT|DELAY_CARRIER|CANC_CARRIER
PSE,4,48,-12.85,-22.48,4,41.0,34.0,5,102.8,100.8,DELAY_LATE_AIRCRAFT|DELAY_CARRIER|DELAY_NAS
PSE,5,42,-9.6,-20.76,9,36.22,28.22,5,96.6,84.4,DELAY_LATE_AIRCRAFT|DELAY_NAS
PSE,6,27,-7.3,-12.0,7,30.57,28.86,4,157.25,147.25,DELAY_LATE_AIRCRAFT|DELAY_NAS|CANC_CARRIER
PSE,7,37,-5.95,-9.54,6,39.0,30.17,8,107.25,94.38,DELAY_LATE_AIRCRAFT|DELAY_CARRIER|CANC_CARRIER
PSE,8,21,-6.76,-13.14,4,39.75,35.5,11,97.45,91.91,DELAY_LATE_AIRCRAFT|CANC_WEATHER|CANC_CARRIER
PSE,9,25,-8.12,-8.0,1,20.0,8.0,0,,,N/D
PSE,10,18,-7.56,-4.61,0,,,0,,,CANC_WEATHER|DELAY_NAS
PSE,11,15,-7.53,-18.93,1,36.0,27.0,0,,,DELAY_LATE_AIRCRAFT
PSE,12,26,-5.46,-12.85,6,33.83,30.5,2,445.5,444.0,DELAY_LATE_AIRCRAFT|CANC_WEATHER|DELAY_NAS
PSG,1,16,-13.94,-11.94,3,36.67,57.33,1,87.0,88.0,DELAY_LATE_AIRCRAFT|CANC_WEATHER|DELAY_NAS
PSG,2,18,-15.44,-16.0,1,45.0,43.0,1,211.0,211.0,DELAY_LATE_AIRCRAFT|CANC_CARRIER|CANC_WEATHER
PSG,3,29,-12.48,-12.1,2,36.0,40.5,1,96.0,91.0,DELAY_LATE_AIRCRAFT|DELAY_NAS
PSG,4,31,-8.52,-9.1,1,17.0,15.0,0,,,DELAY_LATE_AIRCRAFT
PSG,5,26,-10.58,-10.88,6,30.33,32.67,1,226.0,223.0,DELAY_LATE_AIRCRAFT|DELAY_CARRIER
PSG,6,22,-3.82,-6.77,3,27.67,24.0,1,107.0,114.0,DELAY_LATE_AIRCRAFT
PSG,7,32,-6.53,-7.13,3,28.0,26.33,0,,,DELAY_LATE_AIRCRAFT|CANC_WEATHER|DELAY_CARRIER
PSG,8,23,-7.61,-10.61,4,31.5,30.75,1,229.0,252.0,DELAY_LATE_AIRCRAFT
PSG,9,26,-9.12,-12.04,1,16.0,9.0,0,,,N/D
PSG,10,30,-10.4,-11.2,2,33.5,45.5,2,117.5,117.0,DELAY_LATE_AIRCRAFT
PSG,11,29,-14.72,-17.21,0,,,1,234.0,231.0,DELAY_CARRIER
PSG,12,24,-14.46,-15.83,0,,,1,85.0,76.0,DELAY_LATE_AIRCRAFT
PSM,1,10,-8.3,-5.8,3,31.67,16.67,0,,,DELAY_CARRIER|DELAY_NAS
PSM,2,14,-4.86,-24.29,3,22.0,3.0,0,,,DELAY_CARRIER|DELAY_NAS
PSM,3,13,-10.23,-22.85,1,19.0,-1.0,1,238.0,203.0,DELAY_NAS|DELAY_LATE_AIRCRAFT
PSM,4,27,-11.37,-33.74,3,22.33,35.33,1,89.0,64.0,DELAY_NAS|CANC_NAS|DELAY_CARRIER
PSM,5,10,-4.4,-13.7,0,,,1,147.0,166.0,DELAY_NAS
PSM,6,14,-8.93,-16.71,1,58.0,113.0,1,111.0,85.0,DELAY_NAS|CANC_WEATHER|DELAY_LATE_AIRCRAFT
PSM,7,11,-7.36,1.55,2,46.0,39.0,1,105.0,106.0,DELAY_LATE_AIRCRAFT|DELAY_NAS|DELAY_CARRIER
PSM,8,7,-3.57,-5.29,1,35.0,18.0,2,162.5,151.0,DELAY_LATE_AIRCRAFT|DELAY_WEATHER
PSM,9,6,-7.67,-19.0,2,32.0,1.0,2,138.0,126.5,DELAY_LATE_AIRCRAFT|DELAY_NAS|DELAY_WEATHER
PSM,10,10,-4.4,-10.8,0,,,0,,,CANC_WEATHER
PSM,11,13,-9.08,-11.08,1,41.0,19.0,0,,,DELAY_LATE_AIRCRAFT
PSM,12,20,-11.75,-18.8,2,44.5,25.5,3,114.67,105.33,DELAY_CARRIER|DELAY_LATE_AIRCRAFT|DELAY_NAS
PSP,1,594,-4.65,-7.82,68,31.65,26.28,45,127.8,124.91,DELAY_LATE_AIRCRAFT|DELAY_NAS|CANC_CARRIER
PSP,2,561,-3.65,-9.62,102,30.96,25.7,54,172.59,172.63,DELAY_NAS|DELAY_CARRIER|DELAY_LATE_AIRCRAFT
PSP,3,657,-2.85,-5.94,144,31.76,30.38,58,168.59,166.97,DELAY_NAS|DELAY_LATE_AIRCRAFT|DELAY_CARRIER
PSP,4,645,-3.9,-6.99,100,30.37,28.95,41,132.2,126.59,DELAY_NAS|DELAY_LATE_AIRCRAFT|DELAY_CARRIER
PSP,5,467,-4.2,-8.16,69,34.09,29.3,42,152.48,153.74,DELAY_NAS|DELAY_LATE_AIRCRAFT|DELAY_CARRIER
PSP,6,273,-4.28,-6.25,40,30.68,27.8,22,113.41,114.32,DELAY_LATE_AIRCRAFT|DELAY_CARRIER|DELAY_NAS
PSP,7,243,-4.08,-6.99,37,30.65,30.49,16,97.19,94.94,DELAY_CARRIER|DELAY_LATE_AIRCRAFT|DELAY_NAS
PSP,8,277,-4.73,-6.65,29,33.76,32.69,15,116.6,117.2,DELAY_NAS|DELAY_LATE_AIRCRAFT|DELAY_CARRIER
PSP,9,316,-5.78,-9.27,31,34.87,33.97,14,112.71,108.29,DELAY_CARRIER|DELAY_LATE_AIRCRAFT|DELAY_NAS
PSP,10,519,-5.37,-8.63,44,35.84,31.84,25,138.08,141.64,DELAY_CARRIER|DELAY_NAS|DELAY_LATE_AIRCRAFT
PSP,11,545,-4.81,-8.76,62,29.71,25.84,20,140.25,148.8,DELAY_CARRIER|DELAY_LATE_AIRCRAFT|DELAY_NAS
PSP,12,584,-4.54,-9.13,72,30.65,26.99,31,190.03,184.03,DELAY_LATE_AIRCRAFT|DELAY_CARRIER|DELAY_NAS
PVD,1,351,-3.15,-9.9,54,30.74,26.19,49,154.0,155.55,DELAY_LATE_AIRCRAFT|DELAY_NAS|DELAY_CARRIER
PVD,2,415,-4.1,-14.18,40,27.15,20.2,15,145.13,140.4,DELAY_NAS|DELAY_LATE_AIRCRAFT|DELAY_CARRIER
PVD,3,442,-4.31,-12.83,61,29.51,26.54,31,130.48,125.19,DELAY_LATE_AIRCRAFT|DELAY_CARRIER|DELAY_NAS
PVD,4,486,-3.81,-11.64,57,32.65,26.72,30,182.83,189.2,DELAY_LATE_AIRCRAFT|DELAY_NAS|DELAY_CARRIER
PVD,5,511,-3.61,-11.14,89,32.39,25.62,59,161.12,159.07,DELAY_LATE_AIRCRAFT|DELAY_NAS|DELAY_CARRIER
PVD,6,487,-3.83,-10.46,82,28.72,20.71,52,198.06,195.15,DELAY_LATE_AIRCRAFT|DELAY_NAS|DELAY_CARRIER
PVD,7,481,-2.73,-7.86,97,32.94,30.9,80,180.79,177.68,DELAY_LATE_AIRCRAFT|DELAY_NAS|DELAY_CARRIER
PVD,8,532,-3.38,-8.2,89,31.72,34.71,65,161.6,160.08,DELAY_LATE_AIRCRAFT|DELAY_NAS|DELAY_CARRIER
PVD,9,607,-4.54,-9.7,46,24.26,17.61,20,144.35,138.4,DELAY_CARRIER|DELAY_LATE_AIRCRAFT|DELAY_NAS
PVD,10,642,-3.92,-12.2,61,28.72,21.74,14,156.79,145.86,DELAY_LATE_AIRCRAFT|DELAY_CARRIER|DELAY_NAS
PVD,11,636,-4.8,-15.04,48,31.23,18.96,18,127.0,108.67,DELAY_LATE_AIRCRAFT|DELAY_CARRIER|DELAY_NAS
PVD,12,530,-2.73,-9.18,70,33.8,29.1,33,173.39,167.21,DELAY_LATE_AIRCRAFT|DELAY_NAS|DELAY_CARRIER
PVU,1,68,-5.16,-17.07,9,30.78,28.78,3,87.67,104.33,DELAY_CARRIER|DELAY_NAS|DELAY_LATE_AIRCRAFT
PVU,2,69,-6.48,-15.3,5,30.6,18.0,3,178.67,163.33,DELAY_CARRIER|DELAY_LATE_AIRCRAFT|DELAY_NAS
PVU,3,69,-6.29,-6.49,8,31.25,25.88,8,220.25,221.13,DELAY_NAS|DELAY_CARRIER|DELAY_LATE_AIRCRAFT
PVU,4,74,-8.11,-10.92,2,21.0,43.0,5,119.0,116.2,DELAY_NAS|DELAY_CARRIER|DELAY_LATE_AIRCRAFT
PVU,5,79,-6.09,-7.96,9,33.67,28.11,2,89.5,89.0,DELAY_LATE_AIRCRAFT|DELAY_CARRIER|DELAY_NAS
PVU,6,69,-5.43,-4.33,9,28.67,29.67,5,105.6,102.8,DELAY_CARRIER|DELAY_LATE_AIRCRAFT|DELAY_NAS
PVU,7,51,-5.51,-7.63,9,41.89,38.22,13,289.23,286.23,DELAY_CARRIER|DELAY_LATE_AIRCRAFT|DELAY_NAS
PVU,8,68,-7.78,-7.87,5,27.0,27.8,0,,,DELAY_NAS|DELAY_CARRIER
PVU,9,60,-6.2,-10.7,5,30.4,23.4,5,129.2,132.6,DELAY_CARRIER|DELAY_LATE_AIRCRAFT
PVU,10,91,-5.15,-6.05,9,27.22,19.0,14,208.29,218.07,DELAY_CARRIER|DELAY_NAS|DELAY_LATE_AIRCRAFT
PVU,11,92,-3.62,-6.63,18,35.0,26.39,13,124.54,117.46,DELAY_CARRIER|DELAY_NAS|DELAY_LATE_AIRCRAFT
PVU,12,119,-5.03,-10.51,11,28.91,15.0,10,276.1,267.6,DELAY_CARRIER|DELAY_LATE_AIRCRAFT|DELAY_NAS
PWM,1,215,-3.84,-15.76,28,30.75,29.25,26,228.08,228.73,DELAY_LATE_AIRCRAFT|CANC_WEATHER|DELAY_CARRIER
PWM,2,252,-3.96,-19.72,24,23.04,3.0,7,141.86,125.0,DELAY_CARRIER|DELAY_LATE_AIRCRAFT|DELAY_NAS
PWM,3,234,-3.68,-13.95,25,31.04,20.6,17,169.82,160.47,DELAY_LATE_AIRCRAFT|DELAY_NAS|DELAY_CARRIER
PWM,4,251,-4.39,-10.12,31,31.45,23.06,14,211.0,222.86,DELAY_NAS|DELAY_LATE_AIRCRAFT|DELAY_CARRIER
PWM,5,331,-4.17,-12.21,40,32.23,30.6,25,198.92,190.68,DELAY_LATE_AIRCRAFT|DELAY_CARRIER|DELAY_NAS
PWM,6,482,-3.61,-8.79,72,35.74,37.49,61,187.25,183.72,DELAY_LATE_AIRCRAFT|DELAY_NAS|DELAY_CARRIER
PWM,7,504,-2.88,-6.42,90,31.79,32.3,73,173.33,172.92,DELAY_LATE_AIRCRAFT|DELAY_NAS|DELAY_CARRIER
PWM,8,537,-3.01,-6.58,105,30.89,31.31,60,149.07,150.8,DELAY_LATE_AIRCRAFT|DELAY_NAS|DELAY_CARRIER
PWM,9,611,-4.24,-9.74,49,31.94,25.59,23,296.65,289.87,DELAY_NAS|DELAY_CARRIER|DELAY_LATE_AIRCRAFT
PWM,10,546,-3.18,-10.86,65,33.71,24.08,37,195.0,187.3,DELAY_CARRIER|DELAY_LATE_AIRCRAFT|DELAY_NAS
PWM,11,343,-4.87,-14.37,39,26.54,16.23,18,123.94,113.39,DELAY_LATE_AIRCRAFT|DELAY_NAS|DELAY_CARRIER
PWM,12,331,-3.91,-11.42,40,28.45,16.95,25,224.4,221.56,DELAY_LATE_AIRCRAFT|DELAY_NAS|DELAY_CARRIER
RAP,1,112,-4.83,-12.51,11,34.64,34.91,18,164.89,155.61,DELAY_CARRIER|DELAY_WEATHER|DELAY_NAS
RAP,2,121,-3.87,-9.94,9,30.44,18.78,12,378.83,373.92,DELAY_NAS|CANC_WEATHER|DELAY_LATE_AIRCRAFT
RAP,3,132,-5.32,-13.88,10,28.2,29.3,12,182.5,178.0,DELAY_NAS|DELAY_LATE_AIRCRAFT|DELAY_CARRIER
RAP,4,134,-4.77,-9.87,14,28.43,24.07,9,153.44,155.11,DELAY_NAS|DELAY_CARRIER|DELAY_WEATHER
RAP,5,156,-4.01,-9.54,12,38.67,29.83,17,185.76,183.71,DELAY_NAS|DELAY_LATE_AIRCRAFT|DELAY_CARRIER
RAP,6,186,-3.42,-10.41,43,31.72,26.28,20,208.75,208.45,DELAY_LATE_AIRCRAFT|DELAY_CARRIER|DELAY_WEATHER
RAP,7,223,-2.14,-5.44,53,35.62,33.45,27,135.44,130.89,DELAY_LATE_AIRCRAFT|DELAY_CARRIER|DELAY_NAS
RAP,8,236,-3.28,-6.22,42,30.69,29.76,15,178.53,176.4,DELAY_LATE_AIRCRAFT|DELAY_NAS|DELAY_CARRIER
RAP,9,238,-5.29,-10.23,25,26.8,24.0,3,395.67,396.33,DELAY_CARRIER|DELAY_NAS|DELAY_LATE_AIRCRAFT
RAP,10,208,-4.26,-10.74,12,29.17,18.33,10,116.8,107.5,DELAY_NAS|DELAY_CARRIER|DELAY_LATE_AIRCRAFT
RAP,11,178,-4.31,-8.15,14,26.93,16.57,20,127.25,127.05,DELAY_CARRIER|DELAY_NAS|DELAY_LATE_AIRCRAFT
RAP,12,208,-3.76,-7.99,15,25.73,11.73,18,181.67,172.06,DELAY_CARRIER|DELAY_NAS|DELAY_LATE_AIRCRAFT
RDD,1,48,-6.19,-16.5,2,24.5,8.5,3,261.67,263.67,DELAY_CARRIER|DELAY_LATE_AIRCRAFT|DELAY_NAS
RDD,2,43,-5.56,-10.77,5,33.4,30.4,1,286.0,284.0,DELAY_CARRIER|DELAY_NAS|CANC_WEATHER
RDD,3,45,-5.58,-9.31,1,17.0,10.0,1,134.0,126.0,CANC_WEATHER|DELAY_CARRIER|DELAY_NAS
RDD,4,47,-4.87,-8.66,5,31.4,33.6,1,63.0,78.0,DELAY_NAS|DELAY_CARRIER|DELAY_LATE_AIRCRAFT
RDD,5,54,-5.89,-9.02,7,21.29,32.71,3,233.67,234.0,DELAY_NAS|DELAY_CARRIER|DELAY_LATE_AIRCRAFT
RDD,6,52,-4.44,-11.08,11,32.09,26.82,4,159.5,154.0,DELAY_LATE_AIRCRAFT|DELAY_CARRIER|DELAY_NAS
RDD,7,55,-6.4,-12.2,5,39.6,36.4,4,160.25,153.0,DELAY_LATE_AIRCRAFT|DELAY_CARRIER|DELAY_NAS
RDD,8,54,-7.06,-11.2,7,33.29,41.57,6,137.33,128.17,DELAY_CARRIER|DELAY_LATE_AIRCRAFT|DELAY_NAS
RDD,9,60,-5.62,-12.58,8,31.0,32.13,5,239.4,231.6,DELAY_LATE_AIRCRAFT|DELAY_CARRIER|DELAY_NAS
RDD,10,64,-7.27,-11.2,7,32.14,30.86,8,355.63,348.13,DELAY_CARRIER|DELAY_LATE_AIRCRAFT|DELAY_NAS
RDD,11,58,-4.67,-7.5,2,22.0,20.5,5,175.4,181.8,DELAY_CARRIER|DELAY_LATE_AIRCRAFT|DELAY_NAS
RDD,12,58,-6.33,-10.5,8,28.0,34.63,4,200.25,192.0,DELAY_CARRIER|CANC_WEATHER|DELAY_NAS
RDM,1,158,-3.68,-6.72,22,29.68,43.73,32,209.97,214.0,CANC_WEATHER|DELAY_WEATHER|DELAY_NAS
RDM,2,188,-4.43,-3.99,30,31.33,43.7,25,289.48,291.4,DELAY_NAS|DELAY_CARRIER|DELAY_LATE_AIRCRAFT
RDM,3,194,-4.68,-5.86,35,30.51,29.74,18,173.39,168.11,DELAY_NAS|DELAY_CARRIER|DELAY_LATE_AIRCRAFT
RDM,4,193,-5.68,-8.21,23,36.3,36.39,20,201.1,198.4,DELAY_CARRIER|DELAY_NAS|DELAY_LATE_AIRCRAFT
RDM,5,193,-5.89,-9.79,27,32.63,30.0,14,138.64,135.64,DELAY_CARRIER|DELAY_NAS|DELAY_LATE_AIRCRAFT
RDM,6,190,-2.65,-6.77,27,29.89,28.11,17,158.18,159.94,DELAY_CARRIER|DELAY_LATE_AIRCRAFT|DELAY_NAS
RDM,7,183,-2.56,-5.37,35,30.71,29.2,22,200.05,197.64,DELAY_CARRIER|DELAY_LATE_AIRCRAFT|DELAY_NAS
RDM,8,228,-4.09,-4.7,25,31.76,29.92,16,190.44,187.75,DELAY_CARRIER|DELAY_NAS|DELAY_LATE_AIRCRAFT
RDM,9,214,-3.81,-4.65,25,29.72,27.28,15,154.2,155.73,DELAY_CARRIER|DELAY_LATE_AIRCRAFT|DELAY_NAS
RDM,10,194,-4.88,-7.69,12,31.08,27.08,12,113.42,113.5,DELAY_CARRIER|DELAY_LATE_AIRCRAFT|DELAY_NAS
RDM,11,200,-5.32,-11.02,15,33.93,30.87,9,122.0,126.78,DELAY_CARRIER|DELAY_NAS|DELAY_LATE_AIRCRAFT
RDM,12,163,-3.31,-7.2,14,29.0,20.29,15,255.87,246.07,DELAY_CARRIER|CANC_WEATHER|DELAY_WEATHER
RDU,1,1715,-3.53,-9.45,274,31.37,26.27,141,164.57,164.54,DELAY_LATE_AIRCRAFT|DELAY_NAS|DELAY_CARRIER
RDU,2,1867,-3.93,-10.06,186,29.72,21.6,78,157.96,148.54,DELAY_LATE_AIRCRAFT|DELAY_NAS|DELAY_CARRIER
RDU,3,1999,-2.86,-9.63,290,31.11,24.28,170,172.61,171.41,DELAY_LATE_AIRCRAFT|DELAY_NAS|DELAY_CARRIER
RDU,4,2030,-3.17,-7.79,268,31.19,27.97,178,169.65,166.54,DELAY_LATE_AIRCRAFT|DELAY_NAS|DELAY_CARRIER
RDU,5,2026,-2.53,-5.78,368,32.49,29.76,252,149.68,151.16,DELAY_LATE_AIRCRAFT|DELAY_NAS|DELAY_CARRIER
RDU,6,2037,-2.27,-7.94,412,32.09,28.08,239,150.7,146.08,DELAY_LATE_AIRCRAFT|DELAY_CARRIER|DELAY_NAS
RDU,7,1931,-2.96,-7.66,468,32.25,30.68,350,156.58,155.52,DELAY_LATE_AIRCRAFT|DELAY_CARRIER|DELAY_NAS
RDU,8,1994,-2.8,-8.34,376,32.21,28.43,281,177.19,173.43,DELAY_LATE_AIRCRAFT|DELAY_NAS|DELAY_CARRIER
RDU,9,2160,-3.98,-9.03,253,30.7,24.32,134,175.93,170.7,DELAY_LATE_AIRCRAFT|DELAY_NAS|DELAY_CARRIER
RDU,10,2350,-3.43,-9.58,230,31.03,24.12,104,181.8,173.85,DELAY_NAS|DELAY_LATE_AIRCRAFT|DELAY_CARRIER
RDU,11,2231,-4.4,-10.39,200,31.3,22.23,100,144.21,138.13,DELAY_NAS|DELAY_LATE_AIRCRAFT|DELAY_CARRIER
RDU,12,2001,-2.64,-9.37,336,30.87,21.78,153,123.18,117.09,DELAY_LATE_AIRCRAFT|DELAY_NAS|DELAY_CARRIER
RFD,1,26,-5.0,-4.0,2,25.0,22.0,1,64.0,60.0,DELAY_NAS|DELAY_LATE_AIRCRAFT
RFD,2,30,-4.57,-13.83,4,27.0,22.25,2,76.5,62.0,DELAY_NAS|DELAY_CARRIER|DELAY_LATE_AIRCRAFT
RFD,3,28,-6.96,-20.82,7,31.29,24.43,4,353.75,359.75,DELAY_NAS|DELAY_LATE_AIRCRAFT|CANC_CARRIER
RFD,4,26,-7.69,-21.85,2,36.5,27.0,3,223.0,207.67,DELAY_NAS|DELAY_LATE_AIRCRAFT|DELAY_CARRIER
RFD,5,28,-6.36,-14.07,5,31.8,34.4,2,147.5,161.0,DELAY_NAS|DELAY_LATE_AIRCRAFT|DELAY_CARRIER
RFD,6,29,-7.69,-16.66,8,28.75,29.63,2,84.5,79.5,DELAY_LATE_AIRCRAFT|DELAY_CARRIER|DELAY_NAS
RFD,7,27,-3.89,-8.11,3,17.33,-3.0,8,138.88,142.38,DELAY_LATE_AIRCRAFT|DELAY_CARRIER|CANC_CARRIER
RFD,8,15,-5.6,-11.87,4,39.25,33.75,4,121.0,113.75,DELAY_LATE_AIRCRAFT|DELAY_WEATHER|DELAY_CARRIER
RFD,9,31,-7.61,-14.71,1,20.0,11.0,4,599.0,591.25,DELAY_CARRIER|DELAY_NAS|DELAY_LATE_AIRCRAFT
RFD,10,21,-4.1,-15.1,8,33.13,31.13,3,181.0,182.67,DELAY_LATE_AIRCRAFT|CANC_WEATHER|DELAY_CARRIER
RFD,11,18,-5.44,-7.67,4,22.25,22.5,0,,,DELAY_CARRIER|DELAY_LATE_AIRCRAFT|DELAY_NAS
RFD,12,31,-4.0,-9.9,5,26.8,15.4,5,362.6,355.0,DELAY_LATE_AIRCRAFT|DELAY_CARRIER|DELAY_NAS
RHI,1,21,-5.19,-17.48,2,17.0,5.5,3,125.67,111.67,DELAY_CARRIER|DELAY_NAS|DELAY_WEATHER
RHI,2,23,-10.61,-25.35,1,34.0,47.0,2,76.0,55.0,DELAY_CARRIER|DELAY_NAS
RHI,3,33,-6.06,-28.61,1,35.0,4.0,2,86.5,71.5,CANC_WEATHER|DELAY_CARRIER|DELAY_NAS
RHI,4,25,-8.96,-29.28,0,,,1,234.0,224.0,DELAY_WEATHER
RHI,5,31,-7.58,-23.0,0,,,2,142.5,129.5,DELAY_CARRIER
RHI,6,31,-6.61,-4.94,2,22.5,27.0,3,102.0,111.0,DELAY_CARRIER|DELAY_NAS|DELAY_WEATHER
RHI,7,27,-1.44,-3.44,12,34.25,44.58,6,120.5,114.0,DELAY_CARRIER|DELAY_WEATHER|DELAY_NAS
RHI,8,31,-5.58,-7.1,11,36.09,37.0,1,84.0,81.0,DELAY_WEATHER|DELAY_CARRIER
RHI,9,30,-8.27,-16.2,2,22.0,22.0,1,391.0,393.0,DELAY_WEATHER|DELAY_NAS
RHI,10,31,-8.29,-28.77,3,31.33,18.67,3,99.0,77.33,DELAY_CARRIER
RHI,11,30,-8.17,-27.77,1,48.0,33.0,1,87.0,76.0,DELAY_CARRIER
RHI,12,25,-6.64,-23.4,4,38.25,20.75,4,251.0,250.5,DELAY_CARRIER|CANC_WEATHER
RIC,1,537,-4.26,-7.89,84,31.37,29.19,50,227.9,228.14,DELAY_NAS|DELAY_LATE_AIRCRAFT|DELAY_CARRIER
RIC,2,569,-3.9,-8.83,72,28.43,24.32,27,183.04,174.04,DELAY_NAS|DELAY_LATE_AIRCRAFT|DELAY_CARRIER
RIC,3,576,-3.33,-9.24,102,32.44,27.07,46,129.93,127.8,DELAY_LATE_AIRCRAFT|DELAY_NAS|DELAY_CARRIER
RIC,4,608,-3.78,-8.33,90,31.71,25.89,45,156.96,155.02,DELAY_NAS|DELAY_CARRIER|DELAY_LATE_AIRCRAFT
RIC,5,693,-3.12,-8.26,127,32.76,27.3,85,164.11,162.91,DELAY_LATE_AIRCRAFT|DELAY_NAS|DELAY_CARRIER
RIC,6,621,-2.84,-9.9,107,31.57,23.64,71,194.3,187.54,DELAY_LATE_AIRCRAFT|DELAY_CARRIER|DELAY_NAS
RIC,7,560,-2.03,-8.02,136,32.24,29.24,106,155.5,152.55,DELAY_LATE_AIRCRAFT|DELAY_NAS|DELAY_CARRIER
RIC,8,559,-3.05,-8.46,112,30.37,24.8,58,170.16,166.21,DELAY_LATE_AIRCRAFT|DELAY_CARRIER|DELAY_NAS
RIC,9,661,-4.18,-8.62,71,31.21,26.32,25,162.44,160.32,DELAY_NAS|DELAY_LATE_AIRCRAFT|DELAY_CARRIER
RIC,10,730,-4.24,-10.72,55,31.49,25.27,15,189.93,182.53,DELAY_NAS|DELAY_CARRIER|DELAY_LATE_AIRCRAFT
RIC,11,653,-3.91,-10.85,65,29.57,20.92,23,103.3,97.43,DELAY_NAS|DELAY_CARRIER|DELAY_LATE_AIRCRAFT
RIC,12,599,-2.23,-9.19,113,30.81,24.95,51,130.49,120.35,DELAY_LATE_AIRCRAFT|DELAY_CARRIER|DELAY_NAS
RIW,1,20,-7.0,-6.5,0,,,1,72.0,51.0,CANC_WEATHER|DELAY_LATE_AIRCRAFT|DELAY_NAS
RIW,2,15,-6.4,-5.47,1,38.0,46.0,1,321.0,317.0,DELAY_CARRIER|CANC_WEATHER
RIW,3,16,-6.44,-15.94,1,21.0,-3.0,0,,,CANC_WEATHER
RIW,4,15,-8.67,-13.13,0,,,3,295.67,288.0,DELAY_CARRIER
RIW,5,19,-5.21,-13.95,1,28.0,6.0,2,584.0,584.0,DELAY_NAS|DELAY_LATE_AIRCRAFT
RIW,6,25,-6.96,-11.32,2,33.5,38.5,1,251.0,265.0,DELAY_CARRIER|CANC_WEATHER|DELAY_LATE_AIRCRAFT
RIW,7,26,-6.73,-10.27,1,60.0,77.0,2,140.0,144.5,DELAY_LATE_AIRCRAFT|DELAY_CARRIER|DELAY_NAS
RIW,8,26,-4.62,-5.62,2,44.5,59.0,4,373.0,379.75,DELAY_LATE_AIRCRAFT|DELAY_NAS|DELAY_CARRIER
RIW,9,26,-5.73,-9.85,0,,,2,135.5,142.5,DELAY_CARRIER|DELAY_LATE_AIRCRAFT|DELAY_NAS
RIW,10,28,-6.79,-5.07,1,22.0,26.0,1,452.0,477.0,DELAY_CARRIER|DELAY_WEATHER
RIW,11,26,-5.58,-10.62,2,16.0,6.5,3,299.0,297.0,DELAY_LATE_AIRCRAFT|CANC_WEATHER|DELAY_CARRIER
RIW,12,33,-5.97,-15.09,1,18.0,-7.0,0,,,DELAY_CARRIER
RKS,1,17,-3.94,-9.18,0,,,1,180.0,180.0,DELAY_LATE_AIRCRAFT|DELAY_NAS
RKS,2,21,-2.76,-12.14,0,,,2,136.0,128.5,DELAY_CARRIER|DELAY_LATE_AIRCRAFT|DELAY_NAS
RKS,3,12,-4.5,-13.67,0,,,3,321.0,303.0,DELAY_CARRIER|DELAY_LATE_AIRCRAFT|DELAY_WEATHER
RKS,4,18,-4.39,-12.11,2,20.5,28.0,0,,,DELAY_NAS
RKS,5,19,-3.95,-10.47,0,,,1,328.0,325.0,DELAY_LATE_AIRCRAFT|DELAY_NAS
RKS,6,29,-7.17,-10.55,0,,,1,149.0,154.0,DELAY_CARRIER
RKS,7,22,-5.36,-9.23,0,,,4,211.0,212.75,DELAY_CARRIER|DELAY_LATE_AIRCRAFT
RKS,8,28,-4.39,-7.36,0,,,5,352.4,377.6,DELAY_CARRIER
RKS,9,19,-3.89,-9.63,3,26.67,24.67,1,77.0,80.0,DELAY_CARRIER
RKS,10,27,-3.78,-8.26,1,45.0,43.0,3,487.0,489.0,DELAY_CARRIER|DELAY_LATE_AIRCRAFT
RKS,11,24,-3.0,-16.33,2,29.5,48.0,3,150.67,167.67,DELAY_CARRIER|CANC_WEATHER|DELAY_LATE_AIRCRAFT
RKS,12,30,-5.23,-22.3,2,17.0,15.0,1,370.0,350.0,DELAY_LATE_AIRCRAFT|DELAY_WEATHER
RNO,1,668,-3.55,-10.28,106,29.54,22.86,50,153.68,150.54,DELAY_LATE_AIRCRAFT|DELAY_NAS|DELAY_CARRIER
RNO,2,604,-2.8,-8.81,71,30.79,28.07,55,202.69,208.11,DELAY_NAS|DELAY_LATE_AIRCRAFT|DELAY_CARRIER
RNO,3,664,-3.28,-6.29,99,30.81,30.78,59,188.59,187.46,DELAY_NAS|DELAY_LATE_AIRCRAFT|DELAY_CARRIER
RNO,4,681,-4.54,-8.62,93,31.39,29.47,43,147.12,150.93,DELAY_NAS|DELAY_LATE_AIRCRAFT|DELAY_CARRIER
RNO,5,696,-3.79,-8.93,99,31.9,27.61,59,177.64,178.54,DELAY_LATE_AIRCRAFT|DELAY_NAS|DELAY_CARRIER
RNO,6,721,-3.25,-9.55,122,30.89,23.95,49,199.59,195.27,DELAY_LATE_AIRCRAFT|DELAY_CARRIER|DELAY_NAS
RNO,7,734,-3.03,-7.18,121,30.43,26.07,81,174.8,170.74,DELAY_LATE_AIRCRAFT|DELAY_CARRIER|DELAY_NAS
RNO,8,790,-3.09,-7.98,127,30.9,25.85,75,141.4,137.37,DELAY_LATE_AIRCRAFT|DELAY_CARRIER|DELAY_NAS
RNO,9,789,-3.15,-6.92,83,32.73,28.22,48,137.08,132.56,DELAY_LATE_AIRCRAFT|DELAY_NAS|DELAY_CARRIER
RNO,10,814,-3.38,-7.32,93,30.16,26.11,24,124.71,126.79,DELAY_NAS|DELAY_LATE_AIRCRAFT|DELAY_CARRIER
RNO,11,748,-3.88,-8.0,68,30.76,27.84,34,181.82,183.79,DELAY_NAS|DELAY_LATE_AIRCRAFT|DELAY_CARRIER
RNO,12,716,-3.35,-8.53,87,27.95,18.78,47,143.28,138.57,DELAY_LATE_AIRCRAFT|DELAY_CARRIER|DELAY_NAS
ROA,1,92,-3.89,-8.15,15,34.27,40.2,16,229.69,230.25,DELAY_LATE_AIRCRAFT|DELAY_NAS|CANC_WEATHER
ROA,2,93,-4.66,-8.0,9,31.89,27.33,0,,,DELAY_LATE_AIRCRAFT|DELAY_CARRIER|CANC_WEATHER
ROA,3,92,-3.39,-7.88,11,25.27,19.36,2,105.5,96.0,DELAY_NAS|DELAY_CARRIER|DELAY_LATE_AIRCRAFT
ROA,4,94,-5.05,-10.05,12,32.83,29.42,4,282.25,274.25,DELAY_LATE_AIRCRAFT|DELAY_NAS|DELAY_CARRIER
ROA,5,97,-2.61,-7.98,19,32.05,29.89,10,167.1,173.7,DELAY_LATE_AIRCRAFT|DELAY_CARRIER|DELAY_NAS
ROA,6,91,-2.87,-8.19,10,28.5,23.9,9,192.22,186.33,DELAY_CARRIER|DELAY_LATE_AIRCRAFT|DELAY_NAS
ROA,7,85,-3.19,-7.88,18,37.67,43.5,14,171.71,162.0,DELAY_CARRIER|DELAY_LATE_AIRCRAFT|DELAY_NAS
ROA,8,94,-4.63,-9.5,8,26.88,39.25,11,141.82,131.91,DELAY_CARRIER|DELAY_NAS|DELAY_LATE_AIRCRAFT
ROA,9,102,-4.17,-9.39,6,35.17,34.0,6,244.5,240.5,DELAY_LATE_AIRCRAFT|DELAY_CARRIER|DELAY_NAS
ROA,10,124,-4.71,-8.42,20,27.3,24.75,5,168.4,161.6,DELAY_CARRIER|DELAY_LATE_AIRCRAFT|DELAY_NAS
ROA,11,127,-4.38,-8.14,15,26.2,22.0,9,123.78,116.67,DELAY_LATE_AIRCRAFT|DELAY_CARRIER|DELAY_NAS
ROA,12,72,-1.75,-8.15,33,30.21,28.73,17,161.24,154.47,DELAY_LATE_AIRCRAFT|DELAY_CARRIER|DELAY_NAS
ROC,1,371,-2.3,-8.75,70,32.24,26.76,38,148.76,155.32,DELAY_LATE_AIRCRAFT|DELAY_CARRIER|DELAY_NAS
ROC,2,387,-3.25,-15.67,47,28.81,18.02,19,134.05,130.42,DELAY_LATE_AIRCRAFT|DELAY_NAS|DELAY_CARRIER
ROC,3,366,-3.51,-12.81,38,30.32,25.0,21,136.33,136.48,DELAY_NAS|DELAY_LATE_AIRCRAFT|DELAY_CARRIER
ROC,4,401,-3.56,-10.78,58,29.97,21.31,24,204.63,198.96,DELAY_LATE_AIRCRAFT|DELAY_CARRIER|DELAY_NAS
ROC,5,430,-3.33,-9.49,57,31.63,26.77,40,167.68,163.93,DELAY_LATE_AIRCRAFT|DELAY_NAS|DELAY_CARRIER
ROC,6,375,-3.23,-9.41,66,30.05,22.95,36,132.5,127.53,DELAY_LATE_AIRCRAFT|DELAY_CARRIER|DELAY_NAS
ROC,7,384,-2.37,-8.39,78,30.53,22.96,66,151.7,147.89,DELAY_LATE_AIRCRAFT|DELAY_CARRIER|DELAY_NAS
ROC,8,365,-2.24,-6.34,82,29.24,25.41,47,162.85,163.55,DELAY_LATE_AIRCRAFT|DELAY_NAS|DELAY_CARRIER
ROC,9,438,-4.52,-8.81,37,29.08,24.11,19,186.47,182.47,DELAY_CARRIER|DELAY_LATE_AIRCRAFT|DELAY_NAS
ROC,10,478,-4.09,-11.24,54,26.98,22.24,14,159.71,160.5,DELAY_CARRIER|DELAY_LATE_AIRCRAFT|DELAY_NAS
ROC,11,420,-3.84,-12.75,48,29.75,19.77,20,121.65,115.3,DELAY_LATE_AIRCRAFT|DELAY_CARRIER|DELAY_NAS
ROC,12,347,-1.45,-5.2,88,31.39,25.68,39,148.08,146.05,DELAY_NAS|DELAY_LATE_AIRCRAFT|DELAY_CARRIER
ROW,1,19,-7.58,-13.95,2,30.5,19.5,2,205.5,210.0,CANC_WEATHER|DELAY_CARRIER|DELAY_NAS
ROW,2,27,-4.15,-9.19,0,,,3,258.0,256.33,DELAY_NAS|DELAY_CARRIER|DELAY_LATE_AIRCRAFT
ROW,3,23,-2.74,-9.39,4,30.0,11.75,3,175.67,165.0,DELAY_NAS|DELAY_CARRIER|DELAY_LATE_AIRCRAFT
ROW,4,19,-3.47,-5.68,4,26.25,21.25,0,,,DELAY_LATE_AIRCRAFT|DELAY_NAS|DELAY_WEATHER
ROW,5,35,-3.83,-5.43,4,40.0,38.5,6,177.83,169.5,DELAY_CARRIER|CANC_WEATHER|DELAY_NAS
ROW,6,31,-4.87,-9.65,5,37.2,35.4,7,217.14,214.86,DELAY_CARRIER|DELAY_WEATHER|DELAY_LATE_AIRCRAFT
ROW,7,34,-5.85,-6.35,4,24.0,15.75,9,218.67,216.0,DELAY_CARRIER|DELAY_WEATHER|DELAY_NAS
ROW,8,45,-5.64,-11.29,1,34.0,29.0,5,139.4,136.4,DELAY_CARRIER|DELAY_NAS|DELAY_WEATHER
ROW,9,38,-5.61,-6.76,6,29.0,30.0,2,231.5,244.5,DELAY_LATE_AIRCRAFT|DELAY_WEATHER|DELAY_CARRIER
ROW,10,40,-3.5,-8.75,6,27.67,27.0,5,278.2,269.2,DELAY_CARRIER|DELAY_LATE_AIRCRAFT|DELAY_NAS
ROW,11,35,-4.2,-6.97,9,31.0,31.33,6,126.83,130.17,DELAY_CARRIER|CANC_WEATHER|DELAY_LATE_AIRCRAFT
ROW,12,34,-4.56,-10.18,6,34.0,27.5,4,102.5,95.0,DELAY_CARRIER|DELAY_LATE_AIRCRAFT|DELAY_WEATHER
RST,1,28,-4.07,-19.86,0,,,6,152.0,136.17,DELAY_LATE_AIRCRAFT|CANC_WEATHER|DELAY_CARRIER
RST,2,41,-5.51,-18.68,3,28.33,6.67,1,102.0,93.0,DELAY_WEATHER
RST,3,60,-5.68,-15.93,4,27.75,22.75,7,188.43,189.43,DELAY_CARRIER|DELAY_NAS|DELAY_WEATHER
RST,4,47,-3.94,-6.79,5,28.6,20.4,5,252.2,256.0,DELAY_CARRIER|DELAY_LATE_AIRCRAFT|DELAY_NAS
RST,5,56,-4.16,-6.3,6,35.67,33.5,8,150.13,151.38,DELAY_CARRIER|DELAY_NAS|DELAY_WEATHER
RST,6,31,-4.39,-10.03,7,35.43,35.86,7,142.86,146.0,DELAY_CARRIER|DELAY_WEATHER|DELAY_NAS
RST,7,40,-4.3,-7.9,5,24.4,27.2,9,147.78,152.33,DELAY_LATE_AIRCRAFT|DELAY_NAS|DELAY_CARRIER
RST,8,49,-4.06,-3.1,8,28.63,30.88,1,63.0,57.0,DELAY_LATE_AIRCRAFT|DELAY_NAS|DELAY_CARRIER
RST,9,66,-5.27,-7.55,4,38.75,50.25,2,422.5,406.0,DELAY_CARRIER|DELAY_NAS|DELAY_LATE_AIRCRAFT
RST,10,66,-6.08,-15.45,7,28.43,24.43,1,148.0,137.0,DELAY_LATE_AIRCRAFT|DELAY_CARRIER|DELAY_WEATHER
RST,11,40,-5.13,-10.4,4,28.5,28.0,0,,,DELAY_CARRIER|DELAY_SECURITY|DELAY_WEATHER
RST,12,40,-3.85,-7.93,6,33.5,21.83,8,200.88,195.63,DELAY_CARRIER|DELAY_WEATHER|CANC_WEATHER
RSW,1,1391,-4.44,-11.08,267,32.6,27.1,151,140.2,133.19,DELAY_LATE_AIRCRAFT|DELAY_NAS|DELAY_CARRIER
RSW,2,1633,-4.53,-6.29,189,31.57,28.75,86,158.44,152.05,DELAY_LATE_AIRCRAFT|DELAY_NAS|DELAY_CARRIER
RSW,3,1571,-3.73,-7.09,345,31.71,30.88,245,157.91,155.04,DELAY_LATE_AIRCRAFT|DELAY_NAS|DELAY_CARRIER
RSW,4,1387,-4.3,-8.74,183,30.63,27.4,123,161.11,153.7,DELAY_LATE_AIRCRAFT|DELAY_NAS|DELAY_CARRIER
RSW,5,977,-3.26,-6.11,177,33.4,32.77,137,141.43,141.49,DELAY_LATE_AIRCRAFT|DELAY_NAS|DELAY_CARRIER
RSW,6,795,-3.31,-8.53,123,31.75,29.71,82,166.26,159.89,DELAY_LATE_AIRCRAFT|DELAY_NAS|DELAY_CARRIER
RSW,7,646,-3.45,-7.52,176,33.76,31.23,119,152.92,152.39,DELAY_LATE_AIRCRAFT|DELAY_NAS|DELAY_CARRIER
RSW,8,656,-4.12,-7.45,135,32.39,30.25,100,196.63,193.2,DELAY_LATE_AIRCRAFT|DELAY_NAS|DELAY_CARRIER
RSW,9,762,-5.68,-10.22,83,29.9,26.94,36,173.44,166.42,DELAY_LATE_AIRCRAFT|DELAY_NAS|CANC_WEATHER
RSW,10,960,-6.59,-12.97,72,29.71,22.25,37,187.16,177.89,CANC_WEATHER|DELAY_LATE_AIRCRAFT|DELAY_CARRIER
RSW,11,1264,-5.66,-11.37,99,32.35,27.18,44,157.93,152.93,DELAY_LATE_AIRCRAFT|DELAY_NAS|DELAY_CARRIER
RSW,12,1317,-5.13,-9.81,228,33.05,29.45,187,161.6,159.98,DELAY_LATE_AIRCRAFT|DELAY_NAS|DELAY_CARRIER
SAF,1,53,-7.02,-1.32,4,29.5,56.75,3,175.67,170.0,DELAY_CARRIER|DELAY_NAS|DELAY_WEATHER
SAF,2,55,-7.82,-11.75,1,18.0,20.0,3,168.33,156.0,DELAY_CARRIER|DELAY_LATE_AIRCRAFT|DELAY_WEATHER
SAF,3,48,-6.35,-6.38,6,34.83,35.17,3,181.67,182.0,DELAY_CARRIER|DELAY_LATE_AIRCRAFT|DELAY_NAS
SAF,4,59,-5.71,-1.22,5,34.6,28.4,9,288.33,284.22,DELAY_NAS|DELAY_CARRIER|DELAY_LATE_AIRCRAFT
SAF,5,86,-6.31,-9.41,8,36.13,31.5,19,188.32,185.0,DELAY_WEATHER|DELAY_CARRIER|CANC_WEATHER
SAF,6,106,-6.17,-11.24,13,34.92,30.46,19,123.47,122.32,DELAY_CARRIER|DELAY_NAS|DELAY_LATE_AIRCRAFT
SAF,7,126,-7.87,-11.78,18,34.94,29.94,19,185.0,179.05,DELAY_CARRIER|DELAY_LATE_AIRCRAFT|DELAY_WEATHER
SAF,8,118,-7.33,-13.75,14,30.07,23.0,15,113.33,109.4,DELAY_CARRIER|DELAY_LATE_AIRCRAFT|DELAY_WEATHER
SAF,9,116,-6.8,-8.33,10,33.1,27.6,11,98.82,97.45,DELAY_CARRIER|DELAY_NAS|DELAY_LATE_AIRCRAFT
SAF,10,144,-7.73,-16.48,22,34.95,26.59,10,135.1,124.1,DELAY_CARRIER|DELAY_LATE_AIRCRAFT|DELAY_SECURITY
SAF,11,101,-7.37,-15.74,14,29.43,29.14,13,252.23,255.62,DELAY_CARRIER|CANC_WEATHER|DELAY_WEATHER
SAF,12,109,-5.02,-19.49,13,30.77,12.69,13,224.46,217.23,DELAY_CARRIER|DELAY_LATE_AIRCRAFT|DELAY_WEATHER
SAN,1,2747,-2.82,-7.29,429,30.45,25.79,184,150.16,145.03,DELAY_LATE_AIRCRAFT|DELAY_NAS|CANC_CARRIER
SAN,2,2684,-2.78,-10.27,422,30.68,23.98,180,131.33,126.75,DELAY_LATE_AIRCRAFT|DELAY_NAS|DELAY_CARRIER
SAN,3,2961,-2.24,-7.63,550,31.07,25.72,238,149.16,145.39,DELAY_LATE_AIRCRAFT|DELAY_NAS|DELAY_CARRIER
SAN,4,3027,-2.47,-8.22,515,30.91,25.81,242,155.27,153.07,DELAY_LATE_AIRCRAFT|DELAY_NAS|DELAY_CARRIER
SAN,5,3004,-2.32,-7.73,623,31.82,26.65,277,157.14,152.6,DELAY_LATE_AIRCRAFT|DELAY_NAS|DELAY_CARRIER
SAN,6,3051,-1.31,-4.79,775,31.82,29.98,313,133.19,131.3,DELAY_LATE_AIRCRAFT|DELAY_NAS|DELAY_CARRIER
SAN,7,3100,-1.81,-4.05,809,30.9,29.32,409,134.46,133.43,DELAY_LATE_AIRCRAFT|DELAY_NAS|DELAY_CARRIER
SAN,8,3407,-2.7,-4.45,621,31.33,29.78,238,127.71,127.02,DELAY_LATE_AIRCRAFT|DELAY_NAS|DELAY_CARRIER
SAN,9,3229,-3.03,-5.89,527,31.97,31.17,191,119.23,120.35,DELAY_LATE_AIRCRAFT|DELAY_NAS|DELAY_CARRIER
SAN,10,3094,-2.65,-3.46,627,31.91,34.32,319,142.14,145.39,DELAY_LATE_AIRCRAFT|DELAY_NAS|DELAY_CARRIER
SAN,11,3183,-2.75,-7.77,503,30.29,27.3,214,142.47,141.29,DELAY_LATE_AIRCRAFT|DELAY_NAS|DELAY_CARRIER
SAN,12,2828,-2.11,-5.01,609,31.88,31.58,461,169.38,171.98,DELAY_LATE_AIRCRAFT|DELAY_NAS|DELAY_CARRIER
SAT,1,1328,-3.28,-9.2,201,31.04,25.16,80,179.65,176.44,DELAY_LATE_AIRCRAFT|DELAY_NAS|DELAY_CARRIER
SAT,2,1346,-4.39,-8.03,146,28.58,23.6,46,159.93,156.67,DELAY_NAS|DELAY_LATE_AIRCRAFT|DELAY_CARRIER
SAT,3,1320,-3.13,-9.16,235,32.94,26.02,122,148.33,144.55,DELAY_LATE_AIRCRAFT|DELAY_NAS|DELAY_CARRIER
SAT,4,1378,-2.94,-8.85,225,30.35,24.42,113,171.57,172.57,DELAY_LATE_AIRCRAFT|DELAY_NAS|DELAY_CARRIER
SAT,5,1315,-1.9,-6.67,233,31.2,27.51,169,158.26,156.62,DELAY_LATE_AIRCRAFT|DELAY_NAS|DELAY_CARRIER
SAT,6,1356,-2.13,-7.26,288,30.97,26.41,133,159.74,156.51,DELAY_LATE_AIRCRAFT|DELAY_CARRIER|DELAY_NAS
SAT,7,1323,-2.29,-6.52,310,31.29,28.37,217,166.46,163.82,DELAY_LATE_AIRCRAFT|DELAY_CARRIER|DELAY_NAS
SAT,8,1486,-4.07,-9.53,190,29.18,25.14,132,136.91,134.22,DELAY_LATE_AIRCRAFT|DELAY_NAS|DELAY_CARRIER
SAT,9,1474,-4.23,-10.46,162,29.73,22.65,77,158.55,148.79,DELAY_LATE_AIRCRAFT|DELAY_CARRIER|DELAY_NAS
SAT,10,1619,-3.53,-9.39,150,29.79,21.97,59,152.39,141.51,DELAY_LATE_AIRCRAFT|DELAY_NAS|DELAY_CARRIER
SAT,11,1525,-3.67,-9.32,152,30.22,23.24,63,145.05,137.73,DELAY_LATE_AIRCRAFT|DELAY_CARRIER|DELAY_NAS
SAT,12,1373,-2.95,-8.8,217,29.85,23.9,102,168.43,167.68,DELAY_LATE_AIRCRAFT|DELAY_NAS|DELAY_CARRIER
SAV,1,544,-4.28,-11.87,77,32.81,25.0,44,189.14,181.27,DELAY_LATE_AIRCRAFT|DELAY_CARRIER|DELAY_NAS
SAV,2,595,-4.91,-12.67,51,31.88,24.1,19,130.63,124.16,DELAY_LATE_AIRCRAFT|DELAY_CARRIER|DELAY_NAS
SAV,3,660,-3.04,-9.92,98,30.29,24.13,37,174.35,172.81,DELAY_LATE_AIRCRAFT|DELAY_CARRIER|DELAY_NAS
SAV,4,686,-3.54,-7.49,107,28.8,23.79,38,182.13,177.95,DELAY_LATE_AIRCRAFT|DELAY_NAS|DELAY_CARRIER
SAV,5,664,-2.79,-6.2,133,32.26,26.7,82,147.74,148.62,DELAY_LATE_AIRCRAFT|DELAY_NAS|DELAY_CARRIER
SAV,6,683,-2.76,-9.79,102,29.75,24.17,58,144.86,141.57,DELAY_LATE_AIRCRAFT|DELAY_CARRIER|DELAY_NAS
SAV,7,545,-2.81,-8.17,167,31.62,27.55,115,198.41,198.87,DELAY_LATE_AIRCRAFT|DELAY_CARRIER|DELAY_NAS
SAV,8,615,-4.07,-9.9,90,32.8,30.0,50,183.88,181.04,DELAY_LATE_AIRCRAFT|DELAY_NAS|DELAY_CARRIER
SAV,9,640,-3.54,-9.48,64,29.52,22.48,40,115.5,113.5,DELAY_LATE_AIRCRAFT|DELAY_CARRIER|DELAY_NAS
SAV,10,725,-3.7,-9.62,83,30.35,23.31,17,140.0,130.71,DELAY_LATE_AIRCRAFT|DELAY_CARRIER|DELAY_NAS
SAV,11,685,-3.69,-9.61,76,27.28,23.76,42,165.76,162.19,DELAY_LATE_AIRCRAFT|DELAY_NAS|DELAY_CARRIER
SAV,12,611,-2.34,-7.84,118,33.45,27.67,52,210.37,206.9,DELAY_LATE_AIRCRAFT|DELAY_NAS|DELAY_CARRIER
SBA,1,237,-5.41,-7.53,25,32.12,28.28,21,162.71,154.05,DELAY_LATE_AIRCRAFT|DELAY_NAS|DELAY_CARRIER
SBA,2,188,-4.34,-9.72,35,30.29,32.6,18,136.0,132.06,DELAY_LATE_AIRCRAFT|DELAY_NAS|DELAY_CARRIER
SBA,3,231,-4.38,-8.8,35,30.03,28.54,26,176.19,177.04,DELAY_NAS|DELAY_LATE_AIRCRAFT|DELAY_CARRIER
SBA,4,216,-4.57,-7.18,31,34.29,31.35,31,196.39,193.97,DELAY_LATE_AIRCRAFT|DELAY_NAS|DELAY_CARRIER
SBA,5,268,-4.82,-9.36,32,33.72,30.22,25,138.16,136.28,DELAY_NAS|DELAY_LATE_AIRCRAFT|DELAY_CARRIER
SBA,6,275,-3.03,-8.57,33,28.7,24.82,24,171.71,166.04,DELAY_LATE_AIRCRAFT|DELAY_CARRIER|DELAY_NAS
SBA,7,309,-4.19,-9.47,33,32.3,30.7,25,169.12,163.12,DELAY_LATE_AIRCRAFT|DELAY_CARRIER|DELAY_NAS
SBA,8,302,-5.56,-10.12,27,26.04,20.11,8,216.25,214.13,DELAY_NAS|DELAY_LATE_AIRCRAFT|DELAY_CARRIER
SBA,9,272,-5.72,-11.82,21,26.48,26.62,17,174.71,168.88,DELAY_LATE_AIRCRAFT|DELAY_CARRIER|DELAY_NAS
SBA,10,273,-4.87,-9.98,34,31.24,27.32,17,176.94,176.65,DELAY_LATE_AIRCRAFT|DELAY_CARRIER|DELAY_NAS
SBA,11,272,-4.78,-11.21,26,30.81,22.23,27,189.0,184.89,DELAY_LATE_AIRCRAFT|DELAY_NAS|DELAY_CARRIER
SBA,12,282,-3.73,-10.29,24,33.63,24.04,14,172.36,162.29,DELAY_LATE_AIRCRAFT|DELAY_CARRIER|DELAY_NAS
SBN,1,157,-4.52,-11.82,45,35.51,39.38,39,174.92,175.1,DELAY_CARRIER|CANC_WEATHER|DELAY_WEATHER
SBN,2,206,-4.66,-16.65,22,24.14,10.05,13,141.23,130.69,DELAY_CARRIER|DELAY_LATE_AIRCRAFT|DELAY_NAS
SBN,3,228,-4.93,-13.77,29,33.1,22.69,11,219.27,224.09,DELAY_CARRIER|DELAY_NAS|DELAY_LATE_AIRCRAFT
SBN,4,230,-4.87,-11.64,17,30.65,29.12,21,141.05,142.71,DELAY_CARRIER|DELAY_LATE_AIRCRAFT|DELAY_NAS
SBN,5,180,-3.99,-8.12,46,32.76,24.0,38,148.47,143.29,DELAY_CARRIER|DELAY_LATE_AIRCRAFT|DELAY_NAS
SBN,6,196,-5.29,-9.12,36,31.75,22.03,26,148.31,138.35,DELAY_CARRIER|DELAY_LATE_AIRCRAFT|DELAY_NAS
SBN,7,183,-4.88,-4.92,37,29.11,22.51,37,146.62,145.41,DELAY_CARRIER|DELAY_LATE_AIRCRAFT|DELAY_NAS
SBN,8,207,-3.52,-7.91,34,27.56,25.91,34,140.65,137.5,DELAY_CARRIER|DELAY_LATE_AIRCRAFT|DELAY_NAS
SBN,9,250,-5.32,-9.18,38,31.42,24.37,13,183.08,180.69,DELAY_CARRIER|DELAY_LATE_AIRCRAFT|DELAY_NAS
SBN,10,268,-4.75,-12.1,36,29.83,17.17,19,141.47,133.89,DELAY_CARRIER|DELAY_LATE_AIRCRAFT|DELAY_NAS
SBN,11,259,-4.99,-12.3,24,26.54,20.04,25,213.44,206.28,DELAY_CARRIER|DELAY_LATE_AIRCRAFT|DELAY_NAS
SBN,12,253,-4.08,-9.15,41,28.68,26.44,27,199.15,197.48,DELAY_CARRIER|DELAY_LATE_AIRCRAFT|DELAY_NAS
SBP,1,152,-6.16,-9.88,13,35.0,29.69,15,181.13,177.8,DELAY_CARRIER|DELAY_LATE_AIRCRAFT|DELAY_NAS
SBP,2,119,-5.26,-12.34,18,33.28,32.61,18,268.44,268.67,DELAY_NAS|DELAY_LATE_AIRCRAFT|DELAY_CARRIER
SBP,3,154,-4.69,-6.37,17,29.35,32.0,14,192.36,197.79,DELAY_CARRIER|DELAY_NAS|DELAY_LATE_AIRCRAFT
SBP,4,181,-4.11,-6.41,20,32.75,26.85,8,143.63,138.13,DELAY_CARRIER|DELAY_LATE_AIRCRAFT|DELAY_NAS
SBP,5,187,-4.54,-9.28,13,32.23,27.38,19,170.11,172.74,DELAY_LATE_AIRCRAFT|DELAY_CARRIER|DELAY_NAS
SBP,6,190,-5.09,-7.14,19,30.79,26.84,12,130.75,128.33,DELAY_CARRIER|DELAY_LATE_AIRCRAFT|DELAY_NAS
SBP,7,205,-4.64,-6.3,18,32.06,28.22,15,117.87,113.6,DELAY_CARRIER|DELAY_LATE_AIRCRAFT|DELAY_NAS
SBP,8,205,-4.88,-5.62,14,33.71,33.64,19,167.89,168.68,DELAY_CARRIER|DELAY_LATE_AIRCRAFT|DELAY_NAS
SBP,9,194,-5.2,-6.03,22,28.64,28.86,15,305.33,300.73,DELAY_LATE_AIRCRAFT|DELAY_CARRIER|DELAY_NAS
SBP,10,211,-5.82,-7.82,22,29.05,29.18,16,132.19,134.56,DELAY_CARRIER|DELAY_LATE_AIRCRAFT|DELAY_NAS
SBP,11,213,-4.81,-7.9,22,33.59,26.18,13,99.85,99.62,DELAY_CARRIER|DELAY_LATE_AIRCRAFT|DELAY_NAS
SBP,12,196,-5.11,-10.34,23,32.91,26.83,23,159.39,155.78,DELAY_LATE_AIRCRAFT|DELAY_CARRIER|CANC_WEATHER
SCC,1,19,-15.63,-19.11,0,,,3,127.33,138.0,CANC_WEATHER|DELAY_LATE_AIRCRAFT
SCC,2,23,-14.39,-13.09,1,22.0,24.0,3,114.67,119.0,DELAY_LATE_AIRCRAFT
SCC,3,20,-11.35,-12.45,1,19.0,20.0,2,116.5,117.0,DELAY_LATE_AIRCRAFT|CANC_WEATHER|DELAY_CARRIER
SCC,4,20,-17.45,-18.2,1,25.0,33.0,3,152.33,158.67,DELAY_LATE_AIRCRAFT|CANC_WEATHER
SCC,5,20,-19.3,-20.05,4,29.25,25.5,1,63.0,59.0,DELAY_LATE_AIRCRAFT|CANC_CARRIER|DELAY_WEATHER
SCC,6,24,-15.08,-17.92,0,,,1,66.0,61.0,DELAY_LATE_AIRCRAFT
SCC,7,26,-17.15,-19.38,0,,,1,185.0,189.0,DELAY_LATE_AIRCRAFT
SCC,8,24,-14.38,-13.25,2,23.0,19.5,1,218.0,210.0,DELAY_LATE_AIRCRAFT|DELAY_CARRIER|DELAY_NAS
SCC,9,18,-17.44,-21.22,0,,,0,,,N/D
SCC,10,21,-19.57,-23.24,4,38.25,42.25,1,434.0,422.0,DELAY_LATE_AIRCRAFT|CANC_WEATHER|DELAY_CARRIER
SCC,11,20,-15.55,-18.25,0,,,0,,,N/D
SCC,12,23,-16.22,-14.74,0,,,1,126.0,125.0,CANC_WEATHER|DELAY_LATE_AIRCRAFT|DELAY_NAS
SCE,1,8,-5.38,-16.13,3,35.67,31.0,0,,,DELAY_CARRIER|CANC_WEATHER
SCE,2,11,-8.64,-19.55,0,,,1,166.0,167.0,DELAY_CARRIER
SCE,3,25,-6.64,-11.44,0,,,1,160.0,141.0,DELAY_LATE_AIRCRAFT|DELAY_WEATHER
SCE,4,22,-5.86,-2.77,4,45.75,44.0,3,160.0,145.33,DELAY_CARRIER|DELAY_LATE_AIRCRAFT
SCE,5,28,-4.71,-8.54,7,29.43,26.71,5,186.4,176.2,DELAY_LATE_AIRCRAFT|DELAY_NAS|DELAY_CARRIER
SCE,6,27,-6.3,-11.26,3,24.33,24.67,4,163.5,149.25,DELAY_CARRIER|DELAY_LATE_AIRCRAFT|CANC_NAS
SCE,7,12,-9.17,-16.67,2,46.5,70.5,1,115.0,108.0,DELAY_NAS|DELAY_CARRIER|DELAY_WEATHER
SCE,8,20,-7.55,-11.8,2,42.0,38.5,1,77.0,72.0,DELAY_LATE_AIRCRAFT
SCE,9,14,-8.07,-11.29,0,,,1,88.0,90.0,DELAY_LATE_AIRCRAFT
SCE,10,15,-4.67,-6.4,1,59.0,54.0,3,229.67,228.33,DELAY_CARRIER|DELAY_LATE_AIRCRAFT|DELAY_NAS
SCE,11,15,-5.93,-7.2,3,32.67,42.0,2,88.0,80.0,DELAY_CARRIER|DELAY_LATE_AIRCRAFT
SCE,12,3,-9.33,-15.67,4,25.25,31.75,1,65.0,91.0,DELAY_LATE_AIRCRAFT|DELAY_CARRIER|DELAY_NAS
SCK,1,9,-2.0,-0.78,6,28.0,26.83,1,99.0,110.0,DELAY_LATE_AIRCRAFT|DELAY_NAS|DELAY_CARRIER
SCK,2,14,-6.21,-7.57,0,,,0,,,N/D
SCK,3,16,-7.06,-4.25,6,39.5,57.5,1,94.0,111.0,DELAY_NAS|DELAY_LATE_AIRCRAFT|DELAY_CARRIER
SCK,4,15,-3.0,-2.53,3,30.33,42.33,1,100.0,105.0,DELAY_LATE_AIRCRAFT|DELAY_CARRIER|DELAY_NAS
SCK,5,19,-5.05,0.53,3,37.67,34.67,0,,,DELAY_LATE_AIRCRAFT|DELAY_NAS
SCK,6,14,-5.5,-2.86,8,29.25,24.5,1,93.0,89.0,DELAY_LATE_AIRCRAFT|DELAY_CARRIER|DELAY_NAS
SCK,7,20,1.15,-0.65,8,34.0,33.5,4,626.25,630.75,DELAY_CARRIER|DELAY_LATE_AIRCRAFT|CANC_CARRIER
SCK,8,8,-6.5,-7.0,4,37.25,35.75,5,215.0,212.2,DELAY_LATE_AIRCRAFT|DELAY_CARRIER
SCK,9,15,-1.8,-5.13,6,34.67,38.0,3,240.0,242.33,DELAY_LATE_AIRCRAFT|DELAY_CARRIER|DELAY_NAS
SCK,10,15,1.8,0.93,7,30.0,31.43,2,83.0,79.5,DELAY_CARRIER|DELAY_LATE_AIRCRAFT|DELAY_NAS
SCK,11,13,0.62,-5.77,6,48.17,52.17,0,,,DELAY_LATE_AIRCRAFT|DELAY_CARRIER|DELAY_NAS
SCK,12,13,1.54,-3.85,7,32.14,23.14,6,114.33,114.33,DELAY_LATE_AIRCRAFT|DELAY_CARRIER|DELAY_WEATHER
SDF,1,711,-4.77,-9.54,100,31.81,32.29,77,187.97,190.39,DELAY_LATE_AIRCRAFT|DELAY_NAS|DELAY_CARRIER
SDF,2,786,-4.82,-10.87,59,31.61,25.95,26,141.58,140.35,DELAY_NAS|DELAY_LATE_AIRCRAFT|DELAY_CARRIER
SDF,3,863,-4.73,-10.14,103,31.99,26.61,55,176.53,172.44,DELAY_LATE_AIRCRAFT|DELAY_NAS|DELAY_CARRIER
SDF,4,884,-4.13,-9.15,101,30.56,24.94,52,122.02,123.6,DELAY_LATE_AIRCRAFT|DELAY_NAS|DELAY_CARRIER
SDF,5,888,-2.76,-6.17,161,31.25,28.68,96,127.16,127.36,DELAY_LATE_AIRCRAFT|DELAY_NAS|DELAY_CARRIER
SDF,6,874,-3.8,-9.0,131,31.46,29.75,80,198.38,195.45,DELAY_LATE_AIRCRAFT|DELAY_NAS|DELAY_CARRIER
SDF,7,845,-3.69,-7.0,153,32.27,30.07,116,166.05,165.18,DELAY_LATE_AIRCRAFT|DELAY_CARRIER|DELAY_NAS
SDF,8,818,-4.5,-8.11,102,30.75,29.64,68,145.06,142.35,DELAY_CARRIER|DELAY_NAS|DELAY_LATE_AIRCRAFT
SDF,9,906,-4.77,-8.52,86,31.23,28.23,41,117.8,116.66,DELAY_LATE_AIRCRAFT|DELAY_NAS|DELAY_CARRIER
SDF,10,955,-4.72,-10.27,62,34.63,26.48,37,166.62,163.84,DELAY_NAS|DELAY_LATE_AIRCRAFT|DELAY_CARRIER
SDF,11,839,-4.92,-11.24,71,32.42,29.08,38,199.87,199.24,DELAY_NAS|DELAY_CARRIER|DELAY_LATE_AIRCRAFT
SDF,12,727,-3.84,-10.23,108,28.92,21.85,58,157.57,153.45,DELAY_LATE_AIRCRAFT|DELAY_NAS|DELAY_CARRIER
SEA,1,3938,-1.69,-7.47,909,31.68,24.97,458,136.04,129.36,DELAY_LATE_AIRCRAFT|DELAY_CARRIER|CANC_CARRIER
SEA,2,4689,-3.43,-7.08,576,30.19,24.99,204,128.82,123.79,DELAY_NAS|DELAY_CARRIER|DELAY_LATE_AIRCRAFT
SEA,3,5166,-2.42,-6.59,910,30.95,26.05,301,136.3,132.51,DELAY_CARRIER|DELAY_NAS|DELAY_LATE_AIRCRAFT
SEA,4,5174,-2.57,-6.57,878,30.76,25.5,308,122.54,118.04,DELAY_CARRIER|DELAY_NAS|DELAY_LATE_AIRCRAFT
SEA,5,5406,-1.64,-6.11,1264,30.52,25.04,361,127.43,122.02,DELAY_LATE_AIRCRAFT|DELAY_CARRIER|DELAY_NAS
SEA,6,5506,-0.81,-6.16,1574,29.61,23.64,434,135.27,127.22,DELAY_LATE_AIRCRAFT|DELAY_CARRIER|DELAY_NAS
SEA,7,6022,-1.23,-4.46,1534,30.28,26.68,463,134.21,129.92,DELAY_LATE_AIRCRAFT|DELAY_CARRIER|DELAY_NAS
SEA,8,5941,-1.48,-3.77,1450,30.74,28.44,495,120.47,118.44,DELAY_LATE_AIRCRAFT|DELAY_CARRIER|DELAY_NAS
SEA,9,6026,-2.13,-4.7,1095,30.41,26.74,318,115.59,110.73,DELAY_CARRIER|DELAY_NAS|DELAY_LATE_AIRCRAFT
SEA,10,5843,-2.99,-7.23,787,29.01,24.03,213,127.99,122.06,DELAY_CARRIER|DELAY_NAS|DELAY_LATE_AIRCRAFT
SEA,11,5473,-3.33,-9.41,636,29.26,22.8,183,138.43,129.58,DELAY_CARRIER|DELAY_NAS|DELAY_LATE_AIRCRAFT
SEA,12,4954,-1.82,-9.3,940,30.42,23.21,307,129.24,122.19,DELAY_CARRIER|DELAY_LATE_AIRCRAFT|DELAY_NAS
SFB,1,288,-6.97,-14.52,46,30.48,23.26,21,141.05,132.62,DELAY_CARRIER|DELAY_LATE_AIRCRAFT|DELAY_NAS
SFB,2,310,-5.48,-5.33,57,32.89,34.61,14,161.5,163.0,DELAY_LATE_AIRCRAFT|DELAY_CARRIER|DELAY_NAS
SFB,3,340,-5.81,-7.59,67,33.1,30.0,35,121.71,124.46,DELAY_LATE_AIRCRAFT|DELAY_CARRIER|DELAY_NAS
SFB,4,314,-6.46,-8.25,37,26.81,27.32,23,137.48,138.09,DELAY_LATE_AIRCRAFT|DELAY_CARRIER|DELAY_NAS
SFB,5,307,-4.47,-7.31,52,30.48,28.71,27,142.26,139.48,DELAY_LATE_AIRCRAFT|DELAY_CARRIER|DELAY_NAS
SFB,6,358,-3.6,-6.66,93,31.67,31.43,42,155.0,155.14,DELAY_LATE_AIRCRAFT|DELAY_CARRIER|DELAY_NAS
SFB,7,364,-4.19,-7.88,75,31.16,30.69,56,141.36,143.13,DELAY_LATE_AIRCRAFT|DELAY_CARRIER|DELAY_WEATHER
SFB,8,247,-5.4,-9.27,50,32.54,28.84,38,131.42,128.34,DELAY_LATE_AIRCRAFT|DELAY_CARRIER|DELAY_WEATHER
SFB,9,207,-5.67,-11.05,31,31.23,27.1,21,128.1,124.52,DELAY_WEATHER|DELAY_CARRIER|DELAY_LATE_AIRCRAFT
SFB,10,285,-4.98,-10.31,32,26.03,23.38,23,149.61,147.39,CANC_WEATHER|DELAY_CARRIER|DELAY_LATE_AIRCRAFT
SFB,11,269,-6.54,-10.31,63,29.63,31.94,15,90.07,92.2,DELAY_LATE_AIRCRAFT|DELAY_CARRIER|DELAY_NAS
SFB,12,286,-3.49,-5.98,103,32.2,27.97,57,150.91,149.88,DELAY_CARRIER|DELAY_LATE_AIRCRAFT|DELAY_NAS
SFO,1,3729,-2.38,-8.23,672,31.11,23.25,360,151.74,141.66,DELAY_LATE_AIRCRAFT|DELAY_CARRIER|CANC_CARRIER
SFO,2,3458,-1.97,-10.02,829,31.8,22.5,481,155.74,147.68,DELAY_LATE_AIRCRAFT|DELAY_CARRIER|DELAY_NAS
SFO,3,3867,-1.72,-7.17,1068,32.91,26.59,512,143.02,134.98,DELAY_LATE_AIRCRAFT|DELAY_NAS|DELAY_CARRIER
SFO,4,3752,-1.9,-11.35,1008,31.86,23.45,550,123.94,115.57,DELAY_LATE_AIRCRAFT|DELAY_NAS|DELAY_CARRIER
SFO,5,3885,-1.85,-11.45,1053,33.19,22.4,490,141.07,131.15,DELAY_LATE_AIRCRAFT|DELAY_CARRIER|DELAY_NAS
SFO,6,3835,-1.96,-11.95,841,31.19,21.84,457,151.16,141.12,DELAY_LATE_AIRCRAFT|DELAY_CARRIER|DELAY_NAS
SFO,7,4375,-2.3,-7.97,863,30.84,24.27,510,145.13,138.2,DELAY_LATE_AIRCRAFT|DELAY_CARRIER|DELAY_NAS
SFO,8,4694,-2.24,-8.32,905,31.79,25.25,396,139.04,132.2,DELAY_LATE_AIRCRAFT|DELAY_CARRIER|DELAY_NAS
SFO,9,4845,-3.12,-7.92,681,31.62,27.19,278,142.56,137.21,DELAY_LATE_AIRCRAFT|DELAY_CARRIER|DELAY_NAS
SFO,10,5285,-2.92,-9.36,716,30.43,24.11,302,136.34,131.15,DELAY_LATE_AIRCRAFT|DELAY_CARRIER|DELAY_NAS
SFO,11,4687,-2.85,-10.17,748,30.63,22.39,503,143.19,136.3,DELAY_LATE_AIRCRAFT|DELAY_CARRIER|DELAY_NAS
SFO,12,4622,-2.29,-8.88,861,32.48,24.58,475,136.48,128.53,DELAY_LATE_AIRCRAFT|DELAY_CARRIER|DELAY_NAS
SGF,1,196,-2.76,-5.72,37,32.35,37.62,30,183.87,202.07,DELAY_NAS|DELAY_CARRIER|CANC_WEATHER
SGF,2,246,-3.76,-9.39,24,25.33,13.25,12,96.25,81.83,DELAY_CARRIER|DELAY_NAS|DELAY_LATE_AIRCRAFT
SGF,3,269,-3.28,-8.6,27,29.0,19.48,35,153.97,150.86,DELAY_LATE_AIRCRAFT|DELAY_CARRIER|DELAY_NAS
SGF,4,271,-3.11,-8.6,25,29.4,33.08,27,185.63,189.89,DELAY_LATE_AIRCRAFT|DELAY_NAS|DELAY_CARRIER
SGF,5,264,-1.96,-5.75,61,29.52,29.2,48,189.44,192.63,DELAY_LATE_AIRCRAFT|DELAY_CARRIER|DELAY_NAS
SGF,6,316,-3.32,-8.54,68,31.4,27.66,39,160.74,155.74,DELAY_LATE_AIRCRAFT|DELAY_CARRIER|DELAY_NAS
SGF,7,299,-2.2,-5.37,67,28.79,23.51,50,164.78,164.74,DELAY_LATE_AIRCRAFT|DELAY_CARRIER|DELAY_NAS
SGF,8,353,-3.58,-8.18,57,31.35,26.09,40,175.58,172.55,DELAY_CARRIER|DELAY_LATE_AIRCRAFT|DELAY_NAS
SGF,9,375,-3.89,-8.96,49,28.73,25.16,31,137.1,134.55,DELAY_CARRIER|DELAY_LATE_AIRCRAFT|DELAY_NAS
SGF,10,385,-3.74,-8.38,40,28.0,19.3,24,234.83,225.92,DELAY_CARRIER|DELAY_LATE_AIRCRAFT|DELAY_NAS
SGF,11,306,-3.58,-7.98,40,31.75,26.83,23,164.35,168.48,DELAY_CARRIER|DELAY_LATE_AIRCRAFT|DELAY_NAS
SGF,12,288,-2.06,-6.3,76,33.62,28.16,27,171.33,165.93,DELAY_LATE_AIRCRAFT|DELAY_CARRIER|DELAY_NAS
SGU,1,95,-6.23,-8.35,10,33.5,29.9,1,96.0,88.0,DELAY_CARRIER|DELAY_NAS|DELAY_LATE_AIRCRAFT
SGU,2,82,-4.9,-7.63,9,27.11,25.78,3,191.0,182.33,DELAY_CARRIER|DELAY_LATE_AIRCRAFT|DELAY_NAS
SGU,3,98,-7.13,-11.62,2,26.5,22.5,3,125.67,133.33,DELAY_CARRIER|CANC_WEATHER|DELAY_WEATHER
SGU,4,114,-5.51,-9.5,9,28.44,28.67,7,388.71,385.14,DELAY_CARRIER|DELAY_NAS|DELAY_WEATHER
SGU,5,108,-4.67,-10.58,5,30.0,25.4,4,198.5,195.0,DELAY_WEATHER|DELAY_CARRIER|CANC_WEATHER
SGU,6,85,-5.27,-8.33,1,30.0,10.0,4,148.25,137.5,DELAY_CARRIER|DELAY_WEATHER|DELAY_LATE_AIRCRAFT
SGU,7,96,-6.93,-12.1,13,42.15,35.69,7,153.29,144.14,DELAY_CARRIER|DELAY_WEATHER|DELAY_LATE_AIRCRAFT
SGU,8,87,-6.56,-14.45,8,34.75,32.63,13,255.38,252.15,DELAY_CARRIER|DELAY_WEATHER|DELAY_LATE_AIRCRAFT
SGU,9,144,-6.58,-12.34,5,24.6,28.2,3,209.0,202.33,DELAY_CARRIER|DELAY_LATE_AIRCRAFT|DELAY_NAS
SGU,10,157,-7.58,-15.98,13,33.92,27.69,8,143.5,140.38,DELAY_CARRIER|DELAY_WEATHER|DELAY_NAS
SGU,11,127,-7.13,-16.94,7,32.0,27.14,6,172.33,162.33,DELAY_LATE_AIRCRAFT|DELAY_WEATHER|DELAY_CARRIER
SGU,12,125,-6.52,-15.02,8,39.13,32.38,5,235.0,222.4,DELAY_CARRIER|DELAY_NAS|DELAY_LATE_AIRCRAFT
SHR,1,30,-6.8,-18.87,2,22.0,8.0,4,179.25,171.0,DELAY_CARRIER|CANC_WEATHER|DELAY_LATE_AIRCRAFT
SHR,2,32,-7.88,-18.5,0,,,0,,,CANC_WEATHER|DELAY_CARRIER|DELAY_NAS
SHR,3,25,-7.84,-17.64,1,23.0,3.0,0,,,CANC_WEATHER|DELAY_NAS
SHR,4,28,-7.68,-4.96,0,,,0,,,DELAY_CARRIER
SHR,5,25,-10.36,-7.28,2,40.0,32.0,2,220.0,220.5,DELAY_CARRIER|DELAY_LATE_AIRCRAFT|CANC_WEATHER
SHR,6,26,-5.85,-4.69,2,36.0,30.5,2,269.5,265.5,DELAY_CARRIER|DELAY_LATE_AIRCRAFT
SHR,7,27,-8.52,-6.96,1,60.0,68.0,2,72.5,66.5,DELAY_CARRIER|DELAY_LATE_AIRCRAFT
SHR,8,32,-6.72,-4.34,1,21.0,13.0,1,120.0,122.0,DELAY_NAS|DELAY_CARRIER|DELAY_LATE_AIRCRAFT
SHR,9,32,-5.25,-5.28,1,24.0,28.0,0,,,DELAY_CARRIER
SHR,10,29,-7.48,-5.83,1,19.0,28.0,0,,,DELAY_CARRIER|DELAY_NAS
SHR,11,22,-9.27,-10.73,1,59.0,70.0,1,88.0,88.0,DELAY_CARRIER
SHR,12,36,-9.78,-17.08,1,17.0,20.0,1,261.0,271.0,DELAY_CARRIER|DELAY_LATE_AIRCRAFT
SHV,1,114,-3.66,-4.37,7,26.57,20.86,9,326.56,326.67,CANC_WEATHER|DELAY_NAS|DELAY_LATE_AIRCRAFT
SHV,2,116,-4.55,-5.52,10,24.5,25.9,5,99.2,99.6,DELAY_LATE_AIRCRAFT|DELAY_NAS|DELAY_CARRIER
SHV,3,142,-4.85,-10.7,16,31.31,26.44,10,160.2,156.9,DELAY_LATE_AIRCRAFT|DELAY_NAS|DELAY_WEATHER
SHV,4,138,-3.78,-9.72,15,27.0,18.33,15,194.8,199.2,DELAY_LATE_AIRCRAFT|DELAY_WEATHER|CANC_WEATHER
SHV,5,114,-1.7,-6.16,22,30.18,34.05,20,170.7,167.9,DELAY_LATE_AIRCRAFT|DELAY_NAS|DELAY_WEATHER
SHV,6,145,-4.26,-8.95,21,37.76,36.81,11,124.45,117.64,DELAY_LATE_AIRCRAFT|DELAY_CARRIER|DELAY_WEATHER
SHV,7,143,-3.06,-8.59,41,32.59,28.41,26,198.54,191.85,DELAY_LATE_AIRCRAFT|DELAY_CARRIER|CANC_CARRIER
SHV,8,171,-5.25,-9.29,15,38.73,34.73,13,113.38,112.77,DELAY_LATE_AIRCRAFT|DELAY_CARRIER|DELAY_NAS
SHV,9,176,-4.82,-9.95,17,33.06,32.06,12,120.0,110.33,DELAY_LATE_AIRCRAFT|DELAY_CARRIER|DELAY_NAS
SHV,10,184,-4.57,-10.83,21,31.0,22.9,5,115.8,107.4,DELAY_LATE_AIRCRAFT|DELAY_CARRIER|DELAY_NAS
SHV,11,180,-5.3,-11.14,8,26.25,18.38,5,128.2,123.0,DELAY_CARRIER|DELAY_NAS|DELAY_LATE_AIRCRAFT
SHV,12,178,-2.89,-8.94,22,31.18,26.5,20,136.95,131.8,DELAY_CARRIER|DELAY_LATE_AIRCRAFT|DELAY_NAS
SIT,1,32,-14.0,-15.72,5,35.4,45.0,3,103.67,108.67,DELAY_LATE_AIRCRAFT|CANC_CARRIER|CANC_WEATHER
SIT,2,40,-14.78,-14.4,4,29.0,27.25,3,132.33,137.67,DELAY_CARRIER|DELAY_LATE_AIRCRAFT|DELAY_NAS
SIT,3,41,-11.9,-12.46,4,38.25,41.25,0,,,DELAY_LATE_AIRCRAFT|CANC_CARRIER|CANC_WEATHER
SIT,4,43,-10.77,-11.7,3,31.33,45.67,1,98.0,87.0,DELAY_CARRIER|DELAY_NAS
SIT,5,44,-10.91,-11.34,8,27.88,22.5,2,173.0,177.0,DELAY_LATE_AIRCRAFT|DELAY_CARRIER
SIT,6,67,-10.79,-9.06,8,37.88,39.13,5,312.2,297.0,DELAY_LATE_AIRCRAFT|DELAY_CARRIER|CANC_WEATHER
SIT,7,93,-8.7,-8.75,9,30.56,28.0,3,333.67,334.67,DELAY_LATE_AIRCRAFT|DELAY_NAS|DELAY_CARRIER
SIT,8,70,-6.47,-6.86,6,36.5,29.67,5,251.2,243.4,DELAY_LATE_AIRCRAFT|DELAY_WEATHER|CANC_WEATHER
SIT,9,55,-11.18,-11.42,4,25.5,27.75,2,128.5,127.5,DELAY_LATE_AIRCRAFT|CANC_CARRIER|DELAY_CARRIER
SIT,10,45,-11.44,-12.42,2,33.0,28.0,2,115.5,114.5,DELAY_LATE_AIRCRAFT|DELAY_WEATHER
SIT,11,44,-10.84,-10.59,5,33.8,38.4,0,,,DELAY_LATE_AIRCRAFT|DELAY_NAS|DELAY_CARRIER
SIT,12,40,-11.7,-11.28,3,38.33,54.67,1,83.0,76.0,DELAY_NAS|DELAY_LATE_AIRCRAFT|DELAY_WEATHER
SJC,1,1590,-3.06,-8.85,229,31.8,24.46,78,109.05,100.95,DELAY_LATE_AIRCRAFT|DELAY_CARRIER|DELAY_NAS
SJC,2,1495,-2.84,-9.81,178,30.87,23.59,67,130.27,123.39,DELAY_LATE_AIRCRAFT|DELAY_CARRIER|DELAY_NAS
SJC,3,1682,-2.55,-6.89,196,30.18,24.28,79,122.47,121.05,DELAY_LATE_AIRCRAFT|DELAY_CARRIER|DELAY_NAS
SJC,4,1695,-2.74,-7.57,195,29.1,22.52,65,107.25,101.43,DELAY_LATE_AIRCRAFT|DELAY_CARRIER|DELAY_NAS
SJC,5,1740,-2.6,-7.8,243,30.51,25.05,84,132.62,125.94,DELAY_LATE_AIRCRAFT|DELAY_CARRIER|DELAY_NAS
SJC,6,1731,-1.78,-6.22,327,29.33,24.14,126,119.49,115.05,DELAY_LATE_AIRCRAFT|DELAY_CARRIER|DELAY_NAS
SJC,7,1791,-2.32,-5.99,247,31.28,27.87,150,130.93,125.35,DELAY_LATE_AIRCRAFT|DELAY_CARRIER|DELAY_NAS
SJC,8,1892,-3.24,-7.77,244,29.29,24.05,87,128.86,122.93,DELAY_LATE_AIRCRAFT|DELAY_NAS|DELAY_CARRIER
SJC,9,1860,-3.72,-7.51,222,31.05,28.14,80,112.01,106.94,DELAY_LATE_AIRCRAFT|DELAY_NAS|DELAY_CARRIER
SJC,10,1875,-3.57,-9.14,250,30.74,24.58,108,134.4,129.65,DELAY_LATE_AIRCRAFT|DELAY_CARRIER|DELAY_NAS
SJC,11,1792,-3.41,-10.27,176,30.41,21.5,74,109.78,102.58,DELAY_LATE_AIRCRAFT|DELAY_NAS|DELAY_CARRIER
SJC,12,1667,-2.67,-9.7,269,30.51,24.72,105,130.85,124.82,DELAY_LATE_AIRCRAFT|DELAY_CARRIER|DELAY_NAS
SJT,1,28,-6.5,-6.61,13,33.69,32.08,5,427.0,424.8,DELAY_LATE_AIRCRAFT|DELAY_WEATHER|CANC_WEATHER
SJT,2,38,-6.05,-10.89,3,29.0,24.0,4,125.5,123.25,DELAY_LATE_AIRCRAFT|DELAY_NAS|DELAY_CARRIER
SJT,3,33,-6.76,-10.7,1,29.0,16.0,1,89.0,70.0,DELAY_LATE_AIRCRAFT|DELAY_NAS|CANC_WEATHER
SJT,4,36,-4.61,-8.19,3,31.67,26.33,2,86.0,108.0,DELAY_LATE_AIRCRAFT|CANC_NAS|DELAY_CARRIER
SJT,5,25,-5.48,-8.92,4,27.25,28.75,2,690.5,693.0,DELAY_CARRIER|CANC_WEATHER|DELAY_LATE_AIRCRAFT
SJT,6,40,-5.45,-6.13,3,36.67,32.67,4,146.5,149.0,DELAY_NAS|CANC_CARRIER|DELAY_CARRIER
SJT,7,33,-3.64,-0.09,1,39.0,33.0,6,121.67,115.83,DELAY_NAS|DELAY_CARRIER|DELAY_LATE_AIRCRAFT
SJT,8,47,-6.36,-6.77,2,31.0,34.5,5,147.8,143.6,DELAY_LATE_AIRCRAFT|DELAY_CARRIER|DELAY_NAS
SJT,9,33,-6.24,-1.3,2,23.5,22.0,1,431.0,423.0,DELAY_CARRIER|DELAY_LATE_AIRCRAFT|CANC_CARRIER
SJT,10,40,-5.48,-8.03,4,34.0,26.5,0,,,DELAY_CARRIER|DELAY_NAS|DELAY_LATE_AIRCRAFT
SJT,11,35,-5.2,-3.74,4,28.5,34.0,7,158.14,153.29,DELAY_CARRIER|DELAY_LATE_AIRCRAFT|DELAY_WEATHER
SJT,12,40,-4.1,-11.73,3,37.67,23.67,4,106.0,89.5,DELAY_CARRIER|DELAY_WEATHER|CANC_WEATHER
SJU,1,1094,-2.86,-6.27,261,31.49,28.81,147,156.63,153.18,DELAY_LATE_AIRCRAFT|DELAY_CARRIER|DELAY_NAS
SJU,2,1034,-3.22,-3.86,181,33.02,29.12,104,189.67,184.21,DELAY_LATE_AIRCRAFT|DELAY_NAS|DELAY_CARRIER
SJU,3,1055,-2.78,-2.88,250,33.01,31.89,166,189.37,188.31,DELAY_LATE_AIRCRAFT|DELAY_NAS|DELAY_CARRIER
SJU,4,1157,-3.63,-7.08,162,32.41,28.8,101,146.7,140.8,DELAY_LATE_AIRCRAFT|DELAY_NAS|DELAY_CARRIER
SJU,5,1162,-3.17,-7.35,230,31.66,30.21,137,166.54,159.39,DELAY_LATE_AIRCRAFT|DELAY_NAS|DELAY_CARRIER
SJU,6,1238,-2.56,-6.43,275,32.72,29.4,160,174.03,170.13,DELAY_LATE_AIRCRAFT|DELAY_NAS|DELAY_CARRIER
SJU,7,1236,-2.19,-7.09,309,32.59,28.06,200,169.42,162.38,DELAY_LATE_AIRCRAFT|DELAY_CARRIER|DELAY_NAS
SJU,8,999,-2.91,-8.04,274,33.19,26.14,212,153.0,147.74,DELAY_LATE_AIRCRAFT|DELAY_CARRIER|DELAY_NAS
SJU,9,889,-3.52,-9.19,89,29.28,21.54,72,155.13,144.97,DELAY_CARRIER|DELAY_LATE_AIRCRAFT|DELAY_NAS
SJU,10,959,-4.09,-10.21,132,29.75,20.12,61,187.92,178.31,DELAY_LATE_AIRCRAFT|DELAY_CARRIER|DELAY_NAS
SJU,11,1128,-3.67,-11.32,179,32.15,23.12,66,165.94,159.42,DELAY_CARRIER|DELAY_LATE_AIRCRAFT|DELAY_NAS
SJU,12,1318,-3.89,-7.6,311,31.4,27.18,137,154.01,150.59,DELAY_LATE_AIRCRAFT|DELAY_CARRIER|DELAY_NAS
SLC,1,3747,-2.32,-7.23,612,31.67,26.77,332,169.51,166.48,DELAY_CARRIER|DELAY_NAS|DELAY_LATE_AIRCRAFT
SLC,2,3829,-3.09,-10.03,443,28.7,21.86,185,128.26,122.94,DELAY_CARRIER|DELAY_NAS|DELAY_LATE_AIRCRAFT
SLC,3,3968,-2.6,-7.88,517,30.63,27.43,265,143.4,141.77,DELAY_CARRIER|DELAY_NAS|DELAY_LATE_AIRCRAFT
SLC,4,4019,-3.48,-9.05,472,31.88,26.36,216,138.08,133.73,DELAY_CARRIER|DELAY_LATE_AIRCRAFT|DELAY_NAS
SLC,5,3900,-2.77,-7.81,576,31.15,25.29,275,139.05,135.47,DELAY_CARRIER|DELAY_LATE_AIRCRAFT|DELAY_NAS
SLC,6,3802,-2.63,-7.65,645,31.65,25.95,328,159.82,153.4,DELAY_CARRIER|DELAY_LATE_AIRCRAFT|DELAY_NAS
SLC,7,3667,-2.63,-6.91,695,31.42,26.65,446,157.73,151.41,DELAY_CARRIER|DELAY_LATE_AIRCRAFT|DELAY_NAS
SLC,8,3887,-2.95,-6.27,609,31.87,27.85,318,150.39,145.92,DELAY_CARRIER|DELAY_LATE_AIRCRAFT|DELAY_NAS
SLC,9,4108,-3.8,-8.06,431,30.35,25.13,174,139.02,132.54,DELAY_CARRIER|DELAY_NAS|DELAY_LATE_AIRCRAFT
SLC,10,4168,-4.05,-9.3,357,30.53,24.25,144,147.66,143.75,DELAY_CARRIER|DELAY_NAS|DELAY_LATE_AIRCRAFT
SLC,11,3864,-4.25,-9.52,330,29.9,24.74,156,143.97,136.97,DELAY_CARRIER|DELAY_NAS|DELAY_LATE_AIRCRAFT
SLC,12,3900,-3.18,-10.61,547,30.69,22.1,282,147.99,141.7,DELAY_CARRIER|DELAY_LATE_AIRCRAFT|DELAY_NAS
SLN,1,19,-8.95,-15.05,3,34.0,28.0,2,116.0,109.0,DELAY_LATE_AIRCRAFT|CANC_WEATHER|DELAY_NAS
SLN,2,28,-10.11,-14.25,2,26.5,18.5,1,62.0,48.0,DELAY_CARRIER|DELAY_WEATHER
SLN,3,31,-9.42,-11.58,2,27.5,28.0,1,68.0,59.0,DELAY_CARRIER|DELAY_LATE_AIRCRAFT|CANC_WEATHER
SLN,4,25,-8.04,-13.36,4,48.5,36.25,1,81.0,86.0,DELAY_CARRIER|DELAY_LATE_AIRCRAFT|CANC_WEATHER
SLN,5,24,-6.92,-8.38,3,21.0,21.0,9,149.67,145.78,DELAY_CARRIER|DELAY_LATE_AIRCRAFT|CANC_WEATHER
SLN,6,24,-7.92,-14.33,3,35.67,32.0,3,101.0,115.0,DELAY_WEATHER|DELAY_CARRIER|DELAY_NAS
SLN,7,13,-5.23,-12.31,3,26.0,73.0,1,79.0,75.0,DELAY_CARRIER|DELAY_LATE_AIRCRAFT|DELAY_NAS
SLN,8,21,-7.76,-11.71,4,38.25,45.0,2,241.0,229.5,DELAY_CARRIER|DELAY_LATE_AIRCRAFT|DELAY_NAS
SLN,9,25,-8.08,-13.04,3,31.67,25.0,2,296.0,287.5,DELAY_LATE_AIRCRAFT|DELAY_CARRIER|DELAY_WEATHER
SLN,10,27,-8.78,-9.85,1,16.0,11.0,0,,,DELAY_CARRIER
SLN,11,20,-7.85,-4.7,5,26.0,22.4,3,231.33,230.67,DELAY_CARRIER|CANC_WEATHER|DELAY_LATE_AIRCRAFT
SLN,12,30,-6.93,-6.1,3,46.67,43.67,3,113.0,116.0,DELAY_CARRIER|DELAY_LATE_AIRCRAFT
SMF,1,1640,-2.64,-8.46,236,30.53,22.78,91,133.9,126.33,DELAY_LATE_AIRCRAFT|DELAY_CARRIER|DELAY_NAS
SMF,2,1563,-2.82,-9.14,173,30.62,25.29,85,131.15,128.4,DELAY_LATE_AIRCRAFT|DELAY_NAS|DELAY_CARRIER
SMF,3,1847,-2.25,-6.75,226,29.58,26.05,98,122.92,119.34,DELAY_LATE_AIRCRAFT|DELAY_CARRIER|DELAY_NAS
SMF,4,1830,-2.49,-7.37,272,31.55,25.65,107,124.9,120.5,DELAY_LATE_AIRCRAFT|DELAY_CARRIER|DELAY_NAS
SMF,5,1823,-1.88,-7.37,328,30.39,23.74,136,148.7,144.09,DELAY_LATE_AIRCRAFT|DELAY_CARRIER|DELAY_NAS
SMF,6,1854,-1.35,-6.81,360,30.26,23.74,143,146.41,141.0,DELAY_LATE_AIRCRAFT|DELAY_CARRIER|DELAY_NAS
SMF,7,1885,-1.82,-6.05,361,32.72,29.57,176,161.72,158.88,DELAY_LATE_AIRCRAFT|DELAY_CARRIER|DELAY_NAS
SMF,8,2111,-2.92,-7.91,281,30.2,23.59,132,129.51,123.08,DELAY_LATE_AIRCRAFT|DELAY_CARRIER|DELAY_NAS
SMF,9,2005,-3.04,-8.08,254,29.53,24.65,82,139.2,137.24,DELAY_LATE_AIRCRAFT|DELAY_NAS|DELAY_CARRIER
SMF,10,2134,-3.24,-9.75,251,31.71,27.06,97,126.93,125.48,DELAY_LATE_AIRCRAFT|DELAY_NAS|DELAY_CARRIER
SMF,11,1976,-2.93,-9.85,277,29.73,21.68,80,138.98,137.45,DELAY_LATE_AIRCRAFT|DELAY_CARRIER|DELAY_NAS
SMF,12,1687,-2.15,-9.04,334,31.47,24.37,157,162.12,157.43,DELAY_LATE_AIRCRAFT|DELAY_CARRIER|DELAY_NAS
SMX,1,4,-11.0,-5.25,0,,,1,98.0,92.0,DELAY_LATE_AIRCRAFT
SMX,2,4,-7.0,2.0,0,,,1,203.0,210.0,DELAY_LATE_AIRCRAFT|DELAY_NAS
SMX,3,4,4.25,15.75,1,31.0,45.0,0,,,DELAY_LATE_AIRCRAFT|DELAY_NAS
SMX,4,4,-4.25,-4.5,0,,,0,,,N/D
SMX,5,2,0.0,-1.5,0,,,1,69.0,85.0,DELAY_LATE_AIRCRAFT
SMX,6,3,-1.0,-4.33,1,24.0,14.0,1,67.0,65.0,DELAY_LATE_AIRCRAFT
SMX,7,2,-8.0,-8.5,0,,,0,,,N/D
SMX,8,5,-9.2,-12.2,1,22.0,33.0,0,,,DELAY_SECURITY
SMX,9,1,-7.0,-24.0,1,31.0,32.0,3,110.33,111.0,DELAY_LATE_AIRCRAFT|DELAY_CARRIER|DELAY_WEATHER
SMX,10,2,0.5,-7.0,1,31.0,39.0,2,627.0,624.5,DELAY_LATE_AIRCRAFT|DELAY_NAS
SMX,11,5,-11.8,-18.4,1,16.0,28.0,1,68.0,57.0,DELAY_LATE_AIRCRAFT|DELAY_NAS
SMX,12,4,-10.5,-11.5,2,36.5,34.5,0,,,DELAY_LATE_AIRCRAFT
SNA,1,1438,-3.5,-8.22,210,32.13,26.49,92,170.22,164.72,DELAY_LATE_AIRCRAFT|DELAY_NAS|DELAY_CARRIER
SNA,2,1354,-3.27,-11.64,197,31.53,23.62,98,159.39,153.99,DELAY_LATE_AIRCRAFT|DELAY_NAS|DELAY_CARRIER
SNA,3,1483,-3.09,-8.63,261,32.15,29.53,123,149.72,147.09,DELAY_NAS|DELAY_LATE_AIRCRAFT|DELAY_CARRIER
SNA,4,1432,-3.48,-10.11,243,31.51,24.85,114,154.82,149.24,DELAY_LATE_AIRCRAFT|DELAY_NAS|DELAY_CARRIER
SNA,5,1409,-3.2,-10.05,263,30.7,23.19,125,173.46,164.95,DELAY_LATE_AIRCRAFT|DELAY_NAS|DELAY_CARRIER
SNA,6,1392,-3.1,-8.77,233,31.66,25.52,113,115.27,108.29,DELAY_LATE_AIRCRAFT|DELAY_NAS|DELAY_CARRIER
SNA,7,1441,-3.58,-9.33,238,32.45,25.92,137,169.62,165.09,DELAY_LATE_AIRCRAFT|DELAY_NAS|DELAY_CARRIER
SNA,8,1496,-3.87,-8.39,204,33.13,27.2,95,115.31,112.13,DELAY_LATE_AIRCRAFT|DELAY_CARRIER|DELAY_NAS
SNA,9,1487,-3.83,-9.42,179,30.13,23.99,60,165.88,158.68,DELAY_LATE_AIRCRAFT|DELAY_NAS|DELAY_CARRIER
SNA,10,1578,-3.99,-9.9,193,30.46,23.65,80,153.8,149.56,DELAY_LATE_AIRCRAFT|DELAY_NAS|DELAY_CARRIER
SNA,11,1529,-4.14,-11.12,182,28.68,20.81,76,164.64,158.18,DELAY_LATE_AIRCRAFT|DELAY_NAS|DELAY_CARRIER
SNA,12,1484,-3.78,-9.48,191,30.51,22.66,139,177.6,172.77,DELAY_LATE_AIRCRAFT|DELAY_NAS|DELAY_CARRIER
SPI,1,3,-3.33,2.67,4,40.0,42.5,0,,,DELAY_NAS|DELAY_WEATHER
SPI,2,3,4.33,-1.0,1,30.0,13.0,0,,,N/D
SPI,3,2,-2.5,-12.5,3,45.33,51.0,0,,,DELAY_LATE_AIRCRAFT|DELAY_CARRIER
SPI,4,6,-0.83,-9.67,0,,,1,69.0,65.0,DELAY_LATE_AIRCRAFT
SPI,5,4,-1.25,-8.75,2,22.5,8.5,0,,,DELAY_NAS
SPI,6,0,,,1,56.0,38.0,2,153.5,162.0,DELAY_LATE_AIRCRAFT|DELAY_CARRIER
SPI,7,3,6.67,-3.67,0,,,0,,,N/D
SPI,8,1,-10.0,-30.0,0,,,0,,,N/D
SPI,10,2,4.0,-3.5,1,45.0,47.0,1,109.0,215.0,DELAY_NAS|CANC_WEATHER
SPI,11,2,2.5,-5.5,1,41.0,28.0,0,,,DELAY_CARRIER
SPI,12,5,-3.4,-13.0,2,32.0,10.0,2,70.5,75.5,DELAY_LATE_AIRCRAFT
SPN,1,15,-15.2,-21.87,1,29.0,28.0,0,,,DELAY_CARRIER
SPN,2,17,-10.06,-14.82,0,,,0,,,N/D
SPN,3,16,-11.81,-16.25,0,,,0,,,N/D
SPN,4,10,-13.9,-17.1,0,,,0,,,N/D
SPN,5,14,-9.21,-15.21,0,,,0,,,N/D
SPN,6,10,-1.7,-6.1,4,30.25,35.0,0,,,DELAY_CARRIER|DELAY_NAS
SPN,7,13,2.69,0.62,3,28.33,27.0,0,,,DELAY_CARRIER|DELAY_WEATHER
SPN,8,12,0.25,-1.5,3,37.67,35.33,2,89.5,97.0,DELAY_LATE_AIRCRAFT
SPN,9,12,-6.25,-5.92,0,,,0,,,CANC_NAS
SPN,10,11,-9.73,-12.45,1,23.0,16.0,1,262.0,277.0,DELAY_CARRIER
SPN,11,13,-9.08,-15.15,1,33.0,25.0,0,,,CANC_NAS|DELAY_CARRIER
SPN,12,10,-5.7,-9.7,1,15.0,14.0,0,,,N/D
SPS,1,19,-10.37,-16.42,4,26.25,22.5,6,134.33,133.0,DELAY_CARRIER|DELAY_WEATHER|CANC_CARRIER
SPS,2,29,-7.38,-11.9,3,25.67,32.33,2,166.5,160.5,DELAY_CARRIER|DELAY_NAS|DELAY_WEATHER
SPS,3,22,-6.95,-17.23,2,28.0,25.0,2,262.0,241.0,DELAY_CARRIER|DELAY_WEATHER
SPS,4,22,-7.41,-14.77,2,41.0,42.0,3,96.0,103.67,DELAY_CARRIER|CANC_WEATHER|DELAY_LATE_AIRCRAFT
SPS,5,21,-3.57,-7.62,1,37.0,29.0,3,158.67,160.67,DELAY_CARRIER|DELAY_WEATHER|CANC_WEATHER
SPS,6,24,-8.08,-15.5,2,39.0,30.5,2,104.0,95.0,DELAY_CARRIER|DELAY_LATE_AIRCRAFT|DELAY_WEATHER
SPS,7,25,-7.12,-8.24,1,53.0,74.0,2,139.0,147.0,DELAY_WEATHER
SPS,8,33,-7.64,-11.73,1,18.0,11.0,1,431.0,418.0,DELAY_CARRIER
SPS,9,30,-7.07,-8.67,0,,,1,187.0,183.0,DELAY_WEATHER
SPS,10,23,-6.04,-12.22,2,31.5,24.5,4,225.75,212.75,DELAY_CARRIER|DELAY_LATE_AIRCRAFT
SPS,11,29,-1.59,-9.93,3,38.67,29.67,2,162.5,154.0,DELAY_WEATHER|DELAY_CARRIER|CANC_WEATHER
SPS,12,30,-3.07,-11.07,1,30.0,37.0,1,117.0,113.0,DELAY_CARRIER|DELAY_NAS
SRQ,1,582,-5.05,-12.43,106,29.54,21.63,86,180.44,174.02,DELAY_LATE_AIRCRAFT|DELAY_CARRIER|DELAY_NAS
SRQ,2,659,-5.47,-8.06,65,32.72,24.23,37,174.08,174.54,DELAY_LATE_AIRCRAFT|DELAY_NAS|DELAY_CARRIER
SRQ,3,715,-4.68,-8.48,126,31.24,24.6,71,200.72,198.3,DELAY_LATE_AIRCRAFT|DELAY_NAS|DELAY_CARRIER
SRQ,4,684,-4.38,-7.84,71,29.54,28.11,51,191.27,184.24,DELAY_LATE_AIRCRAFT|DELAY_NAS|DELAY_CARRIER
SRQ,5,534,-3.64,-6.69,87,28.79,26.67,67,164.18,165.61,DELAY_LATE_AIRCRAFT|DELAY_NAS|DELAY_CARRIER
SRQ,6,444,-3.94,-7.89,74,29.78,24.22,37,208.86,204.22,DELAY_LATE_AIRCRAFT|DELAY_NAS|DELAY_CARRIER
SRQ,7,412,-4.79,-8.66,95,34.8,33.42,66,179.53,177.45,DELAY_LATE_AIRCRAFT|DELAY_CARRIER|DELAY_NAS
SRQ,8,361,-5.21,-7.59,53,34.58,30.98,40,136.18,134.68,DELAY_LATE_AIRCRAFT|DELAY_NAS|CANC_WEATHER
SRQ,9,352,-6.53,-10.03,31,33.48,26.42,18,129.06,119.56,CANC_WEATHER|DELAY_LATE_AIRCRAFT|DELAY_CARRIER
SRQ,10,386,-7.98,-11.85,30,31.1,27.37,21,137.81,129.48,CANC_WEATHER|CANC_NAS|DELAY_LATE_AIRCRAFT
SRQ,11,582,-6.56,-10.24,60,33.43,28.55,27,152.0,149.93,DELAY_LATE_AIRCRAFT|DELAY_NAS|DELAY_CARRIER
SRQ,12,598,-5.59,-9.45,97,30.64,26.85,67,265.54,263.07,DELAY_LATE_AIRCRAFT|DELAY_NAS|DELAY_CARRIER
STC,1,6,-2.17,-9.0,2,42.0,38.0,1,1037.0,1014.0,DELAY_NAS|DELAY_WEATHER
STC,2,10,-6.9,-19.2,1,18.0,-23.0,1,103.0,80.0,DELAY_LATE_AIRCRAFT
STC,3,8,-15.63,-33.75,1,16.0,45.0,1,183.0,174.0,DELAY_NAS|DELAY_WEATHER
STC,4,7,-15.43,-30.57,0,,,0,,,N/D
STC,5,4,-7.5,0.75,0,,,0,,,DELAY_NAS
STC,6,5,-2.6,-7.8,0,,,0,,,N/D
STC,7,3,-7.0,-22.0,0,,,0,,,CANC_CARRIER
STC,8,0,,,1,33.0,13.0,0,,,N/D
STC,10,4,0.0,-10.75,1,50.0,41.0,0,,,DELAY_CARRIER
STC,11,4,-3.25,-8.0,1,25.0,12.0,0,,,N/D
STC,12,3,6.33,-19.67,4,26.25,11.5,0,,,CANC_WEATHER|DELAY_CARRIER|DELAY_NAS
STL,1,1744,-1.85,-6.13,423,31.08,28.44,178,144.54,146.62,DELAY_LATE_AIRCRAFT|DELAY_CARRIER|DELAY_NAS
STL,2,1929,-3.01,-8.85,282,28.57,24.48,98,148.17,143.77,DELAY_LATE_AIRCRAFT|DELAY_NAS|DELAY_CARRIER
STL,3,2044,-2.33,-8.34,444,30.34,24.75,166,132.79,131.43,DELAY_LATE_AIRCRAFT|DELAY_NAS|DELAY_CARRIER
STL,4,2158,-2.06,-7.8,358,30.22,24.92,169,133.89,130.78,DELAY_LATE_AIRCRAFT|DELAY_CARRIER|DELAY_NAS
STL,5,2004,-1.0,-5.64,527,31.03,28.33,295,148.97,148.54,DELAY_LATE_AIRCRAFT|DELAY_NAS|DELAY_CARRIER
STL,6,2145,-0.97,-6.48,521,29.45,24.56,204,123.18,120.94,DELAY_LATE_AIRCRAFT|DELAY_CARRIER|DELAY_NAS
STL,7,1945,-0.76,-5.91,648,31.26,27.26,307,149.18,145.26,DELAY_LATE_AIRCRAFT|DELAY_CARRIER|DELAY_NAS
STL,8,2201,-2.34,-8.37,414,29.69,23.79,182,138.75,134.91,DELAY_LATE_AIRCRAFT|DELAY_CARRIER|DELAY_NAS
STL,9,2372,-2.88,-8.75,280,30.02,23.76,73,148.71,142.9,DELAY_LATE_AIRCRAFT|DELAY_CARRIER|DELAY_NAS
STL,10,2416,-3.1,-10.56,302,28.66,21.5,87,127.63,120.01,DELAY_LATE_AIRCRAFT|DELAY_CARRIER|DELAY_NAS
STL,11,2267,-2.99,-10.42,264,28.97,24.61,86,148.43,146.99,DELAY_LATE_AIRCRAFT|DELAY_NAS|DELAY_CARRIER
STL,12,2068,-1.47,-9.24,444,30.34,22.12,156,147.97,144.12,DELAY_LATE_AIRCRAFT|DELAY_CARRIER|DELAY_NAS
STS,1,104,-4.26,-4.62,14,25.93,21.5,12,146.83,139.42,DELAY_LATE_AIRCRAFT|DELAY_WEATHER|DELAY_CARRIER
STS,2,101,-3.98,-3.67,7,28.43,26.0,12,135.33,134.33,DELAY_LATE_AIRCRAFT|DELAY_NAS|DELAY_CARRIER
STS,3,125,-4.78,-1.1,11,30.0,34.73,2,69.0,67.5,DELAY_CARRIER|DELAY_NAS|DELAY_LATE_AIRCRAFT
STS,4,118,-4.03,-3.44,10,28.8,34.2,3,93.67,97.33,DELAY_LATE_AIRCRAFT|DELAY_CARRIER|DELAY_NAS
STS,5,89,-3.19,-0.11,11,26.55,25.18,4,107.75,119.75,DELAY_LATE_AIRCRAFT|DELAY_NAS|DELAY_CARRIER
STS,6,92,-1.04,-0.16,25,30.32,32.28,12,201.58,198.33,DELAY_LATE_AIRCRAFT|DELAY_NAS|DELAY_CARRIER
STS,7,128,-3.63,-1.97,12,27.0,34.92,12,111.58,109.92,DELAY_CARRIER|DELAY_LATE_AIRCRAFT|DELAY_NAS
STS,8,138,-3.13,-1.3,29,31.93,33.55,4,77.25,77.0,DELAY_LATE_AIRCRAFT|DELAY_NAS|DELAY_CARRIER
STS,9,152,-4.16,-4.13,21,26.1,30.14,16,88.31,88.44,DELAY_LATE_AIRCRAFT|DELAY_NAS|DELAY_CARRIER
STS,10,130,-3.58,-1.9,24,33.96,33.75,12,195.58,195.17,DELAY_LATE_AIRCRAFT|DELAY_CARRIER|DELAY_NAS
STS,11,151,-2.93,-1.28,25,28.6,23.48,20,144.45,144.1,DELAY_CARRIER|DELAY_LATE_AIRCRAFT|DELAY_NAS
STS,12,144,-3.99,-3.03,28,30.61,29.64,19,132.79,135.0,DELAY_LATE_AIRCRAFT|DELAY_CARRIER|DELAY_NAS
STT,1,208,-6.98,-5.88,33,32.27,39.91,19,186.79,186.16,DELAY_LATE_AIRCRAFT|DELAY_NAS|DELAY_CARRIER
STT,2,185,-7.87,-4.13,30,29.3,32.13,23,259.57,258.09,DELAY_LATE_AIRCRAFT|DELAY_NAS|DELAY_CARRIER
STT,3,227,-5.77,-4.34,40,30.83,32.73,26,301.35,302.19,DELAY_LATE_AIRCRAFT|DELAY_NAS|DELAY_CARRIER
STT,4,208,-5.6,-6.75,42,32.88,30.43,15,133.6,125.0,DELAY_LATE_AIRCRAFT|DELAY_NAS|DELAY_CARRIER
STT,5,197,-4.03,-5.03,45,32.78,32.4,21,280.48,286.86,DELAY_NAS|DELAY_LATE_AIRCRAFT|DELAY_CARRIER
STT,6,191,-4.39,-9.8,49,30.73,27.31,25,157.76,158.92,DELAY_LATE_AIRCRAFT|DELAY_NAS|DELAY_CARRIER
STT,7,169,-4.38,-7.41,42,32.29,26.45,23,275.74,277.48,DELAY_LATE_AIRCRAFT|DELAY_NAS|DELAY_CARRIER
STT,8,145,-6.76,-12.75,27,29.22,30.33,22,149.59,141.5,DELAY_LATE_AIRCRAFT|DELAY_NAS|DELAY_CARRIER
STT,9,87,-8.44,-16.44,9,26.89,22.33,6,356.33,348.83,DELAY_LATE_AIRCRAFT|DELAY_CARRIER|DELAY_NAS
STT,10,126,-8.9,-17.0,15,29.93,19.67,10,322.1,312.5,DELAY_LATE_AIRCRAFT|DELAY_CARRIER|DELAY_WEATHER
STT,11,146,-8.62,-18.53,13,26.92,16.08,12,209.17,204.83,DELAY_LATE_AIRCRAFT|DELAY_NAS|DELAY_CARRIER
STT,12,194,-7.72,-16.47,37,33.49,20.7,7,301.0,287.57,DELAY_LATE_AIRCRAFT|DELAY_NAS|DELAY_CARRIER
STX,1,57,-8.96,-4.09,13,27.85,32.62,8,503.88,505.38,DELAY_NAS|DELAY_LATE_AIRCRAFT|DELAY_CARRIER
STX,2,60,-9.23,-4.4,5,29.8,40.6,7,94.0,99.29,DELAY_NAS|DELAY_LATE_AIRCRAFT|DELAY_CARRIER
STX,3,49,-7.12,-1.14,4,32.5,26.25,10,233.4,243.9,DELAY_NAS|DELAY_LATE_AIRCRAFT|DELAY_CARRIER
STX,4,42,-4.74,-1.88,5,31.8,26.4,5,96.4,90.2,DELAY_LATE_AIRCRAFT|DELAY_NAS|CANC_WEATHER
STX,5,46,-5.3,-7.28,5,24.4,26.0,6,157.0,156.0,DELAY_LATE_AIRCRAFT|DELAY_NAS|DELAY_CARRIER
STX,6,38,-3.92,-3.11,7,39.86,43.43,9,248.0,245.78,DELAY_LATE_AIRCRAFT|DELAY_NAS|DELAY_WEATHER
STX,7,20,-6.0,-9.3,14,31.36,28.93,4,100.0,85.5,DELAY_LATE_AIRCRAFT|DELAY_CARRIER|CANC_CARRIER
STX,8,20,-1.35,-5.0,13,38.77,36.62,2,95.0,87.0,DELAY_LATE_AIRCRAFT|DELAY_NAS|DELAY_CARRIER
STX,9,16,-2.63,-5.0,3,26.33,22.0,1,62.0,68.0,DELAY_CARRIER|DELAY_LATE_AIRCRAFT
STX,10,16,-6.13,-12.38,3,30.0,19.67,2,873.0,860.0,DELAY_LATE_AIRCRAFT|DELAY_CARRIER|DELAY_NAS
STX,11,27,-6.37,-13.7,7,23.14,10.86,1,119.0,147.0,DELAY_LATE_AIRCRAFT|DELAY_CARRIER
STX,12,49,-4.69,-9.82,9,25.56,20.56,6,125.17,107.33,DELAY_LATE_AIRCRAFT|DELAY_NAS|DELAY_CARRIER
SUN,1,98,-6.26,-10.7,6,26.83,38.0,16,219.19,224.94,DELAY_LATE_AIRCRAFT|DELAY_WEATHER|DELAY_CARRIER
SUN,2,89,-6.98,-7.13,17,34.18,33.53,9,144.22,136.89,DELAY_CARRIER|DELAY_LATE_AIRCRAFT|DELAY_NAS
SUN,3,100,-5.77,-10.1,9,35.11,25.0,10,227.2,224.5,DELAY_NAS|DELAY_CARRIER|DELAY_LATE_AIRCRAFT
SUN,4,42,-8.07,-11.95,2,38.0,24.0,2,200.5,197.0,DELAY_CARRIER|DELAY_LATE_AIRCRAFT|DELAY_WEATHER
SUN,5,61,-9.66,-10.57,1,44.0,41.0,2,98.5,96.5,DELAY_CARRIER|DELAY_NAS
SUN,6,72,-9.0,-12.67,1,18.0,54.0,2,114.5,95.5,DELAY_CARRIER|DELAY_NAS
SUN,7,89,-5.91,-15.24,8,37.5,35.5,7,154.71,150.14,DELAY_CARRIER|DELAY_NAS|DELAY_LATE_AIRCRAFT
SUN,8,82,-8.12,-10.7,9,40.56,32.0,14,219.07,215.57,DELAY_CARRIER|DELAY_NAS|DELAY_WEATHER
SUN,9,73,-8.99,-12.05,1,47.0,65.0,4,271.25,274.0,DELAY_CARRIER|DELAY_NAS
SUN,10,45,-8.0,-15.89,2,36.0,21.0,1,102.0,118.0,DELAY_LATE_AIRCRAFT|DELAY_NAS
SUN,11,40,-8.23,-11.48,0,,,0,,,DELAY_CARRIER
SUN,12,87,-7.43,-12.08,8,31.25,47.5,4,111.25,125.0,DELAY_CARRIER|DELAY_NAS|DELAY_WEATHER
SUX,1,18,-3.61,-24.83,3,31.67,31.0,4,120.0,107.5,CANC_WEATHER|DELAY_CARRIER|DELAY_LATE_AIRCRAFT
SUX,2,23,-4.78,-21.83,2,40.0,28.0,1,540.0,506.0,DELAY_CARRIER|DELAY_LATE_AIRCRAFT
SUX,3,29,-4.41,-13.31,2,31.5,8.5,3,223.33,200.67,DELAY_CARRIER|DELAY_LATE_AIRCRAFT|DELAY_NAS
SUX,4,26,-6.12,-13.46,1,15.0,-6.0,2,71.5,64.5,DELAY_CARRIER|DELAY_LATE_AIRCRAFT|DELAY_NAS
SUX,5,23,-4.43,-9.65,5,23.6,18.6,8,312.13,306.25,DELAY_CARRIER|DELAY_LATE_AIRCRAFT|CANC_WEATHER
SUX,6,30,-3.17,-8.07,2,41.0,31.0,1,364.0,352.0,DELAY_CARRIER|DELAY_NAS|DELAY_WEATHER
SUX,7,21,-4.48,-1.71,1,31.0,18.0,3,517.33,503.67,DELAY_CARRIER|DELAY_NAS|DELAY_LATE_AIRCRAFT
SUX,8,23,-6.65,-6.52,3,31.0,37.33,2,259.0,249.5,DELAY_CARRIER|DELAY_NAS
SUX,9,27,-6.67,-0.22,3,23.33,20.0,3,292.0,290.0,DELAY_CARRIER|DELAY_LATE_AIRCRAFT|DELAY_NAS
SUX,10,21,-6.81,-0.76,1,29.0,23.0,1,82.0,62.0,DELAY_CARRIER|DELAY_LATE_AIRCRAFT|DELAY_NAS
SUX,11,25,-6.24,-0.2,0,,,3,93.0,104.67,DELAY_CARRIER|DELAY_NAS|CANC_WEATHER
SUX,12,30,-6.43,-4.27,3,35.33,23.67,3,265.33,254.0,DELAY_CARRIER|DELAY_WEATHER|CANC_WEATHER
SWF,1,10,-13.6,-13.6,2,36.0,18.0,3,465.0,493.0,DELAY_NAS|DELAY_CARRIER|DELAY_LATE_AIRCRAFT
SWF,2,16,-8.13,-24.25,1,31.0,32.0,2,136.5,119.5,DELAY_LATE_AIRCRAFT|DELAY_CARRIER
SWF,3,12,-5.75,-16.92,5,36.8,36.2,1,64.0,79.0,DELAY_NAS|DELAY_LATE_AIRCRAFT|DELAY_CARRIER
SWF,4,13,-2.15,-20.77,3,20.33,7.0,0,,,DELAY_LATE_AIRCRAFT
SWF,5,13,-6.38,-12.15,3,33.0,35.0,2,107.0,110.5,DELAY_LATE_AIRCRAFT|DELAY_CARRIER|DELAY_NAS
SWF,6,8,-5.13,-16.63,3,28.0,41.67,2,71.5,78.0,DELAY_CARRIER|DELAY_WEATHER|DELAY_LATE_AIRCRAFT
SWF,7,14,-7.79,-6.64,3,26.0,15.67,4,128.0,131.75,DELAY_LATE_AIRCRAFT|DELAY_NAS|CANC_CARRIER
SWF,8,12,-1.5,-10.0,2,20.0,8.5,5,123.2,125.2,DELAY_LATE_AIRCRAFT|CANC_CARRIER|DELAY_NAS
SWF,9,7,-5.71,-11.71,0,,,2,224.5,218.0,DELAY_CARRIER
SWF,10,14,-7.14,-21.29,3,21.0,14.67,0,,,DELAY_CARRIER|CANC_WEATHER
SWF,11,14,-9.14,-25.21,2,27.5,28.0,1,103.0,88.0,DELAY_CARRIER|DELAY_NAS
SWF,12,23,-5.0,-17.52,1,54.0,42.0,2,88.5,66.5,DELAY_LATE_AIRCRAFT
SWO,1,23,-6.43,-14.78,1,25.0,24.0,2,162.0,169.5,CANC_WEATHER|DELAY_WEATHER|DELAY_CARRIER
SWO,2,27,-7.04,-18.04,0,,,0,,,DELAY_CARRIER
SWO,3,33,-6.0,-10.48,0,,,0,,,N/D
SWO,4,26,-3.62,-7.04,1,43.0,31.0,4,163.75,155.25,DELAY_LATE_AIRCRAFT|CANC_NAS|DELAY_CARRIER
SWO,5,19,-8.16,-14.58,1,50.0,31.0,5,380.8,385.0,DELAY_WEATHER|CANC_WEATHER|DELAY_CARRIER
SWO,6,18,-6.44,-14.72,1,32.0,64.0,4,185.5,201.25,DELAY_NAS|DELAY_WEATHER|DELAY_CARRIER
SWO,7,23,-7.48,-9.22,1,57.0,47.0,3,138.67,136.33,DELAY_CARRIER|DELAY_NAS
SWO,8,26,-8.92,-14.12,2,29.5,23.5,0,,,DELAY_CARRIER|DELAY_NAS|DELAY_WEATHER
SWO,9,28,-7.39,-5.89,3,19.67,20.33,2,100.0,99.5,DELAY_CARRIER|DELAY_NAS|DELAY_WEATHER
SWO,10,24,-9.63,-14.25,3,35.33,27.0,3,136.67,130.33,DELAY_CARRIER
SWO,11,19,-8.05,-10.05,5,23.0,17.6,3,217.67,223.67,DELAY_CARRIER|DELAY_NAS|DELAY_WEATHER
SWO,12,25,-5.52,-15.0,2,47.0,35.0,2,366.5,356.5,DELAY_CARRIER|CANC_WEATHER
SYR,1,443,-5.54,-15.23,59,32.83,26.86,36,161.14,166.11,DELAY_NAS|DELAY_LATE_AIRCRAFT|DELAY_CARRIER
SYR,2,463,-5.47,-20.78,53,30.6,20.36,28,190.46,189.54,DELAY_LATE_AIRCRAFT|DELAY_NAS|DELAY_CARRIER
SYR,3,492,-5.0,-16.22,57,32.18,26.67,42,162.19,163.12,DELAY_LATE_AIRCRAFT|DELAY_NAS|DELAY_CARRIER
SYR,4,470,-5.39,-11.72,44,28.02,19.32,25,143.2,135.36,DELAY_LATE_AIRCRAFT|DELAY_NAS|DELAY_CARRIER
SYR,5,465,-4.11,-10.03,58,32.33,30.29,40,188.95,190.4,DELAY_LATE_AIRCRAFT|DELAY_CARRIER|DELAY_NAS
SYR,6,481,-4.6,-10.55,60,32.5,26.43,35,116.77,113.31,DELAY_LATE_AIRCRAFT|DELAY_NAS|DELAY_CARRIER
SYR,7,453,-3.49,-8.54,69,29.41,26.78,80,151.79,154.13,DELAY_LATE_AIRCRAFT|DELAY_CARRIER|DELAY_NAS
SYR,8,430,-3.88,-8.69,69,31.25,30.26,36,168.92,173.06,DELAY_LATE_AIRCRAFT|DELAY_NAS|DELAY_CARRIER
SYR,9,444,-5.53,-10.07,40,29.25,24.33,24,127.38,123.96,DELAY_NAS|DELAY_CARRIER|DELAY_LATE_AIRCRAFT
SYR,10,467,-4.73,-12.28,35,34.69,23.11,16,169.81,166.38,DELAY_CARRIER|DELAY_NAS|DELAY_LATE_AIRCRAFT
SYR,11,424,-4.48,-13.06,49,27.22,19.49,14,212.07,204.07,DELAY_CARRIER|DELAY_NAS|DELAY_LATE_AIRCRAFT
SYR,12,413,-3.41,-6.57,69,28.26,27.71,38,138.16,135.87,DELAY_NAS|DELAY_CARRIER|DELAY_LATE_AIRCRAFT
TLH,1,191,-3.61,-5.75,35,32.34,31.2,12,112.5,111.0,DELAY_LATE_AIRCRAFT|DELAY_NAS|DELAY_CARRIER
TLH,2,199,-4.78,-9.47,12,31.58,31.25,15,154.67,147.2,DELAY_LATE_AIRCRAFT|DELAY_CARRIER|DELAY_NAS
TLH,3,218,-4.06,-8.88,40,31.7,30.88,16,124.0,125.44,DELAY_LATE_AIRCRAFT|DELAY_CARRIER|DELAY_NAS
TLH,4,221,-5.36,-10.02,24,34.0,37.0,9,100.56,94.78,DELAY_LATE_AIRCRAFT|DELAY_NAS|DELAY_CARRIER
TLH,5,191,-3.6,-6.18,30,30.33,30.27,34,147.94,156.59,DELAY_LATE_AIRCRAFT|DELAY_NAS|DELAY_CARRIER
TLH,6,203,-3.73,-8.06,33,32.33,30.18,16,192.06,186.88,DELAY_LATE_AIRCRAFT|DELAY_CARRIER|DELAY_NAS
TLH,7,163,-3.1,-5.29,31,36.42,37.19,20,256.2,263.4,DELAY_LATE_AIRCRAFT|DELAY_CARRIER|DELAY_NAS
TLH,8,222,-5.38,-8.68,27,33.7,33.37,21,121.1,120.1,DELAY_LATE_AIRCRAFT|DELAY_CARRIER|DELAY_NAS
TLH,9,233,-5.58,-8.65,16,28.0,26.56,13,129.77,122.0,DELAY_LATE_AIRCRAFT|CANC_WEATHER|DELAY_NAS
TLH,10,228,-6.36,-12.13,16,33.81,32.88,14,110.0,103.5,DELAY_CARRIER|DELAY_LATE_AIRCRAFT|DELAY_NAS
TLH,11,210,-4.36,-7.94,15,32.2,27.73,4,150.75,146.25,DELAY_NAS|DELAY_LATE_AIRCRAFT|DELAY_CARRIER
TLH,12,169,-4.14,-6.76,17,28.53,28.0,23,240.83,243.39,DELAY_CARRIER|DELAY_NAS|DELAY_LATE_AIRCRAFT
TOL,1,7,-6.0,-17.57,6,27.0,24.67,1,120.0,121.0,DELAY_LATE_AIRCRAFT|DELAY_CARRIER|DELAY_NAS
TOL,2,9,-1.0,-20.56,3,30.67,28.67,1,161.0,154.0,DELAY_LATE_AIRCRAFT|DELAY_NAS
TOL,3,22,-9.68,-20.5,4,32.0,14.5,5,327.2,333.8,DELAY_LATE_AIRCRAFT|DELAY_NAS
TOL,4,14,-6.57,-16.36,2,44.5,45.5,2,212.5,216.0,DELAY_CARRIER|DELAY_LATE_AIRCRAFT|DELAY_WEATHER
TOL,5,10,-6.6,-8.3,3,39.67,33.67,1,196.0,215.0,DELAY_LATE_AIRCRAFT|DELAY_CARRIER|DELAY_NAS
TOL,6,12,-7.67,-9.58,0,,,2,117.0,116.0,DELAY_LATE_AIRCRAFT|DELAY_WEATHER
TOL,7,7,-2.43,-9.0,3,24.0,20.33,1,253.0,246.0,DELAY_CARRIER|DELAY_LATE_AIRCRAFT
TOL,8,3,-11.0,-16.67,1,38.0,33.0,0,,,DELAY_WEATHER
TOL,9,4,3.0,-5.25,0,,,1,75.0,67.0,DELAY_CARRIER
TOL,10,8,-4.88,-6.75,0,,,0,,,CANC_WEATHER|CANC_CARRIER
TOL,11,12,-3.58,-5.83,4,23.75,18.75,0,,,DELAY_CARRIER
TOL,12,14,-6.64,-15.86,4,26.75,37.0,1,98.0,117.0,DELAY_CARRIER|DELAY_NAS|DELAY_LATE_AIRCRAFT
TPA,1,2545,-2.46,-9.65,462,31.66,24.33,228,144.75,139.37,DELAY_LATE_AIRCRAFT|DELAY_NAS|DELAY_CARRIER
TPA,2,2765,-3.27,-6.77,294,30.14,23.85,116,156.53,153.92,DELAY_LATE_AIRCRAFT|DELAY_NAS|DELAY_CARRIER
TPA,3,2909,-2.31,-4.86,611,31.64,30.77,453,155.48,155.77,DELAY_LATE_AIRCRAFT|DELAY_NAS|DELAY_CARRIER
TPA,4,2900,-2.49,-6.39,388,30.6,26.55,231,150.97,146.9,DELAY_LATE_AIRCRAFT|DELAY_NAS|DELAY_CARRIER
TPA,5,2491,-1.44,-3.7,490,30.75,30.4,389,163.98,170.12,DELAY_LATE_AIRCRAFT|DELAY_NAS|DELAY_CARRIER
TPA,6,2181,-1.53,-6.71,490,31.57,27.02,298,145.44,140.71,DELAY_LATE_AIRCRAFT|DELAY_CARRIER|DELAY_NAS
TPA,7,2087,-1.85,-5.55,586,32.8,31.52,422,162.8,160.23,DELAY_LATE_AIRCRAFT|DELAY_NAS|DELAY_CARRIER
TPA,8,2058,-2.42,-8.37,407,31.39,29.25,302,147.82,146.51,DELAY_LATE_AIRCRAFT|DELAY_NAS|DELAY_CARRIER
TPA,9,2142,-3.07,-7.81,246,29.81,26.09,149,134.89,129.43,DELAY_LATE_AIRCRAFT|DELAY_NAS|CANC_WEATHER
TPA,10,2324,-4.06,-11.06,241,28.67,22.07,128,137.8,132.34,CANC_WEATHER|DELAY_LATE_AIRCRAFT|DELAY_CARRIER
TPA,11,2746,-3.6,-9.74,298,30.29,25.99,123,152.8,147.81,DELAY_LATE_AIRCRAFT|DELAY_NAS|DELAY_CARRIER
TPA,12,2592,-2.44,-9.26,506,31.28,24.5,249,131.6,128.98,DELAY_LATE_AIRCRAFT|DELAY_CARRIER|DELAY_NAS
TRI,1,81,-5.52,-11.77,10,38.9,42.2,8,152.25,151.5,DELAY_LATE_AIRCRAFT|DELAY_CARRIER|DELAY_NAS
TRI,2,70,-5.7,-15.57,5,29.6,20.0,2,220.5,209.0,DELAY_LATE_AIRCRAFT|DELAY_CARRIER|DELAY_NAS
TRI,3,73,-5.48,-18.52,6,32.17,16.67,4,111.5,107.25,DELAY_LATE_AIRCRAFT|DELAY_WEATHER
TRI,4,75,-5.77,-13.15,1,16.0,5.0,3,89.33,89.0,DELAY_NAS|CANC_NAS|DELAY_CARRIER
TRI,5,65,-4.15,-12.09,8,37.13,36.5,7,115.71,108.86,DELAY_LATE_AIRCRAFT|DELAY_CARRIER|CANC_WEATHER
TRI,6,78,-5.96,-13.72,4,48.5,42.5,10,108.8,98.4,DELAY_LATE_AIRCRAFT|DELAY_CARRIER|DELAY_NAS
TRI,7,80,-3.74,-8.69,9,36.78,30.89,11,126.55,138.64,DELAY_LATE_AIRCRAFT|CANC_CARRIER|DELAY_NAS
TRI,8,85,-5.16,-13.56,6,41.5,30.67,3,169.67,155.67,DELAY_LATE_AIRCRAFT|DELAY_NAS|DELAY_CARRIER
TRI,9,70,-6.47,-12.91,9,31.22,25.22,2,132.0,108.5,DELAY_LATE_AIRCRAFT|DELAY_CARRIER|DELAY_NAS
TRI,10,116,-5.18,-12.37,8,30.0,17.0,6,204.67,197.83,DELAY_CARRIER|DELAY_LATE_AIRCRAFT|DELAY_NAS
TRI,11,86,-7.17,-18.69,6,40.67,44.83,4,541.25,535.25,DELAY_LATE_AIRCRAFT|DELAY_CARRIER|DELAY_NAS
TRI,12,64,-3.16,-9.94,14,32.36,26.71,12,216.17,217.83,DELAY_LATE_AIRCRAFT|DELAY_CARRIER|DELAY_NAS
TTN,1,83,-7.78,-10.86,20,35.45,29.9,7,170.86,171.14,DELAY_LATE_AIRCRAFT|DELAY_CARRIER|DELAY_NAS
TTN,2,70,-5.6,-14.11,20,32.4,20.2,8,143.63,147.25,DELAY_LATE_AIRCRAFT|DELAY_CARRIER|DELAY_NAS
TTN,3,59,-5.15,-13.05,23,33.13,15.96,26,149.85,144.15,DELAY_LATE_AIRCRAFT|DELAY_NAS|DELAY_CARRIER
TTN,4,64,-7.31,-18.97,16,28.56,14.5,15,147.07,145.6,DELAY_LATE_AIRCRAFT|DELAY_NAS|DELAY_CARRIER
TTN,5,58,-9.14,-17.66,15,30.27,17.0,12,130.33,118.33,DELAY_LATE_AIRCRAFT|DELAY_CARRIER|DELAY_NAS
TTN,6,50,-9.36,-18.7,6,38.83,28.83,7,100.14,101.57,DELAY_LATE_AIRCRAFT|DELAY_NAS|CANC_CARRIER
TTN,7,48,-9.71,-12.02,8,41.5,55.25,9,121.56,111.56,DELAY_LATE_AIRCRAFT|DELAY_NAS|DELAY_CARRIER
TTN,8,46,-7.74,-14.33,5,32.2,22.0,9,141.33,129.22,DELAY_LATE_AIRCRAFT|DELAY_NAS|DELAY_CARRIER
TTN,9,27,-10.07,-17.78,1,50.0,20.0,1,88.0,84.0,DELAY_LATE_AIRCRAFT|CANC_CARRIER|CANC_WEATHER
TTN,10,22,-10.14,-18.55,4,36.0,28.75,1,93.0,74.0,DELAY_CARRIER|CANC_WEATHER|DELAY_LATE_AIRCRAFT
TTN,11,39,-9.41,-23.36,2,22.5,-7.0,3,156.0,136.0,DELAY_LATE_AIRCRAFT
TTN,12,44,-6.98,-14.14,5,38.4,29.8,3,112.33,103.0,CANC_WEATHER|DELAY_LATE_AIRCRAFT|DELAY_CARRIER
TUL,1,496,-3.73,-5.27,66,32.12,35.23,48,196.31,195.46,DELAY_NAS|DELAY_LATE_AIRCRAFT|DELAY_CARRIER
TUL,2,557,-5.35,-9.28,39,27.72,22.69,20,137.0,129.1,DELAY_NAS|DELAY_LATE_AIRCRAFT|DELAY_CARRIER
TUL,3,545,-4.6,-9.93,57,32.75,26.19,31,141.71,138.39,DELAY_LATE_AIRCRAFT|DELAY_NAS|DELAY_CARRIER
TUL,4,563,-4.34,-8.07,51,29.75,27.92,27,124.96,124.0,DELAY_LATE_AIRCRAFT|DELAY_NAS|DELAY_CARRIER
TUL,5,610,-2.34,-7.09,97,32.08,27.84,70,184.04,192.14,DELAY_LATE_AIRCRAFT|DELAY_NAS|DELAY_CARRIER
TUL,6,626,-3.26,-9.32,101,29.57,24.82,74,135.36,131.5,DELAY_LATE_AIRCRAFT|DELAY_CARRIER|DELAY_NAS
TUL,7,620,-4.05,-9.25,90,32.32,30.01,64,125.92,123.72,DELAY_LATE_AIRCRAFT|DELAY_CARRIER|DELAY_NAS
TUL,8,685,-5.18,-10.63,68,35.56,33.65,40,175.38,168.45,DELAY_LATE_AIRCRAFT|DELAY_NAS|DELAY_CARRIER
TUL,9,640,-5.45,-10.98,53,34.0,29.11,20,223.25,214.05,DELAY_LATE_AIRCRAFT|DELAY_CARRIER|DELAY_NAS
TUL,10,742,-5.43,-10.79,35,32.74,24.54,19,123.16,114.32,DELAY_CARRIER|DELAY_NAS|DELAY_LATE_AIRCRAFT
TUL,11,599,-5.22,-10.73,54,30.13,23.54,34,127.09,121.71,DELAY_LATE_AIRCRAFT|DELAY_CARRIER|DELAY_NAS
TUL,12,603,-4.1,-9.96,76,32.82,27.88,57,252.88,250.16,DELAY_LATE_AIRCRAFT|DELAY_CARRIER|DELAY_NAS
TUS,1,654,-3.94,-7.76,79,32.58,28.38,46,156.09,150.35,DELAY_LATE_AIRCRAFT|DELAY_CARRIER|DELAY_NAS
TUS,2,629,-3.41,-7.57,81,30.27,26.63,30,163.43,157.37,DELAY_CARRIER|DELAY_LATE_AIRCRAFT|DELAY_NAS
TUS,3,746,-3.43,-8.23,107,32.5,28.79,30,152.87,148.53,DELAY_LATE_AIRCRAFT|DELAY_NAS|DELAY_CARRIER
TUS,4,700,-3.12,-7.45,93,31.16,26.67,35,165.83,164.03,DELAY_LATE_AIRCRAFT|DELAY_NAS|DELAY_CARRIER
TUS,5,625,-2.9,-4.82,106,30.74,28.24,78,141.4,141.73,DELAY_LATE_AIRCRAFT|DELAY_NAS|DELAY_CARRIER
TUS,6,522,-3.38,-6.46,80,32.83,29.44,47,133.83,132.17,DELAY_LATE_AIRCRAFT|DELAY_CARRIER|DELAY_NAS
TUS,7,530,-4.15,-5.94,97,33.66,34.2,49,160.88,159.63,DELAY_LATE_AIRCRAFT|DELAY_CARRIER|DELAY_NAS
TUS,8,599,-4.55,-6.79,66,30.36,28.97,39,174.97,175.79,DELAY_CARRIER|DELAY_LATE_AIRCRAFT|DELAY_NAS
TUS,9,687,-5.18,-10.16,50,29.78,26.04,27,158.15,152.93,DELAY_LATE_AIRCRAFT|DELAY_CARRIER|DELAY_NAS
TUS,10,745,-4.59,-7.87,51,31.29,26.98,36,158.03,157.64,DELAY_LATE_AIRCRAFT|DELAY_CARRIER|DELAY_NAS
TUS,11,757,-4.53,-9.01,65,33.52,28.4,35,134.97,131.0,DELAY_CARRIER|DELAY_LATE_AIRCRAFT|DELAY_NAS
TUS,12,786,-4.67,-8.83,72,30.97,25.68,61,202.39,201.75,DELAY_CARRIER|DELAY_LATE_AIRCRAFT|DELAY_NAS
TVC,1,75,-1.96,-8.72,16,31.31,23.94,14,231.0,227.36,CANC_WEATHER|DELAY_NAS|DELAY_CARRIER
TVC,2,94,-2.31,-17.07,8,36.75,30.88,7,122.57,117.57,DELAY_LATE_AIRCRAFT|DELAY_NAS|DELAY_WEATHER
TVC,3,97,-3.13,-13.87,7,32.14,25.57,12,114.08,104.58,DELAY_NAS|DELAY_LATE_AIRCRAFT|DELAY_CARRIER
TVC,4,100,-3.31,-8.18,11,29.45,23.82,6,144.0,135.0,DELAY_NAS|DELAY_LATE_AIRCRAFT|DELAY_CARRIER
TVC,5,110,-3.96,-8.63,15,28.6,34.73,8,126.75,123.88,DELAY_CARRIER|DELAY_NAS|DELAY_LATE_AIRCRAFT
TVC,6,200,-4.39,-8.28,31,31.23,26.32,27,230.56,233.37,DELAY_CARRIER|DELAY_LATE_AIRCRAFT|DELAY_NAS
TVC,7,226,-1.92,-1.28,34,33.85,32.71,29,134.17,135.66,DELAY_CARRIER|DELAY_LATE_AIRCRAFT|DELAY_NAS
TVC,8,230,-2.33,-3.19,46,29.76,27.98,33,143.79,143.36,DELAY_CARRIER|DELAY_LATE_AIRCRAFT|DELAY_NAS
TVC,9,164,-3.35,-5.1,19,31.11,23.95,8,110.13,100.0,DELAY_CARRIER|DELAY_NAS|DELAY_LATE_AIRCRAFT
TVC,10,131,-3.89,-10.47,11,27.82,22.09,6,270.0,265.0,DELAY_CARRIER|DELAY_LATE_AIRCRAFT|DELAY_NAS
TVC,11,78,-5.63,-13.5,6,29.0,20.33,4,124.5,118.5,DELAY_CARRIER|DELAY_NAS|DELAY_LATE_AIRCRAFT
TVC,12,111,-3.36,-4.49,22,31.18,41.18,12,236.75,247.5,DELAY_NAS|DELAY_CARRIER|DELAY_LATE_AIRCRAFT
TWF,1,24,-6.71,-7.88,1,15.0,7.0,2,135.5,153.5,DELAY_WEATHER|CANC_WEATHER|DELAY_NAS
TWF,2,23,-5.91,-7.35,1,25.0,26.0,2,83.5,86.0,DELAY_CARRIER|DELAY_NAS
TWF,3,26,-7.27,-6.23,1,58.0,38.0,0,,,DELAY_CARRIER
TWF,4,34,-5.5,-13.62,1,19.0,15.0,2,105.0,96.0,DELAY_CARRIER
TWF,5,27,-5.93,-13.11,0,,,2,102.0,97.0,DELAY_CARRIER
TWF,6,29,-7.62,-15.59,0,,,2,86.0,76.5,DELAY_CARRIER
TWF,7,28,-6.07,-12.89,1,40.0,40.0,2,154.0,151.5,DELAY_CARRIER
TWF,8,30,-8.17,-13.37,1,27.0,24.0,1,88.0,87.0,DELAY_CARRIER|DELAY_WEATHER
TWF,9,27,-5.7,-12.07,0,,,0,,,N/D
TWF,10,24,-6.13,-9.88,0,,,0,,,DELAY_CARRIER
TWF,11,24,-3.92,-4.88,0,,,0,,,DELAY_CARRIER
TWF,12,30,-5.83,-16.37,2,35.5,20.5,1,65.0,50.0,DELAY_WEATHER|DELAY_CARRIER
TXK,1,30,-6.5,-1.17,1,23.0,18.0,3,109.0,105.33,DELAY_CARRIER|CANC_WEATHER|DELAY_WEATHER
TXK,2,29,-4.03,-4.52,4,28.0,26.5,0,,,DELAY_NAS|DELAY_CARRIER|DELAY_WEATHER
TXK,3,27,-3.56,-5.22,2,22.0,25.0,2,112.0,114.0,DELAY_LATE_AIRCRAFT|DELAY_NAS|DELAY_WEATHER
TXK,4,15,-2.53,-1.13,5,27.2,46.2,4,128.75,133.25,DELAY_LATE_AIRCRAFT|DELAY_NAS|DELAY_CARRIER
TXK,5,23,-3.96,-5.09,2,20.5,73.5,4,202.75,219.25,DELAY_NAS|DELAY_WEATHER|DELAY_CARRIER
TXK,6,28,-4.0,-5.25,5,36.2,27.0,4,307.0,302.0,DELAY_LATE_AIRCRAFT|DELAY_WEATHER|DELAY_CARRIER
TXK,7,21,-3.48,-1.81,4,32.25,26.25,2,98.0,88.5,DELAY_CARRIER|DELAY_LATE_AIRCRAFT|DELAY_NAS
TXK,8,25,-5.92,-6.16,1,18.0,33.0,4,309.25,304.25,DELAY_CARRIER|DELAY_LATE_AIRCRAFT|DELAY_WEATHER
TXK,9,24,-6.13,-10.79,3,22.0,21.33,1,85.0,82.0,DELAY_LATE_AIRCRAFT|DELAY_NAS
TXK,10,27,-6.63,-9.59,4,37.5,29.5,3,142.33,143.33,DELAY_CARRIER|DELAY_LATE_AIRCRAFT|DELAY_WEATHER
TXK,11,23,-6.91,-15.35,6,35.0,29.33,1,315.0,299.0,DELAY_CARRIER|CANC_WEATHER|DELAY_LATE_AIRCRAFT
TXK,12,29,-5.9,-13.28,0,,,6,246.33,238.17,DELAY_CARRIER|DELAY_WEATHER|CANC_WEATHER
TYR,1,37,-3.78,-1.73,4,37.5,37.25,9,245.89,254.56,DELAY_CARRIER|CANC_WEATHER|DELAY_WEATHER
TYR,2,37,-6.95,-16.54,2,45.0,32.5,7,225.0,219.0,DELAY_CARRIER|DELAY_LATE_AIRCRAFT|DELAY_WEATHER
TYR,3,43,-6.74,-16.26,2,29.0,21.0,5,134.8,126.4,DELAY_CARRIER|DELAY_WEATHER|DELAY_LATE_AIRCRAFT
TYR,4,40,-4.93,-2.5,1,26.0,22.0,2,160.0,164.5,DELAY_WEATHER|DELAY_NAS
TYR,5,35,-6.23,-10.4,3,41.33,37.0,4,273.0,276.75,DELAY_CARRIER|DELAY_NAS|CANC_WEATHER
TYR,6,31,-6.13,-14.9,3,26.67,15.0,5,209.2,205.0,DELAY_CARRIER|DELAY_WEATHER|CANC_WEATHER
TYR,7,34,-2.82,-10.26,10,33.9,26.0,2,188.0,182.5,DELAY_LATE_AIRCRAFT|DELAY_CARRIER|CANC_WEATHER
TYR,8,45,-6.36,-13.64,2,35.0,36.0,4,265.25,259.5,DELAY_CARRIER|DELAY_LATE_AIRCRAFT
TYR,9,53,-2.51,-6.26,5,22.4,13.4,1,67.0,66.0,DELAY_NAS|DELAY_LATE_AIRCRAFT|DELAY_CARRIER
TYR,10,33,-6.91,-12.91,6,34.83,24.5,3,161.0,147.0,DELAY_CARRIER|DELAY_LATE_AIRCRAFT
TYR,11,38,-5.0,-10.79,6,35.0,31.83,4,166.5,154.5,DELAY_CARRIER|CANC_WEATHER|DELAY_LATE_AIRCRAFT
TYR,12,31,-4.68,-4.19,5,35.6,28.6,4,148.0,142.5,DELAY_CARRIER|DELAY_NAS|CANC_WEATHER
TYS,1,412,-5.86,-10.3,56,31.71,29.54,47,210.47,211.0,DELAY_LATE_AIRCRAFT|DELAY_NAS|CANC_WEATHER
TYS,2,491,-6.38,-13.14,37,32.0,19.92,14,123.86,114.93,DELAY_LATE_AIRCRAFT|DELAY_NAS|DELAY_CARRIER
TYS,3,481,-6.13,-13.17,64,33.58,29.05,42,174.19,171.43,DELAY_LATE_AIRCRAFT|DELAY_NAS|DELAY_CARRIER
TYS,4,554,-5.82,-10.97,63,32.84,32.02,30,163.6,154.57,DELAY_LATE_AIRCRAFT|DELAY_NAS|DELAY_CARRIER
TYS,5,499,-4.61,-9.13,89,32.54,30.64,63,169.57,167.76,DELAY_LATE_AIRCRAFT|DELAY_CARRIER|DELAY_NAS
TYS,6,587,-5.01,-10.82,67,30.42,23.75,51,164.78,158.22,DELAY_LATE_AIRCRAFT|DELAY_CARRIER|DELAY_NAS
TYS,7,564,-5.19,-11.01,81,32.83,28.65,84,157.5,155.6,DELAY_LATE_AIRCRAFT|DELAY_CARRIER|DELAY_NAS
TYS,8,610,-6.0,-10.06,66,30.79,31.59,63,172.05,167.22,DELAY_LATE_AIRCRAFT|DELAY_CARRIER|DELAY_NAS
TYS,9,587,-6.24,-12.3,78,32.17,25.71,36,209.92,206.64,DELAY_LATE_AIRCRAFT|DELAY_CARRIER|DELAY_NAS
TYS,10,772,-6.13,-11.92,84,28.63,22.67,24,148.83,144.67,DELAY_LATE_AIRCRAFT|DELAY_NAS|DELAY_CARRIER
TYS,11,629,-6.32,-13.38,47,30.13,24.43,29,146.03,143.83,DELAY_LATE_AIRCRAFT|DELAY_NAS|DELAY_CARRIER
TYS,12,559,-4.64,-11.89,101,31.71,24.52,36,194.64,191.28,DELAY_LATE_AIRCRAFT|DELAY_NAS|DELAY_CARRIER
USA,1,20,-5.7,-10.85,6,38.5,35.5,2,77.5,103.5,DELAY_LATE_AIRCRAFT|DELAY_NAS
USA,2,20,-6.5,-13.3,4,39.25,28.25,2,65.5,67.0,DELAY_LATE_AIRCRAFT|DELAY_CARRIER|CANC_CARRIER
USA,3,21,-6.05,-9.14,5,34.2,33.4,8,261.88,260.75,DELAY_LATE_AIRCRAFT|DELAY_NAS|DELAY_CARRIER
USA,4,22,-7.32,-15.91,7,21.14,13.29,2,501.5,509.0,DELAY_LATE_AIRCRAFT|DELAY_CARRIER|CANC_NAS
USA,5,20,-4.4,-7.65,4,31.25,24.0,5,143.0,134.0,DELAY_LATE_AIRCRAFT|DELAY_CARRIER|DELAY_NAS
USA,6,23,-5.52,-6.65,8,28.5,31.88,6,117.0,113.83,DELAY_LATE_AIRCRAFT|DELAY_CARRIER|DELAY_WEATHER
USA,7,13,2.23,4.08,5,32.2,30.4,7,280.86,295.43,DELAY_LATE_AIRCRAFT|DELAY_NAS|DELAY_WEATHER
USA,8,11,-9.27,-13.36,4,22.25,18.75,1,150.0,138.0,DELAY_LATE_AIRCRAFT|CANC_WEATHER|CANC_CARRIER
USA,9,19,-8.11,-8.11,1,31.0,29.0,1,100.0,97.0,DELAY_CARRIER|DELAY_LATE_AIRCRAFT|DELAY_WEATHER
USA,10,16,-8.5,-14.06,2,34.5,31.5,2,127.0,117.0,DELAY_LATE_AIRCRAFT|CANC_WEATHER
USA,11,14,-2.79,-9.0,5,29.0,23.2,0,,,DELAY_LATE_AIRCRAFT|DELAY_CARRIER
USA,12,15,-3.13,-12.27,9,28.0,23.22,9,164.11,162.44,DELAY_LATE_AIRCRAFT|DELAY_CARRIER
VCT,1,19,-7.95,-19.74,2,56.0,58.0,1,176.0,171.0,CANC_WEATHER|DELAY_LATE_AIRCRAFT|DELAY_CARRIER
VCT,2,26,-9.62,-17.73,1,47.0,34.0,2,83.0,84.5,DELAY_CARRIER|DELAY_NAS
VCT,3,24,-6.42,-14.0,2,37.0,38.0,1,110.0,109.0,DELAY_LATE_AIRCRAFT|CANC_WEATHER|DELAY_CARRIER
VCT,4,27,-5.3,-13.59,1,17.0,8.0,0,,,N/D
VCT,5,17,-5.82,-12.35,0,,,2,308.0,315.5,CANC_WEATHER|DELAY_CARRIER|DELAY_LATE_AIRCRAFT
VCT,6,23,-5.7,-11.91,1,44.0,37.0,2,285.0,293.0,DELAY_LATE_AIRCRAFT
VCT,7,15,-4.67,-12.4,1,58.0,61.0,3,169.67,166.33,CANC_WEATHER|DELAY_LATE_AIRCRAFT|DELAY_CARRIER
VCT,8,26,-9.46,-19.12,2,34.0,33.0,3,198.0,197.33,DELAY_LATE_AIRCRAFT
VCT,9,20,-9.1,-15.3,2,20.0,12.5,3,273.33,282.33,DELAY_CARRIER|DELAY_LATE_AIRCRAFT|DELAY_WEATHER
VCT,10,20,-6.9,-10.8,3,42.0,33.33,6,118.0,114.83,DELAY_CARRIER|DELAY_LATE_AIRCRAFT
VCT,11,19,-5.63,-16.05,0,,,5,155.0,148.0,DELAY_CARRIER|DELAY_LATE_AIRCRAFT|DELAY_NAS
VCT,12,28,-4.29,-8.54,2,25.0,20.0,2,210.5,213.0,DELAY_CARRIER|DELAY_LATE_AIRCRAFT
VEL,1,26,-7.77,-15.15,0,,,1,1052.0,1053.0,DELAY_LATE_AIRCRAFT|DELAY_NAS
VLD,1,27,-4.67,-13.33,2,40.5,27.5,2,202.0,196.5,DELAY_LATE_AIRCRAFT|DELAY_CARRIER
VLD,2,30,-4.07,-12.67,2,54.5,56.5,2,90.5,84.0,DELAY_LATE_AIRCRAFT|DELAY_WEATHER
VLD,3,29,-3.34,-7.45,4,20.75,22.0,2,176.0,184.0,DELAY_CARRIER|DELAY_NAS|DELAY_WEATHER
VLD,4,32,-3.81,-5.09,0,,,0,,,DELAY_CARRIER
VLD,5,24,-4.13,-8.63,4,32.0,31.0,2,279.0,280.5,DELAY_LATE_AIRCRAFT|DELAY_CARRIER
VLD,6,32,-4.19,-10.63,2,30.5,31.0,1,66.0,58.0,DELAY_CARRIER|DELAY_LATE_AIRCRAFT|DELAY_NAS
VLD,7,27,-5.26,-8.7,1,37.0,72.0,2,159.5,177.0,DELAY_NAS|CANC_CARRIER|CANC_NAS
VLD,8,21,-5.24,-11.86,2,38.0,24.0,3,150.67,142.67,DELAY_LATE_AIRCRAFT|CANC_CARRIER|CANC_NAS
VLD,9,25,-4.52,-5.68,2,24.0,23.0,1,73.0,68.0,CANC_WEATHER|DELAY_NAS|DELAY_CARRIER
VLD,10,34,-3.56,-4.59,4,38.0,42.25,2,269.0,281.0,DELAY_LATE_AIRCRAFT|DELAY_NAS|DELAY_CARRIER
VLD,11,42,-5.17,-10.12,1,37.0,29.0,0,,,DELAY_NAS|DELAY_CARRIER
VLD,12,26,-1.96,-7.92,5,38.6,37.0,4,112.25,111.5,DELAY_LATE_AIRCRAFT|DELAY_NAS|DELAY_WEATHER
VPS,1,224,-6.05,-11.44,29,32.62,27.45,24,277.21,272.21,DELAY_LATE_AIRCRAFT|DELAY_CARRIER|DELAY_NAS
VPS,2,266,-5.88,-11.03,11,28.0,23.09,8,234.0,227.13,DELAY_NAS|DELAY_LATE_AIRCRAFT|DELAY_CARRIER
VPS,3,302,-5.67,-11.41,41,30.37,23.56,25,234.48,232.36,DELAY_LATE_AIRCRAFT|DELAY_CARRIER|DELAY_NAS
VPS,4,324,-4.91,-10.09,56,31.25,25.79,26,165.73,169.96,DELAY_LATE_AIRCRAFT|DELAY_NAS|DELAY_CARRIER
VPS,5,308,-3.23,-7.06,73,32.75,29.52,59,150.75,150.29,DELAY_LATE_AIRCRAFT|DELAY_CARRIER|DELAY_NAS
VPS,6,461,-4.88,-11.66,72,32.63,31.83,42,113.88,111.38,DELAY_LATE_AIRCRAFT|DELAY_CARRIER|DELAY_NAS
VPS,7,389,-3.9,-8.2,86,32.05,28.42,65,162.02,161.05,DELAY_LATE_AIRCRAFT|DELAY_CARRIER|DELAY_NAS
VPS,8,392,-4.71,-9.69,75,33.2,35.21,34,133.65,127.41,DELAY_LATE_AIRCRAFT|DELAY_CARRIER|DELAY_NAS
VPS,9,321,-4.72,-9.52,44,30.3,28.75,13,88.77,77.69,DELAY_LATE_AIRCRAFT|DELAY_NAS|DELAY_CARRIER
VPS,10,387,-4.85,-8.68,28,28.89,25.86,7,257.86,253.57,DELAY_CARRIER|DELAY_LATE_AIRCRAFT|DELAY_NAS
VPS,11,298,-5.23,-10.42,24,31.04,24.71,11,167.91,168.27,DELAY_LATE_AIRCRAFT|DELAY_NAS|DELAY_CARRIER
VPS,12,224,-3.48,-7.52,37,30.46,34.14,27,250.07,248.89,DELAY_LATE_AIRCRAFT|DELAY_NAS|DELAY_CARRIER
WRG,1,22,-11.23,-11.27,3,31.0,32.33,5,76.2,72.6,DELAY_LATE_AIRCRAFT|DELAY_NAS|CANC_CARRIER
WRG,2,24,-11.79,-14.08,2,23.0,23.0,0,,,DELAY_LATE_AIRCRAFT|CANC_CARRIER|CANC_WEATHER
WRG,3,29,-12.72,-15.48,0,,,0,,,N/D
WRG,4,25,-10.0,-15.12,3,28.0,26.0,0,,,CANC_CARRIER|DELAY_CARRIER|DELAY_LATE_AIRCRAFT
WRG,5,25,-6.84,-10.84,5,37.2,32.4,0,,,DELAY_LATE_AIRCRAFT|DELAY_NAS
WRG,6,27,-6.3,-7.63,3,38.67,37.0,0,,,DELAY_LATE_AIRCRAFT|DELAY_NAS
WRG,7,31,-4.42,-6.0,3,30.0,42.67,1,73.0,66.0,DELAY_LATE_AIRCRAFT|DELAY_NAS
WRG,8,26,-8.23,-10.73,7,27.57,30.0,1,233.0,228.0,DELAY_LATE_AIRCRAFT|DELAY_CARRIER|DELAY_NAS
WRG,9,30,-7.03,-8.73,1,22.0,17.0,1,189.0,191.0,DELAY_LATE_AIRCRAFT|CANC_CARRIER|DELAY_NAS
WRG,10,19,-12.32,-15.0,3,28.67,21.0,1,110.0,105.0,DELAY_LATE_AIRCRAFT|DELAY_CARRIER
WRG,11,23,-11.26,-12.48,3,30.67,37.67,0,,,DELAY_LATE_AIRCRAFT|CANC_CARRIER
WRG,12,29,-9.55,-9.76,2,47.0,50.0,1,204.0,209.0,DELAY_LATE_AIRCRAFT|CANC_WEATHER|DELAY_NAS
WYS,5,15,-7.6,-15.0,3,29.33,16.33,2,150.5,142.0,DELAY_CARRIER|DELAY_WEATHER
WYS,6,23,-7.17,-11.35,0,,,3,179.33,172.0,DELAY_CARRIER|CANC_WEATHER|DELAY_LATE_AIRCRAFT
WYS,7,28,-5.71,-8.75,3,29.67,28.67,2,210.0,193.0,DELAY_CARRIER
WYS,8,38,-9.29,-11.37,2,19.0,17.5,1,405.0,396.0,DELAY_WEATHER
WYS,9,21,-8.67,-14.05,0,,,4,141.75,134.5,DELAY_CARRIER|DELAY_LATE_AIRCRAFT|DELAY_WEATHER
WYS,10,7,-10.57,-17.0,0,,,0,,,N/D
XNA,1,364,-4.49,-5.18,60,32.3,44.92,60,197.68,211.72,DELAY_NAS|DELAY_LATE_AIRCRAFT|DELAY_CARRIER
XNA,2,394,-5.12,-8.59,40,29.45,24.03,15,280.0,270.87,DELAY_NAS|DELAY_LATE_AIRCRAFT|DELAY_CARRIER
XNA,3,437,-5.02,-10.37,44,26.98,24.43,33,149.0,148.27,DELAY_LATE_AIRCRAFT|DELAY_CARRIER|DELAY_NAS
XNA,4,461,-3.65,-7.63,36,30.22,23.94,30,179.23,173.67,DELAY_LATE_AIRCRAFT|DELAY_CARRIER|DELAY_NAS
XNA,5,427,-3.76,-7.63,71,29.63,33.86,45,153.93,162.93,DELAY_LATE_AIRCRAFT|DELAY_NAS|DELAY_CARRIER
XNA,6,461,-4.02,-9.03,73,33.01,32.88,41,165.71,161.93,DELAY_LATE_AIRCRAFT|DELAY_CARRIER|DELAY_NAS
XNA,7,436,-3.0,-6.37,93,31.83,29.32,69,136.71,132.58,DELAY_LATE_AIRCRAFT|DELAY_CARRIER|DELAY_NAS
XNA,8,502,-4.73,-8.75,65,29.57,25.51,30,136.07,136.0,DELAY_NAS|DELAY_LATE_AIRCRAFT|DELAY_CARRIER
XNA,9,540,-4.91,-9.64,43,28.95,24.21,31,188.81,182.19,DELAY_LATE_AIRCRAFT|DELAY_CARRIER|DELAY_NAS
XNA,10,616,-4.61,-8.69,33,30.79,20.48,15,170.67,164.47,DELAY_CARRIER|DELAY_NAS|DELAY_LATE_AIRCRAFT
XNA,11,515,-4.24,-9.22,52,29.71,23.63,26,200.23,206.04,DELAY_CARRIER|DELAY_LATE_AIRCRAFT|DELAY_NAS
XNA,12,538,-3.6,-9.54,88,31.9,26.97,43,153.58,150.02,DELAY_LATE_AIRCRAFT|DELAY_NAS|DELAY_CARRIER
XWA,1,46,-4.54,-14.09,9,31.67,29.67,7,238.14,238.14,DELAY_CARRIER|CANC_WEATHER|DELAY_NAS
XWA,2,55,-5.53,-21.22,7,39.0,36.0,8,238.38,218.25,DELAY_CARRIER|DELAY_WEATHER|CANC_WEATHER
XWA,3,64,-4.14,-15.23,5,34.0,38.4,7,242.14,223.71,DELAY_CARRIER|DELAY_NAS|CANC_WEATHER
XWA,4,75,-6.75,-18.69,3,28.0,8.0,3,104.67,110.0,DELAY_CARRIER|DELAY_LATE_AIRCRAFT|DELAY_NAS
XWA,5,79,-5.97,-12.59,2,26.0,22.0,7,141.29,129.0,DELAY_CARRIER|DELAY_NAS|CANC_WEATHER
XWA,6,69,-4.52,-6.07,11,31.27,40.91,7,238.43,235.86,DELAY_CARRIER|DELAY_NAS|DELAY_LATE_AIRCRAFT
XWA,7,59,-4.78,-7.32,9,25.56,26.89,10,114.0,108.8,DELAY_CARRIER|DELAY_LATE_AIRCRAFT|DELAY_WEATHER
XWA,8,67,-5.82,-8.63,6,28.0,34.83,6,111.33,109.0,DELAY_CARRIER|DELAY_NAS|DELAY_LATE_AIRCRAFT
XWA,9,72,-6.42,-13.94,5,23.2,20.0,1,134.0,156.0,DELAY_CARRIER|DELAY_LATE_AIRCRAFT|DELAY_NAS
XWA,10,87,-7.06,-19.06,4,35.25,18.25,4,351.0,343.25,DELAY_CARRIER|DELAY_LATE_AIRCRAFT|CANC_WEATHER
XWA,11,53,-5.04,-5.6,5,28.8,42.2,12,264.33,266.17,DELAY_CARRIER|CANC_WEATHER|DELAY_WEATHER
XWA,12,73,-2.99,-6.52,8,33.13,29.88,13,332.31,320.62,DELAY_CARRIER|DELAY_LATE_AIRCRAFT|DELAY_NAS
YAK,1,21,-14.62,-13.81,6,44.5,44.33,1,69.0,80.0,DELAY_LATE_AIRCRAFT|CANC_WEATHER|DELAY_NAS
YAK,2,25,-18.08,-16.0,3,30.33,28.67,0,,,DELAY_LATE_AIRCRAFT|DELAY_CARRIER|DELAY_NAS
YAK,3,24,-16.08,-14.17,4,36.0,29.0,3,93.67,89.67,DELAY_LATE_AIRCRAFT|DELAY_NAS|DELAY_WEATHER
YAK,4,28,-14.21,-16.86,1,31.0,19.0,2,170.0,176.5,DELAY_LATE_AIRCRAFT|DELAY_NAS
YAK,5,29,-10.69,-12.03,1,42.0,39.0,1,85.0,92.0,DELAY_LATE_AIRCRAFT|CANC_CARRIER
YAK,6,29,-12.55,-14.48,3,27.67,21.33,0,,,DELAY_LATE_AIRCRAFT|DELAY_SECURITY
YAK,7,25,-3.6,-4.36,6,23.67,26.0,0,,,DELAY_LATE_AIRCRAFT|DELAY_NAS|CANC_CARRIER
YAK,8,19,-9.84,-12.63,12,25.5,21.92,2,111.0,110.0,DELAY_LATE_AIRCRAFT|CANC_CARRIER|DELAY_CARRIER
YAK,9,22,-7.86,-10.59,5,35.6,28.6,1,87.0,78.0,DELAY_LATE_AIRCRAFT|DELAY_SECURITY
YAK,10,30,-15.47,-17.23,2,23.0,27.5,1,88.0,78.0,DELAY_LATE_AIRCRAFT
YAK,11,35,-19.14,-19.03,1,46.0,40.0,1,80.0,77.0,DELAY_LATE_AIRCRAFT|DELAY_NAS
YAK,12,25,-19.92,-20.08,4,45.0,40.25,0,,,DELAY_LATE_AIRCRAFT|DELAY_WEATHER|CANC_WEATHER
YUM,1,52,-6.27,-7.02,5,30.0,33.8,5,192.6,199.4,DELAY_CARRIER|DELAY_NAS|DELAY_LATE_AIRCRAFT
YUM,2,55,-6.31,-9.35,2,19.5,15.0,2,169.0,171.0,DELAY_CARRIER|DELAY_LATE_AIRCRAFT|DELAY_NAS
YUM,3,57,-5.0,-7.3,3,33.33,29.0,5,172.4,174.4,DELAY_CARRIER|DELAY_NAS|DELAY_WEATHER
YUM,4,68,-4.88,-8.06,3,37.33,28.67,4,519.25,513.5,DELAY_CARRIER|DELAY_LATE_AIRCRAFT|DELAY_NAS
YUM,5,57,-3.91,-5.88,8,39.0,36.88,3,241.33,231.0,DELAY_CARRIER|CANC_WEATHER|DELAY_LATE_AIRCRAFT
YUM,6,52,-4.35,-5.21,3,32.67,32.67,4,146.0,135.25,DELAY_CARRIER|DELAY_LATE_AIRCRAFT|DELAY_NAS
YUM,7,50,-4.3,-7.36,5,25.2,18.6,4,208.5,210.75,DELAY_CARRIER|DELAY_LATE_AIRCRAFT|CANC_CARRIER
YUM,8,78,-6.54,-7.17,2,37.5,29.5,2,104.5,106.5,DELAY_LATE_AIRCRAFT|DELAY_NAS|DELAY_CARRIER
YUM,9,82,-6.27,-13.56,1,17.0,-2.0,4,421.25,423.25,DELAY_CARRIER|DELAY_LATE_AIRCRAFT
YUM,10,63,-4.4,-6.95,10,32.7,32.3,3,100.33,101.33,DELAY_LATE_AIRCRAFT|DELAY_CARRIER|DELAY_NAS
YUM,11,80,-6.28,-10.76,5,38.0,35.8,5,348.0,342.4,DELAY_LATE_AIRCRAFT|DELAY_CARRIER|DELAY_WEATHER
YUM,12,65,-6.12,-9.15,7,30.57,25.14,7,141.14,138.0,DELAY_CARRIER|DELAY_LATE_AIRCRAFT|DELAY_NAS
